$MeshFormat
2.2 0 8
$EndMeshFormat
$Nodes
1808
1 -0.01399402040988207 0.0629231333732605 -0.01000844780355692
2 -0.01401150040328503 0.06267181783914566 0.01157177798449993
3 -0.01360877230763435 0.06164068356156349 0.01086798962205648
4 -0.01399699691683054 0.06240686029195786 0.009753411635756493
5 -0.01400824915617704 0.06179461255669594 -0.01137401908636093
6 -0.01400432176887989 0.06081274151802063 0.009962865151464939
7 -0.01395712327212095 0.06419134140014648 0.01136976666748524
8 -0.01392147690057755 0.06127769872546196 -0.009098351001739502
9 -0.01392323989421129 0.04971413314342499 -0.01084188092499971
10 -0.01349997520446777 0.06331228464841843 0.01245913933962584
11 -0.01387830078601837 0.0488952249288559 0.01157757826149464
12 -0.01391297113150358 0.04865173622965813 -0.01149209588766098
13 -0.01389903388917446 0.04807097837328911 0.01033077854663134
14 -0.01395777892321348 0.06303452700376511 -0.01249906048178673
15 -0.01386558078229427 0.0503520555794239 -0.0120081938803196
16 -0.01366606913506985 0.0639650821685791 0.009485332295298576
17 -0.01391416229307652 0.05063921958208084 0.009894669055938721
18 -0.01390215009450912 0.06164219230413437 -0.01251821964979172
19 -0.01376054529100657 0.06292376667261124 -0.008782358840107918
20 -0.01395664550364017 0.06293951719999313 -0.01130574196577072
21 -0.0139586366713047 0.06050177291035652 -0.01101479679346085
22 -0.01382000092417002 0.04730495065450668 -0.01188857015222311
23 -0.01378712803125381 0.06207327917218208 0.01266120281070471
24 -0.0139386672526598 0.04721978306770325 -0.009986712597310543
25 -0.01383702643215656 0.04934526234865189 0.01007538661360741
26 -0.01386981271207333 0.05068984255194664 -0.009903566911816597
27 -0.01380160823464394 0.06414521485567093 -0.01162857376039028
28 -0.01395379286259413 0.04782674834132195 0.00917306262999773
29 -0.01374245528131723 0.04693462327122688 0.01040222402662039
30 -0.01390583254396915 0.04928204044699669 0.008825419470667839
31 -0.01382856257259846 0.06064372882246971 0.01164125185459852
32 -0.01389009226113558 0.0490495078265667 -0.009875164367258549
33 -0.01357342209666967 0.04875284805893898 0.01268382091075182
34 -0.01373861823230982 0.04726384580135345 0.01183160301297903
35 -0.01392245292663574 0.05051667615771294 0.01169061288237572
36 -0.01375205721706152 0.06198940053582191 -0.01006616838276386
37 -0.0138952573761344 0.0490863248705864 -0.008783333003520966
38 -0.01357871107757092 0.04821519553661346 -0.01022834610193968
39 -0.01388940494507551 0.0641217976808548 -0.009748807176947594
40 -0.01347357500344515 0.04964780062437057 0.0107513926923275
41 -0.01390125043690205 0.04872778803110123 -0.01259997393935919
42 -0.01389945764094591 0.06203746423125267 0.008767376653850079
43 -0.0137829901650548 0.06313932687044144 0.01049467083066702
44 -0.01301461458206177 0.04820909723639488 -0.01035015471279621
45 -0.01320706680417061 0.04804613068699837 -0.008906918577849865
46 -0.01309120655059814 0.04821614921092987 0.0111688282340765
47 -0.01315778680145741 0.06236881762742996 0.009868479333817959
48 -0.01289055123925209 0.04694410786032677 -0.01104230247437954
49 -0.0130947157740593 0.06239264830946922 0.01152326911687851
50 -0.01313714496791363 0.06255245953798294 -0.01146709360182285
51 -0.002613275311887264 0.06510594487190247 0.01308139786124229
52 -0.01305274851620197 0.06305325776338577 -0.01040350180119276
53 -0.01300997100770473 0.0618898905813694 0.01065636146813631
54 -0.01308239158242941 0.06309282034635544 0.01084993593394756
55 -0.01306704618036747 0.06229111179709435 -0.009963583201169968
56 -0.001232727547176182 0.05809863656759262 -0.01107430551201105
57 -0.01295982673764229 0.04833646863698959 0.01031767297536135
58 -0.01301196683198214 0.04864488169550896 -0.01135362777858973
59 -0.01303650066256523 0.06174537539482117 -0.01096439454704523
60 -0.01299162488430738 0.04940139502286911 0.01115796808153391
61 -0.01310849189758301 0.04895929992198944 0.009869730100035667
62 -0.01304212957620621 0.04912274330854416 -0.01002572011202574
63 -0.01300468854606152 0.04957119002938271 -0.01085642073303461
64 -0.005081983283162117 0.06737234443426132 -0.007681080140173435
65 -0.01214122027158737 0.06436291337013245 0.01064736023545265
66 -0.0124324569478631 0.06381207704544067 -0.009311011992394924
67 -0.01224797684699297 0.06311184167861938 -0.01255120988935232
68 -0.01211302820593119 0.05061696842312813 -0.009689979255199432
69 -0.01186044700443745 0.04944964125752449 0.01268845610320568
70 -0.01159856840968132 0.04660212621092796 0.01112059876322746
71 -0.01248423382639885 0.04708364233374596 0.009896465577185154
72 -0.01196327526122332 0.04987218230962753 0.00877341628074646
73 -0.01201545260846615 0.0635894313454628 0.009018238633871078
74 -0.01252117101103067 0.04747577756643295 -0.01208317838609219
75 -0.01200648117810488 0.06122472882270813 0.008909091353416443
76 -0.01200494728982449 0.0609431304037571 0.01192113757133484
77 -0.0122465118765831 0.06040877848863602 0.01064975839108229
78 -0.01190789602696896 0.06896775960922241 -0.01450106222182512
79 -0.01203310675919056 0.06824107468128204 -0.006362113170325756
80 -0.01203584671020508 0.06883840262889862 0.00669950945302844
81 -0.01193968299776316 0.06893527507781982 0.01429458055645227
82 -0.01202020980417728 0.06479056924581528 -0.0129636013880372
83 -0.01202074997127056 0.06493799388408661 0.01302264258265495
84 -0.01197222340852022 0.0651400089263916 -0.006500847171992064
85 -0.0117045771330595 0.06487080454826355 0.006499154027551413
86 -0.004728085361421108 0.0671234205365181 -0.0003205834946129471
87 -0.01145973801612854 0.06336484104394913 0.01045040786266327
88 -0.01191360410302877 0.0633942186832428 -0.01006240583956242
89 -0.01167348306626081 0.06332854181528091 -0.01105933729559183
90 -0.01173217408359051 0.0622575506567955 -0.01193273905664682
91 -0.01151655707508326 0.06225088983774185 0.009641403332352638
92 -0.01201295666396618 0.06294044852256775 0.01153387688100338
93 -0.01168277766555548 0.06207059323787689 0.01164131332188845
94 -0.0115019092336297 0.06142063438892365 -0.01089790370315313
95 -0.01147613767534494 0.06140221655368805 0.01067202165722847
96 -0.01200187206268311 0.05982141196727753 -0.008994489908218384
97 -0.01199947576969862 0.05937188491225243 0.01269855163991451
98 -0.01195403374731541 0.04733245074748993 -0.01012676488608122
99 -0.01200133562088013 0.05990736186504364 -0.01254849042743444
100 -0.01195300929248333 0.04720151051878929 -0.01104129943996668
101 -0.01164496596902609 0.0544675886631012 0.008332600817084312
102 -0.01198198460042477 0.0547843798995018 0.00451472494751215
103 -0.0119699202477932 0.05162063613533974 0.00828242115676403
104 -0.01194163225591183 0.05165908485651016 -0.00888532679527998
105 -0.01197169348597527 0.05211856961250305 0.01269944850355387
106 -0.01195998210459948 0.05160218849778175 -0.01269950158894062
107 -0.01137130428105593 0.04987260699272156 0.0109484763815999
108 -0.01194714475423098 0.04958611354231834 -0.01148544903844595
109 -0.0119614340364933 0.04937302321195602 0.009820647537708282
110 -0.01176067348569632 0.04866896942257881 0.01166788581758738
111 -0.01173174474388361 0.04857898876070976 -0.009601699188351631
112 -0.01185582857578993 0.04807655140757561 -0.01145960669964552
113 -0.01174831110984087 0.04780116677284241 0.01103843934834003
114 -0.01195595506578684 0.04780372604727745 0.01205217652022839
115 -0.01195464283227921 0.04757753387093544 -0.008842249400913715
116 -0.01195192337036133 0.04686002433300018 0.0126742385327816
117 -0.01194974686950445 0.04630107060074806 -0.009419305250048637
118 -0.01182321179658175 0.04637153819203377 0.009034495800733566
119 -0.01161600835621357 0.04647434130311012 -0.01250087562948465
120 -0.01194382645189762 0.04473241791129112 -0.003766762791201472
121 -0.01194369979202747 0.04471132904291153 0.004372870083898306
122 -0.01166451349854469 0.04356411099433899 -0.005109376274049282
123 -0.01194152235984802 0.04401246458292007 0.008627444505691528
124 -0.01193983945995569 0.04375076293945312 -0.007633451372385025
125 -0.01182171702384949 0.04228755831718445 -0.01259408704936504
126 -0.01189490407705307 0.04272935912013054 0.01269925944507122
127 -0.01153731346130371 0.06934039294719696 -0.004500847775489092
128 -0.01153731346130371 0.06934039294719696 0.004499151837080717
129 -0.009768351912498474 0.05447085201740265 -0.003063151845708489
130 -0.001991804921999574 0.06599034368991852 -0.007509004324674606
131 -0.007264484185725451 0.06993249803781509 0.01479384768754244
132 -0.0001763915061019361 0.04848325997591019 0.008699021302163601
133 -0.009786621667444706 0.07033959031105042 -0.004808308091014624
134 -0.009874851442873478 0.07032698392868042 0.004846095573157072
135 -0.01062178611755371 0.07026354968547821 -0.006419904064387083
136 -0.01049359235912561 0.07033573091030121 0.01442368887364864
137 -0.01013841945677996 0.07031622529029846 -0.01450283825397491
138 -0.01043219771236181 0.07034476846456528 0.006819318048655987
139 -0.01036494970321655 0.07034502178430557 0.01060057431459427
140 -0.01032617967575788 0.05301093310117722 -0.004350848030298948
141 -0.01047611236572266 0.05325965583324432 0.004349153023213148
142 -0.01000881288200617 0.04456149041652679 0.004428508225828409
143 -0.01011997275054455 0.048161581158638 0.00518923532217741
144 -0.01021875068545341 0.04887614399194717 0.006845233496278524
145 -0.009957977570593357 0.04927492514252663 -0.006777653936296701
146 -0.01008947286754847 0.04991155490279198 0.005897692870348692
147 -0.01034074183553457 0.04981864243745804 -0.006184146273881197
148 -0.0101007092744112 0.04837390035390854 -0.005055749788880348
149 -0.009429154917597771 0.04833947122097015 -0.006667776964604855
150 -0.01001882553100586 0.06448380649089813 0.0126653965562582
151 -0.000594409357290715 0.06567897647619247 -0.007282240316271782
152 -0.01001466438174248 0.06340131908655167 -0.00848983321338892
153 -0.009816012345254421 0.06370226293802261 -0.01082601118832827
154 -0.01012025307863951 0.06303456425666809 0.01164902560412884
155 -0.0003809411427937448 0.05635064095258713 -0.01024874858558178
156 -0.01033823378384113 0.06172677129507065 0.01166901085525751
157 -0.009807825088500977 0.06150882318615913 -0.01031787134706974
158 -0.01007895637303591 0.061576958745718 0.01014558132737875
159 -0.01000562123954296 0.06106461212038994 -0.01142387557774782
160 -0.009732684120535851 0.06013083830475807 -0.008500817231833935
161 -0.009766565635800362 0.05076918378472328 0.01269934698939323
162 -0.01004592142999172 0.05007350817322731 -0.01081095915287733
163 -0.009763482958078384 0.05000942572951317 0.01090865302830935
164 -0.009958505630493164 0.04852811992168427 0.01188034377992153
165 -0.009757323190569878 0.04826084524393082 0.009335804730653763
166 -0.01036750245839357 0.04791615903377533 0.01059455890208483
167 -0.009750567376613617 0.0464421808719635 -0.01264532469213009
168 0.001793832052499056 0.06120191514492035 -0.01069925539195538
169 -0.01013990677893162 0.04664982482790947 -0.009017575532197952
170 -0.009819865226745605 0.0647047683596611 -0.007948306389153004
171 -0.009817744605243206 0.06422697007656097 -0.01277260668575764
172 -0.009816965088248253 0.06391441822052002 0.009043486788868904
173 -0.01017160154879093 0.06349116563796997 0.01061462610960007
174 -0.009557888843119144 0.06276290863752365 -0.01163574308156967
175 -0.00980325136333704 0.06043563410639763 -0.0103176599368453
176 -0.01000379025936127 0.06047871708869934 0.01035955548286438
177 -0.009474527090787888 0.05990773066878319 -0.01269611623138189
178 -0.009455058723688126 0.05982347205281258 0.008699329569935799
179 -0.007539810612797737 0.03977050632238388 0.0009418095578439534
180 -0.00981531199067831 0.0521124042570591 0.008499188348650932
181 -0.00999810267239809 0.05121246725320816 0.009746154770255089
182 -0.01017299015074968 0.04946088045835495 0.009703450836241245
183 -0.009996875189244747 0.04909807443618774 -0.009518569335341454
184 -0.009750873781740665 0.04661200568079948 0.009742365218698978
185 -0.009441915899515152 0.04656995087862015 0.01269835792481899
186 -0.01005919184535742 0.04527740553021431 0.008497636765241623
187 -0.01195923611521721 0.04880070313811302 0.002168725710362196
188 -0.00827319547533989 0.04439529404044151 0.008698840625584126
189 -0.008264120668172836 0.04353728145360947 -0.008240877650678158
190 -0.008786273188889027 0.06340550631284714 0.01065573655068874
191 -0.008185596205294132 0.06309662759304047 0.00997417327016592
192 -0.008413543924689293 0.06201691925525665 0.009782860986888409
193 -0.008126952685415745 0.06147714704275131 0.01088132988661528
194 -0.008127316832542419 0.06149500235915184 -0.01081372797489166
195 -0.008548405952751637 0.04795703291893005 0.01040719263255596
196 -0.008102715015411377 0.06215445697307587 -0.01163017842918634
197 -0.008532942272722721 0.04929472878575325 0.01162669062614441
198 -0.008080005645751953 0.05426685512065887 0.007780659478157759
199 -0.008079400286078453 0.04794398695230484 -0.01065051276236773
200 -0.008078208193182945 0.05379712581634521 0.000305480498354882
201 -0.007757880259305239 0.05278107523918152 0.008699291385710239
202 -0.008077265694737434 0.05355026572942734 -0.002591148717328906
203 -0.00807619746774435 0.05327049270272255 0.00229992950335145
204 -0.008075854741036892 0.05318082123994827 -0.004635094664990902
205 -0.008075983263552189 0.05321493372321129 0.004550796002149582
206 -0.008072467520833015 0.05230191722512245 -0.0002962983271572739
207 -0.008071122691035271 0.05195092409849167 0.001615617424249649
208 -0.002565861213952303 0.06700289249420166 -0.008149624802172184
209 -0.008068443275988102 0.05123131349682808 -0.006610931362956762
210 -0.008068540133535862 0.05124491453170776 0.006827766541391611
211 -0.008067339658737183 0.0509420670568943 -0.00316430302336812
212 -0.008255506865680218 0.04971904680132866 -0.006325208116322756
213 -0.008063444867730141 0.04992206394672394 0.00336480513215065
214 -0.008063551038503647 0.04995288699865341 0.005117501132190228
215 -0.008061334490776062 0.04936445131897926 -0.007760681211948395
216 -0.007907330989837646 0.04895933344960213 0.006962283048778772
217 -0.008058410137891769 0.04859717935323715 -0.00441771000623703
218 -0.008115126751363277 0.05440903082489967 -0.008701334707438946
219 -0.008055096492171288 0.04773335531353951 -0.005545118357986212
220 -0.008054997771978378 0.04767671227455139 0.005693680141121149
221 -0.008054079487919807 0.04745691269636154 -0.00777831906452775
222 -0.007828870788216591 0.04716427251696587 0.003054681001231074
223 -0.007817337289452553 0.04708058387041092 0.006964642554521561
224 -0.008050592616200447 0.04653466865420341 -0.006235278677195311
225 -0.008050489239394665 0.04649635404348373 -0.003169502364471555
226 -0.00855331402271986 0.06315232813358307 -0.01136302947998047
227 -0.008354684337973595 0.04983162134885788 -0.01071848068386316
228 -0.008047230541706085 0.04565058648586273 -0.0008326195529662073
229 -0.008047583512961864 0.04574132710695267 0.00125442014541477
230 -0.01112084276974201 0.06475947052240372 -0.007662072312086821
231 -0.008043214678764343 0.0445815697312355 0.004691910929977894
232 -0.008043497800827026 0.04465565830469131 -0.004662544466555119
233 -0.008421414531767368 0.04456739500164986 0.002154549350962043
234 -0.008207586593925953 0.04456819966435432 -0.001853644265793264
235 0.0007736515253782272 0.06531853228807449 -0.01108059659600258
236 -0.00803983211517334 0.04361157119274139 0.004590566735714674
237 -0.007718031294643879 0.04330527409911156 -0.004725582897663116
238 -0.007853593677282333 0.0485500879585743 -0.01156239025294781
239 -0.001561482553370297 0.06699303537607193 -0.007610721979290247
240 -0.008130243979394436 0.04336926713585854 0.007186765316873789
241 -0.007753098383545876 0.07009289413690567 -0.009147759526968002
242 -0.001141031156294048 0.05980018526315689 -0.004188055172562599
243 -0.007793291471898556 0.06765726953744888 0.01212834380567074
244 -0.007758218795061111 0.06739175319671631 -0.01175910793244839
245 -0.008059934712946415 0.07035354524850845 0.009201262146234512
246 -0.007696425542235374 0.07027296721935272 0.01233812142163515
247 -0.007576241623610258 0.06635504961013794 0.008478053845465183
248 -0.007860034704208374 0.07035372406244278 -0.01261844206601381
249 -0.007561645936220884 0.07008705288171768 0.008346613496541977
250 -0.007735938299447298 0.07035475969314575 -0.01122354250401258
251 -0.007467266637831926 0.06664934009313583 -0.01265561394393444
252 -0.007613536901772022 0.06646158546209335 0.009506921283900738
253 -0.007477879524230957 0.0663553923368454 -0.009717490524053574
254 -0.007332933600991964 0.07005607336759567 -0.008210782893002033
255 -0.007161087822169065 0.04972478374838829 -0.003485459135845304
256 -0.005236957222223282 0.06430275738239288 0.0005298737669363618
257 -0.007480291649699211 0.06664805114269257 -0.008326130919158459
258 -0.007266342639923096 0.06635640561580658 0.01121950894594193
259 -0.007437817752361298 0.06688699126243591 0.01266503054648638
260 -0.007159336004406214 0.06664795428514481 -0.01115005649626255
261 -0.007204353809356689 0.0703568309545517 0.01116350945085287
262 -0.00719916820526123 0.05823080241680145 -0.004100015386939049
263 -0.007107783108949661 0.05835499241948128 0.004201469011604786
264 -0.0072289714589715 0.06995604187250137 0.009845142252743244
265 -0.006663786247372627 0.04535771906375885 0.003191953059285879
266 -0.006858809851109982 0.0445924885571003 -0.001958545530214906
267 -0.006323706824332476 0.04775026813149452 0.007452444173395634
268 -0.006724289152771235 0.0701192319393158 -0.009922254830598831
269 -0.007006407249718904 0.06335741281509399 -0.0109074404463172
270 -0.006814357824623585 0.06329405307769775 0.01079350430518389
271 -0.006811645347625017 0.06252662092447281 -0.009881624020636082
272 -0.007218476384878159 0.06247841194272041 0.009788850322365761
273 -0.00704543013125658 0.062575563788414 -0.0115831196308136
274 -0.006810182705521584 0.06220066174864769 0.01147212274372578
275 -0.008123570121824741 0.06184877455234528 -0.009901152923703194
276 -0.006807804107666016 0.06162635982036591 0.0101455096155405
277 -0.006806885823607445 0.06145220994949341 -0.01066002063453197
278 -0.00681227957829833 0.05356675013899803 0.0006480908486992121
279 -0.006762862205505371 0.04975990206003189 0.01023432239890099
280 -0.006761885713785887 0.04957759380340576 0.01141042914241552
281 -0.007272570393979549 0.04974417015910149 -0.01118440926074982
282 -0.006995791103690863 0.04953411966562271 -0.01003437675535679
283 -0.006757960189133883 0.0484190508723259 0.01145451329648495
284 -0.006757855415344238 0.04848138988018036 -0.01156949065625668
285 -0.007041321601718664 0.04831458255648613 -0.009993436746299267
286 -0.006975799333304167 0.04799671098589897 0.01044032908976078
287 -0.006642894353717566 0.0501655675470829 -0.007347221486270428
288 -0.006302464753389359 0.05068628489971161 0.006766535807400942
289 -0.006510291248559952 0.06636281311511993 0.008125077001750469
290 -0.006983447354286909 0.04878773167729378 -0.00794907845556736
291 -0.006730542052537203 0.05200332030653954 -0.0006570238620042801
292 -0.006569743156433105 0.0515855997800827 0.0002052835188806057
293 -0.006483188364654779 0.05027919262647629 -0.002056761644780636
294 -0.006251559592783451 0.04742133244872093 -0.002053187927231193
295 -0.006620345637202263 0.04584237188100815 -0.004006241913884878
296 -0.006550975609570742 0.04664424434304237 -0.0008415643242187798
297 -0.00654800096526742 0.04586370289325714 -0.0005343391094356775
298 -0.006734983995556831 0.07004477828741074 -0.01291588135063648
299 -0.006477704271674156 0.07001283019781113 -0.01109442580491304
300 -0.006482372060418129 0.05312018841505051 -0.001248745014891028
301 -0.006473088636994362 0.05244442075490952 0.0006023193709552288
302 -0.00647005345672369 0.05166701227426529 -0.002285624388605356
303 -0.00654590455815196 0.05122910439968109 0.002719342475757003
304 -0.004036852158606052 0.06703747808933258 0.004676996730268002
305 -0.006467316765338182 0.05093817785382271 -0.003260772675275803
306 -0.006466561462730169 0.05026442557573318 -0.005623637232929468
307 -0.006462812423706055 0.07035939395427704 0.01289650984108448
308 -0.006788039114326239 0.04942996054887772 -0.004993177950382233
309 -0.006461226381361485 0.04934805259108543 -0.006755677983164787
310 -0.006460210308432579 0.04905381798744202 0.00435028038918972
311 -0.006746998056769371 0.04815535619854927 -0.003485911525785923
312 -0.006457556039094925 0.04835650324821472 -0.00471812579780817
313 -0.006455985829234123 0.04794080555438995 -0.005685538984835148
314 -0.006722140125930309 0.04793412983417511 0.005759251769632101
315 -0.0064519252628088 0.04689519479870796 -0.003028093837201595
316 -0.006685673259198666 0.0444026030600071 0.000918400299269706
317 -0.006500329356640577 0.04710539057850838 -0.005898361094295979
318 -0.006474661640822887 0.05098563432693481 -0.004817631095647812
319 -0.006106243934482336 0.0469571091234684 0.005546670872718096
320 -0.006138989236205816 0.04738298803567886 -0.00459733884781599
321 -0.006160125602036715 0.06666360795497894 -0.009644798003137112
322 -0.00661947438493371 0.04756342619657516 -0.007147090975195169
323 -0.006463252939283848 0.04985927790403366 -0.004140933509916067
324 -0.00625345716252923 0.05087224021553993 0.005460318177938461
325 -0.004135501105338335 0.04696275293827057 0.01269508711993694
326 -0.001544424914754927 0.06055180728435516 -0.004636832047253847
327 -0.006312581710517406 0.0665639266371727 -0.008180591277778149
328 -0.006266413722187281 0.07036059349775314 -0.007859583012759686
329 -0.006288886070251465 0.07036034762859344 0.01120050996541977
330 -0.006274386309087276 0.06644145399332047 0.01270948722958565
331 -0.00645472714677453 0.04761261120438576 0.004074576310813427
332 -0.006253838539123535 0.06636033952236176 0.009709510020911694
333 -0.00539073720574379 0.05621623247861862 -0.008701056241989136
334 -0.006260179914534092 0.05582929775118828 0.00869918055832386
335 -0.006168019026517868 0.06822258979082108 0.01131632458418608
336 -0.006070395465940237 0.07028475403785706 0.009479190222918987
337 -0.006196076981723309 0.06652946025133133 -0.0112699419260025
338 -0.006006501615047455 0.07036142796278 0.008108881302177906
339 -0.005840444471687078 0.07036205381155014 -0.009269021451473236
340 -0.005908472929149866 0.06766520440578461 0.008850167505443096
341 -0.005928416270762682 0.07014819979667664 0.01216276455670595
342 -0.005917370319366455 0.0703614205121994 -0.01193398982286453
343 -0.005783374886959791 0.04870656132698059 -0.007825191132724285
344 -0.006049328949302435 0.0663616806268692 0.01149369031190872
345 -0.005765668116509914 0.05077958479523659 -0.006572181824594736
346 -0.005961080547422171 0.06731090694665909 -0.01234080828726292
347 -0.005870905239135027 0.06769765913486481 -0.008811173960566521
348 -0.005593378096818924 0.06118619814515114 0.005939700175076723
349 -0.005570459179580212 0.04855185747146606 -0.0001618638925720006
350 -0.005699182860553265 0.06569246202707291 -0.006500847171992064
351 -0.005531190428882837 0.05034920200705528 -0.004462700802832842
352 -0.002529144287109375 0.04056678712368011 0.0003347138408571482
353 -0.005646354518830776 0.0613551139831543 -0.006040650419890881
354 -0.005008386448025703 0.03826424479484558 0.01199477631598711
355 -0.005469799041748047 0.05653159320354462 -0.001261166762560606
356 -0.005459326319396496 0.04896459355950356 -0.005723604466766119
357 -0.005318474490195513 0.04964059218764305 0.006270393263548613
358 -0.005394603591412306 0.04856054484844208 0.006436719093471766
359 -0.005388879682868719 0.04963155835866928 -0.00601691659539938
360 -0.005355077795684338 0.04821734130382538 0.005428306292742491
361 -0.00533136073499918 0.0489804744720459 -0.005037145223468542
362 -0.005351340863853693 0.04943601414561272 0.005313408095389605
363 -0.005478587932884693 0.04941955581307411 0.003403746988624334
364 -0.00546304602175951 0.05695333704352379 0.004349153023213148
365 -0.004979806020855904 0.06225870922207832 0.005029636900871992
366 -0.00539088249206543 0.04822997748851776 -0.006250729318708181
367 -0.004663056693971157 0.06139902770519257 0.006795498542487621
368 -0.005215980112552643 0.05003045871853828 -0.00265489099547267
369 -0.00537872314453125 0.04821877181529999 -0.005442063789814711
370 -0.01088566798716784 0.06507956236600876 -0.00858358945697546
371 -0.005048987455666065 0.05147317796945572 -0.0006942548207007349
372 -0.005036584101617336 0.04667869210243225 -0.001245072111487389
373 -0.00503523088991642 0.05090875178575516 0.001616163528524339
374 -0.00504453806206584 0.04821315407752991 -0.002630604431033134
375 0.002945104381069541 0.04769956693053246 -0.0127001665532589
376 -0.005498007405549288 0.04840811342000961 -0.003932212013751268
377 0.001035406370647252 0.06586794555187225 -0.009590514004230499
378 -0.005001544952392578 0.04703842103481293 0.001716789323836565
379 -0.005091921426355839 0.04784479364752769 -0.007509010843932629
380 -0.01111413631588221 0.06554620712995529 -0.009238666854798794
381 -0.004871494136750698 0.04968025162816048 -0.006161142140626907
382 -0.004561570473015308 0.05776580050587654 0.001346470089629292
383 -0.004933808464556932 0.04861124604940414 -0.006531786639243364
384 -0.004988378845155239 0.05091444030404091 0.006011972203850746
385 -0.004686210304498672 0.04698069393634796 0.006228544283658266
386 -0.004586576018482447 0.05078162625432014 -0.005165604408830404
387 -0.004522570874541998 0.049693513661623 -0.007587886415421963
388 -0.004816280212253332 0.06248109042644501 0.005969430785626173
389 -0.004515052773058414 0.04812836647033691 0.006197003182023764
390 -0.003321736352518201 0.05693095922470093 -0.01062407530844212
391 -0.004509849939495325 0.04879666492342949 0.00392585713416338
392 -0.004462242126464844 0.0495399683713913 -0.004103173967450857
393 -0.004591844975948334 0.04712754115462303 0.005021586548537016
394 -0.00460145203396678 0.05080632492899895 -0.006516008637845516
395 -0.004579318687319756 0.04929336160421371 0.006522414740175009
396 -0.004832341801375151 0.04697291925549507 -0.005508993752300739
397 -0.004587064497172832 0.04765944182872772 -0.00434109615162015
398 -0.00446249870583415 0.04947686195373535 0.007586947176605463
399 -0.004494965076446533 0.06174482405185699 0.004898309707641602
400 -0.004495951347053051 0.05061008408665657 0.00670563941821456
401 -0.004560116678476334 0.04816237464547157 -0.005959708243608475
402 -0.004255551379173994 0.05595343187451363 0.001492524985224009
403 -0.004469871520996094 0.03794585168361664 -0.0118509903550148
404 -0.004503550473600626 0.05056214705109596 0.004895252641290426
405 -0.004463443998247385 0.04983294755220413 -0.005427590571343899
406 -0.004463623277842999 0.04984773695468903 0.005775433033704758
407 -0.004895476158708334 0.0486823134124279 -0.005128562450408936
408 -0.004522233735769987 0.04784343019127846 0.007435760926455259
409 -0.004539203364402056 0.04856317117810249 0.005132466088980436
410 -0.004557060543447733 0.04723846167325974 -0.006838578730821609
411 -0.004103421233594418 0.05627694353461266 -0.002459841081872582
412 -0.004334226716309786 0.06196654960513115 -0.004970261361449957
413 -0.003996137529611588 0.0621071569621563 0.006586818024516106
414 -0.003965101670473814 0.06234101578593254 0.005369735416024923
415 -0.004316371399909258 0.05580822378396988 -0.0002840846718754619
416 -0.01141879986971617 0.04204949736595154 -0.000127753330161795
417 -0.003721578512340784 0.05556686222553253 0.01269969437271357
418 -0.004034077748656273 0.07036874443292618 0.009533753618597984
419 -0.004263213369995356 0.0581713393330574 -0.006531881634145975
420 -0.003911862149834633 0.05864869058132172 0.006926265545189381
421 -0.003516912460327148 0.04104034602642059 -0.008699489757418633
422 -0.003611650783568621 0.06089077144861221 -0.007787967100739479
423 -0.01063418015837669 0.05813588574528694 -0.008701701648533344
424 -0.003415672341361642 0.0593230277299881 -0.003279574681073427
425 -0.00343144522048533 0.05930168554186821 -0.005583971738815308
426 -0.002759656636044383 0.05765003710985184 0.0001484704407630488
427 -0.002853790996596217 0.05926069244742393 -0.006497728638350964
428 -0.003080809256061912 0.06059619784355164 0.005027220118790865
429 -0.006280275993049145 0.06687992066144943 0.005097451154142618
430 -0.002667067805305123 0.05964653193950653 0.006826242431998253
431 -0.002878580940887332 0.06005291268229485 -0.004822984803467989
432 -0.00324419722892344 0.06020990759134293 0.008497622795403004
433 -0.002377007156610489 0.05682031810283661 0.00149841932579875
434 -0.002743244171142578 0.05632250010967255 -0.001475082244724035
435 -0.002509459154680371 0.06099285185337067 0.004349153023213148
436 -0.01010693702846766 0.06684926152229309 0.006700234953314066
437 -0.002437617629766464 0.05844929069280624 -0.007681573741137981
438 -0.002654539188370109 0.05814095959067345 0.003193767741322517
439 -0.002485271776095033 0.05812444537878036 0.007167245727032423
440 -0.002105328720062971 0.05899455398321152 -0.003541627433151007
441 -0.002309441566467285 0.06082646548748016 -0.00815095566213131
442 -0.002174107590690255 0.06101024895906448 -0.006867787800729275
443 -0.01199153531342745 0.05729403719305992 0.001022352022118866
444 -0.002080791862681508 0.06113721057772636 0.006438075564801693
445 -0.00211632251739502 0.06108896434307098 0.005191694479435682
446 -0.002137848641723394 0.05802663043141365 -0.004560783039778471
447 -0.002058625221252441 0.0693763941526413 -0.004500847775489092
448 -0.002058625221252441 0.0693763941526413 0.004499151837080717
449 -0.002068772912025452 0.05845359340310097 -0.00564471585676074
450 -0.00209708116017282 0.06505309045314789 -0.004390064626932144
451 -0.002001420129090548 0.06557894498109818 0.004421042744070292
452 -0.002235541585832834 0.05876924470067024 0.005636567715555429
453 -0.002101578516885638 0.05874278768897057 -0.002277994062751532
454 -0.001888584578409791 0.06139833107590675 0.00766068184748292
455 -0.001925189513713121 0.05917384102940559 0.008052805438637733
456 -0.004607514943927526 0.04225976392626762 -0.01269934698939323
457 -0.002068300964310765 0.07037636637687683 -0.008869522251188755
458 -0.00174440024420619 0.06638290733098984 -0.009114094078540802
459 -0.005102219525724649 0.04283662512898445 0.01269518304616213
460 -0.001742749009281397 0.06637775897979736 0.01186247728765011
461 -0.001720130443572998 0.06162725389003754 0.003150154370814562
462 -0.001710891723632812 0.07037739455699921 -0.01247948966920376
463 -0.001710243057459593 0.07022400200366974 0.01233542803674936
464 -0.001693516969680786 0.06676165759563446 -0.01230075303465128
465 -0.001669087563641369 0.06749288737773895 -0.008553345687687397
466 -0.009847124107182026 0.04112112894654274 0.003091072430834174
467 -0.001855876529589295 0.05908138677477837 0.002404505852609873
468 -0.0018244314705953 0.07037698477506638 0.009718996472656727
469 -0.001602993928827345 0.0666959136724472 -0.01144292764365673
470 -0.001605324563570321 0.06646707653999329 0.008555974811315536
471 -0.001559353084303439 0.06671097874641418 0.009630648419260979
472 -0.001113285543397069 0.06245186552405357 -0.006743207573890686
473 -0.001550853252410889 0.07037840783596039 -0.01143549010157585
474 -0.003249288769438863 0.0408962070941925 0.008476870134472847
475 -0.001449882984161377 0.07037888467311859 0.008310009725391865
476 -0.001472410513088107 0.06196393817663193 -0.002681830897927284
477 -0.001207577181048691 0.05970890820026398 0.00493093766272068
478 -0.001671885256655514 0.07037808001041412 -0.009918238036334515
479 -0.001351292710751295 0.05942890048027039 -0.00684677716344595
480 -0.001071732142008841 0.07038003206253052 -0.00783764012157917
481 -0.01085100509226322 0.04739436134696007 -0.01192753203213215
482 -0.001172839081846178 0.06694605201482773 0.01289858482778072
483 -0.001239816774614155 0.05958040431141853 0.006819489412009716
484 -0.001182243810035288 0.06044212356209755 -0.007979648187756538
485 -0.001237616408616304 0.05972841009497643 0.003485613269731402
486 -0.0008039017557166517 0.05913723260164261 0.0001913437590701506
487 -0.01202291436493397 0.06549593061208725 -0.00956486351788044
488 -0.004178202711045742 0.06233621016144753 0.001927591045387089
489 -0.001142107415944338 0.05699531733989716 -0.004918806720525026
490 -0.0009996413718909025 0.05971128866076469 -0.007730479352176189
491 -0.001010636799037457 0.07037974148988724 0.01325435098260641
492 -0.0009831957286223769 0.06673311442136765 -0.009892807342112064
493 -0.001581152551807463 0.05790167674422264 -0.002148631727322936
494 -0.01202778331935406 0.06675424426794052 -0.008510210551321507
495 -0.000997449504211545 0.06638062745332718 0.01112316735088825
496 -0.001064741867594421 0.05714019015431404 0.007041721139103174
497 -0.0008745193481445312 0.06072215735912323 0.007729177828878164
498 -0.001398069551214576 0.07037866115570068 0.01092419680207968
499 -0.0003877111594192684 0.06638289988040924 -0.01118002366274595
500 -0.001959106884896755 0.03650404140353203 -0.002657667500898242
501 -0.0009705588454380631 0.05665773153305054 0.005684162024408579
502 -0.0008099536062218249 0.06638092547655106 -0.01275156531482935
503 -0.001047016121447086 0.05677415803074837 -0.006506208796054125
504 -0.0008814326720312238 0.0581294447183609 0.006311341188848019
505 -0.0005197841674089432 0.07006757706403732 0.009850302711129189
506 -0.0007362617761828005 0.06647180020809174 0.008034145459532738
507 -0.0009216897306032479 0.06025079637765884 0.005831967573612928
508 -0.0009526288486085832 0.05817483738064766 -0.005567519459873438
509 -0.0007969124708324671 0.06028324365615845 -0.00558559549972415
510 -0.000577501836232841 0.0665120929479599 -0.008142749778926373
511 -0.0005643488839268684 0.06088605523109436 0.002025155816227198
512 -0.0003109472163487226 0.03931274637579918 -0.007688075769692659
513 -0.000644683837890625 0.06308870017528534 -0.001137806568294764
514 -0.01196295861154795 0.06537739932537079 -0.008613462559878826
515 0.002187041100114584 0.03404571488499641 -0.000483844691189006
516 -0.0005983386072330177 0.05876303464174271 0.005344647448509932
517 -0.0005728509277105331 0.05844306945800781 -0.006569965276867151
518 -0.0005858540534973145 0.07038186490535736 -0.01287099067121744
519 -0.0005843639373779297 0.05925647914409637 -0.003559636417776346
520 -0.0006799990660510957 0.05745035409927368 0.004200631752610207
521 -0.0006477190181612968 0.04366485774517059 0.01269229594618082
522 -0.009859682060778141 0.05919202044606209 1.242115013155853e-05
523 -0.0001483674277551472 0.05769044905900955 0.006513326428830624
524 -0.000330300274072215 0.05896382033824921 -0.005204477347433567
525 -0.0002074648800771683 0.07006190717220306 0.008334177546203136
526 -0.0003068021906074136 0.05747491866350174 -0.006192470900714397
527 -0.0005520020495168865 0.05775243043899536 -0.004027556162327528
528 -0.002690349938347936 0.04651936516165733 -0.01269993465393782
529 -0.0003697460342664272 0.05782247334718704 -0.007736108731478453
530 -0.0001734157704049721 0.06673234701156616 0.009667204692959785
531 -0.0001501600054325536 0.05928708612918854 0.00601531146094203
532 -4.805894786841236e-05 0.05928584188222885 -0.006205126643180847
533 -0.0002189874649047852 0.06096772849559784 -0.00302044628188014
534 -0.0001540953962830827 0.06035549193620682 -0.004584220238029957
535 -5.26438670931384e-05 0.06653963774442673 0.01248520985245705
536 -0.0001728534698486328 0.07038335502147675 -0.008402991108596325
537 -0.0001085395051632077 0.05800133571028709 0.005175299476832151
538 -0.01197196263819933 0.05215305835008621 0.003080671187490225
539 -2.069606307486538e-05 0.06403989344835281 0.004383859224617481
540 -0.009361966513097286 0.05463645979762077 0.01269917842000723
541 -0.0005233080592006445 0.06325243413448334 -0.008492112159729004
542 3.866855695378035e-05 0.07038427144289017 0.01277838926762342
543 -9.054449037648737e-05 0.05963606014847755 0.004136990755796432
544 -0.0002513129147700965 0.06125957146286964 -0.000240919369389303
545 -3.913739874406019e-06 0.0578862726688385 -0.005032681860029697
546 0.000180292729055509 0.05813709273934364 0.007678665686398745
547 -0.01020603068172932 0.05529093369841576 -0.01080421358346939
548 -0.0001653644430916756 0.06074285134673119 -0.006603319197893143
549 8.329618140123785e-05 0.06665196269750595 0.008793761022388935
550 -2.048986743830028e-06 0.06744468957185745 -0.009497656486928463
551 9.87908206298016e-05 0.07038423418998718 0.009540222585201263
552 8.831705781631172e-05 0.06703649461269379 -0.01217728294432163
553 0.0002599051513243467 0.07038526982069016 0.01139934360980988
554 -0.0002187546924687922 0.06366755813360214 -0.002948307199403644
555 5.761627107858658e-05 0.0667668879032135 0.01159362401813269
556 6.271977326832712e-05 0.05834770947694778 0.006686609238386154
557 0.0002130405191564932 0.07038514316082001 -0.009624766185879707
558 9.058491559699178e-05 0.07005602121353149 -0.01218457985669374
559 0.0001201629638671875 0.06638436019420624 -0.00880449078977108
560 0.0001726208574837074 0.06419940292835236 0.0002257188752992079
561 0.0002988576889038086 0.0616714209318161 0.002253993880003691
562 0.00018507287313696 0.05896398425102234 0.005340761970728636
563 0.0005486293812282383 0.05863694101572037 -0.006546102929860353
564 0.002467636717483401 0.04780742526054382 -0.008691415190696716
565 0.0004061460494995117 0.06228964030742645 -0.001218962948769331
566 0.0001289797219214961 0.06414022296667099 -0.007659906055778265
567 0.0004258155822753906 0.06454353034496307 0.006499154027551413
568 0.0006977432640269399 0.05906125903129578 -0.004135424271225929
569 0.000308036629576236 0.05847552791237831 0.003909579012542963
570 0.002926815068349242 0.05242450162768364 -0.01269956864416599
571 0.0008856816566549242 0.06247525289654732 0.0003196090401615947
572 0.0006176043534651399 0.05873154103755951 0.006455711089074612
573 0.0005660040769726038 0.07011034339666367 0.004511481616646051
574 6.829098128946498e-05 0.03910951316356659 -0.001953327795490623
575 0.0002563701127655804 0.06431327760219574 -0.00642107892781496
576 0.0005689578247256577 0.06537671387195587 -0.004500879440456629
577 -0.009485939517617226 0.06688089668750763 -0.003686443669721484
578 0.000671261572279036 0.07020030915737152 -0.006354588083922863
579 -0.008101733401417732 0.04182745516300201 0.001911140163429081
580 0.0006290096789598465 0.06090733408927917 0.00235969596542418
581 0.0006743419799022377 0.0593298114836216 0.007431602571159601
582 0.0005869353772141039 0.06405460089445114 -0.008661794476211071
583 -0.01003099512308836 0.05452561751008034 0.006147692445665598
584 -0.001118271378800273 0.0407150536775589 0.01266171783208847
585 0.0008238892187364399 0.06117010116577148 -0.001785484491847456
586 0.0009574294090270996 0.06572161614894867 0.006805759854614735
587 0.0009470364893786609 0.06315191090106964 0.001628906931728125
588 0.001067442004568875 0.06596918404102325 -0.006375485099852085
589 0.001023278688080609 0.06311542540788651 -0.001360400812700391
590 -0.006953523028641939 0.03942699730396271 -0.007446582429111004
591 0.001490816823206842 0.06497269868850708 -0.007716193795204163
592 0.001099961111322045 0.05987846851348877 0.006446175277233124
593 0.0006986093358136714 0.05945614352822304 -0.00733284605666995
594 0.001152002019807696 0.05964009836316109 0.004883906804025173
595 0.00115309888496995 0.05945821478962898 -0.005016501992940903
596 0.001249843277037144 0.05984677001833916 -0.006175332702696323
597 0.0005743515212088823 0.03913189843297005 0.007891987450420856
598 0.001872890861704946 0.0684308335185051 0.005925435107201338
599 0.001813432783819735 0.06714668124914169 -0.008098669350147247
600 0.001886656973510981 0.06668755412101746 0.009143564850091934
601 0.001977043226361275 0.06442022323608398 -0.009971018880605698
602 0.001845759456045926 0.0636269748210907 0.01063685677945614
603 0.001977598760277033 0.06877594441175461 -0.003211743663996458
604 0.001867919228971004 0.04185733944177628 -0.01069664116948843
605 0.001882247743196785 0.03802632912993431 -0.00947088934481144
606 -0.008670895360410213 0.05027053132653236 0.001083967625163496
607 0.002011760137975216 0.03724249079823494 0.008489321917295456
608 0.001952314865775406 0.03615637123584747 -0.007016109302639961
609 0.002022394444793463 0.0360071174800396 0.006088530644774437
610 0.001873652683570981 0.03998988494277 0.01040924061089754
611 0.002076148986816406 0.03408031165599823 -0.007679490838199854
612 0.002671712310984731 0.07039273530244827 0.0131213553249836
613 0.002859115600585938 0.0703953355550766 -0.01070421934127808
614 -0.008209859952330589 0.06278092414140701 0.0006384788430295885
615 0.002859115600585938 0.07038798928260803 -0.005058577749878168
616 0.002859193598851562 0.07020330429077148 -0.01468327082693577
617 0.002533986698836088 0.07014524191617966 0.0147325498983264
618 0.002582158893346786 0.0688963383436203 0.008318986743688583
619 0.0028612045571208 0.07039281725883484 0.001618541544303298
620 0.00263127451762557 0.06772768497467041 -0.01000823639333248
621 0.002868197625502944 0.06764616817235947 0.01110559888184071
622 0.002874154597520828 0.06639523059129715 -0.001535146730020642
623 0.002739712595939636 0.06658678501844406 -0.004566523712128401
624 0.002875038888305426 0.06639058887958527 0.004780835472047329
625 0.002878145081922412 0.06547942757606506 -0.007229064125567675
626 0.002879404230043292 0.06528890877962112 0.007433455903083086
627 0.002881232649087906 0.06458676606416702 0.01288528647273779
628 0.002888268325477839 0.0626874566078186 0.00864633172750473
629 0.002880680374801159 0.06509584933519363 -0.01265206560492516
630 0.002885987050831318 0.06323065608739853 -0.008528297767043114
631 0.002665537875145674 0.05861596390604973 0.008699472993612289
632 0.002653785049915314 0.05710210651159286 -0.01269696466624737
633 0.002915249206125736 0.05560549348592758 -0.00870048999786377
634 0.002932049566879869 0.05113400146365166 0.01270106434822083
635 0.002894149860367179 0.03359890356659889 0.0047029759734869
636 0.00294500426389277 0.04379282146692276 0.00872673187404871
637 0.002967709442600608 0.04178670793771744 0.01269181538373232
638 0.00297035276889801 0.04107199609279633 -0.01268886495381594
639 0.00277350633405149 0.04064607620239258 0.008934237062931061
640 0.002914368873462081 0.03898680955171585 0.007911142893135548
641 0.002981269732117653 0.03759161755442619 0.005436996929347515
642 0.002691254019737244 0.03774481639266014 0.01167343370616436
643 0.002982139587402344 0.03754334151744843 -0.005242490209639072
644 0.002979356329888105 0.03859464824199677 -0.007368951570242643
645 -0.010982695966959 0.0508008673787117 -0.01192144490778446
646 0.002985502360388637 0.03709264099597931 -0.01132674608379602
647 0.002991604385897517 0.03490108624100685 -0.009018596261739731
648 0.002998051000759006 0.03464959561824799 0.008775856345891953
649 0.00300001073628664 0.03359237685799599 -0.004590792115777731
650 0.001966055715456605 0.06875377893447876 -0.0006911070668138564
651 -0.0008235643617808819 0.05481376498937607 -0.01269971113651991
652 -0.004494220484048128 0.05059907957911491 -0.01270007528364658
653 -0.0095153683796525 0.06064283102750778 0.01269928179681301
654 -0.01046089734882116 0.04925102367997169 -0.0002483697317074984
655 -0.007065401878207922 0.05601361766457558 -0.01084862556308508
656 -0.005292304791510105 0.06586924195289612 0.002715660026296973
657 -0.0009130380349233747 0.04882066324353218 0.01269490178674459
658 -0.001197091420181096 0.03782674297690392 0.01175411511212587
659 -0.009350202046334743 0.06303992122411728 -0.004064425360411406
660 -0.008050834760069847 0.040060855448246 -0.01255593076348305
661 -0.005089438520371914 0.06109786778688431 0.004063816741108894
662 0.001841351971961558 0.04879419133067131 -0.01069757901132107
663 -0.003709403099492192 0.06297329813241959 -0.0006598245818167925
664 -0.004056742880493402 0.07017061859369278 -0.01465380005538464
665 -0.006170751992613077 0.0652596578001976 -0.001745591755025089
666 -0.01045147608965635 0.04676887392997742 -0.00117007945664227
667 -0.007751908618956804 0.05261611193418503 -0.0127003313973546
668 -0.0005012445617467165 0.05846760794520378 0.01270158495754004
669 -0.009623199701309204 0.06569333374500275 0.003494188422337174
670 -0.01064757723361254 0.04837363958358765 -0.01257157325744629
671 0.0007050643907859921 0.05548154190182686 -0.008675625547766685
672 -0.005562297999858856 0.03860414400696754 0.007655187044292688
673 0.0003827584441751242 0.06850985437631607 -0.007572729606181383
674 -0.003759828861802816 0.0580696202814579 -0.01269901916384697
675 -0.01033848058432341 0.05330587923526764 -0.01256298180669546
676 0.002859179861843586 0.07037115842103958 -0.007706036325544119
677 -0.01223744824528694 0.06128892302513123 -0.009049000218510628
678 0.002927942201495171 0.05213211104273796 0.008699510246515274
679 -0.003951118793338537 0.07015696913003922 0.01466377638280392
680 -0.01200144831091166 0.05990088358521461 -0.003234539646655321
681 -0.01103077363222837 0.06636092066764832 -0.009614459238946438
682 -0.00712208729237318 0.06935716420412064 -0.0005162297748029232
683 -0.001834129681810737 0.05806813389062881 0.004347614943981171
684 -0.003754621604457498 0.05935108661651611 0.00435318099334836
685 -0.01201615575700998 0.06376806646585464 -0.0002723515208344907
686 0.0003729484160430729 0.06524356454610825 -0.008979265578091145
687 -0.001681596855632961 0.03633833304047585 0.001362654147669673
688 -0.004125491250306368 0.05135770887136459 0.01269506569951773
689 -0.01163597591221333 0.04217780008912086 0.006396952085196972
690 -0.01191856432706118 0.04234475642442703 -0.006334230769425631
691 0.002481598407030106 0.06157532706856728 -0.01269443798810244
692 -0.006464633159339428 0.0502324253320694 0.004247176926583052
693 -1.550126580696087e-05 0.06530357897281647 -0.008083474822342396
694 -0.0007715182146057487 0.04354486241936684 -0.0126997847110033
695 -0.007563724182546139 0.03978461399674416 0.00354900979436934
696 -0.01198159996420145 0.05468128249049187 -0.001066673663444817
697 -0.01088898535817862 0.06449075788259506 -0.008406580425798893
698 -0.007942270487546921 0.06892535835504532 -0.01447856146842241
699 -0.001651601050980389 0.06740128993988037 0.00649876706302166
700 -0.009390565566718578 0.04085326567292213 -0.009748986922204494
701 -0.002596564125269651 0.0618995763361454 0.01270164828747511
702 -0.001922942348755896 0.0678316056728363 -0.01069863699376583
703 -0.0003140661865472794 0.04491884633898735 -0.008696120232343674
704 -0.004639172460883856 0.05950698629021645 -0.005190387833863497
705 -0.002431129803881049 0.04045622795820236 0.004916670732200146
706 -0.01205374579876661 0.0487142838537693 -0.01073821168392897
707 -0.006681680679321289 0.05529087409377098 -0.004373505711555481
708 -0.006124910898506641 0.05311805009841919 0.01269663497805595
709 0.001992549980059266 0.0359356515109539 -0.0003694199549499899
710 0.002862550318241119 0.07039115577936172 0.006328615825623274
711 -0.001078353729099035 0.06739965826272964 -0.01061060465872288
712 -0.008707421831786633 0.05754975602030754 0.01095409132540226
713 -0.01058154832571745 0.07030348479747772 -0.01100406423211098
714 0.002908571856096387 0.05739984288811684 0.01270257961004972
715 -0.009646301157772541 0.04100340232253075 0.0008865977870300412
716 0.002816003048792481 0.05939553678035736 -0.008700476959347725
717 0.00158947438467294 0.06926772743463516 -0.008330442011356354
718 -0.002270268276333809 0.04702449962496758 0.01048016175627708
719 -0.01005605421960354 0.05336784198880196 -0.008701490238308907
720 -0.005606500897556543 0.04216687381267548 -0.002270910888910294
721 0.0004154608759563416 0.03892528638243675 0.003659486770629883
722 -0.0005673056584782898 0.06855618208646774 -0.01433537900447845
723 -0.003256237832829356 0.05739679932594299 -0.008700690232217312
724 -0.01130548864603043 0.06184131279587746 -0.008785468526184559
725 -0.008075076155364513 0.05297886207699776 9.11848201212706e-06
726 -0.00622252793982625 0.05955803021788597 0.002329476876184344
727 -0.0005577401025220752 0.05009443685412407 -0.01270016003400087
728 -0.0007978640496730804 0.03983009234070778 -0.01252583879977465
729 -0.009690992534160614 0.041029442101717 -0.001869652769528329
730 -0.002841089852154255 0.06844207644462585 0.01083761174231768
731 -0.001897676032967865 0.06053705513477325 -0.001393873593769968
732 -0.005511111579835415 0.05924543738365173 0.008497552946209908
733 0.002903868677094579 0.04791887104511261 0.008699503727257252
734 -0.009237727150321007 0.06125549226999283 0.005731388460844755
735 -0.002648393623530865 0.05964082479476929 -0.0109659293666482
736 -0.002557605737820268 0.04469849914312363 0.008694943971931934
737 -0.00346569181419909 0.03738559037446976 -0.008152240887284279
738 -0.009164100512862206 0.05740618705749512 -0.01270044129341841
739 -0.00521173607558012 0.06547434628009796 -0.004551742225885391
740 -0.004045387730002403 0.06523410975933075 -0.001328871585428715
741 -0.009681159630417824 0.056595828384161 0.007209621369838715
742 -0.009707308374345303 0.05710048228502274 0.001575634581968188
743 -0.0009026749758049846 0.0675397664308548 -0.0112784281373024
744 -0.008816814981400967 0.06734694540500641 -0.01390531565994024
745 -0.007095043081790209 0.03951006382703781 -0.001959423068910837
746 0.0008600872824899852 0.07013537734746933 -0.001388767501339316
747 -0.01103583350777626 0.04759052395820618 -0.01116947829723358
748 -0.006205617915838957 0.0661543533205986 0.006499154027551413
749 -0.001844301936216652 0.0403035394847393 0.01047095097601414
750 -0.01203442364931107 0.06847077608108521 0.01058440748602152
751 -0.01203449442982674 0.06848841905593872 -0.01048052031546831
752 -0.004920556675642729 0.0681549534201622 0.009791867807507515
753 -0.003360247239470482 0.0581451989710331 -0.00479738088324666
754 -0.003808640409260988 0.0668381080031395 -0.002768183592706919
755 -0.01198414340615273 0.05536884441971779 0.01269904617220163
756 -0.01108902227133512 0.06290408223867416 -0.008705649524927139
757 -0.0006854881648905575 0.06014475971460342 -0.01269656047224998
758 -0.005799282807856798 0.06680314242839813 0.0137031227350235
759 -0.003988583572208881 0.05932643264532089 -0.006394960917532444
760 0.002952835522592068 0.0455864742398262 0.01269972324371338
761 0.0007682751747779548 0.0678955540060997 -0.004859990440309048
762 -0.01197801996022463 0.05366161093115807 -0.01249454449862242
763 -0.004668928682804108 0.04465942829847336 0.008698742836713791
764 -0.003569407388567924 0.06092394888401031 -0.00672706076875329
765 -0.00239775562658906 0.05959685519337654 -0.007305544801056385
766 -0.01005198899656534 0.0531533770263195 0.009938678704202175
767 -0.002365632448345423 0.03858669102191925 0.007955329492688179
768 -9.944137127604336e-05 0.05078839510679245 0.008699034340679646
769 -0.002399154473096132 0.05986709892749786 0.01067326311022043
770 -0.01201506797224283 0.06348323076963425 0.01208477467298508
771 -0.001227415865287185 0.05090680718421936 -0.008694430813193321
772 0.0003232935850974172 0.03512690588831902 0.003451712429523468
773 -0.0008501329575665295 0.06602151691913605 -0.01330129243433475
774 -0.007704739924520254 0.06074171513319016 0.002646575914695859
775 -0.001339773065410554 0.06572495400905609 -0.01032790169119835
776 -0.008563036099076271 0.04602164775133133 -0.01078746002167463
777 -0.007566528394818306 0.06679245084524155 -0.00501737929880619
778 -0.01117682550102472 0.06545909494161606 -0.01035413052886724
779 -0.005624412093311548 0.04217652231454849 0.00227378262206912
780 -0.00793860200792551 0.04337001964449883 0.002134284470230341
781 -0.002572623547166586 0.05794362723827362 -0.006596443243324757
782 0.0005112343933433294 0.06788944453001022 0.006698952056467533
783 -0.009808194823563099 0.06324039399623871 0.004632157739251852
784 -0.003318410599604249 0.05827163904905319 -0.007017322350293398
785 -0.01196352299302816 0.04992496222257614 -0.0009085240890271962
786 -0.002795480191707611 0.06867948174476624 0.007812423631548882
787 -0.01194902136921883 0.04611071571707726 0.002813823753967881
788 -0.001178789185360074 0.03937183693051338 -0.010234828107059
789 -0.001034708344377577 0.06574241071939468 -0.0094437375664711
790 -0.004191493149846792 0.07019453495740891 0.006699545308947563
791 -0.01094105560332537 0.0637967437505722 -0.00875545758754015
792 0.001983656780794263 0.06869034469127655 -0.00573081849142909
793 -0.00225896155461669 0.06188858672976494 0.01073649432510138
794 -0.0009184766677208245 0.03720156475901604 -0.01142040081322193
795 0.001859328127466142 0.04405665397644043 0.01069090887904167
796 -0.002920707920566201 0.05190737172961235 -0.01076741889119148
797 -0.01202848367393017 0.06693617254495621 0.01158198900520802
798 -0.006109933368861675 0.06739597022533417 -0.003243998624384403
799 -0.008717358112335205 0.04045437276363373 0.01242100913077593
800 -0.008229832164943218 0.06811819225549698 0.006699973251670599
801 -0.01042045187205076 0.04474295675754547 -0.0006642738590016961
802 -0.001858609030023217 0.06477215141057968 -0.009328281506896019
803 -0.00190248538274318 0.05727520957589149 -0.006006775423884392
804 -0.01203152164816856 0.06782279908657074 -0.0001810146932257339
805 -0.0006638819468207657 0.05333559215068817 0.0127002764493227
806 -0.001651671016588807 0.05759681761264801 -0.007069012150168419
807 -5.044847057433799e-05 0.0674796849489212 -0.008526927791535854
808 8.682008228788618e-06 0.06338747590780258 -0.01256902143359184
809 -0.009811182506382465 0.04517118260264397 0.01059321872889996
810 -0.001315001049079001 0.05834558233618736 -0.007682246156036854
811 0.001424856134690344 0.06837085634469986 0.01265846099704504
812 8.36130311654415e-06 0.06370007246732712 -0.01030759140849113
813 -0.008574195206165314 0.04037614911794662 0.006350413430482149
814 -0.003995680715888739 0.04847399145364761 -0.01080245152115822
815 -0.001828566193580627 0.06542692333459854 -0.008676134981215
816 -0.008756186813116074 0.05681301280856133 -0.01044303085654974
817 -0.00921898614615202 0.0407530888915062 -0.004044232424348593
818 -0.0119228670373559 0.04679498448967934 0.001462407526560128
819 -0.004267593380063772 0.05930342152714729 0.01270040217787027
820 -0.007184723392128944 0.06441514194011688 -0.003875304479151964
821 -0.01295474078506231 0.06444202363491058 -0.01004958432167768
822 -0.01134853437542915 0.04898346960544586 -0.01255576871335506
823 -0.002166779013350606 0.0546976625919342 -0.008700271137058735
824 -0.009880709461867809 0.05447175353765488 -0.006938202772289515
825 -0.01200905907899141 0.06190326437354088 0.006034731399267912
826 -0.002392839174717665 0.06570228189229965 -0.009733830578625202
827 -0.003314431291073561 0.05718706920742989 0.01070933975279331
828 0.0009800585685297847 0.06811957806348801 -0.006538596004247665
829 -0.01194798573851585 0.04583976790308952 0.007080432027578354
830 -0.01206506136804819 0.06236276775598526 -0.01089910231530666
831 -0.005531167611479759 0.03859487920999527 0.001093255588784814
832 -0.00744346808642149 0.04861030355095863 0.01269748527556658
833 0.0001604932331247255 0.05904911458492279 -0.01001922693103552
834 -0.01199490763247013 0.05821902304887772 -0.010776711627841
835 -0.009704538621008396 0.06840236485004425 0.01283733267337084
836 -0.001829419285058975 0.06472222506999969 -0.007867054082453251
837 -0.001229967339895666 0.03603292256593704 0.006413836032152176
838 3.063403346459381e-05 0.06673616915941238 -0.01030522212386131
839 -0.006797969341278076 0.06935839354991913 -0.004500847775489092
840 -0.006797969341278076 0.06935839354991913 0.004499151837080717
841 -0.01037436071783304 0.06459566205739975 -0.008822964504361153
842 -0.006155133247375488 0.05560021102428436 0.006609417498111725
843 -0.008105086162686348 0.04754170775413513 -0.0002697903255466372
844 -0.002121928846463561 0.06739594042301178 0.01391423866152763
845 -0.004916961304843426 0.06207078695297241 -0.01058710459619761
846 -0.01198190823197365 0.05476095527410507 -0.004851007368415594
847 -0.002617100020870566 0.0368519090116024 0.01080555003136396
848 -0.002000084379687905 0.05986005812883377 -0.008700761012732983
849 -0.008902791887521744 0.04306653141975403 -0.01030861679464579
850 0.001801647013053298 0.05918268486857414 0.01065041497349739
851 -0.005184827838093042 0.06096823513507843 -0.001930185593664646
852 0.001822247984819114 0.05378236249089241 -0.01069825328886509
853 -0.003673400264233351 0.04662873223423958 0.008698671124875546
854 -0.003643742762506008 0.05254841968417168 -0.008700285106897354
855 -0.008435438387095928 0.05515818297863007 -0.01270038448274136
856 -0.00977095402777195 0.05770159512758255 -0.005922837648540735
857 -0.01196177396923304 0.04946067929267883 -0.003231422044336796
858 -0.0002950336202047765 0.06738325953483582 -0.01114697568118572
859 -0.00741228461265564 0.06373448669910431 -0.006340830121189356
860 -0.009002751670777798 0.04062709212303162 0.009005149826407433
861 -0.004070483613759279 0.04537292942404747 -0.008699844591319561
862 -0.01201735157519579 0.06408322602510452 0.003866079729050398
863 -0.0101099694147706 0.04669554531574249 0.004349153023213148
864 -0.01072853896766901 0.0701553001999855 -0.009018664248287678
865 -0.001435585552826524 0.0594019889831543 -0.005916424095630646
866 -0.01257073320448399 0.0638805478811264 -0.01057363301515579
867 -0.005093876738101244 0.06766478717327118 -0.01033645868301392
868 0.0018753323238343 0.05813731998205185 -0.01082589756697416
869 -0.0003305392747279257 0.06572190672159195 -0.00901326909661293
870 -0.007941937074065208 0.04337000474333763 -0.0002109519991790876
871 -0.0119658662006259 0.05054959282279015 0.009845123626291752
872 -0.01185779180377722 0.043355792760849 -0.001513653667643666
873 -0.009340276010334492 0.06306036561727524 -0.006806649267673492
874 -0.006604163441807032 0.05721361190080643 0.0126970000565052
875 0.002654205309227109 0.05210369080305099 -0.008700448088347912
876 0.002902280073612928 0.04443256556987762 -0.008676501922309399
877 -0.003520016092807055 0.04104200378060341 -0.004363960586488247
878 0.002859313739463687 0.07039514929056168 -0.002192205283790827
879 -0.009891253896057606 0.05460646748542786 3.423404632485472e-05
880 -0.001000574557110667 0.06564662605524063 -0.008556535467505455
881 -0.008341845124959946 0.0626743957400322 0.01162488013505936
882 -0.01040154136717319 0.04682433605194092 -0.004350848030298948
883 -0.001586373662576079 0.05706740543246269 -0.00870036892592907
884 -0.007043474353849888 0.07034982740879059 -0.004817328881472349
885 -0.01153731346130371 0.06934039294719696 -8.479699999952572e-07
886 -0.002057506470009685 0.06908220052719116 -0.0002772253646980971
887 -0.003361792303621769 0.06610025465488434 0.006499154027551413
888 -0.00436422461643815 0.06936763972043991 0.002105571096763015
889 -0.002404604805633426 0.06245250627398491 -0.01260136719793081
890 -0.009759606793522835 0.05883161723613739 -0.01097674574702978
891 -0.003732835175469518 0.05377601087093353 0.01064660679548979
892 -0.006917266640812159 0.05967031419277191 0.01066410262137651
893 -0.008922549895942211 0.06048611178994179 -0.005113554187119007
894 -0.003794167889282107 0.05424214154481888 -0.01039596926420927
895 -0.003936792723834515 0.03766143321990967 -0.005464698188006878
896 -0.002043671440333128 0.06544368714094162 -0.0004312756354920566
897 -0.01002143230289221 0.04122796282172203 0.005201772786676884
898 -0.005344137083739042 0.06075173988938332 0.002213492058217525
899 -0.008738522417843342 0.04781839624047279 0.004349153023213148
900 -0.008092598989605904 0.06734475493431091 0.004011244978755713
901 -0.005245049484074116 0.04072265699505806 0.01035763416439295
902 -0.01042414363473654 0.05631805956363678 -0.003602744545787573
903 -0.007107271812856197 0.05835568532347679 -0.0001708860800135881
904 -0.01047611236572266 0.05325965583324432 -8.475050208289758e-07
905 -0.007939332164824009 0.05455178022384644 0.003779716091230512
906 -0.007676230277866125 0.05890136212110519 -0.01102853007614613
907 -0.006422415375709534 0.0460117943584919 -0.01056312955915928
908 -0.003505734726786613 0.06092176213860512 -0.00248268386349082
909 -0.002874266356229782 0.05606201663613319 0.008698794059455395
910 -0.01084713451564312 0.05121146142482758 -0.01057485025376081
911 -0.009145497344434261 0.05787063390016556 -0.002383866347372532
912 -0.007206302136182785 0.04705007001757622 -0.01270029041916132
913 -0.007502041757106781 0.04226231202483177 0.01089787017554045
914 -0.004720398224890232 0.03812046721577644 0.00385561864823103
915 -0.005655909422785044 0.05883288756012917 -0.006276392843574286
916 -0.01183751691132784 0.0422968715429306 0.002769320504739881
917 -0.01198808010667562 0.05634978413581848 -0.01249456685036421
918 -0.009798049926757812 0.05426153168082237 -0.001608900027349591
919 -0.0005505015142261982 0.04592322930693626 0.008698960766196251
920 -0.009055197238922119 0.07034977525472641 -0.01005814410746098
921 -0.003476182464510202 0.05667614191770554 -0.001054336666129529
922 -0.000185276978299953 0.04244040697813034 0.008588183671236038
923 -0.005140630528330803 0.06828644871711731 -0.01308089215308428
924 -0.01194361038506031 0.04468275234103203 0.0009687882848083973
925 -0.00858279038220644 0.04240981489419937 0.005351414438337088
926 -0.009961570613086224 0.06749734282493591 -0.008929776959121227
927 -0.01198895368725061 0.05661341547966003 -0.005799739621579647
928 -0.008638549596071243 0.04395619034767151 0.01269767433404922
929 -0.006984247360378504 0.06521204113960266 0.004852390382438898
930 -0.008235534653067589 0.0428311750292778 0.009235803969204426
931 -0.00711282342672348 0.0630047395825386 0.004444022662937641
932 -0.005111545324325562 0.05890734121203423 -0.01084377616643906
933 -0.003538937773555517 0.05784543603658676 -0.006035925354808569
934 -0.01064228732138872 0.05710748583078384 -0.0005006247665733099
935 -0.005111557897180319 0.06063460931181908 -0.009938899427652359
936 -0.009770408272743225 0.05591461434960365 -0.001387922675348818
937 -0.0002673757553566247 0.06583458185195923 0.001072652637958527
938 -0.01197173353284597 0.05208410695195198 -0.003242006758227944
939 -0.01197341457009315 0.06448757648468018 -0.009387463331222534
940 -0.01093691028654575 0.0482991635799408 -0.01148723997175694
941 -0.0008466597646474838 0.0663808211684227 -0.008996322751045227
942 -0.01195348612964153 0.04728066548705101 -0.001262814155779779
943 0.0007115056505426764 0.0686771497130394 -0.01317333709448576
944 -0.005573139991611242 0.04214887693524361 0.005361735355108976
945 -0.002658557379618287 0.05901415646076202 -0.006014233455061913
946 -0.001195902703329921 0.0702533945441246 -0.01462012529373169
947 -0.006710917688906193 0.06146939843893051 0.01270002964884043
948 -0.008155346848070621 0.0664122998714447 0.0002850025775842369
949 -0.0009120780159719288 0.03804049640893936 0.009559112600982189
950 -0.006583249196410179 0.05909522250294685 0.00665626535192132
951 -0.002088413340970874 0.05163902789354324 0.01066176872700453
952 -0.001034134184010327 0.03596248850226402 -0.006849635392427444
953 -0.001655258471146226 0.06018910184502602 -0.005356910638511181
954 -0.008873281069099903 0.06873995065689087 -0.01115823723375797
955 -0.00655690860003233 0.04818687215447426 0.00286533497273922
956 -7.433960126945749e-05 0.06425078213214874 0.01276684459298849
957 -0.01045808382332325 0.04850969091057777 0.002107672160491347
958 -0.004806548822671175 0.05466858670115471 -0.01270032487809658
959 -0.004467136226594448 0.06936724483966827 -0.002520964946597815
960 -0.005745763424783945 0.05971173942089081 -0.008499935269355774
961 -0.006790666840970516 0.05951187387108803 -0.01269941870123148
962 -0.01045998558402061 0.04901080951094627 -0.002275597071275115
963 -0.007624418474733829 0.06062013283371925 0.008496392518281937
964 -0.01047495845705271 0.05295557901263237 -0.002011851174756885
965 -0.01203368417918682 0.06833060085773468 -0.003440752625465393
966 -0.009535268880426884 0.06499367952346802 -0.001748242997564375
967 -0.003835364710539579 0.06838409602642059 0.01263699680566788
968 -0.005670986603945494 0.04220165684819221 -0.006626816000789404
969 -0.01200283877551556 0.06026607751846313 0.0001519586221547797
970 -0.008607090450823307 0.04425045102834702 -0.01269981078803539
971 -0.009167641401290894 0.06934939324855804 -0.004500847775489092
972 -0.01265990640968084 0.05013608559966087 -0.01225756015628576
973 -0.01193881034851074 0.04335475340485573 0.004430634435266256
974 0.001830242807045579 0.05168386548757553 0.0106704905629158
975 -0.001785024418495595 0.06471078097820282 -0.01095076929777861
976 -0.002882210537791252 0.05852624773979187 -0.006095318589359522
977 -0.00101525173522532 0.07013890147209167 0.01470405701547861
978 -0.006002526730298996 0.05254464596509933 -0.01074729021638632
979 -0.004961923696100712 0.05336091294884682 0.008698976598680019
980 -0.002860004547983408 0.06063561141490936 -0.005867331754416227
981 -0.003305329475551844 0.03892146423459053 0.009899922646582127
982 -0.01069491542875767 0.04733537510037422 0.007501560728996992
983 -0.01196143124252558 0.04938269034028053 0.004594388883560896
984 -0.005297651514410973 0.05160129815340042 0.01019608974456787
985 -0.009358491748571396 0.06934867054224014 0.002097399206832051
986 -0.01060418970882893 0.04487569630146027 0.01269882824271917
987 0.0007875481387600303 0.05774770304560661 -0.008682843297719955
988 -0.001340878196060658 0.06751988083124161 -0.009645291604101658
989 -0.008641654625535011 0.06720814853906631 0.01372962258756161
990 -0.0002910230250563473 0.04102402552962303 -0.00867889728397131
991 -0.005457452498376369 0.06311022490262985 0.003259937046095729
992 -0.003558502066880465 0.05871601775288582 -0.006514805369079113
993 -0.0002521583228372037 0.06085502728819847 0.01098178792744875
994 -0.006752912420779467 0.05524902418255806 -0.007485364098101854
995 -0.009823020547628403 0.04329126328229904 0.01038384065032005
996 -0.0120144160464406 0.06330977380275726 -0.007885611616075039
997 -0.002571502234786749 0.05898238345980644 -0.005246836692094803
998 -0.007517960388213396 0.07035566866397858 0.006899551954120398
999 -0.0005640160525217652 0.0660947859287262 -0.01005689892917871
1000 -0.004406021907925606 0.03793623670935631 -0.001490087131969631
1001 -0.003753758501261473 0.06090741232037544 -0.01041799783706665
1002 -0.01199146173894405 0.0572923831641674 0.01082492154091597
1003 -0.01199442055076361 0.05805262550711632 -0.007385971955955029
1004 -0.007097954861819744 0.06448609381914139 0.01286179851740599
1005 -0.003398011904209852 0.06848248839378357 -0.009139507077634335
1006 0.002983936108648777 0.0375354140996933 0.0009070784435607493
1007 -0.01249987352639437 0.06055577471852303 -0.0099406773224473
1008 4.346841160440817e-05 0.06602858006954193 -0.009545479901134968
1009 -0.008074494078755379 0.06065384671092033 -0.002166970632970333
1010 -0.002133614849299192 0.06319282203912735 0.009661820717155933
1011 -0.001754356897436082 0.06019657477736473 -0.006868986878544092
1012 -0.007707131095230579 0.07029490172863007 -0.006339309271425009
1013 -0.004967863205820322 0.06397397071123123 -0.01030312571674585
1014 -0.01055736094713211 0.04791365563869476 -0.01078213751316071
1015 -0.002313548233360052 0.05948290973901749 -0.006522233597934246
1016 -0.01193487644195557 0.04235439002513885 0.009524509310722351
1017 -0.0008573574014008045 0.05780121311545372 0.01033923588693142
1018 -0.01193487644195557 0.04235439002513885 -0.009593283757567406
1019 -0.01194020360708237 0.04369350522756577 0.006535200867801905
1020 0.00182768062222749 0.07039084285497665 -0.004001243505626917
1021 -0.006521199829876423 0.05362650007009506 0.01067964266985655
1022 -0.01195994205772877 0.04895994812250137 -0.01193446572870016
1023 -0.009519590064883232 0.06207580119371414 -0.01269660983234644
1024 -0.003979264292865992 0.07036916166543961 0.01208678353577852
1025 -0.01202741730958223 0.06665632873773575 -0.01343532186001539
1026 -0.01134628243744373 0.04879174754023552 -0.01157880574464798
1027 -0.007127517368644476 0.0619686134159565 -0.01266460120677948
1028 0.001482121646404266 0.06862332671880722 -0.01195558998733759
1029 -0.01157720107585192 0.06471054255962372 -0.008928201161324978
1030 -0.004618952516466379 0.06123681366443634 0.008496804162859917
1031 -0.008280454203486443 0.06107348948717117 -0.007142335642129183
1032 -0.00719916820526123 0.05823080241680145 0.001980024622753263
1033 -0.00832777377218008 0.06309948116540909 0.01269983127713203
1034 0.001265761791728437 0.0598733015358448 -0.008682036772370338
1035 -0.008705301210284233 0.05579794198274612 -0.00257673510350287
1036 -0.001020878902636468 0.06032499670982361 -0.01016945671290159
1037 -0.001883057993836701 0.06491416692733765 -0.006500847171992064
1038 -0.006435480900108814 0.06893967092037201 0.006699804216623306
1039 -0.008782332763075829 0.04978162422776222 -0.002112948335707188
1040 -0.0004976764321327209 0.05694271624088287 0.0001740644802339375
1041 -0.007527543231844902 0.05079829692840576 0.01269774604588747
1042 -0.008498759008944035 0.05605961754918098 -0.00411329185590148
1043 -0.00801133643835783 0.05638024210929871 -0.006243146024644375
1044 -0.004585552494972944 0.06159218773245811 0.01046807039529085
1045 0.002870338736101985 0.06744569540023804 0.01365644205361605
1046 -0.01037559844553471 0.05116172507405281 -8.475050208289758e-07
1047 -0.005186581052839756 0.05901752412319183 -0.0006612640572711825
1048 -0.0120006175711751 0.05968297272920609 0.003561105811968446
1049 -0.004670026712119579 0.05761836469173431 -0.007671530824154615
1050 -0.01248675212264061 0.0644419938325882 -0.009753569029271603
1051 -0.01144799590110779 0.06430429965257645 -0.00912932213395834
1052 -0.00805878359824419 0.04869996383786201 -0.007078989874571562
1053 -0.01038584392517805 0.05104142427444458 -0.004350848030298948
1054 -0.001798549783416092 0.06845708936452866 0.009032686240971088
1055 -0.01201972644776106 0.06470941752195358 -0.003501416882500052
1056 -0.006356420461088419 0.06746421754360199 -0.01394503004848957
1057 -0.01184677984565496 0.06404539942741394 -0.01070484984666109
1058 -0.006419684272259474 0.05740166828036308 0.005481406580656767
1059 -0.01091869734227657 0.06248393282294273 -0.007655270863324404
1060 -0.005476923659443855 0.05855918675661087 0.005388102028518915
1061 -0.01086527854204178 0.04335898905992508 0.0001547153515275568
1062 -0.006931047886610031 0.07033397257328033 -0.01449141278862953
1063 -0.005258878227323294 0.05865928158164024 -0.004350848030298948
1064 -0.01044137496501207 0.06134914234280586 -0.006732851266860962
1065 -0.007938915863633156 0.04635820165276527 0.009790627285838127
1066 -0.008075867779552937 0.05318494886159897 -0.006956989411264658
1067 -0.009857569821178913 0.0433628186583519 -0.00274668401107192
1068 -0.006439425982534885 0.05543319508433342 0.002064298139885068
1069 0.00209038145840168 0.0359610803425312 0.002662091050297022
1070 -0.00976774375885725 0.05095628648996353 -0.01076711900532246
1071 -0.0117796054109931 0.06690476834774017 0.01374233979731798
1072 -0.006716120056807995 0.06822802126407623 -0.009944087825715542
1073 -0.01175913028419018 0.04440473020076752 -0.01258442271500826
1074 -0.01202041283249855 0.06484635174274445 0.008485731668770313
1075 -0.003933242056518793 0.07036908715963364 -0.009139295667409897
1076 -0.01167735550552607 0.06402572244405746 -0.009798547253012657
1077 -0.00334245408885181 0.06125101074576378 -0.004350848030298948
1078 -0.01046809274703264 0.05114684998989105 0.002291611162945628
1079 -0.009152487851679325 0.04837029799818993 -0.001463053515180945
1080 -0.0004315163823775947 0.06655874103307724 -0.009348648600280285
1081 -0.002050475217401981 0.06723301112651825 0.001860846416093409
1082 -0.009358491748571396 0.06934867054224014 -0.002402600599452853
1083 -0.01199436094611883 0.05807190015912056 -0.009065336547791958
1084 -0.00205075740814209 0.06730721890926361 -0.004445934668183327
1085 -0.009380628354847431 0.04084756597876549 -0.007056125905364752
1086 -0.00611414248123765 0.0571320429444313 -0.01270048506557941
1087 -0.0002378912176936865 0.04077114164829254 0.008705553598701954
1088 -0.01046691183000803 0.05083568766713142 -0.002176277805119753
1089 -0.001677761552855372 0.06168480589985847 -0.004539275076240301
1090 -0.002048840979114175 0.06680323928594589 -0.00255643087439239
1091 -0.0002611584204714745 0.06517525017261505 0.009756854735314846
1092 -0.006399657111614943 0.06322446465492249 0.006235224660485983
1093 -0.008681350387632847 0.0557890497148037 1.721302760415711e-05
1094 -0.009181482717394829 0.04802409932017326 0.006300441920757294
1095 -0.009961745701730251 0.06669513136148453 0.01196540519595146
1096 -0.009910630062222481 0.04337326809763908 0.007873605005443096
1097 -0.006736669223755598 0.06558751314878464 -0.0132636371999979
1098 -0.0103773633018136 0.0663224384188652 0.0135329095646739
1099 -0.00983577873557806 0.05673370510339737 0.004027131013572216
1100 0.000809013843536377 0.07038633525371552 0.001869688159786165
1101 -0.00829536747187376 0.05447909608483315 -0.00366379669867456
1102 -0.001278662122786045 0.05509073287248611 0.01079452224075794
1103 -0.01079417485743761 0.0666220560669899 0.01029715780168772
1104 -0.007639837451279163 0.06219255924224854 -0.006141728721559048
1105 -0.009839316830039024 0.06477567553520203 0.006499154027551413
1106 -0.005570137873291969 0.06044460833072662 0.0002356266923015937
1107 0.0002523899893276393 0.05934247002005577 -0.008691667579114437
1108 -0.01202654466032982 0.06643357127904892 0.008832881227135658
1109 -0.003086436307057738 0.05977043882012367 -0.006091971881687641
1110 -0.001648322329856455 0.05941884592175484 -0.007517867255955935
1111 -0.008898675441741943 0.05501482263207436 0.008699427358806133
1112 -0.005992427933961153 0.06259965896606445 -0.002252670004963875
1113 -0.006136959418654442 0.04245502501726151 0.008697101846337318
1114 -0.01022731047123671 0.04336103424429893 0.002021316904574633
1115 0.002874601865187287 0.06639288365840912 0.001658973866142333
1116 -0.005009432323276997 0.06768409162759781 0.006498728878796101
1117 0.0004312458331696689 0.03510492295026779 -0.004435382783412933
1118 0.001523579587228596 0.07039003074169159 0.008629354648292065
1119 -0.005898792762309313 0.04232444986701012 0.0001314555120188743
1120 3.337860107421875e-05 0.06401018798351288 0.002310000825673342
1121 -0.001447234186343849 0.06860484927892685 -0.01268188655376434
1122 -0.007801292929798365 0.05463296547532082 0.0008421596139669418
1123 -0.005746173672378063 0.06881804019212723 -0.01443687546998262
1124 -0.009942532517015934 0.05561408400535583 -0.008701490238308907
1125 -0.007481384091079235 0.06831468641757965 0.01177881564944983
1126 -0.001453040866181254 0.06651364266872406 -0.008351568132638931
1127 0.0007035923190414906 0.06125609576702118 0.00869446899741888
1128 -0.00705237640067935 0.06086063757538795 0.004491851665079594
1129 0.0008078579558059573 0.06114827841520309 0.0002600677835289389
1130 -0.01198967080563307 0.05680572241544724 0.006381891202181578
1131 -0.01201414223760366 0.06324430555105209 -0.00877160020172596
1132 -0.007927807979285717 0.06221518665552139 0.007377133704721928
1133 -0.006380282808095217 0.05546794086694717 0.004735753405839205
1134 -0.01170212589204311 0.04221688583493233 -0.003432718338444829
1135 -0.007428780198097229 0.07035171240568161 0.005115739535540342
1136 -0.003232268616557121 0.06822242587804794 -0.01189758069813251
1137 -0.01197134703397751 0.05199478939175606 0.005876925308257341
1138 -0.008636386133730412 0.05223559588193893 -0.01077087875455618
1139 -0.00169856077991426 0.06830664724111557 -0.009397776797413826
1140 -0.006315539591014385 0.06858405470848083 0.00824025459587574
1141 -0.006825605407357216 0.05271570757031441 0.002953288145363331
1142 -0.007373093161731958 0.05082752555608749 -0.009832883253693581
1143 -0.006019675172865391 0.06865912675857544 -0.009494776837527752
1144 -0.003219266189262271 0.06610632687807083 0.01019817963242531
1145 -0.008356579579412937 0.06339532136917114 0.006441645789891481
1146 -0.001763266860507429 0.06814516335725784 0.01199556887149811
1147 -0.009023039601743221 0.05731265619397163 -0.000158058333909139
1148 -0.001734569785185158 0.0638042688369751 -6.784995321140741e-07
1149 -0.001370375277474523 0.06878353655338287 0.01273698732256889
1150 -0.0007096198969520628 0.06301163136959076 0.01057706214487553
1151 -0.01061784755438566 0.06617047637701035 -0.01348023675382137
1152 -0.01199103333055973 0.05716093629598618 -0.002369010122492909
1153 -0.0004006555827800184 0.03763154521584511 -0.004676653072237968
1154 -0.01196991838514805 0.05160101875662804 -0.006109058391302824
1155 -0.0120114479213953 0.06252771615982056 -0.00589968916028738
1156 -0.01127612870186567 0.06960378587245941 -0.01276182010769844
1157 -0.007501364219933748 0.05021101608872414 -0.01270031277090311
1158 -0.008403371088206768 0.06516376137733459 -0.006500847171992064
1159 -0.009271672926843166 0.05884474888443947 0.006319160107523203
1160 -0.0008705674554221332 0.06804163008928299 -0.008086850866675377
1161 -0.0008369594579562545 0.0681806206703186 -0.009936511516571045
1162 -0.009969955310225487 0.04336262494325638 -0.0007950357394292951
1163 -0.01222356501966715 0.06224945187568665 -0.008720866404473782
1164 -0.002908923197537661 0.07037308812141418 0.01290143467485905
1165 -0.005429746583104134 0.05692883208394051 0.002555932849645615
1166 -0.009095873683691025 0.06632586568593979 0.01027130335569382
1167 -0.007830716669559479 0.04165707901120186 -0.001015385845676064
1168 -0.01002143789082766 0.04482206702232361 -0.004354771692305803
1169 -0.0005316403112374246 0.06845968961715698 0.01286977995187044
1170 -2.839919216057751e-05 0.06851319223642349 -0.008551127277314663
1171 -0.01023572590202093 0.06740593910217285 -0.006500847171992064
1172 -0.009400331415235996 0.06887227296829224 -0.01292651239782572
1173 -0.01193875353783369 0.04334059357643127 0.001678121392615139
1174 -0.00206335517577827 0.07037410140037537 0.004871821496635675
1175 -0.004484832286834717 0.05787013471126556 0.008366653695702553
1176 -0.0005911152111366391 0.06606432050466537 -0.0009071516105905175
1177 -0.005482611712068319 0.06301719695329666 -0.004349307622760534
1178 -0.01197754964232445 0.05354715883731842 -0.01064582541584969
1179 -0.003140019252896309 0.05925549939274788 -0.006084246560931206
1180 -0.01035784464329481 0.06470490247011185 0.01000805199146271
1181 -0.0002023561100941151 0.06838362663984299 -0.01111392769962549
1182 -0.01040293090045452 0.06429958343505859 -0.005314795766025782
1183 -0.007070941384881735 0.05813645198941231 -0.002039612736552954
1184 -0.00110575754661113 0.06778500229120255 0.01111615356057882
1185 -0.002030512550845742 0.06220582500100136 -0.0106210270896554
1186 -0.009923644363880157 0.06883788108825684 -0.01444911397993565
1187 -0.010398686863482 0.06716703623533249 -0.01212042849510908
1188 -0.004934870172291994 0.0654689148068428 0.01040719728916883
1189 -0.006457514129579067 0.04848802834749222 -0.007257314864546061
1190 0.000863906170707196 0.06892750412225723 -0.0103697944432497
1191 -0.006870721932500601 0.04284845665097237 0.003408752614632249
1192 -0.00783130619674921 0.05665170773863792 0.006067108828574419
1193 -0.01195063441991806 0.04651951789855957 -0.006636384874582291
1194 -0.006302659399807453 0.06850995868444443 0.00977784488350153
1195 -0.007239414844661951 0.06380563974380493 -0.012666005641222
1196 -0.009997166693210602 0.05446922034025192 0.002562184119597077
1197 -0.006508226972073317 0.05111101642251015 0.0113831777125597
1198 0.002765920478850603 0.07039284706115723 0.01034046057611704
1199 -0.006955422461032867 0.06854060292243958 0.01104631088674068
1200 -0.007457923144102097 0.06809137761592865 -0.01041456963866949
1201 -0.003839556127786636 0.06237750872969627 -0.006066922564059496
1202 -0.007850765250623226 0.05754354223608971 0.008699328638613224
1203 -0.01203350536525249 0.06823226809501648 -0.01256297901272774
1204 -0.005949407815933228 0.06900369375944138 0.01240679156035185
1205 -0.006413219030946493 0.0596022866666317 -0.005169960204511881
1206 -0.006285991054028273 0.05947178602218628 -0.002370830392464995
1207 -0.006896904669702053 0.06059088930487633 -0.003800291568040848
1208 -0.009117935784161091 0.07034959644079208 -0.008162509649991989
1209 -0.003816676558926702 0.06678745895624161 -0.005103989504277706
1210 -0.0048870206810534 0.06900998950004578 0.008261057548224926
1211 -0.01200072281062603 0.05971088260412216 -0.006267889868468046
1212 -0.009506002999842167 0.04869029670953751 -0.0127004710957408
1213 -0.01091493014246225 0.05399376526474953 0.001640453934669495
1214 -0.006487226579338312 0.06828639656305313 -0.008140613324940205
1215 -0.005362721160054207 0.06333179771900177 -0.006548654288053513
1216 -0.00474628247320652 0.06845061480998993 0.01417299918830395
1217 -0.007061632815748453 0.04639393091201782 0.0126968314871192
1218 -0.01194308884441853 0.04454730451107025 -0.01022530719637871
1219 -0.002043280517682433 0.06534086167812347 -0.002411148510873318
1220 -0.009635980241000652 0.05447229743003845 -0.004923633765429258
1221 -0.007381083909422159 0.05655601248145103 -0.002678139600902796
1222 -0.01197087205946445 0.05186169594526291 0.000452633568784222
1223 -0.008737077005207539 0.06893499195575714 0.01177699491381645
1224 -0.01043531391769648 0.05579574406147003 0.0005798921338282526
1225 -0.002305906033143401 0.06892240792512894 -0.01046233344823122
1226 -0.004874274600297213 0.05915277078747749 -0.002573700388893485
1227 -0.005238888785243034 0.05309001728892326 -0.008700503036379814
1228 -0.006615089252591133 0.04579608887434006 0.008699136786162853
1229 -0.009752800688147545 0.06274982541799545 0.01269946247339249
1230 -0.005043310578912497 0.04632076248526573 0.01051392871886492
1231 -0.007702055387198925 0.05663776770234108 -0.0009997459128499031
1232 -0.001092399004846811 0.0683540552854538 0.008103352040052414
1233 0.001118088723160326 0.06638116389513016 0.01354068145155907
1234 0.002703237580135465 0.06080324947834015 0.01270333211869001
1235 -0.01195774227380753 0.04841778799891472 0.008780484087765217
1236 -0.01195386331528425 0.04737583920359612 -0.004042242653667927
1237 -0.008513012900948524 0.06871755421161652 0.01440254505723715
1238 -0.006658369209617376 0.05744235962629318 -0.00728635024279356
1239 -0.005325693637132645 0.06567688286304474 -0.01026248373091221
1240 -0.002326433546841145 0.06080334261059761 -0.005031197797507048
1241 -0.00778901157900691 0.06825176626443863 0.008959830738604069
1242 -0.007768441457301378 0.04948828741908073 -0.0004181242547929287
1243 -0.00651715649291873 0.06834667921066284 0.01291714049875736
1244 -0.005966242402791977 0.04267314076423645 -0.008698382414877415
1245 -0.009154479950666428 0.05064744129776955 -0.005356861278414726
1246 0.002615662524476647 0.06755912303924561 -0.01386721432209015
1247 -0.00746067613363266 0.06901764124631882 0.01359474565833807
1248 -0.006686380133032799 0.05528811365365982 -0.005992498714476824
1249 -0.007532977033406496 0.05659219995141029 0.0009145240182988346
1250 -0.002906693611294031 0.06406415998935699 0.002156688133254647
1251 -0.007622153032571077 0.05895085260272026 -0.006562705617398024
1252 0.001301609445363283 0.06208394840359688 -0.008614394813776016
1253 0.001343131065368652 0.07038754224777222 -0.008308324031531811
1254 -0.01029875315725803 0.06810601055622101 0.008524089120328426
1255 -0.009781744331121445 0.04358484968543053 0.006110965274274349
1256 -0.003757311729714274 0.07036972790956497 -0.01081731822341681
1257 -0.01019124966114759 0.04336117580533028 0.004412520211189985
1258 -0.0005080699920654297 0.0691382959485054 0.006699231918901205
1259 -0.009904644452035427 0.045515026897192 -0.006438898388296366
1260 -0.01024576555937529 0.05744045227766037 -0.0100556593388319
1261 -0.01006306987255812 0.06322319805622101 0.007175833452492952
1262 -0.008972060866653919 0.04586705192923546 0.005602919030934572
1263 -0.00843711756169796 0.07033649086952209 -0.01448659598827362
1264 -0.003582145785912871 0.06314623355865479 -0.003996041603386402
1265 -0.01198187377303839 0.05475421622395515 0.002112241927534342
1266 -0.00709808524698019 0.04486210644245148 0.01065275631844997
1267 -0.007754360791295767 0.07035033404827118 0.01373466104269028
1268 -0.008195472881197929 0.05738747864961624 -0.008497097529470921
1269 -0.01203362364321947 0.06826402992010117 0.01267384085804224
1270 -0.01195286680012941 0.04712752252817154 0.005263117142021656
1271 -0.004190390929579735 0.06631015241146088 0.01202487107366323
1272 -0.00655725784599781 0.06853964179754257 0.01433553081005812
1273 -0.006480009760707617 0.05210655182600021 -0.003069155616685748
1274 0.0006964194471947849 0.06708633154630661 -0.01371682900935411
1275 -0.008205371908843517 0.06460604816675186 -0.01290134899318218
1276 -0.003098001005128026 0.06315144151449203 0.006463788449764252
1277 -0.01037840358912945 0.05234609544277191 0.01149971224367619
1278 0.0004043899243697524 0.06829293817281723 0.014237429946661
1279 -0.001745033310726285 0.07025634497404099 -0.006311735603958368
1280 -0.002422338584437966 0.06427843868732452 0.008516695350408554
1281 1.864147634478286e-05 0.0688646212220192 -0.009429579600691795
1282 5.257419252302498e-05 0.06842321902513504 0.01233040168881416
1283 -0.007199732586741447 0.06814756244421005 0.008170316927134991
1284 -0.000502438866533339 0.06689061969518661 -0.004498207475990057
1285 -0.01196054369211197 0.04913320392370224 -0.005442478228360415
1286 -0.01045091170817614 0.04662016406655312 0.001148080918937922
1287 -0.006738019641488791 0.05191827937960625 -0.008700704202055931
1288 -0.001345299766398966 0.054258082062006 0.00867945235222578
1289 -0.01045514643192291 0.04773573204874992 -0.003023560391739011
1290 -0.008427802473306656 0.06397374719381332 -0.008681821636855602
1291 -0.008804093115031719 0.06809283047914505 0.01039578299969435
1292 -0.01031430345028639 0.06782542914152145 0.0140802338719368
1293 -0.01101886667311192 0.06471024453639984 0.01149681489914656
1294 -0.00449191452935338 0.0644615963101387 -0.003110268153250217
1295 -0.004610441159456968 0.06070444732904434 -0.01269783638417721
1296 0.0005477307131513953 0.06542575359344482 -0.01303860358893871
1297 -0.001841026241891086 0.06344180554151535 -0.004350848030298948
1298 0.001176585210487247 0.06685405969619751 -0.0113229788839817
1299 -0.009181516245007515 0.05237230286002159 -0.005546202417463064
1300 -0.003474860684946179 0.06329203397035599 0.00415089400485158
1301 -0.009879154153168201 0.04336321353912354 -0.006411083973944187
1302 -0.004893879871815443 0.06900135427713394 0.01117966324090958
1303 -0.0001923235395224765 0.06526551395654678 -0.01013311743736267
1304 -0.01021306123584509 0.06595996767282486 -0.01026144344359636
1305 -0.006745331920683384 0.06503158807754517 0.009374343790113926
1306 -0.0002521880669519305 0.05930020287632942 0.008698561228811741
1307 -0.008299143984913826 0.04620456695556641 0.008497829549014568
1308 -0.002855553757399321 0.06051012873649597 0.001101248431950808
1309 -0.004181921482086182 0.04975713789463043 0.01078099943697453
1310 -0.006294969003647566 0.05067325383424759 0.00869907159358263
1311 -0.0061726956628263 0.0574755072593689 -0.003019028808921576
1312 -0.004231332335621119 0.06382080912590027 -0.005221839062869549
1313 -0.005524112842977047 0.05004976317286491 -0.01059473399072886
1314 -0.003666119184345007 0.06226803734898567 -0.01147886365652084
1315 -0.0120265195146203 0.06642408668994904 -0.01066508796066046
1316 -0.01006242819130421 0.04575246572494507 0.006591992452740669
1317 -0.008552324026823044 0.06309645622968674 0.008494982495903969
1318 -0.004192898981273174 0.04787634313106537 0.009986905381083488
1319 -0.004599773325026035 0.05882483720779419 0.01026478689163923
1320 -0.0003609771665651351 0.0680231973528862 0.01049992628395557
1321 -0.00551267247647047 0.05824185907840729 0.002971040084958076
1322 -0.008059027604758739 0.04880916699767113 0.008212135173380375
1323 -0.009234578348696232 0.05177799239754677 -0.004350848030298948
1324 -0.002918085781857371 0.06354407221078873 -0.00549920741468668
1325 -0.006099493242800236 0.05985188111662865 0.005208018701523542
1326 -0.008648078888654709 0.04721645638346672 -0.001830542692914605
1327 -0.0006783082499168813 0.06595446914434433 0.002930698916316032
1328 -0.01004874054342508 0.06199418380856514 0.008383843116462231
1329 -0.00256495364010334 0.06239989772439003 0.005337400361895561
1330 -0.008065429516136646 0.05042989179491997 -0.004458737093955278
1331 -0.0004894118756055832 0.05943251773715019 -0.001852136454544961
1332 -0.008070696145296097 0.05182067677378654 -0.008494340814650059
1333 -0.008158067241311073 0.04693234711885452 -0.004369217436760664
1334 -0.01019742246717215 0.06897009164094925 -0.007990683428943157
1335 -0.003588003106415272 0.05946656316518784 -0.001048553618602455
1336 -0.01031071320176125 0.0445602610707283 -0.002486043609678745
1337 -0.0006113274721428752 0.06577592343091965 -0.002967138541862369
1338 0.0004568163712974638 0.06243358552455902 0.003465366549789906
1339 -0.003636936424300075 0.06491412967443466 0.005402159411460161
1340 -0.008458704687654972 0.06660951673984528 0.01153846457600594
1341 -0.0001291518128709868 0.0680265948176384 0.008351972326636314
1342 -0.001592367421835661 0.07007581740617752 0.006442419718950987
1343 -0.003132764715701342 0.06460807472467422 -0.009439753368496895
1344 -0.00722123496234417 0.0678272619843483 0.009885597042739391
1345 -0.001320795505307615 0.06235869601368904 0.005984597373753786
1346 -0.008433281444013119 0.05220934376120567 0.01129012648016214
1347 -0.008102122694253922 0.0544809028506279 -0.005599674303084612
1348 -0.004778617992997169 0.06723443418741226 0.010859165340662
1349 -0.006881217006593943 0.04285411536693573 -0.001344525953754783
1350 -0.002623758045956492 0.0623597577214241 -0.005243748426437378
1351 -0.01014347840100527 0.05278267711400986 -0.006694798357784748
1352 0.001608958235010505 0.06610351800918579 0.01221139822155237
1353 -0.009033973328769207 0.06598732620477676 -0.00984150730073452
1354 -0.00431790528818965 0.06356795132160187 -0.008697850629687309
1355 -0.00751666072756052 0.05656848102807999 0.003031322499737144
1356 -0.005075729452073574 0.04692995920777321 0.008698842488229275
1357 -0.01194470934569836 0.04487890377640724 0.01086532790213823
1358 -0.002928831847384572 0.05769939348101616 -0.001490636845119298
1359 -0.002991357818245888 0.06874116510152817 0.01423078309744596
1360 -0.002005961257964373 0.06376510858535767 -0.009958125650882721
1361 -0.008126675151288509 0.04881048947572708 -0.004993696697056293
1362 -0.008231755346059799 0.04443775117397308 0.0003246526757720858
1363 -0.0003842522273771465 0.06818670779466629 -0.01285107526928186
1364 -0.01021028682589531 0.04415780305862427 -0.008688610047101974
1365 -0.006695323158055544 0.06804347038269043 -0.0129347974434495
1366 -0.002361280377954245 0.05823502689599991 -0.009761986322700977
1367 -0.006055979058146477 0.06107397377490997 0.008698428981006145
1368 -0.001590811763890088 0.06846051663160324 -0.01145542878657579
1369 -0.002243709517642856 0.0649862140417099 -0.0129217179492116
1370 -0.01197532285004854 0.05295294523239136 0.01076724100857973
1371 -8.614164107711986e-05 0.06855808943510056 0.009500357322394848
1372 -0.007659054361283779 0.06839524209499359 -0.009404235519468784
1373 -0.008394205942749977 0.04655013233423233 0.01120337843894958
1374 -0.006484175100922585 0.05540690571069717 -0.0001608877209946513
1375 -0.00692041264846921 0.05230194702744484 -0.003926785197108984
1376 -0.00989597849547863 0.04227202013134956 -0.0006377753452397883
1377 -0.01198669895529747 0.05600609257817268 -0.009028224274516106
1378 -0.002850028220564127 0.06430976092815399 0.01086465548723936
1379 0.0003910165396519005 0.06251028180122375 -0.003636881709098816
1380 -0.003572860034182668 0.06451685726642609 0.007265762891620398
1381 -0.01036385726183653 0.0468238852918148 -0.01074857264757156
1382 -0.002660042373463511 0.07037400454282761 0.01139089185744524
1383 -0.003697460750117898 0.0647304356098175 -0.00772050628438592
1384 0.0001115935956477188 0.06846737116575241 -0.01211759354919195
1385 -0.0009341941913589835 0.06598825007677078 0.01340034417808056
1386 0.001153377583250403 0.06864490360021591 0.01016066037118435
1387 -0.005646845791488886 0.06500634551048279 -0.01167506445199251
1388 -0.01035264227539301 0.06880278885364532 0.01159078907221556
1389 -0.002434455323964357 0.06864716112613678 -0.01437072549015284
1390 -0.006457904819399118 0.04681156203150749 0.009639854542911053
1391 -0.0098577830940485 0.07034288346767426 -0.0129016200080514
1392 -0.01044435612857342 0.04489301145076752 0.001564098405651748
1393 -0.002521636197343469 0.06073928251862526 -0.009694970212876797
1394 -0.003385521937161684 0.05692218616604805 -0.003927986137568951
1395 -0.003635925939306617 0.05928926169872284 -0.00870091374963522
1396 -0.003549160435795784 0.06146452203392982 -0.008700734004378319
1397 -0.01181610301136971 0.05675811693072319 0.008701618760824203
1398 -0.00854126550257206 0.06655760109424591 0.01266283169388771
1399 -0.008368749171495438 0.06549599766731262 0.01207487843930721
1400 -0.01194788701832294 0.04580725356936455 -0.0003489521041046828
1401 0.0008959312690421939 0.06855415552854538 -0.008859324268996716
1402 -0.001367154880426824 0.05879787728190422 -0.008700462989509106
1403 -0.008744251914322376 0.05927715823054314 -0.009625080972909927
1404 -0.0001531394373159856 0.06057043746113777 -0.00870045181363821
1405 -0.0002360556245548651 0.06882389634847641 0.01131611969321966
1406 -0.007511795498430729 0.06666925549507141 -0.006500508170574903
1407 -0.01070922985672951 0.06774110347032547 -0.01405137218534946
1408 -0.004045775625854731 0.06625975668430328 -0.00887787714600563
1409 -0.008622806519269943 0.06719911098480225 -0.01028099562972784
1410 -0.007609820459038019 0.06468980014324188 0.01075892150402069
1411 -0.004750662483274937 0.04999107494950294 0.008698875084519386
1412 -0.008467418141663074 0.06311997026205063 -0.01268247608095407
1413 -0.002197903580963612 0.06695173680782318 -0.0137274507433176
1414 -0.0007881712517701089 0.07037317007780075 -0.004837899468839169
1415 -0.004529339727014303 0.06519792973995209 -0.01306063402444124
1416 -0.007369112223386765 0.06096987053751945 0.006114257965236902
1417 -0.003757511964067817 0.06602141261100769 -0.01137700304389
1418 -0.005418282467871904 0.0649915486574173 0.005036786664277315
1419 -0.006355691701173782 0.06506252288818359 0.01094692759215832
1420 -0.01203462854027748 0.06852328777313232 -0.008686595596373081
1421 -0.008060796186327934 0.0434788316488266 -0.002359249861910939
1422 -0.009146935306489468 0.05063334107398987 -0.0009190982091240585
1423 -0.008712281472980976 0.0687856525182724 -0.006500179413706064
1424 -0.002562641398981214 0.06917854398488998 0.01306631416082382
1425 -0.011936423368752 0.04454490169882774 -0.001625657663680613
1426 -0.005082239862531424 0.06899052858352661 -0.00794563814997673
1427 -0.00368236331269145 0.05896060913801193 -0.004167656414210796
1428 -0.009377042762935162 0.0703449472784996 0.01300860662013292
1429 -0.006935051642358303 0.06431702524423599 0.008024166338145733
1430 -0.00380625412799418 0.06726625561714172 0.01386918872594833
1431 -0.01200160384178162 0.05986438691616058 -0.0107714906334877
1432 -0.005251422524452209 0.05682831257581711 0.006483492907136679
1433 -0.01153731346130371 0.06934039294719696 -0.00225084787234664
1434 -0.009758728556334972 0.0486878976225853 0.01269895303994417
1435 -0.005446715746074915 0.05883195623755455 0.004202295560389757
1436 -0.008816298097372055 0.06440375745296478 -0.01196287758648396
1437 0.0007593674235977232 0.07014207541942596 0.0147183034569025
1438 -0.009608592838048935 0.06615083664655685 0.008920334279537201
1439 -0.001071264268830419 0.05864407867193222 0.002807597629725933
1440 -0.003756403457373381 0.06473210453987122 -0.006500847171992064
1441 -0.01044825557619333 0.04592044651508331 -0.002777912886813283
1442 -0.009904300794005394 0.06555080413818359 -0.01199964433908463
1443 0.0003854186506941915 0.06674274057149887 -0.007522143889218569
1444 -0.003414428792893887 0.06396249681711197 -0.01135758310556412
1445 -0.005288772284984589 0.0693945437669754 0.009839648380875587
1446 -0.01090791821479797 0.04990995675325394 -0.01266886107623577
1447 -0.007574982009828091 0.06833761185407639 -0.008399597369134426
1448 -0.00981941819190979 0.06460408866405487 0.01138049084693193
1449 -0.003703348338603973 0.0668472945690155 0.0086632976308465
1450 -0.003590562380850315 0.06110037490725517 0.003061488503590226
1451 -0.005440801382064819 0.05657096952199936 -0.00636647455394268
1452 -0.009224913083016872 0.07034917920827866 0.008069660514593124
1453 -0.008921736851334572 0.05220581591129303 -0.003527510445564985
1454 -0.0020440723747015 0.06554907560348511 0.002178552327677608
1455 -0.00154304422903806 0.0617370679974556 -0.008700717240571976
1456 -0.00103956856764853 0.06838927417993546 0.009740475565195084
1457 -0.005406989250332117 0.06222519278526306 -0.008699033409357071
1458 -0.003946824930608273 0.05834802612662315 -0.002687546890228987
1459 -0.001835950533859432 0.06507407128810883 0.00696275569498539
1460 -0.007748608011752367 0.05466397479176521 -0.001390343764796853
1461 -0.01092860754579306 0.06995381414890289 0.01256540417671204
1462 -0.001993426354601979 0.05734798684716225 -0.0006441792356781662
1463 -0.01200599875301123 0.06104814261198044 -0.007390692364424467
1464 -0.008488623425364494 0.06483469903469086 0.00936850905418396
1465 -0.0087332958355546 0.06527259945869446 0.01081415545195341
1466 -0.01047611236572266 0.05325965583324432 0.002174152759835124
1467 -0.00131137843709439 0.05769428983330727 0.008698648773133755
1468 -0.006205527577549219 0.06796086579561234 -0.01130641438066959
1469 -0.007034227252006531 0.0623004175722599 -0.004466692451387644
1470 -0.008522585034370422 0.06896813958883286 0.01301830634474754
1471 -0.004898140206933022 0.07036534696817398 0.01120914425700903
1472 -0.008898611180484295 0.07034933567047119 -0.01198900118470192
1473 -0.01194483041763306 0.04497383534908295 -0.008654490113258362
1474 -0.00567506393417716 0.04952890798449516 0.01269629132002592
1475 -0.007323005236685276 0.0652429461479187 -0.01189410872757435
1476 -0.00493766600266099 0.06912335008382797 -0.009550991468131542
1477 -0.00981817115098238 0.06436561048030853 -0.009639577940106392
1478 -0.001223517116159201 0.0692998394370079 0.01110872067511082
1479 -0.009420933201909065 0.04465517401695251 0.0007451377459801733
1480 -0.01091084629297256 0.0638708770275116 -0.007359609939157963
1481 -0.007902844808995724 0.05112194642424583 0.01005980838090181
1482 -0.006114124320447445 0.05970534682273865 0.004057613667100668
1483 -0.001599373761564493 0.06350993365049362 -0.008697914890944958
1484 -0.003616056870669127 0.06287239491939545 -0.009947768412530422
1485 -0.009057708084583282 0.04836452007293701 -0.005073808133602142
1486 -0.008813674561679363 0.04906514286994934 -0.00343755423091352
1487 -0.01193826738744974 0.04321689903736115 8.51265576784499e-05
1488 -0.009276388213038445 0.05332611128687859 -0.001232762355357409
1489 -0.003817984834313393 0.06265163421630859 0.00849631242454052
1490 -0.01087854150682688 0.06448691338300705 -0.009693899191915989
1491 -0.009463178925216198 0.04719887301325798 -0.005226349458098412
1492 -0.01022423710674047 0.06539724767208099 -0.006759399548172951
1493 -0.005896217655390501 0.06873231381177902 -0.0120926396921277
1494 -0.006473184563219547 0.06745448708534241 -0.01052698213607073
1495 -0.006357922684401274 0.04955148324370384 0.007708987686783075
1496 -0.00959381926804781 0.0469391830265522 -0.007426557596772909
1497 -0.01089671440422535 0.06565716117620468 -0.01141067128628492
1498 -0.00908188708126545 0.06910225003957748 -0.009086037054657936
1499 -0.004203242249786854 0.06030452623963356 0.006272608879953623
1500 -0.005200651939958334 0.0660899356007576 -0.01238126680254936
1501 -0.001987714087590575 0.06391974538564682 0.005419583525508642
1502 -0.006234489846974611 0.05954177305102348 -0.003987826872617006
1503 -0.0041669518686831 0.06038208305835724 -0.006241514347493649
1504 -0.005437003914266825 0.04847258329391479 0.01073239278048277
1505 -0.007463670801371336 0.06854144483804703 0.01268891524523497
1506 -0.00495482049882412 0.05703574791550636 -0.002806499833241105
1507 -0.008073835633695126 0.0417122021317482 0.004137380048632622
1508 -0.006035108584910631 0.05576331913471222 -0.002772845793515444
1509 -0.009121074341237545 0.05240485817193985 -0.002158951014280319
1510 -0.01022518239915371 0.06587713956832886 -0.008628038689494133
1511 -0.004355828277766705 0.06581096351146698 0.007408258505165577
1512 -0.007657982874661684 0.06899124383926392 -0.01247996371239424
1513 -0.00636465847492218 0.05769429355859756 -0.005491189192980528
1514 -0.005427658557891846 0.06019662693142891 0.007268241140991449
1515 -0.0098751001060009 0.06962291896343231 0.01458638627082109
1516 -0.00592833012342453 0.06762276589870453 0.01222652848809958
1517 -0.007501659449189901 0.0685025081038475 -0.01134172547608614
1518 -0.004283365793526173 0.05814393237233162 -0.005288223270326853
1519 -0.01170414127409458 0.04455438628792763 0.002714014844968915
1520 0.001199995283968747 0.07014061510562897 -0.01468560378998518
1521 -0.008869664743542671 0.07025996595621109 0.0145441647619009
1522 -0.0007998898508958519 0.0645955353975296 -0.009153399616479874
1523 -0.009955737739801407 0.04794557392597198 -0.009799623861908913
1524 -0.006037745624780655 0.06451936066150665 -0.01281643752008677
1525 -0.006216947454959154 0.06153391301631927 0.007326372899115086
1526 -0.009469448588788509 0.04713903740048409 -0.00628003291785717
1527 -0.008446767926216125 0.05015701055526733 0.004349153023213148
1528 -0.004891387186944485 0.07036533951759338 -0.01285447273403406
1529 -0.004958685487508774 0.05961029604077339 0.005963048432022333
1530 -0.004765520803630352 0.0576949268579483 0.005646218080073595
1531 -0.01036289893090725 0.06916496902704239 0.01353423204272985
1532 -0.00599484471604228 0.07018259912729263 0.01462638005614281
1533 -0.007143414579331875 0.06496637314558029 -0.01021269336342812
1534 -0.008931176736950874 0.06470485031604767 0.007788863498717546
1535 -0.009206738322973251 0.04950294643640518 -0.005435274913907051
1536 -0.008221542462706566 0.06429304927587509 -0.01105656940490007
1537 -0.009321554563939571 0.0658288300037384 -0.01335401181131601
1538 -0.002839381108060479 0.05631972476840019 -3.377026223461144e-05
1539 -0.0104722436517477 0.0686793178319931 -0.01142407115548849
1540 -0.007546191569417715 0.06596813350915909 0.01340151950716972
1541 -0.0002587306662462652 0.06192250549793243 -0.01013969164341688
1542 -0.008853359147906303 0.06222810223698616 -0.008699012920260429
1543 -0.004258752800524235 0.06005098670721054 0.007511627394706011
1544 -0.008701559156179428 0.05026385560631752 -0.01187168899923563
1545 -0.008971628732979298 0.06571600586175919 0.01331151276826859
1546 -0.005467744544148445 0.06631471961736679 -0.01352615281939507
1547 -0.008629187941551208 0.0659232959151268 -0.01125402096658945
1548 -0.004397387616336346 0.06160870566964149 -0.006854149978607893
1549 -0.008906071074306965 0.06889292597770691 0.008686800487339497
1550 -0.01194906793534756 0.04612110555171967 -0.01103365141898394
1551 -0.01047155354171991 0.05205850675702095 -0.003177432809025049
1552 -0.007242164574563503 0.06744572520256042 0.01393851637840271
1553 -0.009017634205520153 0.06666749715805054 -0.007574377581477165
1554 -0.01178915053606033 0.04805698245763779 -0.01244267635047436
1555 -0.00880512036383152 0.04456594586372375 -0.003212349023669958
1556 -0.01110153272747993 0.06031577661633492 -0.01113912370055914
1557 -0.009487045928835869 0.05184447392821312 -0.001159450272098184
1558 -0.008070481009781361 0.05177231505513191 -0.001714233076199889
1559 -0.009299648925662041 0.04553959891200066 -0.001928137033246458
1560 -0.001399835455231369 0.06858184933662415 0.01434478815644979
1561 -0.008061925880610943 0.06762444227933884 -0.007468652445822954
1562 -0.004930712748318911 0.06609965115785599 0.006499154027551413
1563 -0.004948783200234175 0.06428186595439911 0.01278485544025898
1564 -0.005927339661866426 0.06362057477235794 0.009805037640035152
1565 -0.01200658455491066 0.06130452081561089 -0.01251982338726521
1566 -0.00848147738724947 0.06544957309961319 -0.008706266060471535
1567 -0.008946126326918602 0.04810365661978722 -0.00276413164101541
1568 -0.01042057015001774 0.04530487582087517 -0.0107717365026474
1569 -0.0009331703186035156 0.06472139060497284 0.00124124379362911
1570 -0.008984923362731934 0.05425290018320084 0.001491961418651044
1571 -0.00879274494946003 0.04336666688323021 0.003415594343096018
1572 -0.005245487205684185 0.05683637410402298 -0.004577768966555595
1573 -0.00782608799636364 0.05247141048312187 -0.003586243372410536
1574 -0.008070326410233974 0.051720280200243 -0.004658013582229614
1575 -0.00422258535400033 0.04850458726286888 0.008698779158294201
1576 -0.003333656815811992 0.06226779893040657 -0.007606673985719681
1577 -0.007123040501028299 0.05503153800964355 -0.002887661568820477
1578 -0.009165500290691853 0.04336520284414291 0.0008166913758032024
1579 -0.006812192965298891 0.05137783661484718 -0.005371218547224998
1580 -0.00891099963337183 0.0433662012219429 -0.001425910159014165
1581 -0.002438155235722661 0.06703268736600876 -0.01023091282695532
1582 -0.008045017719268799 0.04506160318851471 0.006858590990304947
1583 -0.005418346263468266 0.05660148710012436 0.0002757030306383967
1584 -0.01110043469816446 0.06054516136646271 -0.009265664033591747
1585 -0.005914672277867794 0.06881403177976608 0.008963251486420631
1586 -0.003275266848504543 0.06351727992296219 -0.006991176400333643
1587 -0.009169124066829681 0.05326465517282486 -0.003175050253048539
1588 -0.000415208691265434 0.06860321760177612 -0.004502648953348398
1589 -0.01025738939642906 0.06892517954111099 -0.009880322962999344
1590 -0.004705033730715513 0.06018703058362007 0.004898387007415295
1591 -0.009520969353616238 0.04791676998138428 -0.005806225351989269
1592 -0.009192417375743389 0.04797236621379852 -0.004354468081146479
1593 -0.008843659423291683 0.06854531913995743 -0.008093107491731644
1594 -0.006577156949788332 0.06494133919477463 0.006499154027551413
1595 0.001086807693354785 0.06329675763845444 0.0003301497490610927
1596 -0.009767484851181507 0.06195879727602005 -0.007742518093436956
1597 0.002969905966892838 0.04107435420155525 -0.008663684129714966
1598 -0.0102363983169198 0.06750257313251495 -0.01046580448746681
1599 -0.005227253306657076 0.0664251446723938 0.007928395643830299
1600 -0.008782744407653809 0.06741560250520706 0.009020564146339893
1601 -0.0087270587682724 0.05561606958508492 0.001818701042793691
1602 -0.003252469934523106 0.06143931671977043 0.007507482077926397
1603 -0.002627767622470856 0.07003317028284073 0.01476484071463346
1604 -0.005235385149717331 0.07029983401298523 0.01375001948326826
1605 -0.01195950154215097 0.04887759685516357 0.00677085854113102
1606 -0.004694151226431131 0.06359607726335526 0.00554138096049428
1607 -0.008355645462870598 0.06088327616453171 -0.0126810921356082
1608 -0.008860485628247261 0.0473359003663063 -0.01178868860006332
1609 -0.001287827151827514 0.06291144341230392 -0.009515454992651939
1610 -0.005060966592282057 0.0629599541425705 0.007219019811600447
1611 -0.001652550883591175 0.06878698617219925 -0.008565396070480347
1612 -0.01098249014467001 0.06447577476501465 -0.01186501607298851
1613 -0.004608833696693182 0.0581522099673748 0.004351167008280754
1614 -0.008291337639093399 0.04768197610974312 0.009368035010993481
1615 -0.005274842493236065 0.05041021108627319 -0.008700317703187466
1616 -0.005578853655606508 0.04779919609427452 -0.008700172416865826
1617 -0.005631693173199892 0.06540736556053162 0.007365103345364332
1618 -0.002504956442862749 0.04788437113165855 -0.008699844591319561
1619 -0.009699908085167408 0.05118890479207039 0.01125685032457113
1620 -0.00306167546659708 0.06143108382821083 -0.005255708936601877
1621 -0.008600306697189808 0.06724976748228073 -0.008854455314576626
1622 -0.0005516008823178709 0.06534159928560257 -0.01185839436948299
1623 -0.01000962872058153 0.06205671653151512 -0.008970256894826889
1624 -0.000136162037961185 0.06383503973484039 -0.001000162563286722
1625 -0.01069266628473997 0.0613829679787159 -0.008096055127680302
1626 -0.008852887898683548 0.06709597259759903 0.007845871150493622
1627 -0.005277290474623442 0.04943292215466499 0.00969009380787611
1628 -0.007276863791048527 0.04767204076051712 0.008699121885001659
1629 -0.001752773066982627 0.06203432753682137 0.004353908356279135
1630 -0.00594787672162056 0.06894080340862274 -0.008712141774594784
1631 -0.002397155854851007 0.06037994474172592 -0.003563384292647243
1632 -0.008655992336571217 0.06400745362043381 0.0117618115618825
1633 -0.003669767873361707 0.06062950938940048 0.006834656931459904
1634 -0.009790162555873394 0.05111537128686905 -0.006411332171410322
1635 -0.008077436126768589 0.05359484627842903 -0.001079598325304687
1636 -0.004377472214400768 0.06058300286531448 0.005519622471183538
1637 -0.005265498068183661 0.07036411762237549 -0.01041443459689617
1638 -0.004894424229860306 0.06904104351997375 -0.01126895286142826
1639 -0.007921178825199604 0.04959121346473694 -0.003295773873105645
1640 -0.01066712476313114 0.0623050145804882 -0.01267167180776596
1641 -0.0008182087331078947 0.06554333865642548 -0.004449313972145319
1642 -0.008072594180703163 0.05232813954353333 -0.005804519634693861
1643 -0.004896926693618298 0.06747697293758392 -0.01195313781499863
1644 -0.003440371481701732 0.05666159465909004 0.0003037706483155489
1645 -0.0001620167604414746 0.06105120852589607 0.004123507533222437
1646 -0.00924786739051342 0.05116491392254829 -0.002699214033782482
1647 -0.0007534676697105169 0.06734652072191238 -0.01385662239044905
1648 -0.01064666919410229 0.04941650107502937 -0.01172187272459269
1649 -0.003566674422472715 0.05655856058001518 0.002866651862859726
1650 -0.001020895317196846 0.06448604166507721 5.259803947410546e-05
1651 -0.01239996310323477 0.06409362703561783 -0.01173046324402094
1652 -0.0119441282004118 0.04481701552867889 -0.0003706674906425178
1653 -0.01063530333340168 0.04890758916735649 -0.01071818638592958
1654 -0.009207536466419697 0.04971777647733688 -0.004261612426489592
1655 -0.01237749587744474 0.0604935921728611 -0.01128803752362728
1656 -0.01079656928777695 0.06311248242855072 -0.009890227578580379
1657 -0.003251897869631648 0.07037166506052017 -0.01193193811923265
1658 -0.008071958087384701 0.05215536430478096 -0.002876949729397893
1659 -0.008667141199111938 0.064633809030056 -0.01011425349861383
1660 -0.01219876948744059 0.06237185746431351 0.01268670242279768
1661 -0.009084349498152733 0.05088851228356361 -0.003782485378906131
1662 -0.004324499983340502 0.06213739886879921 0.004073783289641142
1663 -0.008053951896727085 0.04741962626576424 0.008092815056443214
1664 -0.009231274016201496 0.04452553391456604 -0.001084759016521275
1665 0.001820393488742411 0.05483982339501381 0.01066603790968657
1666 -0.00692479033023119 0.04913799092173576 0.008699109777808189
1667 -0.0130303455516696 0.04913941770792007 -0.01267621666193008
1668 -0.007296281401067972 0.04879885539412498 -0.006060480605810881
1669 -0.006267213262617588 0.0488450787961483 0.009672542102634907
1670 -0.006158637348562479 0.06894327700138092 -0.01050968281924725
1671 -0.003471256466582417 0.05614493787288666 0.0005758968181908131
1672 -0.006983572617173195 0.06556356698274612 0.01205750089138746
1673 -0.003422518260776997 0.06162777543067932 0.005074306391179562
1674 -0.003859789576381445 0.0610068179666996 0.004206484649330378
1675 -0.007288489956408739 0.05119748413562775 -0.0039331940934062
1676 -0.006571980193257332 0.0444965772330761 -0.0005910792388021946
1677 -0.008915096521377563 0.06840185821056366 -0.009969249367713928
1678 -0.01044429559260607 0.04487710073590279 0.003074559150263667
1679 -0.01020024716854095 0.04905136302113533 0.004349153023213148
1680 0.0007729767239652574 0.06665423512458801 -0.004720367025583982
1681 -0.01068355236202478 0.06284668296575546 -0.01162366196513176
1682 -0.009259152226150036 0.04884426668286324 -0.01065736170858145
1683 -0.007722361944615841 0.06924726068973541 -0.01030894555151463
1684 -0.007875013165175915 0.06762227416038513 -0.01086428947746754
1685 -0.0113700358197093 0.05984299257397652 -0.009919896721839905
1686 -0.002251198515295982 0.05999430269002914 -0.005845281761139631
1687 -0.0008642312022857368 0.06930482387542725 -0.009930016472935677
1688 -0.01302432082593441 0.04808948561549187 -0.01251622568815947
1689 -0.01203275192528963 0.06814754754304886 0.005456205457448959
1690 -0.01082931365817785 0.04796947911381721 -0.006089856848120689
1691 -0.00814586877822876 0.06313168257474899 -0.01004128344357014
1692 -0.008273452520370483 0.04826084896922112 0.01135268434882164
1693 -0.0001097917556762695 0.063815638422966 0.000440881063695997
1694 -0.004354806151241064 0.05772547423839569 -0.00165871623903513
1695 -0.003540995996445417 0.05915271490812302 0.003178455866873264
1696 -0.001835818402469158 0.05883123353123665 0.00657072477042675
1697 -0.007737160660326481 0.04947016388177872 -0.008700564503669739
1698 -0.00812921579927206 0.04774243384599686 -0.008700446225702763
1699 -0.007806942332535982 0.0453476570546627 -0.00870024785399437
1700 -0.002367386128753424 0.04396817088127136 0.01074144616723061
1701 -0.0009051277884282172 0.06273479759693146 -0.004067368805408478
1702 3.766062945942394e-05 0.06182034313678741 -0.004970303270965815
1703 -0.009968280792236328 0.0509827584028244 -0.01264808140695095
1704 -0.009956469759345055 0.04805770516395569 -0.01145272795110941
1705 -0.0007983740651980042 0.06287986785173416 0.001225022948347032
1706 -0.01198077108711004 0.05446073785424232 -0.007983867079019547
1707 -0.001613677362911403 0.05940738320350647 -0.004857577383518219
1708 0.0008610470104031265 0.06987965852022171 -0.004199161194264889
1709 0.0008731061825528741 0.06666386127471924 -0.002913124160841107
1710 -0.003922593779861927 0.06049075350165367 -0.005228671245276928
1711 -0.00177828804589808 0.05914654582738876 0.004783294629305601
1712 -0.01220910903066397 0.05080882832407951 -0.01125975605100393
1713 -0.01196293253451586 0.04982997104525566 -0.01266414579004049
1714 -0.007357345893979073 0.04831810668110847 -0.002853569341823459
1715 -0.00644951593130827 0.04605276510119438 0.002365873660892248
1716 -0.002579682506620884 0.04889018088579178 0.008698594756424427
1717 0.0004595812351908535 0.05634726211428642 0.008673034608364105
1718 -0.003687792457640171 0.05160020291805267 0.008698787540197372
1719 -0.004656873177736998 0.0703638419508934 0.004870400298386812
1720 -0.003341360250487924 0.0594240128993988 -0.007534190081059933
1721 -0.006556429900228977 0.04878126829862595 0.007176131941378117
1722 -0.001892933854833245 0.0586928054690361 -0.006407014559954405
1723 0.001957663800567389 0.06873582303524017 0.00252852332778275
1724 -0.0001950374426087365 0.06369990855455399 -0.004722429905086756
1725 -0.006496328394860029 0.04557903856039047 -0.001692950609140098
1726 -0.006120718084275723 0.04655884578824043 0.0009124864591285586
1727 -0.007526195142418146 0.0454217940568924 -0.003696552012115717
1728 0.0005575118702836335 0.0588613860309124 -0.005608119070529938
1729 0.001844792626798153 0.04786838218569756 0.01068070437759161
1730 -0.01219204720109701 0.04857885837554932 -0.01278627943247557
1731 -0.0001189000249723904 0.06191807985305786 0.005319687072187662
1732 -0.003105063457041979 0.05714356154203415 0.004331374075263739
1733 -0.00962495431303978 0.05076918751001358 -0.008701272308826447
1734 -0.004079612903296947 0.06697538495063782 -0.01376460865139961
1735 -0.005124170333147049 0.06300698220729828 -0.0126377372071147
1736 -0.006765586324036121 0.05169059336185455 0.004829796962440014
1737 -0.006736877840012312 0.04991370812058449 0.00595134636387229
1738 -0.0006491674575954676 0.06708671152591705 -0.006499678827822208
1739 -0.00643653143197298 0.06812255084514618 -0.006500169169157743
1740 -0.002899629063904285 0.06779918819665909 -0.006700622383505106
1741 -0.01046049315482378 0.04914440587162971 -0.004265295807272196
1742 0.0002656396245583892 0.0351494625210762 0.009468590840697289
1743 -0.0003362088173162192 0.035519078373909 -0.009508759714663029
1744 5.456995495478623e-05 0.06234844028949738 0.0005002804682590067
1745 -0.006562805734574795 0.04974986985325813 0.002286146394908428
1746 -0.006439893506467342 0.06636001914739609 -0.01254341471940279
1747 -0.007886839099228382 0.04864345863461494 0.004891818854957819
1748 -0.004756046459078789 0.05750149860978127 0.003872199915349483
1749 -0.003959610126912594 0.05770617350935936 0.005258254241198301
1750 -0.001681800582446158 0.06142405048012733 0.008698750287294388
1751 -0.0003217188641428947 0.0638386532664299 0.008696764707565308
1752 -0.01223868411034346 0.04969498887658119 -0.008879088796675205
1753 -0.007745756302028894 0.0457686260342598 0.004385580308735371
1754 -0.003348341910168529 0.05968733504414558 0.005710237193852663
1755 -0.0116166714578867 0.04971006885170937 -0.0101106334477663
1756 -0.009288400411605835 0.04746276512742043 0.008499233983457088
1757 -0.008063031360507011 0.04979915916919708 0.00652506947517395
1758 -0.009406421333551407 0.04934442788362503 -0.01152248866856098
1759 -0.0049809948541224 0.06446782499551773 0.008352586068212986
1760 -0.008142169564962387 0.04989389702677727 0.01090200711041689
1761 -0.01060684956610203 0.06469927728176117 0.008040397427976131
1762 -0.008350452408194542 0.05187266319990158 0.004349153023213148
1763 0.0006967873778194189 0.07038680464029312 0.00673831719905138
1764 0.0009405326563864946 0.06640242040157318 0.004196010529994965
1765 -1.700106804491952e-05 0.07038435339927673 -0.01104783173650503
1766 -0.01001254469156265 0.0627773255109787 0.009471463039517403
1767 -0.01201744936406612 0.06412169337272644 -0.00856474507600069
1768 -0.01202007755637169 0.06476224958896637 -0.01035036239773035
1769 -0.004946233704686165 0.0608108714222908 -0.004350848030298948
1770 -0.01118338573724031 0.04795160889625549 -0.01042207796126604
1771 0.001108363503590226 0.0663846880197525 -0.0004743483732454479
1772 -0.002761726034805179 0.06021155416965485 -0.006816625595092773
1773 -0.000197596600628458 0.06086829304695129 0.005692826583981514
1774 -0.01196763385087252 0.05099908635020256 0.01141122076660395
1775 -0.001686936942860484 0.0609644278883934 -0.005855821073055267
1776 -0.009873651899397373 0.04955094307661057 0.008499604649841785
1777 -0.004363756626844406 0.07036752253770828 -0.006916271056979895
1778 -0.002305058529600501 0.05908707901835442 0.008698796853423119
1779 -0.00800715759396553 0.04950156435370445 -0.004993919283151627
1780 -0.009945475496351719 0.04841210693120956 -0.008504949510097504
1781 -0.00653852941468358 0.06255058199167252 0.008495720103383064
1782 -0.008019667118787766 0.05007379874587059 0.008699259720742702
1783 -0.00564479036256671 0.04825972765684128 0.008698940277099609
1784 -0.0114035839214921 0.04830844327807426 0.009900102391839027
1785 -0.008029906079173088 0.04878020286560059 0.009905874729156494
1786 -0.0008754057926125824 0.06315288692712784 0.004358664155006409
1787 -0.002725429832935333 0.05772705003619194 -0.005496665369719267
1788 -0.004439841955900192 0.05753990262746811 -0.004351832903921604
1789 -0.003499195212498307 0.05721083283424377 -0.004973590839654207
1790 -0.007350178901106119 0.04643257334828377 -0.002077807439491153
1791 -0.002904264954850078 0.05763662979006767 0.006036238744854927
1792 -0.01160766929388046 0.06200070679187775 -0.009787233546376228
1793 -0.006451279390603304 0.06453296542167664 -0.008314190432429314
1794 -0.003759222105145454 0.07036208361387253 -0.004828128963708878
1795 -0.002888223389163613 0.05763291195034981 -0.002809650031849742
1796 -0.007136257831007242 0.06211818382143974 -0.008497121743857861
1797 -0.01199828647077084 0.0590713806450367 0.008143577724695206
1798 -0.009819865226745605 0.06471364945173264 -0.0109926350414753
1799 -0.007983130402863026 0.06533753871917725 0.006499154027551413
1800 -0.005059970542788506 0.06466098874807358 0.006499154027551413
1801 -0.003219872945919633 0.05702447518706322 0.001384684932418168
1802 -0.0082271508872509 0.04965173825621605 0.01010712794959545
1803 -0.008055642247200012 0.04837992042303085 -0.01004828698933125
1804 -0.01281746104359627 0.05000204965472221 0.01021910086274147
1805 -0.007130385376513004 0.04873919114470482 0.009820970706641674
1806 -0.009586228057742119 0.06253127753734589 -0.009788757190108299
1807 -0.002711623208597302 0.06308872252702713 -0.008698282763361931
1808 -0.008054174482822418 0.04955669492483139 -0.009617716073989868
$EndNodes
$Elements
6912
1 4 2 0 1 1000 720 1119 352
2 4 2 0 1 311 315 225 295
3 4 2 0 1 796 651 852 727
4 4 2 0 1 577 966 820 665
5 4 2 0 1 528 814 907 861
6 4 2 0 1 334 874 1021 417
7 4 2 0 1 86 682 959 798
8 4 2 0 1 512 1743 608 952
9 4 2 0 1 657 1716 132 718
10 4 2 0 1 894 823 651 390
11 4 2 0 1 102 1099 1130 583
12 4 2 0 1 656 1339 304 1418
13 4 2 0 1 1147 1231 903 1249
14 4 2 0 1 17 40 1804 35
15 4 2 0 1 744 244 1537 251
16 4 2 0 1 1341 600 1386 549
17 4 2 0 1 24 32 37 45
18 4 2 0 1 413 1602 444 1276
19 4 2 0 1 1685 1403 160 423
20 4 2 0 1 1354 1215 1457 1576
21 4 2 0 1 1731 1773 444 445
22 4 2 0 1 828 792 717 578
23 4 2 0 1 238 1157 281 284
24 4 2 0 1 948 804 669 985
25 4 2 0 1 1776 982 144 1756
26 4 2 0 1 257 1566 253 1793
27 4 2 0 1 1078 538 141 1466
28 4 2 0 1 5 59 36 21
29 4 2 0 1 379 366 343 322
30 4 2 0 1 382 426 1335 1308
31 4 2 0 1 120 1441 942 1425
32 4 2 0 1 827 909 334 1175
33 4 2 0 1 843 1790 294 296
34 4 2 0 1 513 1624 1219 1148
35 4 2 0 1 1309 279 280 1197
36 4 2 0 1 549 506 586 1091
37 4 2 0 1 249 1549 800 1241
38 4 2 0 1 426 1694 1358 921
39 4 2 0 1 217 1485 219 1592
40 4 2 0 1 1560 844 1149 1169
41 4 2 0 1 1201 1324 1312 412
42 4 2 0 1 1138 218 1332 1287
43 4 2 0 1 750 1291 1254 139
44 4 2 0 1 508 526 503 517
45 4 2 0 1 321 1408 867 347
46 4 2 0 1 968 421 877 590
47 4 2 0 1 998 800 1038 249
48 4 2 0 1 270 1004 274 1563
49 4 2 0 1 1797 1159 178 741
50 4 2 0 1 115 1770 169 98
51 4 2 0 1 1385 535 460 482
52 4 2 0 1 1654 1741 1053 1245
53 4 2 0 1 461 511 1308 1705
54 4 2 0 1 1076 1656 1057 1490
55 4 2 0 1 824 218 1066 719
56 4 2 0 1 1300 1673 1329 414
57 4 2 0 1 448 573 1258 782
58 4 2 0 1 782 618 1341 600
59 4 2 0 1 1412 196 273 226
60 4 2 0 1 980 1710 1109 431
61 4 2 0 1 1695 684 485 435
62 4 2 0 1 158 95 87 91
63 4 2 0 1 1216 1516 758 1243
64 4 2 0 1 399 365 414 1662
65 4 2 0 1 1804 30 25 17
66 4 2 0 1 1736 692 1527 213
67 4 2 0 1 430 428 444 507
68 4 2 0 1 701 1378 51 956
69 4 2 0 1 227 1808 282 1142
70 4 2 0 1 1641 450 1037 1724
71 4 2 0 1 935 1001 1396 1395
72 4 2 0 1 1094 982 143 863
73 4 2 0 1 164 185 1692 1434
74 4 2 0 1 345 309 306 287
75 4 2 0 1 684 1590 1674 661
76 4 2 0 1 276 272 270 1564
77 4 2 0 1 1483 802 1807 836
78 4 2 0 1 327 64 1408 347
79 4 2 0 1 64 1005 1408 347
80 4 2 0 1 327 64 350 1408
81 4 2 0 1 64 1740 350 1408
82 4 2 0 1 64 1740 1408 1005
83 4 2 0 1 480 673 1738 1160
84 4 2 0 1 578 673 1738 480
85 4 2 0 1 480 1279 1738 578
86 4 2 0 1 632 868 651 852
87 4 2 0 1 359 309 306 345
88 4 2 0 1 480 1160 1738 1740
89 4 2 0 1 1477 1798 1659 153
90 4 2 0 1 1683 268 1670 299
91 4 2 0 1 220 314 216 223
92 4 2 0 1 11 60 33 46
93 4 2 0 1 480 1740 1738 1279
94 4 2 0 1 589 565 571 513
95 4 2 0 1 1788 1789 1518 753
96 4 2 0 1 359 405 351 356
97 4 2 0 1 54 7 770 65
98 4 2 0 1 56 1036 735 1402
99 4 2 0 1 295 315 1790 1725
100 4 2 0 1 757 56 674 651
101 4 2 0 1 56 757 868 651
102 4 2 0 1 1036 833 1402 56
103 4 2 0 1 665 948 256 86
104 4 2 0 1 886 682 86 888
105 4 2 0 1 811 555 1386 621
106 4 2 0 1 145 1752 1690 147
107 4 2 0 1 798 86 665 754
108 4 2 0 1 798 948 665 86
109 4 2 0 1 147 1752 1154 1733
110 4 2 0 1 145 1752 147 1733
111 4 2 0 1 189 1364 849 1085
112 4 2 0 1 86 682 656 888
113 4 2 0 1 285 199 907 1698
114 4 2 0 1 1285 1752 147 1690
115 4 2 0 1 1729 132 733 919
116 4 2 0 1 1240 980 1686 431
117 4 2 0 1 768 132 733 1729
118 4 2 0 1 1285 1154 147 1752
119 4 2 0 1 1320 555 1386 1405
120 4 2 0 1 815 836 880 130
121 4 2 0 1 964 129 846 696
122 4 2 0 1 1738 151 130 510
123 4 2 0 1 936 129 902 1035
124 4 2 0 1 400 398 288 357
125 4 2 0 1 129 918 696 964
126 4 2 0 1 1037 1738 151 130
127 4 2 0 1 130 815 1383 1408
128 4 2 0 1 1035 129 1460 936
129 4 2 0 1 524 519 242 527
130 4 2 0 1 555 530 1320 1386
131 4 2 0 1 11 34 46 33
132 4 2 0 1 343 383 366 379
133 4 2 0 1 462 1121 1389 946
134 4 2 0 1 89 1651 50 52
135 4 2 0 1 823 651 155 852
136 4 2 0 1 671 823 155 852
137 4 2 0 1 390 56 155 651
138 4 2 0 1 320 396 317 313
139 4 2 0 1 56 833 883 155
140 4 2 0 1 693 1443 151 588
141 4 2 0 1 883 671 155 987
142 4 2 0 1 155 833 883 987
143 4 2 0 1 693 836 566 151
144 4 2 0 1 50 89 830 90
145 4 2 0 1 620 1298 1246 629
146 4 2 0 1 548 490 593 532
147 4 2 0 1 345 387 359 309
148 4 2 0 1 401 397 407 369
149 4 2 0 1 1007 59 1655 21
150 4 2 0 1 575 566 151 588
151 4 2 0 1 566 836 575 151
152 4 2 0 1 151 836 130 880
153 4 2 0 1 94 1681 90 830
154 4 2 0 1 59 18 5 50
155 4 2 0 1 1037 151 836 130
156 4 2 0 1 168 757 808 691
157 4 2 0 1 1742 648 609 607
158 4 2 0 1 1404 1541 168 1036
159 4 2 0 1 107 163 1774 69
160 4 2 0 1 4 43 47 16
161 4 2 0 1 130 836 1383 815
162 4 2 0 1 836 1343 1383 815
163 4 2 0 1 1198 621 1386 618
164 4 2 0 1 481 670 1704 167
165 4 2 0 1 418 336 338 1210
166 4 2 0 1 831 179 695 779
167 4 2 0 1 1126 130 239 208
168 4 2 0 1 465 1126 239 208
169 4 2 0 1 1581 1005 1408 208
170 4 2 0 1 1581 465 1005 208
171 4 2 0 1 1352 627 621 1045
172 4 2 0 1 641 607 640 597
173 4 2 0 1 531 1773 592 594
174 4 2 0 1 1405 1184 1320 555
175 4 2 0 1 1404 1252 168 1541
176 4 2 0 1 1645 461 485 435
177 4 2 0 1 455 420 432 430
178 4 2 0 1 497 507 1773 531
179 4 2 0 1 545 489 527 508
180 4 2 0 1 430 1754 1499 1633
181 4 2 0 1 1380 1339 1800 887
182 4 2 0 1 235 812 808 601
183 4 2 0 1 1478 1456 505 1320
184 4 2 0 1 329 336 418 1445
185 4 2 0 1 289 1305 247 1429
186 4 2 0 1 377 812 235 601
187 4 2 0 1 1510 230 1492 494
188 4 2 0 1 230 84 1492 494
189 4 2 0 1 84 230 1492 1480
190 4 2 0 1 230 170 1492 1480
191 4 2 0 1 377 235 838 1298
192 4 2 0 1 157 1584 94 175
193 4 2 0 1 1303 377 235 838
194 4 2 0 1 1126 130 510 239
195 4 2 0 1 1738 130 239 510
196 4 2 0 1 465 1126 510 239
197 4 2 0 1 440 1707 242 527
198 4 2 0 1 1631 1707 242 440
199 4 2 0 1 1631 533 440 242
200 4 2 0 1 1393 735 848 1395
201 4 2 0 1 898 991 774 661
202 4 2 0 1 1078 187 1222 654
203 4 2 0 1 1106 614 488 256
204 4 2 0 1 1393 848 1396 1395
205 4 2 0 1 848 1396 1395 441
206 4 2 0 1 1584 1463 677 96
207 4 2 0 1 96 1584 1007 677
208 4 2 0 1 970 849 456 907
209 4 2 0 1 256 614 488 991
210 4 2 0 1 456 970 660 849
211 4 2 0 1 1250 256 488 991
212 4 2 0 1 550 1298 1190 620
213 4 2 0 1 1426 328 1777 339
214 4 2 0 1 284 652 814 912
215 4 2 0 1 652 814 912 528
216 4 2 0 1 284 652 912 1157
217 4 2 0 1 684 1450 661 1674
218 4 2 0 1 562 537 516 543
219 4 2 0 1 572 594 531 592
220 4 2 0 1 888 304 448 840
221 4 2 0 1 1116 840 448 304
222 4 2 0 1 451 1081 304 448
223 4 2 0 1 945 865 449 1722
224 4 2 0 1 888 304 1081 448
225 4 2 0 1 458 465 1581 208
226 4 2 0 1 988 1581 465 1139
227 4 2 0 1 1693 513 589 571
228 4 2 0 1 326 1707 534 242
229 4 2 0 1 571 1595 589 1693
230 4 2 0 1 1786 539 451 567
231 4 2 0 1 1775 953 326 1240
232 4 2 0 1 326 533 534 1089
233 4 2 0 1 455 556 496 504
234 4 2 0 1 1777 839 1794 884
235 4 2 0 1 326 533 242 534
236 4 2 0 1 1490 841 1510 370
237 4 2 0 1 599 588 625 623
238 4 2 0 1 1510 370 230 514
239 4 2 0 1 591 588 625 599
240 4 2 0 1 951 657 1716 768
241 4 2 0 1 1718 768 951 1716
242 4 2 0 1 170 370 230 1510
243 4 2 0 1 1490 1510 380 370
244 4 2 0 1 377 1303 582 686
245 4 2 0 1 591 377 559 599
246 4 2 0 1 676 717 620 599
247 4 2 0 1 591 377 582 686
248 4 2 0 1 380 1510 514 370
249 4 2 0 1 1768 939 1490 487
250 4 2 0 1 380 1510 1304 681
251 4 2 0 1 1720 1772 441 422
252 4 2 0 1 761 603 792 1708
253 4 2 0 1 422 1576 442 441
254 4 2 0 1 1113 763 1700 474
255 4 2 0 1 1113 763 459 1700
256 4 2 0 1 139 80 138 1254
257 4 2 0 1 1468 1494 867 1670
258 4 2 0 1 1136 1389 1413 1734
259 4 2 0 1 1396 1576 422 441
260 4 2 0 1 1408 1417 867 1581
261 4 2 0 1 441 442 422 1772
262 4 2 0 1 620 1190 717 613
263 4 2 0 1 1160 673 1443 807
264 4 2 0 1 1366 56 735 1402
265 4 2 0 1 56 390 674 651
266 4 2 0 1 313 356 312 369
267 4 2 0 1 735 1366 1402 1395
268 4 2 0 1 958 390 651 674
269 4 2 0 1 1298 629 601 235
270 4 2 0 1 630 601 591 625
271 4 2 0 1 582 601 591 630
272 4 2 0 1 1190 558 613 1028
273 4 2 0 1 599 1443 591 588
274 4 2 0 1 1217 832 325 283
275 4 2 0 1 387 381 359 383
276 4 2 0 1 815 458 1408 130
277 4 2 0 1 130 458 1408 208
278 4 2 0 1 96 834 1685 423
279 4 2 0 1 458 1581 1408 208
280 4 2 0 1 1116 304 429 840
281 4 2 0 1 1343 826 1408 815
282 4 2 0 1 1113 763 1266 459
283 4 2 0 1 318 1579 345 306
284 4 2 0 1 429 1799 900 929
285 4 2 0 1 840 656 429 900
286 4 2 0 1 429 1562 748 1418
287 4 2 0 1 929 1418 748 1594
288 4 2 0 1 1700 1230 763 459
289 4 2 0 1 763 1230 1266 459
290 4 2 0 1 442 1775 1011 548
291 4 2 0 1 865 532 524 517
292 4 2 0 1 669 436 1105 1799
293 4 2 0 1 545 526 489 508
294 4 2 0 1 119 670 481 167
295 4 2 0 1 669 1689 85 436
296 4 2 0 1 80 436 85 1689
297 4 2 0 1 614 656 931 991
298 4 2 0 1 256 656 614 991
299 4 2 0 1 778 380 1304 681
300 4 2 0 1 681 778 1315 1304
301 4 2 0 1 1130 741 1797 1397
302 4 2 0 1 380 1510 494 514
303 4 2 0 1 661 1695 684 1435
304 4 2 0 1 487 514 380 494
305 4 2 0 1 1510 514 230 494
306 4 2 0 1 514 84 230 494
307 4 2 0 1 1011 548 1775 509
308 4 2 0 1 1720 960 1049 419
309 4 2 0 1 732 892 1202 334
310 4 2 0 1 892 334 874 712
311 4 2 0 1 892 712 1202 334
312 4 2 0 1 1319 892 732 334
313 4 2 0 1 508 527 545 524
314 4 2 0 1 874 334 892 1319
315 4 2 0 1 1377 104 719 1706
316 4 2 0 1 719 1377 1178 104
317 4 2 0 1 1021 540 1346 708
318 4 2 0 1 1021 540 708 874
319 4 2 0 1 218 547 1124 816
320 4 2 0 1 675 547 917 1178
321 4 2 0 1 565 533 476 554
322 4 2 0 1 524 519 568 534
323 4 2 0 1 816 547 1124 1260
324 4 2 0 1 915 704 353 1205
325 4 2 0 1 1518 704 759 915
326 4 2 0 1 738 855 547 917
327 4 2 0 1 1396 960 422 1457
328 4 2 0 1 1252 168 1034 1404
329 4 2 0 1 1395 1396 960 422
330 4 2 0 1 441 1395 422 1396
331 4 2 0 1 865 524 508 517
332 4 2 0 1 865 517 508 1722
333 4 2 0 1 1620 1201 442 764
334 4 2 0 1 764 1548 1503 1201
335 4 2 0 1 1728 595 524 568
336 4 2 0 1 496 556 546 523
337 4 2 0 1 524 527 545 568
338 4 2 0 1 584 922 1700 521
339 4 2 0 1 637 610 642 584
340 4 2 0 1 1742 648 607 642
341 4 2 0 1 1722 508 806 517
342 4 2 0 1 383 366 410 401
343 4 2 0 1 532 563 596 1728
344 4 2 0 1 1277 1370 105 540
345 4 2 0 1 715 579 695 179
346 4 2 0 1 179 579 695 779
347 4 2 0 1 695 1191 779 579
348 4 2 0 1 155 651 868 852
349 4 2 0 1 1114 1571 466 579
350 4 2 0 1 1114 579 466 715
351 4 2 0 1 583 741 1130 101
352 4 2 0 1 1503 1201 1620 764
353 4 2 0 1 440 242 519 527
354 4 2 0 1 141 905 102 583
355 4 2 0 1 102 583 1130 101
356 4 2 0 1 379 410 387 383
357 4 2 0 1 764 1201 442 1548
358 4 2 0 1 70 118 71 1784
359 4 2 0 1 86 886 754 959
360 4 2 0 1 720 745 877 1000
361 4 2 0 1 306 345 318 386
362 4 2 0 1 976 781 1787 933
363 4 2 0 1 361 407 376 369
364 4 2 0 1 349 368 294 293
365 4 2 0 1 303 207 1745 213
366 4 2 0 1 207 213 606 1745
367 4 2 0 1 849 1244 456 907
368 4 2 0 1 1370 755 105 540
369 4 2 0 1 886 86 1081 888
370 4 2 0 1 1081 86 656 888
371 4 2 0 1 459 1266 928 1217
372 4 2 0 1 901 1113 913 459
373 4 2 0 1 490 529 517 810
374 4 2 0 1 294 372 349 296
375 4 2 0 1 563 526 517 529
376 4 2 0 1 1703 645 162 910
377 4 2 0 1 532 517 490 593
378 4 2 0 1 532 563 593 596
379 4 2 0 1 376 407 361 392
380 4 2 0 1 1686 865 1775 953
381 4 2 0 1 746 603 878 650
382 4 2 0 1 508 503 526 489
383 4 2 0 1 517 503 806 529
384 4 2 0 1 333 218 1268 655
385 4 2 0 1 448 451 1764 699
386 4 2 0 1 655 958 1086 333
387 4 2 0 1 699 1764 448 782
388 4 2 0 1 704 759 1503 425
389 4 2 0 1 1242 222 606 957
390 4 2 0 1 1242 957 843 222
391 4 2 0 1 349 222 1745 1242
392 4 2 0 1 357 400 398 395
393 4 2 0 1 288 1495 1737 357
394 4 2 0 1 447 1588 1084 1740
395 4 2 0 1 843 1242 222 349
396 4 2 0 1 662 694 375 604
397 4 2 0 1 374 368 294 349
398 4 2 0 1 703 876 604 662
399 4 2 0 1 1242 222 1745 606
400 4 2 0 1 703 694 662 604
401 4 2 0 1 529 503 526 517
402 4 2 0 1 490 529 593 517
403 4 2 0 1 593 529 563 517
404 4 2 0 1 608 1743 605 647
405 4 2 0 1 1265 742 1224 443
406 4 2 0 1 638 728 646 604
407 4 2 0 1 1769 1226 1063 1427
408 4 2 0 1 646 788 1743 605
409 4 2 0 1 379 366 410 383
410 4 2 0 1 1679 538 141 1078
411 4 2 0 1 611 1743 608 647
412 4 2 0 1 605 1743 646 647
413 4 2 0 1 1679 1137 141 538
414 4 2 0 1 146 1137 141 1679
415 4 2 0 1 1527 1679 146 141
416 4 2 0 1 908 1769 424 1226
417 4 2 0 1 788 990 604 694
418 4 2 0 1 1138 667 855 978
419 4 2 0 1 1631 908 1077 1769
420 4 2 0 1 1427 1631 431 1769
421 4 2 0 1 1077 1769 431 1631
422 4 2 0 1 868 671 155 852
423 4 2 0 1 671 868 155 987
424 4 2 0 1 671 633 875 852
425 4 2 0 1 405 392 386 351
426 4 2 0 1 345 387 309 287
427 4 2 0 1 343 309 287 290
428 4 2 0 1 287 387 309 343
429 4 2 0 1 673 717 828 599
430 4 2 0 1 379 383 387 343
431 4 2 0 1 394 387 359 345
432 4 2 0 1 1446 1648 670 1212
433 4 2 0 1 309 356 383 359
434 4 2 0 1 308 312 323 311
435 4 2 0 1 694 375 604 638
436 4 2 0 1 675 1178 917 762
437 4 2 0 1 1138 1178 675 910
438 4 2 0 1 1006 709 574 643
439 4 2 0 1 456 849 660 1244
440 4 2 0 1 456 421 660 403
441 4 2 0 1 456 1244 660 421
442 4 2 0 1 677 55 1007 8
443 4 2 0 1 176 1002 178 712
444 4 2 0 1 540 712 1002 653
445 4 2 0 1 1258 573 1763 782
446 4 2 0 1 361 312 369 376
447 4 2 0 1 782 598 573 1763
448 4 2 0 1 448 1764 573 782
449 4 2 0 1 379 410 366 322
450 4 2 0 1 376 397 369 407
451 4 2 0 1 405 407 392 361
452 4 2 0 1 1081 448 886 888
453 4 2 0 1 1792 55 1007 677
454 4 2 0 1 351 392 361 405
455 4 2 0 1 392 397 376 407
456 4 2 0 1 813 860 1096 689
457 4 2 0 1 813 240 1096 860
458 4 2 0 1 323 392 361 351
459 4 2 0 1 611 649 647 608
460 4 2 0 1 361 392 323 376
461 4 2 0 1 665 86 256 740
462 4 2 0 1 521 1700 459 325
463 4 2 0 1 317 396 410 366
464 4 2 0 1 401 396 366 410
465 4 2 0 1 357 398 288 1495
466 4 2 0 1 401 396 397 369
467 4 2 0 1 1147 522 903 911
468 4 2 0 1 406 362 357 384
469 4 2 0 1 443 934 696 1152
470 4 2 0 1 774 522 614 903
471 4 2 0 1 740 256 665 663
472 4 2 0 1 1792 1584 677 1007
473 4 2 0 1 380 1510 681 494
474 4 2 0 1 754 740 86 665
475 4 2 0 1 1078 538 1222 187
476 4 2 0 1 1222 1265 1213 696
477 4 2 0 1 608 1743 611 952
478 4 2 0 1 1679 187 538 1078
479 4 2 0 1 487 380 681 494
480 4 2 0 1 354 901 799 459
481 4 2 0 1 494 487 1315 681
482 4 2 0 1 799 860 901 354
483 4 2 0 1 681 1510 926 494
484 4 2 0 1 494 681 1315 1598
485 4 2 0 1 494 681 1598 926
486 4 2 0 1 377 1303 686 1008
487 4 2 0 1 390 1086 333 932
488 4 2 0 1 1086 958 390 333
489 4 2 0 1 591 377 686 559
490 4 2 0 1 404 362 384 324
491 4 2 0 1 693 566 1522 582
492 4 2 0 1 1303 1522 686 869
493 4 2 0 1 693 566 582 591
494 4 2 0 1 1378 1564 1563 1188
495 4 2 0 1 975 826 775 1581
496 4 2 0 1 360 314 319 358
497 4 2 0 1 640 639 597 610
498 4 2 0 1 775 469 975 1581
499 4 2 0 1 395 400 406 357
500 4 2 0 1 430 439 455 420
501 4 2 0 1 1019 973 1255 689
502 4 2 0 1 869 693 1522 686
503 4 2 0 1 608 1153 709 643
504 4 2 0 1 709 1153 574 643
505 4 2 0 1 1048 614 969 685
506 4 2 0 1 559 693 686 591
507 4 2 0 1 614 1048 862 685
508 4 2 0 1 1443 693 559 591
509 4 2 0 1 694 703 528 861
510 4 2 0 1 703 528 662 694
511 4 2 0 1 693 1522 880 869
512 4 2 0 1 1651 27 50 52
513 4 2 0 1 27 67 1651 50
514 4 2 0 1 866 1768 1651 27
515 4 2 0 1 1036 735 848 1393
516 4 2 0 1 537 501 523 504
517 4 2 0 1 1308 426 486 467
518 4 2 0 1 543 683 537 516
519 4 2 0 1 749 922 1700 584
520 4 2 0 1 584 610 642 658
521 4 2 0 1 566 693 151 588
522 4 2 0 1 455 556 546 496
523 4 2 0 1 497 556 546 455
524 4 2 0 1 817 122 1301 690
525 4 2 0 1 588 566 693 591
526 4 2 0 1 334 540 1021 874
527 4 2 0 1 1021 708 891 417
528 4 2 0 1 531 562 594 572
529 4 2 0 1 776 849 970 907
530 4 2 0 1 774 903 614 1106
531 4 2 0 1 1217 1230 286 283
532 4 2 0 1 325 1230 459 1217
533 4 2 0 1 685 804 669 948
534 4 2 0 1 852 651 632 570
535 4 2 0 1 776 849 1568 970
536 4 2 0 1 594 537 562 543
537 4 2 0 1 970 1073 849 1568
538 4 2 0 1 152 170 697 1480
539 4 2 0 1 683 520 543 537
540 4 2 0 1 537 520 501 683
541 4 2 0 1 504 683 537 501
542 4 2 0 1 697 170 230 1480
543 4 2 0 1 701 993 793 1150
544 4 2 0 1 701 993 1150 956
545 4 2 0 1 1750 993 1150 793
546 4 2 0 1 880 836 693 151
547 4 2 0 1 584 610 658 749
548 4 2 0 1 1569 1693 1148 1650
549 4 2 0 1 610 949 749 597
550 4 2 0 1 659 893 680 1155
551 4 2 0 1 659 820 614 1009
552 4 2 0 1 693 1522 836 880
553 4 2 0 1 663 1106 488 256
554 4 2 0 1 826 1343 1408 1417
555 4 2 0 1 975 826 1581 1417
556 4 2 0 1 663 1112 1106 256
557 4 2 0 1 360 331 314 310
558 4 2 0 1 667 652 958 978
559 4 2 0 1 1157 652 667 978
560 4 2 0 1 714 1665 634 805
561 4 2 0 1 1581 826 1408 1417
562 4 2 0 1 1116 429 800 840
563 4 2 0 1 656 682 840 888
564 4 2 0 1 1417 975 826 1343
565 4 2 0 1 187 1286 957 863
566 4 2 0 1 1286 863 222 957
567 4 2 0 1 384 362 357 324
568 4 2 0 1 288 324 1737 214
569 4 2 0 1 86 886 959 682
570 4 2 0 1 404 400 384 406
571 4 2 0 1 775 1522 789 802
572 4 2 0 1 798 948 577 665
573 4 2 0 1 614 1112 665 256
574 4 2 0 1 1618 564 703 662
575 4 2 0 1 583 905 198 205
576 4 2 0 1 905 1192 583 198
577 4 2 0 1 685 804 862 669
578 4 2 0 1 198 1192 1133 905
579 4 2 0 1 1799 929 669 900
580 4 2 0 1 669 900 436 1799
581 4 2 0 1 701 769 793 993
582 4 2 0 1 705 597 767 837
583 4 2 0 1 767 847 949 981
584 4 2 0 1 259 1672 330 1540
585 4 2 0 1 837 847 949 767
586 4 2 0 1 769 793 1044 701
587 4 2 0 1 1378 1044 793 701
588 4 2 0 1 590 745 895 877
589 4 2 0 1 384 357 288 324
590 4 2 0 1 404 362 409 406
591 4 2 0 1 673 578 828 717
592 4 2 0 1 717 1253 676 613
593 4 2 0 1 673 599 1401 717
594 4 2 0 1 657 718 1700 325
595 4 2 0 1 657 718 1729 1700
596 4 2 0 1 1230 1700 718 325
597 4 2 0 1 360 314 362 310
598 4 2 0 1 718 1230 736 1700
599 4 2 0 1 736 1700 919 718
600 4 2 0 1 668 1665 714 805
601 4 2 0 1 919 718 1700 1729
602 4 2 0 1 1368 1136 469 702
603 4 2 0 1 702 1581 1136 469
604 4 2 0 1 1368 711 1161 702
605 4 2 0 1 702 988 1581 711
606 4 2 0 1 104 1351 719 1706
607 4 2 0 1 772 635 609 837
608 4 2 0 1 1069 635 609 772
609 4 2 0 1 104 1733 719 1351
610 4 2 0 1 395 358 389 408
611 4 2 0 1 1069 515 635 772
612 4 2 0 1 915 1063 704 1205
613 4 2 0 1 1063 704 1205 1769
614 4 2 0 1 360 385 389 358
615 4 2 0 1 704 1063 1518 1427
616 4 2 0 1 277 1735 1295 1027
617 4 2 0 1 1518 1063 704 915
618 4 2 0 1 1366 883 1402 723
619 4 2 0 1 360 319 385 358
620 4 2 0 1 1726 297 229 296
621 4 2 0 1 58 63 62 706
622 4 2 0 1 390 823 723 333
623 4 2 0 1 108 706 63 58
624 4 2 0 1 1167 870 579 1119
625 4 2 0 1 831 745 179 1119
626 4 2 0 1 1167 870 1119 1349
627 4 2 0 1 720 1000 877 352
628 4 2 0 1 1000 745 831 1119
629 4 2 0 1 108 706 1755 63
630 4 2 0 1 860 813 240 1113
631 4 2 0 1 860 813 1113 672
632 4 2 0 1 813 944 1113 672
633 4 2 0 1 62 706 63 1755
634 4 2 0 1 1032 903 774 726
635 4 2 0 1 813 944 240 1113
636 4 2 0 1 222 1726 349 955
637 4 2 0 1 1294 740 754 665
638 4 2 0 1 1294 663 740 665
639 4 2 0 1 680 1211 1155 893
640 4 2 0 1 903 382 726 1032
641 4 2 0 1 431 1077 1710 1769
642 4 2 0 1 1368 469 711 702
643 4 2 0 1 702 711 1581 469
644 4 2 0 1 711 1181 743 1368
645 4 2 0 1 360 393 319 331
646 4 2 0 1 1048 614 774 522
647 4 2 0 1 715 1167 729 1376
648 4 2 0 1 729 1376 1580 1067
649 4 2 0 1 1181 858 711 743
650 4 2 0 1 711 492 469 499
651 4 2 0 1 783 1048 862 614
652 4 2 0 1 783 614 774 1048
653 4 2 0 1 1048 614 522 969
654 4 2 0 1 730 1302 1348 967
655 4 2 0 1 967 1024 1424 730
656 4 2 0 1 676 792 717 599
657 4 2 0 1 908 663 1335 731
658 4 2 0 1 476 908 731 663
659 4 2 0 1 715 870 1167 1376
660 4 2 0 1 908 453 1335 424
661 4 2 0 1 1631 476 731 533
662 4 2 0 1 1753 899 1747 222
663 4 2 0 1 757 1295 674 735
664 4 2 0 1 1000 1119 831 352
665 4 2 0 1 1427 704 1063 1769
666 4 2 0 1 609 648 1742 635
667 4 2 0 1 425 1518 1427 704
668 4 2 0 1 837 635 609 1742
669 4 2 0 1 777 798 577 820
670 4 2 0 1 584 1700 459 521
671 4 2 0 1 777 820 739 798
672 4 2 0 1 1177 1312 739 1294
673 4 2 0 1 1209 798 739 754
674 4 2 0 1 1312 450 739 1294
675 4 2 0 1 1769 1226 1427 424
676 4 2 0 1 424 1427 1458 1226
677 4 2 0 1 1181 858 838 711
678 4 2 0 1 333 218 655 978
679 4 2 0 1 655 978 958 333
680 4 2 0 1 978 894 958 333
681 4 2 0 1 218 333 1227 978
682 4 2 0 1 1227 978 333 894
683 4 2 0 1 1792 724 1163 677
684 4 2 0 1 997 1427 440 431
685 4 2 0 1 696 129 846 902
686 4 2 0 1 652 796 958 978
687 4 2 0 1 652 796 651 958
688 4 2 0 1 849 125 660 700
689 4 2 0 1 1018 1085 700 849
690 4 2 0 1 823 796 852 771
691 4 2 0 1 796 1313 652 814
692 4 2 0 1 1261 1105 1145 783
693 4 2 0 1 1313 652 978 796
694 4 2 0 1 1152 902 696 846
695 4 2 0 1 172 1761 1534 1261
696 4 2 0 1 446 997 1427 440
697 4 2 0 1 657 1716 718 1309
698 4 2 0 1 429 1116 800 748
699 4 2 0 1 429 748 800 1799
700 4 2 0 1 782 600 1341 549
701 4 2 0 1 960 759 915 419
702 4 2 0 1 506 1341 549 782
703 4 2 0 1 960 353 915 1503
704 4 2 0 1 1763 782 525 1258
705 4 2 0 1 711 743 469 1368
706 4 2 0 1 743 499 711 469
707 4 2 0 1 1059 996 1480 152
708 4 2 0 1 1597 604 703 876
709 4 2 0 1 1597 604 990 703
710 4 2 0 1 256 948 656 86
711 4 2 0 1 757 868 833 56
712 4 2 0 1 56 868 833 155
713 4 2 0 1 256 86 656 896
714 4 2 0 1 256 614 656 948
715 4 2 0 1 110 164 69 114
716 4 2 0 1 86 682 948 656
717 4 2 0 1 340 1585 1194 752
718 4 2 0 1 155 868 833 987
719 4 2 0 1 837 597 609 721
720 4 2 0 1 891 417 688 805
721 4 2 0 1 891 417 708 688
722 4 2 0 1 390 932 333 1395
723 4 2 0 1 390 723 1395 333
724 4 2 0 1 960 1395 333 932
725 4 2 0 1 1254 139 1452 138
726 4 2 0 1 742 1032 522 1048
727 4 2 0 1 332 1449 752 1348
728 4 2 0 1 1032 522 1147 742
729 4 2 0 1 1787 446 753 1789
730 4 2 0 1 314 1753 223 220
731 4 2 0 1 446 1795 753 1394
732 4 2 0 1 165 184 118 982
733 4 2 0 1 833 168 868 757
734 4 2 0 1 168 868 716 1034
735 4 2 0 1 716 868 987 1034
736 4 2 0 1 424 908 1631 1769
737 4 2 0 1 842 334 1192 198
738 4 2 0 1 1192 1432 334 842
739 4 2 0 1 623 603 792 761
740 4 2 0 1 1582 1096 188 186
741 4 2 0 1 756 996 1059 152
742 4 2 0 1 716 868 633 987
743 4 2 0 1 814 1616 861 1618
744 4 2 0 1 528 814 861 1618
745 4 2 0 1 80 750 1254 139
746 4 2 0 1 80 1108 1254 750
747 4 2 0 1 1623 152 756 1059
748 4 2 0 1 756 152 1623 1656
749 4 2 0 1 1568 1381 167 119
750 4 2 0 1 1568 1381 119 1550
751 4 2 0 1 992 427 759 1179
752 4 2 0 1 1763 710 1118 618
753 4 2 0 1 201 540 766 1346
754 4 2 0 1 419 759 1720 960
755 4 2 0 1 46 34 11 13
756 4 2 0 1 888 656 304 840
757 4 2 0 1 60 35 33 69
758 4 2 0 1 1720 759 992 427
759 4 2 0 1 1720 764 1548 1503
760 4 2 0 1 1720 764 422 1548
761 4 2 0 1 21 18 5 59
762 4 2 0 1 654 187 1222 785
763 4 2 0 1 422 442 1548 764
764 4 2 0 1 717 1253 578 676
765 4 2 0 1 1722 479 1110 765
766 4 2 0 1 614 669 685 862
767 4 2 0 1 765 1772 1015 1011
768 4 2 0 1 868 757 168 691
769 4 2 0 1 1404 168 833 1036
770 4 2 0 1 479 1110 765 1011
771 4 2 0 1 769 819 668 701
772 4 2 0 1 769 819 701 1044
773 4 2 0 1 793 769 1750 993
774 4 2 0 1 1804 17 35 1774
775 4 2 0 1 769 1750 1044 793
776 4 2 0 1 107 69 110 164
777 4 2 0 1 668 769 701 993
778 4 2 0 1 783 825 85 862
779 4 2 0 1 765 1772 427 1015
780 4 2 0 1 1319 827 1175 1778
781 4 2 0 1 819 417 874 827
782 4 2 0 1 1257 1571 466 1114
783 4 2 0 1 827 417 668 819
784 4 2 0 1 293 1639 255 1714
785 4 2 0 1 574 687 721 352
786 4 2 0 1 46 110 57 60
787 4 2 0 1 687 914 705 352
788 4 2 0 1 35 60 11 40
789 4 2 0 1 1298 1274 1246 629
790 4 2 0 1 813 925 897 1255
791 4 2 0 1 114 34 33 46
792 4 2 0 1 775 999 1303 499
793 4 2 0 1 775 1522 1303 789
794 4 2 0 1 114 110 113 46
795 4 2 0 1 70 1784 113 166
796 4 2 0 1 912 776 970 907
797 4 2 0 1 850 993 1234 602
798 4 2 0 1 1234 668 956 993
799 4 2 0 1 144 1270 143 982
800 4 2 0 1 850 668 1234 993
801 4 2 0 1 982 1605 144 1270
802 4 2 0 1 668 714 1665 850
803 4 2 0 1 912 776 907 199
804 4 2 0 1 46 110 113 57
805 4 2 0 1 169 776 1381 199
806 4 2 0 1 46 110 60 33
807 4 2 0 1 1304 1798 778 1497
808 4 2 0 1 350 1739 777 739
809 4 2 0 1 350 820 739 777
810 4 2 0 1 820 1158 777 350
811 4 2 0 1 778 1497 1315 1304
812 4 2 0 1 427 437 781 784
813 4 2 0 1 754 739 1209 450
814 4 2 0 1 827 417 1102 668
815 4 2 0 1 1017 827 1102 668
816 4 2 0 1 769 827 1017 668
817 4 2 0 1 224 1496 221 1699
818 4 2 0 1 852 727 570 662
819 4 2 0 1 913 860 1113 901
820 4 2 0 1 860 672 1113 901
821 4 2 0 1 1784 165 166 118
822 4 2 0 1 579 1191 779 780
823 4 2 0 1 466 1571 1507 579
824 4 2 0 1 427 784 781 976
825 4 2 0 1 898 488 614 991
826 4 2 0 1 898 488 991 661
827 4 2 0 1 1700 521 795 1729
828 4 2 0 1 728 788 646 604
829 4 2 0 1 709 500 1117 515
830 4 2 0 1 237 590 877 817
831 4 2 0 1 143 899 1747 220
832 4 2 0 1 907 284 1616 814
833 4 2 0 1 1106 488 614 898
834 4 2 0 1 712 653 540 874
835 4 2 0 1 892 712 874 653
836 4 2 0 1 427 1720 784 992
837 4 2 0 1 1089 534 326 509
838 4 2 0 1 534 326 509 1707
839 4 2 0 1 817 1067 1421 237
840 4 2 0 1 326 509 953 1775
841 4 2 0 1 38 12 44 24
842 4 2 0 1 702 1161 988 711
843 4 2 0 1 659 685 614 966
844 4 2 0 1 966 614 665 948
845 4 2 0 1 577 966 665 948
846 4 2 0 1 966 685 614 948
847 4 2 0 1 820 659 614 966
848 4 2 0 1 598 782 586 600
849 4 2 0 1 56 757 674 735
850 4 2 0 1 390 56 674 735
851 4 2 0 1 932 390 735 1395
852 4 2 0 1 1139 1161 988 702
853 4 2 0 1 276 963 1367 892
854 4 2 0 1 192 963 1781 276
855 4 2 0 1 702 1139 1161 1225
856 4 2 0 1 775 789 492 458
857 4 2 0 1 775 789 1303 999
858 4 2 0 1 919 132 718 1729
859 4 2 0 1 38 32 24 45
860 4 2 0 1 999 789 1303 1008
861 4 2 0 1 756 791 996 152
862 4 2 0 1 756 1656 791 152
863 4 2 0 1 152 697 791 1480
864 4 2 0 1 996 791 1480 152
865 4 2 0 1 1680 623 761 1709
866 4 2 0 1 654 187 785 942
867 4 2 0 1 1575 1783 1356 1318
868 4 2 0 1 962 942 785 857
869 4 2 0 1 765 1772 1011 441
870 4 2 0 1 421 403 737 590
871 4 2 0 1 1044 819 701 947
872 4 2 0 1 421 590 737 895
873 4 2 0 1 1011 441 484 848
874 4 2 0 1 441 1011 442 1772
875 4 2 0 1 823 854 796 771
876 4 2 0 1 442 484 1011 441
877 4 2 0 1 834 890 1556 1685
878 4 2 0 1 854 978 1227 894
879 4 2 0 1 854 796 978 894
880 4 2 0 1 1681 157 94 159
881 4 2 0 1 1286 818 924 787
882 4 2 0 1 788 403 1743 737
883 4 2 0 1 794 403 1743 788
884 4 2 0 1 787 1392 1286 1678
885 4 2 0 1 1519 1392 787 1678
886 4 2 0 1 657 521 325 1700
887 4 2 0 1 774 991 614 931
888 4 2 0 1 657 521 1700 1729
889 4 2 0 1 1797 741 178 1397
890 4 2 0 1 657 760 521 1729
891 4 2 0 1 741 334 1202 1111
892 4 2 0 1 1111 198 741 334
893 4 2 0 1 1450 898 488 1308
894 4 2 0 1 674 932 390 735
895 4 2 0 1 661 898 1695 726
896 4 2 0 1 1695 898 1450 1308
897 4 2 0 1 1099 1601 1196 742
898 4 2 0 1 290 1052 221 322
899 4 2 0 1 425 1427 997 431
900 4 2 0 1 1017 1306 1778 769
901 4 2 0 1 753 1787 997 446
902 4 2 0 1 1116 699 790 786
903 4 2 0 1 814 528 652 727
904 4 2 0 1 1210 786 790 418
905 4 2 0 1 727 771 796 814
906 4 2 0 1 1210 1116 790 786
907 4 2 0 1 814 771 796 1615
908 4 2 0 1 715 870 579 1167
909 4 2 0 1 1119 870 579 780
910 4 2 0 1 1114 780 579 1578
911 4 2 0 1 1278 1045 811 617
912 4 2 0 1 1114 1578 579 715
913 4 2 0 1 975 802 826 1343
914 4 2 0 1 975 1360 802 1343
915 4 2 0 1 975 802 775 826
916 4 2 0 1 1137 102 583 141
917 4 2 0 1 1360 1807 802 1343
918 4 2 0 1 416 1376 729 1134
919 4 2 0 1 802 815 1343 836
920 4 2 0 1 709 687 1069 1006
921 4 2 0 1 803 489 503 508
922 4 2 0 1 459 749 1700 584
923 4 2 0 1 584 749 658 354
924 4 2 0 1 1654 148 1592 1741
925 4 2 0 1 749 658 981 949
926 4 2 0 1 658 847 949 1742
927 4 2 0 1 459 749 901 1700
928 4 2 0 1 1131 52 88 1792
929 4 2 0 1 709 500 515 687
930 4 2 0 1 687 352 574 500
931 4 2 0 1 500 687 709 574
932 4 2 0 1 1131 52 19 66
933 4 2 0 1 55 1131 52 19
934 4 2 0 1 88 66 52 1131
935 4 2 0 1 55 1792 52 1131
936 4 2 0 1 920 1683 954 250
937 4 2 0 1 1071 1095 83 797
938 4 2 0 1 209 1733 1332 1697
939 4 2 0 1 22 12 24 44
940 4 2 0 1 517 806 810 529
941 4 2 0 1 1722 781 437 806
942 4 2 0 1 540 1111 101 1002
943 4 2 0 1 1002 101 1397 1111
944 4 2 0 1 421 703 694 861
945 4 2 0 1 687 705 721 352
946 4 2 0 1 517 806 1722 810
947 4 2 0 1 488 1106 663 1308
948 4 2 0 1 886 754 447 1090
949 4 2 0 1 559 599 550 807
950 4 2 0 1 834 738 917 177
951 4 2 0 1 101 1002 755 540
952 4 2 0 1 1250 256 663 488
953 4 2 0 1 22 44 24 48
954 4 2 0 1 883 56 1366 1402
955 4 2 0 1 632 757 868 691
956 4 2 0 1 834 177 917 99
957 4 2 0 1 834 1556 177 99
958 4 2 0 1 431 1707 997 945
959 4 2 0 1 1707 1686 945 431
960 4 2 0 1 1222 696 1213 904
961 4 2 0 1 1686 1772 1015 1109
962 4 2 0 1 772 609 721 837
963 4 2 0 1 330 1672 1004 1540
964 4 2 0 1 772 721 609 1069
965 4 2 0 1 945 425 997 431
966 4 2 0 1 334 712 540 874
967 4 2 0 1 1778 1319 432 1175
968 4 2 0 1 1126 880 510 130
969 4 2 0 1 802 826 1343 815
970 4 2 0 1 726 903 774 1106
971 4 2 0 1 815 880 1522 789
972 4 2 0 1 782 598 1764 573
973 4 2 0 1 903 382 1106 726
974 4 2 0 1 22 58 12 44
975 4 2 0 1 1522 789 802 815
976 4 2 0 1 735 757 1295 889
977 4 2 0 1 1266 286 1065 1373
978 4 2 0 1 1185 889 975 808
979 4 2 0 1 736 763 474 1700
980 4 2 0 1 1100 1723 573 1764
981 4 2 0 1 1723 598 573 1764
982 4 2 0 1 119 1554 74 112
983 4 2 0 1 417 891 334 827
984 4 2 0 1 1021 417 891 334
985 4 2 0 1 891 417 805 1102
986 4 2 0 1 827 891 1102 417
987 4 2 0 1 9 15 26 63
988 4 2 0 1 52 27 39 821
989 4 2 0 1 52 66 821 39
990 4 2 0 1 913 860 995 930
991 4 2 0 1 540 334 201 1111
992 4 2 0 1 930 995 913 1266
993 4 2 0 1 680 902 1152 927
994 4 2 0 1 680 911 1152 902
995 4 2 0 1 1131 88 791 1656
996 4 2 0 1 930 188 995 1266
997 4 2 0 1 111 45 62 44
998 4 2 0 1 1490 1076 1656 791
999 4 2 0 1 811 1282 1386 555
1000 4 2 0 1 1446 1648 822 670
1001 4 2 0 1 1218 1364 124 1018
1002 4 2 0 1 1473 1218 1568 1364
1003 4 2 0 1 1473 1259 1364 169
1004 4 2 0 1 1713 108 822 1446
1005 4 2 0 1 815 1343 1383 1408
1006 4 2 0 1 1541 1252 1455 1404
1007 4 2 0 1 208 130 239 1740
1008 4 2 0 1 1738 130 1740 239
1009 4 2 0 1 1037 1738 130 1740
1010 4 2 0 1 218 547 816 855
1011 4 2 0 1 855 547 816 738
1012 4 2 0 1 855 738 816 655
1013 4 2 0 1 804 885 985 682
1014 4 2 0 1 804 1082 885 682
1015 4 2 0 1 655 218 816 855
1016 4 2 0 1 655 738 816 906
1017 4 2 0 1 860 672 901 354
1018 4 2 0 1 728 604 694 788
1019 4 2 0 1 855 1086 738 655
1020 4 2 0 1 771 875 662 852
1021 4 2 0 1 1286 187 818 787
1022 4 2 0 1 771 823 875 852
1023 4 2 0 1 1618 771 564 662
1024 4 2 0 1 1088 857 785 938
1025 4 2 0 1 818 942 187 1286
1026 4 2 0 1 1088 785 1222 938
1027 4 2 0 1 1651 67 89 50
1028 4 2 0 1 657 1309 718 325
1029 4 2 0 1 1230 718 1318 325
1030 4 2 0 1 1309 1318 718 325
1031 4 2 0 1 325 1504 1309 1318
1032 4 2 0 1 58 1730 1688 1667
1033 4 2 0 1 1667 1730 1022 58
1034 4 2 0 1 826 458 1408 815
1035 4 2 0 1 458 826 1408 1581
1036 4 2 0 1 1581 775 458 826
1037 4 2 0 1 1021 874 708 417
1038 4 2 0 1 1799 929 931 669
1039 4 2 0 1 931 669 783 1799
1040 4 2 0 1 800 1799 900 429
1041 4 2 0 1 972 108 1713 1712
1042 4 2 0 1 198 583 101 741
1043 4 2 0 1 966 685 948 804
1044 4 2 0 1 682 839 959 798
1045 4 2 0 1 1192 741 583 198
1046 4 2 0 1 653 97 77 1002
1047 4 2 0 1 798 839 1209 1739
1048 4 2 0 1 1740 1209 839 1739
1049 4 2 0 1 50 830 59 90
1050 4 2 0 1 94 830 90 59
1051 4 2 0 1 913 928 799 459
1052 4 2 0 1 799 860 995 913
1053 4 2 0 1 913 995 799 928
1054 4 2 0 1 15 26 63 1712
1055 4 2 0 1 59 830 50 52
1056 4 2 0 1 830 52 59 1792
1057 4 2 0 1 1792 94 59 830
1058 4 2 0 1 1402 848 1404 1036
1059 4 2 0 1 752 1210 418 1449
1060 4 2 0 1 834 738 547 917
1061 4 2 0 1 738 547 816 1260
1062 4 2 0 1 730 418 1054 1449
1063 4 2 0 1 738 890 816 906
1064 4 2 0 1 1449 730 418 752
1065 4 2 0 1 1210 1449 786 418
1066 4 2 0 1 1404 1036 833 1402
1067 4 2 0 1 685 1055 804 966
1068 4 2 0 1 1404 833 1107 1402
1069 4 2 0 1 837 847 1742 949
1070 4 2 0 1 810 806 1722 437
1071 4 2 0 1 752 1449 730 1348
1072 4 2 0 1 1449 1054 786 418
1073 4 2 0 1 108 972 63 1712
1074 4 2 0 1 672 944 705 914
1075 4 2 0 1 810 479 1110 1722
1076 4 2 0 1 892 176 178 712
1077 4 2 0 1 1044 1489 1378 1010
1078 4 2 0 1 1378 1044 1010 793
1079 4 2 0 1 525 1341 618 1386
1080 4 2 0 1 490 479 1110 810
1081 4 2 0 1 1059 1623 1625 724
1082 4 2 0 1 598 782 600 618
1083 4 2 0 1 1792 1623 756 724
1084 4 2 0 1 1351 1347 824 1220
1085 4 2 0 1 719 1332 1066 1351
1086 4 2 0 1 1792 1623 1656 756
1087 4 2 0 1 151 880 130 510
1088 4 2 0 1 1230 1504 1783 286
1089 4 2 0 1 761 1738 578 828
1090 4 2 0 1 919 1716 718 132
1091 4 2 0 1 676 578 717 792
1092 4 2 0 1 578 828 1738 673
1093 4 2 0 1 828 792 599 717
1094 4 2 0 1 510 880 693 151
1095 4 2 0 1 783 774 734 1048
1096 4 2 0 1 1099 1032 742 1048
1097 4 2 0 1 825 783 734 1048
1098 4 2 0 1 783 669 614 862
1099 4 2 0 1 783 669 1105 1799
1100 4 2 0 1 123 186 1019 829
1101 4 2 0 1 1099 263 1048 1159
1102 4 2 0 1 1771 1723 622 650
1103 4 2 0 1 1003 856 423 160
1104 4 2 0 1 123 186 829 118
1105 4 2 0 1 8 21 36 1007
1106 4 2 0 1 1268 423 856 160
1107 4 2 0 1 816 890 1403 906
1108 4 2 0 1 1211 856 1003 160
1109 4 2 0 1 1268 816 1403 906
1110 4 2 0 1 1268 856 1251 160
1111 4 2 0 1 1211 893 856 160
1112 4 2 0 1 893 856 160 1251
1113 4 2 0 1 1615 1313 978 796
1114 4 2 0 1 838 235 499 1298
1115 4 2 0 1 838 858 1181 1298
1116 4 2 0 1 218 547 1138 719
1117 4 2 0 1 841 170 1510 370
1118 4 2 0 1 218 547 855 1138
1119 4 2 0 1 1124 1377 547 719
1120 4 2 0 1 152 697 170 841
1121 4 2 0 1 841 170 152 1477
1122 4 2 0 1 1740 1383 350 1408
1123 4 2 0 1 646 794 1743 788
1124 4 2 0 1 728 794 646 788
1125 4 2 0 1 788 456 728 403
1126 4 2 0 1 512 788 1743 737
1127 4 2 0 1 788 421 456 403
1128 4 2 0 1 737 421 512 788
1129 4 2 0 1 734 774 263 1048
1130 4 2 0 1 1428 1470 1223 246
1131 4 2 0 1 456 861 528 907
1132 4 2 0 1 1095 1223 835 243
1133 4 2 0 1 456 861 694 528
1134 4 2 0 1 456 1244 861 907
1135 4 2 0 1 456 421 861 1244
1136 4 2 0 1 456 861 421 694
1137 4 2 0 1 506 1751 1091 470
1138 4 2 0 1 1091 600 602 626
1139 4 2 0 1 602 1751 1091 626
1140 4 2 0 1 1684 260 244 1517
1141 4 2 0 1 506 1091 549 470
1142 4 2 0 1 626 600 586 1091
1143 4 2 0 1 858 499 711 743
1144 4 2 0 1 858 499 838 711
1145 4 2 0 1 838 499 858 1298
1146 4 2 0 1 674 961 1086 932
1147 4 2 0 1 1298 858 552 499
1148 4 2 0 1 961 674 1295 932
1149 4 2 0 1 277 961 1295 932
1150 4 2 0 1 962 857 785 1088
1151 4 2 0 1 848 1455 1404 1036
1152 4 2 0 1 1036 1455 1404 1541
1153 4 2 0 1 1679 957 187 1078
1154 4 2 0 1 728 403 794 788
1155 4 2 0 1 1700 521 922 795
1156 4 2 0 1 1112 1009 1469 1207
1157 4 2 0 1 1207 1112 1009 851
1158 4 2 0 1 1207 1009 1206 851
1159 4 2 0 1 831 1119 179 779
1160 4 2 0 1 843 229 1726 222
1161 4 2 0 1 52 866 1651 27
1162 4 2 0 1 349 843 1726 222
1163 4 2 0 1 52 27 821 866
1164 4 2 0 1 228 229 296 843
1165 4 2 0 1 843 1714 294 1790
1166 4 2 0 1 857 1741 1285 1053
1167 4 2 0 1 96 1003 423 160
1168 4 2 0 1 1211 1003 96 160
1169 4 2 0 1 1377 1124 1003 927
1170 4 2 0 1 1001 845 1396 1484
1171 4 2 0 1 52 866 89 1651
1172 4 2 0 1 52 66 866 821
1173 4 2 0 1 305 1675 1273 318
1174 4 2 0 1 830 89 50 52
1175 4 2 0 1 280 1309 1504 279
1176 4 2 0 1 866 88 66 52
1177 4 2 0 1 52 88 89 866
1178 4 2 0 1 1303 869 686 1008
1179 4 2 0 1 443 522 969 1048
1180 4 2 0 1 559 693 869 686
1181 4 2 0 1 834 1556 890 177
1182 4 2 0 1 823 671 875 852
1183 4 2 0 1 851 1112 1106 663
1184 4 2 0 1 851 1112 1009 1106
1185 4 2 0 1 851 1009 1206 1106
1186 4 2 0 1 834 890 738 177
1187 4 2 0 1 789 869 1303 1008
1188 4 2 0 1 1080 869 559 941
1189 4 2 0 1 913 1266 928 459
1190 4 2 0 1 736 853 763 1230
1191 4 2 0 1 350 859 820 1158
1192 4 2 0 1 709 687 1006 574
1193 4 2 0 1 721 687 574 1006
1194 4 2 0 1 859 1215 820 1469
1195 4 2 0 1 486 1040 1462 493
1196 4 2 0 1 44 100 58 706
1197 4 2 0 1 706 100 58 112
1198 4 2 0 1 1745 207 303 292
1199 4 2 0 1 630 601 168 1252
1200 4 2 0 1 886 86 896 1081
1201 4 2 0 1 812 601 168 808
1202 4 2 0 1 168 601 812 1252
1203 4 2 0 1 897 1571 466 1257
1204 4 2 0 1 121 863 142 1678
1205 4 2 0 1 897 1257 466 916
1206 4 2 0 1 62 706 44 58
1207 4 2 0 1 1022 706 58 112
1208 4 2 0 1 689 1257 897 916
1209 4 2 0 1 974 1102 951 805
1210 4 2 0 1 668 1665 805 1102
1211 4 2 0 1 864 1420 1589 1334
1212 4 2 0 1 1370 766 101 540
1213 4 2 0 1 669 128 804 1689
1214 4 2 0 1 1334 864 1498 1589
1215 4 2 0 1 862 1689 669 804
1216 4 2 0 1 63 108 58 972
1217 4 2 0 1 590 421 877 895
1218 4 2 0 1 118 982 1605 1235
1219 4 2 0 1 63 12 15 58
1220 4 2 0 1 820 798 577 665
1221 4 2 0 1 739 820 665 798
1222 4 2 0 1 235 808 629 601
1223 4 2 0 1 4 47 42 16
1224 4 2 0 1 820 1158 577 777
1225 4 2 0 1 1145 1799 931 783
1226 4 2 0 1 1018 1085 849 1364
1227 4 2 0 1 734 1145 931 783
1228 4 2 0 1 931 734 1416 1145
1229 4 2 0 1 1145 931 1799 1092
1230 4 2 0 1 759 1109 1503 425
1231 4 2 0 1 577 839 777 1423
1232 4 2 0 1 912 199 907 284
1233 4 2 0 1 1132 1525 1092 1781
1234 4 2 0 1 1423 777 577 1171
1235 4 2 0 1 577 839 1423 971
1236 4 2 0 1 127 1423 577 1171
1237 4 2 0 1 1716 1318 853 718
1238 4 2 0 1 853 718 919 1716
1239 4 2 0 1 127 971 577 1423
1240 4 2 0 1 21 59 1565 18
1241 4 2 0 1 806 508 503 517
1242 4 2 0 1 1670 1072 1200 1494
1243 4 2 0 1 837 949 597 767
1244 4 2 0 1 749 658 949 610
1245 4 2 0 1 503 508 806 803
1246 4 2 0 1 658 949 610 1742
1247 4 2 0 1 837 949 1742 597
1248 4 2 0 1 1060 420 950 1432
1249 4 2 0 1 1060 1529 950 420
1250 4 2 0 1 263 950 1159 1192
1251 4 2 0 1 102 1099 443 1048
1252 4 2 0 1 927 856 1003 1211
1253 4 2 0 1 66 39 52 19
1254 4 2 0 1 102 1099 1265 443
1255 4 2 0 1 1554 670 940 481
1256 4 2 0 1 102 1099 1196 1265
1257 4 2 0 1 451 1081 656 304
1258 4 2 0 1 456 907 528 912
1259 4 2 0 1 814 907 284 912
1260 4 2 0 1 284 1157 912 238
1261 4 2 0 1 745 720 1119 1000
1262 4 2 0 1 500 352 574 877
1263 4 2 0 1 1347 218 1043 994
1264 4 2 0 1 1431 1556 834 99
1265 4 2 0 1 753 1787 425 997
1266 4 2 0 1 812 601 582 1252
1267 4 2 0 1 1252 601 582 630
1268 4 2 0 1 976 1787 449 997
1269 4 2 0 1 458 1581 465 988
1270 4 2 0 1 584 610 521 637
1271 4 2 0 1 1588 1414 578 1279
1272 4 2 0 1 18 14 5 50
1273 4 2 0 1 1196 742 1601 1224
1274 4 2 0 1 637 521 760 795
1275 4 2 0 1 72 144 103 1776
1276 4 2 0 1 72 1605 103 144
1277 4 2 0 1 817 1134 122 690
1278 4 2 0 1 682 577 839 798
1279 4 2 0 1 1085 817 1301 690
1280 4 2 0 1 840 429 800 900
1281 4 2 0 1 656 682 900 840
1282 4 2 0 1 972 15 63 1712
1283 4 2 0 1 769 827 1319 1778
1284 4 2 0 1 1778 827 1017 769
1285 4 2 0 1 1291 1095 750 1103
1286 4 2 0 1 1103 1291 1254 750
1287 4 2 0 1 655 218 1268 816
1288 4 2 0 1 1108 1103 1254 750
1289 4 2 0 1 1171 1420 1334 926
1290 4 2 0 1 15 1667 972 58
1291 4 2 0 1 1565 50 18 59
1292 4 2 0 1 661 898 488 1450
1293 4 2 0 1 1007 36 59 21
1294 4 2 0 1 1112 1264 1294 663
1295 4 2 0 1 63 972 58 15
1296 4 2 0 1 1112 1177 1294 1264
1297 4 2 0 1 412 1769 1177 353
1298 4 2 0 1 1695 898 661 1450
1299 4 2 0 1 1088 857 938 1053
1300 4 2 0 1 667 1138 855 675
1301 4 2 0 1 674 1086 390 932
1302 4 2 0 1 1492 84 1171 494
1303 4 2 0 1 1441 1168 120 882
1304 4 2 0 1 479 532 865 517
1305 4 2 0 1 8 55 1007 36
1306 4 2 0 1 963 1367 1781 276
1307 4 2 0 1 56 155 883 390
1308 4 2 0 1 390 823 883 723
1309 4 2 0 1 823 155 390 883
1310 4 2 0 1 1010 793 1150 1378
1311 4 2 0 1 1459 451 887 699
1312 4 2 0 1 912 970 456 907
1313 4 2 0 1 1244 849 660 590
1314 4 2 0 1 701 793 1378 1150
1315 4 2 0 1 1364 1699 189 849
1316 4 2 0 1 776 1699 849 907
1317 4 2 0 1 1002 1397 1797 178
1318 4 2 0 1 668 714 850 1234
1319 4 2 0 1 850 1017 668 993
1320 4 2 0 1 1116 887 304 699
1321 4 2 0 1 701 1378 1563 51
1322 4 2 0 1 668 701 956 993
1323 4 2 0 1 820 659 966 577
1324 4 2 0 1 820 966 614 665
1325 4 2 0 1 577 966 948 804
1326 4 2 0 1 966 1055 804 577
1327 4 2 0 1 532 509 479 865
1328 4 2 0 1 431 425 1427 704
1329 4 2 0 1 966 1055 577 659
1330 4 2 0 1 887 1459 699 1449
1331 4 2 0 1 1280 1010 1378 1489
1332 4 2 0 1 887 699 1116 1449
1333 4 2 0 1 1010 1091 1378 1150
1334 4 2 0 1 1046 1088 1222 964
1335 4 2 0 1 904 1222 696 964
1336 4 2 0 1 1503 915 704 353
1337 4 2 0 1 989 243 835 1470
1338 4 2 0 1 1095 835 989 243
1339 4 2 0 1 989 1292 835 1095
1340 4 2 0 1 547 1377 917 1178
1341 4 2 0 1 174 171 1681 153
1342 4 2 0 1 15 12 41 1667
1343 4 2 0 1 58 1667 12 15
1344 4 2 0 1 1409 1621 1677 926
1345 4 2 0 1 971 127 577 1082
1346 4 2 0 1 5 20 50 14
1347 4 2 0 1 133 127 1423 971
1348 4 2 0 1 1019 689 1255 1096
1349 4 2 0 1 1387 1475 1097 1524
1350 4 2 0 1 1395 960 1049 1720
1351 4 2 0 1 706 1755 1653 108
1352 4 2 0 1 298 698 1062 1123
1353 4 2 0 1 1533 260 337 1475
1354 4 2 0 1 854 894 1227 823
1355 4 2 0 1 974 768 678 1729
1356 4 2 0 1 657 1729 768 974
1357 4 2 0 1 960 915 1238 1049
1358 4 2 0 1 645 108 162 910
1359 4 2 0 1 854 796 894 823
1360 4 2 0 1 958 894 390 333
1361 4 2 0 1 914 831 695 779
1362 4 2 0 1 894 823 390 333
1363 4 2 0 1 1227 894 333 823
1364 4 2 0 1 759 1503 1720 960
1365 4 2 0 1 897 813 1255 689
1366 4 2 0 1 14 67 50 18
1367 4 2 0 1 1446 108 645 1713
1368 4 2 0 1 240 925 813 1255
1369 4 2 0 1 658 354 981 847
1370 4 2 0 1 672 354 847 981
1371 4 2 0 1 354 749 901 459
1372 4 2 0 1 767 981 749 474
1373 4 2 0 1 749 901 474 981
1374 4 2 0 1 174 1436 171 153
1375 4 2 0 1 672 901 981 474
1376 4 2 0 1 672 981 767 474
1377 4 2 0 1 749 981 767 949
1378 4 2 0 1 1446 645 106 1713
1379 4 2 0 1 1681 89 90 830
1380 4 2 0 1 436 1626 800 1254
1381 4 2 0 1 1264 1219 450 1294
1382 4 2 0 1 1792 1681 830 89
1383 4 2 0 1 1297 1219 554 450
1384 4 2 0 1 1799 800 1626 247
1385 4 2 0 1 724 1463 1163 677
1386 4 2 0 1 1463 1625 724 1059
1387 4 2 0 1 735 1393 1001 1395
1388 4 2 0 1 1001 1393 1396 1395
1389 4 2 0 1 269 271 273 1735
1390 4 2 0 1 1792 88 89 52
1391 4 2 0 1 1236 1441 942 120
1392 4 2 0 1 1196 1601 1570 879
1393 4 2 0 1 153 1057 1612 89
1394 4 2 0 1 911 1009 522 903
1395 4 2 0 1 89 153 1681 1612
1396 4 2 0 1 427 784 976 992
1397 4 2 0 1 786 1342 790 475
1398 4 2 0 1 1589 1420 926 1334
1399 4 2 0 1 829 1270 982 1316
1400 4 2 0 1 1244 590 421 968
1401 4 2 0 1 1342 475 786 1232
1402 4 2 0 1 687 721 705 837
1403 4 2 0 1 1232 1258 1342 475
1404 4 2 0 1 687 772 721 837
1405 4 2 0 1 738 1086 906 655
1406 4 2 0 1 687 837 705 914
1407 4 2 0 1 321 1533 260 337
1408 4 2 0 1 453 908 1335 731
1409 4 2 0 1 476 1631 731 908
1410 4 2 0 1 851 1106 1335 663
1411 4 2 0 1 476 1631 908 1077
1412 4 2 0 1 993 602 1127 1150
1413 4 2 0 1 976 1179 427 992
1414 4 2 0 1 1750 993 1127 1150
1415 4 2 0 1 155 823 390 651
1416 4 2 0 1 633 671 868 852
1417 4 2 0 1 1100 650 746 619
1418 4 2 0 1 1252 168 716 1034
1419 4 2 0 1 1138 719 910 1733
1420 4 2 0 1 168 833 868 1034
1421 4 2 0 1 868 833 987 1034
1422 4 2 0 1 1 52 39 19
1423 4 2 0 1 708 984 1021 891
1424 4 2 0 1 855 958 1086 655
1425 4 2 0 1 911 902 1035 936
1426 4 2 0 1 1231 936 911 1035
1427 4 2 0 1 1134 1376 729 1067
1428 4 2 0 1 746 650 878 619
1429 4 2 0 1 1231 1221 1035 911
1430 4 2 0 1 911 1042 1221 1035
1431 4 2 0 1 911 1042 1035 902
1432 4 2 0 1 1037 1324 1297 450
1433 4 2 0 1 604 703 694 990
1434 4 2 0 1 472 1324 1297 1037
1435 4 2 0 1 472 575 1037 1724
1436 4 2 0 1 1297 1037 450 1724
1437 4 2 0 1 1205 704 353 1769
1438 4 2 0 1 1703 1648 645 1446
1439 4 2 0 1 1152 911 936 902
1440 4 2 0 1 1297 472 1037 1724
1441 4 2 0 1 486 426 433 467
1442 4 2 0 1 1462 433 486 426
1443 4 2 0 1 1648 1703 1212 1446
1444 4 2 0 1 486 467 433 1439
1445 4 2 0 1 129 202 918 1587
1446 4 2 0 1 866 27 821 1768
1447 4 2 0 1 52 27 1 39
1448 4 2 0 1 749 658 354 981
1449 4 2 0 1 129 1460 918 202
1450 4 2 0 1 479 517 865 1722
1451 4 2 0 1 817 237 1301 122
1452 4 2 0 1 202 1460 918 1488
1453 4 2 0 1 918 1488 904 964
1454 4 2 0 1 1085 817 237 1301
1455 4 2 0 1 8 19 55 1
1456 4 2 0 1 82 1315 1187 1025
1457 4 2 0 1 1242 654 606 1422
1458 4 2 0 1 1242 957 606 654
1459 4 2 0 1 939 66 1051 1767
1460 4 2 0 1 823 671 155 883
1461 4 2 0 1 903 1106 382 1047
1462 4 2 0 1 1335 1106 851 1047
1463 4 2 0 1 903 1206 1106 1047
1464 4 2 0 1 382 1106 1335 1047
1465 4 2 0 1 1106 1206 851 1047
1466 4 2 0 1 210 1137 141 146
1467 4 2 0 1 1297 476 554 1219
1468 4 2 0 1 36 52 1 55
1469 4 2 0 1 1264 476 1297 1219
1470 4 2 0 1 663 476 1219 513
1471 4 2 0 1 1219 476 554 513
1472 4 2 0 1 1264 476 1219 663
1473 4 2 0 1 1266 188 995 809
1474 4 2 0 1 809 123 186 995
1475 4 2 0 1 184 195 1373 1065
1476 4 2 0 1 47 6 75 53
1477 4 2 0 1 1395 960 333 1049
1478 4 2 0 1 960 1238 333 1049
1479 4 2 0 1 193 892 276 274
1480 4 2 0 1 1653 1026 1648 940
1481 4 2 0 1 911 262 856 893
1482 4 2 0 1 680 893 911 856
1483 4 2 0 1 1042 707 1347 1043
1484 4 2 0 1 1770 1026 706 1653
1485 4 2 0 1 1238 1451 333 1049
1486 4 2 0 1 706 108 1653 1026
1487 4 2 0 1 1365 923 1493 346
1488 4 2 0 1 923 1136 1638 1643
1489 4 2 0 1 198 101 180 1111
1490 4 2 0 1 1650 1693 1624 560
1491 4 2 0 1 513 1693 1624 1148
1492 4 2 0 1 492 789 941 458
1493 4 2 0 1 180 181 766 103
1494 4 2 0 1 1618 528 727 662
1495 4 2 0 1 783 1048 825 862
1496 4 2 0 1 783 669 862 85
1497 4 2 0 1 416 1376 1134 872
1498 4 2 0 1 872 1376 1134 1067
1499 4 2 0 1 789 880 941 458
1500 4 2 0 1 1679 1605 1137 983
1501 4 2 0 1 510 941 880 1126
1502 4 2 0 1 550 1298 1181 1190
1503 4 2 0 1 550 1181 1161 1190
1504 4 2 0 1 838 550 1181 1161
1505 4 2 0 1 550 838 1181 1298
1506 4 2 0 1 429 929 900 656
1507 4 2 0 1 1418 1800 748 1594
1508 4 2 0 1 929 656 669 900
1509 4 2 0 1 929 656 931 669
1510 4 2 0 1 1177 1312 1294 1264
1511 4 2 0 1 1769 1469 1177 353
1512 4 2 0 1 1092 929 1418 931
1513 4 2 0 1 989 243 1470 1505
1514 4 2 0 1 974 768 1288 678
1515 4 2 0 1 487 380 778 681
1516 4 2 0 1 1134 1067 122 872
1517 4 2 0 1 1374 1460 1122 1093
1518 4 2 0 1 934 911 936 1152
1519 4 2 0 1 681 487 1315 778
1520 4 2 0 1 725 904 200 1488
1521 4 2 0 1 1460 1122 879 200
1522 4 2 0 1 1015 1772 427 1109
1523 4 2 0 1 712 1002 178 1202
1524 4 2 0 1 218 1043 994 1268
1525 4 2 0 1 1268 218 333 994
1526 4 2 0 1 800 1038 840 1135
1527 4 2 0 1 741 1202 178 1397
1528 4 2 0 1 1002 1397 178 1202
1529 4 2 0 1 688 708 1197 1041
1530 4 2 0 1 1137 102 101 583
1531 4 2 0 1 1041 1197 688 1474
1532 4 2 0 1 263 1058 950 1192
1533 4 2 0 1 1192 263 1058 1133
1534 4 2 0 1 263 1060 950 1058
1535 4 2 0 1 1060 1058 263 364
1536 4 2 0 1 263 364 1058 1133
1537 4 2 0 1 480 1611 1777 457
1538 4 2 0 1 480 1740 1777 1611
1539 4 2 0 1 1740 1005 1777 1611
1540 4 2 0 1 995 1016 1096 860
1541 4 2 0 1 528 912 907 814
1542 4 2 0 1 1616 1699 1698 907
1543 4 2 0 1 950 420 732 1432
1544 4 2 0 1 1432 732 1202 334
1545 4 2 0 1 627 956 1352 602
1546 4 2 0 1 1352 602 621 627
1547 4 2 0 1 1150 1751 1091 602
1548 4 2 0 1 443 742 1224 934
1549 4 2 0 1 732 1202 950 1432
1550 4 2 0 1 1147 911 936 934
1551 4 2 0 1 1432 420 732 1175
1552 4 2 0 1 443 742 934 522
1553 4 2 0 1 598 618 710 1763
1554 4 2 0 1 732 334 1432 1175
1555 4 2 0 1 56 833 1402 883
1556 4 2 0 1 1319 334 827 874
1557 4 2 0 1 1147 522 911 934
1558 4 2 0 1 819 1319 827 874
1559 4 2 0 1 883 833 1402 987
1560 4 2 0 1 1457 845 1396 935
1561 4 2 0 1 277 960 932 935
1562 4 2 0 1 277 932 1295 935
1563 4 2 0 1 1334 1589 1498 926
1564 4 2 0 1 960 935 1457 1396
1565 4 2 0 1 1686 865 953 1707
1566 4 2 0 1 1707 953 326 509
1567 4 2 0 1 1167 1376 870 1580
1568 4 2 0 1 1167 1580 870 1421
1569 4 2 0 1 1707 509 865 953
1570 4 2 0 1 98 1381 1550 100
1571 4 2 0 1 512 737 1743 952
1572 4 2 0 1 936 129 1460 918
1573 4 2 0 1 73 1328 75 825
1574 4 2 0 1 934 936 696 1152
1575 4 2 0 1 742 1147 1224 934
1576 4 2 0 1 938 964 846 696
1577 4 2 0 1 1240 1620 980 431
1578 4 2 0 1 140 964 846 938
1579 4 2 0 1 1240 1077 1620 431
1580 4 2 0 1 1789 446 753 1394
1581 4 2 0 1 1093 879 936 1460
1582 4 2 0 1 1044 819 1319 769
1583 4 2 0 1 819 827 1319 769
1584 4 2 0 1 1289 882 1236 1741
1585 4 2 0 1 775 789 458 826
1586 4 2 0 1 148 1741 882 1592
1587 4 2 0 1 769 827 668 819
1588 4 2 0 1 815 880 789 458
1589 4 2 0 1 786 475 790 418
1590 4 2 0 1 789 458 826 815
1591 4 2 0 1 301 278 207 303
1592 4 2 0 1 1113 944 474 672
1593 4 2 0 1 85 1108 1761 436
1594 4 2 0 1 459 1230 1266 1217
1595 4 2 0 1 196 1023 1412 1027
1596 4 2 0 1 174 171 1023 1640
1597 4 2 0 1 174 1023 1412 196
1598 4 2 0 1 80 1108 85 436
1599 4 2 0 1 1367 963 1781 1525
1600 4 2 0 1 558 1384 1363 943
1601 4 2 0 1 950 1514 963 732
1602 4 2 0 1 852 727 651 570
1603 4 2 0 1 1777 839 884 1739
1604 4 2 0 1 518 722 1520 943
1605 4 2 0 1 547 1178 675 1138
1606 4 2 0 1 1423 884 1739 1012
1607 4 2 0 1 790 1038 1116 1210
1608 4 2 0 1 1792 724 756 1163
1609 4 2 0 1 989 1247 1505 1470
1610 4 2 0 1 756 1623 1059 724
1611 4 2 0 1 1387 1013 1735 1444
1612 4 2 0 1 1215 1354 1457 1793
1613 4 2 0 1 1766 91 87 73
1614 4 2 0 1 1792 756 1131 1163
1615 4 2 0 1 1314 1735 1013 1444
1616 4 2 0 1 1314 1735 845 1013
1617 4 2 0 1 1496 169 221 1699
1618 4 2 0 1 1259 1496 1699 169
1619 4 2 0 1 487 1029 380 514
1620 4 2 0 1 1490 1029 380 487
1621 4 2 0 1 904 696 879 918
1622 4 2 0 1 976 1722 945 449
1623 4 2 0 1 1264 1112 851 663
1624 4 2 0 1 663 1264 908 851
1625 4 2 0 1 264 1199 1291 1344
1626 4 2 0 1 449 489 803 508
1627 4 2 0 1 577 1171 84 965
1628 4 2 0 1 1055 84 965 577
1629 4 2 0 1 577 1171 1158 1492
1630 4 2 0 1 304 887 451 699
1631 4 2 0 1 803 508 1722 449
1632 4 2 0 1 1418 1339 304 1562
1633 4 2 0 1 304 1562 1339 887
1634 4 2 0 1 699 448 451 304
1635 4 2 0 1 508 489 446 449
1636 4 2 0 1 49 10 23 1660
1637 4 2 0 1 152 697 841 1490
1638 4 2 0 1 1735 1013 269 271
1639 4 2 0 1 152 791 697 1490
1640 4 2 0 1 1735 845 1013 271
1641 4 2 0 1 152 791 1490 1656
1642 4 2 0 1 1490 841 152 1477
1643 4 2 0 1 614 1112 1009 820
1644 4 2 0 1 1656 1490 152 1477
1645 4 2 0 1 1031 1796 873 1104
1646 4 2 0 1 1620 764 442 980
1647 4 2 0 1 1503 764 1620 980
1648 4 2 0 1 1620 442 1775 980
1649 4 2 0 1 895 745 1000 877
1650 4 2 0 1 1095 1103 797 750
1651 4 2 0 1 895 512 877 1153
1652 4 2 0 1 1103 1095 1180 1166
1653 4 2 0 1 1600 1291 1241 1549
1654 4 2 0 1 1095 1293 797 1103
1655 4 2 0 1 1103 1293 1180 1095
1656 4 2 0 1 822 670 1026 1554
1657 4 2 0 1 176 712 892 653
1658 4 2 0 1 480 1279 1777 1740
1659 4 2 0 1 1161 1190 1687 1281
1660 4 2 0 1 1102 974 1288 1665
1661 4 2 0 1 805 1665 974 1102
1662 4 2 0 1 787 1286 863 1678
1663 4 2 0 1 1799 900 436 800
1664 4 2 0 1 1107 833 987 1402
1665 4 2 0 1 1034 833 987 1107
1666 4 2 0 1 900 682 985 840
1667 4 2 0 1 49 10 2 23
1668 4 2 0 1 276 963 892 193
1669 4 2 0 1 192 276 193 963
1670 4 2 0 1 962 1289 857 1741
1671 4 2 0 1 1286 1678 233 863
1672 4 2 0 1 673 828 1738 1443
1673 4 2 0 1 1443 673 828 599
1674 4 2 0 1 428 445 435 1673
1675 4 2 0 1 807 673 1443 599
1676 4 2 0 1 696 918 904 964
1677 4 2 0 1 479 548 1011 509
1678 4 2 0 1 1173 1114 416 1061
1679 4 2 0 1 1355 263 1099 1192
1680 4 2 0 1 1192 1099 1355 905
1681 4 2 0 1 1464 1180 172 190
1682 4 2 0 1 715 416 916 1114
1683 4 2 0 1 712 1111 1202 334
1684 4 2 0 1 1464 172 191 190
1685 4 2 0 1 738 1086 961 906
1686 4 2 0 1 1173 1114 916 416
1687 4 2 0 1 865 509 479 1011
1688 4 2 0 1 1114 1376 416 1061
1689 4 2 0 1 1114 1376 715 416
1690 4 2 0 1 1197 688 984 708
1691 4 2 0 1 984 891 708 688
1692 4 2 0 1 1172 1187 744 244
1693 4 2 0 1 54 7 43 2
1694 4 2 0 1 349 293 1242 292
1695 4 2 0 1 377 1008 559 550
1696 4 2 0 1 789 1522 1303 869
1697 4 2 0 1 859 873 659 1158
1698 4 2 0 1 659 1158 577 820
1699 4 2 0 1 527 446 508 489
1700 4 2 0 1 1158 577 1182 659
1701 4 2 0 1 1400 942 818 1286
1702 4 2 0 1 1441 1336 1425 120
1703 4 2 0 1 1158 873 659 1182
1704 4 2 0 1 859 659 820 1158
1705 4 2 0 1 3 6 53 31
1706 4 2 0 1 65 87 770 54
1707 4 2 0 1 943 1274 1520 1246
1708 4 2 0 1 95 76 93 77
1709 4 2 0 1 912 1157 1212 238
1710 4 2 0 1 16 7 43 54
1711 4 2 0 1 659 577 1182 1055
1712 4 2 0 1 659 873 1155 1182
1713 4 2 0 1 1055 659 1155 1182
1714 4 2 0 1 837 705 597 721
1715 4 2 0 1 687 831 914 352
1716 4 2 0 1 943 722 1520 1274
1717 4 2 0 1 528 703 1618 861
1718 4 2 0 1 817 1067 237 122
1719 4 2 0 1 703 1618 662 528
1720 4 2 0 1 957 213 222 606
1721 4 2 0 1 222 1286 843 229
1722 4 2 0 1 222 957 899 213
1723 4 2 0 1 957 654 1286 187
1724 4 2 0 1 1293 65 797 1103
1725 4 2 0 1 957 654 187 1078
1726 4 2 0 1 1103 65 1180 1293
1727 4 2 0 1 1083 834 423 1377
1728 4 2 0 1 1124 1377 423 1260
1729 4 2 0 1 1293 65 83 797
1730 4 2 0 1 942 962 654 666
1731 4 2 0 1 1714 1567 1079 1039
1732 4 2 0 1 1714 1326 1079 1567
1733 4 2 0 1 127 1171 577 965
1734 4 2 0 1 965 127 1171 79
1735 4 2 0 1 964 1088 938 1551
1736 4 2 0 1 2 49 31 3
1737 4 2 0 1 889 1369 975 808
1738 4 2 0 1 3 49 31 53
1739 4 2 0 1 1729 919 733 636
1740 4 2 0 1 736 1700 922 919
1741 4 2 0 1 922 919 1700 795
1742 4 2 0 1 1008 1080 559 550
1743 4 2 0 1 1303 999 838 499
1744 4 2 0 1 207 904 203 725
1745 4 2 0 1 203 904 200 725
1746 4 2 0 1 1213 1570 203 904
1747 4 2 0 1 134 1135 138 800
1748 4 2 0 1 1213 203 1466 904
1749 4 2 0 1 838 1303 1008 999
1750 4 2 0 1 1570 200 203 904
1751 4 2 0 1 1427 424 1631 1769
1752 4 2 0 1 1113 1266 913 459
1753 4 2 0 1 1405 555 1386 1282
1754 4 2 0 1 440 1427 424 1631
1755 4 2 0 1 47 43 54 16
1756 4 2 0 1 1261 783 734 825
1757 4 2 0 1 1145 1799 783 1105
1758 4 2 0 1 734 825 1328 1261
1759 4 2 0 1 1105 1799 1534 1145
1760 4 2 0 1 521 760 795 1729
1761 4 2 0 1 1231 936 1035 1460
1762 4 2 0 1 1093 936 1231 1460
1763 4 2 0 1 1159 263 1048 734
1764 4 2 0 1 1739 839 884 1423
1765 4 2 0 1 16 65 7 54
1766 4 2 0 1 263 774 734 1128
1767 4 2 0 1 474 1700 922 736
1768 4 2 0 1 1416 950 1159 263
1769 4 2 0 1 610 639 1087 922
1770 4 2 0 1 1687 473 1225 478
1771 4 2 0 1 1353 1798 1304 1547
1772 4 2 0 1 1598 1420 926 1589
1773 4 2 0 1 1687 1765 478 557
1774 4 2 0 1 705 767 474 672
1775 4 2 0 1 1720 759 419 992
1776 4 2 0 1 930 860 240 1113
1777 4 2 0 1 992 1720 784 419
1778 4 2 0 1 992 784 933 419
1779 4 2 0 1 540 712 1111 1002
1780 4 2 0 1 1002 1111 1202 712
1781 4 2 0 1 680 856 927 1211
1782 4 2 0 1 1152 902 846 927
1783 4 2 0 1 431 704 1427 1769
1784 4 2 0 1 1343 1383 1807 836
1785 4 2 0 1 811 1437 1278 617
1786 4 2 0 1 1683 241 250 920
1787 4 2 0 1 734 774 931 1128
1788 4 2 0 1 1690 147 149 145
1789 4 2 0 1 931 656 614 669
1790 4 2 0 1 614 669 783 931
1791 4 2 0 1 260 253 1494 1200
1792 4 2 0 1 775 492 999 499
1793 4 2 0 1 1692 197 1434 832
1794 4 2 0 1 775 789 999 492
1795 4 2 0 1 662 771 727 1618
1796 4 2 0 1 771 727 852 662
1797 4 2 0 1 909 891 334 979
1798 4 2 0 1 120 1193 1168 122
1799 4 2 0 1 1021 979 334 891
1800 4 2 0 1 353 1205 1769 1207
1801 4 2 0 1 923 664 1528 1136
1802 4 2 0 1 1136 664 462 1389
1803 4 2 0 1 1734 664 923 1136
1804 4 2 0 1 1136 664 1389 1734
1805 4 2 0 1 705 767 672 837
1806 4 2 0 1 1734 1136 923 1643
1807 4 2 0 1 610 749 1087 597
1808 4 2 0 1 705 597 474 767
1809 4 2 0 1 1618 528 814 727
1810 4 2 0 1 727 771 814 1618
1811 4 2 0 1 823 651 852 796
1812 4 2 0 1 849 125 1218 1073
1813 4 2 0 1 767 749 597 474
1814 4 2 0 1 749 949 767 597
1815 4 2 0 1 1087 749 474 597
1816 4 2 0 1 377 1008 686 559
1817 4 2 0 1 634 1665 974 805
1818 4 2 0 1 1008 869 686 559
1819 4 2 0 1 1080 869 1008 559
1820 4 2 0 1 1097 251 1056 744
1821 4 2 0 1 970 125 849 1073
1822 4 2 0 1 849 125 1018 1218
1823 4 2 0 1 1674 428 1590 684
1824 4 2 0 1 726 1106 898 382
1825 4 2 0 1 898 382 1106 1308
1826 4 2 0 1 1695 1321 726 382
1827 4 2 0 1 838 1008 550 1080
1828 4 2 0 1 377 1008 550 838
1829 4 2 0 1 608 1153 643 512
1830 4 2 0 1 574 1153 512 643
1831 4 2 0 1 1153 877 574 512
1832 4 2 0 1 811 1045 612 617
1833 4 2 0 1 612 1437 811 617
1834 4 2 0 1 1399 1672 259 1540
1835 4 2 0 1 1672 1399 1004 1540
1836 4 2 0 1 1410 1399 1004 1672
1837 4 2 0 1 798 777 839 1739
1838 4 2 0 1 936 129 918 696
1839 4 2 0 1 777 839 1739 1423
1840 4 2 0 1 1423 1739 777 1406
1841 4 2 0 1 1011 1772 1686 442
1842 4 2 0 1 1631 1077 476 1089
1843 4 2 0 1 799 901 913 459
1844 4 2 0 1 913 860 901 799
1845 4 2 0 1 1286 228 843 229
1846 4 2 0 1 843 228 1286 666
1847 4 2 0 1 666 801 228 1286
1848 4 2 0 1 228 801 1479 1286
1849 4 2 0 1 228 1479 229 1286
1850 4 2 0 1 1154 104 1733 1752
1851 4 2 0 1 1325 348 950 1529
1852 4 2 0 1 1590 1060 1435 684
1853 4 2 0 1 1613 684 1435 1060
1854 4 2 0 1 646 788 605 604
1855 4 2 0 1 512 990 605 788
1856 4 2 0 1 1679 983 538 187
1857 4 2 0 1 1679 187 1270 983
1858 4 2 0 1 708 1197 1021 984
1859 4 2 0 1 1752 1733 145 1780
1860 4 2 0 1 1011 484 442 548
1861 4 2 0 1 1417 1013 1387 1444
1862 4 2 0 1 1444 1387 1417 1415
1863 4 2 0 1 1444 1369 1415 1417
1864 4 2 0 1 1707 1686 865 945
1865 4 2 0 1 1014 1704 1653 1523
1866 4 2 0 1 1014 1704 940 1653
1867 4 2 0 1 730 1024 1302 967
1868 4 2 0 1 947 892 874 653
1869 4 2 0 1 730 418 1302 1024
1870 4 2 0 1 1033 881 947 653
1871 4 2 0 1 346 923 1056 1365
1872 4 2 0 1 346 1746 1365 1056
1873 4 2 0 1 665 614 256 948
1874 4 2 0 1 798 682 948 86
1875 4 2 0 1 656 614 669 948
1876 4 2 0 1 656 669 900 948
1877 4 2 0 1 656 948 900 682
1878 4 2 0 1 456 421 788 694
1879 4 2 0 1 728 788 694 456
1880 4 2 0 1 928 995 126 986
1881 4 2 0 1 986 126 1357 995
1882 4 2 0 1 776 1698 907 199
1883 4 2 0 1 986 1357 126 116
1884 4 2 0 1 1019 1316 121 829
1885 4 2 0 1 295 317 224 1333
1886 4 2 0 1 778 1490 1304 380
1887 4 2 0 1 778 1798 1304 1490
1888 4 2 0 1 1490 1798 1304 1477
1889 4 2 0 1 951 891 688 805
1890 4 2 0 1 688 657 1309 951
1891 4 2 0 1 805 951 657 688
1892 4 2 0 1 512 952 608 1153
1893 4 2 0 1 512 737 952 895
1894 4 2 0 1 1057 1656 153 1490
1895 4 2 0 1 474 944 705 672
1896 4 2 0 1 274 193 947 881
1897 4 2 0 1 274 892 947 193
1898 4 2 0 1 1057 1490 153 1798
1899 4 2 0 1 1490 1656 153 1477
1900 4 2 0 1 1192 741 1099 583
1901 4 2 0 1 1490 1477 153 1798
1902 4 2 0 1 909 891 979 1288
1903 4 2 0 1 909 1288 1102 891
1904 4 2 0 1 1771 650 746 1100
1905 4 2 0 1 1385 956 51 460
1906 4 2 0 1 1726 843 349 296
1907 4 2 0 1 141 905 583 205
1908 4 2 0 1 608 611 649 1117
1909 4 2 0 1 1378 1280 1759 1144
1910 4 2 0 1 294 1714 843 1242
1911 4 2 0 1 1378 1144 1759 1188
1912 4 2 0 1 1092 1145 1132 1429
1913 4 2 0 1 703 564 876 662
1914 4 2 0 1 898 991 614 774
1915 4 2 0 1 1416 734 1132 1145
1916 4 2 0 1 1145 1092 1799 1429
1917 4 2 0 1 1250 656 256 991
1918 4 2 0 1 991 1418 656 931
1919 4 2 0 1 1300 656 1250 991
1920 4 2 0 1 1300 1418 656 991
1921 4 2 0 1 796 894 958 978
1922 4 2 0 1 796 651 958 894
1923 4 2 0 1 754 959 447 839
1924 4 2 0 1 886 959 447 754
1925 4 2 0 1 680 856 902 927
1926 4 2 0 1 561 1338 1120 461
1927 4 2 0 1 680 911 902 856
1928 4 2 0 1 945 976 449 997
1929 4 2 0 1 1055 965 804 577
1930 4 2 0 1 809 995 186 188
1931 4 2 0 1 186 995 1096 188
1932 4 2 0 1 433 467 1801 438
1933 4 2 0 1 960 1238 1268 333
1934 4 2 0 1 960 1238 1251 1268
1935 4 2 0 1 960 915 1251 1238
1936 4 2 0 1 935 845 1396 1001
1937 4 2 0 1 674 735 1295 932
1938 4 2 0 1 1044 432 769 1319
1939 4 2 0 1 1484 1185 1396 1001
1940 4 2 0 1 1516 1430 1216 758
1941 4 2 0 1 932 735 1295 1001
1942 4 2 0 1 1489 1044 1030 432
1943 4 2 0 1 935 932 1295 1001
1944 4 2 0 1 1351 1220 824 846
1945 4 2 0 1 1377 1124 423 1003
1946 4 2 0 1 140 1220 1351 846
1947 4 2 0 1 1351 824 1706 846
1948 4 2 0 1 1706 1154 1351 846
1949 4 2 0 1 237 968 877 590
1950 4 2 0 1 846 1154 1351 140
1951 4 2 0 1 438 452 1711 684
1952 4 2 0 1 498 1382 468 1478
1953 4 2 0 1 304 656 429 840
1954 4 2 0 1 1418 1562 748 1800
1955 4 2 0 1 976 781 933 784
1956 4 2 0 1 656 451 304 1339
1957 4 2 0 1 1418 1339 1562 1800
1958 4 2 0 1 443 522 680 969
1959 4 2 0 1 855 667 958 978
1960 4 2 0 1 778 1315 1497 1768
1961 4 2 0 1 1256 1638 1476 1637
1962 4 2 0 1 1768 778 1798 1497
1963 4 2 0 1 473 1657 1136 1256
1964 4 2 0 1 1256 1528 1657 1136
1965 4 2 0 1 1408 867 1005 1581
1966 4 2 0 1 1136 1005 867 1581
1967 4 2 0 1 796 652 727 814
1968 4 2 0 1 796 652 651 727
1969 4 2 0 1 240 188 1096 930
1970 4 2 0 1 1665 1288 678 974
1971 4 2 0 1 930 1096 240 860
1972 4 2 0 1 615 1020 603 878
1973 4 2 0 1 1622 975 808 812
1974 4 2 0 1 1518 933 419 992
1975 4 2 0 1 1603 463 1424 1164
1976 4 2 0 1 1200 253 1494 1072
1977 4 2 0 1 1382 1024 1424 1164
1978 4 2 0 1 759 1518 419 992
1979 4 2 0 1 1254 139 1549 1452
1980 4 2 0 1 1653 1770 1026 940
1981 4 2 0 1 1465 1340 258 1166
1982 4 2 0 1 184 118 809 70
1983 4 2 0 1 1615 1313 1142 978
1984 4 2 0 1 655 218 855 978
1985 4 2 0 1 1357 118 70 809
1986 4 2 0 1 1287 1227 1615 978
1987 4 2 0 1 427 1722 437 765
1988 4 2 0 1 252 1166 258 1291
1989 4 2 0 1 252 1464 1166 1438
1990 4 2 0 1 252 1438 1166 1291
1991 4 2 0 1 774 991 931 661
1992 4 2 0 1 118 70 184 166
1993 4 2 0 1 1110 848 437 765
1994 4 2 0 1 810 1110 437 1722
1995 4 2 0 1 1450 684 661 1695
1996 4 2 0 1 726 898 774 661
1997 4 2 0 1 1482 726 774 661
1998 4 2 0 1 1482 774 1128 661
1999 4 2 0 1 606 207 1078 213
2000 4 2 0 1 1128 774 931 661
2001 4 2 0 1 380 370 514 1029
2002 4 2 0 1 939 1029 1490 487
2003 4 2 0 1 1490 370 380 1029
2004 4 2 0 1 632 868 757 651
2005 4 2 0 1 1622 775 1303 499
2006 4 2 0 1 975 1522 1303 775
2007 4 2 0 1 1300 991 488 1662
2008 4 2 0 1 1300 1662 488 1450
2009 4 2 0 1 431 326 953 1240
2010 4 2 0 1 953 1686 431 1240
2011 4 2 0 1 201 540 1346 1021
2012 4 2 0 1 1021 334 201 540
2013 4 2 0 1 326 1631 1240 431
2014 4 2 0 1 1163 756 1059 724
2015 4 2 0 1 1463 1059 724 1163
2016 4 2 0 1 1011 848 765 441
2017 4 2 0 1 905 1355 1068 1601
2018 4 2 0 1 429 304 1562 1418
2019 4 2 0 1 765 848 1720 441
2020 4 2 0 1 804 885 128 985
2021 4 2 0 1 469 711 1581 492
2022 4 2 0 1 900 985 128 840
2023 4 2 0 1 458 492 1581 988
2024 4 2 0 1 711 988 1581 492
2025 4 2 0 1 775 492 1581 458
2026 4 2 0 1 1239 1408 1793 1013
2027 4 2 0 1 1131 88 66 791
2028 4 2 0 1 492 775 469 499
2029 4 2 0 1 1166 1438 1180 1103
2030 4 2 0 1 1159 178 734 825
2031 4 2 0 1 1159 734 1048 825
2032 4 2 0 1 1340 1166 1465 1095
2033 4 2 0 1 469 492 1581 775
2034 4 2 0 1 465 239 510 1160
2035 4 2 0 1 1025 1203 1187 1407
2036 4 2 0 1 1335 1047 1226 1694
2037 4 2 0 1 1738 1160 510 239
2038 4 2 0 1 904 1046 1222 964
2039 4 2 0 1 1160 807 1443 510
2040 4 2 0 1 1160 1443 1738 510
2041 4 2 0 1 1679 983 1137 538
2042 4 2 0 1 1381 100 481 119
2043 4 2 0 1 558 1384 1028 1181
2044 4 2 0 1 1738 576 1284 1641
2045 4 2 0 1 1190 1765 613 558
2046 4 2 0 1 1284 1680 576 1738
2047 4 2 0 1 943 1274 1246 1028
2048 4 2 0 1 1246 1028 613 1520
2049 4 2 0 1 1190 1765 558 1181
2050 4 2 0 1 1641 1738 576 575
2051 4 2 0 1 1550 1381 119 100
2052 4 2 0 1 620 377 599 550
2053 4 2 0 1 599 377 559 550
2054 4 2 0 1 550 377 1298 620
2055 4 2 0 1 550 377 838 1298
2056 4 2 0 1 1303 838 235 499
2057 4 2 0 1 377 1303 1008 838
2058 4 2 0 1 167 776 970 912
2059 4 2 0 1 1608 776 912 199
2060 4 2 0 1 1030 732 432 1044
2061 4 2 0 1 1044 732 432 1319
2062 4 2 0 1 1175 432 420 732
2063 4 2 0 1 432 1319 732 1175
2064 4 2 0 1 893 1031 873 1104
2065 4 2 0 1 1127 602 1751 1150
2066 4 2 0 1 1770 1026 112 706
2067 4 2 0 1 1031 893 160 1251
2068 4 2 0 1 914 837 705 672
2069 4 2 0 1 893 1064 873 1031
2070 4 2 0 1 1770 112 1026 940
2071 4 2 0 1 706 112 1022 1026
2072 4 2 0 1 890 1685 834 1260
2073 4 2 0 1 738 1260 816 890
2074 4 2 0 1 816 1260 1403 890
2075 4 2 0 1 1268 1260 1403 816
2076 4 2 0 1 1016 860 995 799
2077 4 2 0 1 263 1032 774 726
2078 4 2 0 1 1032 382 726 1321
2079 4 2 0 1 939 1076 1490 1051
2080 4 2 0 1 938 857 1154 1053
2081 4 2 0 1 1452 800 998 249
2082 4 2 0 1 1135 998 138 800
2083 4 2 0 1 1229 881 1033 653
2084 4 2 0 1 895 1000 500 877
2085 4 2 0 1 791 1051 697 1490
2086 4 2 0 1 1490 1076 791 1051
2087 4 2 0 1 58 1688 12 1667
2088 4 2 0 1 1002 97 755 540
2089 4 2 0 1 56 757 735 1036
2090 4 2 0 1 757 833 1036 56
2091 4 2 0 1 757 1185 735 1036
2092 4 2 0 1 1686 1109 945 431
2093 4 2 0 1 420 1432 1060 1530
2094 4 2 0 1 431 425 1109 945
2095 4 2 0 1 1033 881 1004 947
2096 4 2 0 1 1004 881 1033 1632
2097 4 2 0 1 904 725 207 206
2098 4 2 0 1 855 547 917 675
2099 4 2 0 1 1686 980 1109 431
2100 4 2 0 1 547 675 855 1138
2101 4 2 0 1 473 1256 1136 1225
2102 4 2 0 1 1136 867 1417 1581
2103 4 2 0 1 1069 687 721 1006
2104 4 2 0 1 719 1332 218 1066
2105 4 2 0 1 1163 1131 996 756
2106 4 2 0 1 608 1117 649 709
2107 4 2 0 1 636 795 922 610
2108 4 2 0 1 636 919 922 795
2109 4 2 0 1 636 1729 919 795
2110 4 2 0 1 584 610 922 521
2111 4 2 0 1 749 610 922 584
2112 4 2 0 1 922 521 610 795
2113 4 2 0 1 749 610 1087 922
2114 4 2 0 1 1009 1207 893 1469
2115 4 2 0 1 911 1183 1009 903
2116 4 2 0 1 998 1038 790 338
2117 4 2 0 1 1038 790 1719 1135
2118 4 2 0 1 1038 790 1116 1719
2119 4 2 0 1 1135 790 998 1038
2120 4 2 0 1 446 997 753 1427
2121 4 2 0 1 1039 1422 654 1242
2122 4 2 0 1 1751 1127 1150 1750
2123 4 2 0 1 657 634 760 1729
2124 4 2 0 1 1751 1750 1150 1010
2125 4 2 0 1 1795 1427 446 753
2126 4 2 0 1 866 1057 89 1651
2127 4 2 0 1 148 149 1690 147
2128 4 2 0 1 866 88 89 1057
2129 4 2 0 1 1751 1091 1010 1150
2130 4 2 0 1 956 1091 555 602
2131 4 2 0 1 495 1091 555 956
2132 4 2 0 1 129 1042 902 1035
2133 4 2 0 1 911 1221 1042 262
2134 4 2 0 1 1042 262 856 911
2135 4 2 0 1 902 1042 856 911
2136 4 2 0 1 775 789 826 802
2137 4 2 0 1 914 779 705 352
2138 4 2 0 1 906 932 961 277
2139 4 2 0 1 831 1119 779 352
2140 4 2 0 1 914 831 779 352
2141 4 2 0 1 277 960 906 932
2142 4 2 0 1 277 906 1607 961
2143 4 2 0 1 1403 906 194 277
2144 4 2 0 1 789 826 802 815
2145 4 2 0 1 1043 856 262 1251
2146 4 2 0 1 824 856 1043 1124
2147 4 2 0 1 906 194 277 1607
2148 4 2 0 1 765 1015 479 1011
2149 4 2 0 1 1043 856 1251 1268
2150 4 2 0 1 126 1357 995 1016
2151 4 2 0 1 654 1088 1222 1046
2152 4 2 0 1 1686 1015 1011 865
2153 4 2 0 1 1078 654 1222 1046
2154 4 2 0 1 1017 1102 1665 668
2155 4 2 0 1 1665 1017 668 850
2156 4 2 0 1 184 70 809 185
2157 4 2 0 1 116 70 185 986
2158 4 2 0 1 1373 166 184 185
2159 4 2 0 1 125 1018 700 849
2160 4 2 0 1 96 1685 160 423
2161 4 2 0 1 1403 1268 423 1260
2162 4 2 0 1 1403 1268 160 423
2163 4 2 0 1 423 834 1685 1260
2164 4 2 0 1 1218 1568 1364 849
2165 4 2 0 1 1163 996 1059 756
2166 4 2 0 1 1073 1568 1218 849
2167 4 2 0 1 854 1615 796 771
2168 4 2 0 1 1155 1463 1163 1059
2169 4 2 0 1 685 948 669 614
2170 4 2 0 1 1155 1163 996 1059
2171 4 2 0 1 425 1787 933 976
2172 4 2 0 1 957 1286 843 222
2173 4 2 0 1 1685 890 1556 175
2174 4 2 0 1 1518 1789 933 753
2175 4 2 0 1 1722 449 781 803
2176 4 2 0 1 730 1144 1271 1348
2177 4 2 0 1 1271 1144 1188 1348
2178 4 2 0 1 976 781 1722 449
2179 4 2 0 1 945 1179 427 976
2180 4 2 0 1 425 976 945 997
2181 4 2 0 1 1753 223 1262 1582
2182 4 2 0 1 1330 211 1323 1661
2183 4 2 0 1 1088 1053 938 1551
2184 4 2 0 1 938 1053 1154 140
2185 4 2 0 1 846 938 1154 140
2186 4 2 0 1 220 1262 223 1094
2187 4 2 0 1 1262 1316 223 1094
2188 4 2 0 1 48 22 44 58
2189 4 2 0 1 48 58 74 22
2190 4 2 0 1 427 1015 1722 765
2191 4 2 0 1 925 236 1257 1255
2192 4 2 0 1 925 236 1507 1571
2193 4 2 0 1 1257 236 925 1571
2194 4 2 0 1 547 1377 1178 719
2195 4 2 0 1 447 1740 1279 1588
2196 4 2 0 1 1032 774 522 1048
2197 4 2 0 1 774 522 903 1032
2198 4 2 0 1 1057 1651 1612 89
2199 4 2 0 1 277 1027 961 1607
2200 4 2 0 1 1027 1607 277 196
2201 4 2 0 1 1226 851 1335 908
2202 4 2 0 1 1335 1226 1458 1694
2203 4 2 0 1 1554 670 481 119
2204 4 2 0 1 1687 1181 1161 1368
2205 4 2 0 1 75 178 1797 825
2206 4 2 0 1 1130 1159 1048 1797
2207 4 2 0 1 855 978 958 655
2208 4 2 0 1 1615 978 1227 854
2209 4 2 0 1 88 1656 1057 1076
2210 4 2 0 1 1257 1114 466 916
2211 4 2 0 1 715 916 466 1114
2212 4 2 0 1 1061 1376 416 872
2213 4 2 0 1 1173 1061 416 1487
2214 4 2 0 1 1076 88 1656 791
2215 4 2 0 1 1050 88 1076 66
2216 4 2 0 1 1076 88 791 66
2217 4 2 0 1 1064 873 1155 893
2218 4 2 0 1 1064 1596 873 1031
2219 4 2 0 1 751 864 1589 713
2220 4 2 0 1 1768 1050 1076 939
2221 4 2 0 1 1266 1065 188 809
2222 4 2 0 1 354 749 459 584
2223 4 2 0 1 1768 1050 1057 1076
2224 4 2 0 1 492 789 1080 941
2225 4 2 0 1 1776 181 103 72
2226 4 2 0 1 838 492 1080 550
2227 4 2 0 1 1271 1378 1563 1188
2228 4 2 0 1 577 682 948 798
2229 4 2 0 1 1271 1348 344 1516
2230 4 2 0 1 1351 1066 1347 1299
2231 4 2 0 1 492 789 999 1080
2232 4 2 0 1 838 999 1080 492
2233 4 2 0 1 1183 903 355 1694
2234 4 2 0 1 1311 1183 355 1694
2235 4 2 0 1 1299 1066 209 1351
2236 4 2 0 1 1506 1311 355 1694
2237 4 2 0 1 753 1427 997 425
2238 4 2 0 1 1345 454 444 497
2239 4 2 0 1 759 427 1109 1179
2240 4 2 0 1 570 727 375 662
2241 4 2 0 1 1345 1731 497 444
2242 4 2 0 1 1720 1109 759 427
2243 4 2 0 1 1720 1772 1109 427
2244 4 2 0 1 1544 162 1070 1703
2245 4 2 0 1 1269 1095 1071 797
2246 4 2 0 1 789 869 941 880
2247 4 2 0 1 766 1111 101 540
2248 4 2 0 1 342 1638 1528 1256
2249 4 2 0 1 1528 1638 342 1493
2250 4 2 0 1 1231 1183 911 903
2251 4 2 0 1 1231 1221 1460 1035
2252 4 2 0 1 923 1528 1638 1136
2253 4 2 0 1 923 1528 1493 1638
2254 4 2 0 1 525 1386 1118 551
2255 4 2 0 1 1528 1136 1256 1638
2256 4 2 0 1 1118 618 525 1763
2257 4 2 0 1 1473 1568 169 1364
2258 4 2 0 1 1386 525 1371 551
2259 4 2 0 1 1473 169 1568 117
2260 4 2 0 1 1568 1381 1550 117
2261 4 2 0 1 197 280 832 283
2262 4 2 0 1 1200 253 1072 1372
2263 4 2 0 1 663 1148 896 1250
2264 4 2 0 1 197 1041 832 280
2265 4 2 0 1 1250 256 896 663
2266 4 2 0 1 896 656 256 1250
2267 4 2 0 1 1250 1569 1148 896
2268 4 2 0 1 928 809 986 185
2269 4 2 0 1 70 116 1357 986
2270 4 2 0 1 1266 809 928 1373
2271 4 2 0 1 1044 947 701 1563
2272 4 2 0 1 1632 881 154 190
2273 4 2 0 1 645 108 1712 1713
2274 4 2 0 1 1426 1075 1005 1476
2275 4 2 0 1 1476 1256 1075 1005
2276 4 2 0 1 727 528 375 662
2277 4 2 0 1 662 528 375 694
2278 4 2 0 1 1079 1039 654 1242
2279 4 2 0 1 1079 843 654 666
2280 4 2 0 1 1079 654 843 1242
2281 4 2 0 1 465 208 239 1740
2282 4 2 0 1 201 979 334 1021
2283 4 2 0 1 1568 1699 1364 849
2284 4 2 0 1 1473 1568 1218 117
2285 4 2 0 1 208 1005 1408 1740
2286 4 2 0 1 208 465 1005 1740
2287 4 2 0 1 1364 1568 169 1699
2288 4 2 0 1 1490 380 778 487
2289 4 2 0 1 1021 984 201 979
2290 4 2 0 1 1310 1718 979 984
2291 4 2 0 1 1490 1768 487 778
2292 4 2 0 1 770 92 154 93
2293 4 2 0 1 866 66 1050 821
2294 4 2 0 1 788 403 737 421
2295 4 2 0 1 96 1003 1083 423
2296 4 2 0 1 512 421 737 895
2297 4 2 0 1 421 512 877 895
2298 4 2 0 1 96 834 423 1083
2299 4 2 0 1 1050 88 66 866
2300 4 2 0 1 1192 1432 1202 334
2301 4 2 0 1 465 1740 239 1160
2302 4 2 0 1 1458 1063 1506 1226
2303 4 2 0 1 1458 1226 1506 1694
2304 4 2 0 1 1084 1209 447 1740
2305 4 2 0 1 1090 754 447 1084
2306 4 2 0 1 1131 791 996 756
2307 4 2 0 1 1740 1084 1738 1588
2308 4 2 0 1 945 1109 427 1179
2309 4 2 0 1 811 542 612 553
2310 4 2 0 1 835 1269 1388 1095
2311 4 2 0 1 1388 1095 1269 750
2312 4 2 0 1 1686 865 1011 1775
2313 4 2 0 1 1335 1047 851 1226
2314 4 2 0 1 555 495 530 1091
2315 4 2 0 1 1775 509 865 1011
2316 4 2 0 1 1047 1206 851 1226
2317 4 2 0 1 1145 1416 931 1092
2318 4 2 0 1 685 1055 966 659
2319 4 2 0 1 1092 1606 1800 1610
2320 4 2 0 1 1110 848 765 1011
2321 4 2 0 1 1110 1011 484 848
2322 4 2 0 1 742 1224 1093 1601
2323 4 2 0 1 976 784 933 992
2324 4 2 0 1 742 1224 1147 1093
2325 4 2 0 1 1147 936 911 1231
2326 4 2 0 1 742 1093 1147 1249
2327 4 2 0 1 1601 879 1093 1122
2328 4 2 0 1 1601 1093 1249 1122
2329 4 2 0 1 1740 130 1383 1408
2330 4 2 0 1 130 208 1408 1740
2331 4 2 0 1 481 112 100 747
2332 4 2 0 1 119 112 100 481
2333 4 2 0 1 637 521 795 610
2334 4 2 0 1 1380 1459 1449 1280
2335 4 2 0 1 1019 1096 1316 186
2336 4 2 0 1 1280 1459 1449 470
2337 4 2 0 1 119 481 1554 112
2338 4 2 0 1 614 1009 680 659
2339 4 2 0 1 1759 1380 1449 1280
2340 4 2 0 1 522 1009 614 903
2341 4 2 0 1 969 614 680 685
2342 4 2 0 1 969 614 522 680
2343 4 2 0 1 522 680 614 1009
2344 4 2 0 1 481 940 1554 112
2345 4 2 0 1 1144 1280 1759 1449
2346 4 2 0 1 1098 150 83 1095
2347 4 2 0 1 1071 1098 83 1095
2348 4 2 0 1 85 783 1261 825
2349 4 2 0 1 85 1261 73 825
2350 4 2 0 1 1451 1513 915 1238
2351 4 2 0 1 1205 1513 262 1251
2352 4 2 0 1 915 1513 1251 1238
2353 4 2 0 1 963 1132 1781 1525
2354 4 2 0 1 153 89 1656 1057
2355 4 2 0 1 1681 153 89 1656
2356 4 2 0 1 89 1656 88 1792
2357 4 2 0 1 1042 1347 707 1101
2358 4 2 0 1 1057 89 1656 88
2359 4 2 0 1 1792 1681 89 1656
2360 4 2 0 1 1042 1347 1101 1220
2361 4 2 0 1 1220 1347 1101 204
2362 4 2 0 1 1709 622 650 1771
2363 4 2 0 1 443 742 522 1048
2364 4 2 0 1 1708 603 746 761
2365 4 2 0 1 1099 742 443 1048
2366 4 2 0 1 298 698 1263 1062
2367 4 2 0 1 980 442 1686 1772
2368 4 2 0 1 972 1022 108 58
2369 4 2 0 1 461 1120 1250 1786
2370 4 2 0 1 565 476 513 554
2371 4 2 0 1 972 1713 1022 1667
2372 4 2 0 1 276 1044 274 892
2373 4 2 0 1 1667 1022 972 58
2374 4 2 0 1 108 1713 1022 972
2375 4 2 0 1 1570 1196 879 1213
2376 4 2 0 1 893 1009 680 911
2377 4 2 0 1 1213 879 1570 904
2378 4 2 0 1 893 262 1009 911
2379 4 2 0 1 1031 1796 1104 353
2380 4 2 0 1 704 1518 759 425
2381 4 2 0 1 1215 353 1469 1104
2382 4 2 0 1 1796 859 1215 1793
2383 4 2 0 1 1225 1005 1256 1136
2384 4 2 0 1 1518 933 992 425
2385 4 2 0 1 653 76 77 97
2386 4 2 0 1 759 1518 992 425
2387 4 2 0 1 1543 432 732 420
2388 4 2 0 1 54 10 770 7
2389 4 2 0 1 669 436 85 1105
2390 4 2 0 1 1068 1032 1583 1249
2391 4 2 0 1 1543 420 732 1514
2392 4 2 0 1 783 669 85 1105
2393 4 2 0 1 1261 1105 783 85
2394 4 2 0 1 1549 1241 1600 1626
2395 4 2 0 1 85 1105 1761 1261
2396 4 2 0 1 93 92 53 49
2397 4 2 0 1 803 508 806 1722
2398 4 2 0 1 806 1722 781 803
2399 4 2 0 1 329 1199 261 264
2400 4 2 0 1 770 92 87 154
2401 4 2 0 1 49 92 53 54
2402 4 2 0 1 711 492 499 838
2403 4 2 0 1 92 49 93 1660
2404 4 2 0 1 1237 1292 835 989
2405 4 2 0 1 1237 989 835 1470
2406 4 2 0 1 616 1246 613 1520
2407 4 2 0 1 53 93 95 87
2408 4 2 0 1 53 92 87 54
2409 4 2 0 1 1470 1247 1237 989
2410 4 2 0 1 558 1384 943 1028
2411 4 2 0 1 1520 1028 613 558
2412 4 2 0 1 653 95 77 76
2413 4 2 0 1 499 492 999 838
2414 4 2 0 1 709 515 1069 687
2415 4 2 0 1 1239 1533 321 337
2416 4 2 0 1 1239 1533 337 1387
2417 4 2 0 1 337 1387 1417 1239
2418 4 2 0 1 711 1161 988 492
2419 4 2 0 1 1093 879 1460 1122
2420 4 2 0 1 606 1078 957 213
2421 4 2 0 1 1043 262 856 1042
2422 4 2 0 1 492 550 838 1161
2423 4 2 0 1 707 1043 1513 1451
2424 4 2 0 1 1161 492 711 838
2425 4 2 0 1 789 869 1080 941
2426 4 2 0 1 999 789 1008 1080
2427 4 2 0 1 789 869 1008 1080
2428 4 2 0 1 888 656 1081 304
2429 4 2 0 1 790 1719 448 1116
2430 4 2 0 1 1116 1719 448 840
2431 4 2 0 1 1347 994 1043 1248
2432 4 2 0 1 58 1554 1022 112
2433 4 2 0 1 707 1347 1043 1248
2434 4 2 0 1 1118 710 1198 618
2435 4 2 0 1 58 1554 112 74
2436 4 2 0 1 458 130 1126 208
2437 4 2 0 1 1078 1046 1222 904
2438 4 2 0 1 1078 1222 1466 904
2439 4 2 0 1 465 458 1126 208
2440 4 2 0 1 845 1484 1013 1457
2441 4 2 0 1 1013 1484 1354 1457
2442 4 2 0 1 1484 845 1396 1457
2443 4 2 0 1 458 815 1126 130
2444 4 2 0 1 1484 1354 1396 1807
2445 4 2 0 1 815 1126 880 458
2446 4 2 0 1 600 555 1386 530
2447 4 2 0 1 621 555 1386 600
2448 4 2 0 1 555 602 600 621
2449 4 2 0 1 839 971 577 1082
2450 4 2 0 1 602 1091 555 600
2451 4 2 0 1 804 1433 885 1082
2452 4 2 0 1 555 1091 530 600
2453 4 2 0 1 1126 941 880 458
2454 4 2 0 1 175 1403 160 1685
2455 4 2 0 1 449 1707 446 508
2456 4 2 0 1 1660 154 93 770
2457 4 2 0 1 1028 1298 1246 620
2458 4 2 0 1 997 1707 446 449
2459 4 2 0 1 1660 154 156 93
2460 4 2 0 1 1246 620 613 1028
2461 4 2 0 1 997 1707 449 945
2462 4 2 0 1 700 1085 590 849
2463 4 2 0 1 654 942 785 962
2464 4 2 0 1 189 1085 849 590
2465 4 2 0 1 945 1707 449 865
2466 4 2 0 1 1086 958 674 390
2467 4 2 0 1 1086 932 961 906
2468 4 2 0 1 449 865 1707 508
2469 4 2 0 1 654 962 785 1088
2470 4 2 0 1 559 807 1443 599
2471 4 2 0 1 1549 1452 800 1254
2472 4 2 0 1 140 129 846 964
2473 4 2 0 1 970 1073 1568 167
2474 4 2 0 1 167 1073 1568 119
2475 4 2 0 1 1090 754 1084 450
2476 4 2 0 1 896 1650 1624 1176
2477 4 2 0 1 768 733 678 1729
2478 4 2 0 1 1528 1123 1062 664
2479 4 2 0 1 717 536 578 1253
2480 4 2 0 1 218 1124 547 719
2481 4 2 0 1 425 976 933 992
2482 4 2 0 1 218 1124 1268 816
2483 4 2 0 1 1043 1124 856 1268
2484 4 2 0 1 717 557 536 1253
2485 4 2 0 1 1223 243 1291 1125
2486 4 2 0 1 957 1286 654 843
2487 4 2 0 1 1242 654 843 957
2488 4 2 0 1 1291 1095 1103 1166
2489 4 2 0 1 1269 1095 797 750
2490 4 2 0 1 154 150 1660 1229
2491 4 2 0 1 1660 770 83 150
2492 4 2 0 1 770 1660 154 150
2493 4 2 0 1 973 1114 916 1173
2494 4 2 0 1 838 1008 1080 999
2495 4 2 0 1 1126 815 880 130
2496 4 2 0 1 1541 808 168 757
2497 4 2 0 1 1036 168 833 757
2498 4 2 0 1 269 1195 1475 1524
2499 4 2 0 1 757 808 1185 1541
2500 4 2 0 1 744 251 1512 244
2501 4 2 0 1 713 1172 1472 954
2502 4 2 0 1 905 1099 102 583
2503 4 2 0 1 102 1099 1048 1130
2504 4 2 0 1 277 1295 845 935
2505 4 2 0 1 1601 1355 1099 905
2506 4 2 0 1 573 1723 1100 619
2507 4 2 0 1 935 1295 845 1001
2508 4 2 0 1 1295 735 1314 1001
2509 4 2 0 1 892 193 178 176
2510 4 2 0 1 193 176 892 653
2511 4 2 0 1 1325 1128 348 661
2512 4 2 0 1 263 1128 734 1416
2513 4 2 0 1 865 1015 479 1722
2514 4 2 0 1 734 1128 931 1416
2515 4 2 0 1 1129 544 486 580
2516 4 2 0 1 865 1015 1011 479
2517 4 2 0 1 970 849 125 660
2518 4 2 0 1 218 824 1043 1124
2519 4 2 0 1 1347 218 824 1043
2520 4 2 0 1 218 1124 1043 1268
2521 4 2 0 1 719 1706 824 1124
2522 4 2 0 1 1446 1648 645 108
2523 4 2 0 1 1102 891 951 805
2524 4 2 0 1 668 1102 805 417
2525 4 2 0 1 909 891 1102 827
2526 4 2 0 1 796 1615 1313 814
2527 4 2 0 1 1038 1719 1116 840
2528 4 2 0 1 1615 1616 814 1618
2529 4 2 0 1 814 1313 1616 1615
2530 4 2 0 1 1562 1800 1339 887
2531 4 2 0 1 699 448 304 1116
2532 4 2 0 1 1145 1416 1092 1132
2533 4 2 0 1 963 734 1132 1416
2534 4 2 0 1 1132 1328 734 963
2535 4 2 0 1 1145 1317 1132 1429
2536 4 2 0 1 641 1069 721 1006
2537 4 2 0 1 903 1047 382 1583
2538 4 2 0 1 1285 1690 1741 1236
2539 4 2 0 1 903 1206 1047 1694
2540 4 2 0 1 939 66 1076 1051
2541 4 2 0 1 903 1583 355 1694
2542 4 2 0 1 903 1047 1583 1694
2543 4 2 0 1 1388 1095 750 1291
2544 4 2 0 1 1076 66 791 1051
2545 4 2 0 1 1438 1291 1254 1103
2546 4 2 0 1 85 1108 1074 1761
2547 4 2 0 1 123 689 1096 1016
2548 4 2 0 1 1403 1685 175 890
2549 4 2 0 1 1016 689 1096 860
2550 4 2 0 1 1145 1261 1132 1317
2551 4 2 0 1 101 198 741 1111
2552 4 2 0 1 1261 1145 1534 1317
2553 4 2 0 1 1261 1145 1105 1534
2554 4 2 0 1 820 1009 1469 1112
2555 4 2 0 1 1112 614 665 820
2556 4 2 0 1 1106 614 1009 903
2557 4 2 0 1 1112 614 1106 256
2558 4 2 0 1 820 1009 659 1469
2559 4 2 0 1 1112 614 1009 1106
2560 4 2 0 1 836 880 1522 815
2561 4 2 0 1 476 908 663 1264
2562 4 2 0 1 997 1787 425 976
2563 4 2 0 1 1618 771 814 1615
2564 4 2 0 1 1564 1781 272 191
2565 4 2 0 1 1564 270 1410 191
2566 4 2 0 1 519 1331 533 453
2567 4 2 0 1 1114 1578 1376 1061
2568 4 2 0 1 1114 1578 715 1376
2569 4 2 0 1 1116 289 340 1140
2570 4 2 0 1 1116 1038 289 1140
2571 4 2 0 1 440 519 533 453
2572 4 2 0 1 731 453 1631 533
2573 4 2 0 1 1115 1723 622 1771
2574 4 2 0 1 1331 453 731 533
2575 4 2 0 1 753 1518 425 933
2576 4 2 0 1 440 533 1631 453
2577 4 2 0 1 945 1015 427 1109
2578 4 2 0 1 626 598 624 586
2579 4 2 0 1 1267 307 1247 246
2580 4 2 0 1 1764 567 699 451
2581 4 2 0 1 495 471 460 1184
2582 4 2 0 1 1184 730 471 460
2583 4 2 0 1 1032 1068 1583 1165
2584 4 2 0 1 865 1686 1015 945
2585 4 2 0 1 730 460 1184 1146
2586 4 2 0 1 1032 522 903 1147
2587 4 2 0 1 1224 1147 936 934
2588 4 2 0 1 1045 1233 1352 627
2589 4 2 0 1 742 522 1147 934
2590 4 2 0 1 627 1233 1352 956
2591 4 2 0 1 1224 936 1147 1093
2592 4 2 0 1 1032 1147 903 1249
2593 4 2 0 1 907 1699 1244 861
2594 4 2 0 1 907 1699 861 1616
2595 4 2 0 1 321 337 867 1239
2596 4 2 0 1 663 1219 896 1148
2597 4 2 0 1 1148 1693 1624 1650
2598 4 2 0 1 1705 513 663 1148
2599 4 2 0 1 1693 1148 513 1705
2600 4 2 0 1 471 730 1456 1054
2601 4 2 0 1 730 418 468 1054
2602 4 2 0 1 1239 337 867 1417
2603 4 2 0 1 1042 707 1043 262
2604 4 2 0 1 262 1311 1221 707
2605 4 2 0 1 1311 1572 707 262
2606 4 2 0 1 525 782 618 1341
2607 4 2 0 1 1221 707 1042 262
2608 4 2 0 1 707 1043 262 1513
2609 4 2 0 1 262 1572 707 1513
2610 4 2 0 1 1050 88 1057 1076
2611 4 2 0 1 612 811 553 1386
2612 4 2 0 1 768 1288 951 974
2613 4 2 0 1 1288 974 1102 951
2614 4 2 0 1 1102 1717 1017 1665
2615 4 2 0 1 1717 1288 1665 1102
2616 4 2 0 1 866 88 1057 1050
2617 4 2 0 1 553 612 1386 1198
2618 4 2 0 1 553 1386 551 1198
2619 4 2 0 1 227 1142 281 1138
2620 4 2 0 1 1142 281 1138 978
2621 4 2 0 1 1686 1015 945 1109
2622 4 2 0 1 1146 1424 967 844
2623 4 2 0 1 978 281 1138 1157
2624 4 2 0 1 281 227 1138 1544
2625 4 2 0 1 281 1544 1138 1157
2626 4 2 0 1 717 557 1253 613
2627 4 2 0 1 1705 1693 1569 1120
2628 4 2 0 1 1120 1693 587 1705
2629 4 2 0 1 1583 1047 382 1694
2630 4 2 0 1 382 1047 1335 1694
2631 4 2 0 1 1151 82 1187 1025
2632 4 2 0 1 1055 659 680 1155
2633 4 2 0 1 1186 1156 1172 137
2634 4 2 0 1 751 1203 1156 1187
2635 4 2 0 1 1407 1187 1172 1156
2636 4 2 0 1 1000 352 500 877
2637 4 2 0 1 426 382 1335 1694
2638 4 2 0 1 687 352 500 1000
2639 4 2 0 1 1000 831 687 352
2640 4 2 0 1 382 921 1583 1694
2641 4 2 0 1 274 892 1044 947
2642 4 2 0 1 370 1029 230 514
2643 4 2 0 1 660 421 590 403
2644 4 2 0 1 1312 1440 450 1324
2645 4 2 0 1 1244 590 660 421
2646 4 2 0 1 1068 1355 1032 1249
2647 4 2 0 1 263 1355 1032 1165
2648 4 2 0 1 382 1321 1165 1748
2649 4 2 0 1 1195 1275 1475 1097
2650 4 2 0 1 1037 1324 1440 1586
2651 4 2 0 1 1264 1312 1324 412
2652 4 2 0 1 1162 1580 1376 1067
2653 4 2 0 1 1578 870 1376 1162
2654 4 2 0 1 1195 1412 1436 1275
2655 4 2 0 1 947 892 819 874
2656 4 2 0 1 771 564 662 875
2657 4 2 0 1 1195 1436 1475 1275
2658 4 2 0 1 1213 1196 879 1224
2659 4 2 0 1 1265 1196 1213 1224
2660 4 2 0 1 925 236 944 1507
2661 4 2 0 1 240 236 944 925
2662 4 2 0 1 944 236 1191 1507
2663 4 2 0 1 817 729 1067 1134
2664 4 2 0 1 800 1135 840 134
2665 4 2 0 1 460 1378 51 1271
2666 4 2 0 1 350 1739 739 1209
2667 4 2 0 1 51 956 1378 460
2668 4 2 0 1 1440 739 1209 350
2669 4 2 0 1 745 1167 179 1119
2670 4 2 0 1 745 1167 1119 720
2671 4 2 0 1 715 1167 745 729
2672 4 2 0 1 715 1167 179 745
2673 4 2 0 1 817 1167 720 1421
2674 4 2 0 1 1160 480 1611 1740
2675 4 2 0 1 108 706 58 1022
2676 4 2 0 1 1137 102 141 538
2677 4 2 0 1 180 1137 103 101
2678 4 2 0 1 788 421 990 694
2679 4 2 0 1 695 1507 897 813
2680 4 2 0 1 788 421 512 990
2681 4 2 0 1 706 1022 108 1026
2682 4 2 0 1 1686 1772 1011 1015
2683 4 2 0 1 1138 978 855 218
2684 4 2 0 1 1733 1138 1142 227
2685 4 2 0 1 1769 1206 1502 1063
2686 4 2 0 1 1332 719 1138 1733
2687 4 2 0 1 1722 1110 437 765
2688 4 2 0 1 599 550 1401 620
2689 4 2 0 1 1722 1015 479 765
2690 4 2 0 1 74 1688 58 1554
2691 4 2 0 1 973 142 121 1019
2692 4 2 0 1 1019 142 121 1316
2693 4 2 0 1 491 1560 1169 1278
2694 4 2 0 1 686 693 1522 582
2695 4 2 0 1 588 693 1443 591
2696 4 2 0 1 673 1401 599 807
2697 4 2 0 1 807 599 550 1401
2698 4 2 0 1 693 869 510 559
2699 4 2 0 1 510 559 869 941
2700 4 2 0 1 1615 1142 1287 978
2701 4 2 0 1 1287 1142 1138 978
2702 4 2 0 1 1287 1138 218 978
2703 4 2 0 1 1139 1005 465 1611
2704 4 2 0 1 353 1215 412 1201
2705 4 2 0 1 1563 1044 947 274
2706 4 2 0 1 257 1793 321 327
2707 4 2 0 1 756 1131 791 1656
2708 4 2 0 1 1386 549 530 1371
2709 4 2 0 1 1386 1341 549 1371
2710 4 2 0 1 1281 550 1161 1190
2711 4 2 0 1 1401 550 1281 1190
2712 4 2 0 1 321 1239 867 1408
2713 4 2 0 1 1792 1656 1131 756
2714 4 2 0 1 1170 1401 550 1281
2715 4 2 0 1 327 1793 321 1408
2716 4 2 0 1 939 1050 1076 66
2717 4 2 0 1 1691 1793 1533 1290
2718 4 2 0 1 1022 1713 1730 1667
2719 4 2 0 1 820 350 739 1215
2720 4 2 0 1 1112 820 665 1294
2721 4 2 0 1 820 739 665 1294
2722 4 2 0 1 820 1112 1469 1177
2723 4 2 0 1 1103 1108 797 750
2724 4 2 0 1 1469 1215 820 1177
2725 4 2 0 1 1198 1386 551 1118
2726 4 2 0 1 348 1128 931 661
2727 4 2 0 1 931 661 365 348
2728 4 2 0 1 1416 348 931 1092
2729 4 2 0 1 1416 1128 931 348
2730 4 2 0 1 1092 348 931 365
2731 4 2 0 1 1492 170 1158 873
2732 4 2 0 1 661 365 991 931
2733 4 2 0 1 427 437 1722 781
2734 4 2 0 1 427 781 1722 976
2735 4 2 0 1 1190 1181 1028 1298
2736 4 2 0 1 1182 577 84 1055
2737 4 2 0 1 1158 577 1492 1182
2738 4 2 0 1 1158 873 1182 1492
2739 4 2 0 1 1182 873 1155 1480
2740 4 2 0 1 1055 1182 1155 84
2741 4 2 0 1 250 268 1683 299
2742 4 2 0 1 280 1504 283 279
2743 4 2 0 1 280 283 1504 1474
2744 4 2 0 1 1474 1504 325 283
2745 4 2 0 1 976 1722 427 945
2746 4 2 0 1 321 1408 1793 1239
2747 4 2 0 1 911 262 1009 1183
2748 4 2 0 1 1221 262 911 1183
2749 4 2 0 1 1206 1009 262 1183
2750 4 2 0 1 1317 1328 1132 963
2751 4 2 0 1 992 1179 759 425
2752 4 2 0 1 976 425 1179 992
2753 4 2 0 1 963 1328 192 1317
2754 4 2 0 1 1328 172 1766 1317
2755 4 2 0 1 1534 1145 1429 1317
2756 4 2 0 1 1239 1533 1793 321
2757 4 2 0 1 87 1293 1180 65
2758 4 2 0 1 65 1293 83 770
2759 4 2 0 1 443 522 1152 680
2760 4 2 0 1 522 680 911 1152
2761 4 2 0 1 895 1153 877 500
2762 4 2 0 1 945 425 1179 976
2763 4 2 0 1 814 1616 907 861
2764 4 2 0 1 500 877 574 1153
2765 4 2 0 1 1172 744 1407 1186
2766 4 2 0 1 1153 895 952 500
2767 4 2 0 1 759 1179 1109 425
2768 4 2 0 1 945 1109 1179 425
2769 4 2 0 1 1042 1101 1577 1035
2770 4 2 0 1 1221 1042 1577 1035
2771 4 2 0 1 1042 1101 1035 129
2772 4 2 0 1 151 510 1443 693
2773 4 2 0 1 160 1211 1463 96
2774 4 2 0 1 1211 160 1463 1064
2775 4 2 0 1 693 510 1443 559
2776 4 2 0 1 807 559 1443 510
2777 4 2 0 1 693 880 510 869
2778 4 2 0 1 1733 1070 1138 227
2779 4 2 0 1 510 869 880 941
2780 4 2 0 1 1157 652 281 284
2781 4 2 0 1 978 281 1157 652
2782 4 2 0 1 1190 1765 1687 557
2783 4 2 0 1 557 1765 613 1190
2784 4 2 0 1 1416 963 1159 950
2785 4 2 0 1 1159 178 825 1797
2786 4 2 0 1 1130 1159 1797 741
2787 4 2 0 1 1037 1586 472 1324
2788 4 2 0 1 950 1514 732 420
2789 4 2 0 1 460 471 1144 730
2790 4 2 0 1 1449 730 1144 471
2791 4 2 0 1 523 496 504 501
2792 4 2 0 1 606 207 1745 292
2793 4 2 0 1 695 1507 1191 579
2794 4 2 0 1 1507 236 1191 1571
2795 4 2 0 1 796 823 651 894
2796 4 2 0 1 1366 723 1402 1395
2797 4 2 0 1 155 56 868 651
2798 4 2 0 1 958 894 651 390
2799 4 2 0 1 276 1044 270 274
2800 4 2 0 1 1044 1564 1563 1378
2801 4 2 0 1 1563 758 1430 1271
2802 4 2 0 1 270 1564 272 191
2803 4 2 0 1 1285 857 1236 1741
2804 4 2 0 1 1232 786 699 470
2805 4 2 0 1 1249 1068 1374 1583
2806 4 2 0 1 1232 699 506 470
2807 4 2 0 1 1738 1284 1084 1641
2808 4 2 0 1 146 1605 1137 1679
2809 4 2 0 1 1121 1647 722 1363
2810 4 2 0 1 340 1194 332 752
2811 4 2 0 1 335 1194 752 332
2812 4 2 0 1 332 1344 335 1194
2813 4 2 0 1 943 1520 1028 1246
2814 4 2 0 1 72 1804 109 871
2815 4 2 0 1 1368 473 1121 1136
2816 4 2 0 1 609 597 641 721
2817 4 2 0 1 812 1303 582 377
2818 4 2 0 1 812 377 582 601
2819 4 2 0 1 1069 721 609 641
2820 4 2 0 1 734 1261 1145 783
2821 4 2 0 1 871 109 72 182
2822 4 2 0 1 1235 1605 72 144
2823 4 2 0 1 984 279 1309 1197
2824 4 2 0 1 161 1434 69 164
2825 4 2 0 1 1197 279 1481 984
2826 4 2 0 1 1029 1767 230 514
2827 4 2 0 1 117 1381 1550 98
2828 4 2 0 1 955 349 1745 373
2829 4 2 0 1 378 349 955 373
2830 4 2 0 1 372 1726 349 296
2831 4 2 0 1 893 262 856 1251
2832 4 2 0 1 1683 1372 1072 268
2833 4 2 0 1 205 210 583 141
2834 4 2 0 1 141 1137 210 583
2835 4 2 0 1 1517 1670 1468 299
2836 4 2 0 1 1638 1468 867 1670
2837 4 2 0 1 1412 171 1436 1275
2838 4 2 0 1 1517 1684 260 1200
2839 4 2 0 1 591 601 377 599
2840 4 2 0 1 599 601 625 591
2841 4 2 0 1 1750 769 432 1778
2842 4 2 0 1 620 601 599 377
2843 4 2 0 1 371 293 349 292
2844 4 2 0 1 1172 1186 137 698
2845 4 2 0 1 1172 744 1186 698
2846 4 2 0 1 240 188 930 1113
2847 4 2 0 1 1342 1174 448 790
2848 4 2 0 1 1113 188 930 1266
2849 4 2 0 1 798 577 839 777
2850 4 2 0 1 577 777 1158 1171
2851 4 2 0 1 813 1096 1255 689
2852 4 2 0 1 1531 81 1461 1269
2853 4 2 0 1 1382 418 468 730
2854 4 2 0 1 669 128 436 900
2855 4 2 0 1 800 900 436 128
2856 4 2 0 1 1024 418 1382 730
2857 4 2 0 1 138 800 436 128
2858 4 2 0 1 555 495 956 535
2859 4 2 0 1 495 956 535 460
2860 4 2 0 1 951 657 768 974
2861 4 2 0 1 805 974 657 951
2862 4 2 0 1 634 974 657 805
2863 4 2 0 1 863 187 787 1270
2864 4 2 0 1 1031 873 1542 1596
2865 4 2 0 1 1796 1290 859 1793
2866 4 2 0 1 1270 187 1679 863
2867 4 2 0 1 121 787 863 1678
2868 4 2 0 1 491 1560 1149 1169
2869 4 2 0 1 555 956 1352 535
2870 4 2 0 1 1352 956 555 602
2871 4 2 0 1 1203 1407 1156 1187
2872 4 2 0 1 1378 471 1280 1144
2873 4 2 0 1 1302 967 1516 1348
2874 4 2 0 1 1449 1280 470 471
2875 4 2 0 1 1144 471 1280 1449
2876 4 2 0 1 471 470 1091 1280
2877 4 2 0 1 471 1280 1091 1378
2878 4 2 0 1 1563 1044 274 270
2879 4 2 0 1 881 947 274 1004
2880 4 2 0 1 1069 515 772 687
2881 4 2 0 1 1513 1205 915 1251
2882 4 2 0 1 1503 704 1710 353
2883 4 2 0 1 704 1710 353 1769
2884 4 2 0 1 1444 1314 1735 889
2885 4 2 0 1 1205 893 1251 262
2886 4 2 0 1 893 1207 353 1469
2887 4 2 0 1 353 1207 1769 1469
2888 4 2 0 1 103 101 1370 766
2889 4 2 0 1 1315 751 1187 1203
2890 4 2 0 1 906 177 890 175
2891 4 2 0 1 168 833 1034 1404
2892 4 2 0 1 1009 262 893 1207
2893 4 2 0 1 1207 1502 1769 1206
2894 4 2 0 1 1301 124 1085 690
2895 4 2 0 1 893 262 1205 1207
2896 4 2 0 1 1205 1502 1769 1207
2897 4 2 0 1 1018 690 1085 124
2898 4 2 0 1 709 1117 649 515
2899 4 2 0 1 738 961 177 906
2900 4 2 0 1 906 177 738 890
2901 4 2 0 1 1153 512 952 895
2902 4 2 0 1 908 851 1335 663
2903 4 2 0 1 450 754 1084 1209
2904 4 2 0 1 956 535 460 1385
2905 4 2 0 1 1084 754 447 1209
2906 4 2 0 1 754 447 1209 839
2907 4 2 0 1 752 1445 418 1210
2908 4 2 0 1 338 1210 790 418
2909 4 2 0 1 1133 842 1192 198
2910 4 2 0 1 741 198 1192 334
2911 4 2 0 1 786 1342 699 790
2912 4 2 0 1 1328 178 734 963
2913 4 2 0 1 734 178 1159 963
2914 4 2 0 1 1456 730 471 1184
2915 4 2 0 1 124 1218 1473 1364
2916 4 2 0 1 124 1259 1364 1473
2917 4 2 0 1 1259 1193 882 1690
2918 4 2 0 1 1193 1690 1285 1236
2919 4 2 0 1 124 1473 1193 1259
2920 4 2 0 1 276 1367 1044 892
2921 4 2 0 1 775 975 1622 1303
2922 4 2 0 1 499 1303 1622 235
2923 4 2 0 1 1214 1739 1447 257
2924 4 2 0 1 327 1214 257 1739
2925 4 2 0 1 1091 1751 586 626
2926 4 2 0 1 1195 269 226 273
2927 4 2 0 1 1536 269 226 1195
2928 4 2 0 1 1091 586 549 600
2929 4 2 0 1 817 1067 122 1134
2930 4 2 0 1 1265 742 1196 1224
2931 4 2 0 1 1091 506 586 1751
2932 4 2 0 1 1196 1099 102 905
2933 4 2 0 1 141 1196 102 905
2934 4 2 0 1 470 1459 1751 1280
2935 4 2 0 1 1459 1751 506 470
2936 4 2 0 1 470 1751 1091 1280
2937 4 2 0 1 350 1793 1215 859
2938 4 2 0 1 1215 1312 412 1201
2939 4 2 0 1 1177 353 1469 1215
2940 4 2 0 1 1532 1216 1604 679
2941 4 2 0 1 1604 967 679 1216
2942 4 2 0 1 1359 967 844 1430
2943 4 2 0 1 1714 1039 1079 1242
2944 4 2 0 1 377 601 235 1298
2945 4 2 0 1 1303 377 812 235
2946 4 2 0 1 1219 1090 450 754
2947 4 2 0 1 165 1756 184 982
2948 4 2 0 1 1038 1283 289 1140
2949 4 2 0 1 1038 249 1140 338
2950 4 2 0 1 289 1283 1038 800
2951 4 2 0 1 1235 165 118 982
2952 4 2 0 1 129 1220 846 902
2953 4 2 0 1 140 1220 846 129
2954 4 2 0 1 355 1183 1231 903
2955 4 2 0 1 1508 1577 1460 1221
2956 4 2 0 1 355 1311 1221 1183
2957 4 2 0 1 982 186 1756 184
2958 4 2 0 1 1284 1588 761 1738
2959 4 2 0 1 186 184 809 188
2960 4 2 0 1 1296 1274 1298 629
2961 4 2 0 1 899 222 1753 863
2962 4 2 0 1 1151 171 1442 82
2963 4 2 0 1 188 1065 1307 184
2964 4 2 0 1 1537 171 1442 1151
2965 4 2 0 1 1095 1388 835 1223
2966 4 2 0 1 1436 1442 1547 1537
2967 4 2 0 1 1388 1095 1291 1223
2968 4 2 0 1 1265 1224 696 443
2969 4 2 0 1 443 1224 696 934
2970 4 2 0 1 1224 936 696 934
2971 4 2 0 1 936 696 918 879
2972 4 2 0 1 171 82 1612 1442
2973 4 2 0 1 1224 696 936 879
2974 4 2 0 1 1213 1224 879 696
2975 4 2 0 1 1436 1442 1798 1547
2976 4 2 0 1 1265 1224 1213 696
2977 4 2 0 1 1115 624 1723 1764
2978 4 2 0 1 473 1136 1368 1225
2979 4 2 0 1 1690 1780 1496 1193
2980 4 2 0 1 741 1202 1397 1111
2981 4 2 0 1 1225 1005 1136 1581
2982 4 2 0 1 1225 1139 1005 1581
2983 4 2 0 1 213 1679 899 1527
2984 4 2 0 1 218 719 824 1124
2985 4 2 0 1 1159 963 178 1202
2986 4 2 0 1 1159 1202 178 741
2987 4 2 0 1 145 149 1690 1780
2988 4 2 0 1 1066 1347 824 1351
2989 4 2 0 1 145 1780 1690 1752
2990 4 2 0 1 144 982 143 1094
2991 4 2 0 1 357 1737 324 362
2992 4 2 0 1 1679 1270 863 143
2993 4 2 0 1 1690 149 1496 1780
2994 4 2 0 1 1690 1780 1193 1752
2995 4 2 0 1 460 1144 1271 730
2996 4 2 0 1 950 963 1159 1202
2997 4 2 0 1 310 1737 362 692
2998 4 2 0 1 424 1226 1335 908
2999 4 2 0 1 849 700 660 590
3000 4 2 0 1 749 1087 474 922
3001 4 2 0 1 1206 1106 1009 903
3002 4 2 0 1 1206 1009 1183 903
3003 4 2 0 1 1694 1206 1047 1226
3004 4 2 0 1 436 1254 138 80
3005 4 2 0 1 80 128 436 1689
3006 4 2 0 1 1632 881 1033 1229
3007 4 2 0 1 1229 881 154 1632
3008 4 2 0 1 144 1679 214 143
3009 4 2 0 1 1374 1093 1122 1249
3010 4 2 0 1 1147 936 1231 1093
3011 4 2 0 1 1183 1221 1231 911
3012 4 2 0 1 1183 355 1231 1221
3013 4 2 0 1 1093 1231 1249 1374
3014 4 2 0 1 288 1737 324 357
3015 4 2 0 1 1185 1609 1455 1541
3016 4 2 0 1 1312 1586 1201 1215
3017 4 2 0 1 1548 353 1201 1215
3018 4 2 0 1 1036 1455 1541 1185
3019 4 2 0 1 606 206 1242 1422
3020 4 2 0 1 1046 206 606 1422
3021 4 2 0 1 538 102 141 1265
3022 4 2 0 1 1222 538 1466 1213
3023 4 2 0 1 1222 1213 1466 904
3024 4 2 0 1 1188 1348 1449 332
3025 4 2 0 1 1449 332 1759 1188
3026 4 2 0 1 1265 1196 102 141
3027 4 2 0 1 1570 1196 1213 203
3028 4 2 0 1 144 1756 982 1094
3029 4 2 0 1 1756 982 1316 186
3030 4 2 0 1 1756 1316 1307 186
3031 4 2 0 1 1094 223 1756 1316
3032 4 2 0 1 1094 1756 982 1316
3033 4 2 0 1 1266 1228 1390 1230
3034 4 2 0 1 1266 1230 763 1228
3035 4 2 0 1 1465 1399 258 1340
3036 4 2 0 1 1271 1188 344 1348
3037 4 2 0 1 913 860 930 1113
3038 4 2 0 1 655 816 1268 906
3039 4 2 0 1 1166 1340 258 1291
3040 4 2 0 1 547 1377 1124 1260
3041 4 2 0 1 558 943 518 1520
3042 4 2 0 1 1130 741 1397 101
3043 4 2 0 1 1291 1340 258 243
3044 4 2 0 1 1146 730 460 967
3045 4 2 0 1 740 86 256 896
3046 4 2 0 1 741 1111 1397 101
3047 4 2 0 1 896 740 754 1219
3048 4 2 0 1 896 256 740 663
3049 4 2 0 1 744 1537 1187 1151
3050 4 2 0 1 896 740 1219 663
3051 4 2 0 1 1172 744 1187 1407
3052 4 2 0 1 754 896 86 740
3053 4 2 0 1 365 414 1300 1606
3054 4 2 0 1 185 832 1217 1692
3055 4 2 0 1 195 1373 286 1692
3056 4 2 0 1 1300 365 1606 991
3057 4 2 0 1 967 460 1146 844
3058 4 2 0 1 460 730 1271 967
3059 4 2 0 1 1339 1800 1418 1606
3060 4 2 0 1 914 695 944 779
3061 4 2 0 1 844 1430 967 460
3062 4 2 0 1 813 944 672 695
3063 4 2 0 1 298 698 1365 1512
3064 4 2 0 1 944 1191 779 695
3065 4 2 0 1 914 695 672 944
3066 4 2 0 1 944 1507 1191 695
3067 4 2 0 1 813 1507 944 695
3068 4 2 0 1 994 1043 1238 1268
3069 4 2 0 1 1512 698 1365 744
3070 4 2 0 1 1238 1043 1251 1268
3071 4 2 0 1 1268 994 333 1238
3072 4 2 0 1 1529 420 1060 684
3073 4 2 0 1 46 70 34 29
3074 4 2 0 1 1791 684 1749 420
3075 4 2 0 1 684 1754 420 1791
3076 4 2 0 1 264 1291 245 1241
3077 4 2 0 1 928 995 986 809
3078 4 2 0 1 799 995 126 928
3079 4 2 0 1 1600 1291 1549 1254
3080 4 2 0 1 809 986 1357 995
3081 4 2 0 1 1254 1549 1600 1626
3082 4 2 0 1 1530 684 1060 420
3083 4 2 0 1 1754 684 420 1529
3084 4 2 0 1 169 776 199 1698
3085 4 2 0 1 1304 1510 926 681
3086 4 2 0 1 1315 1187 751 1598
3087 4 2 0 1 1523 199 1698 169
3088 4 2 0 1 466 1507 695 579
3089 4 2 0 1 466 579 695 715
3090 4 2 0 1 1427 1063 1458 1226
3091 4 2 0 1 897 1507 695 466
3092 4 2 0 1 1427 1458 1063 1788
3093 4 2 0 1 1759 1489 1564 1781
3094 4 2 0 1 1781 1489 1564 1044
3095 4 2 0 1 1009 1469 893 659
3096 4 2 0 1 1009 893 680 659
3097 4 2 0 1 1427 1788 1795 1458
3098 4 2 0 1 1516 1302 1204 967
3099 4 2 0 1 1272 1216 758 1243
3100 4 2 0 1 1299 1634 209 1245
3101 4 2 0 1 1779 212 1245 209
3102 4 2 0 1 1266 1065 1390 1228
3103 4 2 0 1 1065 1307 184 1614
3104 4 2 0 1 64 347 1426 1005
3105 4 2 0 1 1218 1568 1550 117
3106 4 2 0 1 893 1205 353 1207
3107 4 2 0 1 347 867 1005 1408
3108 4 2 0 1 1469 353 893 1104
3109 4 2 0 1 893 1031 1104 353
3110 4 2 0 1 1247 307 1505 246
3111 4 2 0 1 440 1427 1631 431
3112 4 2 0 1 1795 424 440 1427
3113 4 2 0 1 1211 1064 1155 893
3114 4 2 0 1 1230 1356 1390 1783
3115 4 2 0 1 1230 325 283 1217
3116 4 2 0 1 1230 286 1266 1217
3117 4 2 0 1 1627 1783 1504 1669
3118 4 2 0 1 1078 1527 1679 213
3119 4 2 0 1 567 1751 506 1459
3120 4 2 0 1 567 506 1751 586
3121 4 2 0 1 1226 1063 1311 1206
3122 4 2 0 1 1506 1311 1694 1226
3123 4 2 0 1 990 703 694 421
3124 4 2 0 1 1147 911 903 1231
3125 4 2 0 1 1226 1311 1694 1206
3126 4 2 0 1 1093 1231 1147 1249
3127 4 2 0 1 1226 1063 1506 1311
3128 4 2 0 1 1099 263 1032 1048
3129 4 2 0 1 1032 263 774 1048
3130 4 2 0 1 1099 263 1355 1032
3131 4 2 0 1 1531 1292 835 1237
3132 4 2 0 1 1515 1292 1531 1237
3133 4 2 0 1 1741 857 1088 1053
3134 4 2 0 1 1741 857 962 1088
3135 4 2 0 1 327 1406 257 1793
3136 4 2 0 1 1204 967 1216 1516
3137 4 2 0 1 1243 1247 1272 1532
3138 4 2 0 1 168 808 601 691
3139 4 2 0 1 691 808 601 629
3140 4 2 0 1 180 146 103 1137
3141 4 2 0 1 144 146 103 180
3142 4 2 0 1 231 240 1582 1255
3143 4 2 0 1 240 231 236 1255
3144 4 2 0 1 630 168 716 1252
3145 4 2 0 1 1350 1775 1089 1620
3146 4 2 0 1 1775 1089 472 1350
3147 4 2 0 1 1108 1074 1761 1180
3148 4 2 0 1 1108 1103 1180 1438
3149 4 2 0 1 1108 65 1180 1103
3150 4 2 0 1 58 22 12 1688
3151 4 2 0 1 859 350 820 1215
3152 4 2 0 1 1215 739 820 1177
3153 4 2 0 1 1108 65 1074 1180
3154 4 2 0 1 1761 1108 1180 1438
3155 4 2 0 1 1312 412 1177 1215
3156 4 2 0 1 1621 926 1593 1498
3157 4 2 0 1 1554 1688 58 1730
3158 4 2 0 1 1193 1690 1236 882
3159 4 2 0 1 1462 453 1358 426
3160 4 2 0 1 426 1335 453 1358
3161 4 2 0 1 705 944 779 914
3162 4 2 0 1 133 135 1423 127
3163 4 2 0 1 1171 127 1423 135
3164 4 2 0 1 1696 439 504 455
3165 4 2 0 1 1257 1255 973 689
3166 4 2 0 1 916 1257 973 689
3167 4 2 0 1 1405 1320 1478 505
3168 4 2 0 1 675 1178 762 106
3169 4 2 0 1 813 240 1255 1096
3170 4 2 0 1 897 925 1257 1255
3171 4 2 0 1 1255 142 236 1257
3172 4 2 0 1 910 1178 675 106
3173 4 2 0 1 863 1678 233 142
3174 4 2 0 1 222 233 1753 863
3175 4 2 0 1 1712 1178 910 106
3176 4 2 0 1 349 293 294 1242
3177 4 2 0 1 1342 448 1258 699
3178 4 2 0 1 1342 448 573 1258
3179 4 2 0 1 954 1683 1517 250
3180 4 2 0 1 1472 1512 248 250
3181 4 2 0 1 738 547 1260 834
3182 4 2 0 1 1260 1377 423 834
3183 4 2 0 1 738 834 1260 890
3184 4 2 0 1 547 1377 1260 834
3185 4 2 0 1 1598 1547 1187 244
3186 4 2 0 1 189 849 1244 590
3187 4 2 0 1 189 590 1244 968
3188 4 2 0 1 518 1121 462 946
3189 4 2 0 1 1409 1598 954 244
3190 4 2 0 1 1598 1187 954 244
3191 4 2 0 1 1409 1547 1598 244
3192 4 2 0 1 975 1360 1522 802
3193 4 2 0 1 1343 1360 1444 975
3194 4 2 0 1 812 1360 975 1185
3195 4 2 0 1 1185 1444 1360 975
3196 4 2 0 1 1753 142 1262 863
3197 4 2 0 1 975 1360 812 1522
3198 4 2 0 1 142 1316 1262 863
3199 4 2 0 1 231 1255 1262 142
3200 4 2 0 1 1262 142 1255 1316
3201 4 2 0 1 280 1474 1309 1197
3202 4 2 0 1 1753 1262 142 231
3203 4 2 0 1 201 1111 766 540
3204 4 2 0 1 1204 1024 1302 341
3205 4 2 0 1 1204 1024 341 1604
3206 4 2 0 1 1024 1604 967 679
3207 4 2 0 1 1424 1024 967 679
3208 4 2 0 1 1164 1024 1424 679
3209 4 2 0 1 1697 1733 1332 1142
3210 4 2 0 1 1602 1030 1489 367
3211 4 2 0 1 1633 367 1543 1030
3212 4 2 0 1 367 1030 1633 1602
3213 4 2 0 1 1330 1053 1323 1245
3214 4 2 0 1 1351 1154 1053 140
3215 4 2 0 1 1136 1638 1643 867
3216 4 2 0 1 802 1807 836 1343
3217 4 2 0 1 1171 494 1420 926
3218 4 2 0 1 1171 494 79 1420
3219 4 2 0 1 973 1114 1257 916
3220 4 2 0 1 472 1089 1297 1350
3221 4 2 0 1 1297 1089 1264 1350
3222 4 2 0 1 1776 1235 144 982
3223 4 2 0 1 1776 165 1235 982
3224 4 2 0 1 1718 1288 951 768
3225 4 2 0 1 1300 991 1250 488
3226 4 2 0 1 1378 701 1150 956
3227 4 2 0 1 1750 793 1150 1010
3228 4 2 0 1 1733 212 215 209
3229 4 2 0 1 461 1705 1308 488
3230 4 2 0 1 1705 1148 663 1250
3231 4 2 0 1 145 1733 212 215
3232 4 2 0 1 209 1733 212 1634
3233 4 2 0 1 252 1465 258 1166
3234 4 2 0 1 252 1464 1465 1166
3235 4 2 0 1 252 1465 1464 1410
3236 4 2 0 1 252 258 1465 1410
3237 4 2 0 1 1796 1104 353 1215
3238 4 2 0 1 1548 1457 353 1215
3239 4 2 0 1 811 1045 621 612
3240 4 2 0 1 159 1023 177 1640
3241 4 2 0 1 682 839 577 1082
3242 4 2 0 1 960 915 1049 419
3243 4 2 0 1 1271 1516 758 1430
3244 4 2 0 1 967 1348 1271 1516
3245 4 2 0 1 1049 915 1451 419
3246 4 2 0 1 1271 1430 460 967
3247 4 2 0 1 1568 1073 1550 119
3248 4 2 0 1 1568 1073 1218 1550
3249 4 2 0 1 1703 1138 675 910
3250 4 2 0 1 126 1016 995 799
3251 4 2 0 1 1703 1157 667 1138
3252 4 2 0 1 1070 1703 1138 1544
3253 4 2 0 1 1364 1259 1699 169
3254 4 2 0 1 1301 1259 124 122
3255 4 2 0 1 603 650 746 1709
3256 4 2 0 1 1699 1259 1364 189
3257 4 2 0 1 1138 910 1703 1070
3258 4 2 0 1 650 1723 1100 1771
3259 4 2 0 1 502 773 1274 1296
3260 4 2 0 1 1138 1544 1703 1157
3261 4 2 0 1 773 808 1296 1622
3262 4 2 0 1 502 1274 552 1296
3263 4 2 0 1 1703 1138 667 675
3264 4 2 0 1 502 499 1622 552
3265 4 2 0 1 218 719 1138 1332
3266 4 2 0 1 218 1347 824 1066
3267 4 2 0 1 1351 824 1066 719
3268 4 2 0 1 1513 262 1572 1063
3269 4 2 0 1 915 1513 1063 1205
3270 4 2 0 1 1502 1063 1205 1769
3271 4 2 0 1 472 541 1483 836
3272 4 2 0 1 1276 1345 1459 1280
3273 4 2 0 1 1807 836 472 1483
3274 4 2 0 1 1532 1216 1272 1243
3275 4 2 0 1 1532 1604 1216 1243
3276 4 2 0 1 1243 1204 1604 1216
3277 4 2 0 1 659 893 1155 873
3278 4 2 0 1 1211 160 1064 893
3279 4 2 0 1 1510 494 1171 926
3280 4 2 0 1 1714 843 1079 1326
3281 4 2 0 1 1440 1209 1740 350
3282 4 2 0 1 950 1202 1192 1432
3283 4 2 0 1 1346 540 161 1041
3284 4 2 0 1 1322 1495 1757 210
3285 4 2 0 1 790 448 699 1116
3286 4 2 0 1 790 448 1342 699
3287 4 2 0 1 1495 1757 210 288
3288 4 2 0 1 1116 699 786 1449
3289 4 2 0 1 52 55 19 1
3290 4 2 0 1 960 1031 160 1251
3291 4 2 0 1 960 1796 160 1031
3292 4 2 0 1 1329 1501 1786 1300
3293 4 2 0 1 461 1629 1786 1300
3294 4 2 0 1 53 31 77 76
3295 4 2 0 1 470 1449 786 699
3296 4 2 0 1 1786 1300 1250 461
3297 4 2 0 1 1786 1300 451 1250
3298 4 2 0 1 1329 1629 1300 1786
3299 4 2 0 1 1501 451 1786 1300
3300 4 2 0 1 1099 742 1265 443
3301 4 2 0 1 538 141 1213 1265
3302 4 2 0 1 1099 742 1196 1265
3303 4 2 0 1 1265 1196 141 1213
3304 4 2 0 1 1266 995 928 809
3305 4 2 0 1 1382 498 463 1478
3306 4 2 0 1 444 1276 1602 454
3307 4 2 0 1 1345 1276 1501 1329
3308 4 2 0 1 960 1251 160 1268
3309 4 2 0 1 382 1583 1644 402
3310 4 2 0 1 960 906 1268 1403
3311 4 2 0 1 801 1425 1652 1400
3312 4 2 0 1 161 1346 1277 540
3313 4 2 0 1 356 351 308 361
3314 4 2 0 1 1346 1277 181 1619
3315 4 2 0 1 666 1425 1400 942
3316 4 2 0 1 1346 766 181 1277
3317 4 2 0 1 1277 1346 766 540
3318 4 2 0 1 1344 258 252 332
3319 4 2 0 1 1266 1390 286 1230
3320 4 2 0 1 1266 1065 286 1390
3321 4 2 0 1 461 1705 488 1250
3322 4 2 0 1 488 663 1250 1705
3323 4 2 0 1 1230 1390 286 1783
3324 4 2 0 1 829 1605 982 1270
3325 4 2 0 1 1065 1390 1628 286
3326 4 2 0 1 382 1165 1583 402
3327 4 2 0 1 382 1032 1583 1165
3328 4 2 0 1 926 1334 1593 1498
3329 4 2 0 1 982 144 1605 1235
3330 4 2 0 1 1390 1783 1628 286
3331 4 2 0 1 1593 1171 1553 1423
3332 4 2 0 1 1354 1408 1793 1383
3333 4 2 0 1 447 1740 839 1794
3334 4 2 0 1 620 1190 613 1028
3335 4 2 0 1 620 1190 1028 1298
3336 4 2 0 1 783 614 931 774
3337 4 2 0 1 1378 1091 495 956
3338 4 2 0 1 1106 898 614 774
3339 4 2 0 1 491 977 1278 1437
3340 4 2 0 1 1484 1457 1396 1354
3341 4 2 0 1 1343 1354 1013 1484
3342 4 2 0 1 1124 856 1003 927
3343 4 2 0 1 1003 856 1124 423
3344 4 2 0 1 1268 1124 856 423
3345 4 2 0 1 927 856 824 1124
3346 4 2 0 1 366 313 396 369
3347 4 2 0 1 356 369 361 312
3348 4 2 0 1 669 1689 862 85
3349 4 2 0 1 669 1689 436 128
3350 4 2 0 1 1518 1513 1572 1063
3351 4 2 0 1 1518 1063 1788 1427
3352 4 2 0 1 542 1437 811 612
3353 4 2 0 1 586 600 782 549
3354 4 2 0 1 1282 1169 535 1278
3355 4 2 0 1 600 549 530 1386
3356 4 2 0 1 502 773 1647 1274
3357 4 2 0 1 1647 722 1363 1274
3358 4 2 0 1 1449 1459 699 470
3359 4 2 0 1 1038 249 1283 1140
3360 4 2 0 1 1283 249 1038 800
3361 4 2 0 1 655 1086 906 333
3362 4 2 0 1 333 655 1268 906
3363 4 2 0 1 960 932 333 906
3364 4 2 0 1 1781 1367 1030 1044
3365 4 2 0 1 1086 932 906 333
3366 4 2 0 1 1489 1044 1781 1030
3367 4 2 0 1 960 906 333 1268
3368 4 2 0 1 620 629 601 1298
3369 4 2 0 1 1044 1378 1563 701
3370 4 2 0 1 1296 808 235 1622
3371 4 2 0 1 1622 499 235 1298
3372 4 2 0 1 745 1167 720 817
3373 4 2 0 1 745 729 1167 817
3374 4 2 0 1 857 1154 1053 1285
3375 4 2 0 1 853 1230 736 718
3376 4 2 0 1 736 718 919 853
3377 4 2 0 1 1398 1095 1545 989
3378 4 2 0 1 259 1398 1540 989
3379 4 2 0 1 1398 1545 1540 989
3380 4 2 0 1 1398 1095 989 243
3381 4 2 0 1 744 1151 1187 1407
3382 4 2 0 1 259 243 1398 989
3383 4 2 0 1 963 178 192 1328
3384 4 2 0 1 754 959 839 798
3385 4 2 0 1 1351 1154 1733 1634
3386 4 2 0 1 1351 1154 1634 1053
3387 4 2 0 1 1351 1154 104 1733
3388 4 2 0 1 1299 1351 209 1634
3389 4 2 0 1 942 1289 962 666
3390 4 2 0 1 1714 225 1326 1567
3391 4 2 0 1 666 1441 942 1289
3392 4 2 0 1 975 1522 775 802
3393 4 2 0 1 962 942 857 1289
3394 4 2 0 1 1441 1236 942 1289
3395 4 2 0 1 1236 857 942 1289
3396 4 2 0 1 1796 1542 873 1290
3397 4 2 0 1 170 1290 873 152
3398 4 2 0 1 1263 698 1512 1172
3399 4 2 0 1 447 1414 1279 1794
3400 4 2 0 1 1345 1459 1280 1751
3401 4 2 0 1 1513 1451 1518 1572
3402 4 2 0 1 915 1451 419 1518
3403 4 2 0 1 1691 1290 1542 1796
3404 4 2 0 1 915 1451 1518 1513
3405 4 2 0 1 1292 81 1531 1269
3406 4 2 0 1 81 1292 1071 1269
3407 4 2 0 1 950 732 963 1202
3408 4 2 0 1 1288 891 979 1718
3409 4 2 0 1 1795 493 1358 434
3410 4 2 0 1 1258 1342 1763 573
3411 4 2 0 1 699 448 1258 782
3412 4 2 0 1 573 1174 448 1342
3413 4 2 0 1 1112 1294 665 663
3414 4 2 0 1 1112 1177 820 1294
3415 4 2 0 1 932 735 1001 1395
3416 4 2 0 1 1462 493 434 1358
3417 4 2 0 1 1294 1219 754 740
3418 4 2 0 1 735 1402 848 1395
3419 4 2 0 1 1177 739 820 1294
3420 4 2 0 1 1294 663 1219 740
3421 4 2 0 1 739 754 665 1294
3422 4 2 0 1 734 783 931 774
3423 4 2 0 1 1568 169 1381 117
3424 4 2 0 1 340 1585 752 1210
3425 4 2 0 1 947 819 892 1044
3426 4 2 0 1 583 198 101 180
3427 4 2 0 1 1137 101 180 583
3428 4 2 0 1 863 187 1286 787
3429 4 2 0 1 187 957 1679 863
3430 4 2 0 1 1223 1095 1291 243
3431 4 2 0 1 957 863 222 899
3432 4 2 0 1 1400 666 942 1286
3433 4 2 0 1 654 843 1286 666
3434 4 2 0 1 1328 734 1261 1132
3435 4 2 0 1 1145 734 1132 1261
3436 4 2 0 1 472 1201 1350 1324
3437 4 2 0 1 376 312 320 311
3438 4 2 0 1 218 1227 1287 978
3439 4 2 0 1 1733 1138 1332 1142
3440 4 2 0 1 1350 412 1264 1324
3441 4 2 0 1 1001 1314 845 1484
3442 4 2 0 1 1484 1185 1001 1314
3443 4 2 0 1 417 334 874 827
3444 4 2 0 1 215 1052 221 290
3445 4 2 0 1 1028 1274 1246 1298
3446 4 2 0 1 1298 1622 499 552
3447 4 2 0 1 1767 84 230 514
3448 4 2 0 1 84 1767 230 1480
3449 4 2 0 1 1102 1717 909 1017
3450 4 2 0 1 1767 84 996 1480
3451 4 2 0 1 1180 1293 87 173
3452 4 2 0 1 87 1293 65 770
3453 4 2 0 1 645 1712 108 910
3454 4 2 0 1 645 1712 106 1713
3455 4 2 0 1 140 1351 1299 1053
3456 4 2 0 1 1323 1245 1299 1574
3457 4 2 0 1 1276 1339 1606 1380
3458 4 2 0 1 1345 1501 1786 1329
3459 4 2 0 1 1428 1237 835 1470
3460 4 2 0 1 817 590 877 745
3461 4 2 0 1 1167 870 1349 1421
3462 4 2 0 1 817 745 877 720
3463 4 2 0 1 729 1067 1580 1421
3464 4 2 0 1 1531 1237 835 1428
3465 4 2 0 1 1457 277 271 845
3466 4 2 0 1 277 845 1457 935
3467 4 2 0 1 960 935 277 1457
3468 4 2 0 1 139 1254 1549 1291
3469 4 2 0 1 1457 277 1796 271
3470 4 2 0 1 335 1302 1204 1516
3471 4 2 0 1 1454 656 896 1250
3472 4 2 0 1 1250 1569 896 1454
3473 4 2 0 1 967 1024 1302 1204
3474 4 2 0 1 1454 1081 896 656
3475 4 2 0 1 1454 1569 896 937
3476 4 2 0 1 1429 1610 1092 1800
3477 4 2 0 1 1429 1092 1594 1800
3478 4 2 0 1 240 236 925 1255
3479 4 2 0 1 825 75 178 1328
3480 4 2 0 1 190 173 1180 172
3481 4 2 0 1 1717 909 1288 1102
3482 4 2 0 1 719 104 910 1733
3483 4 2 0 1 104 1178 719 910
3484 4 2 0 1 1017 909 1102 827
3485 4 2 0 1 984 891 688 951
3486 4 2 0 1 1796 1290 873 859
3487 4 2 0 1 1288 891 951 1102
3488 4 2 0 1 1288 1718 951 891
3489 4 2 0 1 1309 951 984 688
3490 4 2 0 1 170 1158 873 1290
3491 4 2 0 1 190 1448 154 1632
3492 4 2 0 1 1796 873 1104 859
3493 4 2 0 1 989 1545 1098 1095
3494 4 2 0 1 1621 1353 926 1409
3495 4 2 0 1 478 1256 473 1225
3496 4 2 0 1 478 1005 1256 1225
3497 4 2 0 1 1510 926 1621 1353
3498 4 2 0 1 685 659 680 1055
3499 4 2 0 1 1513 1572 707 1451
3500 4 2 0 1 1428 1267 1470 246
3501 4 2 0 1 1267 1247 1470 246
3502 4 2 0 1 247 1305 332 252
3503 4 2 0 1 1464 252 1305 247
3504 4 2 0 1 1429 1305 247 1464
3505 4 2 0 1 1440 1209 739 450
3506 4 2 0 1 450 1219 754 1294
3507 4 2 0 1 739 754 1294 450
3508 4 2 0 1 1474 1197 280 1041
3509 4 2 0 1 1309 688 984 1197
3510 4 2 0 1 1528 664 1657 1136
3511 4 2 0 1 451 656 1250 1300
3512 4 2 0 1 690 122 1301 124
3513 4 2 0 1 1204 1302 335 341
3514 4 2 0 1 1204 1024 1604 967
3515 4 2 0 1 1534 1145 1799 1429
3516 4 2 0 1 1533 253 1793 321
3517 4 2 0 1 1350 412 1077 1264
3518 4 2 0 1 719 1733 1332 1351
3519 4 2 0 1 1350 1620 1077 412
3520 4 2 0 1 1185 975 812 808
3521 4 2 0 1 330 1004 758 1540
3522 4 2 0 1 1783 1669 1627 1310
3523 4 2 0 1 1063 262 1311 1206
3524 4 2 0 1 1063 1311 262 1572
3525 4 2 0 1 262 1183 1311 1206
3526 4 2 0 1 1311 262 1221 1183
3527 4 2 0 1 350 1440 739 1215
3528 4 2 0 1 469 464 1417 1136
3529 4 2 0 1 1215 739 1177 1312
3530 4 2 0 1 1368 464 469 1136
3531 4 2 0 1 1368 1136 702 1225
3532 4 2 0 1 1136 1581 1417 469
3533 4 2 0 1 1435 1321 726 1695
3534 4 2 0 1 1225 1581 1136 702
3535 4 2 0 1 1695 1435 1321 1748
3536 4 2 0 1 1435 1482 661 726
3537 4 2 0 1 1464 172 1180 1438
3538 4 2 0 1 284 652 281 1313
3539 4 2 0 1 652 1313 284 814
3540 4 2 0 1 814 284 1616 1313
3541 4 2 0 1 284 282 1616 1313
3542 4 2 0 1 284 282 1313 281
3543 4 2 0 1 1306 631 1127 850
3544 4 2 0 1 1306 993 850 1127
3545 4 2 0 1 1306 1717 631 850
3546 4 2 0 1 1306 1717 850 1017
3547 4 2 0 1 493 1331 453 486
3548 4 2 0 1 1438 172 1534 1464
3549 4 2 0 1 1438 172 1761 1534
3550 4 2 0 1 172 1761 1180 1438
3551 4 2 0 1 544 585 486 1331
3552 4 2 0 1 1185 1444 1484 1360
3553 4 2 0 1 622 1709 603 623
3554 4 2 0 1 975 1185 1444 889
3555 4 2 0 1 735 889 1295 1314
3556 4 2 0 1 845 1001 1295 1314
3557 4 2 0 1 353 1457 1796 1215
3558 4 2 0 1 935 960 932 1395
3559 4 2 0 1 935 932 1001 1395
3560 4 2 0 1 186 829 982 1316
3561 4 2 0 1 1106 1308 1335 663
3562 4 2 0 1 1201 442 1350 1620
3563 4 2 0 1 442 1350 472 1201
3564 4 2 0 1 118 1605 982 829
3565 4 2 0 1 980 764 442 1772
3566 4 2 0 1 1588 1414 1708 578
3567 4 2 0 1 105 69 1774 161
3568 4 2 0 1 1707 997 440 431
3569 4 2 0 1 191 1464 1429 1317
3570 4 2 0 1 1292 989 1098 1095
3571 4 2 0 1 1766 1317 172 191
3572 4 2 0 1 443 934 1152 522
3573 4 2 0 1 934 522 911 1152
3574 4 2 0 1 1537 251 1097 744
3575 4 2 0 1 1275 1537 1475 1097
3576 4 2 0 1 1537 1475 1097 251
3577 4 2 0 1 1365 1746 251 1056
3578 4 2 0 1 1318 1783 1356 1230
3579 4 2 0 1 1318 1230 853 718
3580 4 2 0 1 1783 1504 1318 1627
3581 4 2 0 1 544 1331 731 533
3582 4 2 0 1 620 613 717 676
3583 4 2 0 1 1031 1542 873 1796
3584 4 2 0 1 867 1670 1494 1072
3585 4 2 0 1 1584 1623 160 157
3586 4 2 0 1 867 1670 1072 1143
3587 4 2 0 1 505 1320 1386 1405
3588 4 2 0 1 1320 530 1371 1386
3589 4 2 0 1 1708 603 792 1020
3590 4 2 0 1 1032 1321 726 263
3591 4 2 0 1 1321 263 1165 364
3592 4 2 0 1 309 308 306 212
3593 4 2 0 1 1435 263 726 1321
3594 4 2 0 1 1321 1435 263 364
3595 4 2 0 1 1323 1299 204 1574
3596 4 2 0 1 1276 1606 1610 1380
3597 4 2 0 1 863 982 1270 1316
3598 4 2 0 1 1094 982 863 1316
3599 4 2 0 1 829 186 982 118
3600 4 2 0 1 829 1316 121 1270
3601 4 2 0 1 993 602 850 1127
3602 4 2 0 1 602 1127 628 631
3603 4 2 0 1 1037 450 1440 1324
3604 4 2 0 1 263 1325 950 1060
3605 4 2 0 1 1482 1128 1325 661
3606 4 2 0 1 340 1449 752 332
3607 4 2 0 1 1449 1116 340 1210
3608 4 2 0 1 1449 340 1116 1599
3609 4 2 0 1 340 1210 752 1449
3610 4 2 0 1 1449 1599 332 340
3611 4 2 0 1 577 1082 804 682
3612 4 2 0 1 1194 264 329 336
3613 4 2 0 1 804 682 985 948
3614 4 2 0 1 900 948 985 682
3615 4 2 0 1 804 577 682 948
3616 4 2 0 1 1326 228 843 666
3617 4 2 0 1 1215 412 1177 353
3618 4 2 0 1 1201 412 1350 1324
3619 4 2 0 1 1326 228 666 225
3620 4 2 0 1 1326 843 1079 666
3621 4 2 0 1 1326 225 666 1289
3622 4 2 0 1 1326 666 1079 1289
3623 4 2 0 1 1044 819 892 1319
3624 4 2 0 1 1319 334 732 1175
3625 4 2 0 1 891 909 334 827
3626 4 2 0 1 819 874 892 1319
3627 4 2 0 1 1044 732 1319 892
3628 4 2 0 1 1454 1327 451 1120
3629 4 2 0 1 329 1199 264 1194
3630 4 2 0 1 809 1357 123 995
3631 4 2 0 1 252 1291 1344 1241
3632 4 2 0 1 123 118 1357 809
3633 4 2 0 1 252 1291 258 1344
3634 4 2 0 1 1344 258 332 335
3635 4 2 0 1 153 1798 1612 1057
3636 4 2 0 1 1622 1369 469 464
3637 4 2 0 1 1622 464 469 499
3638 4 2 0 1 450 1209 1037 1440
3639 4 2 0 1 450 1209 1084 1037
3640 4 2 0 1 469 464 1369 1417
3641 4 2 0 1 1781 1564 276 1044
3642 4 2 0 1 1259 1193 1168 882
3643 4 2 0 1 1193 882 120 1168
3644 4 2 0 1 1259 1168 1333 882
3645 4 2 0 1 189 232 1259 1301
3646 4 2 0 1 590 817 237 1085
3647 4 2 0 1 122 1193 1168 1259
3648 4 2 0 1 124 1193 122 1259
3649 4 2 0 1 413 1276 1329 414
3650 4 2 0 1 388 414 1276 413
3651 4 2 0 1 445 1345 1329 444
3652 4 2 0 1 1329 1673 445 413
3653 4 2 0 1 1190 557 717 613
3654 4 2 0 1 1611 1005 1777 457
3655 4 2 0 1 620 550 1401 1190
3656 4 2 0 1 717 620 1401 1190
3657 4 2 0 1 1777 1005 1075 457
3658 4 2 0 1 734 825 178 1328
3659 4 2 0 1 1012 135 1208 1423
3660 4 2 0 1 237 817 877 720
3661 4 2 0 1 832 1474 325 283
3662 4 2 0 1 817 1421 720 237
3663 4 2 0 1 688 1309 325 1474
3664 4 2 0 1 688 1309 657 325
3665 4 2 0 1 175 1584 94 1556
3666 4 2 0 1 175 1556 94 159
3667 4 2 0 1 808 1185 889 757
3668 4 2 0 1 1301 122 237 1168
3669 4 2 0 1 467 426 382 1308
3670 4 2 0 1 1168 122 1259 1301
3671 4 2 0 1 1308 382 467 1695
3672 4 2 0 1 391 363 362 404
3673 4 2 0 1 1665 1717 631 678
3674 4 2 0 1 850 1717 631 1665
3675 4 2 0 1 409 391 360 362
3676 4 2 0 1 391 310 360 362
3677 4 2 0 1 1017 1717 850 1665
3678 4 2 0 1 360 314 358 362
3679 4 2 0 1 1084 1588 1284 1738
3680 4 2 0 1 1679 983 1270 1605
3681 4 2 0 1 1309 1716 718 1318
3682 4 2 0 1 801 1336 1441 1559
3683 4 2 0 1 1783 1318 1575 1627
3684 4 2 0 1 225 1441 1555 1559
3685 4 2 0 1 487 1768 1315 778
3686 4 2 0 1 454 1602 1489 1276
3687 4 2 0 1 82 1497 1442 1187
3688 4 2 0 1 1304 1442 1497 1187
3689 4 2 0 1 1142 1138 1332 1287
3690 4 2 0 1 1442 1187 1304 1547
3691 4 2 0 1 599 559 591 1443
3692 4 2 0 1 1445 336 418 1210
3693 4 2 0 1 1585 336 1445 1210
3694 4 2 0 1 1585 336 1194 1445
3695 4 2 0 1 1127 631 602 850
3696 4 2 0 1 1302 329 418 1445
3697 4 2 0 1 736 1230 763 1700
3698 4 2 0 1 864 1420 1334 135
3699 4 2 0 1 382 1308 1335 1106
3700 4 2 0 1 135 864 1208 1334
3701 4 2 0 1 1208 135 1334 1423
3702 4 2 0 1 1420 79 1171 135
3703 4 2 0 1 1334 1171 1423 135
3704 4 2 0 1 1399 1448 150 1095
3705 4 2 0 1 1314 889 1295 1735
3706 4 2 0 1 1448 1293 150 1095
3707 4 2 0 1 801 1336 1425 1441
3708 4 2 0 1 1399 150 1448 1632
3709 4 2 0 1 612 621 1386 1198
3710 4 2 0 1 732 892 963 1202
3711 4 2 0 1 892 712 178 1202
3712 4 2 0 1 1002 1111 1397 1202
3713 4 2 0 1 1523 169 1698 1780
3714 4 2 0 1 1780 169 115 1523
3715 4 2 0 1 654 785 1222 1088
3716 4 2 0 1 1077 1240 1089 1631
3717 4 2 0 1 1428 1470 835 1223
3718 4 2 0 1 1428 1521 1237 1267
3719 4 2 0 1 1520 943 1028 558
3720 4 2 0 1 603 650 1709 622
3721 4 2 0 1 1709 650 746 1771
3722 4 2 0 1 329 336 1445 1194
3723 4 2 0 1 1194 329 1302 1445
3724 4 2 0 1 1092 1418 1594 1800
3725 4 2 0 1 1459 451 1339 887
3726 4 2 0 1 304 1339 451 887
3727 4 2 0 1 1465 1166 1180 1095
3728 4 2 0 1 1465 1180 1448 1095
3729 4 2 0 1 1501 451 1300 1339
3730 4 2 0 1 1459 451 1501 1339
3731 4 2 0 1 1465 1464 1180 1166
3732 4 2 0 1 1465 1632 1448 190
3733 4 2 0 1 451 1339 656 1300
3734 4 2 0 1 1465 1180 1464 190
3735 4 2 0 1 1233 1045 811 1278
3736 4 2 0 1 1335 1226 424 1458
3737 4 2 0 1 1241 800 1626 1549
3738 4 2 0 1 811 542 553 1282
3739 4 2 0 1 1795 453 424 1458
3740 4 2 0 1 1458 453 424 1335
3741 4 2 0 1 1075 1256 478 1005
3742 4 2 0 1 1468 337 867 1494
3743 4 2 0 1 1075 478 457 1005
3744 4 2 0 1 1517 1200 260 1468
3745 4 2 0 1 1468 1494 1670 1200
3746 4 2 0 1 731 453 1331 486
3747 4 2 0 1 1346 540 1041 708
3748 4 2 0 1 1041 1760 1346 1197
3749 4 2 0 1 1481 1346 1619 1760
3750 4 2 0 1 436 1254 800 138
3751 4 2 0 1 486 453 1335 731
3752 4 2 0 1 80 1108 436 1254
3753 4 2 0 1 913 995 928 1266
3754 4 2 0 1 1113 930 913 1266
3755 4 2 0 1 1408 1343 1013 1417
3756 4 2 0 1 1417 1343 1013 1444
3757 4 2 0 1 730 1302 752 1348
3758 4 2 0 1 1632 1448 154 150
3759 4 2 0 1 150 154 1293 1448
3760 4 2 0 1 1344 264 1199 1194
3761 4 2 0 1 791 697 1767 1480
3762 4 2 0 1 1230 1228 1390 1356
3763 4 2 0 1 133 839 1423 884
3764 4 2 0 1 1012 1423 884 133
3765 4 2 0 1 1423 133 1012 135
3766 4 2 0 1 1345 1276 444 454
3767 4 2 0 1 710 598 573 1723
3768 4 2 0 1 1228 1356 1628 1390
3769 4 2 0 1 51 1430 460 1271
3770 4 2 0 1 1116 1140 340 1210
3771 4 2 0 1 1116 1038 1140 1210
3772 4 2 0 1 1410 1399 1465 1632
3773 4 2 0 1 289 1038 1116 800
3774 4 2 0 1 1553 1510 1171 926
3775 4 2 0 1 1281 1190 1687 557
3776 4 2 0 1 804 985 128 669
3777 4 2 0 1 900 669 128 985
3778 4 2 0 1 659 859 820 1469
3779 4 2 0 1 1576 1396 1457 1354
3780 4 2 0 1 1354 1807 1576 1396
3781 4 2 0 1 739 798 665 754
3782 4 2 0 1 1037 1209 1740 1440
3783 4 2 0 1 754 798 839 1209
3784 4 2 0 1 1220 1351 1347 1299
3785 4 2 0 1 915 1518 419 759
3786 4 2 0 1 1167 1349 1119 720
3787 4 2 0 1 1099 1032 1355 742
3788 4 2 0 1 1068 1165 1032 1355
3789 4 2 0 1 1297 1324 1264 450
3790 4 2 0 1 1355 263 1192 1133
3791 4 2 0 1 905 1192 1133 1355
3792 4 2 0 1 1167 1349 720 1421
3793 4 2 0 1 1264 1297 450 1219
3794 4 2 0 1 1471 418 1302 329
3795 4 2 0 1 1471 329 1302 341
3796 4 2 0 1 212 1634 1245 209
3797 4 2 0 1 1316 121 863 142
3798 4 2 0 1 1004 1419 1672 1563
3799 4 2 0 1 881 1004 274 270
3800 4 2 0 1 1188 1419 1563 344
3801 4 2 0 1 1044 270 1563 1564
3802 4 2 0 1 274 1004 947 1563
3803 4 2 0 1 468 1456 505 1478
3804 4 2 0 1 553 1478 498 505
3805 4 2 0 1 275 160 175 1403
3806 4 2 0 1 175 906 194 1403
3807 4 2 0 1 275 1403 175 194
3808 4 2 0 1 811 1352 555 621
3809 4 2 0 1 555 602 621 1352
3810 4 2 0 1 1566 1621 253 1353
3811 4 2 0 1 1583 921 355 1694
3812 4 2 0 1 1793 1354 1383 1215
3813 4 2 0 1 853 1356 763 1230
3814 4 2 0 1 1230 1356 763 1228
3815 4 2 0 1 668 1017 769 993
3816 4 2 0 1 901 672 1113 474
3817 4 2 0 1 749 901 981 354
3818 4 2 0 1 672 901 354 981
3819 4 2 0 1 901 749 474 1700
3820 4 2 0 1 1113 1700 901 474
3821 4 2 0 1 1306 1750 769 993
3822 4 2 0 1 730 1478 1382 463
3823 4 2 0 1 615 578 792 1020
3824 4 2 0 1 1708 792 578 1020
3825 4 2 0 1 1163 55 677 8
3826 4 2 0 1 1792 55 677 1163
3827 4 2 0 1 1537 244 1547 251
3828 4 2 0 1 103 1774 871 181
3829 4 2 0 1 1537 1187 1547 244
3830 4 2 0 1 1556 175 890 177
3831 4 2 0 1 1740 1426 1777 1005
3832 4 2 0 1 1777 1005 1426 1075
3833 4 2 0 1 1268 1124 423 1260
3834 4 2 0 1 816 1124 1268 1260
3835 4 2 0 1 1479 801 228 1664
3836 4 2 0 1 679 967 1359 1216
3837 4 2 0 1 1424 967 1359 679
3838 4 2 0 1 1353 1566 1533 253
3839 4 2 0 1 1307 1628 1756 1614
3840 4 2 0 1 1662 435 1300 1673
3841 4 2 0 1 1450 435 1300 1662
3842 4 2 0 1 461 435 1300 1450
3843 4 2 0 1 608 952 1117 1153
3844 4 2 0 1 608 1153 1117 709
3845 4 2 0 1 461 435 1629 1300
3846 4 2 0 1 1329 435 1300 1629
3847 4 2 0 1 435 1673 1329 1300
3848 4 2 0 1 347 1476 1426 1005
3849 4 2 0 1 1444 1387 1415 1735
3850 4 2 0 1 1217 286 1266 1373
3851 4 2 0 1 1217 1266 928 1373
3852 4 2 0 1 332 258 252 1419
3853 4 2 0 1 252 258 1410 1419
3854 4 2 0 1 1479 1664 228 1362
3855 4 2 0 1 730 1348 1271 967
3856 4 2 0 1 834 547 1377 917
3857 4 2 0 1 1632 150 1033 1004
3858 4 2 0 1 1364 124 1018 1085
3859 4 2 0 1 187 942 654 1286
3860 4 2 0 1 1364 1259 124 1301
3861 4 2 0 1 1364 124 1085 1301
3862 4 2 0 1 186 995 123 1096
3863 4 2 0 1 942 666 654 1286
3864 4 2 0 1 828 588 1738 1443
3865 4 2 0 1 1443 828 588 599
3866 4 2 0 1 773 1369 808 1622
3867 4 2 0 1 203 1570 1196 905
3868 4 2 0 1 1417 1413 464 1369
3869 4 2 0 1 1622 1369 975 469
3870 4 2 0 1 808 1369 975 1622
3871 4 2 0 1 390 56 735 1366
3872 4 2 0 1 735 390 1366 1395
3873 4 2 0 1 390 883 1366 723
3874 4 2 0 1 101 755 1370 540
3875 4 2 0 1 883 56 390 1366
3876 4 2 0 1 390 723 1366 1395
3877 4 2 0 1 468 730 1456 1478
3878 4 2 0 1 476 908 1264 1077
3879 4 2 0 1 476 731 544 663
3880 4 2 0 1 963 732 1367 892
3881 4 2 0 1 732 963 1367 1514
3882 4 2 0 1 1030 732 1367 1514
3883 4 2 0 1 1367 732 1030 1044
3884 4 2 0 1 732 1044 1367 892
3885 4 2 0 1 1170 673 480 1160
3886 4 2 0 1 1153 500 709 574
3887 4 2 0 1 1036 848 1455 1393
3888 4 2 0 1 1153 952 1117 500
3889 4 2 0 1 1153 500 1117 709
3890 4 2 0 1 1099 263 1159 1192
3891 4 2 0 1 1099 1159 1130 741
3892 4 2 0 1 1099 1159 1048 1130
3893 4 2 0 1 1609 1483 541 1522
3894 4 2 0 1 1609 1455 541 1483
3895 4 2 0 1 1522 541 836 1483
3896 4 2 0 1 1161 1181 711 1368
3897 4 2 0 1 553 1405 1478 505
3898 4 2 0 1 505 1405 1386 553
3899 4 2 0 1 1600 1254 1438 1291
3900 4 2 0 1 1340 243 259 258
3901 4 2 0 1 1340 1095 1398 243
3902 4 2 0 1 863 233 1753 142
3903 4 2 0 1 259 243 1340 1398
3904 4 2 0 1 198 210 583 205
3905 4 2 0 1 1485 148 1592 1654
3906 4 2 0 1 1456 730 468 1054
3907 4 2 0 1 161 1277 105 540
3908 4 2 0 1 1774 1277 1619 181
3909 4 2 0 1 161 1277 1774 105
3910 4 2 0 1 1423 1406 777 1171
3911 4 2 0 1 777 1406 1158 1171
3912 4 2 0 1 536 673 480 1170
3913 4 2 0 1 578 673 480 536
3914 4 2 0 1 1465 1399 1340 1095
3915 4 2 0 1 673 1401 536 717
3916 4 2 0 1 536 578 673 717
3917 4 2 0 1 1588 1414 1279 447
3918 4 2 0 1 1738 1279 1588 578
3919 4 2 0 1 673 536 1401 1170
3920 4 2 0 1 608 611 1117 952
3921 4 2 0 1 891 984 1021 979
3922 4 2 0 1 1320 530 1456 1371
3923 4 2 0 1 849 1018 1364 1218
3924 4 2 0 1 163 182 181 1802
3925 4 2 0 1 606 206 207 292
3926 4 2 0 1 498 468 505 1478
3927 4 2 0 1 1373 286 1065 195
3928 4 2 0 1 1373 809 928 185
3929 4 2 0 1 1217 286 1373 1692
3930 4 2 0 1 1217 1373 928 185
3931 4 2 0 1 1382 730 468 1478
3932 4 2 0 1 355 1231 1583 903
3933 4 2 0 1 903 1249 1583 1032
3934 4 2 0 1 811 1282 535 1278
3935 4 2 0 1 1768 1490 1057 1798
3936 4 2 0 1 1683 268 250 241
3937 4 2 0 1 1440 1383 1037 1586
3938 4 2 0 1 350 1383 1215 1793
3939 4 2 0 1 185 1373 166 1692
3940 4 2 0 1 1373 184 809 185
3941 4 2 0 1 1217 1692 1373 185
3942 4 2 0 1 1198 1386 1118 618
3943 4 2 0 1 612 621 811 1386
3944 4 2 0 1 900 948 669 985
3945 4 2 0 1 1021 1481 1346 201
3946 4 2 0 1 1242 1422 1558 1039
3947 4 2 0 1 1039 293 1558 1242
3948 4 2 0 1 180 1137 210 146
3949 4 2 0 1 1494 337 867 321
3950 4 2 0 1 133 971 1423 839
3951 4 2 0 1 715 1376 729 416
3952 4 2 0 1 1162 1376 872 1067
3953 4 2 0 1 1061 1376 872 1162
3954 4 2 0 1 1138 1157 667 978
3955 4 2 0 1 1494 337 321 260
3956 4 2 0 1 424 1427 1795 1458
3957 4 2 0 1 1795 440 446 1427
3958 4 2 0 1 1564 1489 1378 1044
3959 4 2 0 1 1237 1247 1470 1267
3960 4 2 0 1 1237 1267 131 1247
3961 4 2 0 1 1267 1247 307 1532
3962 4 2 0 1 1214 64 327 347
3963 4 2 0 1 1353 1304 926 1598
3964 4 2 0 1 1510 926 1353 1304
3965 4 2 0 1 1266 188 1065 1228
3966 4 2 0 1 1266 1228 1113 188
3967 4 2 0 1 1381 776 1608 199
3968 4 2 0 1 188 1228 1307 1065
3969 4 2 0 1 1410 252 1305 1464
3970 4 2 0 1 1429 1305 1464 191
3971 4 2 0 1 996 1767 1480 791
3972 4 2 0 1 1464 1317 1534 1429
3973 4 2 0 1 672 847 767 981
3974 4 2 0 1 658 847 981 949
3975 4 2 0 1 837 847 767 672
3976 4 2 0 1 920 954 1472 250
3977 4 2 0 1 277 1027 1295 961
3978 4 2 0 1 791 1767 697 1051
3979 4 2 0 1 148 1491 1485 1592
3980 4 2 0 1 1485 149 1591 148
3981 4 2 0 1 1714 225 1567 1592
3982 4 2 0 1 148 1591 1485 1491
3983 4 2 0 1 225 1592 1714 1333
3984 4 2 0 1 73 1261 1328 825
3985 4 2 0 1 704 425 1710 431
3986 4 2 0 1 1300 488 1250 461
3987 4 2 0 1 1477 1304 1353 1798
3988 4 2 0 1 337 1475 1746 1387
3989 4 2 0 1 1394 1795 1506 411
3990 4 2 0 1 1387 337 1500 1746
3991 4 2 0 1 1223 1428 139 1388
3992 4 2 0 1 139 1388 750 1291
3993 4 2 0 1 139 1388 1461 750
3994 4 2 0 1 1388 1428 835 1223
3995 4 2 0 1 139 1388 1291 1223
3996 4 2 0 1 1410 1632 1465 190
3997 4 2 0 1 462 1389 664 946
3998 4 2 0 1 1449 1759 332 1599
3999 4 2 0 1 232 1301 237 1168
4000 4 2 0 1 1012 1208 254 1423
4001 4 2 0 1 1447 1423 1593 1561
4002 4 2 0 1 1690 148 882 1491
4003 4 2 0 1 1690 148 1741 882
4004 4 2 0 1 1387 269 1524 1735
4005 4 2 0 1 337 1533 1475 1387
4006 4 2 0 1 673 1170 1401 807
4007 4 2 0 1 1170 673 1160 807
4008 4 2 0 1 1160 673 1738 1443
4009 4 2 0 1 1156 1391 1172 137
4010 4 2 0 1 991 365 1606 931
4011 4 2 0 1 1280 1751 1091 1010
4012 4 2 0 1 1143 1476 347 867
4013 4 2 0 1 1092 931 1606 365
4014 4 2 0 1 1703 910 675 106
4015 4 2 0 1 329 1194 1302 335
4016 4 2 0 1 1360 1483 1522 802
4017 4 2 0 1 1194 1199 335 329
4018 4 2 0 1 335 1302 329 341
4019 4 2 0 1 735 1185 1001 1393
4020 4 2 0 1 1001 1185 1396 1393
4021 4 2 0 1 735 1402 1036 848
4022 4 2 0 1 128 840 134 800
4023 4 2 0 1 840 900 800 128
4024 4 2 0 1 134 800 138 128
4025 4 2 0 1 1394 1795 1788 1506
4026 4 2 0 1 431 704 1769 1710
4027 4 2 0 1 1518 1427 753 425
4028 4 2 0 1 1483 836 1522 802
4029 4 2 0 1 1483 1360 1807 802
4030 4 2 0 1 1120 1786 451 1250
4031 4 2 0 1 1360 1483 1609 1522
4032 4 2 0 1 1247 1243 1505 307
4033 4 2 0 1 1243 1204 307 1604
4034 4 2 0 1 1243 1247 1532 307
4035 4 2 0 1 307 1604 1532 1243
4036 4 2 0 1 223 1262 1582 1316
4037 4 2 0 1 1582 186 1307 1316
4038 4 2 0 1 1643 1468 337 867
4039 4 2 0 1 1264 663 1219 1294
4040 4 2 0 1 1312 450 1294 1264
4041 4 2 0 1 346 337 1643 1468
4042 4 2 0 1 1108 1438 1254 1103
4043 4 2 0 1 867 1072 321 1143
4044 4 2 0 1 321 1143 347 867
4045 4 2 0 1 203 905 141 205
4046 4 2 0 1 141 1196 905 203
4047 4 2 0 1 203 1196 1213 141
4048 4 2 0 1 463 1382 1424 1164
4049 4 2 0 1 1424 1382 463 730
4050 4 2 0 1 897 1257 689 1255
4051 4 2 0 1 1399 1465 1448 1095
4052 4 2 0 1 1418 1606 1800 1092
4053 4 2 0 1 1192 950 1159 1202
4054 4 2 0 1 924 1400 818 1286
4055 4 2 0 1 1192 1202 1159 741
4056 4 2 0 1 1401 1281 557 1190
4057 4 2 0 1 717 1401 557 1190
4058 4 2 0 1 1256 1005 1638 1136
4059 4 2 0 1 1459 1339 1380 887
4060 4 2 0 1 67 171 82 1612
4061 4 2 0 1 346 1746 1500 337
4062 4 2 0 1 577 127 965 1433
4063 4 2 0 1 577 127 1433 1082
4064 4 2 0 1 1276 1489 1280 1380
4065 4 2 0 1 1459 1339 1276 1380
4066 4 2 0 1 1235 182 109 1784
4067 4 2 0 1 1158 1290 859 873
4068 4 2 0 1 1368 702 1161 1225
4069 4 2 0 1 1659 1477 1691 1290
4070 4 2 0 1 253 1566 1533 1793
4071 4 2 0 1 1139 988 1581 702
4072 4 2 0 1 1181 838 1161 711
4073 4 2 0 1 844 1385 51 460
4074 4 2 0 1 505 1386 551 553
4075 4 2 0 1 1386 1371 505 551
4076 4 2 0 1 79 127 1171 135
4077 4 2 0 1 1064 1155 1463 1211
4078 4 2 0 1 1343 1807 1354 1484
4079 4 2 0 1 1013 1533 269 271
4080 4 2 0 1 1403 890 175 906
4081 4 2 0 1 1403 1260 1685 890
4082 4 2 0 1 1019 1096 1255 1316
4083 4 2 0 1 1666 279 1310 1782
4084 4 2 0 1 1096 240 1255 1582
4085 4 2 0 1 1805 279 1666 1782
4086 4 2 0 1 1310 279 1481 1782
4087 4 2 0 1 1782 1481 1802 279
4088 4 2 0 1 729 1421 1167 817
4089 4 2 0 1 729 1067 1421 817
4090 4 2 0 1 1805 1802 279 1782
4091 4 2 0 1 586 1764 567 699
4092 4 2 0 1 451 1764 567 539
4093 4 2 0 1 811 1282 553 1386
4094 4 2 0 1 553 1405 1386 1282
4095 4 2 0 1 699 1764 782 586
4096 4 2 0 1 1541 1252 541 1455
4097 4 2 0 1 1609 1541 541 1455
4098 4 2 0 1 777 1406 350 1158
4099 4 2 0 1 1593 1171 1423 1334
4100 4 2 0 1 653 881 154 1229
4101 4 2 0 1 198 1111 180 201
4102 4 2 0 1 1277 766 181 1370
4103 4 2 0 1 1370 1277 766 540
4104 4 2 0 1 618 1386 1341 600
4105 4 2 0 1 1386 525 1341 1371
4106 4 2 0 1 1232 782 525 1341
4107 4 2 0 1 1699 232 1259 189
4108 4 2 0 1 1539 1187 1172 954
4109 4 2 0 1 936 129 696 902
4110 4 2 0 1 926 1589 1498 1677
4111 4 2 0 1 1152 902 936 696
4112 4 2 0 1 920 713 1472 954
4113 4 2 0 1 782 506 1232 699
4114 4 2 0 1 517 479 810 1722
4115 4 2 0 1 532 479 509 548
4116 4 2 0 1 1232 782 1341 506
4117 4 2 0 1 530 471 495 1320
4118 4 2 0 1 427 765 437 1720
4119 4 2 0 1 1684 260 1409 244
4120 4 2 0 1 1184 471 1320 495
4121 4 2 0 1 1684 253 1409 260
4122 4 2 0 1 1409 1547 244 260
4123 4 2 0 1 1547 260 1409 253
4124 4 2 0 1 167 776 1568 970
4125 4 2 0 1 1568 167 1381 776
4126 4 2 0 1 530 471 1320 1456
4127 4 2 0 1 1184 471 1456 1320
4128 4 2 0 1 926 1498 1621 1677
4129 4 2 0 1 867 1072 1494 321
4130 4 2 0 1 260 253 321 1494
4131 4 2 0 1 1410 1464 191 190
4132 4 2 0 1 1494 253 321 1072
4133 4 2 0 1 191 190 270 1410
4134 4 2 0 1 427 1720 437 784
4135 4 2 0 1 1389 722 946 1121
4136 4 2 0 1 670 1212 1704 167
4137 4 2 0 1 538 1265 1213 1222
4138 4 2 0 1 1413 1389 1121 722
4139 4 2 0 1 231 1255 1582 1262
4140 4 2 0 1 1255 231 236 142
4141 4 2 0 1 1582 1262 1255 1316
4142 4 2 0 1 1411 984 1718 1310
4143 4 2 0 1 189 1259 1364 1301
4144 4 2 0 1 190 173 1448 1180
4145 4 2 0 1 1465 1448 1180 190
4146 4 2 0 1 1411 984 1309 1718
4147 4 2 0 1 1716 1309 1718 1411
4148 4 2 0 1 1192 1432 842 1133
4149 4 2 0 1 908 453 424 1631
4150 4 2 0 1 440 1631 424 453
4151 4 2 0 1 1444 1369 1735 1415
4152 4 2 0 1 1692 832 1434 185
4153 4 2 0 1 1317 1328 172 1261
4154 4 2 0 1 1328 1132 1261 1317
4155 4 2 0 1 164 197 161 1434
4156 4 2 0 1 502 1413 1647 773
4157 4 2 0 1 1121 1647 1413 722
4158 4 2 0 1 426 486 1335 1308
4159 4 2 0 1 426 382 1694 921
4160 4 2 0 1 188 184 809 1065
4161 4 2 0 1 186 1756 184 1307
4162 4 2 0 1 136 1515 1428 1521
4163 4 2 0 1 1515 1237 1428 1521
4164 4 2 0 1 812 1609 1360 1185
4165 4 2 0 1 1360 1609 812 1522
4166 4 2 0 1 1485 148 1535 149
4167 4 2 0 1 1485 148 1654 1535
4168 4 2 0 1 1097 1500 1387 1415
4169 4 2 0 1 1734 1415 1369 1417
4170 4 2 0 1 1236 882 1441 120
4171 4 2 0 1 1622 812 808 235
4172 4 2 0 1 1774 1370 181 103
4173 4 2 0 1 359 306 308 351
4174 4 2 0 1 145 1052 149 1780
4175 4 2 0 1 943 722 1274 1363
4176 4 2 0 1 1325 348 1416 950
4177 4 2 0 1 1325 1128 1416 348
4178 4 2 0 1 1416 348 1092 1525
4179 4 2 0 1 577 1433 965 804
4180 4 2 0 1 577 1433 804 1082
4181 4 2 0 1 963 1416 1132 1525
4182 4 2 0 1 950 1525 1416 963
4183 4 2 0 1 1052 1780 145 215
4184 4 2 0 1 1418 929 656 931
4185 4 2 0 1 221 1780 1052 215
4186 4 2 0 1 1418 304 656 429
4187 4 2 0 1 656 429 929 1418
4188 4 2 0 1 431 326 1707 953
4189 4 2 0 1 1004 1410 1419 270
4190 4 2 0 1 332 252 1305 1419
4191 4 2 0 1 332 1305 1188 1419
4192 4 2 0 1 1004 270 1419 1563
4193 4 2 0 1 1564 270 1563 1419
4194 4 2 0 1 801 1441 1425 666
4195 4 2 0 1 666 1441 1559 801
4196 4 2 0 1 666 1441 1425 942
4197 4 2 0 1 225 1441 1559 666
4198 4 2 0 1 475 1054 786 1232
4199 4 2 0 1 1512 698 744 1172
4200 4 2 0 1 468 475 1054 418
4201 4 2 0 1 1054 475 786 418
4202 4 2 0 1 171 1442 1436 1537
4203 4 2 0 1 171 1442 1798 1436
4204 4 2 0 1 984 279 1481 1310
4205 4 2 0 1 1627 279 984 1310
4206 4 2 0 1 196 1607 1023 1027
4207 4 2 0 1 273 1027 1412 1195
4208 4 2 0 1 159 1607 1023 196
4209 4 2 0 1 1627 279 1309 984
4210 4 2 0 1 199 1381 1704 1608
4211 4 2 0 1 1523 1704 1682 199
4212 4 2 0 1 1351 1066 209 1332
4213 4 2 0 1 1451 1043 1513 1238
4214 4 2 0 1 238 199 1704 1608
4215 4 2 0 1 1523 1704 199 1381
4216 4 2 0 1 1781 1317 1132 963
4217 4 2 0 1 1263 1172 137 698
4218 4 2 0 1 1185 1455 1609 1807
4219 4 2 0 1 1396 1807 1455 1185
4220 4 2 0 1 583 1099 1130 741
4221 4 2 0 1 220 314 1747 1737
4222 4 2 0 1 1396 1807 1576 1455
4223 4 2 0 1 905 1192 1099 583
4224 4 2 0 1 454 1750 1280 1489
4225 4 2 0 1 1298 1181 552 858
4226 4 2 0 1 1576 1807 472 1455
4227 4 2 0 1 1005 478 457 1139
4228 4 2 0 1 1167 579 179 1119
4229 4 2 0 1 715 579 179 1167
4230 4 2 0 1 1119 579 179 779
4231 4 2 0 1 1139 1005 1611 457
4232 4 2 0 1 1687 1225 1139 478
4233 4 2 0 1 471 1091 530 495
4234 4 2 0 1 1513 1043 262 1251
4235 4 2 0 1 478 1139 1005 1225
4236 4 2 0 1 1513 1043 1251 1238
4237 4 2 0 1 984 1481 201 1310
4238 4 2 0 1 1041 1474 832 280
4239 4 2 0 1 201 1310 979 984
4240 4 2 0 1 1197 1474 1309 688
4241 4 2 0 1 1428 1237 1470 1267
4242 4 2 0 1 1560 1424 1149 844
4243 4 2 0 1 1603 1424 1359 679
4244 4 2 0 1 1560 1424 844 1359
4245 4 2 0 1 896 886 1090 754
4246 4 2 0 1 1733 145 212 147
4247 4 2 0 1 1634 1733 212 147
4248 4 2 0 1 212 1535 147 149
4249 4 2 0 1 1245 147 212 1535
4250 4 2 0 1 145 212 147 149
4251 4 2 0 1 896 886 754 86
4252 4 2 0 1 896 1090 1219 754
4253 4 2 0 1 989 243 1505 259
4254 4 2 0 1 1739 839 1740 1777
4255 4 2 0 1 1740 1739 1777 1426
4256 4 2 0 1 1119 780 579 779
4257 4 2 0 1 347 1214 1426 1630
4258 4 2 0 1 451 1081 1454 656
4259 4 2 0 1 451 656 1454 1250
4260 4 2 0 1 1461 1388 139 1428
4261 4 2 0 1 576 1738 1680 588
4262 4 2 0 1 136 1515 1531 1428
4263 4 2 0 1 575 1738 576 588
4264 4 2 0 1 232 189 237 1301
4265 4 2 0 1 189 590 968 237
4266 4 2 0 1 590 237 189 1085
4267 4 2 0 1 1085 237 189 1301
4268 4 2 0 1 994 1043 1451 1238
4269 4 2 0 1 1248 994 1043 1451
4270 4 2 0 1 708 1346 1197 1041
4271 4 2 0 1 1238 994 333 1451
4272 4 2 0 1 367 1610 388 348
4273 4 2 0 1 1092 348 365 388
4274 4 2 0 1 348 388 1092 1610
4275 4 2 0 1 1525 348 1092 1610
4276 4 2 0 1 615 578 676 792
4277 4 2 0 1 1133 1355 1068 905
4278 4 2 0 1 751 1156 1539 1187
4279 4 2 0 1 1598 1187 1539 954
4280 4 2 0 1 1598 751 1539 1187
4281 4 2 0 1 348 1610 1525 367
4282 4 2 0 1 1101 1460 129 202
4283 4 2 0 1 64 1426 1740 1005
4284 4 2 0 1 1271 1516 1430 967
4285 4 2 0 1 1216 967 1430 1516
4286 4 2 0 1 51 1563 1430 1271
4287 4 2 0 1 1264 476 1089 1297
4288 4 2 0 1 263 1133 1355 364
4289 4 2 0 1 1328 1317 1766 192
4290 4 2 0 1 1328 1766 172 73
4291 4 2 0 1 316 233 265 1715
4292 4 2 0 1 316 229 233 1715
4293 4 2 0 1 1538 1462 921 426
4294 4 2 0 1 96 1685 834 1431
4295 4 2 0 1 369 396 366 401
4296 4 2 0 1 313 396 317 366
4297 4 2 0 1 902 1220 846 927
4298 4 2 0 1 927 1220 846 824
4299 4 2 0 1 964 1088 1222 938
4300 4 2 0 1 964 1222 696 938
4301 4 2 0 1 927 1220 824 856
4302 4 2 0 1 927 1220 856 902
4303 4 2 0 1 364 1435 263 1060
4304 4 2 0 1 1466 538 141 1213
4305 4 2 0 1 1078 1222 538 1466
4306 4 2 0 1 1213 203 141 1466
4307 4 2 0 1 103 181 871 72
4308 4 2 0 1 1467 1717 1306 1017
4309 4 2 0 1 909 1717 1467 1017
4310 4 2 0 1 1325 1060 263 1435
4311 4 2 0 1 1482 1325 1435 661
4312 4 2 0 1 1321 364 1748 1435
4313 4 2 0 1 1412 1436 226 1195
4314 4 2 0 1 1156 1187 1172 1539
4315 4 2 0 1 1798 1436 153 171
4316 4 2 0 1 138 128 436 80
4317 4 2 0 1 1782 181 182 1802
4318 4 2 0 1 1785 1782 182 1802
4319 4 2 0 1 191 1317 1429 1781
4320 4 2 0 1 873 1059 1480 152
4321 4 2 0 1 1438 1254 1600 1626
4322 4 2 0 1 614 659 680 685
4323 4 2 0 1 659 1469 893 1104
4324 4 2 0 1 1104 859 659 1469
4325 4 2 0 1 1296 808 629 235
4326 4 2 0 1 1622 469 975 775
4327 4 2 0 1 1534 1761 1438 436
4328 4 2 0 1 1761 1108 1438 436
4329 4 2 0 1 558 1363 518 943
4330 4 2 0 1 518 722 943 1363
4331 4 2 0 1 1121 1363 722 518
4332 4 2 0 1 104 1178 910 1712
4333 4 2 0 1 1424 1149 463 491
4334 4 2 0 1 1306 993 1127 1750
4335 4 2 0 1 1213 696 879 904
4336 4 2 0 1 730 418 752 1302
4337 4 2 0 1 1024 418 1302 1471
4338 4 2 0 1 801 1425 1400 666
4339 4 2 0 1 1424 1560 1149 491
4340 4 2 0 1 1489 1602 413 1276
4341 4 2 0 1 1281 1401 557 536
4342 4 2 0 1 1586 1324 1312 1201
4343 4 2 0 1 1312 1215 1440 1586
4344 4 2 0 1 1013 1354 1793 1457
4345 4 2 0 1 449 1787 781 803
4346 4 2 0 1 1735 277 1295 845
4347 4 2 0 1 845 1314 1295 1735
4348 4 2 0 1 845 277 271 1735
4349 4 2 0 1 1787 489 803 449
4350 4 2 0 1 1302 335 752 1348
4351 4 2 0 1 1057 1798 1612 1768
4352 4 2 0 1 1057 1768 1612 1651
4353 4 2 0 1 259 989 1552 1505
4354 4 2 0 1 189 1364 1085 1301
4355 4 2 0 1 1243 259 1552 1505
4356 4 2 0 1 782 1232 525 1258
4357 4 2 0 1 475 1258 525 1232
4358 4 2 0 1 146 1605 103 1137
4359 4 2 0 1 1258 782 1232 699
4360 4 2 0 1 1342 786 699 1232
4361 4 2 0 1 998 1038 338 249
4362 4 2 0 1 131 1247 1267 1532
4363 4 2 0 1 1343 1013 1444 1484
4364 4 2 0 1 1314 1444 1013 1484
4365 4 2 0 1 708 1197 1346 1021
4366 4 2 0 1 1185 1314 1444 889
4367 4 2 0 1 975 1369 1444 1417
4368 4 2 0 1 889 1444 975 1369
4369 4 2 0 1 1383 1807 836 1586
4370 4 2 0 1 1383 836 1037 1586
4371 4 2 0 1 1586 472 836 1037
4372 4 2 0 1 1586 836 472 1807
4373 4 2 0 1 161 1760 1041 197
4374 4 2 0 1 530 495 555 1320
4375 4 2 0 1 1434 1041 832 197
4376 4 2 0 1 1184 495 1320 555
4377 4 2 0 1 1193 1236 120 882
4378 4 2 0 1 486 544 731 1308
4379 4 2 0 1 1308 544 731 663
4380 4 2 0 1 731 1331 544 486
4381 4 2 0 1 731 663 1335 1308
4382 4 2 0 1 1308 486 1335 731
4383 4 2 0 1 1344 1291 264 1241
4384 4 2 0 1 1695 461 1450 435
4385 4 2 0 1 488 1450 1308 461
4386 4 2 0 1 1300 1450 488 461
4387 4 2 0 1 1695 1308 1450 461
4388 4 2 0 1 1399 1095 1545 1398
4389 4 2 0 1 1171 84 79 494
4390 4 2 0 1 1403 160 1268 960
4391 4 2 0 1 275 160 1403 960
4392 4 2 0 1 965 84 79 1171
4393 4 2 0 1 1658 1587 202 1573
4394 4 2 0 1 1591 149 1690 148
4395 4 2 0 1 975 469 1369 1417
4396 4 2 0 1 1369 1417 1413 1734
4397 4 2 0 1 1424 967 844 1359
4398 4 2 0 1 435 445 1329 1673
4399 4 2 0 1 1777 1739 884 1012
4400 4 2 0 1 1548 422 1457 1576
4401 4 2 0 1 422 1457 960 1548
4402 4 2 0 1 1718 951 891 984
4403 4 2 0 1 984 951 1309 1718
4404 4 2 0 1 1643 1136 1417 1734
4405 4 2 0 1 1259 224 1699 1496
4406 4 2 0 1 1259 224 1333 232
4407 4 2 0 1 1301 232 1259 1168
4408 4 2 0 1 136 1531 1461 1428
4409 4 2 0 1 1505 989 1552 1247
4410 4 2 0 1 1237 989 1247 1552
4411 4 2 0 1 221 224 1052 149
4412 4 2 0 1 247 1464 1534 1429
4413 4 2 0 1 1534 1626 436 1438
4414 4 2 0 1 247 1534 1799 1429
4415 4 2 0 1 1799 1626 1534 247
4416 4 2 0 1 898 1106 488 1308
4417 4 2 0 1 898 382 1695 726
4418 4 2 0 1 1695 382 898 1308
4419 4 2 0 1 1276 1459 1380 1280
4420 4 2 0 1 518 722 946 1520
4421 4 2 0 1 1441 882 1236 1289
4422 4 2 0 1 1266 1228 763 1113
4423 4 2 0 1 1204 341 307 1604
4424 4 2 0 1 896 1176 1624 1219
4425 4 2 0 1 1493 1468 1643 1638
4426 4 2 0 1 1470 1505 1223 246
4427 4 2 0 1 786 1054 1449 470
4428 4 2 0 1 699 1258 1342 1232
4429 4 2 0 1 1475 260 337 251
4430 4 2 0 1 1025 1315 1187 1203
4431 4 2 0 1 1387 1475 1524 269
4432 4 2 0 1 1415 1387 1524 1735
4433 4 2 0 1 1286 233 222 863
4434 4 2 0 1 1637 1256 1075 1476
4435 4 2 0 1 347 1630 1476 1143
4436 4 2 0 1 923 1734 1056 1123
4437 4 2 0 1 790 1038 1210 338
4438 4 2 0 1 1210 1140 340 1585
4439 4 2 0 1 1210 1038 1140 338
4440 4 2 0 1 377 601 1298 620
4441 4 2 0 1 1309 657 1716 951
4442 4 2 0 1 768 657 132 1729
4443 4 2 0 1 1718 951 1309 1716
4444 4 2 0 1 768 1716 132 657
4445 4 2 0 1 233 1479 229 1362
4446 4 2 0 1 1750 1044 432 769
4447 4 2 0 1 1492 170 873 1480
4448 4 2 0 1 873 1480 1182 1492
4449 4 2 0 1 1182 1480 1155 84
4450 4 2 0 1 1155 1059 996 1480
4451 4 2 0 1 1138 719 1178 910
4452 4 2 0 1 547 719 1178 1138
4453 4 2 0 1 263 726 774 1482
4454 4 2 0 1 263 774 1128 1482
4455 4 2 0 1 1435 263 1482 726
4456 4 2 0 1 263 1128 1325 1482
4457 4 2 0 1 263 1325 1435 1482
4458 4 2 0 1 535 956 1233 1385
4459 4 2 0 1 157 175 94 159
4460 4 2 0 1 1170 1401 1281 536
4461 4 2 0 1 1484 1314 845 1013
4462 4 2 0 1 811 1352 621 1045
4463 4 2 0 1 1352 1233 535 956
4464 4 2 0 1 1447 1593 254 241
4465 4 2 0 1 1593 1208 254 241
4466 4 2 0 1 254 1208 1593 1423
4467 4 2 0 1 254 1423 1593 1447
4468 4 2 0 1 1714 217 1333 1592
4469 4 2 0 1 1714 1592 1567 1486
4470 4 2 0 1 1714 1486 1567 1039
4471 4 2 0 1 1592 1486 1714 217
4472 4 2 0 1 1714 1486 1039 1639
4473 4 2 0 1 1714 217 1486 1639
4474 4 2 0 1 191 1410 1564 1305
4475 4 2 0 1 191 1410 1305 1464
4476 4 2 0 1 1487 1061 416 872
4477 4 2 0 1 1735 1195 269 1524
4478 4 2 0 1 1195 1536 269 1475
4479 4 2 0 1 1488 1460 1635 202
4480 4 2 0 1 918 202 1488 1587
4481 4 2 0 1 1635 725 1488 206
4482 4 2 0 1 1046 206 207 606
4483 4 2 0 1 1491 1592 882 1333
4484 4 2 0 1 1259 1333 224 1491
4485 4 2 0 1 1259 882 1333 1491
4486 4 2 0 1 219 1333 1491 224
4487 4 2 0 1 577 1171 1492 84
4488 4 2 0 1 1492 577 84 1182
4489 4 2 0 1 1767 697 230 1480
4490 4 2 0 1 1492 1480 1182 84
4491 4 2 0 1 298 1528 342 1493
4492 4 2 0 1 827 909 1175 1778
4493 4 2 0 1 909 1467 1778 1017
4494 4 2 0 1 1778 909 1017 827
4495 4 2 0 1 845 1457 1013 271
4496 4 2 0 1 1013 1457 1793 271
4497 4 2 0 1 327 1408 321 347
4498 4 2 0 1 588 623 792 761
4499 4 2 0 1 588 623 599 792
4500 4 2 0 1 129 1042 1220 902
4501 4 2 0 1 1220 1042 856 902
4502 4 2 0 1 554 1219 1624 1337
4503 4 2 0 1 960 915 759 1503
4504 4 2 0 1 1503 1548 1720 960
4505 4 2 0 1 809 1357 986 70
4506 4 2 0 1 1781 1525 1092 1610
4507 4 2 0 1 1259 1193 1690 1496
4508 4 2 0 1 149 1496 221 224
4509 4 2 0 1 149 221 1496 1780
4510 4 2 0 1 1497 1315 1187 82
4511 4 2 0 1 1683 241 1372 268
4512 4 2 0 1 241 1498 920 1683
4513 4 2 0 1 241 1372 1498 1683
4514 4 2 0 1 1499 1754 1636 1633
4515 4 2 0 1 420 1499 1754 1529
4516 4 2 0 1 1518 1063 1572 1788
4517 4 2 0 1 963 892 178 1202
4518 4 2 0 1 936 918 1460 879
4519 4 2 0 1 1224 879 936 1093
4520 4 2 0 1 1687 1181 1368 473
4521 4 2 0 1 1734 1417 1500 1415
4522 4 2 0 1 1415 1387 1417 1500
4523 4 2 0 1 1501 1345 1459 1276
4524 4 2 0 1 1501 567 1459 1345
4525 4 2 0 1 1276 1339 1459 1501
4526 4 2 0 1 1459 567 1501 451
4527 4 2 0 1 1207 1009 262 1206
4528 4 2 0 1 1502 1206 262 1063
4529 4 2 0 1 1207 262 1502 1206
4530 4 2 0 1 1205 262 1502 1207
4531 4 2 0 1 262 1063 1205 1502
4532 4 2 0 1 1280 1750 1010 1489
4533 4 2 0 1 138 800 998 1452
4534 4 2 0 1 1452 138 800 1254
4535 4 2 0 1 1720 1772 764 1503
4536 4 2 0 1 1185 757 735 889
4537 4 2 0 1 735 1185 1314 1001
4538 4 2 0 1 1185 889 735 1314
4539 4 2 0 1 325 1230 1504 1318
4540 4 2 0 1 1504 1230 325 283
4541 4 2 0 1 1504 1783 286 1669
4542 4 2 0 1 1783 1230 1318 1504
4543 4 2 0 1 1189 219 313 1668
4544 4 2 0 1 1470 1247 1505 246
4545 4 2 0 1 1058 1432 950 1192
4546 4 2 0 1 1192 1058 1432 1133
4547 4 2 0 1 1058 1060 950 1432
4548 4 2 0 1 1060 1432 1058 364
4549 4 2 0 1 1058 364 1432 1133
4550 4 2 0 1 1507 925 897 813
4551 4 2 0 1 813 925 944 1507
4552 4 2 0 1 897 925 1507 1571
4553 4 2 0 1 1311 355 1221 1508
4554 4 2 0 1 1506 1572 1508 1311
4555 4 2 0 1 440 493 453 1795
4556 4 2 0 1 1269 1292 1071 1095
4557 4 2 0 1 1071 1292 1098 1095
4558 4 2 0 1 211 1646 1558 1658
4559 4 2 0 1 211 1646 1658 1453
4560 4 2 0 1 1635 1509 206 1488
4561 4 2 0 1 1598 1353 1547 1409
4562 4 2 0 1 1598 1304 1187 1547
4563 4 2 0 1 1528 923 1123 664
4564 4 2 0 1 923 1734 1123 664
4565 4 2 0 1 1632 1399 1004 1410
4566 4 2 0 1 1632 270 1004 881
4567 4 2 0 1 1492 494 1171 1510
4568 4 2 0 1 253 1566 257 1621
4569 4 2 0 1 1553 1492 1171 1510
4570 4 2 0 1 198 210 201 180
4571 4 2 0 1 198 210 180 583
4572 4 2 0 1 1210 1116 786 1449
4573 4 2 0 1 210 180 1776 1782
4574 4 2 0 1 1449 1511 1759 1599
4575 4 2 0 1 1322 210 1776 1782
4576 4 2 0 1 1599 1511 1116 1449
4577 4 2 0 1 1511 887 1116 1449
4578 4 2 0 1 1759 1380 1511 1449
4579 4 2 0 1 1172 744 1512 244
4580 4 2 0 1 954 1517 1512 250
4581 4 2 0 1 1234 993 956 602
4582 4 2 0 1 1234 602 956 627
4583 4 2 0 1 993 1150 956 602
4584 4 2 0 1 734 1416 1159 263
4585 4 2 0 1 734 963 1159 1416
4586 4 2 0 1 930 188 1096 995
4587 4 2 0 1 995 1096 930 860
4588 4 2 0 1 1769 1177 1264 412
4589 4 2 0 1 1756 216 223 1094
4590 4 2 0 1 412 1177 1264 1312
4591 4 2 0 1 1095 1293 83 797
4592 4 2 0 1 1103 65 797 1108
4593 4 2 0 1 83 150 1293 1095
4594 4 2 0 1 659 1104 893 873
4595 4 2 0 1 873 859 659 1104
4596 4 2 0 1 1333 232 1168 1259
4597 4 2 0 1 1193 115 169 117
4598 4 2 0 1 1193 1780 1496 169
4599 4 2 0 1 1193 1780 169 115
4600 4 2 0 1 1032 742 1147 1249
4601 4 2 0 1 1249 742 1355 1032
4602 4 2 0 1 1155 996 84 1480
4603 4 2 0 1 832 280 1474 283
4604 4 2 0 1 280 1504 1309 1474
4605 4 2 0 1 1025 1203 1407 78
4606 4 2 0 1 1186 1407 1172 1156
4607 4 2 0 1 1203 78 1156 1407
4608 4 2 0 1 1631 453 731 908
4609 4 2 0 1 950 1525 963 1514
4610 4 2 0 1 950 1529 1514 420
4611 4 2 0 1 1514 963 1367 1525
4612 4 2 0 1 367 1514 1525 348
4613 4 2 0 1 420 1514 1543 1499
4614 4 2 0 1 726 1106 774 898
4615 4 2 0 1 269 1475 1536 1533
4616 4 2 0 1 350 1383 1440 1215
4617 4 2 0 1 739 1215 1440 1312
4618 4 2 0 1 859 1215 1469 1104
4619 4 2 0 1 1320 1371 505 1386
4620 4 2 0 1 1320 1456 505 1371
4621 4 2 0 1 954 244 1512 1517
4622 4 2 0 1 1296 1274 552 1298
4623 4 2 0 1 1296 1622 1298 552
4624 4 2 0 1 170 1510 1566 1477
4625 4 2 0 1 963 178 892 193
4626 4 2 0 1 192 963 193 178
4627 4 2 0 1 1596 152 1059 873
4628 4 2 0 1 1064 1596 1059 873
4629 4 2 0 1 152 1480 873 170
4630 4 2 0 1 576 1641 575 1724
4631 4 2 0 1 327 1739 64 1214
4632 4 2 0 1 1739 1426 64 1214
4633 4 2 0 1 55 8 1 36
4634 4 2 0 1 1681 1640 174 159
4635 4 2 0 1 1506 1311 1063 1572
4636 4 2 0 1 844 1169 1278 482
4637 4 2 0 1 491 977 1560 1278
4638 4 2 0 1 1044 1489 1010 1750
4639 4 2 0 1 1010 1044 1750 793
4640 4 2 0 1 1506 355 411 1694
4641 4 2 0 1 411 1694 355 921
4642 4 2 0 1 349 955 1726 378
4643 4 2 0 1 121 1519 787 1678
4644 4 2 0 1 293 291 302 1558
4645 4 2 0 1 1790 294 311 1714
4646 4 2 0 1 1112 1207 1469 1769
4647 4 2 0 1 1769 1112 851 1264
4648 4 2 0 1 1769 1112 1207 851
4649 4 2 0 1 1264 1769 1112 1177
4650 4 2 0 1 1177 1769 1112 1469
4651 4 2 0 1 490 479 810 517
4652 4 2 0 1 479 1011 484 1110
4653 4 2 0 1 975 1522 812 1303
4654 4 2 0 1 1413 1369 773 502
4655 4 2 0 1 1413 502 464 1369
4656 4 2 0 1 1101 202 129 1587
4657 4 2 0 1 1523 1653 1770 183
4658 4 2 0 1 1626 436 1438 1254
4659 4 2 0 1 436 1108 1438 1254
4660 4 2 0 1 1524 1195 1475 1097
4661 4 2 0 1 1435 1590 684 661
4662 4 2 0 1 950 348 1416 1525
4663 4 2 0 1 950 348 1525 1514
4664 4 2 0 1 298 923 1493 1365
4665 4 2 0 1 156 653 193 881
4666 4 2 0 1 1434 161 1041 197
4667 4 2 0 1 351 306 318 386
4668 4 2 0 1 454 1345 1276 1280
4669 4 2 0 1 454 1345 1280 1751
4670 4 2 0 1 454 1276 1489 1280
4671 4 2 0 1 1259 1491 224 1526
4672 4 2 0 1 1259 1526 224 1496
4673 4 2 0 1 219 1491 1526 224
4674 4 2 0 1 219 1526 149 224
4675 4 2 0 1 149 1526 1496 224
4676 4 2 0 1 123 689 1019 1096
4677 4 2 0 1 123 1096 1019 186
4678 4 2 0 1 829 186 1019 1316
4679 4 2 0 1 298 1528 1493 923
4680 4 2 0 1 1458 1506 1063 1788
4681 4 2 0 1 1060 1325 950 1529
4682 4 2 0 1 1514 367 1499 348
4683 4 2 0 1 1529 1499 1754 1636
4684 4 2 0 1 950 348 1514 1529
4685 4 2 0 1 1529 1514 1499 348
4686 4 2 0 1 1590 1529 1060 684
4687 4 2 0 1 1754 684 1529 1590
4688 4 2 0 1 995 123 1096 1016
4689 4 2 0 1 1357 123 995 1016
4690 4 2 0 1 460 1378 1271 1144
4691 4 2 0 1 1271 1378 1188 1144
4692 4 2 0 1 1449 1348 1144 730
4693 4 2 0 1 460 471 1378 1144
4694 4 2 0 1 1188 1348 1144 1449
4695 4 2 0 1 1083 1003 1377 423
4696 4 2 0 1 1403 906 277 960
4697 4 2 0 1 533 1379 554 589
4698 4 2 0 1 1530 1432 1060 364
4699 4 2 0 1 1613 684 1060 1530
4700 4 2 0 1 1328 192 158 178
4701 4 2 0 1 158 75 1328 178
4702 4 2 0 1 1387 269 1013 1533
4703 4 2 0 1 1779 306 308 212
4704 4 2 0 1 1533 269 1475 1387
4705 4 2 0 1 313 309 1668 308
4706 4 2 0 1 359 309 356 308
4707 4 2 0 1 1603 491 977 1424
4708 4 2 0 1 491 463 1424 1603
4709 4 2 0 1 1313 281 978 652
4710 4 2 0 1 1313 281 1142 978
4711 4 2 0 1 281 282 1313 1142
4712 4 2 0 1 193 653 947 881
4713 4 2 0 1 193 892 947 653
4714 4 2 0 1 835 1531 1461 1269
4715 4 2 0 1 1292 1531 835 1269
4716 4 2 0 1 1523 1704 1653 1682
4717 4 2 0 1 1378 1280 1091 1010
4718 4 2 0 1 1750 1280 1010 1751
4719 4 2 0 1 735 1036 1185 1393
4720 4 2 0 1 1393 1396 1455 1185
4721 4 2 0 1 1752 68 104 1733
4722 4 2 0 1 181 1774 163 1619
4723 4 2 0 1 912 199 238 1608
4724 4 2 0 1 912 1212 1608 238
4725 4 2 0 1 1434 116 69 164
4726 4 2 0 1 185 116 1434 164
4727 4 2 0 1 1643 1638 1468 867
4728 4 2 0 1 346 1468 1643 1493
4729 4 2 0 1 465 1005 1740 1611
4730 4 2 0 1 1013 271 1793 1533
4731 4 2 0 1 1220 1043 824 856
4732 4 2 0 1 1220 1043 856 1042
4733 4 2 0 1 1347 1043 1220 1042
4734 4 2 0 1 1347 824 1220 1043
4735 4 2 0 1 169 117 1473 1193
4736 4 2 0 1 1473 169 1193 1259
4737 4 2 0 1 1259 169 1193 1496
4738 4 2 0 1 843 228 1790 296
4739 4 2 0 1 843 228 1326 1790
4740 4 2 0 1 228 1326 1790 225
4741 4 2 0 1 240 925 944 813
4742 4 2 0 1 212 1361 1779 1535
4743 4 2 0 1 471 470 530 1091
4744 4 2 0 1 1171 1420 135 1334
4745 4 2 0 1 1021 984 1481 201
4746 4 2 0 1 1533 1475 1536 1547
4747 4 2 0 1 1536 1195 226 1436
4748 4 2 0 1 1536 226 269 1691
4749 4 2 0 1 1195 1475 1436 1536
4750 4 2 0 1 1691 1533 269 1536
4751 4 2 0 1 744 1512 251 1365
4752 4 2 0 1 1365 1056 251 744
4753 4 2 0 1 1533 260 1547 253
4754 4 2 0 1 1533 1566 1659 1290
4755 4 2 0 1 1691 1290 1533 1659
4756 4 2 0 1 1298 1181 1028 552
4757 4 2 0 1 929 748 429 1799
4758 4 2 0 1 1418 429 929 748
4759 4 2 0 1 434 1538 1462 921
4760 4 2 0 1 713 1539 1172 954
4761 4 2 0 1 751 1156 713 1539
4762 4 2 0 1 1641 1738 575 1037
4763 4 2 0 1 1338 1120 587 561
4764 4 2 0 1 259 1399 1540 1398
4765 4 2 0 1 259 1540 1552 989
4766 4 2 0 1 1399 1545 1540 1398
4767 4 2 0 1 244 260 1547 251
4768 4 2 0 1 1503 353 1548 960
4769 4 2 0 1 1541 757 168 1036
4770 4 2 0 1 1541 812 168 808
4771 4 2 0 1 1720 1772 422 764
4772 4 2 0 1 808 812 1185 1541
4773 4 2 0 1 168 1252 812 1541
4774 4 2 0 1 1036 757 1185 1541
4775 4 2 0 1 246 1505 1223 1125
4776 4 2 0 1 1223 246 261 139
4777 4 2 0 1 1796 1104 1215 859
4778 4 2 0 1 1533 253 1547 1353
4779 4 2 0 1 1542 873 152 1596
4780 4 2 0 1 1542 152 873 1290
4781 4 2 0 1 1290 1691 1542 1806
4782 4 2 0 1 1543 432 1030 732
4783 4 2 0 1 1543 367 1499 1514
4784 4 2 0 1 420 1514 1499 1529
4785 4 2 0 1 1543 1633 430 1499
4786 4 2 0 1 1543 732 1030 1514
4787 4 2 0 1 430 1633 1543 432
4788 4 2 0 1 227 281 1758 1544
4789 4 2 0 1 1157 281 1544 238
4790 4 2 0 1 1544 281 1758 238
4791 4 2 0 1 1545 150 1098 1095
4792 4 2 0 1 1399 1095 150 1545
4793 4 2 0 1 1399 150 1004 1545
4794 4 2 0 1 131 1237 1247 1272
4795 4 2 0 1 367 1030 1525 1514
4796 4 2 0 1 1543 1030 367 1514
4797 4 2 0 1 1415 1097 1500 1546
4798 4 2 0 1 1097 1746 1546 1056
4799 4 2 0 1 1440 450 739 1312
4800 4 2 0 1 535 1352 555 811
4801 4 2 0 1 1233 1352 811 1045
4802 4 2 0 1 555 1282 535 811
4803 4 2 0 1 1475 251 1537 1547
4804 4 2 0 1 251 260 1547 1475
4805 4 2 0 1 1205 353 915 1251
4806 4 2 0 1 960 353 1251 915
4807 4 2 0 1 353 893 1251 1205
4808 4 2 0 1 353 893 1031 1251
4809 4 2 0 1 353 1031 960 1251
4810 4 2 0 1 960 353 1796 1031
4811 4 2 0 1 1305 1564 1429 1759
4812 4 2 0 1 1564 1759 1305 1188
4813 4 2 0 1 1305 1410 1564 1419
4814 4 2 0 1 1410 270 1564 1419
4815 4 2 0 1 1626 1549 800 1254
4816 4 2 0 1 245 1452 249 1549
4817 4 2 0 1 51 1378 1563 1271
4818 4 2 0 1 107 163 69 164
4819 4 2 0 1 161 164 69 163
4820 4 2 0 1 1569 1120 1454 1250
4821 4 2 0 1 1705 1569 1250 1120
4822 4 2 0 1 1569 1250 1148 1705
4823 4 2 0 1 835 1269 1461 1388
4824 4 2 0 1 1461 1388 1269 750
4825 4 2 0 1 1120 1327 451 539
4826 4 2 0 1 539 1786 451 1120
4827 4 2 0 1 1068 1249 1374 1122
4828 4 2 0 1 1068 1355 1249 1601
4829 4 2 0 1 1454 1120 451 1250
4830 4 2 0 1 1733 104 910 68
4831 4 2 0 1 1549 139 245 1452
4832 4 2 0 1 245 249 1241 1549
4833 4 2 0 1 1241 1291 245 1549
4834 4 2 0 1 139 1549 245 1291
4835 4 2 0 1 964 1551 938 140
4836 4 2 0 1 1551 1053 938 140
4837 4 2 0 1 1634 1154 1733 147
4838 4 2 0 1 1634 1154 147 1053
4839 4 2 0 1 1564 1419 1563 1188
4840 4 2 0 1 1243 1552 758 1272
4841 4 2 0 1 330 1552 758 1243
4842 4 2 0 1 298 1123 1062 1528
4843 4 2 0 1 298 923 1123 1528
4844 4 2 0 1 1407 1151 1187 1025
4845 4 2 0 1 776 1699 907 1698
4846 4 2 0 1 1408 1239 867 1417
4847 4 2 0 1 1270 863 1316 121
4848 4 2 0 1 1270 787 863 121
4849 4 2 0 1 1197 1481 1021 984
4850 4 2 0 1 1197 1481 1346 1021
4851 4 2 0 1 1593 1553 1561 1423
4852 4 2 0 1 1621 1510 1553 926
4853 4 2 0 1 1561 1553 1406 1423
4854 4 2 0 1 257 1566 1553 1621
4855 4 2 0 1 1614 1805 1628 1322
4856 4 2 0 1 1614 1322 165 1785
4857 4 2 0 1 1322 1805 1785 1614
4858 4 2 0 1 1059 873 1155 1064
4859 4 2 0 1 873 1155 1480 1059
4860 4 2 0 1 330 1004 1563 758
4861 4 2 0 1 1563 330 758 1271
4862 4 2 0 1 1271 344 1563 330
4863 4 2 0 1 1672 1004 1563 330
4864 4 2 0 1 1266 1065 809 1373
4865 4 2 0 1 1373 1065 809 184
4866 4 2 0 1 1114 780 1571 579
4867 4 2 0 1 579 1571 1191 780
4868 4 2 0 1 1752 1690 1285 1193
4869 4 2 0 1 1690 1741 1236 882
4870 4 2 0 1 513 554 1219 1624
4871 4 2 0 1 1441 1168 1336 120
4872 4 2 0 1 1555 232 225 1727
4873 4 2 0 1 1565 159 1556 177
4874 4 2 0 1 159 175 1556 177
4875 4 2 0 1 94 1556 1007 1655
4876 4 2 0 1 1658 1646 1558 1509
4877 4 2 0 1 1039 1646 1558 211
4878 4 2 0 1 65 1180 87 73
4879 4 2 0 1 1558 1509 206 1635
4880 4 2 0 1 1558 1557 206 1509
4881 4 2 0 1 1422 1557 206 1558
4882 4 2 0 1 1328 91 73 75
4883 4 2 0 1 801 1336 1559 1664
4884 4 2 0 1 225 1559 1555 234
4885 4 2 0 1 801 1559 228 1664
4886 4 2 0 1 225 228 1559 234
4887 4 2 0 1 257 1406 1739 1561
4888 4 2 0 1 257 1553 1406 1561
4889 4 2 0 1 1447 1561 257 1739
4890 4 2 0 1 1447 1372 1593 241
4891 4 2 0 1 1498 1208 1593 241
4892 4 2 0 1 1498 241 1593 1372
4893 4 2 0 1 1208 241 1498 920
4894 4 2 0 1 350 1793 859 1158
4895 4 2 0 1 1158 1793 859 1290
4896 4 2 0 1 429 1116 748 1562
4897 4 2 0 1 429 304 1116 1562
4898 4 2 0 1 1116 1562 304 887
4899 4 2 0 1 1511 1617 1759 1599
4900 4 2 0 1 1609 541 812 1522
4901 4 2 0 1 58 1730 1022 1554
4902 4 2 0 1 48 58 100 74
4903 4 2 0 1 65 1074 1180 73
4904 4 2 0 1 1300 1339 656 1418
4905 4 2 0 1 293 302 211 1558
4906 4 2 0 1 1183 903 1694 1206
4907 4 2 0 1 497 1773 507 444
4908 4 2 0 1 1311 1183 1694 1206
4909 4 2 0 1 543 485 520 683
4910 4 2 0 1 1142 1287 1697 1615
4911 4 2 0 1 1142 1332 1697 1287
4912 4 2 0 1 1570 879 200 904
4913 4 2 0 1 1640 67 1565 90
4914 4 2 0 1 1454 1327 1120 1569
4915 4 2 0 1 1603 1164 1424 679
4916 4 2 0 1 413 1276 444 1329
4917 4 2 0 1 445 444 1329 413
4918 4 2 0 1 1345 1731 444 445
4919 4 2 0 1 1271 1188 1563 344
4920 4 2 0 1 1438 247 252 1464
4921 4 2 0 1 1567 962 1079 1039
4922 4 2 0 1 1567 1326 1079 1289
4923 4 2 0 1 1567 1486 962 1039
4924 4 2 0 1 1568 1381 169 776
4925 4 2 0 1 1039 1422 1558 1646
4926 4 2 0 1 211 293 1558 1039
4927 4 2 0 1 1639 293 1039 1714
4928 4 2 0 1 1569 1693 1650 560
4929 4 2 0 1 1569 1650 896 937
4930 4 2 0 1 1004 1672 1419 1410
4931 4 2 0 1 1305 252 1410 1419
4932 4 2 0 1 879 1122 1570 200
4933 4 2 0 1 203 1122 200 1570
4934 4 2 0 1 897 1507 466 1571
4935 4 2 0 1 1257 925 897 1571
4936 4 2 0 1 1486 1654 1039 211
4937 4 2 0 1 1535 148 147 149
4938 4 2 0 1 1361 1485 1535 149
4939 4 2 0 1 1361 1654 1779 1535
4940 4 2 0 1 153 1798 171 1612
4941 4 2 0 1 1738 1160 239 1740
4942 4 2 0 1 535 1233 811 1278
4943 4 2 0 1 535 1352 811 1233
4944 4 2 0 1 561 1120 1705 461
4945 4 2 0 1 461 1705 1250 1120
4946 4 2 0 1 615 792 603 1020
4947 4 2 0 1 1716 1575 853 1318
4948 4 2 0 1 1575 1318 1716 1309
4949 4 2 0 1 1716 1309 1411 1575
4950 4 2 0 1 355 1506 1508 1311
4951 4 2 0 1 263 1355 1165 364
4952 4 2 0 1 364 1321 1748 1165
4953 4 2 0 1 1215 1201 1548 1576
4954 4 2 0 1 1548 1576 442 422
4955 4 2 0 1 1457 1215 1548 1576
4956 4 2 0 1 1201 442 1548 1576
4957 4 2 0 1 1396 1576 1457 422
4958 4 2 0 1 1042 1101 707 1577
4959 4 2 0 1 1221 1042 707 1577
4960 4 2 0 1 1578 780 579 870
4961 4 2 0 1 1578 870 579 715
4962 4 2 0 1 1578 870 715 1376
4963 4 2 0 1 1242 206 606 292
4964 4 2 0 1 1242 1422 206 1558
4965 4 2 0 1 1042 1220 1101 129
4966 4 2 0 1 1220 1587 129 140
4967 4 2 0 1 1385 844 482 460
4968 4 2 0 1 1417 1343 1444 975
4969 4 2 0 1 1343 1807 1484 1360
4970 4 2 0 1 1343 1484 1444 1360
4971 4 2 0 1 1314 1444 1484 1185
4972 4 2 0 1 1576 472 442 441
4973 4 2 0 1 1201 442 1576 472
4974 4 2 0 1 729 1376 1167 1580
4975 4 2 0 1 1162 870 1376 1580
4976 4 2 0 1 729 1580 1167 1421
4977 4 2 0 1 775 499 1622 469
4978 4 2 0 1 1489 1380 1759 1280
4979 4 2 0 1 1535 147 1741 1245
4980 4 2 0 1 1245 1741 1053 147
4981 4 2 0 1 223 1582 1307 1316
4982 4 2 0 1 1278 535 1233 1385
4983 4 2 0 1 1210 336 338 1585
4984 4 2 0 1 1585 1445 752 1210
4985 4 2 0 1 1210 1140 1585 338
4986 4 2 0 1 1249 1374 1231 1583
4987 4 2 0 1 1384 552 1028 1181
4988 4 2 0 1 1384 552 943 1028
4989 4 2 0 1 943 552 1274 1028
4990 4 2 0 1 1028 552 1274 1298
4991 4 2 0 1 1553 170 1492 1510
4992 4 2 0 1 923 1638 1493 1643
4993 4 2 0 1 568 1728 545 524
4994 4 2 0 1 1638 1005 1256 1476
4995 4 2 0 1 464 502 1413 1121
4996 4 2 0 1 1331 453 519 493
4997 4 2 0 1 1612 1497 1798 1442
4998 4 2 0 1 171 1612 1798 1442
4999 4 2 0 1 1334 1208 1593 1498
5000 4 2 0 1 1593 1208 1334 1423
5001 4 2 0 1 1564 1759 1188 1378
5002 4 2 0 1 1144 1449 1759 1188
5003 4 2 0 1 1564 1759 1378 1489
5004 4 2 0 1 1280 1489 1378 1759
5005 4 2 0 1 1623 157 1584 1792
5006 4 2 0 1 1585 1445 1194 752
5007 4 2 0 1 707 1248 1043 1451
5008 4 2 0 1 1567 225 1326 1289
5009 4 2 0 1 1567 225 1289 1592
5010 4 2 0 1 1408 1239 1417 1013
5011 4 2 0 1 1424 1024 1382 730
5012 4 2 0 1 1146 463 1424 1149
5013 4 2 0 1 1424 730 463 1146
5014 4 2 0 1 536 1401 557 717
5015 4 2 0 1 1215 1201 1576 1586
5016 4 2 0 1 1215 1586 1383 1440
5017 4 2 0 1 1201 472 1576 1586
5018 4 2 0 1 812 582 541 1252
5019 4 2 0 1 812 541 582 1522
5020 4 2 0 1 1091 549 530 600
5021 4 2 0 1 470 549 530 1091
5022 4 2 0 1 129 1587 964 140
5023 4 2 0 1 204 1587 1220 140
5024 4 2 0 1 1632 270 881 190
5025 4 2 0 1 1632 270 190 1410
5026 4 2 0 1 174 1023 171 1412
5027 4 2 0 1 1105 1534 1761 1261
5028 4 2 0 1 1503 412 353 1710
5029 4 2 0 1 353 1548 412 1503
5030 4 2 0 1 1426 1075 1476 339
5031 4 2 0 1 1777 1075 1426 339
5032 4 2 0 1 1426 1476 347 1630
5033 4 2 0 1 864 713 920 1589
5034 4 2 0 1 751 1420 1589 864
5035 4 2 0 1 1589 713 920 954
5036 4 2 0 1 1589 1539 713 954
5037 4 2 0 1 1589 751 713 1539
5038 4 2 0 1 292 291 1558 206
5039 4 2 0 1 1242 1558 292 293
5040 4 2 0 1 1558 292 206 1242
5041 4 2 0 1 1558 291 292 293
5042 4 2 0 1 1590 348 399 661
5043 4 2 0 1 428 1754 1636 1590
5044 4 2 0 1 348 1529 1325 1590
5045 4 2 0 1 1325 348 1590 661
5046 4 2 0 1 1325 1529 1060 1590
5047 4 2 0 1 1754 1590 1529 1636
5048 4 2 0 1 219 1491 1591 1526
5049 4 2 0 1 219 1591 149 1526
5050 4 2 0 1 1297 1724 554 1701
5051 4 2 0 1 1219 554 450 1337
5052 4 2 0 1 148 1592 882 1491
5053 4 2 0 1 1592 1491 219 1333
5054 4 2 0 1 1455 1396 848 441
5055 4 2 0 1 1359 967 1430 1216
5056 4 2 0 1 1300 1339 1276 1501
5057 4 2 0 1 1329 1300 1276 1501
5058 4 2 0 1 926 1171 1553 1593
5059 4 2 0 1 926 1171 1593 1334
5060 4 2 0 1 926 1553 1621 1593
5061 4 2 0 1 1271 330 758 1516
5062 4 2 0 1 1516 344 1271 330
5063 4 2 0 1 1243 1516 758 330
5064 4 2 0 1 929 1594 748 1799
5065 4 2 0 1 1092 931 1799 929
5066 4 2 0 1 1594 1799 929 1092
5067 4 2 0 1 1429 1092 1799 1594
5068 4 2 0 1 186 184 188 1307
5069 4 2 0 1 571 587 1595 1693
5070 4 2 0 1 560 1693 1595 587
5071 4 2 0 1 893 160 1064 1031
5072 4 2 0 1 1064 160 1596 1031
5073 4 2 0 1 1031 1596 1542 160
5074 4 2 0 1 1031 160 1542 1796
5075 4 2 0 1 160 1623 1625 1596
5076 4 2 0 1 1064 160 1625 1596
5077 4 2 0 1 1542 1596 1623 160
5078 4 2 0 1 746 603 1020 878
5079 4 2 0 1 1708 603 1020 746
5080 4 2 0 1 1522 566 541 582
5081 4 2 0 1 566 541 836 1522
5082 4 2 0 1 926 1598 1677 1409
5083 4 2 0 1 926 1353 1598 1409
5084 4 2 0 1 926 1598 1589 1677
5085 4 2 0 1 1599 340 1116 289
5086 4 2 0 1 1599 1617 1759 289
5087 4 2 0 1 973 1255 142 1019
5088 4 2 0 1 1019 1255 142 1316
5089 4 2 0 1 264 1291 1199 261
5090 4 2 0 1 1291 1223 261 139
5091 4 2 0 1 264 245 1291 261
5092 4 2 0 1 261 139 245 1291
5093 4 2 0 1 1035 1101 1577 1460
5094 4 2 0 1 1221 1035 1577 1460
5095 4 2 0 1 1035 1101 1460 129
5096 4 2 0 1 355 1583 415 921
5097 4 2 0 1 420 1543 430 1499
5098 4 2 0 1 1428 835 1461 1388
5099 4 2 0 1 1428 1223 139 246
5100 4 2 0 1 332 1599 289 340
5101 4 2 0 1 1475 260 1547 1533
5102 4 2 0 1 497 483 507 531
5103 4 2 0 1 252 1291 1241 1600
5104 4 2 0 1 1600 1241 252 247
5105 4 2 0 1 252 1600 1438 1291
5106 4 2 0 1 252 1600 247 1438
5107 4 2 0 1 1196 1224 1601 879
5108 4 2 0 1 1224 879 1093 1601
5109 4 2 0 1 742 1093 1249 1601
5110 4 2 0 1 1099 1355 1601 742
5111 4 2 0 1 1249 742 1601 1355
5112 4 2 0 1 395 398 357 358
5113 4 2 0 1 357 358 398 1495
5114 4 2 0 1 1489 367 413 1602
5115 4 2 0 1 444 430 1602 1633
5116 4 2 0 1 1633 432 430 1602
5117 4 2 0 1 1305 1564 1188 1419
5118 4 2 0 1 1172 1391 1263 137
5119 4 2 0 1 1635 725 291 278
5120 4 2 0 1 1762 1078 203 207
5121 4 2 0 1 777 1739 350 1406
5122 4 2 0 1 798 777 1739 739
5123 4 2 0 1 798 1739 1209 739
5124 4 2 0 1 1740 1209 1739 350
5125 4 2 0 1 1635 725 278 200
5126 4 2 0 1 1065 1228 1628 1390
5127 4 2 0 1 1065 1628 1614 286
5128 4 2 0 1 1628 1614 286 1805
5129 4 2 0 1 1614 1065 286 195
5130 4 2 0 1 195 1614 1805 286
5131 4 2 0 1 1141 207 278 303
5132 4 2 0 1 200 725 278 203
5133 4 2 0 1 1286 1479 233 1392
5134 4 2 0 1 229 1479 233 1286
5135 4 2 0 1 222 233 1286 229
5136 4 2 0 1 440 453 424 1795
5137 4 2 0 1 55 1163 1131 19
5138 4 2 0 1 1243 1552 1272 1247
5139 4 2 0 1 472 1775 442 548
5140 4 2 0 1 472 484 442 441
5141 4 2 0 1 442 484 472 548
5142 4 2 0 1 495 1378 460 471
5143 4 2 0 1 1136 1389 462 1121
5144 4 2 0 1 471 1091 495 1378
5145 4 2 0 1 142 231 233 1753
5146 4 2 0 1 1408 1343 1354 1013
5147 4 2 0 1 1522 815 802 836
5148 4 2 0 1 1408 1354 1343 1383
5149 4 2 0 1 1151 1442 1187 82
5150 4 2 0 1 1537 1442 1187 1151
5151 4 2 0 1 1442 1187 1547 1537
5152 4 2 0 1 1462 1358 921 426
5153 4 2 0 1 1358 921 434 1462
5154 4 2 0 1 453 1462 486 426
5155 4 2 0 1 263 1325 1416 950
5156 4 2 0 1 263 1128 1416 1325
5157 4 2 0 1 1089 472 1297 1701
5158 4 2 0 1 1053 1741 1285 147
5159 4 2 0 1 1053 1154 147 1285
5160 4 2 0 1 931 991 1418 1606
5161 4 2 0 1 1300 1606 1418 991
5162 4 2 0 1 362 1737 358 357
5163 4 2 0 1 1276 1300 414 1606
5164 4 2 0 1 388 365 1606 414
5165 4 2 0 1 915 759 1503 704
5166 4 2 0 1 666 1559 228 801
5167 4 2 0 1 225 1559 228 666
5168 4 2 0 1 1024 1471 1302 341
5169 4 2 0 1 167 776 912 1608
5170 4 2 0 1 1381 776 167 1608
5171 4 2 0 1 1608 1381 1704 167
5172 4 2 0 1 367 388 1610 413
5173 4 2 0 1 367 413 1610 1489
5174 4 2 0 1 1160 1611 465 1740
5175 4 2 0 1 1707 431 440 1631
5176 4 2 0 1 1299 1245 209 1574
5177 4 2 0 1 1299 209 1642 1574
5178 4 2 0 1 1739 1740 64 1426
5179 4 2 0 1 413 1489 1276 1610
5180 4 2 0 1 1276 1489 1380 1610
5181 4 2 0 1 1759 1781 1610 1489
5182 4 2 0 1 1380 1759 1610 1489
5183 4 2 0 1 89 1612 67 1651
5184 4 2 0 1 140 1351 1220 1299
5185 4 2 0 1 1299 1066 1347 204
5186 4 2 0 1 1642 1066 209 1299
5187 4 2 0 1 1220 1299 1347 204
5188 4 2 0 1 1264 1312 450 1324
5189 4 2 0 1 364 1613 1435 1060
5190 4 2 0 1 364 1613 1060 1530
5191 4 2 0 1 1435 364 1748 1613
5192 4 2 0 1 1172 713 1472 1391
5193 4 2 0 1 1156 713 1172 1391
5194 4 2 0 1 1156 1539 1172 713
5195 4 2 0 1 175 194 906 1607
5196 4 2 0 1 1607 906 177 961
5197 4 2 0 1 173 1448 1180 1293
5198 4 2 0 1 1180 1293 1448 1095
5199 4 2 0 1 180 181 201 766
5200 4 2 0 1 1346 201 181 766
5201 4 2 0 1 181 201 1346 1481
5202 4 2 0 1 1061 1578 1376 1162
5203 4 2 0 1 1323 1299 140 204
5204 4 2 0 1 1378 1091 956 1150
5205 4 2 0 1 1378 956 495 460
5206 4 2 0 1 1523 1381 199 169
5207 4 2 0 1 1756 1614 1628 1322
5208 4 2 0 1 1695 382 467 438
5209 4 2 0 1 1263 248 1512 298
5210 4 2 0 1 298 698 1512 1263
5211 4 2 0 1 1476 867 1005 347
5212 4 2 0 1 144 1605 103 146
5213 4 2 0 1 1297 450 554 1724
5214 4 2 0 1 1632 150 1004 1399
5215 4 2 0 1 1474 1309 325 1504
5216 4 2 0 1 1230 283 1504 286
5217 4 2 0 1 1504 1669 286 283
5218 4 2 0 1 279 1669 1504 283
5219 4 2 0 1 286 1669 1805 283
5220 4 2 0 1 283 1669 1805 279
5221 4 2 0 1 1013 1533 1239 1387
5222 4 2 0 1 1013 1533 1793 1239
5223 4 2 0 1 1239 1387 1417 1013
5224 4 2 0 1 1793 1408 1354 1013
5225 4 2 0 1 1231 1374 355 1583
5226 4 2 0 1 382 1321 1032 1165
5227 4 2 0 1 1321 263 1032 1165
5228 4 2 0 1 433 1462 1538 426
5229 4 2 0 1 1041 1760 1197 280
5230 4 2 0 1 279 1197 1760 280
5231 4 2 0 1 1231 355 1460 1221
5232 4 2 0 1 355 1460 1374 1231
5233 4 2 0 1 355 1508 1460 1221
5234 4 2 0 1 289 1429 1617 1759
5235 4 2 0 1 1608 167 1704 1212
5236 4 2 0 1 912 1212 167 1608
5237 4 2 0 1 1133 364 1068 1355
5238 4 2 0 1 1068 364 1165 1355
5239 4 2 0 1 1795 493 453 1358
5240 4 2 0 1 812 1252 541 1541
5241 4 2 0 1 1185 812 1609 1541
5242 4 2 0 1 1609 812 541 1541
5243 4 2 0 1 1346 1277 1619 161
5244 4 2 0 1 1774 1277 161 1619
5245 4 2 0 1 1619 1774 163 161
5246 4 2 0 1 472 541 1455 1483
5247 4 2 0 1 1201 1620 1350 412
5248 4 2 0 1 1077 1240 1620 1089
5249 4 2 0 1 744 1187 1537 244
5250 4 2 0 1 1212 238 1544 1758
5251 4 2 0 1 1687 473 1368 1225
5252 4 2 0 1 1621 1447 257 253
5253 4 2 0 1 1447 1561 1621 257
5254 4 2 0 1 1621 1553 257 1561
5255 4 2 0 1 1311 1508 1221 707
5256 4 2 0 1 1508 707 1577 1221
5257 4 2 0 1 1150 1091 956 602
5258 4 2 0 1 1468 337 1494 260
5259 4 2 0 1 1468 260 1494 1200
5260 4 2 0 1 1303 975 1622 812
5261 4 2 0 1 502 1622 1296 552
5262 4 2 0 1 1296 1622 235 1298
5263 4 2 0 1 1303 812 1622 235
5264 4 2 0 1 78 1156 1186 137
5265 4 2 0 1 78 1407 1186 1156
5266 4 2 0 1 1623 152 1059 1596
5267 4 2 0 1 1542 1596 152 1623
5268 4 2 0 1 152 1806 1623 1656
5269 4 2 0 1 589 1624 554 513
5270 4 2 0 1 174 1023 159 1640
5271 4 2 0 1 174 159 1023 196
5272 4 2 0 1 1596 1623 1625 1059
5273 4 2 0 1 1064 1596 1625 1059
5274 4 2 0 1 160 1463 1584 96
5275 4 2 0 1 1463 160 1625 1064
5276 4 2 0 1 1463 160 1584 1625
5277 4 2 0 1 724 1623 1625 1584
5278 4 2 0 1 1625 1623 160 1584
5279 4 2 0 1 1424 977 1560 491
5280 4 2 0 1 289 332 247 1305
5281 4 2 0 1 1149 1169 844 482
5282 4 2 0 1 1560 844 1169 1278
5283 4 2 0 1 1278 482 535 1385
5284 4 2 0 1 1169 535 1278 482
5285 4 2 0 1 1626 1241 1600 247
5286 4 2 0 1 1241 800 247 1626
5287 4 2 0 1 1283 1241 800 247
5288 4 2 0 1 591 601 582 377
5289 4 2 0 1 1303 1522 582 686
5290 4 2 0 1 129 1587 918 964
5291 4 2 0 1 1627 1504 1318 1309
5292 4 2 0 1 1627 1318 1575 1309
5293 4 2 0 1 279 1627 1309 1504
5294 4 2 0 1 1575 1309 1411 1627
5295 4 2 0 1 1503 1548 412 1201
5296 4 2 0 1 1620 412 1503 1710
5297 4 2 0 1 412 1201 1620 1503
5298 4 2 0 1 1464 1438 1180 1166
5299 4 2 0 1 811 542 1282 1278
5300 4 2 0 1 811 542 1278 1437
5301 4 2 0 1 542 491 1169 1278
5302 4 2 0 1 542 491 1278 1437
5303 4 2 0 1 542 1169 1282 1278
5304 4 2 0 1 905 1601 1068 1122
5305 4 2 0 1 1570 1601 1196 905
5306 4 2 0 1 1068 1601 1249 1122
5307 4 2 0 1 151 1443 1738 588
5308 4 2 0 1 1734 1500 1546 1415
5309 4 2 0 1 1546 346 1500 1643
5310 4 2 0 1 1546 1734 1056 923
5311 4 2 0 1 346 1546 923 1643
5312 4 2 0 1 435 445 1629 1329
5313 4 2 0 1 435 1629 445 1645
5314 4 2 0 1 461 1645 1629 435
5315 4 2 0 1 213 1762 1527 1736
5316 4 2 0 1 1053 1245 1299 1323
5317 4 2 0 1 1323 1299 1053 140
5318 4 2 0 1 159 177 1023 1607
5319 4 2 0 1 1120 1705 587 561
5320 4 2 0 1 571 561 587 1705
5321 4 2 0 1 1310 1481 201 1782
5322 4 2 0 1 201 210 1782 180
5323 4 2 0 1 1762 1736 210 214
5324 4 2 0 1 1630 328 1426 339
5325 4 2 0 1 1372 253 1409 1200
5326 4 2 0 1 1353 1547 1409 253
5327 4 2 0 1 1581 1005 465 1139
5328 4 2 0 1 482 1385 1278 844
5329 4 2 0 1 1531 1515 1237 1428
5330 4 2 0 1 1531 835 1461 1428
5331 4 2 0 1 1172 244 1512 954
5332 4 2 0 1 1187 244 1172 954
5333 4 2 0 1 1399 1340 259 258
5334 4 2 0 1 1750 1489 432 1044
5335 4 2 0 1 454 432 1489 1602
5336 4 2 0 1 454 432 1750 1489
5337 4 2 0 1 867 1417 1643 1136
5338 4 2 0 1 867 1417 337 1643
5339 4 2 0 1 1258 1763 1342 475
5340 4 2 0 1 1763 475 1258 525
5341 4 2 0 1 1275 1436 1475 1537
5342 4 2 0 1 1736 692 213 303
5343 4 2 0 1 150 1632 1033 1229
5344 4 2 0 1 1229 1632 154 150
5345 4 2 0 1 1481 1197 1760 279
5346 4 2 0 1 1543 367 1633 1499
5347 4 2 0 1 444 1633 1602 413
5348 4 2 0 1 1053 147 1634 1245
5349 4 2 0 1 1328 73 172 1261
5350 4 2 0 1 1488 1460 879 200
5351 4 2 0 1 904 879 200 1488
5352 4 2 0 1 725 1488 200 1635
5353 4 2 0 1 1499 1636 348 367
5354 4 2 0 1 1529 1499 1636 348
5355 4 2 0 1 399 1636 348 1590
5356 4 2 0 1 1636 1590 1529 348
5357 4 2 0 1 169 776 1698 1699
5358 4 2 0 1 1200 1677 954 1409
5359 4 2 0 1 1683 1677 954 1200
5360 4 2 0 1 1372 1409 1677 1200
5361 4 2 0 1 1683 1372 1677 1200
5362 4 2 0 1 1286 801 1479 1392
5363 4 2 0 1 1286 801 1400 666
5364 4 2 0 1 473 1657 462 1136
5365 4 2 0 1 1136 664 1657 462
5366 4 2 0 1 1136 1389 1121 1413
5367 4 2 0 1 94 159 90 1681
5368 4 2 0 1 1792 157 94 1681
5369 4 2 0 1 1510 1304 1353 1477
5370 4 2 0 1 1307 1582 188 186
5371 4 2 0 1 1570 1601 1122 879
5372 4 2 0 1 203 1122 1570 905
5373 4 2 0 1 1122 1601 1570 905
5374 4 2 0 1 1476 1638 867 1670
5375 4 2 0 1 339 1637 1075 1476
5376 4 2 0 1 1720 1503 759 1109
5377 4 2 0 1 1339 1606 1418 1300
5378 4 2 0 1 1336 1168 1441 1555
5379 4 2 0 1 219 217 1361 1485
5380 4 2 0 1 1361 1654 217 1779
5381 4 2 0 1 342 1493 1638 299
5382 4 2 0 1 1256 342 1638 1637
5383 4 2 0 1 1637 342 1638 299
5384 4 2 0 1 293 211 255 1639
5385 4 2 0 1 1639 1486 1039 211
5386 4 2 0 1 1639 217 1486 1330
5387 4 2 0 1 211 293 1039 1639
5388 4 2 0 1 1358 1795 921 1694
5389 4 2 0 1 426 1335 1358 1694
5390 4 2 0 1 1795 434 1358 921
5391 4 2 0 1 1354 1215 1576 1586
5392 4 2 0 1 1354 1586 1383 1215
5393 4 2 0 1 1399 1095 1398 1340
5394 4 2 0 1 259 1340 1399 1398
5395 4 2 0 1 182 1776 1235 72
5396 4 2 0 1 1235 182 1784 165
5397 4 2 0 1 1776 182 1235 165
5398 4 2 0 1 109 182 1235 72
5399 4 2 0 1 1776 144 1235 72
5400 4 2 0 1 1781 1610 1092 1429
5401 4 2 0 1 1759 1781 1429 1610
5402 4 2 0 1 1125 243 1291 258
5403 4 2 0 1 258 1125 1199 1291
5404 4 2 0 1 1344 1291 258 1199
5405 4 2 0 1 1166 1095 1340 1291
5406 4 2 0 1 1291 1095 1340 243
5407 4 2 0 1 1475 1537 1436 1547
5408 4 2 0 1 1417 1136 1413 1734
5409 4 2 0 1 1368 1121 464 1136
5410 4 2 0 1 1136 1413 464 1417
5411 4 2 0 1 1136 1413 1121 464
5412 4 2 0 1 880 869 1522 789
5413 4 2 0 1 1426 1739 1777 328
5414 4 2 0 1 328 1012 254 1739
5415 4 2 0 1 1630 1214 1426 328
5416 4 2 0 1 328 1739 1214 1426
5417 4 2 0 1 328 1739 254 1214
5418 4 2 0 1 1739 1012 1777 328
5419 4 2 0 1 1359 1424 977 1560
5420 4 2 0 1 1603 1424 977 1359
5421 4 2 0 1 1602 432 1489 1030
5422 4 2 0 1 1633 1030 1543 432
5423 4 2 0 1 1030 432 1633 1602
5424 4 2 0 1 904 918 879 1488
5425 4 2 0 1 1488 1460 918 879
5426 4 2 0 1 1488 1460 200 1635
5427 4 2 0 1 1208 864 920 1498
5428 4 2 0 1 864 1589 920 1498
5429 4 2 0 1 920 1683 1677 954
5430 4 2 0 1 1677 1589 920 954
5431 4 2 0 1 450 1084 1641 1037
5432 4 2 0 1 1536 1475 1436 1547
5433 4 2 0 1 254 1012 1423 1739
5434 4 2 0 1 1214 1739 254 1447
5435 4 2 0 1 254 1423 1447 1739
5436 4 2 0 1 1299 1642 204 1574
5437 4 2 0 1 204 1066 1642 1299
5438 4 2 0 1 1330 1245 1574 209
5439 4 2 0 1 1552 330 259 1243
5440 4 2 0 1 1064 1463 1155 1059
5441 4 2 0 1 1463 1625 1059 1064
5442 4 2 0 1 1143 1670 1476 867
5443 4 2 0 1 1426 1476 1630 339
5444 4 2 0 1 1053 1634 1299 1245
5445 4 2 0 1 1053 1351 1299 1634
5446 4 2 0 1 923 1643 1493 346
5447 4 2 0 1 1734 1643 923 1546
5448 4 2 0 1 1500 1643 1417 1734
5449 4 2 0 1 1637 299 1670 339
5450 4 2 0 1 157 1806 174 1681
5451 4 2 0 1 1590 1060 1325 1435
5452 4 2 0 1 1325 1590 1435 661
5453 4 2 0 1 1302 1445 418 752
5454 4 2 0 1 1302 1445 752 1194
5455 4 2 0 1 1302 1194 752 335
5456 4 2 0 1 415 1644 921 1583
5457 4 2 0 1 1538 1644 426 921
5458 4 2 0 1 426 382 921 1644
5459 4 2 0 1 1065 1228 1307 1628
5460 4 2 0 1 1065 1628 1307 1614
5461 4 2 0 1 812 1522 582 1303
5462 4 2 0 1 1576 1455 472 441
5463 4 2 0 1 1396 1455 1576 441
5464 4 2 0 1 1172 1472 1263 1391
5465 4 2 0 1 472 1350 1297 1324
5466 4 2 0 1 1297 1350 1264 1324
5467 4 2 0 1 1416 1525 1092 1132
5468 4 2 0 1 525 1386 618 1118
5469 4 2 0 1 1030 1514 1367 1525
5470 4 2 0 1 1039 1654 1646 211
5471 4 2 0 1 1499 1633 1636 367
5472 4 2 0 1 828 792 578 761
5473 4 2 0 1 1449 1054 730 471
5474 4 2 0 1 835 243 1223 1470
5475 4 2 0 1 1470 243 1223 1505
5476 4 2 0 1 1505 243 1223 1125
5477 4 2 0 1 444 430 507 483
5478 4 2 0 1 1606 1092 1418 931
5479 4 2 0 1 1092 365 1606 388
5480 4 2 0 1 1610 388 1092 1606
5481 4 2 0 1 1243 1505 1552 1247
5482 4 2 0 1 330 1540 1552 259
5483 4 2 0 1 1508 1572 707 1311
5484 4 2 0 1 211 1453 1658 1573
5485 4 2 0 1 1649 382 1801 402
5486 4 2 0 1 1748 1649 1165 382
5487 4 2 0 1 1300 414 1329 1276
5488 4 2 0 1 201 1481 181 1782
5489 4 2 0 1 1776 181 182 1782
5490 4 2 0 1 1166 1438 1103 1291
5491 4 2 0 1 1569 1650 1148 896
5492 4 2 0 1 1219 1148 1624 896
5493 4 2 0 1 1148 1650 1624 896
5494 4 2 0 1 164 107 163 166
5495 4 2 0 1 171 1436 174 1412
5496 4 2 0 1 1275 171 1436 1537
5497 4 2 0 1 82 1497 1612 1442
5498 4 2 0 1 1358 453 1458 1335
5499 4 2 0 1 1795 453 1458 1358
5500 4 2 0 1 1566 1510 1353 1477
5501 4 2 0 1 1353 1566 1477 1659
5502 4 2 0 1 1430 844 51 460
5503 4 2 0 1 1420 494 751 1598
5504 4 2 0 1 751 1420 1598 1589
5505 4 2 0 1 494 1315 751 1598
5506 4 2 0 1 1598 751 1589 1539
5507 4 2 0 1 1447 1593 1621 1561
5508 4 2 0 1 1305 1759 332 1188
5509 4 2 0 1 332 1759 289 1599
5510 4 2 0 1 1305 1759 289 332
5511 4 2 0 1 1610 388 1276 413
5512 4 2 0 1 1536 1533 1547 1659
5513 4 2 0 1 1681 1640 171 174
5514 4 2 0 1 1682 162 1653 183
5515 4 2 0 1 1653 1704 1758 1682
5516 4 2 0 1 1682 162 1758 1653
5517 4 2 0 1 1653 1704 1648 1758
5518 4 2 0 1 1653 162 1758 1648
5519 4 2 0 1 212 147 1245 1634
5520 4 2 0 1 1685 1403 423 1260
5521 4 2 0 1 190 173 154 1448
5522 4 2 0 1 1399 1448 1465 1632
5523 4 2 0 1 1121 502 1647 1363
5524 4 2 0 1 502 1647 1363 1274
5525 4 2 0 1 1121 502 1413 1647
5526 4 2 0 1 1654 1779 1330 217
5527 4 2 0 1 1245 1654 1779 1330
5528 4 2 0 1 1779 1654 1245 1535
5529 4 2 0 1 1565 1556 1655 99
5530 4 2 0 1 1216 1204 1604 967
5531 4 2 0 1 1216 1516 1243 1204
5532 4 2 0 1 46 29 71 70
5533 4 2 0 1 1399 1004 1540 1545
5534 4 2 0 1 60 110 57 109
5535 4 2 0 1 1054 1449 470 471
5536 4 2 0 1 1681 174 153 1806
5537 4 2 0 1 110 113 57 1784
5538 4 2 0 1 61 60 57 109
5539 4 2 0 1 681 1304 1315 1598
5540 4 2 0 1 1317 1261 172 1534
5541 4 2 0 1 191 172 1464 1317
5542 4 2 0 1 1464 1317 172 1534
5543 4 2 0 1 1208 864 1498 1334
5544 4 2 0 1 1490 1510 1304 380
5545 4 2 0 1 1490 1477 1304 1510
5546 4 2 0 1 1658 1509 1558 202
5547 4 2 0 1 216 144 1756 1322
5548 4 2 0 1 502 1363 552 1274
5549 4 2 0 1 1384 552 1363 943
5550 4 2 0 1 943 1363 1274 552
5551 4 2 0 1 1336 1555 1441 1559
5552 4 2 0 1 1336 1555 1559 234
5553 4 2 0 1 1353 1566 1659 1533
5554 4 2 0 1 1659 1533 1547 1353
5555 4 2 0 1 1659 1547 1798 1353
5556 4 2 0 1 1798 1477 1659 1353
5557 4 2 0 1 1672 258 344 1419
5558 4 2 0 1 344 258 1672 330
5559 4 2 0 1 1672 1419 344 1563
5560 4 2 0 1 344 1672 1563 330
5561 4 2 0 1 605 1597 604 990
5562 4 2 0 1 1476 1638 1670 1637
5563 4 2 0 1 1638 1005 867 1136
5564 4 2 0 1 1638 1005 1476 867
5565 4 2 0 1 50 27 14 20
5566 4 2 0 1 1070 1544 1138 227
5567 4 2 0 1 227 162 1070 1544
5568 4 2 0 1 1544 1758 227 162
5569 4 2 0 1 1030 1367 1781 1525
5570 4 2 0 1 1525 1610 1030 367
5571 4 2 0 1 1489 1030 1610 367
5572 4 2 0 1 1781 1610 1489 1030
5573 4 2 0 1 1525 1030 1610 1781
5574 4 2 0 1 1361 1485 1654 1535
5575 4 2 0 1 1361 1485 217 1654
5576 4 2 0 1 1535 148 1654 1741
5577 4 2 0 1 1406 257 1739 327
5578 4 2 0 1 773 1622 1296 502
5579 4 2 0 1 773 1369 1622 502
5580 4 2 0 1 1477 1659 1691 153
5581 4 2 0 1 1536 1691 153 226
5582 4 2 0 1 1536 153 1691 1659
5583 4 2 0 1 1089 1350 1077 1264
5584 4 2 0 1 1089 1620 1077 1350
5585 4 2 0 1 1584 1463 724 677
5586 4 2 0 1 1463 1625 1584 724
5587 4 2 0 1 502 1369 1622 464
5588 4 2 0 1 502 464 1622 499
5589 4 2 0 1 1760 1346 1619 161
5590 4 2 0 1 161 1346 1041 1760
5591 4 2 0 1 163 161 1760 1619
5592 4 2 0 1 1662 991 488 661
5593 4 2 0 1 1662 661 488 1450
5594 4 2 0 1 1450 1674 1662 661
5595 4 2 0 1 365 1662 661 991
5596 4 2 0 1 365 414 1662 1300
5597 4 2 0 1 247 1534 1464 1438
5598 4 2 0 1 1438 1626 1600 247
5599 4 2 0 1 247 1534 1438 1626
5600 4 2 0 1 1165 1649 402 382
5601 4 2 0 1 1272 1237 1247 1552
5602 4 2 0 1 1575 1356 853 1318
5603 4 2 0 1 1318 1356 853 1230
5604 4 2 0 1 299 1670 339 268
5605 4 2 0 1 1670 268 1143 339
5606 4 2 0 1 1637 1476 339 1670
5607 4 2 0 1 1143 339 1630 1476
5608 4 2 0 1 1143 339 1476 1670
5609 4 2 0 1 1497 1187 1315 1304
5610 4 2 0 1 1304 1798 1497 1442
5611 4 2 0 1 1304 1187 1315 1598
5612 4 2 0 1 1307 223 1756 1663
5613 4 2 0 1 863 220 899 143
5614 4 2 0 1 1589 1598 1539 954
5615 4 2 0 1 1768 1315 1497 82
5616 4 2 0 1 82 1768 1612 1497
5617 4 2 0 1 1674 1590 399 661
5618 4 2 0 1 428 1754 1590 684
5619 4 2 0 1 1674 428 435 1673
5620 4 2 0 1 1417 1500 337 1643
5621 4 2 0 1 346 337 1500 1643
5622 4 2 0 1 1417 337 1500 1387
5623 4 2 0 1 1546 1643 1500 1734
5624 4 2 0 1 335 1348 1516 344
5625 4 2 0 1 335 1302 1516 1348
5626 4 2 0 1 1513 262 1063 1205
5627 4 2 0 1 1513 1063 1518 915
5628 4 2 0 1 1362 1664 228 234
5629 4 2 0 1 1664 1336 1559 234
5630 4 2 0 1 1664 1559 228 234
5631 4 2 0 1 330 1540 758 1552
5632 4 2 0 1 1660 93 92 770
5633 4 2 0 1 1232 1054 786 470
5634 4 2 0 1 761 603 746 1709
5635 4 2 0 1 1292 1269 835 1095
5636 4 2 0 1 445 1629 1329 1345
5637 4 2 0 1 1629 1731 445 1645
5638 4 2 0 1 1629 1731 1345 445
5639 4 2 0 1 1706 1154 104 1351
5640 4 2 0 1 903 1231 1583 1249
5641 4 2 0 1 1322 1805 1666 1782
5642 4 2 0 1 228 1676 234 266
5643 4 2 0 1 1579 287 345 306
5644 4 2 0 1 603 1709 761 623
5645 4 2 0 1 169 98 1381 117
5646 4 2 0 1 115 169 117 98
5647 4 2 0 1 1679 144 1270 143
5648 4 2 0 1 1565 177 1556 99
5649 4 2 0 1 1565 1640 159 177
5650 4 2 0 1 157 1792 94 1584
5651 4 2 0 1 298 1365 698 1123
5652 4 2 0 1 298 923 1365 1123
5653 4 2 0 1 1365 923 1056 1123
5654 4 2 0 1 1365 1056 698 1123
5655 4 2 0 1 297 316 1362 1676
5656 4 2 0 1 1653 108 1648 1026
5657 4 2 0 1 1783 1627 1411 1310
5658 4 2 0 1 1411 1627 984 1310
5659 4 2 0 1 1411 1627 1309 984
5660 4 2 0 1 1668 309 212 308
5661 4 2 0 1 212 1361 1668 308
5662 4 2 0 1 1659 1566 1477 1290
5663 4 2 0 1 1669 279 1627 1310
5664 4 2 0 1 1669 279 1310 1666
5665 4 2 0 1 1805 279 1669 1666
5666 4 2 0 1 279 1669 1627 1504
5667 4 2 0 1 1517 1200 1670 1683
5668 4 2 0 1 1670 1683 1200 1072
5669 4 2 0 1 1670 268 1072 1143
5670 4 2 0 1 787 924 1286 1392
5671 4 2 0 1 1519 924 787 1392
5672 4 2 0 1 444 1276 1345 1329
5673 4 2 0 1 1553 1566 257 1158
5674 4 2 0 1 1793 1158 257 1566
5675 4 2 0 1 1621 1553 1561 1593
5676 4 2 0 1 1220 1101 129 1587
5677 4 2 0 1 1101 1587 1220 204
5678 4 2 0 1 1609 1807 1360 1185
5679 4 2 0 1 1185 1484 1807 1360
5680 4 2 0 1 1565 90 59 94
5681 4 2 0 1 1710 704 1503 425
5682 4 2 0 1 238 1157 1212 1544
5683 4 2 0 1 1566 170 1553 1510
5684 4 2 0 1 399 428 1636 1590
5685 4 2 0 1 399 428 1590 1674
5686 4 2 0 1 194 1607 159 196
5687 4 2 0 1 259 258 330 1672
5688 4 2 0 1 1399 258 259 1672
5689 4 2 0 1 1410 1399 1672 258
5690 4 2 0 1 1672 258 1419 1410
5691 4 2 0 1 980 1620 1503 1710
5692 4 2 0 1 1293 154 87 173
5693 4 2 0 1 87 154 1293 770
5694 4 2 0 1 1420 494 1598 926
5695 4 2 0 1 681 1304 1598 926
5696 4 2 0 1 1673 399 413 414
5697 4 2 0 1 954 1512 1472 250
5698 4 2 0 1 1472 954 1172 1512
5699 4 2 0 1 684 1450 1674 435
5700 4 2 0 1 435 684 1450 1695
5701 4 2 0 1 1450 435 1662 1674
5702 4 2 0 1 414 1662 1300 1673
5703 4 2 0 1 1795 1358 1458 1694
5704 4 2 0 1 1458 1506 1795 1694
5705 4 2 0 1 1640 67 90 1681
5706 4 2 0 1 1681 67 90 89
5707 4 2 0 1 89 1681 67 1612
5708 4 2 0 1 1422 1557 1558 1646
5709 4 2 0 1 1755 1653 162 183
5710 4 2 0 1 108 1653 162 1755
5711 4 2 0 1 1651 1612 67 82
5712 4 2 0 1 1612 1768 82 1651
5713 4 2 0 1 181 1346 1619 1481
5714 4 2 0 1 163 1481 181 1619
5715 4 2 0 1 1695 1748 438 684
5716 4 2 0 1 452 684 1732 1791
5717 4 2 0 1 1732 684 438 1748
5718 4 2 0 1 1749 1791 1732 684
5719 4 2 0 1 1748 684 1749 1732
5720 4 2 0 1 684 452 1732 438
5721 4 2 0 1 253 1353 1621 1409
5722 4 2 0 1 1353 1304 1598 1547
5723 4 2 0 1 175 1607 906 177
5724 4 2 0 1 159 177 1607 175
5725 4 2 0 1 698 1056 1365 744
5726 4 2 0 1 1621 1566 1553 1510
5727 4 2 0 1 394 387 381 359
5728 4 2 0 1 1565 90 159 1640
5729 4 2 0 1 1565 94 159 90
5730 4 2 0 1 1673 435 1674 1662
5731 4 2 0 1 229 1479 228 1362
5732 4 2 0 1 1793 1566 1533 1290
5733 4 2 0 1 1410 1465 1464 190
5734 4 2 0 1 1756 1322 165 1614
5735 4 2 0 1 1322 165 1776 1756
5736 4 2 0 1 165 184 1614 195
5737 4 2 0 1 1276 1339 1300 1606
5738 4 2 0 1 1276 414 388 1606
5739 4 2 0 1 918 1587 1488 964
5740 4 2 0 1 1296 235 629 1298
5741 4 2 0 1 140 1299 1220 204
5742 4 2 0 1 1792 1584 724 677
5743 4 2 0 1 1472 248 1512 1263
5744 4 2 0 1 1472 1263 1512 1172
5745 4 2 0 1 980 1620 1710 431
5746 4 2 0 1 1659 1533 1691 1536
5747 4 2 0 1 1209 447 1740 839
5748 4 2 0 1 1641 1037 575 1724
5749 4 2 0 1 450 1724 1641 554
5750 4 2 0 1 1782 1481 181 1802
5751 4 2 0 1 1776 182 165 1782
5752 4 2 0 1 752 335 332 1348
5753 4 2 0 1 1486 1654 211 1330
5754 4 2 0 1 1639 1486 211 1330
5755 4 2 0 1 908 1769 1226 851
5756 4 2 0 1 1206 1769 851 1226
5757 4 2 0 1 1769 1206 1063 1226
5758 4 2 0 1 413 1633 1602 367
5759 4 2 0 1 1677 1589 1498 920
5760 4 2 0 1 1677 1598 954 1409
5761 4 2 0 1 1677 1598 1589 954
5762 4 2 0 1 753 1787 933 425
5763 4 2 0 1 761 1738 828 588
5764 4 2 0 1 588 792 828 761
5765 4 2 0 1 623 1680 761 588
5766 4 2 0 1 1680 1738 761 588
5767 4 2 0 1 1708 1588 578 761
5768 4 2 0 1 761 792 578 1708
5769 4 2 0 1 74 58 1688 22
5770 4 2 0 1 1284 761 1680 1738
5771 4 2 0 1 1418 1594 929 1092
5772 4 2 0 1 1802 1481 163 1760
5773 4 2 0 1 163 181 1481 1802
5774 4 2 0 1 1788 1427 753 1518
5775 4 2 0 1 1517 1200 1468 1670
5776 4 2 0 1 299 1468 1638 1670
5777 4 2 0 1 1493 1468 1638 299
5778 4 2 0 1 1515 81 1531 1292
5779 4 2 0 1 1649 1748 438 382
5780 4 2 0 1 162 1733 183 227
5781 4 2 0 1 217 1485 1592 1654
5782 4 2 0 1 1375 318 1273 1675
5783 4 2 0 1 1653 108 162 1648
5784 4 2 0 1 1507 1571 1191 579
5785 4 2 0 1 260 253 1200 1684
5786 4 2 0 1 1036 1393 1455 1185
5787 4 2 0 1 588 792 599 828
5788 4 2 0 1 1409 1372 1677 1621
5789 4 2 0 1 1621 1372 1447 253
5790 4 2 0 1 1409 253 1372 1621
5791 4 2 0 1 1789 753 1788 1394
5792 4 2 0 1 1681 153 171 1612
5793 4 2 0 1 174 1436 153 226
5794 4 2 0 1 1458 1788 1795 1506
5795 4 2 0 1 1506 411 1795 1694
5796 4 2 0 1 1795 1694 411 921
5797 4 2 0 1 1447 1621 1593 1372
5798 4 2 0 1 1621 1498 1593 1372
5799 4 2 0 1 1609 1455 1483 1807
5800 4 2 0 1 1807 1483 472 1455
5801 4 2 0 1 238 1608 1704 1212
5802 4 2 0 1 238 1212 1704 1758
5803 4 2 0 1 1485 1491 219 1592
5804 4 2 0 1 149 1361 1485 219
5805 4 2 0 1 219 149 1591 1485
5806 4 2 0 1 1485 1591 219 1491
5807 4 2 0 1 1583 402 415 1644
5808 4 2 0 1 415 1671 1644 402
5809 4 2 0 1 212 1361 1535 149
5810 4 2 0 1 1682 1653 1523 183
5811 4 2 0 1 227 183 162 1682
5812 4 2 0 1 1052 212 1668 309
5813 4 2 0 1 1361 1052 149 212
5814 4 2 0 1 1052 212 1361 1668
5815 4 2 0 1 1558 1509 1635 202
5816 4 2 0 1 114 164 69 116
5817 4 2 0 1 1131 66 1767 791
5818 4 2 0 1 1792 1656 88 1131
5819 4 2 0 1 164 114 110 113
5820 4 2 0 1 1329 414 1673 413
5821 4 2 0 1 22 41 12 1688
5822 4 2 0 1 12 1667 1688 41
5823 4 2 0 1 116 114 164 70
5824 4 2 0 1 1683 1498 920 1677
5825 4 2 0 1 151 510 1738 1443
5826 4 2 0 1 1330 1053 1245 1654
5827 4 2 0 1 753 1789 933 1787
5828 4 2 0 1 1768 1076 1490 939
5829 4 2 0 1 954 1684 244 1517
5830 4 2 0 1 1684 1200 1517 954
5831 4 2 0 1 1200 1409 954 1684
5832 4 2 0 1 954 1684 1409 244
5833 4 2 0 1 1392 801 924 1286
5834 4 2 0 1 1286 801 924 1400
5835 4 2 0 1 801 1652 924 1400
5836 4 2 0 1 1637 299 1638 1670
5837 4 2 0 1 1517 1683 1670 299
5838 4 2 0 1 250 1683 1517 299
5839 4 2 0 1 730 1184 1478 1146
5840 4 2 0 1 1286 1392 233 1678
5841 4 2 0 1 1685 1556 834 1431
5842 4 2 0 1 1765 1687 478 473
5843 4 2 0 1 415 355 921 411
5844 4 2 0 1 1477 1656 1806 152
5845 4 2 0 1 865 1015 1722 945
5846 4 2 0 1 1707 1686 431 953
5847 4 2 0 1 1185 1484 1396 1807
5848 4 2 0 1 1290 1477 1691 1806
5849 4 2 0 1 1478 1456 1320 1184
5850 4 2 0 1 1478 1184 1320 1405
5851 4 2 0 1 90 1640 1681 159
5852 4 2 0 1 1161 1139 1687 1225
5853 4 2 0 1 214 1747 143 1679
5854 4 2 0 1 1276 1606 388 1610
5855 4 2 0 1 335 1344 1199 1194
5856 4 2 0 1 1199 258 1344 335
5857 4 2 0 1 1628 1805 1666 1322
5858 4 2 0 1 1655 59 1565 21
5859 4 2 0 1 59 94 1655 1565
5860 4 2 0 1 332 258 1419 344
5861 4 2 0 1 332 1419 1188 344
5862 4 2 0 1 332 344 1188 1348
5863 4 2 0 1 335 258 332 344
5864 4 2 0 1 1348 332 344 335
5865 4 2 0 1 460 1146 844 482
5866 4 2 0 1 1146 1149 844 482
5867 4 2 0 1 454 430 455 432
5868 4 2 0 1 1521 1267 131 1237
5869 4 2 0 1 1465 258 1399 1410
5870 4 2 0 1 1681 171 67 1612
5871 4 2 0 1 1566 1510 1621 1353
5872 4 2 0 1 94 159 1556 1565
5873 4 2 0 1 94 1556 1655 1565
5874 4 2 0 1 1368 1225 1161 1687
5875 4 2 0 1 1765 1181 1687 473
5876 4 2 0 1 1131 791 1767 996
5877 4 2 0 1 445 507 477 1645
5878 4 2 0 1 1795 1427 753 1788
5879 4 2 0 1 1180 73 172 87
5880 4 2 0 1 1766 172 73 87
5881 4 2 0 1 1125 246 261 1223
5882 4 2 0 1 1199 1125 261 1291
5883 4 2 0 1 1125 1223 261 1291
5884 4 2 0 1 326 1775 1089 509
5885 4 2 0 1 509 534 1702 1089
5886 4 2 0 1 90 67 1565 50
5887 4 2 0 1 1565 90 50 59
5888 4 2 0 1 1726 378 372 349
5889 4 2 0 1 220 1747 143 1094
5890 4 2 0 1 1670 1683 1072 268
5891 4 2 0 1 1200 1372 1072 1683
5892 4 2 0 1 1683 1372 1498 1677
5893 4 2 0 1 1200 253 1409 1684
5894 4 2 0 1 226 1412 174 1436
5895 4 2 0 1 946 1121 722 518
5896 4 2 0 1 1581 1139 702 1225
5897 4 2 0 1 1517 1200 1683 954
5898 4 2 0 1 1674 428 1673 399
5899 4 2 0 1 399 1662 1673 1674
5900 4 2 0 1 136 81 1461 1531
5901 4 2 0 1 136 81 1531 1515
5902 4 2 0 1 1621 1498 1372 1677
5903 4 2 0 1 1181 1190 1687 1161
5904 4 2 0 1 1190 1765 1181 1687
5905 4 2 0 1 214 1747 1737 1757
5906 4 2 0 1 131 1247 1532 1272
5907 4 2 0 1 1587 1101 202 204
5908 4 2 0 1 1136 473 1121 462
5909 4 2 0 1 391 363 331 310
5910 4 2 0 1 47 6 42 75
5911 4 2 0 1 53 6 3 47
5912 4 2 0 1 4 6 42 47
5913 4 2 0 1 3 6 4 47
5914 4 2 0 1 1660 770 49 10
5915 4 2 0 1 1668 1361 313 308
5916 4 2 0 1 313 1668 219 1361
5917 4 2 0 1 323 1779 308 217
5918 4 2 0 1 77 1002 176 653
5919 4 2 0 1 178 176 158 75
5920 4 2 0 1 95 158 75 91
5921 4 2 0 1 176 95 77 653
5922 4 2 0 1 234 1555 225 1727
5923 4 2 0 1 146 1679 214 144
5924 4 2 0 1 544 585 1331 533
5925 4 2 0 1 1084 1738 1641 1037
5926 4 2 0 1 394 386 359 381
5927 4 2 0 1 345 386 359 394
5928 4 2 0 1 359 386 306 351
5929 4 2 0 1 788 605 604 990
5930 4 2 0 1 638 604 694 728
5931 4 2 0 1 35 60 40 1804
5932 4 2 0 1 294 297 296 1790
5933 4 2 0 1 249 1452 800 1549
5934 4 2 0 1 359 383 309 387
5935 4 2 0 1 387 383 309 343
5936 4 2 0 1 1653 940 1648 1704
5937 4 2 0 1 1752 183 68 1733
5938 4 2 0 1 196 1607 277 194
5939 4 2 0 1 571 1705 587 1693
5940 4 2 0 1 360 331 319 314
5941 4 2 0 1 360 331 310 391
5942 4 2 0 1 927 824 1706 1124
5943 4 2 0 1 1027 273 196 277
5944 4 2 0 1 110 1784 57 109
5945 4 2 0 1 223 220 1094 216
5946 4 2 0 1 1333 320 295 317
5947 4 2 0 1 40 17 1804 25
5948 4 2 0 1 215 145 1052 212
5949 4 2 0 1 209 1634 1351 1733
5950 4 2 0 1 156 158 193 653
5951 4 2 0 1 1240 1620 1775 980
5952 4 2 0 1 216 314 1721 223
5953 4 2 0 1 1180 172 173 87
5954 4 2 0 1 1074 1761 1180 73
5955 4 2 0 1 512 605 1743 788
5956 4 2 0 1 1620 1077 1710 431
5957 4 2 0 1 455 483 556 504
5958 4 2 0 1 504 483 531 516
5959 4 2 0 1 504 483 556 531
5960 4 2 0 1 1259 1491 1526 1690
5961 4 2 0 1 148 1690 1591 1491
5962 4 2 0 1 1259 1690 1526 1496
5963 4 2 0 1 1236 857 1289 1741
5964 4 2 0 1 531 543 562 516
5965 4 2 0 1 594 543 562 531
5966 4 2 0 1 507 543 516 477
5967 4 2 0 1 1773 543 531 507
5968 4 2 0 1 594 543 531 1773
5969 4 2 0 1 569 543 537 594
5970 4 2 0 1 520 543 537 569
5971 4 2 0 1 1773 543 507 1645
5972 4 2 0 1 26 1712 68 63
5973 4 2 0 1 361 312 376 323
5974 4 2 0 1 1475 251 337 1746
5975 4 2 0 1 589 1693 1624 513
5976 4 2 0 1 560 1693 1624 589
5977 4 2 0 1 1786 1120 1338 461
5978 4 2 0 1 560 1693 589 1595
5979 4 2 0 1 565 554 589 533
5980 4 2 0 1 476 1297 554 1701
5981 4 2 0 1 554 565 589 513
5982 4 2 0 1 109 107 60 110
5983 4 2 0 1 871 1774 107 163
5984 4 2 0 1 75 176 95 77
5985 4 2 0 1 95 158 653 176
5986 4 2 0 1 53 92 93 87
5987 4 2 0 1 384 406 362 404
5988 4 2 0 1 1606 1610 1380 1800
5989 4 2 0 1 1380 1339 1606 1800
5990 4 2 0 1 1345 567 1459 1751
5991 4 2 0 1 984 1718 979 891
5992 4 2 0 1 586 598 1764 782
5993 4 2 0 1 506 782 549 586
5994 4 2 0 1 1741 148 1690 147
5995 4 2 0 1 1740 1588 1738 1279
5996 4 2 0 1 1426 64 1214 347
5997 4 2 0 1 420 430 1754 1499
5998 4 2 0 1 516 452 504 1696
5999 4 2 0 1 531 507 516 483
6000 4 2 0 1 1523 1770 1381 169
6001 4 2 0 1 671 633 868 987
6002 4 2 0 1 227 282 281 1142
6003 4 2 0 1 282 1142 1697 1615
6004 4 2 0 1 285 282 1697 1616
6005 4 2 0 1 282 1615 1697 1616
6006 4 2 0 1 849 1699 189 1244
6007 4 2 0 1 776 1699 1568 849
6008 4 2 0 1 275 1403 194 277
6009 4 2 0 1 1615 796 978 854
6010 4 2 0 1 1778 1467 1306 1017
6011 4 2 0 1 1746 346 1500 1546
6012 4 2 0 1 1141 303 1736 1762
6013 4 2 0 1 290 1189 1052 322
6014 4 2 0 1 343 1189 309 290
6015 4 2 0 1 1146 1149 1424 844
6016 4 2 0 1 1261 1761 85 73
6017 4 2 0 1 194 159 175 157
6018 4 2 0 1 217 219 1333 1592
6019 4 2 0 1 313 1361 312 308
6020 4 2 0 1 217 312 308 311
6021 4 2 0 1 1330 1245 1323 1574
6022 4 2 0 1 371 292 349 373
6023 4 2 0 1 373 349 1745 292
6024 4 2 0 1 1701 472 1297 1724
6025 4 2 0 1 1089 472 1701 1702
6026 4 2 0 1 509 548 1775 1702
6027 4 2 0 1 524 595 532 509
6028 4 2 0 1 476 1701 554 533
6029 4 2 0 1 595 596 532 548
6030 4 2 0 1 532 596 593 548
6031 4 2 0 1 533 1701 554 1379
6032 4 2 0 1 110 113 1784 166
6033 4 2 0 1 866 1768 1057 1651
6034 4 2 0 1 267 1721 319 223
6035 4 2 0 1 1495 1757 216 1322
6036 4 2 0 1 276 1564 270 1044
6037 4 2 0 1 1564 1429 1759 1781
6038 4 2 0 1 782 525 618 1763
6039 4 2 0 1 433 426 1801 467
6040 4 2 0 1 1462 493 1358 453
6041 4 2 0 1 1747 314 220 1753
6042 4 2 0 1 544 476 513 565
6043 4 2 0 1 663 513 1219 1148
6044 4 2 0 1 1766 172 87 173
6045 4 2 0 1 45 111 1752 115
6046 4 2 0 1 326 1775 1240 1089
6047 4 2 0 1 446 1707 997 440
6048 4 2 0 1 565 544 533 585
6049 4 2 0 1 472 1702 1775 548
6050 4 2 0 1 731 476 544 533
6051 4 2 0 1 1192 1099 741 1159
6052 4 2 0 1 522 911 680 1009
6053 4 2 0 1 1196 1601 1099 905
6054 4 2 0 1 927 824 846 1706
6055 4 2 0 1 95 154 87 93
6056 4 2 0 1 1786 567 1501 1345
6057 4 2 0 1 1803 1682 1523 183
6058 4 2 0 1 180 1137 583 210
6059 4 2 0 1 843 229 296 1726
6060 4 2 0 1 229 297 228 296
6061 4 2 0 1 296 228 1790 297
6062 4 2 0 1 1715 316 229 297
6063 4 2 0 1 59 1792 1007 94
6064 4 2 0 1 561 1744 511 1705
6065 4 2 0 1 1335 426 453 486
6066 4 2 0 1 275 271 1796 277
6067 4 2 0 1 1440 1586 1324 1312
6068 4 2 0 1 1769 412 1264 1077
6069 4 2 0 1 1077 476 1089 1264
6070 4 2 0 1 837 609 597 1742
6071 4 2 0 1 1255 142 1257 973
6072 4 2 0 1 982 1270 143 863
6073 4 2 0 1 221 169 1698 1699
6074 4 2 0 1 149 1052 221 1780
6075 4 2 0 1 1698 221 215 1780
6076 4 2 0 1 275 960 1403 277
6077 4 2 0 1 1573 211 1453 1574
6078 4 2 0 1 1784 70 118 166
6079 4 2 0 1 724 1623 1584 1792
6080 4 2 0 1 157 1584 175 160
6081 4 2 0 1 843 294 1242 349
6082 4 2 0 1 294 843 296 349
6083 4 2 0 1 843 1326 1714 1790
6084 4 2 0 1 111 1752 115 1780
6085 4 2 0 1 1780 215 1733 145
6086 4 2 0 1 331 393 391 360
6087 4 2 0 1 1753 319 265 1715
6088 4 2 0 1 358 319 385 267
6089 4 2 0 1 277 273 271 1735
6090 4 2 0 1 1524 1387 1415 1097
6091 4 2 0 1 1797 178 176 1002
6092 4 2 0 1 1002 712 176 653
6093 4 2 0 1 540 334 1111 712
6094 4 2 0 1 1457 1796 960 353
6095 4 2 0 1 1665 1288 1717 678
6096 4 2 0 1 1700 325 1230 459
6097 4 2 0 1 657 132 1729 718
6098 4 2 0 1 769 432 1778 1319
6099 4 2 0 1 358 1721 319 267
6100 4 2 0 1 46 29 13 57
6101 4 2 0 1 145 149 1052 212
6102 4 2 0 1 30 28 1235 61
6103 4 2 0 1 61 28 13 30
6104 4 2 0 1 1720 1772 1503 1109
6105 4 2 0 1 836 472 566 575
6106 4 2 0 1 541 472 566 836
6107 4 2 0 1 1201 472 1586 1324
6108 4 2 0 1 1737 216 1721 1495
6109 4 2 0 1 1322 1721 216 1495
6110 4 2 0 1 348 399 661 365
6111 4 2 0 1 50 52 27 20
6112 4 2 0 1 580 569 485 1439
6113 4 2 0 1 504 439 452 1791
6114 4 2 0 1 31 53 77 6
6115 4 2 0 1 93 95 77 53
6116 4 2 0 1 178 75 1797 176
6117 4 2 0 1 683 452 1791 504
6118 4 2 0 1 1714 311 293 294
6119 4 2 0 1 1714 311 255 293
6120 4 2 0 1 639 1087 597 610
6121 4 2 0 1 1255 1096 1582 1316
6122 4 2 0 1 467 426 1801 382
6123 4 2 0 1 610 949 597 1742
6124 4 2 0 1 608 512 643 644
6125 4 2 0 1 608 512 644 605
6126 4 2 0 1 605 512 1743 608
6127 4 2 0 1 605 990 512 1597
6128 4 2 0 1 425 1710 431 1109
6129 4 2 0 1 1764 1723 598 624
6130 4 2 0 1 523 496 556 504
6131 4 2 0 1 439 496 504 455
6132 4 2 0 1 20 52 27 1
6133 4 2 0 1 565 1744 513 544
6134 4 2 0 1 1769 1207 1206 851
6135 4 2 0 1 1696 516 483 504
6136 4 2 0 1 610 639 922 636
6137 4 2 0 1 866 1050 1768 821
6138 4 2 0 1 2 10 49 54
6139 4 2 0 1 1727 295 224 1333
6140 4 2 0 1 1259 882 1491 1690
6141 4 2 0 1 225 1555 1168 232
6142 4 2 0 1 1591 1491 1690 1526
6143 4 2 0 1 485 561 511 461
6144 4 2 0 1 919 1729 1700 795
6145 4 2 0 1 749 922 474 1700
6146 4 2 0 1 361 308 323 351
6147 4 2 0 1 166 70 164 113
6148 4 2 0 1 771 796 852 727
6149 4 2 0 1 1588 1738 578 761
6150 4 2 0 1 1084 1209 1740 1037
6151 4 2 0 1 163 1760 1481 1619
6152 4 2 0 1 1375 1579 318 1675
6153 4 2 0 1 1011 1686 1775 442
6154 4 2 0 1 422 442 764 1772
6155 4 2 0 1 1686 1240 953 1775
6156 4 2 0 1 442 1775 1350 1620
6157 4 2 0 1 513 544 1705 663
6158 4 2 0 1 227 162 1733 1070
6159 4 2 0 1 227 162 1758 1682
6160 4 2 0 1 1703 1758 1544 162
6161 4 2 0 1 765 848 437 1720
6162 4 2 0 1 1720 1772 765 441
6163 4 2 0 1 382 402 1644 1801
6164 4 2 0 1 349 374 372 294
6165 4 2 0 1 183 1523 1698 1780
6166 4 2 0 1 1698 1697 1780 215
6167 4 2 0 1 221 1698 169 1780
6168 4 2 0 1 1735 1195 273 269
6169 4 2 0 1 288 214 1736 324
6170 4 2 0 1 210 214 1736 288
6171 4 2 0 1 692 1737 324 214
6172 4 2 0 1 214 324 692 1736
6173 4 2 0 1 839 1794 1740 1777
6174 4 2 0 1 1447 1423 1561 1739
6175 4 2 0 1 371 293 368 349
6176 4 2 0 1 1039 293 1242 1714
6177 4 2 0 1 294 293 1714 1242
6178 4 2 0 1 349 292 1242 1745
6179 4 2 0 1 567 586 699 506
6180 4 2 0 1 470 699 506 1459
6181 4 2 0 1 506 567 1459 699
6182 4 2 0 1 1037 1084 1738 1740
6183 4 2 0 1 1037 836 575 472
6184 4 2 0 1 1740 1279 1777 1794
6185 4 2 0 1 807 1401 550 1170
6186 4 2 0 1 717 599 1401 620
6187 4 2 0 1 161 69 1774 163
6188 4 2 0 1 1754 430 439 452
6189 4 2 0 1 420 430 439 1754
6190 4 2 0 1 444 430 454 1602
6191 4 2 0 1 497 444 430 454
6192 4 2 0 1 1157 1544 1703 1212
6193 4 2 0 1 1703 1544 1758 1212
6194 4 2 0 1 113 164 166 110
6195 4 2 0 1 69 33 110 114
6196 4 2 0 1 70 166 164 185
6197 4 2 0 1 430 1543 420 432
6198 4 2 0 1 532 509 865 524
6199 4 2 0 1 288 1757 210 214
6200 4 2 0 1 1737 288 1757 1495
6201 4 2 0 1 54 7 2 10
6202 4 2 0 1 1535 148 1741 147
6203 4 2 0 1 27 50 14 67
6204 4 2 0 1 1705 511 561 461
6205 4 2 0 1 467 1439 511 485
6206 4 2 0 1 561 571 1744 1705
6207 4 2 0 1 1705 1744 513 571
6208 4 2 0 1 1705 571 513 1693
6209 4 2 0 1 1761 73 172 1180
6210 4 2 0 1 222 213 899 1747
6211 4 2 0 1 1293 150 83 770
6212 4 2 0 1 1097 1475 1387 1746
6213 4 2 0 1 205 1762 210 141
6214 4 2 0 1 141 146 1762 210
6215 4 2 0 1 113 70 46 71
6216 4 2 0 1 113 70 114 46
6217 4 2 0 1 46 70 114 34
6218 4 2 0 1 1536 1547 1798 1659
6219 4 2 0 1 55 1792 1131 1163
6220 4 2 0 1 55 52 1792 59
6221 4 2 0 1 89 52 830 1792
6222 4 2 0 1 1640 171 67 1681
6223 4 2 0 1 1436 1536 153 226
6224 4 2 0 1 1798 1536 153 1436
6225 4 2 0 1 1746 1097 251 1056
6226 4 2 0 1 196 1027 1412 273
6227 4 2 0 1 1746 251 1097 1475
6228 4 2 0 1 1798 1442 1304 1547
6229 4 2 0 1 1536 1547 1436 1798
6230 4 2 0 1 54 87 53 47
6231 4 2 0 1 452 1754 1791 439
6232 4 2 0 1 452 683 1791 1732
6233 4 2 0 1 420 1754 439 1791
6234 4 2 0 1 438 1695 382 1748
6235 4 2 0 1 1533 321 260 253
6236 4 2 0 1 271 1533 269 1691
6237 4 2 0 1 1691 1793 271 1533
6238 4 2 0 1 912 199 284 238
6239 4 2 0 1 1698 199 1523 1803
6240 4 2 0 1 548 509 595 534
6241 4 2 0 1 524 534 595 509
6242 4 2 0 1 397 320 376 369
6243 4 2 0 1 1801 1649 438 382
6244 4 2 0 1 382 1695 1321 1748
6245 4 2 0 1 1695 1435 661 726
6246 4 2 0 1 1435 1613 1748 684
6247 4 2 0 1 1695 684 1435 1748
6248 4 2 0 1 963 1317 192 1781
6249 4 2 0 1 513 476 544 663
6250 4 2 0 1 238 1682 199 1803
6251 4 2 0 1 399 1674 661 1662
6252 4 2 0 1 95 91 75 53
6253 4 2 0 1 1542 1691 1796 275
6254 4 2 0 1 331 1715 222 955
6255 4 2 0 1 319 1753 331 1715
6256 4 2 0 1 233 1715 1753 265
6257 4 2 0 1 220 863 1094 143
6258 4 2 0 1 220 899 1753 863
6259 4 2 0 1 1663 223 1756 1322
6260 4 2 0 1 452 439 504 1696
6261 4 2 0 1 467 461 485 511
6262 4 2 0 1 476 533 565 544
6263 4 2 0 1 1004 270 1632 1410
6264 4 2 0 1 146 210 144 1757
6265 4 2 0 1 1755 706 111 62
6266 4 2 0 1 513 544 1744 1705
6267 4 2 0 1 511 544 1705 1744
6268 4 2 0 1 295 315 225 1790
6269 4 2 0 1 225 1441 1168 1555
6270 4 2 0 1 1671 1801 1644 402
6271 4 2 0 1 369 396 397 320
6272 4 2 0 1 376 320 312 369
6273 4 2 0 1 216 223 1721 1322
6274 4 2 0 1 1322 223 1721 267
6275 4 2 0 1 180 1776 144 210
6276 4 2 0 1 210 1776 144 1322
6277 4 2 0 1 70 116 185 164
6278 4 2 0 1 146 214 210 1757
6279 4 2 0 1 1757 1737 214 288
6280 4 2 0 1 144 1322 216 1757
6281 4 2 0 1 286 1783 1628 1669
6282 4 2 0 1 1735 269 1013 1387
6283 4 2 0 1 1793 253 257 321
6284 4 2 0 1 213 1745 955 222
6285 4 2 0 1 563 593 517 532
6286 4 2 0 1 48 100 58 44
6287 4 2 0 1 44 100 706 98
6288 4 2 0 1 112 100 58 74
6289 4 2 0 1 1770 100 706 112
6290 4 2 0 1 507 483 497 444
6291 4 2 0 1 1629 1786 1329 1345
6292 4 2 0 1 1786 1731 1629 1645
6293 4 2 0 1 1786 1731 1345 1629
6294 4 2 0 1 383 366 309 343
6295 4 2 0 1 653 154 881 156
6296 4 2 0 1 849 1699 1244 907
6297 4 2 0 1 284 285 907 1616
6298 4 2 0 1 191 1429 1564 1781
6299 4 2 0 1 1766 158 192 191
6300 4 2 0 1 193 158 178 176
6301 4 2 0 1 1766 192 158 1328
6302 4 2 0 1 192 1781 191 272
6303 4 2 0 1 1429 1799 247 289
6304 4 2 0 1 1306 1750 1778 769
6305 4 2 0 1 1429 1564 1305 191
6306 4 2 0 1 1429 1759 289 1305
6307 4 2 0 1 192 1781 272 276
6308 4 2 0 1 1367 1044 1781 276
6309 4 2 0 1 602 1751 628 1127
6310 4 2 0 1 719 824 1706 1351
6311 4 2 0 1 1583 382 1644 921
6312 4 2 0 1 1770 1014 1653 1523
6313 4 2 0 1 896 86 656 1081
6314 4 2 0 1 754 86 959 798
6315 4 2 0 1 1755 111 1653 183
6316 4 2 0 1 404 692 362 324
6317 4 2 0 1 1322 1757 144 210
6318 4 2 0 1 571 1744 513 565
6319 4 2 0 1 684 428 435 1674
6320 4 2 0 1 414 1673 399 1662
6321 4 2 0 1 1711 485 438 684
6322 4 2 0 1 543 1645 485 477
6323 4 2 0 1 435 684 1711 428
6324 4 2 0 1 1714 1079 843 1242
6325 4 2 0 1 223 314 319 1753
6326 4 2 0 1 1702 533 1379 1701
6327 4 2 0 1 472 1089 1775 1702
6328 4 2 0 1 1527 1762 213 1078
6329 4 2 0 1 1762 210 146 214
6330 4 2 0 1 213 207 1078 1762
6331 4 2 0 1 216 1094 1756 144
6332 4 2 0 1 1756 1776 1322 144
6333 4 2 0 1 1322 216 223 1756
6334 4 2 0 1 516 507 531 543
6335 4 2 0 1 543 485 569 520
6336 4 2 0 1 53 76 93 49
6337 4 2 0 1 53 76 49 31
6338 4 2 0 1 93 1660 49 76
6339 4 2 0 1 2 23 31 49
6340 4 2 0 1 49 1660 23 31
6341 4 2 0 1 42 73 16 47
6342 4 2 0 1 47 91 75 73
6343 4 2 0 1 16 73 54 47
6344 4 2 0 1 65 73 87 54
6345 4 2 0 1 75 73 42 47
6346 4 2 0 1 87 91 47 73
6347 4 2 0 1 65 73 54 16
6348 4 2 0 1 47 73 54 87
6349 4 2 0 1 800 1038 1116 840
6350 4 2 0 1 1135 1038 998 800
6351 4 2 0 1 447 1794 1279 1740
6352 4 2 0 1 573 1763 598 710
6353 4 2 0 1 314 1753 331 319
6354 4 2 0 1 275 175 157 194
6355 4 2 0 1 1477 153 1691 1806
6356 4 2 0 1 449 1722 865 508
6357 4 2 0 1 1190 558 1028 1181
6358 4 2 0 1 1766 1328 91 73
6359 4 2 0 1 75 77 1797 176
6360 4 2 0 1 1261 73 172 1761
6361 4 2 0 1 1052 219 149 224
6362 4 2 0 1 1052 309 1668 1189
6363 4 2 0 1 1591 1690 149 1526
6364 4 2 0 1 149 1690 1496 1526
6365 4 2 0 1 1747 314 310 1737
6366 4 2 0 1 1322 1495 267 1721
6367 4 2 0 1 1774 1370 1277 181
6368 4 2 0 1 1032 382 1583 903
6369 4 2 0 1 1631 1707 326 242
6370 4 2 0 1 568 524 534 595
6371 4 2 0 1 595 532 596 1728
6372 4 2 0 1 1779 1361 212 308
6373 4 2 0 1 960 1395 935 1396
6374 4 2 0 1 300 291 278 1635
6375 4 2 0 1 1089 326 1631 1240
6376 4 2 0 1 431 1240 1077 1631
6377 4 2 0 1 1779 1245 1330 209
6378 4 2 0 1 1245 1535 212 1779
6379 4 2 0 1 163 107 182 166
6380 4 2 0 1 1538 1801 433 426
6381 4 2 0 1 1538 1801 426 1644
6382 4 2 0 1 1742 642 607 610
6383 4 2 0 1 610 642 658 1742
6384 4 2 0 1 35 1774 69 60
6385 4 2 0 1 1448 154 1293 173
6386 4 2 0 1 172 173 1766 190
6387 4 2 0 1 1293 154 150 770
6388 4 2 0 1 1770 1014 940 1653
6389 4 2 0 1 111 706 44 62
6390 4 2 0 1 111 98 44 706
6391 4 2 0 1 45 44 111 115
6392 4 2 0 1 111 1770 706 1653
6393 4 2 0 1 477 1645 507 543
6394 4 2 0 1 683 477 485 1711
6395 4 2 0 1 1696 507 483 516
6396 4 2 0 1 1710 1077 412 1769
6397 4 2 0 1 1112 665 256 663
6398 4 2 0 1 1775 1350 472 442
6399 4 2 0 1 1758 238 281 227
6400 4 2 0 1 1052 1668 219 1189
6401 4 2 0 1 1668 1189 309 313
6402 4 2 0 1 313 356 366 309
6403 4 2 0 1 1189 309 366 343
6404 4 2 0 1 309 308 359 306
6405 4 2 0 1 308 361 312 356
6406 4 2 0 1 146 144 210 180
6407 4 2 0 1 1711 438 683 452
6408 4 2 0 1 1754 452 684 1711
6409 4 2 0 1 9 12 15 63
6410 4 2 0 1 53 91 75 47
6411 4 2 0 1 449 489 446 1787
6412 4 2 0 1 1548 1201 353 412
6413 4 2 0 1 273 1027 1195 1735
6414 4 2 0 1 1735 1027 277 273
6415 4 2 0 1 346 1546 1056 923
6416 4 2 0 1 1097 1500 1746 1387
6417 4 2 0 1 94 1584 1007 1556
6418 4 2 0 1 346 1746 1056 1546
6419 4 2 0 1 889 1735 1444 1369
6420 4 2 0 1 319 1721 358 314
6421 4 2 0 1 382 1801 467 438
6422 4 2 0 1 363 692 310 362
6423 4 2 0 1 362 692 404 363
6424 4 2 0 1 13 29 46 34
6425 4 2 0 1 228 266 1725 1676
6426 4 2 0 1 1645 445 507 1773
6427 4 2 0 1 349 222 955 1745
6428 4 2 0 1 1679 213 899 957
6429 4 2 0 1 1645 1786 1338 461
6430 4 2 0 1 1338 1786 1645 1731
6431 4 2 0 1 1731 1773 497 444
6432 4 2 0 1 592 1773 531 497
6433 4 2 0 1 1002 97 540 653
6434 4 2 0 1 176 77 1797 1002
6435 4 2 0 1 1792 1656 1623 1806
6436 4 2 0 1 1620 1240 1775 1089
6437 4 2 0 1 1776 165 982 1756
6438 4 2 0 1 60 69 107 1774
6439 4 2 0 1 1751 602 628 626
6440 4 2 0 1 626 600 598 586
6441 4 2 0 1 220 863 1262 1094
6442 4 2 0 1 493 519 440 453
6443 4 2 0 1 249 1241 800 1283
6444 4 2 0 1 479 532 517 490
6445 4 2 0 1 490 532 548 479
6446 4 2 0 1 1500 1097 1746 1546
6447 4 2 0 1 362 391 404 409
6448 4 2 0 1 362 310 363 391
6449 4 2 0 1 71 70 1784 113
6450 4 2 0 1 1694 1358 1458 1335
6451 4 2 0 1 356 359 308 351
6452 4 2 0 1 386 405 359 381
6453 4 2 0 1 356 405 361 407
6454 4 2 0 1 351 405 361 356
6455 4 2 0 1 461 485 1695 467
6456 4 2 0 1 467 485 1695 438
6457 4 2 0 1 1308 544 1705 511
6458 4 2 0 1 435 1695 461 485
6459 4 2 0 1 653 158 193 176
6460 4 2 0 1 1317 1132 1429 1781
6461 4 2 0 1 289 800 1799 247
6462 4 2 0 1 451 699 1459 567
6463 4 2 0 1 1174 1719 448 790
6464 4 2 0 1 1135 1038 840 1719
6465 4 2 0 1 1770 98 1381 169
6466 4 2 0 1 1523 111 115 1780
6467 4 2 0 1 1017 1306 993 850
6468 4 2 0 1 314 1737 1721 358
6469 4 2 0 1 219 1052 149 1361
6470 4 2 0 1 1052 1668 1361 219
6471 4 2 0 1 383 309 366 356
6472 4 2 0 1 322 1189 366 343
6473 4 2 0 1 1597 605 644 512
6474 4 2 0 1 899 143 1747 1679
6475 4 2 0 1 146 214 1527 1762
6476 4 2 0 1 1679 214 1747 1527
6477 4 2 0 1 351 306 308 323
6478 4 2 0 1 323 306 318 351
6479 4 2 0 1 87 154 92 93
6480 4 2 0 1 53 95 91 87
6481 4 2 0 1 89 67 90 50
6482 4 2 0 1 1714 311 1790 225
6483 4 2 0 1 1326 1714 1790 225
6484 4 2 0 1 1654 1741 1245 1535
6485 4 2 0 1 1215 1457 1796 1793
6486 4 2 0 1 422 960 1720 1548
6487 4 2 0 1 1354 1586 1576 1807
6488 4 2 0 1 1395 422 960 1720
6489 4 2 0 1 441 1395 1720 422
6490 4 2 0 1 353 960 1457 1548
6491 4 2 0 1 1238 915 1451 1049
6492 4 2 0 1 1343 1354 1807 1383
6493 4 2 0 1 1780 1697 1698 183
6494 4 2 0 1 1351 1332 209 1733
6495 4 2 0 1 209 1697 215 1733
6496 4 2 0 1 1496 221 169 1780
6497 4 2 0 1 1752 1780 1193 115
6498 4 2 0 1 215 1697 1780 1733
6499 4 2 0 1 1138 910 1070 1733
6500 4 2 0 1 226 196 174 1412
6501 4 2 0 1 1195 1412 273 226
6502 4 2 0 1 1660 653 76 156
6503 4 2 0 1 653 156 1660 154
6504 4 2 0 1 1478 730 1456 1184
6505 4 2 0 1 967 730 1424 1146
6506 4 2 0 1 1092 1132 1781 1429
6507 4 2 0 1 1602 432 430 454
6508 4 2 0 1 1280 454 1751 1750
6509 4 2 0 1 211 1330 1323 1574
6510 4 2 0 1 323 311 217 308
6511 4 2 0 1 225 1333 295 1727
6512 4 2 0 1 311 217 255 323
6513 4 2 0 1 1785 182 1782 165
6514 4 2 0 1 1319 827 334 1175
6515 4 2 0 1 1481 1346 1760 1197
6516 4 2 0 1 634 974 1729 657
6517 4 2 0 1 769 1306 993 1017
6518 4 2 0 1 49 1660 31 76
6519 4 2 0 1 1264 1769 908 851
6520 4 2 0 1 1695 1308 461 467
6521 4 2 0 1 511 1308 486 467
6522 4 2 0 1 1308 663 488 1705
6523 4 2 0 1 461 1308 511 467
6524 4 2 0 1 1693 1569 1148 1705
6525 4 2 0 1 908 1264 1077 1769
6526 4 2 0 1 586 506 782 699
6527 4 2 0 1 600 1386 621 618
6528 4 2 0 1 598 1763 782 618
6529 4 2 0 1 585 533 519 1331
6530 4 2 0 1 509 524 534 1707
6531 4 2 0 1 1728 595 532 524
6532 4 2 0 1 953 509 865 1775
6533 4 2 0 1 595 509 548 532
6534 4 2 0 1 524 509 865 1707
6535 4 2 0 1 109 107 110 1784
6536 4 2 0 1 1784 57 71 113
6537 4 2 0 1 28 71 1235 57
6538 4 2 0 1 118 166 184 165
6539 4 2 0 1 113 57 71 46
6540 4 2 0 1 71 57 29 46
6541 4 2 0 1 26 62 63 68
6542 4 2 0 1 1322 1782 1776 165
6543 4 2 0 1 184 1065 1614 195
6544 4 2 0 1 17 1804 72 871
6545 4 2 0 1 60 1804 109 61
6546 4 2 0 1 159 1607 194 175
6547 4 2 0 1 1631 533 1089 476
6548 4 2 0 1 485 511 561 580
6549 4 2 0 1 426 382 1644 1801
6550 4 2 0 1 477 430 452 1696
6551 4 2 0 1 428 684 1711 1754
6552 4 2 0 1 428 1754 1711 477
6553 4 2 0 1 400 384 357 288
6554 4 2 0 1 406 384 357 400
6555 4 2 0 1 144 146 1679 1605
6556 4 2 0 1 1270 144 1679 1605
6557 4 2 0 1 91 47 53 87
6558 4 2 0 1 54 770 10 49
6559 4 2 0 1 92 1660 770 49
6560 4 2 0 1 87 92 770 54
6561 4 2 0 1 54 92 770 49
6562 4 2 0 1 399 365 1662 661
6563 4 2 0 1 730 1146 1478 463
6564 4 2 0 1 1720 1772 427 765
6565 4 2 0 1 479 484 1011 548
6566 4 2 0 1 997 1787 449 446
6567 4 2 0 1 976 781 449 1787
6568 4 2 0 1 508 524 865 1707
6569 4 2 0 1 1089 476 1701 1297
6570 4 2 0 1 1631 533 326 1089
6571 4 2 0 1 1631 533 242 326
6572 4 2 0 1 1701 1089 1702 533
6573 4 2 0 1 1773 445 507 444
6574 4 2 0 1 439 496 1791 504
6575 4 2 0 1 504 501 496 1791
6576 4 2 0 1 504 501 1791 683
6577 4 2 0 1 497 581 546 556
6578 4 2 0 1 592 581 497 531
6579 4 2 0 1 531 581 572 592
6580 4 2 0 1 556 581 572 531
6581 4 2 0 1 455 497 430 454
6582 4 2 0 1 497 483 430 444
6583 4 2 0 1 497 483 455 430
6584 4 2 0 1 439 1696 452 430
6585 4 2 0 1 430 455 1696 483
6586 4 2 0 1 455 1696 439 430
6587 4 2 0 1 516 477 452 1696
6588 4 2 0 1 683 452 516 477
6589 4 2 0 1 153 1806 1656 1681
6590 4 2 0 1 1542 157 1806 275
6591 4 2 0 1 326 1631 431 1707
6592 4 2 0 1 26 63 62 9
6593 4 2 0 1 228 266 1790 1725
6594 4 2 0 1 1586 472 1576 1807
6595 4 2 0 1 1748 1732 1649 438
6596 4 2 0 1 192 1781 1317 191
6597 4 2 0 1 276 272 1564 1781
6598 4 2 0 1 110 107 166 1784
6599 4 2 0 1 247 800 1283 289
6600 4 2 0 1 1752 62 111 45
6601 4 2 0 1 1755 1752 62 111
6602 4 2 0 1 59 94 1007 1655
6603 4 2 0 1 686 693 582 591
6604 4 2 0 1 566 1522 836 693
6605 4 2 0 1 1124 1706 927 1377
6606 4 2 0 1 95 156 653 158
6607 4 2 0 1 95 176 75 158
6608 4 2 0 1 76 156 93 1660
6609 4 2 0 1 1660 653 97 76
6610 4 2 0 1 76 156 653 95
6611 4 2 0 1 95 156 93 76
6612 4 2 0 1 291 725 301 278
6613 4 2 0 1 72 61 30 1235
6614 4 2 0 1 866 1050 1057 1768
6615 4 2 0 1 687 721 772 1069
6616 4 2 0 1 504 455 483 1696
6617 4 2 0 1 405 356 359 381
6618 4 2 0 1 158 75 91 1328
6619 4 2 0 1 91 158 1328 1766
6620 4 2 0 1 192 178 193 158
6621 4 2 0 1 1699 224 1259 232
6622 4 2 0 1 214 1747 310 1737
6623 4 2 0 1 1784 182 109 107
6624 4 2 0 1 1785 165 1782 1322
6625 4 2 0 1 1235 109 72 61
6626 4 2 0 1 1785 1782 1802 1805
6627 4 2 0 1 220 1747 1757 1737
6628 4 2 0 1 214 1747 1757 1094
6629 4 2 0 1 220 1747 1094 1757
6630 4 2 0 1 1721 1737 1495 358
6631 4 2 0 1 1495 1737 357 358
6632 4 2 0 1 1757 216 1737 1495
6633 4 2 0 1 607 597 609 1742
6634 4 2 0 1 597 607 610 1742
6635 4 2 0 1 597 607 609 641
6636 4 2 0 1 597 607 640 610
6637 4 2 0 1 606 213 222 1745
6638 4 2 0 1 60 33 110 69
6639 4 2 0 1 46 110 33 114
6640 4 2 0 1 445 435 477 428
6641 4 2 0 1 1754 452 1711 477
6642 4 2 0 1 477 1754 452 430
6643 4 2 0 1 428 477 1711 435
6644 4 2 0 1 507 445 477 428
6645 4 2 0 1 508 1707 446 527
6646 4 2 0 1 184 118 186 809
6647 4 2 0 1 123 118 809 186
6648 4 2 0 1 809 986 185 70
6649 4 2 0 1 70 185 184 166
6650 4 2 0 1 409 393 385 360
6651 4 2 0 1 391 393 409 360
6652 4 2 0 1 409 385 389 360
6653 4 2 0 1 360 393 385 319
6654 4 2 0 1 297 1676 228 1725
6655 4 2 0 1 314 319 1721 223
6656 4 2 0 1 331 314 1747 1753
6657 4 2 0 1 331 222 1715 1753
6658 4 2 0 1 533 534 1089 1702
6659 4 2 0 1 1701 533 476 1089
6660 4 2 0 1 509 1089 1702 1775
6661 4 2 0 1 216 314 1737 1721
6662 4 2 0 1 216 220 1737 314
6663 4 2 0 1 220 1757 216 1737
6664 4 2 0 1 1737 314 310 362
6665 4 2 0 1 1737 358 314 362
6666 4 2 0 1 76 53 93 77
6667 4 2 0 1 95 77 53 75
6668 4 2 0 1 75 53 6 77
6669 4 2 0 1 109 107 871 1804
6670 4 2 0 1 863 1316 1262 1094
6671 4 2 0 1 982 186 184 118
6672 4 2 0 1 109 72 61 1804
6673 4 2 0 1 1568 776 169 1699
6674 4 2 0 1 163 161 197 1760
6675 4 2 0 1 1692 197 832 283
6676 4 2 0 1 1217 1692 832 283
6677 4 2 0 1 166 185 1692 164
6678 4 2 0 1 57 71 1235 1784
6679 4 2 0 1 57 71 29 28
6680 4 2 0 1 28 57 13 29
6681 4 2 0 1 524 519 527 568
6682 4 2 0 1 519 440 527 493
6683 4 2 0 1 753 1795 1788 1394
6684 4 2 0 1 227 183 1682 1803
6685 4 2 0 1 227 1808 183 1803
6686 4 2 0 1 1682 1523 199 1803
6687 4 2 0 1 282 285 1697 1808
6688 4 2 0 1 183 1808 1697 1698
6689 4 2 0 1 1766 190 191 172
6690 4 2 0 1 308 356 312 313
6691 4 2 0 1 313 369 366 356
6692 4 2 0 1 313 356 309 308
6693 4 2 0 1 313 366 1189 309
6694 4 2 0 1 1770 1653 111 183
6695 4 2 0 1 1803 285 282 1808
6696 4 2 0 1 1616 285 1698 1697
6697 4 2 0 1 1698 1808 1697 285
6698 4 2 0 1 1808 1803 285 1698
6699 4 2 0 1 1698 1803 183 1808
6700 4 2 0 1 1360 1807 1609 1483
6701 4 2 0 1 1796 275 277 960
6702 4 2 0 1 1691 1793 1290 1796
6703 4 2 0 1 1796 275 960 160
6704 4 2 0 1 1798 153 1536 1659
6705 4 2 0 1 1756 1307 1316 223
6706 4 2 0 1 1679 1527 146 214
6707 4 2 0 1 146 1527 141 1762
6708 4 2 0 1 1753 899 220 1747
6709 4 2 0 1 1262 863 220 1753
6710 4 2 0 1 1762 214 1527 1736
6711 4 2 0 1 214 1527 1736 692
6712 4 2 0 1 899 863 143 1679
6713 4 2 0 1 444 445 507 428
6714 4 2 0 1 19 55 1163 8
6715 4 2 0 1 59 55 36 1007
6716 4 2 0 1 1792 1806 1623 157
6717 4 2 0 1 1439 511 485 580
6718 4 2 0 1 267 358 1495 408
6719 4 2 0 1 358 408 385 389
6720 4 2 0 1 358 408 267 385
6721 4 2 0 1 358 1495 1721 267
6722 4 2 0 1 395 398 358 408
6723 4 2 0 1 398 408 1495 358
6724 4 2 0 1 154 1229 1660 653
6725 4 2 0 1 1308 511 486 544
6726 4 2 0 1 485 461 1645 561
6727 4 2 0 1 1338 561 1645 461
6728 4 2 0 1 1277 1370 1774 105
6729 4 2 0 1 103 181 766 1370
6730 4 2 0 1 508 1707 527 524
6731 4 2 0 1 320 312 369 313
6732 4 2 0 1 369 313 396 320
6733 4 2 0 1 366 317 322 410
6734 4 2 0 1 366 1189 317 313
6735 4 2 0 1 1189 317 322 366
6736 4 2 0 1 166 107 110 164
6737 4 2 0 1 280 197 1041 1760
6738 4 2 0 1 62 26 9 32
6739 4 2 0 1 26 37 32 62
6740 4 2 0 1 581 531 556 497
6741 4 2 0 1 556 497 483 455
6742 4 2 0 1 531 497 483 556
6743 4 2 0 1 386 405 351 359
6744 4 2 0 1 345 386 306 359
6745 4 2 0 1 1192 334 1202 741
6746 4 2 0 1 1159 825 1048 1797
6747 4 2 0 1 980 442 1775 1686
6748 4 2 0 1 1686 1775 980 1240
6749 4 2 0 1 1686 980 1772 1109
6750 4 2 0 1 277 960 1457 1796
6751 4 2 0 1 33 35 60 11
6752 4 2 0 1 18 1565 67 50
6753 4 2 0 1 1731 1773 445 1645
6754 4 2 0 1 60 107 69 110
6755 4 2 0 1 163 164 197 161
6756 4 2 0 1 430 477 428 507
6757 4 2 0 1 1771 1115 1723 1764
6758 4 2 0 1 1771 1723 1100 1764
6759 4 2 0 1 598 624 586 1764
6760 4 2 0 1 619 710 573 1723
6761 4 2 0 1 1100 1723 650 619
6762 4 2 0 1 1692 166 195 1373
6763 4 2 0 1 164 70 114 113
6764 4 2 0 1 153 1656 1806 1477
6765 4 2 0 1 537 683 504 516
6766 4 2 0 1 485 683 543 477
6767 4 2 0 1 683 516 543 477
6768 4 2 0 1 516 683 504 452
6769 4 2 0 1 683 1711 452 477
6770 4 2 0 1 63 1755 68 62
6771 4 2 0 1 1755 68 1712 63
6772 4 2 0 1 108 63 1755 1712
6773 4 2 0 1 1788 1506 1063 1572
6774 4 2 0 1 1707 527 440 446
6775 4 2 0 1 534 524 242 1707
6776 4 2 0 1 534 519 242 524
6777 4 2 0 1 524 242 1707 527
6778 4 2 0 1 461 1645 1786 1629
6779 4 2 0 1 477 445 1645 435
6780 4 2 0 1 1300 365 991 1662
6781 4 2 0 1 1501 567 1786 451
6782 4 2 0 1 73 1074 1761 85
6783 4 2 0 1 362 324 692 1737
6784 4 2 0 1 544 1705 663 1308
6785 4 2 0 1 388 399 414 413
6786 4 2 0 1 1759 1429 1800 1610
6787 4 2 0 1 1380 1759 1800 1610
6788 4 2 0 1 493 1462 486 453
6789 4 2 0 1 1697 1733 1808 183
6790 4 2 0 1 55 1007 59 1792
6791 4 2 0 1 1792 94 830 1681
6792 4 2 0 1 1242 606 1745 292
6793 4 2 0 1 1354 1807 1383 1586
6794 4 2 0 1 223 220 1753 1262
6795 4 2 0 1 320 311 1333 295
6796 4 2 0 1 1790 1725 266 295
6797 4 2 0 1 1727 295 1790 266
6798 4 2 0 1 1782 1805 1785 1322
6799 4 2 0 1 182 107 871 109
6800 4 2 0 1 1783 1669 1310 1666
6801 4 2 0 1 30 61 25 13
6802 4 2 0 1 30 61 72 1804
6803 4 2 0 1 1774 107 1804 871
6804 4 2 0 1 17 871 1774 1804
6805 4 2 0 1 13 61 57 28
6806 4 2 0 1 57 61 1235 28
6807 4 2 0 1 109 61 1235 57
6808 4 2 0 1 1235 1784 109 57
6809 4 2 0 1 1628 1669 1783 1666
6810 4 2 0 1 1774 871 181 163
6811 4 2 0 1 163 182 107 871
6812 4 2 0 1 30 1804 72 17
6813 4 2 0 1 61 1804 25 60
6814 4 2 0 1 60 1804 25 40
6815 4 2 0 1 107 1804 109 60
6816 4 2 0 1 182 181 871 163
6817 4 2 0 1 1356 1783 1628 1390
6818 4 2 0 1 1804 61 25 30
6819 4 2 0 1 60 1804 1774 107
6820 4 2 0 1 35 1804 1774 60
6821 4 2 0 1 1669 1628 286 1805
6822 4 2 0 1 1628 1805 1669 1666
6823 4 2 0 1 166 1784 107 182
6824 4 2 0 1 195 1614 1785 1805
6825 4 2 0 1 1756 165 184 1614
6826 4 2 0 1 1217 286 1692 283
6827 4 2 0 1 164 1434 1692 197
6828 4 2 0 1 1096 240 1582 188
6829 4 2 0 1 1753 1582 1262 231
6830 4 2 0 1 1756 1614 184 1307
6831 4 2 0 1 1582 1316 1096 186
6832 4 2 0 1 1792 1584 1007 94
6833 4 2 0 1 1710 412 353 1769
6834 4 2 0 1 893 680 1211 856
6835 4 2 0 1 157 1806 1681 1792
6836 4 2 0 1 1093 1460 1231 1374
6837 4 2 0 1 1792 1681 1656 1806
6838 4 2 0 1 157 159 1681 174
6839 4 2 0 1 575 151 1738 588
6840 4 2 0 1 575 588 591 566
6841 4 2 0 1 1051 66 791 1767
6842 4 2 0 1 1768 1076 1057 1490
6843 4 2 0 1 1581 469 975 1417
6844 4 2 0 1 575 151 1037 1738
6845 4 2 0 1 327 1793 1408 350
6846 4 2 0 1 1691 1806 275 1542
6847 4 2 0 1 1457 1793 271 1796
6848 4 2 0 1 1691 1796 275 271
6849 4 2 0 1 1796 1793 271 1691
6850 4 2 0 1 1034 833 1107 1404
6851 4 2 0 1 684 435 1711 485
6852 4 2 0 1 1711 477 485 435
6853 4 2 0 1 438 1439 467 485
6854 4 2 0 1 507 1696 477 516
6855 4 2 0 1 507 477 1696 430
6856 4 2 0 1 435 477 485 1645
6857 4 2 0 1 433 467 438 1439
6858 4 2 0 1 452 683 1732 438
6859 4 2 0 1 580 511 486 1439
6860 4 2 0 1 580 511 544 486
6861 4 2 0 1 486 511 467 1439
6862 4 2 0 1 585 544 486 1129
6863 4 2 0 1 1754 452 1791 684
6864 4 2 0 1 485 438 684 1695
6865 4 2 0 1 477 1754 430 428
6866 4 2 0 1 1696 507 430 483
6867 4 2 0 1 561 511 544 580
6868 4 2 0 1 165 1614 1785 195
6869 4 2 0 1 182 181 72 871
6870 4 2 0 1 103 1776 144 180
6871 4 2 0 1 1776 182 181 72
6872 4 2 0 1 180 181 103 1776
6873 4 2 0 1 1113 1700 459 901
6874 4 2 0 1 166 195 1373 184
6875 4 2 0 1 1575 1627 1411 1783
6876 4 2 0 1 184 195 165 166
6877 4 2 0 1 1784 118 71 1235
6878 4 2 0 1 279 1481 1802 1760
6879 4 2 0 1 1784 165 118 1235
6880 4 2 0 1 111 1755 1653 706
6881 4 2 0 1 111 98 706 1770
6882 4 2 0 1 115 44 111 98
6883 4 2 0 1 1780 1523 111 183
6884 4 2 0 1 1770 115 1523 111
6885 4 2 0 1 1698 1523 183 1803
6886 4 2 0 1 44 62 32 45
6887 4 2 0 1 38 45 44 32
6888 4 2 0 1 115 44 24 45
6889 4 2 0 1 48 44 24 98
6890 4 2 0 1 284 199 907 285
6891 4 2 0 1 1770 98 706 100
6892 4 2 0 1 285 907 1616 1698
6893 4 2 0 1 45 62 37 1752
6894 4 2 0 1 68 62 1755 1752
6895 4 2 0 1 183 1733 1780 1697
6896 4 2 0 1 115 1523 169 1770
6897 4 2 0 1 1697 1808 1733 1142
6898 4 2 0 1 1697 1808 1142 282
6899 4 2 0 1 26 62 68 1752
6900 4 2 0 1 1313 282 1616 1615
6901 4 2 0 1 285 284 282 1616
6902 4 2 0 1 100 44 48 98
6903 4 2 0 1 1313 282 1615 1142
6904 4 2 0 1 32 62 37 45
6905 4 2 0 1 183 1752 111 1780
6906 4 2 0 1 227 1808 1142 1733
6907 4 2 0 1 227 1733 183 1808
6908 4 2 0 1 1780 183 1752 1733
6909 4 2 0 1 37 62 26 1752
6910 4 2 0 1 98 44 24 115
6911 4 2 0 1 45 44 24 38
6912 4 2 0 1 1803 199 285 1698
$EndElements
