$MeshFormat
2.2 0 8
$EndMeshFormat
$Nodes
1200
1 -0.008710134774446487 0.08069860190153122 0.0270249992609024
2 -0.008582836017012596 0.07998110353946686 0.01445117499679327
3 -0.007934999652206898 0.08599076420068741 0.01404054835438728
4 -0.008747849613428116 0.08290296792984009 0.004025000147521496
5 -0.006584148854017258 0.08821293711662292 0.0270249992609024
6 -0.006310636177659035 0.07905397564172745 0.0166456401348114
7 -0.006697562523186207 0.08148128539323807 0.02502500079572201
8 -0.006559372413903475 0.08274362236261368 0.006025000009685755
9 -0.006282508838921785 0.08470860868692398 0.01591646112501621
10 -0.005200863350182772 0.08960498124361038 0.004025000147521496
11 -0.006002325098961592 0.08887495100498199 0.009829767979681492
12 -0.004545053467154503 0.08870454877614975 0.01571827754378319
13 -0.005685369949787855 0.06859509646892548 0.01548386178910732
14 -0.005579357035458088 0.08928649127483368 0.02020411007106304
15 -0.005502832587808371 0.06857145577669144 0.0270249992609024
16 -0.001128009404055774 0.09281303733587265 0.0270249992609024
17 -0.005009098444133997 0.06828411668539047 0.004025000147521496
18 -0.004681129939854145 0.07271923124790192 0.006025000009685755
19 -0.004681129939854145 0.07271923124790192 0.01552500016987324
20 -0.004075877368450165 0.07271923124790192 0.02393867075443268
21 -0.003007321851328015 0.08795283734798431 0.006025000009685755
22 -0.003846669336780906 0.08813715726137161 0.02433435060083866
23 -0.002541779773309827 0.08916934579610825 0.010924999602139
24 -0.002293125493451953 0.08936372399330139 0.0201249998062849
25 -0.002363852225244045 0.07071922719478607 0.009111138992011547
26 -0.001982954796403646 0.07071922719478607 0.0224033035337925
27 -0.002850690623745322 0.06784422695636749 0.008554711006581783
28 0.0001297608541790396 0.06854933500289917 0.007782781030982733
29 8.676754077896476e-05 0.06856319308280945 0.02292522415518761
30 0.003296698676422238 0.05765732005238533 0.008163154125213623
31 0.00267822528257966 0.05804110318422318 0.02290024794638157
32 0.002107980893924832 0.07271923124790192 0.02393662929534912
33 0.002037489553913474 0.07271923124790192 0.007312905509024858
34 0.002139153890311718 0.07271923124790192 0.01537123881280422
35 0.005282477010041475 0.04843417555093765 0.008485232479870319
36 0.004454249981790781 0.04829423129558563 0.022559879347682
37 0.004485609941184521 0.07635016739368439 0.02408445440232754
38 0.004266371950507164 0.07742390781641006 0.006025000009685755
39 0.007364127784967422 0.05921922996640205 0.01285902690142393
40 0.004333364311605692 0.07616465538740158 0.01447077933698893
41 0.009733622893691063 0.05921922996640205 0.02168305031955242
42 0.003509881906211376 0.0938999205827713 0.02422706782817841
43 0.005308085586875677 0.08748586475849152 0.01118023321032524
44 0.005348758772015572 0.08789882063865662 0.0207965299487114
45 0.005080198403447866 0.07366399466991425 0.01552500016987324
46 0.005388032644987106 0.06953778117895126 0.02296511083841324
47 0.004605849739164114 0.06953482329845428 0.007748379837721586
48 0.004837940447032452 0.0851428210735321 0.02502500079572201
49 0.004741391632705927 0.09486258774995804 0.006782091688364744
50 0.004429333843290806 0.09461865574121475 0.010924999602139
51 0.006360379979014397 0.09462147951126099 0.0201249998062849
52 0.005484845023602247 0.08852016180753708 0.02502500079572201
53 0.005808300338685513 0.07085209339857101 0.0270249992609024
54 0.00461827777326107 0.08876007050275803 0.006025000009685755
55 0.003919227980077267 0.07071922719478607 0.0163003820925951
56 0.004697897471487522 0.07218004018068314 0.004025000147521496
57 0.0050084856338799 0.07472003996372223 0.0270249992609024
58 0.002323046326637268 0.09551071375608444 0.02111135981976986
59 0.006062501110136509 0.08509901165962219 0.006802793592214584
60 0.006694256328046322 0.06784422695636749 0.01543932501226664
61 0.003995377570390701 0.09681797027587891 0.02657386101782322
62 0.007097787223756313 0.07747756689786911 0.01719874516129494
63 0.006346285343170166 0.07555676996707916 0.004025000147521496
64 0.0077628786675632 0.09404429793357849 0.004025000147521496
65 0.006924532353878021 0.09638601541519165 0.01077866274863482
66 0.006121112965047359 0.09272327274084091 0.0270249992609024
67 0.007604374550282955 0.03604808449745178 0.01021727547049522
68 0.006968715228140354 0.0385192297399044 0.02221852913498878
69 0.01393078826367855 0.07071922719478607 0.02268492430448532
70 0.006420861463993788 0.08466234058141708 0.01462072692811489
71 0.007771320175379515 0.09405533969402313 0.02429515682160854
72 0.006702215876430273 0.07540768384933472 0.01594270579516888
73 0.0090295085683465 0.07420684397220612 0.02471316792070866
74 0.006962276063859463 0.08769159018993378 0.01552500016987324
75 0.007452472113072872 0.04904979839920998 0.01552352402359247
76 0.007217421662062407 0.07123538106679916 0.01552500016987324
77 0.006515929941087961 0.09869877994060516 0.004025000147521496
78 0.006965531036257744 0.08853107690811157 0.0270249992609024
79 0.00704869581386447 0.09142786264419556 0.006025000009685755
80 0.008851741440594196 0.09446024149656296 0.01028696354478598
81 0.0070506208576262 0.09885898977518082 0.01040716748684645
82 0.007334357127547264 0.08886059373617172 0.004025000147521496
83 0.007705050054937601 0.08379340171813965 0.02502500079572201
84 0.007882502861320972 0.08510635793209076 0.004025000147521496
85 0.00924396701157093 0.09459423273801804 0.006567122414708138
86 0.008700023405253887 0.09852080047130585 0.0270249992609024
87 0.008188020437955856 0.09877046942710876 0.02087954990565777
88 0.009184264577925205 0.07155498862266541 0.004025000147521496
89 0.008944950066506863 0.07440610229969025 0.01707927510142326
90 0.0110078901052475 0.07334253937005997 0.0270249992609024
91 0.008490663953125477 0.07726858556270599 0.02414100058376789
92 0.009011917747557163 0.07294953614473343 0.01390697155147791
93 0.01192909572273493 0.07108709216117859 0.0270249992609024
94 0.00897825974971056 0.07532978802919388 0.0270249992609024
95 0.008775820024311543 0.08555283397436142 0.0148790692910552
96 0.008992400020360947 0.08926557749509811 0.01603858359158039
97 0.01027168147265911 0.02816922962665558 0.009995424188673496
98 0.00948318000882864 0.02874423004686832 0.02187718078494072
99 0.01329802442342043 0.09567581117153168 0.004025000147521496
100 0.0116518521681428 0.09659422934055328 0.010924999602139
101 0.01153666619211435 0.09640048444271088 0.0201249998062849
102 0.0130351847037673 0.09583177417516708 0.0270249992609024
103 0.009609321132302284 0.09030302613973618 0.0270249992609024
104 0.01037041936069727 0.01019908487796783 0.00809542927891016
105 0.01038309466093779 0.01015960052609444 0.02295319177210331
106 0.01011634338647127 0.08361997455358505 0.01534083765000105
107 0.008436189964413643 0.09121683984994888 0.01414405275136232
108 0.009437868371605873 0.039094228297472 0.01455328892916441
109 0.01014201901853085 0.07617408782243729 0.01477049756795168
110 0.01032621785998344 0.08368363976478577 0.006846203003078699
111 0.01067673694342375 0.08278849720954895 0.02502500079572201
112 0.01013035234063864 0.03756232932209969 0.008864883333444595
113 0.01060757227241993 0.09029516577720642 0.004025000147521496
114 0.01234961953014135 0.0396692305803299 0.009685237891972065
115 0.01077873818576336 0.09094658493995667 0.006025000009685755
116 0.01172010321170092 0.08738575875759125 0.0270249992609024
117 0.01087907422333956 0.09089295566082001 0.02427888661623001
118 0.01113584451377392 0.07353748381137848 0.02385829575359821
119 0.01280460879206657 0.08720191568136215 0.004025000147521496
120 0.01103956997394562 0.07271923124790192 0.02420918457210064
121 0.01740757748484612 0.0691053494811058 0.005689040757715702
122 0.01190550625324249 0.07271923124790192 0.006942722946405411
123 0.01020088512450457 0.07071922719478607 0.01687486097216606
124 0.01074712444096804 0.06842179596424103 0.02326275408267975
125 0.01345615368336439 0.04714423045516014 0.008530279621481895
126 0.01243411749601364 0.0183942299336195 0.01154027879238129
127 0.01231389585882425 0.01950573734939098 0.02155456505715847
128 0.01333254668861628 0.07150710374116898 0.0257157813757658
129 0.01247748639434576 0.01150000002235174 0.009719155728816986
130 0.01136780437082052 0.01150000002235174 0.02084719575941563
131 0.02438045479357243 0.08362541347742081 0.004025000147521496
132 0.01282282825559378 0.08598661422729492 0.01560068130493164
133 0.01221979595720768 0.08982448279857635 0.01621394604444504
134 0.01358970627188683 0.02989423088729382 0.009132659994065762
135 0.02314401604235172 0.08486596494913101 0.006025000009685755
136 0.01304399222135544 0.06829427927732468 0.02325829863548279
137 0.01297574117779732 0.06784422695636749 0.008753453381359577
138 0.01279986184090376 0.08476641774177551 0.02502500079572201
139 0.01334636099636555 0.08949805796146393 0.006025000009685755
140 0.01402125414460897 0.08557067066431046 0.006025000009685755
141 0.02791250683367252 0.08914422988891602 0.02041353844106197
142 0.01301916968077421 0.08815459161996841 0.01050558499991894
143 0.01303062401711941 0.08675016462802887 0.02075268514454365
144 0.01395539660006762 0.08824063092470169 0.02502500079572201
145 0.01333105377852917 0.001103082788176835 0.02263693511486053
146 0.01575054042041302 0.04944422841072083 0.008449959568679333
147 0.01211486477404833 0.004778871778398752 0.008284706622362137
148 0.01374669093638659 0.02989423088729382 0.01590611040592194
149 0.01471244171261787 0.01150000002235174 0.01097305491566658
150 0.01402633730322123 0.01108266040682793 0.01842016354203224
151 0.01489390805363655 0.02989423088729382 0.02129521779716015
152 0.01466733682900667 0.02759422920644283 0.02099406346678734
153 0.0144881047308445 0.002363252453505993 0.01096970587968826
154 0.01231090817600489 0.07071922719478607 0.0215526707470417
155 0.01538944244384766 -0.001384591334499419 0.01991490833461285
156 0.01540001016110182 -0.0002126199979102239 0.02086599916219711
157 0.01623361371457577 -0.00184026372153312 0.008641055785119534
158 0.01690499670803547 -0.0009782656561583281 0.01068093813955784
159 0.01691386848688126 0.00351418717764318 0.01073199324309826
160 0.01695326901972294 0.003513661678880453 0.02004161849617958
161 0.01278691459447145 0.05691922828555107 0.009650752879679203
162 0.01090219523757696 0.07396288216114044 0.0254704412072897
163 0.0173189602792263 0.0117041515186429 0.00804287102073431
164 0.01624979823827744 0.01078093331307173 0.0229748897254467
165 0.01265388820320368 0.07173865288496017 0.02362746000289917
166 0.008521002717316151 0.07220270484685898 0.02288416400551796
167 0.0169710461050272 0.09459423273801804 0.02425986714661121
168 0.01149420347064734 0.06940014660358429 0.02433163486421108
169 0.01571699418127537 0.02759422920644283 0.01024998351931572
170 0.02929243072867393 0.08224450051784515 0.02356326580047607
171 0.009720138274133205 0.07215443253517151 0.02184127643704414
172 0.02706771902740002 0.08175447583198547 0.00920437928289175
173 0.01745624840259552 0.07071922719478607 0.01385875232517719
174 0.02313845977187157 0.0823366716504097 0.006025000009685755
175 0.02618353627622128 0.08372670412063599 0.0270249992609024
176 0.01828034035861492 0.007496159989386797 0.01000052504241467
177 0.01222523301839828 0.07468884438276291 0.02502500079572201
178 0.01810890063643456 0.03760629892349243 0.008863350376486778
179 0.01734953559935093 0.03736922889947891 0.02112582325935364
180 0.01855475828051567 0.06922942399978638 0.007923128083348274
181 0.02914829179644585 0.08066172897815704 0.01319781970232725
182 0.0173100046813488 0.0396692305803299 0.01372334081679583
183 0.017547607421875 0.07545240968465805 0.006025000009685755
184 0.01715321652591228 0.07061036676168442 0.02487758547067642
185 0.0175409447401762 0.04944422841072083 0.02212221920490265
186 0.01932441629469395 0.07644767314195633 0.01409336365759373
187 0.01731369458138943 0.08259812742471695 0.02502500079572201
188 0.01688144542276859 0.0690644234418869 0.009032505564391613
189 0.01781309582293034 0.05921922996640205 0.008108610287308693
190 0.01748340018093586 0.07219156622886658 0.005539011675864458
191 0.01942862942814827 0.001085110008716583 0.02091130055487156
192 0.01879959739744663 0.05921922996640205 0.02230789139866829
193 0.01908570155501366 -0.002587622730061412 0.01621625572443008
194 0.009716999717056751 0.07263412326574326 0.02493035979568958
195 0.02052698843181133 0.001661244546994567 0.008393577300012112
196 0.01899337768554688 0.07609156519174576 0.0241926908493042
197 0.02022726088762283 -0.002825449919328094 0.02168657071888447
198 0.02848755568265915 0.07340642809867859 0.01475542597472668
199 0.008822374045848846 0.02438883855938911 0.00932491198182106
200 0.02021213248372078 0.07428728044033051 0.01506792567670345
201 0.02010508812963963 0.07387958467006683 0.0270249992609024
202 0.02021238207817078 0.07428685575723648 0.00472361920401454
203 0.02010189928114414 0.02749809063971043 0.01056044828146696
204 0.02013588696718216 0.02787128277122974 0.02115480974316597
205 0.02013375051319599 0.04686789214611053 0.0228789784014225
206 0.02026807703077793 -0.002377246040850878 0.01203651912510395
207 0.02294829674065113 0.08646672964096069 0.0270249992609024
208 0.02042837627232075 0.0501030795276165 0.01158780977129936
209 0.0286297220736742 0.08106551319360733 0.0270249992609024
210 0.02064872533082962 0.00180253223516047 0.01392923854291439
211 0.0216992124915123 0.0754585936665535 0.01652074977755547
212 0.02139012701809406 0.009943622164428234 0.008104346692562103
213 0.02169334888458252 0.07633008807897568 0.004025000147521496
214 0.02083245851099491 0.07881412655115128 0.006025000009685755
215 0.02113734558224678 0.01350795943289995 0.0228988341987133
216 0.02115795016288757 0.039094228297472 0.008811390027403831
217 0.02115795016288757 0.039094228297472 0.02042379416525364
218 0.02003835514187813 0.02116725407540798 0.007712414022535086
219 0.02165824547410011 0.02192850597202778 0.02336417138576508
220 0.01944163627922535 0.07057557255029678 0.0270249992609024
221 0.02211616933345795 0.06468194723129272 0.006192842498421669
222 0.02171713300049305 0.06425449252128601 0.02476896531879902
223 0.02194342017173767 0.04771922901272774 0.008510200306773186
224 0.02219903096556664 0.05052601173520088 0.02236448414623737
225 0.02904152683913708 0.07948938012123108 0.01597637310624123
226 0.02174399606883526 0.07171604037284851 0.004565548617392778
227 0.01930303499102592 0.0746975913643837 0.008504133671522141
228 0.02328977920114994 0.03080308809876442 0.007375922985374928
229 0.02286503836512566 0.02613919787108898 0.01704223453998566
230 0.0220864824950695 0.07547386735677719 0.02615938521921635
231 0.01846178248524666 0.07030215859413147 0.004025000147521496
232 0.01270099822431803 0.07017627358436584 0.02472907304763794
233 0.009505581110715866 0.02173286490142345 0.01498767826706171
234 0.02263000048696995 0.05749423056840897 0.01161706354469061
235 0.02350986003875732 0.05776166170835495 0.02289048954844475
236 0.02667335420846939 0.08590356260538101 0.02502500079572201
237 0.02228481322526932 0.06998180598020554 0.02331722714006901
238 0.0232617761939764 0.03213360533118248 0.01879638433456421
239 0.01277482695877552 0.07371813803911209 0.02581915818154812
240 0.02345306985080242 0.07719504833221436 0.01630647107958794
241 0.02873067371547222 0.07607602328062057 0.02201226912438869
242 0.009382449090480804 0.02221154235303402 0.02164249494671822
243 0.02380382269620895 0.07414071261882782 0.004025000147521496
244 0.02346576750278473 0.07019368559122086 0.008188390173017979
245 0.01921005174517632 0.08410798758268356 0.004025000147521496
246 0.02409887127578259 0.03968750685453415 0.02398433163762093
247 0.02893294021487236 0.07829702645540237 0.01771036721765995
248 0.02935791574418545 0.08649751543998718 0.0270249992609024
249 0.02331141941249371 0.07788872718811035 0.02502500079572201
250 0.02404206804931164 0.0732802227139473 0.0270249992609024
251 0.02456815354526043 0.04484056681394577 0.006885719485580921
252 0.003212246345356107 0.04619826748967171 0.01093193609267473
253 0.02276708744466305 0.09025383740663528 0.02502500079572201
254 0.02420636638998985 0.07676965743303299 0.006025000009685755
255 0.0242641307413578 0.04150215163826942 0.02053870819509029
256 0.02480876259505749 0.06016264855861664 0.008925623260438442
257 0.0224495641887188 0.0960056409239769 0.0270249992609024
258 0.02168506011366844 0.09659422934055328 0.010924999602139
259 0.02247090265154839 0.09659422188997269 0.0201249998062849
260 0.02483984082937241 0.09710751473903656 0.004025000147521496
261 0.01954496465623379 0.07463108003139496 0.006900569424033165
262 0.02549040503799915 0.0549674890935421 0.006532079074531794
263 0.02501039765775204 0.06791737675666809 0.00780486548319459
264 0.02548576891422272 0.05506997182965279 0.02452149987220764
265 0.02658285200595856 0.07454370707273483 0.02341801673173904
266 0.001072712009772658 0.06143999472260475 0.01972173526883125
267 -0.007456529419869184 0.07548049092292786 0.009529838338494301
268 -0.005683898460119963 0.0766175165772438 0.009935135953128338
269 0.02655226550996304 0.07420783489942551 0.008954664692282677
270 0.01459002960473299 0.07271923124790192 0.01882553659379482
271 0.01305964961647987 0.007916388101875782 0.01399724464863539
272 0.02245477214455605 0.09459423273801804 0.01011925283819437
273 0.01000065356492996 0.06973244994878769 0.0242873951792717
274 0.02619685791432858 0.09415555745363235 0.006025000009685755
275 0.02532952092587948 0.09820447862148285 0.02638704888522625
276 0.02632340043783188 0.06411432474851608 0.024075698107481
277 0.02674982696771622 0.07637719810009003 0.01639345847070217
278 0.02636557072401047 0.09464947134256363 0.0270249992609024
279 0.0269109271466732 0.06784422695636749 0.01688741706311703
280 0.02640855871140957 0.09881605207920074 0.02058892697095871
281 0.02556980960071087 0.08103636652231216 0.0270249992609024
282 0.0273180864751339 0.09885070472955704 0.01057018805295229
283 0.01483082212507725 0.07028427720069885 0.01671717688441277
284 0.02202623337507248 0.04845193028450012 0.02429039217531681
285 0.02774222008883953 0.06810574978590012 0.004025000147521496
286 0.0276863370090723 0.0866607278585434 0.01052451226860285
287 0.0276058204472065 0.08577659726142883 0.01607962884008884
288 0.02757155150175095 0.0854002982378006 0.02016015723347664
289 0.0161226000636816 0.07485240697860718 0.006025000009685755
290 0.02707850374281406 0.06837596744298935 0.0270249992609024
291 0.02822082675993443 0.07047756761312485 0.01532909180969
292 0.02797602489590645 0.09409423172473907 0.0201249998062849
293 0.02825989201664925 0.09295874834060669 0.007755771279335022
294 0.0283633004873991 0.09409423172473907 0.010924999602139
295 0.02824658341705799 0.09281259775161743 0.02412880770862103
296 0.02892485074698925 0.09780895709991455 0.02639618702232838
297 0.02892485074698925 0.09780895709991455 0.0201249998062849
298 0.02906146645545959 0.08267007768154144 0.004025000147521496
299 0.02722262963652611 0.08156889677047729 0.01902495138347149
300 0.01268874015659094 0.02770408056676388 0.01595630869269371
301 0.02972152829170227 0.08695625513792038 0.009284465573728085
302 0.02959758043289185 0.08559521287679672 0.01354823634028435
303 0.02959658205509186 0.08558426052331924 0.02061362005770206
304 0.03027599863708019 0.09304477274417877 0.0201249998062849
305 0.03011457435786724 0.09127222001552582 0.02636782266199589
306 0.03022720292210579 0.09492894262075424 0.004025000147521496
307 0.03035698644816875 0.09455548971891403 0.010924999602139
308 0.01163470465689898 0.006260464899241924 0.01569611206650734
309 0.02147539518773556 0.06160006299614906 0.01942431926727295
310 0.02578990161418915 0.05825617164373398 0.01847146637737751
311 0.02735013887286186 0.08296904712915421 0.01263758912682533
312 0.01202025730162859 0.07137057185173035 0.02485679462552071
313 0.02896475791931152 0.07864642888307571 0.02409782819449902
314 0.007655358407646418 0.03794423118233681 0.01657315902411938
315 0.003316717455163598 0.05271640419960022 0.01678174734115601
316 0.02367445267736912 0.03502710536122322 0.01127737760543823
317 0.007937864400446415 0.05691922828555107 0.01590536348521709
318 0.01716037467122078 0.09459423273801804 0.006931090727448463
319 0.01730244606733322 0.07087698578834534 0.006503390613943338
320 0.02294729836285114 0.03085559234023094 0.02367591299116611
321 0.01074454374611378 0.08847870677709579 0.008176053874194622
322 0.02563373371958733 0.07173702120780945 0.01552500016987324
323 -0.00582278473302722 0.06912930309772491 0.02054359763860703
324 0.02231422439217567 0.05864741653203964 0.006403573323041201
325 0.02929116412997246 0.0822305753827095 0.009034120477735996
326 0.000682555022649467 0.06295672804117203 0.01166621036827564
327 0.01609492488205433 0.06784422695636749 0.0270249992609024
328 0.01882383599877357 0.07455142587423325 0.005535328295081854
329 0.003120562294498086 0.06784422695636749 0.004025000147521496
330 0.01248787809163332 0.05921922996640205 0.01591894030570984
331 -0.001235737465322018 0.06348985433578491 0.01801552809774876
332 0.01000623311847448 0.07338558882474899 0.02140646055340767
333 0.01858207583427429 0.09158279001712799 0.004025000147521496
334 0.02695499546825886 0.07863009721040726 0.01758809946477413
335 0.02881034277379513 0.07695082575082779 0.01462737657129765
336 0.00566864013671875 0.0435732901096344 0.01391107030212879
337 0.0297724436968565 0.08751540631055832 0.004025000147521496
338 0.01371512655168772 0.005368227604776621 0.01955127343535423
339 0.01684829406440258 0.07745146751403809 0.006025000009685755
340 -0.001641665934585035 0.07820062339305878 0.004025000147521496
341 0.02830940112471581 0.07802002876996994 0.0270249992609024
342 6.168350228108466e-05 0.08101146668195724 0.02502500079572201
343 0.01966739632189274 0.06930486112833023 0.005259213969111443
344 0.02060494758188725 0.03302188590168953 0.01524957548826933
345 0.01071993913501501 0.06841550767421722 0.02515109442174435
346 0.0273183286190033 0.08261974155902863 0.02214732579886913
347 0.01926948688924313 0.06784422695636749 0.006612147204577923
348 0.01942264288663864 0.07218480110168457 0.006507754325866699
349 0.01767406426370144 0.02420759573578835 0.01793861947953701
350 -0.007200768683105707 0.07448621839284897 0.02021859958767891
351 0.01724826171994209 0.09705846756696701 0.007474999874830246
352 0.02519015781581402 0.07091019302606583 0.0249113105237484
353 0.02121574431657791 0.01527317333966494 0.007918238639831543
354 0.01956366375088692 0.02158789522945881 0.01546391937881708
355 0.02134761027991772 0.0601968951523304 0.01093447487801313
356 0.01068649534136057 0.07071922719478607 0.02105728536844254
357 0.01833393238484859 0.09174109250307083 0.0270249992609024
358 0.01152209565043449 0.07234638929367065 0.02548942156136036
359 0.02477294392883778 0.04708925634622574 0.0235013160854578
360 0.0005414410843513906 0.09411804378032684 0.010924999602139
361 0.0006374676013365388 0.0853579044342041 0.0270249992609024
362 0.0192699022591114 0.01836219243705273 0.01538998167961836
363 0.02211902104318142 0.02229415252804756 0.009924733079969883
364 0.02571020275354385 0.07006107270717621 0.009838378056883812
365 0.02009365148842335 0.02740750648081303 0.01526760589331388
366 0.02502810023725033 0.04989100992679596 0.01637830771505833
367 0.01981991529464722 0.09434422850608826 0.02057193219661713
368 0.01811485551297665 0.09659422934055328 0.004025000147521496
369 0.007900633849203587 0.05691922828555107 0.02286107093095779
370 0.02621515654027462 0.07837119698524475 0.01972246542572975
371 0.02835735119879246 0.07197669148445129 0.009914887137711048
372 0.0008798115886747837 0.09438254684209824 0.004334556870162487
373 0.01359564438462257 0.08065508306026459 0.004025000147521496
374 0.01973740383982658 0.07149776071310043 0.00852718111127615
375 0.02318947575986385 0.0678442195057869 0.0195815097540617
376 0.02325516939163208 0.06212311238050461 0.01728129386901855
377 0.0220362339168787 0.01703832484781742 0.01604902185499668
378 0.01875086314976215 0.07579606026411057 0.006974603515118361
379 0.02096232958137989 0.005246120039373636 0.0227816104888916
380 0.02164985984563828 0.04449574276804924 0.02132686600089073
381 -0.001225290237925947 0.07788074016571045 0.0270249992609024
382 0.01801566034555435 -0.0009431238868273795 0.01792503893375397
383 0.01375724840909243 0.0396692305803299 0.02225868962705135
384 0.02809525281190872 0.06909867376089096 0.011390196159482
385 0.01351117063313723 0.04714423045516014 0.0225172583013773
386 -0.008377986028790474 0.07906266301870346 0.02142638154327869
387 0.006256131920963526 0.09022058546543121 0.010924999602139
388 0.01832427270710468 0.06784422695636749 0.004025000147521496
389 0.02324367873370647 0.03029686585068703 0.01349620521068573
390 0.01085852179676294 0.03702719509601593 0.01804354228079319
391 0.01914704218506813 0.08886466175317764 0.006025000009685755
392 0.02227751165628433 0.05138779059052467 0.01290881726890802
393 0.02469218522310257 0.08875070512294769 0.004025000147521496
394 0.01161544770002365 0.07186374068260193 0.0207376666367054
395 0.01089402288198471 0.07491549104452133 0.02325537241995335
396 0.01822442933917046 0.07463638484477997 0.009577893652021885
397 -0.001364981406368315 0.0722464993596077 0.0270249992609024
398 0.009872538037598133 0.07507184147834778 0.02383177727460861
399 0.001559557858854532 0.06980917602777481 0.0270249992609024
400 0.02064691856503487 0.03348275646567345 0.02078930102288723
401 0.01773222163319588 0.06928172707557678 0.01002174708992243
402 0.01879565417766571 0.07344271242618561 0.009397896006703377
403 0.01998921111226082 0.07071921974420547 0.02216674946248531
404 0.02011957764625549 0.07320808619260788 0.006032011471688747
405 0.005001304671168327 0.08289020508527756 0.0270249992609024
406 0.02278181165456772 0.09426295012235641 0.02502500079572201
407 0.004108806140720844 0.06784422695636749 0.0270249992609024
408 0.001086511416360736 0.05446208268404007 0.008971637114882469
409 0.01535478420555592 0.03736922889947891 0.01272646524012089
410 0.01549374219030142 0.02759422920644283 0.01584069989621639
411 0.02509658224880695 0.06814367324113846 0.02461084350943565
412 0.007349983789026737 0.07748105376958847 0.01340295188128948
413 0.01877593621611595 0.07071922719478607 0.01072289329022169
414 0.01931097917258739 0.08372993767261505 0.006025000009685755
415 0.00405649421736598 0.09130268543958664 0.004025000147521496
416 0.02117554657161236 0.06784422695636749 0.0269857719540596
417 0.01015380211174488 0.01087391283363104 0.01655123941600323
418 0.02700424566864967 0.07917089760303497 0.01142778154462576
419 0.02092464454472065 0.0678442195057869 0.01520385220646858
420 0.02072051540017128 0.07029608637094498 0.009522103704512119
421 0.01683173328638077 0.08623528480529785 0.0270249992609024
422 0.01973037235438824 0.08468280732631683 0.02502500079572201
423 0.01294403057545424 0.07271923124790192 0.02333656698465347
424 0.01978051103651524 0.06948208063840866 0.006725337356328964
425 0.02692147716879845 0.07826203107833862 0.01431142259389162
426 0.01795344054698944 0.05921922996640205 0.01555308513343334
427 0.02572501637041569 0.07022374123334885 0.02143224328756332
428 0.002641080180183053 0.05864423140883446 0.01529685966670513
429 -0.007387181278318167 0.07521089911460876 0.004025000147521496
430 0.00186103000305593 0.05145113542675972 0.02004685997962952
431 0.002183531643822789 0.05019740760326385 0.01389372441917658
432 0.01175281777977943 0.01150000002235174 0.01531109865754843
433 0.01886584609746933 0.07372381538152695 0.0109356576576829
434 0.01477961614727974 0.04944422841072083 0.017580546438694
435 0.002262281253933907 0.05335339903831482 0.02207207679748535
436 0.01756617054343224 0.01867412589490414 0.02325052581727505
437 0.008940017782151699 0.07171551883220673 0.0270249992609024
438 0.01052420772612095 0.01627621799707413 0.01818949915468693
439 0.01284168194979429 0.002500376431271434 0.01521904580295086
440 0.02668261528015137 0.08272509276866913 0.02502500079572201
441 0.01129278820008039 0.02383748255670071 0.01577499508857727
442 0.01197660155594349 0.0734265074133873 0.02502500079572201
443 0.009917932562530041 0.04944422841072083 0.009297223761677742
444 0.01212572399526834 0.07171922922134399 0.02264832518994808
445 0.019333366304636 0.0714569017291069 0.007467177230864763
446 0.02035404741764069 0.07259295880794525 0.009410368278622627
447 0.008614434860646725 0.07231053709983826 0.01911284774541855
448 0.02103858441114426 0.04729356244206429 0.01569459028542042
449 0.01366945821791887 0.05691922828555107 0.01495067775249481
450 0.02875188179314137 0.07630890607833862 0.004920866340398788
451 0.01698461920022964 0.04944422841072083 0.01552500016987324
452 0.02021112106740475 0.07429085671901703 0.01012832671403885
453 0.01286014541983604 0.06863649189472198 0.0270249992609024
454 0.005055513698607683 0.03903254494071007 0.01699483580887318
455 0.01307665184140205 0.07728821039199829 0.006025000009685755
456 0.020659064874053 0.04498175904154778 0.006880789529532194
457 0.02619385719299316 0.06269188970327377 0.01864508353173733
458 0.02338791266083717 0.06928172707557678 0.02042274363338947
459 0.02043531276285648 0.07137049734592438 0.01068953890353441
460 0.02877523377537727 0.07656531780958176 0.01057850383222103
461 0.00106068339664489 0.08607237040996552 0.004025000147521496
462 0.01886945776641369 0.04933562129735947 0.01624007150530815
463 0.014664301648736 0.07271923124790192 0.01163629349321127
464 0.009109519422054291 0.07338876277208328 0.009582867845892906
465 0.01472830306738615 0.09442941099405289 0.010924999602139
466 0.01808543875813484 0.02437605708837509 0.01226077321916819
467 0.01712999679148197 0.07831788063049316 0.02455854788422585
468 -0.005509551148861647 0.06845404207706451 0.009468706324696541
469 0.02767639793455601 0.06806494295597076 0.02211787924170494
470 0.01176278293132782 0.04944422841072083 0.0217493548989296
471 0.02297799661755562 0.07061056047677994 0.0270249992609024
472 0.004682094790041447 0.04771922901272774 0.01569720357656479
473 0.01158032193779945 0.07157182693481445 0.02191650494933128
474 0.005516516976058483 0.08862456679344177 0.01618009805679321
475 0.02153435721993446 0.07865795493125916 0.0270249992609024
476 0.02342843636870384 0.06402569264173508 0.01373458094894886
477 0.01055788993835449 0.07561797648668289 0.02484906278550625
478 0.001750941853970289 0.09252496063709259 0.01061028614640236
479 0.001402830821461976 0.09225284308195114 0.0201249998062849
480 0.02100061438977718 0.07071922719478607 0.01406504306942225
481 0.008415917865931988 0.03289321064949036 0.01773483864963055
482 0.007837137207388878 0.05691922828555107 0.00895638857036829
483 0.01494347397238016 0.007517286576330662 0.01493990421295166
484 0.00640715379267931 0.03377803042531013 0.01621299795806408
485 0.02476373873651028 0.04698817804455757 0.01191239524632692
486 -0.007133868988603354 0.07422614842653275 0.02668200805783272
487 0.01642203330993652 0.08219353854656219 0.0270249992609024
488 0.02073115110397339 0.03440769761800766 0.01018461305648088
489 0.003698484040796757 0.07519377022981644 0.01121295895427465
490 -0.0008919825195334852 0.06215349957346916 0.01436164695769548
491 0.008086098358035088 0.0272511150687933 0.01561976689845324
492 -0.00633785966783762 0.07113165408372879 0.01803656853735447
493 0.01853850111365318 0.03311131522059441 0.0186488926410675
494 -0.000549911055713892 0.07240325212478638 0.004025000147521496
495 0.02110203914344311 0.0678442195057869 0.02001770958304405
496 0.01080646459013224 0.07319677621126175 0.02043734304606915
497 0.001028429833240807 0.08661378920078278 0.006025000009685755
498 0.01981768943369389 0.04339733719825745 0.01935292035341263
499 0.01017395872622728 0.07330974936485291 0.02371093817055225
500 0.008636560291051865 0.08112264424562454 0.0270249992609024
501 0.02153583616018295 0.04324368387460709 0.0116780661046505
502 0.01155236922204494 0.07500502467155457 0.02200403064489365
503 0.01927880570292473 0.07352724671363831 0.007885628379881382
504 -0.001297304523177445 0.0637291893362999 0.02171333692967892
505 -0.0002080200065393001 0.06295672804117203 0.00797809474170208
506 0.02823305875062943 0.07061187922954559 0.01959938555955887
507 0.0224918145686388 0.06796998530626297 0.01005931757390499
508 0.01170499064028263 0.04944422841072083 0.01249652914702892
509 0.01862304098904133 0.03403959423303604 0.02292460016906261
510 0.009081653319299221 0.07401507347822189 0.02043931372463703
511 0.001013278728350997 0.06331621110439301 0.02291322685778141
512 0.01545820198953152 0.07493848353624344 0.004025000147521496
513 0.01043096929788589 0.01813540607690811 0.009543286636471748
514 0.02454374730587006 0.09067645668983459 0.0270249992609024
515 0.01991934143006802 0.0678442195057869 0.01218608394265175
516 0.000803059374447912 0.09432254731655121 0.02362939715385437
517 -0.005707780364900827 0.07671035826206207 0.02068037167191505
518 0.01629619672894478 0.07138676196336746 0.00752290291711688
519 -0.005188987590372562 0.08673828095197678 0.009909984655678272
520 0.02128366008400917 0.04047461599111557 0.01562155596911907
521 0.01237024925649166 0.07540736347436905 0.0270249992609024
522 0.02392706088721752 0.03780090063810349 0.007131549995392561
523 0.0242420993745327 0.06796998530626297 0.01036330498754978
524 0.007848981767892838 0.03288020566105843 0.01025080680847168
525 -0.002439412055537105 0.09177370369434357 0.01035735383629799
526 0.01953782141208649 0.07010003179311752 0.007728657219558954
527 0.01726704649627209 0.09659422188997269 0.0203035157173872
528 0.0184546560049057 0.07167850434780121 0.006920970510691404
529 -0.0006577405729331076 0.06784422695636749 0.02676903828978539
530 0.0106641948223114 0.07250053435564041 0.02116292156279087
531 0.01156363263726234 0.07280819118022919 0.02122310921549797
532 0.01712827011942863 0.07271923124790192 0.007055700290948153
533 0.0192366000264883 0.07327834516763687 0.006534768734127283
534 0.02206634916365147 0.07748141139745712 0.01221514493227005
535 0.02066844888031483 0.05273924395442009 0.01929573900997639
536 0.01345646567642689 0.07271923124790192 0.01409456972032785
537 0.006703865248709917 0.08442223072052002 0.0197828970849514
538 0.01941077783703804 0.07240059226751328 0.007964302785694599
539 0.01928135566413403 0.07196599245071411 0.004478179384022951
540 0.01179787609726191 0.03736922889947891 0.02180115692317486
541 0.01863760128617287 0.07560370117425919 0.02146683260798454
542 0.02602896653115749 0.07349150627851486 0.01808520965278149
543 0.02054864913225174 0.06847494095563889 0.02326460741460323
544 -0.008287661708891392 0.0850842297077179 0.02095292136073112
545 0.02092617377638817 0.07250325381755829 0.0130176767706871
546 0.0194154679775238 0.09720129519701004 0.0270249992609024
547 0.0140749579295516 0.003969374112784863 0.01637523993849754
548 0.02137906476855278 0.05469295755028725 0.006645576097071171
549 -0.0003309806634206325 0.08146761357784271 0.006025000009685755
550 0.01789535768330097 0.07364761084318161 0.005491943564265966
551 0.02558005042374134 0.05595184117555618 0.01489239558577538
552 0.01617413200438023 0.006102978251874447 0.008238466456532478
553 0.01918058469891548 0.042535450309515 0.01593881100416183
554 0.01078223530203104 0.02600335702300072 0.01288521010428667
555 0.01542910002171993 0.06784422695636749 0.01095785666257143
556 0.003221840364858508 0.07071922719478607 0.02231358364224434
557 0.003584583755582571 0.08017471432685852 0.004025000147521496
558 0.023376090452075 0.05394094064831734 0.008717911317944527
559 0.006186994258314371 0.04155818745493889 0.00935668870806694
560 0.02113771252334118 0.04412303864955902 0.02413922362029552
561 0.01600146479904652 0.07152075320482254 0.008850685320794582
562 0.005497336387634277 0.04771922901272774 0.01175521593540907
563 0.02323221601545811 0.06187108159065247 0.02228209003806114
564 0.01138296630233526 0.07187393307685852 0.02414331212639809
565 0.02349437400698662 0.07919441908597946 0.004025000147521496
566 -0.00371060217730701 0.08325186371803284 0.0270249992609024
567 0.003951675724238157 0.07566744834184647 0.01861044205725193
568 0.02738387882709503 0.06852321326732635 0.01356709096580744
569 0.01758084259927273 0.01677385903894901 0.007865832187235355
570 0.0158266257494688 0.08153773099184036 0.006025000009685755
571 0.0121388603001833 0.07271923124790192 0.0196461696177721
572 0.007435264997184277 0.08671930432319641 0.009068822488188744
573 0.01775369793176651 0.08901827782392502 0.02502500079572201
574 0.01553172711282969 -0.0003380125854164362 0.01593446917831898
575 0.02324215322732925 0.07703033834695816 0.008595367893576622
576 0.0006852033548057079 0.05602217465639114 0.01567246951162815
577 0.02100302465260029 0.0773567259311676 0.00923013873398304
578 0.01658360846340656 0.09646334499120712 0.010924999602139
579 0.01203198730945587 0.08473512530326843 0.01103097107261419
580 0.009671345353126526 0.02931923046708107 0.01668146438896656
581 0.02702120691537857 0.06728038191795349 0.007915045134723186
582 0.01852287352085114 0.03333544731140137 0.01228445954620838
583 0.01430329866707325 0.04714423045516014 0.01552755944430828
584 0.02012869901955128 0.0740717425942421 0.01237535011023283
585 -0.0004493061569519341 0.07609246671199799 0.006025000009685755
586 0.01893917471170425 0.07071922719478607 0.02042106352746487
587 0.0280920322984457 0.07421860843896866 0.0270249992609024
588 0.008110013790428638 0.07527299970388412 0.01221198309212923
589 0.01800636388361454 0.02350774221122265 0.02136294171214104
590 0.02180422097444534 0.06932278722524643 0.02152710966765881
591 0.02505310066044331 0.07521232217550278 0.02522551827132702
592 0.02710647881031036 0.07447561621665955 0.02072528935968876
593 -0.00130623672157526 0.09267371892929077 0.02123314887285233
594 0.01414795406162739 0.0396692305803299 0.01679649017751217
595 0.01917376555502415 0.07631136476993561 0.01823178306221962
596 0.01767800003290176 0.07231412827968597 0.009138903580605984
597 0.02060035802423954 0.05199155956506729 0.0153608750551939
598 0.01808903552591801 0.07384781539440155 0.01286414545029402
599 0.01865824684500694 0.0716526210308075 0.009515638463199139
600 0.01705657504498959 0.07025532424449921 0.0087626026943326
601 0.009141577407717705 0.06784422695636749 0.01164981350302696
602 0.004242634866386652 0.0970112532377243 0.008062657900154591
603 -0.00507670920342207 0.0778915137052536 0.006025000009685755
604 0.00998026505112648 0.07252111285924911 0.02322276122868061
605 0.0107909245416522 0.07156194746494293 0.02470331639051437
606 0.01323738787323236 0.01414970494806767 0.01420757733285427
607 0.01644180156290531 0.07323276996612549 0.006025000009685755
608 0.005681009963154793 0.05921922996640205 0.01840613037347794
609 0.02909455262124538 0.08007165044546127 0.01994969323277473
610 0.01111541781574488 0.07383426278829575 0.01417425181716681
611 0.02654693089425564 0.06656885892152786 0.01180509012192488
612 0.0201007965952158 0.02280809171497822 0.02132394164800644
613 0.02693240530788898 0.07838203758001328 0.0220931638032198
614 0.01088100764900446 0.02331015467643738 0.01075055450201035
615 0.01175802014768124 0.08447866886854172 0.01988907158374786
616 0.01855536550283432 0.07135786116123199 0.005752402823418379
617 0.01209582667797804 0.07199019193649292 0.01292996574193239
618 0.005711482372134924 0.04340672865509987 0.02238920517265797
619 0.003092608880251646 0.05358763039112091 0.008366440422832966
620 0.01764009520411491 0.06944379210472107 0.006975234020501375
621 0.02138810232281685 0.07180512696504593 0.02306615188717842
622 -0.0003206756664440036 0.08186469227075577 0.0270249992609024
623 0.02531260997056961 0.06825561076402664 0.01348733343183994
624 0.0004074645403306931 0.09147476404905319 0.007008727174252272
625 0.01489701680839062 0.08051345497369766 0.02502500079572201
626 0.005546589847654104 0.05921922996640205 0.02176446840167046
627 0.01237400621175766 0.01894998364150524 0.01654742285609245
628 0.01346802897751331 0.07271923124790192 0.02463512308895588
629 0.01817359775304794 0.07226641476154327 0.0101805292069912
630 0.0111127058044076 0.07967072725296021 0.006025000009685755
631 0.02050132676959038 0.0007048998377285898 0.01814591884613037
632 0.02331524156033993 0.06733229756355286 0.01038286276161671
633 0.004565077368170023 0.04093912243843079 0.01414143107831478
634 0.0217055156826973 0.02524269744753838 0.007570097222924232
635 -0.001086488598957658 0.08890016376972198 0.0270249992609024
636 -0.0008591487421654165 0.07271923124790192 0.01095984969288111
637 0.01722553558647633 0.01552211493253708 0.01102281734347343
638 0.02054935321211815 0.05143149197101593 0.02326908893883228
639 0.0208699032664299 0.01057121809571981 0.01137800328433514
640 0.01429427601397038 0.05921922996640205 0.02185612358152866
641 0.01023975294083357 0.0734056681394577 0.0226812195032835
642 0.02211021073162556 0.08193884044885635 0.0270249992609024
643 0.01714026182889938 0.05691922828555107 0.01788087747991085
644 0.01114973425865173 0.07201848924160004 0.02266400307416916
645 0.01816928386688232 0.07006192207336426 0.008690194226801395
646 0.01024897210299969 0.07394786179065704 0.02450751513242722
647 0.01046292576938868 0.07112019509077072 0.02231635525822639
648 0.009099909104406834 0.07386653870344162 0.02311340905725956
649 0.01109408028423786 0.01555755827575922 0.01407092344015837
650 0.021700793877244 0.07071922719478607 0.02164691500365734
651 0.02043517865240574 0.07765954732894897 0.02502500079572201
652 0.01973192766308784 0.02343554981052876 0.009887284599244595
653 0.009590075351297855 0.07668454200029373 0.01058572251349688
654 0.01587632670998573 0.07071922719478607 0.0103711960837245
655 0.02317068167030811 0.05946103110909462 0.02467483840882778
656 0.01660053804516792 0.04714423045516014 0.01085236389189959
657 -7.543586980318651e-05 0.07455302029848099 0.02502500079572201
658 0.02536417916417122 0.05640117451548576 0.02118551544845104
659 0.01030698325484991 0.0734722837805748 0.01877758279442787
660 0.02008989080786705 0.07379044592380524 0.01945970766246319
661 0.01748320646584034 0.0694916620850563 0.007831930182874203
662 0.02243963442742825 0.07524652034044266 0.01400742586702108
663 -0.005701167974621058 0.08597038686275482 0.02137653529644012
664 0.02470861189067364 0.04638279974460602 0.02034896239638329
665 0.02325455471873283 0.0621163547039032 0.01005704514682293
666 0.01212205085903406 0.07281049340963364 0.02400796860456467
667 0.01702400855720043 0.07417794317007065 0.006025000009685755
668 0.02147459052503109 0.06159122660756111 0.01448175497353077
669 0.02228432521224022 0.07745993882417679 0.01867669634521008
670 0.01699713245034218 0.05691922828555107 0.01188865676522255
671 0.01028499659150839 0.07213876396417618 0.01991474069654942
672 0.01826639287173748 0.07477471977472305 0.007665751036256552
673 0.005620221141725779 0.06871329993009567 0.01886859908699989
674 0.02507128193974495 0.05670521408319473 0.01097871642559767
675 0.02501154504716396 0.04970923438668251 0.02031082473695278
676 0.02306964434683323 0.07009577006101608 0.01045698579400778
677 0.02143412828445435 0.03518759459257126 0.02382718957960606
678 0.01104258559644222 0.07370676845312119 0.02166721597313881
679 0.01781399920582771 0.0742761418223381 0.00640731118619442
680 0.01125856582075357 0.07180970907211304 0.02337969839572906
681 0.01804445125162601 0.02877469174563885 0.01623670011758804
682 0.01743911765515804 0.07164010405540466 0.008010996505618095
683 0.01416053716093302 0.007506831083446741 0.02044440805912018
684 0.01126596517860889 0.07180982083082199 0.02337963134050369
685 -0.002323039807379246 0.08649457991123199 0.0270249992609024
686 0.009077902883291245 0.08350841701030731 0.02023940533399582
687 0.0120128421112895 0.07281049340963364 0.02268726378679276
688 0.01032875664532185 0.07594654709100723 0.01862863078713417
689 0.02437430806457996 0.06625170260667801 0.0118059366941452
690 0.01637095771729946 0.07191293686628342 0.004025000147521496
691 0.02006570622324944 0.01774489879608154 0.02149307355284691
692 0.02579343505203724 0.07272730022668839 0.02108460292220116
693 -0.007088808808475733 0.07405097782611847 0.01466919668018818
694 0.02017063833773136 0.0678442195057869 0.009178887121379375
695 0.001033200183883309 0.06324423104524612 0.01531580090522766
696 0.02676540613174438 0.0765482559800148 0.01984809152781963
697 0.01113794557750225 0.07357455790042877 0.02305043488740921
698 0.02403672784566879 0.08108801394701004 0.02502500079572201
699 0.01111984252929688 0.07378934323787689 0.01125514879822731
700 0.01131051033735275 0.07181049138307571 0.02337920106947422
701 -0.000297606602543965 0.09090258926153183 0.02462603338062763
702 0.009612105786800385 0.07071922719478607 0.01957239210605621
703 0.01098226569592953 0.07462459057569504 0.02425552345812321
704 0.009038245305418968 0.04714423045516014 0.008530279621481895
705 0.01663613505661488 0.05921922996640205 0.01953627169132233
706 0.02192635647952557 0.06828010827302933 0.004025000147521496
707 0.0130545711144805 0.07103269547224045 0.004025000147521496
708 0.01422202493995428 0.07575711607933044 0.02502500079572201
709 0.02581174299120903 0.07291062921285629 0.02423680759966373
710 0.02384568192064762 0.07350117713212967 0.006808359641581774
711 0.02011711709201336 0.07071921974420547 0.008703449741005898
712 0.01852025836706161 0.07159673422574997 0.008409359492361546
713 0.02128255926072598 0.01392580289393663 0.009508651681244373
714 0.01472643576562405 0.005784441716969013 0.02280040830373764
715 0.02050959505140781 0.06986816972494125 0.00847973208874464
716 0.01156440936028957 0.07737305760383606 0.02502500079572201
717 0.01017425023019314 0.03955934941768646 0.01916399970650673
718 0.01722740195691586 0.07045357674360275 0.00771629624068737
719 0.00635664165019989 0.05921922996640205 0.008434517309069633
720 0.01809465140104294 0.07312101125717163 0.006733436603099108
721 0.0008620992302894592 0.08676911145448685 0.02502500079572201
722 0.001718480722047389 0.07071922719478607 0.01914048567414284
723 0.01900541596114635 0.07240381836891174 0.009061417542397976
724 0.01023063529282808 0.07071922719478607 0.01194145902991295
725 0.01136188954114914 0.09063488245010376 0.01183039229363203
726 0.01883087120950222 0.07589355111122131 0.01147128269076347
727 0.01828636229038239 0.07156773656606674 0.00766610587015748
728 0.01837419718503952 0.07156234979629517 0.007676615845412016
729 0.02681870572268963 0.07713352888822556 0.02452770061790943
730 0.002456364221870899 0.07550722360610962 0.004025000147521496
731 -0.0005803156527690589 0.06094188988208771 0.02014643512666225
732 0.0185437947511673 0.07156598567962646 0.007677449379116297
733 0.02167078480124474 0.01302542071789503 0.01528220344334841
734 0.02452444471418858 0.06784422695636749 0.005789373070001602
735 0.008180354721844196 0.08029329776763916 0.004025000147521496
736 0.01751533150672913 0.07415153086185455 0.004025000147521496
737 0.01848726160824299 0.07156477123498917 0.007677171379327774
738 0.01807421818375587 0.07341495156288147 0.008063908666372299
739 0.02407828904688358 0.06994236260652542 0.01516957581043243
740 0.02359449490904808 0.07455363124608994 0.008972766809165478
741 0.00237460876815021 0.06784422695636749 0.01928676664829254
742 0.02376295253634453 0.03681787848472595 0.01966754533350468
743 0.02468775026500225 0.0707254558801651 0.004025000147521496
744 0.01726365275681019 0.07325096428394318 0.01027459558099508
745 0.02532916143536568 0.05319689586758614 0.0196176040917635
746 -0.0004421437915880233 0.06040474772453308 0.02284874394536018
747 0.02289744094014168 0.07071922719478607 0.0123805021867156
748 0.02080414816737175 0.003509142436087132 0.01869789138436317
749 0.01207911968231201 0.04944422841072083 0.01580488495528698
750 0.005305659957230091 0.05694738030433655 0.01145191211253405
751 0.02033676393330097 0.03654195740818977 0.02114823646843433
752 0.01331296749413013 0.006931626237928867 0.01037235278636217
753 0.0100342184305191 0.06784422695636749 0.02139381505548954
754 0.01810949482023716 0.02464018575847149 0.008118332363665104
755 0.01129607576876879 0.01477229874581099 0.009660728275775909
756 0.009479564614593983 0.08352460712194443 0.01022443175315857
757 -0.00470909895375371 0.07282795757055283 0.01019645854830742
758 -0.004327627364546061 0.07271923124790192 0.019699327647686
759 0.02319794334471226 0.03613469377160072 0.02197488956153393
760 0.01071169972419739 0.0696709007024765 0.02250740677118301
761 0.02718592062592506 0.08116580545902252 0.01543938834220171
762 0.02331392467021942 0.07654974609613419 0.0222884863615036
763 0.006192060653120279 0.0773225799202919 0.01034719310700893
764 0.02158436365425587 0.04377655312418938 0.0183095745742321
765 0.01248582266271114 0.09424350410699844 0.02466007880866528
766 0.01865546405315399 0.07076184451580048 0.006801583804190159
767 0.0159042552113533 0.05921922996640205 0.0118631636723876
768 0.02429209463298321 0.06957445293664932 0.01181168016046286
769 0.02078152261674404 0.07728953659534454 0.02165636792778969
770 0.01893323101103306 0.03368538245558739 0.007473794277757406
771 0.01266078557819128 0.06784422695636749 0.01312217582017183
772 0.009559987112879753 0.09744928032159805 0.007118622772395611
773 0.02182837948203087 0.06547605246305466 0.02003961428999901
774 0.01100119203329086 0.0745621994137764 0.02061005309224129
775 0.01594837196171284 0.005515474360436201 0.01749076135456562
776 0.02106313221156597 0.07737495750188828 0.01586494781076908
777 0.01953648589551449 0.07071922719478607 0.012177849188447
778 0.02179658226668835 0.06512690335512161 0.01067166961729527
779 0.01052914001047611 0.0396692305803299 0.02225868962705135
780 0.01664061285555363 0.0758119598031044 0.02455854788422585
781 0.01688227429986 0.06950730830430984 0.01190001890063286
782 0.0181389506906271 0.07435458898544312 0.02296350337564945
783 0.01985729485750198 0.06938666850328445 0.01063212286680937
784 0.01743994653224945 0.0726468563079834 0.007965836673974991
785 0.0170180257409811 0.003519554156810045 0.01487581897526979
786 0.02397304959595203 0.04940090328454971 0.007888517342507839
787 0.02107621170580387 0.07071921974420547 0.007858936674892902
788 0.02182398177683353 0.06928172707557678 0.00908343680202961
789 0.02420913241803646 0.04089818522334099 0.01112521160393953
790 0.01300017163157463 0.00701969675719738 0.01699732430279255
791 0.01862920634448528 0.0678442195057869 0.01843379437923431
792 0.01984597928822041 0.02468789741396904 0.01268911175429821
793 0.0205342061817646 0.03006115928292274 0.008264331147074699
794 0.02075439691543579 0.005443800706416368 0.01142005901783705
795 0.01090665813535452 0.008528546430170536 0.01223527360707521
796 0.01978093013167381 0.0708855614066124 0.006154750008136034
797 0.002358733443543315 0.08961492776870728 0.0270249992609024
798 0.01150477398186922 0.03736922889947891 0.01281127892434597
799 0.008339418098330498 0.03097363002598286 0.01310421153903008
800 0.01974207535386086 0.02728096395730972 0.008361418731510639
801 0.01915467903017998 0.04286758229136467 0.01125029101967812
802 0.02527476847171783 0.06527972221374512 0.01508030481636524
803 0.0220002718269825 0.07548586279153824 0.01901744306087494
804 0.02835928648710251 0.07199794054031372 0.02289133705198765
805 0.02104242891073227 0.05684580281376839 0.02306954748928547
806 0.02647992596030235 0.08003994822502136 0.02502500079572201
807 0.007307576481252909 0.039094228297472 0.01284279394894838
808 0.01933702640235424 0.07071921974420547 0.00935764703899622
809 0.02249764651060104 0.0280228927731514 0.00747301010414958
810 0.01285955682396889 0.01561852358281612 0.01920133270323277
811 0.0172144640237093 0.01481215748935938 0.01751204393804073
812 0.01030893623828888 0.07597069442272186 0.02237334661185741
813 0.01517604198306799 0.05691922828555107 0.02053015492856503
814 0.01484332140535116 0.07271923124790192 0.02151353470981121
815 0.02579016052186489 0.07081837207078934 0.007223374210298061
816 0.00770670035853982 0.03794423118233681 0.01898950152099133
817 -0.002690311288461089 0.06914452463388443 0.01216510217636824
818 0.007704744581133127 0.08903826773166656 0.01925836317241192
819 0.01910570450127125 0.03557926416397095 0.020240668207407
820 0.01626074314117432 0.009428145363926888 0.01324506383389235
821 0.002769890474155545 0.05484220385551453 0.01268139109015465
822 0.01601288095116615 0.06968895345926285 0.007742999587208033
823 0.01912929303944111 0.07230006903409958 0.01395243313163519
824 0.02382992580533028 0.07382244616746902 0.01328438613563776
825 0.009601433761417866 0.09107988327741623 0.01039544120430946
826 -0.001378239365294576 0.07022155076265335 0.02493978478014469
827 0.02351464703679085 0.06497234851121902 0.01716994680464268
828 0.02569255605340004 0.06986729800701141 0.01864999905228615
829 0.01890187337994576 0.07598006725311279 0.00966199953109026
830 0.01848341710865498 0.07772169262170792 0.004025000147521496
831 0.00518399802967906 0.05700938403606415 0.02011795341968536
832 0.02243339270353317 0.02139941602945328 0.01622422784566879
833 0.0001650226477067918 0.06853774935007095 0.01910712383687496
834 0.01971391960978508 0.01055780053138733 0.01981899701058865
835 -0.005689346231520176 0.07710025459527969 0.02502500079572201
836 0.02577273547649384 0.06440766900777817 0.01069268211722374
837 0.01425580121576786 0.07271923124790192 0.02311920188367367
838 0.01187427528202534 0.01252454239875078 0.01239411812275648
839 0.01009483076632023 0.07143265753984451 0.02356714382767677
840 0.02147365361452103 0.06961219757795334 0.006260867230594158
841 0.02591827139258385 0.0596657395362854 0.02430116944015026
842 0.01416705455631018 0.07271923124790192 0.009396514855325222
843 0.0258918609470129 0.07541922479867935 0.02156314440071583
844 0.02347771637141705 0.07051347196102142 0.00583546282723546
845 0.003833613824099302 0.06784422695636749 0.01087977830320597
846 0.01945257931947708 0.0721568688750267 0.01011987216770649
847 0.02355206198990345 0.077142134308815 0.0205787718296051
848 0.02090902626514435 0.07438606768846512 0.02444306202232838
849 0.01425867527723312 0.003255163319408894 0.02098708413541317
850 0.01826840825378895 0.07219080626964569 0.02545975893735886
851 0.02427820302546024 0.0696093812584877 0.02306480146944523
852 0.02376044914126396 0.07416974753141403 0.01845369674265385
853 0.02027753926813602 0.07276048511266708 0.02483622543513775
854 0.02334465458989143 0.07071922719478607 0.0214436911046505
855 0.02150209248065948 0.03537094593048096 0.00721640745177865
856 0.0118947783485055 0.005450260825455189 0.02195633016526699
857 0.01506281737238169 0.03718943148851395 0.01672985963523388
858 0.01238616649061441 0.07853180170059204 0.0270249992609024
859 0.01445124670863152 0.06784422695636749 0.02030871994793415
860 0.01810794696211815 0.07403980940580368 0.02493057772517204
861 0.005370649509131908 0.04473172873258591 0.01844733022153378
862 0.002568404888734221 0.05562547966837883 0.01929845288395882
863 0.00365992751903832 0.05138216912746429 0.01209797244518995
864 -0.000229988741921261 0.0595799908041954 0.01752443425357342
865 0.02853532135486603 0.07393091917037964 0.01874811202287674
866 0.01213849522173405 0.04714423045516014 0.01170231401920319
867 0.02641073800623417 0.06507332623004913 0.0207168348133564
868 0.01822629384696484 0.07228357344865799 0.02327470295131207
869 0.02094004675745964 0.0367015153169632 0.01334296818822622
870 0.007502711843699217 0.06784422695636749 0.02025310881435871
871 0.0208056028932333 0.05424528941512108 0.01196376513689756
872 0.007539650890976191 0.06882762908935547 0.004025000147521496
873 0.01943470537662506 0.07653819024562836 0.007981037721037865
874 0.02490599080920219 0.07409650832414627 0.02331292442977428
875 0.021561274304986 0.07544418424367905 0.00991018395870924
876 0.008642710745334625 0.06870429217815399 0.02327263727784157
877 0.02045327797532082 0.06896187365055084 0.007768372539430857
878 0.02155068516731262 0.04340672865509987 0.008660795167088509
879 0.0183023102581501 0.07253532111644745 0.00840894877910614
880 0.01219433080404997 0.004517066292464733 0.01886093616485596
881 0.01414748281240463 0.01061169523745775 0.01440839190036058
882 0.02512533217668533 0.07799168676137924 0.0270249992609024
883 0.02932866290211678 0.0826423242688179 0.01656256057322025
884 0.01828718930482864 0.07257448881864548 0.007620945572853088
885 0.01720988564193249 0.003325388999655843 0.02271453663706779
886 0.02072638273239136 0.07141841948032379 0.009312806650996208
887 0.01951730251312256 0.07660597562789917 0.006025000009685755
888 0.01846286095678806 0.07256371527910233 0.007641965989023447
889 0.0105580547824502 0.07052234560251236 0.02549219690263271
890 0.006496686954051256 0.07532963156700134 0.02095426060259342
891 0.01857592537999153 0.07256614416837692 0.007642521522939205
892 0.01841871812939644 0.07203447073698044 0.01178688835352659
893 0.00628802552819252 0.08482420444488525 0.01070460956543684
894 0.01541642379015684 0.007507093716412783 0.01025349646806717
895 0.01269407756626606 0.05691922828555107 0.01907417178153992
896 0.0222616121172905 0.01951313391327858 0.01928189024329185
897 0.01991273835301399 0.08067197352647781 0.02502500079572201
898 0.007178370840847492 0.03424205258488655 0.0220691692084074
899 0.009473494254052639 0.07422956824302673 0.004682843573391438
900 0.02162567898631096 0.07545890659093857 0.02360029891133308
901 0.01360407657921314 0.09164511412382126 0.0270249992609024
902 0.02228433638811111 0.0472155287861824 0.006802784278988838
903 -7.192095654318109e-05 0.06588975340127945 0.00959442462772131
904 0.02036463655531406 0.02494042180478573 0.02252502925693989
905 0.006314522121101618 0.04106242209672928 0.01796888560056686
906 0.02457299083471298 0.07646877318620682 0.01764892414212227
907 0.02500266768038273 0.07570144534111023 0.01263056788593531
908 -0.002742492128163576 0.06784479320049286 0.01899788714945316
909 0.02180808410048485 0.01770311966538429 0.02313097752630711
910 0.0185918714851141 0.06985556334257126 0.006570283323526382
911 0.01984977535903454 0.02472958900034428 0.01830936409533024
912 0.001758014899678528 0.05572199076414108 0.01822675764560699
913 0.02130036801099777 0.05967815592885017 0.01674223132431507
914 0.02038940787315369 0.03065511211752892 0.01197397150099277
915 0.02053564973175526 0.07319755852222443 0.01130532938987017
916 0.0171253215521574 0.0699692964553833 0.01840871572494507
917 0.002171618165448308 0.0724763423204422 0.01973081566393375
918 0.008332204073667526 0.04714423045516014 0.01174107939004898
919 0.02385319769382477 0.07355345785617828 0.02039120532572269
920 0.01966050639748573 0.06939833611249924 0.009072495624423027
921 -0.001588848419487476 0.06486257165670395 0.01115600951015949
922 0.02201709523797035 0.07171604037284851 0.006786780431866646
923 0.02352381125092506 0.07071922719478607 0.01854666508734226
924 0.02301885932683945 0.02782821282744408 0.02064051292836666
925 0.02351534180343151 0.08355358988046646 0.02502500079572201
926 0.0141507126390934 0.009214164689183235 0.00812982302159071
927 0.02076779119670391 0.07212880998849869 0.02118006162345409
928 0.005716857500374317 0.07717730849981308 0.0212438628077507
929 0.02238956838846207 0.02613828890025616 0.02351117879152298
930 0.01795376837253571 0.03957361355423927 0.01776117831468582
931 0.02256695739924908 0.04347106069326401 0.0152026629075408
932 0.01398578099906445 0.09155873954296112 0.004025000147521496
933 0.01547952275723219 0.07267138361930847 0.0270249992609024
934 0.01527901459485292 0.08941960334777832 0.0270249992609024
935 0.02513962239027023 0.05111565813422203 0.02414211630821228
936 0.02132227458059788 0.00967700220644474 0.02293634228408337
937 0.02240138128399849 0.07043290883302689 0.009576514363288879
938 0.01630261167883873 0.04743172973394394 0.0194893516600132
939 0.02261525206267834 0.02339635603129864 0.01915956288576126
940 0.02234801091253757 0.02046189457178116 0.01286616176366806
941 0.006478120107203722 0.07071922719478607 0.01205826550722122
942 0.002589168259873986 0.07271923124790192 0.01150297187268734
943 0.01030437089502811 0.07772251963615417 0.004025000147521496
944 0.01695911586284637 0.01200824789702892 0.01207598671317101
945 0.009952830150723457 0.01150000002235174 0.01225917227566242
946 0.01505115441977978 0.09061550348997116 0.02502500079572201
947 0.002161084907129407 0.05028466880321503 0.009394283406436443
948 0.01656816527247429 0.002138377167284489 0.008376913145184517
949 0.01691327430307865 0.01478561200201511 0.02311473712325096
950 0.02424595318734646 0.05239756032824516 0.01236832141876221
951 0.01098556723445654 0.01597940362989902 0.02143142372369766
952 0.02226575650274754 0.05125870555639267 0.01713258028030396
953 0.01968597806990147 0.05914817750453949 0.01934529282152653
954 0.003945698495954275 0.09677913784980774 0.010924999602139
955 0.00807658676058054 0.03421236202120781 0.01377460081130266
956 0.006137037184089422 0.08072121441364288 0.02502500079572201
957 0.01379982475191355 0.0002277577732456848 0.01134322769939899
958 -0.002021705731749535 0.0844583585858345 0.02502500079572201
959 0.02085600234568119 0.05749423056840897 0.01906907930970192
960 0.02564826048910618 0.07189624011516571 0.01265080366283655
961 0.01038798410445452 0.02629085630178452 0.018826087936759
962 0.02156951278448105 0.01825344935059547 0.008753032423555851
963 0.02193147502839565 0.04181765392422676 0.006991283036768436
964 0.008431978523731232 0.07728638499975204 0.02108408510684967
965 0.01866182871162891 0.01168514229357243 0.0172769371420145
966 0.01128216739743948 0.007358721923083067 0.01937518827617168
967 0.02036895602941513 0.03043053485453129 0.01791125535964966
968 0.01293944753706455 0.07071922719478607 0.01146866474300623
969 0.01974874176084995 0.04264023154973984 0.007875818759202957
970 0.01423190534114838 0.03736922889947891 0.00945656094700098
971 0.005336293950676918 0.0414031483232975 0.0199976023286581
972 0.01754873059689999 0.01907101273536682 0.01795336231589317
973 0.01972921378910542 0.04242582246661186 0.02233267389237881
974 0.01959947682917118 0.04713515937328339 0.01255697663873434
975 0.01658117771148682 0.05691922828555107 0.009164659306406975
976 0.01775367371737957 0.02073304168879986 0.009230867028236389
977 -0.003535303752869368 0.09093125909566879 0.02347705326974392
978 0.02352559193968773 0.0650925412774086 0.02001943252980709
979 -0.004115188494324684 0.06784422695636749 0.01265790220350027
980 0.02134586870670319 0.07537689805030823 0.007537053897976875
981 0.01495596766471863 0.05921922996640205 0.008223971351981163
982 0.01303756143897772 0.07071922719478607 0.01948194950819016
983 0.01690767891705036 0.006815312430262566 0.02084905654191971
984 0.01790830865502357 0.0224310215562582 0.02338171936571598
985 0.01140226237475872 0.08735338598489761 0.02310545556247234
986 0.0280965156853199 0.07185209542512894 0.004384408239275217
987 0.02365460246801376 0.06656885892152786 0.007846534252166748
988 0.01829049177467823 0.007607641164213419 0.01673916168510914
989 0.01659521646797657 -0.0007990699377842247 0.02257050760090351
990 0.007514785043895245 0.08824177086353302 0.02306484803557396
991 0.01884147897362709 0.0136578194797039 0.01323582604527473
992 0.01898482441902161 0.01523185707628727 0.01912904903292656
993 0.02515854127705097 0.06400343775749207 0.008366521447896957
994 0.01203800179064274 0.005004076287150383 0.01265804562717676
995 0.01367205008864403 0.005535688251256943 0.01282435562461615
996 0.02662928402423859 0.07505355030298233 0.01296776719391346
997 0.02139568701386452 0.06072481349110603 0.0239732638001442
998 0.0166785903275013 0.05691922828555107 0.01514925621449947
999 0.02063045091927052 0.001601849682629108 0.02265434898436069
1000 0.02182566560804844 0.0147261256352067 0.01948871091008186
1001 0.007555518765002489 0.04923004657030106 0.01211586780846119
1002 0.01413721591234207 0.06784422695636749 0.01644907891750336
1003 0.01965635269880295 0.006002376321703196 0.008241983130574226
1004 0.006687934510409832 0.03614863008260727 0.01921576447784901
1005 0.01940064877271652 0.04771922901272774 0.0190938226878643
1006 0.003548047272488475 0.06784422695636749 0.007663117721676826
1007 0.02338751219213009 0.07237178832292557 0.01012562122195959
1008 0.01913711614906788 0.03592417761683464 0.0114061925560236
1009 0.01339827012270689 0.0009318154770880938 0.008419045247137547
1010 0.00372986844740808 0.07040431350469589 0.02499286271631718
1011 0.01620161533355713 0.0396692305803299 0.008791309781372547
1012 0.01777699775993824 0.03827665373682976 0.01748694851994514
1013 0.01331462617963552 0.001144312438555062 0.01857279986143112
1014 0.02063142508268356 0.04282265901565552 0.00873195007443428
1015 0.02197525091469288 0.06784422695636749 0.007535380776971579
1016 0.0001458911865483969 0.06784422695636749 0.01136237755417824
1017 0.01792495884001255 0.0678442195057869 0.01007665134966373
1018 0.02297588065266609 0.06809573620557785 0.01291919033974409
1019 0.02172377146780491 0.04771922901272774 0.01948644034564495
1020 0.02381177060306072 0.07351024448871613 0.01578477025032043
1021 0.01388657465577126 0.09659422934055328 0.00827118381857872
1022 0.02220986224710941 0.03561391681432724 0.01961008831858635
1023 0.01726737804710865 0.07697516679763794 0.0270249992609024
1024 0.02255194634199142 0.05265034362673759 0.02443700470030308
1025 0.0008354234742000699 0.05543819069862366 0.01994860731065273
1026 0.0122153852134943 0.08310724794864655 0.0270249992609024
1027 0.01887564361095428 -0.0001931986771523952 0.01458724681288004
1028 0.007518224883824587 0.07546570897102356 0.007880823686718941
1029 0.01516376156359911 0.06868075579404831 0.004025000147521496
1030 0.0186036042869091 0.05921922996640205 0.0114825339987874
1031 0.01810608059167862 0.007168781477957964 0.02284875325858593
1032 0.005401551257818937 0.07319435477256775 0.01886404491961002
1033 0.01317654922604561 0.01494711544364691 0.01065763924270868
1034 0.02149100229144096 0.04750639572739601 0.01210239436477423
1035 0.01532890927046537 0.071708083152771 0.005884795449674129
1036 0.01620998978614807 0.04944422841072083 0.01198748033493757
1037 0.01775925047695637 0.04944422841072083 0.01906251907348633
1038 0.00415754085406661 0.08660265803337097 0.0270249992609024
1039 0.002290435135364532 0.05835672840476036 0.0117228152230382
1040 0.01563837006688118 0.0396692305803299 0.01107749529182911
1041 0.01946450211107731 0.02049901708960533 0.01885074377059937
1042 0.02089805714786053 0.03624042496085167 0.01772019825875759
1043 0.006092019379138947 0.07508724182844162 0.01282849907875061
1044 0.01774513907730579 0.02931923046708107 0.01231335196644068
1045 0.02302135340869427 0.05955566465854645 0.01452591642737389
1046 0.0203139204531908 0.039094228297472 0.01282561477273703
1047 0.02603116258978844 0.06090534850955009 0.01337219588458538
1048 0.02229939959943295 0.02626810036599636 0.010924999602139
1049 0.02273519709706306 0.02471348084509373 0.01357852853834629
1050 0.02547219023108482 0.06744754314422607 0.0197772141546011
1051 0.006950221490114927 0.07071922719478607 0.01844094507396221
1052 0.02383331954479218 0.04311155900359154 0.0232381708920002
1053 0.02248014882206917 0.05361286923289299 0.02169817127287388
1054 0.002781848656013608 0.06784422695636749 0.01402548048645258
1055 0.01479560416191816 0.07060794532299042 0.02456717379391193
1056 0.01930389553308487 0.03775552660226822 0.01865427009761333
1057 0.00701203802600503 0.03142653778195381 0.0184399951249361
1058 0.00591671746224165 0.03568460792303085 0.01335959322750568
1059 0.01743732206523418 0.05691922828555107 0.02261949516832829
1060 0.01107154414057732 0.07290568947792053 0.02246499247848988
1061 0.01442032679915428 0.07449019700288773 0.006025000009685755
1062 0.01012557931244373 0.07619411498308182 0.006894421763718128
1063 0.002757868729531765 0.07071922719478607 0.01005763001739979
1064 0.006188375875353813 0.08126634359359741 0.006025000009685755
1065 0.02083436027169228 0.06219172477722168 0.007142305839806795
1066 0.01583442278206348 0.08463756740093231 0.02502500079572201
1067 0.01954636536538601 0.0708455890417099 0.02405830845236778
1068 -2.015764948737342e-05 0.06568852812051773 0.02025419846177101
1069 0.001355696353130043 0.05852839723229408 0.01844056695699692
1070 0.02217863127589226 0.02494201995432377 0.02145656943321228
1071 0.02299517206847668 0.05926817283034325 0.02019928395748138
1072 0.0003709894954226911 0.05724368244409561 0.01846990920603275
1073 0.007702247705310583 0.08624064922332764 0.02261916548013687
1074 0.00719059444963932 0.03073239885270596 0.01557967998087406
1075 0.01453197933733463 0.009116964414715767 0.01263112854212523
1076 0.01953526772558689 0.0212760753929615 0.01214910112321377
1077 0.005860567092895508 0.08603444695472717 0.01762073673307896
1078 0.01841309107840061 0.03794423118233681 0.01240767445415258
1079 0.02499588206410408 0.07601097226142883 0.01945476606488228
1080 0.02128303982317448 0.05948786810040474 0.0218142457306385
1081 0.01169498171657324 0.06852790713310242 0.02049938775599003
1082 0.02085351571440697 0.05001640319824219 0.0174951646476984
1083 0.004901048727333546 0.07855468988418579 0.0270249992609024
1084 0.0126414792612195 0.07071922719478607 0.01517464965581894
1085 0.02309257537126541 0.07208847999572754 0.01340932305902243
1086 0.01962132006883621 0.02903788350522518 0.02361243776977062
1087 0.0107556190341711 0.07071921974420547 0.00808760616928339
1088 0.009676964953541756 0.08556287735700607 0.01824723556637764
1089 0.005054641049355268 0.07351743429899216 0.01239677239209414
1090 0.01250116713345051 0.01008752081543207 0.0123963812366128
1091 0.017652727663517 0.07071922719478607 0.009697136469185352
1092 0.01506143994629383 0.07271923124790192 0.007462744135409594
1093 7.300459401449189e-05 0.06532635539770126 0.01326650660485029
1094 -0.0006935936398804188 0.0657670646905899 0.02394416928291321
1095 0.02164021320641041 0.07071922719478607 0.01096742879599333
1096 0.006405097898095846 0.06784422695636749 0.02485398948192596
1097 0.01478078868240118 0.07071922719478607 0.01348666660487652
1098 0.02224606648087502 0.04726408794522285 0.0225239060819149
1099 0.02039140276610851 0.03067702054977417 0.02097205445170403
1100 0.008123927749693394 0.09112211316823959 0.02008788101375103
1101 0.01704299077391624 0.07271923124790192 0.02081022970378399
1102 0.02198538184165955 0.07171604037284851 0.02546863444149494
1103 0.02498556673526764 0.07602354139089584 0.02335815876722336
1104 0.009979006834328175 0.08911024034023285 0.01910732313990593
1105 0.007104452699422836 0.06784422695636749 0.00765063613653183
1106 0.01131253596395254 0.06784422695636749 0.004257671535015106
1107 0.007336205337196589 0.08766118437051773 0.01197265833616257
1108 0.007794598583132029 0.08864877372980118 0.006326629780232906
1109 0.0267938319593668 0.08063360303640366 0.006025000009685755
1110 0.02121363207697868 0.07532542198896408 0.01218183804303408
1111 0.008856737054884434 0.04714423045516014 0.01557579729706049
1112 0.01080192346125841 0.08638828247785568 0.009884106926620007
1113 0.0114233922213316 0.07071922719478607 0.02334026247262955
1114 0.02025146782398224 0.07071922719478607 0.01665734685957432
1115 0.02137674391269684 0.07071922719478607 0.0199369452893734
1116 0.02346240170300007 0.07245821505784988 0.02329784445464611
1117 0.005386411212384701 0.07388879358768463 0.009086720645427704
1118 0.01944940909743309 0.01845977455377579 0.00953196082264185
1119 0.007401116658002138 0.0868084505200386 0.01949751377105713
1120 0.008592516183853149 0.08561248332262039 0.02608399651944637
1121 0.01776026748120785 0.04714423045516014 0.01684971898794174
1122 0.02679712884128094 0.08783759921789169 0.006025000009685755
1123 0.01652192696928978 0.07271923124790192 0.01606138981878757
1124 0.02355483919382095 0.074612095952034 0.01122385356575251
1125 0.0205824077129364 0.05749423056840897 0.008932627737522125
1126 0.02380559593439102 0.07397462427616119 0.02206839807331562
1127 0.02213768102228642 0.07547640055418015 0.02121315337717533
1128 0.02261160500347614 0.05505635216832161 0.01730743423104286
1129 0.009030237793922424 0.08927597850561142 0.01117376424372196
1130 0.007400276605039835 0.09083214402198792 0.02421528659760952
1131 0.01755921915173531 0.0185977965593338 0.02191109023988247
1132 0.01780988834798336 0.0288709606975317 0.02188160642981529
1133 0.0089830681681633 0.0684460923075676 0.0270249992609024
1134 0.01226270943880081 0.09459423273801804 0.0213466826826334
1135 -0.002012229058891535 0.06650847196578979 0.01485646422952414
1136 0.005457951221615076 0.07297855615615845 0.02319332025945187
1137 0.0201048981398344 0.04655108973383904 0.008652509190142155
1138 0.01867080852389336 0.0004326754133217037 0.01016147341579199
1139 0.007812675088644028 0.08867444097995758 0.008827398531138897
1140 0.01722493208944798 0.0678442195057869 0.01433679182082415
1141 0.01680359803140163 0.06784422695636749 0.007439705077558756
1142 0.02047691307961941 0.05063604936003685 0.006712574511766434
1143 0.0162625964730978 0.01150000002235174 0.01586957834661007
1144 0.005422969348728657 0.03760406002402306 0.01059049461036921
1145 0.01777863502502441 0.02931923046708107 0.009152740240097046
1146 0.01926711387932301 0.03735166788101196 0.01541617885231972
1147 0.009845145978033543 0.08916839957237244 0.02289276383817196
1148 0.007871624082326889 0.07827292382717133 0.006025000009685755
1149 0.01952107436954975 0.040140300989151 0.01013539545238018
1150 0.01937163062393665 0.03849928826093674 0.00710716238245368
1151 0.01103354338556528 0.08694100379943848 0.01402315683662891
1152 0.01821687072515488 0.02581924945116043 0.02350004017353058
1153 0.0186202097684145 0.039094228297472 0.02158725447952747
1154 0.02178205735981464 0.06496742367744446 0.01535720936954021
1155 0.01119762752205133 0.07290176302194595 0.02341813966631889
1156 0.01110853906720877 0.07290041446685791 0.02341900020837784
1157 0.01109373848885298 0.07290019094944 0.02341913431882858
1158 0.01282805576920509 0.07271923124790192 0.02195638976991177
1159 0.01178561430424452 0.07275356352329254 0.01652771979570389
1160 0.01631679385900497 0.07271923124790192 0.02415315620601177
1161 0.01290958654135466 0.05691922828555107 0.02286107093095779
1162 0.01998141966760159 0.007155111990869045 0.02057453617453575
1163 0.004246004391461611 0.06784422695636749 0.02317649871110916
1164 0.01075941976159811 0.06784422695636749 0.01732971891760826
1165 0.02315759472548962 0.0678442195057869 0.01706484891474247
1166 0.0163385383784771 0.07071921974420547 0.02213429287075996
1167 0.009499282576143742 0.08552566170692444 0.007792979013174772
1168 0.01106242928653955 0.08715397864580154 0.01821619458496571
1169 0.02322135679423809 0.0678442195057869 0.02209817245602608
1170 0.009639782831072807 0.08555816859006882 0.02189750969409943
1171 -0.001445651985704899 0.07271923124790192 0.01911620236933231
1172 0.007598299998790026 0.0291474387049675 0.0216265432536602
1173 0.01748811826109886 0.0678442195057869 0.02276497334241867
1174 0.01215030066668987 0.08990916609764099 0.02076871320605278
1175 0.01978493854403496 0.03908760100603104 0.02396338246762753
1176 -0.0002727058308664709 0.07071922719478607 0.01420150697231293
1177 0.0107618561014533 0.08844836801290512 0.01225037965923548
1178 -0.0002883853740058839 0.06673125922679901 0.01601036079227924
1179 0.01753824017941952 0.01954423077404499 0.01399563439190388
1180 0.02037294022738934 0.05749423056840897 0.01507940888404846
1181 0.008888129144906998 0.08553300052881241 0.01182454917579889
1182 0.0002084329898934811 0.0578756220638752 0.02129530906677246
1183 0.003703873138874769 0.0442870631814003 0.01777667365968227
1184 0.01153427269309759 0.05921922996640205 0.008108610287308693
1185 0.01397224329411983 0.07063522189855576 0.007709953468292952
1186 0.007216247264295816 0.07547660171985626 0.02452846989035606
1187 0.02329294569790363 0.0749332383275032 0.02375536039471626
1188 0.02384635992348194 0.07368256151676178 0.02485361509025097
1189 0.01851166412234306 0.07056582719087601 0.007712376769632101
1190 0.01828553341329098 0.07056098431348801 0.007711265701800585
1191 0.007278853096067905 0.07171604037284851 0.007586029358208179
1192 0.007937364280223846 0.0718410536646843 0.02506453171372414
1193 -0.002774504013359547 0.06784422695636749 0.02314717508852482
1194 0.008247840218245983 0.07071922719478607 0.02179738320410252
1195 0.02010660618543625 0.07329829782247543 0.0227100532501936
1196 -0.002911539515480399 0.07000454515218735 0.01700535789132118
1197 0.02215048111975193 0.07171604037284851 0.008810878731310368
1198 0.01659270189702511 0.07271923124790192 0.008310727775096893
1199 0.02054138667881489 0.07236512005329132 0.007455215323716402
1200 0.01104825641959906 0.08707564324140549 0.006287544965744019
$EndNodes
$Elements
3727
1 4 2 0 1 727 528 319 532
2 4 2 0 1 1163 46 1010 1096
3 4 2 0 1 33 28 25 18
4 4 2 0 1 491 233 199 554
5 4 2 0 1 882 729 591 249
6 4 2 0 1 874 1116 709 1188
7 4 2 0 1 517 7 386 835
8 4 2 0 1 141 305 304 295
9 4 2 0 1 638 1024 1053 805
10 4 2 0 1 1185 822 518 561
11 4 2 0 1 71 42 66 61
12 4 2 0 1 390 108 717 594
13 4 2 0 1 707 1035 1185 1029
14 4 2 0 1 978 1169 867 1050
15 4 2 0 1 743 986 243 710
16 4 2 0 1 23 3 519 9
17 4 2 0 1 1052 380 560 359
18 4 2 0 1 431 315 430 472
19 4 2 0 1 872 47 1191 56
20 4 2 0 1 153 159 158 948
21 4 2 0 1 450 243 254 565
22 4 2 0 1 765 102 103 901
23 4 2 0 1 988 683 983 164
24 4 2 0 1 899 122 1191 88
25 4 2 0 1 1139 825 321 115
26 4 2 0 1 902 878 251 223
27 4 2 0 1 56 1191 33 47
28 4 2 0 1 623 279 739 1165
29 4 2 0 1 53 1010 1096 407
30 4 2 0 1 769 803 595 669
31 4 2 0 1 560 205 284 1098
32 4 2 0 1 1010 1136 556 32
33 4 2 0 1 250 230 882 591
34 4 2 0 1 943 455 899 512
35 4 2 0 1 23 11 525 21
36 4 2 0 1 158 1138 157 948
37 4 2 0 1 933 184 850 220
38 4 2 0 1 787 1015 840 244
39 4 2 0 1 257 406 278 253
40 4 2 0 1 1087 88 872 1191
41 4 2 0 1 793 770 582 488
42 4 2 0 1 266 331 695 864
43 4 2 0 1 32 1010 57 399
44 4 2 0 1 721 685 22 958
45 4 2 0 1 232 136 1113 69
46 4 2 0 1 444 69 154 1158
47 4 2 0 1 232 1113 165 69
48 4 2 0 1 73 162 94 194
49 4 2 0 1 646 162 120 118
50 4 2 0 1 91 73 477 94
51 4 2 0 1 295 305 296 278
52 4 2 0 1 1113 136 154 69
53 4 2 0 1 69 136 154 859
54 4 2 0 1 295 280 304 292
55 4 2 0 1 136 859 69 1166
56 4 2 0 1 325 450 1109 298
57 4 2 0 1 296 305 295 304
58 4 2 0 1 278 253 295 514
59 4 2 0 1 760 136 1081 154
60 4 2 0 1 1113 136 760 154
61 4 2 0 1 136 859 1081 154
62 4 2 0 1 73 1186 94 91
63 4 2 0 1 93 90 933 239
64 4 2 0 1 580 1172 98 481
65 4 2 0 1 257 253 278 514
66 4 2 0 1 343 388 347 121
67 4 2 0 1 178 1040 182 1149
68 4 2 0 1 1029 1035 319 690
69 4 2 0 1 231 1029 388 121
70 4 2 0 1 324 234 558 256
71 4 2 0 1 304 296 280 295
72 4 2 0 1 282 260 272 258
73 4 2 0 1 760 876 753 124
74 4 2 0 1 172 286 311 325
75 4 2 0 1 716 477 521 94
76 4 2 0 1 131 1122 135 1109
77 4 2 0 1 131 1122 393 135
78 4 2 0 1 131 135 174 1109
79 4 2 0 1 245 135 391 414
80 4 2 0 1 172 325 1122 286
81 4 2 0 1 716 858 500 94
82 4 2 0 1 521 858 716 94
83 4 2 0 1 1055 232 453 128
84 4 2 0 1 131 135 393 245
85 4 2 0 1 232 165 128 1055
86 4 2 0 1 294 274 282 293
87 4 2 0 1 91 477 716 94
88 4 2 0 1 393 135 391 245
89 4 2 0 1 293 306 307 301
90 4 2 0 1 91 716 500 94
91 4 2 0 1 293 301 1122 306
92 4 2 0 1 1122 286 301 293
93 4 2 0 1 291 960 198 371
94 4 2 0 1 292 141 304 295
95 4 2 0 1 154 69 982 1158
96 4 2 0 1 172 311 418 325
97 4 2 0 1 73 94 1192 194
98 4 2 0 1 214 565 174 254
99 4 2 0 1 288 141 236 303
100 4 2 0 1 1196 1171 722 1176
101 4 2 0 1 742 246 255 217
102 4 2 0 1 170 440 209 248
103 4 2 0 1 706 347 840 343
104 4 2 0 1 343 706 231 226
105 4 2 0 1 153 948 158 157
106 4 2 0 1 170 613 609 313
107 4 2 0 1 170 806 209 440
108 4 2 0 1 273 345 168 889
109 4 2 0 1 840 424 796 343
110 4 2 0 1 1055 165 837 69
111 4 2 0 1 214 245 414 174
112 4 2 0 1 245 135 414 174
113 4 2 0 1 54 43 572 1139
114 4 2 0 1 625 1066 487 187
115 4 2 0 1 625 187 487 897
116 4 2 0 1 175 207 248 236
117 4 2 0 1 207 925 236 175
118 4 2 0 1 175 207 925 642
119 4 2 0 1 6 2 8 268
120 4 2 0 1 2 268 267 8
121 4 2 0 1 6 2 9 8
122 4 2 0 1 214 565 245 174
123 4 2 0 1 628 165 837 1055
124 4 2 0 1 604 166 171 839
125 4 2 0 1 181 460 418 325
126 4 2 0 1 696 241 247 609
127 4 2 0 1 760 124 753 136
128 4 2 0 1 335 996 460 198
129 4 2 0 1 527 546 102 167
130 4 2 0 1 1192 94 437 194
131 4 2 0 1 245 135 174 131
132 4 2 0 1 198 996 460 371
133 4 2 0 1 648 166 171 604
134 4 2 0 1 565 245 174 131
135 4 2 0 1 933 128 453 93
136 4 2 0 1 527 102 101 1134
137 4 2 0 1 1060 332 530 171
138 4 2 0 1 1020 542 322 198
139 4 2 0 1 156 382 191 989
140 4 2 0 1 542 865 291 198
141 4 2 0 1 336 633 905 1183
142 4 2 0 1 285 734 581 986
143 4 2 0 1 641 1060 171 332
144 4 2 0 1 124 345 136 168
145 4 2 0 1 168 760 136 124
146 4 2 0 1 570 373 245 830
147 4 2 0 1 555 137 654 188
148 4 2 0 1 600 645 1091 188
149 4 2 0 1 232 136 453 168
150 4 2 0 1 214 830 245 565
151 4 2 0 1 642 475 487 897
152 4 2 0 1 1113 168 136 232
153 4 2 0 1 327 1173 184 220
154 4 2 0 1 170 806 313 209
155 4 2 0 1 406 280 278 295
156 4 2 0 1 1172 961 491 580
157 4 2 0 1 1029 319 121 231
158 4 2 0 1 1067 1173 220 184
159 4 2 0 1 1160 184 850 933
160 4 2 0 1 303 346 609 170
161 4 2 0 1 303 346 170 236
162 4 2 0 1 303 288 299 346
163 4 2 0 1 288 236 346 303
164 4 2 0 1 327 220 184 933
165 4 2 0 1 477 73 162 94
166 4 2 0 1 418 269 1109 460
167 4 2 0 1 418 460 1109 325
168 4 2 0 1 882 806 341 729
169 4 2 0 1 460 269 1109 450
170 4 2 0 1 1152 1086 929 204
171 4 2 0 1 23 360 624 525
172 4 2 0 1 460 450 1109 325
173 4 2 0 1 345 453 136 168
174 4 2 0 1 1113 760 136 168
175 4 2 0 1 477 162 521 94
176 4 2 0 1 187 1066 487 422
177 4 2 0 1 815 986 581 734
178 4 2 0 1 429 267 18 268
179 4 2 0 1 187 422 487 897
180 4 2 0 1 514 253 295 236
181 4 2 0 1 986 815 581 371
182 4 2 0 1 305 514 295 236
183 4 2 0 1 1138 195 948 159
184 4 2 0 1 303 236 170 248
185 4 2 0 1 277 198 335 865
186 4 2 0 1 277 198 996 335
187 4 2 0 1 437 94 90 194
188 4 2 0 1 1020 277 198 996
189 4 2 0 1 1020 542 198 277
190 4 2 0 1 162 94 90 521
191 4 2 0 1 148 98 300 152
192 4 2 0 1 300 580 98 148
193 4 2 0 1 542 865 198 277
194 4 2 0 1 250 882 587 591
195 4 2 0 1 439 153 574 957
196 4 2 0 1 857 390 179 594
197 4 2 0 1 513 649 126 233
198 4 2 0 1 760 154 1081 356
199 4 2 0 1 342 361 958 566
200 4 2 0 1 1118 976 218 569
201 4 2 0 1 569 713 962 1118
202 4 2 0 1 648 171 166 510
203 4 2 0 1 521 858 1023 708
204 4 2 0 1 772 80 65 49
205 4 2 0 1 131 565 298 1109
206 4 2 0 1 298 1122 131 1109
207 4 2 0 1 298 1122 393 131
208 4 2 0 1 1060 530 473 171
209 4 2 0 1 225 181 761 883
210 4 2 0 1 644 1060 473 171
211 4 2 0 1 1094 1068 1193 29
212 4 2 0 1 839 644 171 604
213 4 2 0 1 665 234 324 256
214 4 2 0 1 882 642 249 475
215 4 2 0 1 925 642 422 897
216 4 2 0 1 698 882 806 281
217 4 2 0 1 355 234 324 665
218 4 2 0 1 358 162 239 442
219 4 2 0 1 301 325 1122 298
220 4 2 0 1 417 308 271 790
221 4 2 0 1 274 333 391 318
222 4 2 0 1 272 274 318 260
223 4 2 0 1 318 333 260 274
224 4 2 0 1 171 510 447 1194
225 4 2 0 1 242 233 127 438
226 4 2 0 1 162 177 239 442
227 4 2 0 1 171 702 356 1194
228 4 2 0 1 286 302 287 311
229 4 2 0 1 287 302 883 311
230 4 2 0 1 274 393 333 260
231 4 2 0 1 281 882 806 209
232 4 2 0 1 440 281 175 698
233 4 2 0 1 440 175 925 698
234 4 2 0 1 864 1182 1069 266
235 4 2 0 1 1068 833 1193 29
236 4 2 0 1 608 330 317 39
237 4 2 0 1 425 181 761 225
238 4 2 0 1 980 873 261 227
239 4 2 0 1 120 194 358 162
240 4 2 0 1 883 287 761 299
241 4 2 0 1 980 261 404 1199
242 4 2 0 1 252 1183 633 336
243 4 2 0 1 347 694 180 1017
244 4 2 0 1 337 1122 393 298
245 4 2 0 1 1122 301 298 337
246 4 2 0 1 164 714 683 983
247 4 2 0 1 313 729 587 341
248 4 2 0 1 342 835 381 7
249 4 2 0 1 204 1132 967 681
250 4 2 0 1 241 729 587 313
251 4 2 0 1 967 681 344 365
252 4 2 0 1 1109 172 418 325
253 4 2 0 1 313 806 729 341
254 4 2 0 1 20 826 32 397
255 4 2 0 1 743 815 734 986
256 4 2 0 1 357 573 167 253
257 4 2 0 1 257 357 167 253
258 4 2 0 1 955 481 314 484
259 4 2 0 1 247 609 334 696
260 4 2 0 1 1192 839 273 876
261 4 2 0 1 429 267 468 18
262 4 2 0 1 268 267 757 19
263 4 2 0 1 19 2 6 268
264 4 2 0 1 960 269 371 364
265 4 2 0 1 876 1133 273 1192
266 4 2 0 1 876 1133 345 273
267 4 2 0 1 349 204 1132 589
268 4 2 0 1 1132 204 349 681
269 4 2 0 1 933 1055 453 128
270 4 2 0 1 1158 982 394 571
271 4 2 0 1 671 571 394 982
272 4 2 0 1 570 830 245 214
273 4 2 0 1 331 490 1135 695
274 4 2 0 1 604 194 166 839
275 4 2 0 1 214 570 414 245
276 4 2 0 1 460 269 450 371
277 4 2 0 1 498 973 1153 217
278 4 2 0 1 339 887 830 214
279 4 2 0 1 560 246 1175 973
280 4 2 0 1 341 209 806 882
281 4 2 0 1 313 806 341 209
282 4 2 0 1 570 339 830 214
283 4 2 0 1 308 417 966 790
284 4 2 0 1 271 432 417 790
285 4 2 0 1 308 994 795 271
286 4 2 0 1 166 171 1194 510
287 4 2 0 1 696 241 865 247
288 4 2 0 1 26 323 20 758
289 4 2 0 1 350 758 20 323
290 4 2 0 1 691 377 362 896
291 4 2 0 1 354 1179 362 972
292 4 2 0 1 362 1179 811 972
293 4 2 0 1 38 340 585 549
294 4 2 0 1 982 916 283 270
295 4 2 0 1 627 441 233 127
296 4 2 0 1 792 681 349 365
297 4 2 0 1 365 681 344 914
298 4 2 0 1 327 1173 1055 184
299 4 2 0 1 54 461 415 82
300 4 2 0 1 79 82 415 64
301 4 2 0 1 1166 1173 184 1055
302 4 2 0 1 79 82 54 415
303 4 2 0 1 609 303 299 346
304 4 2 0 1 1166 1173 1067 184
305 4 2 0 1 188 1141 822 661
306 4 2 0 1 408 821 576 431
307 4 2 0 1 318 333 99 368
308 4 2 0 1 522 316 789 216
309 4 2 0 1 351 318 99 368
310 4 2 0 1 279 623 739 568
311 4 2 0 1 270 916 283 1123
312 4 2 0 1 334 277 225 247
313 4 2 0 1 369 608 41 317
314 4 2 0 1 916 982 283 1002
315 4 2 0 1 177 521 716 477
316 4 2 0 1 188 1141 555 137
317 4 2 0 1 428 608 317 39
318 4 2 0 1 1161 369 41 895
319 4 2 0 1 739 923 322 1020
320 4 2 0 1 565 131 174 1109
321 4 2 0 1 1020 542 923 322
322 4 2 0 1 739 1020 322 960
323 4 2 0 1 1020 322 960 198
324 4 2 0 1 646 162 194 120
325 4 2 0 1 99 318 85 115
326 4 2 0 1 254 565 174 1109
327 4 2 0 1 1132 1086 1152 204
328 4 2 0 1 411 469 1169 851
329 4 2 0 1 237 1169 851 411
330 4 2 0 1 729 265 241 587
331 4 2 0 1 290 469 352 804
332 4 2 0 1 259 406 167 367
333 4 2 0 1 108 798 594 390
334 4 2 0 1 265 804 241 587
335 4 2 0 1 194 94 90 162
336 4 2 0 1 648 73 194 499
337 4 2 0 1 510 659 671 447
338 4 2 0 1 604 194 120 499
339 4 2 0 1 277 247 334 696
340 4 2 0 1 209 281 440 806
341 4 2 0 1 209 175 440 281
342 4 2 0 1 175 440 236 248
343 4 2 0 1 171 447 702 1194
344 4 2 0 1 425 225 761 334
345 4 2 0 1 767 998 670 1030
346 4 2 0 1 165 232 128 312
347 4 2 0 1 839 194 889 605
348 4 2 0 1 1122 286 325 301
349 4 2 0 1 274 393 391 333
350 4 2 0 1 90 521 933 239
351 4 2 0 1 1060 171 644 604
352 4 2 0 1 868 1067 850 184
353 4 2 0 1 1160 1166 184 1055
354 4 2 0 1 868 1166 1067 184
355 4 2 0 1 521 708 933 239
356 4 2 0 1 290 352 250 587
357 4 2 0 1 472 861 1183 336
358 4 2 0 1 352 1102 471 250
359 4 2 0 1 352 290 804 587
360 4 2 0 1 8 429 4 340
361 4 2 0 1 521 708 239 177
362 4 2 0 1 393 1122 274 391
363 4 2 0 1 996 269 418 460
364 4 2 0 1 171 510 671 447
365 4 2 0 1 380 1098 560 359
366 4 2 0 1 42 61 16 66
367 4 2 0 1 171 671 356 702
368 4 2 0 1 171 447 671 702
369 4 2 0 1 90 162 521 239
370 4 2 0 1 418 181 425 335
371 4 2 0 1 322 198 291 960
372 4 2 0 1 322 542 291 198
373 4 2 0 1 739 828 291 322
374 4 2 0 1 349 354 1179 466
375 4 2 0 1 333 932 119 139
376 4 2 0 1 139 113 119 1200
377 4 2 0 1 391 333 119 139
378 4 2 0 1 322 542 828 291
379 4 2 0 1 739 322 291 960
380 4 2 0 1 1020 198 960 996
381 4 2 0 1 355 324 234 1125
382 4 2 0 1 401 1017 555 188
383 4 2 0 1 461 8 10 4
384 4 2 0 1 233 513 199 614
385 4 2 0 1 614 513 126 233
386 4 2 0 1 75 1111 36 472
387 4 2 0 1 1111 36 470 75
388 4 2 0 1 115 113 932 139
389 4 2 0 1 351 272 258 578
390 4 2 0 1 578 272 318 351
391 4 2 0 1 1141 347 180 1017
392 4 2 0 1 345 453 168 889
393 4 2 0 1 573 421 1066 422
394 4 2 0 1 946 901 167 117
395 4 2 0 1 693 492 13 19
396 4 2 0 1 162 177 521 239
397 4 2 0 1 380 205 560 1098
398 4 2 0 1 761 311 287 883
399 4 2 0 1 512 289 607 736
400 4 2 0 1 1017 1141 188 180
401 4 2 0 1 308 966 880 790
402 4 2 0 1 220 1173 416 327
403 4 2 0 1 882 806 729 249
404 4 2 0 1 591 265 729 587
405 4 2 0 1 345 1133 453 889
406 4 2 0 1 996 425 277 335
407 4 2 0 1 1037 1121 434 451
408 4 2 0 1 451 1121 434 583
409 4 2 0 1 1017 1141 555 188
410 4 2 0 1 451 583 434 749
411 4 2 0 1 943 1148 899 1062
412 4 2 0 1 231 388 343 121
413 4 2 0 1 706 343 840 226
414 4 2 0 1 1055 136 69 1166
415 4 2 0 1 842 699 1087 968
416 4 2 0 1 512 1061 607 289
417 4 2 0 1 259 292 406 367
418 4 2 0 1 69 814 982 1158
419 4 2 0 1 1055 69 837 1166
420 4 2 0 1 231 706 343 388
421 4 2 0 1 339 1061 512 289
422 4 2 0 1 384 960 291 371
423 4 2 0 1 625 897 487 1023
424 4 2 0 1 1160 933 780 708
425 4 2 0 1 1029 690 319 231
426 4 2 0 1 319 910 121 231
427 4 2 0 1 71 86 101 87
428 4 2 0 1 94 500 91 1083
429 4 2 0 1 339 289 512 183
430 4 2 0 1 122 699 1087 842
431 4 2 0 1 475 230 1023 651
432 4 2 0 1 360 602 49 372
433 4 2 0 1 1185 122 1087 842
434 4 2 0 1 1023 230 196 651
435 4 2 0 1 1041 691 612 1131
436 4 2 0 1 230 201 1023 196
437 4 2 0 1 1067 543 1173 403
438 4 2 0 1 1195 621 1067 403
439 4 2 0 1 495 543 403 1173
440 4 2 0 1 1195 621 403 927
441 4 2 0 1 586 916 1101 660
442 4 2 0 1 57 1083 1186 37
443 4 2 0 1 311 302 181 325
444 4 2 0 1 181 418 311 325
445 4 2 0 1 290 469 411 352
446 4 2 0 1 471 411 352 290
447 4 2 0 1 416 290 411 471
448 4 2 0 1 10 11 4 8
449 4 2 0 1 1099 1132 509 493
450 4 2 0 1 493 1146 1042 344
451 4 2 0 1 400 1099 509 493
452 4 2 0 1 356 753 702 1081
453 4 2 0 1 94 1083 1186 57
454 4 2 0 1 1083 91 1186 37
455 4 2 0 1 94 91 1186 1083
456 4 2 0 1 595 660 1123 200
457 4 2 0 1 595 660 1101 1123
458 4 2 0 1 691 896 1000 377
459 4 2 0 1 713 569 962 353
460 4 2 0 1 348 404 226 539
461 4 2 0 1 352 471 290 250
462 4 2 0 1 1019 498 448 764
463 4 2 0 1 379 1162 748 191
464 4 2 0 1 973 205 560 380
465 4 2 0 1 1194 753 702 356
466 4 2 0 1 93 239 128 358
467 4 2 0 1 419 1140 791 1114
468 4 2 0 1 916 1123 1101 660
469 4 2 0 1 358 128 93 312
470 4 2 0 1 348 1199 226 404
471 4 2 0 1 1140 1002 916 283
472 4 2 0 1 1055 136 232 69
473 4 2 0 1 923 375 1165 828
474 4 2 0 1 486 657 397 20
475 4 2 0 1 1050 978 375 1165
476 4 2 0 1 978 773 375 1165
477 4 2 0 1 375 828 1050 1165
478 4 2 0 1 257 357 253 514
479 4 2 0 1 1055 232 165 69
480 4 2 0 1 257 167 406 253
481 4 2 0 1 375 1165 495 923
482 4 2 0 1 628 128 165 1055
483 4 2 0 1 364 768 611 384
484 4 2 0 1 259 257 167 406
485 4 2 0 1 364 960 768 384
486 4 2 0 1 319 910 620 121
487 4 2 0 1 93 239 933 128
488 4 2 0 1 333 139 318 932
489 4 2 0 1 148 300 410 152
490 4 2 0 1 410 681 148 152
491 4 2 0 1 237 411 352 471
492 4 2 0 1 416 471 411 237
493 4 2 0 1 1192 839 876 1194
494 4 2 0 1 815 269 371 986
495 4 2 0 1 4 267 429 8
496 4 2 0 1 616 720 539 190
497 4 2 0 1 391 245 119 333
498 4 2 0 1 739 828 322 923
499 4 2 0 1 140 119 245 373
500 4 2 0 1 391 245 140 119
501 4 2 0 1 923 542 828 322
502 4 2 0 1 1 5 566 7
503 4 2 0 1 1 5 7 544
504 4 2 0 1 71 1134 51 101
505 4 2 0 1 1192 839 889 273
506 4 2 0 1 851 469 1169 427
507 4 2 0 1 352 469 427 804
508 4 2 0 1 1182 435 912 862
509 4 2 0 1 315 36 430 472
510 4 2 0 1 866 1036 656 125
511 4 2 0 1 583 1036 656 866
512 4 2 0 1 1037 938 470 434
513 4 2 0 1 434 938 470 583
514 4 2 0 1 434 583 470 749
515 4 2 0 1 461 84 59 1064
516 4 2 0 1 54 461 82 84
517 4 2 0 1 65 81 100 772
518 4 2 0 1 461 84 54 59
519 4 2 0 1 581 364 384 371
520 4 2 0 1 49 624 360 372
521 4 2 0 1 186 200 595 1123
522 4 2 0 1 586 1114 916 660
523 4 2 0 1 829 227 980 452
524 4 2 0 1 980 873 227 829
525 4 2 0 1 274 393 260 306
526 4 2 0 1 208 448 1034 392
527 4 2 0 1 481 1172 898 1057
528 4 2 0 1 392 871 234 558
529 4 2 0 1 1114 1123 916 660
530 4 2 0 1 578 272 465 318
531 4 2 0 1 65 100 80 772
532 4 2 0 1 1137 974 801 501
533 4 2 0 1 969 801 1149 1014
534 4 2 0 1 829 980 873 577
535 4 2 0 1 122 1061 899 455
536 4 2 0 1 437 1133 53 1192
537 4 2 0 1 577 980 875 829
538 4 2 0 1 170 440 248 236
539 4 2 0 1 122 899 1061 707
540 4 2 0 1 346 440 170 236
541 4 2 0 1 875 980 452 829
542 4 2 0 1 328 887 378 261
543 4 2 0 1 883 303 287 299
544 4 2 0 1 472 36 430 1183
545 4 2 0 1 517 835 350 20
546 4 2 0 1 431 472 430 1183
547 4 2 0 1 887 830 328 183
548 4 2 0 1 60 1051 76 55
549 4 2 0 1 1194 870 1051 702
550 4 2 0 1 16 516 61 42
551 4 2 0 1 695 490 428 864
552 4 2 0 1 266 695 428 864
553 4 2 0 1 42 516 701 16
554 4 2 0 1 701 516 593 16
555 4 2 0 1 200 1123 186 598
556 4 2 0 1 774 332 510 496
557 4 2 0 1 812 332 510 774
558 4 2 0 1 115 85 64 79
559 4 2 0 1 79 115 113 64
560 4 2 0 1 64 85 49 79
561 4 2 0 1 648 332 510 812
562 4 2 0 1 1168 1151 132 106
563 4 2 0 1 707 1035 1029 690
564 4 2 0 1 475 1023 487 897
565 4 2 0 1 399 32 826 397
566 4 2 0 1 364 269 371 815
567 4 2 0 1 123 89 1051 447
568 4 2 0 1 399 29 826 32
569 4 2 0 1 204 1099 320 238
570 4 2 0 1 641 678 332 812
571 4 2 0 1 204 1132 1099 967
572 4 2 0 1 23 11 3 12
573 4 2 0 1 1007 244 815 364
574 4 2 0 1 812 641 678 697
575 4 2 0 1 90 162 239 358
576 4 2 0 1 327 136 453 1055
577 4 2 0 1 358 194 90 162
578 4 2 0 1 642 882 698 281
579 4 2 0 1 177 521 477 162
580 4 2 0 1 721 797 361 1038
581 4 2 0 1 698 642 249 882
582 4 2 0 1 281 642 175 698
583 4 2 0 1 708 467 1023 780
584 4 2 0 1 467 897 1023 651
585 4 2 0 1 139 321 142 115
586 4 2 0 1 669 211 776 240
587 4 2 0 1 390 409 594 857
588 4 2 0 1 581 734 263 815
589 4 2 0 1 515 1140 480 173
590 4 2 0 1 480 173 1140 1114
591 4 2 0 1 774 496 510 659
592 4 2 0 1 624 10 21 525
593 4 2 0 1 882 475 249 230
594 4 2 0 1 241 865 804 592
595 4 2 0 1 475 651 1023 897
596 4 2 0 1 659 496 571 774
597 4 2 0 1 1194 876 753 760
598 4 2 0 1 1194 753 356 760
599 4 2 0 1 644 647 1113 839
600 4 2 0 1 214 213 830 565
601 4 2 0 1 647 356 760 1194
602 4 2 0 1 405 500 956 83
603 4 2 0 1 642 897 487 422
604 4 2 0 1 463 1123 536 1097
605 4 2 0 1 692 427 828 506
606 4 2 0 1 628 165 128 312
607 4 2 0 1 964 510 890 89
608 4 2 0 1 2 19 267 268
609 4 2 0 1 510 89 964 688
610 4 2 0 1 51 42 61 58
611 4 2 0 1 71 51 42 61
612 4 2 0 1 1123 463 598 173
613 4 2 0 1 964 89 62 688
614 4 2 0 1 62 964 890 89
615 4 2 0 1 173 1123 463 1097
616 4 2 0 1 1029 319 822 121
617 4 2 0 1 120 564 1155 666
618 4 2 0 1 576 821 428 315
619 4 2 0 1 750 428 317 39
620 4 2 0 1 21 8 10 461
621 4 2 0 1 21 461 549 8
622 4 2 0 1 603 268 429 18
623 4 2 0 1 18 603 340 429
624 4 2 0 1 912 435 1182 1025
625 4 2 0 1 1072 912 1182 1025
626 4 2 0 1 658 235 1128 1053
627 4 2 0 1 369 31 626 831
628 4 2 0 1 31 608 626 831
629 4 2 0 1 1125 558 548 324
630 4 2 0 1 624 10 525 372
631 4 2 0 1 262 558 324 548
632 4 2 0 1 432 795 271 417
633 4 2 0 1 271 1090 795 432
634 4 2 0 1 269 254 710 575
635 4 2 0 1 710 980 575 254
636 4 2 0 1 93 90 239 358
637 4 2 0 1 358 437 93 90
638 4 2 0 1 227 873 261 672
639 4 2 0 1 453 232 93 128
640 4 2 0 1 609 334 696 370
641 4 2 0 1 312 232 128 93
642 4 2 0 1 219 1131 909 436
643 4 2 0 1 516 58 61 42
644 4 2 0 1 651 900 769 249
645 4 2 0 1 1032 1051 1194 556
646 4 2 0 1 570 630 110 373
647 4 2 0 1 455 630 570 373
648 4 2 0 1 308 439 547 880
649 4 2 0 1 900 762 769 249
650 4 2 0 1 97 491 554 580
651 4 2 0 1 194 437 358 90
652 4 2 0 1 22 16 5 635
653 4 2 0 1 691 362 1041 896
654 4 2 0 1 635 16 701 22
655 4 2 0 1 554 614 199 97
656 4 2 0 1 315 36 435 430
657 4 2 0 1 635 16 797 701
658 4 2 0 1 1032 556 1194 1136
659 4 2 0 1 427 469 828 506
660 4 2 0 1 257 357 546 167
661 4 2 0 1 242 438 127 951
662 4 2 0 1 58 479 51 42
663 4 2 0 1 982 283 1084 270
664 4 2 0 1 1062 464 653 1028
665 4 2 0 1 535 1005 1082 1019
666 4 2 0 1 57 1136 53 1010
667 4 2 0 1 57 1136 1010 32
668 4 2 0 1 507 263 1015 244
669 4 2 0 1 75 1001 508 1111
670 4 2 0 1 144 116 901 117
671 4 2 0 1 357 946 901 167
672 4 2 0 1 7 5 22 663
673 4 2 0 1 1095 507 788 676
674 4 2 0 1 958 5 22 7
675 4 2 0 1 958 566 5 7
676 4 2 0 1 263 987 507 1015
677 4 2 0 1 450 710 243 986
678 4 2 0 1 35 562 252 559
679 4 2 0 1 270 283 1084 1123
680 4 2 0 1 1121 451 462 974
681 4 2 0 1 536 1123 1159 1084
682 4 2 0 1 678 530 332 496
683 4 2 0 1 1130 66 42 52
684 4 2 0 1 982 1084 1159 270
685 4 2 0 1 270 1084 1159 1123
686 4 2 0 1 1001 918 562 35
687 4 2 0 1 35 863 252 562
688 4 2 0 1 1038 48 52 1120
689 4 2 0 1 216 969 963 1150
690 4 2 0 1 314 484 816 454
691 4 2 0 1 103 1130 66 71
692 4 2 0 1 839 171 647 1194
693 4 2 0 1 122 899 1062 455
694 4 2 0 1 287 288 299 303
695 4 2 0 1 26 323 758 1196
696 4 2 0 1 492 758 323 1196
697 4 2 0 1 977 24 22 14
698 4 2 0 1 350 758 323 492
699 4 2 0 1 277 865 247 696
700 4 2 0 1 166 1192 1194 839
701 4 2 0 1 839 171 1194 166
702 4 2 0 1 128 239 628 358
703 4 2 0 1 448 1121 1005 462
704 4 2 0 1 1121 1037 462 451
705 4 2 0 1 499 1157 697 118
706 4 2 0 1 421 642 487 422
707 4 2 0 1 207 642 421 422
708 4 2 0 1 1130 66 71 42
709 4 2 0 1 1036 146 656 125
710 4 2 0 1 52 66 42 797
711 4 2 0 1 103 66 1130 78
712 4 2 0 1 673 55 741 722
713 4 2 0 1 80 465 85 100
714 4 2 0 1 673 55 1054 741
715 4 2 0 1 1023 858 487 625
716 4 2 0 1 49 79 415 64
717 4 2 0 1 49 79 54 415
718 4 2 0 1 1169 276 222 563
719 4 2 0 1 563 222 1169 773
720 4 2 0 1 110 84 119 373
721 4 2 0 1 373 119 110 140
722 4 2 0 1 373 735 110 84
723 4 2 0 1 470 1111 385 36
724 4 2 0 1 923 458 375 828
725 4 2 0 1 534 726 1110 186
726 4 2 0 1 358 628 128 312
727 4 2 0 1 458 828 1050 375
728 4 2 0 1 923 427 458 828
729 4 2 0 1 427 828 1050 458
730 4 2 0 1 248 514 305 236
731 4 2 0 1 303 236 248 305
732 4 2 0 1 330 1184 161 39
733 4 2 0 1 75 1111 472 1001
734 4 2 0 1 662 534 1110 186
735 4 2 0 1 472 431 252 1183
736 4 2 0 1 523 836 263 611
737 4 2 0 1 562 472 252 336
738 4 2 0 1 263 364 244 523
739 4 2 0 1 523 263 507 244
740 4 2 0 1 263 987 523 507
741 4 2 0 1 987 836 263 523
742 4 2 0 1 299 225 883 609
743 4 2 0 1 783 401 1017 781
744 4 2 0 1 334 247 225 609
745 4 2 0 1 783 920 1017 401
746 4 2 0 1 225 299 761 334
747 4 2 0 1 225 609 299 334
748 4 2 0 1 13 979 468 19
749 4 2 0 1 817 25 468 19
750 4 2 0 1 952 1128 366 392
751 4 2 0 1 176 163 991 639
752 4 2 0 1 212 639 163 176
753 4 2 0 1 483 785 988 775
754 4 2 0 1 267 468 757 19
755 4 2 0 1 468 25 757 19
756 4 2 0 1 225 761 299 883
757 4 2 0 1 283 916 1140 173
758 4 2 0 1 916 173 283 1123
759 4 2 0 1 781 555 401 1017
760 4 2 0 1 1010 46 53 1096
761 4 2 0 1 3 544 2 9
762 4 2 0 1 1114 916 173 1140
763 4 2 0 1 2 544 6 9
764 4 2 0 1 207 421 573 422
765 4 2 0 1 202 830 736 328
766 4 2 0 1 662 211 240 776
767 4 2 0 1 173 916 1114 1123
768 4 2 0 1 179 390 540 383
769 4 2 0 1 594 390 179 383
770 4 2 0 1 49 54 624 415
771 4 2 0 1 887 830 202 328
772 4 2 0 1 54 624 415 461
773 4 2 0 1 122 707 1061 1035
774 4 2 0 1 707 122 1185 1035
775 4 2 0 1 1035 122 1092 1061
776 4 2 0 1 67 1144 524 1058
777 4 2 0 1 122 1092 1185 1035
778 4 2 0 1 668 476 1154 376
779 4 2 0 1 1195 196 769 541
780 4 2 0 1 657 381 486 397
781 4 2 0 1 350 486 20 835
782 4 2 0 1 465 318 85 1021
783 4 2 0 1 100 465 85 1021
784 4 2 0 1 373 339 512 830
785 4 2 0 1 261 887 378 873
786 4 2 0 1 1195 900 769 196
787 4 2 0 1 769 1195 1127 900
788 4 2 0 1 1039 490 576 428
789 4 2 0 1 916 982 1166 270
790 4 2 0 1 261 873 378 672
791 4 2 0 1 491 554 199 97
792 4 2 0 1 171 332 671 510
793 4 2 0 1 23 360 478 624
794 4 2 0 1 516 701 479 42
795 4 2 0 1 782 1195 1101 541
796 4 2 0 1 335 181 425 225
797 4 2 0 1 648 171 510 332
798 4 2 0 1 542 506 828 291
799 4 2 0 1 685 5 22 958
800 4 2 0 1 1169 495 543 590
801 4 2 0 1 22 635 5 685
802 4 2 0 1 63 38 33 1117
803 4 2 0 1 554 491 441 580
804 4 2 0 1 441 614 233 554
805 4 2 0 1 277 335 225 247
806 4 2 0 1 89 688 1159 109
807 4 2 0 1 750 317 482 39
808 4 2 0 1 277 335 425 225
809 4 2 0 1 1184 39 719 482
810 4 2 0 1 140 373 245 570
811 4 2 0 1 140 570 245 414
812 4 2 0 1 688 89 62 109
813 4 2 0 1 245 391 140 414
814 4 2 0 1 47 845 1105 941
815 4 2 0 1 1182 1069 862 912
816 4 2 0 1 488 770 582 1008
817 4 2 0 1 1182 912 1072 1069
818 4 2 0 1 1089 489 1043 1117
819 4 2 0 1 1117 1089 489 942
820 4 2 0 1 418 335 460 181
821 4 2 0 1 126 614 233 441
822 4 2 0 1 439 547 994 308
823 4 2 0 1 777 413 783 781
824 4 2 0 1 126 441 233 627
825 4 2 0 1 318 333 391 139
826 4 2 0 1 115 139 932 318
827 4 2 0 1 200 545 480 823
828 4 2 0 1 796 1199 922 226
829 4 2 0 1 1132 493 1099 967
830 4 2 0 1 342 566 622 361
831 4 2 0 1 1132 681 493 967
832 4 2 0 1 592 241 865 696
833 4 2 0 1 1079 542 696 592
834 4 2 0 1 586 1114 791 916
835 4 2 0 1 405 342 622 361
836 4 2 0 1 18 340 494 429
837 4 2 0 1 982 270 1158 814
838 4 2 0 1 1007 364 269 960
839 4 2 0 1 916 270 1101 1123
840 4 2 0 1 497 549 21 461
841 4 2 0 1 624 461 54 497
842 4 2 0 1 418 761 425 181
843 4 2 0 1 448 1005 498 1019
844 4 2 0 1 318 333 368 260
845 4 2 0 1 710 1007 244 815
846 4 2 0 1 796 840 226 922
847 4 2 0 1 761 418 311 181
848 4 2 0 1 277 225 425 334
849 4 2 0 1 1137 501 801 1014
850 4 2 0 1 1046 553 1146 520
851 4 2 0 1 937 420 787 788
852 4 2 0 1 495 1114 791 586
853 4 2 0 1 1140 771 1097 555
854 4 2 0 1 495 1114 1165 791
855 4 2 0 1 923 1114 495 1115
856 4 2 0 1 1165 1114 495 923
857 4 2 0 1 1095 420 937 788
858 4 2 0 1 495 1114 586 1115
859 4 2 0 1 420 788 783 920
860 4 2 0 1 420 920 715 788
861 4 2 0 1 154 982 356 394
862 4 2 0 1 671 394 356 982
863 4 2 0 1 539 736 550 328
864 4 2 0 1 1050 978 1169 375
865 4 2 0 1 188 1141 137 822
866 4 2 0 1 978 773 1169 375
867 4 2 0 1 1169 458 1050 375
868 4 2 0 1 1029 137 1141 822
869 4 2 0 1 279 568 739 291
870 4 2 0 1 568 960 291 384
871 4 2 0 1 58 516 479 42
872 4 2 0 1 58 593 479 516
873 4 2 0 1 739 960 291 568
874 4 2 0 1 1060 473 531 1158
875 4 2 0 1 982 571 1158 270
876 4 2 0 1 840 347 424 343
877 4 2 0 1 624 525 360 372
878 4 2 0 1 121 347 910 620
879 4 2 0 1 624 461 10 372
880 4 2 0 1 980 214 575 254
881 4 2 0 1 125 1137 146 656
882 4 2 0 1 855 216 522 1150
883 4 2 0 1 910 347 180 620
884 4 2 0 1 1063 942 1176 941
885 4 2 0 1 980 214 577 575
886 4 2 0 1 1176 55 941 34
887 4 2 0 1 1063 1176 1054 941
888 4 2 0 1 1176 941 942 34
889 4 2 0 1 473 154 356 394
890 4 2 0 1 511 1068 1094 29
891 4 2 0 1 584 598 433 892
892 4 2 0 1 598 726 584 433
893 4 2 0 1 1110 584 200 186
894 4 2 0 1 530 531 1060 473
895 4 2 0 1 877 840 347 424
896 4 2 0 1 718 319 822 518
897 4 2 0 1 820 176 988 483
898 4 2 0 1 894 483 159 176
899 4 2 0 1 988 150 483 683
900 4 2 0 1 1195 403 586 927
901 4 2 0 1 167 259 527 546
902 4 2 0 1 259 367 167 527
903 4 2 0 1 19 758 492 1196
904 4 2 0 1 350 758 492 19
905 4 2 0 1 150 988 164 683
906 4 2 0 1 1196 492 19 13
907 4 2 0 1 190 319 690 231
908 4 2 0 1 190 231 690 539
909 4 2 0 1 796 231 910 616
910 4 2 0 1 828 506 279 291
911 4 2 0 1 865 506 542 291
912 4 2 0 1 796 231 616 539
913 4 2 0 1 162 177 442 118
914 4 2 0 1 162 118 442 120
915 4 2 0 1 590 1169 495 458
916 4 2 0 1 1103 265 729 591
917 4 2 0 1 6 517 350 19
918 4 2 0 1 587 882 729 591
919 4 2 0 1 227 738 503 402
920 4 2 0 1 314 481 816 484
921 4 2 0 1 980 227 503 452
922 4 2 0 1 955 484 799 481
923 4 2 0 1 723 402 503 879
924 4 2 0 1 241 592 804 265
925 4 2 0 1 923 854 458 427
926 4 2 0 1 843 241 592 696
927 4 2 0 1 342 566 381 622
928 4 2 0 1 23 3 9 12
929 4 2 0 1 3 519 8 11
930 4 2 0 1 567 45 34 40
931 4 2 0 1 405 342 1083 622
932 4 2 0 1 1079 592 696 843
933 4 2 0 1 265 804 692 592
934 4 2 0 1 1115 458 495 923
935 4 2 0 1 458 375 495 923
936 4 2 0 1 1171 1176 19 34
937 4 2 0 1 458 923 1115 854
938 4 2 0 1 808 420 459 783
939 4 2 0 1 609 299 613 346
940 4 2 0 1 874 709 1116 692
941 4 2 0 1 1035 512 607 690
942 4 2 0 1 592 804 692 865
943 4 2 0 1 34 19 636 1176
944 4 2 0 1 459 808 886 420
945 4 2 0 1 459 808 783 413
946 4 2 0 1 1061 512 607 1035
947 4 2 0 1 1113 69 154 444
948 4 2 0 1 444 1113 69 165
949 4 2 0 1 1007 815 269 364
950 4 2 0 1 958 361 685 566
951 4 2 0 1 402 738 503 879
952 4 2 0 1 7 5 663 544
953 4 2 0 1 444 700 1155 644
954 4 2 0 1 870 1051 60 673
955 4 2 0 1 526 374 445 1189
956 4 2 0 1 892 654 781 173
957 4 2 0 1 339 455 512 1061
958 4 2 0 1 339 455 570 373
959 4 2 0 1 3 14 544 9
960 4 2 0 1 373 455 512 339
961 4 2 0 1 1189 528 732 445
962 4 2 0 1 781 1091 401 654
963 4 2 0 1 830 202 213 887
964 4 2 0 1 712 732 445 1189
965 4 2 0 1 1085 747 960 739
966 4 2 0 1 640 813 895 705
967 4 2 0 1 374 712 445 1189
968 4 2 0 1 21 10 11 525
969 4 2 0 1 1018 623 768 739
970 4 2 0 1 446 452 503 402
971 4 2 0 1 710 1007 815 269
972 4 2 0 1 424 347 180 910
973 4 2 0 1 358 162 442 120
974 4 2 0 1 91 398 477 73
975 4 2 0 1 358 442 628 666
976 4 2 0 1 515 1018 480 419
977 4 2 0 1 858 625 1023 708
978 4 2 0 1 658 1053 745 264
979 4 2 0 1 933 521 1023 708
980 4 2 0 1 716 858 625 111
981 4 2 0 1 402 433 846 452
982 4 2 0 1 376 1071 309 913
983 4 2 0 1 1124 875 534 575
984 4 2 0 1 1110 1124 875 534
985 4 2 0 1 48 361 721 342
986 4 2 0 1 48 361 1038 721
987 4 2 0 1 48 342 956 405
988 4 2 0 1 720 528 190 616
989 4 2 0 1 308 271 795 417
990 4 2 0 1 1088 537 1077 70
991 4 2 0 1 828 469 279 506
992 4 2 0 1 361 48 405 342
993 4 2 0 1 561 744 842 654
994 4 2 0 1 537 70 1088 106
995 4 2 0 1 610 109 699 92
996 4 2 0 1 617 1084 610 92
997 4 2 0 1 617 536 610 1084
998 4 2 0 1 941 60 845 601
999 4 2 0 1 735 630 943 373
1000 4 2 0 1 373 630 943 455
1001 4 2 0 1 373 630 110 735
1002 4 2 0 1 227 402 503 452
1003 4 2 0 1 540 390 717 383
1004 4 2 0 1 594 390 383 717
1005 4 2 0 1 968 1185 654 137
1006 4 2 0 1 137 188 822 654
1007 4 2 0 1 755 838 1033 649
1008 4 2 0 1 1128 366 392 950
1009 4 2 0 1 1083 342 381 622
1010 4 2 0 1 1034 974 1137 501
1011 4 2 0 1 596 1198 561 744
1012 4 2 0 1 992 1000 733 377
1013 4 2 0 1 596 561 654 744
1014 4 2 0 1 555 968 654 137
1015 4 2 0 1 271 995 547 994
1016 4 2 0 1 574 547 439 1013
1017 4 2 0 1 1198 744 842 561
1018 4 2 0 1 699 463 536 617
1019 4 2 0 1 699 617 610 92
1020 4 2 0 1 699 536 610 617
1021 4 2 0 1 617 699 463 968
1022 4 2 0 1 968 699 724 617
1023 4 2 0 1 617 92 699 724
1024 4 2 0 1 202 736 539 328
1025 4 2 0 1 858 625 1026 487
1026 4 2 0 1 889 437 93 358
1027 4 2 0 1 446 915 846 459
1028 4 2 0 1 506 542 828 692
1029 4 2 0 1 915 892 846 459
1030 4 2 0 1 941 845 1105 601
1031 4 2 0 1 358 312 93 889
1032 4 2 0 1 202 328 539 533
1033 4 2 0 1 404 533 539 348
1034 4 2 0 1 453 232 889 93
1035 4 2 0 1 111 83 500 1120
1036 4 2 0 1 312 232 93 889
1037 4 2 0 1 933 1055 327 453
1038 4 2 0 1 433 598 744 892
1039 4 2 0 1 950 558 234 674
1040 4 2 0 1 93 889 1133 437
1041 4 2 0 1 399 32 397 57
1042 4 2 0 1 1055 628 128 933
1043 4 2 0 1 306 1122 393 337
1044 4 2 0 1 1122 301 337 306
1045 4 2 0 1 558 871 1125 548
1046 4 2 0 1 128 239 933 628
1047 4 2 0 1 648 73 1192 194
1048 4 2 0 1 1120 111 138 1026
1049 4 2 0 1 1120 138 116 1026
1050 4 2 0 1 73 646 499 398
1051 4 2 0 1 570 373 110 140
1052 4 2 0 1 176 159 552 1003
1053 4 2 0 1 422 487 421 1066
1054 4 2 0 1 894 163 176 552
1055 4 2 0 1 634 809 203 1048
1056 4 2 0 1 166 1192 839 194
1057 4 2 0 1 559 633 1144 807
1058 4 2 0 1 1144 807 1058 67
1059 4 2 0 1 1133 93 453 889
1060 4 2 0 1 623 802 611 568
1061 4 2 0 1 889 437 358 194
1062 4 2 0 1 623 960 568 384
1063 4 2 0 1 1079 669 803 847
1064 4 2 0 1 408 863 821 431
1065 4 2 0 1 34 55 917 722
1066 4 2 0 1 906 1079 803 852
1067 4 2 0 1 29 556 26 32
1068 4 2 0 1 120 1157 604 499
1069 4 2 0 1 100 578 465 1021
1070 4 2 0 1 224 535 1053 952
1071 4 2 0 1 675 745 366 952
1072 4 2 0 1 224 1053 745 952
1073 4 2 0 1 1159 109 92 89
1074 4 2 0 1 588 89 92 109
1075 4 2 0 1 224 745 675 952
1076 4 2 0 1 441 233 491 554
1077 4 2 0 1 224 675 664 1019
1078 4 2 0 1 224 952 675 1019
1079 4 2 0 1 481 484 799 1074
1080 4 2 0 1 580 491 1074 799
1081 4 2 0 1 889 1192 437 194
1082 4 2 0 1 662 534 240 907
1083 4 2 0 1 57 32 397 657
1084 4 2 0 1 328 830 736 183
1085 4 2 0 1 907 240 662 1020
1086 4 2 0 1 605 564 1113 839
1087 4 2 0 1 335 996 425 418
1088 4 2 0 1 182 1146 1012 857
1089 4 2 0 1 996 460 418 335
1090 4 2 0 1 839 1192 889 194
1091 4 2 0 1 775 785 988 160
1092 4 2 0 1 306 1122 274 393
1093 4 2 0 1 393 1122 391 135
1094 4 2 0 1 775 683 160 988
1095 4 2 0 1 328 736 550 183
1096 4 2 0 1 1020 277 907 240
1097 4 2 0 1 736 830 512 183
1098 4 2 0 1 185 938 205 385
1099 4 2 0 1 736 667 550 183
1100 4 2 0 1 736 289 667 183
1101 4 2 0 1 69 154 982 859
1102 4 2 0 1 69 859 982 1166
1103 4 2 0 1 356 154 1081 982
1104 4 2 0 1 148 300 169 410
1105 4 2 0 1 812 398 477 91
1106 4 2 0 1 423 628 165 837
1107 4 2 0 1 1164 1081 859 982
1108 4 2 0 1 687 165 423 666
1109 4 2 0 1 433 598 726 744
1110 4 2 0 1 1110 726 452 584
1111 4 2 0 1 154 859 1081 982
1112 4 2 0 1 331 1178 695 1135
1113 4 2 0 1 1093 921 490 1135
1114 4 2 0 1 21 624 461 10
1115 4 2 0 1 540 717 68 779
1116 4 2 0 1 987 632 778 836
1117 4 2 0 1 523 987 632 507
1118 4 2 0 1 6 350 2 19
1119 4 2 0 1 693 350 492 19
1120 4 2 0 1 497 461 54 59
1121 4 2 0 1 987 836 523 632
1122 4 2 0 1 1067 237 543 403
1123 4 2 0 1 72 567 890 62
1124 4 2 0 1 495 590 403 543
1125 4 2 0 1 649 233 438 627
1126 4 2 0 1 812 398 395 477
1127 4 2 0 1 170 346 613 806
1128 4 2 0 1 613 729 313 806
1129 4 2 0 1 648 1186 964 890
1130 4 2 0 1 160 885 849 156
1131 4 2 0 1 473 154 394 1158
1132 4 2 0 1 156 885 849 145
1133 4 2 0 1 394 154 982 1158
1134 4 2 0 1 964 648 890 510
1135 4 2 0 1 419 1018 480 739
1136 4 2 0 1 1037 1121 938 434
1137 4 2 0 1 91 1186 964 648
1138 4 2 0 1 1165 1018 419 739
1139 4 2 0 1 802 1165 476 827
1140 4 2 0 1 476 1165 1154 827
1141 4 2 0 1 1018 1165 1154 476
1142 4 2 0 1 91 648 398 73
1143 4 2 0 1 444 154 473 1158
1144 4 2 0 1 122 464 899 1191
1145 4 2 0 1 357 946 167 573
1146 4 2 0 1 690 190 736 607
1147 4 2 0 1 736 607 550 667
1148 4 2 0 1 648 1186 73 91
1149 4 2 0 1 1195 1127 660 769
1150 4 2 0 1 1195 541 769 660
1151 4 2 0 1 660 541 769 595
1152 4 2 0 1 190 550 736 607
1153 4 2 0 1 690 607 736 512
1154 4 2 0 1 1115 403 586 495
1155 4 2 0 1 927 650 403 1115
1156 4 2 0 1 927 403 586 1115
1157 4 2 0 1 660 769 803 595
1158 4 2 0 1 660 1127 803 769
1159 4 2 0 1 1114 1123 660 200
1160 4 2 0 1 736 289 607 667
1161 4 2 0 1 623 768 611 1018
1162 4 2 0 1 623 384 568 611
1163 4 2 0 1 1112 110 579 756
1164 4 2 0 1 1112 579 142 1151
1165 4 2 0 1 893 70 756 1181
1166 4 2 0 1 384 768 611 623
1167 4 2 0 1 190 319 1035 690
1168 4 2 0 1 968 699 463 842
1169 4 2 0 1 1035 607 190 690
1170 4 2 0 1 1044 582 914 1145
1171 4 2 0 1 914 1145 582 793
1172 4 2 0 1 1185 842 1087 968
1173 4 2 0 1 470 583 385 1111
1174 4 2 0 1 1111 508 583 866
1175 4 2 0 1 542 1020 923 852
1176 4 2 0 1 1111 749 583 508
1177 4 2 0 1 749 583 470 1111
1178 4 2 0 1 607 532 1035 190
1179 4 2 0 1 145 849 856 714
1180 4 2 0 1 156 191 160 885
1181 4 2 0 1 1162 885 1031 983
1182 4 2 0 1 585 340 603 549
1183 4 2 0 1 190 319 532 1035
1184 4 2 0 1 730 494 56 33
1185 4 2 0 1 585 730 494 340
1186 4 2 0 1 822 600 518 561
1187 4 2 0 1 392 208 558 223
1188 4 2 0 1 532 319 518 1035
1189 4 2 0 1 196 900 769 651
1190 4 2 0 1 223 1142 208 558
1191 4 2 0 1 651 230 196 900
1192 4 2 0 1 547 308 880 790
1193 4 2 0 1 271 308 547 790
1194 4 2 0 1 1092 532 1035 607
1195 4 2 0 1 616 231 319 190
1196 4 2 0 1 343 706 347 388
1197 4 2 0 1 840 343 796 226
1198 4 2 0 1 1035 1092 1185 518
1199 4 2 0 1 20 397 32 657
1200 4 2 0 1 835 657 486 20
1201 4 2 0 1 561 1092 842 1198
1202 4 2 0 1 226 796 231 343
1203 4 2 0 1 273 760 124 876
1204 4 2 0 1 273 760 168 124
1205 4 2 0 1 1113 760 168 273
1206 4 2 0 1 163 149 129 926
1207 4 2 0 1 273 839 760 876
1208 4 2 0 1 766 910 319 616
1209 4 2 0 1 956 1083 342 37
1210 4 2 0 1 342 381 37 1083
1211 4 2 0 1 37 657 381 342
1212 4 2 0 1 549 340 557 38
1213 4 2 0 1 340 730 557 38
1214 4 2 0 1 149 894 163 944
1215 4 2 0 1 948 147 153 752
1216 4 2 0 1 534 662 240 776
1217 4 2 0 1 659 89 123 447
1218 4 2 0 1 510 659 447 89
1219 4 2 0 1 89 510 659 688
1220 4 2 0 1 89 659 1159 688
1221 4 2 0 1 659 1159 123 89
1222 4 2 0 1 300 97 580 148
1223 4 2 0 1 808 645 526 920
1224 4 2 0 1 14 24 593 977
1225 4 2 0 1 351 272 318 260
1226 4 2 0 1 863 431 472 315
1227 4 2 0 1 1115 590 403 495
1228 4 2 0 1 528 319 190 616
1229 4 2 0 1 27 18 28 17
1230 4 2 0 1 541 660 1101 595
1231 4 2 0 1 494 28 17 329
1232 4 2 0 1 494 28 18 17
1233 4 2 0 1 535 597 1128 952
1234 4 2 0 1 952 597 1128 392
1235 4 2 0 1 452 584 433 915
1236 4 2 0 1 708 625 1023 467
1237 4 2 0 1 625 897 1023 467
1238 4 2 0 1 915 584 433 892
1239 4 2 0 1 528 445 796 348
1240 4 2 0 1 915 892 433 846
1241 4 2 0 1 528 720 891 348
1242 4 2 0 1 346 613 609 170
1243 4 2 0 1 346 806 170 440
1244 4 2 0 1 343 347 910 121
1245 4 2 0 1 113 115 99 64
1246 4 2 0 1 876 345 124 273
1247 4 2 0 1 115 99 64 85
1248 4 2 0 1 888 528 720 891
1249 4 2 0 1 115 113 99 932
1250 4 2 0 1 226 743 243 710
1251 4 2 0 1 424 347 910 343
1252 4 2 0 1 702 1164 1051 123
1253 4 2 0 1 1169 590 543 237
1254 4 2 0 1 702 1164 982 1081
1255 4 2 0 1 1054 1176 741 55
1256 4 2 0 1 55 1176 741 722
1257 4 2 0 1 1176 1178 1054 741
1258 4 2 0 1 8 2 4 267
1259 4 2 0 1 8 4 2 3
1260 4 2 0 1 2 8 3 9
1261 4 2 0 1 1178 833 741 1176
1262 4 2 0 1 590 237 403 543
1263 4 2 0 1 1115 650 403 590
1264 4 2 0 1 124 345 168 273
1265 4 2 0 1 1176 833 741 722
1266 4 2 0 1 623 802 568 279
1267 4 2 0 1 1115 590 495 458
1268 4 2 0 1 580 961 98 1172
1269 4 2 0 1 227 873 672 829
1270 4 2 0 1 8 267 429 268
1271 4 2 0 1 549 340 603 8
1272 4 2 0 1 1069 864 1072 1182
1273 4 2 0 1 8 268 429 603
1274 4 2 0 1 603 8 340 429
1275 4 2 0 1 1179 1076 976 466
1276 4 2 0 1 1115 650 590 854
1277 4 2 0 1 590 458 1115 854
1278 4 2 0 1 215 1131 949 436
1279 4 2 0 1 949 215 992 1131
1280 4 2 0 1 1160 850 860 933
1281 4 2 0 1 121 388 347 1141
1282 4 2 0 1 227 672 396 829
1283 4 2 0 1 232 168 453 889
1284 4 2 0 1 266 731 331 864
1285 4 2 0 1 266 731 504 331
1286 4 2 0 1 606 627 649 810
1287 4 2 0 1 1029 822 1141 121
1288 4 2 0 1 33 636 18 25
1289 4 2 0 1 636 19 757 25
1290 4 2 0 1 149 1033 129 838
1291 4 2 0 1 738 891 503 879
1292 4 2 0 1 266 695 331 1068
1293 4 2 0 1 1079 906 803 669
1294 4 2 0 1 831 608 369 317
1295 4 2 0 1 428 831 317 608
1296 4 2 0 1 226 796 539 231
1297 4 2 0 1 555 188 654 401
1298 4 2 0 1 227 672 503 738
1299 4 2 0 1 671 659 123 447
1300 4 2 0 1 188 1091 600 654
1301 4 2 0 1 170 806 613 313
1302 4 2 0 1 466 1076 976 652
1303 4 2 0 1 792 466 349 681
1304 4 2 0 1 1113 889 168 232
1305 4 2 0 1 123 571 671 982
1306 4 2 0 1 800 793 1145 203
1307 4 2 0 1 121 1029 388 1141
1308 4 2 0 1 188 645 1091 401
1309 4 2 0 1 4 461 8 340
1310 4 2 0 1 461 549 8 340
1311 4 2 0 1 380 664 1052 255
1312 4 2 0 1 671 571 123 659
1313 4 2 0 1 461 557 549 340
1314 4 2 0 1 503 738 720 891
1315 4 2 0 1 616 231 910 319
1316 4 2 0 1 811 637 362 991
1317 4 2 0 1 1128 1180 234 871
1318 4 2 0 1 1128 871 234 392
1319 4 2 0 1 692 542 828 923
1320 4 2 0 1 692 542 923 919
1321 4 2 0 1 427 923 692 828
1322 4 2 0 1 854 923 692 427
1323 4 2 0 1 692 919 923 854
1324 4 2 0 1 710 844 743 815
1325 4 2 0 1 546 357 102 167
1326 4 2 0 1 616 231 190 539
1327 4 2 0 1 727 532 682 884
1328 4 2 0 1 1041 612 589 1131
1329 4 2 0 1 911 612 349 354
1330 4 2 0 1 589 219 1131 612
1331 4 2 0 1 528 766 319 616
1332 4 2 0 1 226 844 743 710
1333 4 2 0 1 457 376 978 827
1334 4 2 0 1 279 457 827 802
1335 4 2 0 1 627 438 649 810
1336 4 2 0 1 457 978 867 827
1337 4 2 0 1 150 606 649 810
1338 4 2 0 1 150 606 432 649
1339 4 2 0 1 407 399 1163 529
1340 4 2 0 1 319 682 532 518
1341 4 2 0 1 399 29 1163 529
1342 4 2 0 1 401 1091 188 654
1343 4 2 0 1 402 738 879 596
1344 4 2 0 1 616 720 348 539
1345 4 2 0 1 615 1170 686 111
1346 4 2 0 1 1168 132 615 106
1347 4 2 0 1 1168 1088 615 1170
1348 4 2 0 1 528 532 727 884
1349 4 2 0 1 364 815 371 581
1350 4 2 0 1 190 528 532 319
1351 4 2 0 1 252 472 1183 336
1352 4 2 0 1 528 720 884 888
1353 4 2 0 1 542 1079 852 919
1354 4 2 0 1 528 720 348 616
1355 4 2 0 1 441 233 127 242
1356 4 2 0 1 879 402 596 723
1357 4 2 0 1 458 854 1169 427
1358 4 2 0 1 319 620 822 121
1359 4 2 0 1 427 1169 851 854
1360 4 2 0 1 518 1092 561 1198
1361 4 2 0 1 822 561 1185 654
1362 4 2 0 1 1185 1092 561 518
1363 4 2 0 1 520 931 553 764
1364 4 2 0 1 448 498 553 764
1365 4 2 0 1 501 931 553 520
1366 4 2 0 1 52 701 721 797
1367 4 2 0 1 1035 822 319 518
1368 4 2 0 1 52 42 701 797
1369 4 2 0 1 744 463 842 654
1370 4 2 0 1 718 661 620 1190
1371 4 2 0 1 523 364 244 676
1372 4 2 0 1 581 263 364 815
1373 4 2 0 1 319 1190 718 620
1374 4 2 0 1 1169 458 590 854
1375 4 2 0 1 676 523 507 244
1376 4 2 0 1 319 1035 1029 822
1377 4 2 0 1 1007 1095 937 676
1378 4 2 0 1 496 332 510 671
1379 4 2 0 1 1095 676 788 937
1380 4 2 0 1 1051 1164 60 76
1381 4 2 0 1 496 671 510 659
1382 4 2 0 1 60 76 1164 601
1383 4 2 0 1 629 654 1091 892
1384 4 2 0 1 152 681 151 1132
1385 4 2 0 1 169 681 148 410
1386 4 2 0 1 413 629 599 1091
1387 4 2 0 1 641 1060 332 678
1388 4 2 0 1 249 230 475 651
1389 4 2 0 1 678 641 1060 697
1390 4 2 0 1 420 788 1095 783
1391 4 2 0 1 783 788 1095 507
1392 4 2 0 1 1095 783 515 777
1393 4 2 0 1 1157 644 839 604
1394 4 2 0 1 31 1182 746 266
1395 4 2 0 1 3 8 4 11
1396 4 2 0 1 500 111 1120 1026
1397 4 2 0 1 31 266 746 511
1398 4 2 0 1 843 1079 1127 847
1399 4 2 0 1 919 1127 1126 843
1400 4 2 0 1 843 847 1127 762
1401 4 2 0 1 659 671 571 496
1402 4 2 0 1 431 315 576 430
1403 4 2 0 1 641 1157 1060 697
1404 4 2 0 1 1079 1127 919 843
1405 4 2 0 1 179 594 383 1153
1406 4 2 0 1 21 461 624 497
1407 4 2 0 1 843 1127 1126 762
1408 4 2 0 1 716 91 500 111
1409 4 2 0 1 783 507 1095 515
1410 4 2 0 1 459 420 1095 783
1411 4 2 0 1 606 126 649 627
1412 4 2 0 1 126 233 649 627
1413 4 2 0 1 304 303 305 141
1414 4 2 0 1 496 530 531 678
1415 4 2 0 1 530 531 473 394
1416 4 2 0 1 393 245 391 333
1417 4 2 0 1 678 1060 332 530
1418 4 2 0 1 1095 459 783 777
1419 4 2 0 1 530 1060 531 678
1420 4 2 0 1 1159 109 610 92
1421 4 2 0 1 499 646 194 120
1422 4 2 0 1 892 654 1091 781
1423 4 2 0 1 892 629 413 1091
1424 4 2 0 1 499 646 120 118
1425 4 2 0 1 980 887 261 873
1426 4 2 0 1 836 689 778 476
1427 4 2 0 1 499 1157 118 120
1428 4 2 0 1 578 318 1021 351
1429 4 2 0 1 578 318 465 1021
1430 4 2 0 1 351 318 368 260
1431 4 2 0 1 689 836 523 611
1432 4 2 0 1 539 190 736 690
1433 4 2 0 1 632 689 778 836
1434 4 2 0 1 150 649 432 438
1435 4 2 0 1 197 382 191 631
1436 4 2 0 1 611 836 802 689
1437 4 2 0 1 959 1059 953 643
1438 4 2 0 1 632 836 523 689
1439 4 2 0 1 683 130 105 164
1440 4 2 0 1 218 634 652 363
1441 4 2 0 1 218 634 754 652
1442 4 2 0 1 754 800 1145 203
1443 4 2 0 1 966 105 683 130
1444 4 2 0 1 751 217 1153 1175
1445 4 2 0 1 217 1056 1042 751
1446 4 2 0 1 751 217 1056 1153
1447 4 2 0 1 751 677 217 1175
1448 4 2 0 1 871 1180 234 1125
1449 4 2 0 1 1128 1180 871 597
1450 4 2 0 1 310 376 457 1047
1451 4 2 0 1 364 815 263 244
1452 4 2 0 1 190 550 539 736
1453 4 2 0 1 580 491 441 961
1454 4 2 0 1 491 441 961 242
1455 4 2 0 1 441 233 242 491
1456 4 2 0 1 1118 976 569 637
1457 4 2 0 1 1143 991 944 637
1458 4 2 0 1 1118 637 569 713
1459 4 2 0 1 205 284 224 638
1460 4 2 0 1 404 202 226 539
1461 4 2 0 1 5 663 544 14
1462 4 2 0 1 41 1161 895 640
1463 4 2 0 1 574 158 1027 193
1464 4 2 0 1 193 158 1027 206
1465 4 2 0 1 202 533 539 404
1466 4 2 0 1 493 1146 344 582
1467 4 2 0 1 681 493 344 582
1468 4 2 0 1 892 433 629 744
1469 4 2 0 1 895 1161 813 640
1470 4 2 0 1 950 558 262 786
1471 4 2 0 1 120 564 1156 1155
1472 4 2 0 1 1156 120 680 564
1473 4 2 0 1 1146 1078 409 182
1474 4 2 0 1 533 891 720 348
1475 4 2 0 1 857 1146 409 182
1476 4 2 0 1 539 533 720 348
1477 4 2 0 1 755 129 1033 838
1478 4 2 0 1 533 503 720 891
1479 4 2 0 1 440 281 698 806
1480 4 2 0 1 286 302 325 301
1481 4 2 0 1 382 631 197 193
1482 4 2 0 1 382 155 193 197
1483 4 2 0 1 286 302 311 325
1484 4 2 0 1 503 891 538 879
1485 4 2 0 1 723 503 538 879
1486 4 2 0 1 374 723 538 712
1487 4 2 0 1 1165 419 791 1114
1488 4 2 0 1 712 891 538 445
1489 4 2 0 1 374 712 538 445
1490 4 2 0 1 790 966 683 130
1491 4 2 0 1 829 452 875 726
1492 4 2 0 1 2 350 693 19
1493 4 2 0 1 19 2 267 693
1494 4 2 0 1 790 417 966 130
1495 4 2 0 1 790 432 417 130
1496 4 2 0 1 577 875 726 829
1497 4 2 0 1 671 123 982 702
1498 4 2 0 1 671 447 123 702
1499 4 2 0 1 366 745 551 1128
1500 4 2 0 1 1087 137 1106 1185
1501 4 2 0 1 875 452 1110 726
1502 4 2 0 1 207 253 514 236
1503 4 2 0 1 248 207 514 236
1504 4 2 0 1 1087 1185 707 122
1505 4 2 0 1 123 447 1051 702
1506 4 2 0 1 746 266 504 511
1507 4 2 0 1 266 1182 1069 31
1508 4 2 0 1 508 146 1036 125
1509 4 2 0 1 508 125 443 146
1510 4 2 0 1 596 654 1091 629
1511 4 2 0 1 433 915 846 452
1512 4 2 0 1 629 596 599 1091
1513 4 2 0 1 744 463 654 892
1514 4 2 0 1 976 218 754 652
1515 4 2 0 1 662 240 211 1020
1516 4 2 0 1 910 343 121 231
1517 4 2 0 1 227 261 503 672
1518 4 2 0 1 744 654 596 629
1519 4 2 0 1 692 709 1116 427
1520 4 2 0 1 352 427 851 1116
1521 4 2 0 1 239 708 933 628
1522 4 2 0 1 956 1083 37 91
1523 4 2 0 1 530 332 671 171
1524 4 2 0 1 427 851 1116 854
1525 4 2 0 1 109 653 588 412
1526 4 2 0 1 587 265 804 709
1527 4 2 0 1 709 352 804 587
1528 4 2 0 1 1116 854 692 427
1529 4 2 0 1 122 464 699 1062
1530 4 2 0 1 1198 682 561 518
1531 4 2 0 1 654 968 842 1185
1532 4 2 0 1 352 427 1116 709
1533 4 2 0 1 830 339 512 183
1534 4 2 0 1 202 887 328 261
1535 4 2 0 1 563 655 276 222
1536 4 2 0 1 235 805 655 1080
1537 4 2 0 1 459 413 783 777
1538 4 2 0 1 657 835 381 342
1539 4 2 0 1 530 671 356 171
1540 4 2 0 1 671 394 530 356
1541 4 2 0 1 980 261 202 404
1542 4 2 0 1 970 798 114 112
1543 4 2 0 1 202 261 533 404
1544 4 2 0 1 671 496 530 394
1545 4 2 0 1 328 202 261 533
1546 4 2 0 1 869 582 488 344
1547 4 2 0 1 1008 488 869 582
1548 4 2 0 1 399 29 529 826
1549 4 2 0 1 561 842 1185 654
1550 4 2 0 1 1120 83 1073 1170
1551 4 2 0 1 496 530 332 671
1552 4 2 0 1 1097 283 1140 173
1553 4 2 0 1 1185 822 1035 518
1554 4 2 0 1 6 544 663 9
1555 4 2 0 1 544 663 9 14
1556 4 2 0 1 14 24 663 9
1557 4 2 0 1 714 683 105 164
1558 4 2 0 1 671 394 571 496
1559 4 2 0 1 966 105 856 683
1560 4 2 0 1 790 966 338 683
1561 4 2 0 1 1185 1092 842 561
1562 4 2 0 1 883 299 609 303
1563 4 2 0 1 531 473 394 1158
1564 4 2 0 1 914 488 582 344
1565 4 2 0 1 849 1013 156 145
1566 4 2 0 1 849 547 156 1013
1567 4 2 0 1 668 1154 476 778
1568 4 2 0 1 202 887 261 980
1569 4 2 0 1 266 1182 731 864
1570 4 2 0 1 743 844 706 734
1571 4 2 0 1 734 1015 840 706
1572 4 2 0 1 531 394 571 1158
1573 4 2 0 1 496 531 571 774
1574 4 2 0 1 473 356 154 760
1575 4 2 0 1 355 1045 234 665
1576 4 2 0 1 1045 476 668 376
1577 4 2 0 1 530 496 531 394
1578 4 2 0 1 1045 668 1180 913
1579 4 2 0 1 394 531 571 496
1580 4 2 0 1 2 544 386 6
1581 4 2 0 1 6 386 2 350
1582 4 2 0 1 330 449 161 767
1583 4 2 0 1 189 975 1125 1030
1584 4 2 0 1 767 449 161 670
1585 4 2 0 1 356 473 647 760
1586 4 2 0 1 266 1182 746 731
1587 4 2 0 1 808 920 783 401
1588 4 2 0 1 413 401 783 781
1589 4 2 0 1 592 1079 542 692
1590 4 2 0 1 808 401 783 413
1591 4 2 0 1 708 858 716 521
1592 4 2 0 1 812 398 697 395
1593 4 2 0 1 843 1079 592 692
1594 4 2 0 1 692 1079 542 919
1595 4 2 0 1 812 648 398 91
1596 4 2 0 1 671 702 982 356
1597 4 2 0 1 91 648 964 812
1598 4 2 0 1 648 510 964 812
1599 4 2 0 1 262 674 256 558
1600 4 2 0 1 1079 919 692 843
1601 4 2 0 1 699 109 588 92
1602 4 2 0 1 1128 1053 745 658
1603 4 2 0 1 699 588 109 653
1604 4 2 0 1 692 804 427 506
1605 4 2 0 1 267 693 468 19
1606 4 2 0 1 27 25 468 817
1607 4 2 0 1 804 469 427 506
1608 4 2 0 1 804 506 692 865
1609 4 2 0 1 401 1017 188 180
1610 4 2 0 1 188 180 645 401
1611 4 2 0 1 777 515 1095 480
1612 4 2 0 1 702 447 1051 1194
1613 4 2 0 1 920 180 1017 401
1614 4 2 0 1 920 180 401 645
1615 4 2 0 1 738 744 1198 596
1616 4 2 0 1 190 720 539 550
1617 4 2 0 1 1105 1191 601 1087
1618 4 2 0 1 1191 941 1105 601
1619 4 2 0 1 1110 726 584 186
1620 4 2 0 1 724 941 1191 601
1621 4 2 0 1 328 550 720 679
1622 4 2 0 1 1087 724 1191 601
1623 4 2 0 1 514 357 253 207
1624 4 2 0 1 539 550 720 328
1625 4 2 0 1 416 411 1169 237
1626 4 2 0 1 543 416 1169 237
1627 4 2 0 1 1095 1018 480 515
1628 4 2 0 1 413 629 846 599
1629 4 2 0 1 1055 136 453 232
1630 4 2 0 1 515 507 1095 1018
1631 4 2 0 1 843 241 729 265
1632 4 2 0 1 683 130 164 150
1633 4 2 0 1 486 397 15 20
1634 4 2 0 1 1118 1179 362 1076
1635 4 2 0 1 20 15 826 397
1636 4 2 0 1 399 826 529 397
1637 4 2 0 1 537 686 1088 1170
1638 4 2 0 1 1170 83 686 111
1639 4 2 0 1 362 637 1118 991
1640 4 2 0 1 1118 1179 637 362
1641 4 2 0 1 843 241 613 729
1642 4 2 0 1 480 1018 1095 747
1643 4 2 0 1 559 807 1144 67
1644 4 2 0 1 429 468 17 18
1645 4 2 0 1 747 1095 676 1018
1646 4 2 0 1 892 846 413 629
1647 4 2 0 1 228 316 522 855
1648 4 2 0 1 228 488 316 855
1649 4 2 0 1 1193 15 20 323
1650 4 2 0 1 1095 1018 507 676
1651 4 2 0 1 650 237 403 590
1652 4 2 0 1 668 376 309 913
1653 4 2 0 1 621 237 403 650
1654 4 2 0 1 695 490 326 428
1655 4 2 0 1 914 793 488 228
1656 4 2 0 1 634 809 793 203
1657 4 2 0 1 774 812 678 502
1658 4 2 0 1 228 914 793 203
1659 4 2 0 1 793 770 488 228
1660 4 2 0 1 509 751 1153 1175
1661 4 2 0 1 509 677 751 1175
1662 4 2 0 1 226 743 844 706
1663 4 2 0 1 226 844 840 706
1664 4 2 0 1 263 734 244 815
1665 4 2 0 1 844 244 840 734
1666 4 2 0 1 842 122 1092 1185
1667 4 2 0 1 244 263 1015 734
1668 4 2 0 1 699 464 122 1087
1669 4 2 0 1 734 844 244 815
1670 4 2 0 1 660 803 211 595
1671 4 2 0 1 734 244 840 1015
1672 4 2 0 1 751 217 677 1022
1673 4 2 0 1 977 24 701 22
1674 4 2 0 1 509 400 751 677
1675 4 2 0 1 400 751 677 1022
1676 4 2 0 1 400 1022 677 238
1677 4 2 0 1 404 261 533 1199
1678 4 2 0 1 32 1136 556 917
1679 4 2 0 1 502 812 697 395
1680 4 2 0 1 772 77 49 602
1681 4 2 0 1 596 879 712 682
1682 4 2 0 1 65 772 49 602
1683 4 2 0 1 796 348 226 539
1684 4 2 0 1 366 1128 551 950
1685 4 2 0 1 640 813 705 1059
1686 4 2 0 1 640 1161 813 1059
1687 4 2 0 1 705 643 426 953
1688 4 2 0 1 426 643 1180 953
1689 4 2 0 1 712 596 723 879
1690 4 2 0 1 452 829 227 396
1691 4 2 0 1 88 1087 1106 707
1692 4 2 0 1 1079 803 1127 847
1693 4 2 0 1 88 899 122 707
1694 4 2 0 1 634 793 800 203
1695 4 2 0 1 754 634 800 203
1696 4 2 0 1 630 1148 110 735
1697 4 2 0 1 852 919 1079 1127
1698 4 2 0 1 1064 110 1148 735
1699 4 2 0 1 452 726 829 396
1700 4 2 0 1 803 1079 1127 852
1701 4 2 0 1 807 1058 314 633
1702 4 2 0 1 1194 870 702 753
1703 4 2 0 1 498 1153 1056 217
1704 4 2 0 1 18 429 494 17
1705 4 2 0 1 498 1056 520 217
1706 4 2 0 1 591 874 709 1188
1707 4 2 0 1 753 870 702 1164
1708 4 2 0 1 712 599 808 374
1709 4 2 0 1 509 400 819 751
1710 4 2 0 1 73 162 194 646
1711 4 2 0 1 442 118 666 120
1712 4 2 0 1 493 819 509 400
1713 4 2 0 1 895 369 41 317
1714 4 2 0 1 449 895 330 317
1715 4 2 0 1 895 317 41 330
1716 4 2 0 1 265 804 709 692
1717 4 2 0 1 160 338 849 714
1718 4 2 0 1 714 338 849 856
1719 4 2 0 1 1164 982 859 1002
1720 4 2 0 1 529 826 15 397
1721 4 2 0 1 1084 1164 1002 982
1722 4 2 0 1 499 73 194 646
1723 4 2 0 1 916 859 1166 982
1724 4 2 0 1 1002 859 791 916
1725 4 2 0 1 404 1199 533 348
1726 4 2 0 1 386 544 7 6
1727 4 2 0 1 7 544 663 6
1728 4 2 0 1 692 804 709 427
1729 4 2 0 1 121 347 620 1141
1730 4 2 0 1 352 427 709 804
1731 4 2 0 1 968 654 463 1097
1732 4 2 0 1 540 717 779 383
1733 4 2 0 1 717 390 540 68
1734 4 2 0 1 822 620 1141 121
1735 4 2 0 1 287 883 302 303
1736 4 2 0 1 620 347 180 1141
1737 4 2 0 1 620 661 822 1141
1738 4 2 0 1 719 39 750 482
1739 4 2 0 1 188 1141 661 180
1740 4 2 0 1 710 740 1007 269
1741 4 2 0 1 713 163 569 353
1742 4 2 0 1 76 1164 724 123
1743 4 2 0 1 721 361 958 342
1744 4 2 0 1 1084 724 1164 123
1745 4 2 0 1 76 1164 601 724
1746 4 2 0 1 26 556 29 722
1747 4 2 0 1 661 180 620 1190
1748 4 2 0 1 724 1164 601 771
1749 4 2 0 1 1084 771 1164 724
1750 4 2 0 1 349 612 204 589
1751 4 2 0 1 904 219 589 612
1752 4 2 0 1 724 76 123 92
1753 4 2 0 1 724 92 123 1084
1754 4 2 0 1 123 1084 92 1159
1755 4 2 0 1 620 180 661 1141
1756 4 2 0 1 725 1129 825 321
1757 4 2 0 1 725 321 115 142
1758 4 2 0 1 725 825 115 321
1759 4 2 0 1 269 575 710 740
1760 4 2 0 1 1042 1146 869 344
1761 4 2 0 1 1042 1146 520 869
1762 4 2 0 1 710 980 740 575
1763 4 2 0 1 947 619 863 35
1764 4 2 0 1 457 376 827 802
1765 4 2 0 1 457 827 867 279
1766 4 2 0 1 279 827 1050 1165
1767 4 2 0 1 660 586 1114 1115
1768 4 2 0 1 730 33 63 38
1769 4 2 0 1 563 978 773 1169
1770 4 2 0 1 730 63 557 38
1771 4 2 0 1 590 237 1169 854
1772 4 2 0 1 809 228 793 203
1773 4 2 0 1 149 606 838 881
1774 4 2 0 1 1169 854 237 851
1775 4 2 0 1 699 464 588 653
1776 4 2 0 1 432 606 838 649
1777 4 2 0 1 661 180 645 188
1778 4 2 0 1 1190 180 645 661
1779 4 2 0 1 650 237 590 854
1780 4 2 0 1 827 773 978 1165
1781 4 2 0 1 621 237 650 854
1782 4 2 0 1 1154 1165 773 827
1783 4 2 0 1 390 409 798 594
1784 4 2 0 1 561 654 822 600
1785 4 2 0 1 409 178 970 1040
1786 4 2 0 1 718 518 822 600
1787 4 2 0 1 604 1060 171 641
1788 4 2 0 1 648 194 166 604
1789 4 2 0 1 927 621 403 650
1790 4 2 0 1 944 894 163 176
1791 4 2 0 1 991 163 176 944
1792 4 2 0 1 400 493 1042 344
1793 4 2 0 1 400 967 493 344
1794 4 2 0 1 735 1148 943 630
1795 4 2 0 1 557 63 735 38
1796 4 2 0 1 721 701 22 635
1797 4 2 0 1 738 784 596 1198
1798 4 2 0 1 917 1136 37 32
1799 4 2 0 1 1198 784 596 682
1800 4 2 0 1 648 194 604 499
1801 4 2 0 1 648 1192 166 194
1802 4 2 0 1 660 927 586 1115
1803 4 2 0 1 1157 1060 604 641
1804 4 2 0 1 605 194 358 120
1805 4 2 0 1 585 18 494 33
1806 4 2 0 1 585 494 18 340
1807 4 2 0 1 347 1015 877 694
1808 4 2 0 1 494 33 18 28
1809 4 2 0 1 352 1102 237 471
1810 4 2 0 1 1102 237 220 1067
1811 4 2 0 1 621 237 1102 1067
1812 4 2 0 1 50 954 602 360
1813 4 2 0 1 50 602 49 360
1814 4 2 0 1 895 813 643 705
1815 4 2 0 1 237 1102 220 471
1816 4 2 0 1 1163 29 46 741
1817 4 2 0 1 1163 741 46 673
1818 4 2 0 1 759 246 742 217
1819 4 2 0 1 705 813 643 1059
1820 4 2 0 1 445 1199 374 787
1821 4 2 0 1 120 564 358 605
1822 4 2 0 1 1042 217 751 1022
1823 4 2 0 1 823 584 200 545
1824 4 2 0 1 584 200 598 823
1825 4 2 0 1 819 400 1042 751
1826 4 2 0 1 400 1042 751 1022
1827 4 2 0 1 200 186 584 598
1828 4 2 0 1 751 1056 1042 819
1829 4 2 0 1 886 374 1199 787
1830 4 2 0 1 358 564 312 605
1831 4 2 0 1 1007 1095 676 747
1832 4 2 0 1 886 446 1199 374
1833 4 2 0 1 905 816 68 454
1834 4 2 0 1 595 211 776 669
1835 4 2 0 1 803 211 595 669
1836 4 2 0 1 816 1004 68 454
1837 4 2 0 1 1199 787 1197 886
1838 4 2 0 1 227 396 738 402
1839 4 2 0 1 312 564 666 165
1840 4 2 0 1 480 1018 747 739
1841 4 2 0 1 689 1018 778 476
1842 4 2 0 1 665 836 778 476
1843 4 2 0 1 452 396 227 402
1844 4 2 0 1 509 751 819 1153
1845 4 2 0 1 180 694 920 1017
1846 4 2 0 1 473 530 356 171
1847 4 2 0 1 644 473 647 171
1848 4 2 0 1 43 572 1107 893
1849 4 2 0 1 756 70 106 1181
1850 4 2 0 1 171 647 644 839
1851 4 2 0 1 227 672 738 396
1852 4 2 0 1 526 445 787 796
1853 4 2 0 1 727 1190 682 319
1854 4 2 0 1 682 712 645 1190
1855 4 2 0 1 743 734 285 986
1856 4 2 0 1 657 486 381 835
1857 4 2 0 1 516 593 479 701
1858 4 2 0 1 266 746 504 731
1859 4 2 0 1 1112 110 140 579
1860 4 2 0 1 1181 1112 756 1167
1861 4 2 0 1 727 712 682 1190
1862 4 2 0 1 749 1111 75 508
1863 4 2 0 1 140 1200 110 1112
1864 4 2 0 1 528 1190 727 319
1865 4 2 0 1 470 75 749 1111
1866 4 2 0 1 1039 428 750 39
1867 4 2 0 1 1039 750 719 39
1868 4 2 0 1 320 400 509 677
1869 4 2 0 1 509 1099 400 320
1870 4 2 0 1 1086 509 320 1099
1871 4 2 0 1 211 906 852 1020
1872 4 2 0 1 530 394 473 356
1873 4 2 0 1 515 419 480 1140
1874 4 2 0 1 1114 419 480 739
1875 4 2 0 1 480 1140 419 1114
1876 4 2 0 1 644 473 1060 444
1877 4 2 0 1 444 644 1155 1060
1878 4 2 0 1 1091 561 654 596
1879 4 2 0 1 561 654 600 1091
1880 4 2 0 1 249 230 651 900
1881 4 2 0 1 795 271 994 752
1882 4 2 0 1 926 752 149 129
1883 4 2 0 1 1188 591 874 1187
1884 4 2 0 1 591 265 709 874
1885 4 2 0 1 874 591 265 1103
1886 4 2 0 1 762 900 769 1127
1887 4 2 0 1 708 858 625 716
1888 4 2 0 1 805 1059 192 953
1889 4 2 0 1 615 1170 1088 686
1890 4 2 0 1 796 445 787 1199
1891 4 2 0 1 805 1059 953 959
1892 4 2 0 1 644 1155 1060 1156
1893 4 2 0 1 1112 756 579 1181
1894 4 2 0 1 268 267 18 757
1895 4 2 0 1 636 757 18 25
1896 4 2 0 1 267 468 18 757
1897 4 2 0 1 468 25 18 757
1898 4 2 0 1 1171 1196 758 19
1899 4 2 0 1 517 758 350 19
1900 4 2 0 1 1157 1060 1156 644
1901 4 2 0 1 677 1022 759 238
1902 4 2 0 1 238 759 742 1022
1903 4 2 0 1 724 464 699 1087
1904 4 2 0 1 326 903 505 921
1905 4 2 0 1 211 662 200 186
1906 4 2 0 1 903 27 505 921
1907 4 2 0 1 402 396 738 744
1908 4 2 0 1 793 914 1145 203
1909 4 2 0 1 796 445 1199 348
1910 4 2 0 1 738 744 596 402
1911 4 2 0 1 1135 1093 695 490
1912 4 2 0 1 587 265 709 591
1913 4 2 0 1 695 331 490 864
1914 4 2 0 1 352 709 250 587
1915 4 2 0 1 666 165 423 628
1916 4 2 0 1 591 250 709 587
1917 4 2 0 1 328 887 183 378
1918 4 2 0 1 851 854 237 1116
1919 4 2 0 1 621 854 1116 237
1920 4 2 0 1 768 611 523 364
1921 4 2 0 1 523 364 676 768
1922 4 2 0 1 1043 763 40 412
1923 4 2 0 1 1117 1043 588 763
1924 4 2 0 1 768 364 1007 960
1925 4 2 0 1 1007 364 768 676
1926 4 2 0 1 764 498 520 217
1927 4 2 0 1 925 207 422 642
1928 4 2 0 1 1116 237 352 1102
1929 4 2 0 1 237 851 1116 352
1930 4 2 0 1 699 588 464 92
1931 4 2 0 1 679 328 378 261
1932 4 2 0 1 117 765 71 103
1933 4 2 0 1 102 765 71 1134
1934 4 2 0 1 724 941 92 464
1935 4 2 0 1 699 464 724 92
1936 4 2 0 1 593 24 479 701
1937 4 2 0 1 701 593 24 977
1938 4 2 0 1 1190 661 645 718
1939 4 2 0 1 998 1180 1030 426
1940 4 2 0 1 189 767 975 1030
1941 4 2 0 1 767 981 161 1184
1942 4 2 0 1 1030 998 670 1180
1943 4 2 0 1 613 241 696 609
1944 4 2 0 1 1095 459 886 420
1945 4 2 0 1 682 319 718 518
1946 4 2 0 1 1187 1103 762 249
1947 4 2 0 1 600 682 518 561
1948 4 2 0 1 696 370 613 609
1949 4 2 0 1 682 718 645 600
1950 4 2 0 1 743 285 734 706
1951 4 2 0 1 639 163 991 713
1952 4 2 0 1 212 713 163 639
1953 4 2 0 1 476 827 1154 376
1954 4 2 0 1 376 773 978 827
1955 4 2 0 1 1168 132 143 615
1956 4 2 0 1 137 724 601 771
1957 4 2 0 1 1154 827 773 376
1958 4 2 0 1 536 617 463 1097
1959 4 2 0 1 968 1097 463 617
1960 4 2 0 1 682 518 718 600
1961 4 2 0 1 1098 224 359 664
1962 4 2 0 1 682 1190 718 319
1963 4 2 0 1 682 718 1190 645
1964 4 2 0 1 526 787 424 796
1965 4 2 0 1 424 840 796 787
1966 4 2 0 1 874 591 1103 1187
1967 4 2 0 1 943 630 1062 455
1968 4 2 0 1 773 376 563 309
1969 4 2 0 1 1045 668 913 376
1970 4 2 0 1 1160 860 780 933
1971 4 2 0 1 221 665 324 256
1972 4 2 0 1 355 665 324 1065
1973 4 2 0 1 355 1065 324 1125
1974 4 2 0 1 1023 860 933 780
1975 4 2 0 1 201 860 1023 196
1976 4 2 0 1 567 1136 37 917
1977 4 2 0 1 662 211 776 186
1978 4 2 0 1 534 662 776 186
1979 4 2 0 1 595 211 186 776
1980 4 2 0 1 173 515 777 480
1981 4 2 0 1 405 500 1083 956
1982 4 2 0 1 783 1017 515 781
1983 4 2 0 1 956 500 1083 91
1984 4 2 0 1 844 734 840 706
1985 4 2 0 1 178 488 216 1008
1986 4 2 0 1 665 778 987 221
1987 4 2 0 1 488 178 216 1150
1988 4 2 0 1 1036 146 208 656
1989 4 2 0 1 656 1137 146 208
1990 4 2 0 1 1150 855 216 488
1991 4 2 0 1 599 712 723 374
1992 4 2 0 1 787 1199 922 796
1993 4 2 0 1 852 542 906 1079
1994 4 2 0 1 796 1199 226 348
1995 4 2 0 1 466 652 976 754
1996 4 2 0 1 49 77 85 64
1997 4 2 0 1 602 81 772 77
1998 4 2 0 1 65 772 602 81
1999 4 2 0 1 780 467 1023 196
2000 4 2 0 1 648 641 171 332
2001 4 2 0 1 1023 860 780 196
2002 4 2 0 1 1097 771 968 555
2003 4 2 0 1 648 641 332 812
2004 4 2 0 1 812 398 641 697
2005 4 2 0 1 76 34 941 55
2006 4 2 0 1 34 45 76 941
2007 4 2 0 1 942 941 1117 1089
2008 4 2 0 1 499 1157 641 697
2009 4 2 0 1 604 641 171 648
2010 4 2 0 1 968 699 1087 724
2011 4 2 0 1 1198 561 682 596
2012 4 2 0 1 1157 641 604 499
2013 4 2 0 1 196 1195 782 541
2014 4 2 0 1 1090 129 838 149
2015 4 2 0 1 1090 129 945 838
2016 4 2 0 1 1195 868 860 782
2017 4 2 0 1 255 246 1052 217
2018 4 2 0 1 973 380 1052 217
2019 4 2 0 1 217 246 1052 973
2020 4 2 0 1 217 380 1052 255
2021 4 2 0 1 133 1151 142 132
2022 4 2 0 1 786 1142 902 223
2023 4 2 0 1 1157 1060 644 604
2024 4 2 0 1 1151 579 142 132
2025 4 2 0 1 744 654 629 892
2026 4 2 0 1 876 839 760 1194
2027 4 2 0 1 220 237 416 543
2028 4 2 0 1 1067 220 543 237
2029 4 2 0 1 416 471 237 220
2030 4 2 0 1 839 647 760 1194
2031 4 2 0 1 839 647 1113 760
2032 4 2 0 1 839 1113 273 760
2033 4 2 0 1 703 646 118 162
2034 4 2 0 1 477 73 646 162
2035 4 2 0 1 477 398 646 73
2036 4 2 0 1 277 865 335 247
2037 4 2 0 1 648 73 499 398
2038 4 2 0 1 177 162 703 118
2039 4 2 0 1 477 398 703 646
2040 4 2 0 1 647 171 356 1194
2041 4 2 0 1 886 711 808 374
2042 4 2 0 1 886 808 711 420
2043 4 2 0 1 808 711 526 374
2044 4 2 0 1 1017 694 783 515
2045 4 2 0 1 920 694 783 1017
2046 4 2 0 1 647 473 356 171
2047 4 2 0 1 1114 791 916 1140
2048 4 2 0 1 808 526 711 920
2049 4 2 0 1 1002 791 1140 916
2050 4 2 0 1 1084 617 536 1097
2051 4 2 0 1 808 920 711 420
2052 4 2 0 1 610 1084 1159 92
2053 4 2 0 1 1044 681 792 365
2054 4 2 0 1 1044 466 792 681
2055 4 2 0 1 609 299 370 613
2056 4 2 0 1 890 567 928 62
2057 4 2 0 1 890 1136 37 567
2058 4 2 0 1 1186 1136 37 890
2059 4 2 0 1 795 147 104 752
2060 4 2 0 1 34 55 1032 917
2061 4 2 0 1 34 1032 55 76
2062 4 2 0 1 1032 45 76 34
2063 4 2 0 1 623 960 768 739
2064 4 2 0 1 948 147 752 552
2065 4 2 0 1 1154 376 773 309
2066 4 2 0 1 108 112 114 798
2067 4 2 0 1 1154 376 309 668
2068 4 2 0 1 409 798 114 970
2069 4 2 0 1 580 491 799 97
2070 4 2 0 1 747 960 739 768
2071 4 2 0 1 598 186 584 726
2072 4 2 0 1 190 720 532 528
2073 4 2 0 1 398 499 641 697
2074 4 2 0 1 528 720 532 884
2075 4 2 0 1 499 641 604 648
2076 4 2 0 1 1095 886 937 420
2077 4 2 0 1 788 507 1015 244
2078 4 2 0 1 694 1015 788 507
2079 4 2 0 1 877 1015 788 694
2080 4 2 0 1 788 877 787 1015
2081 4 2 0 1 788 787 244 1015
2082 4 2 0 1 1060 697 1155 687
2083 4 2 0 1 433 396 402 744
2084 4 2 0 1 433 726 396 744
2085 4 2 0 1 470 938 385 583
2086 4 2 0 1 822 661 620 718
2087 4 2 0 1 185 470 938 385
2088 4 2 0 1 796 424 910 343
2089 4 2 0 1 1113 680 839 564
2090 4 2 0 1 680 644 1113 839
2091 4 2 0 1 680 644 1156 684
2092 4 2 0 1 877 1015 347 840
2093 4 2 0 1 877 1015 840 787
2094 4 2 0 1 319 718 822 620
2095 4 2 0 1 858 500 1026 111
2096 4 2 0 1 1156 564 680 684
2097 4 2 0 1 980 261 1199 503
2098 4 2 0 1 680 644 684 1113
2099 4 2 0 1 684 564 680 1113
2100 4 2 0 1 700 1155 644 684
2101 4 2 0 1 564 700 684 1155
2102 4 2 0 1 358 442 666 120
2103 4 2 0 1 695 1178 331 1068
2104 4 2 0 1 687 444 1155 1060
2105 4 2 0 1 1199 261 533 503
2106 4 2 0 1 120 666 358 564
2107 4 2 0 1 661 645 600 188
2108 4 2 0 1 700 1113 444 165
2109 4 2 0 1 444 1113 700 644
2110 4 2 0 1 1113 700 644 684
2111 4 2 0 1 609 299 334 370
2112 4 2 0 1 564 1113 684 700
2113 4 2 0 1 564 1113 700 165
2114 4 2 0 1 877 787 424 526
2115 4 2 0 1 877 840 424 787
2116 4 2 0 1 1199 503 533 538
2117 4 2 0 1 528 348 891 445
2118 4 2 0 1 402 452 846 446
2119 4 2 0 1 811 949 992 1131
2120 4 2 0 1 467 651 1023 196
2121 4 2 0 1 974 448 553 931
2122 4 2 0 1 1034 448 974 931
2123 4 2 0 1 452 915 846 446
2124 4 2 0 1 727 879 682 712
2125 4 2 0 1 879 712 727 888
2126 4 2 0 1 1003 163 176 212
2127 4 2 0 1 512 289 736 183
2128 4 2 0 1 550 667 720 679
2129 4 2 0 1 53 1192 1096 46
2130 4 2 0 1 53 1192 1133 1096
2131 4 2 0 1 879 891 538 712
2132 4 2 0 1 723 879 538 712
2133 4 2 0 1 446 503 1199 538
2134 4 2 0 1 1136 46 1192 53
2135 4 2 0 1 879 891 712 888
2136 4 2 0 1 585 340 18 603
2137 4 2 0 1 599 723 712 596
2138 4 2 0 1 943 1148 1062 630
2139 4 2 0 1 624 461 372 415
2140 4 2 0 1 374 446 1199 538
2141 4 2 0 1 808 920 401 645
2142 4 2 0 1 613 241 313 729
2143 4 2 0 1 609 613 241 313
2144 4 2 0 1 468 27 817 979
2145 4 2 0 1 180 645 526 1189
2146 4 2 0 1 645 180 526 920
2147 4 2 0 1 645 180 1190 1189
2148 4 2 0 1 452 584 726 433
2149 4 2 0 1 452 396 402 433
2150 4 2 0 1 224 359 284 1098
2151 4 2 0 1 452 726 396 433
2152 4 2 0 1 774 678 332 496
2153 4 2 0 1 812 678 332 774
2154 4 2 0 1 894 176 820 483
2155 4 2 0 1 881 150 483 1143
2156 4 2 0 1 820 881 483 1143
2157 4 2 0 1 820 894 944 176
2158 4 2 0 1 944 149 820 1143
2159 4 2 0 1 496 678 531 774
2160 4 2 0 1 727 319 682 532
2161 4 2 0 1 727 528 884 888
2162 4 2 0 1 328 550 679 183
2163 4 2 0 1 728 528 727 888
2164 4 2 0 1 728 1189 528 737
2165 4 2 0 1 712 737 1189 728
2166 4 2 0 1 183 328 378 679
2167 4 2 0 1 982 270 814 1166
2168 4 2 0 1 1166 270 814 1101
2169 4 2 0 1 1101 1160 814 1166
2170 4 2 0 1 550 667 679 183
2171 4 2 0 1 408 1039 576 821
2172 4 2 0 1 576 1039 428 821
2173 4 2 0 1 732 528 891 445
2174 4 2 0 1 408 30 821 619
2175 4 2 0 1 712 891 445 732
2176 4 2 0 1 169 97 300 148
2177 4 2 0 1 888 732 528 891
2178 4 2 0 1 712 891 732 888
2179 4 2 0 1 605 194 889 358
2180 4 2 0 1 728 737 528 888
2181 4 2 0 1 712 888 737 728
2182 4 2 0 1 279 291 739 828
2183 4 2 0 1 923 828 1165 739
2184 4 2 0 1 828 739 279 1165
2185 4 2 0 1 358 312 889 605
2186 4 2 0 1 888 737 528 732
2187 4 2 0 1 712 732 737 888
2188 4 2 0 1 395 398 697 118
2189 4 2 0 1 477 398 395 703
2190 4 2 0 1 725 107 825 1129
2191 4 2 0 1 825 1129 107 387
2192 4 2 0 1 398 646 499 118
2193 4 2 0 1 398 646 118 703
2194 4 2 0 1 398 499 697 118
2195 4 2 0 1 879 888 884 738
2196 4 2 0 1 694 507 783 515
2197 4 2 0 1 529 29 1193 826
2198 4 2 0 1 879 738 891 888
2199 4 2 0 1 678 812 697 502
2200 4 2 0 1 766 445 796 528
2201 4 2 0 1 766 445 526 796
2202 4 2 0 1 13 979 19 1196
2203 4 2 0 1 173 892 598 823
2204 4 2 0 1 554 233 199 614
2205 4 2 0 1 173 598 1123 823
2206 4 2 0 1 469 1050 1169 427
2207 4 2 0 1 1085 1020 960 824
2208 4 2 0 1 907 824 1020 662
2209 4 2 0 1 960 907 824 1020
2210 4 2 0 1 796 910 766 616
2211 4 2 0 1 796 343 910 231
2212 4 2 0 1 766 526 910 796
2213 4 2 0 1 347 877 180 694
2214 4 2 0 1 591 230 882 249
2215 4 2 0 1 358 239 628 442
2216 4 2 0 1 1188 591 1187 230
2217 4 2 0 1 666 312 358 564
2218 4 2 0 1 180 877 347 424
2219 4 2 0 1 358 666 628 312
2220 4 2 0 1 526 424 180 910
2221 4 2 0 1 654 968 463 842
2222 4 2 0 1 1189 180 910 526
2223 4 2 0 1 620 180 910 1190
2224 4 2 0 1 976 218 652 1118
2225 4 2 0 1 920 180 526 877
2226 4 2 0 1 781 1097 654 555
2227 4 2 0 1 180 877 424 526
2228 4 2 0 1 1196 323 492 13
2229 4 2 0 1 13 323 908 1196
2230 4 2 0 1 13 908 1135 1196
2231 4 2 0 1 1189 180 1190 910
2232 4 2 0 1 180 877 920 694
2233 4 2 0 1 428 1069 831 608
2234 4 2 0 1 596 712 1091 682
2235 4 2 0 1 596 561 682 1091
2236 4 2 0 1 682 600 645 1091
2237 4 2 0 1 682 1091 645 712
2238 4 2 0 1 682 561 600 1091
2239 4 2 0 1 744 433 629 402
2240 4 2 0 1 596 744 629 402
2241 4 2 0 1 722 833 29 26
2242 4 2 0 1 886 787 711 374
2243 4 2 0 1 202 980 213 887
2244 4 2 0 1 886 711 787 420
2245 4 2 0 1 711 787 526 374
2246 4 2 0 1 711 526 715 920
2247 4 2 0 1 1169 375 495 458
2248 4 2 0 1 711 920 715 420
2249 4 2 0 1 526 445 374 787
2250 4 2 0 1 164 215 834 992
2251 4 2 0 1 834 164 1162 215
2252 4 2 0 1 7 381 1 835
2253 4 2 0 1 993 836 263 987
2254 4 2 0 1 420 715 787 788
2255 4 2 0 1 711 526 787 715
2256 4 2 0 1 711 715 787 420
2257 4 2 0 1 715 526 787 877
2258 4 2 0 1 788 715 787 877
2259 4 2 0 1 538 503 533 891
2260 4 2 0 1 445 891 538 348
2261 4 2 0 1 974 451 208 1036
2262 4 2 0 1 348 533 891 538
2263 4 2 0 1 656 208 974 1137
2264 4 2 0 1 1101 1166 868 1160
2265 4 2 0 1 184 868 1166 1160
2266 4 2 0 1 1166 1101 868 586
2267 4 2 0 1 868 403 1067 1166
2268 4 2 0 1 868 403 1166 586
2269 4 2 0 1 446 402 503 723
2270 4 2 0 1 723 402 846 446
2271 4 2 0 1 446 503 538 723
2272 4 2 0 1 374 446 538 723
2273 4 2 0 1 1158 69 814 837
2274 4 2 0 1 814 837 69 1166
2275 4 2 0 1 1189 1190 528 766
2276 4 2 0 1 528 1190 319 766
2277 4 2 0 1 808 526 1189 374
2278 4 2 0 1 808 526 645 1189
2279 4 2 0 1 808 1189 645 712
2280 4 2 0 1 808 374 1189 712
2281 4 2 0 1 599 846 808 374
2282 4 2 0 1 758 20 26 1171
2283 4 2 0 1 1193 323 20 26
2284 4 2 0 1 723 446 846 374
2285 4 2 0 1 551 674 234 1047
2286 4 2 0 1 1047 256 674 234
2287 4 2 0 1 599 723 846 374
2288 4 2 0 1 607 532 190 720
2289 4 2 0 1 1092 518 1035 532
2290 4 2 0 1 550 607 720 667
2291 4 2 0 1 190 720 550 607
2292 4 2 0 1 777 781 515 173
2293 4 2 0 1 812 648 641 398
2294 4 2 0 1 515 781 1140 173
2295 4 2 0 1 249 651 475 897
2296 4 2 0 1 235 264 841 655
2297 4 2 0 1 648 499 641 398
2298 4 2 0 1 698 642 897 249
2299 4 2 0 1 249 475 642 897
2300 4 2 0 1 980 227 261 503
2301 4 2 0 1 787 840 922 244
2302 4 2 0 1 680 644 839 1157
2303 4 2 0 1 839 680 1157 120
2304 4 2 0 1 629 433 846 402
2305 4 2 0 1 892 433 846 629
2306 4 2 0 1 165 1113 232 312
2307 4 2 0 1 605 564 312 1113
2308 4 2 0 1 312 1113 232 889
2309 4 2 0 1 312 605 1113 889
2310 4 2 0 1 165 564 1113 312
2311 4 2 0 1 265 843 874 1103
2312 4 2 0 1 265 843 592 692
2313 4 2 0 1 843 241 696 613
2314 4 2 0 1 47 845 1006 1105
2315 4 2 0 1 28 1063 845 47
2316 4 2 0 1 1054 1063 845 1016
2317 4 2 0 1 1016 1176 1178 1054
2318 4 2 0 1 592 542 865 692
2319 4 2 0 1 542 865 696 592
2320 4 2 0 1 596 629 723 402
2321 4 2 0 1 723 629 596 599
2322 4 2 0 1 542 865 277 696
2323 4 2 0 1 778 1018 1154 476
2324 4 2 0 1 473 760 154 1113
2325 4 2 0 1 647 473 1113 760
2326 4 2 0 1 722 556 29 741
2327 4 2 0 1 710 244 844 815
2328 4 2 0 1 741 833 29 722
2329 4 2 0 1 922 244 844 710
2330 4 2 0 1 922 844 244 840
2331 4 2 0 1 644 473 1113 647
2332 4 2 0 1 528 766 616 796
2333 4 2 0 1 796 616 348 539
2334 4 2 0 1 528 616 348 796
2335 4 2 0 1 628 666 165 312
2336 4 2 0 1 1 544 7 386
2337 4 2 0 1 481 1057 580 1172
2338 4 2 0 1 108 798 114 594
2339 4 2 0 1 182 1040 409 594
2340 4 2 0 1 409 594 114 798
2341 4 2 0 1 847 803 1127 769
2342 4 2 0 1 260 272 258 351
2343 4 2 0 1 847 669 803 769
2344 4 2 0 1 762 847 1127 769
2345 4 2 0 1 625 858 1026 111
2346 4 2 0 1 477 646 703 162
2347 4 2 0 1 230 848 201 196
2348 4 2 0 1 196 848 900 230
2349 4 2 0 1 177 162 477 703
2350 4 2 0 1 395 398 118 703
2351 4 2 0 1 645 1091 808 712
2352 4 2 0 1 933 850 201 220
2353 4 2 0 1 850 201 860 933
2354 4 2 0 1 848 201 196 860
2355 4 2 0 1 1091 596 599 712
2356 4 2 0 1 850 853 201 220
2357 4 2 0 1 1091 599 808 712
2358 4 2 0 1 411 469 851 352
2359 4 2 0 1 237 851 352 411
2360 4 2 0 1 149 606 1033 838
2361 4 2 0 1 352 469 851 427
2362 4 2 0 1 1189 445 766 528
2363 4 2 0 1 1189 445 526 766
2364 4 2 0 1 1189 526 910 766
2365 4 2 0 1 860 853 201 850
2366 4 2 0 1 220 853 1067 850
2367 4 2 0 1 848 853 201 860
2368 4 2 0 1 853 1102 220 1067
2369 4 2 0 1 692 506 542 865
2370 4 2 0 1 1158 444 69 165
2371 4 2 0 1 1158 165 69 837
2372 4 2 0 1 1158 423 165 837
2373 4 2 0 1 687 165 1158 423
2374 4 2 0 1 687 444 1158 165
2375 4 2 0 1 714 338 856 683
2376 4 2 0 1 880 790 966 338
2377 4 2 0 1 1 835 486 386
2378 4 2 0 1 692 1126 919 854
2379 4 2 0 1 542 852 923 919
2380 4 2 0 1 1113 273 168 889
2381 4 2 0 1 839 1113 889 273
2382 4 2 0 1 605 1113 889 839
2383 4 2 0 1 679 328 261 720
2384 4 2 0 1 773 978 563 376
2385 4 2 0 1 328 533 261 720
2386 4 2 0 1 533 503 261 720
2387 4 2 0 1 539 328 720 533
2388 4 2 0 1 503 672 261 720
2389 4 2 0 1 679 261 672 720
2390 4 2 0 1 1155 700 444 165
2391 4 2 0 1 666 564 1155 165
2392 4 2 0 1 1155 165 687 666
2393 4 2 0 1 1155 444 687 165
2394 4 2 0 1 564 700 1155 165
2395 4 2 0 1 472 36 1183 861
2396 4 2 0 1 861 36 1183 618
2397 4 2 0 1 1182 435 862 31
2398 4 2 0 1 1113 154 473 444
2399 4 2 0 1 644 1113 473 444
2400 4 2 0 1 947 431 863 408
2401 4 2 0 1 723 629 846 402
2402 4 2 0 1 408 619 863 947
2403 4 2 0 1 428 490 576 864
2404 4 2 0 1 1195 860 196 782
2405 4 2 0 1 196 1195 848 860
2406 4 2 0 1 445 538 1199 348
2407 4 2 0 1 738 879 596 784
2408 4 2 0 1 784 879 596 682
2409 4 2 0 1 738 879 784 884
2410 4 2 0 1 866 125 704 443
2411 4 2 0 1 884 879 784 682
2412 4 2 0 1 660 1195 1101 586
2413 4 2 0 1 866 125 443 508
2414 4 2 0 1 978 1169 276 867
2415 4 2 0 1 488 869 216 1008
2416 4 2 0 1 520 1146 1046 869
2417 4 2 0 1 770 488 178 1008
2418 4 2 0 1 673 870 46 1163
2419 4 2 0 1 868 1160 860 782
2420 4 2 0 1 860 868 850 1160
2421 4 2 0 1 83 686 537 1170
2422 4 2 0 1 850 868 184 1160
2423 4 2 0 1 868 1160 782 1101
2424 4 2 0 1 886 446 846 459
2425 4 2 0 1 374 446 846 886
2426 4 2 0 1 808 374 846 886
2427 4 2 0 1 1105 47 872 329
2428 4 2 0 1 469 1050 427 828
2429 4 2 0 1 427 458 1050 1169
2430 4 2 0 1 240 277 906 1020
2431 4 2 0 1 906 542 277 1079
2432 4 2 0 1 277 1020 542 906
2433 4 2 0 1 723 629 599 846
2434 4 2 0 1 182 857 1012 594
2435 4 2 0 1 604 194 839 120
2436 4 2 0 1 980 214 887 873
2437 4 2 0 1 839 1157 604 120
2438 4 2 0 1 873 980 214 577
2439 4 2 0 1 564 680 839 120
2440 4 2 0 1 839 194 605 120
2441 4 2 0 1 120 564 605 839
2442 4 2 0 1 265 709 874 692
2443 4 2 0 1 682 532 784 884
2444 4 2 0 1 724 1191 941 464
2445 4 2 0 1 209 175 248 440
2446 4 2 0 1 175 925 236 440
2447 4 2 0 1 808 645 401 1091
2448 4 2 0 1 808 1091 401 413
2449 4 2 0 1 503 738 672 720
2450 4 2 0 1 466 754 203 652
2451 4 2 0 1 265 241 592 843
2452 4 2 0 1 679 378 672 261
2453 4 2 0 1 740 980 875 575
2454 4 2 0 1 1192 1194 876 46
2455 4 2 0 1 1096 1133 876 1192
2456 4 2 0 1 598 463 744 892
2457 4 2 0 1 654 173 463 1097
2458 4 2 0 1 739 1114 1165 923
2459 4 2 0 1 920 526 715 877
2460 4 2 0 1 659 571 1159 688
2461 4 2 0 1 855 316 522 216
2462 4 2 0 1 488 770 178 1150
2463 4 2 0 1 765 102 71 103
2464 4 2 0 1 357 901 102 167
2465 4 2 0 1 456 963 251 878
2466 4 2 0 1 878 501 1137 1014
2467 4 2 0 1 1137 1014 456 878
2468 4 2 0 1 880 439 547 1013
2469 4 2 0 1 849 880 856 338
2470 4 2 0 1 1075 881 483 820
2471 4 2 0 1 820 149 881 1143
2472 4 2 0 1 838 606 432 881
2473 4 2 0 1 489 38 763 1117
2474 4 2 0 1 806 698 249 882
2475 4 2 0 1 317 330 161 39
2476 4 2 0 1 317 330 449 161
2477 4 2 0 1 482 317 161 39
2478 4 2 0 1 556 46 29 741
2479 4 2 0 1 1010 46 1136 53
2480 4 2 0 1 534 577 875 726
2481 4 2 0 1 311 302 883 181
2482 4 2 0 1 621 237 1067 403
2483 4 2 0 1 160 885 714 849
2484 4 2 0 1 989 191 156 885
2485 4 2 0 1 989 197 191 999
2486 4 2 0 1 682 532 1198 784
2487 4 2 0 1 888 720 884 738
2488 4 2 0 1 886 937 1197 1095
2489 4 2 0 1 339 183 830 887
2490 4 2 0 1 889 1133 437 1192
2491 4 2 0 1 273 1133 889 1192
2492 4 2 0 1 1190 528 727 728
2493 4 2 0 1 1190 1189 528 728
2494 4 2 0 1 712 728 1189 1190
2495 4 2 0 1 254 450 1109 269
2496 4 2 0 1 694 788 783 507
2497 4 2 0 1 808 420 783 920
2498 4 2 0 1 659 510 774 688
2499 4 2 0 1 659 774 571 688
2500 4 2 0 1 510 812 774 688
2501 4 2 0 1 534 875 1110 726
2502 4 2 0 1 875 577 534 575
2503 4 2 0 1 737 1189 528 732
2504 4 2 0 1 712 732 1189 737
2505 4 2 0 1 348 533 538 1199
2506 4 2 0 1 1167 893 756 1181
2507 4 2 0 1 43 572 893 59
2508 4 2 0 1 893 1181 1167 572
2509 4 2 0 1 149 926 163 894
2510 4 2 0 1 1075 483 894 820
2511 4 2 0 1 894 926 752 149
2512 4 2 0 1 449 895 643 330
2513 4 2 0 1 919 1126 692 843
2514 4 2 0 1 691 219 909 896
2515 4 2 0 1 823 892 584 545
2516 4 2 0 1 481 898 1004 484
2517 4 2 0 1 598 463 892 173
2518 4 2 0 1 892 463 654 173
2519 4 2 0 1 63 1028 1148 38
2520 4 2 0 1 1194 673 1051 870
2521 4 2 0 1 1194 46 870 876
2522 4 2 0 1 777 783 515 781
2523 4 2 0 1 413 1091 401 781
2524 4 2 0 1 72 40 412 1043
2525 4 2 0 1 167 901 765 117
2526 4 2 0 1 787 244 1197 937
2527 4 2 0 1 786 902 251 223
2528 4 2 0 1 251 902 456 878
2529 4 2 0 1 319 1190 620 910
2530 4 2 0 1 904 204 1152 929
2531 4 2 0 1 1070 219 904 612
2532 4 2 0 1 905 454 971 1183
2533 4 2 0 1 905 314 816 454
2534 4 2 0 1 905 618 1183 971
2535 4 2 0 1 211 906 803 852
2536 4 2 0 1 331 1135 908 1178
2537 4 2 0 1 909 1131 215 436
2538 4 2 0 1 215 909 691 1131
2539 4 2 0 1 796 424 526 910
2540 4 2 0 1 1189 1190 766 910
2541 4 2 0 1 365 349 911 204
2542 4 2 0 1 365 681 349 204
2543 4 2 0 1 204 612 349 911
2544 4 2 0 1 843 762 1126 1103
2545 4 2 0 1 1103 1187 762 1126
2546 4 2 0 1 761 181 311 883
2547 4 2 0 1 585 33 494 730
2548 4 2 0 1 38 33 585 730
2549 4 2 0 1 787 840 796 922
2550 4 2 0 1 226 922 844 710
2551 4 2 0 1 226 844 922 840
2552 4 2 0 1 912 435 315 862
2553 4 2 0 1 315 435 912 430
2554 4 2 0 1 576 315 912 430
2555 4 2 0 1 912 428 862 315
2556 4 2 0 1 912 315 576 428
2557 4 2 0 1 249 1103 729 591
2558 4 2 0 1 365 681 914 1044
2559 4 2 0 1 249 230 900 1187
2560 4 2 0 1 906 803 669 211
2561 4 2 0 1 240 906 211 1020
2562 4 2 0 1 749 451 583 508
2563 4 2 0 1 669 906 211 240
2564 4 2 0 1 1126 1103 1187 874
2565 4 2 0 1 1007 364 676 244
2566 4 2 0 1 747 768 1007 960
2567 4 2 0 1 1007 768 747 676
2568 4 2 0 1 71 102 101 86
2569 4 2 0 1 1187 591 249 230
2570 4 2 0 1 1023 933 708 780
2571 4 2 0 1 1187 591 1103 249
2572 4 2 0 1 1097 1002 283 1084
2573 4 2 0 1 283 1097 1084 1123
2574 4 2 0 1 342 7 381 566
2575 4 2 0 1 342 566 958 7
2576 4 2 0 1 584 598 892 823
2577 4 2 0 1 917 26 556 32
2578 4 2 0 1 917 1136 556 1032
2579 4 2 0 1 459 892 545 915
2580 4 2 0 1 32 1171 917 26
2581 4 2 0 1 915 584 892 545
2582 4 2 0 1 1111 1001 508 918
2583 4 2 0 1 1111 918 472 1001
2584 4 2 0 1 918 704 35 443
2585 4 2 0 1 1143 991 637 811
2586 4 2 0 1 992 811 991 965
2587 4 2 0 1 860 853 850 868
2588 4 2 0 1 850 853 1067 868
2589 4 2 0 1 693 13 468 19
2590 4 2 0 1 1064 1148 38 735
2591 4 2 0 1 1064 549 557 38
2592 4 2 0 1 256 558 324 262
2593 4 2 0 1 481 1172 98 898
2594 4 2 0 1 920 788 783 694
2595 4 2 0 1 920 877 788 694
2596 4 2 0 1 326 1016 903 921
2597 4 2 0 1 788 920 715 877
2598 4 2 0 1 1147 985 1168 1174
2599 4 2 0 1 621 1102 853 1067
2600 4 2 0 1 16 977 701 22
2601 4 2 0 1 701 593 977 16
2602 4 2 0 1 1196 1171 26 722
2603 4 2 0 1 722 34 1176 1171
2604 4 2 0 1 681 582 344 914
2605 4 2 0 1 1145 770 582 793
2606 4 2 0 1 92 1159 89 123
2607 4 2 0 1 238 204 229 924
2608 4 2 0 1 836 1047 802 476
2609 4 2 0 1 1047 256 665 836
2610 4 2 0 1 708 521 716 177
2611 4 2 0 1 265 843 692 874
2612 4 2 0 1 1128 950 392 234
2613 4 2 0 1 950 1128 551 234
2614 4 2 0 1 253 207 925 236
2615 4 2 0 1 698 175 925 642
2616 4 2 0 1 843 1126 692 874
2617 4 2 0 1 1063 941 47 1191
2618 4 2 0 1 894 926 163 552
2619 4 2 0 1 1172 961 98 242
2620 4 2 0 1 103 1130 117 1147
2621 4 2 0 1 421 116 144 138
2622 4 2 0 1 421 487 1026 138
2623 4 2 0 1 103 1130 1147 78
2624 4 2 0 1 1065 665 324 221
2625 4 2 0 1 778 221 665 1065
2626 4 2 0 1 967 493 1099 400
2627 4 2 0 1 967 681 493 344
2628 4 2 0 1 890 567 37 928
2629 4 2 0 1 928 1186 37 890
2630 4 2 0 1 91 928 1186 37
2631 4 2 0 1 421 934 357 573
2632 4 2 0 1 207 421 357 573
2633 4 2 0 1 253 207 357 573
2634 4 2 0 1 1070 929 904 219
2635 4 2 0 1 594 182 930 1012
2636 4 2 0 1 719 750 30 482
2637 4 2 0 1 30 750 719 1039
2638 4 2 0 1 932 113 119 139
2639 4 2 0 1 1 486 835 381
2640 4 2 0 1 566 7 381 1
2641 4 2 0 1 934 116 901 144
2642 4 2 0 1 934 116 144 421
2643 4 2 0 1 988 1143 150 164
2644 4 2 0 1 483 1143 150 988
2645 4 2 0 1 1055 1173 136 1166
2646 4 2 0 1 1162 936 215 164
2647 4 2 0 1 810 438 130 951
2648 4 2 0 1 627 233 438 127
2649 4 2 0 1 627 438 810 127
2650 4 2 0 1 900 1187 762 249
2651 4 2 0 1 113 64 82 79
2652 4 2 0 1 49 415 372 64
2653 4 2 0 1 55 60 941 76
2654 4 2 0 1 60 76 601 941
2655 4 2 0 1 33 636 25 1063
2656 4 2 0 1 1117 942 489 33
2657 4 2 0 1 33 1063 1117 942
2658 4 2 0 1 1063 1117 942 941
2659 4 2 0 1 33 942 636 1063
2660 4 2 0 1 676 507 788 244
2661 4 2 0 1 63 1148 899 943
2662 4 2 0 1 735 1148 63 943
2663 4 2 0 1 1007 937 244 676
2664 4 2 0 1 937 676 788 244
2665 4 2 0 1 380 205 498 973
2666 4 2 0 1 886 787 1197 937
2667 4 2 0 1 937 787 244 788
2668 4 2 0 1 937 886 787 420
2669 4 2 0 1 722 26 556 917
2670 4 2 0 1 917 1171 722 26
2671 4 2 0 1 944 991 163 637
2672 4 2 0 1 1128 597 871 392
2673 4 2 0 1 610 536 1159 1084
2674 4 2 0 1 795 129 104 945
2675 4 2 0 1 144 901 946 117
2676 4 2 0 1 357 934 901 946
2677 4 2 0 1 357 934 946 573
2678 4 2 0 1 41 330 317 608
2679 4 2 0 1 6 386 350 517
2680 4 2 0 1 6 7 386 517
2681 4 2 0 1 486 835 350 386
2682 4 2 0 1 1 7 835 386
2683 4 2 0 1 517 386 350 835
2684 4 2 0 1 472 863 252 431
2685 4 2 0 1 363 634 652 1048
2686 4 2 0 1 157 948 1009 153
2687 4 2 0 1 176 894 552 159
2688 4 2 0 1 950 485 366 392
2689 4 2 0 1 49 372 77 64
2690 4 2 0 1 602 77 49 372
2691 4 2 0 1 972 691 1041 1131
2692 4 2 0 1 1041 972 362 691
2693 4 2 0 1 362 972 992 691
2694 4 2 0 1 992 1131 691 972
2695 4 2 0 1 638 284 224 1024
2696 4 2 0 1 284 935 224 1024
2697 4 2 0 1 1068 1178 908 833
2698 4 2 0 1 1068 331 908 1178
2699 4 2 0 1 810 438 951 127
2700 4 2 0 1 1019 535 952 1082
2701 4 2 0 1 535 597 952 1082
2702 4 2 0 1 208 448 392 597
2703 4 2 0 1 705 1059 953 192
2704 4 2 0 1 797 66 42 16
2705 4 2 0 1 797 701 721 635
2706 4 2 0 1 797 42 701 16
2707 4 2 0 1 65 81 602 954
2708 4 2 0 1 1009 957 157 153
2709 4 2 0 1 957 158 157 153
2710 4 2 0 1 958 685 5 566
2711 4 2 0 1 721 635 685 361
2712 4 2 0 1 457 802 1047 376
2713 4 2 0 1 1080 1071 805 959
2714 4 2 0 1 535 1128 959 805
2715 4 2 0 1 1071 805 959 1128
2716 4 2 0 1 269 907 1124 960
2717 4 2 0 1 1020 277 996 907
2718 4 2 0 1 491 961 1172 242
2719 4 2 0 1 636 1176 25 1063
2720 4 2 0 1 942 1176 636 1063
2721 4 2 0 1 1176 19 636 25
2722 4 2 0 1 569 962 218 1118
2723 4 2 0 1 218 962 363 1118
2724 4 2 0 1 522 216 789 963
2725 4 2 0 1 964 890 1186 928
2726 4 2 0 1 164 834 988 965
2727 4 2 0 1 1143 988 991 965
2728 4 2 0 1 164 1143 965 988
2729 4 2 0 1 966 417 105 130
2730 4 2 0 1 856 966 683 338
2731 4 2 0 1 204 681 967 365
2732 4 2 0 1 1084 968 1097 771
2733 4 2 0 1 484 816 1004 481
2734 4 2 0 1 816 898 1004 481
2735 4 2 0 1 1014 1137 456 969
2736 4 2 0 1 355 668 665 778
2737 4 2 0 1 137 968 724 771
2738 4 2 0 1 164 215 992 949
2739 4 2 0 1 811 164 992 949
2740 4 2 0 1 905 454 68 971
2741 4 2 0 1 905 618 971 68
2742 4 2 0 1 882 341 587 729
2743 4 2 0 1 1140 555 781 1017
2744 4 2 0 1 992 972 811 1131
2745 4 2 0 1 508 1036 866 125
2746 4 2 0 1 508 451 583 1036
2747 4 2 0 1 583 451 974 1036
2748 4 2 0 1 238 967 389 229
2749 4 2 0 1 967 365 389 229
2750 4 2 0 1 157 1138 158 206
2751 4 2 0 1 45 1032 567 34
2752 4 2 0 1 34 1032 567 917
2753 4 2 0 1 189 981 975 767
2754 4 2 0 1 152 681 148 151
2755 4 2 0 1 986 269 371 450
2756 4 2 0 1 830 887 213 214
2757 4 2 0 1 977 22 5 14
2758 4 2 0 1 468 979 817 19
2759 4 2 0 1 979 817 1196 1135
2760 4 2 0 1 980 214 254 213
2761 4 2 0 1 710 213 980 254
2762 4 2 0 1 76 941 92 724
2763 4 2 0 1 150 438 432 130
2764 4 2 0 1 150 438 130 810
2765 4 2 0 1 952 597 392 448
2766 4 2 0 1 597 871 392 208
2767 4 2 0 1 916 859 982 1002
2768 4 2 0 1 123 1159 571 982
2769 4 2 0 1 655 1080 997 563
2770 4 2 0 1 805 655 1080 997
2771 4 2 0 1 988 683 160 983
2772 4 2 0 1 714 338 683 160
2773 4 2 0 1 160 1162 983 885
2774 4 2 0 1 1162 379 1031 885
2775 4 2 0 1 160 683 714 983
2776 4 2 0 1 1162 983 988 160
2777 4 2 0 1 1131 589 984 219
2778 4 2 0 1 219 1131 436 984
2779 4 2 0 1 116 985 144 138
2780 4 2 0 1 116 117 144 1147
2781 4 2 0 1 1084 1159 123 982
2782 4 2 0 1 1018 611 523 768
2783 4 2 0 1 523 768 676 1018
2784 4 2 0 1 1018 523 507 676
2785 4 2 0 1 1160 1055 184 933
2786 4 2 0 1 179 594 1153 930
2787 4 2 0 1 156 989 145 155
2788 4 2 0 1 78 52 1130 990
2789 4 2 0 1 1130 1147 78 990
2790 4 2 0 1 640 895 330 705
2791 4 2 0 1 41 895 330 640
2792 4 2 0 1 330 895 643 705
2793 4 2 0 1 632 1018 778 689
2794 4 2 0 1 665 987 778 836
2795 4 2 0 1 47 28 33 329
2796 4 2 0 1 329 33 494 28
2797 4 2 0 1 994 153 147 752
2798 4 2 0 1 104 752 147 926
2799 4 2 0 1 935 264 745 1053
2800 4 2 0 1 457 978 276 867
2801 4 2 0 1 457 563 276 978
2802 4 2 0 1 752 995 271 994
2803 4 2 0 1 271 994 547 308
2804 4 2 0 1 369 626 41 608
2805 4 2 0 1 626 608 369 831
2806 4 2 0 1 972 1041 589 1131
2807 4 2 0 1 612 1041 349 354
2808 4 2 0 1 349 1041 972 354
2809 4 2 0 1 960 996 269 907
2810 4 2 0 1 1090 945 795 432
2811 4 2 0 1 432 945 795 417
2812 4 2 0 1 1090 752 795 129
2813 4 2 0 1 858 716 500 111
2814 4 2 0 1 1016 817 921 1093
2815 4 2 0 1 254 565 213 214
2816 4 2 0 1 254 565 243 213
2817 4 2 0 1 330 449 767 426
2818 4 2 0 1 449 643 426 330
2819 4 2 0 1 631 999 191 197
2820 4 2 0 1 392 208 871 558
2821 4 2 0 1 558 1142 208 871
2822 4 2 0 1 478 360 50 49
2823 4 2 0 1 1001 35 443 918
2824 4 2 0 1 571 1159 123 659
2825 4 2 0 1 159 552 1003 195
2826 4 2 0 1 195 794 1003 159
2827 4 2 0 1 484 1004 816 454
2828 4 2 0 1 816 898 68 1004
2829 4 2 0 1 71 87 101 51
2830 4 2 0 1 200 595 211 186
2831 4 2 0 1 211 660 595 200
2832 4 2 0 1 1138 210 206 195
2833 4 2 0 1 1069 31 831 608
2834 4 2 0 1 1182 1069 31 862
2835 4 2 0 1 1068 833 908 1193
2836 4 2 0 1 968 1097 617 1084
2837 4 2 0 1 1097 1123 536 1084
2838 4 2 0 1 373 455 943 512
2839 4 2 0 1 59 549 461 1064
2840 4 2 0 1 461 549 557 1064
2841 4 2 0 1 59 549 497 461
2842 4 2 0 1 309 376 563 1071
2843 4 2 0 1 309 913 1071 959
2844 4 2 0 1 47 845 28 1006
2845 4 2 0 1 1006 28 47 329
2846 4 2 0 1 1008 582 869 1146
2847 4 2 0 1 1008 869 1046 1146
2848 4 2 0 1 1078 1008 1149 1046
2849 4 2 0 1 582 869 1146 344
2850 4 2 0 1 996 960 371 198
2851 4 2 0 1 996 269 460 371
2852 4 2 0 1 235 655 563 1080
2853 4 2 0 1 235 841 563 655
2854 4 2 0 1 559 336 633 807
2855 4 2 0 1 314 633 454 905
2856 4 2 0 1 752 159 153 948
2857 4 2 0 1 1009 948 147 153
2858 4 2 0 1 384 364 960 371
2859 4 2 0 1 996 269 371 960
2860 4 2 0 1 326 490 1039 428
2861 4 2 0 1 408 30 1039 821
2862 4 2 0 1 1010 1163 29 46
2863 4 2 0 1 556 29 46 1010
2864 4 2 0 1 1010 29 1163 399
2865 4 2 0 1 1010 29 399 32
2866 4 2 0 1 62 890 72 89
2867 4 2 0 1 569 637 163 713
2868 4 2 0 1 1012 857 179 594
2869 4 2 0 1 594 1012 930 179
2870 4 2 0 1 1194 46 673 870
2871 4 2 0 1 1013 156 145 155
2872 4 2 0 1 856 880 849 145
2873 4 2 0 1 880 1013 849 145
2874 4 2 0 1 1014 501 1149 216
2875 4 2 0 1 1014 501 801 1149
2876 4 2 0 1 878 501 1014 216
2877 4 2 0 1 1014 963 456 878
2878 4 2 0 1 963 1014 456 969
2879 4 2 0 1 969 1014 1149 216
2880 4 2 0 1 49 415 624 372
2881 4 2 0 1 80 85 772 100
2882 4 2 0 1 224 205 1019 1098
2883 4 2 0 1 535 1005 1019 224
2884 4 2 0 1 224 535 952 1019
2885 4 2 0 1 23 525 624 21
2886 4 2 0 1 508 1036 583 866
2887 4 2 0 1 583 1036 974 656
2888 4 2 0 1 982 1159 571 270
2889 4 2 0 1 508 918 866 1111
2890 4 2 0 1 508 1001 443 918
2891 4 2 0 1 934 421 144 573
2892 4 2 0 1 934 144 901 946
2893 4 2 0 1 934 144 946 573
2894 4 2 0 1 323 15 20 486
2895 4 2 0 1 16 22 5 977
2896 4 2 0 1 1021 318 99 351
2897 4 2 0 1 1022 759 742 217
2898 4 2 0 1 13 979 1196 1135
2899 4 2 0 1 817 1176 25 19
2900 4 2 0 1 668 476 665 778
2901 4 2 0 1 724 76 941 601
2902 4 2 0 1 866 704 918 443
2903 4 2 0 1 508 918 443 866
2904 4 2 0 1 365 349 354 911
2905 4 2 0 1 792 349 354 365
2906 4 2 0 1 792 466 354 349
2907 4 2 0 1 234 871 1125 558
2908 4 2 0 1 1125 234 558 324
2909 4 2 0 1 408 821 863 619
2910 4 2 0 1 1021 318 85 99
2911 4 2 0 1 100 1021 85 772
2912 4 2 0 1 912 435 1025 430
2913 4 2 0 1 576 912 1025 430
2914 4 2 0 1 885 191 160 1162
2915 4 2 0 1 1137 801 969 1014
2916 4 2 0 1 421 1026 116 138
2917 4 2 0 1 210 206 193 1027
2918 4 2 0 1 52 66 797 78
2919 4 2 0 1 9 24 12 14
2920 4 2 0 1 52 66 78 1130
2921 4 2 0 1 22 635 685 721
2922 4 2 0 1 721 361 685 958
2923 4 2 0 1 361 635 797 721
2924 4 2 0 1 63 899 1148 1028
2925 4 2 0 1 988 991 944 1143
2926 4 2 0 1 203 1145 466 1044
2927 4 2 0 1 203 1044 792 365
2928 4 2 0 1 203 466 792 1044
2929 4 2 0 1 365 1044 914 203
2930 4 2 0 1 1044 1145 914 203
2931 4 2 0 1 1118 976 637 1179
2932 4 2 0 1 1076 976 652 1118
2933 4 2 0 1 983 1031 164 714
2934 4 2 0 1 1162 1031 164 983
2935 4 2 0 1 1162 1031 936 164
2936 4 2 0 1 72 1032 567 45
2937 4 2 0 1 362 377 940 832
2938 4 2 0 1 552 147 752 926
2939 4 2 0 1 1005 205 498 1019
2940 4 2 0 1 208 1034 223 392
2941 4 2 0 1 223 208 1137 1034
2942 4 2 0 1 772 1021 85 99
2943 4 2 0 1 532 682 1198 518
2944 4 2 0 1 1087 1185 1106 707
2945 4 2 0 1 975 767 670 1030
2946 4 2 0 1 975 670 1125 1030
2947 4 2 0 1 3 9 8 519
2948 4 2 0 1 519 8 11 21
2949 4 2 0 1 974 1036 208 656
2950 4 2 0 1 1121 1005 462 1037
2951 4 2 0 1 1005 1121 938 1037
2952 4 2 0 1 185 938 470 1037
2953 4 2 0 1 253 207 573 422
2954 4 2 0 1 253 207 422 925
2955 4 2 0 1 52 797 1038 78
2956 4 2 0 1 1120 1038 78 52
2957 4 2 0 1 1166 270 1101 916
2958 4 2 0 1 863 431 947 252
2959 4 2 0 1 1001 918 472 562
2960 4 2 0 1 1193 908 323 26
2961 4 2 0 1 1090 838 881 149
2962 4 2 0 1 559 252 633 336
2963 4 2 0 1 963 789 251 878
2964 4 2 0 1 975 767 161 670
2965 4 2 0 1 981 161 975 767
2966 4 2 0 1 178 1011 1040 1149
2967 4 2 0 1 1040 594 114 409
2968 4 2 0 1 1040 178 970 1011
2969 4 2 0 1 106 579 1151 132
2970 4 2 0 1 1112 579 1151 1181
2971 4 2 0 1 997 655 563 222
2972 4 2 0 1 1118 713 991 637
2973 4 2 0 1 72 890 567 1032
2974 4 2 0 1 925 642 897 698
2975 4 2 0 1 34 489 40 1089
2976 4 2 0 1 1089 34 489 942
2977 4 2 0 1 942 941 1089 34
2978 4 2 0 1 34 941 1089 45
2979 4 2 0 1 40 34 1089 45
2980 4 2 0 1 896 377 362 832
2981 4 2 0 1 1041 362 832 896
2982 4 2 0 1 1041 896 832 939
2983 4 2 0 1 354 972 362 1041
2984 4 2 0 1 449 998 670 767
2985 4 2 0 1 767 449 998 426
2986 4 2 0 1 998 643 426 449
2987 4 2 0 1 330 643 426 705
2988 4 2 0 1 906 1020 542 852
2989 4 2 0 1 431 821 576 315
2990 4 2 0 1 863 315 821 431
2991 4 2 0 1 1056 1146 520 1042
2992 4 2 0 1 747 768 1018 676
2993 4 2 0 1 887 980 213 214
2994 4 2 0 1 974 931 553 501
2995 4 2 0 1 1034 931 974 501
2996 4 2 0 1 1034 208 974 448
2997 4 2 0 1 1020 996 960 907
2998 4 2 0 1 606 126 1033 649
2999 4 2 0 1 513 1033 126 649
3000 4 2 0 1 444 473 1060 1158
3001 4 2 0 1 1158 444 687 1060
3002 4 2 0 1 684 1155 644 1156
3003 4 2 0 1 1157 644 1156 680
3004 4 2 0 1 123 92 76 89
3005 4 2 0 1 588 72 412 1043
3006 4 2 0 1 40 45 1043 72
3007 4 2 0 1 845 1054 60 941
3008 4 2 0 1 1054 1063 941 845
3009 4 2 0 1 681 582 914 1044
3010 4 2 0 1 169 1044 148 681
3011 4 2 0 1 148 1044 169 134
3012 4 2 0 1 1179 354 1076 466
3013 4 2 0 1 354 466 792 1076
3014 4 2 0 1 355 665 668 1045
3015 4 2 0 1 355 668 1180 1045
3016 4 2 0 1 234 1180 1128 1045
3017 4 2 0 1 461 1064 557 84
3018 4 2 0 1 59 110 1064 84
3019 4 2 0 1 333 932 318 99
3020 4 2 0 1 115 932 99 318
3021 4 2 0 1 801 501 1046 1149
3022 4 2 0 1 1008 869 216 1046
3023 4 2 0 1 1046 1008 1149 216
3024 4 2 0 1 501 1046 1149 216
3025 4 2 0 1 995 153 994 752
3026 4 2 0 1 439 153 994 547
3027 4 2 0 1 995 153 547 994
3028 4 2 0 1 652 634 203 1048
3029 4 2 0 1 652 754 203 634
3030 4 2 0 1 856 880 966 338
3031 4 2 0 1 795 752 104 129
3032 4 2 0 1 104 752 926 129
3033 4 2 0 1 993 665 221 256
3034 4 2 0 1 389 365 1049 229
3035 4 2 0 1 830 339 570 373
3036 4 2 0 1 827 1050 867 279
3037 4 2 0 1 469 279 1050 828
3038 4 2 0 1 279 802 827 1165
3039 4 2 0 1 1050 828 279 1165
3040 4 2 0 1 504 331 908 1068
3041 4 2 0 1 861 618 1183 905
3042 4 2 0 1 917 55 1051 722
3043 4 2 0 1 917 55 1032 1051
3044 4 2 0 1 1051 673 722 55
3045 4 2 0 1 1051 673 55 60
3046 4 2 0 1 1032 1051 55 76
3047 4 2 0 1 1164 1051 60 870
3048 4 2 0 1 246 973 560 1052
3049 4 2 0 1 1016 1063 845 28
3050 4 2 0 1 55 1054 60 673
3051 4 2 0 1 628 1160 933 1055
3052 4 2 0 1 675 366 664 1019
3053 4 2 0 1 675 952 366 1019
3054 4 2 0 1 1016 27 921 817
3055 4 2 0 1 1146 930 1056 520
3056 4 2 0 1 1056 1146 1012 930
3057 4 2 0 1 1056 493 1146 1042
3058 4 2 0 1 1014 216 963 878
3059 4 2 0 1 216 1014 963 969
3060 4 2 0 1 48 990 1073 44
3061 4 2 0 1 504 266 331 1068
3062 4 2 0 1 78 52 990 1120
3063 4 2 0 1 52 990 1120 48
3064 4 2 0 1 1073 1119 537 44
3065 4 2 0 1 391 119 140 139
3066 4 2 0 1 481 1057 898 484
3067 4 2 0 1 481 484 1074 1057
3068 4 2 0 1 1057 491 1074 580
3069 4 2 0 1 1058 454 484 314
3070 4 2 0 1 1058 314 484 955
3071 4 2 0 1 790 547 338 880
3072 4 2 0 1 338 547 849 880
3073 4 2 0 1 880 547 849 1013
3074 4 2 0 1 903 28 27 1016
3075 4 2 0 1 1016 27 903 921
3076 4 2 0 1 697 1060 1156 1157
3077 4 2 0 1 1056 493 1042 819
3078 4 2 0 1 1156 1155 1060 697
3079 4 2 0 1 963 789 878 216
3080 4 2 0 1 251 522 789 963
3081 4 2 0 1 653 1028 1148 1062
3082 4 2 0 1 752 926 894 552
3083 4 2 0 1 894 752 552 159
3084 4 2 0 1 159 948 752 552
3085 4 2 0 1 1165 419 1114 739
3086 4 2 0 1 77 85 772 49
3087 4 2 0 1 1035 1092 607 1061
3088 4 2 0 1 1061 707 512 1035
3089 4 2 0 1 1005 205 1019 224
3090 4 2 0 1 801 501 553 1046
3091 4 2 0 1 1046 501 553 520
3092 4 2 0 1 691 896 909 1000
3093 4 2 0 1 562 863 252 472
3094 4 2 0 1 35 863 947 252
3095 4 2 0 1 1061 512 899 455
3096 4 2 0 1 122 899 464 1062
3097 4 2 0 1 349 612 589 1041
3098 4 2 0 1 349 1041 589 972
3099 4 2 0 1 989 155 382 197
3100 4 2 0 1 84 1064 557 735
3101 4 2 0 1 84 110 1064 735
3102 4 2 0 1 362 811 992 972
3103 4 2 0 1 992 811 362 991
3104 4 2 0 1 32 29 556 1010
3105 4 2 0 1 46 1136 556 1010
3106 4 2 0 1 573 421 144 1066
3107 4 2 0 1 1066 421 144 138
3108 4 2 0 1 826 32 29 26
3109 4 2 0 1 623 802 1165 1018
3110 4 2 0 1 931 448 553 764
3111 4 2 0 1 941 1054 60 55
3112 4 2 0 1 327 184 1055 933
3113 4 2 0 1 860 1195 853 868
3114 4 2 0 1 184 1067 850 220
3115 4 2 0 1 511 266 504 1068
3116 4 2 0 1 1053 535 1128 952
3117 4 2 0 1 1053 1128 535 805
3118 4 2 0 1 745 1128 366 952
3119 4 2 0 1 1053 1128 745 952
3120 4 2 0 1 1069 428 862 912
3121 4 2 0 1 1069 912 576 428
3122 4 2 0 1 428 864 576 1069
3123 4 2 0 1 266 864 428 1069
3124 4 2 0 1 381 57 397 657
3125 4 2 0 1 37 657 57 381
3126 4 2 0 1 559 562 252 336
3127 4 2 0 1 204 904 589 612
3128 4 2 0 1 204 1070 904 612
3129 4 2 0 1 204 929 904 1070
3130 4 2 0 1 65 954 602 50
3131 4 2 0 1 65 602 49 50
3132 4 2 0 1 235 1071 1080 563
3133 4 2 0 1 330 767 161 1184
3134 4 2 0 1 576 912 1072 1025
3135 4 2 0 1 1072 912 576 1069
3136 4 2 0 1 1069 864 576 1072
3137 4 2 0 1 1090 838 945 432
3138 4 2 0 1 1090 129 795 945
3139 4 2 0 1 878 902 456 1137
3140 4 2 0 1 1073 537 1119 1170
3141 4 2 0 1 990 1119 1073 44
3142 4 2 0 1 580 1074 481 799
3143 4 2 0 1 1057 1074 481 580
3144 4 2 0 1 551 950 234 674
3145 4 2 0 1 123 89 76 1051
3146 4 2 0 1 1051 1164 76 123
3147 4 2 0 1 1062 464 699 653
3148 4 2 0 1 500 956 83 111
3149 4 2 0 1 872 1191 47 1105
3150 4 2 0 1 964 62 890 928
3151 4 2 0 1 149 944 820 894
3152 4 2 0 1 1090 432 881 838
3153 4 2 0 1 149 881 1075 820
3154 4 2 0 1 149 1075 894 820
3155 4 2 0 1 52 44 1130 990
3156 4 2 0 1 52 44 990 48
3157 4 2 0 1 48 1073 537 44
3158 4 2 0 1 354 1179 1076 362
3159 4 2 0 1 1119 537 44 1077
3160 4 2 0 1 1077 44 1119 474
3161 4 2 0 1 1119 74 1077 474
3162 4 2 0 1 665 476 668 1045
3163 4 2 0 1 15 20 826 1193
3164 4 2 0 1 20 26 826 1193
3165 4 2 0 1 1078 178 409 182
3166 4 2 0 1 1058 633 454 314
3167 4 2 0 1 1058 633 807 1144
3168 4 2 0 1 493 1042 819 400
3169 4 2 0 1 857 594 182 409
3170 4 2 0 1 722 556 741 673
3171 4 2 0 1 917 1051 556 722
3172 4 2 0 1 917 1051 1032 556
3173 4 2 0 1 1066 487 421 138
3174 4 2 0 1 625 138 487 1066
3175 4 2 0 1 974 553 801 501
3176 4 2 0 1 1105 137 1106 1087
3177 4 2 0 1 88 1191 56 872
3178 4 2 0 1 309 1071 563 1080
3179 4 2 0 1 309 563 997 1080
3180 4 2 0 1 1076 466 792 652
3181 4 2 0 1 792 466 203 652
3182 4 2 0 1 1181 756 579 106
3183 4 2 0 1 1181 579 1151 106
3184 4 2 0 1 91 111 956 500
3185 4 2 0 1 849 885 714 145
3186 4 2 0 1 145 989 156 885
3187 4 2 0 1 185 1005 205 938
3188 4 2 0 1 1106 137 1029 1185
3189 4 2 0 1 1082 1005 448 1019
3190 4 2 0 1 462 1082 1005 448
3191 4 2 0 1 1019 1082 952 448
3192 4 2 0 1 1082 597 952 448
3193 4 2 0 1 1083 381 37 57
3194 4 2 0 1 67 1058 524 955
3195 4 2 0 1 1058 807 955 67
3196 4 2 0 1 1085 1007 960 747
3197 4 2 0 1 574 156 1013 155
3198 4 2 0 1 156 547 574 1013
3199 4 2 0 1 1086 509 1099 1132
3200 4 2 0 1 1085 824 960 1124
3201 4 2 0 1 111 138 1026 625
3202 4 2 0 1 1026 625 138 487
3203 4 2 0 1 913 1071 959 1128
3204 4 2 0 1 1045 1180 1128 913
3205 4 2 0 1 913 959 1180 1128
3206 4 2 0 1 153 158 574 957
3207 4 2 0 1 989 999 191 885
3208 4 2 0 1 638 1024 224 1053
3209 4 2 0 1 224 638 1053 535
3210 4 2 0 1 1024 264 935 1053
3211 4 2 0 1 837 628 1055 1160
3212 4 2 0 1 956 342 1083 405
3213 4 2 0 1 1168 95 106 1088
3214 4 2 0 1 855 488 316 216
3215 4 2 0 1 223 1142 1137 208
3216 4 2 0 1 1035 1185 1029 822
3217 4 2 0 1 1178 1135 1093 695
3218 4 2 0 1 70 95 1181 1107
3219 4 2 0 1 380 664 359 1052
3220 4 2 0 1 1052 973 560 380
3221 4 2 0 1 185 1005 938 1037
3222 4 2 0 1 586 403 1173 495
3223 4 2 0 1 791 495 586 1173
3224 4 2 0 1 1168 106 615 1088
3225 4 2 0 1 615 1088 106 686
3226 4 2 0 1 384 960 768 623
3227 4 2 0 1 535 1180 1128 597
3228 4 2 0 1 535 1128 1180 959
3229 4 2 0 1 983 885 1031 714
3230 4 2 0 1 160 885 983 714
3231 4 2 0 1 838 606 1033 649
3232 4 2 0 1 513 755 1033 649
3233 4 2 0 1 283 982 1084 1002
3234 4 2 0 1 1132 1099 1086 204
3235 4 2 0 1 1086 320 929 204
3236 4 2 0 1 40 45 1089 1043
3237 4 2 0 1 1058 314 955 807
3238 4 2 0 1 1090 752 271 795
3239 4 2 0 1 994 752 147 795
3240 4 2 0 1 980 577 875 575
3241 4 2 0 1 845 1063 941 47
3242 4 2 0 1 72 40 62 412
3243 4 2 0 1 62 412 109 72
3244 4 2 0 1 405 1120 500 83
3245 4 2 0 1 848 1195 853 860
3246 4 2 0 1 138 985 144 143
3247 4 2 0 1 985 143 138 615
3248 4 2 0 1 1170 615 138 111
3249 4 2 0 1 1194 870 753 876
3250 4 2 0 1 380 498 1019 764
3251 4 2 0 1 1093 921 1016 326
3252 4 2 0 1 52 797 721 1038
3253 4 2 0 1 48 721 1038 52
3254 4 2 0 1 59 1167 756 110
3255 4 2 0 1 59 893 756 1167
3256 4 2 0 1 893 1167 59 572
3257 4 2 0 1 309 1071 1080 959
3258 4 2 0 1 117 144 1147 1174
3259 4 2 0 1 143 985 144 1174
3260 4 2 0 1 409 1040 970 114
3261 4 2 0 1 1040 1011 970 114
3262 4 2 0 1 490 326 921 1093
3263 4 2 0 1 490 326 1093 695
3264 4 2 0 1 224 935 745 1053
3265 4 2 0 1 1024 935 224 1053
3266 4 2 0 1 702 870 1051 1164
3267 4 2 0 1 753 1164 702 1081
3268 4 2 0 1 217 380 498 973
3269 4 2 0 1 205 380 498 1019
3270 4 2 0 1 1136 567 1032 917
3271 4 2 0 1 1073 83 537 1170
3272 4 2 0 1 534 1124 907 662
3273 4 2 0 1 1110 1124 534 662
3274 4 2 0 1 53 1096 1133 407
3275 4 2 0 1 984 589 1152 219
3276 4 2 0 1 589 904 1152 219
3277 4 2 0 1 904 929 1152 219
3278 4 2 0 1 364 611 263 581
3279 4 2 0 1 611 581 364 384
3280 4 2 0 1 63 1117 1028 38
3281 4 2 0 1 763 38 1028 1117
3282 4 2 0 1 1117 763 588 1028
3283 4 2 0 1 64 85 99 77
3284 4 2 0 1 99 772 77 85
3285 4 2 0 1 203 914 365 389
3286 4 2 0 1 1089 489 40 1043
3287 4 2 0 1 1043 412 588 763
3288 4 2 0 1 489 763 40 1043
3289 4 2 0 1 978 1050 867 827
3290 4 2 0 1 827 978 1050 1165
3291 4 2 0 1 588 653 763 412
3292 4 2 0 1 588 1028 653 464
3293 4 2 0 1 1028 763 588 653
3294 4 2 0 1 1056 1012 179 930
3295 4 2 0 1 210 1138 206 1027
3296 4 2 0 1 985 138 116 1120
3297 4 2 0 1 43 1107 70 893
3298 4 2 0 1 1181 1107 893 70
3299 4 2 0 1 1027 210 631 193
3300 4 2 0 1 355 778 665 1065
3301 4 2 0 1 1180 355 234 1125
3302 4 2 0 1 1180 1045 234 355
3303 4 2 0 1 1140 1002 283 1097
3304 4 2 0 1 283 173 1097 1123
3305 4 2 0 1 555 1097 1140 781
3306 4 2 0 1 819 751 1056 1153
3307 4 2 0 1 223 501 1137 878
3308 4 2 0 1 223 1034 1137 501
3309 4 2 0 1 764 498 553 520
3310 4 2 0 1 1124 1007 269 960
3311 4 2 0 1 740 1124 1007 269
3312 4 2 0 1 640 1059 705 192
3313 4 2 0 1 705 1059 643 953
3314 4 2 0 1 201 933 1023 860
3315 4 2 0 1 439 547 574 153
3316 4 2 0 1 1078 1008 1046 1146
3317 4 2 0 1 204 1086 320 1099
3318 4 2 0 1 677 217 246 759
3319 4 2 0 1 677 217 759 1022
3320 4 2 0 1 677 246 217 1175
3321 4 2 0 1 380 498 764 217
3322 4 2 0 1 224 284 205 1098
3323 4 2 0 1 380 1098 359 664
3324 4 2 0 1 1098 205 1019 380
3325 4 2 0 1 46 1096 876 1192
3326 4 2 0 1 1002 1084 1097 771
3327 4 2 0 1 1140 1002 1097 771
3328 4 2 0 1 1105 1087 601 137
3329 4 2 0 1 137 724 1087 601
3330 4 2 0 1 55 34 1176 722
3331 4 2 0 1 347 1015 706 840
3332 4 2 0 1 1167 1112 756 110
3333 4 2 0 1 201 1102 220 853
3334 4 2 0 1 1195 621 853 1067
3335 4 2 0 1 529 1193 15 826
3336 4 2 0 1 1099 400 320 238
3337 4 2 0 1 677 320 400 238
3338 4 2 0 1 217 1056 520 1042
3339 4 2 0 1 1035 707 512 690
3340 4 2 0 1 196 1195 900 848
3341 4 2 0 1 504 1068 1193 1094
3342 4 2 0 1 511 1068 504 1094
3343 4 2 0 1 83 405 48 956
3344 4 2 0 1 361 48 1038 405
3345 4 2 0 1 48 1120 405 83
3346 4 2 0 1 1038 48 1120 405
3347 4 2 0 1 662 1110 200 186
3348 4 2 0 1 637 713 991 163
3349 4 2 0 1 462 451 208 974
3350 4 2 0 1 1093 817 921 1135
3351 4 2 0 1 1174 1147 117 1100
3352 4 2 0 1 990 44 1100 818
3353 4 2 0 1 474 1119 74 818
3354 4 2 0 1 44 1130 990 1100
3355 4 2 0 1 771 1002 1084 1164
3356 4 2 0 1 1112 140 142 579
3357 4 2 0 1 1061 899 512 707
3358 4 2 0 1 1076 1179 976 1118
3359 4 2 0 1 933 708 1160 628
3360 4 2 0 1 82 54 1108 79
3361 4 2 0 1 54 1139 387 43
3362 4 2 0 1 483 176 988 785
3363 4 2 0 1 885 999 191 379
3364 4 2 0 1 812 510 964 688
3365 4 2 0 1 1108 79 115 113
3366 4 2 0 1 1139 1108 79 115
3367 4 2 0 1 43 1107 387 74
3368 4 2 0 1 303 236 305 141
3369 4 2 0 1 1188 250 591 230
3370 4 2 0 1 305 295 514 278
3371 4 2 0 1 72 40 567 62
3372 4 2 0 1 1003 176 794 212
3373 4 2 0 1 382 989 197 191
3374 4 2 0 1 63 730 56 33
3375 4 2 0 1 735 63 1148 38
3376 4 2 0 1 1112 1177 1151 142
3377 4 2 0 1 11 10 21 8
3378 4 2 0 1 1196 758 26 1171
3379 4 2 0 1 1171 1196 19 1176
3380 4 2 0 1 1067 403 1173 1166
3381 4 2 0 1 1136 46 1194 1192
3382 4 2 0 1 352 1188 250 709
3383 4 2 0 1 1116 1102 352 1188
3384 4 2 0 1 86 102 66 71
3385 4 2 0 1 87 51 61 58
3386 4 2 0 1 1118 218 652 363
3387 4 2 0 1 141 295 236 305
3388 4 2 0 1 1188 1102 352 250
3389 4 2 0 1 881 606 432 150
3390 4 2 0 1 1189 712 1190 645
3391 4 2 0 1 3 9 12 14
3392 4 2 0 1 5 22 663 14
3393 4 2 0 1 56 33 1191 1117
3394 4 2 0 1 70 1077 1088 74
3395 4 2 0 1 1119 74 1088 1077
3396 4 2 0 1 1077 74 70 474
3397 4 2 0 1 1073 83 1120 48
3398 4 2 0 1 990 1073 1120 48
3399 4 2 0 1 811 362 637 1179
3400 4 2 0 1 294 301 286 293
3401 4 2 0 1 1109 325 1122 172
3402 4 2 0 1 325 298 1109 1122
3403 4 2 0 1 221 987 665 993
3404 4 2 0 1 182 178 409 1040
3405 4 2 0 1 1124 534 907 575
3406 4 2 0 1 466 1145 203 754
3407 4 2 0 1 558 1142 786 223
3408 4 2 0 1 48 537 1073 83
3409 4 2 0 1 89 72 62 109
3410 4 2 0 1 14 24 22 663
3411 4 2 0 1 407 1010 1163 399
3412 4 2 0 1 941 47 1191 1105
3413 4 2 0 1 692 1116 874 1126
3414 4 2 0 1 763 38 1148 1028
3415 4 2 0 1 1196 1176 817 19
3416 4 2 0 1 296 280 297 304
3417 4 2 0 1 674 256 558 234
3418 4 2 0 1 91 964 1186 928
3419 4 2 0 1 1188 250 709 591
3420 4 2 0 1 762 900 1127 1187
3421 4 2 0 1 1107 74 96 387
3422 4 2 0 1 82 113 79 1108
3423 4 2 0 1 843 1126 874 1103
3424 4 2 0 1 541 1195 1101 660
3425 4 2 0 1 349 972 1179 354
3426 4 2 0 1 589 1132 1152 204
3427 4 2 0 1 117 901 103 116
3428 4 2 0 1 167 102 765 901
3429 4 2 0 1 103 102 71 66
3430 4 2 0 1 1079 542 277 696
3431 4 2 0 1 474 74 70 43
3432 4 2 0 1 572 1107 893 1181
3433 4 2 0 1 70 1107 43 74
3434 4 2 0 1 1119 474 44 818
3435 4 2 0 1 1147 144 985 1174
3436 4 2 0 1 988 820 483 1143
3437 4 2 0 1 558 871 548 1142
3438 4 2 0 1 1166 916 1101 586
3439 4 2 0 1 868 1101 1195 586
3440 4 2 0 1 1064 38 557 735
3441 4 2 0 1 37 57 657 32
3442 4 2 0 1 307 301 294 293
3443 4 2 0 1 805 1128 235 1053
3444 4 2 0 1 1053 638 805 535
3445 4 2 0 1 504 908 1193 1068
3446 4 2 0 1 805 264 1053 235
3447 4 2 0 1 150 649 438 810
3448 4 2 0 1 474 74 43 387
3449 4 2 0 1 558 786 1142 262
3450 4 2 0 1 805 235 1071 1080
3451 4 2 0 1 1172 491 1057 580
3452 4 2 0 1 567 72 45 40
3453 4 2 0 1 1044 1145 169 134
3454 4 2 0 1 133 107 725 96
3455 4 2 0 1 1177 1129 725 321
3456 4 2 0 1 907 1124 824 662
3457 4 2 0 1 359 224 284 935
3458 4 2 0 1 1119 537 1077 1088
3459 4 2 0 1 1131 992 691 215
3460 4 2 0 1 965 164 992 811
3461 4 2 0 1 888 891 720 738
3462 4 2 0 1 960 907 1124 824
3463 4 2 0 1 1071 805 1128 235
3464 4 2 0 1 563 841 276 655
3465 4 2 0 1 65 49 80 50
3466 4 2 0 1 1129 725 96 1177
3467 4 2 0 1 522 216 963 1150
3468 4 2 0 1 223 1142 902 1137
3469 4 2 0 1 488 770 855 228
3470 4 2 0 1 1008 178 1149 216
3471 4 2 0 1 1150 969 1149 216
3472 4 2 0 1 793 488 582 914
3473 4 2 0 1 1028 763 653 1148
3474 4 2 0 1 1139 572 54 1108
3475 4 2 0 1 54 1139 1108 79
3476 4 2 0 1 43 572 1139 1107
3477 4 2 0 1 1139 387 43 1107
3478 4 2 0 1 115 1108 321 1139
3479 4 2 0 1 296 280 295 278
3480 4 2 0 1 280 296 275 278
3481 4 2 0 1 374 538 1199 445
3482 4 2 0 1 823 598 1123 200
3483 4 2 0 1 133 1168 1151 132
3484 4 2 0 1 985 1170 615 138
3485 4 2 0 1 293 282 306 274
3486 4 2 0 1 574 1027 382 193
3487 4 2 0 1 1191 47 1063 33
3488 4 2 0 1 246 217 1175 973
3489 4 2 0 1 560 1098 284 359
3490 4 2 0 1 1137 878 902 223
3491 4 2 0 1 109 588 89 72
3492 4 2 0 1 235 805 264 655
3493 4 2 0 1 1171 20 26 32
3494 4 2 0 1 1166 982 69 814
3495 4 2 0 1 1104 1100 1174 133
3496 4 2 0 1 1104 1174 1100 1147
3497 4 2 0 1 143 1168 985 1174
3498 4 2 0 1 38 730 585 340
3499 4 2 0 1 97 148 169 134
3500 4 2 0 1 151 148 152 98
3501 4 2 0 1 1030 670 1125 1180
3502 4 2 0 1 1024 264 1053 805
3503 4 2 0 1 973 1175 1153 217
3504 4 2 0 1 909 219 691 1131
3505 4 2 0 1 204 904 1152 589
3506 4 2 0 1 612 219 1131 691
3507 4 2 0 1 117 765 103 901
3508 4 2 0 1 101 71 1134 102
3509 4 2 0 1 837 1055 1166 1160
3510 4 2 0 1 853 1195 1067 868
3511 4 2 0 1 269 575 740 1124
3512 4 2 0 1 1168 143 985 615
3513 4 2 0 1 1104 1147 1168 1174
3514 4 2 0 1 54 572 43 59
3515 4 2 0 1 95 70 74 1107
3516 4 2 0 1 84 572 1108 54
3517 4 2 0 1 82 84 1108 54
3518 4 2 0 1 282 307 293 306
3519 4 2 0 1 478 360 49 624
3520 4 2 0 1 103 1147 117 116
3521 4 2 0 1 133 96 1168 1104
3522 4 2 0 1 164 834 965 992
3523 4 2 0 1 254 243 450 710
3524 4 2 0 1 167 546 257 259
3525 4 2 0 1 167 527 1134 102
3526 4 2 0 1 1139 1129 825 387
3527 4 2 0 1 1108 115 321 113
3528 4 2 0 1 1120 1170 985 138
3529 4 2 0 1 1168 615 985 1170
3530 4 2 0 1 33 1117 56 63
3531 4 2 0 1 489 763 1043 1117
3532 4 2 0 1 1117 489 38 33
3533 4 2 0 1 71 87 51 61
3534 4 2 0 1 61 71 86 66
3535 4 2 0 1 336 861 1183 905
3536 4 2 0 1 1143 965 991 811
3537 4 2 0 1 164 1143 811 965
3538 4 2 0 1 23 11 519 3
3539 4 2 0 1 1147 117 1100 1130
3540 4 2 0 1 633 1183 454 905
3541 4 2 0 1 74 1088 70 95
3542 4 2 0 1 143 133 132 1168
3543 4 2 0 1 116 1147 144 985
3544 4 2 0 1 450 254 1109 565
3545 4 2 0 1 269 710 254 450
3546 4 2 0 1 450 565 1109 298
3547 4 2 0 1 1124 1007 960 1085
3548 4 2 0 1 79 387 54 1139
3549 4 2 0 1 85 49 80 772
3550 4 2 0 1 133 1100 107 96
3551 4 2 0 1 1168 133 1174 143
3552 4 2 0 1 474 96 818 74
3553 4 2 0 1 474 96 387 107
3554 4 2 0 1 115 1139 825 387
3555 4 2 0 1 74 96 387 474
3556 4 2 0 1 474 96 107 1100
3557 4 2 0 1 1129 1107 96 387
3558 4 2 0 1 1100 96 818 474
3559 4 2 0 1 103 1130 71 117
3560 4 2 0 1 44 990 1119 818
3561 4 2 0 1 133 1177 725 142
3562 4 2 0 1 1168 133 1104 1174
3563 4 2 0 1 1107 387 1129 1139
3564 4 2 0 1 1162 164 988 983
3565 4 2 0 1 1176 1063 1054 1016
3566 4 2 0 1 583 451 1121 974
3567 4 2 0 1 434 1121 938 583
3568 4 2 0 1 826 32 26 20
3569 4 2 0 1 483 785 159 176
3570 4 2 0 1 1150 855 488 770
3571 4 2 0 1 216 178 1149 1150
3572 4 2 0 1 140 1200 1112 142
3573 4 2 0 1 142 1200 1112 321
3574 4 2 0 1 140 139 119 1200
3575 4 2 0 1 106 95 1168 1151
3576 4 2 0 1 106 95 1151 1181
3577 4 2 0 1 1181 95 70 106
3578 4 2 0 1 70 95 1088 106
3579 4 2 0 1 1170 111 1120 83
3580 4 2 0 1 294 274 272 282
3581 4 2 0 1 307 282 293 294
3582 4 2 0 1 142 321 1177 725
3583 4 2 0 1 107 96 387 1129
3584 4 2 0 1 79 387 1139 115
3585 4 2 0 1 1129 725 107 96
3586 4 2 0 1 275 259 406 257
3587 4 2 0 1 275 406 278 257
3588 4 2 0 1 275 280 278 406
3589 4 2 0 1 259 280 275 406
3590 4 2 0 1 292 259 406 280
3591 4 2 0 1 292 280 406 295
3592 4 2 0 1 278 406 295 253
3593 4 2 0 1 1034 208 1137 974
3594 4 2 0 1 412 588 109 72
3595 4 2 0 1 1170 537 1119 1088
3596 4 2 0 1 220 543 416 1173
3597 4 2 0 1 766 1190 319 910
3598 4 2 0 1 25 33 1063 28
3599 4 2 0 1 1105 1006 47 329
3600 4 2 0 1 1087 707 88 122
3601 4 2 0 1 707 1185 1106 1029
3602 4 2 0 1 483 683 775 988
3603 4 2 0 1 988 820 944 176
3604 4 2 0 1 1165 802 623 279
3605 4 2 0 1 1018 623 739 1165
3606 4 2 0 1 908 1196 323 26
3607 4 2 0 1 917 1171 34 722
3608 4 2 0 1 1167 84 110 59
3609 4 2 0 1 1200 84 110 1167
3610 4 2 0 1 59 572 1167 84
3611 4 2 0 1 327 136 1055 1173
3612 4 2 0 1 274 306 260 282
3613 4 2 0 1 293 306 1122 274
3614 4 2 0 1 1104 1100 133 96
3615 4 2 0 1 1028 899 1148 1062
3616 4 2 0 1 683 856 714 105
3617 4 2 0 1 23 11 21 519
3618 4 2 0 1 660 1195 586 927
3619 4 2 0 1 1184 39 482 161
3620 4 2 0 1 767 426 998 1030
3621 4 2 0 1 686 537 1088 106
3622 4 2 0 1 1151 1177 96 133
3623 4 2 0 1 133 96 725 1177
3624 4 2 0 1 1139 1129 321 825
3625 4 2 0 1 61 87 86 71
3626 4 2 0 1 260 282 272 274
3627 4 2 0 1 350 323 20 486
3628 4 2 0 1 27 25 18 468
3629 4 2 0 1 944 820 988 1143
3630 4 2 0 1 991 944 176 988
3631 4 2 0 1 1195 403 1067 868
3632 4 2 0 1 54 84 572 59
3633 4 2 0 1 527 367 167 1134
3634 4 2 0 1 102 167 765 1134
3635 4 2 0 1 552 163 176 1003
3636 4 2 0 1 762 1187 1127 1126
3637 4 2 0 1 740 875 1124 575
3638 4 2 0 1 710 213 254 243
3639 4 2 0 1 1116 352 709 1188
3640 4 2 0 1 262 558 548 1142
3641 4 2 0 1 1100 818 96 1104
3642 4 2 0 1 990 1147 1100 1130
3643 4 2 0 1 1100 1147 990 818
3644 4 2 0 1 1147 1104 818 1100
3645 4 2 0 1 959 643 953 1180
3646 4 2 0 1 998 643 1180 426
3647 4 2 0 1 111 138 1170 1120
3648 4 2 0 1 1100 474 818 44
3649 4 2 0 1 33 1191 1117 1063
3650 4 2 0 1 1186 1136 57 37
3651 4 2 0 1 890 1136 567 1032
3652 4 2 0 1 53 1010 407 399
3653 4 2 0 1 1105 1087 1106 872
3654 4 2 0 1 273 1133 345 889
3655 4 2 0 1 382 1027 631 193
3656 4 2 0 1 159 195 948 552
3657 4 2 0 1 157 195 948 1138
3658 4 2 0 1 158 1138 948 159
3659 4 2 0 1 195 1138 157 206
3660 4 2 0 1 156 382 989 155
3661 4 2 0 1 159 1003 176 794
3662 4 2 0 1 158 1138 1027 206
3663 4 2 0 1 988 164 1162 834
3664 4 2 0 1 191 379 1162 885
3665 4 2 0 1 1162 379 936 1031
3666 4 2 0 1 724 1191 464 1087
3667 4 2 0 1 781 555 654 401
3668 4 2 0 1 1087 88 1106 872
3669 4 2 0 1 1067 220 1173 543
3670 4 2 0 1 1029 137 822 1185
3671 4 2 0 1 46 1194 556 1136
3672 4 2 0 1 517 20 350 758
3673 4 2 0 1 1195 868 782 1101
3674 4 2 0 1 564 684 1156 1155
3675 4 2 0 1 1126 874 1187 1116
3676 4 2 0 1 1116 874 1187 1188
3677 4 2 0 1 814 1160 837 1166
3678 4 2 0 1 32 1136 37 57
3679 4 2 0 1 586 403 1166 1173
3680 4 2 0 1 1156 120 1157 680
3681 4 2 0 1 399 1010 57 53
3682 4 2 0 1 1010 1163 1096 407
3683 4 2 0 1 942 34 636 1176
3684 4 2 0 1 17 27 18 468
3685 4 2 0 1 47 329 33 56
3686 4 2 0 1 817 1196 19 979
3687 4 2 0 1 826 26 29 1193
3688 4 2 0 1 586 916 791 1173
3689 4 2 0 1 1173 586 916 1166
3690 4 2 0 1 739 1020 960 1085
3691 4 2 0 1 692 1126 854 1116
3692 4 2 0 1 1062 899 464 1028
3693 4 2 0 1 1092 1198 518 532
3694 4 2 0 1 122 88 1087 1191
3695 4 2 0 1 56 47 329 872
3696 4 2 0 1 1087 872 1105 1191
3697 4 2 0 1 269 710 986 815
3698 4 2 0 1 269 450 986 710
3699 4 2 0 1 743 815 986 710
3700 4 2 0 1 734 743 844 815
3701 4 2 0 1 27 25 28 18
3702 4 2 0 1 56 33 494 329
3703 4 2 0 1 1063 47 28 33
3704 4 2 0 1 747 768 739 1018
3705 4 2 0 1 1124 269 575 907
3706 4 2 0 1 464 1191 122 1087
3707 4 2 0 1 1084 92 617 724
3708 4 2 0 1 1063 1117 941 1191
3709 4 2 0 1 515 1017 1140 781
3710 4 2 0 1 739 960 568 623
3711 4 2 0 1 710 1197 922 244
3712 4 2 0 1 1140 1097 173 781
3713 4 2 0 1 136 1173 859 1166
3714 4 2 0 1 1195 403 868 586
3715 4 2 0 1 916 1173 1166 859
3716 4 2 0 1 859 1173 791 916
3717 4 2 0 1 110 84 1200 119
3718 4 2 0 1 140 1200 142 139
3719 4 2 0 1 943 1062 899 455
3720 4 2 0 1 1177 1151 142 133
3721 4 2 0 1 110 119 1200 140
3722 4 2 0 1 142 1177 321 1112
3723 4 2 0 1 1168 1151 96 133
3724 4 2 0 1 1112 1167 1200 110
3725 4 2 0 1 1200 113 321 139
3726 4 2 0 1 142 1200 321 139
3727 4 2 0 1 139 113 321 115
$EndElements
