# https://github.com/mikedh/trimesh
v 0.01779227 0.06848038 0.00778520 0.00000000 0.30588235 0.58039216
v 0.01802105 0.06853362 0.02326667 0.00000000 0.30588235 0.58039216
v 0.01802105 0.06853362 0.00778333 0.00000000 0.30588235 0.58039216
v 0.01822803 0.06864737 0.02327065 0.00000000 0.30588235 0.58039216
v 0.01822803 0.06864737 0.00777935 0.00000000 0.30588235 0.58039216
v 0.01839779 0.06881483 0.02327649 0.00000000 0.30588235 0.58039216
v 0.01839779 0.06881483 0.00777350 0.00000000 0.30588235 0.58039216
v 0.01851602 0.06902445 0.02328381 0.00000000 0.30588235 0.58039216
v 0.01851602 0.06902445 0.00776619 0.00000000 0.30588235 0.58039216
v 0.01857551 0.06933923 0.02329479 0.00000000 0.30588235 0.58039216
v 0.01857551 0.06933923 0.00775521 0.00000000 0.30588235 0.58039216
v 0.01779227 0.06848038 0.02326480 0.00000000 0.30588235 0.58039216
v 0.01755802 0.06849077 0.00778484 0.00000000 0.30588235 0.58039216
v 0.01755802 0.06849077 0.02326516 0.00000000 0.30588235 0.58039216
v 0.01733463 0.06856416 0.00778226 0.00000000 0.30588235 0.58039216
v 0.01733463 0.06856416 0.02326774 0.00000000 0.30588235 0.58039216
v 0.01713790 0.06869646 0.00777764 0.00000000 0.30588235 0.58039216
v 0.01713790 0.06869646 0.02327236 0.00000000 0.30588235 0.58039216
v 0.01698349 0.06887910 0.00777126 0.00000000 0.30588235 0.58039216
v 0.01698349 0.06887910 0.02327874 0.00000000 0.30588235 0.58039216
v 0.01688463 0.06909904 0.00776359 0.00000000 0.30588235 0.58039216
v 0.01688463 0.06909904 0.02328641 0.00000000 0.30588235 0.58039216
v 0.01685051 0.06933923 0.00775521 0.00000000 0.30588235 0.58039216
v 0.01685051 0.06933923 0.02329479 0.00000000 0.30588235 0.58039216
v 0.01763373 0.07019807 0.00772522 0.00000000 0.30588235 0.58039216
v 0.01740494 0.07014483 0.02332291 0.00000000 0.30588235 0.58039216
v 0.01740494 0.07014483 0.00772709 0.00000000 0.30588235 0.58039216
v 0.01719797 0.07003107 0.02331893 0.00000000 0.30588235 0.58039216
v 0.01719797 0.07003107 0.00773107 0.00000000 0.30588235 0.58039216
v 0.01702821 0.06986359 0.02331308 0.00000000 0.30588235 0.58039216
v 0.01702821 0.06986359 0.00773692 0.00000000 0.30588235 0.58039216
v 0.01690999 0.06965397 0.02330577 0.00000000 0.30588235 0.58039216
v 0.01690999 0.06965397 0.00774423 0.00000000 0.30588235 0.58039216
v 0.01763373 0.07019807 0.02332478 0.00000000 0.30588235 0.58039216
v 0.01786799 0.07018769 0.00772558 0.00000000 0.30588235 0.58039216
v 0.01786799 0.07018769 0.02332442 0.00000000 0.30588235 0.58039216
v 0.01809140 0.07011430 0.00772816 0.00000000 0.30588235 0.58039216
v 0.01809140 0.07011430 0.02332184 0.00000000 0.30588235 0.58039216
v 0.01828813 0.06998199 0.00773278 0.00000000 0.30588235 0.58039216
v 0.01828813 0.06998199 0.02331722 0.00000000 0.30588235 0.58039216
v 0.01844254 0.06979933 0.00773916 0.00000000 0.30588235 0.58039216
v 0.01844254 0.06979933 0.02331084 0.00000000 0.30588235 0.58039216
v 0.01854139 0.06957941 0.00774683 0.00000000 0.30588235 0.58039216
v 0.01854139 0.06957941 0.02330317 0.00000000 0.30588235 0.58039216
v 0.01732848 0.02816923 0.00919290 0.00000000 0.30588235 0.58039216
v 0.01732848 0.02816923 0.02185710 0.00000000 0.30588235 0.58039216
v 0.01730035 0.02799156 0.00919910 0.00000000 0.30588235 0.58039216
v 0.01730035 0.02799156 0.02185090 0.00000000 0.30588235 0.58039216
v 0.01721870 0.02783130 0.00920470 0.00000000 0.30588235 0.58039216
v 0.01721870 0.02783130 0.02184530 0.00000000 0.30588235 0.58039216
v 0.01709151 0.02770408 0.00920914 0.00000000 0.30588235 0.58039216
v 0.01709151 0.02770408 0.02184086 0.00000000 0.30588235 0.58039216
v 0.01693121 0.02762238 0.00921199 0.00000000 0.30588235 0.58039216
v 0.01693121 0.02762238 0.02183801 0.00000000 0.30588235 0.58039216
v 0.01675348 0.02759423 0.00921298 0.00000000 0.30588235 0.58039216
v 0.01675348 0.02759423 0.02183702 0.00000000 0.30588235 0.58039216
v 0.02016302 0.02816923 0.00919290 0.00000000 0.30588235 0.58039216
v 0.02016302 0.02816923 0.02185710 0.00000000 0.30588235 0.58039216
v 0.01937755 0.01954423 0.00949409 0.00000000 0.30588235 0.58039216
v 0.01937755 0.01954423 0.02155591 0.00000000 0.30588235 0.58039216
v 0.01643828 0.01954423 0.00949409 0.00000000 0.30588235 0.58039216
v 0.01643828 0.01954423 0.02155591 0.00000000 0.30588235 0.58039216
v 0.01586328 0.02011923 0.00947401 0.00000000 0.30588235 0.58039216
v 0.01586328 0.02011923 0.02157599 0.00000000 0.30588235 0.58039216
v 0.01604105 0.02009106 0.00947499 0.00000000 0.30588235 0.58039216
v 0.01604105 0.02009106 0.02157501 0.00000000 0.30588235 0.58039216
v 0.01620135 0.02000935 0.00947785 0.00000000 0.30588235 0.58039216
v 0.01620135 0.02000935 0.02157215 0.00000000 0.30588235 0.58039216
v 0.01632853 0.01988212 0.00948229 0.00000000 0.30588235 0.58039216
v 0.01632853 0.01988212 0.02156771 0.00000000 0.30588235 0.58039216
v 0.01641016 0.01972185 0.00948789 0.00000000 0.30588235 0.58039216
v 0.01641016 0.01972185 0.02156211 0.00000000 0.30588235 0.58039216
v 0.01554124 0.02011923 0.00947401 0.00000000 0.30588235 0.58039216
v 0.01554124 0.02011923 0.02157599 0.00000000 0.30588235 0.58039216
v 0.01496624 0.01954423 0.00949409 0.00000000 0.30588235 0.58039216
v 0.01496624 0.01954423 0.02155591 0.00000000 0.30588235 0.58039216
v 0.01499436 0.01972185 0.00948789 0.00000000 0.30588235 0.58039216
v 0.01499436 0.01972185 0.02156211 0.00000000 0.30588235 0.58039216
v 0.01507599 0.01988212 0.00948229 0.00000000 0.30588235 0.58039216
v 0.01507599 0.01988212 0.02156771 0.00000000 0.30588235 0.58039216
v 0.01520317 0.02000935 0.00947785 0.00000000 0.30588235 0.58039216
v 0.01520317 0.02000935 0.02157215 0.00000000 0.30588235 0.58039216
v 0.01536347 0.02009106 0.00947499 0.00000000 0.30588235 0.58039216
v 0.01536347 0.02009106 0.02157501 0.00000000 0.30588235 0.58039216
v 0.01184973 0.01954423 0.00949409 0.00000000 0.30588235 0.58039216
v 0.01184973 0.01954423 0.02155591 0.00000000 0.30588235 0.58039216
v 0.00963109 0.02816923 0.00919290 0.00000000 0.30588235 0.58039216
v 0.00963109 0.02816923 0.02185710 0.00000000 0.30588235 0.58039216
v 0.01245177 0.02816923 0.00919290 0.00000000 0.30588235 0.58039216
v 0.01245177 0.02816923 0.02185710 0.00000000 0.30588235 0.58039216
v 0.01302677 0.02759423 0.00921298 0.00000000 0.30588235 0.58039216
v 0.01302677 0.02759423 0.02183702 0.00000000 0.30588235 0.58039216
v 0.01284905 0.02762238 0.00921199 0.00000000 0.30588235 0.58039216
v 0.01284905 0.02762238 0.02183801 0.00000000 0.30588235 0.58039216
v 0.01268874 0.02770408 0.00920914 0.00000000 0.30588235 0.58039216
v 0.01268874 0.02770408 0.02184086 0.00000000 0.30588235 0.58039216
v 0.01256156 0.02783130 0.00920470 0.00000000 0.30588235 0.58039216
v 0.01256156 0.02783130 0.02184530 0.00000000 0.30588235 0.58039216
v 0.01247991 0.02799156 0.00919910 0.00000000 0.30588235 0.58039216
v 0.01247991 0.02799156 0.02185090 0.00000000 0.30588235 0.58039216
v 0.00629227 0.06848038 0.00778520 0.00000000 0.30588235 0.58039216
v 0.00652105 0.06853362 0.02326667 0.00000000 0.30588235 0.58039216
v 0.00652105 0.06853362 0.00778333 0.00000000 0.30588235 0.58039216
v 0.00672803 0.06864737 0.02327065 0.00000000 0.30588235 0.58039216
v 0.00672803 0.06864737 0.00777935 0.00000000 0.30588235 0.58039216
v 0.00689779 0.06881483 0.02327649 0.00000000 0.30588235 0.58039216
v 0.00689779 0.06881483 0.00777350 0.00000000 0.30588235 0.58039216
v 0.00701602 0.06902445 0.02328381 0.00000000 0.30588235 0.58039216
v 0.00701602 0.06902445 0.00776619 0.00000000 0.30588235 0.58039216
v 0.00707551 0.06933923 0.02329479 0.00000000 0.30588235 0.58039216
v 0.00707551 0.06933923 0.00775521 0.00000000 0.30588235 0.58039216
v 0.00629227 0.06848038 0.02326480 0.00000000 0.30588235 0.58039216
v 0.00605802 0.06849077 0.00778484 0.00000000 0.30588235 0.58039216
v 0.00605802 0.06849077 0.02326516 0.00000000 0.30588235 0.58039216
v 0.00583463 0.06856416 0.00778226 0.00000000 0.30588235 0.58039216
v 0.00583463 0.06856416 0.02326774 0.00000000 0.30588235 0.58039216
v 0.00563790 0.06869646 0.00777764 0.00000000 0.30588235 0.58039216
v 0.00563790 0.06869646 0.02327236 0.00000000 0.30588235 0.58039216
v 0.00548349 0.06887910 0.00777126 0.00000000 0.30588235 0.58039216
v 0.00548349 0.06887910 0.02327874 0.00000000 0.30588235 0.58039216
v 0.00538463 0.06909904 0.00776359 0.00000000 0.30588235 0.58039216
v 0.00538463 0.06909904 0.02328641 0.00000000 0.30588235 0.58039216
v 0.00535051 0.06933923 0.00775521 0.00000000 0.30588235 0.58039216
v 0.00535051 0.06933923 0.02329479 0.00000000 0.30588235 0.58039216
v 0.00613373 0.07019807 0.00772522 0.00000000 0.30588235 0.58039216
v 0.00590494 0.07014483 0.02332291 0.00000000 0.30588235 0.58039216
v 0.00590494 0.07014483 0.00772709 0.00000000 0.30588235 0.58039216
v 0.00569797 0.07003107 0.02331893 0.00000000 0.30588235 0.58039216
v 0.00569797 0.07003107 0.00773107 0.00000000 0.30588235 0.58039216
v 0.00552821 0.06986359 0.02331308 0.00000000 0.30588235 0.58039216
v 0.00552821 0.06986359 0.00773692 0.00000000 0.30588235 0.58039216
v 0.00540999 0.06965397 0.02330577 0.00000000 0.30588235 0.58039216
v 0.00540999 0.06965397 0.00774423 0.00000000 0.30588235 0.58039216
v 0.00613373 0.07019807 0.02332478 0.00000000 0.30588235 0.58039216
v 0.00636799 0.07018769 0.00772558 0.00000000 0.30588235 0.58039216
v 0.00636799 0.07018769 0.02332442 0.00000000 0.30588235 0.58039216
v 0.00659140 0.07011430 0.00772816 0.00000000 0.30588235 0.58039216
v 0.00659140 0.07011430 0.02332184 0.00000000 0.30588235 0.58039216
v 0.00678813 0.06998199 0.00773278 0.00000000 0.30588235 0.58039216
v 0.00678813 0.06998199 0.02331722 0.00000000 0.30588235 0.58039216
v 0.00694254 0.06979933 0.00773916 0.00000000 0.30588235 0.58039216
v 0.00694254 0.06979933 0.02331084 0.00000000 0.30588235 0.58039216
v 0.00704139 0.06957941 0.00774683 0.00000000 0.30588235 0.58039216
v 0.00704139 0.06957941 0.02330317 0.00000000 0.30588235 0.58039216
v 0.01554124 0.01781923 0.00955433 0.00000000 0.30588235 0.58039216
v 0.01554124 0.01781923 0.02149567 0.00000000 0.30588235 0.58039216
v 0.01536351 0.01784738 0.00955334 0.00000000 0.30588235 0.58039216
v 0.01536351 0.01784738 0.02149666 0.00000000 0.30588235 0.58039216
v 0.01520321 0.01792908 0.00955049 0.00000000 0.30588235 0.58039216
v 0.01520321 0.01792908 0.02149951 0.00000000 0.30588235 0.58039216
v 0.01507602 0.01805630 0.00954605 0.00000000 0.30588235 0.58039216
v 0.01507602 0.01805630 0.02150395 0.00000000 0.30588235 0.58039216
v 0.01499437 0.01821656 0.00954045 0.00000000 0.30588235 0.58039216
v 0.01499437 0.01821656 0.02150955 0.00000000 0.30588235 0.58039216
v 0.01496624 0.01839423 0.00953425 0.00000000 0.30588235 0.58039216
v 0.01496624 0.01839423 0.02151575 0.00000000 0.30588235 0.58039216
v 0.01586328 0.01781923 0.00955433 0.00000000 0.30588235 0.58039216
v 0.01586328 0.01781923 0.02149567 0.00000000 0.30588235 0.58039216
v 0.01643828 0.01839423 0.00953425 0.00000000 0.30588235 0.58039216
v 0.01643828 0.01839423 0.02151575 0.00000000 0.30588235 0.58039216
v 0.01641015 0.01821656 0.00954045 0.00000000 0.30588235 0.58039216
v 0.01641015 0.01821656 0.02150955 0.00000000 0.30588235 0.58039216
v 0.01632850 0.01805630 0.00954605 0.00000000 0.30588235 0.58039216
v 0.01632850 0.01805630 0.02150395 0.00000000 0.30588235 0.58039216
v 0.01620131 0.01792908 0.00955049 0.00000000 0.30588235 0.58039216
v 0.01620131 0.01792908 0.02149951 0.00000000 0.30588235 0.58039216
v 0.01604101 0.01784738 0.00955334 0.00000000 0.30588235 0.58039216
v 0.01604101 0.01784738 0.02149666 0.00000000 0.30588235 0.58039216
v 0.01927282 0.01839423 0.00953425 0.00000000 0.30588235 0.58039216
v 0.01927282 0.01839423 0.02151575 0.00000000 0.30588235 0.58039216
v 0.01801219 0.00455170 0.01001764 0.00000000 0.30588235 0.58039216
v 0.01801219 0.00455170 0.02103236 0.00000000 0.30588235 0.58039216
v 0.01788959 0.00413000 0.01003236 0.00000000 0.30588235 0.58039216
v 0.01782933 0.00402648 0.02101403 0.00000000 0.30588235 0.58039216
v 0.01795281 0.00427737 0.02102278 0.00000000 0.30588235 0.58039216
v 0.01800779 0.00451129 0.01001905 0.00000000 0.30588235 0.58039216
v 0.01585576 0.00410825 0.01003312 0.00000000 0.30588235 0.58039216
v 0.01594177 0.00397293 0.02101215 0.00000000 0.30588235 0.58039216
v 0.01601784 0.00388040 0.01004108 0.00000000 0.30588235 0.58039216
v 0.01613331 0.00377040 0.02100508 0.00000000 0.30588235 0.58039216
v 0.01622873 0.00369934 0.01004740 0.00000000 0.30588235 0.58039216
v 0.01636649 0.00362060 0.02099985 0.00000000 0.30588235 0.58039216
v 0.01647542 0.00357470 0.01005175 0.00000000 0.30588235 0.58039216
v 0.01662722 0.00353126 0.02099673 0.00000000 0.30588235 0.58039216
v 0.01674326 0.00351267 0.01005392 0.00000000 0.30588235 0.58039216
v 0.01690087 0.00350650 0.02099586 0.00000000 0.30588235 0.58039216
v 0.01701759 0.00351591 0.01005381 0.00000000 0.30588235 0.58039216
v 0.01717218 0.00354725 0.02099729 0.00000000 0.30588235 0.58039216
v 0.01728374 0.00358419 0.01005142 0.00000000 0.30588235 0.58039216
v 0.01742662 0.00365139 0.02100093 0.00000000 0.30588235 0.58039216
v 0.01752679 0.00371415 0.01004687 0.00000000 0.30588235 0.58039216
v 0.01765017 0.00381396 0.02100661 0.00000000 0.30588235 0.58039216
v 0.01773297 0.00389938 0.01004041 0.00000000 0.30588235 0.58039216
v 0.01576401 0.00433033 0.02102463 0.00000000 0.30588235 0.58039216
v 0.01575319 0.00436951 0.01002400 0.00000000 0.30588235 0.58039216
v 0.01575319 0.00436951 0.02102600 0.00000000 0.30588235 0.58039216
v 0.01214555 0.01839423 0.00953425 0.00000000 0.30588235 0.58039216
v 0.01214555 0.01839423 0.02151575 0.00000000 0.30588235 0.58039216
v 0.00742285 0.04886923 0.00847004 0.00000000 0.30588235 0.58039216
v 0.00742285 0.04886923 0.02257996 0.00000000 0.30588235 0.58039216
v 0.00745097 0.04904685 0.00846383 0.00000000 0.30588235 0.58039216
v 0.00745097 0.04904685 0.02258616 0.00000000 0.30588235 0.58039216
v 0.00753260 0.04920712 0.00845824 0.00000000 0.30588235 0.58039216
v 0.00753260 0.04920712 0.02259176 0.00000000 0.30588235 0.58039216
v 0.00765978 0.04933435 0.00845380 0.00000000 0.30588235 0.58039216
v 0.00765978 0.04933435 0.02259620 0.00000000 0.30588235 0.58039216
v 0.00782008 0.04941606 0.00845094 0.00000000 0.30588235 0.58039216
v 0.00782008 0.04941606 0.02259906 0.00000000 0.30588235 0.58039216
v 0.00799785 0.04944423 0.00844996 0.00000000 0.30588235 0.58039216
v 0.00799785 0.04944423 0.02260004 0.00000000 0.30588235 0.58039216
v 0.00430634 0.04886923 0.00847004 0.00000000 0.30588235 0.58039216
v 0.00430634 0.04886923 0.02257996 0.00000000 0.30588235 0.58039216
v 0.00208770 0.05749423 0.00816885 0.00000000 0.30588235 0.58039216
v 0.00208770 0.05749423 0.02288115 0.00000000 0.30588235 0.58039216
v 0.00490838 0.05749423 0.00816885 0.00000000 0.30588235 0.58039216
v 0.00490838 0.05749423 0.02288115 0.00000000 0.30588235 0.58039216
v 0.00548338 0.05691923 0.00818893 0.00000000 0.30588235 0.58039216
v 0.00548338 0.05691923 0.02286107 0.00000000 0.30588235 0.58039216
v 0.00530566 0.05694738 0.00818794 0.00000000 0.30588235 0.58039216
v 0.00530566 0.05694738 0.02286206 0.00000000 0.30588235 0.58039216
v 0.00514535 0.05702908 0.00818509 0.00000000 0.30588235 0.58039216
v 0.00514535 0.05702908 0.02286491 0.00000000 0.30588235 0.58039216
v 0.00501817 0.05715630 0.00818065 0.00000000 0.30588235 0.58039216
v 0.00501817 0.05715630 0.02286935 0.00000000 0.30588235 0.58039216
v 0.00493652 0.05731656 0.00817505 0.00000000 0.30588235 0.58039216
v 0.00493652 0.05731656 0.02287495 0.00000000 0.30588235 0.58039216
v 0.01942408 0.05691923 0.00818893 0.00000000 0.30588235 0.58039216
v 0.01942408 0.05691923 0.02286107 0.00000000 0.30588235 0.58039216
v 0.01999908 0.05749423 0.00816885 0.00000000 0.30588235 0.58039216
v 0.01999908 0.05749423 0.02288115 0.00000000 0.30588235 0.58039216
v 0.01997095 0.05731656 0.00817505 0.00000000 0.30588235 0.58039216
v 0.01997095 0.05731656 0.02287495 0.00000000 0.30588235 0.58039216
v 0.01988930 0.05715630 0.00818065 0.00000000 0.30588235 0.58039216
v 0.01988930 0.05715630 0.02286935 0.00000000 0.30588235 0.58039216
v 0.01976212 0.05702908 0.00818509 0.00000000 0.30588235 0.58039216
v 0.01976212 0.05702908 0.02286491 0.00000000 0.30588235 0.58039216
v 0.01960181 0.05694738 0.00818794 0.00000000 0.30588235 0.58039216
v 0.01960181 0.05694738 0.02286206 0.00000000 0.30588235 0.58039216
v 0.02283362 0.05749423 0.00816885 0.00000000 0.30588235 0.58039216
v 0.02283362 0.05749423 0.02288115 0.00000000 0.30588235 0.58039216
v 0.02204815 0.04886923 0.00847004 0.00000000 0.30588235 0.58039216
v 0.02204815 0.04886923 0.02257996 0.00000000 0.30588235 0.58039216
v 0.01910888 0.04886923 0.00847004 0.00000000 0.30588235 0.58039216
v 0.01910888 0.04886923 0.02257996 0.00000000 0.30588235 0.58039216
v 0.01853388 0.04944423 0.00844996 0.00000000 0.30588235 0.58039216
v 0.01853388 0.04944423 0.02260004 0.00000000 0.30588235 0.58039216
v 0.01871165 0.04941606 0.00845094 0.00000000 0.30588235 0.58039216
v 0.01871165 0.04941606 0.02259906 0.00000000 0.30588235 0.58039216
v 0.01887195 0.04933435 0.00845380 0.00000000 0.30588235 0.58039216
v 0.01887195 0.04933435 0.02259620 0.00000000 0.30588235 0.58039216
v 0.01899913 0.04920712 0.00845824 0.00000000 0.30588235 0.58039216
v 0.01899913 0.04920712 0.02259176 0.00000000 0.30588235 0.58039216
v 0.01908076 0.04904685 0.00846383 0.00000000 0.30588235 0.58039216
v 0.01908076 0.04904685 0.02258616 0.00000000 0.30588235 0.58039216
v 0.01675348 0.02989423 0.00913266 0.00000000 0.30588235 0.58039216
v 0.01675348 0.02989423 0.02191734 0.00000000 0.30588235 0.58039216
v 0.01693125 0.02986606 0.00913364 0.00000000 0.30588235 0.58039216
v 0.01693125 0.02986606 0.02191636 0.00000000 0.30588235 0.58039216
v 0.01709155 0.02978435 0.00913650 0.00000000 0.30588235 0.58039216
v 0.01709155 0.02978435 0.02191350 0.00000000 0.30588235 0.58039216
v 0.01721873 0.02965712 0.00914094 0.00000000 0.30588235 0.58039216
v 0.01721873 0.02965712 0.02190906 0.00000000 0.30588235 0.58039216
v 0.01730036 0.02949685 0.00914654 0.00000000 0.30588235 0.58039216
v 0.01730036 0.02949685 0.02190346 0.00000000 0.30588235 0.58039216
v 0.01732848 0.02931923 0.00915274 0.00000000 0.30588235 0.58039216
v 0.01732848 0.02931923 0.02189726 0.00000000 0.30588235 0.58039216
v 0.01302677 0.02989423 0.00913266 0.00000000 0.30588235 0.58039216
v 0.01302677 0.02989423 0.02191734 0.00000000 0.30588235 0.58039216
v 0.01245177 0.02931923 0.00915274 0.00000000 0.30588235 0.58039216
v 0.01245177 0.02931923 0.02189726 0.00000000 0.30588235 0.58039216
v 0.01247990 0.02949685 0.00914654 0.00000000 0.30588235 0.58039216
v 0.01247990 0.02949685 0.02190346 0.00000000 0.30588235 0.58039216
v 0.01256153 0.02965712 0.00914094 0.00000000 0.30588235 0.58039216
v 0.01256153 0.02965712 0.02190906 0.00000000 0.30588235 0.58039216
v 0.01268871 0.02978435 0.00913650 0.00000000 0.30588235 0.58039216
v 0.01268871 0.02978435 0.02191350 0.00000000 0.30588235 0.58039216
v 0.01284901 0.02986606 0.00913364 0.00000000 0.30588235 0.58039216
v 0.01284901 0.02986606 0.02191636 0.00000000 0.30588235 0.58039216
v 0.00933527 0.02931923 0.00915274 0.00000000 0.30588235 0.58039216
v 0.00933527 0.02931923 0.02189726 0.00000000 0.30588235 0.58039216
v 0.00711662 0.03794423 0.00885155 0.00000000 0.30588235 0.58039216
v 0.00711662 0.03794423 0.02219845 0.00000000 0.30588235 0.58039216
v 0.00993731 0.03794423 0.00885155 0.00000000 0.30588235 0.58039216
v 0.00993731 0.03794423 0.02219845 0.00000000 0.30588235 0.58039216
v 0.01051231 0.03736923 0.00887163 0.00000000 0.30588235 0.58039216
v 0.01051231 0.03736923 0.02217837 0.00000000 0.30588235 0.58039216
v 0.01033459 0.03739738 0.00887064 0.00000000 0.30588235 0.58039216
v 0.01033459 0.03739738 0.02217936 0.00000000 0.30588235 0.58039216
v 0.01017428 0.03747908 0.00886779 0.00000000 0.30588235 0.58039216
v 0.01017428 0.03747908 0.02218221 0.00000000 0.30588235 0.58039216
v 0.01004709 0.03760630 0.00886335 0.00000000 0.30588235 0.58039216
v 0.01004709 0.03760630 0.02218665 0.00000000 0.30588235 0.58039216
v 0.00996545 0.03776656 0.00885775 0.00000000 0.30588235 0.58039216
v 0.00996545 0.03776656 0.02219225 0.00000000 0.30588235 0.58039216
v 0.01764368 0.03736923 0.00887163 0.00000000 0.30588235 0.58039216
v 0.01764368 0.03736923 0.02217837 0.00000000 0.30588235 0.58039216
v 0.01821869 0.03794423 0.00885155 0.00000000 0.30588235 0.58039216
v 0.01821869 0.03794423 0.02219845 0.00000000 0.30588235 0.58039216
v 0.01819055 0.03776656 0.00885775 0.00000000 0.30588235 0.58039216
v 0.01819055 0.03776656 0.02219225 0.00000000 0.30588235 0.58039216
v 0.01810890 0.03760630 0.00886335 0.00000000 0.30588235 0.58039216
v 0.01810890 0.03760630 0.02218665 0.00000000 0.30588235 0.58039216
v 0.01798171 0.03747908 0.00886779 0.00000000 0.30588235 0.58039216
v 0.01798171 0.03747908 0.02218221 0.00000000 0.30588235 0.58039216
v 0.01782141 0.03739738 0.00887064 0.00000000 0.30588235 0.58039216
v 0.01782141 0.03739738 0.02217936 0.00000000 0.30588235 0.58039216
v 0.02105322 0.03794423 0.00885155 0.00000000 0.30588235 0.58039216
v 0.02105322 0.03794423 0.02219845 0.00000000 0.30588235 0.58039216
v 0.02026775 0.02931923 0.00915274 0.00000000 0.30588235 0.58039216
v 0.02026775 0.02931923 0.02189726 0.00000000 0.30588235 0.58039216
v 0.01204227 0.06848038 0.00778520 0.00000000 0.30588235 0.58039216
v 0.01227105 0.06853362 0.02326667 0.00000000 0.30588235 0.58039216
v 0.01227105 0.06853362 0.00778333 0.00000000 0.30588235 0.58039216
v 0.01247803 0.06864737 0.02327065 0.00000000 0.30588235 0.58039216
v 0.01247803 0.06864737 0.00777935 0.00000000 0.30588235 0.58039216
v 0.01264779 0.06881483 0.02327649 0.00000000 0.30588235 0.58039216
v 0.01264779 0.06881483 0.00777350 0.00000000 0.30588235 0.58039216
v 0.01276602 0.06902445 0.02328381 0.00000000 0.30588235 0.58039216
v 0.01276602 0.06902445 0.00776619 0.00000000 0.30588235 0.58039216
v 0.01282551 0.06933923 0.02329479 0.00000000 0.30588235 0.58039216
v 0.01282551 0.06933923 0.00775521 0.00000000 0.30588235 0.58039216
v 0.01204227 0.06848038 0.02326480 0.00000000 0.30588235 0.58039216
v 0.01180802 0.06849077 0.00778484 0.00000000 0.30588235 0.58039216
v 0.01180802 0.06849077 0.02326516 0.00000000 0.30588235 0.58039216
v 0.01158463 0.06856416 0.00778226 0.00000000 0.30588235 0.58039216
v 0.01158463 0.06856416 0.02326774 0.00000000 0.30588235 0.58039216
v 0.01138790 0.06869646 0.00777764 0.00000000 0.30588235 0.58039216
v 0.01138790 0.06869646 0.02327236 0.00000000 0.30588235 0.58039216
v 0.01123349 0.06887910 0.00777126 0.00000000 0.30588235 0.58039216
v 0.01123349 0.06887910 0.02327874 0.00000000 0.30588235 0.58039216
v 0.01113463 0.06909904 0.00776359 0.00000000 0.30588235 0.58039216
v 0.01113463 0.06909904 0.02328641 0.00000000 0.30588235 0.58039216
v 0.01110051 0.06933923 0.00775521 0.00000000 0.30588235 0.58039216
v 0.01110051 0.06933923 0.02329479 0.00000000 0.30588235 0.58039216
v 0.01188373 0.07019807 0.00772522 0.00000000 0.30588235 0.58039216
v 0.01165494 0.07014483 0.02332291 0.00000000 0.30588235 0.58039216
v 0.01165494 0.07014483 0.00772709 0.00000000 0.30588235 0.58039216
v 0.01144797 0.07003107 0.02331893 0.00000000 0.30588235 0.58039216
v 0.01144797 0.07003107 0.00773107 0.00000000 0.30588235 0.58039216
v 0.01127821 0.06986359 0.02331308 0.00000000 0.30588235 0.58039216
v 0.01127821 0.06986359 0.00773692 0.00000000 0.30588235 0.58039216
v 0.01115999 0.06965397 0.02330577 0.00000000 0.30588235 0.58039216
v 0.01115999 0.06965397 0.00774423 0.00000000 0.30588235 0.58039216
v 0.01188373 0.07019807 0.02332478 0.00000000 0.30588235 0.58039216
v 0.01211799 0.07018769 0.00772558 0.00000000 0.30588235 0.58039216
v 0.01211799 0.07018769 0.02332442 0.00000000 0.30588235 0.58039216
v 0.01234140 0.07011430 0.00772816 0.00000000 0.30588235 0.58039216
v 0.01234140 0.07011430 0.02332184 0.00000000 0.30588235 0.58039216
v 0.01253813 0.06998199 0.00773278 0.00000000 0.30588235 0.58039216
v 0.01253813 0.06998199 0.02331722 0.00000000 0.30588235 0.58039216
v 0.01269254 0.06979933 0.00773916 0.00000000 0.30588235 0.58039216
v 0.01269254 0.06979933 0.02331084 0.00000000 0.30588235 0.58039216
v 0.01279139 0.06957941 0.00774683 0.00000000 0.30588235 0.58039216
v 0.01279139 0.06957941 0.02330317 0.00000000 0.30588235 0.58039216
v 0.02354227 0.06848038 0.00778520 0.00000000 0.30588235 0.58039216
v 0.02377105 0.06853362 0.02326667 0.00000000 0.30588235 0.58039216
v 0.02377105 0.06853362 0.00778333 0.00000000 0.30588235 0.58039216
v 0.02397803 0.06864737 0.02327065 0.00000000 0.30588235 0.58039216
v 0.02397803 0.06864737 0.00777935 0.00000000 0.30588235 0.58039216
v 0.02414779 0.06881483 0.02327649 0.00000000 0.30588235 0.58039216
v 0.02414779 0.06881483 0.00777350 0.00000000 0.30588235 0.58039216
v 0.02426602 0.06902445 0.02328381 0.00000000 0.30588235 0.58039216
v 0.02426602 0.06902445 0.00776619 0.00000000 0.30588235 0.58039216
v 0.02432551 0.06933923 0.02329479 0.00000000 0.30588235 0.58039216
v 0.02432551 0.06933923 0.00775521 0.00000000 0.30588235 0.58039216
v 0.02354227 0.06848038 0.02326480 0.00000000 0.30588235 0.58039216
v 0.02330802 0.06849077 0.00778484 0.00000000 0.30588235 0.58039216
v 0.02330802 0.06849077 0.02326516 0.00000000 0.30588235 0.58039216
v 0.02308463 0.06856416 0.00778226 0.00000000 0.30588235 0.58039216
v 0.02308463 0.06856416 0.02326774 0.00000000 0.30588235 0.58039216
v 0.02288790 0.06869646 0.00777764 0.00000000 0.30588235 0.58039216
v 0.02288790 0.06869646 0.02327236 0.00000000 0.30588235 0.58039216
v 0.02273349 0.06887910 0.00777126 0.00000000 0.30588235 0.58039216
v 0.02273349 0.06887910 0.02327874 0.00000000 0.30588235 0.58039216
v 0.02263463 0.06909904 0.00776359 0.00000000 0.30588235 0.58039216
v 0.02263463 0.06909904 0.02328641 0.00000000 0.30588235 0.58039216
v 0.02260051 0.06933923 0.00775521 0.00000000 0.30588235 0.58039216
v 0.02260051 0.06933923 0.02329479 0.00000000 0.30588235 0.58039216
v 0.02338373 0.07019807 0.00772522 0.00000000 0.30588235 0.58039216
v 0.02315494 0.07014483 0.02332291 0.00000000 0.30588235 0.58039216
v 0.02315494 0.07014483 0.00772709 0.00000000 0.30588235 0.58039216
v 0.02294797 0.07003107 0.02331893 0.00000000 0.30588235 0.58039216
v 0.02294797 0.07003107 0.00773107 0.00000000 0.30588235 0.58039216
v 0.02277821 0.06986359 0.02331308 0.00000000 0.30588235 0.58039216
v 0.02277821 0.06986359 0.00773692 0.00000000 0.30588235 0.58039216
v 0.02265999 0.06965397 0.02330577 0.00000000 0.30588235 0.58039216
v 0.02265999 0.06965397 0.00774423 0.00000000 0.30588235 0.58039216
v 0.02338373 0.07019807 0.02332478 0.00000000 0.30588235 0.58039216
v 0.02361799 0.07018769 0.00772558 0.00000000 0.30588235 0.58039216
v 0.02361799 0.07018769 0.02332442 0.00000000 0.30588235 0.58039216
v 0.02384140 0.07011430 0.00772816 0.00000000 0.30588235 0.58039216
v 0.02384140 0.07011430 0.02332184 0.00000000 0.30588235 0.58039216
v 0.02403813 0.06998199 0.00773278 0.00000000 0.30588235 0.58039216
v 0.02403813 0.06998199 0.02331722 0.00000000 0.30588235 0.58039216
v 0.02419254 0.06979933 0.00773916 0.00000000 0.30588235 0.58039216
v 0.02419254 0.06979933 0.02331084 0.00000000 0.30588235 0.58039216
v 0.02429139 0.06957941 0.00774683 0.00000000 0.30588235 0.58039216
v 0.02429139 0.06957941 0.02330317 0.00000000 0.30588235 0.58039216
v 0.01764368 0.03966923 0.00879131 0.00000000 0.30588235 0.58039216
v 0.01764368 0.03966923 0.02225869 0.00000000 0.30588235 0.58039216
v 0.01782145 0.03964106 0.00879229 0.00000000 0.30588235 0.58039216
v 0.01782145 0.03964106 0.02225771 0.00000000 0.30588235 0.58039216
v 0.01798175 0.03955935 0.00879515 0.00000000 0.30588235 0.58039216
v 0.01798175 0.03955935 0.02225485 0.00000000 0.30588235 0.58039216
v 0.01810893 0.03943212 0.00879959 0.00000000 0.30588235 0.58039216
v 0.01810893 0.03943212 0.02225041 0.00000000 0.30588235 0.58039216
v 0.01819056 0.03927185 0.00880519 0.00000000 0.30588235 0.58039216
v 0.01819056 0.03927185 0.02224481 0.00000000 0.30588235 0.58039216
v 0.01821869 0.03909423 0.00881139 0.00000000 0.30588235 0.58039216
v 0.01821869 0.03909423 0.02223861 0.00000000 0.30588235 0.58039216
v 0.01051231 0.03966923 0.00879131 0.00000000 0.30588235 0.58039216
v 0.01051231 0.03966923 0.02225869 0.00000000 0.30588235 0.58039216
v 0.00993731 0.03909423 0.00881139 0.00000000 0.30588235 0.58039216
v 0.00993731 0.03909423 0.02223861 0.00000000 0.30588235 0.58039216
v 0.00996544 0.03927185 0.00880519 0.00000000 0.30588235 0.58039216
v 0.00996544 0.03927185 0.02224481 0.00000000 0.30588235 0.58039216
v 0.01004707 0.03943212 0.00879959 0.00000000 0.30588235 0.58039216
v 0.01004707 0.03943212 0.02225041 0.00000000 0.30588235 0.58039216
v 0.01017425 0.03955935 0.00879515 0.00000000 0.30588235 0.58039216
v 0.01017425 0.03955935 0.02225485 0.00000000 0.30588235 0.58039216
v 0.01033455 0.03964106 0.00879229 0.00000000 0.30588235 0.58039216
v 0.01033455 0.03964106 0.02225771 0.00000000 0.30588235 0.58039216
v 0.00682081 0.03909423 0.00881139 0.00000000 0.30588235 0.58039216
v 0.00682081 0.03909423 0.02223861 0.00000000 0.30588235 0.58039216
v 0.00460216 0.04771923 0.00851020 0.00000000 0.30588235 0.58039216
v 0.00460216 0.04771923 0.02253980 0.00000000 0.30588235 0.58039216
v 0.00742285 0.04771923 0.00851020 0.00000000 0.30588235 0.58039216
v 0.00742285 0.04771923 0.02253980 0.00000000 0.30588235 0.58039216
v 0.00799785 0.04714423 0.00853028 0.00000000 0.30588235 0.58039216
v 0.00799785 0.04714423 0.02251972 0.00000000 0.30588235 0.58039216
v 0.00782012 0.04717238 0.00852929 0.00000000 0.30588235 0.58039216
v 0.00782012 0.04717238 0.02252071 0.00000000 0.30588235 0.58039216
v 0.00765982 0.04725408 0.00852644 0.00000000 0.30588235 0.58039216
v 0.00765982 0.04725408 0.02252356 0.00000000 0.30588235 0.58039216
v 0.00753263 0.04738130 0.00852200 0.00000000 0.30588235 0.58039216
v 0.00753263 0.04738130 0.02252800 0.00000000 0.30588235 0.58039216
v 0.00745098 0.04754156 0.00851640 0.00000000 0.30588235 0.58039216
v 0.00745098 0.04754156 0.02253360 0.00000000 0.30588235 0.58039216
v 0.01853388 0.04714423 0.00853028 0.00000000 0.30588235 0.58039216
v 0.01853388 0.04714423 0.02251972 0.00000000 0.30588235 0.58039216
v 0.01910888 0.04771923 0.00851020 0.00000000 0.30588235 0.58039216
v 0.01910888 0.04771923 0.02253980 0.00000000 0.30588235 0.58039216
v 0.01908075 0.04754156 0.00851640 0.00000000 0.30588235 0.58039216
v 0.01908075 0.04754156 0.02253360 0.00000000 0.30588235 0.58039216
v 0.01899910 0.04738130 0.00852200 0.00000000 0.30588235 0.58039216
v 0.01899910 0.04738130 0.02252800 0.00000000 0.30588235 0.58039216
v 0.01887192 0.04725408 0.00852644 0.00000000 0.30588235 0.58039216
v 0.01887192 0.04725408 0.02252356 0.00000000 0.30588235 0.58039216
v 0.01871161 0.04717238 0.00852929 0.00000000 0.30588235 0.58039216
v 0.01871161 0.04717238 0.02252071 0.00000000 0.30588235 0.58039216
v 0.02194342 0.04771923 0.00851020 0.00000000 0.30588235 0.58039216
v 0.02194342 0.04771923 0.02253980 0.00000000 0.30588235 0.58039216
v 0.02115795 0.03909423 0.00881139 0.00000000 0.30588235 0.58039216
v 0.02115795 0.03909423 0.02223861 0.00000000 0.30588235 0.58039216
v 0.00490838 0.05864423 0.00812869 0.00000000 0.30588235 0.58039216
v 0.00490838 0.05864423 0.02292131 0.00000000 0.30588235 0.58039216
v 0.00493651 0.05882185 0.00812248 0.00000000 0.30588235 0.58039216
v 0.00493651 0.05882185 0.02292752 0.00000000 0.30588235 0.58039216
v 0.00501814 0.05898212 0.00811689 0.00000000 0.30588235 0.58039216
v 0.00501814 0.05898212 0.02293311 0.00000000 0.30588235 0.58039216
v 0.00514532 0.05910935 0.00811244 0.00000000 0.30588235 0.58039216
v 0.00514532 0.05910935 0.02293756 0.00000000 0.30588235 0.58039216
v 0.00530562 0.05919106 0.00810959 0.00000000 0.30588235 0.58039216
v 0.00530562 0.05919106 0.02294041 0.00000000 0.30588235 0.58039216
v 0.00548338 0.05921923 0.00810861 0.00000000 0.30588235 0.58039216
v 0.00548338 0.05921923 0.02294139 0.00000000 0.30588235 0.58039216
v 0.00179188 0.05864423 0.00812869 0.00000000 0.30588235 0.58039216
v 0.00179188 0.05864423 0.02292131 0.00000000 0.30588235 0.58039216
v -0.00057468 0.06784423 0.00780742 0.00000000 0.30588235 0.58039216
v -0.00057468 0.06784423 0.02324258 0.00000000 0.30588235 0.58039216
v 0.02377618 0.06784422 0.00780742 0.00000000 0.30588235 0.58039216
v 0.02377618 0.06784422 0.02324258 0.00000000 0.30588235 0.58039216
v 0.02293835 0.05864423 0.00812869 0.00000000 0.30588235 0.58039216
v 0.02293835 0.05864423 0.02292131 0.00000000 0.30588235 0.58039216
v 0.01999908 0.05864423 0.00812869 0.00000000 0.30588235 0.58039216
v 0.01999908 0.05864423 0.02292131 0.00000000 0.30588235 0.58039216
v 0.01942408 0.05921923 0.00810861 0.00000000 0.30588235 0.58039216
v 0.01942408 0.05921923 0.02294139 0.00000000 0.30588235 0.58039216
v 0.01960185 0.05919106 0.00810959 0.00000000 0.30588235 0.58039216
v 0.01960185 0.05919106 0.02294041 0.00000000 0.30588235 0.58039216
v 0.01976215 0.05910935 0.00811244 0.00000000 0.30588235 0.58039216
v 0.01976215 0.05910935 0.02293756 0.00000000 0.30588235 0.58039216
v 0.01988933 0.05898212 0.00811689 0.00000000 0.30588235 0.58039216
v 0.01988933 0.05898212 0.02293311 0.00000000 0.30588235 0.58039216
v 0.01997096 0.05882185 0.00812248 0.00000000 0.30588235 0.58039216
v 0.01997096 0.05882185 0.02292752 0.00000000 0.30588235 0.58039216
v 0.02467048 0.05864423 0.00812869 0.00000000 0.30588235 0.58039216
v 0.01942863 0.00108511 0.02091130 0.00000000 0.30588235 0.58039216
v 0.01942863 0.00108511 0.01013870 0.00000000 0.30588235 0.58039216
v 0.02577014 0.07071923 0.00770702 0.00000000 0.30588235 0.58039216
v 0.02577014 0.07071923 0.02334298 0.00000000 0.30588235 0.58039216
v 0.02467048 0.05864423 0.02292131 0.00000000 0.30588235 0.58039216
v -0.00309538 0.07071923 0.00770702 0.00000000 0.30588235 0.58039216
v -0.00309538 0.07071923 0.02334298 0.00000000 0.30588235 0.58039216
v 0.01491062 0.00072072 0.01015142 0.00000000 0.30588235 0.58039216
v 0.01491062 0.00072072 0.02089858 0.00000000 0.30588235 0.58039216
v 0.01929823 0.00050383 0.02089101 0.00000000 0.30588235 0.58039216
v 0.01902285 -0.00002453 0.02087257 0.00000000 0.30588235 0.58039216
v 0.01909476 0.00008477 0.01017362 0.00000000 0.30588235 0.58039216
v 0.01872003 -0.00037589 0.01018969 0.00000000 0.30588235 0.58039216
v 0.01862109 -0.00046435 0.02085722 0.00000000 0.30588235 0.58039216
v 0.01840870 -0.00062348 0.01019833 0.00000000 0.30588235 0.58039216
v 0.01811979 -0.00078627 0.02084598 0.00000000 0.30588235 0.58039216
v 0.01709081 -0.00100581 0.01021170 0.00000000 0.30588235 0.58039216
v 0.01768235 -0.00094098 0.01020943 0.00000000 0.30588235 0.58039216
v 0.01755329 -0.00096851 0.02083960 0.00000000 0.30588235 0.58039216
v 0.01695900 -0.00099931 0.02083853 0.00000000 0.30588235 0.58039216
v 0.01650240 -0.00091670 0.01020857 0.00000000 0.30588235 0.58039216
v 0.01619112 -0.00080229 0.02084543 0.00000000 0.30588235 0.58039216
v 0.01595601 -0.00067927 0.01020028 0.00000000 0.30588235 0.58039216
v 0.01584399 -0.00060768 0.02085221 0.00000000 0.30588235 0.58039216
v 0.01548897 -0.00030952 0.01018738 0.00000000 0.30588235 0.58039216
v 0.01540001 -0.00021262 0.02086600 0.00000000 0.30588235 0.58039216
v 0.01513249 0.00016788 0.01017072 0.00000000 0.30588235 0.58039216
v 0.01933918 0.00062640 0.01015471 0.00000000 0.30588235 0.58039216
v 0.01805882 -0.00081397 0.01020499 0.00000000 0.30588235 0.58039216
v 0.01656702 -0.00093427 0.02084081 0.00000000 0.30588235 0.58039216
v 0.01507196 0.00028324 0.02088330 0.00000000 0.30588235 0.58039216
v 0.00038373 0.07019807 0.02332478 0.00000000 0.30588235 0.58039216
v 0.00061799 0.07018769 0.02332442 0.00000000 0.30588235 0.58039216
v 0.00054227 0.06848038 0.02326480 0.00000000 0.30588235 0.58039216
v 0.00030802 0.06849077 0.02326516 0.00000000 0.30588235 0.58039216
v 0.00008463 0.06856416 0.02326774 0.00000000 0.30588235 0.58039216
v -0.00011210 0.06869646 0.02327236 0.00000000 0.30588235 0.58039216
v -0.00026651 0.06887910 0.02327874 0.00000000 0.30588235 0.58039216
v -0.00036537 0.06909904 0.02328641 0.00000000 0.30588235 0.58039216
v -0.00039949 0.06933923 0.02329479 0.00000000 0.30588235 0.58039216
v -0.00034001 0.06965397 0.02330577 0.00000000 0.30588235 0.58039216
v -0.00022179 0.06986359 0.02331308 0.00000000 0.30588235 0.58039216
v -0.00005203 0.07003107 0.02331893 0.00000000 0.30588235 0.58039216
v 0.00015494 0.07014483 0.02332291 0.00000000 0.30588235 0.58039216
v 0.00126602 0.06902445 0.02328381 0.00000000 0.30588235 0.58039216
v 0.00114779 0.06881483 0.02327649 0.00000000 0.30588235 0.58039216
v 0.00097803 0.06864737 0.02327065 0.00000000 0.30588235 0.58039216
v 0.00077105 0.06853362 0.02326667 0.00000000 0.30588235 0.58039216
v 0.00132551 0.06933923 0.02329479 0.00000000 0.30588235 0.58039216
v 0.00129139 0.06957941 0.02330317 0.00000000 0.30588235 0.58039216
v 0.00119254 0.06979933 0.02331084 0.00000000 0.30588235 0.58039216
v 0.00103813 0.06998199 0.02331722 0.00000000 0.30588235 0.58039216
v 0.00084140 0.07011430 0.02332184 0.00000000 0.30588235 0.58039216
v 0.00061799 0.07018769 0.00772558 0.00000000 0.30588235 0.58039216
v 0.00038373 0.07019807 0.00772522 0.00000000 0.30588235 0.58039216
v -0.00039949 0.06933923 0.00775521 0.00000000 0.30588235 0.58039216
v -0.00036537 0.06909904 0.00776359 0.00000000 0.30588235 0.58039216
v -0.00026651 0.06887910 0.00777126 0.00000000 0.30588235 0.58039216
v -0.00011210 0.06869646 0.00777764 0.00000000 0.30588235 0.58039216
v 0.00008463 0.06856416 0.00778226 0.00000000 0.30588235 0.58039216
v 0.00030802 0.06849077 0.00778484 0.00000000 0.30588235 0.58039216
v 0.00054227 0.06848038 0.00778520 0.00000000 0.30588235 0.58039216
v 0.00015494 0.07014483 0.00772709 0.00000000 0.30588235 0.58039216
v -0.00005203 0.07003107 0.00773107 0.00000000 0.30588235 0.58039216
v -0.00022179 0.06986359 0.00773692 0.00000000 0.30588235 0.58039216
v -0.00034001 0.06965397 0.00774423 0.00000000 0.30588235 0.58039216
v 0.00077105 0.06853362 0.00778333 0.00000000 0.30588235 0.58039216
v 0.00097803 0.06864737 0.00777935 0.00000000 0.30588235 0.58039216
v 0.00114779 0.06881483 0.00777350 0.00000000 0.30588235 0.58039216
v 0.00126602 0.06902445 0.00776619 0.00000000 0.30588235 0.58039216
v 0.00132551 0.06933923 0.00775521 0.00000000 0.30588235 0.58039216
v 0.00129139 0.06957941 0.00774683 0.00000000 0.30588235 0.58039216
v 0.00119254 0.06979933 0.00773916 0.00000000 0.30588235 0.58039216
v 0.00103813 0.06998199 0.00773278 0.00000000 0.30588235 0.58039216
v 0.00084140 0.07011430 0.00772816 0.00000000 0.30588235 0.58039216
v 0.02571068 0.06372626 0.01173817 0.77254902 0.00000000 0.10980392
v 0.02584553 0.06520695 0.01322500 0.77254902 0.00000000 0.10980392
v 0.02557583 0.06224556 0.01322500 0.77254902 0.00000000 0.10980392
v 0.02571068 0.06372626 0.01471183 0.77254902 0.00000000 0.10980392
v 0.02529349 0.05914521 0.01011183 0.77254902 0.00000000 0.10980392
v 0.02515864 0.05766452 0.00862500 0.77254902 0.00000000 0.10980392
v 0.02542834 0.06062592 0.00862500 0.77254902 0.00000000 0.10980392
v 0.02529349 0.05914521 0.00713817 0.77254902 0.00000000 0.10980392
v 0.02404192 0.04540209 0.02391183 0.77254902 0.00000000 0.10980392
v 0.02390707 0.04392139 0.02242500 0.77254902 0.00000000 0.10980392
v 0.02417676 0.04688279 0.02242500 0.77254902 0.00000000 0.10980392
v 0.02404192 0.04540209 0.02093817 0.77254902 0.00000000 0.10980392
v 0.02341613 0.03853052 0.01701183 0.77254902 0.00000000 0.10980392
v 0.02328128 0.03704982 0.01552500 0.77254902 0.00000000 0.10980392
v 0.02355097 0.04001122 0.01552500 0.77254902 0.00000000 0.10980392
v 0.02341613 0.03853052 0.01403817 0.77254902 0.00000000 0.10980392
v 0.02362472 0.04082104 0.01471183 0.77254902 0.00000000 0.10980392
v 0.02348988 0.03934034 0.01322500 0.77254902 0.00000000 0.10980392
v 0.02375957 0.04230174 0.01322500 0.77254902 0.00000000 0.10980392
v 0.02362472 0.04082104 0.01173817 0.77254902 0.00000000 0.10980392
v 0.02425051 0.04769261 0.02161183 0.77254902 0.00000000 0.10980392
v 0.02411567 0.04621191 0.02012500 0.77254902 0.00000000 0.10980392
v 0.02438536 0.04917331 0.02012500 0.77254902 0.00000000 0.10980392
v 0.02425051 0.04769261 0.01863817 0.77254902 0.00000000 0.10980392
v 0.02508489 0.05685469 0.01241183 0.77254902 0.00000000 0.10980392
v 0.02495005 0.05537399 0.01092500 0.77254902 0.00000000 0.10980392
v 0.02521974 0.05833539 0.01092500 0.77254902 0.00000000 0.10980392
v 0.02508489 0.05685469 0.00943817 0.77254902 0.00000000 0.10980392
v 0.02550208 0.06143574 0.01403817 0.77254902 0.00000000 0.10980392
v 0.02563693 0.06291644 0.01552500 0.77254902 0.00000000 0.10980392
v 0.02536724 0.05995504 0.01552500 0.77254902 0.00000000 0.10980392
v 0.02550208 0.06143574 0.01701183 0.77254902 0.00000000 0.10980392
v 0.02571068 0.06372626 0.01633817 0.77254902 0.00000000 0.10980392
v 0.02584553 0.06520695 0.01782500 0.77254902 0.00000000 0.10980392
v 0.02557583 0.06224556 0.01782500 0.77254902 0.00000000 0.10980392
v 0.02571068 0.06372626 0.01931183 0.77254902 0.00000000 0.10980392
v 0.02320753 0.03624000 0.01931183 0.77254902 0.00000000 0.10980392
v 0.02307269 0.03475930 0.01782500 0.77254902 0.00000000 0.10980392
v 0.02334238 0.03772070 0.01782500 0.77254902 0.00000000 0.10980392
v 0.02320753 0.03624000 0.01633817 0.77254902 0.00000000 0.10980392
v 0.02445911 0.04998313 0.02093817 0.77254902 0.00000000 0.10980392
v 0.02459395 0.05146383 0.02242500 0.77254902 0.00000000 0.10980392
v 0.02432426 0.04850243 0.02242500 0.77254902 0.00000000 0.10980392
v 0.02445911 0.04998313 0.02391183 0.77254902 0.00000000 0.10980392
v 0.02529349 0.05914521 0.01471183 0.77254902 0.00000000 0.10980392
v 0.02515864 0.05766452 0.01322500 0.77254902 0.00000000 0.10980392
v 0.02542834 0.06062592 0.01322500 0.77254902 0.00000000 0.10980392
v 0.02529349 0.05914521 0.01173817 0.77254902 0.00000000 0.10980392
v 0.02550208 0.06143574 0.01241183 0.77254902 0.00000000 0.10980392
v 0.02536724 0.05995504 0.01092500 0.77254902 0.00000000 0.10980392
v 0.02563693 0.06291644 0.01092500 0.77254902 0.00000000 0.10980392
v 0.02550208 0.06143574 0.00943817 0.77254902 0.00000000 0.10980392
v 0.02007860 0.00188218 0.02161183 0.77254902 0.00000000 0.10980392
v 0.01994375 0.00040148 0.02012500 0.77254902 0.00000000 0.10980392
v 0.02021344 0.00336288 0.02012500 0.77254902 0.00000000 0.10980392
v 0.02007860 0.00188218 0.01863817 0.77254902 0.00000000 0.10980392
v 0.02362472 0.04082104 0.02391183 0.77254902 0.00000000 0.10980392
v 0.02348988 0.03934034 0.02242500 0.77254902 0.00000000 0.10980392
v 0.02375957 0.04230174 0.02242500 0.77254902 0.00000000 0.10980392
v 0.02362472 0.04082104 0.02093817 0.77254902 0.00000000 0.10980392
v 0.02383332 0.04311156 0.02161183 0.77254902 0.00000000 0.10980392
v 0.02369847 0.04163087 0.02012500 0.77254902 0.00000000 0.10980392
v 0.02396817 0.04459227 0.02012500 0.77254902 0.00000000 0.10980392
v 0.02383332 0.04311156 0.01863817 0.77254902 0.00000000 0.10980392
v 0.02404192 0.04540209 0.01931183 0.77254902 0.00000000 0.10980392
v 0.02390707 0.04392139 0.01782500 0.77254902 0.00000000 0.10980392
v 0.02417676 0.04688279 0.01782500 0.77254902 0.00000000 0.10980392
v 0.02404192 0.04540209 0.01633817 0.77254902 0.00000000 0.10980392
v 0.02487630 0.05456417 0.01011183 0.77254902 0.00000000 0.10980392
v 0.02474145 0.05308347 0.00862500 0.77254902 0.00000000 0.10980392
v 0.02501114 0.05604487 0.00862500 0.77254902 0.00000000 0.10980392
v 0.02487630 0.05456417 0.00713817 0.77254902 0.00000000 0.10980392
v 0.02404192 0.04540209 0.01011183 0.77254902 0.00000000 0.10980392
v 0.02390707 0.04392139 0.00862500 0.77254902 0.00000000 0.10980392
v 0.02417676 0.04688279 0.00862500 0.77254902 0.00000000 0.10980392
v 0.02404192 0.04540209 0.00713817 0.77254902 0.00000000 0.10980392
v 0.02445911 0.04998313 0.01471183 0.77254902 0.00000000 0.10980392
v 0.02432426 0.04850243 0.01322500 0.77254902 0.00000000 0.10980392
v 0.02459395 0.05146383 0.01322500 0.77254902 0.00000000 0.10980392
v 0.02445911 0.04998313 0.01173817 0.77254902 0.00000000 0.10980392
v 0.02466770 0.05227365 0.01701183 0.77254902 0.00000000 0.10980392
v 0.02453286 0.05079295 0.01552500 0.77254902 0.00000000 0.10980392
v 0.02480255 0.05375435 0.01552500 0.77254902 0.00000000 0.10980392
v 0.02466770 0.05227365 0.01403817 0.77254902 0.00000000 0.10980392
v 0.02487630 0.05456417 0.01931183 0.77254902 0.00000000 0.10980392
v 0.02474145 0.05308347 0.01782500 0.77254902 0.00000000 0.10980392
v 0.02501114 0.05604487 0.01782500 0.77254902 0.00000000 0.10980392
v 0.02487630 0.05456417 0.01633817 0.77254902 0.00000000 0.10980392
v 0.02508489 0.05685469 0.01863817 0.77254902 0.00000000 0.10980392
v 0.02521974 0.05833539 0.02012500 0.77254902 0.00000000 0.10980392
v 0.02495005 0.05537399 0.02012500 0.77254902 0.00000000 0.10980392
v 0.02508489 0.05685469 0.02161183 0.77254902 0.00000000 0.10980392
v 0.02529349 0.05914521 0.02093817 0.77254902 0.00000000 0.10980392
v 0.02542834 0.06062592 0.02242500 0.77254902 0.00000000 0.10980392
v 0.02515864 0.05766452 0.02242500 0.77254902 0.00000000 0.10980392
v 0.02529349 0.05914521 0.02391183 0.77254902 0.00000000 0.10980392
v 0.02299894 0.03394948 0.01701183 0.77254902 0.00000000 0.10980392
v 0.02286409 0.03246878 0.01552500 0.77254902 0.00000000 0.10980392
v 0.02313378 0.03543018 0.01552500 0.77254902 0.00000000 0.10980392
v 0.02299894 0.03394948 0.01403817 0.77254902 0.00000000 0.10980392
v 0.02320753 0.03624000 0.01471183 0.77254902 0.00000000 0.10980392
v 0.02307269 0.03475930 0.01322500 0.77254902 0.00000000 0.10980392
v 0.02334238 0.03772070 0.01322500 0.77254902 0.00000000 0.10980392
v 0.02320753 0.03624000 0.01173817 0.77254902 0.00000000 0.10980392
v 0.02341613 0.03853052 0.01241183 0.77254902 0.00000000 0.10980392
v 0.02328128 0.03704982 0.01092500 0.77254902 0.00000000 0.10980392
v 0.02355097 0.04001122 0.01092500 0.77254902 0.00000000 0.10980392
v 0.02341613 0.03853052 0.00943817 0.77254902 0.00000000 0.10980392
v 0.02571068 0.06372626 0.01011183 0.77254902 0.00000000 0.10980392
v 0.02557583 0.06224556 0.00862500 0.77254902 0.00000000 0.10980392
v 0.02584553 0.06520695 0.00862500 0.77254902 0.00000000 0.10980392
v 0.02571068 0.06372626 0.00713817 0.77254902 0.00000000 0.10980392
v 0.02466770 0.05227365 0.00943817 0.77254902 0.00000000 0.10980392
v 0.02480255 0.05375435 0.01092500 0.77254902 0.00000000 0.10980392
v 0.02453286 0.05079295 0.01092500 0.77254902 0.00000000 0.10980392
v 0.02466770 0.05227365 0.01241183 0.77254902 0.00000000 0.10980392
v 0.02487630 0.05456417 0.01173817 0.77254902 0.00000000 0.10980392
v 0.02501114 0.05604487 0.01322500 0.77254902 0.00000000 0.10980392
v 0.02474145 0.05308347 0.01322500 0.77254902 0.00000000 0.10980392
v 0.02487630 0.05456417 0.01471183 0.77254902 0.00000000 0.10980392
v 0.02508489 0.05685469 0.01403817 0.77254902 0.00000000 0.10980392
v 0.02521974 0.05833539 0.01552500 0.77254902 0.00000000 0.10980392
v 0.02495005 0.05537399 0.01552500 0.77254902 0.00000000 0.10980392
v 0.02508489 0.05685469 0.01701183 0.77254902 0.00000000 0.10980392
v 0.02529349 0.05914521 0.01633817 0.77254902 0.00000000 0.10980392
v 0.02542834 0.06062592 0.01782500 0.77254902 0.00000000 0.10980392
v 0.02515864 0.05766452 0.01782500 0.77254902 0.00000000 0.10980392
v 0.02529349 0.05914521 0.01931183 0.77254902 0.00000000 0.10980392
v 0.02550208 0.06143574 0.01863817 0.77254902 0.00000000 0.10980392
v 0.02563693 0.06291644 0.02012500 0.77254902 0.00000000 0.10980392
v 0.02536724 0.05995504 0.02012500 0.77254902 0.00000000 0.10980392
v 0.02550208 0.06143574 0.02161183 0.77254902 0.00000000 0.10980392
v 0.02571068 0.06372626 0.02093817 0.77254902 0.00000000 0.10980392
v 0.02584553 0.06520695 0.02242500 0.77254902 0.00000000 0.10980392
v 0.02557583 0.06224556 0.02242500 0.77254902 0.00000000 0.10980392
v 0.02571068 0.06372626 0.02391183 0.77254902 0.00000000 0.10980392
v 0.02258175 0.02936844 0.01241183 0.77254902 0.00000000 0.10980392
v 0.02244690 0.02788774 0.01092500 0.77254902 0.00000000 0.10980392
v 0.02271659 0.03084914 0.01092500 0.77254902 0.00000000 0.10980392
v 0.02258175 0.02936844 0.00943817 0.77254902 0.00000000 0.10980392
v 0.02362472 0.04082104 0.01011183 0.77254902 0.00000000 0.10980392
v 0.02348988 0.03934034 0.00862500 0.77254902 0.00000000 0.10980392
v 0.02375957 0.04230174 0.00862500 0.77254902 0.00000000 0.10980392
v 0.02362472 0.04082104 0.00713817 0.77254902 0.00000000 0.10980392
v 0.02383332 0.04311156 0.01241183 0.77254902 0.00000000 0.10980392
v 0.02369847 0.04163087 0.01092500 0.77254902 0.00000000 0.10980392
v 0.02396817 0.04459227 0.01092500 0.77254902 0.00000000 0.10980392
v 0.02383332 0.04311156 0.00943817 0.77254902 0.00000000 0.10980392
v 0.02425051 0.04769261 0.01701183 0.77254902 0.00000000 0.10980392
v 0.02411567 0.04621191 0.01552500 0.77254902 0.00000000 0.10980392
v 0.02438536 0.04917331 0.01552500 0.77254902 0.00000000 0.10980392
v 0.02425051 0.04769261 0.01403817 0.77254902 0.00000000 0.10980392
v 0.02445911 0.04998313 0.01931183 0.77254902 0.00000000 0.10980392
v 0.02432426 0.04850243 0.01782500 0.77254902 0.00000000 0.10980392
v 0.02459395 0.05146383 0.01782500 0.77254902 0.00000000 0.10980392
v 0.02445911 0.04998313 0.01633817 0.77254902 0.00000000 0.10980392
v 0.02466770 0.05227365 0.01863817 0.77254902 0.00000000 0.10980392
v 0.02480255 0.05375435 0.02012500 0.77254902 0.00000000 0.10980392
v 0.02453286 0.05079295 0.02012500 0.77254902 0.00000000 0.10980392
v 0.02466770 0.05227365 0.02161183 0.77254902 0.00000000 0.10980392
v 0.02487630 0.05456417 0.02093817 0.77254902 0.00000000 0.10980392
v 0.02501114 0.05604487 0.02242500 0.77254902 0.00000000 0.10980392
v 0.02474145 0.05308347 0.02242500 0.77254902 0.00000000 0.10980392
v 0.02487630 0.05456417 0.02391183 0.77254902 0.00000000 0.10980392
v 0.02216455 0.02478740 0.01701183 0.77254902 0.00000000 0.10980392
v 0.02202971 0.02330670 0.01552500 0.77254902 0.00000000 0.10980392
v 0.02229940 0.02626810 0.01552500 0.77254902 0.00000000 0.10980392
v 0.02216455 0.02478740 0.01403817 0.77254902 0.00000000 0.10980392
v 0.02258175 0.02936844 0.02161183 0.77254902 0.00000000 0.10980392
v 0.02244690 0.02788774 0.02012500 0.77254902 0.00000000 0.10980392
v 0.02271659 0.03084914 0.02012500 0.77254902 0.00000000 0.10980392
v 0.02258175 0.02936844 0.01863817 0.77254902 0.00000000 0.10980392
v 0.02341613 0.03853052 0.02161183 0.77254902 0.00000000 0.10980392
v 0.02328128 0.03704982 0.02012500 0.77254902 0.00000000 0.10980392
v 0.02355097 0.04001122 0.02012500 0.77254902 0.00000000 0.10980392
v 0.02341613 0.03853052 0.01863817 0.77254902 0.00000000 0.10980392
v 0.02362472 0.04082104 0.01931183 0.77254902 0.00000000 0.10980392
v 0.02348988 0.03934034 0.01782500 0.77254902 0.00000000 0.10980392
v 0.02375957 0.04230174 0.01782500 0.77254902 0.00000000 0.10980392
v 0.02362472 0.04082104 0.01633817 0.77254902 0.00000000 0.10980392
v 0.02383332 0.04311156 0.01701183 0.77254902 0.00000000 0.10980392
v 0.02369847 0.04163087 0.01552500 0.77254902 0.00000000 0.10980392
v 0.02396817 0.04459227 0.01552500 0.77254902 0.00000000 0.10980392
v 0.02383332 0.04311156 0.01403817 0.77254902 0.00000000 0.10980392
v 0.02404192 0.04540209 0.01471183 0.77254902 0.00000000 0.10980392
v 0.02390707 0.04392139 0.01322500 0.77254902 0.00000000 0.10980392
v 0.02417676 0.04688279 0.01322500 0.77254902 0.00000000 0.10980392
v 0.02404192 0.04540209 0.01173817 0.77254902 0.00000000 0.10980392
v 0.02425051 0.04769261 0.01241183 0.77254902 0.00000000 0.10980392
v 0.02411567 0.04621191 0.01092500 0.77254902 0.00000000 0.10980392
v 0.02438536 0.04917331 0.01092500 0.77254902 0.00000000 0.10980392
v 0.02425051 0.04769261 0.00943817 0.77254902 0.00000000 0.10980392
v 0.02445911 0.04998313 0.00713817 0.77254902 0.00000000 0.10980392
v 0.02459395 0.05146383 0.00862500 0.77254902 0.00000000 0.10980392
v 0.02432426 0.04850243 0.00862500 0.77254902 0.00000000 0.10980392
v 0.02445911 0.04998313 0.01011183 0.77254902 0.00000000 0.10980392
v 0.02237315 0.02707792 0.01931183 0.77254902 0.00000000 0.10980392
v 0.02223830 0.02559722 0.01782500 0.77254902 0.00000000 0.10980392
v 0.02250800 0.02855862 0.01782500 0.77254902 0.00000000 0.10980392
v 0.02237315 0.02707792 0.01633817 0.77254902 0.00000000 0.10980392
v 0.02279034 0.03165896 0.01471183 0.77254902 0.00000000 0.10980392
v 0.02265550 0.03017826 0.01322500 0.77254902 0.00000000 0.10980392
v 0.02292519 0.03313966 0.01322500 0.77254902 0.00000000 0.10980392
v 0.02279034 0.03165896 0.01173817 0.77254902 0.00000000 0.10980392
v 0.02299894 0.03394948 0.01241183 0.77254902 0.00000000 0.10980392
v 0.02286409 0.03246878 0.01092500 0.77254902 0.00000000 0.10980392
v 0.02313378 0.03543018 0.01092500 0.77254902 0.00000000 0.10980392
v 0.02299894 0.03394948 0.00943817 0.77254902 0.00000000 0.10980392
v 0.02091298 0.01104427 0.01241183 0.77254902 0.00000000 0.10980392
v 0.02077814 0.00956357 0.01092500 0.77254902 0.00000000 0.10980392
v 0.02104783 0.01252497 0.01092500 0.77254902 0.00000000 0.10980392
v 0.02091298 0.01104427 0.00943817 0.77254902 0.00000000 0.10980392
v 0.02174736 0.02020635 0.02161183 0.77254902 0.00000000 0.10980392
v 0.02161252 0.01872565 0.02012500 0.77254902 0.00000000 0.10980392
v 0.02188221 0.02168705 0.02012500 0.77254902 0.00000000 0.10980392
v 0.02174736 0.02020635 0.01863817 0.77254902 0.00000000 0.10980392
v 0.02237315 0.02707792 0.01471183 0.77254902 0.00000000 0.10980392
v 0.02223830 0.02559722 0.01322500 0.77254902 0.00000000 0.10980392
v 0.02250800 0.02855862 0.01322500 0.77254902 0.00000000 0.10980392
v 0.02237315 0.02707792 0.01173817 0.77254902 0.00000000 0.10980392
v 0.02258175 0.02936844 0.01701183 0.77254902 0.00000000 0.10980392
v 0.02244690 0.02788774 0.01552500 0.77254902 0.00000000 0.10980392
v 0.02271659 0.03084914 0.01552500 0.77254902 0.00000000 0.10980392
v 0.02258175 0.02936844 0.01403817 0.77254902 0.00000000 0.10980392
v 0.02279034 0.03165896 0.01931183 0.77254902 0.00000000 0.10980392
v 0.02265550 0.03017826 0.01782500 0.77254902 0.00000000 0.10980392
v 0.02292519 0.03313966 0.01782500 0.77254902 0.00000000 0.10980392
v 0.02279034 0.03165896 0.01633817 0.77254902 0.00000000 0.10980392
v 0.02299894 0.03394948 0.02161183 0.77254902 0.00000000 0.10980392
v 0.02286409 0.03246878 0.02012500 0.77254902 0.00000000 0.10980392
v 0.02313378 0.03543018 0.02012500 0.77254902 0.00000000 0.10980392
v 0.02299894 0.03394948 0.01863817 0.77254902 0.00000000 0.10980392
v 0.01987000 -0.00040834 0.01633817 0.77254902 0.00000000 0.10980392
v 0.02000485 0.00107236 0.01782500 0.77254902 0.00000000 0.10980392
v 0.01973516 -0.00188904 0.01782500 0.77254902 0.00000000 0.10980392
v 0.01987000 -0.00040834 0.01931183 0.77254902 0.00000000 0.10980392
v 0.02049579 0.00646322 0.00943817 0.77254902 0.00000000 0.10980392
v 0.02063064 0.00794392 0.01092500 0.77254902 0.00000000 0.10980392
v 0.02036094 0.00498252 0.01092500 0.77254902 0.00000000 0.10980392
v 0.02049579 0.00646322 0.01241183 0.77254902 0.00000000 0.10980392
v 0.02070439 0.00875375 0.01471183 0.77254902 0.00000000 0.10980392
v 0.02056954 0.00727305 0.01322500 0.77254902 0.00000000 0.10980392
v 0.02083923 0.01023445 0.01322500 0.77254902 0.00000000 0.10980392
v 0.02070439 0.00875375 0.01173817 0.77254902 0.00000000 0.10980392
v 0.02112158 0.01333479 0.01931183 0.77254902 0.00000000 0.10980392
v 0.02098673 0.01185409 0.01782500 0.77254902 0.00000000 0.10980392
v 0.02125642 0.01481549 0.01782500 0.77254902 0.00000000 0.10980392
v 0.02112158 0.01333479 0.01633817 0.77254902 0.00000000 0.10980392
v 0.02133017 0.01562531 0.01701183 0.77254902 0.00000000 0.10980392
v 0.02119533 0.01414461 0.01552500 0.77254902 0.00000000 0.10980392
v 0.02146502 0.01710601 0.01552500 0.77254902 0.00000000 0.10980392
v 0.02133017 0.01562531 0.01403817 0.77254902 0.00000000 0.10980392
v 0.02174736 0.02020635 0.01241183 0.77254902 0.00000000 0.10980392
v 0.02161252 0.01872565 0.01092500 0.77254902 0.00000000 0.10980392
v 0.02188221 0.02168705 0.01092500 0.77254902 0.00000000 0.10980392
v 0.02174736 0.02020635 0.00943817 0.77254902 0.00000000 0.10980392
v 0.02133017 0.01562531 0.02161183 0.77254902 0.00000000 0.10980392
v 0.02119533 0.01414461 0.02012500 0.77254902 0.00000000 0.10980392
v 0.02146502 0.01710601 0.02012500 0.77254902 0.00000000 0.10980392
v 0.02133017 0.01562531 0.01863817 0.77254902 0.00000000 0.10980392
v 0.02153877 0.01791583 0.01931183 0.77254902 0.00000000 0.10980392
v 0.02140392 0.01643513 0.01782500 0.77254902 0.00000000 0.10980392
v 0.02167361 0.01939653 0.01782500 0.77254902 0.00000000 0.10980392
v 0.02153877 0.01791583 0.01633817 0.77254902 0.00000000 0.10980392
v 0.02195596 0.02249687 0.01471183 0.77254902 0.00000000 0.10980392
v 0.02182111 0.02101617 0.01322500 0.77254902 0.00000000 0.10980392
v 0.02209081 0.02397757 0.01322500 0.77254902 0.00000000 0.10980392
v 0.02195596 0.02249687 0.01173817 0.77254902 0.00000000 0.10980392
v 0.02216455 0.02478740 0.01241183 0.77254902 0.00000000 0.10980392
v 0.02202971 0.02330670 0.01092500 0.77254902 0.00000000 0.10980392
v 0.02229940 0.02626810 0.01092500 0.77254902 0.00000000 0.10980392
v 0.02216455 0.02478740 0.00943817 0.77254902 0.00000000 0.10980392
v 0.02153877 0.01791583 0.01471183 0.77254902 0.00000000 0.10980392
v 0.02140392 0.01643513 0.01322500 0.77254902 0.00000000 0.10980392
v 0.02167361 0.01939653 0.01322500 0.77254902 0.00000000 0.10980392
v 0.02153877 0.01791583 0.01173817 0.77254902 0.00000000 0.10980392
v 0.02174736 0.02020635 0.01701183 0.77254902 0.00000000 0.10980392
v 0.02161252 0.01872565 0.01552500 0.77254902 0.00000000 0.10980392
v 0.02188221 0.02168705 0.01552500 0.77254902 0.00000000 0.10980392
v 0.02174736 0.02020635 0.01403817 0.77254902 0.00000000 0.10980392
v 0.02195596 0.02249687 0.01931183 0.77254902 0.00000000 0.10980392
v 0.02182111 0.02101617 0.01782500 0.77254902 0.00000000 0.10980392
v 0.02209081 0.02397757 0.01782500 0.77254902 0.00000000 0.10980392
v 0.02195596 0.02249687 0.01633817 0.77254902 0.00000000 0.10980392
v 0.02216455 0.02478740 0.02161183 0.77254902 0.00000000 0.10980392
v 0.02202971 0.02330670 0.02012500 0.77254902 0.00000000 0.10980392
v 0.02229940 0.02626810 0.02012500 0.77254902 0.00000000 0.10980392
v 0.02216455 0.02478740 0.01863817 0.77254902 0.00000000 0.10980392
v 0.02028719 0.00417270 0.01173817 0.77254902 0.00000000 0.10980392
v 0.02042204 0.00565340 0.01322500 0.77254902 0.00000000 0.10980392
v 0.02015235 0.00269200 0.01322500 0.77254902 0.00000000 0.10980392
v 0.02028719 0.00417270 0.01471183 0.77254902 0.00000000 0.10980392
v 0.02049579 0.00646322 0.01701183 0.77254902 0.00000000 0.10980392
v 0.02036094 0.00498252 0.01552500 0.77254902 0.00000000 0.10980392
v 0.02063064 0.00794392 0.01552500 0.77254902 0.00000000 0.10980392
v 0.02049579 0.00646322 0.01403817 0.77254902 0.00000000 0.10980392
v 0.02091298 0.01104427 0.02161183 0.77254902 0.00000000 0.10980392
v 0.02077814 0.00956357 0.02012500 0.77254902 0.00000000 0.10980392
v 0.02104783 0.01252497 0.02012500 0.77254902 0.00000000 0.10980392
v 0.02091298 0.01104427 0.01863817 0.77254902 0.00000000 0.10980392
v 0.02070439 0.00875375 0.01931183 0.77254902 0.00000000 0.10980392
v 0.02056954 0.00727305 0.01782500 0.77254902 0.00000000 0.10980392
v 0.02083923 0.01023445 0.01782500 0.77254902 0.00000000 0.10980392
v 0.02070439 0.00875375 0.01633817 0.77254902 0.00000000 0.10980392
v 0.02091298 0.01104427 0.01701183 0.77254902 0.00000000 0.10980392
v 0.02077814 0.00956357 0.01552500 0.77254902 0.00000000 0.10980392
v 0.02104783 0.01252497 0.01552500 0.77254902 0.00000000 0.10980392
v 0.02091298 0.01104427 0.01403817 0.77254902 0.00000000 0.10980392
v 0.02112158 0.01333479 0.01471183 0.77254902 0.00000000 0.10980392
v 0.02098673 0.01185409 0.01322500 0.77254902 0.00000000 0.10980392
v 0.02125642 0.01481549 0.01322500 0.77254902 0.00000000 0.10980392
v 0.02112158 0.01333479 0.01173817 0.77254902 0.00000000 0.10980392
v 0.02133017 0.01562531 0.01241183 0.77254902 0.00000000 0.10980392
v 0.02119533 0.01414461 0.01092500 0.77254902 0.00000000 0.10980392
v 0.02146502 0.01710601 0.01092500 0.77254902 0.00000000 0.10980392
v 0.02133017 0.01562531 0.00943817 0.77254902 0.00000000 0.10980392
v 0.02007860 0.00188218 0.01403817 0.77254902 0.00000000 0.10980392
v 0.02021344 0.00336288 0.01552500 0.77254902 0.00000000 0.10980392
v 0.01994375 0.00040148 0.01552500 0.77254902 0.00000000 0.10980392
v 0.02007860 0.00188218 0.01701183 0.77254902 0.00000000 0.10980392
v 0.02028719 0.00417270 0.01931183 0.77254902 0.00000000 0.10980392
v 0.02015235 0.00269200 0.01782500 0.77254902 0.00000000 0.10980392
v 0.02042204 0.00565340 0.01782500 0.77254902 0.00000000 0.10980392
v 0.02028719 0.00417270 0.01633817 0.77254902 0.00000000 0.10980392
v 0.02049579 0.00646322 0.01863817 0.77254902 0.00000000 0.10980392
v 0.02063064 0.00794392 0.02012500 0.77254902 0.00000000 0.10980392
v 0.02036094 0.00498252 0.02012500 0.77254902 0.00000000 0.10980392
v 0.02049579 0.00646322 0.02161183 0.77254902 0.00000000 0.10980392
v 0.01987000 -0.00040834 0.01471183 0.77254902 0.00000000 0.10980392
v 0.01973516 -0.00188904 0.01322500 0.77254902 0.00000000 0.10980392
v 0.02000485 0.00107236 0.01322500 0.77254902 0.00000000 0.10980392
v 0.01987000 -0.00040834 0.01173817 0.77254902 0.00000000 0.10980392
v 0.02007860 0.00188218 0.01241183 0.77254902 0.00000000 0.10980392
v 0.01994375 0.00040148 0.01092500 0.77254902 0.00000000 0.10980392
v 0.02021344 0.00336288 0.01092500 0.77254902 0.00000000 0.10980392
v 0.02007860 0.00188218 0.00943817 0.77254902 0.00000000 0.10980392
v 0.01979625 -0.00121816 0.02012500 0.77254902 0.00000000 0.10980392
v 0.01966063 -0.00270740 0.01864675 0.77254902 0.00000000 0.10980392
v 0.01966141 -0.00269886 0.01863817 0.77254902 0.00000000 0.10980392
v 0.01966063 -0.00270740 0.02162040 0.77254902 0.00000000 0.10980392
v 0.01966063 -0.00270740 0.01404675 0.77254902 0.00000000 0.10980392
v 0.01979625 -0.00121816 0.01552500 0.77254902 0.00000000 0.10980392
v 0.01966063 -0.00270740 0.01700325 0.77254902 0.00000000 0.10980392
v 0.01966141 -0.00269886 0.01403817 0.77254902 0.00000000 0.10980392
v 0.01966141 -0.00269886 0.01701183 0.77254902 0.00000000 0.10980392
v 0.01979625 -0.00121816 0.01092500 0.77254902 0.00000000 0.10980392
v 0.01966063 -0.00270740 0.01240325 0.77254902 0.00000000 0.10980392
v 0.01966063 -0.00270740 0.00942960 0.77254902 0.00000000 0.10980392
v 0.01966141 -0.00269886 0.01241183 0.77254902 0.00000000 0.10980392
v 0.02596955 0.06656886 0.01185746 0.77254902 0.00000000 0.10980392
v 0.02591928 0.06601678 0.01241183 0.77254902 0.00000000 0.10980392
v 0.02596955 0.06656886 0.00999254 0.77254902 0.00000000 0.10980392
v 0.02578443 0.06453608 0.01092500 0.77254902 0.00000000 0.10980392
v 0.02591928 0.06601678 0.00943817 0.77254902 0.00000000 0.10980392
v 0.02596955 0.06656886 0.01645746 0.77254902 0.00000000 0.10980392
v 0.02591928 0.06601678 0.01701183 0.77254902 0.00000000 0.10980392
v 0.02596955 0.06656886 0.01459254 0.77254902 0.00000000 0.10980392
v 0.02578443 0.06453608 0.01552500 0.77254902 0.00000000 0.10980392
v 0.02591928 0.06601678 0.01403817 0.77254902 0.00000000 0.10980392
v 0.02596955 0.06656886 0.02105746 0.77254902 0.00000000 0.10980392
v 0.02591928 0.06601678 0.02161183 0.77254902 0.00000000 0.10980392
v 0.02596955 0.06656886 0.01919254 0.77254902 0.00000000 0.10980392
v 0.02578443 0.06453608 0.02012500 0.77254902 0.00000000 0.10980392
v 0.02591928 0.06601678 0.01863817 0.77254902 0.00000000 0.10980392
v 0.02628331 0.06367411 0.01173817 0.77254902 0.00000000 0.10980392
v 0.02641816 0.06515481 0.01322500 0.77254902 0.00000000 0.10980392
v 0.02628331 0.06367411 0.01471183 0.77254902 0.00000000 0.10980392
v 0.02614846 0.06219341 0.01322500 0.77254902 0.00000000 0.10980392
v 0.02573127 0.05761237 0.00862500 0.77254902 0.00000000 0.10980392
v 0.02586612 0.05909307 0.01011183 0.77254902 0.00000000 0.10980392
v 0.02586612 0.05909307 0.00713817 0.77254902 0.00000000 0.10980392
v 0.02600097 0.06057376 0.00862500 0.77254902 0.00000000 0.10980392
v 0.02461455 0.04534994 0.02093817 0.77254902 0.00000000 0.10980392
v 0.02474939 0.04683064 0.02242500 0.77254902 0.00000000 0.10980392
v 0.02461455 0.04534994 0.02391183 0.77254902 0.00000000 0.10980392
v 0.02447970 0.04386924 0.02242500 0.77254902 0.00000000 0.10980392
v 0.02385391 0.03699767 0.01552500 0.77254902 0.00000000 0.10980392
v 0.02398876 0.03847837 0.01701183 0.77254902 0.00000000 0.10980392
v 0.02398876 0.03847837 0.01403817 0.77254902 0.00000000 0.10980392
v 0.02412361 0.03995907 0.01552500 0.77254902 0.00000000 0.10980392
v 0.02419736 0.04076889 0.01173817 0.77254902 0.00000000 0.10980392
v 0.02433220 0.04224960 0.01322500 0.77254902 0.00000000 0.10980392
v 0.02419736 0.04076889 0.01471183 0.77254902 0.00000000 0.10980392
v 0.02406251 0.03928820 0.01322500 0.77254902 0.00000000 0.10980392
v 0.02482314 0.04764046 0.01863817 0.77254902 0.00000000 0.10980392
v 0.02495799 0.04912116 0.02012500 0.77254902 0.00000000 0.10980392
v 0.02482314 0.04764046 0.02161183 0.77254902 0.00000000 0.10980392
v 0.02468830 0.04615976 0.02012500 0.77254902 0.00000000 0.10980392
v 0.02565752 0.05680254 0.00943817 0.77254902 0.00000000 0.10980392
v 0.02579237 0.05828325 0.01092500 0.77254902 0.00000000 0.10980392
v 0.02565752 0.05680254 0.01241183 0.77254902 0.00000000 0.10980392
v 0.02552268 0.05532185 0.01092500 0.77254902 0.00000000 0.10980392
v 0.02607471 0.06138359 0.01403817 0.77254902 0.00000000 0.10980392
v 0.02620956 0.06286429 0.01552500 0.77254902 0.00000000 0.10980392
v 0.02607471 0.06138359 0.01701183 0.77254902 0.00000000 0.10980392
v 0.02593987 0.05990289 0.01552500 0.77254902 0.00000000 0.10980392
v 0.02614846 0.06219341 0.01782500 0.77254902 0.00000000 0.10980392
v 0.02628331 0.06367411 0.01931183 0.77254902 0.00000000 0.10980392
v 0.02628331 0.06367411 0.01633817 0.77254902 0.00000000 0.10980392
v 0.02641816 0.06515481 0.01782500 0.77254902 0.00000000 0.10980392
v 0.02378016 0.03618785 0.01633817 0.77254902 0.00000000 0.10980392
v 0.02391501 0.03766855 0.01782500 0.77254902 0.00000000 0.10980392
v 0.02378016 0.03618785 0.01931183 0.77254902 0.00000000 0.10980392
v 0.02364532 0.03470715 0.01782500 0.77254902 0.00000000 0.10980392
v 0.02503174 0.04993098 0.02391183 0.77254902 0.00000000 0.10980392
v 0.02516658 0.05141168 0.02242500 0.77254902 0.00000000 0.10980392
v 0.02489689 0.04845028 0.02242500 0.77254902 0.00000000 0.10980392
v 0.02503174 0.04993098 0.02093817 0.77254902 0.00000000 0.10980392
v 0.02586612 0.05909307 0.01471183 0.77254902 0.00000000 0.10980392
v 0.02600097 0.06057376 0.01322500 0.77254902 0.00000000 0.10980392
v 0.02573127 0.05761237 0.01322500 0.77254902 0.00000000 0.10980392
v 0.02586612 0.05909307 0.01173817 0.77254902 0.00000000 0.10980392
v 0.02607471 0.06138359 0.01241183 0.77254902 0.00000000 0.10980392
v 0.02620956 0.06286429 0.01092500 0.77254902 0.00000000 0.10980392
v 0.02593987 0.05990289 0.01092500 0.77254902 0.00000000 0.10980392
v 0.02607471 0.06138359 0.00943817 0.77254902 0.00000000 0.10980392
v 0.02065123 0.00183003 0.02161183 0.77254902 0.00000000 0.10980392
v 0.02078608 0.00331073 0.02012500 0.77254902 0.00000000 0.10980392
v 0.02051638 0.00034933 0.02012500 0.77254902 0.00000000 0.10980392
v 0.02065123 0.00183003 0.01863817 0.77254902 0.00000000 0.10980392
v 0.02406251 0.03928820 0.02242500 0.77254902 0.00000000 0.10980392
v 0.02419736 0.04076889 0.02391183 0.77254902 0.00000000 0.10980392
v 0.02419736 0.04076889 0.02093817 0.77254902 0.00000000 0.10980392
v 0.02433220 0.04224960 0.02242500 0.77254902 0.00000000 0.10980392
v 0.02427110 0.04157872 0.02012500 0.77254902 0.00000000 0.10980392
v 0.02440595 0.04305942 0.02161183 0.77254902 0.00000000 0.10980392
v 0.02440595 0.04305942 0.01863817 0.77254902 0.00000000 0.10980392
v 0.02454080 0.04454012 0.02012500 0.77254902 0.00000000 0.10980392
v 0.02447970 0.04386924 0.01782500 0.77254902 0.00000000 0.10980392
v 0.02461455 0.04534994 0.01931183 0.77254902 0.00000000 0.10980392
v 0.02461455 0.04534994 0.01633817 0.77254902 0.00000000 0.10980392
v 0.02474939 0.04683064 0.01782500 0.77254902 0.00000000 0.10980392
v 0.02531408 0.05303132 0.00862500 0.77254902 0.00000000 0.10980392
v 0.02544893 0.05451202 0.01011183 0.77254902 0.00000000 0.10980392
v 0.02544893 0.05451202 0.00713817 0.77254902 0.00000000 0.10980392
v 0.02558377 0.05599272 0.00862500 0.77254902 0.00000000 0.10980392
v 0.02461455 0.04534994 0.01011183 0.77254902 0.00000000 0.10980392
v 0.02474939 0.04683064 0.00862500 0.77254902 0.00000000 0.10980392
v 0.02447970 0.04386924 0.00862500 0.77254902 0.00000000 0.10980392
v 0.02461455 0.04534994 0.00713817 0.77254902 0.00000000 0.10980392
v 0.02503174 0.04993098 0.01471183 0.77254902 0.00000000 0.10980392
v 0.02516658 0.05141168 0.01322500 0.77254902 0.00000000 0.10980392
v 0.02489689 0.04845028 0.01322500 0.77254902 0.00000000 0.10980392
v 0.02503174 0.04993098 0.01173817 0.77254902 0.00000000 0.10980392
v 0.02524033 0.05222150 0.01701183 0.77254902 0.00000000 0.10980392
v 0.02537518 0.05370220 0.01552500 0.77254902 0.00000000 0.10980392
v 0.02510549 0.05074080 0.01552500 0.77254902 0.00000000 0.10980392
v 0.02524033 0.05222150 0.01403817 0.77254902 0.00000000 0.10980392
v 0.02544893 0.05451202 0.01931183 0.77254902 0.00000000 0.10980392
v 0.02558377 0.05599272 0.01782500 0.77254902 0.00000000 0.10980392
v 0.02531408 0.05303132 0.01782500 0.77254902 0.00000000 0.10980392
v 0.02544893 0.05451202 0.01633817 0.77254902 0.00000000 0.10980392
v 0.02565752 0.05680254 0.02161183 0.77254902 0.00000000 0.10980392
v 0.02579237 0.05828325 0.02012500 0.77254902 0.00000000 0.10980392
v 0.02552268 0.05532185 0.02012500 0.77254902 0.00000000 0.10980392
v 0.02565752 0.05680254 0.01863817 0.77254902 0.00000000 0.10980392
v 0.02586612 0.05909307 0.02391183 0.77254902 0.00000000 0.10980392
v 0.02600097 0.06057376 0.02242500 0.77254902 0.00000000 0.10980392
v 0.02573127 0.05761237 0.02242500 0.77254902 0.00000000 0.10980392
v 0.02586612 0.05909307 0.02093817 0.77254902 0.00000000 0.10980392
v 0.02343672 0.03241663 0.01552500 0.77254902 0.00000000 0.10980392
v 0.02357157 0.03389733 0.01701183 0.77254902 0.00000000 0.10980392
v 0.02357157 0.03389733 0.01403817 0.77254902 0.00000000 0.10980392
v 0.02370641 0.03537803 0.01552500 0.77254902 0.00000000 0.10980392
v 0.02364532 0.03470715 0.01322500 0.77254902 0.00000000 0.10980392
v 0.02378016 0.03618785 0.01471183 0.77254902 0.00000000 0.10980392
v 0.02378016 0.03618785 0.01173817 0.77254902 0.00000000 0.10980392
v 0.02391501 0.03766855 0.01322500 0.77254902 0.00000000 0.10980392
v 0.02385391 0.03699767 0.01092500 0.77254902 0.00000000 0.10980392
v 0.02398876 0.03847837 0.01241183 0.77254902 0.00000000 0.10980392
v 0.02398876 0.03847837 0.00943817 0.77254902 0.00000000 0.10980392
v 0.02412361 0.03995907 0.01092500 0.77254902 0.00000000 0.10980392
v 0.02628331 0.06367411 0.00713817 0.77254902 0.00000000 0.10980392
v 0.02641816 0.06515481 0.00862500 0.77254902 0.00000000 0.10980392
v 0.02628331 0.06367411 0.01011183 0.77254902 0.00000000 0.10980392
v 0.02614846 0.06219341 0.00862500 0.77254902 0.00000000 0.10980392
v 0.02524033 0.05222150 0.00943817 0.77254902 0.00000000 0.10980392
v 0.02537518 0.05370220 0.01092500 0.77254902 0.00000000 0.10980392
v 0.02524033 0.05222150 0.01241183 0.77254902 0.00000000 0.10980392
v 0.02510549 0.05074080 0.01092500 0.77254902 0.00000000 0.10980392
v 0.02544893 0.05451202 0.01173817 0.77254902 0.00000000 0.10980392
v 0.02558377 0.05599272 0.01322500 0.77254902 0.00000000 0.10980392
v 0.02544893 0.05451202 0.01471183 0.77254902 0.00000000 0.10980392
v 0.02531408 0.05303132 0.01322500 0.77254902 0.00000000 0.10980392
v 0.02565752 0.05680254 0.01403817 0.77254902 0.00000000 0.10980392
v 0.02579237 0.05828325 0.01552500 0.77254902 0.00000000 0.10980392
v 0.02565752 0.05680254 0.01701183 0.77254902 0.00000000 0.10980392
v 0.02552268 0.05532185 0.01552500 0.77254902 0.00000000 0.10980392
v 0.02586612 0.05909307 0.01633817 0.77254902 0.00000000 0.10980392
v 0.02600097 0.06057376 0.01782500 0.77254902 0.00000000 0.10980392
v 0.02586612 0.05909307 0.01931183 0.77254902 0.00000000 0.10980392
v 0.02573127 0.05761237 0.01782500 0.77254902 0.00000000 0.10980392
v 0.02607471 0.06138359 0.01863817 0.77254902 0.00000000 0.10980392
v 0.02620956 0.06286429 0.02012500 0.77254902 0.00000000 0.10980392
v 0.02607471 0.06138359 0.02161183 0.77254902 0.00000000 0.10980392
v 0.02593987 0.05990289 0.02012500 0.77254902 0.00000000 0.10980392
v 0.02628331 0.06367411 0.02093817 0.77254902 0.00000000 0.10980392
v 0.02641816 0.06515481 0.02242500 0.77254902 0.00000000 0.10980392
v 0.02628331 0.06367411 0.02391183 0.77254902 0.00000000 0.10980392
v 0.02614846 0.06219341 0.02242500 0.77254902 0.00000000 0.10980392
v 0.02301953 0.02783559 0.01092500 0.77254902 0.00000000 0.10980392
v 0.02315438 0.02931629 0.01241183 0.77254902 0.00000000 0.10980392
v 0.02315438 0.02931629 0.00943817 0.77254902 0.00000000 0.10980392
v 0.02328922 0.03079699 0.01092500 0.77254902 0.00000000 0.10980392
v 0.02419736 0.04076889 0.00713817 0.77254902 0.00000000 0.10980392
v 0.02433220 0.04224960 0.00862500 0.77254902 0.00000000 0.10980392
v 0.02419736 0.04076889 0.01011183 0.77254902 0.00000000 0.10980392
v 0.02406251 0.03928820 0.00862500 0.77254902 0.00000000 0.10980392
v 0.02440595 0.04305942 0.00943817 0.77254902 0.00000000 0.10980392
v 0.02454080 0.04454012 0.01092500 0.77254902 0.00000000 0.10980392
v 0.02440595 0.04305942 0.01241183 0.77254902 0.00000000 0.10980392
v 0.02427110 0.04157872 0.01092500 0.77254902 0.00000000 0.10980392
v 0.02482314 0.04764046 0.01403817 0.77254902 0.00000000 0.10980392
v 0.02495799 0.04912116 0.01552500 0.77254902 0.00000000 0.10980392
v 0.02482314 0.04764046 0.01701183 0.77254902 0.00000000 0.10980392
v 0.02468830 0.04615976 0.01552500 0.77254902 0.00000000 0.10980392
v 0.02503174 0.04993098 0.01633817 0.77254902 0.00000000 0.10980392
v 0.02516658 0.05141168 0.01782500 0.77254902 0.00000000 0.10980392
v 0.02503174 0.04993098 0.01931183 0.77254902 0.00000000 0.10980392
v 0.02489689 0.04845028 0.01782500 0.77254902 0.00000000 0.10980392
v 0.02524033 0.05222150 0.01863817 0.77254902 0.00000000 0.10980392
v 0.02537518 0.05370220 0.02012500 0.77254902 0.00000000 0.10980392
v 0.02524033 0.05222150 0.02161183 0.77254902 0.00000000 0.10980392
v 0.02510549 0.05074080 0.02012500 0.77254902 0.00000000 0.10980392
v 0.02544893 0.05451202 0.02093817 0.77254902 0.00000000 0.10980392
v 0.02558377 0.05599272 0.02242500 0.77254902 0.00000000 0.10980392
v 0.02544893 0.05451202 0.02391183 0.77254902 0.00000000 0.10980392
v 0.02531408 0.05303132 0.02242500 0.77254902 0.00000000 0.10980392
v 0.02273718 0.02473525 0.01701183 0.77254902 0.00000000 0.10980392
v 0.02287203 0.02621595 0.01552500 0.77254902 0.00000000 0.10980392
v 0.02260234 0.02325455 0.01552500 0.77254902 0.00000000 0.10980392
v 0.02273718 0.02473525 0.01403817 0.77254902 0.00000000 0.10980392
v 0.02315438 0.02931629 0.02161183 0.77254902 0.00000000 0.10980392
v 0.02328922 0.03079699 0.02012500 0.77254902 0.00000000 0.10980392
v 0.02301953 0.02783559 0.02012500 0.77254902 0.00000000 0.10980392
v 0.02315438 0.02931629 0.01863817 0.77254902 0.00000000 0.10980392
v 0.02398876 0.03847837 0.02161183 0.77254902 0.00000000 0.10980392
v 0.02412361 0.03995907 0.02012500 0.77254902 0.00000000 0.10980392
v 0.02385391 0.03699767 0.02012500 0.77254902 0.00000000 0.10980392
v 0.02398876 0.03847837 0.01863817 0.77254902 0.00000000 0.10980392
v 0.02419736 0.04076889 0.01931183 0.77254902 0.00000000 0.10980392
v 0.02433220 0.04224960 0.01782500 0.77254902 0.00000000 0.10980392
v 0.02406251 0.03928820 0.01782500 0.77254902 0.00000000 0.10980392
v 0.02419736 0.04076889 0.01633817 0.77254902 0.00000000 0.10980392
v 0.02440595 0.04305942 0.01701183 0.77254902 0.00000000 0.10980392
v 0.02454080 0.04454012 0.01552500 0.77254902 0.00000000 0.10980392
v 0.02427110 0.04157872 0.01552500 0.77254902 0.00000000 0.10980392
v 0.02440595 0.04305942 0.01403817 0.77254902 0.00000000 0.10980392
v 0.02461455 0.04534994 0.01471183 0.77254902 0.00000000 0.10980392
v 0.02474939 0.04683064 0.01322500 0.77254902 0.00000000 0.10980392
v 0.02447970 0.04386924 0.01322500 0.77254902 0.00000000 0.10980392
v 0.02461455 0.04534994 0.01173817 0.77254902 0.00000000 0.10980392
v 0.02482314 0.04764046 0.01241183 0.77254902 0.00000000 0.10980392
v 0.02495799 0.04912116 0.01092500 0.77254902 0.00000000 0.10980392
v 0.02468830 0.04615976 0.01092500 0.77254902 0.00000000 0.10980392
v 0.02482314 0.04764046 0.00943817 0.77254902 0.00000000 0.10980392
v 0.02503174 0.04993098 0.01011183 0.77254902 0.00000000 0.10980392
v 0.02516658 0.05141168 0.00862500 0.77254902 0.00000000 0.10980392
v 0.02489689 0.04845028 0.00862500 0.77254902 0.00000000 0.10980392
v 0.02503174 0.04993098 0.00713817 0.77254902 0.00000000 0.10980392
v 0.02281093 0.02554507 0.01782500 0.77254902 0.00000000 0.10980392
v 0.02294578 0.02702577 0.01931183 0.77254902 0.00000000 0.10980392
v 0.02294578 0.02702577 0.01633817 0.77254902 0.00000000 0.10980392
v 0.02308063 0.02850647 0.01782500 0.77254902 0.00000000 0.10980392
v 0.02322813 0.03012611 0.01322500 0.77254902 0.00000000 0.10980392
v 0.02336297 0.03160681 0.01471183 0.77254902 0.00000000 0.10980392
v 0.02336297 0.03160681 0.01173817 0.77254902 0.00000000 0.10980392
v 0.02349782 0.03308751 0.01322500 0.77254902 0.00000000 0.10980392
v 0.02343672 0.03241663 0.01092500 0.77254902 0.00000000 0.10980392
v 0.02357157 0.03389733 0.01241183 0.77254902 0.00000000 0.10980392
v 0.02357157 0.03389733 0.00943817 0.77254902 0.00000000 0.10980392
v 0.02370641 0.03537803 0.01092500 0.77254902 0.00000000 0.10980392
v 0.02148561 0.01099212 0.01241183 0.77254902 0.00000000 0.10980392
v 0.02162046 0.01247282 0.01092500 0.77254902 0.00000000 0.10980392
v 0.02135077 0.00951142 0.01092500 0.77254902 0.00000000 0.10980392
v 0.02148561 0.01099212 0.00943817 0.77254902 0.00000000 0.10980392
v 0.02231999 0.02015420 0.02161183 0.77254902 0.00000000 0.10980392
v 0.02245484 0.02163490 0.02012500 0.77254902 0.00000000 0.10980392
v 0.02218515 0.01867350 0.02012500 0.77254902 0.00000000 0.10980392
v 0.02231999 0.02015420 0.01863817 0.77254902 0.00000000 0.10980392
v 0.02294578 0.02702577 0.01173817 0.77254902 0.00000000 0.10980392
v 0.02308063 0.02850647 0.01322500 0.77254902 0.00000000 0.10980392
v 0.02294578 0.02702577 0.01471183 0.77254902 0.00000000 0.10980392
v 0.02281093 0.02554507 0.01322500 0.77254902 0.00000000 0.10980392
v 0.02315438 0.02931629 0.01403817 0.77254902 0.00000000 0.10980392
v 0.02328922 0.03079699 0.01552500 0.77254902 0.00000000 0.10980392
v 0.02315438 0.02931629 0.01701183 0.77254902 0.00000000 0.10980392
v 0.02301953 0.02783559 0.01552500 0.77254902 0.00000000 0.10980392
v 0.02336297 0.03160681 0.01633817 0.77254902 0.00000000 0.10980392
v 0.02349782 0.03308751 0.01782500 0.77254902 0.00000000 0.10980392
v 0.02336297 0.03160681 0.01931183 0.77254902 0.00000000 0.10980392
v 0.02322813 0.03012611 0.01782500 0.77254902 0.00000000 0.10980392
v 0.02357157 0.03389733 0.01863817 0.77254902 0.00000000 0.10980392
v 0.02370641 0.03537803 0.02012500 0.77254902 0.00000000 0.10980392
v 0.02357157 0.03389733 0.02161183 0.77254902 0.00000000 0.10980392
v 0.02343672 0.03241663 0.02012500 0.77254902 0.00000000 0.10980392
v 0.02030779 -0.00194119 0.01782500 0.77254902 0.00000000 0.10980392
v 0.02044263 -0.00046049 0.01931183 0.77254902 0.00000000 0.10980392
v 0.02044263 -0.00046049 0.01633817 0.77254902 0.00000000 0.10980392
v 0.02057748 0.00102021 0.01782500 0.77254902 0.00000000 0.10980392
v 0.02106842 0.00641108 0.00943817 0.77254902 0.00000000 0.10980392
v 0.02120327 0.00789178 0.01092500 0.77254902 0.00000000 0.10980392
v 0.02106842 0.00641108 0.01241183 0.77254902 0.00000000 0.10980392
v 0.02093357 0.00493038 0.01092500 0.77254902 0.00000000 0.10980392
v 0.02127702 0.00870160 0.01173817 0.77254902 0.00000000 0.10980392
v 0.02141186 0.01018230 0.01322500 0.77254902 0.00000000 0.10980392
v 0.02127702 0.00870160 0.01471183 0.77254902 0.00000000 0.10980392
v 0.02114217 0.00722090 0.01322500 0.77254902 0.00000000 0.10980392
v 0.02155936 0.01180194 0.01782500 0.77254902 0.00000000 0.10980392
v 0.02169421 0.01328264 0.01931183 0.77254902 0.00000000 0.10980392
v 0.02169421 0.01328264 0.01633817 0.77254902 0.00000000 0.10980392
v 0.02182905 0.01476334 0.01782500 0.77254902 0.00000000 0.10980392
v 0.02176796 0.01409246 0.01552500 0.77254902 0.00000000 0.10980392
v 0.02190280 0.01557316 0.01701183 0.77254902 0.00000000 0.10980392
v 0.02190280 0.01557316 0.01403817 0.77254902 0.00000000 0.10980392
v 0.02203765 0.01705386 0.01552500 0.77254902 0.00000000 0.10980392
v 0.02218515 0.01867350 0.01092500 0.77254902 0.00000000 0.10980392
v 0.02231999 0.02015420 0.01241183 0.77254902 0.00000000 0.10980392
v 0.02231999 0.02015420 0.00943817 0.77254902 0.00000000 0.10980392
v 0.02245484 0.02163490 0.01092500 0.77254902 0.00000000 0.10980392
v 0.02176796 0.01409246 0.02012500 0.77254902 0.00000000 0.10980392
v 0.02190280 0.01557316 0.02161183 0.77254902 0.00000000 0.10980392
v 0.02190280 0.01557316 0.01863817 0.77254902 0.00000000 0.10980392
v 0.02203765 0.01705386 0.02012500 0.77254902 0.00000000 0.10980392
v 0.02197655 0.01638298 0.01782500 0.77254902 0.00000000 0.10980392
v 0.02211140 0.01786368 0.01931183 0.77254902 0.00000000 0.10980392
v 0.02211140 0.01786368 0.01633817 0.77254902 0.00000000 0.10980392
v 0.02224624 0.01934438 0.01782500 0.77254902 0.00000000 0.10980392
v 0.02239374 0.02096403 0.01322500 0.77254902 0.00000000 0.10980392
v 0.02252859 0.02244473 0.01471183 0.77254902 0.00000000 0.10980392
v 0.02252859 0.02244473 0.01173817 0.77254902 0.00000000 0.10980392
v 0.02266343 0.02392542 0.01322500 0.77254902 0.00000000 0.10980392
v 0.02260234 0.02325455 0.01092500 0.77254902 0.00000000 0.10980392
v 0.02273718 0.02473525 0.01241183 0.77254902 0.00000000 0.10980392
v 0.02273718 0.02473525 0.00943817 0.77254902 0.00000000 0.10980392
v 0.02287203 0.02621595 0.01092500 0.77254902 0.00000000 0.10980392
v 0.02211140 0.01786368 0.01173817 0.77254902 0.00000000 0.10980392
v 0.02224624 0.01934438 0.01322500 0.77254902 0.00000000 0.10980392
v 0.02211140 0.01786368 0.01471183 0.77254902 0.00000000 0.10980392
v 0.02197655 0.01638298 0.01322500 0.77254902 0.00000000 0.10980392
v 0.02231999 0.02015420 0.01403817 0.77254902 0.00000000 0.10980392
v 0.02245484 0.02163490 0.01552500 0.77254902 0.00000000 0.10980392
v 0.02231999 0.02015420 0.01701183 0.77254902 0.00000000 0.10980392
v 0.02218515 0.01867350 0.01552500 0.77254902 0.00000000 0.10980392
v 0.02252859 0.02244473 0.01633817 0.77254902 0.00000000 0.10980392
v 0.02266343 0.02392542 0.01782500 0.77254902 0.00000000 0.10980392
v 0.02252859 0.02244473 0.01931183 0.77254902 0.00000000 0.10980392
v 0.02239374 0.02096403 0.01782500 0.77254902 0.00000000 0.10980392
v 0.02273718 0.02473525 0.01863817 0.77254902 0.00000000 0.10980392
v 0.02287203 0.02621595 0.02012500 0.77254902 0.00000000 0.10980392
v 0.02273718 0.02473525 0.02161183 0.77254902 0.00000000 0.10980392
v 0.02260234 0.02325455 0.02012500 0.77254902 0.00000000 0.10980392
v 0.02085983 0.00412055 0.01173817 0.77254902 0.00000000 0.10980392
v 0.02099467 0.00560125 0.01322500 0.77254902 0.00000000 0.10980392
v 0.02085983 0.00412055 0.01471183 0.77254902 0.00000000 0.10980392
v 0.02072498 0.00263985 0.01322500 0.77254902 0.00000000 0.10980392
v 0.02106842 0.00641108 0.01403817 0.77254902 0.00000000 0.10980392
v 0.02120327 0.00789178 0.01552500 0.77254902 0.00000000 0.10980392
v 0.02106842 0.00641108 0.01701183 0.77254902 0.00000000 0.10980392
v 0.02093357 0.00493038 0.01552500 0.77254902 0.00000000 0.10980392
v 0.02148561 0.01099212 0.01863817 0.77254902 0.00000000 0.10980392
v 0.02162046 0.01247282 0.02012500 0.77254902 0.00000000 0.10980392
v 0.02148561 0.01099212 0.02161183 0.77254902 0.00000000 0.10980392
v 0.02135077 0.00951142 0.02012500 0.77254902 0.00000000 0.10980392
v 0.02114217 0.00722090 0.01782500 0.77254902 0.00000000 0.10980392
v 0.02127702 0.00870160 0.01931183 0.77254902 0.00000000 0.10980392
v 0.02127702 0.00870160 0.01633817 0.77254902 0.00000000 0.10980392
v 0.02141186 0.01018230 0.01782500 0.77254902 0.00000000 0.10980392
v 0.02135077 0.00951142 0.01552500 0.77254902 0.00000000 0.10980392
v 0.02148561 0.01099212 0.01701183 0.77254902 0.00000000 0.10980392
v 0.02148561 0.01099212 0.01403817 0.77254902 0.00000000 0.10980392
v 0.02162046 0.01247282 0.01552500 0.77254902 0.00000000 0.10980392
v 0.02155936 0.01180194 0.01322500 0.77254902 0.00000000 0.10980392
v 0.02169421 0.01328264 0.01471183 0.77254902 0.00000000 0.10980392
v 0.02169421 0.01328264 0.01173817 0.77254902 0.00000000 0.10980392
v 0.02182905 0.01476334 0.01322500 0.77254902 0.00000000 0.10980392
v 0.02176796 0.01409246 0.01092500 0.77254902 0.00000000 0.10980392
v 0.02190280 0.01557316 0.01241183 0.77254902 0.00000000 0.10980392
v 0.02190280 0.01557316 0.00943817 0.77254902 0.00000000 0.10980392
v 0.02203765 0.01705386 0.01092500 0.77254902 0.00000000 0.10980392
v 0.02065123 0.00183003 0.01701183 0.77254902 0.00000000 0.10980392
v 0.02078608 0.00331073 0.01552500 0.77254902 0.00000000 0.10980392
v 0.02051638 0.00034933 0.01552500 0.77254902 0.00000000 0.10980392
v 0.02065123 0.00183003 0.01403817 0.77254902 0.00000000 0.10980392
v 0.02085983 0.00412055 0.01931183 0.77254902 0.00000000 0.10980392
v 0.02099467 0.00560125 0.01782500 0.77254902 0.00000000 0.10980392
v 0.02072498 0.00263985 0.01782500 0.77254902 0.00000000 0.10980392
v 0.02085983 0.00412055 0.01633817 0.77254902 0.00000000 0.10980392
v 0.02106842 0.00641108 0.02161183 0.77254902 0.00000000 0.10980392
v 0.02120327 0.00789178 0.02012500 0.77254902 0.00000000 0.10980392
v 0.02093357 0.00493038 0.02012500 0.77254902 0.00000000 0.10980392
v 0.02106842 0.00641108 0.01863817 0.77254902 0.00000000 0.10980392
v 0.02030779 -0.00194119 0.01322500 0.77254902 0.00000000 0.10980392
v 0.02044263 -0.00046049 0.01471183 0.77254902 0.00000000 0.10980392
v 0.02044263 -0.00046049 0.01173817 0.77254902 0.00000000 0.10980392
v 0.02057748 0.00102021 0.01322500 0.77254902 0.00000000 0.10980392
v 0.02051638 0.00034933 0.01092500 0.77254902 0.00000000 0.10980392
v 0.02065123 0.00183003 0.01241183 0.77254902 0.00000000 0.10980392
v 0.02065123 0.00183003 0.00943817 0.77254902 0.00000000 0.10980392
v 0.02078608 0.00331073 0.01092500 0.77254902 0.00000000 0.10980392
v 0.02649191 0.06596463 0.00781183 0.77254902 0.00000000 0.10980392
v 0.02591928 0.06601678 0.00781183 0.77254902 0.00000000 0.10980392
v 0.02654693 0.06656886 0.00720509 0.77254902 0.00000000 0.10980392
v 0.02596955 0.06656886 0.00725746 0.77254902 0.00000000 0.10980392
v 0.02635706 0.06448393 0.00632500 0.77254902 0.00000000 0.10980392
v 0.02578443 0.06453608 0.00632500 0.77254902 0.00000000 0.10980392
v 0.02607471 0.06138359 0.00781183 0.77254902 0.00000000 0.10980392
v 0.02550208 0.06143574 0.00781183 0.77254902 0.00000000 0.10980392
v 0.02620956 0.06286429 0.00632500 0.77254902 0.00000000 0.10980392
v 0.02563693 0.06291644 0.00632500 0.77254902 0.00000000 0.10980392
v 0.02378016 0.03618785 0.01011183 0.77254902 0.00000000 0.10980392
v 0.02320753 0.03624000 0.01011183 0.77254902 0.00000000 0.10980392
v 0.02391501 0.03766855 0.00862500 0.77254902 0.00000000 0.10980392
v 0.02334238 0.03772070 0.00862500 0.77254902 0.00000000 0.10980392
v 0.02364532 0.03470715 0.00862500 0.77254902 0.00000000 0.10980392
v 0.02307269 0.03475930 0.00862500 0.77254902 0.00000000 0.10980392
v 0.02336297 0.03160681 0.01011183 0.77254902 0.00000000 0.10980392
v 0.02279034 0.03165896 0.01011183 0.77254902 0.00000000 0.10980392
v 0.02349782 0.03308751 0.00862500 0.77254902 0.00000000 0.10980392
v 0.02292519 0.03313966 0.00862500 0.77254902 0.00000000 0.10980392
v 0.02322813 0.03012611 0.00862500 0.77254902 0.00000000 0.10980392
v 0.02265550 0.03017826 0.00862500 0.77254902 0.00000000 0.10980392
v 0.02294578 0.02702577 0.01011183 0.77254902 0.00000000 0.10980392
v 0.02237315 0.02707792 0.01011183 0.77254902 0.00000000 0.10980392
v 0.02308063 0.02850647 0.00862500 0.77254902 0.00000000 0.10980392
v 0.02250800 0.02855862 0.00862500 0.77254902 0.00000000 0.10980392
v 0.02281093 0.02554507 0.00862500 0.77254902 0.00000000 0.10980392
v 0.02223830 0.02559722 0.00862500 0.77254902 0.00000000 0.10980392
v 0.02252859 0.02244473 0.01011183 0.77254902 0.00000000 0.10980392
v 0.02195596 0.02249687 0.01011183 0.77254902 0.00000000 0.10980392
v 0.02266343 0.02392542 0.00862500 0.77254902 0.00000000 0.10980392
v 0.02209081 0.02397757 0.00862500 0.77254902 0.00000000 0.10980392
v 0.02239374 0.02096403 0.00862500 0.77254902 0.00000000 0.10980392
v 0.02182111 0.02101617 0.00862500 0.77254902 0.00000000 0.10980392
v 0.02211140 0.01786368 0.01011183 0.77254902 0.00000000 0.10980392
v 0.02153877 0.01791583 0.01011183 0.77254902 0.00000000 0.10980392
v 0.02224624 0.01934438 0.00862500 0.77254902 0.00000000 0.10980392
v 0.02167361 0.01939653 0.00862500 0.77254902 0.00000000 0.10980392
v 0.02197655 0.01638298 0.00862500 0.77254902 0.00000000 0.10980392
v 0.02140392 0.01643513 0.00862500 0.77254902 0.00000000 0.10980392
v 0.02169421 0.01328264 0.01011183 0.77254902 0.00000000 0.10980392
v 0.02112158 0.01333479 0.01011183 0.77254902 0.00000000 0.10980392
v 0.02182905 0.01476334 0.00862500 0.77254902 0.00000000 0.10980392
v 0.02125642 0.01481549 0.00862500 0.77254902 0.00000000 0.10980392
v 0.02155936 0.01180194 0.00862500 0.77254902 0.00000000 0.10980392
v 0.02098673 0.01185409 0.00862500 0.77254902 0.00000000 0.10980392
v 0.02127702 0.00870160 0.01011183 0.77254902 0.00000000 0.10980392
v 0.02070439 0.00875375 0.01011183 0.77254902 0.00000000 0.10980392
v 0.02141186 0.01018230 0.00862500 0.77254902 0.00000000 0.10980392
v 0.02083923 0.01023445 0.00862500 0.77254902 0.00000000 0.10980392
v 0.02114217 0.00722090 0.00862500 0.77254902 0.00000000 0.10980392
v 0.02056954 0.00727305 0.00862500 0.77254902 0.00000000 0.10980392
v 0.02085983 0.00412055 0.01011183 0.77254902 0.00000000 0.10980392
v 0.02028719 0.00417270 0.01011183 0.77254902 0.00000000 0.10980392
v 0.02099467 0.00560125 0.00862500 0.77254902 0.00000000 0.10980392
v 0.02042204 0.00565340 0.00862500 0.77254902 0.00000000 0.10980392
v 0.02072498 0.00263985 0.00862500 0.77254902 0.00000000 0.10980392
v 0.02015235 0.00269200 0.00862500 0.77254902 0.00000000 0.10980392
v 0.02044263 -0.00046049 0.01011183 0.77254902 0.00000000 0.10980392
v 0.01987000 -0.00040834 0.01011183 0.77254902 0.00000000 0.10980392
v 0.02057748 0.00102021 0.00862500 0.77254902 0.00000000 0.10980392
v 0.02000485 0.00107236 0.00862500 0.77254902 0.00000000 0.10980392
v 0.02022726 -0.00282545 0.00936343 0.77254902 0.00000000 0.10980392
v 0.02036888 -0.00127031 0.01092500 0.77254902 0.00000000 0.10980392
v 0.02023404 -0.00275101 0.01241183 0.77254902 0.00000000 0.10980392
v 0.02022726 -0.00282545 0.01233708 0.77254902 0.00000000 0.10980392
v 0.02022726 -0.00282545 0.01411292 0.77254902 0.00000000 0.10980392
v 0.02023404 -0.00275101 0.01403817 0.77254902 0.00000000 0.10980392
v 0.02036888 -0.00127031 0.01552500 0.77254902 0.00000000 0.10980392
v 0.02023404 -0.00275101 0.01701183 0.77254902 0.00000000 0.10980392
v 0.02022726 -0.00282545 0.01693708 0.77254902 0.00000000 0.10980392
v 0.02022726 -0.00282545 0.01871292 0.77254902 0.00000000 0.10980392
v 0.02023404 -0.00275101 0.01863817 0.77254902 0.00000000 0.10980392
v 0.02036888 -0.00127031 0.02012500 0.77254902 0.00000000 0.10980392
v 0.02022726 -0.00282545 0.02168657 0.77254902 0.00000000 0.10980392
v 0.02044263 -0.00046049 0.02093817 0.77254902 0.00000000 0.10980392
v 0.02057748 0.00102021 0.02242500 0.77254902 0.00000000 0.10980392
v 0.01987000 -0.00040834 0.02093817 0.77254902 0.00000000 0.10980392
v 0.02000485 0.00107236 0.02242500 0.77254902 0.00000000 0.10980392
v 0.02072498 0.00263985 0.02242500 0.77254902 0.00000000 0.10980392
v 0.02085983 0.00412055 0.02093817 0.77254902 0.00000000 0.10980392
v 0.02015235 0.00269200 0.02242500 0.77254902 0.00000000 0.10980392
v 0.02028719 0.00417270 0.02093817 0.77254902 0.00000000 0.10980392
v 0.02099467 0.00560125 0.02242500 0.77254902 0.00000000 0.10980392
v 0.02042204 0.00565340 0.02242500 0.77254902 0.00000000 0.10980392
v 0.02114217 0.00722090 0.02242500 0.77254902 0.00000000 0.10980392
v 0.02127702 0.00870160 0.02093817 0.77254902 0.00000000 0.10980392
v 0.02056954 0.00727305 0.02242500 0.77254902 0.00000000 0.10980392
v 0.02070439 0.00875375 0.02093817 0.77254902 0.00000000 0.10980392
v 0.02141186 0.01018230 0.02242500 0.77254902 0.00000000 0.10980392
v 0.02083923 0.01023445 0.02242500 0.77254902 0.00000000 0.10980392
v 0.02155936 0.01180194 0.02242500 0.77254902 0.00000000 0.10980392
v 0.02169421 0.01328264 0.02093817 0.77254902 0.00000000 0.10980392
v 0.02098673 0.01185409 0.02242500 0.77254902 0.00000000 0.10980392
v 0.02112158 0.01333479 0.02093817 0.77254902 0.00000000 0.10980392
v 0.02182905 0.01476334 0.02242500 0.77254902 0.00000000 0.10980392
v 0.02125642 0.01481549 0.02242500 0.77254902 0.00000000 0.10980392
v 0.02197655 0.01638298 0.02242500 0.77254902 0.00000000 0.10980392
v 0.02211140 0.01786368 0.02093817 0.77254902 0.00000000 0.10980392
v 0.02140392 0.01643513 0.02242500 0.77254902 0.00000000 0.10980392
v 0.02153877 0.01791583 0.02093817 0.77254902 0.00000000 0.10980392
v 0.02224624 0.01934438 0.02242500 0.77254902 0.00000000 0.10980392
v 0.02167361 0.01939653 0.02242500 0.77254902 0.00000000 0.10980392
v 0.02239374 0.02096403 0.02242500 0.77254902 0.00000000 0.10980392
v 0.02252859 0.02244473 0.02093817 0.77254902 0.00000000 0.10980392
v 0.02182111 0.02101617 0.02242500 0.77254902 0.00000000 0.10980392
v 0.02195596 0.02249687 0.02093817 0.77254902 0.00000000 0.10980392
v 0.02266343 0.02392542 0.02242500 0.77254902 0.00000000 0.10980392
v 0.02209081 0.02397757 0.02242500 0.77254902 0.00000000 0.10980392
v 0.02281093 0.02554507 0.02242500 0.77254902 0.00000000 0.10980392
v 0.02294578 0.02702577 0.02093817 0.77254902 0.00000000 0.10980392
v 0.02223830 0.02559722 0.02242500 0.77254902 0.00000000 0.10980392
v 0.02237315 0.02707792 0.02093817 0.77254902 0.00000000 0.10980392
v 0.02322813 0.03012611 0.02242500 0.77254902 0.00000000 0.10980392
v 0.02336297 0.03160681 0.02093817 0.77254902 0.00000000 0.10980392
v 0.02265550 0.03017826 0.02242500 0.77254902 0.00000000 0.10980392
v 0.02279034 0.03165896 0.02093817 0.77254902 0.00000000 0.10980392
v 0.02349782 0.03308751 0.02242500 0.77254902 0.00000000 0.10980392
v 0.02292519 0.03313966 0.02242500 0.77254902 0.00000000 0.10980392
v 0.02364532 0.03470715 0.02242500 0.77254902 0.00000000 0.10980392
v 0.02378016 0.03618785 0.02093817 0.77254902 0.00000000 0.10980392
v 0.02307269 0.03475930 0.02242500 0.77254902 0.00000000 0.10980392
v 0.02320753 0.03624000 0.02093817 0.77254902 0.00000000 0.10980392
v 0.02391501 0.03766855 0.02242500 0.77254902 0.00000000 0.10980392
v 0.02334238 0.03772070 0.02242500 0.77254902 0.00000000 0.10980392
v 0.02607471 0.06138359 0.02323817 0.77254902 0.00000000 0.10980392
v 0.02620956 0.06286429 0.02472500 0.77254902 0.00000000 0.10980392
v 0.02550208 0.06143574 0.02323817 0.77254902 0.00000000 0.10980392
v 0.02563693 0.06291644 0.02472500 0.77254902 0.00000000 0.10980392
v 0.02635706 0.06448393 0.02472500 0.77254902 0.00000000 0.10980392
v 0.02649191 0.06596463 0.02323817 0.77254902 0.00000000 0.10980392
v 0.02578443 0.06453608 0.02472500 0.77254902 0.00000000 0.10980392
v 0.02591928 0.06601678 0.02323817 0.77254902 0.00000000 0.10980392
v 0.02654693 0.06656886 0.02384491 0.77254902 0.00000000 0.10980392
v 0.02596955 0.06656886 0.02379254 0.77254902 0.00000000 0.10980392
v 0.02649191 0.06596463 0.02161183 0.77254902 0.00000000 0.10980392
v 0.02654693 0.06656886 0.02100509 0.77254902 0.00000000 0.10980392
v 0.02635706 0.06448393 0.02012500 0.77254902 0.00000000 0.10980392
v 0.02649191 0.06596463 0.01863817 0.77254902 0.00000000 0.10980392
v 0.02654693 0.06656886 0.01924491 0.77254902 0.00000000 0.10980392
v 0.02649191 0.06596463 0.01701183 0.77254902 0.00000000 0.10980392
v 0.02654693 0.06656886 0.01640509 0.77254902 0.00000000 0.10980392
v 0.02635706 0.06448393 0.01552500 0.77254902 0.00000000 0.10980392
v 0.02649191 0.06596463 0.01403817 0.77254902 0.00000000 0.10980392
v 0.02654693 0.06656886 0.01464491 0.77254902 0.00000000 0.10980392
v 0.02649191 0.06596463 0.01241183 0.77254902 0.00000000 0.10980392
v 0.02654693 0.06656886 0.01180509 0.77254902 0.00000000 0.10980392
v 0.02635706 0.06448393 0.01092500 0.77254902 0.00000000 0.10980392
v 0.02649191 0.06596463 0.00943817 0.77254902 0.00000000 0.10980392
v 0.02654693 0.06656886 0.01004491 0.77254902 0.00000000 0.10980392
v 0.02308063 0.02850647 0.02242500 0.77254902 0.00000000 0.10980392
v 0.02250800 0.02855862 0.02242500 0.77254902 0.00000000 0.10980392
v 0.02283362 0.05749423 0.00816885 0.77254902 0.00000000 0.10980392
v 0.02283362 0.05749423 0.02288115 0.77254902 0.00000000 0.10980392
v 0.02204815 0.04886923 0.00847004 0.77254902 0.00000000 0.10980392
v 0.02204815 0.04886923 0.02257996 0.77254902 0.00000000 0.10980392
v 0.02366004 0.06656886 0.00785195 0.77254902 0.00000000 0.10980392
v 0.02366004 0.06656886 0.02319805 0.77254902 0.00000000 0.10980392
v 0.02293835 0.05864423 0.00812869 0.77254902 0.00000000 0.10980392
v 0.02293835 0.05864423 0.02292131 0.77254902 0.00000000 0.10980392
v 0.01942863 0.00108511 0.02091130 0.77254902 0.00000000 0.10980392
v 0.02467048 0.05864423 0.00812869 0.77254902 0.00000000 0.10980392
v 0.01942863 0.00108511 0.01013870 0.77254902 0.00000000 0.10980392
v 0.02539217 0.06656886 0.00785195 0.77254902 0.00000000 0.10980392
v 0.02467048 0.05864423 0.02292131 0.77254902 0.00000000 0.10980392
v 0.02539217 0.06656886 0.02319805 0.77254902 0.00000000 0.10980392
v 0.01795281 0.00427737 0.02102278 0.77254902 0.00000000 0.10980392
v 0.01782933 0.00402648 0.02101403 0.77254902 0.00000000 0.10980392
v 0.01788959 0.00413000 0.01003236 0.77254902 0.00000000 0.10980392
v 0.01801219 0.00455170 0.01001764 0.77254902 0.00000000 0.10980392
v 0.01801219 0.00455170 0.02103236 0.77254902 0.00000000 0.10980392
v 0.01800779 0.00451129 0.01001905 0.77254902 0.00000000 0.10980392
v 0.01773297 0.00389938 0.01004041 0.77254902 0.00000000 0.10980392
v 0.01765017 0.00381396 0.02100661 0.77254902 0.00000000 0.10980392
v 0.01752679 0.00371415 0.01004687 0.77254902 0.00000000 0.10980392
v 0.01742662 0.00365139 0.02100093 0.77254902 0.00000000 0.10980392
v 0.01728374 0.00358419 0.01005142 0.77254902 0.00000000 0.10980392
v 0.01717218 0.00354725 0.02099729 0.77254902 0.00000000 0.10980392
v 0.01701759 0.00351591 0.01005381 0.77254902 0.00000000 0.10980392
v 0.01690087 0.00350650 0.02099586 0.77254902 0.00000000 0.10980392
v 0.01674326 0.00351267 0.01005392 0.77254902 0.00000000 0.10980392
v 0.01662722 0.00353126 0.02099673 0.77254902 0.00000000 0.10980392
v 0.01647542 0.00357470 0.01005175 0.77254902 0.00000000 0.10980392
v 0.01636649 0.00362060 0.02099985 0.77254902 0.00000000 0.10980392
v 0.01622873 0.00369934 0.01004740 0.77254902 0.00000000 0.10980392
v 0.01613331 0.00377040 0.02100508 0.77254902 0.00000000 0.10980392
v 0.01601784 0.00388040 0.01004108 0.77254902 0.00000000 0.10980392
v 0.01594177 0.00397293 0.02101215 0.77254902 0.00000000 0.10980392
v 0.01585576 0.00410825 0.01003312 0.77254902 0.00000000 0.10980392
v 0.01575319 0.00436951 0.02102600 0.77254902 0.00000000 0.10980392
v 0.01575319 0.00436951 0.01002400 0.77254902 0.00000000 0.10980392
v 0.01576401 0.00433033 0.02102463 0.77254902 0.00000000 0.10980392
v 0.01927282 0.01839423 0.00953425 0.77254902 0.00000000 0.10980392
v 0.01927282 0.01839423 0.02151575 0.77254902 0.00000000 0.10980392
v 0.02016302 0.02816923 0.00919290 0.77254902 0.00000000 0.10980392
v 0.02016302 0.02816923 0.02185710 0.77254902 0.00000000 0.10980392
v 0.01937755 0.01954423 0.00949409 0.77254902 0.00000000 0.10980392
v 0.01937755 0.01954423 0.02155591 0.77254902 0.00000000 0.10980392
v 0.02105322 0.03794423 0.00885155 0.77254902 0.00000000 0.10980392
v 0.02105322 0.03794423 0.02219845 0.77254902 0.00000000 0.10980392
v 0.02026775 0.02931923 0.00915274 0.77254902 0.00000000 0.10980392
v 0.02026775 0.02931923 0.02189726 0.77254902 0.00000000 0.10980392
v 0.02194342 0.04771923 0.00851020 0.77254902 0.00000000 0.10980392
v 0.02194342 0.04771923 0.02253980 0.77254902 0.00000000 0.10980392
v 0.02115795 0.03909423 0.00881139 0.77254902 0.00000000 0.10980392
v 0.02115795 0.03909423 0.02223861 0.77254902 0.00000000 0.10980392
v 0.01909476 0.00008477 0.01017362 0.77254902 0.00000000 0.10980392
v 0.01902285 -0.00002453 0.02087257 0.77254902 0.00000000 0.10980392
v 0.01929823 0.00050383 0.02089101 0.77254902 0.00000000 0.10980392
v 0.01872003 -0.00037589 0.01018969 0.77254902 0.00000000 0.10980392
v 0.01862109 -0.00046435 0.02085722 0.77254902 0.00000000 0.10980392
v 0.01840870 -0.00062348 0.01019833 0.77254902 0.00000000 0.10980392
v 0.01811979 -0.00078627 0.02084598 0.77254902 0.00000000 0.10980392
v 0.01755329 -0.00096851 0.02083960 0.77254902 0.00000000 0.10980392
v 0.01768235 -0.00094098 0.01020943 0.77254902 0.00000000 0.10980392
v 0.01709081 -0.00100581 0.01021170 0.77254902 0.00000000 0.10980392
v 0.01695900 -0.00099931 0.02083853 0.77254902 0.00000000 0.10980392
v 0.01595601 -0.00067927 0.01020028 0.77254902 0.00000000 0.10980392
v 0.01619112 -0.00080229 0.02084543 0.77254902 0.00000000 0.10980392
v 0.01650240 -0.00091670 0.01020857 0.77254902 0.00000000 0.10980392
v 0.01584399 -0.00060768 0.02085221 0.77254902 0.00000000 0.10980392
v 0.01548897 -0.00030952 0.01018738 0.77254902 0.00000000 0.10980392
v 0.01540001 -0.00021262 0.02086600 0.77254902 0.00000000 0.10980392
v 0.01513249 0.00016788 0.01017072 0.77254902 0.00000000 0.10980392
v 0.01933918 0.00062640 0.01015471 0.77254902 0.00000000 0.10980392
v 0.01805882 -0.00081397 0.01020499 0.77254902 0.00000000 0.10980392
v 0.01656702 -0.00093427 0.02084081 0.77254902 0.00000000 0.10980392
v 0.01507196 0.00028324 0.02088330 0.77254902 0.00000000 0.10980392
v 0.01491062 0.00072072 0.01015142 0.77254902 0.00000000 0.10980392
v 0.01491062 0.00072072 0.02089858 0.77254902 0.00000000 0.10980392
v 0.02315438 0.02931629 0.00781183 0.77254902 0.00000000 0.10980392
v 0.02258175 0.02936844 0.00781183 0.77254902 0.00000000 0.10980392
v 0.02319046 0.02971247 0.00741401 0.77254902 0.00000000 0.10980392
v 0.02261800 0.02976650 0.00741212 0.77254902 0.00000000 0.10980392
v 0.02334327 0.03139047 0.00735541 0.77254902 0.00000000 0.10980392
v 0.02277081 0.03144450 0.00735352 0.77254902 0.00000000 0.10980392
v 0.02280856 0.03185901 0.00733905 0.77254902 0.00000000 0.10980392
v 0.02338135 0.03180861 0.00734081 0.77254902 0.00000000 0.10980392
v 0.02352389 0.03337382 0.00728615 0.77254902 0.00000000 0.10980392
v 0.02295110 0.03342422 0.00728439 0.77254902 0.00000000 0.10980392
v 0.02357157 0.03389733 0.00781183 0.77254902 0.00000000 0.10980392
v 0.02299894 0.03394948 0.00781183 0.77254902 0.00000000 0.10980392
v 0.02305022 0.03451260 0.00724638 0.77254902 0.00000000 0.10980392
v 0.02362268 0.03445857 0.00724827 0.77254902 0.00000000 0.10980392
v 0.02377549 0.03613657 0.00718967 0.77254902 0.00000000 0.10980392
v 0.02320303 0.03619059 0.00718779 0.77254902 0.00000000 0.10980392
v 0.02321173 0.03628609 0.00718445 0.77254902 0.00000000 0.10980392
v 0.02378452 0.03623569 0.00718621 0.77254902 0.00000000 0.10980392
v 0.02392706 0.03780090 0.00713155 0.77254902 0.00000000 0.10980392
v 0.02335427 0.03785130 0.00712979 0.77254902 0.00000000 0.10980392
v 0.02398876 0.03847837 0.00781183 0.77254902 0.00000000 0.10980392
v 0.02341613 0.03853052 0.00781183 0.77254902 0.00000000 0.10980392
v 0.02348244 0.03925869 0.00708065 0.77254902 0.00000000 0.10980392
v 0.02405490 0.03920466 0.00708253 0.77254902 0.00000000 0.10980392
v 0.02433023 0.04222799 0.00697695 0.77254902 0.00000000 0.10980392
v 0.02375744 0.04227838 0.00697519 0.77254902 0.00000000 0.10980392
v 0.02440595 0.04305942 0.00781183 0.77254902 0.00000000 0.10980392
v 0.02383332 0.04311156 0.00781183 0.77254902 0.00000000 0.10980392
v 0.02391467 0.04400479 0.00691491 0.77254902 0.00000000 0.10980392
v 0.02448712 0.04395076 0.00691679 0.77254902 0.00000000 0.10980392
v 0.02473340 0.04665507 0.00682236 0.77254902 0.00000000 0.10980392
v 0.02416061 0.04670546 0.00682060 0.77254902 0.00000000 0.10980392
v 0.02482314 0.04764046 0.00781183 0.77254902 0.00000000 0.10980392
v 0.02425051 0.04769261 0.00781183 0.77254902 0.00000000 0.10980392
v 0.02434689 0.04875089 0.00674917 0.77254902 0.00000000 0.10980392
v 0.02491935 0.04869686 0.00675106 0.77254902 0.00000000 0.10980392
v 0.02513657 0.05108215 0.00666776 0.77254902 0.00000000 0.10980392
v 0.02456378 0.05113255 0.00666600 0.77254902 0.00000000 0.10980392
v 0.02524033 0.05222150 0.00781183 0.77254902 0.00000000 0.10980392
v 0.02466770 0.05227365 0.00781183 0.77254902 0.00000000 0.10980392
v 0.02477911 0.05349698 0.00658343 0.77254902 0.00000000 0.10980392
v 0.02535157 0.05344296 0.00658532 0.77254902 0.00000000 0.10980392
v 0.02553974 0.05550923 0.00651316 0.77254902 0.00000000 0.10980392
v 0.02496695 0.05555963 0.00651140 0.77254902 0.00000000 0.10980392
v 0.02565752 0.05680254 0.00781183 0.77254902 0.00000000 0.10980392
v 0.02508489 0.05685469 0.00781183 0.77254902 0.00000000 0.10980392
v 0.02521133 0.05824308 0.00641770 0.77254902 0.00000000 0.10980392
v 0.02578379 0.05818905 0.00641958 0.77254902 0.00000000 0.10980392
v 0.02594291 0.05993632 0.00635857 0.77254902 0.00000000 0.10980392
v 0.02537012 0.05998671 0.00635681 0.77254902 0.00000000 0.10980392
v 0.02563075 0.06284858 0.00625687 0.77254902 0.00000000 0.10980392
v 0.02620354 0.06279819 0.00625863 0.77254902 0.00000000 0.10980392
v 0.02636883 0.06461314 0.00619525 0.77254902 0.00000000 0.10980392
v 0.02579637 0.06466718 0.00619336 0.77254902 0.00000000 0.10980392
v 0.02596955 0.06656886 0.00612695 0.77254902 0.00000000 0.10980392
v 0.02029853 -0.00204284 0.00852293 0.77254902 0.00000000 0.10980392
v 0.01972574 -0.00199244 0.00852117 0.77254902 0.00000000 0.10980392
v 0.01998637 0.00086943 0.00842123 0.77254902 0.00000000 0.10980392
v 0.02055916 0.00081903 0.00842299 0.77254902 0.00000000 0.10980392
v 0.02074994 0.00291389 0.00834983 0.77254902 0.00000000 0.10980392
v 0.02017747 0.00296792 0.00834795 0.77254902 0.00000000 0.10980392
v 0.02038954 0.00529651 0.00826663 0.77254902 0.00000000 0.10980392
v 0.02096233 0.00524612 0.00826839 0.77254902 0.00000000 0.10980392
v 0.02118216 0.00765998 0.00818410 0.77254902 0.00000000 0.10980392
v 0.02060970 0.00771401 0.00818221 0.77254902 0.00000000 0.10980392
v 0.02079271 0.00972359 0.00811203 0.77254902 0.00000000 0.10980392
v 0.02136550 0.00967320 0.00811379 0.77254902 0.00000000 0.10980392
v 0.02161438 0.01240608 0.00801836 0.77254902 0.00000000 0.10980392
v 0.02104192 0.01246011 0.00801647 0.77254902 0.00000000 0.10980392
v 0.02119588 0.01415068 0.00795744 0.77254902 0.00000000 0.10980392
v 0.02176867 0.01410028 0.00795920 0.77254902 0.00000000 0.10980392
v 0.02204660 0.01715218 0.00785262 0.77254902 0.00000000 0.10980392
v 0.02147414 0.01720621 0.00785074 0.77254902 0.00000000 0.10980392
v 0.02159905 0.01857776 0.00780284 0.77254902 0.00000000 0.10980392
v 0.02217184 0.01852736 0.00780460 0.77254902 0.00000000 0.10980392
v 0.02231438 0.02009257 0.00774994 0.77254902 0.00000000 0.10980392
v 0.02174159 0.02014297 0.00774818 0.77254902 0.00000000 0.10980392
v 0.02231999 0.02015420 0.00781183 0.77254902 0.00000000 0.10980392
v 0.02174736 0.02020635 0.00781183 0.77254902 0.00000000 0.10980392
v 0.02175355 0.02027430 0.00774360 0.77254902 0.00000000 0.10980392
v 0.02232601 0.02022028 0.00774548 0.77254902 0.00000000 0.10980392
v 0.02247882 0.02189828 0.00768688 0.77254902 0.00000000 0.10980392
v 0.02190637 0.02195230 0.00768500 0.77254902 0.00000000 0.10980392
v 0.02200222 0.02300484 0.00764824 0.77254902 0.00000000 0.10980392
v 0.02257501 0.02295444 0.00765000 0.77254902 0.00000000 0.10980392
v 0.02271755 0.02451966 0.00759534 0.77254902 0.00000000 0.10980392
v 0.02214476 0.02457005 0.00759358 0.77254902 0.00000000 0.10980392
v 0.02273718 0.02473525 0.00781183 0.77254902 0.00000000 0.10980392
v 0.02216455 0.02478740 0.00781183 0.77254902 0.00000000 0.10980392
v 0.02218577 0.02502040 0.00757786 0.77254902 0.00000000 0.10980392
v 0.02275823 0.02496637 0.00757974 0.77254902 0.00000000 0.10980392
v 0.02291105 0.02664437 0.00752115 0.77254902 0.00000000 0.10980392
v 0.02233859 0.02669840 0.00751926 0.77254902 0.00000000 0.10980392
v 0.02240539 0.02743192 0.00749365 0.77254902 0.00000000 0.10980392
v 0.02297818 0.02738153 0.00749541 0.77254902 0.00000000 0.10980392
v 0.02312072 0.02894674 0.00744075 0.77254902 0.00000000 0.10980392
v 0.02254793 0.02899713 0.00743899 0.77254902 0.00000000 0.10980392
v 0.01843088 0.02816923 0.00919290 0.77254902 0.00000000 0.10980392
v 0.01843088 0.02816923 0.02185710 0.77254902 0.00000000 0.10980392
v 0.01853561 0.02931923 0.00915274 0.77254902 0.00000000 0.10980392
v 0.01853561 0.02931923 0.02189726 0.77254902 0.00000000 0.10980392
v 0.01754068 0.01839423 0.00953425 0.77254902 0.00000000 0.10980392
v 0.01754068 0.01839423 0.02151575 0.77254902 0.00000000 0.10980392
v 0.01764541 0.01954423 0.00949409 0.77254902 0.00000000 0.10980392
v 0.01764541 0.01954423 0.02155591 0.77254902 0.00000000 0.10980392
v 0.01932108 0.03794423 0.00885155 0.77254902 0.00000000 0.10980392
v 0.01932108 0.03794423 0.02219845 0.77254902 0.00000000 0.10980392
v 0.01942581 0.03909423 0.00881139 0.77254902 0.00000000 0.10980392
v 0.01942581 0.03909423 0.02223861 0.77254902 0.00000000 0.10980392
v 0.02021128 0.04771923 0.00851020 0.77254902 0.00000000 0.10980392
v 0.02021128 0.04771923 0.02253980 0.77254902 0.00000000 0.10980392
v 0.02031601 0.04886923 0.00847004 0.77254902 0.00000000 0.10980392
v 0.02031601 0.04886923 0.02257996 0.77254902 0.00000000 0.10980392
v 0.02110148 0.05749423 0.00816885 0.77254902 0.00000000 0.10980392
v 0.02110148 0.05749423 0.02288115 0.77254902 0.00000000 0.10980392
v 0.02120621 0.05864423 0.00812869 0.77254902 0.00000000 0.10980392
v 0.02120621 0.05864423 0.02292131 0.77254902 0.00000000 0.10980392
v 0.02240539 0.02743192 0.02355635 0.77254902 0.00000000 0.10980392
v 0.02233859 0.02669840 0.02353074 0.77254902 0.00000000 0.10980392
v 0.02291105 0.02664437 0.02352885 0.77254902 0.00000000 0.10980392
v 0.02273718 0.02473525 0.02323817 0.77254902 0.00000000 0.10980392
v 0.02275823 0.02496637 0.02347026 0.77254902 0.00000000 0.10980392
v 0.02216455 0.02478740 0.02323817 0.77254902 0.00000000 0.10980392
v 0.02218577 0.02502040 0.02347214 0.77254902 0.00000000 0.10980392
v 0.02214476 0.02457005 0.02345642 0.77254902 0.00000000 0.10980392
v 0.02271755 0.02451966 0.02345466 0.77254902 0.00000000 0.10980392
v 0.02257501 0.02295444 0.02340000 0.77254902 0.00000000 0.10980392
v 0.02200222 0.02300484 0.02340176 0.77254902 0.00000000 0.10980392
v 0.02190637 0.02195230 0.02336500 0.77254902 0.00000000 0.10980392
v 0.02247882 0.02189828 0.02336312 0.77254902 0.00000000 0.10980392
v 0.02231999 0.02015420 0.02323817 0.77254902 0.00000000 0.10980392
v 0.02232601 0.02022028 0.02330452 0.77254902 0.00000000 0.10980392
v 0.02174736 0.02020635 0.02323817 0.77254902 0.00000000 0.10980392
v 0.02175355 0.02027430 0.02330641 0.77254902 0.00000000 0.10980392
v 0.02174159 0.02014297 0.02330182 0.77254902 0.00000000 0.10980392
v 0.02231438 0.02009257 0.02330006 0.77254902 0.00000000 0.10980392
v 0.02217184 0.01852736 0.02324540 0.77254902 0.00000000 0.10980392
v 0.02159905 0.01857776 0.02324716 0.77254902 0.00000000 0.10980392
v 0.02147414 0.01720621 0.02319926 0.77254902 0.00000000 0.10980392
v 0.02204660 0.01715218 0.02319738 0.77254902 0.00000000 0.10980392
v 0.02176867 0.01410028 0.02309080 0.77254902 0.00000000 0.10980392
v 0.02119588 0.01415068 0.02309256 0.77254902 0.00000000 0.10980392
v 0.02104192 0.01246011 0.02303353 0.77254902 0.00000000 0.10980392
v 0.02161438 0.01240608 0.02303164 0.77254902 0.00000000 0.10980392
v 0.02136550 0.00967320 0.02293621 0.77254902 0.00000000 0.10980392
v 0.02079271 0.00972359 0.02293797 0.77254902 0.00000000 0.10980392
v 0.02060970 0.00771401 0.02286779 0.77254902 0.00000000 0.10980392
v 0.02118216 0.00765998 0.02286590 0.77254902 0.00000000 0.10980392
v 0.02096233 0.00524612 0.02278161 0.77254902 0.00000000 0.10980392
v 0.02038954 0.00529651 0.02278337 0.77254902 0.00000000 0.10980392
v 0.02017747 0.00296792 0.02270205 0.77254902 0.00000000 0.10980392
v 0.02074994 0.00291389 0.02270017 0.77254902 0.00000000 0.10980392
v 0.02055916 0.00081903 0.02262701 0.77254902 0.00000000 0.10980392
v 0.01998637 0.00086943 0.02262877 0.77254902 0.00000000 0.10980392
v 0.01972574 -0.00199244 0.02252883 0.77254902 0.00000000 0.10980392
v 0.02029853 -0.00204284 0.02252707 0.77254902 0.00000000 0.10980392
v 0.01742302 -0.00224123 0.00852985 0.77254902 0.00000000 0.10980392
v 0.02022726 -0.00282545 0.00855026 0.77254902 0.00000000 0.10980392
v 0.01742302 -0.00224123 0.02252015 0.77254902 0.00000000 0.10980392
v 0.02022726 -0.00282545 0.02249974 0.77254902 0.00000000 0.10980392
v 0.02654693 0.06656886 0.00883144 0.77254902 0.00000000 0.10980392
v 0.02192790 0.06656886 0.02492305 0.77254902 0.00000000 0.10980392
v 0.02596955 0.06656886 0.02492305 0.77254902 0.00000000 0.10980392
v 0.02192790 0.06656886 0.00612695 0.77254902 0.00000000 0.10980392
v 0.02654693 0.06656886 0.02221856 0.77254902 0.00000000 0.10980392
v 0.02579637 0.06466718 0.02485664 0.77254902 0.00000000 0.10980392
v 0.02636883 0.06461314 0.02485475 0.77254902 0.00000000 0.10980392
v 0.02620354 0.06279819 0.02479137 0.77254902 0.00000000 0.10980392
v 0.02563075 0.06284858 0.02479313 0.77254902 0.00000000 0.10980392
v 0.02537012 0.05998671 0.02469319 0.77254902 0.00000000 0.10980392
v 0.02594291 0.05993632 0.02469143 0.77254902 0.00000000 0.10980392
v 0.02565752 0.05680254 0.02323817 0.77254902 0.00000000 0.10980392
v 0.02578379 0.05818905 0.02463042 0.77254902 0.00000000 0.10980392
v 0.02508489 0.05685469 0.02323817 0.77254902 0.00000000 0.10980392
v 0.02521133 0.05824308 0.02463231 0.77254902 0.00000000 0.10980392
v 0.02496695 0.05555963 0.02453860 0.77254902 0.00000000 0.10980392
v 0.02553974 0.05550923 0.02453684 0.77254902 0.00000000 0.10980392
v 0.02524033 0.05222150 0.02323817 0.77254902 0.00000000 0.10980392
v 0.02535157 0.05344296 0.02446468 0.77254902 0.00000000 0.10980392
v 0.02466770 0.05227365 0.02323817 0.77254902 0.00000000 0.10980392
v 0.02477911 0.05349698 0.02446657 0.77254902 0.00000000 0.10980392
v 0.02456378 0.05113255 0.02438400 0.77254902 0.00000000 0.10980392
v 0.02513657 0.05108215 0.02438224 0.77254902 0.00000000 0.10980392
v 0.02482314 0.04764046 0.02323817 0.77254902 0.00000000 0.10980392
v 0.02491935 0.04869686 0.02429894 0.77254902 0.00000000 0.10980392
v 0.02425051 0.04769261 0.02323817 0.77254902 0.00000000 0.10980392
v 0.02434689 0.04875089 0.02430083 0.77254902 0.00000000 0.10980392
v 0.02416061 0.04670546 0.02422940 0.77254902 0.00000000 0.10980392
v 0.02473340 0.04665507 0.02422764 0.77254902 0.00000000 0.10980392
v 0.02440595 0.04305942 0.02323817 0.77254902 0.00000000 0.10980392
v 0.02448712 0.04395076 0.02413321 0.77254902 0.00000000 0.10980392
v 0.02383332 0.04311156 0.02323817 0.77254902 0.00000000 0.10980392
v 0.02391467 0.04400479 0.02413509 0.77254902 0.00000000 0.10980392
v 0.02375744 0.04227838 0.02407480 0.77254902 0.00000000 0.10980392
v 0.02433023 0.04222799 0.02407305 0.77254902 0.00000000 0.10980392
v 0.02398876 0.03847837 0.02323817 0.77254902 0.00000000 0.10980392
v 0.02405490 0.03920466 0.02396747 0.77254902 0.00000000 0.10980392
v 0.02341613 0.03853052 0.02323817 0.77254902 0.00000000 0.10980392
v 0.02348244 0.03925869 0.02396935 0.77254902 0.00000000 0.10980392
v 0.02335427 0.03785130 0.02392021 0.77254902 0.00000000 0.10980392
v 0.02392706 0.03780090 0.02391845 0.77254902 0.00000000 0.10980392
v 0.02378452 0.03623569 0.02386379 0.77254902 0.00000000 0.10980392
v 0.02321173 0.03628609 0.02386555 0.77254902 0.00000000 0.10980392
v 0.02320303 0.03619059 0.02386222 0.77254902 0.00000000 0.10980392
v 0.02377549 0.03613657 0.02386033 0.77254902 0.00000000 0.10980392
v 0.02357157 0.03389733 0.02323817 0.77254902 0.00000000 0.10980392
v 0.02362268 0.03445857 0.02380173 0.77254902 0.00000000 0.10980392
v 0.02299894 0.03394948 0.02323817 0.77254902 0.00000000 0.10980392
v 0.02305022 0.03451260 0.02380362 0.77254902 0.00000000 0.10980392
v 0.02295110 0.03342422 0.02376561 0.77254902 0.00000000 0.10980392
v 0.02352389 0.03337382 0.02376385 0.77254902 0.00000000 0.10980392
v 0.02338135 0.03180861 0.02370919 0.77254902 0.00000000 0.10980392
v 0.02280856 0.03185901 0.02371095 0.77254902 0.00000000 0.10980392
v 0.02277081 0.03144450 0.02369648 0.77254902 0.00000000 0.10980392
v 0.02334327 0.03139047 0.02369459 0.77254902 0.00000000 0.10980392
v 0.02315438 0.02931629 0.02323817 0.77254902 0.00000000 0.10980392
v 0.02319046 0.02971247 0.02363599 0.77254902 0.00000000 0.10980392
v 0.02258175 0.02936844 0.02323817 0.77254902 0.00000000 0.10980392
v 0.02261800 0.02976650 0.02363788 0.77254902 0.00000000 0.10980392
v 0.02254793 0.02899713 0.02361101 0.77254902 0.00000000 0.10980392
v 0.02312072 0.02894674 0.02360925 0.77254902 0.00000000 0.10980392
v 0.02297818 0.02738153 0.02355460 0.77254902 0.00000000 0.10980392
v 0.01666582 -0.00202853 0.00852242 0.77254902 0.00000000 0.10980392
v 0.01672023 -0.00204751 0.02252691 0.77254902 0.00000000 0.10980392
v 0.01594478 -0.00171452 0.00851145 0.77254902 0.00000000 0.10980392
v 0.01604767 -0.00176652 0.02253672 0.77254902 0.00000000 0.10980392
v 0.01527352 -0.00130520 0.00849715 0.77254902 0.00000000 0.10980392
v 0.01541619 -0.00140291 0.02254942 0.77254902 0.00000000 0.10980392
v 0.01466452 -0.00080826 0.00847980 0.77254902 0.00000000 0.10980392
v 0.01483594 -0.00096249 0.02256480 0.77254902 0.00000000 0.10980392
v 0.01416533 -0.00027730 0.00846126 0.77254902 0.00000000 0.10980392
v 0.01427763 -0.00040889 0.02258413 0.77254902 0.00000000 0.10980392
v 0.01373727 0.00031259 0.00844067 0.77254902 0.00000000 0.10980392
v 0.01380005 0.00021580 0.02260595 0.77254902 0.00000000 0.10980392
v 0.01338722 0.00095200 0.00841834 0.77254902 0.00000000 0.10980392
v 0.01341201 0.00089990 0.02262984 0.77254902 0.00000000 0.10980392
v 0.01312091 0.00163050 0.00839465 0.77254902 0.00000000 0.10980392
v 0.01312091 0.00163050 0.02265535 0.77254902 0.00000000 0.10980392
v 0.01213783 0.01150000 0.02127500 0.77254902 0.00000000 0.10980392
v 0.01391898 0.01150000 0.02127500 0.77254902 0.00000000 0.10980392
v 0.01391898 0.01150000 0.00977500 0.77254902 0.00000000 0.10980392
v 0.01213783 0.01150000 0.00977500 0.77254902 0.00000000 0.10980392
v 0.01691283 0.01150000 0.00805000 0.77254902 0.00000000 0.10980392
v 0.00995283 0.01150000 0.00805000 0.77254902 0.00000000 0.10980392
v 0.01691283 0.01150000 0.02300000 0.77254902 0.00000000 0.10980392
v 0.00995283 0.01150000 0.02300000 0.77254902 0.00000000 0.10980392
v 0.03035598 0.09458679 0.01092500 0.27450980 0.29411765 0.33333333
v 0.02534988 0.09459423 0.01092500 0.27450980 0.29411765 0.33333333
v 0.03037176 0.09409631 0.01092500 0.27450980 0.29411765 0.33333333
v 0.00563198 0.09476443 0.01092500 0.27450980 0.29411765 0.33333333
v 0.00612690 0.09438141 0.01092500 0.27450980 0.29411765 0.33333333
v 0.00686874 0.09659423 0.01092500 0.27450980 0.29411765 0.33333333
v 0.02754680 0.09659423 0.01092500 0.27450980 0.29411765 0.33333333
v 0.02746976 0.09630672 0.01092500 0.27450980 0.29411765 0.33333333
v 0.02921679 0.09609423 0.01092500 0.27450980 0.29411765 0.33333333
v 0.02927001 0.09668477 0.01092500 0.27450980 0.29411765 0.33333333
v 0.02806912 0.09861559 0.01092500 0.27450980 0.29411765 0.33333333
v 0.02746976 0.09688173 0.01092500 0.27450980 0.29411765 0.33333333
v 0.00602726 0.09840629 0.01092500 0.27450980 0.29411765 0.33333333
v -0.00495248 0.08982346 0.01092500 0.27450980 0.29411765 0.33333333
v -0.00328337 0.08858965 0.01092500 0.27450980 0.29411765 0.33333333
v 0.00524408 0.09525554 0.01092500 0.27450980 0.29411765 0.33333333
v 0.00694578 0.09688173 0.01092500 0.27450980 0.29411765 0.33333333
v 0.00715624 0.09709219 0.01092500 0.27450980 0.29411765 0.33333333
v 0.00744374 0.09716923 0.01092500 0.27450980 0.29411765 0.33333333
v 0.00906566 0.09459423 0.01092500 0.27450980 0.29411765 0.33333333
v 0.00794171 0.09630672 0.01092500 0.27450980 0.29411765 0.33333333
v 0.00794044 0.09406759 0.01092500 0.27450980 0.29411765 0.33333333
v 0.00853529 0.09426203 0.01092500 0.27450980 0.29411765 0.33333333
v 0.00974374 0.09659423 0.01092500 0.27450980 0.29411765 0.33333333
v 0.03022123 0.09505866 0.01092500 0.27450980 0.29411765 0.33333333
v 0.02697180 0.09601923 0.01092500 0.27450980 0.29411765 0.33333333
v 0.02668430 0.09609626 0.01092500 0.27450980 0.29411765 0.33333333
v 0.02467180 0.09659423 0.01092500 0.27450980 0.29411765 0.33333333
v 0.02917050 0.09726929 0.01092500 0.27450980 0.29411765 0.33333333
v 0.02892485 0.09780896 0.01092500 0.27450980 0.29411765 0.33333333
v 0.02854941 0.09826788 0.01092500 0.27450980 0.29411765 0.33333333
v 0.02634015 0.09880579 0.01092500 0.27450980 0.29411765 0.33333333
v 0.02579575 0.09857082 0.01092500 0.27450980 0.29411765 0.33333333
v 0.02532952 0.09820448 0.01092500 0.27450980 0.29411765 0.33333333
v 0.02497243 0.09773113 0.01092500 0.27450980 0.29411765 0.33333333
v 0.02474823 0.09718222 0.01092500 0.27450980 0.29411765 0.33333333
v 0.02639680 0.09659423 0.01092500 0.27450980 0.29411765 0.33333333
v 0.02647383 0.09688173 0.01092500 0.27450980 0.29411765 0.33333333
v 0.02668430 0.09709219 0.01092500 0.27450980 0.29411765 0.33333333
v 0.02692652 0.09889378 0.01092500 0.27450980 0.29411765 0.33333333
v 0.00913482 0.09815315 0.01092500 0.27450980 0.29411765 0.33333333
v 0.00773124 0.09709219 0.01092500 0.27450980 0.29411765 0.33333333
v 0.00794171 0.09688173 0.01092500 0.27450980 0.29411765 0.33333333
v 0.00801874 0.09659423 0.01092500 0.27450980 0.29411765 0.33333333
v 0.00967323 0.09715936 0.01092500 0.27450980 0.29411765 0.33333333
v 0.00946602 0.09768985 0.01092500 0.27450980 0.29411765 0.33333333
v 0.02997562 0.09548352 0.01092500 0.27450980 0.29411765 0.33333333
v 0.02963396 0.09583578 0.01092500 0.27450980 0.29411765 0.33333333
v 0.02725930 0.09609626 0.01092500 0.27450980 0.29411765 0.33333333
v 0.02959758 0.08559521 0.01092500 0.27450980 0.29411765 0.33333333
v 0.02760582 0.08577660 0.01092500 0.27450980 0.29411765 0.33333333
v 0.02836330 0.09409423 0.01092500 0.27450980 0.29411765 0.33333333
v 0.02585047 0.09427620 0.01092500 0.27450980 0.29411765 0.33333333
v 0.02758875 0.09409423 0.01092500 0.27450980 0.29411765 0.33333333
v 0.02641055 0.09408113 0.01092500 0.27450980 0.29411765 0.33333333
v 0.02700041 0.09401939 0.01092500 0.27450980 0.29411765 0.33333333
v 0.02647383 0.09630672 0.01092500 0.27450980 0.29411765 0.33333333
v 0.00763048 0.09888663 0.01092500 0.27450980 0.29411765 0.33333333
v 0.00706148 0.09886224 0.01092500 0.27450980 0.29411765 0.33333333
v 0.00818802 0.09877047 0.01092500 0.27450980 0.29411765 0.33333333
v 0.00651593 0.09869878 0.01092500 0.27450980 0.29411765 0.33333333
v 0.00869993 0.09852088 0.01092500 0.27450980 0.29411765 0.33333333
v 0.02725930 0.09709219 0.01092500 0.27450980 0.29411765 0.33333333
v 0.02751590 0.09882894 0.01092500 0.27450980 0.29411765 0.33333333
v 0.02697180 0.09716923 0.01092500 0.27450980 0.29411765 0.33333333
v -0.00551239 0.08935176 0.01092500 0.27450980 0.29411765 0.33333333
v -0.00603629 0.08884035 0.01092500 0.27450980 0.29411765 0.33333333
v 0.00744374 0.09601923 0.01092500 0.27450980 0.29411765 0.33333333
v 0.00715624 0.09609626 0.01092500 0.27450980 0.29411765 0.33333333
v 0.00731626 0.09402238 0.01092500 0.27450980 0.29411765 0.33333333
v 0.00694578 0.09630672 0.01092500 0.27450980 0.29411765 0.33333333
v 0.00669960 0.09412910 0.01092500 0.27450980 0.29411765 0.33333333
v 0.00773124 0.09609626 0.01092500 0.27450980 0.29411765 0.33333333
v 0.02378220 0.07412881 0.00402500 0.27450980 0.29411765 0.33333333
v 0.02355784 0.07462009 0.00402500 0.27450980 0.29411765 0.33333333
v 0.02806382 0.06875353 0.00402500 0.27450980 0.29411765 0.33333333
v -0.00726859 0.08725330 0.00402500 0.27450980 0.29411765 0.33333333
v -0.00659781 0.08819778 0.00402500 0.27450980 0.29411765 0.33333333
v 0.00729906 0.08739423 0.00402500 0.27450980 0.29411765 0.33333333
v -0.00879186 0.08174536 0.00402500 0.27450980 0.29411765 0.33333333
v -0.00874785 0.08290297 0.00402500 0.27450980 0.29411765 0.33333333
v -0.00870169 0.08059043 0.00402500 0.27450980 0.29411765 0.33333333
v 0.00715624 0.09709219 0.00402500 0.27450980 0.29411765 0.33333333
v 0.00706148 0.09886224 0.00402500 0.27450980 0.29411765 0.33333333
v 0.00744374 0.09716923 0.00402500 0.27450980 0.29411765 0.33333333
v 0.00694578 0.09688173 0.00402500 0.27450980 0.29411765 0.33333333
v 0.00686874 0.09659423 0.00402500 0.27450980 0.29411765 0.33333333
v 0.00694578 0.09630672 0.00402500 0.27450980 0.29411765 0.33333333
v -0.00495248 0.08982346 0.00402500 0.27450980 0.29411765 0.33333333
v 0.00602726 0.09840629 0.00402500 0.27450980 0.29411765 0.33333333
v 0.00651593 0.09869878 0.00402500 0.27450980 0.29411765 0.33333333
v 0.00801874 0.09659423 0.00402500 0.27450980 0.29411765 0.33333333
v 0.00818802 0.09877047 0.00402500 0.27450980 0.29411765 0.33333333
v 0.00869993 0.09852088 0.00402500 0.27450980 0.29411765 0.33333333
v 0.00913482 0.09815315 0.00402500 0.27450980 0.29411765 0.33333333
v 0.00946602 0.09768985 0.00402500 0.27450980 0.29411765 0.33333333
v 0.00967323 0.09715936 0.00402500 0.27450980 0.29411765 0.33333333
v 0.00974374 0.09659423 0.00402500 0.27450980 0.29411765 0.33333333
v 0.00998481 0.08912025 0.00402500 0.27450980 0.29411765 0.33333333
v 0.00946660 0.08927242 0.00402500 0.27450980 0.29411765 0.33333333
v 0.00892652 0.08927242 0.00402500 0.27450980 0.29411765 0.33333333
v 0.00840831 0.08912025 0.00402500 0.27450980 0.29411765 0.33333333
v 0.00795396 0.08882826 0.00402500 0.27450980 0.29411765 0.33333333
v 0.00794171 0.09630672 0.00402500 0.27450980 0.29411765 0.33333333
v 0.02754680 0.09659423 0.00402500 0.27450980 0.29411765 0.33333333
v 0.02746976 0.09688173 0.00402500 0.27450980 0.29411765 0.33333333
v 0.02751590 0.09882894 0.00402500 0.27450980 0.29411765 0.33333333
v 0.02806912 0.09861559 0.00402500 0.27450980 0.29411765 0.33333333
v 0.02854941 0.09826788 0.00402500 0.27450980 0.29411765 0.33333333
v 0.02892485 0.09780896 0.00402500 0.27450980 0.29411765 0.33333333
v 0.02917050 0.09726929 0.00402500 0.27450980 0.29411765 0.33333333
v 0.02927001 0.09668477 0.00402500 0.27450980 0.29411765 0.33333333
v 0.02921679 0.09609423 0.00402500 0.27450980 0.29411765 0.33333333
v 0.02006406 0.07359423 0.00402500 0.27450980 0.29411765 0.33333333
v 0.00802981 0.07186820 0.00402500 0.27450980 0.29411765 0.33333333
v 0.00848416 0.07216019 0.00402500 0.27450980 0.29411765 0.33333333
v 0.00883784 0.07256836 0.00402500 0.27450980 0.29411765 0.33333333
v 0.00906220 0.07305964 0.00402500 0.27450980 0.29411765 0.33333333
v 0.00913906 0.07359423 0.00402500 0.27450980 0.29411765 0.33333333
v 0.00906220 0.07412881 0.00402500 0.27450980 0.29411765 0.33333333
v 0.00892652 0.08551604 0.00402500 0.27450980 0.29411765 0.33333333
v 0.00946660 0.08551604 0.00402500 0.27450980 0.29411765 0.33333333
v 0.00998481 0.08566820 0.00402500 0.27450980 0.29411765 0.33333333
v 0.01043916 0.08596019 0.00402500 0.27450980 0.29411765 0.33333333
v 0.01079284 0.08636836 0.00402500 0.27450980 0.29411765 0.33333333
v 0.01101720 0.08685964 0.00402500 0.27450980 0.29411765 0.33333333
v 0.02963396 0.09583578 0.00402500 0.27450980 0.29411765 0.33333333
v 0.01109406 0.08739423 0.00402500 0.27450980 0.29411765 0.33333333
v 0.02725930 0.09609626 0.00402500 0.27450980 0.29411765 0.33333333
v 0.02746976 0.09630672 0.00402500 0.27450980 0.29411765 0.33333333
v -0.00847857 0.07945368 0.00402500 0.27450980 0.29411765 0.33333333
v -0.00857026 0.08404772 0.00402500 0.27450980 0.29411765 0.33333333
v -0.00826148 0.08516425 0.00402500 0.27450980 0.29411765 0.33333333
v -0.00782564 0.08623757 0.00402500 0.27450980 0.29411765 0.33333333
v 0.00737592 0.08685964 0.00402500 0.27450980 0.29411765 0.33333333
v 0.00697152 0.07547241 0.00402500 0.27450980 0.29411765 0.33333333
v 0.00645331 0.07532025 0.00402500 0.27450980 0.29411765 0.33333333
v -0.00568537 0.06859510 0.00402500 0.27450980 0.29411765 0.33333333
v -0.00471690 0.06784423 0.00402500 0.27450980 0.29411765 0.33333333
v -0.00504071 0.06789810 0.00402500 0.27450980 0.29411765 0.33333333
v -0.00532963 0.06805393 0.00402500 0.27450980 0.29411765 0.33333333
v -0.00555252 0.06829492 0.00402500 0.27450980 0.29411765 0.33333333
v 0.00534406 0.07359423 0.00402500 0.27450980 0.29411765 0.33333333
v 0.00542092 0.07305964 0.00402500 0.27450980 0.29411765 0.33333333
v 0.00564528 0.07256836 0.00402500 0.27450980 0.29411765 0.33333333
v 0.00599896 0.07216019 0.00402500 0.27450980 0.29411765 0.33333333
v 0.00645331 0.07186820 0.00402500 0.27450980 0.29411765 0.33333333
v 0.00697152 0.07171604 0.00402500 0.27450980 0.29411765 0.33333333
v 0.00751160 0.07171604 0.00402500 0.27450980 0.29411765 0.33333333
v 0.02014092 0.07305964 0.00402500 0.27450980 0.29411765 0.33333333
v 0.02036528 0.07256836 0.00402500 0.27450980 0.29411765 0.33333333
v 0.02071896 0.07216019 0.00402500 0.27450980 0.29411765 0.33333333
v 0.02117331 0.07186820 0.00402500 0.27450980 0.29411765 0.33333333
v 0.02169151 0.07171604 0.00402500 0.27450980 0.29411765 0.33333333
v 0.02223160 0.07171604 0.00402500 0.27450980 0.29411765 0.33333333
v 0.00599896 0.07502826 0.00402500 0.27450980 0.29411765 0.33333333
v 0.00564528 0.07462009 0.00402500 0.27450980 0.29411765 0.33333333
v 0.00542092 0.07412881 0.00402500 0.27450980 0.29411765 0.33333333
v 0.03037176 0.09409631 0.00402500 0.27450980 0.29411765 0.33333333
v 0.02320416 0.07502826 0.00402500 0.27450980 0.29411765 0.33333333
v 0.02997562 0.09548352 0.00402500 0.27450980 0.29411765 0.33333333
v 0.03022123 0.09505866 0.00402500 0.27450980 0.29411765 0.33333333
v 0.03035598 0.09458679 0.00402500 0.27450980 0.29411765 0.33333333
v 0.02467180 0.09659423 0.00402500 0.27450980 0.29411765 0.33333333
v 0.02474823 0.09718222 0.00402500 0.27450980 0.29411765 0.33333333
v 0.02497243 0.09773113 0.00402500 0.27450980 0.29411765 0.33333333
v 0.02532952 0.09820448 0.00402500 0.27450980 0.29411765 0.33333333
v 0.02579575 0.09857082 0.00402500 0.27450980 0.29411765 0.33333333
v 0.02634015 0.09880579 0.00402500 0.27450980 0.29411765 0.33333333
v 0.02647383 0.09688173 0.00402500 0.27450980 0.29411765 0.33333333
v 0.02639680 0.09659423 0.00402500 0.27450980 0.29411765 0.33333333
v 0.02706794 0.06784423 0.00402500 0.27450980 0.29411765 0.33333333
v 0.02274981 0.07186820 0.00402500 0.27450980 0.29411765 0.33333333
v 0.02320416 0.07216019 0.00402500 0.27450980 0.29411765 0.33333333
v 0.02355784 0.07256836 0.00402500 0.27450980 0.29411765 0.33333333
v 0.02378220 0.07305964 0.00402500 0.27450980 0.29411765 0.33333333
v 0.02385906 0.07359423 0.00402500 0.27450980 0.29411765 0.33333333
v 0.02796363 0.06839955 0.00402500 0.27450980 0.29411765 0.33333333
v 0.02774222 0.06810575 0.00402500 0.27450980 0.29411765 0.33333333
v 0.02742955 0.06791190 0.00402500 0.27450980 0.29411765 0.33333333
v 0.02274981 0.07532025 0.00402500 0.27450980 0.29411765 0.33333333
v 0.02223160 0.07547241 0.00402500 0.27450980 0.29411765 0.33333333
v 0.02169151 0.07547241 0.00402500 0.27450980 0.29411765 0.33333333
v 0.02117331 0.07532025 0.00402500 0.27450980 0.29411765 0.33333333
v 0.02071896 0.07502826 0.00402500 0.27450980 0.29411765 0.33333333
v 0.02036528 0.07462009 0.00402500 0.27450980 0.29411765 0.33333333
v 0.02014092 0.07412881 0.00402500 0.27450980 0.29411765 0.33333333
v 0.01101720 0.08792882 0.00402500 0.27450980 0.29411765 0.33333333
v 0.01079284 0.08842009 0.00402500 0.27450980 0.29411765 0.33333333
v 0.01043916 0.08882826 0.00402500 0.27450980 0.29411765 0.33333333
v 0.02647383 0.09630672 0.00402500 0.27450980 0.29411765 0.33333333
v 0.02668430 0.09609626 0.00402500 0.27450980 0.29411765 0.33333333
v 0.02697180 0.09601923 0.00402500 0.27450980 0.29411765 0.33333333
v 0.00763048 0.09888663 0.00402500 0.27450980 0.29411765 0.33333333
v 0.00794171 0.09688173 0.00402500 0.27450980 0.29411765 0.33333333
v 0.00773124 0.09709219 0.00402500 0.27450980 0.29411765 0.33333333
v 0.00715624 0.09609626 0.00402500 0.27450980 0.29411765 0.33333333
v -0.00582231 0.08905835 0.00402500 0.27450980 0.29411765 0.33333333
v 0.02697180 0.09716923 0.00402500 0.27450980 0.29411765 0.33333333
v 0.02692652 0.09889378 0.00402500 0.27450980 0.29411765 0.33333333
v 0.02725930 0.09709219 0.00402500 0.27450980 0.29411765 0.33333333
v 0.02668430 0.09709219 0.00402500 0.27450980 0.29411765 0.33333333
v 0.00883784 0.07462009 0.00402500 0.27450980 0.29411765 0.33333333
v 0.00848416 0.07502826 0.00402500 0.27450980 0.29411765 0.33333333
v 0.00840831 0.08566820 0.00402500 0.27450980 0.29411765 0.33333333
v 0.00802981 0.07532025 0.00402500 0.27450980 0.29411765 0.33333333
v 0.00795396 0.08596019 0.00402500 0.27450980 0.29411765 0.33333333
v 0.00751160 0.07547241 0.00402500 0.27450980 0.29411765 0.33333333
v 0.00760028 0.08636836 0.00402500 0.27450980 0.29411765 0.33333333
v 0.00760028 0.08842009 0.00402500 0.27450980 0.29411765 0.33333333
v 0.00773124 0.09609626 0.00402500 0.27450980 0.29411765 0.33333333
v 0.00737592 0.08792882 0.00402500 0.27450980 0.29411765 0.33333333
v 0.00744374 0.09601923 0.00402500 0.27450980 0.29411765 0.33333333
v 0.02806382 0.06875353 0.01552500 0.27450980 0.29411765 0.33333333
v 0.02959758 0.08559521 0.01552500 0.27450980 0.29411765 0.33333333
v 0.01102940 0.08690311 0.01552500 0.27450980 0.29411765 0.33333333
v 0.01083984 0.08644548 0.01552500 0.27450980 0.29411765 0.33333333
v 0.01301917 0.08663387 0.01552500 0.27450980 0.29411765 0.33333333
v 0.01243721 0.08522889 0.01552500 0.27450980 0.29411765 0.33333333
v 0.00968767 0.08556139 0.01552500 0.27450980 0.29411765 0.33333333
v 0.00919656 0.08549673 0.01552500 0.27450980 0.29411765 0.33333333
v 0.00919656 0.08929173 0.01552500 0.27450980 0.29411765 0.33333333
v 0.00970209 0.08922314 0.01552500 0.27450980 0.29411765 0.33333333
v 0.01279738 0.08888573 0.01552500 0.27450980 0.29411765 0.33333333
v 0.01243721 0.08955956 0.01552500 0.27450980 0.29411765 0.33333333
v 0.01195251 0.09015018 0.01552500 0.27450980 0.29411765 0.33333333
v 0.01136189 0.09063488 0.01552500 0.27450980 0.29411765 0.33333333
v 0.01068807 0.09099505 0.01552500 0.27450980 0.29411765 0.33333333
v 0.00995692 0.09121684 0.01552500 0.27450980 0.29411765 0.33333333
v 0.00919656 0.09129173 0.01552500 0.27450980 0.29411765 0.33333333
v 0.00843619 0.09121684 0.01552500 0.27450980 0.29411765 0.33333333
v 0.00770505 0.09099505 0.01552500 0.27450980 0.29411765 0.33333333
v 0.00703122 0.09063488 0.01552500 0.27450980 0.29411765 0.33333333
v 0.00644061 0.09015018 0.01552500 0.27450980 0.29411765 0.33333333
v 0.00595591 0.08955956 0.01552500 0.27450980 0.29411765 0.33333333
v 0.00870545 0.08922707 0.01552500 0.27450980 0.29411765 0.33333333
v 0.00595591 0.08522889 0.01552500 0.27450980 0.29411765 0.33333333
v 0.00919656 0.08349673 0.01552500 0.27450980 0.29411765 0.33333333
v 0.00869103 0.08556531 0.01552500 0.27450980 0.29411765 0.33333333
v 0.00822204 0.08576609 0.01552500 0.27450980 0.29411765 0.33333333
v 0.00559574 0.08590272 0.01552500 0.27450980 0.29411765 0.33333333
v 0.00644061 0.08463828 0.01552500 0.27450980 0.29411765 0.33333333
v 0.00703122 0.08415357 0.01552500 0.27450980 0.29411765 0.33333333
v 0.00770505 0.08379340 0.01552500 0.27450980 0.29411765 0.33333333
v 0.00843619 0.08357162 0.01552500 0.27450980 0.29411765 0.33333333
v 0.00995692 0.08357162 0.01552500 0.27450980 0.29411765 0.33333333
v 0.01068807 0.08379340 0.01552500 0.27450980 0.29411765 0.33333333
v 0.01136189 0.08415357 0.01552500 0.27450980 0.29411765 0.33333333
v 0.01195251 0.08463828 0.01552500 0.27450980 0.29411765 0.33333333
v 0.00824781 0.08903751 0.01552500 0.27450980 0.29411765 0.33333333
v 0.00559574 0.08888573 0.01552500 0.27450980 0.29411765 0.33333333
v 0.00785482 0.08873596 0.01552500 0.27450980 0.29411765 0.33333333
v 0.00755328 0.08834298 0.01552500 0.27450980 0.29411765 0.33333333
v 0.00537395 0.08815459 0.01552500 0.27450980 0.29411765 0.33333333
v 0.00736371 0.08788534 0.01552500 0.27450980 0.29411765 0.33333333
v 0.00529906 0.08739423 0.01552500 0.27450980 0.29411765 0.33333333
v 0.00729906 0.08739423 0.01552500 0.27450980 0.29411765 0.33333333
v 0.00735990 0.08691756 0.01552500 0.27450980 0.29411765 0.33333333
v 0.00537395 0.08663387 0.01552500 0.27450980 0.29411765 0.33333333
v 0.00753854 0.08647147 0.01552500 0.27450980 0.29411765 0.33333333
v 0.00782350 0.08608456 0.01552500 0.27450980 0.29411765 0.33333333
v 0.01056962 0.08870389 0.01552500 0.27450980 0.29411765 0.33333333
v 0.01301917 0.08815459 0.01552500 0.27450980 0.29411765 0.33333333
v 0.01017107 0.08902236 0.01552500 0.27450980 0.29411765 0.33333333
v 0.01103321 0.08787089 0.01552500 0.27450980 0.29411765 0.33333333
v 0.01309406 0.08739423 0.01552500 0.27450980 0.29411765 0.33333333
v 0.01085458 0.08831698 0.01552500 0.27450980 0.29411765 0.33333333
v 0.01109406 0.08739423 0.01552500 0.27450980 0.29411765 0.33333333
v 0.01279738 0.08590272 0.01552500 0.27450980 0.29411765 0.33333333
v 0.01053829 0.08605249 0.01552500 0.27450980 0.29411765 0.33333333
v 0.01014531 0.08575095 0.01552500 0.27450980 0.29411765 0.33333333
v 0.01309406 0.08739423 0.00602500 0.27450980 0.29411765 0.33333333
v 0.01301917 0.08815459 0.00602500 0.27450980 0.29411765 0.33333333
v 0.01309406 0.08739423 0.01092500 0.27450980 0.29411765 0.33333333
v 0.00529906 0.08739423 0.01092500 0.27450980 0.29411765 0.33333333
v 0.01279738 0.08888573 0.00602500 0.27450980 0.29411765 0.33333333
v 0.01243721 0.08955956 0.00602500 0.27450980 0.29411765 0.33333333
v 0.01195251 0.09015018 0.00602500 0.27450980 0.29411765 0.33333333
v 0.01136189 0.09063488 0.00602500 0.27450980 0.29411765 0.33333333
v 0.01068807 0.09099505 0.00602500 0.27450980 0.29411765 0.33333333
v 0.00995692 0.09121684 0.00602500 0.27450980 0.29411765 0.33333333
v 0.00919656 0.09129173 0.00602500 0.27450980 0.29411765 0.33333333
v 0.00843619 0.09121684 0.00602500 0.27450980 0.29411765 0.33333333
v 0.00770505 0.09099505 0.00602500 0.27450980 0.29411765 0.33333333
v 0.00703122 0.09063488 0.00602500 0.27450980 0.29411765 0.33333333
v 0.00644061 0.09015018 0.00602500 0.27450980 0.29411765 0.33333333
v 0.00595591 0.08955956 0.00602500 0.27450980 0.29411765 0.33333333
v 0.00559574 0.08888573 0.00602500 0.27450980 0.29411765 0.33333333
v 0.00537395 0.08815459 0.00602500 0.27450980 0.29411765 0.33333333
v 0.00529906 0.08739423 0.00602500 0.27450980 0.29411765 0.33333333
v 0.00537395 0.08663387 0.00602500 0.27450980 0.29411765 0.33333333
v 0.00559574 0.08590272 0.00602500 0.27450980 0.29411765 0.33333333
v 0.00595591 0.08522889 0.00602500 0.27450980 0.29411765 0.33333333
v 0.00644061 0.08463828 0.00602500 0.27450980 0.29411765 0.33333333
v 0.00703122 0.08415357 0.00602500 0.27450980 0.29411765 0.33333333
v 0.00770505 0.08379340 0.00602500 0.27450980 0.29411765 0.33333333
v 0.00843619 0.08357162 0.00602500 0.27450980 0.29411765 0.33333333
v 0.00919656 0.08349673 0.00602500 0.27450980 0.29411765 0.33333333
v 0.00995692 0.08357162 0.00602500 0.27450980 0.29411765 0.33333333
v 0.01068807 0.08379340 0.00602500 0.27450980 0.29411765 0.33333333
v 0.01136189 0.08415357 0.00602500 0.27450980 0.29411765 0.33333333
v 0.01195251 0.08463828 0.00602500 0.27450980 0.29411765 0.33333333
v 0.01243721 0.08522889 0.00602500 0.27450980 0.29411765 0.33333333
v 0.01279738 0.08590272 0.00602500 0.27450980 0.29411765 0.33333333
v 0.01301917 0.08663387 0.00602500 0.27450980 0.29411765 0.33333333
v 0.00697152 0.07171604 0.01552500 0.27450980 0.29411765 0.33333333
v 0.00645331 0.07186820 0.01552500 0.27450980 0.29411765 0.33333333
v 0.00599896 0.07216019 0.01552500 0.27450980 0.29411765 0.33333333
v 0.00564528 0.07256836 0.01552500 0.27450980 0.29411765 0.33333333
v 0.00542092 0.07305964 0.01552500 0.27450980 0.29411765 0.33333333
v 0.00534406 0.07359423 0.01552500 0.27450980 0.29411765 0.33333333
v 0.00751160 0.07171604 0.01552500 0.27450980 0.29411765 0.33333333
v 0.00802981 0.07186820 0.01552500 0.27450980 0.29411765 0.33333333
v 0.00848416 0.07216019 0.01552500 0.27450980 0.29411765 0.33333333
v 0.00883784 0.07256836 0.01552500 0.27450980 0.29411765 0.33333333
v 0.00906220 0.07305964 0.01552500 0.27450980 0.29411765 0.33333333
v 0.00913906 0.07359423 0.01552500 0.27450980 0.29411765 0.33333333
v -0.00679371 0.08199133 0.00602500 0.27450980 0.29411765 0.33333333
v -0.00679194 0.08211973 0.01552500 0.27450980 0.29411765 0.33333333
v -0.00674104 0.08102725 0.01552500 0.27450980 0.29411765 0.33333333
v -0.00672150 0.08301838 0.00602500 0.27450980 0.29411765 0.33333333
v -0.00669336 0.08320893 0.01552500 0.27450980 0.29411765 0.33333333
v -0.00651798 0.08402766 0.00602500 0.27450980 0.29411765 0.33333333
v -0.00644715 0.08427451 0.01552500 0.27450980 0.29411765 0.33333333
v -0.00618652 0.08500243 0.00602500 0.27450980 0.29411765 0.33333333
v -0.00605791 0.08529655 0.01552500 0.27450980 0.29411765 0.33333333
v -0.00573262 0.08592657 0.00602500 0.27450980 0.29411765 0.33333333
v -0.00553291 0.08625597 0.01552500 0.27450980 0.29411765 0.33333333
v -0.00516378 0.08678476 0.00602500 0.27450980 0.29411765 0.33333333
v -0.00488197 0.08713480 0.01552500 0.27450980 0.29411765 0.33333333
v -0.00448944 0.08756277 0.00602500 0.27450980 0.29411765 0.33333333
v -0.00411724 0.08791665 0.01552500 0.27450980 0.29411765 0.33333333
v -0.00673342 0.08096350 0.00602500 0.27450980 0.29411765 0.33333333
v -0.00654162 0.07995193 0.01552500 0.27450980 0.29411765 0.33333333
v -0.00654162 0.07995193 0.00602500 0.27450980 0.29411765 0.33333333
v -0.00372075 0.08824775 0.00602500 0.27450980 0.29411765 0.33333333
v -0.00372075 0.08824775 0.01092500 0.27450980 0.29411765 0.33333333
v -0.00325303 0.08858689 0.01092500 0.27450980 0.29411765 0.33333333
v -0.00325303 0.08858689 0.01552500 0.27450980 0.29411765 0.33333333
v 0.00889958 0.07451698 0.01552500 0.27450980 0.29411765 0.33333333
v 0.00861462 0.07490389 0.01552500 0.27450980 0.29411765 0.33333333
v 0.00821607 0.07522237 0.01552500 0.27450980 0.29411765 0.33333333
v 0.00774709 0.07542315 0.01552500 0.27450980 0.29411765 0.33333333
v 0.00724156 0.07549173 0.01552500 0.27450980 0.29411765 0.33333333
v 0.00675045 0.07542707 0.01552500 0.27450980 0.29411765 0.33333333
v 0.00629281 0.07523751 0.01552500 0.27450980 0.29411765 0.33333333
v 0.00589982 0.07493596 0.01552500 0.27450980 0.29411765 0.33333333
v 0.00559828 0.07454298 0.01552500 0.27450980 0.29411765 0.33333333
v 0.00907821 0.07407088 0.01552500 0.27450980 0.29411765 0.33333333
v 0.00540871 0.07408533 0.01552500 0.27450980 0.29411765 0.33333333
v 0.02575957 0.07271923 0.00602500 0.27450980 0.29411765 0.33333333
v 0.02575957 0.07271923 0.01552500 0.27450980 0.29411765 0.33333333
v 0.02641670 0.07271923 0.00602500 0.27450980 0.29411765 0.33333333
v 0.02641670 0.07271923 0.01552500 0.27450980 0.29411765 0.33333333
v 0.02169151 0.07171604 0.01552500 0.27450980 0.29411765 0.33333333
v 0.02117331 0.07186820 0.01552500 0.27450980 0.29411765 0.33333333
v 0.02071896 0.07216019 0.01552500 0.27450980 0.29411765 0.33333333
v 0.02036528 0.07256836 0.01552500 0.27450980 0.29411765 0.33333333
v 0.02014092 0.07305964 0.01552500 0.27450980 0.29411765 0.33333333
v 0.02006406 0.07359423 0.01552500 0.27450980 0.29411765 0.33333333
v 0.02223160 0.07171604 0.01552500 0.27450980 0.29411765 0.33333333
v 0.02274981 0.07186820 0.01552500 0.27450980 0.29411765 0.33333333
v 0.02320416 0.07216019 0.01552500 0.27450980 0.29411765 0.33333333
v 0.02355784 0.07256836 0.01552500 0.27450980 0.29411765 0.33333333
v 0.02378220 0.07305964 0.01552500 0.27450980 0.29411765 0.33333333
v 0.02385906 0.07359423 0.01552500 0.27450980 0.29411765 0.33333333
v 0.02361958 0.07451698 0.01552500 0.27450980 0.29411765 0.33333333
v 0.02333462 0.07490389 0.01552500 0.27450980 0.29411765 0.33333333
v 0.02293607 0.07522237 0.01552500 0.27450980 0.29411765 0.33333333
v 0.02246709 0.07542315 0.01552500 0.27450980 0.29411765 0.33333333
v 0.02196156 0.07549173 0.01552500 0.27450980 0.29411765 0.33333333
v 0.02147045 0.07542707 0.01552500 0.27450980 0.29411765 0.33333333
v 0.02101281 0.07523751 0.01552500 0.27450980 0.29411765 0.33333333
v 0.02061982 0.07493596 0.01552500 0.27450980 0.29411765 0.33333333
v 0.02031828 0.07454298 0.01552500 0.27450980 0.29411765 0.33333333
v 0.02379821 0.07407088 0.01552500 0.27450980 0.29411765 0.33333333
v 0.02012871 0.07408533 0.01552500 0.27450980 0.29411765 0.33333333
v -0.00603629 0.08884035 0.01552500 0.27450980 0.29411765 0.33333333
v -0.00468113 0.07271923 0.01552500 0.27450980 0.29411765 0.33333333
v -0.00468113 0.07271923 0.00602500 0.27450980 0.29411765 0.33333333
v 0.02583411 0.07315391 0.01552500 0.27450980 0.29411765 0.33333333
v 0.02583411 0.07315391 0.00602500 0.27450980 0.29411765 0.33333333
v 0.02585906 0.07359423 0.01552500 0.27450980 0.29411765 0.33333333
v 0.02585906 0.07359423 0.00602500 0.27450980 0.29411765 0.33333333
v 0.02578417 0.07435459 0.01552500 0.27450980 0.29411765 0.33333333
v 0.02578417 0.07435459 0.00602500 0.27450980 0.29411765 0.33333333
v 0.02556238 0.07508574 0.01552500 0.27450980 0.29411765 0.33333333
v 0.02556238 0.07508574 0.00602500 0.27450980 0.29411765 0.33333333
v 0.02520221 0.07575956 0.01552500 0.27450980 0.29411765 0.33333333
v 0.02520221 0.07575956 0.00602500 0.27450980 0.29411765 0.33333333
v 0.02471751 0.07635017 0.01552500 0.27450980 0.29411765 0.33333333
v 0.02471751 0.07635017 0.00602500 0.27450980 0.29411765 0.33333333
v 0.02412689 0.07683488 0.01552500 0.27450980 0.29411765 0.33333333
v 0.02412689 0.07683488 0.00602500 0.27450980 0.29411765 0.33333333
v 0.02345307 0.07719505 0.01552500 0.27450980 0.29411765 0.33333333
v 0.02345307 0.07719505 0.00602500 0.27450980 0.29411765 0.33333333
v 0.02272192 0.07741684 0.01552500 0.27450980 0.29411765 0.33333333
v 0.02272192 0.07741684 0.00602500 0.27450980 0.29411765 0.33333333
v 0.02196156 0.07749173 0.01552500 0.27450980 0.29411765 0.33333333
v 0.02196156 0.07749173 0.00602500 0.27450980 0.29411765 0.33333333
v 0.02120119 0.07741684 0.01552500 0.27450980 0.29411765 0.33333333
v 0.02120119 0.07741684 0.00602500 0.27450980 0.29411765 0.33333333
v 0.02047005 0.07719505 0.01552500 0.27450980 0.29411765 0.33333333
v 0.02047005 0.07719505 0.00602500 0.27450980 0.29411765 0.33333333
v 0.01979622 0.07683488 0.01552500 0.27450980 0.29411765 0.33333333
v 0.01979622 0.07683488 0.00602500 0.27450980 0.29411765 0.33333333
v 0.01920561 0.07635017 0.01552500 0.27450980 0.29411765 0.33333333
v 0.01920561 0.07635017 0.00602500 0.27450980 0.29411765 0.33333333
v 0.01872091 0.07575956 0.01552500 0.27450980 0.29411765 0.33333333
v 0.01872091 0.07575956 0.00602500 0.27450980 0.29411765 0.33333333
v 0.01836074 0.07508574 0.01552500 0.27450980 0.29411765 0.33333333
v 0.01836074 0.07508574 0.00602500 0.27450980 0.29411765 0.33333333
v 0.01813895 0.07435459 0.01552500 0.27450980 0.29411765 0.33333333
v 0.01813895 0.07435459 0.00602500 0.27450980 0.29411765 0.33333333
v 0.01806406 0.07359423 0.01552500 0.27450980 0.29411765 0.33333333
v 0.01806406 0.07359423 0.00602500 0.27450980 0.29411765 0.33333333
v 0.01808901 0.07315391 0.01552500 0.27450980 0.29411765 0.33333333
v 0.01808901 0.07315391 0.00602500 0.27450980 0.29411765 0.33333333
v 0.01816355 0.07271923 0.01552500 0.27450980 0.29411765 0.33333333
v 0.01816355 0.07271923 0.00602500 0.27450980 0.29411765 0.33333333
v 0.01103957 0.07271923 0.00602500 0.27450980 0.29411765 0.33333333
v 0.01103957 0.07271923 0.01552500 0.27450980 0.29411765 0.33333333
v 0.01111411 0.07315391 0.01552500 0.27450980 0.29411765 0.33333333
v 0.01111411 0.07315391 0.00602500 0.27450980 0.29411765 0.33333333
v 0.01113906 0.07359423 0.01552500 0.27450980 0.29411765 0.33333333
v 0.01113906 0.07359423 0.00602500 0.27450980 0.29411765 0.33333333
v 0.01106417 0.07435459 0.01552500 0.27450980 0.29411765 0.33333333
v 0.01106417 0.07435459 0.00602500 0.27450980 0.29411765 0.33333333
v 0.01084238 0.07508574 0.01552500 0.27450980 0.29411765 0.33333333
v 0.01084238 0.07508574 0.00602500 0.27450980 0.29411765 0.33333333
v 0.01048221 0.07575956 0.01552500 0.27450980 0.29411765 0.33333333
v 0.01048221 0.07575956 0.00602500 0.27450980 0.29411765 0.33333333
v 0.00999751 0.07635017 0.01552500 0.27450980 0.29411765 0.33333333
v 0.00999751 0.07635017 0.00602500 0.27450980 0.29411765 0.33333333
v 0.00940689 0.07683488 0.01552500 0.27450980 0.29411765 0.33333333
v 0.00940689 0.07683488 0.00602500 0.27450980 0.29411765 0.33333333
v 0.00873307 0.07719505 0.01552500 0.27450980 0.29411765 0.33333333
v 0.00873307 0.07719505 0.00602500 0.27450980 0.29411765 0.33333333
v 0.00800192 0.07741684 0.01552500 0.27450980 0.29411765 0.33333333
v 0.00800192 0.07741684 0.00602500 0.27450980 0.29411765 0.33333333
v 0.00724156 0.07749173 0.01552500 0.27450980 0.29411765 0.33333333
v 0.00724156 0.07749173 0.00602500 0.27450980 0.29411765 0.33333333
v 0.00648119 0.07741684 0.01552500 0.27450980 0.29411765 0.33333333
v 0.00648119 0.07741684 0.00602500 0.27450980 0.29411765 0.33333333
v 0.00575005 0.07719505 0.01552500 0.27450980 0.29411765 0.33333333
v 0.00575005 0.07719505 0.00602500 0.27450980 0.29411765 0.33333333
v 0.00507622 0.07683488 0.01552500 0.27450980 0.29411765 0.33333333
v 0.00507622 0.07683488 0.00602500 0.27450980 0.29411765 0.33333333
v 0.00448561 0.07635017 0.01552500 0.27450980 0.29411765 0.33333333
v 0.00448561 0.07635017 0.00602500 0.27450980 0.29411765 0.33333333
v 0.00400091 0.07575956 0.01552500 0.27450980 0.29411765 0.33333333
v 0.00400091 0.07575956 0.00602500 0.27450980 0.29411765 0.33333333
v 0.00364074 0.07508574 0.01552500 0.27450980 0.29411765 0.33333333
v 0.00364074 0.07508574 0.00602500 0.27450980 0.29411765 0.33333333
v 0.00341895 0.07435459 0.01552500 0.27450980 0.29411765 0.33333333
v 0.00341895 0.07435459 0.00602500 0.27450980 0.29411765 0.33333333
v 0.00334406 0.07359423 0.01552500 0.27450980 0.29411765 0.33333333
v 0.00334406 0.07359423 0.00602500 0.27450980 0.29411765 0.33333333
v 0.00336901 0.07315391 0.01552500 0.27450980 0.29411765 0.33333333
v 0.00336901 0.07315391 0.00602500 0.27450980 0.29411765 0.33333333
v 0.00344355 0.07271923 0.01552500 0.27450980 0.29411765 0.33333333
v 0.00344355 0.07271923 0.00602500 0.27450980 0.29411765 0.33333333
v 0.02760582 0.08577660 0.01552500 0.27450980 0.29411765 0.33333333
v -0.00309538 0.07071923 0.01552500 0.27450980 0.29411765 0.33333333
v 0.02577014 0.07071923 0.01552500 0.27450980 0.29411765 0.33333333
v -0.00847857 0.07945368 0.01552500 0.27450980 0.29411765 0.33333333
v -0.00568537 0.06859510 0.01552500 0.27450980 0.29411765 0.33333333
v -0.00235583 0.06784423 0.01552500 0.27450980 0.29411765 0.33333333
v -0.00555252 0.06829492 0.01552500 0.27450980 0.29411765 0.33333333
v -0.00532963 0.06805393 0.01552500 0.27450980 0.29411765 0.33333333
v -0.00504071 0.06789810 0.01552500 0.27450980 0.29411765 0.33333333
v -0.00471690 0.06784423 0.01552500 0.27450980 0.29411765 0.33333333
v 0.02550832 0.06784423 0.01552500 0.27450980 0.29411765 0.33333333
v 0.02706794 0.06784423 0.01552500 0.27450980 0.29411765 0.33333333
v 0.02742955 0.06791190 0.01552500 0.27450980 0.29411765 0.33333333
v 0.02774222 0.06810575 0.01552500 0.27450980 0.29411765 0.33333333
v 0.02796363 0.06839955 0.01552500 0.27450980 0.29411765 0.33333333
v -0.00676470 0.08798359 0.01552500 0.27450980 0.29411765 0.33333333
v -0.00739231 0.08705046 0.01552500 0.27450980 0.29411765 0.33333333
v -0.00791118 0.08605276 0.01552500 0.27450980 0.29411765 0.33333333
v -0.00831475 0.08500312 0.01552500 0.27450980 0.29411765 0.33333333
v -0.00859791 0.08391479 0.01552500 0.27450980 0.29411765 0.33333333
v -0.00875709 0.08280156 0.01552500 0.27450980 0.29411765 0.33333333
v -0.00879027 0.08167750 0.01552500 0.27450980 0.29411765 0.33333333
v -0.00869704 0.08055682 0.01552500 0.27450980 0.29411765 0.33333333
v 0.02577014 0.07071922 0.00770702 0.27450980 0.29411765 0.33333333
v -0.00309538 0.07071922 0.00770702 0.27450980 0.29411765 0.33333333
v 0.01760477 0.07019491 0.00772533 0.27450980 0.29411765 0.33333333
v 0.01784778 0.07019113 0.00772546 0.27450980 0.29411765 0.33333333
v 0.02335477 0.07019491 0.00772533 0.27450980 0.29411765 0.33333333
v 0.02359778 0.07019113 0.00772546 0.27450980 0.29411765 0.33333333
v 0.02383009 0.07011971 0.00772795 0.27450980 0.29411765 0.33333333
v 0.02403329 0.06998628 0.00773261 0.27450980 0.29411765 0.33333333
v 0.02419117 0.06980149 0.00773907 0.27450980 0.29411765 0.33333333
v 0.02550832 0.06784423 0.00780742 0.27450980 0.29411765 0.33333333
v -0.00235583 0.06784423 0.00780742 0.27450980 0.29411765 0.33333333
v -0.00022179 0.06986359 0.00773692 0.27450980 0.29411765 0.33333333
v -0.00005203 0.07003107 0.00773107 0.27450980 0.29411765 0.33333333
v 0.00015494 0.07014483 0.00772709 0.27450980 0.29411765 0.33333333
v 0.00038373 0.07019807 0.00772522 0.27450980 0.29411765 0.33333333
v 0.00061799 0.07018769 0.00772558 0.27450980 0.29411765 0.33333333
v 0.00610477 0.07019491 0.00772533 0.27450980 0.29411765 0.33333333
v 0.00634778 0.07019113 0.00772546 0.27450980 0.29411765 0.33333333
v 0.01185477 0.07019491 0.00772533 0.27450980 0.29411765 0.33333333
v 0.01209778 0.07019113 0.00772546 0.27450980 0.29411765 0.33333333
v 0.02332824 0.06848733 0.00778496 0.27450980 0.29411765 0.33333333
v 0.01782125 0.06848354 0.00778509 0.27450980 0.29411765 0.33333333
v 0.01757824 0.06848733 0.00778496 0.27450980 0.29411765 0.33333333
v 0.01207125 0.06848354 0.00778509 0.27450980 0.29411765 0.33333333
v 0.01182824 0.06848733 0.00778496 0.27450980 0.29411765 0.33333333
v 0.00632125 0.06848354 0.00778509 0.27450980 0.29411765 0.33333333
v 0.00607824 0.06848733 0.00778496 0.27450980 0.29411765 0.33333333
v 0.00054227 0.06848038 0.00778520 0.27450980 0.29411765 0.33333333
v 0.00030802 0.06849077 0.00778484 0.27450980 0.29411765 0.33333333
v 0.00008463 0.06856416 0.00778226 0.27450980 0.29411765 0.33333333
v -0.00011210 0.06869646 0.00777764 0.27450980 0.29411765 0.33333333
v -0.00026651 0.06887910 0.00777126 0.27450980 0.29411765 0.33333333
v -0.00036537 0.06909904 0.00776359 0.27450980 0.29411765 0.33333333
v -0.00039949 0.06933923 0.00775521 0.27450980 0.29411765 0.33333333
v -0.00034001 0.06965397 0.00774423 0.27450980 0.29411765 0.33333333
v 0.02429124 0.06957990 0.00774681 0.27450980 0.29411765 0.33333333
v 0.02432551 0.06933923 0.00775521 0.27450980 0.29411765 0.33333333
v 0.02428336 0.06907291 0.00776451 0.27450980 0.29411765 0.33333333
v 0.02417648 0.06885460 0.00777213 0.27450980 0.29411765 0.33333333
v 0.02401292 0.06867477 0.00777841 0.27450980 0.29411765 0.33333333
v 0.02380570 0.06854774 0.00778285 0.27450980 0.29411765 0.33333333
v 0.02357125 0.06848354 0.00778509 0.27450980 0.29411765 0.33333333
v 0.02260051 0.06933923 0.00775521 0.27450980 0.29411765 0.33333333
v 0.01853336 0.06907291 0.00776451 0.27450980 0.29411765 0.33333333
v 0.02263478 0.06909855 0.00776361 0.27450980 0.29411765 0.33333333
v 0.01842648 0.06885460 0.00777213 0.27450980 0.29411765 0.33333333
v 0.02273485 0.06887696 0.00777135 0.27450980 0.29411765 0.33333333
v 0.01826292 0.06867477 0.00777841 0.27450980 0.29411765 0.33333333
v 0.02289273 0.06869217 0.00777780 0.27450980 0.29411765 0.33333333
v 0.01805570 0.06854774 0.00778285 0.27450980 0.29411765 0.33333333
v 0.02309593 0.06855875 0.00778247 0.27450980 0.29411765 0.33333333
v 0.01857551 0.06933923 0.00775521 0.27450980 0.29411765 0.33333333
v 0.02264267 0.06960555 0.00774591 0.27450980 0.29411765 0.33333333
v 0.01854124 0.06957990 0.00774681 0.27450980 0.29411765 0.33333333
v 0.02274954 0.06982385 0.00773829 0.27450980 0.29411765 0.33333333
v 0.01844117 0.06980149 0.00773907 0.27450980 0.29411765 0.33333333
v 0.02291310 0.07000368 0.00773201 0.27450980 0.29411765 0.33333333
v 0.01828329 0.06998628 0.00773261 0.27450980 0.29411765 0.33333333
v 0.02312032 0.07013071 0.00772757 0.27450980 0.29411765 0.33333333
v 0.01808009 0.07011971 0.00772795 0.27450980 0.29411765 0.33333333
v 0.01685051 0.06933923 0.00775521 0.27450980 0.29411765 0.33333333
v 0.01278336 0.06907291 0.00776451 0.27450980 0.29411765 0.33333333
v 0.01688478 0.06909855 0.00776361 0.27450980 0.29411765 0.33333333
v 0.01267648 0.06885460 0.00777213 0.27450980 0.29411765 0.33333333
v 0.01698485 0.06887696 0.00777135 0.27450980 0.29411765 0.33333333
v 0.01251292 0.06867477 0.00777841 0.27450980 0.29411765 0.33333333
v 0.01714273 0.06869217 0.00777780 0.27450980 0.29411765 0.33333333
v 0.01230570 0.06854774 0.00778285 0.27450980 0.29411765 0.33333333
v 0.01734593 0.06855875 0.00778247 0.27450980 0.29411765 0.33333333
v 0.01282551 0.06933923 0.00775521 0.27450980 0.29411765 0.33333333
v 0.01689267 0.06960555 0.00774591 0.27450980 0.29411765 0.33333333
v 0.01279124 0.06957990 0.00774681 0.27450980 0.29411765 0.33333333
v 0.01699954 0.06982385 0.00773829 0.27450980 0.29411765 0.33333333
v 0.01269117 0.06980149 0.00773907 0.27450980 0.29411765 0.33333333
v 0.01716310 0.07000368 0.00773201 0.27450980 0.29411765 0.33333333
v 0.01253330 0.06998628 0.00773261 0.27450980 0.29411765 0.33333333
v 0.01737032 0.07013071 0.00772757 0.27450980 0.29411765 0.33333333
v 0.01233009 0.07011971 0.00772795 0.27450980 0.29411765 0.33333333
v 0.01110051 0.06933923 0.00775521 0.27450980 0.29411765 0.33333333
v 0.00703336 0.06907291 0.00776451 0.27450980 0.29411765 0.33333333
v 0.01113478 0.06909855 0.00776361 0.27450980 0.29411765 0.33333333
v 0.00692648 0.06885460 0.00777213 0.27450980 0.29411765 0.33333333
v 0.01123485 0.06887696 0.00777135 0.27450980 0.29411765 0.33333333
v 0.00676292 0.06867477 0.00777841 0.27450980 0.29411765 0.33333333
v 0.01139273 0.06869217 0.00777780 0.27450980 0.29411765 0.33333333
v 0.00655570 0.06854774 0.00778285 0.27450980 0.29411765 0.33333333
v 0.01159593 0.06855875 0.00778247 0.27450980 0.29411765 0.33333333
v 0.00707551 0.06933923 0.00775521 0.27450980 0.29411765 0.33333333
v 0.01114267 0.06960555 0.00774591 0.27450980 0.29411765 0.33333333
v 0.00704124 0.06957990 0.00774681 0.27450980 0.29411765 0.33333333
v 0.01124954 0.06982385 0.00773829 0.27450980 0.29411765 0.33333333
v 0.00694117 0.06980149 0.00773907 0.27450980 0.29411765 0.33333333
v 0.01141310 0.07000368 0.00773201 0.27450980 0.29411765 0.33333333
v 0.00678330 0.06998628 0.00773261 0.27450980 0.29411765 0.33333333
v 0.01162032 0.07013071 0.00772757 0.27450980 0.29411765 0.33333333
v 0.00658009 0.07011971 0.00772795 0.27450980 0.29411765 0.33333333
v 0.00535051 0.06933923 0.00775521 0.27450980 0.29411765 0.33333333
v 0.00126602 0.06902445 0.00776619 0.27450980 0.29411765 0.33333333
v 0.00538478 0.06909855 0.00776361 0.27450980 0.29411765 0.33333333
v 0.00114779 0.06881483 0.00777350 0.27450980 0.29411765 0.33333333
v 0.00548485 0.06887696 0.00777135 0.27450980 0.29411765 0.33333333
v 0.00097803 0.06864737 0.00777935 0.27450980 0.29411765 0.33333333
v 0.00564273 0.06869217 0.00777780 0.27450980 0.29411765 0.33333333
v 0.00077105 0.06853362 0.00778333 0.27450980 0.29411765 0.33333333
v 0.00584593 0.06855875 0.00778247 0.27450980 0.29411765 0.33333333
v 0.00132551 0.06933923 0.00775521 0.27450980 0.29411765 0.33333333
v 0.00539266 0.06960555 0.00774591 0.27450980 0.29411765 0.33333333
v 0.00129139 0.06957941 0.00774683 0.27450980 0.29411765 0.33333333
v 0.00549954 0.06982385 0.00773829 0.27450980 0.29411765 0.33333333
v 0.00119254 0.06979933 0.00773916 0.27450980 0.29411765 0.33333333
v 0.00566310 0.07000368 0.00773201 0.27450980 0.29411765 0.33333333
v 0.00103813 0.06998199 0.00773278 0.27450980 0.29411765 0.33333333
v 0.00587032 0.07013071 0.00772757 0.27450980 0.29411765 0.33333333
v 0.00084140 0.07011430 0.00772816 0.27450980 0.29411765 0.33333333
v 0.00541616 0.06966929 0.01552500 0.27450980 0.29411765 0.33333333
v 0.00560313 0.06994910 0.01552500 0.27450980 0.29411765 0.33333333
v 0.00621301 0.07020173 0.01552500 0.27450980 0.29411765 0.33333333
v 0.00654308 0.07013607 0.01552500 0.27450980 0.29411765 0.33333333
v 0.00682289 0.06994910 0.01552500 0.27450980 0.29411765 0.33333333
v 0.00700986 0.06966929 0.01552500 0.27450980 0.29411765 0.33333333
v 0.00535051 0.06933923 0.01552500 0.27450980 0.29411765 0.33333333
v 0.00588295 0.07013607 0.01552500 0.27450980 0.29411765 0.33333333
v 0.00707551 0.06933923 0.01552500 0.27450980 0.29411765 0.33333333
v 0.01116616 0.06966929 0.01552500 0.27450980 0.29411765 0.33333333
v 0.01135313 0.06994910 0.01552500 0.27450980 0.29411765 0.33333333
v 0.01196301 0.07020173 0.01552500 0.27450980 0.29411765 0.33333333
v 0.01229307 0.07013607 0.01552500 0.27450980 0.29411765 0.33333333
v 0.01257289 0.06994910 0.01552500 0.27450980 0.29411765 0.33333333
v 0.01275986 0.06966929 0.01552500 0.27450980 0.29411765 0.33333333
v 0.01110051 0.06933923 0.01552500 0.27450980 0.29411765 0.33333333
v 0.01163295 0.07013607 0.01552500 0.27450980 0.29411765 0.33333333
v 0.01282551 0.06933923 0.01552500 0.27450980 0.29411765 0.33333333
v 0.01275986 0.06900916 0.01552500 0.27450980 0.29411765 0.33333333
v 0.01257289 0.06872935 0.01552500 0.27450980 0.29411765 0.33333333
v 0.01196301 0.06847673 0.01552500 0.27450980 0.29411765 0.33333333
v 0.01163295 0.06854238 0.01552500 0.27450980 0.29411765 0.33333333
v 0.01135313 0.06872935 0.01552500 0.27450980 0.29411765 0.33333333
v 0.01116616 0.06900916 0.01552500 0.27450980 0.29411765 0.33333333
v 0.01229307 0.06854238 0.01552500 0.27450980 0.29411765 0.33333333
v 0.00700986 0.06900916 0.01552500 0.27450980 0.29411765 0.33333333
v 0.00682289 0.06872935 0.01552500 0.27450980 0.29411765 0.33333333
v 0.00621301 0.06847673 0.01552500 0.27450980 0.29411765 0.33333333
v 0.00588295 0.06854238 0.01552500 0.27450980 0.29411765 0.33333333
v 0.00560313 0.06872935 0.01552500 0.27450980 0.29411765 0.33333333
v 0.00541616 0.06900916 0.01552500 0.27450980 0.29411765 0.33333333
v 0.00654308 0.06854238 0.01552500 0.27450980 0.29411765 0.33333333
v 0.00046301 0.07020173 0.01552500 0.27450980 0.29411765 0.33333333
v 0.00079307 0.07013607 0.01552500 0.27450980 0.29411765 0.33333333
v 0.00107289 0.06994910 0.01552500 0.27450980 0.29411765 0.33333333
v 0.00125986 0.06966929 0.01552500 0.27450980 0.29411765 0.33333333
v -0.00039949 0.06933923 0.01552500 0.27450980 0.29411765 0.33333333
v -0.00033384 0.06966929 0.01552500 0.27450980 0.29411765 0.33333333
v -0.00014687 0.06994910 0.01552500 0.27450980 0.29411765 0.33333333
v 0.00013295 0.07013607 0.01552500 0.27450980 0.29411765 0.33333333
v 0.00132551 0.06933923 0.01552500 0.27450980 0.29411765 0.33333333
v 0.00046301 0.06847673 0.01552500 0.27450980 0.29411765 0.33333333
v 0.00013295 0.06854238 0.01552500 0.27450980 0.29411765 0.33333333
v -0.00014687 0.06872935 0.01552500 0.27450980 0.29411765 0.33333333
v -0.00033384 0.06900916 0.01552500 0.27450980 0.29411765 0.33333333
v 0.00125986 0.06900916 0.01552500 0.27450980 0.29411765 0.33333333
v 0.00107289 0.06872935 0.01552500 0.27450980 0.29411765 0.33333333
v 0.00079307 0.06854238 0.01552500 0.27450980 0.29411765 0.33333333
v 0.01691616 0.06966929 0.01552500 0.27450980 0.29411765 0.33333333
v 0.01710313 0.06994910 0.01552500 0.27450980 0.29411765 0.33333333
v 0.01771301 0.07020173 0.01552500 0.27450980 0.29411765 0.33333333
v 0.01804308 0.07013607 0.01552500 0.27450980 0.29411765 0.33333333
v 0.01832289 0.06994910 0.01552500 0.27450980 0.29411765 0.33333333
v 0.01850986 0.06966929 0.01552500 0.27450980 0.29411765 0.33333333
v 0.01685051 0.06933923 0.01552500 0.27450980 0.29411765 0.33333333
v 0.01738295 0.07013607 0.01552500 0.27450980 0.29411765 0.33333333
v 0.01857551 0.06933923 0.01552500 0.27450980 0.29411765 0.33333333
v 0.01850986 0.06900916 0.01552500 0.27450980 0.29411765 0.33333333
v 0.01832289 0.06872935 0.01552500 0.27450980 0.29411765 0.33333333
v 0.01771301 0.06847673 0.01552500 0.27450980 0.29411765 0.33333333
v 0.01738295 0.06854238 0.01552500 0.27450980 0.29411765 0.33333333
v 0.01710313 0.06872935 0.01552500 0.27450980 0.29411765 0.33333333
v 0.01691616 0.06900916 0.01552500 0.27450980 0.29411765 0.33333333
v 0.01804308 0.06854238 0.01552500 0.27450980 0.29411765 0.33333333
v 0.02425986 0.06900916 0.01552500 0.27450980 0.29411765 0.33333333
v 0.02407289 0.06872935 0.01552500 0.27450980 0.29411765 0.33333333
v 0.02346301 0.06847673 0.01552500 0.27450980 0.29411765 0.33333333
v 0.02313295 0.06854238 0.01552500 0.27450980 0.29411765 0.33333333
v 0.02285313 0.06872935 0.01552500 0.27450980 0.29411765 0.33333333
v 0.02266616 0.06900916 0.01552500 0.27450980 0.29411765 0.33333333
v 0.02432551 0.06933923 0.01552500 0.27450980 0.29411765 0.33333333
v 0.02379308 0.06854238 0.01552500 0.27450980 0.29411765 0.33333333
v 0.02260051 0.06933923 0.01552500 0.27450980 0.29411765 0.33333333
v 0.02266616 0.06966929 0.01552500 0.27450980 0.29411765 0.33333333
v 0.02285313 0.06994910 0.01552500 0.27450980 0.29411765 0.33333333
v 0.02346301 0.07020173 0.01552500 0.27450980 0.29411765 0.33333333
v 0.02379308 0.07013607 0.01552500 0.27450980 0.29411765 0.33333333
v 0.02407289 0.06994910 0.01552500 0.27450980 0.29411765 0.33333333
v 0.02425986 0.06966929 0.01552500 0.27450980 0.29411765 0.33333333
v 0.02313295 0.07013607 0.01552500 0.27450980 0.29411765 0.33333333
v 0.02836330 0.09409423 0.00602500 0.27450980 0.29411765 0.33333333
v 0.00524408 0.09525554 0.00602500 0.27450980 0.29411765 0.33333333
v 0.00563198 0.09476443 0.00602500 0.27450980 0.29411765 0.33333333
v 0.00612690 0.09438141 0.00602500 0.27450980 0.29411765 0.33333333
v 0.00669960 0.09412910 0.00602500 0.27450980 0.29411765 0.33333333
v 0.00731626 0.09402238 0.00602500 0.27450980 0.29411765 0.33333333
v 0.00794044 0.09406759 0.00602500 0.27450980 0.29411765 0.33333333
v 0.00853529 0.09426203 0.00602500 0.27450980 0.29411765 0.33333333
v 0.00906566 0.09459423 0.00602500 0.27450980 0.29411765 0.33333333
v 0.02534988 0.09459423 0.00602500 0.27450980 0.29411765 0.33333333
v 0.02585047 0.09427620 0.00602500 0.27450980 0.29411765 0.33333333
v 0.02641055 0.09408113 0.00602500 0.27450980 0.29411765 0.33333333
v 0.02700041 0.09401939 0.00602500 0.27450980 0.29411765 0.33333333
v 0.02758875 0.09409423 0.00602500 0.27450980 0.29411765 0.33333333
v 0.00974374 0.09659423 0.02702500 0.27450980 0.29411765 0.33333333
v 0.00974374 0.09659423 0.02012500 0.27450980 0.29411765 0.33333333
v 0.00967323 0.09715936 0.02702500 0.27450980 0.29411765 0.33333333
v 0.00967323 0.09715936 0.02012500 0.27450980 0.29411765 0.33333333
v 0.00946602 0.09768985 0.02702500 0.27450980 0.29411765 0.33333333
v 0.00946602 0.09768985 0.02012500 0.27450980 0.29411765 0.33333333
v 0.00913482 0.09815315 0.02702500 0.27450980 0.29411765 0.33333333
v 0.00913482 0.09815315 0.02012500 0.27450980 0.29411765 0.33333333
v 0.00869993 0.09852088 0.02702500 0.27450980 0.29411765 0.33333333
v 0.00869993 0.09852088 0.02012500 0.27450980 0.29411765 0.33333333
v 0.00818802 0.09877047 0.02702500 0.27450980 0.29411765 0.33333333
v 0.00818802 0.09877047 0.02012500 0.27450980 0.29411765 0.33333333
v 0.00763048 0.09888663 0.02702500 0.27450980 0.29411765 0.33333333
v 0.00763048 0.09888663 0.02012500 0.27450980 0.29411765 0.33333333
v 0.00706148 0.09886224 0.02702500 0.27450980 0.29411765 0.33333333
v 0.00706148 0.09886224 0.02012500 0.27450980 0.29411765 0.33333333
v 0.00651593 0.09869878 0.02702500 0.27450980 0.29411765 0.33333333
v 0.00651593 0.09869878 0.02012500 0.27450980 0.29411765 0.33333333
v 0.00602726 0.09840629 0.02702500 0.27450980 0.29411765 0.33333333
v 0.00602726 0.09840629 0.02012500 0.27450980 0.29411765 0.33333333
v 0.02467180 0.09659423 0.02702500 0.27450980 0.29411765 0.33333333
v 0.02467180 0.09659422 0.02012500 0.27450980 0.29411765 0.33333333
v 0.03037176 0.09409631 0.02012500 0.27450980 0.29411765 0.33333333
v 0.02534988 0.09459423 0.02012500 0.27450980 0.29411765 0.33333333
v 0.03035598 0.09458679 0.02012500 0.27450980 0.29411765 0.33333333
v 0.00686874 0.09659423 0.02012500 0.27450980 0.29411765 0.33333333
v 0.00612690 0.09438141 0.02012500 0.27450980 0.29411765 0.33333333
v 0.00563198 0.09476443 0.02012500 0.27450980 0.29411765 0.33333333
v 0.02754680 0.09659423 0.02012500 0.27450980 0.29411765 0.33333333
v 0.02746976 0.09688173 0.02012500 0.27450980 0.29411765 0.33333333
v 0.02806912 0.09861559 0.02012500 0.27450980 0.29411765 0.33333333
v 0.02927001 0.09668477 0.02012500 0.27450980 0.29411765 0.33333333
v 0.02921679 0.09609423 0.02012500 0.27450980 0.29411765 0.33333333
v 0.02746976 0.09630672 0.02012500 0.27450980 0.29411765 0.33333333
v 0.00744374 0.09716923 0.02012500 0.27450980 0.29411765 0.33333333
v 0.00715624 0.09709219 0.02012500 0.27450980 0.29411765 0.33333333
v 0.00694578 0.09688173 0.02012500 0.27450980 0.29411765 0.33333333
v 0.00524408 0.09525554 0.02012500 0.27450980 0.29411765 0.33333333
v -0.00328337 0.08858965 0.02012500 0.27450980 0.29411765 0.33333333
v -0.00495248 0.08982346 0.02012500 0.27450980 0.29411765 0.33333333
v 0.00906566 0.09459423 0.02012500 0.27450980 0.29411765 0.33333333
v 0.00853529 0.09426203 0.02012500 0.27450980 0.29411765 0.33333333
v 0.00794044 0.09406759 0.02012500 0.27450980 0.29411765 0.33333333
v 0.00794171 0.09630672 0.02012500 0.27450980 0.29411765 0.33333333
v 0.02668430 0.09609626 0.02012500 0.27450980 0.29411765 0.33333333
v 0.02697180 0.09601923 0.02012500 0.27450980 0.29411765 0.33333333
v 0.03022123 0.09505866 0.02012500 0.27450980 0.29411765 0.33333333
v 0.02854941 0.09826788 0.02012500 0.27450980 0.29411765 0.33333333
v 0.02892485 0.09780896 0.02012500 0.27450980 0.29411765 0.33333333
v 0.02917050 0.09726929 0.02012500 0.27450980 0.29411765 0.33333333
v 0.02634015 0.09880579 0.02012500 0.27450980 0.29411765 0.33333333
v 0.02692652 0.09889378 0.02012500 0.27450980 0.29411765 0.33333333
v 0.02668430 0.09709219 0.02012500 0.27450980 0.29411765 0.33333333
v 0.02647383 0.09688173 0.02012500 0.27450980 0.29411765 0.33333333
v 0.02639680 0.09659423 0.02012500 0.27450980 0.29411765 0.33333333
v 0.02474823 0.09718222 0.02012500 0.27450980 0.29411765 0.33333333
v 0.02497243 0.09773113 0.02012500 0.27450980 0.29411765 0.33333333
v 0.02532952 0.09820448 0.02012500 0.27450980 0.29411765 0.33333333
v 0.02579575 0.09857082 0.02012500 0.27450980 0.29411765 0.33333333
v 0.00801874 0.09659423 0.02012500 0.27450980 0.29411765 0.33333333
v 0.00794171 0.09688173 0.02012500 0.27450980 0.29411765 0.33333333
v 0.00773124 0.09709219 0.02012500 0.27450980 0.29411765 0.33333333
v 0.02725930 0.09609626 0.02012500 0.27450980 0.29411765 0.33333333
v 0.02963396 0.09583578 0.02012500 0.27450980 0.29411765 0.33333333
v 0.02997562 0.09548352 0.02012500 0.27450980 0.29411765 0.33333333
v 0.02959758 0.08559521 0.02012500 0.27450980 0.29411765 0.33333333
v 0.02760582 0.08577660 0.02012500 0.27450980 0.29411765 0.33333333
v 0.02836330 0.09409423 0.02012500 0.27450980 0.29411765 0.33333333
v 0.02585047 0.09427620 0.02012500 0.27450980 0.29411765 0.33333333
v 0.02700041 0.09401939 0.02012500 0.27450980 0.29411765 0.33333333
v 0.02641055 0.09408113 0.02012500 0.27450980 0.29411765 0.33333333
v 0.02758875 0.09409423 0.02012500 0.27450980 0.29411765 0.33333333
v 0.02647383 0.09630672 0.02012500 0.27450980 0.29411765 0.33333333
v 0.02697180 0.09716923 0.02012500 0.27450980 0.29411765 0.33333333
v 0.02751590 0.09882894 0.02012500 0.27450980 0.29411765 0.33333333
v 0.02725930 0.09709219 0.02012500 0.27450980 0.29411765 0.33333333
v -0.00551239 0.08935176 0.02012500 0.27450980 0.29411765 0.33333333
v -0.00603629 0.08884035 0.02012500 0.27450980 0.29411765 0.33333333
v 0.00669960 0.09412910 0.02012500 0.27450980 0.29411765 0.33333333
v 0.00694578 0.09630672 0.02012500 0.27450980 0.29411765 0.33333333
v 0.00731626 0.09402238 0.02012500 0.27450980 0.29411765 0.33333333
v 0.00715624 0.09609626 0.02012500 0.27450980 0.29411765 0.33333333
v 0.00744374 0.09601923 0.02012500 0.27450980 0.29411765 0.33333333
v 0.00773124 0.09609626 0.02012500 0.27450980 0.29411765 0.33333333
v -0.00495248 0.08982346 0.02702500 0.27450980 0.29411765 0.33333333
v 0.02806382 0.06875353 0.02702500 0.27450980 0.29411765 0.33333333
v 0.02355784 0.07462009 0.02702500 0.27450980 0.29411765 0.33333333
v 0.02378220 0.07412881 0.02702500 0.27450980 0.29411765 0.33333333
v 0.00729906 0.08739423 0.02702500 0.27450980 0.29411765 0.33333333
v -0.00659781 0.08819778 0.02702500 0.27450980 0.29411765 0.33333333
v -0.00726859 0.08725330 0.02702500 0.27450980 0.29411765 0.33333333
v -0.00870169 0.08059043 0.02702500 0.27450980 0.29411765 0.33333333
v -0.00874785 0.08290297 0.02702500 0.27450980 0.29411765 0.33333333
v -0.00879186 0.08174536 0.02702500 0.27450980 0.29411765 0.33333333
v 0.00744374 0.09716923 0.02702500 0.27450980 0.29411765 0.33333333
v 0.00715624 0.09709219 0.02702500 0.27450980 0.29411765 0.33333333
v 0.00694578 0.09688173 0.02702500 0.27450980 0.29411765 0.33333333
v 0.00686874 0.09659423 0.02702500 0.27450980 0.29411765 0.33333333
v 0.00694578 0.09630672 0.02702500 0.27450980 0.29411765 0.33333333
v 0.00801874 0.09659423 0.02702500 0.27450980 0.29411765 0.33333333
v 0.00794171 0.09630672 0.02702500 0.27450980 0.29411765 0.33333333
v 0.00795396 0.08882826 0.02702500 0.27450980 0.29411765 0.33333333
v 0.00840831 0.08912025 0.02702500 0.27450980 0.29411765 0.33333333
v 0.00892652 0.08927242 0.02702500 0.27450980 0.29411765 0.33333333
v 0.00946660 0.08927242 0.02702500 0.27450980 0.29411765 0.33333333
v 0.00998481 0.08912025 0.02702500 0.27450980 0.29411765 0.33333333
v 0.02754680 0.09659423 0.02702500 0.27450980 0.29411765 0.33333333
v 0.02921679 0.09609423 0.02702500 0.27450980 0.29411765 0.33333333
v 0.02927001 0.09668477 0.02702500 0.27450980 0.29411765 0.33333333
v 0.02917050 0.09726929 0.02702500 0.27450980 0.29411765 0.33333333
v 0.02892485 0.09780896 0.02702500 0.27450980 0.29411765 0.33333333
v 0.02854941 0.09826788 0.02702500 0.27450980 0.29411765 0.33333333
v 0.02806912 0.09861559 0.02702500 0.27450980 0.29411765 0.33333333
v 0.02751590 0.09882894 0.02702500 0.27450980 0.29411765 0.33333333
v 0.02746976 0.09688173 0.02702500 0.27450980 0.29411765 0.33333333
v 0.02006406 0.07359423 0.02702500 0.27450980 0.29411765 0.33333333
v 0.00906220 0.07305964 0.02702500 0.27450980 0.29411765 0.33333333
v 0.00883784 0.07256836 0.02702500 0.27450980 0.29411765 0.33333333
v 0.00848416 0.07216019 0.02702500 0.27450980 0.29411765 0.33333333
v 0.00802981 0.07186820 0.02702500 0.27450980 0.29411765 0.33333333
v 0.00913906 0.07359423 0.02702500 0.27450980 0.29411765 0.33333333
v 0.01101720 0.08685964 0.02702500 0.27450980 0.29411765 0.33333333
v 0.01079284 0.08636836 0.02702500 0.27450980 0.29411765 0.33333333
v 0.01043916 0.08596019 0.02702500 0.27450980 0.29411765 0.33333333
v 0.00998481 0.08566820 0.02702500 0.27450980 0.29411765 0.33333333
v 0.00946660 0.08551604 0.02702500 0.27450980 0.29411765 0.33333333
v 0.00892652 0.08551604 0.02702500 0.27450980 0.29411765 0.33333333
v 0.00906220 0.07412881 0.02702500 0.27450980 0.29411765 0.33333333
v 0.02746976 0.09630672 0.02702500 0.27450980 0.29411765 0.33333333
v 0.02725930 0.09609626 0.02702500 0.27450980 0.29411765 0.33333333
v 0.01109406 0.08739423 0.02702500 0.27450980 0.29411765 0.33333333
v 0.02963396 0.09583578 0.02702500 0.27450980 0.29411765 0.33333333
v -0.00847857 0.07945368 0.02702500 0.27450980 0.29411765 0.33333333
v -0.00568537 0.06859510 0.02702500 0.27450980 0.29411765 0.33333333
v 0.00645331 0.07532025 0.02702500 0.27450980 0.29411765 0.33333333
v 0.00697152 0.07547241 0.02702500 0.27450980 0.29411765 0.33333333
v 0.00737592 0.08685964 0.02702500 0.27450980 0.29411765 0.33333333
v -0.00782564 0.08623757 0.02702500 0.27450980 0.29411765 0.33333333
v -0.00826148 0.08516425 0.02702500 0.27450980 0.29411765 0.33333333
v -0.00857026 0.08404772 0.02702500 0.27450980 0.29411765 0.33333333
v -0.00471690 0.06784423 0.02702500 0.27450980 0.29411765 0.33333333
v 0.02223160 0.07171604 0.02702500 0.27450980 0.29411765 0.33333333
v 0.02169151 0.07171604 0.02702500 0.27450980 0.29411765 0.33333333
v 0.02117331 0.07186820 0.02702500 0.27450980 0.29411765 0.33333333
v 0.02071896 0.07216019 0.02702500 0.27450980 0.29411765 0.33333333
v 0.02036528 0.07256836 0.02702500 0.27450980 0.29411765 0.33333333
v 0.02014092 0.07305964 0.02702500 0.27450980 0.29411765 0.33333333
v 0.00751160 0.07171604 0.02702500 0.27450980 0.29411765 0.33333333
v 0.00697152 0.07171604 0.02702500 0.27450980 0.29411765 0.33333333
v 0.00645331 0.07186820 0.02702500 0.27450980 0.29411765 0.33333333
v 0.00599896 0.07216019 0.02702500 0.27450980 0.29411765 0.33333333
v 0.00564528 0.07256836 0.02702500 0.27450980 0.29411765 0.33333333
v 0.00542092 0.07305964 0.02702500 0.27450980 0.29411765 0.33333333
v 0.00534406 0.07359423 0.02702500 0.27450980 0.29411765 0.33333333
v -0.00555252 0.06829492 0.02702500 0.27450980 0.29411765 0.33333333
v -0.00532963 0.06805393 0.02702500 0.27450980 0.29411765 0.33333333
v -0.00504071 0.06789810 0.02702500 0.27450980 0.29411765 0.33333333
v 0.00542092 0.07412881 0.02702500 0.27450980 0.29411765 0.33333333
v 0.00564528 0.07462009 0.02702500 0.27450980 0.29411765 0.33333333
v 0.00599896 0.07502826 0.02702500 0.27450980 0.29411765 0.33333333
v 0.03037176 0.09409631 0.02702500 0.27450980 0.29411765 0.33333333
v 0.02320416 0.07502826 0.02702500 0.27450980 0.29411765 0.33333333
v 0.03035598 0.09458679 0.02702500 0.27450980 0.29411765 0.33333333
v 0.03022123 0.09505866 0.02702500 0.27450980 0.29411765 0.33333333
v 0.02997562 0.09548352 0.02702500 0.27450980 0.29411765 0.33333333
v 0.02639680 0.09659423 0.02702500 0.27450980 0.29411765 0.33333333
v 0.02647383 0.09688173 0.02702500 0.27450980 0.29411765 0.33333333
v 0.02634015 0.09880579 0.02702500 0.27450980 0.29411765 0.33333333
v 0.02579575 0.09857082 0.02702500 0.27450980 0.29411765 0.33333333
v 0.02532952 0.09820448 0.02702500 0.27450980 0.29411765 0.33333333
v 0.02497243 0.09773113 0.02702500 0.27450980 0.29411765 0.33333333
v 0.02474823 0.09718222 0.02702500 0.27450980 0.29411765 0.33333333
v 0.02706794 0.06784423 0.02702500 0.27450980 0.29411765 0.33333333
v 0.02385906 0.07359423 0.02702500 0.27450980 0.29411765 0.33333333
v 0.02378220 0.07305964 0.02702500 0.27450980 0.29411765 0.33333333
v 0.02355784 0.07256836 0.02702500 0.27450980 0.29411765 0.33333333
v 0.02320416 0.07216019 0.02702500 0.27450980 0.29411765 0.33333333
v 0.02274981 0.07186820 0.02702500 0.27450980 0.29411765 0.33333333
v 0.02742955 0.06791190 0.02702500 0.27450980 0.29411765 0.33333333
v 0.02774222 0.06810575 0.02702500 0.27450980 0.29411765 0.33333333
v 0.02796363 0.06839955 0.02702500 0.27450980 0.29411765 0.33333333
v 0.02014092 0.07412881 0.02702500 0.27450980 0.29411765 0.33333333
v 0.02036528 0.07462009 0.02702500 0.27450980 0.29411765 0.33333333
v 0.02071896 0.07502826 0.02702500 0.27450980 0.29411765 0.33333333
v 0.02117331 0.07532025 0.02702500 0.27450980 0.29411765 0.33333333
v 0.02169151 0.07547241 0.02702500 0.27450980 0.29411765 0.33333333
v 0.02223160 0.07547241 0.02702500 0.27450980 0.29411765 0.33333333
v 0.02274981 0.07532025 0.02702500 0.27450980 0.29411765 0.33333333
v 0.01043916 0.08882826 0.02702500 0.27450980 0.29411765 0.33333333
v 0.01079284 0.08842009 0.02702500 0.27450980 0.29411765 0.33333333
v 0.01101720 0.08792882 0.02702500 0.27450980 0.29411765 0.33333333
v 0.02697180 0.09601923 0.02702500 0.27450980 0.29411765 0.33333333
v 0.02668430 0.09609626 0.02702500 0.27450980 0.29411765 0.33333333
v 0.02647383 0.09630672 0.02702500 0.27450980 0.29411765 0.33333333
v 0.00773124 0.09709219 0.02702500 0.27450980 0.29411765 0.33333333
v 0.00794171 0.09688173 0.02702500 0.27450980 0.29411765 0.33333333
v 0.00715624 0.09609626 0.02702500 0.27450980 0.29411765 0.33333333
v -0.00582231 0.08905835 0.02702500 0.27450980 0.29411765 0.33333333
v 0.02725930 0.09709219 0.02702500 0.27450980 0.29411765 0.33333333
v 0.02692652 0.09889378 0.02702500 0.27450980 0.29411765 0.33333333
v 0.02697180 0.09716923 0.02702500 0.27450980 0.29411765 0.33333333
v 0.02668430 0.09709219 0.02702500 0.27450980 0.29411765 0.33333333
v 0.00760028 0.08636836 0.02702500 0.27450980 0.29411765 0.33333333
v 0.00751160 0.07547241 0.02702500 0.27450980 0.29411765 0.33333333
v 0.00795396 0.08596019 0.02702500 0.27450980 0.29411765 0.33333333
v 0.00802981 0.07532025 0.02702500 0.27450980 0.29411765 0.33333333
v 0.00840831 0.08566820 0.02702500 0.27450980 0.29411765 0.33333333
v 0.00848416 0.07502826 0.02702500 0.27450980 0.29411765 0.33333333
v 0.00883784 0.07462009 0.02702500 0.27450980 0.29411765 0.33333333
v 0.00760028 0.08842009 0.02702500 0.27450980 0.29411765 0.33333333
v 0.00773124 0.09609626 0.02702500 0.27450980 0.29411765 0.33333333
v 0.00737592 0.08792882 0.02702500 0.27450980 0.29411765 0.33333333
v 0.00744374 0.09601923 0.02702500 0.27450980 0.29411765 0.33333333
v 0.02959758 0.08559521 0.01552500 0.27450980 0.29411765 0.33333333
v 0.02760582 0.08577660 0.01552500 0.27450980 0.29411765 0.33333333
v 0.02806382 0.06875353 0.01552500 0.27450980 0.29411765 0.33333333
v -0.00831475 0.08500312 0.01552500 0.27450980 0.29411765 0.33333333
v -0.00791118 0.08605276 0.01552500 0.27450980 0.29411765 0.33333333
v -0.00739231 0.08705046 0.01552500 0.27450980 0.29411765 0.33333333
v -0.00676470 0.08798359 0.01552500 0.27450980 0.29411765 0.33333333
v -0.00603629 0.08884035 0.01552500 0.27450980 0.29411765 0.33333333
v -0.00847857 0.07945368 0.01552500 0.27450980 0.29411765 0.33333333
v -0.00869704 0.08055682 0.01552500 0.27450980 0.29411765 0.33333333
v -0.00879027 0.08167750 0.01552500 0.27450980 0.29411765 0.33333333
v -0.00875709 0.08280156 0.01552500 0.27450980 0.29411765 0.33333333
v -0.00859791 0.08391479 0.01552500 0.27450980 0.29411765 0.33333333
v -0.00325303 0.08858689 0.01552500 0.27450980 0.29411765 0.33333333
v -0.00325303 0.08858689 0.02012500 0.27450980 0.29411765 0.33333333
v -0.00372075 0.08824775 0.02012500 0.27450980 0.29411765 0.33333333
v -0.00372075 0.08824775 0.02502500 0.27450980 0.29411765 0.33333333
v 0.00524408 0.09525554 0.02502500 0.27450980 0.29411765 0.33333333
v 0.00563198 0.09476443 0.02502500 0.27450980 0.29411765 0.33333333
v 0.00612690 0.09438141 0.02502500 0.27450980 0.29411765 0.33333333
v 0.00669960 0.09412910 0.02502500 0.27450980 0.29411765 0.33333333
v 0.00731626 0.09402238 0.02502500 0.27450980 0.29411765 0.33333333
v 0.00794044 0.09406759 0.02502500 0.27450980 0.29411765 0.33333333
v 0.00853529 0.09426203 0.02502500 0.27450980 0.29411765 0.33333333
v 0.00906566 0.09459423 0.02502500 0.27450980 0.29411765 0.33333333
v 0.02534988 0.09459423 0.02502500 0.27450980 0.29411765 0.33333333
v 0.02585047 0.09427620 0.02502500 0.27450980 0.29411765 0.33333333
v 0.02641055 0.09408113 0.02502500 0.27450980 0.29411765 0.33333333
v 0.02700041 0.09401939 0.02502500 0.27450980 0.29411765 0.33333333
v 0.02758875 0.09409423 0.02502500 0.27450980 0.29411765 0.33333333
v 0.02836330 0.09409423 0.02502500 0.27450980 0.29411765 0.33333333
v 0.02641670 0.07271923 0.01552500 0.27450980 0.29411765 0.33333333
v 0.02641670 0.07271923 0.02502500 0.27450980 0.29411765 0.33333333
v 0.01085458 0.08831698 0.01552500 0.27450980 0.29411765 0.33333333
v 0.01056962 0.08870389 0.01552500 0.27450980 0.29411765 0.33333333
v 0.01017107 0.08902236 0.01552500 0.27450980 0.29411765 0.33333333
v 0.00970209 0.08922314 0.01552500 0.27450980 0.29411765 0.33333333
v 0.00919656 0.08929173 0.01552500 0.27450980 0.29411765 0.33333333
v 0.00870545 0.08922707 0.01552500 0.27450980 0.29411765 0.33333333
v 0.00824781 0.08903751 0.01552500 0.27450980 0.29411765 0.33333333
v 0.00785482 0.08873596 0.01552500 0.27450980 0.29411765 0.33333333
v 0.00755328 0.08834298 0.01552500 0.27450980 0.29411765 0.33333333
v 0.01103321 0.08787089 0.01552500 0.27450980 0.29411765 0.33333333
v 0.01109406 0.08739423 0.01552500 0.27450980 0.29411765 0.33333333
v 0.00736371 0.08788534 0.01552500 0.27450980 0.29411765 0.33333333
v 0.00729906 0.08739423 0.01552500 0.27450980 0.29411765 0.33333333
v 0.00753854 0.08647147 0.01552500 0.27450980 0.29411765 0.33333333
v 0.00782350 0.08608456 0.01552500 0.27450980 0.29411765 0.33333333
v 0.00822204 0.08576609 0.01552500 0.27450980 0.29411765 0.33333333
v 0.00869103 0.08556531 0.01552500 0.27450980 0.29411765 0.33333333
v 0.00919656 0.08549673 0.01552500 0.27450980 0.29411765 0.33333333
v 0.00968767 0.08556139 0.01552500 0.27450980 0.29411765 0.33333333
v 0.01014531 0.08575095 0.01552500 0.27450980 0.29411765 0.33333333
v 0.01053829 0.08605249 0.01552500 0.27450980 0.29411765 0.33333333
v 0.01083984 0.08644548 0.01552500 0.27450980 0.29411765 0.33333333
v 0.00735990 0.08691756 0.01552500 0.27450980 0.29411765 0.33333333
v 0.01102940 0.08690311 0.01552500 0.27450980 0.29411765 0.33333333
v 0.02361958 0.07451698 0.01552500 0.27450980 0.29411765 0.33333333
v 0.02333462 0.07490389 0.01552500 0.27450980 0.29411765 0.33333333
v 0.02293607 0.07522237 0.01552500 0.27450980 0.29411765 0.33333333
v 0.02246709 0.07542315 0.01552500 0.27450980 0.29411765 0.33333333
v 0.02196156 0.07549173 0.01552500 0.27450980 0.29411765 0.33333333
v 0.02147045 0.07542707 0.01552500 0.27450980 0.29411765 0.33333333
v 0.02101281 0.07523751 0.01552500 0.27450980 0.29411765 0.33333333
v 0.02061982 0.07493596 0.01552500 0.27450980 0.29411765 0.33333333
v 0.02031828 0.07454298 0.01552500 0.27450980 0.29411765 0.33333333
v 0.02379821 0.07407088 0.01552500 0.27450980 0.29411765 0.33333333
v 0.02385906 0.07359423 0.01552500 0.27450980 0.29411765 0.33333333
v 0.02012871 0.07408533 0.01552500 0.27450980 0.29411765 0.33333333
v 0.02006406 0.07359423 0.01552500 0.27450980 0.29411765 0.33333333
v 0.02117331 0.07186820 0.01552500 0.27450980 0.29411765 0.33333333
v 0.02071896 0.07216019 0.01552500 0.27450980 0.29411765 0.33333333
v 0.02036528 0.07256836 0.01552500 0.27450980 0.29411765 0.33333333
v 0.02014092 0.07305964 0.01552500 0.27450980 0.29411765 0.33333333
v 0.02169151 0.07171604 0.01552500 0.27450980 0.29411765 0.33333333
v 0.02223160 0.07171604 0.01552500 0.27450980 0.29411765 0.33333333
v 0.02274981 0.07186820 0.01552500 0.27450980 0.29411765 0.33333333
v 0.02320416 0.07216019 0.01552500 0.27450980 0.29411765 0.33333333
v 0.02355784 0.07256836 0.01552500 0.27450980 0.29411765 0.33333333
v 0.02378220 0.07305964 0.01552500 0.27450980 0.29411765 0.33333333
v 0.00889958 0.07451698 0.01552500 0.27450980 0.29411765 0.33333333
v 0.00861462 0.07490389 0.01552500 0.27450980 0.29411765 0.33333333
v 0.00821607 0.07522237 0.01552500 0.27450980 0.29411765 0.33333333
v 0.00774709 0.07542315 0.01552500 0.27450980 0.29411765 0.33333333
v 0.00724156 0.07549173 0.01552500 0.27450980 0.29411765 0.33333333
v 0.00675045 0.07542707 0.01552500 0.27450980 0.29411765 0.33333333
v 0.00629281 0.07523751 0.01552500 0.27450980 0.29411765 0.33333333
v 0.00589982 0.07493596 0.01552500 0.27450980 0.29411765 0.33333333
v 0.00559828 0.07454298 0.01552500 0.27450980 0.29411765 0.33333333
v 0.00907821 0.07407088 0.01552500 0.27450980 0.29411765 0.33333333
v 0.00913906 0.07359423 0.01552500 0.27450980 0.29411765 0.33333333
v 0.00540871 0.07408533 0.01552500 0.27450980 0.29411765 0.33333333
v 0.00534406 0.07359423 0.01552500 0.27450980 0.29411765 0.33333333
v 0.00645331 0.07186820 0.01552500 0.27450980 0.29411765 0.33333333
v 0.00599896 0.07216019 0.01552500 0.27450980 0.29411765 0.33333333
v 0.00564528 0.07256836 0.01552500 0.27450980 0.29411765 0.33333333
v 0.00542092 0.07305964 0.01552500 0.27450980 0.29411765 0.33333333
v 0.00697152 0.07171604 0.01552500 0.27450980 0.29411765 0.33333333
v 0.00751160 0.07171604 0.01552500 0.27450980 0.29411765 0.33333333
v 0.00802981 0.07186820 0.01552500 0.27450980 0.29411765 0.33333333
v 0.00848416 0.07216019 0.01552500 0.27450980 0.29411765 0.33333333
v 0.00883784 0.07256836 0.01552500 0.27450980 0.29411765 0.33333333
v 0.00906220 0.07305964 0.01552500 0.27450980 0.29411765 0.33333333
v 0.02796363 0.06839955 0.01552500 0.27450980 0.29411765 0.33333333
v 0.02774222 0.06810575 0.01552500 0.27450980 0.29411765 0.33333333
v 0.02742955 0.06791190 0.01552500 0.27450980 0.29411765 0.33333333
v 0.02706794 0.06784423 0.01552500 0.27450980 0.29411765 0.33333333
v 0.02550832 0.06784423 0.01552500 0.27450980 0.29411765 0.33333333
v 0.02550832 0.06784423 0.02324258 0.27450980 0.29411765 0.33333333
v -0.00235583 0.06784423 0.02324258 0.27450980 0.29411765 0.33333333
v -0.00471690 0.06784423 0.01552500 0.27450980 0.29411765 0.33333333
v -0.00235583 0.06784423 0.01552500 0.27450980 0.29411765 0.33333333
v -0.00504071 0.06789810 0.01552500 0.27450980 0.29411765 0.33333333
v -0.00532963 0.06805393 0.01552500 0.27450980 0.29411765 0.33333333
v -0.00555252 0.06829492 0.01552500 0.27450980 0.29411765 0.33333333
v -0.00568537 0.06859510 0.01552500 0.27450980 0.29411765 0.33333333
v 0.02585906 0.07359423 0.01552500 0.27450980 0.29411765 0.33333333
v -0.00309538 0.07071923 0.01552500 0.27450980 0.29411765 0.33333333
v 0.02577014 0.07071923 0.01552500 0.27450980 0.29411765 0.33333333
v -0.00468113 0.07271923 0.01552500 0.27450980 0.29411765 0.33333333
v 0.00344355 0.07271923 0.01552500 0.27450980 0.29411765 0.33333333
v -0.00654162 0.07995193 0.01552500 0.27450980 0.29411765 0.33333333
v 0.00400091 0.07575956 0.01552500 0.27450980 0.29411765 0.33333333
v 0.00448561 0.07635017 0.01552500 0.27450980 0.29411765 0.33333333
v 0.00507622 0.07683488 0.01552500 0.27450980 0.29411765 0.33333333
v 0.00575005 0.07719505 0.01552500 0.27450980 0.29411765 0.33333333
v 0.00648119 0.07741684 0.01552500 0.27450980 0.29411765 0.33333333
v 0.00724156 0.07749173 0.01552500 0.27450980 0.29411765 0.33333333
v 0.00800192 0.07741684 0.01552500 0.27450980 0.29411765 0.33333333
v 0.00873307 0.07719505 0.01552500 0.27450980 0.29411765 0.33333333
v 0.00940689 0.07683488 0.01552500 0.27450980 0.29411765 0.33333333
v 0.00999751 0.07635017 0.01552500 0.27450980 0.29411765 0.33333333
v 0.01048221 0.07575956 0.01552500 0.27450980 0.29411765 0.33333333
v 0.01084238 0.07508574 0.01552500 0.27450980 0.29411765 0.33333333
v 0.01872091 0.07575956 0.01552500 0.27450980 0.29411765 0.33333333
v 0.01920561 0.07635017 0.01552500 0.27450980 0.29411765 0.33333333
v 0.01979622 0.07683488 0.01552500 0.27450980 0.29411765 0.33333333
v 0.02047005 0.07719505 0.01552500 0.27450980 0.29411765 0.33333333
v 0.02120119 0.07741684 0.01552500 0.27450980 0.29411765 0.33333333
v 0.02196156 0.07749173 0.01552500 0.27450980 0.29411765 0.33333333
v 0.02272192 0.07741684 0.01552500 0.27450980 0.29411765 0.33333333
v 0.02345307 0.07719505 0.01552500 0.27450980 0.29411765 0.33333333
v 0.02412689 0.07683488 0.01552500 0.27450980 0.29411765 0.33333333
v 0.02471751 0.07635017 0.01552500 0.27450980 0.29411765 0.33333333
v 0.02520221 0.07575956 0.01552500 0.27450980 0.29411765 0.33333333
v 0.02556238 0.07508574 0.01552500 0.27450980 0.29411765 0.33333333
v 0.00364074 0.07508574 0.01552500 0.27450980 0.29411765 0.33333333
v 0.00334406 0.07359423 0.01552500 0.27450980 0.29411765 0.33333333
v 0.00341895 0.07435459 0.01552500 0.27450980 0.29411765 0.33333333
v 0.00336901 0.07315391 0.01552500 0.27450980 0.29411765 0.33333333
v -0.00605791 0.08529655 0.01552500 0.27450980 0.29411765 0.33333333
v -0.00553291 0.08625597 0.01552500 0.27450980 0.29411765 0.33333333
v -0.00488197 0.08713480 0.01552500 0.27450980 0.29411765 0.33333333
v -0.00411724 0.08791665 0.01552500 0.27450980 0.29411765 0.33333333
v -0.00644715 0.08427451 0.01552500 0.27450980 0.29411765 0.33333333
v -0.00669336 0.08320893 0.01552500 0.27450980 0.29411765 0.33333333
v -0.00679194 0.08211973 0.01552500 0.27450980 0.29411765 0.33333333
v -0.00674104 0.08102725 0.01552500 0.27450980 0.29411765 0.33333333
v 0.01836074 0.07508574 0.01552500 0.27450980 0.29411765 0.33333333
v 0.01806406 0.07359423 0.01552500 0.27450980 0.29411765 0.33333333
v 0.01813895 0.07435459 0.01552500 0.27450980 0.29411765 0.33333333
v 0.01113906 0.07359423 0.01552500 0.27450980 0.29411765 0.33333333
v 0.01111411 0.07315391 0.01552500 0.27450980 0.29411765 0.33333333
v 0.01103957 0.07271923 0.01552500 0.27450980 0.29411765 0.33333333
v 0.01816355 0.07271923 0.01552500 0.27450980 0.29411765 0.33333333
v 0.01808901 0.07315391 0.01552500 0.27450980 0.29411765 0.33333333
v 0.01106417 0.07435459 0.01552500 0.27450980 0.29411765 0.33333333
v 0.02578417 0.07435459 0.01552500 0.27450980 0.29411765 0.33333333
v 0.02575957 0.07271923 0.01552500 0.27450980 0.29411765 0.33333333
v 0.02583411 0.07315391 0.01552500 0.27450980 0.29411765 0.33333333
v -0.00679371 0.08199133 0.02502500 0.27450980 0.29411765 0.33333333
v -0.00672150 0.08301838 0.02502500 0.27450980 0.29411765 0.33333333
v -0.00651798 0.08402766 0.02502500 0.27450980 0.29411765 0.33333333
v -0.00618652 0.08500243 0.02502500 0.27450980 0.29411765 0.33333333
v -0.00573262 0.08592657 0.02502500 0.27450980 0.29411765 0.33333333
v -0.00516378 0.08678476 0.02502500 0.27450980 0.29411765 0.33333333
v -0.00448944 0.08756277 0.02502500 0.27450980 0.29411765 0.33333333
v -0.00673342 0.08096350 0.02502500 0.27450980 0.29411765 0.33333333
v -0.00654162 0.07995193 0.02502500 0.27450980 0.29411765 0.33333333
v 0.02578417 0.07435459 0.02502500 0.27450980 0.29411765 0.33333333
v 0.02585906 0.07359423 0.02502500 0.27450980 0.29411765 0.33333333
v 0.02583411 0.07315391 0.02502500 0.27450980 0.29411765 0.33333333
v 0.02556238 0.07508574 0.02502500 0.27450980 0.29411765 0.33333333
v 0.01048221 0.07575956 0.02502500 0.27450980 0.29411765 0.33333333
v 0.00999751 0.07635017 0.02502500 0.27450980 0.29411765 0.33333333
v 0.00995692 0.08357162 0.02502500 0.27450980 0.29411765 0.33333333
v 0.02575957 0.07271923 0.02502500 0.27450980 0.29411765 0.33333333
v 0.01103957 0.07271923 0.02502500 0.27450980 0.29411765 0.33333333
v 0.01111411 0.07315391 0.02502500 0.27450980 0.29411765 0.33333333
v 0.01816355 0.07271923 0.02502500 0.27450980 0.29411765 0.33333333
v 0.01113906 0.07359423 0.02502500 0.27450980 0.29411765 0.33333333
v 0.01136189 0.08415357 0.02502500 0.27450980 0.29411765 0.33333333
v 0.01195251 0.08463828 0.02502500 0.27450980 0.29411765 0.33333333
v 0.01243721 0.08522889 0.02502500 0.27450980 0.29411765 0.33333333
v 0.01279738 0.08590272 0.02502500 0.27450980 0.29411765 0.33333333
v 0.01301917 0.08663387 0.02502500 0.27450980 0.29411765 0.33333333
v 0.01806406 0.07359423 0.02502500 0.27450980 0.29411765 0.33333333
v 0.01808901 0.07315391 0.02502500 0.27450980 0.29411765 0.33333333
v -0.00468113 0.07271923 0.02502500 0.27450980 0.29411765 0.33333333
v 0.00507622 0.07683488 0.02502500 0.27450980 0.29411765 0.33333333
v 0.00448561 0.07635017 0.02502500 0.27450980 0.29411765 0.33333333
v 0.00400091 0.07575956 0.02502500 0.27450980 0.29411765 0.33333333
v 0.00364074 0.07508574 0.02502500 0.27450980 0.29411765 0.33333333
v 0.00341895 0.07435459 0.02502500 0.27450980 0.29411765 0.33333333
v 0.00334406 0.07359423 0.02502500 0.27450980 0.29411765 0.33333333
v 0.00336901 0.07315391 0.02502500 0.27450980 0.29411765 0.33333333
v 0.00344355 0.07271923 0.02502500 0.27450980 0.29411765 0.33333333
v 0.02520221 0.07575956 0.02502500 0.27450980 0.29411765 0.33333333
v 0.02471751 0.07635017 0.02502500 0.27450980 0.29411765 0.33333333
v 0.01309406 0.08739423 0.02502500 0.27450980 0.29411765 0.33333333
v 0.02412689 0.07683488 0.02502500 0.27450980 0.29411765 0.33333333
v 0.02345307 0.07719505 0.02502500 0.27450980 0.29411765 0.33333333
v 0.02272192 0.07741684 0.02502500 0.27450980 0.29411765 0.33333333
v 0.02196156 0.07749173 0.02502500 0.27450980 0.29411765 0.33333333
v 0.02120119 0.07741684 0.02502500 0.27450980 0.29411765 0.33333333
v 0.02047005 0.07719505 0.02502500 0.27450980 0.29411765 0.33333333
v 0.01979622 0.07683488 0.02502500 0.27450980 0.29411765 0.33333333
v 0.01920561 0.07635017 0.02502500 0.27450980 0.29411765 0.33333333
v 0.01872091 0.07575956 0.02502500 0.27450980 0.29411765 0.33333333
v 0.01836074 0.07508574 0.02502500 0.27450980 0.29411765 0.33333333
v 0.01813895 0.07435459 0.02502500 0.27450980 0.29411765 0.33333333
v 0.01068807 0.08379340 0.02502500 0.27450980 0.29411765 0.33333333
v 0.01106417 0.07435459 0.02502500 0.27450980 0.29411765 0.33333333
v 0.01084238 0.07508574 0.02502500 0.27450980 0.29411765 0.33333333
v 0.01243721 0.08955956 0.02502500 0.27450980 0.29411765 0.33333333
v 0.01195251 0.09015018 0.02502500 0.27450980 0.29411765 0.33333333
v 0.01136189 0.09063488 0.02502500 0.27450980 0.29411765 0.33333333
v 0.01068807 0.09099505 0.02502500 0.27450980 0.29411765 0.33333333
v 0.00995692 0.09121684 0.02502500 0.27450980 0.29411765 0.33333333
v 0.00919656 0.09129173 0.02502500 0.27450980 0.29411765 0.33333333
v 0.00843619 0.09121684 0.02502500 0.27450980 0.29411765 0.33333333
v 0.01301917 0.08815459 0.02502500 0.27450980 0.29411765 0.33333333
v 0.01279738 0.08888573 0.02502500 0.27450980 0.29411765 0.33333333
v 0.00559574 0.08888573 0.02502500 0.27450980 0.29411765 0.33333333
v 0.00537395 0.08815459 0.02502500 0.27450980 0.29411765 0.33333333
v 0.00529906 0.08739423 0.02502500 0.27450980 0.29411765 0.33333333
v 0.00559574 0.08590272 0.02502500 0.27450980 0.29411765 0.33333333
v 0.00595591 0.08522889 0.02502500 0.27450980 0.29411765 0.33333333
v 0.00575005 0.07719505 0.02502500 0.27450980 0.29411765 0.33333333
v 0.00644061 0.08463828 0.02502500 0.27450980 0.29411765 0.33333333
v 0.00648119 0.07741684 0.02502500 0.27450980 0.29411765 0.33333333
v 0.00703122 0.08415357 0.02502500 0.27450980 0.29411765 0.33333333
v 0.00724156 0.07749173 0.02502500 0.27450980 0.29411765 0.33333333
v 0.00770505 0.08379340 0.02502500 0.27450980 0.29411765 0.33333333
v 0.00800192 0.07741684 0.02502500 0.27450980 0.29411765 0.33333333
v 0.00843619 0.08357162 0.02502500 0.27450980 0.29411765 0.33333333
v 0.00873307 0.07719505 0.02502500 0.27450980 0.29411765 0.33333333
v 0.00919656 0.08349673 0.02502500 0.27450980 0.29411765 0.33333333
v 0.00940689 0.07683488 0.02502500 0.27450980 0.29411765 0.33333333
v 0.00537395 0.08663387 0.02502500 0.27450980 0.29411765 0.33333333
v 0.00703122 0.09063488 0.02502500 0.27450980 0.29411765 0.33333333
v 0.00770505 0.09099505 0.02502500 0.27450980 0.29411765 0.33333333
v 0.00644061 0.09015018 0.02502500 0.27450980 0.29411765 0.33333333
v 0.00595591 0.08955956 0.02502500 0.27450980 0.29411765 0.33333333
v 0.01301917 0.08663387 0.01552500 0.27450980 0.29411765 0.33333333
v 0.01243721 0.08522889 0.01552500 0.27450980 0.29411765 0.33333333
v 0.00595591 0.08955956 0.01552500 0.27450980 0.29411765 0.33333333
v 0.00644061 0.09015018 0.01552500 0.27450980 0.29411765 0.33333333
v 0.00703122 0.09063488 0.01552500 0.27450980 0.29411765 0.33333333
v 0.00770505 0.09099505 0.01552500 0.27450980 0.29411765 0.33333333
v 0.00843619 0.09121684 0.01552500 0.27450980 0.29411765 0.33333333
v 0.00919656 0.09129173 0.01552500 0.27450980 0.29411765 0.33333333
v 0.00995692 0.09121684 0.01552500 0.27450980 0.29411765 0.33333333
v 0.01068807 0.09099505 0.01552500 0.27450980 0.29411765 0.33333333
v 0.01136189 0.09063488 0.01552500 0.27450980 0.29411765 0.33333333
v 0.01195251 0.09015018 0.01552500 0.27450980 0.29411765 0.33333333
v 0.01243721 0.08955956 0.01552500 0.27450980 0.29411765 0.33333333
v 0.01279738 0.08888573 0.01552500 0.27450980 0.29411765 0.33333333
v 0.00595591 0.08522889 0.01552500 0.27450980 0.29411765 0.33333333
v 0.00559574 0.08590272 0.01552500 0.27450980 0.29411765 0.33333333
v 0.00919656 0.08349673 0.01552500 0.27450980 0.29411765 0.33333333
v 0.00843619 0.08357162 0.01552500 0.27450980 0.29411765 0.33333333
v 0.00770505 0.08379340 0.01552500 0.27450980 0.29411765 0.33333333
v 0.00703122 0.08415357 0.01552500 0.27450980 0.29411765 0.33333333
v 0.00644061 0.08463828 0.01552500 0.27450980 0.29411765 0.33333333
v 0.01195251 0.08463828 0.01552500 0.27450980 0.29411765 0.33333333
v 0.01136189 0.08415357 0.01552500 0.27450980 0.29411765 0.33333333
v 0.01068807 0.08379340 0.01552500 0.27450980 0.29411765 0.33333333
v 0.00995692 0.08357162 0.01552500 0.27450980 0.29411765 0.33333333
v 0.00559574 0.08888573 0.01552500 0.27450980 0.29411765 0.33333333
v 0.00529906 0.08739423 0.01552500 0.27450980 0.29411765 0.33333333
v 0.00537395 0.08815459 0.01552500 0.27450980 0.29411765 0.33333333
v 0.00537395 0.08663387 0.01552500 0.27450980 0.29411765 0.33333333
v 0.01301917 0.08815459 0.01552500 0.27450980 0.29411765 0.33333333
v 0.01309406 0.08739423 0.01552500 0.27450980 0.29411765 0.33333333
v 0.01279738 0.08590272 0.01552500 0.27450980 0.29411765 0.33333333
v -0.00309538 0.07071922 0.02334298 0.27450980 0.29411765 0.33333333
v 0.00046301 0.07020173 0.01552500 0.27450980 0.29411765 0.33333333
v 0.00079307 0.07013607 0.01552500 0.27450980 0.29411765 0.33333333
v 0.00013295 0.07013607 0.01552500 0.27450980 0.29411765 0.33333333
v 0.00046301 0.06847673 0.01552500 0.27450980 0.29411765 0.33333333
v 0.00013295 0.06854238 0.01552500 0.27450980 0.29411765 0.33333333
v 0.00079307 0.06854238 0.01552500 0.27450980 0.29411765 0.33333333
v -0.00014687 0.06872935 0.01552500 0.27450980 0.29411765 0.33333333
v 0.00107289 0.06872935 0.01552500 0.27450980 0.29411765 0.33333333
v -0.00033384 0.06900916 0.01552500 0.27450980 0.29411765 0.33333333
v 0.00125986 0.06900916 0.01552500 0.27450980 0.29411765 0.33333333
v -0.00039949 0.06933923 0.01552500 0.27450980 0.29411765 0.33333333
v 0.00132551 0.06933923 0.01552500 0.27450980 0.29411765 0.33333333
v -0.00033384 0.06966929 0.01552500 0.27450980 0.29411765 0.33333333
v 0.00125986 0.06966929 0.01552500 0.27450980 0.29411765 0.33333333
v -0.00014687 0.06994910 0.01552500 0.27450980 0.29411765 0.33333333
v 0.00107289 0.06994910 0.01552500 0.27450980 0.29411765 0.33333333
v 0.02577014 0.07071922 0.02334298 0.27450980 0.29411765 0.33333333
v 0.01309406 0.08739423 0.02012500 0.27450980 0.29411765 0.33333333
v 0.00529906 0.08739423 0.02012500 0.27450980 0.29411765 0.33333333
v 0.01691616 0.06966929 0.01552500 0.27450980 0.29411765 0.33333333
v 0.01699954 0.06982385 0.02331171 0.27450980 0.29411765 0.33333333
v 0.01710313 0.06994910 0.01552500 0.27450980 0.29411765 0.33333333
v 0.01716310 0.07000368 0.02331799 0.27450980 0.29411765 0.33333333
v 0.01771301 0.07020173 0.01552500 0.27450980 0.29411765 0.33333333
v 0.01784778 0.07019113 0.02332454 0.27450980 0.29411765 0.33333333
v 0.01804308 0.07013607 0.01552500 0.27450980 0.29411765 0.33333333
v 0.01808009 0.07011971 0.02332204 0.27450980 0.29411765 0.33333333
v 0.01832289 0.06994910 0.01552500 0.27450980 0.29411765 0.33333333
v 0.01844117 0.06980149 0.02331093 0.27450980 0.29411765 0.33333333
v 0.01850986 0.06966929 0.01552500 0.27450980 0.29411765 0.33333333
v 0.01685051 0.06933923 0.01552500 0.27450980 0.29411765 0.33333333
v 0.01685051 0.06933923 0.02329479 0.27450980 0.29411765 0.33333333
v 0.01689267 0.06960555 0.02330409 0.27450980 0.29411765 0.33333333
v 0.01738295 0.07013607 0.01552500 0.27450980 0.29411765 0.33333333
v 0.01737032 0.07013071 0.02332243 0.27450980 0.29411765 0.33333333
v 0.01760477 0.07019491 0.02332467 0.27450980 0.29411765 0.33333333
v 0.01828329 0.06998628 0.02331739 0.27450980 0.29411765 0.33333333
v 0.01857551 0.06933923 0.02329479 0.27450980 0.29411765 0.33333333
v 0.01857551 0.06933923 0.01552500 0.27450980 0.29411765 0.33333333
v 0.01854124 0.06957990 0.02330319 0.27450980 0.29411765 0.33333333
v 0.01850986 0.06900916 0.01552500 0.27450980 0.29411765 0.33333333
v 0.01842648 0.06885460 0.02327787 0.27450980 0.29411765 0.33333333
v 0.01832289 0.06872935 0.01552500 0.27450980 0.29411765 0.33333333
v 0.01826292 0.06867477 0.02327159 0.27450980 0.29411765 0.33333333
v 0.01771301 0.06847673 0.01552500 0.27450980 0.29411765 0.33333333
v 0.01757824 0.06848733 0.02326504 0.27450980 0.29411765 0.33333333
v 0.01738295 0.06854238 0.01552500 0.27450980 0.29411765 0.33333333
v 0.01734593 0.06855875 0.02326754 0.27450980 0.29411765 0.33333333
v 0.01710313 0.06872935 0.01552500 0.27450980 0.29411765 0.33333333
v 0.01698485 0.06887696 0.02327865 0.27450980 0.29411765 0.33333333
v 0.01691616 0.06900916 0.01552500 0.27450980 0.29411765 0.33333333
v 0.01853336 0.06907291 0.02328549 0.27450980 0.29411765 0.33333333
v 0.01804308 0.06854238 0.01552500 0.27450980 0.29411765 0.33333333
v 0.01805570 0.06854774 0.02326715 0.27450980 0.29411765 0.33333333
v 0.01782125 0.06848354 0.02326491 0.27450980 0.29411765 0.33333333
v 0.01714273 0.06869217 0.02327219 0.27450980 0.29411765 0.33333333
v 0.01688478 0.06909855 0.02328639 0.27450980 0.29411765 0.33333333
v 0.00061799 0.07018769 0.02332442 0.27450980 0.29411765 0.33333333
v 0.00084140 0.07011430 0.02332184 0.27450980 0.29411765 0.33333333
v 0.00119254 0.06979933 0.02331084 0.27450980 0.29411765 0.33333333
v -0.00039949 0.06933923 0.02329479 0.27450980 0.29411765 0.33333333
v -0.00034001 0.06965397 0.02330577 0.27450980 0.29411765 0.33333333
v -0.00022179 0.06986359 0.02331308 0.27450980 0.29411765 0.33333333
v -0.00005203 0.07003107 0.02331893 0.27450980 0.29411765 0.33333333
v 0.00015494 0.07014483 0.02332291 0.27450980 0.29411765 0.33333333
v 0.00038373 0.07019807 0.02332478 0.27450980 0.29411765 0.33333333
v 0.00103813 0.06998199 0.02331722 0.27450980 0.29411765 0.33333333
v 0.00132551 0.06933923 0.02329479 0.27450980 0.29411765 0.33333333
v 0.00129139 0.06957941 0.02330317 0.27450980 0.29411765 0.33333333
v 0.00030802 0.06849077 0.02326516 0.27450980 0.29411765 0.33333333
v 0.00008463 0.06856416 0.02326774 0.27450980 0.29411765 0.33333333
v -0.00026651 0.06887910 0.02327874 0.27450980 0.29411765 0.33333333
v 0.00126602 0.06902445 0.02328381 0.27450980 0.29411765 0.33333333
v 0.00114779 0.06881483 0.02327649 0.27450980 0.29411765 0.33333333
v 0.00097803 0.06864737 0.02327065 0.27450980 0.29411765 0.33333333
v 0.00077105 0.06853362 0.02326667 0.27450980 0.29411765 0.33333333
v 0.00054227 0.06848038 0.02326480 0.27450980 0.29411765 0.33333333
v -0.00011210 0.06869646 0.02327236 0.27450980 0.29411765 0.33333333
v -0.00036537 0.06909904 0.02328641 0.27450980 0.29411765 0.33333333
v 0.01116616 0.06966929 0.01552500 0.27450980 0.29411765 0.33333333
v 0.01124954 0.06982385 0.02331171 0.27450980 0.29411765 0.33333333
v 0.01135313 0.06994910 0.01552500 0.27450980 0.29411765 0.33333333
v 0.01141310 0.07000368 0.02331799 0.27450980 0.29411765 0.33333333
v 0.01196301 0.07020173 0.01552500 0.27450980 0.29411765 0.33333333
v 0.01209778 0.07019113 0.02332454 0.27450980 0.29411765 0.33333333
v 0.01229307 0.07013607 0.01552500 0.27450980 0.29411765 0.33333333
v 0.01233009 0.07011971 0.02332204 0.27450980 0.29411765 0.33333333
v 0.01257289 0.06994910 0.01552500 0.27450980 0.29411765 0.33333333
v 0.01269117 0.06980149 0.02331093 0.27450980 0.29411765 0.33333333
v 0.01275986 0.06966929 0.01552500 0.27450980 0.29411765 0.33333333
v 0.01110051 0.06933923 0.01552500 0.27450980 0.29411765 0.33333333
v 0.01110051 0.06933923 0.02329479 0.27450980 0.29411765 0.33333333
v 0.01114267 0.06960555 0.02330409 0.27450980 0.29411765 0.33333333
v 0.01163295 0.07013607 0.01552500 0.27450980 0.29411765 0.33333333
v 0.01162032 0.07013071 0.02332243 0.27450980 0.29411765 0.33333333
v 0.01185477 0.07019491 0.02332467 0.27450980 0.29411765 0.33333333
v 0.01253330 0.06998628 0.02331739 0.27450980 0.29411765 0.33333333
v 0.01282551 0.06933923 0.02329479 0.27450980 0.29411765 0.33333333
v 0.01282551 0.06933923 0.01552500 0.27450980 0.29411765 0.33333333
v 0.01279124 0.06957990 0.02330319 0.27450980 0.29411765 0.33333333
v 0.01275986 0.06900916 0.01552500 0.27450980 0.29411765 0.33333333
v 0.01267648 0.06885460 0.02327787 0.27450980 0.29411765 0.33333333
v 0.01257289 0.06872935 0.01552500 0.27450980 0.29411765 0.33333333
v 0.01251292 0.06867477 0.02327159 0.27450980 0.29411765 0.33333333
v 0.01196301 0.06847673 0.01552500 0.27450980 0.29411765 0.33333333
v 0.01182824 0.06848733 0.02326504 0.27450980 0.29411765 0.33333333
v 0.01163295 0.06854238 0.01552500 0.27450980 0.29411765 0.33333333
v 0.01159593 0.06855875 0.02326754 0.27450980 0.29411765 0.33333333
v 0.01135313 0.06872935 0.01552500 0.27450980 0.29411765 0.33333333
v 0.01123485 0.06887696 0.02327865 0.27450980 0.29411765 0.33333333
v 0.01116616 0.06900916 0.01552500 0.27450980 0.29411765 0.33333333
v 0.01278336 0.06907291 0.02328549 0.27450980 0.29411765 0.33333333
v 0.01229307 0.06854238 0.01552500 0.27450980 0.29411765 0.33333333
v 0.01230570 0.06854774 0.02326715 0.27450980 0.29411765 0.33333333
v 0.01207125 0.06848354 0.02326491 0.27450980 0.29411765 0.33333333
v 0.01139273 0.06869217 0.02327219 0.27450980 0.29411765 0.33333333
v 0.01113478 0.06909855 0.02328639 0.27450980 0.29411765 0.33333333
v 0.00700986 0.06900916 0.01552500 0.27450980 0.29411765 0.33333333
v 0.00692648 0.06885460 0.02327787 0.27450980 0.29411765 0.33333333
v 0.00682289 0.06872935 0.01552500 0.27450980 0.29411765 0.33333333
v 0.00676292 0.06867477 0.02327159 0.27450980 0.29411765 0.33333333
v 0.00621301 0.06847673 0.01552500 0.27450980 0.29411765 0.33333333
v 0.00607824 0.06848733 0.02326504 0.27450980 0.29411765 0.33333333
v 0.00588295 0.06854238 0.01552500 0.27450980 0.29411765 0.33333333
v 0.00584593 0.06855875 0.02326754 0.27450980 0.29411765 0.33333333
v 0.00560313 0.06872935 0.01552500 0.27450980 0.29411765 0.33333333
v 0.00548485 0.06887696 0.02327865 0.27450980 0.29411765 0.33333333
v 0.00541616 0.06900916 0.01552500 0.27450980 0.29411765 0.33333333
v 0.00707551 0.06933923 0.01552500 0.27450980 0.29411765 0.33333333
v 0.00707551 0.06933923 0.02329479 0.27450980 0.29411765 0.33333333
v 0.00703336 0.06907291 0.02328549 0.27450980 0.29411765 0.33333333
v 0.00654308 0.06854238 0.01552500 0.27450980 0.29411765 0.33333333
v 0.00655570 0.06854774 0.02326715 0.27450980 0.29411765 0.33333333
v 0.00632125 0.06848354 0.02326491 0.27450980 0.29411765 0.33333333
v 0.00564273 0.06869217 0.02327219 0.27450980 0.29411765 0.33333333
v 0.00535051 0.06933923 0.02329479 0.27450980 0.29411765 0.33333333
v 0.00535051 0.06933923 0.01552500 0.27450980 0.29411765 0.33333333
v 0.00538478 0.06909855 0.02328639 0.27450980 0.29411765 0.33333333
v 0.00621301 0.07020173 0.01552500 0.27450980 0.29411765 0.33333333
v 0.00654308 0.07013607 0.01552500 0.27450980 0.29411765 0.33333333
v 0.00588295 0.07013607 0.01552500 0.27450980 0.29411765 0.33333333
v 0.00541616 0.06966929 0.01552500 0.27450980 0.29411765 0.33333333
v 0.00700986 0.06966929 0.01552500 0.27450980 0.29411765 0.33333333
v 0.00560313 0.06994910 0.01552500 0.27450980 0.29411765 0.33333333
v 0.00682289 0.06994910 0.01552500 0.27450980 0.29411765 0.33333333
v 0.00549954 0.06982385 0.02331171 0.27450980 0.29411765 0.33333333
v 0.00566310 0.07000368 0.02331799 0.27450980 0.29411765 0.33333333
v 0.00634778 0.07019113 0.02332454 0.27450980 0.29411765 0.33333333
v 0.00658009 0.07011971 0.02332204 0.27450980 0.29411765 0.33333333
v 0.00694117 0.06980149 0.02331093 0.27450980 0.29411765 0.33333333
v 0.00539266 0.06960555 0.02330409 0.27450980 0.29411765 0.33333333
v 0.00587032 0.07013071 0.02332243 0.27450980 0.29411765 0.33333333
v 0.00610477 0.07019491 0.02332467 0.27450980 0.29411765 0.33333333
v 0.00678330 0.06998628 0.02331739 0.27450980 0.29411765 0.33333333
v 0.00704124 0.06957990 0.02330319 0.27450980 0.29411765 0.33333333
v 0.02419117 0.06980149 0.02331093 0.27450980 0.29411765 0.33333333
v 0.02403329 0.06998628 0.02331739 0.27450980 0.29411765 0.33333333
v 0.02383009 0.07011971 0.02332204 0.27450980 0.29411765 0.33333333
v 0.02359778 0.07019113 0.02332454 0.27450980 0.29411765 0.33333333
v 0.02335477 0.07019491 0.02332467 0.27450980 0.29411765 0.33333333
v 0.02332824 0.06848733 0.02326504 0.27450980 0.29411765 0.33333333
v 0.02357125 0.06848354 0.02326491 0.27450980 0.29411765 0.33333333
v 0.02380570 0.06854774 0.02326715 0.27450980 0.29411765 0.33333333
v 0.02401292 0.06867477 0.02327159 0.27450980 0.29411765 0.33333333
v 0.02417648 0.06885460 0.02327787 0.27450980 0.29411765 0.33333333
v 0.02428336 0.06907291 0.02328549 0.27450980 0.29411765 0.33333333
v 0.02432551 0.06933923 0.02329479 0.27450980 0.29411765 0.33333333
v 0.02429124 0.06957990 0.02330319 0.27450980 0.29411765 0.33333333
v 0.02309593 0.06855875 0.02326754 0.27450980 0.29411765 0.33333333
v 0.02289273 0.06869217 0.02327219 0.27450980 0.29411765 0.33333333
v 0.02273485 0.06887696 0.02327865 0.27450980 0.29411765 0.33333333
v 0.02263478 0.06909855 0.02328639 0.27450980 0.29411765 0.33333333
v 0.02260051 0.06933923 0.02329479 0.27450980 0.29411765 0.33333333
v 0.02264267 0.06960555 0.02330409 0.27450980 0.29411765 0.33333333
v 0.02274954 0.06982385 0.02331171 0.27450980 0.29411765 0.33333333
v 0.02291310 0.07000368 0.02331799 0.27450980 0.29411765 0.33333333
v 0.02312032 0.07013071 0.02332243 0.27450980 0.29411765 0.33333333
v 0.02425986 0.06900916 0.01552500 0.27450980 0.29411765 0.33333333
v 0.02407289 0.06872935 0.01552500 0.27450980 0.29411765 0.33333333
v 0.02346301 0.06847673 0.01552500 0.27450980 0.29411765 0.33333333
v 0.02313295 0.06854238 0.01552500 0.27450980 0.29411765 0.33333333
v 0.02285313 0.06872935 0.01552500 0.27450980 0.29411765 0.33333333
v 0.02266616 0.06900916 0.01552500 0.27450980 0.29411765 0.33333333
v 0.02432551 0.06933923 0.01552500 0.27450980 0.29411765 0.33333333
v 0.02379308 0.06854238 0.01552500 0.27450980 0.29411765 0.33333333
v 0.02260051 0.06933923 0.01552500 0.27450980 0.29411765 0.33333333
v 0.02266616 0.06966929 0.01552500 0.27450980 0.29411765 0.33333333
v 0.02285313 0.06994910 0.01552500 0.27450980 0.29411765 0.33333333
v 0.02346301 0.07020173 0.01552500 0.27450980 0.29411765 0.33333333
v 0.02379308 0.07013607 0.01552500 0.27450980 0.29411765 0.33333333
v 0.02407289 0.06994910 0.01552500 0.27450980 0.29411765 0.33333333
v 0.02425986 0.06966929 0.01552500 0.27450980 0.29411765 0.33333333
v 0.02313295 0.07013607 0.01552500 0.27450980 0.29411765 0.33333333
vn -0.06339581 0.65757296 -0.75071884
vn -0.24587969 0.61390675 0.75010778
vn -0.24587330 0.61393684 -0.75008525
vn -0.40960322 0.52126176 0.74867308
vn -0.40961007 0.52125531 -0.74867383
vn -0.54177616 0.38619140 0.74654859
vn -0.54177208 0.38616714 -0.74656410
vn -0.63088480 0.20183245 0.74916489
vn -0.63088783 0.20185479 -0.74915632
vn -0.66637166 -0.01320458 0.74550282
vn -0.66637267 -0.01321665 -0.74550170
vn -0.06339711 0.65757058 0.75072081
vn 0.12388856 0.64901306 -0.75062219
vn 0.12387063 0.64911247 0.75053919
vn 0.30178644 0.58894174 -0.74971500
vn 0.30179589 0.58889182 0.74975040
vn 0.45664816 0.48153127 -0.74806423
vn 0.45664677 0.48155549 0.74804949
vn 0.57604710 0.33474759 -0.74573038
vn 0.57604805 0.33473190 0.74573668
vn 0.65000625 0.16013896 -0.74286431
vn 0.65000434 0.16014193 0.74286534
vn 0.66567461 -0.04361825 -0.74496628
vn 0.66567468 -0.04360992 0.74496671
vn 0.06067728 -0.68379221 -0.72714955
vn 0.23590946 -0.64382074 0.72790218
vn 0.23591182 -0.64380636 -0.72791414
vn 0.39536809 -0.55790377 0.72967627
vn 0.39536772 -0.55790776 -0.72967342
vn 0.52742723 -0.43093273 0.73220044
vn 0.52742710 -0.43092763 -0.73220355
vn 0.62103871 -0.25504026 0.74112440
vn 0.62103721 -0.25504558 -0.74112383
vn 0.06067659 -0.68379836 0.72714383
vn -0.11856393 -0.67601867 -0.72728355
vn -0.11858218 -0.67593431 0.72735897
vn -0.29001273 -0.62073750 -0.72840756
vn -0.29000614 -0.62077747 0.72837612
vn -0.44187486 -0.52078945 -0.73042793
vn -0.44187566 -0.52076776 0.73044290
vn -0.56262894 -0.38203287 -0.73314362
vn -0.56262585 -0.38204930 0.73313742
vn -0.64203793 -0.21362195 -0.73631037
vn -0.64204150 -0.21362068 0.73630762
vn 0.29251213 -0.37976194 -0.87762038
vn 0.29251843 -0.37975531 0.87762114
vn 0.70035870 -0.24834017 -0.66919717
vn 0.70035427 -0.24833222 0.66920476
vn 0.59377515 -0.45203770 -0.66565231
vn 0.59377594 -0.45204622 0.66564582
vn 0.43031790 -0.61274860 -0.66284663
vn 0.43032102 -0.61274162 0.66285105
vn 0.22585754 -0.71554568 -0.66104671
vn 0.22585932 -0.71552948 0.66106363
vn 0.05597966 -0.73372175 -0.67714007
vn 0.05597424 -0.73380279 0.67705269
vn -0.28940172 -0.30253233 -0.90814142
vn -0.28941713 -0.30253088 0.90813699
vn -0.31173360 0.30319068 -0.90049851
vn -0.31173260 0.30319084 0.90049881
vn 0.31091215 0.32606963 -0.89275542
vn 0.31091000 0.32607221 0.89275522
vn 0.05769299 0.70947763 -0.70236245
vn 0.05769045 0.70951275 0.70232718
vn 0.23126093 0.69012473 -0.68574503
vn 0.23126740 0.69009046 0.68577734
vn 0.43902465 0.58276412 -0.68384453
vn 0.43902555 0.58277762 0.68383245
vn 0.60248703 0.41639460 -0.68090008
vn 0.60248428 0.41638733 0.68090696
vn 0.70571723 0.20815066 -0.67722706
vn 0.70572068 0.20815035 0.67722357
vn -0.05769302 0.70947763 -0.70236245
vn -0.05769049 0.70951276 0.70232717
vn -0.31091213 0.32606982 -0.89275535
vn -0.31090999 0.32607240 0.89275516
vn -0.70571725 0.20814889 -0.67722759
vn -0.70572070 0.20814857 0.67722409
vn -0.60248844 0.41639340 -0.68089956
vn -0.60248569 0.41638614 0.68090644
vn -0.43902401 0.58276488 -0.68384429
vn -0.43902491 0.58277838 0.68383221
vn -0.23126000 0.69012478 -0.68574529
vn -0.23126647 0.69009051 0.68577760
vn 0.30724191 0.35881399 -0.88139374
vn 0.30724092 0.35881400 0.88139408
vn 0.27795436 -0.25416297 -0.92635984
vn 0.27796962 -0.25415934 0.92635626
vn -0.29251076 -0.37978004 -0.87761300
vn -0.29251706 -0.37977341 0.87761377
vn -0.05598241 -0.73372229 -0.67713925
vn -0.05597700 -0.73380334 0.67705187
vn -0.22585169 -0.71554476 -0.66104970
vn -0.22585347 -0.71552857 0.66106662
vn -0.43032605 -0.61274937 -0.66284063
vn -0.43032917 -0.61274240 0.66284505
vn -0.59378034 -0.45202498 -0.66565631
vn -0.59378113 -0.45203350 0.66564982
vn -0.70034668 -0.24835926 -0.66920266
vn -0.70034225 -0.24835131 0.66921025
vn -0.06339281 0.65757586 -0.75071655
vn -0.24587919 0.61390424 0.75011000
vn -0.24587259 0.61393485 -0.75008711
vn -0.40960742 0.52125950 0.74867235
vn -0.40961357 0.52125324 -0.74867335
vn -0.54177705 0.38619195 0.74654766
vn -0.54177297 0.38616769 -0.74656317
vn -0.63088405 0.20183558 0.74916467
vn -0.63088709 0.20185792 -0.74915610
vn -0.66637293 -0.01319747 0.74550180
vn -0.66637395 -0.01320955 -0.74550068
vn -0.06339377 0.65756997 0.75072163
vn 0.12388627 0.64903520 -0.75060343
vn 0.12387169 0.64909176 0.75055692
vn 0.30178725 0.58893961 -0.74971634
vn 0.30179753 0.58888879 0.74975212
vn 0.45665112 0.48152970 -0.74806344
vn 0.45665011 0.48155504 0.74804774
vn 0.57604680 0.33475133 -0.74572892
vn 0.57604649 0.33473658 0.74573578
vn 0.65000367 0.16013973 -0.74286640
vn 0.65000176 0.16014270 0.74286743
vn 0.66567761 -0.04361523 -0.74496378
vn 0.66567768 -0.04360689 0.74496420
vn 0.06067809 -0.68378867 -0.72715282
vn 0.23590778 -0.64382301 0.72790071
vn 0.23591014 -0.64380863 -0.72791267
vn 0.39536575 -0.55790301 0.72967812
vn 0.39536539 -0.55790700 -0.72967527
vn 0.52742768 -0.43093627 0.73219804
vn 0.52742754 -0.43093117 -0.73220114
vn 0.62103508 -0.25503891 0.74112791
vn 0.62103358 -0.25504422 -0.74112734
vn 0.06067697 -0.68380410 0.72713841
vn -0.11856485 -0.67603268 -0.72727037
vn -0.11858597 -0.67590406 0.72738647
vn -0.29001369 -0.62073872 -0.72840614
vn -0.29000710 -0.62077870 0.72837469
vn -0.44187275 -0.52079062 -0.73042837
vn -0.44187356 -0.52076893 0.73044334
vn -0.56262695 -0.38204107 -0.73314087
vn -0.56262386 -0.38205750 0.73313468
vn -0.64203215 -0.21362347 -0.73631497
vn -0.64203571 -0.21362220 0.73631223
vn -0.05598335 -0.73372285 -0.67713857
vn -0.05597802 -0.73380268 0.67705250
vn -0.22585809 -0.71554414 -0.66104818
vn -0.22585989 -0.71552794 0.66106510
vn -0.43031608 -0.61275062 -0.66284595
vn -0.43031921 -0.61274364 0.66285037
vn -0.59377670 -0.45203608 -0.66565202
vn -0.59377747 -0.45204487 0.66564537
vn -0.70035783 -0.24833985 -0.66919820
vn -0.70035385 -0.24833630 0.66920368
vn -0.29251199 -0.37976371 -0.87761966
vn -0.29251620 -0.37975872 0.87762041
vn 0.05598335 -0.73372285 -0.67713857
vn 0.05597802 -0.73380268 0.67705250
vn 0.29251212 -0.37976199 -0.87762036
vn 0.29251633 -0.37975700 0.87762111
vn 0.70035896 -0.24833822 -0.66919762
vn 0.70035498 -0.24833466 0.66920310
vn 0.59377556 -0.45203862 -0.66565131
vn 0.59377634 -0.45204740 0.66564466
vn 0.43031410 -0.61275099 -0.66284689
vn 0.43031723 -0.61274402 0.66285131
vn 0.22585895 -0.71554408 -0.66104795
vn 0.22586075 -0.71552788 0.66106487
vn -0.28940130 -0.30253234 -0.90814155
vn -0.28940113 -0.30253230 0.90814162
vn -0.70285367 0.04533912 -0.70988808
vn -0.68691293 0.07895652 0.72243788
vn -0.61044646 0.26574286 -0.74614734
vn -0.57415272 0.34756585 0.74131412
vn -0.64449461 0.19683127 0.73883973
vn -0.67298253 0.11229752 -0.73108398
vn 0.60211635 0.29818030 -0.74063784
vn 0.55720882 0.36091951 0.74783383
vn 0.50804259 0.43593727 -0.74286703
vn 0.43996714 0.50292302 0.74397403
vn 0.38333677 0.54637264 -0.74466762
vn 0.30114143 0.59465886 0.74544931
vn 0.23587140 0.62291520 -0.74588292
vn 0.14455538 0.64970681 0.74631415
vn 0.07463494 0.66123495 -0.74645694
vn -0.02040268 0.66505547 0.74651521
vn -0.09086996 0.65925369 -0.74640955
vn -0.18396567 0.63994438 0.74607494
vn -0.25100883 0.61716933 -0.74571884
vn -0.33660605 0.57586102 0.74503721
vn -0.39626840 0.53738592 -0.74443786
vn -0.46936314 0.47646661 0.74342304
vn -0.51803738 0.42451182 -0.74258130
vn 0.64409847 0.21904873 0.73290847
vn 0.66322230 0.18827251 -0.72435464
vn 0.68443280 0.15752095 0.71185595
vn 0.27795393 -0.25416300 -0.92635996
vn 0.27795375 -0.25416298 0.92636002
vn -0.31091175 0.32607970 -0.89275187
vn -0.31087397 0.32608359 0.89276361
vn -0.70570903 0.20816213 -0.67723209
vn -0.70572689 0.20816068 0.67721392
vn -0.60248687 0.41639138 -0.68090219
vn -0.60247743 0.41639038 0.68091115
vn -0.43902786 0.58276345 -0.68384304
vn -0.43904320 0.58276566 0.68383131
vn -0.23125795 0.69012569 -0.68574506
vn -0.23125616 0.69011988 0.68575151
vn -0.05769059 0.70947105 -0.70236929
vn -0.05768660 0.70947200 0.70236867
vn 0.30724169 0.35881408 -0.88139378
vn 0.30723914 0.35881386 0.88139476
vn 0.27795587 -0.25416232 -0.92635957
vn 0.27798597 -0.25415368 0.92635291
vn -0.29250948 -0.37977519 -0.87761552
vn -0.29254753 -0.37976275 0.87760823
vn -0.05598239 -0.73371868 -0.67714317
vn -0.05596969 -0.73372392 0.67713854
vn -0.22585139 -0.71554544 -0.66104908
vn -0.22584112 -0.71553922 0.66105931
vn -0.43031286 -0.61275427 -0.66284467
vn -0.43032556 -0.61275069 0.66283972
vn -0.59378405 -0.45202931 -0.66565006
vn -0.59378764 -0.45203049 0.66564605
vn -0.70035089 -0.24834485 -0.66920360
vn -0.70033935 -0.24834742 0.66921473
vn 0.05598071 -0.73371835 -0.67714367
vn 0.05596801 -0.73372359 0.67713904
vn 0.29251104 -0.37976498 -0.87761942
vn 0.29251971 -0.37976270 0.87761752
vn 0.70035869 -0.24834417 -0.66919569
vn 0.70030504 -0.24832536 0.66925882
vn 0.59378201 -0.45202592 -0.66565418
vn 0.59378753 -0.45202446 0.66565025
vn 0.43031929 -0.61275091 -0.66284359
vn 0.43033535 -0.61275093 0.66283315
vn 0.22584708 -0.71554602 -0.66104992
vn 0.22583553 -0.71554086 0.66105944
vn -0.28940047 -0.30253235 -0.90814181
vn -0.28940094 -0.30253291 0.90814147
vn -0.31173397 0.30319057 -0.90049842
vn -0.31173369 0.30319051 0.90049854
vn 0.31091242 0.32606982 -0.89275525
vn 0.31087462 0.32607372 0.89276699
vn 0.05768844 0.70947063 -0.70236989
vn 0.05768445 0.70947158 0.70236926
vn 0.23125606 0.69012688 -0.68574451
vn 0.23125427 0.69012107 0.68575095
vn 0.43902718 0.58276372 -0.68384324
vn 0.43904252 0.58276594 0.68383151
vn 0.60249125 0.41638816 -0.68090029
vn 0.60248180 0.41638716 0.68090925
vn 0.70571502 0.20814671 -0.67723058
vn 0.70573288 0.20814527 0.67721241
vn 0.05769320 0.70947635 -0.70236372
vn 0.05768877 0.70953782 0.70230199
vn 0.23125933 0.69012524 -0.68574505
vn 0.23126555 0.69009016 0.68577826
vn 0.43902337 0.58276549 -0.68384418
vn 0.43902567 0.58277273 0.68383653
vn 0.60248968 0.41639220 -0.68089920
vn 0.60248833 0.41638391 0.68090547
vn 0.70571746 0.20814700 -0.67722795
vn 0.70572132 0.20815123 0.67722262
vn 0.31091213 0.32606984 -0.89275535
vn 0.31090785 0.32607410 0.89275528
vn -0.05769632 0.70947697 -0.70236285
vn -0.05769188 0.70953844 0.70230111
vn -0.31091078 0.32608979 -0.89274853
vn -0.31090651 0.32609405 0.89274846
vn -0.70570611 0.20816689 -0.67723366
vn -0.70570997 0.20817113 0.67722833
vn -0.60248841 0.41639327 -0.68089967
vn -0.60248705 0.41638499 0.68090593
vn -0.43902394 0.58276481 -0.68384439
vn -0.43902624 0.58277205 0.68383675
vn -0.23126295 0.69012345 -0.68574563
vn -0.23126917 0.69008837 0.68577884
vn 0.30724187 0.35881412 -0.88139371
vn 0.30724044 0.35881365 0.88139439
vn 0.27795448 -0.25416277 -0.92635986
vn 0.27795538 -0.25416247 0.92635967
vn -0.29250937 -0.37977521 -0.87761555
vn -0.29254404 -0.37976621 0.87760789
vn -0.05598984 -0.73372113 -0.67713990
vn -0.05597928 -0.73372566 0.67713587
vn -0.22585416 -0.71553972 -0.66105431
vn -0.22584211 -0.71553655 0.66106186
vn -0.43030843 -0.61275884 -0.66284332
vn -0.43031597 -0.61275539 0.66284161
vn -0.59378673 -0.45202985 -0.66564730
vn -0.59379685 -0.45202980 0.66563831
vn -0.70035142 -0.24833985 -0.66920490
vn -0.70033944 -0.24834401 0.66921590
vn 0.05598715 -0.73372057 -0.67714073
vn 0.05597627 -0.73372534 0.67713645
vn 0.29251142 -0.37978110 -0.87761232
vn 0.29251966 -0.37977961 0.87761022
vn 0.70034782 -0.24836148 -0.66920065
vn 0.70030411 -0.24834885 0.66925108
vn 0.59377677 -0.45203877 -0.66565013
vn 0.59379348 -0.45204113 0.66563362
vn 0.43031476 -0.61275234 -0.66284522
vn 0.43032152 -0.61274987 0.66284311
vn 0.22586000 -0.71554060 -0.66105137
vn 0.22584831 -0.71553767 0.66105853
vn -0.28940187 -0.30253219 -0.90814141
vn -0.28940279 -0.30253202 0.90814118
vn -0.31173356 0.30319077 -0.90049849
vn -0.31173212 0.30319045 0.90049910
vn -0.06339510 0.65757657 -0.75071573
vn -0.24587904 0.61390669 0.75010804
vn -0.24587265 0.61393678 -0.75008551
vn -0.40960433 0.52126004 0.74867367
vn -0.40961118 0.52125358 -0.74867442
vn -0.54177745 0.38619160 0.74654755
vn -0.54177337 0.38616734 -0.74656306
vn -0.63088403 0.20183330 0.74916531
vn -0.63088707 0.20185564 -0.74915673
vn -0.66637216 -0.01320330 0.74550239
vn -0.66637318 -0.01321538 -0.74550127
vn -0.06339642 0.65756732 0.75072373
vn 0.12388837 0.64902125 -0.75061514
vn 0.12387172 0.64910381 0.75054649
vn 0.30178693 0.58894164 -0.74971488
vn 0.30179638 0.58889171 0.74975029
vn 0.45664771 0.48153232 -0.74806383
vn 0.45664632 0.48155654 0.74804909
vn 0.57604619 0.33474826 -0.74573078
vn 0.57604713 0.33473258 0.74573709
vn 0.65000625 0.16013896 -0.74286431
vn 0.65000434 0.16014193 0.74286534
vn 0.66567461 -0.04361825 -0.74496628
vn 0.66567468 -0.04360992 0.74496671
vn 0.06067727 -0.68379064 -0.72715103
vn 0.23590999 -0.64382026 0.72790243
vn 0.23591234 -0.64380587 -0.72791439
vn 0.39536827 -0.55790445 0.72967565
vn 0.39536790 -0.55790844 -0.72967280
vn 0.52742630 -0.43093328 0.73220079
vn 0.52742616 -0.43092819 -0.73220389
vn 0.62103871 -0.25504026 0.74112440
vn 0.62103721 -0.25504558 -0.74112383
vn 0.06067641 -0.68380132 0.72714106
vn -0.11856299 -0.67602821 -0.72727483
vn -0.11858302 -0.67591676 0.72737515
vn -0.29001225 -0.62073753 -0.72840772
vn -0.29000566 -0.62077751 0.72837628
vn -0.44187436 -0.52079044 -0.73042753
vn -0.44187516 -0.52076875 0.73044250
vn -0.56262801 -0.38203343 -0.73314404
vn -0.56262492 -0.38204986 0.73313784
vn -0.64203791 -0.21362057 -0.73631079
vn -0.64204147 -0.21361930 0.73630805
vn -0.06340112 0.65757700 -0.75071485
vn -0.24589091 0.61398729 0.75003817
vn -0.24588663 0.61399253 -0.75003529
vn -0.40958149 0.52129105 0.74866458
vn -0.40960965 0.52128660 -0.74865226
vn -0.54177491 0.38616783 0.74656168
vn -0.54174129 0.38617032 -0.74658479
vn -0.63082148 0.20183921 0.74921639
vn -0.63084019 0.20183955 -0.74920054
vn -0.66637013 -0.01322483 0.74550383
vn -0.66637121 -0.01322932 -0.74550278
vn -0.06341611 0.65757062 0.75071918
vn 0.12388011 0.64906215 -0.75058114
vn 0.12387906 0.64906359 0.75058006
vn 0.30178644 0.58894174 -0.74971500
vn 0.30179589 0.58889182 0.74975040
vn 0.45664816 0.48153127 -0.74806423
vn 0.45664677 0.48155549 0.74804949
vn 0.57604710 0.33474759 -0.74573038
vn 0.57604805 0.33473190 0.74573668
vn 0.65000625 0.16013896 -0.74286431
vn 0.65000434 0.16014193 0.74286534
vn 0.66567461 -0.04361825 -0.74496628
vn 0.66567468 -0.04360992 0.74496671
vn 0.06067745 -0.68379368 -0.72714816
vn 0.23590946 -0.64382074 0.72790218
vn 0.23591182 -0.64380636 -0.72791414
vn 0.39536809 -0.55790377 0.72967627
vn 0.39536772 -0.55790776 -0.72967342
vn 0.52742723 -0.43093273 0.73220044
vn 0.52742710 -0.43092763 -0.73220355
vn 0.62103871 -0.25504026 0.74112440
vn 0.62103721 -0.25504558 -0.74112383
vn 0.06067625 -0.68379555 0.72714651
vn -0.11856298 -0.67600205 -0.72729914
vn -0.11857561 -0.67596698 0.72732968
vn -0.29000901 -0.62071499 -0.72842822
vn -0.29000252 -0.62073672 0.72841228
vn -0.44187730 -0.52078425 -0.73043015
vn -0.44187736 -0.52077121 0.73043942
vn -0.56263882 -0.38203478 -0.73313504
vn -0.56263335 -0.38204719 0.73313277
vn -0.64204515 -0.21362921 -0.73630197
vn -0.64205241 -0.21362382 0.73629720
vn 0.05769652 0.70947247 -0.70236737
vn 0.05769136 0.70947424 0.70236601
vn 0.23126149 0.69012245 -0.68574713
vn 0.23126135 0.69011814 0.68575152
vn 0.43902084 0.58276724 -0.68384432
vn 0.43903588 0.58276942 0.68383280
vn 0.60248955 0.41639367 -0.68089842
vn 0.60248013 0.41639256 0.68090743
vn 0.70570242 0.20816652 -0.67723762
vn 0.70572126 0.20816498 0.67721846
vn 0.31091134 0.32609153 -0.89274770
vn 0.31087385 0.32609546 0.89275932
vn -0.05769928 0.70947305 -0.70236656
vn -0.05769445 0.70947455 0.70236544
vn -0.31091207 0.32608070 -0.89275140
vn -0.31087457 0.32608463 0.89276302
vn -0.70570792 0.20816584 -0.67723210
vn -0.70572675 0.20816429 0.67721295
vn -0.60248291 0.41639928 -0.68090086
vn -0.60247349 0.41639817 0.68090988
vn -0.43902141 0.58276655 -0.68384453
vn -0.43903645 0.58276874 0.68383302
vn -0.23126486 0.69012087 -0.68574759
vn -0.23126435 0.69011630 0.68575236
vn 0.30724162 0.35881414 -0.88139378
vn 0.30724251 0.35881425 0.88139343
vn 0.27795687 -0.25416204 -0.92635934
vn 0.27795901 -0.25416140 0.92635888
vn -0.29250955 -0.37977521 -0.87761549
vn -0.29253618 -0.37976623 0.87761050
vn -0.05598054 -0.73371931 -0.67714264
vn -0.05596950 -0.73372414 0.67713832
vn -0.22585695 -0.71554385 -0.66104889
vn -0.22584764 -0.71553900 0.66105732
vn -0.43032089 -0.61274857 -0.66284471
vn -0.43033136 -0.61274557 0.66284069
vn -0.59378456 -0.45202812 -0.66565042
vn -0.59378839 -0.45202953 0.66564604
vn -0.70035092 -0.24834486 -0.66920357
vn -0.70033960 -0.24834863 0.66921402
vn 0.05597886 -0.73371897 -0.67714314
vn 0.05596782 -0.73372380 0.67713882
vn 0.29251233 -0.37976151 -0.87762050
vn 0.29251847 -0.37975979 0.87761919
vn 0.70036087 -0.24834071 -0.66919470
vn 0.70031664 -0.24832776 0.66924578
vn 0.59378201 -0.45202592 -0.66565418
vn 0.59379004 -0.45202727 0.66564611
vn 0.43032798 -0.61274647 -0.66284206
vn 0.43034127 -0.61274737 0.66283260
vn 0.22585300 -0.71554479 -0.66104922
vn 0.22584246 -0.71554095 0.66105698
vn -0.28940061 -0.30253232 -0.90814177
vn -0.28940059 -0.30253235 0.90814177
vn -0.31173460 0.30319073 -0.90049815
vn -0.31173490 0.30319075 0.90049804
vn -0.31091213 0.32607975 -0.89275173
vn -0.31105876 0.32606315 0.89270671
vn -0.70570916 0.20816120 -0.67723224
vn -0.70566919 0.20816160 0.67727376
vn -0.60248525 0.41639698 -0.68090020
vn -0.60250582 0.41639724 0.68088184
vn -0.43902516 0.58276559 -0.68384295
vn -0.43901962 0.58275950 0.68385169
vn -0.23126363 0.69012001 -0.68574886
vn -0.23125108 0.69011853 0.68575459
vn -0.05769704 0.70947306 -0.70236673
vn -0.05769198 0.70947458 0.70236561
vn 0.30724167 0.35881409 -0.88139379
vn 0.30724114 0.35881369 0.88139413
vn 0.27794956 -0.25416656 -0.92636030
vn 0.27794937 -0.25416790 0.92635999
vn -0.28946823 -0.30253352 -0.90811982
vn -0.28953484 -0.30253452 0.90809825
vn -0.31173495 0.30319049 -0.90049811
vn -0.31173503 0.30318961 0.90049838
vn 0.31091279 0.32606987 -0.89275510
vn 0.31105946 0.32605327 0.89271008
vn 0.05769503 0.70947265 -0.70236731
vn 0.05768998 0.70947417 0.70236619
vn 0.23126147 0.69012115 -0.68574844
vn 0.23124892 0.69011967 0.68575417
vn 0.43902490 0.58276589 -0.68384285
vn 0.43901937 0.58275980 0.68385160
vn 0.60248652 0.41639591 -0.68089973
vn 0.60250709 0.41639616 0.68088137
vn 0.70571484 0.20815046 -0.67722962
vn 0.70567487 0.20815086 0.67727114
vn 0.70308068 -0.08866767 -0.70556048
vn 0.71058924 -0.13437239 0.69065693
vn 0.70943751 -0.12461739 -0.69366341
vn 0.60317221 0.54407917 -0.58323336
vn 0.60317235 0.54407921 0.58323317
vn 0.70308071 -0.08866779 0.70556044
vn -0.64917506 0.49798499 -0.57496321
vn -0.64917503 0.49798495 0.57496328
vn -0.68194497 -0.24622164 -0.68871326
vn -0.68236644 -0.23634114 0.69175061
vn 0.68596283 -0.27229134 0.67476842
vn 0.59673547 -0.43872181 0.67188537
vn 0.61985363 -0.40432465 -0.67253480
vn 0.50794107 -0.53556881 -0.67465690
vn 0.46839879 -0.57638967 0.66960998
vn 0.39585780 -0.61980384 -0.67759856
vn 0.30937005 -0.67692644 0.66787781
vn -0.01488952 -0.74532473 -0.66653534
vn 0.15565385 -0.72482161 -0.67112258
vn 0.13075368 -0.73368102 0.66679504
vn -0.04095505 -0.74048213 0.67082703
vn -0.20016710 -0.71750547 -0.66717242
vn -0.29470828 -0.67477306 0.67663014
vn -0.37295672 -0.64349750 -0.66844166
vn -0.41856625 -0.60942294 0.67335427
vn -0.52131984 -0.52809445 -0.67032968
vn -0.54969690 -0.49770049 0.67091545
vn -0.63568765 -0.37824234 -0.67292938
vn 0.69389450 -0.24244228 -0.67803551
vn 0.28652266 -0.67857727 -0.67634137
vn -0.17751534 -0.71548215 0.67570230
vn -0.64837723 -0.34988004 0.67615895
vn 0.06067540 -0.68379426 0.72714779
vn -0.11858643 -0.67589632 0.72739358
vn -0.06339486 0.65757132 0.75072036
vn 0.12388549 0.64906883 0.75057448
vn 0.30179502 0.58895461 0.74970143
vn 0.45664744 0.48154724 0.74805439
vn 0.57601450 0.33474069 0.74575865
vn 0.64995427 0.16013235 0.74291122
vn 0.66567501 -0.04362299 0.74496565
vn 0.62104255 -0.25504392 0.74111993
vn 0.52743191 -0.43093450 0.73219604
vn 0.39536505 -0.55789675 0.72968329
vn 0.23590451 -0.64379388 0.72792754
vn -0.63088476 0.20183346 0.74916465
vn -0.54177693 0.38619104 0.74654822
vn -0.40960665 0.52126011 0.74867235
vn -0.24587893 0.61390461 0.75010978
vn -0.66637385 -0.01319742 0.74550099
vn -0.64203596 -0.21362063 0.73631247
vn -0.56262387 -0.38205705 0.73313491
vn -0.44187351 -0.52076903 0.73044330
vn -0.29000701 -0.62077871 0.72837472
vn -0.11856457 -0.67603680 -0.72726659
vn 0.06067635 -0.68379420 -0.72714776
vn 0.66567629 -0.04362551 -0.74496436
vn 0.64997346 0.16012759 -0.74289545
vn 0.57601626 0.33474703 -0.74575444
vn 0.45664207 0.48154282 -0.74806052
vn 0.30179317 0.58897016 -0.74968995
vn 0.12388885 0.64905754 -0.75058368
vn -0.06339173 0.65757459 -0.75071775
vn 0.23590717 -0.64378518 -0.72793437
vn 0.39536510 -0.55789978 -0.72968094
vn 0.52743173 -0.43093096 -0.73219825
vn 0.62103957 -0.25504921 -0.74112060
vn -0.24587250 0.61393469 -0.75008726
vn -0.40961350 0.52125365 -0.74867310
vn -0.54177285 0.38616678 -0.74656373
vn -0.63088779 0.20185581 -0.74915608
vn -0.66637486 -0.01320949 -0.74549987
vn -0.64203240 -0.21362190 -0.73631521
vn -0.56262695 -0.38204062 -0.73314110
vn -0.44187270 -0.52079072 -0.73042833
vn -0.29001360 -0.62073873 -0.72840617
vn 0.57497082 -0.05236466 0.81649648
vn 0.50092558 -0.86549036 -0.00000004
vn 0.64902429 0.76076769 -0.00000022
vn 0.57497100 -0.05236460 -0.81649635
vn 0.57497090 -0.05235609 -0.81649697
vn 0.64902416 0.76076780 0.00000037
vn 0.50091151 -0.86549850 0.00000044
vn 0.57497102 -0.05235600 0.81649690
vn 0.57496932 -0.05236047 -0.81649780
vn 0.64902338 0.76076846 0.00000037
vn 0.50091958 -0.86549383 0.00000026
vn 0.57496940 -0.05236047 0.81649775
vn 0.57496936 -0.05236345 -0.81649759
vn 0.64902333 0.76076850 0.00000000
vn 0.50092022 -0.86549346 0.00000000
vn 0.57496933 -0.05236345 0.81649760
vn 0.57497261 -0.05236193 -0.81649540
vn 0.64901605 0.76077471 -0.00000018
vn 0.50092628 -0.86548995 -0.00000007
vn 0.57497257 -0.05236185 0.81649543
vn 0.57497242 -0.05236374 -0.81649541
vn 0.64902257 0.76076915 0.00000000
vn 0.50091805 -0.86549472 0.00000000
vn 0.57497242 -0.05236374 0.81649541
vn 0.57497253 -0.05236248 -0.81649542
vn 0.64901604 0.76077473 0.00000029
vn 0.50092629 -0.86548995 0.00000029
vn 0.57497272 -0.05236234 0.81649529
vn 0.57497217 -0.05236357 0.81649560
vn 0.50091856 -0.86549442 0.00000004
vn 0.64902241 0.76076929 0.00000000
vn 0.57497217 -0.05236357 -0.81649560
vn 0.57497079 -0.05236464 0.81649650
vn 0.50092550 -0.86549041 -0.00000018
vn 0.64902426 0.76076771 -0.00000029
vn 0.57497100 -0.05236460 -0.81649635
vn 0.57497249 -0.05236363 -0.81649537
vn 0.64902250 0.76076922 -0.00000040
vn 0.50091808 -0.86549470 -0.00000022
vn 0.57497234 -0.05236378 0.81649546
vn 0.57496937 -0.05236353 0.81649757
vn 0.50091970 -0.86549376 0.00000026
vn 0.64902339 0.76076845 0.00000029
vn 0.57496929 -0.05236353 -0.81649763
vn 0.57497093 -0.05235613 -0.81649695
vn 0.64902415 0.76076781 -0.00000015
vn 0.50091151 -0.86549850 -0.00000007
vn 0.57497089 -0.05235597 0.81649699
vn 0.57497217 -0.05236357 -0.81649560
vn 0.64902235 0.76076934 0.00000026
vn 0.50091853 -0.86549444 0.00000029
vn 0.57497229 -0.05236364 0.81649551
vn 0.57496934 -0.05236193 -0.81649769
vn 0.64902241 0.76076929 0.00000004
vn 0.50092157 -0.86549268 0.00000000
vn 0.57496937 -0.05236193 0.81649767
vn 0.57497262 -0.05236183 -0.81649539
vn 0.64901612 0.76077466 0.00000044
vn 0.50092629 -0.86548995 0.00000022
vn 0.57497261 -0.05236193 0.81649540
vn 0.57497056 -0.05235520 -0.81649726
vn 0.64902444 0.76076756 0.00000000
vn 0.50091691 -0.86549538 0.00000000
vn 0.57497054 -0.05235517 0.81649728
vn 0.57496937 -0.05236050 -0.81649777
vn 0.64902338 0.76076846 -0.00000037
vn 0.50091955 -0.86549385 -0.00000026
vn 0.57496931 -0.05236047 0.81649781
vn 0.57496912 -0.05236329 -0.81649776
vn 0.64902367 0.76076821 0.00000037
vn 0.50092209 -0.86549238 0.00000040
vn 0.57496913 -0.05236338 0.81649775
vn 0.57496942 -0.05236047 -0.81649773
vn 0.64902325 0.76076857 0.00000033
vn 0.50091958 -0.86549383 0.00000037
vn 0.57496945 -0.05236052 0.81649771
vn 0.57496939 -0.05236350 -0.81649756
vn 0.64902338 0.76076846 -0.00000022
vn 0.50091962 -0.86549381 -0.00000015
vn 0.57496918 -0.05236366 0.81649770
vn 0.57497225 -0.05236328 -0.81649556
vn 0.64902241 0.76076929 0.00000000
vn 0.50092116 -0.86549292 0.00000000
vn 0.57497225 -0.05236328 0.81649556
vn 0.57496912 -0.05236325 -0.81649776
vn 0.64902377 0.76076813 -0.00000037
vn 0.50092206 -0.86549239 -0.00000022
vn 0.57496918 -0.05236325 0.81649772
vn 0.57497253 -0.05236240 0.81649542
vn 0.50092632 -0.86548993 0.00000000
vn 0.64901607 0.76077469 0.00000000
vn 0.57497253 -0.05236248 -0.81649542
vn 0.57497090 -0.05235613 0.81649697
vn 0.50091151 -0.86549850 0.00000029
vn 0.64902427 0.76076770 0.00000033
vn 0.57497083 -0.05235609 -0.81649702
vn 0.57496937 -0.05236050 -0.81649777
vn 0.64902333 0.76076851 0.00000000
vn 0.50091955 -0.86549385 0.00000000
vn 0.57496935 -0.05236050 0.81649778
vn 0.57497248 -0.05236367 -0.81649537
vn 0.64902241 0.76076929 -0.00000018
vn 0.50091810 -0.86549469 -0.00000007
vn 0.57497235 -0.05236364 0.81649547
vn 0.57496936 -0.05236345 -0.81649759
vn 0.64902333 0.76076850 0.00000026
vn 0.50092027 -0.86549343 0.00000026
vn 0.57496944 -0.05236355 0.81649752
vn 0.57497100 -0.05236460 -0.81649635
vn 0.64902425 0.76076772 0.00000033
vn 0.50092545 -0.86549044 0.00000048
vn 0.57497102 -0.05236458 0.81649634
vn 0.57497235 -0.05236335 0.81649548
vn 0.50092105 -0.86549298 0.00000029
vn 0.64902235 0.76076934 0.00000026
vn 0.57497225 -0.05236328 -0.81649556
vn 0.57496910 -0.05236334 0.81649777
vn 0.50092214 -0.86549235 -0.00000007
vn 0.64902380 0.76076811 -0.00000022
vn 0.57496912 -0.05236325 -0.81649776
vn 0.57497253 -0.05236248 0.81649542
vn 0.50092632 -0.86548993 0.00000000
vn 0.64901607 0.76077469 0.00000000
vn 0.57497253 -0.05236248 -0.81649542
vn 0.57497087 -0.05235609 0.81649699
vn 0.50091157 -0.86549847 -0.00000026
vn 0.64902427 0.76076770 -0.00000033
vn 0.57497093 -0.05235613 -0.81649695
vn 0.57497217 -0.05236357 0.81649560
vn 0.50091856 -0.86549442 0.00000004
vn 0.64902241 0.76076929 0.00000000
vn 0.57497217 -0.05236357 -0.81649560
vn 0.57497098 -0.05236460 0.81649637
vn 0.50092556 -0.86549037 0.00000022
vn 0.64902426 0.76076771 0.00000029
vn 0.57497076 -0.05236467 -0.81649652
vn 0.57496897 -0.05236347 -0.81649786
vn 0.64902268 0.76076906 0.00000022
vn 0.50091948 -0.86549389 0.00000026
vn 0.57496912 -0.05236344 0.81649776
vn 0.57497261 -0.05236193 -0.81649540
vn 0.64901590 0.76077484 0.00000051
vn 0.50092629 -0.86548995 0.00000040
vn 0.57497266 -0.05236191 0.81649536
vn 0.57497054 -0.05235524 -0.81649728
vn 0.64902438 0.76076761 0.00000033
vn 0.50091694 -0.86549536 0.00000029
vn 0.57497069 -0.05235516 0.81649718
vn 0.57497242 -0.05236374 -0.81649541
vn 0.64902257 0.76076915 0.00000000
vn 0.50091805 -0.86549472 0.00000000
vn 0.57497242 -0.05236374 0.81649541
vn 0.57496939 -0.05236350 -0.81649756
vn 0.64902339 0.76076845 -0.00000029
vn 0.50091962 -0.86549381 -0.00000029
vn 0.57496929 -0.05236353 0.81649763
vn 0.57497225 -0.05236328 0.81649556
vn 0.50092116 -0.86549292 0.00000000
vn 0.64902241 0.76076929 0.00000000
vn 0.57497225 -0.05236328 -0.81649556
vn 0.57496916 -0.05236329 0.81649774
vn 0.50092212 -0.86549236 0.00000022
vn 0.64902377 0.76076813 0.00000037
vn 0.57496911 -0.05236325 -0.81649778
vn 0.57497219 -0.05236194 -0.81649568
vn 0.64902131 0.76077023 0.00000000
vn 0.50091837 -0.86549453 0.00000000
vn 0.57497217 -0.05236191 0.81649570
vn 0.57496900 -0.05236348 -0.81649783
vn 0.64902270 0.76076904 0.00000000
vn 0.50091944 -0.86549391 0.00000000
vn 0.57496904 -0.05236352 0.81649781
vn 0.57496936 -0.05236349 -0.81649758
vn 0.64902333 0.76076850 0.00000000
vn 0.50092022 -0.86549346 0.00000000
vn 0.57496933 -0.05236345 0.81649760
vn 0.57497261 -0.05236193 -0.81649540
vn 0.64901612 0.76077466 -0.00000044
vn 0.50092637 -0.86548990 -0.00000022
vn 0.57497261 -0.05236183 0.81649540
vn 0.57497054 -0.05235524 -0.81649728
vn 0.64902444 0.76076756 0.00000000
vn 0.50091691 -0.86549538 0.00000000
vn 0.57497054 -0.05235517 0.81649728
vn 0.57496942 -0.05236047 -0.81649773
vn 0.64902331 0.76076852 -0.00000022
vn 0.50091963 -0.86549380 -0.00000015
vn 0.57496917 -0.05236066 0.81649790
vn 0.57497242 -0.05236374 -0.81649541
vn 0.64902251 0.76076920 0.00000026
vn 0.50091805 -0.86549472 0.00000029
vn 0.57497258 -0.05236378 0.81649529
vn 0.57496936 -0.05236366 0.81649757
vn 0.50091964 -0.86549380 0.00000037
vn 0.64902336 0.76076848 0.00000033
vn 0.57496939 -0.05236350 -0.81649756
vn 0.57497074 -0.05236404 -0.81649657
vn 0.64902317 0.76076864 -0.00000033
vn 0.50091749 -0.86549504 -0.00000026
vn 0.57497065 -0.05236407 0.81649663
vn 0.57497210 -0.05236312 -0.81649568
vn 0.64902237 0.76076932 -0.00000022
vn 0.50091854 -0.86549444 -0.00000015
vn 0.57497204 -0.05236311 0.81649572
vn 0.57496937 -0.05236050 -0.81649777
vn 0.64902332 0.76076851 0.00000026
vn 0.50091950 -0.86549388 0.00000026
vn 0.57496941 -0.05236046 0.81649774
vn 0.57497256 -0.05236275 -0.81649537
vn 0.64902135 0.76077019 0.00000018
vn 0.50091854 -0.86549443 0.00000029
vn 0.57497270 -0.05236276 0.81649528
vn 0.57497210 -0.05236312 -0.81649568
vn 0.64902234 0.76076935 0.00000000
vn 0.50091843 -0.86549450 0.00000000
vn 0.57497210 -0.05236312 0.81649568
vn 0.57497071 -0.05236407 -0.81649660
vn 0.64902312 0.76076868 -0.00000018
vn 0.50091760 -0.86549498 -0.00000015
vn 0.57497060 -0.05236409 0.81649667
vn 0.57496900 -0.05236348 -0.81649783
vn 0.64902270 0.76076904 0.00000000
vn 0.50091944 -0.86549391 0.00000000
vn 0.57496904 -0.05236352 0.81649781
vn 0.57497210 -0.05236312 -0.81649568
vn 0.64902246 0.76076925 -0.00000029
vn 0.50091842 -0.86549450 -0.00000026
vn 0.57497208 -0.05236316 0.81649568
vn 0.57496942 -0.05236047 -0.81649773
vn 0.64902333 0.76076851 0.00000000
vn 0.50091955 -0.86549385 0.00000000
vn 0.57496940 -0.05236047 0.81649775
vn 0.57497215 -0.05236184 0.81649572
vn 0.50091964 -0.86549380 -0.00000026
vn 0.64902135 0.76077020 -0.00000040
vn 0.57497231 -0.05236183 -0.81649561
vn 0.57497090 -0.05236254 0.81649656
vn 0.50091931 -0.86549399 0.00000022
vn 0.64902302 0.76076877 0.00000029
vn 0.57497084 -0.05236258 -0.81649660
vn 0.57496940 -0.05236154 -0.81649767
vn 0.64902166 0.76076993 -0.00000011
vn 0.50091953 -0.86549386 -0.00000015
vn 0.57496938 -0.05236141 0.81649770
vn 0.57496931 -0.05236264 -0.81649767
vn 0.64902295 0.76076883 -0.00000044
vn 0.50092024 -0.86549345 -0.00000022
vn 0.57496933 -0.05236263 0.81649766
vn 0.57497216 -0.05236246 -0.81649567
vn 0.64902227 0.76076941 0.00000000
vn 0.50091848 -0.86549447 0.00000000
vn 0.57497216 -0.05236246 0.81649567
vn 0.57497210 -0.05236312 -0.81649568
vn 0.64902239 0.76076930 0.00000018
vn 0.50091843 -0.86549450 0.00000026
vn 0.57497226 -0.05236298 0.81649557
vn 0.57497216 -0.05236246 -0.81649567
vn 0.64902227 0.76076941 0.00000000
vn 0.50091848 -0.86549447 0.00000000
vn 0.57497216 -0.05236246 0.81649567
vn 0.57496897 -0.05236347 -0.81649786
vn 0.64902274 0.76076901 -0.00000029
vn 0.50091944 -0.86549391 -0.00000026
vn 0.57496904 -0.05236345 0.81649781
vn 0.57497124 -0.05235774 -0.81649662
vn 0.64901859 0.76077254 -0.00000018
vn 0.50091772 -0.86549491 -0.00000004
vn 0.57497111 -0.05235779 0.81649672
vn 0.57497220 -0.05236190 -0.81649569
vn 0.64902119 0.76077033 0.00000037
vn 0.50091827 -0.86549459 0.00000029
vn 0.57497225 -0.05236187 0.81649565
vn 0.57496900 -0.05236348 -0.81649783
vn 0.64902273 0.76076901 -0.00000022
vn 0.50091947 -0.86549389 -0.00000015
vn 0.57496904 -0.05236350 0.81649781
vn 0.57497210 -0.05236312 -0.81649568
vn 0.64902234 0.76076935 0.00000000
vn 0.50091843 -0.86549450 0.00000000
vn 0.57497210 -0.05236312 0.81649568
vn 0.57497125 -0.05235770 -0.81649662
vn 0.64901856 0.76077258 -0.00000022
vn 0.50091766 -0.86549494 -0.00000026
vn 0.57497108 -0.05235781 0.81649673
vn 0.57497219 -0.05236194 -0.81649568
vn 0.64902131 0.76077023 0.00000000
vn 0.50091837 -0.86549453 0.00000000
vn 0.57497217 -0.05236194 0.81649570
vn 0.57497251 -0.05236243 0.81649543
vn 0.50091934 -0.86549397 -0.00000004
vn 0.64902163 0.76076995 -0.00000026
vn 0.57497254 -0.05236245 -0.81649541
vn 0.57497084 -0.05236258 -0.81649660
vn 0.64902305 0.76076874 0.00000000
vn 0.50091937 -0.86549396 -0.00000004
vn 0.57497081 -0.05236258 0.81649662
vn 0.57497256 -0.05236275 -0.81649537
vn 0.64902126 0.76077027 0.00000000
vn 0.50091865 -0.86549437 0.00000004
vn 0.57497254 -0.05236275 0.81649539
vn 0.57496940 -0.05236157 -0.81649767
vn 0.64902173 0.76076987 -0.00000026
vn 0.50091955 -0.86549385 -0.00000026
vn 0.57496944 -0.05236143 0.81649766
vn 0.57497256 -0.05236279 -0.81649537
vn 0.64902126 0.76077027 0.00000000
vn 0.50091865 -0.86549437 0.00000004
vn 0.57497254 -0.05236279 0.81649539
vn 0.57496931 -0.05236264 -0.81649767
vn 0.64902281 0.76076894 -0.00000004
vn 0.50092031 -0.86549341 -0.00000007
vn 0.57496932 -0.05236255 0.81649767
vn 0.57497216 -0.05236246 -0.81649567
vn 0.64902232 0.76076936 0.00000018
vn 0.50091834 -0.86549455 0.00000026
vn 0.57497227 -0.05236246 0.81649560
vn 0.57496937 -0.05236193 0.81649767
vn 0.50092157 -0.86549268 0.00000000
vn 0.64902241 0.76076929 0.00000004
vn 0.57496934 -0.05236193 -0.81649769
vn 0.57497254 -0.05236245 -0.81649541
vn 0.64902158 0.76077000 -0.00000037
vn 0.50091929 -0.86549400 -0.00000022
vn 0.57497241 -0.05236246 0.81649550
vn 0.57497081 -0.05236258 0.81649662
vn 0.50091937 -0.86549396 -0.00000004
vn 0.64902305 0.76076874 0.00000000
vn 0.57497084 -0.05236258 -0.81649660
vn 0.57497231 -0.05236183 -0.81649561
vn 0.64902134 0.76077020 -0.00000018
vn 0.50091972 -0.86549375 -0.00000015
vn 0.57497211 -0.05236192 0.81649575
vn 0.57496934 -0.05236193 -0.81649769
vn 0.64902239 0.76076931 0.00000037
vn 0.50092145 -0.86549275 0.00000029
vn 0.57496938 -0.05236186 0.81649767
vn 0.50092598 -0.86549013 -0.00000037
vn 0.35226694 -0.88894971 0.29270533
vn 0.57489292 -0.05222935 0.81656000
vn -0.04501894 -0.97737869 -0.20664992
vn 0.35228563 -0.88894608 0.29269386
vn 0.50092843 -0.86548871 0.00000004
vn 0.35226695 -0.88894968 -0.29270541
vn 0.57489212 -0.05220626 0.81656204
vn 0.57489295 -0.05222909 -0.81655999
vn 0.50092316 -0.86549176 0.00000044
vn 0.35228540 -0.88894621 -0.29269377
vn -0.04501798 -0.97737867 0.20665021
vn 0.57489206 -0.05220652 -0.81656206
vn 0.52796184 0.80056887 -0.28345332
vn 0.57496829 -0.05236047 -0.81649853
vn 0.52796599 0.80056553 0.28345502
vn 0.64902084 0.76077063 0.00000000
vn 0.57496694 -0.05236027 0.81649949
vn 0.52796153 0.80056900 -0.28345351
vn 0.57496848 -0.05236011 -0.81649842
vn 0.52796353 0.80056675 0.28345617
vn 0.64902096 0.76077052 -0.00000026
vn 0.57496662 -0.05236012 0.81649972
vn 0.52796160 0.80056895 -0.28345354
vn 0.57496848 -0.05236011 -0.81649842
vn 0.52796313 0.80056693 0.28345639
vn 0.64902098 0.76077051 -0.00000026
vn 0.57496668 -0.05235973 0.81649971
vn 0.90080648 -0.08203665 0.42640084
vn 0.86213529 -0.50667815 -0.00000008
vn 0.90080639 -0.08203656 -0.42640103
vn 0.93947868 0.34260736 -0.00000008
vn 0.93947857 0.34260766 0.00000021
vn 0.90080663 -0.08203951 -0.42639998
vn 0.90080741 -0.08203828 0.42639856
vn 0.86213536 -0.50667803 0.00000019
vn 0.90080645 -0.08203596 0.42640104
vn 0.86213376 -0.50668075 0.00000015
vn 0.90081246 -0.08203744 -0.42638805
vn 0.93947865 0.34260745 0.00000012
vn 0.93947871 0.34260728 0.00000000
vn 0.90080649 -0.08203617 -0.42640091
vn 0.90080649 -0.08203617 0.42640091
vn 0.86213352 -0.50668116 0.00000000
vn 0.90080719 -0.08203179 0.42640027
vn 0.86213670 -0.50667575 -0.00000006
vn 0.90080714 -0.08203179 -0.42640038
vn 0.93947532 0.34261657 -0.00000008
vn 0.90080652 -0.08203555 0.42640097
vn 0.86213328 -0.50668156 0.00000002
vn 0.90080650 -0.08203555 -0.42640101
vn 0.93947843 0.34260805 0.00000000
vn 0.90080636 -0.08203353 0.42640168
vn 0.86213714 -0.50667500 0.00000015
vn 0.90080650 -0.08203356 -0.42640140
vn 0.93947516 0.34261703 0.00000013
vn 0.90080614 -0.08203255 0.42640235
vn 0.86213334 -0.50668146 0.00000002
vn 0.90080614 -0.08203255 -0.42640235
vn 0.93947888 0.34260682 0.00000000
vn 0.93947865 0.34260745 -0.00000012
vn 0.90080639 -0.08203657 -0.42640104
vn 0.90080654 -0.08203663 0.42640071
vn 0.86213520 -0.50667829 -0.00000008
vn 0.90080695 -0.08203566 0.42640003
vn 0.86213322 -0.50668167 -0.00000010
vn 0.90080677 -0.08203557 -0.42640044
vn 0.93947878 0.34260710 -0.00000013
vn 0.90080843 -0.08203409 -0.42639721
vn 0.86213347 -0.50668124 0.00000012
vn 0.93947909 0.34260624 0.00000012
vn 0.90080635 -0.08203515 0.42640139
vn 0.90080662 -0.08203953 -0.42639998
vn 0.86213512 -0.50667843 -0.00000008
vn 0.93947846 0.34260796 -0.00000008
vn 0.90080670 -0.08203963 0.42639980
vn 0.90080615 -0.08203254 -0.42640231
vn 0.86213342 -0.50668132 0.00000019
vn 0.93947893 0.34260667 0.00000013
vn 0.90080600 -0.08203255 0.42640264
vn 0.90080636 -0.08203693 -0.42640103
vn 0.86213363 -0.50668097 0.00000002
vn 0.93947812 0.34260890 0.00000000
vn 0.90080637 -0.08203691 0.42640103
vn 0.93947528 0.34261668 0.00000013
vn 0.90082063 -0.08203687 -0.42637089
vn 0.90080712 -0.08203179 0.42640043
vn 0.86213663 -0.50667587 0.00000017
vn 0.93947634 0.34261379 0.00000000
vn 0.90080672 -0.08203896 -0.42639989
vn 0.90080670 -0.08203898 0.42639992
vn 0.86213418 -0.50668003 0.00000000
vn 0.93947866 0.34260743 -0.00000012
vn 0.90080645 -0.08203599 -0.42640103
vn 0.90080659 -0.08203599 0.42640073
vn 0.86213376 -0.50668075 -0.00000015
vn 0.93947884 0.34260693 0.00000021
vn 0.90080647 -0.08203521 -0.42640113
vn 0.90080780 -0.08203417 0.42639853
vn 0.86213482 -0.50667894 0.00000025
vn 0.90080643 -0.08203596 -0.42640108
vn 0.86213397 -0.50668039 0.00000021
vn 0.93947881 0.34260702 0.00000021
vn 0.90081210 -0.08203739 0.42638882
vn 0.90080635 -0.08203515 -0.42640139
vn 0.86213354 -0.50668112 -0.00000002
vn 0.93947914 0.34260611 -0.00000008
vn 0.90080644 -0.08203522 0.42640120
vn 0.90080654 -0.08203477 -0.42640106
vn 0.86213381 -0.50668066 0.00000000
vn 0.93947845 0.34260799 0.00000000
vn 0.90080654 -0.08203479 0.42640106
vn 0.90080644 -0.08203519 -0.42640120
vn 0.86213463 -0.50667927 -0.00000013
vn 0.93947869 0.34260735 -0.00000015
vn 0.90080660 -0.08203527 0.42640085
vn 0.90080650 -0.08203356 -0.42640140
vn 0.86213703 -0.50667518 0.00000000
vn 0.93947510 0.34261718 0.00000000
vn 0.90080650 -0.08203356 0.42640140
vn 0.90080810 -0.08203798 -0.42639716
vn 0.86213508 -0.50667850 0.00000015
vn 0.93947842 0.34260810 0.00000012
vn 0.90080662 -0.08203957 0.42639998
vn 0.93947867 0.34260740 0.00000000
vn 0.90080627 -0.08203664 -0.42640127
vn 0.90080627 -0.08203664 0.42640127
vn 0.86213323 -0.50668165 0.00000002
vn 0.93947882 0.34260700 -0.00000008
vn 0.90080677 -0.08203559 -0.42640044
vn 0.90080685 -0.08203558 0.42640026
vn 0.86213330 -0.50668153 -0.00000002
vn 0.93947879 0.34260707 0.00000013
vn 0.90080649 -0.08203617 -0.42640091
vn 0.90080633 -0.08203619 0.42640125
vn 0.86213361 -0.50668101 0.00000015
vn 0.90080617 -0.08203660 0.42640151
vn 0.86213631 -0.50667642 0.00000031
vn 0.90080639 -0.08203656 -0.42640103
vn 0.93947881 0.34260702 0.00000021
vn 0.90080642 -0.08203479 0.42640132
vn 0.86213389 -0.50668052 0.00000013
vn 0.90080656 -0.08203476 -0.42640103
vn 0.93947851 0.34260783 0.00000013
vn 0.90080654 -0.08203527 0.42640097
vn 0.86213463 -0.50667927 0.00000004
vn 0.90080644 -0.08203519 -0.42640120
vn 0.93947874 0.34260722 -0.00000008
vn 0.90080650 -0.08203356 0.42640140
vn 0.86213703 -0.50667518 0.00000002
vn 0.90080650 -0.08203356 -0.42640140
vn 0.93947510 0.34261718 0.00000000
vn 0.90080677 -0.08203964 0.42639966
vn 0.86213508 -0.50667850 -0.00000013
vn 0.90080661 -0.08203954 -0.42640001
vn 0.93947842 0.34260808 -0.00000012
vn 0.90080615 -0.08203254 0.42640231
vn 0.86213334 -0.50668146 0.00000002
vn 0.90080614 -0.08203255 -0.42640235
vn 0.93947888 0.34260682 0.00000000
vn 0.90080636 -0.08203632 0.42640116
vn 0.86213672 -0.50667572 -0.00000328
vn 0.90080654 -0.08203662 -0.42640071
vn 0.93947866 0.34260743 0.00000012
vn 0.93947827 0.34260848 0.00000015
vn 0.90080643 -0.08203553 -0.42640115
vn 0.90080628 -0.08203554 0.42640147
vn 0.86213376 -0.50668075 0.00000010
vn 0.90082025 -0.08203678 0.42637173
vn 0.86213684 -0.50667550 0.00000025
vn 0.90080714 -0.08203179 -0.42640038
vn 0.93947544 0.34261624 0.00000021
vn 0.90080656 -0.08203899 0.42640022
vn 0.86213432 -0.50667980 0.00000010
vn 0.90080672 -0.08203896 -0.42639989
vn 0.93947639 0.34261364 0.00000015
vn 0.90080648 -0.08203556 0.42640104
vn 0.86213326 -0.50668159 0.00000002
vn 0.90080650 -0.08203555 -0.42640101
vn 0.93947843 0.34260805 0.00000000
vn 0.90080654 -0.08203518 0.42640099
vn 0.86213350 -0.50668119 -0.00000013
vn 0.90080635 -0.08203515 -0.42640139
vn 0.93947909 0.34260624 -0.00000012
vn 0.90080654 -0.08203479 0.42640106
vn 0.86213381 -0.50668066 0.00000000
vn 0.90080654 -0.08203477 -0.42640106
vn 0.93947845 0.34260799 0.00000000
vn 0.90080646 -0.08203521 0.42640117
vn 0.86213462 -0.50667928 0.00000012
vn 0.90080814 -0.08203419 -0.42639780
vn 0.93947869 0.34260735 0.00000015
vn 0.90080673 -0.08203572 -0.42640048
vn 0.86213354 -0.50668112 0.00000000
vn 0.93947832 0.34260836 0.00000000
vn 0.90080673 -0.08203572 0.42640048
vn 0.90080643 -0.08203553 -0.42640115
vn 0.86213367 -0.50668089 0.00000002
vn 0.93947822 0.34260863 0.00000000
vn 0.90080645 -0.08203555 0.42640112
vn 0.90080649 -0.08203616 -0.42640090
vn 0.86213352 -0.50668116 0.00000000
vn 0.93947871 0.34260728 0.00000000
vn 0.90080651 -0.08203616 0.42640087
vn 0.90080714 -0.08203179 -0.42640038
vn 0.86213663 -0.50667587 -0.00000013
vn 0.93947529 0.34261665 -0.00000013
vn 0.90080729 -0.08203185 0.42640005
vn 0.90080672 -0.08203896 -0.42639989
vn 0.86213418 -0.50668003 0.00000000
vn 0.93947634 0.34261379 0.00000000
vn 0.90080670 -0.08203898 0.42639992
vn 0.90080643 -0.08203596 -0.42640108
vn 0.86213380 -0.50668068 -0.00000004
vn 0.93947870 0.34260732 -0.00000006
vn 0.90080651 -0.08203604 0.42640088
vn 0.90080652 -0.08203557 -0.42640097
vn 0.86213339 -0.50668138 0.00000013
vn 0.93947851 0.34260783 0.00000013
vn 0.90080636 -0.08203560 0.42640130
vn 0.90080635 -0.08203517 -0.42640139
vn 0.86213367 -0.50668091 0.00000025
vn 0.93947927 0.34260576 0.00000021
vn 0.90080806 -0.08203405 0.42639799
vn 0.93947809 0.34260900 -0.00000013
vn 0.90080631 -0.08203647 -0.42640124
vn 0.90080648 -0.08203653 0.42640085
vn 0.86213266 -0.50668262 -0.00000013
vn 0.93947824 0.34260859 -0.00000008
vn 0.90080675 -0.08203450 -0.42640067
vn 0.90080686 -0.08203453 0.42640044
vn 0.86213341 -0.50668135 -0.00000006
vn 0.93947873 0.34260722 0.00000013
vn 0.90080629 -0.08203663 -0.42640124
vn 0.90080612 -0.08203661 0.42640160
vn 0.86213326 -0.50668160 0.00000025
vn 0.90080645 -0.08203552 -0.42640111
vn 0.86213383 -0.50668063 0.00000012
vn 0.93947828 0.34260846 0.00000013
vn 0.90080617 -0.08203555 0.42640171
vn 0.90080685 -0.08203418 -0.42640053
vn 0.86213376 -0.50668075 0.00000000
vn 0.93947827 0.34260849 0.00000000
vn 0.90080685 -0.08203420 0.42640053
vn 0.90080639 -0.08203655 0.42640104
vn 0.86213273 -0.50668251 -0.00000006
vn 0.90080629 -0.08203647 -0.42640127
vn 0.93947810 0.34260895 -0.00000008
vn 0.90080645 -0.08203555 0.42640112
vn 0.86213367 -0.50668089 -0.00000002
vn 0.90080642 -0.08203554 -0.42640119
vn 0.93947822 0.34260863 0.00000000
vn 0.90080691 -0.08203454 0.42640034
vn 0.86213334 -0.50668146 -0.00000013
vn 0.90080674 -0.08203450 -0.42640070
vn 0.93947822 0.34260862 -0.00000013
vn 0.90080626 -0.08203662 0.42640130
vn 0.86213323 -0.50668165 0.00000000
vn 0.90080626 -0.08203662 -0.42640130
vn 0.93947867 0.34260740 0.00000000
vn 0.93947830 0.34260842 -0.00000013
vn 0.90080677 -0.08203576 -0.42640040
vn 0.90080690 -0.08203580 0.42640011
vn 0.86213395 -0.50668043 -0.00000013
vn 0.90080636 -0.08203541 0.42640134
vn 0.86213439 -0.50667967 0.00000013
vn 0.90080653 -0.08203543 -0.42640097
vn 0.93947602 0.34261465 0.00000013
vn 0.90080619 -0.08203545 0.42640169
vn 0.86213405 -0.50668026 -0.00000008
vn 0.90080614 -0.08203542 -0.42640180
vn 0.93947784 0.34260968 -0.00000004
vn 0.93947878 0.34260708 -0.00000013
vn 0.90080638 -0.08203528 -0.42640131
vn 0.90080656 -0.08203537 0.42640090
vn 0.86213383 -0.50668064 -0.00000017
vn 0.93947835 0.34260828 0.00000000
vn 0.90080668 -0.08203508 -0.42640072
vn 0.90080668 -0.08203508 0.42640072
vn 0.86213286 -0.50668228 0.00000000
vn 0.93947833 0.34260834 0.00000015
vn 0.90080685 -0.08203418 -0.42640053
vn 0.90080667 -0.08203421 0.42640090
vn 0.86213390 -0.50668051 0.00000006
vn 0.93947835 0.34260828 0.00000000
vn 0.90080668 -0.08203508 -0.42640072
vn 0.90080668 -0.08203508 0.42640072
vn 0.86213286 -0.50668228 0.00000000
vn 0.93947815 0.34260881 -0.00000012
vn 0.90080643 -0.08203553 -0.42640115
vn 0.90080659 -0.08203554 0.42640081
vn 0.86213352 -0.50668116 -0.00000017
vn 0.93947643 0.34261355 -0.00000010
vn 0.90080621 -0.08203949 -0.42640087
vn 0.90080629 -0.08203954 0.42640069
vn 0.86213349 -0.50668120 -0.00000002
vn 0.93947837 0.34260822 0.00000015
vn 0.90080673 -0.08203572 -0.42640048
vn 0.90080660 -0.08203564 0.42640077
vn 0.86213367 -0.50668091 0.00000015
vn 0.90080653 -0.08203566 0.42640092
vn 0.86213361 -0.50668101 -0.00000010
vn 0.90080643 -0.08203553 -0.42640115
vn 0.93947820 0.34260870 -0.00000006
vn 0.90080685 -0.08203418 0.42640053
vn 0.86213376 -0.50668075 0.00000000
vn 0.90080684 -0.08203418 -0.42640056
vn 0.93947827 0.34260849 0.00000000
vn 0.90080631 -0.08203946 0.42640065
vn 0.86213343 -0.50668132 -0.00000012
vn 0.90080618 -0.08203948 -0.42640092
vn 0.93947639 0.34261365 -0.00000013
vn 0.90080673 -0.08203572 0.42640048
vn 0.86213356 -0.50668109 0.00000000
vn 0.90080675 -0.08203571 -0.42640044
vn 0.93947831 0.34260838 0.00000000
vn 0.90080751 -0.08203355 0.42639925
vn 0.86213428 -0.50667986 -0.00000010
vn 0.90080741 -0.08203349 -0.42639948
vn 0.93947815 0.34260884 -0.00000006
vn 0.90080652 -0.08203545 0.42640097
vn 0.86213431 -0.50667981 -0.00000002
vn 0.90080653 -0.08203543 -0.42640097
vn 0.93947599 0.34261473 0.00000000
vn 0.90080645 -0.08203554 0.42640111
vn 0.86213372 -0.50668081 0.00000004
vn 0.90080631 -0.08203553 -0.42640141
vn 0.93947824 0.34260858 0.00000000
vn 0.93947781 0.34260974 -0.00000012
vn 0.90080616 -0.08203543 -0.42640175
vn 0.90080630 -0.08203545 0.42640146
vn 0.86213401 -0.50668032 -0.00000019
vn 0.93947824 0.34260858 0.00000000
vn 0.90080647 -0.08203554 -0.42640108
vn 0.90080647 -0.08203554 0.42640108
vn 0.86213372 -0.50668081 0.00000006
vn 0.93947883 0.34260696 -0.00000004
vn 0.90080638 -0.08203528 -0.42640131
vn 0.90080645 -0.08203522 0.42640117
vn 0.86213391 -0.50668049 -0.00000012
vn 0.93947842 0.34260810 0.00000013
vn 0.90080670 -0.08203507 -0.42640068
vn 0.90080650 -0.08203508 0.42640109
vn 0.86213297 -0.50668209 0.00000008
vn 0.90080635 -0.08203692 -0.42640106
vn 0.86213365 -0.50668094 0.00000002
vn 0.93947810 0.34260895 0.00000000
vn 0.90080637 -0.08203691 0.42640103
vn 0.90080739 -0.08203352 -0.42639952
vn 0.86213422 -0.50667996 -0.00000015
vn 0.93947812 0.34260890 -0.00000012
vn 0.90080755 -0.08203353 0.42639918
vn 0.90080652 -0.08203545 -0.42640097
vn 0.86213431 -0.50667981 -0.00000002
vn 0.93947599 0.34261473 0.00000000
vn 0.90080652 -0.08203545 0.42640097
vn 0.93947832 0.34260836 -0.00000008
vn 0.90080677 -0.08203576 -0.42640040
vn 0.90080682 -0.08203578 0.42640028
vn 0.86213400 -0.50668034 -0.00000010
vn 0.93947817 0.34260877 0.00000015
vn 0.90080635 -0.08203690 -0.42640107
vn 0.90080620 -0.08203678 0.42640140
vn 0.86213371 -0.50668084 0.00000017
vn 0.90080812 -0.08203159 -0.42639835
vn 0.57496853 -0.05236022 -0.81649838
vn 0.53351439 0.30416561 -0.78920573
vn 0.52796497 0.80056728 -0.28345198
vn 0.93947241 0.34262456 0.00000378
vn 0.64902394 0.76076798 0.00000515
vn 0.90080559 -0.08203316 -0.42640339
vn 0.57497095 -0.05236500 -0.81649637
vn 0.86213411 -0.50668016 -0.00000100
vn 0.50091476 -0.86549662 0.00002621
vn 0.90080679 -0.08203556 -0.42640040
vn 0.57497246 -0.05236363 -0.81649539
vn 0.86213338 -0.50668139 0.00000029
vn 0.50091815 -0.86549466 0.00000026
vn 0.93947912 0.34260617 0.00000044
vn 0.64902235 0.76076934 0.00000125
vn 0.90080674 -0.08203448 -0.42640070
vn 0.57497210 -0.05236308 -0.81649568
vn 0.86213341 -0.50668135 0.00000013
vn 0.50091843 -0.86549450 -0.00000015
vn 0.93947846 0.34260796 0.00000044
vn 0.64902217 0.76076949 0.00000074
vn 0.90080629 -0.08203649 -0.42640127
vn 0.57497071 -0.05236403 -0.81649660
vn 0.86213339 -0.50668139 0.00000094
vn 0.50091725 -0.86549518 0.00000206
vn 0.93947810 0.34260895 0.00000098
vn 0.64902332 0.76076852 -0.00000033
vn 0.90080618 -0.08203948 -0.42640092
vn 0.57497121 -0.05235770 -0.81649665
vn 0.86213364 -0.50668096 0.00000111
vn 0.50091758 -0.86549499 -0.00000062
vn 0.93947637 0.34261370 -0.00000004
vn 0.64901866 0.76077249 0.00000037
vn 0.90080643 -0.08203553 -0.42640115
vn 0.57496900 -0.05236344 -0.81649783
vn 0.86213356 -0.50668109 0.00000035
vn 0.50091956 -0.86549384 -0.00000040
vn 0.93947836 0.34260825 0.00000109
vn 0.64902236 0.76076933 0.00000125
vn 0.90080636 -0.08203527 -0.42640135
vn 0.57496934 -0.05236264 -0.81649765
vn 0.86213365 -0.50668093 0.00000173
vn 0.50092050 -0.86549330 0.00000015
vn 0.93947850 0.34260787 0.00000123
vn 0.64902283 0.76076893 -0.00000007
vn 0.90080612 -0.08203543 -0.42640183
vn 0.57496938 -0.05236154 -0.81649769
vn 0.86213382 -0.50668064 0.00000407
vn 0.50091944 -0.86549392 0.00000162
vn 0.93947776 0.34260988 0.00000221
vn 0.64902171 0.76076989 0.00000044
vn 0.90080739 -0.08203350 -0.42639952
vn 0.57497256 -0.05236249 -0.81649539
vn 0.86213404 -0.50668027 0.00000056
vn 0.50091978 -0.86549372 0.00000037
vn 0.93947770 0.34261006 0.00000921
vn 0.64902021 0.76077116 -0.00000217
vn 0.90080674 -0.08203591 -0.42640042
vn 0.57497190 -0.05236212 -0.81649588
vn 0.86213408 -0.50668021 0.00000405
vn 0.50091992 -0.86549364 0.00000074
vn 0.53446820 -0.79797889 0.27852007
vn 0.86213368 -0.50668088 0.00000015
vn 0.90081180 -0.08202593 -0.42639165
vn 0.45784519 -0.40184676 -0.79303025
vn 0.45784457 -0.40184684 0.79303056
vn 0.90081183 -0.08202596 0.42639158
vn 0.86213354 -0.50668113 0.00000000
vn 0.90081077 -0.08202720 -0.42639360
vn 0.45784506 -0.40184897 -0.79302919
vn 0.45784445 -0.40184905 0.79302951
vn 0.90081080 -0.08202720 0.42639353
vn 0.86213368 -0.50668088 -0.00000019
vn 0.53446763 -0.79797886 -0.27852126
vn 0.90080659 -0.08203605 0.42640073
vn 0.86213405 -0.50668025 -0.00000580
vn 0.57497191 -0.05236249 0.81649585
vn 0.50091980 -0.86549371 -0.00000173
vn 0.93947683 0.34261245 -0.00000866
vn 0.90080739 -0.08203352 0.42639952
vn 0.64902067 0.76077077 0.00000221
vn 0.57497267 -0.05236253 0.81649531
vn 0.86213377 -0.50668073 -0.00000054
vn 0.50091945 -0.86549391 -0.00000004
vn 0.93947803 0.34260916 -0.00000313
vn 0.90080616 -0.08203543 0.42640175
vn 0.64902136 0.76077018 -0.00000085
vn 0.57496938 -0.05236154 0.81649769
vn 0.86213359 -0.50668103 -0.00000215
vn 0.50091975 -0.86549373 -0.00000015
vn 0.93947874 0.34260720 -0.00000046
vn 0.90080638 -0.08203527 0.42640131
vn 0.64902246 0.76076924 0.00000033
vn 0.57496931 -0.05236264 0.81649767
vn 0.86213406 -0.50668023 -0.00000159
vn 0.50092016 -0.86549349 -0.00000070
vn 0.93947831 0.34260840 -0.00000015
vn 0.90080645 -0.08203555 0.42640112
vn 0.64902242 0.76076928 -0.00000077
vn 0.57496898 -0.05236352 0.81649785
vn 0.86213360 -0.50668102 -0.00000042
vn 0.50091939 -0.86549394 0.00000044
vn 0.93947623 0.34261409 0.00000100
vn 0.90080621 -0.08203947 0.42640087
vn 0.64901936 0.76077189 -0.00000022
vn 0.57497124 -0.05235774 0.81649662
vn 0.86213342 -0.50668132 -0.00000081
vn 0.50091815 -0.86549466 0.00000077
vn 0.93947819 0.34260871 -0.00000115
vn 0.90080631 -0.08203647 0.42640124
vn 0.64902343 0.76076842 0.00000000
vn 0.57497068 -0.05236404 0.81649661
vn 0.93947846 0.34260796 -0.00000040
vn 0.90080675 -0.08203450 0.42640067
vn 0.64902227 0.76076941 -0.00000040
vn 0.57497210 -0.05236308 0.81649568
vn 0.86213347 -0.50668124 -0.00000019
vn 0.50091848 -0.86549447 0.00000011
vn 0.93947899 0.34260652 -0.00000017
vn 0.90080678 -0.08203558 0.42640040
vn 0.64902220 0.76076946 -0.00000044
vn 0.57497246 -0.05236363 0.81649539
vn 0.86213332 -0.50668150 -0.00000025
vn 0.50091799 -0.86549475 0.00000000
vn 0.90080569 -0.08203342 0.42640313
vn 0.86213553 -0.50667774 -0.00000353
vn 0.57497142 -0.05236530 0.81649602
vn 0.50091428 -0.86549690 -0.00003084
vn 0.93947306 0.34262277 -0.00000674
vn 0.90080844 -0.08203199 0.42639759
vn 0.64902360 0.76076827 -0.00000606
vn 0.57496668 -0.05235973 0.81649971
vn 0.53351192 0.30416497 0.78920764
vn 0.52796308 0.80056674 0.28345701
vn 0.90081153 -0.08203754 -0.42639000
vn 0.53351192 0.30416497 -0.78920764
vn 0.93947768 0.34261012 0.00000000
vn 0.90080794 -0.08203182 0.42639869
vn 0.53351167 0.30416516 0.78920774
vn 0.90080794 -0.08203182 -0.42639869
vn 0.53351192 0.30416497 -0.78920764
vn 0.93947768 0.34261012 0.00000000
vn 0.90080803 -0.08203200 0.42639846
vn 0.53351171 0.30416459 0.78920793
vn 0.90080801 -0.08203199 -0.42639850
vn 0.53351190 0.30416441 -0.78920787
vn 0.93947772 0.34261001 0.00000015
vn 0.90080864 -0.08203193 0.42639719
vn 0.53351368 0.30416506 0.78920642
vn 0.86213352 -0.50668116 -0.00000107
vn 0.50091738 -0.86549511 -0.00000290
vn 0.28940037 0.30253237 0.90814183
vn 0.28940077 0.30253301 -0.90814149
vn 0.31173322 -0.30319065 0.90049865
vn 0.31173078 -0.30319091 -0.90049942
vn 0.29690833 0.89886883 0.32230462
vn 0.29690818 0.89886889 -0.32230458
vn 0.31173492 -0.30319070 0.90049805
vn 0.31173518 -0.30318961 -0.90049833
vn -0.71059964 0.13437477 -0.69064577
vn -0.70308059 0.08866766 0.70556058
vn -0.70944897 0.12461867 0.69365146
vn -0.28618610 0.91734451 0.27672473
vn -0.70308076 0.08866807 -0.70556036
vn -0.28618498 0.91734515 -0.27672376
vn 0.64449498 -0.19683124 -0.73883941
vn 0.57415270 -0.34756500 -0.74131454
vn 0.61044659 -0.26574301 0.74614718
vn 0.70285386 -0.04533862 0.70988792
vn 0.68691426 -0.07895664 -0.72243661
vn 0.67298323 -0.11229670 0.73108346
vn 0.51803657 -0.42451446 0.74258035
vn 0.46936317 -0.47646359 -0.74342495
vn 0.39627760 -0.53737874 0.74443815
vn 0.33660362 -0.57585545 -0.74504262
vn 0.25100151 -0.61716080 0.74572836
vn 0.18396547 -0.63993576 -0.74608238
vn 0.09086437 -0.65925387 0.74641008
vn 0.02039748 -0.66505259 -0.74651792
vn -0.07463431 -0.66123355 0.74645824
vn -0.14455516 -0.64970635 -0.74631459
vn -0.23587138 -0.62291511 0.74588300
vn -0.30114136 -0.59465883 -0.74544937
vn -0.38333663 -0.54637223 0.74466799
vn -0.43996700 -0.50292285 -0.74397423
vn -0.50804247 -0.43593703 0.74286725
vn -0.55720889 -0.36091960 -0.74783373
vn -0.60211652 -0.29818038 0.74063767
vn -0.68443280 -0.15752105 -0.71185593
vn -0.66322311 -0.18827288 0.72435380
vn -0.64409832 -0.21904894 -0.73290853
vn 0.28940082 0.30253237 0.90814169
vn 0.28940112 0.30253230 -0.90814162
vn 0.28940209 0.30253246 0.90814126
vn 0.28941680 0.30253099 -0.90813706
vn 0.31173347 -0.30319057 0.90049860
vn 0.31173244 -0.30319071 -0.90049891
vn 0.28940248 0.30253211 0.90814125
vn 0.28940310 0.30253205 -0.90814107
vn 0.31173339 -0.30319069 0.90049858
vn 0.31173210 -0.30319050 -0.90049910
vn 0.28940471 0.30253191 0.90814061
vn 0.28940566 0.30253170 -0.90814037
vn 0.31173327 -0.30319064 0.90049864
vn 0.31173422 -0.30319073 -0.90049828
vn -0.61983627 0.40432114 0.67255291
vn -0.59673299 0.43871967 -0.67188897
vn -0.68595643 0.27229000 -0.67477546
vn -0.50793954 0.53556101 0.67466423
vn -0.46840292 0.57638971 -0.66960705
vn -0.39587832 0.61981037 0.67758059
vn -0.30938019 0.67693028 -0.66786922
vn -0.13075716 0.73371875 -0.66675285
vn -0.15565556 0.72484136 0.67110085
vn 0.01488956 0.74532461 0.66653546
vn 0.04095505 0.74048206 -0.67082710
vn 0.37295647 0.64349107 0.66844799
vn 0.29471788 0.67475378 -0.67664519
vn 0.20017041 0.71750674 0.66717006
vn 0.41855415 0.60942170 -0.67336292
vn 0.52131433 0.52808984 0.67033759
vn 0.54969444 0.49769504 -0.67092151
vn 0.63568216 0.37824195 0.67293478
vn -0.69390787 0.24244538 0.67802073
vn -0.28652674 0.67860111 0.67631572
vn 0.17751986 0.71550499 -0.67567693
vn 0.64837208 0.34988380 -0.67616195
vn 0.68194242 0.24622233 0.68871554
vn 0.68236845 0.23633978 -0.69174909
vn 0.90080546 -0.08203770 -0.42640279
vn 0.57496608 -0.05236883 -0.81649955
vn 0.60314802 -0.36530520 -0.70905894
vn 0.10773222 -0.22234511 -0.96899764
vn 0.61498223 0.71486467 -0.33281430
vn 0.56009979 0.16288774 -0.81225354
vn 0.49415158 -0.33026700 -0.80420017
vn 0.47644744 -0.82440537 -0.30553826
vn 0.65140870 0.22783847 -0.72371012
vn 0.15402995 0.14511279 -0.97735206
vn 0.90080632 -0.08203560 -0.42640139
vn 0.57496779 -0.05235714 -0.81649909
vn 0.10772974 -0.22234315 -0.96899836
vn 0.60314874 -0.36530320 -0.70905936
vn 0.61497769 0.71486895 -0.33281350
vn 0.56009262 0.16287663 -0.81226071
vn 0.49415161 -0.33027060 -0.80419868
vn 0.47644705 -0.82440564 -0.30553814
vn 0.65140902 0.22783823 -0.72370991
vn 0.15402960 0.14511326 -0.97735205
vn 0.90080645 -0.08203571 -0.42640107
vn 0.57496880 -0.05236307 -0.81649801
vn 0.10773200 -0.22234449 -0.96899780
vn 0.60314287 -0.36530705 -0.70906237
vn 0.65140739 0.22784233 -0.72371008
vn 0.15402561 0.14511195 -0.97735287
vn 0.90080667 -0.08203937 -0.42639991
vn 0.57497108 -0.05235639 -0.81649683
vn 0.10773046 -0.22234453 -0.96899797
vn 0.60314214 -0.36530615 -0.70906345
vn 0.65140747 0.22784406 -0.72370947
vn 0.15402671 0.14511144 -0.97735277
vn 0.90080570 -0.08203601 -0.42640261
vn 0.57497173 -0.05236501 -0.81649582
vn 0.10773230 -0.22234576 -0.96899748
vn 0.60314879 -0.36530522 -0.70905827
vn 0.65141006 0.22783960 -0.72370854
vn 0.15402970 0.14511357 -0.97735199
vn 0.90080626 -0.08203432 -0.42640175
vn 0.57497146 -0.05236257 -0.81649616
vn 0.10773475 -0.22234725 -0.96899687
vn 0.60314946 -0.36530301 -0.70905884
vn 0.65140997 0.22783983 -0.72370855
vn 0.15402980 0.14511376 -0.97735194
vn 0.90080672 -0.08203403 -0.42640084
vn 0.57497067 -0.05236241 -0.81649673
vn 0.10773087 -0.22234428 -0.96899798
vn 0.60314625 -0.36530512 -0.70906048
vn 0.65140830 0.22784371 -0.72370883
vn 0.15402734 0.14511162 -0.97735265
vn 0.49417338 -0.33025664 -0.80419103
vn 0.47645464 -0.82439953 -0.30554277
vn 0.61499105 0.71485010 -0.33282930
vn 0.56011786 0.16288269 -0.81224209
vn 0.60317225 0.54407987 -0.58323266
vn 0.65141131 0.22784039 -0.72370717
vn 0.15402938 0.14512540 -0.97735028
vn 0.49415387 -0.33026766 -0.80419850
vn 0.47645097 -0.82440399 -0.30553648
vn 0.61498673 0.71486139 -0.33281303
vn 0.56009244 0.16288876 -0.81225840
vn 0.49415299 -0.33026728 -0.80419919
vn 0.47645077 -0.82440351 -0.30553808
vn 0.61498373 0.71486355 -0.33281393
vn 0.56010364 0.16289142 -0.81225014
vn 0.49415475 -0.33026854 -0.80419759
vn 0.47645035 -0.82440417 -0.30553694
vn 0.61498357 0.71486352 -0.33281430
vn 0.56010248 0.16288732 -0.81225177
vn 0.49415295 -0.33026894 -0.80419854
vn 0.47644824 -0.82440496 -0.30553810
vn 0.61498375 0.71486423 -0.33281244
vn 0.56010355 0.16288667 -0.81225116
vn 0.49415153 -0.33026883 -0.80419945
vn 0.47644940 -0.82440439 -0.30553784
vn 0.65142871 0.22784355 -0.72369050
vn 0.15403108 0.14512430 -0.97735017
vn 0.90080412 -0.08202051 -0.42640893
vn 0.57498474 -0.05235414 -0.81648735
vn 0.10773839 -0.22235047 -0.96899572
vn 0.60315753 -0.36528740 -0.70906002
vn 0.61497849 0.71486823 -0.33281357
vn 0.56010458 0.16289632 -0.81224851
vn 0.49415009 -0.33026759 -0.80420085
vn 0.47644840 -0.82440540 -0.30553668
vn 0.65141355 0.22784521 -0.72370364
vn 0.15402711 0.14511209 -0.97735261
vn 0.90080805 -0.08203939 -0.42639700
vn 0.57497329 -0.05237213 -0.81649426
vn 0.10773446 -0.22234721 -0.96899691
vn 0.60314575 -0.36531284 -0.70905693
vn 0.61498709 0.71486043 -0.33281442
vn 0.56010555 0.16289330 -0.81224845
vn 0.49415697 -0.33026611 -0.80419723
vn 0.47645384 -0.82440114 -0.30553968
vn 0.65140259 0.22784243 -0.72371437
vn 0.15402464 0.14510927 -0.97735342
vn -0.87913953 0.38625705 0.27914007
vn -0.87913934 0.38625751 -0.27914003
vn -0.92222436 -0.21112184 0.32392870
vn -0.92222453 -0.21112113 -0.32392866
vn -0.87913863 0.38625661 0.27914351
vn -0.87913863 0.38625661 -0.27914351
vn -0.92222450 -0.21112191 0.32392825
vn -0.92222451 -0.21112188 -0.32392825
vn -0.87914019 0.38625706 0.27913797
vn -0.87914017 0.38625710 -0.27913797
vn -0.92222493 -0.21112190 0.32392704
vn -0.92222494 -0.21112178 -0.32392708
vn -0.87913638 0.38625521 0.27915255
vn -0.87913635 0.38625529 -0.27915254
vn -0.92222503 -0.21112186 0.32392677
vn -0.92222504 -0.21112175 -0.32392681
vn -0.87913463 0.38625460 0.27915890
vn -0.87913455 0.38625489 -0.27915874
vn -0.92222483 -0.21112188 0.32392732
vn -0.92222489 -0.21112145 -0.32392743
vn 0.49415722 -0.33026418 0.80419787
vn 0.56009177 0.16289629 0.81225736
vn 0.61498762 0.71486103 0.33281217
vn 0.90081159 -0.08203944 0.42638950
vn 0.60314045 -0.36531468 0.70906049
vn 0.57497156 -0.05236652 0.81649584
vn 0.10773334 -0.22234702 0.96899707
vn 0.15399812 0.14512704 0.97735496
vn 0.65141284 0.22785061 0.72370257
vn 0.47644842 -0.82440558 0.30553614
vn 0.49415021 -0.33026563 0.80420158
vn 0.56010746 0.16289126 0.81224754
vn 0.61497679 0.71486796 0.33281730
vn 0.90081030 -0.08201568 0.42639679
vn 0.60316355 -0.36529496 0.70905100
vn 0.57498080 -0.05236158 0.81648965
vn 0.10774105 -0.22235997 0.96899324
vn 0.15406580 0.14511512 0.97734607
vn 0.65142760 0.22785362 0.72368834
vn 0.47644920 -0.82440496 0.30553661
vn 0.49415627 -0.33027368 0.80419455
vn 0.56010591 0.16289176 0.81224851
vn 0.61498297 0.71486349 0.33281548
vn 0.47644865 -0.82440588 0.30553500
vn 0.49415514 -0.33027046 0.80419657
vn 0.56010358 0.16287986 0.81225251
vn 0.61498337 0.71486418 0.33281324
vn 0.47645126 -0.82440263 0.30553969
vn 0.49415230 -0.33027146 0.80419790
vn 0.56010547 0.16288651 0.81224986
vn 0.61498430 0.71486433 0.33281122
vn 0.47645035 -0.82440247 0.30554153
vn 0.49415302 -0.33026904 0.80419846
vn 0.56009190 0.16291763 0.81225298
vn 0.61498694 0.71485930 0.33281714
vn 0.47645043 -0.82440498 0.30553465
vn 0.49415445 -0.33026889 0.80419764
vn 0.15402972 0.14511479 0.97735180
vn 0.65141196 0.22784005 0.72370669
vn -0.16699382 -0.70700137 -0.68721330
vn 0.49046789 -0.66868624 -0.55883805
vn -0.16525574 -0.70689483 0.68774286
vn 0.49046757 -0.66868529 0.55883947
vn 0.73847346 0.67428255 -0.00000045
vn -0.54677950 0.59053535 0.59354880
vn 0.60317238 0.54407979 0.58323260
vn -0.54677929 0.59053554 -0.59354880
vn 0.73847410 0.67428185 -0.00000007
vn 0.56012482 0.16287788 0.81223825
vn 0.61499301 0.71485081 0.33282414
vn 0.47645354 -0.82440229 0.30553704
vn 0.49418453 -0.33025452 0.80418505
vn 0.15403152 0.14511216 0.97735191
vn 0.65140946 0.22784510 0.72370735
vn 0.90080724 -0.08203385 0.42639977
vn 0.60314827 -0.36530493 0.70905886
vn 0.57497051 -0.05236211 0.81649686
vn 0.10769986 -0.22233885 0.96900267
vn 0.15403410 0.14511315 0.97735135
vn 0.65140998 0.22784040 0.72370836
vn 0.90080657 -0.08203417 0.42640113
vn 0.60315126 -0.36530437 0.70905661
vn 0.57497136 -0.05236239 0.81649624
vn 0.10774202 -0.22234888 0.96899568
vn 0.15403335 0.14511299 0.97735150
vn 0.65141023 0.22783991 0.72370829
vn 0.90080574 -0.08203594 0.42640254
vn 0.60315053 -0.36530600 0.70905639
vn 0.57497178 -0.05236495 0.81649578
vn 0.10773661 -0.22234656 0.96899682
vn 0.15403175 0.14511035 0.97735214
vn 0.65140771 0.22784411 0.72370924
vn 0.90080692 -0.08203998 0.42639926
vn 0.60313888 -0.36530599 0.70906630
vn 0.57497074 -0.05235788 0.81649697
vn 0.10772843 -0.22234484 0.96899812
vn 0.15402542 0.14511299 0.97735275
vn 0.65140187 0.22784503 0.72371420
vn 0.90080718 -0.08203576 0.42639952
vn 0.60313908 -0.36530756 0.70906532
vn 0.57496838 -0.05236244 0.81649834
vn 0.10772675 -0.22234453 0.96899838
vn 0.15401560 0.14511722 0.97735366
vn 0.65140900 0.22783901 0.72370968
vn 0.47644718 -0.82440509 0.30553941
vn 0.49416009 -0.33028075 0.80418930
vn 0.55988303 0.16298607 0.81238324
vn 0.61497847 0.71486896 0.33281203
vn 0.90080650 -0.08203554 0.42640102
vn 0.60315052 -0.36530481 0.70905701
vn 0.57496780 -0.05235750 0.81649907
vn 0.10774131 -0.22234651 0.96899630
vn 0.15403724 0.14511101 0.97735118
vn 0.65140835 0.22783901 0.72371026
vn 0.47644744 -0.82440569 0.30553740
vn 0.49415263 -0.33026837 0.80419897
vn 0.56007784 0.16290032 0.81226615
vn 0.61498335 0.71486426 0.33281312
vn 0.90080506 -0.08203815 0.42640355
vn 0.60314948 -0.36530611 0.70905722
vn 0.57496624 -0.05237016 0.81649935
vn 0.10773791 -0.22234696 0.96899658
vn 0.15403683 0.14510473 0.97735217
vn 0.65140357 0.22784125 0.72371386
vn 0.47645212 -0.82439823 0.30555022
vn -0.23899332 -0.69321487 -0.67995245
vn -0.23197622 -0.69463429 0.68093335
vn -0.32857158 -0.65494522 -0.68050531
vn -0.31532092 -0.66049738 0.68140731
vn -0.41225693 -0.60493490 -0.68124738
vn -0.39385671 -0.61621483 0.68202359
vn -0.48681683 -0.54490995 -0.68270236
vn -0.46791172 -0.56158745 0.68240615
vn -0.55031231 -0.47826917 -0.68440847
vn -0.53696315 -0.49496318 0.68314129
vn -0.60432296 -0.40555545 -0.68579774
vn -0.59720012 -0.41790424 0.68462257
vn -0.64886225 -0.32653074 -0.68728120
vn -0.64655045 -0.33332868 0.68619568
vn -0.66902800 -0.26225668 -0.69543006
vn -0.66890410 -0.26402290 0.69488072
vn 0.27003100 0.93267628 -0.23916150
vn -0.29871062 0.88158230 -0.36549228
vn -0.29871059 0.88158231 0.36549229
vn 0.27003100 0.93267628 0.23916150
vn -0.31173147 0.30319555 -0.90049762
vn -0.66497869 0.48005961 -0.57214169
vn -0.31173201 0.30319597 0.90049728
vn -0.66497865 0.48005977 0.57214161
vn 0.72393920 0.11323791 0.68050658
vn -0.17622837 -0.60602224 0.77568074
vn 0.72011436 -0.02112593 0.69353371
vn -0.51539757 -0.52052390 0.68074974
vn -0.37460069 -0.62948624 0.68075061
vn 0.63772897 -0.00000420 0.77026084
vn -0.63772511 -0.00000422 0.77026404
vn -0.55228583 0.31886657 0.77026260
vn 0.47654813 0.23796429 0.84633024
vn 0.73337157 0.02889022 0.67921388
vn 0.35016318 0.64502768 0.67920913
vn -0.55229067 -0.31886752 0.77025874
vn -0.40769002 0.59411520 0.69340895
vn -0.44817431 0.55219371 0.70300917
vn 0.95928364 0.28244449 -0.00001322
vn -0.05093949 -0.42460789 0.90394320
vn 0.55228873 -0.31886467 0.77026130
vn 0.31886212 -0.55228842 0.77026258
vn -0.00000038 -0.63772928 0.77026058
vn 0.17456323 -0.60755387 0.77485868
vn -0.55228355 0.31886411 0.77026525
vn 0.14130313 -0.71875549 0.68075251
vn 0.31051499 -0.66344426 0.68075117
vn 0.30223253 0.34228511 0.88966083
vn 0.67457006 0.28612719 0.68050457
vn -0.00000002 0.63773691 0.77025427
vn 0.31884710 0.55229852 0.77026156
vn -0.30216006 0.34397803 0.88903229
vn 0.70161811 0.21541535 0.67921149
vn 0.62322958 0.38762770 0.67921253
vn 0.50342714 0.53406769 0.67921485
vn -0.20156067 0.70572168 0.67921293
vn -0.37528264 0.63074191 0.67921100
vn -0.52405748 0.51384018 0.67921427
vn -0.63800939 0.36279103 0.67921034
vn -0.70955261 0.18762582 0.67921399
vn 0.63773465 -0.00000422 0.77025613
vn 0.55228491 -0.31886111 0.77026552
vn 0.31885948 -0.55229275 0.77026057
vn -0.01444694 0.73380006 0.67921186
vn 0.53890810 0.49679415 0.68027467
vn -0.31886253 -0.55228822 0.77026256
vn -0.55228868 -0.31886529 0.77026109
vn -0.63772841 -0.00000422 0.77026130
vn 0.71048831 0.18009602 0.68027332
vn 0.64445521 0.34915147 0.68027255
vn 0.58458612 0.44177552 0.68050970
vn 0.45941196 0.57083501 0.68050572
vn -0.31885168 0.55229189 0.77026442
vn 0.92815208 0.21823299 0.30150968
vn -0.87346071 0.38230456 0.30151219
vn -0.29799029 -0.27208569 0.91497058
vn -0.31845148 -0.65829520 0.68208217
vn 0.04376962 -0.69090611 0.72161830
vn -0.15938821 -0.71369597 0.68208024
vn 0.00813019 -0.73123013 0.68208240
vn 0.55227985 0.31886004 0.77026959
vn 0.05951347 0.73053604 0.68027586
vn -0.12181815 0.72276869 0.68026889
vn 0.23717955 0.69352243 0.68027384
vn -0.29567737 0.67067074 0.68027616
vn 0.40031938 0.61398293 0.68027153
vn -0.31886399 -0.55228595 0.77026358
vn 0.17362151 0.71310780 0.67921487
vn -0.00000004 -0.63772947 0.77026043
vn -0.48025149 0.52976433 0.69907672
vn -0.57012033 0.80807582 0.14824400
vn -0.00000042 0.63773695 0.77025423
vn 0.31884981 0.55229428 0.77026348
vn -0.03626619 -0.73161946 0.68074792
vn 0.55228379 0.31886368 0.77026526
vn -0.21168912 -0.70125738 0.68075385
vn -0.31885020 0.55229420 0.77026337
vn -0.64508913 -0.18930411 -0.74028641
vn -0.56573452 -0.36348862 -0.74014896
vn 0.71457845 -0.13248397 -0.68689565
vn -0.60965169 0.38184611 -0.69463542
vn -0.56139720 0.44957354 -0.69477824
vn 0.67208119 -0.00014221 -0.74047745
vn -0.71963157 -0.01432070 -0.69420841
vn -0.71652068 0.06900898 -0.69414398
vn -0.71308793 -0.09744454 -0.69426952
vn 0.31886207 -0.55228827 -0.77026271
vn -0.12181813 0.72276866 -0.68026893
vn -0.00000038 -0.63772947 -0.77026042
vn 0.55228872 -0.31886475 -0.77026128
vn 0.63772901 -0.00000422 -0.77026081
vn 0.55228385 0.31886370 -0.77026521
vn -0.45489870 0.54921703 -0.70101914
vn -0.40769014 0.59411537 -0.69340874
vn -0.29567735 0.67067081 -0.68027610
vn -0.63772830 -0.00000420 -0.77026139
vn 0.23717961 0.69352260 -0.68027365
vn 0.40031946 0.61398297 -0.68027145
vn 0.53890823 0.49679424 -0.68027451
vn 0.64445524 0.34915146 -0.68027252
vn 0.71048828 0.18009596 -0.68027336
vn 0.30223277 0.34228547 -0.88966061
vn -0.27940628 -0.61177177 -0.74004556
vn -0.09572974 -0.66571367 -0.74004130
vn 0.09573451 -0.66570956 -0.74004438
vn 0.27941319 -0.61174340 -0.74006640
vn 0.44040243 -0.50817915 -0.74013488
vn -0.55228376 0.31886427 -0.77026503
vn -0.63772510 -0.00000420 -0.77026404
vn -0.55229076 -0.31886751 -0.77025868
vn 0.17362147 0.71310756 -0.67921513
vn 0.35016320 0.64502773 -0.67920907
vn 0.50342718 0.53406777 -0.67921476
vn 0.62322965 0.38762776 -0.67921243
vn 0.70161806 0.21541535 -0.67921155
vn 0.73337164 0.02889024 -0.67921380
vn 0.47654812 0.23796437 -0.84633022
vn 0.67196114 -0.00000138 -0.74058640
vn -0.27914050 0.61124046 -0.74058469
vn -0.44003770 0.50783384 -0.74058870
vn -0.56529117 0.36328817 -0.74058598
vn -0.64474190 0.18931288 -0.74058660
vn -0.67207991 0.00014009 -0.74047861
vn -0.64508944 -0.18930547 -0.74028579
vn 0.09572120 0.66571921 -0.74003742
vn -0.09572621 0.66571421 -0.74004127
vn -0.27940512 0.61174146 -0.74007105
vn -0.44040479 0.50817731 -0.74013474
vn -0.56566313 0.36344493 -0.74022497
vn -0.64496021 0.18916816 -0.74043348
vn 0.45941193 0.57083499 -0.68050576
vn -0.67207927 0.00014067 -0.74047920
vn -0.31885172 0.55229200 -0.77026433
vn -0.55228578 0.31886649 -0.77026267
vn -0.69587557 -0.15765732 -0.70064353
vn -0.70362601 0.15104144 -0.69433200
vn -0.68113789 0.23158444 -0.69456448
vn -0.64975036 0.30878884 -0.69460343
vn 0.64508947 0.18930361 -0.74028624
vn 0.09572607 -0.66571469 -0.74004086
vn 0.27940635 -0.61174074 -0.74007119
vn -0.68463092 -0.23773256 -0.68903101
vn -0.05966948 -0.72225947 -0.68904341
vn -0.23980422 -0.70068783 -0.67196019
vn -0.45378025 -0.58527720 -0.67196286
vn -0.61884919 -0.40680589 -0.67196328
vn 0.67196076 -0.00000138 -0.74058675
vn 0.64474206 0.18931232 -0.74058661
vn 0.56529067 0.36328827 -0.74058632
vn 0.44003760 0.50783445 -0.74058833
vn 0.27914054 0.61124010 -0.74058497
vn 0.09563060 0.66512108 -0.74058675
vn -0.09563056 0.66512090 -0.74058692
vn 0.64474182 0.18931159 -0.74058700
vn 0.56529118 0.36328813 -0.74058599
vn 0.44003750 0.50783399 -0.74058871
vn 0.27914173 0.61124044 -0.74058424
vn 0.09563194 0.66512024 -0.74058733
vn -0.09563034 0.66512117 -0.74058671
vn 0.44040619 -0.50817746 -0.74013381
vn 0.56566268 -0.36344443 -0.74022556
vn 0.64496121 -0.18917037 -0.74043204
vn 0.72011432 -0.02112608 -0.69353374
vn -0.44042389 -0.50824088 -0.74007973
vn 0.58458612 0.44177552 -0.68050970
vn 0.67456806 0.28612632 -0.68050692
vn 0.72393949 0.11323791 -0.68050628
vn -0.30216003 0.34397796 -0.88903233
vn -0.70955256 0.18762582 -0.67921404
vn -0.63800943 0.36279105 -0.67921029
vn -0.52405742 0.51384015 -0.67921434
vn -0.37528265 0.63074197 -0.67921094
vn -0.20156060 0.70572130 -0.67921335
vn 0.55228487 -0.31886109 -0.77026556
vn 0.63773451 -0.00000429 -0.77025625
vn 0.06713015 -0.72364906 -0.68689561
vn -0.27913944 0.61124103 -0.74058462
vn -0.44003674 0.50783419 -0.74058902
vn -0.56529117 0.36328817 -0.74058598
vn -0.64474179 0.18931162 -0.74058702
vn -0.67208113 0.00013998 -0.74047751
vn 0.66657528 -0.33093007 -0.66795411
vn 0.50179932 -0.54957987 -0.66795166
vn 0.26910822 -0.69384197 -0.66795515
vn -0.27939972 -0.61176911 -0.74005024
vn -0.09572081 -0.66571916 -0.74003752
vn 0.09572740 -0.66571371 -0.74004157
vn 0.27940752 -0.61174101 -0.74007052
vn 0.44040596 -0.50817705 -0.74013423
vn 0.56566329 -0.36344426 -0.74022518
vn 0.64496094 -0.18916968 -0.74043245
vn -0.64508747 -0.18930501 -0.74028762
vn -0.56573424 -0.36349150 -0.74014775
vn -0.44041946 -0.50824231 -0.74008138
vn 0.55227992 0.31885999 -0.77026956
vn 0.31884711 0.55229850 -0.77026157
vn 0.00000002 0.63773688 -0.77025429
vn 0.05951342 0.73053515 -0.68027682
vn -0.55228867 -0.31886522 -0.77026112
vn -0.31886257 -0.55228821 -0.77026255
vn 0.31884975 0.55229422 -0.77026354
vn -0.50540936 0.51139512 -0.69500821
vn 0.00000004 -0.63772947 -0.77026043
vn -0.01444694 0.73380005 -0.67921188
vn -0.31886400 -0.55228606 -0.77026350
vn 0.31885952 -0.55229261 -0.77026066
vn -0.56573483 -0.36348898 -0.74014854
vn -0.44042484 -0.50824043 -0.74007947
vn 0.27940064 0.61176779 -0.74005098
vn -0.27940050 -0.61176808 -0.74005079
vn 0.44042456 0.50824110 -0.74007918
vn -0.09572107 -0.66571898 -0.74003765
vn 0.56573437 0.36348908 -0.74014884
vn 0.56566236 -0.36344655 -0.74022477
vn -0.31885014 0.55229410 -0.77026347
vn 0.64495988 -0.18917138 -0.74043294
vn -0.00000038 0.63773814 -0.77025325
vn 0.71457867 -0.13248410 0.68689540
vn 0.62733406 0.52260727 0.57735051
vn -0.65216224 0.17452294 0.73771685
vn -0.58492194 0.33761420 0.73748422
vn 0.71390119 -0.14200236 0.68569703
vn 0.60521573 -0.40439390 0.68569636
vn -0.17488808 0.65258988 0.73725206
vn 0.00130222 0.67512271 0.73770430
vn -0.00131715 -0.67512069 0.73770612
vn -0.17974563 -0.65023397 0.73816481
vn 0.67247832 0.27854881 0.68569925
vn 0.60521778 0.40439042 0.68569660
vn 0.51469455 0.51469551 0.68569531
vn 0.40439163 0.60521571 0.68569772
vn 0.27855348 0.67247939 0.68569631
vn 0.14200550 0.71390133 0.68569623
vn 0.00000000 0.72788781 0.68569624
vn -0.14200614 0.71390141 0.68569602
vn -0.27855224 0.67247926 0.68569694
vn -0.40439236 0.60521640 0.68569667
vn -0.51469425 0.51469453 0.68569627
vn -0.60521809 0.40439115 0.68569590
vn 0.17488337 -0.65258824 0.73725463
vn -0.60521578 -0.40439439 0.68569603
vn 0.00000000 -0.72788765 0.68569642
vn 0.17973824 0.65022999 0.73817012
vn 0.34646866 0.57882266 0.73818954
vn -0.67248161 -0.27854882 0.68569603
vn -0.51469358 -0.51469314 0.68569782
vn -0.40439505 -0.60521550 0.68569588
vn -0.27854940 -0.67248148 0.68569592
vn -0.14200255 -0.71390120 0.68569698
vn 0.14200191 -0.71390113 0.68569718
vn 0.27855063 -0.67248161 0.68569528
vn 0.40439444 -0.60521480 0.68569686
vn 0.51469400 -0.51469421 0.68569669
vn 0.33781707 -0.58503348 0.73730282
vn -0.67248044 0.27854881 0.68569718
vn 0.47768020 -0.47759350 0.73737784
vn 0.58492027 -0.33761202 0.73748654
vn -0.71390123 0.14200464 0.68569652
vn 0.65216423 -0.17451936 0.73771594
vn -0.72788769 0.00000035 0.68569637
vn 0.67554636 -0.00145247 0.73731609
vn 0.65461454 0.16976131 0.73665521
vn -0.71390120 -0.14200213 0.68569707
vn 0.59112023 0.32887815 0.73648899
vn 0.48705177 0.46813209 0.73731466
vn -0.48705293 -0.46813228 0.73731379
vn 0.71390070 0.14200480 0.68569704
vn -0.34646498 -0.57882229 0.73819156
vn -0.65461808 -0.16976357 0.73665154
vn 0.72788796 0.00000035 0.68569608
vn -0.59112037 -0.32887452 0.73649050
vn -0.67554395 0.00144720 0.73731830
vn 0.67248153 -0.27854969 0.68569575
vn -0.47767548 0.47759409 0.73738051
vn -0.33781282 0.58503883 0.73730052
vn 0.68360827 0.00000033 0.72984912
vn 0.67047335 0.13336649 0.72984853
vn 1.00000000 0.00000048 0.00000000
vn -1.00000000 0.00000048 0.00000000
vn 0.63157283 0.26160523 0.72984824
vn 0.56840146 0.37979077 0.72984845
vn 0.48338293 0.48338383 0.72985000
vn 0.37979308 0.56840130 0.72984736
vn 0.26160839 0.63157072 0.72984894
vn 0.13336694 0.67047278 0.72984897
vn 0.00000000 0.68360850 0.72984890
vn -0.13336744 0.67047241 0.72984922
vn -0.26160772 0.63157189 0.72984816
vn -0.37979248 0.56840017 0.72984856
vn -0.48338411 0.48338432 0.72984889
vn -0.56840063 0.37979061 0.72984918
vn -0.63157342 0.26160471 0.72984792
vn -0.67047315 0.13336623 0.72984875
vn -0.68360858 0.00000033 0.72984883
vn -0.67047443 -0.13336411 0.72984797
vn -0.63157242 -0.26160382 0.72984911
vn -0.56839827 -0.37979358 0.72984947
vn -0.48338564 -0.48338529 0.72984723
vn -0.37979423 -0.56839797 0.72984936
vn -0.26160428 -0.63157208 0.72984924
vn -0.13336446 -0.67047426 0.72984806
vn 0.00000000 -0.68360847 0.72984893
vn 0.13336394 -0.67047457 0.72984787
vn 0.26160539 -0.63157213 0.72984879
vn 0.37979480 -0.56839910 0.72984819
vn 0.48338454 -0.48338474 0.72984833
vn 0.56839910 -0.37979376 0.72984873
vn 0.63157172 -0.26160435 0.72984952
vn 0.67047451 -0.13336435 0.72984785
vn 0.09563058 0.66512100 0.74058683
vn 0.27914052 0.61124017 0.74058492
vn 0.44003753 0.50783443 0.74058839
vn 0.56529063 0.36328828 0.74058634
vn 0.64474204 0.18931236 0.74058662
vn 0.67343815 0.00388564 0.73923336
vn -0.09563060 0.66512108 0.74058675
vn -0.27914054 0.61124049 0.74058465
vn -0.44003777 0.50783386 0.74058864
vn -0.56529157 0.36328838 0.74058557
vn -0.64474193 0.18931283 0.74058659
vn -0.67405206 0.00533610 0.73866457
vn 0.72083004 -0.00409935 0.69309974
vn 0.69120424 -0.01503610 0.72250302
vn 0.68667532 0.07937416 0.72261798
vn 0.71422919 -0.09664096 0.69320790
vn 0.68279292 -0.10919489 0.72240592
vn 0.69581510 -0.18755993 0.69329836
vn 0.66159520 -0.20133547 0.72232667
vn 0.66589491 -0.27535700 0.69337038
vn 0.62800937 -0.28972416 0.72226321
vn 0.62496391 -0.35858250 0.69342534
vn 0.58265828 -0.37270217 0.72222048
vn 0.57369851 -0.43587058 0.69346006
vn 0.52639445 -0.44871576 0.72219322
vn 0.51284756 -0.50639123 0.69322096
vn 0.45979512 -0.51640800 0.72243423
vn 0.71550609 0.08853878 0.69297324
vn 0.68280642 0.15104784 0.71481462
vn 0.69706013 0.15556775 0.69993274
vn 0.45774357 -0.54823938 0.69993172
vn 0.62865859 -0.77765209 -0.00675238
vn 0.80583229 0.22363401 -0.54829020
vn 0.80409249 0.23508069 0.54605160
vn -0.59111807 -0.32887390 0.73649263
vn -0.48705434 -0.46813355 0.73731204
vn -0.34647108 -0.57881910 0.73819119
vn -0.17973816 -0.65023003 0.73817011
vn -0.00130734 -0.67512418 0.73770294
vn 0.17488305 -0.65258848 0.73725450
vn 0.33781722 -0.58503329 0.73730290
vn 0.47768039 -0.47759343 0.73737776
vn 0.58492054 -0.33761017 0.73748718
vn -0.65461902 -0.16975900 0.73665177
vn 0.65216536 -0.17451828 0.73771520
vn 0.62873473 0.53009292 0.56894124
vn 0.29291239 0.24695769 0.92369596
vn -0.54818261 0.60037365 0.58227769
vn -0.30250691 0.33130769 0.89371404
vn 0.09563197 0.66512069 0.74058693
vn 0.27914169 0.61124040 0.74058429
vn 0.44003739 0.50783395 0.74058880
vn 0.56529109 0.36328812 0.74058607
vn 0.64474179 0.18931162 0.74058702
vn 0.67344008 0.00388885 0.73923159
vn -0.09563036 0.66512102 0.74058684
vn -0.27913946 0.61124096 0.74058467
vn -0.44003678 0.50783421 0.74058899
vn -0.56529076 0.36328786 0.74058645
vn -0.64474179 0.18931158 0.74058703
vn -0.67405127 0.00533159 0.73866533
vn -0.59112036 -0.32887077 0.73649218
vn -0.48705282 -0.46813222 0.73731389
vn -0.34647121 -0.57882115 0.73818953
vn -0.17973931 -0.65022842 0.73817124
vn -0.00130716 -0.67512438 0.73770276
vn 0.17488322 -0.65258797 0.73725491
vn 0.33781617 -0.58503506 0.73730198
vn 0.47767998 -0.47759038 0.73738000
vn 0.58492315 -0.33761275 0.73748392
vn -0.65462035 -0.16976138 0.73665004
vn 0.65216145 -0.17451814 0.73771869
vn -0.29760777 0.72879535 0.61667410
vn 0.29799541 0.38435126 0.87376933
vn 0.49393146 0.63706743 0.59175739
vn 0.71480032 -0.08127610 0.69458959
vn 0.68946122 -0.07839492 0.72006768
vn 0.72354577 0.01504243 0.69011248
vn 0.68867420 0.01431744 0.72492955
vn 0.71390103 0.14200386 0.68569689
vn 0.67047365 0.13336560 0.72984841
vn 0.67247964 0.27855240 0.68569650
vn 0.63157036 0.26160706 0.72984973
vn 0.60521436 0.40439466 0.68569712
vn 0.56839907 0.37979524 0.72984798
vn 0.51469427 0.51469399 0.68569666
vn 0.48338470 0.48338451 0.72984837
vn 0.40439653 0.60521251 0.68569764
vn 0.37979765 0.56839829 0.72984733
vn 0.27855352 0.67248135 0.68569437
vn 0.26160683 0.63156881 0.72985115
vn 0.14200179 0.71390101 0.68569734
vn 0.13336390 0.67047471 0.72984775
vn 0.00000035 0.72788777 0.68569629
vn 0.00000035 0.68360842 0.72984897
vn -0.14200286 0.71390125 0.68569686
vn -0.13336467 0.67047397 0.72984829
vn -0.27855239 0.67248081 0.68569536
vn -0.26160657 0.63157028 0.72984998
vn -0.40439780 0.60521310 0.68569638
vn -0.37979728 0.56839649 0.72984893
vn -0.51469508 0.51469168 0.68569778
vn -0.48338700 0.48338387 0.72984728
vn -0.60521463 0.40439466 0.68569688
vn -0.56839864 0.37979484 0.72984852
vn -0.67248052 0.27855186 0.68569586
vn -0.63157099 0.26160649 0.72984939
vn -0.71390108 0.14200386 0.68569683
vn -0.67047367 0.13336562 0.72984839
vn -0.72354572 0.01504241 0.69011254
vn -0.68867458 0.01431747 0.72492919
vn -0.71479997 -0.08127449 0.69459014
vn -0.68946194 -0.07839352 0.72006715
vn -0.29291301 0.24695914 0.92369538
vn -0.62873335 0.53009434 0.56894144
vn 0.62873416 0.53009350 0.56894133
vn 0.29291252 0.24695829 0.92369576
vn 0.71480021 -0.08127531 0.69458980
vn 0.68946152 -0.07839421 0.72006747
vn 0.72354574 0.01504243 0.69011252
vn 0.68867342 0.01431742 0.72493029
vn 0.71390116 0.14200389 0.68569675
vn 0.67047375 0.13336562 0.72984831
vn 0.67247966 0.27855197 0.68569666
vn 0.63157074 0.26160680 0.72984950
vn 0.60521425 0.40439575 0.68569657
vn 0.56839795 0.37979561 0.72984866
vn 0.51469386 0.51469314 0.68569760
vn 0.48338565 0.48338497 0.72984744
vn 0.40439725 0.60521288 0.68569689
vn 0.37979742 0.56839722 0.72984829
vn 0.27855281 0.67248099 0.68569501
vn 0.26160671 0.63156978 0.72985036
vn 0.14200248 0.71390118 0.68569702
vn 0.13336441 0.67047429 0.72984804
vn -0.00000002 0.72788783 0.68569622
vn -0.00000002 0.68360854 0.72984886
vn -0.14200237 0.71390116 0.68569706
vn -0.13336433 0.67047435 0.72984800
vn -0.27855272 0.67248115 0.68569489
vn -0.26160666 0.63156996 0.72985022
vn -0.40439743 0.60521286 0.68569681
vn -0.37979763 0.56839734 0.72984808
vn -0.51469357 0.51469313 0.68569783
vn -0.48338568 0.48338526 0.72984722
vn -0.60521488 0.40439540 0.68569622
vn -0.56839791 0.37979486 0.72984908
vn -0.67248040 0.27855151 0.68569612
vn -0.63157137 0.26160639 0.72984909
vn -0.71390143 0.14200367 0.68569651
vn -0.67047338 0.13336535 0.72984870
vn -0.72354604 0.01504029 0.69011225
vn -0.68867397 0.01431543 0.72492981
vn -0.71479921 -0.08127498 0.69459086
vn -0.68946272 -0.07839417 0.72006632
vn -0.29291306 0.24695980 0.92369518
vn -0.62873253 0.53009512 0.56894162
vn -0.52260752 0.62733408 0.57735027
vn 0.28571921 -0.22152419 0.93235807
vn -0.29799009 -0.27208612 0.91497052
vn -0.69559846 -0.15817461 0.70080209
vn -0.68462860 -0.23773177 0.68903359
vn 0.65192547 -0.50545130 0.56525407
vn -0.61884924 -0.40680592 0.67196322
vn -0.45378026 -0.58527717 0.67196288
vn -0.23980424 -0.70068784 0.67196017
vn -0.05967006 -0.72226627 0.68903622
vn -0.60536405 -0.55273972 0.57272433
vn 0.06713010 -0.72364923 0.68689544
vn 0.26910802 -0.69384190 0.66795531
vn 0.50179917 -0.54958005 0.66795162
vn 0.66657516 -0.33093019 0.66795416
vn -0.57311074 0.43444403 0.69483988
vn -0.61828516 0.36709343 0.69495747
vn -0.65562328 0.29536484 0.69492282
vn -0.68467803 0.21989483 0.69488291
vn -0.70532518 0.14140581 0.69463716
vn -0.71689065 0.06168348 0.69445154
vn -0.71921997 -0.01919795 0.69451715
vn -0.71245640 -0.09982162 0.69458011
vn -0.60317544 -0.54408161 0.58322773
vn 0.64924955 -0.49804850 0.57482407
vn -0.08279236 0.68035074 0.72819523
vn 0.10294946 0.67762659 0.72816455
vn -0.08279235 0.68035052 0.72819543
vn 0.10294980 0.67762417 0.72816676
vn 0.28078114 0.62379341 0.72941328
vn 0.43698233 0.52394698 0.73111285
vn 0.56117741 0.38399343 0.73323186
vn -0.31575244 -0.89037672 0.32791721
vn 0.31863164 -0.87121613 0.37343853
vn -0.52771833 0.43094546 0.73198318
vn -0.39434610 0.55809752 0.73008104
vn -0.23622917 0.64294842 0.72856922
vn -0.06098037 0.68381729 0.72710062
vn 0.11866681 0.67626296 0.72703961
vn -0.08279311 0.68034360 0.72820182
vn 0.10295116 0.67762269 0.72816794
vn -0.08279553 0.68033501 0.72820957
vn 0.10295041 0.67762334 0.72816744
vn -0.10757994 -0.65089859 0.75150355
vn 0.08650500 -0.65387911 0.75163754
vn -0.10757955 -0.65090033 0.75150210
vn 0.08650465 -0.65387923 0.75163748
vn -0.10757929 -0.65090026 0.75150220
vn 0.08650342 -0.65388024 0.75163674
vn -0.10758128 -0.65089859 0.75150336
vn 0.06370141 -0.65762582 0.75064667
vn -0.12398188 -0.64933387 0.75032927
vn -0.30212162 -0.58869830 0.74977119
vn -0.45630209 -0.48174499 0.74813780
vn -0.57625784 -0.33499003 0.74545864
vn -0.64992811 -0.15933814 0.74310484
vn -0.66526427 0.04311107 0.74536225
vn -0.62107640 0.25498491 0.74111186
vn 0.64162843 0.21352384 0.73669568
vn 0.66986681 0.02343573 0.74211133
vn 0.64363206 -0.17498231 0.74506306
vn 0.56347728 -0.35453513 0.74618912
vn 0.43552453 -0.49896179 0.74923662
vn 0.27301688 -0.60099849 0.75117415
vn 0.08650540 -0.65387982 0.75163688
vn -0.66966694 0.03282618 0.74193573
vn 0.64363250 -0.17498312 0.74506248
vn -0.64958238 -0.15993133 0.74327970
vn 0.56347770 -0.35453472 0.74618899
vn -0.57469509 -0.33671063 0.74588974
vn 0.43552433 -0.49896156 0.74923689
vn -0.45179871 -0.48489957 0.74883265
vn 0.27301665 -0.60099650 0.75117582
vn -0.29229725 -0.59235735 0.75078298
vn 0.66986578 0.02343515 0.74211228
vn -0.63499289 0.22847628 0.73795841
vn 0.64162757 0.21352372 0.73669646
vn -0.54958905 0.40096674 0.73292398
vn 0.56117722 0.38399346 0.73323199
vn -0.42084078 0.53708907 0.73104607
vn 0.43698214 0.52394638 0.73111340
vn -0.26211132 0.63176464 0.72950058
vn 0.28078082 0.62379262 0.72941408
vn -0.66966694 0.03282618 0.74193573
vn 0.64363328 -0.17498215 0.74506204
vn -0.64958238 -0.15993133 0.74327970
vn 0.56347715 -0.35453405 0.74618972
vn -0.57469509 -0.33671063 0.74588974
vn 0.43552379 -0.49896251 0.74923658
vn -0.45179871 -0.48489957 0.74883265
vn 0.27301619 -0.60099653 0.75117597
vn -0.29229725 -0.59235735 0.75078298
vn 0.66986531 0.02343643 0.74211266
vn -0.63499289 0.22847628 0.73795841
vn 0.64162857 0.21352408 0.73669549
vn -0.54958905 0.40096674 0.73292398
vn 0.56118618 0.38398596 0.73322906
vn -0.42084078 0.53708907 0.73104607
vn 0.43697934 0.52393963 0.73111991
vn -0.26211132 0.63176464 0.72950058
vn 0.28077563 0.62379789 0.72941157
vn -0.66966730 0.03282750 0.74193535
vn 0.64363367 -0.17498672 0.74506064
vn -0.64958146 -0.15993085 0.74328060
vn 0.56347642 -0.35453465 0.74619000
vn -0.57469595 -0.33671149 0.74588869
vn 0.43552793 -0.49896206 0.74923447
vn -0.45179888 -0.48489919 0.74883279
vn 0.27301840 -0.60099373 0.75117741
vn -0.29229653 -0.59235844 0.75078240
vn 0.66986491 0.02342931 0.74211325
vn -0.63499291 0.22847627 0.73795840
vn 0.64162352 0.21352630 0.73669924
vn -0.54958831 0.40096748 0.73292412
vn 0.56118213 0.38399486 0.73322749
vn -0.42084028 0.53708994 0.73104573
vn 0.43698367 0.52394096 0.73111637
vn -0.26211206 0.63176460 0.72950035
vn 0.28078083 0.62379351 0.72941332
vn -0.66967263 0.03282326 0.74193072
vn 0.63095249 -0.20181770 0.74911185
vn -0.64957687 -0.15993311 0.74328412
vn 0.54205898 -0.38617595 0.74635126
vn -0.57470297 -0.33671573 0.74588137
vn 0.40858903 -0.52148835 0.74906936
vn -0.45180114 -0.48489229 0.74883589
vn 0.24621994 -0.61303438 0.75070939
vn -0.29229696 -0.59236117 0.75078008
vn 0.66592924 0.01373846 0.74588840
vn -0.63498465 0.22847734 0.73796517
vn 0.64201697 0.21286656 0.73654738
vn -0.54958589 0.40097597 0.73292130
vn 0.56284658 0.38225880 0.73285874
vn -0.42084419 0.53708535 0.73104685
vn 0.44152273 0.52097780 0.73050654
vn -0.26211281 0.63175795 0.72950584
vn 0.29033210 0.62050319 0.72847996
vn -0.68893700 0.28517782 0.66636283
vn -0.52705364 0.52765405 0.66617991
vn -0.00004512 0.74556262 0.66643558
vn 0.28556564 0.68883131 0.66630601
vn 0.52710575 0.52742343 0.66632128
vn 0.68926379 0.28497119 0.66611324
vn -0.74597848 -0.00032059 0.66596998
vn -0.28576674 0.68892742 0.66612040
vn 0.74597847 0.00032795 0.66596998
vn -0.68893862 0.28517861 0.66636082
vn -0.52704915 0.52765837 0.66618003
vn -0.00004478 0.74556316 0.66643497
vn 0.28556278 0.68883110 0.66630745
vn 0.52710204 0.52742756 0.66632095
vn 0.68926595 0.28496999 0.66611152
vn -0.74597720 -0.00032035 0.66597141
vn -0.28576484 0.68892763 0.66612099
vn 0.74597653 0.00032795 0.66597215
vn 0.68893993 -0.28516831 0.66636387
vn 0.52704736 -0.52766152 0.66617895
vn 0.00004487 -0.74555438 0.66644479
vn -0.28555012 -0.68883301 0.66631089
vn -0.52709950 -0.52742998 0.66632105
vn -0.68926804 -0.28496085 0.66611326
vn 0.28575158 -0.68892960 0.66612464
vn 0.68893778 -0.28516958 0.66636555
vn 0.52705102 -0.52765679 0.66617981
vn 0.00004461 -0.74555383 0.66644541
vn -0.28555207 -0.68883296 0.66631012
vn -0.52710404 -0.52742565 0.66632088
vn -0.68926676 -0.28495997 0.66611497
vn 0.28575419 -0.68892984 0.66612327
vn -0.00013971 0.74560428 0.66638896
vn 0.28560833 0.68881919 0.66630023
vn 0.52710300 0.52745484 0.66629860
vn 0.68926428 0.28497215 0.66611233
vn -0.74613851 -0.00009032 0.66579075
vn -0.68918689 0.28509105 0.66614152
vn -0.52706343 0.52790978 0.66596952
vn -0.28598767 0.68906735 0.66588080
vn 0.74613855 0.00009693 0.66579069
vn 0.00014049 -0.74559587 0.66639836
vn -0.28559534 -0.68882128 0.66630365
vn -0.52710084 -0.52745769 0.66629805
vn -0.68926656 -0.28496257 0.66611406
vn 0.68918901 -0.28508053 0.66614382
vn 0.52706123 -0.52791562 0.66596663
vn 0.28597736 -0.68907061 0.66588186
vn -0.68893808 0.28517857 0.66636139
vn -0.52704987 0.52765783 0.66617989
vn -0.00004642 0.74556268 0.66643551
vn 0.28556807 0.68883129 0.66630499
vn 0.52710539 0.52742216 0.66632257
vn 0.68926529 0.28497077 0.66611186
vn -0.74597768 -0.00032035 0.66597087
vn -0.28576463 0.68892778 0.66612093
vn 0.74597703 0.00032795 0.66597159
vn 0.68893923 -0.28516918 0.66636422
vn 0.52705084 -0.52765609 0.66618050
vn 0.00004325 -0.74555388 0.66644535
vn -0.28555005 -0.68883302 0.66631092
vn -0.52710018 -0.52742945 0.66632092
vn -0.68926778 -0.28496080 0.66611356
vn 0.28575676 -0.68892993 0.66612208
vn 0.68893923 -0.28516918 0.66636422
vn 0.52705084 -0.52765609 0.66618050
vn 0.00004325 -0.74555388 0.66644535
vn -0.28555005 -0.68883302 0.66631092
vn -0.52710018 -0.52742945 0.66632092
vn -0.68926778 -0.28496080 0.66611356
vn 0.74597703 0.00032795 0.66597159
vn 0.28575676 -0.68892993 0.66612208
vn -0.74597768 -0.00032035 0.66597087
vn -0.68893808 0.28517857 0.66636139
vn -0.52704987 0.52765783 0.66617989
vn -0.00004642 0.74556268 0.66643551
vn 0.28556807 0.68883129 0.66630499
vn 0.52710539 0.52742216 0.66632257
vn 0.68926529 0.28497077 0.66611186
vn -0.28576463 0.68892778 0.66612093
vn -0.60536384 -0.55273897 0.57272528
vn -0.09723396 -0.81049784 0.57761476
vn -0.47669768 -0.48143902 0.73551057
vn -0.34647393 -0.58222145 0.73550935
vn -0.19579640 -0.64860994 0.73550589
vn -0.03354285 -0.67667985 0.73551293
vn 0.13069421 -0.66479199 0.73550706
vn 0.28720043 -0.61363057 0.73550896
vn 0.20987597 -0.73045696 0.64991130
vn -0.21235640 -0.73026089 0.64932564
vn -0.29576620 -0.61140084 0.73396960
vn -0.14803320 -0.66285122 0.73397169
vn 0.00755103 -0.67914087 0.73396911
vn 0.04557168 -0.71935186 0.69314942
vn 0.30223286 0.34228548 0.88966058
vn 0.30223250 0.34228510 -0.88966085
vn 0.71048827 0.18009601 0.68027336
vn 0.71048831 0.18009600 -0.68027332
vn 0.64445517 0.34915146 0.68027258
vn 0.64445521 0.34915145 -0.68027255
vn 0.53890820 0.49679425 0.68027452
vn 0.53890816 0.49679410 -0.68027466
vn 0.40031947 0.61398299 0.68027142
vn 0.40031944 0.61398289 -0.68027153
vn 0.23717961 0.69352254 0.68027371
vn 0.23717961 0.69352251 -0.68027374
vn 0.05951340 0.73053517 0.68027679
vn 0.05951349 0.73053602 -0.68027588
vn -0.12181815 0.72276869 0.68026889
vn -0.12181813 0.72276866 -0.68026893
vn -0.29567735 0.67067075 0.68027616
vn -0.29567733 0.67067081 -0.68027611
vn -0.40769008 0.59411535 0.69340879
vn -0.40769003 0.59411524 -0.69340891
vn -0.30216018 0.34397803 0.88903225
vn -0.30215964 0.34397735 -0.88903270
vn 0.72011428 -0.02112594 -0.69353379
vn -0.17622839 -0.60602224 -0.77568073
vn 0.72393919 0.11323787 -0.68050661
vn 0.63772900 -0.00000422 -0.77026082
vn -0.37460070 -0.62948621 -0.68075063
vn -0.51539759 -0.52052392 -0.68074971
vn -0.63772505 -0.00000418 -0.77026408
vn -0.55229074 -0.31886750 -0.77025870
vn 0.35016314 0.64502763 -0.67920919
vn 0.73337162 0.02889024 -0.67921383
vn 0.47654812 0.23796437 -0.84633022
vn -0.55228578 0.31886647 -0.77026268
vn -0.00000036 -0.63772943 -0.77026046
vn 0.31886209 -0.55228826 -0.77026271
vn 0.55228872 -0.31886475 -0.77026128
vn -0.05093942 -0.42460786 -0.90394322
vn 0.95928358 0.28244472 0.00001318
vn -0.44915238 0.55212278 -0.70244044
vn 0.17456325 -0.60755387 -0.77485868
vn 0.31051496 -0.66344429 -0.68075115
vn 0.14130314 -0.71875549 -0.68075250
vn -0.55228352 0.31886407 -0.77026529
vn 0.31884715 0.55229850 -0.77026155
vn 0.00000002 0.63773691 -0.77025427
vn 0.67457009 0.28612718 -0.68050455
vn 0.50342711 0.53406770 -0.67921487
vn 0.62322962 0.38762771 -0.67921248
vn 0.70161806 0.21541535 -0.67921155
vn -0.20156069 0.70572162 -0.67921299
vn -0.01444694 0.73380008 -0.67921184
vn 0.31885950 -0.55229261 -0.77026066
vn 0.55228484 -0.31886108 -0.77026558
vn 0.63773455 -0.00000429 -0.77025622
vn -0.70955288 0.18762530 -0.67921385
vn -0.63800941 0.36279104 -0.67921032
vn -0.52405749 0.51384015 -0.67921429
vn -0.37528265 0.63074197 -0.67921094
vn -0.63772832 -0.00000422 -0.77026137
vn -0.55228873 -0.31886522 -0.77026108
vn -0.31886257 -0.55228821 -0.77026255
vn -0.31885175 0.55229195 -0.77026435
vn 0.45941191 0.57083497 -0.68050579
vn 0.58458612 0.44177552 -0.68050970
vn 0.92815208 0.21823299 -0.30150968
vn -0.87346073 0.38230455 -0.30151216
vn -0.29799029 -0.27208569 -0.91497058
vn -0.31845144 -0.65829521 -0.68208218
vn 0.00813019 -0.73123017 -0.68208235
vn -0.15938823 -0.71369599 -0.68208022
vn 0.04376962 -0.69090611 -0.72161830
vn 0.55227990 0.31885998 -0.77026958
vn 0.00000004 -0.63772941 -0.77026048
vn 0.17362151 0.71310772 -0.67921495
vn -0.31886401 -0.55228607 -0.77026348
vn -0.48005634 0.53076067 -0.69845474
vn -0.56634335 0.81085303 -0.14755529
vn -0.21168912 -0.70125738 -0.68075385
vn 0.55228376 0.31886370 -0.77026527
vn -0.03626619 -0.73161946 -0.68074792
vn 0.31884974 0.55229418 -0.77026358
vn -0.00000038 0.63773700 -0.77025419
vn -0.31885025 0.55229422 -0.77026334
vn -0.45552896 0.54917477 0.70064288
vn 0.71457868 -0.13248404 0.68689540
vn -0.56573452 -0.36348862 0.74014896
vn -0.64501496 -0.18913495 0.74039427
vn 0.67205409 0.00010888 0.74050205
vn -0.56139169 0.44956795 0.69478632
vn -0.60965167 0.38184610 0.69463544
vn -0.71297057 -0.09750514 0.69438154
vn -0.71620515 0.06890211 0.69448015
vn -0.71941388 -0.01439231 0.69443252
vn -0.00000036 -0.63772932 0.77026055
vn 0.31886216 -0.55228842 0.77026257
vn 0.55228873 -0.31886467 0.77026130
vn 0.63772894 -0.00000420 0.77026087
vn 0.55228379 0.31886366 0.77026527
vn -0.63772835 -0.00000422 0.77026135
vn -0.55228377 0.31886425 0.77026504
vn 0.44040243 -0.50817915 0.74013488
vn 0.27941319 -0.61174340 0.74006640
vn 0.09573451 -0.66570956 0.74004438
vn -0.09572974 -0.66571367 0.74004130
vn -0.27940628 -0.61177177 0.74004556
vn -0.63772517 -0.00000422 0.77026399
vn 0.47654813 0.23796429 0.84633024
vn 0.73337160 0.02889024 0.67921385
vn 0.70161811 0.21541538 0.67921149
vn 0.62322965 0.38762774 0.67921244
vn 0.50342714 0.53406776 0.67921480
vn 0.35016319 0.64502767 0.67920913
vn 0.17362145 0.71310759 0.67921511
vn -0.55229069 -0.31886751 0.77025873
vn 0.67205430 0.00010830 0.74050186
vn -0.64474193 0.18931283 0.74058659
vn -0.56529118 0.36328813 0.74058599
vn -0.44003777 0.50783386 0.74058864
vn -0.27914052 0.61124045 0.74058469
vn -0.67195979 -0.00000138 0.74058763
vn -0.64501805 0.18929922 0.74034959
vn -0.56566313 0.36344493 0.74022497
vn -0.44040479 0.50817731 0.74013474
vn -0.27940512 0.61174146 0.74007105
vn -0.09572621 0.66571421 0.74004127
vn 0.09572120 0.66571923 0.74003740
vn -0.64501515 -0.18913615 0.74039380
vn -0.55228584 0.31886653 0.77026261
vn -0.31885165 0.55229184 0.77026447
vn -0.67205215 -0.00011018 0.74050381
vn 0.45941192 0.57083502 0.68050574
vn -0.69584070 -0.15768789 0.70067129
vn -0.68463087 -0.23773256 0.68903106
vn 0.27940635 -0.61174074 0.74007119
vn 0.09572607 -0.66571469 0.74004086
vn 0.64501502 0.18913427 0.74039439
vn -0.64975036 0.30878884 0.69460343
vn -0.68113789 0.23158444 0.69456448
vn -0.70338874 0.15126141 0.69452449
vn -0.05966950 -0.72225949 0.68904338
vn -0.09563038 0.66512111 0.74058675
vn 0.09563193 0.66512039 0.74058720
vn 0.27914169 0.61124040 0.74058429
vn 0.44003742 0.50783398 0.74058876
vn 0.56529117 0.36328817 0.74058598
vn 0.64474179 0.18931162 0.74058702
vn -0.09563058 0.66512092 0.74058690
vn 0.09563059 0.66512105 0.74058678
vn 0.27914052 0.61124017 0.74058492
vn 0.44003753 0.50783443 0.74058839
vn 0.56529066 0.36328829 0.74058631
vn 0.64474201 0.18931235 0.74058664
vn 0.67205381 0.00010819 0.74050231
vn -0.61884919 -0.40680589 0.67196328
vn -0.45378026 -0.58527717 0.67196288
vn -0.23980423 -0.70068781 0.67196021
vn 0.64501897 -0.18930151 0.74034820
vn 0.56566268 -0.36344443 0.74022556
vn 0.44040619 -0.50817746 0.74013381
vn 0.72011438 -0.02112607 0.69353368
vn -0.44042389 -0.50824088 0.74007973
vn 0.72393948 0.11323795 0.68050628
vn 0.67456799 0.28612634 0.68050697
vn 0.58458612 0.44177552 0.68050970
vn 0.63773463 -0.00000422 0.77025616
vn 0.55228493 -0.31886113 0.77026550
vn -0.20156061 0.70572136 0.67921329
vn -0.37528264 0.63074191 0.67921100
vn -0.52405746 0.51384017 0.67921430
vn -0.63800939 0.36279101 0.67921035
vn -0.70955256 0.18762582 0.67921404
vn 0.06713009 -0.72364896 0.68689573
vn -0.67196111 -0.00000138 0.74058643
vn -0.64474182 0.18931159 0.74058700
vn -0.56529118 0.36328813 0.74058599
vn -0.44003679 0.50783422 0.74058897
vn -0.27913946 0.61124096 0.74058467
vn 0.26910805 -0.69384198 0.66795521
vn 0.50179917 -0.54958005 0.66795162
vn 0.66657519 -0.33093020 0.66795413
vn 0.64501870 -0.18930095 0.74034858
vn 0.56566329 -0.36344426 0.74022518
vn 0.44040596 -0.50817705 0.74013423
vn 0.27940752 -0.61174101 0.74007052
vn 0.09572740 -0.66571371 0.74004157
vn -0.09572081 -0.66571916 0.74003752
vn -0.27939972 -0.61176911 0.74005024
vn -0.44041946 -0.50824231 0.74008138
vn -0.56573424 -0.36349150 0.74014775
vn -0.64501318 -0.18913586 0.74039559
vn -0.00000002 0.63773688 0.77025429
vn 0.31884710 0.55229846 0.77026160
vn 0.55227986 0.31886002 0.77026959
vn -0.31886253 -0.55228822 0.77026256
vn -0.55228870 -0.31886527 0.77026108
vn 0.31884979 0.55229428 0.77026348
vn -0.50528086 0.51199230 0.69466189
vn -0.31886393 -0.55228592 0.77026363
vn -0.01444694 0.73380000 0.67921193
vn -0.00000004 -0.63772941 0.77026048
vn 0.31885950 -0.55229268 0.77026061
vn 0.56573437 0.36348908 0.74014884
vn -0.09572107 -0.66571898 0.74003765
vn 0.44042455 0.50824108 0.74007920
vn -0.27940050 -0.61176808 0.74005079
vn 0.27940064 0.61176779 0.74005098
vn -0.44042485 -0.50824045 0.74007945
vn -0.56573483 -0.36348898 0.74014854
vn 0.56566236 -0.36344655 0.74022477
vn -0.31885008 0.55229404 0.77026354
vn 0.64501770 -0.18930251 0.74034906
vn -0.00000040 0.63773809 0.77025329
vn 0.62733406 0.52260727 -0.57735051
vn -0.52260752 0.62733408 -0.57735027
vn 0.71457849 -0.13248402 -0.68689560
vn -0.68467799 0.21989482 -0.69488295
vn -0.65562326 0.29536483 -0.69492284
vn -0.61828516 0.36709343 -0.69495747
vn -0.57313153 0.43417659 -0.69498989
vn -0.29731494 0.72874524 -0.61687455
vn -0.69556261 -0.15820606 -0.70083058
vn -0.71233575 -0.09988352 -0.69469494
vn -0.71899641 -0.01926981 -0.69474660
vn -0.71656610 0.06157767 -0.69479581
vn -0.70507784 0.14163496 -0.69484155
vn 0.80548682 0.23437091 -0.54429888
vn 0.80826034 0.22220729 0.54528812
vn 0.62144442 -0.78343602 0.00590282
vn 0.45725040 -0.54826708 -0.70023231
vn -0.09723395 -0.81049786 -0.57761473
vn -0.47669762 -0.48143896 -0.73551065
vn -0.34647393 -0.58222145 -0.73550935
vn -0.19579640 -0.64860994 -0.73550589
vn -0.03354285 -0.67667985 -0.73551293
vn 0.13069422 -0.66479205 -0.73550700
vn 0.28720042 -0.61363055 -0.73550898
vn 0.20987592 -0.73045700 -0.64991128
vn -0.21235638 -0.73026089 -0.64932565
vn -0.29576624 -0.61140083 -0.73396959
vn -0.14803317 -0.66285128 -0.73397164
vn 0.00755103 -0.67914091 -0.73396908
vn 0.04557169 -0.71935184 -0.69314945
vn -0.60536385 -0.55273894 -0.57272530
vn -0.30250691 0.33130769 -0.89371404
vn -0.54818262 0.60037363 -0.58227770
vn -0.59112036 -0.32887451 -0.73649052
vn -0.48705295 -0.46813230 -0.73731376
vn -0.34646498 -0.57882229 -0.73819156
vn -0.17974562 -0.65023395 -0.73816483
vn -0.00131715 -0.67512072 -0.73770609
vn 0.17488338 -0.65258827 -0.73725460
vn 0.33781707 -0.58503348 -0.73730282
vn 0.47768022 -0.47759352 -0.73737781
vn 0.58492027 -0.33761202 -0.73748654
vn -0.65452804 -0.16957513 -0.73677495
vn -0.67551137 0.00116756 -0.73734865
vn 0.65223073 -0.17466139 -0.73762353
vn 0.67551352 -0.00117255 -0.73734667
vn 0.59112023 0.32887815 -0.73648899
vn 0.48705179 0.46813211 -0.73731464
vn 0.34646864 0.57882264 -0.73818956
vn 0.17973824 0.65022999 -0.73817012
vn 0.00130222 0.67512271 -0.73770430
vn -0.17488808 0.65258986 -0.73725208
vn -0.33781282 0.58503883 -0.73730052
vn -0.47767550 0.47759412 -0.73738048
vn -0.58492194 0.33761420 -0.73748422
vn 0.65452433 0.16957264 -0.73677881
vn -0.65222863 0.17466488 -0.73762456
vn -0.59112033 -0.32887075 -0.73649221
vn -0.48705282 -0.46813222 -0.73731389
vn -0.34647121 -0.57882115 -0.73818953
vn -0.17973931 -0.65022842 -0.73817124
vn -0.00130716 -0.67512444 -0.73770271
vn 0.17488322 -0.65258797 -0.73725491
vn 0.33781617 -0.58503506 -0.73730198
vn 0.47767998 -0.47759038 -0.73738000
vn 0.58492315 -0.33761275 -0.73748392
vn -0.65453021 -0.16957293 -0.73677352
vn -0.67391876 0.00517128 -0.73878736
vn 0.65222805 -0.17466031 -0.73762615
vn 0.67354005 0.00400921 -0.73913986
vn 0.27914173 0.61124044 -0.74058424
vn 0.44003747 0.50783396 -0.74058875
vn 0.56529107 0.36328806 -0.74058611
vn 0.64474182 0.18931159 -0.74058700
vn 0.09563198 0.66512054 -0.74058706
vn -0.09563032 0.66512104 -0.74058682
vn -0.27913944 0.61124103 -0.74058462
vn -0.44003673 0.50783418 -0.74058904
vn -0.56529075 0.36328790 -0.74058644
vn -0.64474176 0.18931161 -0.74058705
vn -0.59111805 -0.32887389 -0.73649265
vn -0.48705434 -0.46813355 -0.73731204
vn -0.34647108 -0.57881910 -0.73819119
vn -0.17973816 -0.65023003 -0.73817011
vn -0.00130734 -0.67512423 -0.73770289
vn 0.17488305 -0.65258848 -0.73725450
vn 0.33781722 -0.58503329 -0.73730290
vn 0.47768039 -0.47759343 -0.73737776
vn 0.58492052 -0.33761015 -0.73748720
vn -0.65452880 -0.16957039 -0.73677536
vn -0.67391946 0.00517563 -0.73878669
vn 0.65223192 -0.17466035 -0.73762273
vn 0.67353810 0.00400591 -0.73914165
vn 0.27914054 0.61124010 -0.74058497
vn 0.44003760 0.50783445 -0.74058833
vn 0.56529064 0.36328826 -0.74058635
vn 0.64474208 0.18931233 -0.74058659
vn 0.09563060 0.66512102 -0.74058680
vn -0.09563059 0.66512105 -0.74058678
vn -0.27914053 0.61124053 -0.74058462
vn -0.44003770 0.50783384 -0.74058870
vn -0.56529156 0.36328842 -0.74058556
vn -0.64474190 0.18931288 -0.74058660
vn 0.66657526 -0.33093006 -0.66795413
vn 0.50179932 -0.54957987 -0.66795166
vn 0.26910819 -0.69384189 -0.66795525
vn 0.06713016 -0.72364938 -0.68689527
vn -0.60536404 -0.55273971 -0.57272436
vn -0.31575313 -0.89037610 -0.32791823
vn 0.31863201 -0.87121589 -0.37343877
vn -0.05967004 -0.72226628 -0.68903622
vn 0.65192547 -0.50545130 -0.56525407
vn -0.23980423 -0.70068787 -0.67196015
vn -0.45378025 -0.58527720 -0.67196286
vn -0.61884924 -0.40680592 -0.67196322
vn -0.68462862 -0.23773178 -0.68903356
vn 0.72354572 0.01504241 -0.69011254
vn 0.28571928 -0.22152420 -0.93235804
vn -0.29799009 -0.27208612 -0.91497052
vn 0.29799541 0.38435126 -0.87376933
vn -0.29291290 0.24695987 -0.92369522
vn 0.68275655 0.15093804 -0.71488544
vn -0.60521488 0.40439540 -0.68569622
vn -0.51469360 0.51469316 -0.68569778
vn -0.40439741 0.60521286 -0.68569681
vn -0.27855272 0.67248109 -0.68569495
vn -0.14200237 0.71390114 -0.68569709
vn -0.00000002 0.72788783 -0.68569622
vn 0.14200248 0.71390118 -0.68569702
vn 0.27855284 0.67248104 -0.68569495
vn 0.40439727 0.60521287 -0.68569689
vn 0.51469384 0.51469312 -0.68569763
vn 0.60521425 0.40439575 -0.68569657
vn 0.67247970 0.27855195 -0.68569663
vn -0.60521462 0.40439468 -0.68569687
vn -0.51469506 0.51469173 -0.68569775
vn -0.40439783 0.60521315 -0.68569631
vn -0.27855236 0.67248079 -0.68569539
vn -0.14200284 0.71390125 -0.68569687
vn 0.00000037 0.72788777 -0.68569629
vn 0.14200181 0.71390101 -0.68569734
vn 0.27855350 0.67248130 -0.68569443
vn 0.40439648 0.60521246 -0.68569772
vn 0.51469427 0.51469406 -0.68569660
vn 0.60521442 0.40439467 -0.68569706
vn 0.67247967 0.27855239 -0.68569648
vn -0.67248037 0.27855152 -0.68569614
vn -0.72354610 0.01504032 -0.69011219
vn -0.71390143 0.14200372 -0.68569651
vn -0.71479928 -0.08127502 -0.69459078
vn 0.62800937 -0.28972416 -0.72226321
vn 0.58265830 -0.37270218 -0.72222046
vn 0.52639442 -0.44871574 -0.72219326
vn 0.46084228 -0.51627975 -0.72185845
vn 0.66159520 -0.20133547 -0.72232667
vn 0.68279292 -0.10919489 -0.72240592
vn 0.69120427 -0.01503610 -0.72250299
vn 0.68659190 0.07946037 -0.72268777
vn -0.67248052 0.27855186 -0.68569586
vn -0.72354577 0.01504243 -0.69011248
vn -0.71390111 0.14200388 -0.68569681
vn 0.72354568 0.01504241 -0.69011258
vn 0.71480012 -0.08127530 -0.69458989
vn 0.29291268 0.24695826 -0.92369572
vn -0.29291287 0.24695917 -0.92369541
vn -0.71480005 -0.08127452 -0.69459005
vn 0.71390114 0.14200387 -0.68569677
vn 0.71390103 0.14200385 -0.68569689
vn 0.29291248 0.24695765 -0.92369595
vn 0.71480027 -0.08127608 -0.69458964
vn 0.72083004 -0.00409935 -0.69309974
vn 0.71422919 -0.09664096 -0.69320790
vn 0.69581510 -0.18755993 -0.69329836
vn 0.66589491 -0.27535700 -0.69337038
vn 0.62496391 -0.35858250 -0.69342534
vn 0.57369851 -0.43587058 -0.69346006
vn 0.51294496 -0.50593538 -0.69348169
vn 0.71556743 0.08865281 -0.69289533
vn 0.69715592 0.15548199 -0.69985639
vn 0.67047367 0.13336562 -0.72984839
vn 0.68867426 0.01431746 -0.72492949
vn 0.68946127 -0.07839493 -0.72006763
vn 0.63157033 0.26160707 -0.72984975
vn 0.56839795 0.37979561 -0.72984866
vn 0.48338567 0.48338499 -0.72984741
vn 0.13336394 -0.67047457 -0.72984787
vn 0.62873459 0.53009301 -0.56894130
vn 0.62873391 0.53009368 -0.56894143
vn 0.68946161 -0.07839422 -0.72006738
vn -0.62873356 0.53009420 -0.56894133
vn 0.68867348 0.01431744 -0.72493024
vn 0.37979474 -0.56839902 -0.72984828
vn 0.48338460 -0.48338479 -0.72984825
vn 0.56839917 -0.37979375 -0.72984867
vn 0.63157164 -0.26160434 -0.72984960
vn 0.67047451 -0.13336435 -0.72984785
vn -0.68867452 0.01431745 -0.72492925
vn -0.68946186 -0.07839348 -0.72006722
vn 0.49393147 0.63706744 -0.59175737
vn -0.37979765 0.56839733 -0.72984807
vn -0.48338564 0.48338523 -0.72984727
vn -0.56839791 0.37979486 -0.72984908
vn -0.63157140 0.26160638 -0.72984907
vn -0.67047339 0.13336531 -0.72984870
vn -0.68867389 0.01431541 -0.72492988
vn -0.68946264 -0.07839414 -0.72006640
vn -0.62873277 0.53009497 -0.56894150
vn 0.56839901 0.37979523 -0.72984803
vn 0.48338469 0.48338443 -0.72984843
vn 0.68360822 0.00000033 -0.72984917
vn 0.37979770 0.56839835 -0.72984726
vn 0.26160685 0.63156887 -0.72985109
vn 0.13336388 0.67047471 -0.72984775
vn 0.00000033 0.68360842 -0.72984897
vn -0.13336470 0.67047397 -0.72984828
vn -0.26160660 0.63157030 -0.72984995
vn -0.37979725 0.56839643 -0.72984899
vn -0.48338701 0.48338382 -0.72984730
vn -0.56839867 0.37979483 -0.72984850
vn -0.63157099 0.26160649 -0.72984939
vn -0.67047365 0.13336560 -0.72984841
vn 0.26160538 -0.63157209 -0.72984883
vn 0.67047377 0.13336564 -0.72984829
vn 0.63157070 0.26160681 -0.72984953
vn 0.56840149 0.37979076 -0.72984843
vn 0.48338299 0.48338389 -0.72984992
vn 0.37979305 0.56840128 -0.72984739
vn 0.26160837 0.63157079 -0.72984889
vn 0.13336691 0.67047272 -0.72984902
vn 0.00000000 0.68360850 -0.72984890
vn -0.13336744 0.67047241 -0.72984922
vn 0.67047351 0.13336650 -0.72984837
vn 0.63157273 0.26160520 -0.72984835
vn -0.63157353 0.26160472 -0.72984782
vn -0.67047322 0.13336620 -0.72984870
vn -0.68360858 0.00000033 -0.72984883
vn -0.63157248 -0.26160384 -0.72984905
vn -0.56839827 -0.37979358 -0.72984947
vn -0.26160665 0.63156999 -0.72985020
vn -0.48338569 -0.48338528 -0.72984720
vn -0.13336433 0.67047437 -0.72984798
vn -0.37979419 -0.56839798 -0.72984937
vn -0.00000002 0.68360854 -0.72984886
vn -0.26160425 -0.63157204 -0.72984928
vn 0.13336441 0.67047429 -0.72984804
vn -0.13336447 -0.67047428 -0.72984804
vn 0.26160669 0.63156972 -0.72985041
vn 0.00000000 -0.68360847 -0.72984893
vn 0.37979740 0.56839723 -0.72984829
vn -0.67047437 -0.13336410 -0.72984802
vn -0.37979251 0.56840010 -0.72984860
vn -0.26160774 0.63157195 -0.72984811
vn -0.48338410 0.48338436 -0.72984887
vn -0.56840053 0.37979060 -0.72984925
vn 0.71390114 -0.14200237 -0.68569709
vn 0.60521567 -0.40439390 -0.68569641
vn -0.60521818 0.40439114 -0.68569582
vn -0.51469426 0.51469449 -0.68569629
vn -0.40439233 0.60521648 -0.68569662
vn -0.27855222 0.67247921 -0.68569700
vn -0.14200614 0.71390141 -0.68569602
vn 0.00000000 0.72788781 -0.68569624
vn 0.14200553 0.71390138 -0.68569617
vn 0.27855350 0.67247932 -0.68569637
vn 0.40439165 0.60521573 -0.68569769
vn 0.51469450 0.51469545 -0.68569539
vn 0.60521775 0.40439044 -0.68569662
vn 0.67247843 0.27854883 -0.68569914
vn -0.60521578 -0.40439439 -0.68569603
vn -0.67248155 -0.27854880 -0.68569609
vn 0.00000000 -0.72788767 -0.68569639
vn -0.14200253 -0.71390118 -0.68569701
vn -0.27854943 -0.67248151 -0.68569588
vn -0.40439509 -0.60521549 -0.68569587
vn -0.51469353 -0.51469316 -0.68569784
vn 0.51469395 -0.51469416 -0.68569677
vn 0.40439450 -0.60521488 -0.68569676
vn 0.27855063 -0.67248161 -0.68569528
vn 0.14200191 -0.71390113 -0.68569718
vn -0.67248033 0.27854880 -0.68569729
vn -0.72788769 0.00000035 -0.68569637
vn -0.71390129 0.14200468 -0.68569644
vn -0.71390125 -0.14200214 -0.68569701
vn 0.71390068 0.14200479 -0.68569706
vn 0.72788793 0.00000035 -0.68569612
vn 0.67248161 -0.27854970 -0.68569567
vn 0.64924802 -0.49804705 -0.57482706
vn -0.00037020 0.74576179 -0.66621259
vn 0.28558269 0.68881395 -0.66631665
vn -0.28509614 0.68914113 -0.66618668
vn 0.00037329 -0.74575478 -0.66622043
vn -0.28556955 -0.68881565 -0.66632051
vn 0.28507911 -0.68914566 -0.66618928
vn -0.52710528 -0.52743156 -0.66631523
vn 0.52786342 -0.52704759 -0.66601881
vn -0.68885247 -0.28523438 -0.66642601
vn 0.68942834 -0.28568013 -0.66563911
vn -0.74591896 0.00041305 -0.66603658
vn 0.74591958 -0.00040559 -0.66603589
vn -0.68942555 0.28568789 -0.66563867
vn 0.68885103 0.28524339 -0.66642364
vn -0.52786166 0.52704745 -0.66602032
vn 0.52710777 0.52742909 -0.66631521
vn -0.60317569 -0.54408155 -0.58322753
vn 1.00000000 0.00000048 0.00000000
vn -1.00000000 0.00000050 0.00000000
vn -0.68926566 0.28496405 -0.66611436
vn -0.54959141 0.40096182 -0.73292489
vn -0.52711500 0.52731355 -0.66640092
vn -0.42131640 0.53712151 -0.73074823
vn -0.00057029 0.74591796 -0.66603759
vn 0.10295042 0.67761681 -0.72817352
vn 0.28563879 0.68884624 -0.66625921
vn 0.28081812 0.62373209 -0.72945148
vn 0.52709208 0.52749307 -0.66627698
vn 0.56117403 0.38401283 -0.73322429
vn 0.68885386 0.28524084 -0.66642181
vn -0.74591863 0.00041133 -0.66603696
vn -0.66974999 0.03368490 -0.74182227
vn -0.63481534 0.22804370 -0.73824492
vn -0.28507534 0.68939045 -0.66593758
vn -0.26109410 0.63191726 -0.72973313
vn -0.08335510 0.67972494 -0.72871526
vn 0.43688498 0.52392004 -0.73119033
vn 0.67001367 0.02255342 -0.74200608
vn 0.74591927 -0.00040387 -0.66603625
vn 0.64189210 0.21410965 -0.73629586
vn 0.68926794 -0.28495394 -0.66611633
vn 0.56347607 -0.35453400 -0.74619056
vn 0.52711636 -0.52730978 -0.66640283
vn 0.43600263 -0.49895509 -0.74896297
vn 0.00057111 -0.74591173 -0.66604457
vn -0.10756677 -0.65097888 -0.75143588
vn -0.28562088 -0.68884813 -0.66626494
vn -0.29234346 -0.59222737 -0.75086752
vn -0.52708691 -0.52750043 -0.66627523
vn -0.57469871 -0.33668982 -0.74589635
vn -0.68885519 -0.28523151 -0.66642443
vn 0.64343168 -0.17453294 -0.74534148
vn 0.28506285 -0.68939633 -0.66593684
vn 0.27196680 -0.60120059 -0.75139332
vn 0.08710362 -0.65320902 -0.75215087
vn -0.45169866 -0.48493368 -0.74887091
vn -0.64987456 -0.16056339 -0.74288792
vn 0.11866546 0.67625749 -0.72704492
vn 0.29031160 0.62057591 -0.72842619
vn 0.56284342 0.38227520 -0.73285262
vn -0.66558402 0.04369390 -0.74504279
vn -0.62021543 0.25532027 -0.74171718
vn -0.52767284 0.43006711 -0.73253235
vn -0.39540059 0.55817779 -0.72944905
vn -0.23537069 0.64370949 -0.72817493
vn -0.06121732 0.68362874 -0.72725799
vn 0.44156022 0.52095583 -0.73049956
vn 0.66630029 0.01311384 -0.74556820
vn 0.64228359 0.21345703 -0.73614393
vn -0.12397198 -0.64936183 -0.75030671
vn -0.30211541 -0.58870350 -0.74976961
vn -0.57625902 -0.33497809 -0.74546309
vn 0.63013116 -0.20212804 -0.74971926
vn 0.54199994 -0.38523962 -0.74687784
vn 0.40963819 -0.52156076 -0.74844567
vn 0.24532674 -0.61382616 -0.75035474
vn 0.06398668 -0.65733199 -0.75087972
vn -0.45633697 -0.48175795 -0.74810818
vn -0.65022185 -0.15997792 -0.74271031
vn -0.68926612 0.28496409 -0.66611387
vn -0.54959069 0.40096254 -0.73292504
vn -0.52711430 0.52731404 -0.66640109
vn -0.42131590 0.53712242 -0.73074785
vn -0.00056858 0.74591827 -0.66603724
vn 0.10294939 0.67762133 -0.72816945
vn 0.28563363 0.68884613 -0.66626154
vn 0.28081286 0.62373726 -0.72944909
vn 0.52708867 0.52749862 -0.66627527
vn 0.56118309 0.38400535 -0.73322127
vn 0.68885458 0.28524002 -0.66642142
vn -0.74591812 0.00041135 -0.66603753
vn -0.66975054 0.03368612 -0.74182172
vn -0.63481539 0.22804372 -0.73824487
vn -0.28507550 0.68939024 -0.66593773
vn -0.26109482 0.63191710 -0.72973302
vn -0.08335247 0.67974569 -0.72869620
vn 0.43688203 0.52391326 -0.73119695
vn 0.67001303 0.02255485 -0.74200661
vn 0.74591883 -0.00040380 -0.66603674
vn 0.64189304 0.21410995 -0.73629496
vn 0.68926838 -0.28495312 -0.66611622
vn 0.56347556 -0.35453333 -0.74619127
vn 0.52711285 -0.52731541 -0.66640116
vn 0.43600193 -0.49895609 -0.74896271
vn 0.00057266 -0.74591222 -0.66604402
vn -0.10756831 -0.65096170 -0.75145055
vn -0.28562105 -0.68884802 -0.66626498
vn -0.29234276 -0.59222846 -0.75086694
vn -0.52708617 -0.52750095 -0.66627540
vn -0.57469958 -0.33669075 -0.74589526
vn -0.68885562 -0.28523152 -0.66642397
vn 0.64343249 -0.17453200 -0.74534100
vn 0.28505771 -0.68939607 -0.66593931
vn 0.27196654 -0.60120045 -0.75139352
vn 0.08710308 -0.65321081 -0.75214938
vn -0.45169871 -0.48493328 -0.74887114
vn -0.64987366 -0.16056294 -0.74288880
vn 0.68926643 -0.28495438 -0.66611770
vn 0.56347498 -0.35453401 -0.74619139
vn 0.52711668 -0.52731124 -0.66640143
vn 0.43600600 -0.49895571 -0.74896059
vn 0.00057237 -0.74591161 -0.66604470
vn -0.10757251 -0.65093906 -0.75146956
vn -0.28562314 -0.68884813 -0.66626397
vn -0.29234336 -0.59223090 -0.75086478
vn -0.52709066 -0.52749676 -0.66627517
vn -0.57470618 -0.33669549 -0.74588803
vn -0.68885425 -0.28523073 -0.66642573
vn 0.74592067 -0.00040397 -0.66603467
vn 0.67001291 0.02254749 -0.74200695
vn 0.64343289 -0.17453659 -0.74533958
vn 0.28506059 -0.68939639 -0.66593774
vn 0.27196880 -0.60119776 -0.75139485
vn 0.08710173 -0.65321329 -0.75214739
vn -0.45170098 -0.48492668 -0.74887405
vn -0.66975572 0.03368230 -0.74181722
vn -0.74591947 0.00041152 -0.66603601
vn -0.64986900 -0.16056455 -0.74289253
vn -0.00056899 0.74591786 -0.66603770
vn 0.28563635 0.68884630 -0.66626019
vn -0.28507746 0.68939025 -0.66593687
vn -0.68926480 0.28496314 -0.66611564
vn 0.68885229 0.28524132 -0.66642323
vn -0.52711881 0.52730995 -0.66640076
vn 0.52709243 0.52749454 -0.66627553
vn -0.54958834 0.40097110 -0.73292212
vn -0.42131955 0.53711754 -0.73074933
vn 0.10295011 0.67762103 -0.72816964
vn 0.28081804 0.62373299 -0.72945074
vn 0.56117903 0.38401431 -0.73321968
vn -0.63480694 0.22804444 -0.73825191
vn -0.26109574 0.63191077 -0.72973817
vn -0.08335250 0.67973505 -0.72870613
vn 0.43688650 0.52391452 -0.73119338
vn 0.64188811 0.21411240 -0.73629853
vn 0.56117388 0.38400597 -0.73322800
vn 0.43688417 0.52393108 -0.73118291
vn 0.28081973 0.62372031 -0.72946094
vn 0.10294905 0.67762029 -0.72817047
vn -0.08335507 0.67972491 -0.72871529
vn -0.10758137 -0.65089731 -0.75150445
vn 0.08711096 -0.65320271 -0.75215550
vn 0.27196748 -0.60119605 -0.75139670
vn 0.43600341 -0.49895901 -0.74895991
vn 0.56347244 -0.35453587 -0.74619242
vn 0.64342905 -0.17452847 -0.74534480
vn 0.67000353 0.02254747 -0.74201542
vn 0.64190244 0.21412266 -0.73628306
vn -0.29234345 -0.59222734 -0.75086755
vn -0.45169863 -0.48493369 -0.74887093
vn -0.57469877 -0.33668983 -0.74589629
vn -0.64987455 -0.16056338 -0.74288792
vn -0.66975001 0.03368489 -0.74182225
vn -0.63481537 0.22804371 -0.73824489
vn -0.54959139 0.40096181 -0.73292492
vn -0.42131639 0.53712154 -0.73074821
vn -0.26109412 0.63191726 -0.72973313
vn 0.68926794 -0.28495394 -0.66611633
vn 0.52711636 -0.52730978 -0.66640283
vn 0.00057111 -0.74591173 -0.66604457
vn -0.28562088 -0.68884813 -0.66626494
vn -0.52708691 -0.52750043 -0.66627523
vn -0.68885519 -0.28523151 -0.66642443
vn 0.74591927 -0.00040387 -0.66603625
vn 0.28506285 -0.68939633 -0.66593684
vn -0.74591863 0.00041133 -0.66603696
vn -0.68926566 0.28496405 -0.66611436
vn -0.52711500 0.52731355 -0.66640092
vn -0.00057029 0.74591796 -0.66603759
vn 0.28563879 0.68884624 -0.66625921
vn 0.52709208 0.52749307 -0.66627698
vn 0.68885386 0.28524084 -0.66642181
vn -0.28507534 0.68939045 -0.66593758
f 1//1 2//2 3//3
f 3//3 2//2 4//4
f 3//3 4//4 5//5
f 5//5 4//4 6//6
f 5//5 6//6 7//7
f 7//7 6//6 8//8
f 7//7 8//8 9//9
f 9//9 8//8 10//10
f 9//9 10//10 11//11
f 2//2 1//1 12//12
f 12//12 1//1 13//13
f 12//12 13//13 14//14
f 14//14 13//13 15//15
f 14//14 15//15 16//16
f 16//16 15//15 17//17
f 16//16 17//17 18//18
f 18//18 17//17 19//19
f 18//18 19//19 20//20
f 20//20 19//19 21//21
f 20//20 21//21 22//22
f 22//22 21//21 23//23
f 22//22 23//23 24//24
f 25//25 26//26 27//27
f 27//27 26//26 28//28
f 27//27 28//28 29//29
f 29//29 28//28 30//30
f 29//29 30//30 31//31
f 31//31 30//30 32//32
f 31//31 32//32 33//33
f 33//33 32//32 24//24
f 33//33 24//24 23//23
f 26//26 25//25 34//34
f 34//34 25//25 35//35
f 34//34 35//35 36//36
f 36//36 35//35 37//37
f 36//36 37//37 38//38
f 38//38 37//37 39//39
f 38//38 39//39 40//40
f 40//40 39//39 41//41
f 40//40 41//41 42//42
f 42//42 41//41 43//43
f 42//42 43//43 44//44
f 44//44 43//43 11//11
f 44//44 11//11 10//10
f 45//45 46//46 47//47
f 47//47 46//46 48//48
f 47//47 48//48 49//49
f 49//49 48//48 50//50
f 49//49 50//50 51//51
f 51//51 50//50 52//52
f 51//51 52//52 53//53
f 53//53 52//52 54//54
f 53//53 54//54 55//55
f 55//55 54//54 56//56
f 45//45 57//57 46//46
f 46//46 57//57 58//58
f 57//57 59//59 58//58
f 58//58 59//59 60//60
f 61//61 62//62 59//59
f 59//59 62//62 60//60
f 63//63 64//64 65//65
f 65//65 64//64 66//66
f 65//65 66//66 67//67
f 67//67 66//66 68//68
f 67//67 68//68 69//69
f 69//69 68//68 70//70
f 69//69 70//70 71//71
f 71//71 70//70 72//72
f 71//71 72//72 61//61
f 61//61 72//72 62//62
f 73//73 74//74 63//63
f 63//63 74//74 64//64
f 75//75 76//76 77//77
f 77//77 76//76 78//78
f 77//77 78//78 79//79
f 79//79 78//78 80//80
f 79//79 80//80 81//81
f 81//81 80//80 82//82
f 81//81 82//82 83//83
f 83//83 82//82 84//84
f 83//83 84//84 73//73
f 73//73 84//84 74//74
f 85//85 86//86 75//75
f 75//75 86//86 76//76
f 85//85 87//87 86//86
f 86//86 87//87 88//88
f 87//87 89//89 88//88
f 88//88 89//89 90//90
f 91//91 92//92 93//93
f 93//93 92//92 94//94
f 93//93 94//94 95//95
f 95//95 94//94 96//96
f 95//95 96//96 97//97
f 97//97 96//96 98//98
f 97//97 98//98 99//99
f 99//99 98//98 100//100
f 99//99 100//100 89//89
f 89//89 100//100 90//90
f 91//91 55//55 92//92
f 92//92 55//55 56//56
f 101//101 102//102 103//103
f 103//103 102//102 104//104
f 103//103 104//104 105//105
f 105//105 104//104 106//106
f 105//105 106//106 107//107
f 107//107 106//106 108//108
f 107//107 108//108 109//109
f 109//109 108//108 110//110
f 109//109 110//110 111//111
f 102//102 101//101 112//112
f 112//112 101//101 113//113
f 112//112 113//113 114//114
f 114//114 113//113 115//115
f 114//114 115//115 116//116
f 116//116 115//115 117//117
f 116//116 117//117 118//118
f 118//118 117//117 119//119
f 118//118 119//119 120//120
f 120//120 119//119 121//121
f 120//120 121//121 122//122
f 122//122 121//121 123//123
f 122//122 123//123 124//124
f 125//125 126//126 127//127
f 127//127 126//126 128//128
f 127//127 128//128 129//129
f 129//129 128//128 130//130
f 129//129 130//130 131//131
f 131//131 130//130 132//132
f 131//131 132//132 133//133
f 133//133 132//132 124//124
f 133//133 124//124 123//123
f 126//126 125//125 134//134
f 134//134 125//125 135//135
f 134//134 135//135 136//136
f 136//136 135//135 137//137
f 136//136 137//137 138//138
f 138//138 137//137 139//139
f 138//138 139//139 140//140
f 140//140 139//139 141//141
f 140//140 141//141 142//142
f 142//142 141//141 143//143
f 142//142 143//143 144//144
f 144//144 143//143 111//111
f 144//144 111//111 110//110
f 145//145 146//146 147//147
f 147//147 146//146 148//148
f 147//147 148//148 149//149
f 149//149 148//148 150//150
f 149//149 150//150 151//151
f 151//151 150//150 152//152
f 151//151 152//152 153//153
f 153//153 152//152 154//154
f 153//153 154//154 155//155
f 155//155 154//154 156//156
f 145//145 157//157 146//146
f 146//146 157//157 158//158
f 159//159 160//160 161//161
f 161//161 160//160 162//162
f 161//161 162//162 163//163
f 163//163 162//162 164//164
f 163//163 164//164 165//165
f 165//165 164//164 166//166
f 165//165 166//166 167//167
f 167//167 166//166 168//168
f 167//167 168//168 157//157
f 157//157 168//168 158//158
f 159//159 169//169 160//160
f 160//160 169//169 170//170
f 169//169 171//171 170//170
f 170//170 171//171 172//172
f 173//173 174//174 175//175
f 173//173 175//175 176//176
f 176//176 175//175 172//172
f 176//176 172//172 171//171
f 177//177 178//178 179//179
f 179//179 178//178 180//180
f 179//179 180//180 181//181
f 181//181 180//180 182//182
f 181//181 182//182 183//183
f 183//183 182//182 184//184
f 183//183 184//184 185//185
f 185//185 184//184 186//186
f 185//185 186//186 187//187
f 187//187 186//186 188//188
f 187//187 188//188 189//189
f 189//189 188//188 190//190
f 189//189 190//190 191//191
f 191//191 190//190 192//192
f 191//191 192//192 193//193
f 193//193 192//192 174//174
f 193//193 174//174 173//173
f 178//178 177//177 194//194
f 194//194 177//177 195//195
f 194//194 195//195 196//196
f 195//195 197//197 196//196
f 196//196 197//197 198//198
f 197//197 155//155 198//198
f 198//198 155//155 156//156
f 199//199 200//200 201//201
f 201//201 200//200 202//202
f 201//201 202//202 203//203
f 203//203 202//202 204//204
f 203//203 204//204 205//205
f 205//205 204//204 206//206
f 205//205 206//206 207//207
f 207//207 206//206 208//208
f 207//207 208//208 209//209
f 209//209 208//208 210//210
f 211//211 212//212 199//199
f 199//199 212//212 200//200
f 211//211 213//213 212//212
f 212//212 213//213 214//214
f 213//213 215//215 214//214
f 214//214 215//215 216//216
f 217//217 218//218 219//219
f 219//219 218//218 220//220
f 219//219 220//220 221//221
f 221//221 220//220 222//222
f 221//221 222//222 223//223
f 223//223 222//222 224//224
f 223//223 224//224 225//225
f 225//225 224//224 226//226
f 225//225 226//226 215//215
f 215//215 226//226 216//216
f 217//217 227//227 218//218
f 218//218 227//227 228//228
f 229//229 230//230 231//231
f 231//231 230//230 232//232
f 231//231 232//232 233//233
f 233//233 232//232 234//234
f 233//233 234//234 235//235
f 235//235 234//234 236//236
f 235//235 236//236 237//237
f 237//237 236//236 238//238
f 237//237 238//238 227//227
f 227//227 238//238 228//228
f 229//229 239//239 230//230
f 230//230 239//239 240//240
f 239//239 241//241 240//240
f 240//240 241//241 242//242
f 243//243 244//244 241//241
f 241//241 244//244 242//242
f 245//245 246//246 247//247
f 247//247 246//246 248//248
f 247//247 248//248 249//249
f 249//249 248//248 250//250
f 249//249 250//250 251//251
f 251//251 250//250 252//252
f 251//251 252//252 253//253
f 253//253 252//252 254//254
f 253//253 254//254 243//243
f 243//243 254//254 244//244
f 209//209 210//210 245//245
f 245//245 210//210 246//246
f 255//255 256//256 257//257
f 257//257 256//256 258//258
f 257//257 258//258 259//259
f 259//259 258//258 260//260
f 259//259 260//260 261//261
f 261//261 260//260 262//262
f 261//261 262//262 263//263
f 263//263 262//262 264//264
f 263//263 264//264 265//265
f 265//265 264//264 266//266
f 267//267 268//268 255//255
f 255//255 268//268 256//256
f 269//269 270//270 271//271
f 271//271 270//270 272//272
f 271//271 272//272 273//273
f 273//273 272//272 274//274
f 273//273 274//274 275//275
f 275//275 274//274 276//276
f 275//275 276//276 277//277
f 277//277 276//276 278//278
f 277//277 278//278 267//267
f 267//267 278//278 268//268
f 279//279 280//280 269//269
f 269//269 280//280 270//270
f 279//279 281//281 280//280
f 280//280 281//281 282//282
f 281//281 283//283 282//282
f 282//282 283//283 284//284
f 285//285 286//286 287//287
f 287//287 286//286 288//288
f 287//287 288//288 289//289
f 289//289 288//288 290//290
f 289//289 290//290 291//291
f 291//291 290//290 292//292
f 291//291 292//292 293//293
f 293//293 292//292 294//294
f 293//293 294//294 283//283
f 283//283 294//294 284//284
f 285//285 295//295 286//286
f 286//286 295//295 296//296
f 297//297 298//298 299//299
f 299//299 298//298 300//300
f 299//299 300//300 301//301
f 301//301 300//300 302//302
f 301//301 302//302 303//303
f 303//303 302//302 304//304
f 303//303 304//304 305//305
f 305//305 304//304 306//306
f 305//305 306//306 295//295
f 295//295 306//306 296//296
f 297//297 307//307 298//298
f 298//298 307//307 308//308
f 307//307 309//309 308//308
f 308//308 309//309 310//310
f 265//265 266//266 309//309
f 309//309 266//266 310//310
f 311//311 312//312 313//313
f 313//313 312//312 314//314
f 313//313 314//314 315//315
f 315//315 314//314 316//316
f 315//315 316//316 317//317
f 317//317 316//316 318//318
f 317//317 318//318 319//319
f 319//319 318//318 320//320
f 319//319 320//320 321//321
f 312//312 311//311 322//322
f 322//322 311//311 323//323
f 322//322 323//323 324//324
f 324//324 323//323 325//325
f 324//324 325//325 326//326
f 326//326 325//325 327//327
f 326//326 327//327 328//328
f 328//328 327//327 329//329
f 328//328 329//329 330//330
f 330//330 329//329 331//331
f 330//330 331//331 332//332
f 332//332 331//331 333//333
f 332//332 333//333 334//334
f 335//335 336//336 337//337
f 337//337 336//336 338//338
f 337//337 338//338 339//339
f 339//339 338//338 340//340
f 339//339 340//340 341//341
f 341//341 340//340 342//342
f 341//341 342//342 343//343
f 343//343 342//342 334//334
f 343//343 334//334 333//333
f 336//336 335//335 344//344
f 344//344 335//335 345//345
f 344//344 345//345 346//346
f 346//346 345//345 347//347
f 346//346 347//347 348//348
f 348//348 347//347 349//349
f 348//348 349//349 350//350
f 350//350 349//349 351//351
f 350//350 351//351 352//352
f 352//352 351//351 353//353
f 352//352 353//353 354//354
f 354//354 353//353 321//321
f 354//354 321//321 320//320
f 355//355 356//356 357//357
f 357//357 356//356 358//358
f 357//357 358//358 359//359
f 359//359 358//358 360//360
f 359//359 360//360 361//361
f 361//361 360//360 362//362
f 361//361 362//362 363//363
f 363//363 362//362 364//364
f 363//363 364//364 365//365
f 356//356 355//355 366//366
f 366//366 355//355 367//367
f 366//366 367//367 368//368
f 368//368 367//367 369//369
f 368//368 369//369 370//370
f 370//370 369//369 371//371
f 370//370 371//371 372//372
f 372//372 371//371 373//373
f 372//372 373//373 374//374
f 374//374 373//373 375//375
f 374//374 375//375 376//376
f 376//376 375//375 377//377
f 376//376 377//377 378//378
f 379//379 380//380 381//381
f 381//381 380//380 382//382
f 381//381 382//382 383//383
f 383//383 382//382 384//384
f 383//383 384//384 385//385
f 385//385 384//384 386//386
f 385//385 386//386 387//387
f 387//387 386//386 378//378
f 387//387 378//378 377//377
f 380//380 379//379 388//388
f 388//388 379//379 389//389
f 388//388 389//389 390//390
f 390//390 389//389 391//391
f 390//390 391//391 392//392
f 392//392 391//391 393//393
f 392//392 393//393 394//394
f 394//394 393//393 395//395
f 394//394 395//395 396//396
f 396//396 395//395 397//397
f 396//396 397//397 398//398
f 398//398 397//397 365//365
f 398//398 365//365 364//364
f 399//399 400//400 401//401
f 401//401 400//400 402//402
f 401//401 402//402 403//403
f 403//403 402//402 404//404
f 403//403 404//404 405//405
f 405//405 404//404 406//406
f 405//405 406//406 407//407
f 407//407 406//406 408//408
f 407//407 408//408 409//409
f 409//409 408//408 410//410
f 411//411 412//412 399//399
f 399//399 412//412 400//400
f 413//413 414//414 415//415
f 415//415 414//414 416//416
f 415//415 416//416 417//417
f 417//417 416//416 418//418
f 417//417 418//418 419//419
f 419//419 418//418 420//420
f 419//419 420//420 421//421
f 421//421 420//420 422//422
f 421//421 422//422 411//411
f 411//411 422//422 412//412
f 423//423 424//424 413//413
f 413//413 424//424 414//414
f 423//423 425//425 424//424
f 424//424 425//425 426//426
f 425//425 427//427 426//426
f 426//426 427//427 428//428
f 429//429 430//430 431//431
f 431//431 430//430 432//432
f 431//431 432//432 433//433
f 433//433 432//432 434//434
f 433//433 434//434 435//435
f 435//435 434//434 436//436
f 435//435 436//436 437//437
f 437//437 436//436 438//438
f 437//437 438//438 427//427
f 427//427 438//438 428//428
f 429//429 439//439 430//430
f 430//430 439//439 440//440
f 441//441 442//442 443//443
f 443//443 442//442 444//444
f 443//443 444//444 445//445
f 445//445 444//444 446//446
f 445//445 446//446 447//447
f 447//447 446//446 448//448
f 447//447 448//448 449//449
f 449//449 448//448 450//450
f 449//449 450//450 439//439
f 439//439 450//450 440//440
f 441//441 451//451 442//442
f 442//442 451//451 452//452
f 451//451 453//453 452//452
f 452//452 453//453 454//454
f 409//409 410//410 453//453
f 453//453 410//410 454//454
f 455//455 456//456 457//457
f 457//457 456//456 458//458
f 457//457 458//458 459//459
f 459//459 458//458 460//460
f 459//459 460//460 461//461
f 461//461 460//460 462//462
f 461//461 462//462 463//463
f 463//463 462//462 464//464
f 463//463 464//464 465//465
f 465//465 464//464 466//466
f 467//467 468//468 455//455
f 455//455 468//468 456//456
f 467//467 469//469 468//468
f 468//468 469//469 470//470
f 469//469 471//471 470//470
f 470//470 471//471 472//472
f 471//471 473//473 472//472
f 472//472 473//473 474//474
f 475//475 476//476 473//473
f 473//473 476//476 474//474
f 477//477 478//478 479//479
f 479//479 478//478 480//480
f 479//479 480//480 481//481
f 481//481 480//480 482//482
f 481//481 482//482 483//483
f 483//483 482//482 484//484
f 483//483 484//484 485//485
f 485//485 484//484 486//486
f 485//485 486//486 475//475
f 475//475 486//486 476//476
f 465//465 466//466 477//477
f 477//477 466//466 478//478
f 487//487 488//488 489//489
f 490//490 491//491 492//492
f 490//490 492//492 488//488
f 490//490 488//488 487//487
f 493//493 494//494 490//490
f 490//490 494//494 491//491
f 495//495 496//496 493//493
f 493//493 496//496 494//494
f 497//497 498//498 499//499
f 500//500 499//499 498//498
f 498//498 501//501 500//500
f 502//502 500//500 501//501
f 501//501 503//503 502//502
f 504//504 505//505 506//506
f 506//506 507//507 504//504
f 508//508 509//509 510//510
f 509//509 511//511 510//510
f 512//512 510//510 511//511
f 511//511 513//513 512//512
f 514//514 512//512 513//513
f 489//489 488//488 515//515
f 515//515 488//488 497//497
f 515//515 497//497 499//499
f 506//506 505//505 503//503
f 503//503 505//505 516//516
f 503//503 516//516 502//502
f 504//504 507//507 508//508
f 508//508 507//507 517//517
f 508//508 517//517 509//509
f 496//496 495//495 518//518
f 518//518 495//495 514//514
f 518//518 514//514 513//513
f 174//174 192//192 503//503
f 440//440 450//450 246//246
f 198//198 156//156 86//86
f 507//507 506//506 517//517
f 160//160 170//170 60//60
f 160//160 60//60 62//62
f 160//160 62//62 76//76
f 160//160 76//76 86//86
f 160//160 86//86 156//156
f 160//160 156//156 154//154
f 160//160 154//154 162//162
f 280//280 88//88 90//90
f 280//280 90//90 46//46
f 280//280 46//46 270//270
f 442//442 452//452 242//242
f 442//442 242//242 244//244
f 442//442 244//244 254//254
f 442//442 254//254 252//252
f 442//442 252//252 250//250
f 442//442 250//250 248//248
f 442//442 248//248 246//246
f 442//442 246//246 450//450
f 442//442 450//450 448//448
f 442//442 448//448 446//446
f 442//442 446//446 444//444
f 472//472 356//356 366//366
f 472//472 366//366 368//368
f 472//472 368//368 12//12
f 472//472 12//12 470//470
f 478//478 466//466 218//218
f 478//478 218//218 228//228
f 478//478 228//228 238//238
f 478//478 238//238 230//230
f 478//478 230//230 480//480
f 491//491 494//494 519//519
f 491//491 519//519 520//520
f 491//491 520//520 134//134
f 491//491 134//134 136//136
f 491//491 136//136 344//344
f 491//491 344//344 346//346
f 491//491 346//346 34//34
f 491//491 34//34 36//36
f 491//491 36//36 388//388
f 491//491 388//388 390//390
f 491//491 390//390 392//392
f 491//491 392//392 394//394
f 491//491 394//394 396//396
f 491//491 396//396 398//398
f 491//491 398//398 364//364
f 491//491 364//364 492//492
f 496//496 186//186 184//184
f 496//496 184//184 182//182
f 496//496 182//182 180//180
f 496//496 180//180 178//178
f 496//496 178//178 194//194
f 496//496 194//194 196//196
f 496//496 196//196 198//198
f 496//496 198//198 86//86
f 496//496 86//86 88//88
f 496//496 88//88 280//280
f 496//496 280//280 282//282
f 496//496 282//282 424//424
f 496//496 424//424 426//426
f 496//496 426//426 212//212
f 496//496 212//212 214//214
f 496//496 214//214 468//468
f 496//496 468//468 470//470
f 496//496 470//470 494//494
f 488//488 492//492 454//454
f 488//488 454//454 308//308
f 488//488 308//308 310//310
f 488//488 310//310 58//58
f 488//488 58//58 60//60
f 488//488 60//60 170//170
f 488//488 170//170 172//172
f 488//488 172//172 175//175
f 488//488 175//175 174//174
f 488//488 174//174 503//503
f 488//488 503//503 501//501
f 488//488 501//501 498//498
f 488//488 498//498 497//497
f 186//186 496//496 518//518
f 186//186 518//518 513//513
f 186//186 513//513 511//511
f 186//186 511//511 509//509
f 186//186 509//509 517//517
f 186//186 517//517 506//506
f 186//186 506//506 188//188
f 422//422 284//284 294//294
f 422//422 294//294 292//292
f 422//422 292//292 290//290
f 422//422 290//290 288//288
f 210//210 428//428 438//438
f 210//210 438//438 436//436
f 210//210 436//436 434//434
f 210//210 434//434 432//432
f 210//210 432//432 430//430
f 210//210 430//430 440//440
f 210//210 440//440 246//246
f 230//230 238//238 236//236
f 230//230 236//236 234//234
f 230//230 234//234 232//232
f 466//466 216//216 226//226
f 466//466 226//226 224//224
f 466//466 224//224 222//222
f 466//466 222//222 220//220
f 466//466 220//220 218//218
f 492//492 364//364 362//362
f 492//492 362//362 360//360
f 492//492 360//360 358//358
f 492//492 358//358 356//356
f 492//492 356//356 472//472
f 492//492 472//472 474//474
f 492//492 474//474 240//240
f 492//492 240//240 242//242
f 492//492 242//242 452//452
f 492//492 452//452 454//454
f 298//298 308//308 454//454
f 298//298 454//454 410//410
f 298//298 410//410 408//408
f 298//298 408//408 406//406
f 298//298 406//406 404//404
f 298//298 404//404 402//402
f 230//230 240//240 474//474
f 230//230 474//474 476//476
f 230//230 476//476 486//486
f 230//230 486//486 484//484
f 230//230 484//484 482//482
f 230//230 482//482 480//480
f 216//216 466//466 464//464
f 216//216 464//464 462//462
f 216//216 462//462 460//460
f 216//216 460//460 458//458
f 216//216 458//458 456//456
f 216//216 456//456 468//468
f 216//216 468//468 214//214
f 428//428 210//210 208//208
f 428//428 208//208 206//206
f 428//428 206//206 204//204
f 428//428 204//204 202//202
f 428//428 202//202 200//200
f 428//428 200//200 212//212
f 428//428 212//212 426//426
f 284//284 422//422 420//420
f 284//284 420//420 418//418
f 284//284 418//418 416//416
f 284//284 416//416 414//414
f 284//284 414//414 424//424
f 284//284 424//424 282//282
f 470//470 12//12 14//14
f 470//470 14//14 322//322
f 470//470 322//322 324//324
f 470//470 324//324 112//112
f 470//470 112//112 114//114
f 470//470 114//114 521//521
f 470//470 521//521 522//522
f 470//470 522//522 523//523
f 470//470 523//523 524//524
f 470//470 524//524 525//525
f 470//470 525//525 526//526
f 470//470 526//526 527//527
f 494//494 470//470 527//527
f 494//494 527//527 528//528
f 494//494 528//528 529//529
f 494//494 529//529 530//530
f 494//494 530//530 531//531
f 494//494 531//531 519//519
f 188//188 506//506 190//190
f 190//190 506//506 503//503
f 190//190 503//503 192//192
f 270//270 46//46 266//266
f 266//266 46//46 58//58
f 266//266 58//58 310//310
f 296//296 412//412 286//286
f 286//286 412//412 422//422
f 286//286 422//422 288//288
f 412//412 296//296 400//400
f 400//400 296//296 306//306
f 400//400 306//306 402//402
f 402//402 306//306 304//304
f 402//402 304//304 298//298
f 298//298 304//304 302//302
f 298//298 302//302 300//300
f 378//378 8//8 376//376
f 376//376 8//8 6//6
f 376//376 6//6 374//374
f 374//374 6//6 4//4
f 374//374 4//4 372//372
f 372//372 4//4 2//2
f 372//372 2//2 370//370
f 370//370 2//2 12//12
f 370//370 12//12 368//368
f 8//8 378//378 10//10
f 10//10 378//378 386//386
f 10//10 386//386 44//44
f 44//44 386//386 384//384
f 44//44 384//384 42//42
f 42//42 384//384 382//382
f 42//42 382//382 40//40
f 40//40 382//382 380//380
f 40//40 380//380 38//38
f 38//38 380//380 388//388
f 38//38 388//388 36//36
f 24//24 318//318 22//22
f 22//22 318//318 316//316
f 22//22 316//316 20//20
f 20//20 316//316 314//314
f 20//20 314//314 18//18
f 18//18 314//314 312//312
f 18//18 312//312 16//16
f 16//16 312//312 322//322
f 16//16 322//322 14//14
f 318//318 24//24 320//320
f 320//320 24//24 32//32
f 320//320 32//32 354//354
f 354//354 32//32 30//30
f 354//354 30//30 352//352
f 352//352 30//30 28//28
f 352//352 28//28 350//350
f 350//350 28//28 26//26
f 350//350 26//26 348//348
f 348//348 26//26 34//34
f 348//348 34//34 346//346
f 334//334 108//108 332//332
f 332//332 108//108 106//106
f 332//332 106//106 330//330
f 330//330 106//106 104//104
f 330//330 104//104 328//328
f 328//328 104//104 102//102
f 328//328 102//102 326//326
f 326//326 102//102 112//112
f 326//326 112//112 324//324
f 108//108 334//334 110//110
f 110//110 334//334 342//342
f 110//110 342//342 144//144
f 144//144 342//342 340//340
f 144//144 340//340 142//142
f 142//142 340//340 338//338
f 142//142 338//338 140//140
f 140//140 338//338 336//336
f 140//140 336//336 138//138
f 138//138 336//336 344//344
f 138//138 344//344 136//136
f 124//124 532//532 122//122
f 122//122 532//532 533//533
f 122//122 533//533 120//120
f 120//120 533//533 534//534
f 120//120 534//534 118//118
f 118//118 534//534 535//535
f 118//118 535//535 116//116
f 116//116 535//535 521//521
f 116//116 521//521 114//114
f 532//532 124//124 536//536
f 536//536 124//124 132//132
f 536//536 132//132 537//537
f 537//537 132//132 130//130
f 537//537 130//130 538//538
f 538//538 130//130 128//128
f 538//538 128//128 539//539
f 539//539 128//128 126//126
f 539//539 126//126 540//540
f 540//540 126//126 134//134
f 540//540 134//134 520//520
f 150//150 164//164 152//152
f 152//152 164//164 162//162
f 152//152 162//162 154//154
f 164//164 150//150 166//166
f 166//166 150//150 148//148
f 166//166 148//148 168//168
f 168//168 148//148 146//146
f 168//168 146//146 158//158
f 98//98 48//48 100//100
f 100//100 48//48 46//46
f 100//100 46//46 90//90
f 48//48 98//98 50//50
f 50//50 98//98 96//96
f 50//50 96//96 52//52
f 52//52 96//96 94//94
f 52//52 94//94 54//54
f 54//54 94//94 92//92
f 54//54 92//92 56//56
f 276//276 258//258 278//278
f 278//278 258//258 256//256
f 278//278 256//256 268//268
f 258//258 276//276 260//260
f 260//260 276//276 274//274
f 260//260 274//274 262//262
f 262//262 274//274 272//272
f 262//262 272//272 264//264
f 264//264 272//272 270//270
f 264//264 270//270 266//266
f 82//82 66//66 84//84
f 84//84 66//66 64//64
f 84//84 64//64 74//74
f 66//66 82//82 68//68
f 68//68 82//82 80//80
f 68//68 80//80 70//70
f 70//70 80//80 78//78
f 70//70 78//78 72//72
f 72//72 78//78 76//76
f 72//72 76//76 62//62
f 245//245 449//449 439//439
f 85//85 155//155 197//197
f 159//159 161//161 153//153
f 159//159 153//153 155//155
f 159//159 155//155 85//85
f 159//159 85//85 75//75
f 159//159 75//75 61//61
f 159//159 61//61 59//59
f 159//159 59//59 169//169
f 279//279 269//269 45//45
f 279//279 45//45 89//89
f 279//279 89//89 87//87
f 441//441 443//443 445//445
f 441//441 445//445 447//447
f 441//441 447//447 449//449
f 441//441 449//449 245//245
f 441//441 245//245 247//247
f 441//441 247//247 249//249
f 441//441 249//249 251//251
f 441//441 251//251 253//253
f 441//441 253//253 243//243
f 441//441 243//243 241//241
f 441//441 241//241 451//451
f 471//471 469//469 1//1
f 471//471 1//1 367//367
f 471//471 367//367 355//355
f 471//471 355//355 357//357
f 477//477 479//479 229//229
f 477//477 229//229 237//237
f 477//477 237//237 227//227
f 477//477 227//227 217//217
f 477//477 217//217 465//465
f 489//489 515//515 499//499
f 489//489 499//499 500//500
f 489//489 500//500 502//502
f 489//489 502//502 516//516
f 489//489 516//516 193//193
f 489//489 193//193 173//173
f 489//489 173//173 176//176
f 489//489 176//176 171//171
f 489//489 171//171 169//169
f 489//489 169//169 59//59
f 489//489 59//59 57//57
f 489//489 57//57 309//309
f 489//489 309//309 307//307
f 489//489 307//307 453//453
f 489//489 453//453 487//487
f 490//490 487//487 365//365
f 490//490 365//365 397//397
f 490//490 397//397 395//395
f 490//490 395//395 393//393
f 490//490 393//393 391//391
f 490//490 391//391 389//389
f 490//490 389//389 379//379
f 490//490 379//379 35//35
f 490//490 35//35 25//25
f 490//490 25//25 345//345
f 490//490 345//345 335//335
f 490//490 335//335 135//135
f 490//490 135//135 125//125
f 490//490 125//125 541//541
f 490//490 541//541 542//542
f 490//490 542//542 493//493
f 495//495 493//493 469//469
f 495//495 469//469 467//467
f 495//495 467//467 213//213
f 495//495 213//213 211//211
f 495//495 211//211 425//425
f 495//495 425//425 423//423
f 495//495 423//423 281//281
f 495//495 281//281 279//279
f 495//495 279//279 87//87
f 495//495 87//87 85//85
f 495//495 85//85 197//197
f 495//495 197//197 195//195
f 495//495 195//195 177//177
f 495//495 177//177 179//179
f 495//495 179//179 181//181
f 495//495 181//181 183//183
f 495//495 183//183 185//185
f 505//505 504//504 508//508
f 505//505 508//508 185//185
f 505//505 185//185 187//187
f 505//505 187//187 189//189
f 505//505 189//189 191//191
f 505//505 191//191 193//193
f 505//505 193//193 516//516
f 185//185 508//508 510//510
f 185//185 510//510 512//512
f 185//185 512//512 514//514
f 185//185 514//514 495//495
f 421//421 287//287 289//289
f 421//421 289//289 291//291
f 421//421 291//291 293//293
f 421//421 293//293 283//283
f 209//209 245//245 439//439
f 209//209 439//439 429//429
f 209//209 429//429 431//431
f 209//209 431//431 433//433
f 209//209 433//433 435//435
f 209//209 435//435 437//437
f 209//209 437//437 427//427
f 229//229 231//231 233//233
f 229//229 233//233 235//235
f 229//229 235//235 237//237
f 465//465 217//217 219//219
f 465//465 219//219 221//221
f 465//465 221//221 223//223
f 465//465 223//223 225//225
f 465//465 225//225 215//215
f 487//487 453//453 451//451
f 487//487 451//451 241//241
f 487//487 241//241 239//239
f 487//487 239//239 473//473
f 487//487 473//473 471//471
f 487//487 471//471 357//357
f 487//487 357//357 359//359
f 487//487 359//359 361//361
f 487//487 361//361 363//363
f 487//487 363//363 365//365
f 297//297 401//401 403//403
f 297//297 403//403 405//405
f 297//297 405//405 407//407
f 297//297 407//407 409//409
f 297//297 409//409 453//453
f 297//297 453//453 307//307
f 229//229 479//479 481//481
f 229//229 481//481 483//483
f 229//229 483//483 485//485
f 229//229 485//485 475//475
f 229//229 475//475 473//473
f 229//229 473//473 239//239
f 215//215 213//213 467//467
f 215//215 467//467 455//455
f 215//215 455//455 457//457
f 215//215 457//457 459//459
f 215//215 459//459 461//461
f 215//215 461//461 463//463
f 215//215 463//463 465//465
f 427//427 425//425 211//211
f 427//427 211//211 199//199
f 427//427 199//199 201//201
f 427//427 201//201 203//203
f 427//427 203//203 205//205
f 427//427 205//205 207//207
f 427//427 207//207 209//209
f 283//283 281//281 423//423
f 283//283 423//423 413//413
f 283//283 413//413 415//415
f 283//283 415//415 417//417
f 283//283 417//417 419//419
f 283//283 419//419 421//421
f 469//469 543//543 544//544
f 469//469 544//544 545//545
f 469//469 545//545 546//546
f 469//469 546//546 547//547
f 469//469 547//547 548//548
f 469//469 548//548 549//549
f 469//469 549//549 113//113
f 469//469 113//113 101//101
f 469//469 101//101 323//323
f 469//469 323//323 311//311
f 469//469 311//311 13//13
f 469//469 13//13 1//1
f 493//493 542//542 550//550
f 493//493 550//550 551//551
f 493//493 551//551 552//552
f 493//493 552//552 553//553
f 493//493 553//553 543//543
f 493//493 543//543 469//469
f 309//309 57//57 265//265
f 265//265 57//57 45//45
f 265//265 45//45 269//269
f 287//287 421//421 285//285
f 285//285 421//421 411//411
f 285//285 411//411 295//295
f 295//295 411//411 399//399
f 295//295 399//399 305//305
f 305//305 399//399 401//401
f 305//305 401//401 303//303
f 303//303 401//401 297//297
f 303//303 297//297 301//301
f 301//301 297//297 299//299
f 367//367 1//1 369//369
f 369//369 1//1 3//3
f 369//369 3//3 371//371
f 371//371 3//3 5//5
f 371//371 5//5 373//373
f 373//373 5//5 7//7
f 373//373 7//7 375//375
f 375//375 7//7 9//9
f 375//375 9//9 377//377
f 377//377 9//9 11//11
f 377//377 11//11 387//387
f 387//387 11//11 43//43
f 387//387 43//43 385//385
f 385//385 43//43 41//41
f 385//385 41//41 383//383
f 383//383 41//41 39//39
f 383//383 39//39 381//381
f 381//381 39//39 37//37
f 381//381 37//37 379//379
f 379//379 37//37 35//35
f 13//13 311//311 15//15
f 15//15 311//311 313//313
f 15//15 313//313 17//17
f 17//17 313//313 315//315
f 17//17 315//315 19//19
f 19//19 315//315 317//317
f 19//19 317//317 21//21
f 21//21 317//317 319//319
f 21//21 319//319 23//23
f 23//23 319//319 321//321
f 23//23 321//321 33//33
f 33//33 321//321 353//353
f 33//33 353//353 31//31
f 31//31 353//353 351//351
f 31//31 351//351 29//29
f 29//29 351//351 349//349
f 29//29 349//349 27//27
f 27//27 349//349 347//347
f 27//27 347//347 25//25
f 25//25 347//347 345//345
f 323//323 101//101 325//325
f 325//325 101//101 103//103
f 325//325 103//103 327//327
f 327//327 103//103 105//105
f 327//327 105//105 329//329
f 329//329 105//105 107//107
f 329//329 107//107 331//331
f 331//331 107//107 109//109
f 331//331 109//109 333//333
f 333//333 109//109 111//111
f 333//333 111//111 343//343
f 343//343 111//111 143//143
f 343//343 143//143 341//341
f 341//341 143//143 141//141
f 341//341 141//141 339//339
f 339//339 141//141 139//139
f 339//339 139//139 337//337
f 337//337 139//139 137//137
f 337//337 137//137 335//335
f 335//335 137//137 135//135
f 113//113 549//549 115//115
f 115//115 549//549 554//554
f 115//115 554//554 117//117
f 117//117 554//554 555//555
f 117//117 555//555 119//119
f 119//119 555//555 556//556
f 119//119 556//556 121//121
f 121//121 556//556 557//557
f 121//121 557//557 123//123
f 123//123 557//557 558//558
f 123//123 558//558 133//133
f 133//133 558//558 559//559
f 133//133 559//559 131//131
f 131//131 559//559 560//560
f 131//131 560//560 129//129
f 129//129 560//560 561//561
f 129//129 561//561 127//127
f 127//127 561//561 562//562
f 127//127 562//562 125//125
f 125//125 562//562 541//541
f 153//153 161//161 151//151
f 151//151 161//161 163//163
f 151//151 163//163 149//149
f 149//149 163//163 165//165
f 149//149 165//165 147//147
f 147//147 165//165 167//167
f 147//147 167//167 145//145
f 145//145 167//167 157//157
f 89//89 45//45 99//99
f 99//99 45//45 47//47
f 99//99 47//47 97//97
f 97//97 47//47 49//49
f 97//97 49//49 95//95
f 95//95 49//49 51//51
f 95//95 51//51 93//93
f 93//93 51//51 53//53
f 93//93 53//53 91//91
f 91//91 53//53 55//55
f 267//267 255//255 277//277
f 277//277 255//255 257//257
f 277//277 257//257 275//275
f 275//275 257//257 259//259
f 275//275 259//259 273//273
f 273//273 259//259 261//261
f 273//273 261//261 271//271
f 271//271 261//261 263//263
f 271//271 263//263 269//269
f 269//269 263//263 265//265
f 73//73 63//63 83//83
f 83//83 63//63 65//65
f 83//83 65//65 81//81
f 81//81 65//65 67//67
f 81//81 67//67 79//79
f 79//79 67//67 69//69
f 79//79 69//69 77//77
f 77//77 69//69 71//71
f 77//77 71//71 75//75
f 75//75 71//71 61//61
f 542//542 531//531 550//550
f 550//550 531//531 530//530
f 550//550 530//530 551//551
f 551//551 530//530 529//529
f 551//551 529//529 552//552
f 552//552 529//529 528//528
f 552//552 528//528 553//553
f 553//553 528//528 527//527
f 553//553 527//527 543//543
f 531//531 542//542 519//519
f 519//519 542//542 541//541
f 519//519 541//541 520//520
f 520//520 541//541 562//562
f 520//520 562//562 540//540
f 540//540 562//562 561//561
f 540//540 561//561 539//539
f 539//539 561//561 560//560
f 539//539 560//560 538//538
f 538//538 560//560 559//559
f 538//538 559//559 537//537
f 537//537 559//559 558//558
f 537//537 558//558 536//536
f 549//549 535//535 554//554
f 554//554 535//535 534//534
f 554//554 534//534 555//555
f 555//555 534//534 533//533
f 555//555 533//533 556//556
f 556//556 533//533 532//532
f 556//556 532//532 557//557
f 557//557 532//532 536//536
f 557//557 536//536 558//558
f 535//535 549//549 521//521
f 521//521 549//549 548//548
f 521//521 548//548 522//522
f 522//522 548//548 547//547
f 522//522 547//547 523//523
f 523//523 547//547 546//546
f 523//523 546//546 524//524
f 524//524 546//546 545//545
f 524//524 545//545 525//525
f 525//525 545//545 544//544
f 525//525 544//544 526//526
f 526//526 544//544 543//543
f 526//526 543//543 527//527
f 563//563 564//564 565//565
f 565//565 564//564 566//566
f 567//567 568//568 569//569
f 569//569 568//568 570//570
f 571//571 572//572 573//573
f 573//573 572//572 574//574
f 575//575 576//576 577//577
f 577//577 576//576 578//578
f 579//579 580//580 581//581
f 581//581 580//580 582//582
f 583//583 584//584 585//585
f 585//585 584//584 586//586
f 587//587 588//588 589//589
f 589//589 588//588 590//590
f 591//591 592//592 593//593
f 593//593 592//592 594//594
f 595//595 596//596 597//597
f 597//597 596//596 598//598
f 599//599 600//600 601//601
f 601//601 600//600 602//602
f 603//603 604//604 605//605
f 605//605 604//604 606//606
f 607//607 608//608 609//609
f 609//609 608//608 610//610
f 611//611 612//612 613//613
f 613//613 612//612 614//614
f 615//615 616//616 617//617
f 617//617 616//616 618//618
f 619//619 620//620 621//621
f 621//621 620//620 622//622
f 623//623 624//624 625//625
f 625//625 624//624 626//626
f 627//627 628//628 629//629
f 629//629 628//628 630//630
f 631//631 632//632 633//633
f 633//633 632//632 634//634
f 635//635 636//636 637//637
f 637//637 636//636 638//638
f 639//639 640//640 641//641
f 641//641 640//640 642//642
f 643//643 644//644 645//645
f 645//645 644//644 646//646
f 647//647 648//648 649//649
f 649//649 648//648 650//650
f 651//651 652//652 653//653
f 653//653 652//652 654//654
f 655//655 656//656 657//657
f 657//657 656//656 658//658
f 659//659 660//660 661//661
f 661//661 660//660 662//662
f 663//663 664//664 665//665
f 665//665 664//664 666//666
f 667//667 668//668 669//669
f 669//669 668//668 670//670
f 671//671 672//672 673//673
f 673//673 672//672 674//674
f 675//675 676//676 677//677
f 677//677 676//676 678//678
f 679//679 680//680 681//681
f 681//681 680//680 682//682
f 683//683 684//684 685//685
f 685//685 684//684 686//686
f 687//687 688//688 689//689
f 689//689 688//688 690//690
f 691//691 692//692 693//693
f 693//693 692//692 694//694
f 695//695 696//696 697//697
f 697//697 696//696 698//698
f 699//699 700//700 701//701
f 701//701 700//700 702//702
f 703//703 704//704 705//705
f 705//705 704//704 706//706
f 707//707 708//708 709//709
f 709//709 708//708 710//710
f 711//711 712//712 713//713
f 713//713 712//712 714//714
f 715//715 716//716 717//717
f 717//717 716//716 718//718
f 719//719 720//720 721//721
f 721//721 720//720 722//722
f 723//723 724//724 725//725
f 725//725 724//724 726//726
f 727//727 728//728 729//729
f 729//729 728//728 730//730
f 731//731 732//732 733//733
f 733//733 732//732 734//734
f 735//735 736//736 737//737
f 737//737 736//736 738//738
f 739//739 740//740 741//741
f 741//741 740//740 742//742
f 743//743 744//744 745//745
f 745//745 744//744 746//746
f 747//747 748//748 749//749
f 749//749 748//748 750//750
f 751//751 752//752 753//753
f 753//753 752//752 754//754
f 755//755 756//756 757//757
f 757//757 756//756 758//758
f 759//759 760//760 761//761
f 761//761 760//760 762//762
f 763//763 764//764 765//765
f 765//765 764//764 766//766
f 767//767 768//768 769//769
f 769//769 768//768 770//770
f 771//771 772//772 773//773
f 773//773 772//772 774//774
f 775//775 776//776 777//777
f 777//777 776//776 778//778
f 779//779 780//780 781//781
f 781//781 780//780 782//782
f 783//783 784//784 785//785
f 785//785 784//784 786//786
f 787//787 788//788 789//789
f 789//789 788//788 790//790
f 791//791 792//792 793//793
f 793//793 792//792 794//794
f 795//795 796//796 797//797
f 797//797 796//796 798//798
f 799//799 800//800 801//801
f 801//801 800//800 802//802
f 803//803 804//804 805//805
f 805//805 804//804 806//806
f 807//807 808//808 809//809
f 809//809 808//808 810//810
f 811//811 812//812 813//813
f 813//813 812//812 814//814
f 815//815 816//816 817//817
f 817//817 816//816 818//818
f 819//819 820//820 821//821
f 821//821 820//820 822//822
f 823//823 824//824 825//825
f 825//825 824//824 826//826
f 827//827 828//828 829//829
f 829//829 828//828 830//830
f 831//831 832//832 833//833
f 833//833 832//832 834//834
f 835//835 836//836 837//837
f 837//837 836//836 838//838
f 839//839 840//840 841//841
f 841//841 840//840 842//842
f 843//843 844//844 845//845
f 845//845 844//844 846//846
f 847//847 848//848 849//849
f 849//849 848//848 850//850
f 851//851 852//852 853//853
f 853//853 852//852 854//854
f 855//855 856//856 857//857
f 857//857 856//856 858//858
f 859//859 860//860 861//861
f 861//861 860//860 862//862
f 863//863 864//864 865//865
f 865//865 864//864 866//866
f 867//867 868//868 869//869
f 869//869 868//868 870//870
f 871//871 872//872 873//873
f 873//873 872//872 874//874
f 875//875 876//876 877//877
f 877//877 876//876 878//878
f 879//879 880//880 881//881
f 881//881 880//880 882//882
f 883//883 884//884 885//885
f 885//885 884//884 886//886
f 887//887 888//888 889//889
f 889//889 888//888 890//890
f 891//891 892//892 893//893
f 893//893 892//892 894//894
f 895//895 896//896 897//897
f 897//897 896//896 898//898
f 899//899 900//900 901//901
f 899//899 902//902 900//900
f 903//903 904//904 905//905
f 903//903 906//906 904//904
f 905//905 904//904 907//907
f 908//908 909//909 910//910
f 908//908 911//911 909//909
f 912//912 913//913 914//914
f 914//914 913//913 915//915
f 914//914 915//915 916//916
f 917//917 918//918 919//919
f 919//919 918//918 920//920
f 919//919 920//920 921//921
f 922//922 923//923 924//924
f 924//924 923//923 925//925
f 924//924 925//925 926//926
f 927//927 928//928 563//563
f 563//563 928//928 564//564
f 929//929 566//566 928//928
f 928//928 566//566 564//564
f 930//930 565//565 929//929
f 929//929 565//565 566//566
f 930//930 927//927 565//565
f 565//565 927//927 563//563
f 931//931 568//568 932//932
f 932//932 568//568 567//567
f 931//931 933//933 568//568
f 568//568 933//933 570//570
f 933//933 934//934 570//570
f 570//570 934//934 569//569
f 932//932 567//567 934//934
f 934//934 567//567 569//569
f 935//935 936//936 574//574
f 574//574 936//936 573//573
f 937//937 571//571 936//936
f 936//936 571//571 573//573
f 938//938 572//572 937//937
f 937//937 572//572 571//571
f 938//938 935//935 572//572
f 572//572 935//935 574//574
f 939//939 576//576 940//940
f 940//940 576//576 575//575
f 939//939 941//941 576//576
f 576//576 941//941 578//578
f 941//941 942//942 578//578
f 578//578 942//942 577//577
f 940//940 575//575 942//942
f 942//942 575//575 577//577
f 943//943 944//944 582//582
f 582//582 944//944 581//581
f 945//945 579//579 944//944
f 944//944 579//579 581//581
f 946//946 580//580 945//945
f 945//945 580//580 579//579
f 946//946 943//943 580//580
f 580//580 943//943 582//582
f 947//947 948//948 586//586
f 586//586 948//948 585//585
f 949//949 583//583 948//948
f 948//948 583//583 585//585
f 950//950 584//584 949//949
f 949//949 584//584 583//583
f 950//950 947//947 584//584
f 584//584 947//947 586//586
f 951//951 952//952 590//590
f 590//590 952//952 589//589
f 953//953 587//587 952//952
f 952//952 587//587 589//589
f 954//954 588//588 953//953
f 953//953 588//588 587//587
f 954//954 951//951 588//588
f 588//588 951//951 590//590
f 955//955 956//956 591//591
f 591//591 956//956 592//592
f 957//957 594//594 956//956
f 956//956 594//594 592//592
f 958//958 593//593 957//957
f 957//957 593//593 594//594
f 958//958 955//955 593//593
f 593//593 955//955 591//591
f 959//959 597//597 960//960
f 960//960 597//597 598//598
f 959//959 961//961 597//597
f 597//597 961//961 595//595
f 961//961 962//962 595//595
f 595//595 962//962 596//596
f 960//960 598//598 962//962
f 962//962 598//598 596//596
f 963//963 964//964 602//602
f 602//602 964//964 601//601
f 965//965 599//599 964//964
f 964//964 599//599 601//601
f 966//966 600//600 965//965
f 965//965 600//600 599//599
f 966//966 963//963 600//600
f 600//600 963//963 602//602
f 967//967 606//606 968//968
f 968//968 606//606 604//604
f 969//969 605//605 967//967
f 967//967 605//605 606//606
f 969//969 970//970 605//605
f 605//605 970//970 603//603
f 970//970 968//968 603//603
f 603//603 968//968 604//604
f 971//971 607//607 972//972
f 972//972 607//607 609//609
f 973//973 608//608 971//971
f 971//971 608//608 607//607
f 973//973 974//974 608//608
f 608//608 974//974 610//610
f 974//974 972//972 610//610
f 610//610 972//972 609//609
f 975//975 611//611 976//976
f 976//976 611//611 613//613
f 977//977 612//612 975//975
f 975//975 612//612 611//611
f 977//977 978//978 612//612
f 612//612 978//978 614//614
f 978//978 976//976 614//614
f 614//614 976//976 613//613
f 979//979 615//615 980//980
f 980//980 615//615 617//617
f 981//981 616//616 979//979
f 979//979 616//616 615//615
f 981//981 982//982 616//616
f 616//616 982//982 618//618
f 982//982 980//980 618//618
f 618//618 980//980 617//617
f 983//983 620//620 984//984
f 984//984 620//620 619//619
f 983//983 985//985 620//620
f 620//620 985//985 622//622
f 985//985 986//986 622//622
f 622//622 986//986 621//621
f 984//984 619//619 986//986
f 986//986 619//619 621//621
f 987//987 624//624 988//988
f 988//988 624//624 623//623
f 987//987 989//989 624//624
f 624//624 989//989 626//626
f 989//989 990//990 626//626
f 626//626 990//990 625//625
f 988//988 623//623 990//990
f 990//990 623//623 625//625
f 991//991 628//628 992//992
f 992//992 628//628 627//627
f 991//991 993//993 628//628
f 628//628 993//993 630//630
f 993//993 994//994 630//630
f 630//630 994//994 629//629
f 992//992 627//627 994//994
f 994//994 627//627 629//629
f 995//995 632//632 996//996
f 996//996 632//632 631//631
f 995//995 997//997 632//632
f 632//632 997//997 634//634
f 997//997 998//998 634//634
f 634//634 998//998 633//633
f 996//996 631//631 998//998
f 998//998 631//631 633//633
f 999//999 635//635 1000//1000
f 1000//1000 635//635 637//637
f 1001//1001 636//636 999//999
f 999//999 636//636 635//635
f 1001//1001 1002//1002 636//636
f 636//636 1002//1002 638//638
f 1002//1002 1000//1000 638//638
f 638//638 1000//1000 637//637
f 1003//1003 639//639 1004//1004
f 1004//1004 639//639 641//641
f 1005//1005 640//640 1003//1003
f 1003//1003 640//640 639//639
f 1005//1005 1006//1006 640//640
f 640//640 1006//1006 642//642
f 1006//1006 1004//1004 642//642
f 642//642 1004//1004 641//641
f 1007//1007 643//643 1008//1008
f 1008//1008 643//643 645//645
f 1009//1009 644//644 1007//1007
f 1007//1007 644//644 643//643
f 1009//1009 1010//1010 644//644
f 644//644 1010//1010 646//646
f 1010//1010 1008//1008 646//646
f 646//646 1008//1008 645//645
f 1011//1011 647//647 1012//1012
f 1012//1012 647//647 649//649
f 1013//1013 648//648 1011//1011
f 1011//1011 648//648 647//647
f 1013//1013 1014//1014 648//648
f 648//648 1014//1014 650//650
f 1014//1014 1012//1012 650//650
f 650//650 1012//1012 649//649
f 1015//1015 654//654 1016//1016
f 1016//1016 654//654 652//652
f 1017//1017 653//653 1015//1015
f 1015//1015 653//653 654//654
f 1017//1017 1018//1018 653//653
f 653//653 1018//1018 651//651
f 1018//1018 1016//1016 651//651
f 651//651 1016//1016 652//652
f 1019//1019 658//658 1020//1020
f 1020//1020 658//658 656//656
f 1021//1021 657//657 1019//1019
f 1019//1019 657//657 658//658
f 1021//1021 1022//1022 657//657
f 657//657 1022//1022 655//655
f 1022//1022 1020//1020 655//655
f 655//655 1020//1020 656//656
f 1023//1023 660//660 1024//1024
f 1024//1024 660//660 659//659
f 1023//1023 1025//1025 660//660
f 660//660 1025//1025 662//662
f 1025//1025 1026//1026 662//662
f 662//662 1026//1026 661//661
f 1024//1024 659//659 1026//1026
f 1026//1026 659//659 661//661
f 1027//1027 664//664 1028//1028
f 1028//1028 664//664 663//663
f 1027//1027 1029//1029 664//664
f 664//664 1029//1029 666//666
f 1029//1029 1030//1030 666//666
f 666//666 1030//1030 665//665
f 1028//1028 663//663 1030//1030
f 1030//1030 663//663 665//665
f 1031//1031 668//668 1032//1032
f 1032//1032 668//668 667//667
f 1031//1031 1033//1033 668//668
f 668//668 1033//1033 670//670
f 1033//1033 1034//1034 670//670
f 670//670 1034//1034 669//669
f 1032//1032 667//667 1034//1034
f 1034//1034 667//667 669//669
f 1035//1035 1036//1036 674//674
f 674//674 1036//1036 673//673
f 1037//1037 671//671 1036//1036
f 1036//1036 671//671 673//673
f 1038//1038 672//672 1037//1037
f 1037//1037 672//672 671//671
f 1038//1038 1035//1035 672//672
f 672//672 1035//1035 674//674
f 1039//1039 1040//1040 675//675
f 675//675 1040//1040 676//676
f 1041//1041 678//678 1040//1040
f 1040//1040 678//678 676//676
f 1042//1042 677//677 1041//1041
f 1041//1041 677//677 678//678
f 1042//1042 1039//1039 677//677
f 677//677 1039//1039 675//675
f 1043//1043 1044//1044 679//679
f 679//679 1044//1044 680//680
f 1045//1045 682//682 1044//1044
f 1044//1044 682//682 680//680
f 1046//1046 681//681 1045//1045
f 1045//1045 681//681 682//682
f 1046//1046 1043//1043 681//681
f 681//681 1043//1043 679//679
f 1047//1047 1048//1048 683//683
f 683//683 1048//1048 684//684
f 1049//1049 686//686 1048//1048
f 1048//1048 686//686 684//684
f 1050//1050 685//685 1049//1049
f 1049//1049 685//685 686//686
f 1050//1050 1047//1047 685//685
f 685//685 1047//1047 683//683
f 1051//1051 1052//1052 687//687
f 687//687 1052//1052 688//688
f 1053//1053 690//690 1052//1052
f 1052//1052 690//690 688//688
f 1054//1054 689//689 1053//1053
f 1053//1053 689//689 690//690
f 1054//1054 1051//1051 689//689
f 689//689 1051//1051 687//687
f 1055//1055 1056//1056 691//691
f 691//691 1056//1056 692//692
f 1057//1057 694//694 1056//1056
f 1056//1056 694//694 692//692
f 1058//1058 693//693 1057//1057
f 1057//1057 693//693 694//694
f 1058//1058 1055//1055 693//693
f 693//693 1055//1055 691//691
f 1059//1059 1060//1060 695//695
f 695//695 1060//1060 696//696
f 1061//1061 698//698 1060//1060
f 1060//1060 698//698 696//696
f 1062//1062 697//697 1061//1061
f 1061//1061 697//697 698//698
f 1062//1062 1059//1059 697//697
f 697//697 1059//1059 695//695
f 1063//1063 700//700 1064//1064
f 1064//1064 700//700 699//699
f 1063//1063 1065//1065 700//700
f 700//700 1065//1065 702//702
f 1065//1065 1066//1066 702//702
f 702//702 1066//1066 701//701
f 1064//1064 699//699 1066//1066
f 1066//1066 699//699 701//701
f 1067//1067 1068//1068 706//706
f 706//706 1068//1068 705//705
f 1069//1069 703//703 1068//1068
f 1068//1068 703//703 705//705
f 1070//1070 704//704 1069//1069
f 1069//1069 704//704 703//703
f 1070//1070 1067//1067 704//704
f 704//704 1067//1067 706//706
f 1071//1071 1072//1072 710//710
f 710//710 1072//1072 709//709
f 1073//1073 707//707 1072//1072
f 1072//1072 707//707 709//709
f 1074//1074 708//708 1073//1073
f 1073//1073 708//708 707//707
f 1074//1074 1071//1071 708//708
f 708//708 1071//1071 710//710
f 1075//1075 1076//1076 714//714
f 714//714 1076//1076 713//713
f 1077//1077 711//711 1076//1076
f 1076//1076 711//711 713//713
f 1078//1078 712//712 1077//1077
f 1077//1077 712//712 711//711
f 1078//1078 1075//1075 712//712
f 712//712 1075//1075 714//714
f 1079//1079 1080//1080 718//718
f 718//718 1080//1080 717//717
f 1081//1081 715//715 1080//1080
f 1080//1080 715//715 717//717
f 1082//1082 716//716 1081//1081
f 1081//1081 716//716 715//715
f 1082//1082 1079//1079 716//716
f 716//716 1079//1079 718//718
f 1083//1083 1084//1084 719//719
f 719//719 1084//1084 720//720
f 1085//1085 722//722 1084//1084
f 1084//1084 722//722 720//720
f 1086//1086 721//721 1085//1085
f 1085//1085 721//721 722//722
f 1086//1086 1083//1083 721//721
f 721//721 1083//1083 719//719
f 1087//1087 1088//1088 723//723
f 723//723 1088//1088 724//724
f 1089//1089 726//726 1088//1088
f 1088//1088 726//726 724//724
f 1090//1090 725//725 1089//1089
f 1089//1089 725//725 726//726
f 1090//1090 1087//1087 725//725
f 725//725 1087//1087 723//723
f 1091//1091 727//727 1092//1092
f 1092//1092 727//727 729//729
f 1093//1093 728//728 1091//1091
f 1091//1091 728//728 727//727
f 1093//1093 1094//1094 728//728
f 728//728 1094//1094 730//730
f 1094//1094 1092//1092 730//730
f 730//730 1092//1092 729//729
f 1095//1095 731//731 1096//1096
f 1096//1096 731//731 733//733
f 1097//1097 732//732 1095//1095
f 1095//1095 732//732 731//731
f 1097//1097 1098//1098 732//732
f 732//732 1098//1098 734//734
f 1098//1098 1096//1096 734//734
f 734//734 1096//1096 733//733
f 1099//1099 735//735 1100//1100
f 1100//1100 735//735 737//737
f 1101//1101 736//736 1099//1099
f 1099//1099 736//736 735//735
f 1101//1101 1102//1102 736//736
f 736//736 1102//1102 738//738
f 1102//1102 1100//1100 738//738
f 738//738 1100//1100 737//737
f 1103//1103 739//739 1104//1104
f 1104//1104 739//739 741//741
f 1105//1105 740//740 1103//1103
f 1103//1103 740//740 739//739
f 1105//1105 1106//1106 740//740
f 740//740 1106//1106 742//742
f 1106//1106 1104//1104 742//742
f 742//742 1104//1104 741//741
f 1107//1107 743//743 1108//1108
f 1108//1108 743//743 745//745
f 1109//1109 744//744 1107//1107
f 1107//1107 744//744 743//743
f 1109//1109 1110//1110 744//744
f 744//744 1110//1110 746//746
f 1110//1110 1108//1108 746//746
f 746//746 1108//1108 745//745
f 1111//1111 747//747 1112//1112
f 1112//1112 747//747 749//749
f 1113//1113 748//748 1111//1111
f 1111//1111 748//748 747//747
f 1113//1113 1114//1114 748//748
f 748//748 1114//1114 750//750
f 1114//1114 1112//1112 750//750
f 750//750 1112//1112 749//749
f 1115//1115 751//751 1116//1116
f 1116//1116 751//751 753//753
f 1117//1117 752//752 1115//1115
f 1115//1115 752//752 751//751
f 1117//1117 1118//1118 752//752
f 752//752 1118//1118 754//754
f 1118//1118 1116//1116 754//754
f 754//754 1116//1116 753//753
f 1119//1119 758//758 1120//1120
f 1120//1120 758//758 756//756
f 1121//1121 757//757 1119//1119
f 1119//1119 757//757 758//758
f 1121//1121 1122//1122 757//757
f 757//757 1122//1122 755//755
f 1122//1122 1120//1120 755//755
f 755//755 1120//1120 756//756
f 1123//1123 760//760 1124//1124
f 1124//1124 760//760 759//759
f 1123//1123 1125//1125 760//760
f 760//760 1125//1125 762//762
f 1125//1125 1126//1126 762//762
f 762//762 1126//1126 761//761
f 1124//1124 759//759 1126//1126
f 1126//1126 759//759 761//761
f 1127//1127 764//764 1128//1128
f 1128//1128 764//764 763//763
f 1127//1127 1129//1129 764//764
f 764//764 1129//1129 766//766
f 1129//1129 1130//1130 766//766
f 766//766 1130//1130 765//765
f 1128//1128 763//763 1130//1130
f 1130//1130 763//763 765//765
f 1131//1131 768//768 1132//1132
f 1132//1132 768//768 767//767
f 1131//1131 1133//1133 768//768
f 768//768 1133//1133 770//770
f 1133//1133 1134//1134 770//770
f 770//770 1134//1134 769//769
f 1132//1132 767//767 1134//1134
f 1134//1134 767//767 769//769
f 1135//1135 771//771 1136//1136
f 1136//1136 771//771 773//773
f 1137//1137 772//772 1135//1135
f 1135//1135 772//772 771//771
f 1137//1137 1138//1138 772//772
f 772//772 1138//1138 774//774
f 1138//1138 1136//1136 774//774
f 774//774 1136//1136 773//773
f 1139//1139 775//775 1140//1140
f 1140//1140 775//775 777//777
f 1141//1141 776//776 1139//1139
f 1139//1139 776//776 775//775
f 1141//1141 1142//1142 776//776
f 776//776 1142//1142 778//778
f 1142//1142 1140//1140 778//778
f 778//778 1140//1140 777//777
f 1143//1143 1144//1144 782//782
f 782//782 1144//1144 781//781
f 1145//1145 779//779 1144//1144
f 1144//1144 779//779 781//781
f 1146//1146 780//780 1145//1145
f 1145//1145 780//780 779//779
f 1146//1146 1143//1143 780//780
f 780//780 1143//1143 782//782
f 1147//1147 1148//1148 786//786
f 786//786 1148//1148 785//785
f 1149//1149 783//783 1148//1148
f 1148//1148 783//783 785//785
f 1150//1150 784//784 1149//1149
f 1149//1149 784//784 783//783
f 1150//1150 1147//1147 784//784
f 784//784 1147//1147 786//786
f 1151//1151 1152//1152 790//790
f 790//790 1152//1152 789//789
f 1153//1153 787//787 1152//1152
f 1152//1152 787//787 789//789
f 1154//1154 788//788 1153//1153
f 1153//1153 788//788 787//787
f 1154//1154 1151//1151 788//788
f 788//788 1151//1151 790//790
f 1155//1155 1156//1156 794//794
f 794//794 1156//1156 793//793
f 1157//1157 791//791 1156//1156
f 1156//1156 791//791 793//793
f 1158//1158 792//792 1157//1157
f 1157//1157 792//792 791//791
f 1158//1158 1155//1155 792//792
f 792//792 1155//1155 794//794
f 1159//1159 797//797 1160//1160
f 1160//1160 797//797 798//798
f 1159//1159 1161//1161 797//797
f 797//797 1161//1161 795//795
f 1161//1161 1162//1162 795//795
f 795//795 1162//1162 796//796
f 1160//1160 798//798 1162//1162
f 1162//1162 798//798 796//796
f 1163//1163 1164//1164 799//799
f 799//799 1164//1164 800//800
f 1165//1165 802//802 1164//1164
f 1164//1164 802//802 800//800
f 1166//1166 801//801 1165//1165
f 1165//1165 801//801 802//802
f 1166//1166 1163//1163 801//801
f 801//801 1163//1163 799//799
f 1167//1167 1168//1168 806//806
f 806//806 1168//1168 805//805
f 1169//1169 803//803 1168//1168
f 1168//1168 803//803 805//805
f 1170//1170 804//804 1169//1169
f 1169//1169 804//804 803//803
f 1170//1170 1167//1167 804//804
f 804//804 1167//1167 806//806
f 1171//1171 808//808 1172//1172
f 1172//1172 808//808 807//807
f 1171//1171 1173//1173 808//808
f 808//808 1173//1173 810//810
f 1173//1173 1174//1174 810//810
f 810//810 1174//1174 809//809
f 1172//1172 807//807 1174//1174
f 1174//1174 807//807 809//809
f 1175//1175 812//812 1176//1176
f 1176//1176 812//812 811//811
f 1175//1175 1177//1177 812//812
f 812//812 1177//1177 814//814
f 1177//1177 1178//1178 814//814
f 814//814 1178//1178 813//813
f 1176//1176 811//811 1178//1178
f 1178//1178 811//811 813//813
f 1179//1179 816//816 1180//1180
f 1180//1180 816//816 815//815
f 1179//1179 1181//1181 816//816
f 816//816 1181//1181 818//818
f 1181//1181 1182//1182 818//818
f 818//818 1182//1182 817//817
f 1180//1180 815//815 1182//1182
f 1182//1182 815//815 817//817
f 1183//1183 820//820 1184//1184
f 1184//1184 820//820 819//819
f 1183//1183 1185//1185 820//820
f 820//820 1185//1185 822//822
f 1185//1185 1186//1186 822//822
f 822//822 1186//1186 821//821
f 1184//1184 819//819 1186//1186
f 1186//1186 819//819 821//821
f 1187//1187 824//824 1188//1188
f 1188//1188 824//824 823//823
f 1187//1187 1189//1189 824//824
f 824//824 1189//1189 826//826
f 1189//1189 1190//1190 826//826
f 826//826 1190//1190 825//825
f 1188//1188 823//823 1190//1190
f 1190//1190 823//823 825//825
f 1191//1191 828//828 1192//1192
f 1192//1192 828//828 827//827
f 1191//1191 1193//1193 828//828
f 828//828 1193//1193 830//830
f 1193//1193 1194//1194 830//830
f 830//830 1194//1194 829//829
f 1192//1192 827//827 1194//1194
f 1194//1194 827//827 829//829
f 1195//1195 832//832 1196//1196
f 1196//1196 832//832 831//831
f 1195//1195 1197//1197 832//832
f 832//832 1197//1197 834//834
f 1197//1197 1198//1198 834//834
f 834//834 1198//1198 833//833
f 1196//1196 831//831 1198//1198
f 1198//1198 831//831 833//833
f 1199//1199 1200//1200 838//838
f 838//838 1200//1200 837//837
f 1201//1201 835//835 1200//1200
f 1200//1200 835//835 837//837
f 1202//1202 836//836 1201//1201
f 1201//1201 836//836 835//835
f 1202//1202 1199//1199 836//836
f 836//836 1199//1199 838//838
f 1203//1203 1204//1204 842//842
f 842//842 1204//1204 841//841
f 1205//1205 839//839 1204//1204
f 1204//1204 839//839 841//841
f 1206//1206 840//840 1205//1205
f 1205//1205 840//840 839//839
f 1206//1206 1203//1203 840//840
f 840//840 1203//1203 842//842
f 1207//1207 1208//1208 846//846
f 846//846 1208//1208 845//845
f 1209//1209 843//843 1208//1208
f 1208//1208 843//843 845//845
f 1210//1210 844//844 1209//1209
f 1209//1209 844//844 843//843
f 1210//1210 1207//1207 844//844
f 844//844 1207//1207 846//846
f 1211//1211 1212//1212 850//850
f 850//850 1212//1212 849//849
f 1213//1213 847//847 1212//1212
f 1212//1212 847//847 849//849
f 1214//1214 848//848 1213//1213
f 1213//1213 848//848 847//847
f 1214//1214 1211//1211 848//848
f 848//848 1211//1211 850//850
f 1215//1215 1216//1216 851//851
f 851//851 1216//1216 852//852
f 1217//1217 854//854 1216//1216
f 1216//1216 854//854 852//852
f 1218//1218 853//853 1217//1217
f 1217//1217 853//853 854//854
f 1218//1218 1215//1215 853//853
f 853//853 1215//1215 851//851
f 1219//1219 1220//1220 858//858
f 858//858 1220//1220 857//857
f 1221//1221 855//855 1220//1220
f 1220//1220 855//855 857//857
f 1222//1222 856//856 1221//1221
f 1221//1221 856//856 855//855
f 1222//1222 1219//1219 856//856
f 856//856 1219//1219 858//858
f 1223//1223 1224//1224 862//862
f 862//862 1224//1224 861//861
f 1225//1225 859//859 1224//1224
f 1224//1224 859//859 861//861
f 1226//1226 860//860 1225//1225
f 1225//1225 860//860 859//859
f 1226//1226 1223//1223 860//860
f 860//860 1223//1223 862//862
f 1227//1227 864//864 1228//1228
f 1228//1228 864//864 863//863
f 1227//1227 1229//1229 864//864
f 864//864 1229//1229 866//866
f 1229//1229 1230//1230 866//866
f 866//866 1230//1230 865//865
f 1228//1228 863//863 1230//1230
f 1230//1230 863//863 865//865
f 1231//1231 868//868 1232//1232
f 1232//1232 868//868 867//867
f 1231//1231 1233//1233 868//868
f 868//868 1233//1233 870//870
f 1233//1233 1234//1234 870//870
f 870//870 1234//1234 869//869
f 1232//1232 867//867 1234//1234
f 1234//1234 867//867 869//869
f 1235//1235 872//872 1236//1236
f 1236//1236 872//872 871//871
f 1235//1235 1237//1237 872//872
f 872//872 1237//1237 874//874
f 1237//1237 1238//1238 874//874
f 874//874 1238//1238 873//873
f 1236//1236 871//871 1238//1238
f 1238//1238 871//871 873//873
f 1239//1239 876//876 1240//1240
f 1240//1240 876//876 875//875
f 1239//1239 1241//1241 876//876
f 876//876 1241//1241 878//878
f 1241//1241 1242//1242 878//878
f 878//878 1242//1242 877//877
f 1240//1240 875//875 1242//1242
f 1242//1242 875//875 877//877
f 1243//1243 882//882 1244//1244
f 1244//1244 882//882 880//880
f 1245//1245 881//881 1243//1243
f 1243//1243 881//881 882//882
f 1245//1245 1246//1246 881//881
f 881//881 1246//1246 879//879
f 1246//1246 1244//1244 879//879
f 879//879 1244//1244 880//880
f 1247//1247 883//883 1248//1248
f 1248//1248 883//883 885//885
f 1249//1249 884//884 1247//1247
f 1247//1247 884//884 883//883
f 1249//1249 1250//1250 884//884
f 884//884 1250//1250 886//886
f 1250//1250 1248//1248 886//886
f 886//886 1248//1248 885//885
f 1251//1251 890//890 1252//1252
f 1252//1252 890//890 888//888
f 1253//1253 889//889 1251//1251
f 1251//1251 889//889 890//890
f 1253//1253 1254//1254 889//889
f 889//889 1254//1254 887//887
f 1254//1254 1252//1252 887//887
f 887//887 1252//1252 888//888
f 1255//1255 892//892 1256//1256
f 1256//1256 892//892 891//891
f 1255//1255 1257//1257 892//892
f 892//892 1257//1257 894//894
f 1257//1257 1258//1258 894//894
f 894//894 1258//1258 893//893
f 1256//1256 891//891 1258//1258
f 1258//1258 891//891 893//893
f 1259//1259 896//896 1260//1260
f 1260//1260 896//896 895//895
f 1259//1259 1261//1261 896//896
f 896//896 1261//1261 898//898
f 1261//1261 1262//1262 898//898
f 898//898 1262//1262 897//897
f 1260//1260 895//895 1262//1262
f 1262//1262 895//895 897//897
f 1263//1263 1264//1264 1265//1265
f 1265//1265 1264//1264 1266//1266
f 1267//1267 1268//1268 1263//1263
f 1263//1263 1268//1268 1264//1264
f 1269//1269 1270//1270 1271//1271
f 1271//1271 1270//1270 1272//1272
f 1273//1273 1274//1274 1275//1275
f 1275//1275 1274//1274 1276//1276
f 1277//1277 1278//1278 1273//1273
f 1273//1273 1278//1278 1274//1274
f 1279//1279 1280//1280 1281//1281
f 1281//1281 1280//1280 1282//1282
f 1283//1283 1284//1284 1279//1279
f 1279//1279 1284//1284 1280//1280
f 1285//1285 1286//1286 1287//1287
f 1287//1287 1286//1286 1288//1288
f 1289//1289 1290//1290 1285//1285
f 1285//1285 1290//1290 1286//1286
f 1291//1291 1292//1292 1293//1293
f 1293//1293 1292//1292 1294//1294
f 1295//1295 1296//1296 1291//1291
f 1291//1291 1296//1296 1292//1292
f 1297//1297 1298//1298 1299//1299
f 1299//1299 1298//1298 1300//1300
f 1301//1301 1302//1302 1297//1297
f 1297//1297 1302//1302 1298//1298
f 1303//1303 1304//1304 1305//1305
f 1305//1305 1304//1304 1306//1306
f 1307//1307 1308//1308 1303//1303
f 1303//1303 1308//1308 1304//1304
f 1309//1309 1310//1310 1311//1311
f 1311//1311 1310//1310 1312//1312
f 1313//1313 1314//1314 1309//1309
f 1309//1309 1314//1314 1310//1310
f 1315//1315 1316//1316 1317//1317
f 1317//1317 1316//1316 1318//1318
f 1319//1319 1320//1320 1315//1315
f 1315//1315 1320//1320 1316//1316
f 1321//1321 1322//1322 1323//1323
f 1323//1323 1322//1322 1324//1324
f 1325//1325 1326//1326 910//910
f 910//910 1326//1326 908//908
f 1327//1327 911//911 1326//1326
f 1326//1326 911//911 908//908
f 1328//1328 909//909 1327//1327
f 1327//1327 909//909 911//911
f 1329//1329 1330//1330 903//903
f 903//903 1330//1330 906//906
f 1330//1330 1331//1331 906//906
f 906//906 1331//1331 904//904
f 1332//1332 907//907 1331//1331
f 1331//1331 907//907 904//904
f 1333//1333 905//905 1332//1332
f 1332//1332 905//905 907//907
f 1334//1334 1335//1335 900//900
f 900//900 1335//1335 901//901
f 1335//1335 1336//1336 901//901
f 901//901 1336//1336 899//899
f 1337//1337 902//902 1336//1336
f 1336//1336 902//902 899//899
f 1338//1338 1339//1339 1340//1340
f 1340//1340 1339//1339 1341//1341
f 1342//1342 1343//1343 1344//1344
f 1344//1344 1343//1343 1345//1345
f 1343//1343 1346//1346 1345//1345
f 1345//1345 1346//1346 1347//1347
f 1348//1348 1349//1349 1350//1350
f 1350//1350 1349//1349 1351//1351
f 1349//1349 1352//1352 1351//1351
f 1351//1351 1352//1352 1353//1353
f 1354//1354 1355//1355 1356//1356
f 1356//1356 1355//1355 1357//1357
f 1355//1355 1358//1358 1357//1357
f 1357//1357 1358//1358 1359//1359
f 1360//1360 1361//1361 1362//1362
f 1362//1362 1361//1361 1363//1363
f 1361//1361 1364//1364 1363//1363
f 1363//1363 1364//1364 1365//1365
f 1366//1366 1367//1367 1368//1368
f 1368//1368 1367//1367 1369//1369
f 1367//1367 1370//1370 1369//1369
f 1369//1369 1370//1370 1371//1371
f 1372//1372 1373//1373 1374//1374
f 1374//1374 1373//1373 1375//1375
f 1376//1376 1377//1377 1378//1378
f 1378//1378 1377//1377 1379//1379
f 1377//1377 1380//1380 1379//1379
f 1379//1379 1380//1380 1381//1381
f 1382//1382 1383//1383 1384//1384
f 1384//1384 1383//1383 1385//1385
f 1383//1383 1386//1386 1385//1385
f 1385//1385 1386//1386 1387//1387
f 1388//1388 1389//1389 1390//1390
f 1390//1390 1389//1389 1391//1391
f 1392//1392 1393//1393 1394//1394
f 1394//1394 1393//1393 1395//1395
f 1393//1393 1396//1396 1395//1395
f 1395//1395 1396//1396 1397//1397
f 1398//1398 923//923 1399//1399
f 1399//1399 923//923 922//922
f 1400//1400 925//925 1398//1398
f 1398//1398 925//925 923//923
f 1400//1400 1401//1401 925//925
f 925//925 1401//1401 926//926
f 1401//1401 1402//1402 926//926
f 926//926 1402//1402 924//924
f 1403//1403 918//918 1404//1404
f 1404//1404 918//918 917//917
f 1405//1405 920//920 1403//1403
f 1403//1403 920//920 918//918
f 1405//1405 1406//1406 920//920
f 920//920 1406//1406 921//921
f 1406//1406 1407//1407 921//921
f 921//921 1407//1407 919//919
f 1408//1408 913//913 1409//1409
f 1409//1409 913//913 912//912
f 1410//1410 915//915 1408//1408
f 1408//1408 915//915 913//913
f 1410//1410 1411//1411 915//915
f 915//915 1411//1411 916//916
f 1411//1411 1412//1412 916//916
f 916//916 1412//1412 914//914
f 1373//1373 1413//1413 1375//1375
f 1375//1375 1413//1413 1414//1414
f 1415//1415 1416//1416 1417//1417
f 1417//1417 1416//1416 1418//1418
f 1419//1419 1420//1420 1421//1421
f 1421//1421 1420//1420 1422//1422
f 1423//1423 1424//1424 1425//1425
f 1426//1426 1424//1424 1423//1423
f 1426//1426 1423//1423 1427//1427
f 1426//1426 1427//1427 1428//1428
f 1429//1429 1430//1430 1431//1431
f 1432//1432 1433//1433 1434//1434
f 1434//1434 1433//1433 1429//1429
f 1434//1434 1429//1429 1431//1431
f 1431//1431 1430//1430 1435//1435
f 1435//1435 1430//1430 1436//1436
f 1435//1435 1436//1436 1437//1437
f 1437//1437 1436//1436 1438//1438
f 1437//1437 1438//1438 1439//1439
f 1439//1439 1438//1438 1440//1440
f 1439//1439 1440//1440 1441//1441
f 1441//1441 1440//1440 1442//1442
f 1441//1441 1442//1442 1443//1443
f 1443//1443 1442//1442 1444//1444
f 1443//1443 1444//1444 1445//1445
f 1445//1445 1444//1444 1446//1446
f 1445//1445 1446//1446 1447//1447
f 1447//1447 1446//1446 1448//1448
f 1447//1447 1448//1448 1449//1449
f 1449//1449 1448//1448 1450//1450
f 1449//1449 1450//1450 1451//1451
f 1452//1452 1453//1453 1454//1454
f 1454//1454 1453//1453 1451//1451
f 1454//1454 1451//1451 1450//1450
f 1455//1455 1456//1456 1432//1432
f 1432//1432 1456//1456 1433//1433
f 1457//1457 1458//1458 1459//1459
f 1459//1459 1458//1458 1460//1460
f 1461//1461 1462//1462 1463//1463
f 1463//1463 1462//1462 1464//1464
f 1465//1465 1466//1466 1467//1467
f 1467//1467 1466//1466 1468//1468
f 1469//1469 1470//1470 1471//1471
f 1470//1470 1469//1469 1472//1472
f 1472//1472 1473//1473 1470//1470
f 1473//1473 1472//1472 1474//1474
f 1474//1474 1475//1475 1473//1473
f 1476//1476 1477//1477 1478//1478
f 1478//1478 1479//1479 1476//1476
f 1480//1480 1481//1481 1482//1482
f 1480//1480 1483//1483 1481//1481
f 1483//1483 1480//1480 1484//1484
f 1484//1484 1485//1485 1483//1483
f 1485//1485 1484//1484 1486//1486
f 1469//1469 1471//1471 1487//1487
f 1487//1487 1471//1471 1423//1423
f 1487//1487 1423//1423 1425//1425
f 1474//1474 1488//1488 1475//1475
f 1475//1475 1488//1488 1477//1477
f 1475//1475 1477//1477 1476//1476
f 1481//1481 1489//1489 1482//1482
f 1482//1482 1489//1489 1479//1479
f 1482//1482 1479//1479 1478//1478
f 1485//1485 1486//1486 1490//1490
f 1490//1490 1486//1486 1491//1491
f 1490//1490 1491//1491 1492//1492
f 1493//1493 1494//1494 1495//1495
f 1495//1495 1494//1494 1496//1496
f 1283//1283 1497//1497 1284//1284
f 1284//1284 1497//1497 1498//1498
f 1498//1498 1499//1499 1284//1284
f 1284//1284 1499//1499 1282//1282
f 1284//1284 1282//1282 1280//1280
f 1500//1500 1281//1281 1499//1499
f 1499//1499 1281//1281 1282//1282
f 1501//1501 1502//1502 1503//1503
f 1503//1503 1502//1502 1504//1504
f 1502//1502 1505//1505 1504//1504
f 1503//1503 1504//1504 1506//1506
f 1506//1506 1504//1504 1505//1505
f 1277//1277 1507//1507 1278//1278
f 1278//1278 1507//1507 1508//1508
f 1508//1508 1509//1509 1278//1278
f 1278//1278 1509//1509 1276//1276
f 1278//1278 1276//1276 1274//1274
f 1510//1510 1275//1275 1509//1509
f 1509//1509 1275//1275 1276//1276
f 1511//1511 1512//1512 1513//1513
f 1513//1513 1512//1512 1514//1514
f 1512//1512 1515//1515 1514//1514
f 1513//1513 1514//1514 1516//1516
f 1516//1516 1514//1514 1515//1515
f 1517//1517 1518//1518 1519//1519
f 1519//1519 1518//1518 1520//1520
f 1518//1518 1521//1521 1520//1520
f 1519//1519 1520//1520 1522//1522
f 1522//1522 1520//1520 1521//1521
f 1523//1523 1524//1524 1525//1525
f 1525//1525 1524//1524 1526//1526
f 1524//1524 1527//1527 1526//1526
f 1525//1525 1526//1526 1528//1528
f 1528//1528 1526//1526 1527//1527
f 1529//1529 1530//1530 1531//1531
f 1531//1531 1530//1530 1532//1532
f 1532//1532 1530//1530 1533//1533
f 1531//1531 1532//1532 1534//1534
f 1534//1534 1532//1532 1533//1533
f 1535//1535 1536//1536 1537//1537
f 1537//1537 1536//1536 1538//1538
f 1538//1538 1536//1536 1539//1539
f 1537//1537 1538//1538 1540//1540
f 1540//1540 1538//1538 1539//1539
f 1541//1541 1542//1542 1269//1269
f 1269//1269 1542//1542 1270//1270
f 1542//1542 1543//1543 1270//1270
f 1270//1270 1543//1543 1272//1272
f 1544//1544 1271//1271 1543//1543
f 1543//1543 1271//1271 1272//1272
f 1267//1267 1545//1545 1268//1268
f 1268//1268 1545//1545 1546//1546
f 1266//1266 1264//1264 1547//1547
f 1547//1547 1264//1264 1268//1268
f 1547//1547 1268//1268 1546//1546
f 1548//1548 1549//1549 1321//1321
f 1321//1321 1549//1549 1322//1322
f 1549//1549 1550//1550 1322//1322
f 1322//1322 1550//1550 1324//1324
f 1551//1551 1323//1323 1550//1550
f 1550//1550 1323//1323 1324//1324
f 1319//1319 1552//1552 1320//1320
f 1320//1320 1552//1552 1553//1553
f 1553//1553 1554//1554 1320//1320
f 1320//1320 1554//1554 1318//1318
f 1320//1320 1318//1318 1316//1316
f 1555//1555 1317//1317 1554//1554
f 1554//1554 1317//1317 1318//1318
f 1313//1313 1556//1556 1314//1314
f 1314//1314 1556//1556 1557//1557
f 1557//1557 1558//1558 1314//1314
f 1314//1314 1558//1558 1312//1312
f 1314//1314 1312//1312 1310//1310
f 1559//1559 1311//1311 1558//1558
f 1558//1558 1311//1311 1312//1312
f 1307//1307 1560//1560 1308//1308
f 1308//1308 1560//1560 1561//1561
f 1561//1561 1562//1562 1308//1308
f 1308//1308 1562//1562 1306//1306
f 1308//1308 1306//1306 1304//1304
f 1563//1563 1305//1305 1562//1562
f 1562//1562 1305//1305 1306//1306
f 1301//1301 1564//1564 1302//1302
f 1302//1302 1564//1564 1565//1565
f 1565//1565 1566//1566 1302//1302
f 1302//1302 1566//1566 1300//1300
f 1302//1302 1300//1300 1298//1298
f 1567//1567 1299//1299 1566//1566
f 1566//1566 1299//1299 1300//1300
f 1568//1568 1569//1569 1570//1570
f 1570//1570 1569//1569 1571//1571
f 1569//1569 1572//1572 1571//1571
f 1570//1570 1571//1571 1573//1573
f 1573//1573 1571//1571 1572//1572
f 1295//1295 1574//1574 1296//1296
f 1296//1296 1574//1574 1575//1575
f 1575//1575 1576//1576 1296//1296
f 1296//1296 1576//1576 1294//1294
f 1296//1296 1294//1294 1292//1292
f 1577//1577 1293//1293 1576//1576
f 1576//1576 1293//1293 1294//1294
f 1578//1578 1579//1579 1580//1580
f 1580//1580 1579//1579 1581//1581
f 1579//1579 1582//1582 1581//1581
f 1580//1580 1581//1581 1583//1583
f 1583//1583 1581//1581 1582//1582
f 1289//1289 1584//1584 1290//1290
f 1290//1290 1584//1584 1585//1585
f 1585//1585 1586//1586 1290//1290
f 1290//1290 1586//1586 1288//1288
f 1290//1290 1288//1288 1286//1286
f 1587//1587 1287//1287 1586//1586
f 1586//1586 1287//1287 1288//1288
f 1588//1588 1589//1589 1493//1493
f 1493//1493 1589//1589 1494//1494
f 1589//1589 1496//1496 1494//1494
f 1590//1590 1591//1591 1457//1457
f 1457//1457 1591//1591 1458//1458
f 1592//1592 1463//1463 1593//1593
f 1593//1593 1463//1463 1464//1464
f 1594//1594 1595//1595 1455//1455
f 1455//1455 1595//1595 1456//1456
f 1596//1596 1459//1459 1597//1597
f 1597//1597 1459//1459 1460//1460
f 1598//1598 1599//1599 1461//1461
f 1461//1461 1599//1599 1462//1462
f 1600//1600 1467//1467 1601//1601
f 1601//1601 1467//1467 1468//1468
f 1602//1602 1603//1603 1465//1465
f 1465//1465 1603//1603 1466//1466
f 1604//1604 1417//1417 1605//1605
f 1605//1605 1417//1417 1418//1418
f 1606//1606 1607//1607 1415//1415
f 1415//1415 1607//1607 1416//1416
f 1608//1608 1421//1421 1609//1609
f 1609//1609 1421//1421 1422//1422
f 1610//1610 1611//1611 1414//1414
f 1414//1414 1611//1611 1374//1374
f 1414//1414 1374//1374 1375//1375
f 1372//1372 1374//1374 1612//1612
f 1612//1612 1374//1374 1611//1611
f 1613//1613 1614//1614 1615//1615
f 1615//1615 1614//1614 1616//1616
f 1617//1617 1615//1615 1616//1616
f 1618//1618 1613//1613 1617//1617
f 1617//1617 1613//1613 1615//1615
f 1619//1619 1620//1620 1370//1370
f 1370//1370 1620//1620 1371//1371
f 1620//1620 1621//1621 1371//1371
f 1371//1371 1621//1621 1368//1368
f 1371//1371 1368//1368 1369//1369
f 1366//1366 1368//1368 1622//1622
f 1622//1622 1368//1368 1621//1621
f 1623//1623 1624//1624 1625//1625
f 1625//1625 1624//1624 1626//1626
f 1627//1627 1625//1625 1626//1626
f 1628//1628 1623//1623 1627//1627
f 1627//1627 1623//1623 1625//1625
f 1629//1629 1630//1630 1364//1364
f 1364//1364 1630//1630 1365//1365
f 1630//1630 1631//1631 1365//1365
f 1365//1365 1631//1631 1362//1362
f 1365//1365 1362//1362 1363//1363
f 1360//1360 1362//1362 1632//1632
f 1632//1632 1362//1362 1631//1631
f 1633//1633 1634//1634 1358//1358
f 1358//1358 1634//1634 1359//1359
f 1634//1634 1635//1635 1359//1359
f 1359//1359 1635//1635 1356//1356
f 1359//1359 1356//1356 1357//1357
f 1354//1354 1356//1356 1636//1636
f 1636//1636 1356//1356 1635//1635
f 1637//1637 1638//1638 1352//1352
f 1352//1352 1638//1638 1353//1353
f 1638//1638 1639//1639 1353//1353
f 1353//1353 1639//1639 1350//1350
f 1353//1353 1350//1350 1351//1351
f 1348//1348 1350//1350 1640//1640
f 1640//1640 1350//1350 1639//1639
f 1641//1641 1642//1642 1346//1346
f 1346//1346 1642//1642 1347//1347
f 1642//1642 1643//1643 1347//1347
f 1347//1347 1643//1643 1344//1344
f 1347//1347 1344//1344 1345//1345
f 1342//1342 1344//1344 1644//1644
f 1644//1644 1344//1344 1643//1643
f 1645//1645 1646//1646 1339//1339
f 1339//1339 1646//1646 1341//1341
f 1647//1647 1340//1340 1646//1646
f 1646//1646 1340//1340 1341//1341
f 1648//1648 1338//1338 1647//1647
f 1647//1647 1338//1338 1340//1340
f 1649//1649 1650//1650 1325//1325
f 1649//1649 1325//1325 910//910
f 1649//1649 910//910 909//909
f 1649//1649 909//909 903//903
f 1649//1649 903//903 905//905
f 1649//1649 905//905 900//900
f 1649//1649 900//900 902//902
f 1649//1649 902//902 1651//1651
f 903//903 909//909 1329//1329
f 1329//1329 909//909 1328//1328
f 900//900 905//905 1334//1334
f 1334//1334 905//905 1333//1333
f 902//902 1337//1337 1651//1651
f 1651//1651 1337//1337 1652//1652
f 1412//1412 1653//1653 914//914
f 1397//1397 1396//1396 1428//1428
f 1654//1654 1655//1655 1397//1397
f 1654//1654 1397//1397 1428//1428
f 1654//1654 1428//1428 1420//1420
f 1654//1654 1420//1420 1419//1419
f 1654//1654 1419//1419 1656//1656
f 1426//1426 1428//1428 922//922
f 1426//1426 922//922 924//924
f 1426//1426 924//924 917//917
f 1426//1426 917//917 919//919
f 1426//1426 919//919 912//912
f 1426//1426 912//912 914//914
f 1426//1426 914//914 1653//1653
f 1426//1426 1653//1653 1265//1265
f 1426//1426 1265//1265 1266//1266
f 1426//1426 1266//1266 1547//1547
f 1426//1426 1547//1547 1656//1656
f 1426//1426 1656//1656 1419//1419
f 919//919 1407//1407 912//912
f 912//912 1407//1407 1409//1409
f 924//924 1402//1402 917//917
f 917//917 1402//1402 1404//1404
f 1399//1399 922//922 1657//1657
f 1657//1657 922//922 1428//1428
f 1657//1657 1428//1428 1396//1396
f 1655//1655 1658//1658 1397//1397
f 1397//1397 1658//1658 1394//1394
f 1397//1397 1394//1394 1395//1395
f 1392//1392 1394//1394 1659//1659
f 1659//1659 1394//1394 1658//1658
f 1660//1660 1661//1661 1389//1389
f 1389//1389 1661//1661 1391//1391
f 1662//1662 1390//1390 1661//1661
f 1661//1661 1390//1390 1391//1391
f 1663//1663 1388//1388 1662//1662
f 1662//1662 1388//1388 1390//1390
f 1664//1664 1665//1665 1666//1666
f 1666//1666 1665//1665 1667//1667
f 1666//1666 1667//1667 1668//1668
f 1669//1669 1664//1664 1668//1668
f 1668//1668 1664//1664 1666//1666
f 1670//1670 1671//1671 1672//1672
f 1672//1672 1671//1671 1673//1673
f 1672//1672 1673//1673 1674//1674
f 1675//1675 1670//1670 1674//1674
f 1674//1674 1670//1670 1672//1672
f 1676//1676 1677//1677 1678//1678
f 1678//1678 1677//1677 1679//1679
f 1680//1680 1678//1678 1679//1679
f 1681//1681 1676//1676 1680//1680
f 1680//1680 1676//1676 1678//1678
f 1682//1682 1683//1683 1684//1684
f 1684//1684 1683//1683 1685//1685
f 1686//1686 1684//1684 1685//1685
f 1687//1687 1682//1682 1686//1686
f 1686//1686 1682//1682 1684//1684
f 1688//1688 1689//1689 1690//1690
f 1690//1690 1689//1689 1691//1691
f 1692//1692 1690//1690 1691//1691
f 1693//1693 1688//1688 1692//1692
f 1692//1692 1688//1688 1690//1690
f 1694//1694 1695//1695 1386//1386
f 1386//1386 1695//1695 1387//1387
f 1695//1695 1696//1696 1387//1387
f 1387//1387 1696//1696 1384//1384
f 1387//1387 1384//1384 1385//1385
f 1382//1382 1384//1384 1697//1697
f 1697//1697 1384//1384 1696//1696
f 1698//1698 1699//1699 1700//1700
f 1700//1700 1699//1699 1701//1701
f 1702//1702 1700//1700 1701//1701
f 1703//1703 1698//1698 1702//1702
f 1702//1702 1698//1698 1700//1700
f 1704//1704 1705//1705 1380//1380
f 1380//1380 1705//1705 1381//1381
f 1705//1705 1706//1706 1381//1381
f 1381//1381 1706//1706 1378//1378
f 1381//1381 1378//1378 1379//1379
f 1376//1376 1378//1378 1707//1707
f 1707//1707 1378//1378 1706//1706
f 1708//1708 1709//1709 1710//1710
f 1710//1710 1709//1709 1711//1711
f 1712//1712 1710//1710 1711//1711
f 1713//1713 1708//1708 1712//1712
f 1712//1712 1708//1708 1710//1710
f 1405//1405 1403//1403 961//961
f 1400//1400 1398//1398 1059//1059
f 1331//1331 1330//1330 1256//1256
f 1299//1299 1570//1570 1181//1181
f 1299//1299 1567//1567 1570//1570
f 1517//1517 1067//1067 1516//1516
f 1517//1517 1519//1519 1067//1067
f 1523//1523 1002//1002 1522//1522
f 1523//1523 1525//1525 1002//1002
f 1249//1249 982//982 1243//1243
f 1249//1249 1247//1247 982//982
f 1235//1235 1236//1236 1233//1233
f 1231//1231 1229//1229 1169//1169
f 1231//1231 1232//1232 1229//1229
f 1205//1205 1190//1190 1189//1189
f 1187//1187 1188//1188 1185//1185
f 1149//1149 1126//1126 1125//1125
f 1117//1117 1115//1115 1114//1114
f 1113//1113 1110//1110 1073//1073
f 1113//1113 1111//1111 1110//1110
f 1109//1109 1106//1106 945//945
f 1109//1109 1107//1107 1106//1106
f 1105//1105 1102//1102 940//940
f 1105//1105 1103//1103 1102//1102
f 1081//1081 948//948 947//947
f 1053//1053 1016//1016 1018//1018
f 1049//1049 1012//1012 1014//1014
f 1045//1045 1008//1008 1010//1010
f 977//977 975//975 974//974
f 967//967 1675//1675 1677//1677
f 1089//1089 1669//1669 1671//1671
f 937//937 1681//1681 1683//1683
f 984//984 1687//1687 1689//1689
f 980//980 982//982 1247//1247
f 1185//1185 1188//1188 1186//1186
f 1570//1570 1567//1567 1568//1568
f 1140//1140 1142//1142 1209//1209
f 1096//1096 1098//1098 1153//1153
f 943//943 1073//1073 944//944
f 1068//1068 1071//1071 1069//1069
f 968//968 970//970 1085//1085
f 1020//1020 1022//1022 1057//1057
f 961//961 959//959 957//957
f 961//961 957//957 956//956
f 961//961 956//956 929//929
f 974//974 973//973 953//953
f 974//974 953//953 952//952
f 974//974 952//952 932//932
f 975//975 976//976 927//927
f 975//975 927//927 930//930
f 975//975 930//930 955//955
f 975//975 955//955 972//972
f 975//975 972//972 974//974
f 992//992 994//994 947//947
f 992//992 947//947 950//950
f 992//992 950//950 935//935
f 992//992 935//935 990//990
f 992//992 990//990 989//989
f 992//992 989//989 991//991
f 1028//1028 1030//1030 941//941
f 1028//1028 941//941 939//939
f 1028//1028 939//939 963//963
f 1028//1028 963//963 1026//1026
f 1028//1028 1026//1026 1025//1025
f 1028//1028 1025//1025 1027//1027
f 1032//1032 1034//1034 943//943
f 1032//1032 943//943 946//946
f 1032//1032 946//946 941//941
f 1032//1032 941//941 1030//1030
f 1032//1032 1030//1030 1029//1029
f 1032//1032 1029//1029 1031//1031
f 1037//1037 927//927 976//976
f 1037//1037 976//976 978//978
f 1037//1037 978//978 1038//1038
f 1041//1041 1010//1010 1004//1004
f 1041//1041 1004//1004 1006//1006
f 1041//1041 1006//1006 1042//1042
f 1043//1043 1041//1041 1040//1040
f 1043//1043 1040//1040 996//996
f 1043//1043 996//996 954//954
f 1043//1043 954//954 953//953
f 1043//1043 953//953 1044//1044
f 1046//1046 1045//1045 1010//1010
f 1046//1046 1010//1010 1041//1041
f 1046//1046 1041//1041 1043//1043
f 1047//1047 1045//1045 1044//1044
f 1047//1047 1044//1044 953//953
f 1047//1047 953//953 973//973
f 1047//1047 973//973 971//971
f 1047//1047 971//971 1048//1048
f 1050//1050 1049//1049 1014//1014
f 1050//1050 1014//1014 1045//1045
f 1050//1050 1045//1045 1047//1047
f 1051//1051 1049//1049 1048//1048
f 1051//1051 1048//1048 971//971
f 1051//1051 971//971 958//958
f 1051//1051 958//958 957//957
f 1051//1051 957//957 1052//1052
f 1054//1054 1053//1053 1018//1018
f 1054//1054 1018//1018 1049//1049
f 1054//1054 1049//1049 1051//1051
f 1055//1055 1053//1053 1052//1052
f 1055//1055 1052//1052 957//957
f 1055//1055 957//957 959//959
f 1055//1055 959//959 960//960
f 1055//1055 960//960 1056//1056
f 1058//1058 1057//1057 1022//1022
f 1058//1058 1022//1022 1053//1053
f 1058//1058 1053//1053 1055//1055
f 1059//1059 1062//1062 1057//1057
f 1059//1059 1057//1057 1056//1056
f 1059//1059 1056//1056 960//960
f 1069//1069 943//943 1034//1034
f 1069//1069 1034//1034 1033//1033
f 1069//1069 1033//1033 1070//1070
f 1074//1074 1073//1073 943//943
f 1074//1074 943//943 1069//1069
f 1074//1074 1069//1069 1071//1071
f 1077//1077 947//947 994//994
f 1077//1077 994//994 993//993
f 1077//1077 993//993 1078//1078
f 1079//1079 1077//1077 1076//1076
f 1079//1079 1076//1076 1003//1003
f 1079//1079 1003//1003 1009//1009
f 1079//1079 1009//1009 1007//1007
f 1079//1079 1007//1007 1080//1080
f 1082//1082 1081//1081 947//947
f 1082//1082 947//947 1077//1077
f 1082//1082 1077//1077 1079//1079
f 1083//1083 1081//1081 1080//1080
f 1083//1083 1080//1080 1007//1007
f 1083//1083 1007//1007 1013//1013
f 1083//1083 1013//1013 1011//1011
f 1083//1083 1011//1011 1084//1084
f 1086//1086 1085//1085 970//970
f 1086//1086 970//970 1081//1081
f 1086//1086 1081//1081 1083//1083
f 1087//1087 1090//1090 1085//1085
f 1087//1087 1085//1085 1084//1084
f 1087//1087 1084//1084 1011//1011
f 1087//1087 1011//1011 1017//1017
f 1087//1087 1017//1017 1015//1015
f 1087//1087 1015//1015 1088//1088
f 1102//1102 1101//1101 965//965
f 1102//1102 965//965 964//964
f 1102//1102 964//964 940//940
f 1103//1103 1104//1104 989//989
f 1103//1103 989//989 987//987
f 1103//1103 987//987 985//985
f 1103//1103 985//985 1100//1100
f 1103//1103 1100//1100 1102//1102
f 1106//1106 1105//1105 940//940
f 1106//1106 940//940 942//942
f 1106//1106 942//942 945//945
f 1107//1107 1108//1108 993//993
f 1107//1107 993//993 991//991
f 1107//1107 991//991 989//989
f 1107//1107 989//989 1104//1104
f 1107//1107 1104//1104 1106//1106
f 1110//1110 1109//1109 945//945
f 1110//1110 945//945 944//944
f 1110//1110 944//944 1073//1073
f 1111//1111 1112//1112 1075//1075
f 1111//1111 1075//1075 1078//1078
f 1111//1111 1078//1078 993//993
f 1111//1111 993//993 1108//1108
f 1111//1111 1108//1108 1110//1110
f 1114//1114 1113//1113 1073//1073
f 1114//1114 1073//1073 1072//1072
f 1114//1114 1072//1072 999//999
f 1115//1115 1116//1116 1006//1006
f 1115//1115 1006//1006 1005//1005
f 1115//1115 1005//1005 1075//1075
f 1115//1115 1075//1075 1112//1112
f 1115//1115 1112//1112 1114//1114
f 1119//1119 1120//1120 1039//1039
f 1119//1119 1039//1039 1042//1042
f 1119//1119 1042//1042 1006//1006
f 1119//1119 1006//1006 1116//1116
f 1119//1119 1116//1116 1118//1118
f 1119//1119 1118//1118 1121//1121
f 1132//1132 1134//1134 1029//1029
f 1132//1132 1029//1029 1027//1027
f 1132//1132 1027//1027 1025//1025
f 1132//1132 1025//1025 1130//1130
f 1132//1132 1130//1130 1129//1129
f 1132//1132 1129//1129 1131//1131
f 1145//1145 1125//1125 1092//1092
f 1145//1145 1092//1092 1094//1094
f 1145//1145 1094//1094 1146//1146
f 1147//1147 1145//1145 1144//1144
f 1147//1147 1144//1144 1064//1064
f 1147//1147 1064//1064 1127//1127
f 1147//1147 1127//1127 1128//1128
f 1147//1147 1128//1128 1148//1148
f 1150//1150 1149//1149 1125//1125
f 1150//1150 1125//1125 1145//1145
f 1150//1150 1145//1145 1147//1147
f 1151//1151 1149//1149 1148//1148
f 1151//1151 1148//1148 1128//1128
f 1151//1151 1128//1128 1023//1023
f 1151//1151 1023//1023 1024//1024
f 1151//1151 1024//1024 1152//1152
f 1154//1154 1153//1153 1098//1098
f 1154//1154 1098//1098 1149//1149
f 1154//1154 1149//1149 1151//1151
f 1155//1155 1158//1158 1153//1153
f 1155//1155 1153//1153 1152//1152
f 1155//1155 1152//1152 1024//1024
f 1155//1155 1024//1024 966//966
f 1155//1155 966//966 965//965
f 1155//1155 965//965 1156//1156
f 1185//1185 1183//1183 1172//1172
f 1185//1185 1172//1172 1174//1174
f 1185//1185 1174//1174 1176//1176
f 1196//1196 1198//1198 1143//1143
f 1196//1196 1143//1143 1146//1146
f 1196//1196 1146//1146 1094//1094
f 1196//1196 1094//1094 1194//1194
f 1196//1196 1194//1194 1193//1193
f 1196//1196 1193//1193 1195//1195
f 1201//1201 1189//1189 1178//1178
f 1201//1201 1178//1178 1177//1177
f 1201//1201 1177//1177 1202//1202
f 1203//1203 1201//1201 1200//1200
f 1203//1203 1200//1200 1180//1180
f 1203//1203 1180//1180 1191//1191
f 1203//1203 1191//1191 1192//1192
f 1203//1203 1192//1192 1204//1204
f 1206//1206 1205//1205 1189//1189
f 1206//1206 1189//1189 1201//1201
f 1206//1206 1201//1201 1203//1203
f 1207//1207 1205//1205 1204//1204
f 1207//1207 1204//1204 1192//1192
f 1207//1207 1192//1192 1093//1093
f 1207//1207 1093//1093 1091//1091
f 1207//1207 1091//1091 1208//1208
f 1210//1210 1209//1209 1142//1142
f 1210//1210 1142//1142 1205//1205
f 1210//1210 1205//1205 1207//1207
f 1211//1211 1214//1214 1209//1209
f 1211//1211 1209//1209 1208//1208
f 1211//1211 1208//1208 1091//1091
f 1211//1211 1091//1091 1123//1123
f 1211//1211 1123//1123 1124//1124
f 1211//1211 1124//1124 1212//1212
f 1219//1219 1222//1222 1217//1217
f 1219//1219 1217//1217 1216//1216
f 1219//1219 1216//1216 1165//1165
f 1219//1219 1165//1165 1170//1170
f 1219//1219 1170//1170 1169//1169
f 1219//1219 1169//1169 1220//1220
f 1229//1229 1227//1227 1221//1221
f 1229//1229 1221//1221 1220//1220
f 1229//1229 1220//1220 1169//1169
f 1232//1232 1234//1234 1173//1173
f 1232//1232 1173//1173 1171//1171
f 1232//1232 1171//1171 1223//1223
f 1232//1232 1223//1223 1230//1230
f 1232//1232 1230//1230 1229//1229
f 1233//1233 1231//1231 1169//1169
f 1233//1233 1169//1169 1168//1168
f 1233//1233 1168//1168 1135//1135
f 1236//1236 1238//1238 1177//1177
f 1236//1236 1177//1177 1175//1175
f 1236//1236 1175//1175 1173//1173
f 1236//1236 1173//1173 1234//1234
f 1236//1236 1234//1234 1233//1233
f 1240//1240 1242//1242 1199//1199
f 1240//1240 1199//1199 1202//1202
f 1240//1240 1202//1202 1177//1177
f 1240//1240 1177//1177 1238//1238
f 1240//1240 1238//1238 1237//1237
f 1240//1240 1237//1237 1239//1239
f 1243//1243 982//982 1162//1162
f 1243//1243 1162//1162 1161//1161
f 1243//1243 1161//1161 1245//1245
f 1250//1250 1249//1249 1243//1243
f 1250//1250 1243//1243 1244//1244
f 1250//1250 1244//1244 1217//1217
f 1250//1250 1217//1217 1222//1222
f 1250//1250 1222//1222 1221//1221
f 1250//1250 1221//1221 1248//1248
f 1254//1254 1253//1253 1247//1247
f 1254//1254 1247//1247 1248//1248
f 1254//1254 1248//1248 1221//1221
f 1254//1254 1221//1221 1227//1227
f 1254//1254 1227//1227 1228//1228
f 1254//1254 1228//1228 1252//1252
f 1256//1256 1258//1258 1246//1246
f 1256//1256 1246//1246 1245//1245
f 1256//1256 1245//1245 1161//1161
f 1260//1260 1262//1262 1215//1215
f 1260//1260 1215//1215 1218//1218
f 1260//1260 1218//1218 1246//1246
f 1260//1260 1246//1246 1258//1258
f 1260//1260 1258//1258 1257//1257
f 1260//1260 1257//1257 1259//1259
f 1263//1263 1265//1265 1653//1653
f 1263//1263 1653//1653 1036//1036
f 1263//1263 1036//1036 1035//1035
f 1267//1267 1263//1263 1035//1035
f 1267//1267 1035//1035 1271//1271
f 1267//1267 1271//1271 1544//1544
f 1267//1267 1544//1544 1545//1545
f 1269//1269 1271//1271 1035//1035
f 1269//1269 1035//1035 1038//1038
f 1269//1269 1038//1038 978//978
f 1269//1269 978//978 934//934
f 1269//1269 934//934 933//933
f 1537//1537 1540//1540 933//933
f 1537//1537 933//933 931//931
f 1537//1537 931//931 951//951
f 1537//1537 951//951 998//998
f 1537//1537 998//998 997//997
f 1531//1531 1534//1534 997//997
f 1531//1531 997//997 995//995
f 1531//1531 995//995 1039//1039
f 1531//1531 1039//1039 1120//1120
f 1531//1531 1120//1120 1122//1122
f 1525//1525 1528//1528 1122//1122
f 1525//1525 1122//1122 1121//1121
f 1525//1525 1121//1121 1118//1118
f 1525//1525 1118//1118 1000//1000
f 1525//1525 1000//1000 1002//1002
f 1519//1519 1522//1522 1002//1002
f 1519//1519 1002//1002 1001//1001
f 1519//1519 1001//1001 1071//1071
f 1519//1519 1071//1071 1068//1068
f 1519//1519 1068//1068 1067//1067
f 1513//1513 1516//1516 1067//1067
f 1513//1513 1067//1067 1070//1070
f 1513//1513 1070//1070 1033//1033
f 1513//1513 1033//1033 1275//1275
f 1513//1513 1275//1275 1510//1510
f 1513//1513 1510//1510 1511//1511
f 1273//1273 1275//1275 1033//1033
f 1273//1273 1033//1033 1031//1031
f 1273//1273 1031//1031 1029//1029
f 1273//1273 1029//1029 1134//1134
f 1273//1273 1134//1134 1133//1133
f 1273//1273 1133//1133 1277//1277
f 1503//1503 1506//1506 1507//1507
f 1503//1503 1507//1507 1277//1277
f 1503//1503 1277//1277 1133//1133
f 1503//1503 1133//1133 1281//1281
f 1503//1503 1281//1281 1500//1500
f 1503//1503 1500//1500 1501//1501
f 1279//1279 1281//1281 1133//1133
f 1279//1279 1133//1133 1131//1131
f 1279//1279 1131//1131 1129//1129
f 1279//1279 1129//1129 1066//1066
f 1279//1279 1066//1066 1065//1065
f 1279//1279 1065//1065 1283//1283
f 1493//1493 1495//1495 1497//1497
f 1493//1493 1497//1497 1283//1283
f 1493//1493 1283//1283 1065//1065
f 1493//1493 1065//1065 1287//1287
f 1493//1493 1287//1287 1587//1587
f 1493//1493 1587//1587 1588//1588
f 1285//1285 1287//1287 1065//1065
f 1285//1285 1065//1065 1063//1063
f 1285//1285 1063//1063 1143//1143
f 1285//1285 1143//1143 1198//1198
f 1285//1285 1198//1198 1197//1197
f 1285//1285 1197//1197 1289//1289
f 1580//1580 1583//1583 1584//1584
f 1580//1580 1584//1584 1289//1289
f 1580//1580 1289//1289 1197//1197
f 1580//1580 1197//1197 1293//1293
f 1580//1580 1293//1293 1577//1577
f 1580//1580 1577//1577 1578//1578
f 1291//1291 1293//1293 1197//1197
f 1291//1291 1197//1197 1195//1195
f 1291//1291 1195//1195 1193//1193
f 1291//1291 1193//1193 1182//1182
f 1291//1291 1182//1182 1181//1181
f 1295//1295 1291//1291 1181//1181
f 1295//1295 1181//1181 1570//1570
f 1295//1295 1570//1570 1573//1573
f 1295//1295 1573//1573 1574//1574
f 1297//1297 1299//1299 1181//1181
f 1297//1297 1181//1181 1179//1179
f 1297//1297 1179//1179 1199//1199
f 1297//1297 1199//1199 1242//1242
f 1297//1297 1242//1242 1241//1241
f 1301//1301 1297//1297 1241//1241
f 1301//1301 1241//1241 1305//1305
f 1301//1301 1305//1305 1563//1563
f 1301//1301 1563//1563 1564//1564
f 1303//1303 1305//1305 1241//1241
f 1303//1303 1241//1241 1239//1239
f 1303//1303 1239//1239 1237//1237
f 1303//1303 1237//1237 1136//1136
f 1303//1303 1136//1136 1138//1138
f 1307//1307 1303//1303 1138//1138
f 1307//1307 1138//1138 1311//1311
f 1307//1307 1311//1311 1559//1559
f 1307//1307 1559//1559 1560//1560
f 1309//1309 1311//1311 1138//1138
f 1309//1309 1138//1138 1137//1137
f 1309//1309 1137//1137 1167//1167
f 1309//1309 1167//1167 1164//1164
f 1309//1309 1164//1164 1163//1163
f 1313//1313 1309//1309 1163//1163
f 1313//1313 1163//1163 1317//1317
f 1313//1313 1317//1317 1555//1555
f 1313//1313 1555//1555 1556//1556
f 1315//1315 1317//1317 1163//1163
f 1315//1315 1163//1163 1166//1166
f 1315//1315 1166//1166 1215//1215
f 1315//1315 1215//1215 1262//1262
f 1315//1315 1262//1262 1261//1261
f 1319//1319 1315//1315 1261//1261
f 1319//1319 1261//1261 1323//1323
f 1319//1319 1323//1323 1551//1551
f 1319//1319 1551//1551 1552//1552
f 1321//1321 1323//1323 1261//1261
f 1321//1321 1261//1261 1259//1259
f 1321//1321 1259//1259 1257//1257
f 1330//1330 1329//1329 1328//1328
f 1330//1330 1328//1328 1327//1327
f 1330//1330 1327//1327 1255//1255
f 1330//1330 1255//1255 1256//1256
f 1335//1335 1334//1334 1333//1333
f 1335//1335 1333//1333 1332//1332
f 1335//1335 1332//1332 1159//1159
f 1335//1335 1159//1159 1160//1160
f 1335//1335 1160//1160 1336//1336
f 1338//1338 1648//1648 1652//1652
f 1338//1338 1652//1652 1337//1337
f 1338//1338 1337//1337 1336//1336
f 1338//1338 1336//1336 1160//1160
f 1338//1338 1160//1160 981//981
f 1338//1338 981//981 979//979
f 1339//1339 1338//1338 979//979
f 1339//1339 979//979 1342//1342
f 1339//1339 1342//1342 1644//1644
f 1339//1339 1644//1644 1645//1645
f 1343//1343 1342//1342 979//979
f 1343//1343 979//979 980//980
f 1343//1343 980//980 1247//1247
f 1343//1343 1247//1247 1253//1253
f 1343//1343 1253//1253 1251//1251
f 1346//1346 1343//1343 1251//1251
f 1346//1346 1251//1251 1348//1348
f 1346//1346 1348//1348 1640//1640
f 1346//1346 1640//1640 1641//1641
f 1349//1349 1348//1348 1251//1251
f 1349//1349 1251//1251 1252//1252
f 1349//1349 1252//1252 1228//1228
f 1349//1349 1228//1228 1226//1226
f 1349//1349 1226//1226 1225//1225
f 1352//1352 1349//1349 1225//1225
f 1352//1352 1225//1225 1354//1354
f 1352//1352 1354//1354 1636//1636
f 1352//1352 1636//1636 1637//1637
f 1355//1355 1354//1354 1225//1225
f 1355//1355 1225//1225 1224//1224
f 1355//1355 1224//1224 1172//1172
f 1355//1355 1172//1172 1183//1183
f 1355//1355 1183//1183 1184//1184
f 1358//1358 1355//1355 1184//1184
f 1358//1358 1184//1184 1360//1360
f 1358//1358 1360//1360 1632//1632
f 1358//1358 1632//1632 1633//1633
f 1361//1361 1360//1360 1184//1184
f 1361//1361 1184//1184 1186//1186
f 1361//1361 1186//1186 1188//1188
f 1361//1361 1188//1188 1141//1141
f 1361//1361 1141//1141 1139//1139
f 1361//1361 1139//1139 1364//1364
f 1623//1623 1628//1628 1629//1629
f 1623//1623 1629//1629 1364//1364
f 1623//1623 1364//1364 1139//1139
f 1623//1623 1139//1139 1366//1366
f 1623//1623 1366//1366 1622//1622
f 1623//1623 1622//1622 1624//1624
f 1367//1367 1366//1366 1139//1139
f 1367//1367 1139//1139 1140//1140
f 1367//1367 1140//1140 1209//1209
f 1367//1367 1209//1209 1214//1214
f 1367//1367 1214//1214 1213//1213
f 1367//1367 1213//1213 1370//1370
f 1613//1613 1618//1618 1619//1619
f 1613//1613 1619//1619 1370//1370
f 1613//1613 1370//1370 1213//1213
f 1613//1613 1213//1213 1372//1372
f 1613//1613 1372//1372 1612//1612
f 1613//1613 1612//1612 1614//1614
f 1373//1373 1372//1372 1213//1213
f 1373//1373 1213//1213 1212//1212
f 1373//1373 1212//1212 1124//1124
f 1373//1373 1124//1124 1097//1097
f 1373//1373 1097//1097 1095//1095
f 1373//1373 1095//1095 1413//1413
f 1708//1708 1713//1713 1714//1714
f 1708//1708 1714//1714 1413//1413
f 1708//1708 1413//1413 1095//1095
f 1708//1708 1095//1095 1376//1376
f 1708//1708 1376//1376 1707//1707
f 1708//1708 1707//1707 1709//1709
f 1377//1377 1376//1376 1095//1095
f 1377//1377 1095//1095 1096//1096
f 1377//1377 1096//1096 1153//1153
f 1377//1377 1153//1153 1158//1158
f 1377//1377 1158//1158 1157//1157
f 1377//1377 1157//1157 1380//1380
f 1698//1698 1703//1703 1704//1704
f 1698//1698 1704//1704 1380//1380
f 1698//1698 1380//1380 1157//1157
f 1698//1698 1157//1157 1382//1382
f 1698//1698 1382//1382 1697//1697
f 1698//1698 1697//1697 1699//1699
f 1383//1383 1382//1382 1157//1157
f 1383//1383 1157//1157 1156//1156
f 1383//1383 1156//1156 965//965
f 1383//1383 965//965 1101//1101
f 1383//1383 1101//1101 1099//1099
f 1383//1383 1099//1099 1386//1386
f 1688//1688 1693//1693 1694//1694
f 1688//1688 1694//1694 1386//1386
f 1688//1688 1386//1386 1099//1099
f 1688//1688 1099//1099 983//983
f 1688//1688 983//983 984//984
f 1688//1688 984//984 1689//1689
f 1682//1682 1687//1687 984//984
f 1682//1682 984//984 986//986
f 1682//1682 986//986 988//988
f 1682//1682 988//988 938//938
f 1682//1682 938//938 937//937
f 1682//1682 937//937 1683//1683
f 1676//1676 1681//1681 937//937
f 1676//1676 937//937 936//936
f 1676//1676 936//936 949//949
f 1676//1676 949//949 969//969
f 1676//1676 969//969 967//967
f 1676//1676 967//967 1677//1677
f 1670//1670 1675//1675 967//967
f 1670//1670 967//967 968//968
f 1670//1670 968//968 1085//1085
f 1670//1670 1085//1085 1090//1090
f 1670//1670 1090//1090 1089//1089
f 1670//1670 1089//1089 1671//1671
f 1664//1664 1669//1669 1089//1089
f 1664//1664 1089//1089 1088//1088
f 1664//1664 1088//1088 1015//1015
f 1664//1664 1015//1015 1021//1021
f 1664//1664 1021//1021 1019//1019
f 1664//1664 1019//1019 1665//1665
f 1388//1388 1663//1663 1665//1665
f 1388//1388 1665//1665 1019//1019
f 1388//1388 1019//1019 1020//1020
f 1388//1388 1020//1020 1057//1057
f 1388//1388 1057//1057 1062//1062
f 1388//1388 1062//1062 1061//1061
f 1389//1389 1388//1388 1061//1061
f 1389//1389 1061//1061 1392//1392
f 1389//1389 1392//1392 1659//1659
f 1389//1389 1659//1659 1660//1660
f 1657//1657 1396//1396 1393//1393
f 1657//1657 1393//1393 1060//1060
f 1657//1657 1060//1060 1059//1059
f 1657//1657 1059//1059 1398//1398
f 1657//1657 1398//1398 1399//1399
f 1403//1403 1404//1404 1402//1402
f 1403//1403 1402//1402 1401//1401
f 1403//1403 1401//1401 962//962
f 1403//1403 962//962 961//961
f 1408//1408 1409//1409 1407//1407
f 1408//1408 1407//1407 1406//1406
f 1408//1408 1406//1406 928//928
f 1408//1408 928//928 927//927
f 1410//1410 1408//1408 927//927
f 1410//1410 927//927 1037//1037
f 1410//1410 1037//1037 1411//1411
f 928//928 1406//1406 929//929
f 929//929 1406//1406 1405//1405
f 929//929 1405//1405 961//961
f 962//962 1401//1401 960//960
f 960//960 1401//1401 1400//1400
f 960//960 1400//1400 1059//1059
f 1060//1060 1393//1393 1061//1061
f 1061//1061 1393//1393 1392//1392
f 1159//1159 1332//1332 1161//1161
f 1161//1161 1332//1332 1331//1331
f 1161//1161 1331//1331 1256//1256
f 1255//1255 1327//1327 1257//1257
f 1257//1257 1327//1327 1326//1326
f 1257//1257 1326//1326 1321//1321
f 1528//1528 1529//1529 1122//1122
f 1122//1122 1529//1529 1531//1531
f 1534//1534 1535//1535 997//997
f 997//997 1535//1535 1537//1537
f 1540//1540 1541//1541 933//933
f 933//933 1541//1541 1269//1269
f 1244//1244 1246//1246 1217//1217
f 1217//1217 1246//1246 1218//1218
f 1136//1136 1237//1237 1135//1135
f 1135//1135 1237//1237 1235//1235
f 1135//1135 1235//1235 1233//1233
f 1226//1226 1228//1228 1223//1223
f 1223//1223 1228//1228 1230//1230
f 1224//1224 1223//1223 1172//1172
f 1172//1172 1223//1223 1171//1171
f 1216//1216 1215//1215 1165//1165
f 1165//1165 1215//1215 1166//1166
f 1200//1200 1199//1199 1180//1180
f 1180//1180 1199//1199 1179//1179
f 1182//1182 1193//1193 1180//1180
f 1180//1180 1193//1193 1191//1191
f 1093//1093 1192//1192 1094//1094
f 1094//1094 1192//1192 1194//1194
f 1178//1178 1189//1189 1176//1176
f 1176//1176 1189//1189 1187//1187
f 1176//1176 1187//1187 1185//1185
f 1141//1141 1188//1188 1142//1142
f 1142//1142 1188//1188 1190//1190
f 1142//1142 1190//1190 1205//1205
f 1175//1175 1176//1176 1173//1173
f 1173//1173 1176//1176 1174//1174
f 1164//1164 1167//1167 1165//1165
f 1165//1165 1167//1167 1170//1170
f 1168//1168 1167//1167 1135//1135
f 1135//1135 1167//1167 1137//1137
f 981//981 1160//1160 982//982
f 982//982 1160//1160 1162//1162
f 1144//1144 1143//1143 1064//1064
f 1064//1064 1143//1143 1063//1063
f 1066//1066 1129//1129 1064//1064
f 1064//1064 1129//1129 1127//1127
f 1023//1023 1128//1128 1025//1025
f 1025//1025 1128//1128 1130//1130
f 1092//1092 1125//1125 1091//1091
f 1091//1091 1125//1125 1123//1123
f 1097//1097 1124//1124 1098//1098
f 1098//1098 1124//1124 1126//1126
f 1098//1098 1126//1126 1149//1149
f 1000//1000 1118//1118 999//999
f 999//999 1118//1118 1117//1117
f 999//999 1117//1117 1114//1114
f 983//983 1099//1099 985//985
f 985//985 1099//1099 1100//1100
f 1076//1076 1075//1075 1003//1003
f 1003//1003 1075//1075 1005//1005
f 1072//1072 1071//1071 999//999
f 999//999 1071//1071 1001//1001
f 1040//1040 1039//1039 996//996
f 996//996 1039//1039 995//995
f 966//966 1024//1024 963//963
f 963//963 1024//1024 1026//1026
f 1021//1021 1015//1015 1022//1022
f 1022//1022 1015//1015 1016//1016
f 1022//1022 1016//1016 1053//1053
f 1017//1017 1011//1011 1018//1018
f 1018//1018 1011//1011 1012//1012
f 1018//1018 1012//1012 1049//1049
f 1013//1013 1007//1007 1014//1014
f 1014//1014 1007//1007 1008//1008
f 1014//1014 1008//1008 1045//1045
f 1004//1004 1010//1010 1003//1003
f 1003//1003 1010//1010 1009//1009
f 954//954 996//996 951//951
f 951//951 996//996 998//998
f 938//938 988//988 935//935
f 935//935 988//988 990//990
f 987//987 988//988 985//985
f 985//985 988//988 986//986
f 934//934 978//978 932//932
f 932//932 978//978 977//977
f 932//932 977//977 974//974
f 958//958 971//971 955//955
f 955//955 971//971 972//972
f 969//969 949//949 970//970
f 970//970 949//949 948//948
f 970//970 948//948 1081//1081
f 964//964 963//963 940//940
f 940//940 963//963 939//939
f 956//956 955//955 929//929
f 929//929 955//955 930//930
f 952//952 951//951 932//932
f 932//932 951//951 931//931
f 950//950 949//949 935//935
f 935//935 949//949 936//936
f 946//946 945//945 941//941
f 941//941 945//945 942//942
f 1650//1650 1548//1548 1325//1325
f 1325//1325 1548//1548 1321//1321
f 1325//1325 1321//1321 1326//1326
f 1037//1037 1036//1036 1411//1411
f 1411//1411 1036//1036 1653//1653
f 1411//1411 1653//1653 1412//1412
f 1714//1714 1610//1610 1413//1413
f 1413//1413 1610//1610 1414//1414
f 1649//1649 1651//1651 1715//1715
f 1715//1715 1651//1651 1716//1716
f 1715//1715 1716//1716 1717//1717
f 1717//1717 1716//1716 1718//1718
f 1717//1717 1718//1718 1719//1719
f 1719//1719 1718//1718 1720//1720
f 1719//1719 1720//1720 1721//1721
f 1721//1721 1720//1720 1722//1722
f 1721//1721 1722//1722 1723//1723
f 1723//1723 1722//1722 1724//1724
f 1723//1723 1724//1724 1725//1725
f 1725//1725 1724//1724 1726//1726
f 1725//1725 1726//1726 1727//1727
f 1727//1727 1726//1726 1728//1728
f 1727//1727 1728//1728 1729//1729
f 1729//1729 1728//1728 1730//1730
f 1423//1423 1471//1471 1492//1492
f 1423//1423 1492//1492 1442//1442
f 1423//1423 1442//1442 1440//1440
f 1423//1423 1440//1440 1438//1438
f 1423//1423 1438//1438 1436//1436
f 1423//1423 1436//1436 1430//1430
f 1423//1423 1430//1430 1429//1429
f 1423//1423 1429//1429 1433//1433
f 1423//1423 1433//1433 1456//1456
f 1423//1423 1456//1456 1460//1460
f 1423//1423 1460//1460 1458//1458
f 1423//1423 1458//1458 1464//1464
f 1423//1423 1464//1464 1462//1462
f 1416//1416 1607//1607 1609//1609
f 1416//1416 1609//1609 1422//1422
f 1416//1416 1422//1422 1427//1427
f 1416//1416 1427//1427 1423//1423
f 1418//1418 1416//1416 1423//1423
f 1418//1418 1423//1423 1466//1466
f 1418//1418 1466//1466 1603//1603
f 1418//1418 1603//1603 1605//1605
f 1468//1468 1466//1466 1423//1423
f 1468//1468 1423//1423 1462//1462
f 1468//1468 1462//1462 1599//1599
f 1468//1468 1599//1599 1601//1601
f 1492//1492 1731//1731 1732//1732
f 1492//1492 1732//1732 1452//1452
f 1492//1492 1452//1452 1454//1454
f 1492//1492 1454//1454 1450//1450
f 1492//1492 1450//1450 1448//1448
f 1492//1492 1448//1448 1446//1446
f 1492//1492 1446//1446 1444//1444
f 1492//1492 1444//1444 1442//1442
f 1456//1456 1595//1595 1460//1460
f 1460//1460 1595//1595 1597//1597
f 1458//1458 1591//1591 1464//1464
f 1464//1464 1591//1591 1593//1593
f 1427//1427 1422//1422 1428//1428
f 1428//1428 1422//1422 1420//1420
f 1492//1492 1471//1471 1490//1490
f 1490//1490 1471//1471 1470//1470
f 1490//1490 1470//1470 1485//1485
f 1485//1485 1470//1470 1483//1483
f 1483//1483 1470//1470 1473//1473
f 1483//1483 1473//1473 1481//1481
f 1481//1481 1473//1473 1475//1475
f 1481//1481 1475//1475 1489//1489
f 1489//1489 1475//1475 1476//1476
f 1489//1489 1476//1476 1479//1479
f 1453//1453 1452//1452 1733//1733
f 1733//1733 1452//1452 1732//1732
f 1478//1478 1477//1477 1482//1482
f 1425//1425 1465//1465 1467//1467
f 1425//1425 1467//1467 1461//1461
f 1425//1425 1461//1461 1463//1463
f 1425//1425 1463//1463 1457//1457
f 1425//1425 1457//1457 1459//1459
f 1425//1425 1459//1459 1455//1455
f 1425//1425 1455//1455 1432//1432
f 1425//1425 1432//1432 1434//1434
f 1425//1425 1434//1434 1431//1431
f 1425//1425 1431//1431 1435//1435
f 1425//1425 1435//1435 1437//1437
f 1425//1425 1437//1437 1439//1439
f 1425//1425 1439//1439 1441//1441
f 1425//1425 1441//1441 1443//1443
f 1425//1425 1443//1443 1491//1491
f 1425//1425 1491//1491 1487//1487
f 1415//1415 1425//1425 1424//1424
f 1415//1415 1424//1424 1421//1421
f 1415//1415 1421//1421 1608//1608
f 1415//1415 1608//1608 1606//1606
f 1417//1417 1604//1604 1602//1602
f 1417//1417 1602//1602 1465//1465
f 1417//1417 1465//1465 1425//1425
f 1417//1417 1425//1425 1415//1415
f 1491//1491 1443//1443 1445//1445
f 1491//1491 1445//1445 1447//1447
f 1491//1491 1447//1447 1449//1449
f 1491//1491 1449//1449 1451//1451
f 1491//1491 1451//1451 1453//1453
f 1491//1491 1453//1453 1733//1733
f 1491//1491 1733//1733 1734//1734
f 1455//1455 1459//1459 1594//1594
f 1594//1594 1459//1459 1596//1596
f 1457//1457 1463//1463 1590//1590
f 1590//1590 1463//1463 1592//1592
f 1461//1461 1467//1467 1598//1598
f 1598//1598 1467//1467 1600//1600
f 1424//1424 1426//1426 1421//1421
f 1421//1421 1426//1426 1419//1419
f 1477//1477 1488//1488 1482//1482
f 1482//1482 1488//1488 1474//1474
f 1482//1482 1474//1474 1480//1480
f 1480//1480 1474//1474 1472//1472
f 1480//1480 1472//1472 1484//1484
f 1484//1484 1472//1472 1469//1469
f 1484//1484 1469//1469 1486//1486
f 1486//1486 1469//1469 1487//1487
f 1486//1486 1487//1487 1491//1491
f 1491//1491 1734//1734 1492//1492
f 1492//1492 1734//1734 1731//1731
f 1550//1550 1552//1552 1551//1551
f 1554//1554 1556//1556 1555//1555
f 1562//1562 1564//1564 1563//1563
f 1566//1566 1568//1568 1567//1567
f 1572//1572 1574//1574 1573//1573
f 1576//1576 1578//1578 1577//1577
f 1582//1582 1584//1584 1583//1583
f 1586//1586 1588//1588 1587//1587
f 1735//1735 1656//1656 1547//1547
f 1735//1735 1547//1547 1546//1546
f 1735//1735 1546//1546 1543//1543
f 1735//1735 1543//1543 1542//1542
f 1735//1735 1542//1542 1539//1539
f 1735//1735 1539//1539 1536//1536
f 1735//1735 1536//1536 1533//1533
f 1735//1735 1533//1533 1530//1530
f 1735//1735 1530//1530 1527//1527
f 1735//1735 1527//1527 1524//1524
f 1735//1735 1524//1524 1521//1521
f 1735//1735 1521//1521 1518//1518
f 1735//1735 1518//1518 1515//1515
f 1735//1735 1515//1515 1512//1512
f 1735//1735 1512//1512 1509//1509
f 1735//1735 1509//1509 1508//1508
f 1735//1735 1508//1508 1505//1505
f 1735//1735 1505//1505 1502//1502
f 1735//1735 1502//1502 1499//1499
f 1735//1735 1499//1499 1498//1498
f 1735//1735 1498//1498 1496//1496
f 1549//1549 1548//1548 1715//1715
f 1549//1549 1715//1715 1717//1717
f 1549//1549 1717//1717 1719//1719
f 1549//1549 1719//1719 1721//1721
f 1549//1549 1721//1721 1723//1723
f 1549//1549 1723//1723 1725//1725
f 1549//1549 1725//1725 1727//1727
f 1549//1549 1727//1727 1550//1550
f 1579//1579 1578//1578 1576//1576
f 1579//1579 1576//1576 1735//1735
f 1579//1579 1735//1735 1582//1582
f 1585//1585 1584//1584 1582//1582
f 1585//1585 1582//1582 1735//1735
f 1585//1585 1735//1735 1586//1586
f 1589//1589 1588//1588 1586//1586
f 1589//1589 1586//1586 1735//1735
f 1589//1589 1735//1735 1496//1496
f 1735//1735 1576//1576 1575//1575
f 1735//1735 1575//1575 1574//1574
f 1735//1735 1574//1574 1572//1572
f 1735//1735 1572//1572 1569//1569
f 1735//1735 1569//1569 1568//1568
f 1735//1735 1568//1568 1566//1566
f 1735//1735 1566//1566 1565//1565
f 1735//1735 1565//1565 1564//1564
f 1735//1735 1564//1564 1562//1562
f 1735//1735 1562//1562 1561//1561
f 1735//1735 1561//1561 1560//1560
f 1735//1735 1560//1560 1559//1559
f 1735//1735 1559//1559 1558//1558
f 1735//1735 1558//1558 1729//1729
f 1735//1735 1729//1729 1736//1736
f 1729//1729 1558//1558 1557//1557
f 1729//1729 1557//1557 1556//1556
f 1729//1729 1556//1556 1554//1554
f 1729//1729 1554//1554 1553//1553
f 1729//1729 1553//1553 1552//1552
f 1729//1729 1552//1552 1550//1550
f 1729//1729 1550//1550 1727//1727
f 1546//1546 1545//1545 1543//1543
f 1543//1543 1545//1545 1544//1544
f 1542//1542 1541//1541 1539//1539
f 1539//1539 1541//1541 1540//1540
f 1536//1536 1535//1535 1533//1533
f 1533//1533 1535//1535 1534//1534
f 1530//1530 1529//1529 1527//1527
f 1527//1527 1529//1529 1528//1528
f 1524//1524 1523//1523 1521//1521
f 1521//1521 1523//1523 1522//1522
f 1518//1518 1517//1517 1515//1515
f 1515//1515 1517//1517 1516//1516
f 1512//1512 1511//1511 1509//1509
f 1509//1509 1511//1511 1510//1510
f 1508//1508 1507//1507 1505//1505
f 1505//1505 1507//1507 1506//1506
f 1502//1502 1501//1501 1499//1499
f 1499//1499 1501//1501 1500//1500
f 1498//1498 1497//1497 1496//1496
f 1496//1496 1497//1497 1495//1495
f 1548//1548 1650//1650 1715//1715
f 1715//1715 1650//1650 1649//1649
f 1735//1735 1737//1737 1595//1595
f 1735//1735 1595//1595 1594//1594
f 1735//1735 1594//1594 1596//1596
f 1735//1735 1596//1596 1590//1590
f 1735//1735 1590//1590 1592//1592
f 1735//1735 1592//1592 1598//1598
f 1735//1735 1598//1598 1600//1600
f 1735//1735 1600//1600 1602//1602
f 1735//1735 1602//1602 1604//1604
f 1735//1735 1604//1604 1606//1606
f 1735//1735 1606//1606 1608//1608
f 1735//1735 1608//1608 1656//1656
f 1737//1737 1654//1654 1609//1609
f 1737//1737 1609//1609 1607//1607
f 1737//1737 1607//1607 1605//1605
f 1737//1737 1605//1605 1603//1603
f 1737//1737 1603//1603 1601//1601
f 1737//1737 1601//1601 1599//1599
f 1737//1737 1599//1599 1593//1593
f 1737//1737 1593//1593 1591//1591
f 1737//1737 1591//1591 1597//1597
f 1737//1737 1597//1597 1595//1595
f 1597//1597 1591//1591 1596//1596
f 1596//1596 1591//1591 1590//1590
f 1593//1593 1599//1599 1592//1592
f 1592//1592 1599//1599 1598//1598
f 1601//1601 1603//1603 1600//1600
f 1600//1600 1603//1603 1602//1602
f 1605//1605 1607//1607 1604//1604
f 1604//1604 1607//1607 1606//1606
f 1609//1609 1654//1654 1608//1608
f 1608//1608 1654//1654 1656//1656
f 1645//1645 1644//1644 1646//1646
f 1641//1641 1640//1640 1642//1642
f 1633//1633 1632//1632 1634//1634
f 1629//1629 1628//1628 1630//1630
f 1624//1624 1622//1622 1626//1626
f 1619//1619 1618//1618 1620//1620
f 1614//1614 1612//1612 1616//1616
f 1737//1737 1610//1610 1712//1712
f 1737//1737 1712//1712 1711//1711
f 1737//1737 1711//1711 1706//1706
f 1737//1737 1706//1706 1705//1705
f 1737//1737 1705//1705 1702//1702
f 1737//1737 1702//1702 1701//1701
f 1737//1737 1701//1701 1696//1696
f 1737//1737 1696//1696 1695//1695
f 1737//1737 1695//1695 1692//1692
f 1737//1737 1692//1692 1691//1691
f 1737//1737 1691//1691 1686//1686
f 1737//1737 1686//1686 1685//1685
f 1737//1737 1685//1685 1680//1680
f 1737//1737 1680//1680 1679//1679
f 1737//1737 1679//1679 1674//1674
f 1737//1737 1674//1674 1673//1673
f 1737//1737 1673//1673 1668//1668
f 1737//1737 1668//1668 1667//1667
f 1737//1737 1667//1667 1662//1662
f 1737//1737 1662//1662 1661//1661
f 1737//1737 1661//1661 1658//1658
f 1737//1737 1658//1658 1655//1655
f 1737//1737 1655//1655 1654//1654
f 1617//1617 1616//1616 1737//1737
f 1617//1617 1737//1737 1620//1620
f 1617//1617 1620//1620 1618//1618
f 1611//1611 1610//1610 1737//1737
f 1611//1611 1737//1737 1616//1616
f 1611//1611 1616//1616 1612//1612
f 1737//1737 1738//1738 1730//1730
f 1737//1737 1730//1730 1638//1638
f 1737//1737 1638//1638 1637//1637
f 1737//1737 1637//1637 1636//1636
f 1737//1737 1636//1636 1635//1635
f 1737//1737 1635//1635 1634//1634
f 1737//1737 1634//1634 1632//1632
f 1737//1737 1632//1632 1631//1631
f 1737//1737 1631//1631 1630//1630
f 1737//1737 1630//1630 1628//1628
f 1737//1737 1628//1628 1627//1627
f 1737//1737 1627//1627 1626//1626
f 1737//1737 1626//1626 1622//1622
f 1737//1737 1622//1622 1621//1621
f 1737//1737 1621//1621 1620//1620
f 1730//1730 1728//1728 1646//1646
f 1730//1730 1646//1646 1644//1644
f 1730//1730 1644//1644 1643//1643
f 1730//1730 1643//1643 1642//1642
f 1730//1730 1642//1642 1640//1640
f 1730//1730 1640//1640 1639//1639
f 1730//1730 1639//1639 1638//1638
f 1647//1647 1646//1646 1728//1728
f 1647//1647 1728//1728 1726//1726
f 1647//1647 1726//1726 1724//1724
f 1647//1647 1724//1724 1722//1722
f 1647//1647 1722//1722 1720//1720
f 1647//1647 1720//1720 1718//1718
f 1647//1647 1718//1718 1716//1716
f 1647//1647 1716//1716 1648//1648
f 1658//1658 1661//1661 1659//1659
f 1659//1659 1661//1661 1660//1660
f 1662//1662 1667//1667 1663//1663
f 1663//1663 1667//1667 1665//1665
f 1668//1668 1673//1673 1669//1669
f 1669//1669 1673//1673 1671//1671
f 1674//1674 1679//1679 1675//1675
f 1675//1675 1679//1679 1677//1677
f 1680//1680 1685//1685 1681//1681
f 1681//1681 1685//1685 1683//1683
f 1686//1686 1691//1691 1687//1687
f 1687//1687 1691//1691 1689//1689
f 1692//1692 1695//1695 1693//1693
f 1693//1693 1695//1695 1694//1694
f 1696//1696 1701//1701 1697//1697
f 1697//1697 1701//1701 1699//1699
f 1702//1702 1705//1705 1703//1703
f 1703//1703 1705//1705 1704//1704
f 1706//1706 1711//1711 1707//1707
f 1707//1707 1711//1711 1709//1709
f 1712//1712 1610//1610 1713//1713
f 1713//1713 1610//1610 1714//1714
f 1652//1652 1648//1648 1651//1651
f 1651//1651 1648//1648 1716//1716
f 1736//1736 1729//1729 1738//1738
f 1738//1738 1729//1729 1730//1730
f 1736//1736 1734//1734 1735//1735
f 1735//1735 1734//1734 1733//1733
f 1735//1735 1733//1733 1737//1737
f 1737//1737 1733//1733 1732//1732
f 1737//1737 1732//1732 1738//1738
f 1738//1738 1732//1732 1731//1731
f 1738//1738 1731//1731 1736//1736
f 1736//1736 1731//1731 1734//1734
f 1739//1739 1740//1740 1741//1741
f 1742//1742 1743//1743 1744//1744
f 1745//1745 1746//1746 1747//1747
f 1745//1745 1747//1747 1748//1748
f 1745//1745 1748//1748 1749//1749
f 1745//1745 1749//1749 1750//1750
f 1751//1751 1752//1752 1753//1753
f 1751//1751 1753//1753 1754//1754
f 1751//1751 1754//1754 1742//1742
f 1751//1751 1742//1742 1744//1744
f 1751//1751 1744//1744 1755//1755
f 1751//1751 1755//1755 1756//1756
f 1751//1751 1756//1756 1757//1757
f 1758//1758 1740//1740 1759//1759
f 1758//1758 1759//1759 1760//1760
f 1758//1758 1760//1760 1761//1761
f 1762//1762 1763//1763 1764//1764
f 1762//1762 1764//1764 1765//1765
f 1762//1762 1765//1765 1766//1766
f 1749//1749 1748//1748 1767//1767
f 1749//1749 1767//1767 1768//1768
f 1749//1749 1768//1768 1769//1769
f 1770//1770 1771//1771 1772//1772
f 1770//1770 1772//1772 1773//1773
f 1770//1770 1773//1773 1774//1774
f 1770//1770 1774//1774 1775//1775
f 1770//1770 1775//1775 1776//1776
f 1770//1770 1776//1776 1777//1777
f 1770//1770 1777//1777 1778//1778
f 1779//1779 1751//1751 1757//1757
f 1779//1779 1757//1757 1780//1780
f 1779//1779 1780//1780 1781//1781
f 1779//1779 1781//1781 1782//1782
f 1779//1779 1782//1782 1762//1762
f 1779//1779 1762//1762 1783//1783
f 1779//1779 1783//1783 1784//1784
f 1763//1763 1785//1785 1764//1764
f 1764//1764 1785//1785 1786//1786
f 1764//1764 1786//1786 1787//1787
f 1787//1787 1786//1786 1747//1747
f 1787//1787 1747//1747 1746//1746
f 1788//1788 1741//1741 1789//1789
f 1789//1789 1741//1741 1790//1790
f 1741//1741 1740//1740 1790//1790
f 1790//1790 1740//1740 1791//1791
f 1740//1740 1739//1739 1759//1759
f 1759//1759 1739//1739 1782//1782
f 1739//1739 1763//1763 1782//1782
f 1782//1782 1763//1763 1762//1762
f 1790//1790 1791//1791 1792//1792
f 1792//1792 1791//1791 1793//1793
f 1792//1792 1793//1793 1794//1794
f 1765//1765 1795//1795 1766//1766
f 1766//1766 1795//1795 1775//1775
f 1766//1766 1775//1775 1774//1774
f 1796//1796 1797//1797 1798//1798
f 1798//1798 1797//1797 1799//1799
f 1798//1798 1799//1799 1800//1800
f 1800//1800 1799//1799 1751//1751
f 1800//1800 1751//1751 1779//1779
f 1801//1801 1802//1802 1803//1803
f 1803//1803 1802//1802 1778//1778
f 1803//1803 1778//1778 1777//1777
f 1749//1749 1802//1802 1750//1750
f 1750//1750 1802//1802 1801//1801
f 1752//1752 1804//1804 1753//1753
f 1753//1753 1804//1804 1805//1805
f 1806//1806 1807//1807 1808//1808
f 1808//1808 1807//1807 1809//1809
f 1808//1808 1809//1809 1810//1810
f 1810//1810 1809//1809 1744//1744
f 1810//1810 1744//1744 1743//1743
f 1759//1759 1811//1811 1760//1760
f 1760//1760 1811//1811 1806//1806
f 1760//1760 1806//1806 1808//1808
f 1812//1812 1813//1813 1814//1814
f 1815//1815 1816//1816 1817//1817
f 1818//1818 1819//1819 1820//1820
f 1821//1821 1822//1822 1823//1823
f 1824//1824 1822//1822 1821//1821
f 1825//1825 1826//1826 1827//1827
f 1825//1825 1827//1827 1828//1828
f 1825//1825 1828//1828 1829//1829
f 1825//1825 1829//1829 1822//1822
f 1825//1825 1822//1822 1824//1824
f 1830//1830 1831//1831 1832//1832
f 1830//1830 1832//1832 1833//1833
f 1830//1830 1833//1833 1834//1834
f 1830//1830 1834//1834 1835//1835
f 1830//1830 1835//1835 1836//1836
f 1830//1830 1836//1836 1837//1837
f 1830//1830 1837//1837 1838//1838
f 1830//1830 1838//1838 1839//1839
f 1830//1830 1839//1839 1840//1840
f 1830//1830 1840//1840 1841//1841
f 1830//1830 1841//1841 1842//1842
f 1843//1843 1844//1844 1845//1845
f 1843//1843 1845//1845 1846//1846
f 1843//1843 1846//1846 1847//1847
f 1843//1843 1847//1847 1848//1848
f 1843//1843 1848//1848 1849//1849
f 1843//1843 1849//1849 1850//1850
f 1843//1843 1850//1850 1851//1851
f 1852//1852 1853//1853 1854//1854
f 1852//1852 1854//1854 1855//1855
f 1852//1852 1855//1855 1856//1856
f 1857//1857 1858//1858 1859//1859
f 1857//1857 1859//1859 1860//1860
f 1857//1857 1860//1860 1861//1861
f 1857//1857 1861//1861 1862//1862
f 1857//1857 1862//1862 1863//1863
f 1857//1857 1863//1863 1864//1864
f 1857//1857 1864//1864 1852//1852
f 1857//1857 1852//1852 1856//1856
f 1851//1851 1865//1865 1866//1866
f 1851//1851 1866//1866 1867//1867
f 1851//1851 1867//1867 1868//1868
f 1851//1851 1868//1868 1843//1843
f 1869//1869 1820//1820 1819//1819
f 1869//1869 1819//1819 1870//1870
f 1869//1869 1870//1870 1871//1871
f 1869//1869 1871//1871 1872//1872
f 1869//1869 1872//1872 1815//1815
f 1869//1869 1815//1815 1817//1817
f 1869//1869 1817//1817 1873//1873
f 1869//1869 1873//1873 1874//1874
f 1869//1869 1874//1874 1875//1875
f 1869//1869 1875//1875 1876//1876
f 1877//1877 1878//1878 1879//1879
f 1877//1877 1879//1879 1880//1880
f 1877//1877 1880//1880 1876//1876
f 1877//1877 1876//1876 1881//1881
f 1877//1877 1881//1881 1882//1882
f 1877//1877 1882//1882 1883//1883
f 1877//1877 1883//1883 1884//1884
f 1877//1877 1884//1884 1885//1885
f 1877//1877 1885//1885 1886//1886
f 1877//1877 1886//1886 1887//1887
f 1877//1877 1887//1887 1853//1853
f 1877//1877 1853//1853 1852//1852
f 1877//1877 1852//1852 1888//1888
f 1877//1877 1888//1888 1889//1889
f 1877//1877 1889//1889 1890//1890
f 1877//1877 1890//1890 1891//1891
f 1877//1877 1891//1891 1892//1892
f 1877//1877 1892//1892 1893//1893
f 1876//1876 1875//1875 1894//1894
f 1876//1876 1894//1894 1895//1895
f 1876//1876 1895//1895 1896//1896
f 1876//1876 1896//1896 1881//1881
f 1897//1897 1814//1814 1813//1813
f 1897//1897 1813//1813 1898//1898
f 1897//1897 1898//1898 1866//1866
f 1866//1866 1865//1865 1899//1899
f 1866//1866 1899//1899 1900//1900
f 1866//1866 1900//1900 1901//1901
f 1866//1866 1901//1901 1897//1897
f 1902//1902 1903//1903 1904//1904
f 1902//1902 1904//1904 1905//1905
f 1902//1902 1905//1905 1906//1906
f 1902//1902 1906//1906 1907//1907
f 1902//1902 1907//1907 1908//1908
f 1902//1902 1908//1908 1909//1909
f 1910//1910 1877//1877 1893//1893
f 1910//1910 1893//1893 1911//1911
f 1910//1910 1911//1911 1912//1912
f 1910//1910 1912//1912 1913//1913
f 1910//1910 1913//1913 1914//1914
f 1910//1910 1914//1914 1915//1915
f 1915//1915 1812//1812 1814//1814
f 1915//1915 1814//1814 1916//1916
f 1915//1915 1916//1916 1917//1917
f 1915//1915 1917//1917 1918//1918
f 1915//1915 1918//1918 1910//1910
f 1866//1866 1898//1898 1919//1919
f 1866//1866 1919//1919 1920//1920
f 1866//1866 1920//1920 1921//1921
f 1866//1866 1921//1921 1922//1922
f 1866//1866 1922//1922 1923//1923
f 1866//1866 1923//1923 1924//1924
f 1866//1866 1924//1924 1925//1925
f 1866//1866 1925//1925 1852//1852
f 1866//1866 1852//1852 1864//1864
f 1836//1836 1902//1902 1926//1926
f 1836//1836 1926//1926 1927//1927
f 1836//1836 1927//1927 1928//1928
f 1836//1836 1928//1928 1837//1837
f 1866//1866 1926//1926 1902//1902
f 1866//1866 1902//1902 1909//1909
f 1866//1866 1909//1909 1929//1929
f 1866//1866 1929//1929 1930//1930
f 1866//1866 1930//1930 1931//1931
f 1866//1866 1931//1931 1867//1867
f 1932//1932 1831//1831 1830//1830
f 1932//1932 1830//1830 1933//1933
f 1932//1932 1933//1933 1934//1934
f 1932//1932 1934//1934 1823//1823
f 1932//1932 1823//1823 1822//1822
f 1935//1935 1817//1817 1826//1826
f 1826//1826 1817//1817 1827//1827
f 1817//1817 1816//1816 1827//1827
f 1827//1827 1816//1816 1936//1936
f 1937//1937 1938//1938 1939//1939
f 1939//1939 1938//1938 1845//1845
f 1939//1939 1845//1845 1844//1844
f 1908//1908 1907//1907 1940//1940
f 1940//1940 1907//1907 1938//1938
f 1940//1940 1938//1938 1937//1937
f 1858//1858 1941//1941 1859//1859
f 1859//1859 1941//1941 1942//1942
f 1859//1859 1942//1942 1943//1943
f 1943//1943 1942//1942 1944//1944
f 1943//1943 1944//1944 1945//1945
f 1945//1945 1944//1944 1946//1946
f 1945//1945 1946//1946 1947//1947
f 1947//1947 1946//1946 1874//1874
f 1947//1947 1874//1874 1873//1873
f 1948//1948 1842//1842 1841//1841
f 1842//1842 1948//1948 1949//1949
f 1949//1949 1948//1948 1950//1950
f 1949//1949 1950//1950 1951//1951
f 1951//1951 1950//1950 1817//1817
f 1951//1951 1817//1817 1935//1935
f 1952//1952 1814//1814 1953//1953
f 1953//1953 1814//1814 1788//1788
f 1814//1814 1897//1897 1788//1788
f 1788//1788 1897//1897 1741//1741
f 1747//1747 1851//1851 1748//1748
f 1748//1748 1851//1851 1850//1850
f 1748//1748 1850//1850 1767//1767
f 1767//1767 1850//1850 1849//1849
f 1767//1767 1849//1849 1768//1768
f 1768//1768 1849//1849 1848//1848
f 1768//1768 1848//1848 1769//1769
f 1769//1769 1848//1848 1847//1847
f 1769//1769 1847//1847 1749//1749
f 1749//1749 1847//1847 1846//1846
f 1749//1749 1846//1846 1802//1802
f 1802//1802 1846//1846 1845//1845
f 1802//1802 1845//1845 1778//1778
f 1778//1778 1845//1845 1938//1938
f 1778//1778 1938//1938 1770//1770
f 1770//1770 1938//1938 1907//1907
f 1770//1770 1907//1907 1771//1771
f 1771//1771 1907//1907 1906//1906
f 1771//1771 1906//1906 1772//1772
f 1772//1772 1906//1906 1905//1905
f 1772//1772 1905//1905 1773//1773
f 1773//1773 1905//1905 1904//1904
f 1773//1773 1904//1904 1774//1774
f 1774//1774 1904//1904 1903//1903
f 1774//1774 1903//1903 1766//1766
f 1766//1766 1903//1903 1902//1902
f 1851//1851 1747//1747 1865//1865
f 1865//1865 1747//1747 1786//1786
f 1865//1865 1786//1786 1899//1899
f 1899//1899 1786//1786 1785//1785
f 1899//1899 1785//1785 1900//1900
f 1900//1900 1785//1785 1763//1763
f 1900//1900 1763//1763 1901//1901
f 1901//1901 1763//1763 1739//1739
f 1901//1901 1739//1739 1897//1897
f 1897//1897 1739//1739 1741//1741
f 1954//1954 1955//1955 1956//1956
f 1957//1957 1958//1958 1959//1959
f 1960//1960 1961//1961 1962//1962
f 1960//1960 1962//1962 1963//1963
f 1960//1960 1963//1963 1964//1964
f 1960//1960 1964//1964 1965//1965
f 1960//1960 1965//1965 1966//1966
f 1960//1960 1966//1966 1967//1967
f 1960//1960 1967//1967 1968//1968
f 1960//1960 1968//1968 1969//1969
f 1960//1960 1969//1969 1970//1970
f 1960//1960 1970//1970 1971//1971
f 1960//1960 1971//1971 1972//1972
f 1960//1960 1972//1972 1973//1973
f 1960//1960 1973//1973 1974//1974
f 1975//1975 1976//1976 1959//1959
f 1975//1975 1959//1959 1977//1977
f 1975//1975 1977//1977 1978//1978
f 1975//1975 1978//1978 1979//1979
f 1976//1976 1975//1975 1980//1980
f 1976//1976 1980//1980 1981//1981
f 1976//1976 1981//1981 1982//1982
f 1976//1976 1982//1982 1983//1983
f 1976//1976 1984//1984 1985//1985
f 1976//1976 1985//1985 1986//1986
f 1976//1976 1986//1986 1987//1987
f 1976//1976 1987//1987 1957//1957
f 1976//1976 1957//1957 1959//1959
f 1974//1974 1973//1973 1988//1988
f 1988//1988 1973//1973 1989//1989
f 1988//1988 1989//1989 1990//1990
f 1990//1990 1989//1989 1991//1991
f 1991//1991 1989//1989 1992//1992
f 1991//1991 1992//1992 1993//1993
f 1993//1993 1992//1992 1994//1994
f 1993//1993 1994//1994 1995//1995
f 1995//1995 1994//1994 1996//1996
f 1996//1996 1994//1994 1997//1997
f 1996//1996 1997//1997 1998//1998
f 1998//1998 1997//1997 1999//1999
f 1999//1999 1997//1997 1979//1979
f 1999//1999 1979//1979 1978//1978
f 2000//2000 2001//2001 2002//2002
f 2002//2002 2001//2001 1962//1962
f 2002//2002 1962//1962 1961//1961
f 2003//2003 2004//2004 2005//2005
f 2005//2005 2004//2004 2001//2001
f 2005//2005 2001//2001 2000//2000
f 1954//1954 1956//1956 2006//2006
f 2006//2006 1956//1956 2004//2004
f 2006//2006 2004//2004 2003//2003
f 1956//1956 1955//1955 2007//2007
f 2007//2007 1955//1955 2008//2008
f 2007//2007 2008//2008 1957//1957
f 1957//1957 2008//2008 2009//2009
f 1957//1957 2009//2009 1958//1958
f 2010//2010 2011//2011 2012//2012
f 1994//1994 1992//1992 2013//2013
f 2004//2004 2012//2012 2001//2001
f 2001//2001 2012//2012 2011//2011
f 2001//2001 2011//2011 1962//1962
f 1962//1962 2011//2011 2014//2014
f 1962//1962 2014//2014 1963//1963
f 1963//1963 2014//2014 2015//2015
f 1963//1963 2015//2015 1964//1964
f 1964//1964 2015//2015 2016//2016
f 1964//1964 2016//2016 1965//1965
f 1965//1965 2016//2016 2017//2017
f 1965//1965 2017//2017 1966//1966
f 1966//1966 2017//2017 2018//2018
f 1966//1966 2018//2018 1967//1967
f 1967//1967 2018//2018 2019//2019
f 1967//1967 2019//2019 1968//1968
f 1968//1968 2019//2019 2020//2020
f 1968//1968 2020//2020 1969//1969
f 1969//1969 2020//2020 2021//2021
f 1969//1969 2021//2021 1970//1970
f 1970//1970 2021//2021 2022//2022
f 1970//1970 2022//2022 1971//1971
f 1971//1971 2022//2022 2023//2023
f 1971//1971 2023//2023 1972//1972
f 1972//1972 2023//2023 2024//2024
f 1972//1972 2024//2024 1973//1973
f 1973//1973 2024//2024 2025//2025
f 1973//1973 2025//2025 1989//1989
f 1989//1989 2025//2025 2026//2026
f 1989//1989 2026//2026 1992//1992
f 1992//1992 2026//2026 2027//2027
f 1992//1992 2027//2027 2013//2013
f 2013//2013 2027//2027 2028//2028
f 2028//2028 2029//2029 2013//2013
f 2004//2004 1956//1956 2012//2012
f 1994//1994 2013//2013 1997//1997
f 1997//1997 2013//2013 2029//2029
f 1997//1997 2029//2029 1979//1979
f 1979//1979 2029//2029 2030//2030
f 1979//1979 2030//2030 1975//1975
f 1975//1975 2030//2030 2031//2031
f 1975//1975 2031//2031 1980//1980
f 1980//1980 2031//2031 2032//2032
f 1980//1980 2032//2032 1981//1981
f 1981//1981 2032//2032 2033//2033
f 1981//1981 2033//2033 1982//1982
f 1982//1982 2033//2033 2034//2034
f 1982//1982 2034//2034 1983//1983
f 1983//1983 2034//2034 2035//2035
f 1983//1983 2035//2035 1976//1976
f 1976//1976 2035//2035 2036//2036
f 1976//1976 2036//2036 1984//1984
f 1984//1984 2036//2036 2037//2037
f 1984//1984 2037//2037 1985//1985
f 1985//1985 2037//2037 2038//2038
f 1985//1985 2038//2038 1986//1986
f 1986//1986 2038//2038 2039//2039
f 1986//1986 2039//2039 1987//1987
f 1987//1987 2039//2039 2040//2040
f 1987//1987 2040//2040 1957//1957
f 1957//1957 2040//2040 2041//2041
f 1957//1957 2041//2041 2007//2007
f 2007//2007 2041//2041 2042//2042
f 2007//2007 2042//2042 1956//1956
f 1956//1956 2042//2042 2043//2043
f 1956//1956 2043//2043 2012//2012
f 2012//2012 2043//2043 2010//2010
f 2044//2044 1885//1885 2045//2045
f 2045//2045 1885//1885 1884//1884
f 2045//2045 1884//1884 2046//2046
f 2046//2046 1884//1884 1883//1883
f 2046//2046 1883//1883 2047//2047
f 2047//2047 1883//1883 1882//1882
f 2047//2047 1882//1882 2048//2048
f 2048//2048 1882//1882 1881//1881
f 2048//2048 1881//1881 2049//2049
f 1885//1885 2044//2044 1886//1886
f 1886//1886 2044//2044 2050//2050
f 1886//1886 2050//2050 1887//1887
f 1887//1887 2050//2050 2051//2051
f 1887//1887 2051//2051 1853//1853
f 1853//1853 2051//2051 2052//2052
f 1853//1853 2052//2052 1854//1854
f 1854//1854 2052//2052 2053//2053
f 1854//1854 2053//2053 1855//1855
f 1855//1855 2053//2053 2054//2054
f 1855//1855 2054//2054 1856//1856
f 1856//1856 2054//2054 2055//2055
f 1856//1856 2055//2055 1857//1857
f 2056//2056 2057//2057 2058//2058
f 2057//2057 2056//2056 2059//2059
f 2059//2059 2060//2060 2057//2057
f 2060//2060 2059//2059 2061//2061
f 2061//2061 2062//2062 2060//2060
f 2062//2062 2061//2061 2063//2063
f 2063//2063 2064//2064 2062//2062
f 2064//2064 2063//2063 2065//2065
f 2065//2065 2066//2066 2064//2064
f 2066//2066 2065//2065 2067//2067
f 2067//2067 2068//2068 2066//2066
f 2068//2068 2067//2067 2069//2069
f 2069//2069 2070//2070 2068//2068
f 2056//2056 2058//2058 2071//2071
f 2071//2071 2058//2058 2072//2072
f 2071//2071 2072//2072 2073//2073
f 2074//2074 2075//2075 2069//2069
f 2069//2069 2075//2075 2070//2070
f 2075//2075 2076//2076 2070//2070
f 2070//2070 2076//2076 2077//2077
f 2076//2076 2075//2075 1753//1753
f 2078//2078 1941//1941 1858//1858
f 1941//1941 2078//2078 2079//2079
f 2079//2079 1942//1942 1941//1941
f 1942//1942 2079//2079 2080//2080
f 2080//2080 1944//1944 1942//1942
f 1944//1944 2080//2080 2081//2081
f 2081//2081 1946//1946 1944//1944
f 1946//1946 2081//2081 2082//2082
f 2082//2082 1874//1874 1946//1946
f 2083//2083 1874//1874 2082//2082
f 1875//1875 1874//1874 2083//2083
f 2084//2084 1875//1875 2083//2083
f 1894//1894 1875//1875 2084//2084
f 2085//2085 1894//1894 2084//2084
f 1895//1895 1894//1894 2085//2085
f 2086//2086 1895//1895 2085//2085
f 1896//1896 1895//1895 2086//2086
f 2078//2078 1858//1858 2087//2087
f 2087//2087 1858//1858 1857//1857
f 2087//2087 1857//1857 2055//2055
f 2086//2086 2088//2088 1896//1896
f 1896//1896 2088//2088 2049//2049
f 1896//1896 2049//2049 1881//1881
f 2089//2089 2090//2090 2091//2091
f 2091//2091 2090//2090 2092//2092
f 2093//2093 1891//1891 2094//2094
f 2094//2094 1891//1891 1890//1890
f 2094//2094 1890//1890 2095//2095
f 2095//2095 1890//1890 1889//1889
f 2095//2095 1889//1889 2096//2096
f 2096//2096 1889//1889 1888//1888
f 2096//2096 1888//1888 2097//2097
f 2097//2097 1888//1888 1852//1852
f 2097//2097 1852//1852 2098//2098
f 1891//1891 2093//2093 1892//1892
f 1892//1892 2093//2093 2099//2099
f 1892//1892 2099//2099 1893//1893
f 1893//1893 2099//2099 2100//2100
f 1893//1893 2100//2100 1911//1911
f 1911//1911 2100//2100 2101//2101
f 1911//1911 2101//2101 1912//1912
f 1912//1912 2101//2101 2102//2102
f 1912//1912 2102//2102 1913//1913
f 1913//1913 2102//2102 2103//2103
f 1913//1913 2103//2103 1914//1914
f 1914//1914 2103//2103 2104//2104
f 1914//1914 2104//2104 1915//1915
f 2105//2105 1813//1813 1812//1812
f 1813//1813 2105//2105 2106//2106
f 2106//2106 1898//1898 1813//1813
f 1898//1898 2106//2106 2107//2107
f 2107//2107 1919//1919 1898//1898
f 1919//1919 2107//2107 2108//2108
f 2108//2108 1920//1920 1919//1919
f 1920//1920 2108//2108 2109//2109
f 2109//2109 1921//1921 1920//1920
f 2110//2110 1921//1921 2109//2109
f 1922//1922 1921//1921 2110//2110
f 2111//2111 1922//1922 2110//2110
f 1923//1923 1922//1922 2111//2111
f 2112//2112 1923//1923 2111//2111
f 1924//1924 1923//1923 2112//2112
f 2113//2113 1924//1924 2112//2112
f 1925//1925 1924//1924 2113//2113
f 2105//2105 1812//1812 2114//2114
f 2114//2114 1812//1812 1915//1915
f 2114//2114 1915//1915 2104//2104
f 2113//2113 2115//2115 1925//1925
f 1925//1925 2115//2115 2098//2098
f 1925//1925 2098//2098 1852//1852
f 2076//2076 1753//1753 2077//2077
f 2077//2077 1753//1753 1805//1805
f 2077//2077 1805//1805 2116//2116
f 2072//2072 2117//2117 2073//2073
f 2073//2073 2117//2117 2118//2118
f 2090//2090 2089//2089 2119//2119
f 2119//2119 2089//2089 2120//2120
f 2119//2119 2120//2120 2121//2121
f 2121//2121 2120//2120 2122//2122
f 2121//2121 2122//2122 2123//2123
f 2123//2123 2122//2122 2124//2124
f 2123//2123 2124//2124 2125//2125
f 2125//2125 2124//2124 2126//2126
f 2125//2125 2126//2126 2127//2127
f 2127//2127 2126//2126 2128//2128
f 2127//2127 2128//2128 2129//2129
f 2129//2129 2128//2128 2130//2130
f 2129//2129 2130//2130 2131//2131
f 2131//2131 2130//2130 2132//2132
f 2131//2131 2132//2132 2133//2133
f 2133//2133 2132//2132 2134//2134
f 2133//2133 2134//2134 2135//2135
f 2135//2135 2134//2134 2136//2136
f 2135//2135 2136//2136 2137//2137
f 2137//2137 2136//2136 2138//2138
f 2137//2137 2138//2138 2139//2139
f 2139//2139 2138//2138 2140//2140
f 2139//2139 2140//2140 2141//2141
f 2141//2141 2140//2140 2142//2142
f 2141//2141 2142//2142 2143//2143
f 2143//2143 2142//2142 2144//2144
f 2143//2143 2144//2144 2145//2145
f 2145//2145 2144//2144 2146//2146
f 2145//2145 2146//2146 2147//2147
f 2147//2147 2146//2146 2148//2148
f 2147//2147 2148//2148 2149//2149
f 2149//2149 2148//2148 2150//2150
f 2149//2149 2150//2150 2151//2151
f 2151//2151 2150//2150 2152//2152
f 2151//2151 2152//2152 2153//2153
f 2153//2153 2152//2152 2154//2154
f 2153//2153 2154//2154 2155//2155
f 2155//2155 2154//2154 2156//2156
f 2155//2155 2156//2156 2157//2157
f 2157//2157 2156//2156 2158//2158
f 2159//2159 2160//2160 2158//2158
f 2158//2158 2160//2160 2157//2157
f 2160//2160 2159//2159 2161//2161
f 2161//2161 2159//2159 2162//2162
f 2161//2161 2162//2162 2163//2163
f 2163//2163 2162//2162 2164//2164
f 2163//2163 2164//2164 2165//2165
f 2165//2165 2164//2164 2166//2166
f 2165//2165 2166//2166 2167//2167
f 2167//2167 2166//2166 2168//2168
f 2167//2167 2168//2168 2169//2169
f 2169//2169 2168//2168 2170//2170
f 2169//2169 2170//2170 2171//2171
f 2171//2171 2170//2170 2172//2172
f 2171//2171 2172//2172 2173//2173
f 2173//2173 2172//2172 2174//2174
f 2173//2173 2174//2174 2175//2175
f 2175//2175 2174//2174 2176//2176
f 2175//2175 2176//2176 2177//2177
f 2177//2177 2176//2176 2178//2178
f 2177//2177 2178//2178 2179//2179
f 2179//2179 2178//2178 2180//2180
f 2179//2179 2180//2180 2181//2181
f 2181//2181 2180//2180 2182//2182
f 2181//2181 2182//2182 2183//2183
f 2183//2183 2182//2182 2184//2184
f 2183//2183 2184//2184 2185//2185
f 2185//2185 2184//2184 2186//2186
f 2185//2185 2186//2186 2187//2187
f 2187//2187 2186//2186 2188//2188
f 2187//2187 2188//2188 2189//2189
f 2189//2189 2188//2188 2190//2190
f 2189//2189 2190//2190 2191//2191
f 2191//2191 2190//2190 2192//2192
f 2191//2191 2192//2192 2193//2193
f 2193//2193 2192//2192 2194//2194
f 2193//2193 2194//2194 2195//2195
f 2195//2195 2194//2194 2196//2196
f 2195//2195 2196//2196 2197//2197
f 2197//2197 2196//2196 2198//2198
f 2197//2197 2198//2198 2199//2199
f 2199//2199 2198//2198 2200//2200
f 2118//2118 2117//2117 2200//2200
f 2200//2200 2117//2117 2199//2199
f 1788//1788 1789//1789 1953//1953
f 1953//1953 1789//1789 2201//2201
f 2104//2104 2121//2121 2114//2114
f 2202//2202 2203//2203 2099//2099
f 2202//2202 2099//2099 2093//2093
f 2202//2202 2093//2093 2050//2050
f 2202//2202 2050//2050 2044//2044
f 2202//2202 2044//2044 2045//2045
f 2202//2202 2045//2045 2046//2046
f 2202//2202 2046//2046 2047//2047
f 2117//2117 2072//2072 2204//2204
f 2117//2117 2204//2204 2205//2205
f 2117//2117 2205//2205 2206//2206
f 2117//2117 2206//2206 2202//2202
f 2117//2117 2202//2202 2047//2047
f 2117//2117 2047//2047 2199//2199
f 2082//2082 2081//2081 2167//2167
f 2082//2082 2167//2167 2169//2169
f 2082//2082 2169//2169 2171//2171
f 2082//2082 2171//2171 2173//2173
f 2082//2082 2173//2173 2175//2175
f 2082//2082 2175//2175 2177//2177
f 2082//2082 2177//2177 2179//2179
f 2082//2082 2179//2179 2181//2181
f 2082//2082 2181//2181 2183//2183
f 2082//2082 2183//2183 2185//2185
f 2082//2082 2185//2185 2187//2187
f 2082//2082 2187//2187 2189//2189
f 2082//2082 2189//2189 2083//2083
f 2206//2206 2205//2205 2207//2207
f 2206//2206 2207//2207 2208//2208
f 2206//2206 2208//2208 2209//2209
f 2206//2206 2209//2209 2210//2210
f 2109//2109 2108//2108 2125//2125
f 2109//2109 2125//2125 2127//2127
f 2109//2109 2127//2127 2129//2129
f 2109//2109 2129//2129 2131//2131
f 2109//2109 2131//2131 2133//2133
f 2109//2109 2133//2133 2135//2135
f 2109//2109 2135//2135 2137//2137
f 2109//2109 2137//2137 2139//2139
f 2109//2109 2139//2139 2141//2141
f 2109//2109 2141//2141 2143//2143
f 2109//2109 2143//2143 2145//2145
f 2109//2109 2145//2145 2147//2147
f 2109//2109 2147//2147 2110//2110
f 2203//2203 1952//1952 2092//2092
f 2203//2203 2092//2092 2102//2102
f 2203//2203 2102//2102 2101//2101
f 2203//2203 2101//2101 2100//2100
f 2203//2203 2100//2100 2099//2099
f 2211//2211 2212//2212 2213//2213
f 2211//2211 2213//2213 2214//2214
f 2211//2211 2214//2214 2215//2215
f 2211//2211 2215//2215 1952//1952
f 2211//2211 1952//1952 2203//2203
f 2083//2083 2189//2189 2084//2084
f 2084//2084 2189//2189 2191//2191
f 2084//2084 2191//2191 2085//2085
f 2085//2085 2191//2191 2086//2086
f 2086//2086 2191//2191 2193//2193
f 2086//2086 2193//2193 2088//2088
f 2088//2088 2193//2193 2195//2195
f 2088//2088 2195//2195 2049//2049
f 2049//2049 2195//2195 2048//2048
f 2048//2048 2195//2195 2197//2197
f 2048//2048 2197//2197 2047//2047
f 2047//2047 2197//2197 2199//2199
f 2077//2077 2116//2116 2070//2070
f 2070//2070 2116//2116 2216//2216
f 2070//2070 2216//2216 2068//2068
f 2068//2068 2216//2216 2217//2217
f 2068//2068 2217//2217 2066//2066
f 2066//2066 2217//2217 2218//2218
f 2066//2066 2218//2218 2064//2064
f 2064//2064 2218//2218 2219//2219
f 2064//2064 2219//2219 2062//2062
f 2062//2062 2219//2219 2220//2220
f 2062//2062 2220//2220 2060//2060
f 2060//2060 2220//2220 2221//2221
f 2060//2060 2221//2221 2057//2057
f 2057//2057 2221//2221 2222//2222
f 2057//2057 2222//2222 2058//2058
f 2058//2058 2222//2222 2223//2223
f 2058//2058 2223//2223 2072//2072
f 2072//2072 2223//2223 2204//2204
f 2110//2110 2147//2147 2111//2111
f 2111//2111 2147//2147 2149//2149
f 2111//2111 2149//2149 2112//2112
f 2112//2112 2149//2149 2113//2113
f 2113//2113 2149//2149 2151//2151
f 2113//2113 2151//2151 2115//2115
f 2115//2115 2151//2151 2153//2153
f 2115//2115 2153//2153 2098//2098
f 2098//2098 2153//2153 2097//2097
f 2097//2097 2153//2153 2155//2155
f 2097//2097 2155//2155 2096//2096
f 2096//2096 2155//2155 2157//2157
f 2096//2096 2157//2157 2053//2053
f 2053//2053 2157//2157 2160//2160
f 2053//2053 2160//2160 2054//2054
f 2054//2054 2160//2160 2161//2161
f 2054//2054 2161//2161 2055//2055
f 2055//2055 2161//2161 2163//2163
f 2055//2055 2163//2163 2087//2087
f 2079//2079 2165//2165 2080//2080
f 2080//2080 2165//2165 2167//2167
f 2080//2080 2167//2167 2081//2081
f 2087//2087 2163//2163 2078//2078
f 2078//2078 2163//2163 2165//2165
f 2078//2078 2165//2165 2079//2079
f 2096//2096 2053//2053 2095//2095
f 2095//2095 2053//2053 2052//2052
f 2095//2095 2052//2052 2094//2094
f 2094//2094 2052//2052 2051//2051
f 2094//2094 2051//2051 2093//2093
f 2093//2093 2051//2051 2050//2050
f 2092//2092 1952//1952 2201//2201
f 2201//2201 1952//1952 1953//1953
f 2106//2106 2123//2123 2107//2107
f 2107//2107 2123//2123 2125//2125
f 2107//2107 2125//2125 2108//2108
f 2114//2114 2121//2121 2105//2105
f 2105//2105 2121//2121 2123//2123
f 2105//2105 2123//2123 2106//2106
f 2121//2121 2104//2104 2119//2119
f 2119//2119 2104//2104 2103//2103
f 2119//2119 2103//2103 2090//2090
f 2090//2090 2103//2103 2102//2102
f 2090//2090 2102//2102 2092//2092
f 1757//1757 1934//1934 1780//1780
f 1780//1780 1934//1934 1933//1933
f 1780//1780 1933//1933 1781//1781
f 1781//1781 1933//1933 1830//1830
f 1781//1781 1830//1830 1782//1782
f 1934//1934 1757//1757 1823//1823
f 1823//1823 1757//1757 1756//1756
f 1823//1823 1756//1756 1821//1821
f 1821//1821 1756//1756 1755//1755
f 1821//1821 1755//1755 1824//1824
f 1824//1824 1755//1755 1744//1744
f 1824//1824 1744//1744 1825//1825
f 1806//1806 1935//1935 1807//1807
f 1807//1807 1935//1935 1826//1826
f 1807//1807 1826//1826 1809//1809
f 1809//1809 1826//1826 1825//1825
f 1809//1809 1825//1825 1744//1744
f 1935//1935 1806//1806 1951//1951
f 1951//1951 1806//1806 1811//1811
f 1951//1951 1811//1811 1949//1949
f 1949//1949 1811//1811 1759//1759
f 1949//1949 1759//1759 1842//1842
f 1842//1842 1759//1759 1782//1782
f 1842//1842 1782//1782 1830//1830
f 1803//1803 1939//1939 1801//1801
f 1801//1801 1939//1939 1844//1844
f 1801//1801 1844//1844 1750//1750
f 1750//1750 1844//1844 1843//1843
f 1750//1750 1843//1843 1745//1745
f 1939//1939 1803//1803 1937//1937
f 1937//1937 1803//1803 1777//1777
f 1937//1937 1777//1777 1940//1940
f 1940//1940 1777//1777 1776//1776
f 1940//1940 1776//1776 1908//1908
f 1908//1908 1776//1776 1775//1775
f 1908//1908 1775//1775 1909//1909
f 2224//2224 2225//2225 2226//2226
f 2224//2224 2226//2226 2227//2227
f 2224//2224 2227//2227 2228//2228
f 2224//2224 2228//2228 2229//2229
f 2224//2224 2229//2229 2230//2230
f 2224//2224 2230//2230 2231//2231
f 2224//2224 2231//2231 2232//2232
f 2224//2224 2232//2232 2233//2233
f 2225//2225 2234//2234 2235//2235
f 2225//2225 2235//2235 2236//2236
f 2225//2225 2236//2236 2237//2237
f 2225//2225 2237//2237 2238//2238
f 2225//2225 2238//2238 2239//2239
f 2225//2225 2239//2239 2240//2240
f 2225//2225 2240//2240 2241//2241
f 2225//2225 2241//2241 2242//2242
f 2225//2225 2242//2242 2243//2243
f 2225//2225 2243//2243 2226//2226
f 2234//2234 2233//2233 2244//2244
f 2234//2234 2244//2244 2245//2245
f 2234//2234 2245//2245 2246//2246
f 2234//2234 2246//2246 2247//2247
f 2234//2234 2247//2247 2248//2248
f 2234//2234 2248//2248 2249//2249
f 2234//2234 2249//2249 2250//2250
f 2234//2234 2250//2250 2251//2251
f 2234//2234 2251//2251 2252//2252
f 2234//2234 2252//2252 2253//2253
f 2234//2234 2253//2253 2254//2254
f 2234//2234 2254//2254 2255//2255
f 2234//2234 2255//2255 2256//2256
f 2234//2234 2256//2256 2257//2257
f 2234//2234 2257//2257 2258//2258
f 2234//2234 2258//2258 2235//2235
f 2233//2233 2232//2232 2259//2259
f 2233//2233 2259//2259 2260//2260
f 2233//2233 2260//2260 2261//2261
f 2233//2233 2261//2261 2262//2262
f 2233//2233 2262//2262 2263//2263
f 2233//2233 2263//2263 2264//2264
f 2233//2233 2264//2264 2265//2265
f 2233//2233 2265//2265 2244//2244
f 2266//2266 2267//2267 2268//2268
f 2268//2268 2267//2267 2269//2269
f 2268//2268 2269//2269 2270//2270
f 2270//2270 2269//2269 2271//2271
f 2270//2270 2271//2271 2272//2272
f 2272//2272 2271//2271 2273//2273
f 2272//2272 2273//2273 2274//2274
f 2274//2274 2273//2273 2245//2245
f 2274//2274 2245//2245 2244//2244
f 2267//2267 2266//2266 2275//2275
f 2275//2275 2266//2266 2276//2276
f 2275//2275 2276//2276 2277//2277
f 2277//2277 2276//2276 2278//2278
f 2277//2277 2278//2278 2279//2279
f 2279//2279 2278//2278 2280//2280
f 2279//2279 2280//2280 2281//2281
f 2281//2281 2280//2280 2282//2282
f 2281//2281 2282//2282 2283//2283
f 2283//2283 2282//2282 2228//2228
f 2283//2283 2228//2228 2227//2227
f 2284//2284 2285//2285 2286//2286
f 2286//2286 2285//2285 2287//2287
f 2286//2286 2287//2287 2288//2288
f 2288//2288 2287//2287 2289//2289
f 2288//2288 2289//2289 2290//2290
f 2290//2290 2289//2289 2291//2291
f 2290//2290 2291//2291 2292//2292
f 2292//2292 2291//2291 2247//2247
f 2292//2292 2247//2247 2246//2246
f 2285//2285 2284//2284 2293//2293
f 2293//2293 2284//2284 2294//2294
f 2293//2293 2294//2294 2295//2295
f 2295//2295 2294//2294 2296//2296
f 2295//2295 2296//2296 2297//2297
f 2297//2297 2296//2296 2298//2298
f 2297//2297 2298//2298 2299//2299
f 2299//2299 2298//2298 2300//2300
f 2299//2299 2300//2300 2301//2301
f 2301//2301 2300//2300 2226//2226
f 2301//2301 2226//2226 2243//2243
f 2302//2302 2303//2303 2304//2304
f 2304//2304 2303//2303 2305//2305
f 2304//2304 2305//2305 2306//2306
f 2306//2306 2305//2305 2307//2307
f 2306//2306 2307//2307 2308//2308
f 2308//2308 2307//2307 2309//2309
f 2308//2308 2309//2309 2310//2310
f 2310//2310 2309//2309 2249//2249
f 2310//2310 2249//2249 2248//2248
f 2303//2303 2302//2302 2311//2311
f 2311//2311 2302//2302 2312//2312
f 2311//2311 2312//2312 2313//2313
f 2313//2313 2312//2312 2314//2314
f 2313//2313 2314//2314 2315//2315
f 2315//2315 2314//2314 2316//2316
f 2315//2315 2316//2316 2317//2317
f 2317//2317 2316//2316 2318//2318
f 2317//2317 2318//2318 2319//2319
f 2319//2319 2318//2318 2242//2242
f 2319//2319 2242//2242 2241//2241
f 2320//2320 2321//2321 2322//2322
f 2322//2322 2321//2321 2323//2323
f 2322//2322 2323//2323 2324//2324
f 2324//2324 2323//2323 2325//2325
f 2324//2324 2325//2325 2326//2326
f 2326//2326 2325//2325 2327//2327
f 2326//2326 2327//2327 2328//2328
f 2328//2328 2327//2327 2251//2251
f 2328//2328 2251//2251 2250//2250
f 2321//2321 2320//2320 2329//2329
f 2329//2329 2320//2320 2330//2330
f 2329//2329 2330//2330 2331//2331
f 2331//2331 2330//2330 2332//2332
f 2331//2331 2332//2332 2333//2333
f 2333//2333 2332//2332 2334//2334
f 2333//2333 2334//2334 2335//2335
f 2335//2335 2334//2334 2336//2336
f 2335//2335 2336//2336 2337//2337
f 2337//2337 2336//2336 2240//2240
f 2337//2337 2240//2240 2239//2239
f 2202//2202 2225//2225 2203//2203
f 2203//2203 2225//2225 2224//2224
f 2338//2338 2339//2339 2332//2332
f 2332//2332 2339//2339 2334//2334
f 2340//2340 2341//2341 2241//2241
f 2315//2315 2317//2317 2342//2342
f 2342//2342 2343//2343 2315//2315
f 2320//2320 2344//2344 2330//2330
f 2330//2330 2344//2344 2338//2338
f 2330//2330 2338//2338 2332//2332
f 2334//2334 2339//2339 2336//2336
f 2336//2336 2339//2339 2345//2345
f 2336//2336 2345//2345 2240//2240
f 2240//2240 2345//2345 2340//2340
f 2240//2240 2340//2340 2241//2241
f 2342//2342 2317//2317 2341//2341
f 2341//2341 2317//2317 2319//2319
f 2341//2341 2319//2319 2241//2241
f 2346//2346 2311//2311 2343//2343
f 2343//2343 2311//2311 2313//2313
f 2343//2343 2313//2313 2315//2315
f 2347//2347 2348//2348 2314//2314
f 2314//2314 2348//2348 2316//2316
f 2349//2349 2350//2350 2243//2243
f 2297//2297 2299//2299 2351//2351
f 2351//2351 2352//2352 2297//2297
f 2302//2302 2353//2353 2312//2312
f 2312//2312 2353//2353 2347//2347
f 2312//2312 2347//2347 2314//2314
f 2316//2316 2348//2348 2318//2318
f 2318//2318 2348//2348 2354//2354
f 2318//2318 2354//2354 2242//2242
f 2242//2242 2354//2354 2349//2349
f 2242//2242 2349//2349 2243//2243
f 2351//2351 2299//2299 2350//2350
f 2350//2350 2299//2299 2301//2301
f 2350//2350 2301//2301 2243//2243
f 2355//2355 2293//2293 2352//2352
f 2352//2352 2293//2293 2295//2295
f 2352//2352 2295//2295 2297//2297
f 2356//2356 2357//2357 2287//2287
f 2287//2287 2357//2357 2289//2289
f 2358//2358 2359//2359 2248//2248
f 2306//2306 2308//2308 2360//2360
f 2360//2360 2361//2361 2306//2306
f 2293//2293 2355//2355 2285//2285
f 2285//2285 2355//2355 2356//2356
f 2285//2285 2356//2356 2287//2287
f 2289//2289 2357//2357 2291//2291
f 2291//2291 2357//2357 2362//2362
f 2291//2291 2362//2362 2247//2247
f 2247//2247 2362//2362 2358//2358
f 2247//2247 2358//2358 2248//2248
f 2360//2360 2308//2308 2359//2359
f 2359//2359 2308//2308 2310//2310
f 2359//2359 2310//2310 2248//2248
f 2353//2353 2302//2302 2361//2361
f 2361//2361 2302//2302 2304//2304
f 2361//2361 2304//2304 2306//2306
f 2363//2363 2364//2364 2305//2305
f 2305//2305 2364//2364 2307//2307
f 2365//2365 2366//2366 2250//2250
f 2324//2324 2326//2326 2367//2367
f 2367//2367 2368//2368 2324//2324
f 2311//2311 2346//2346 2303//2303
f 2303//2303 2346//2346 2363//2363
f 2303//2303 2363//2363 2305//2305
f 2307//2307 2364//2364 2309//2309
f 2309//2309 2364//2364 2369//2369
f 2309//2309 2369//2369 2249//2249
f 2249//2249 2369//2369 2365//2365
f 2249//2249 2365//2365 2250//2250
f 2367//2367 2326//2326 2366//2366
f 2366//2366 2326//2326 2328//2328
f 2366//2366 2328//2328 2250//2250
f 2344//2344 2320//2320 2368//2368
f 2368//2368 2320//2320 2322//2322
f 2368//2368 2322//2322 2324//2324
f 2370//2370 2371//2371 2239//2239
f 2333//2333 2335//2335 2372//2372
f 2372//2372 2373//2373 2333//2333
f 2257//2257 2374//2374 2258//2258
f 2258//2258 2374//2374 2375//2375
f 2258//2258 2375//2375 2235//2235
f 2235//2235 2375//2375 2376//2376
f 2235//2235 2376//2376 2236//2236
f 2236//2236 2376//2376 2237//2237
f 2237//2237 2376//2376 2377//2377
f 2237//2237 2377//2377 2238//2238
f 2238//2238 2377//2377 2370//2370
f 2238//2238 2370//2370 2239//2239
f 2372//2372 2335//2335 2371//2371
f 2371//2371 2335//2335 2337//2337
f 2371//2371 2337//2337 2239//2239
f 2378//2378 2329//2329 2373//2373
f 2373//2373 2329//2329 2331//2331
f 2373//2373 2331//2331 2333//2333
f 2379//2379 2380//2380 2252//2252
f 2255//2255 2254//2254 2381//2381
f 2381//2381 2382//2382 2255//2255
f 2329//2329 2378//2378 2321//2321
f 2321//2321 2378//2378 2383//2383
f 2321//2321 2383//2383 2323//2323
f 2323//2323 2383//2383 2384//2384
f 2323//2323 2384//2384 2325//2325
f 2325//2325 2384//2384 2327//2327
f 2327//2327 2384//2384 2385//2385
f 2327//2327 2385//2385 2251//2251
f 2251//2251 2385//2385 2379//2379
f 2251//2251 2379//2379 2252//2252
f 2381//2381 2254//2254 2380//2380
f 2380//2380 2254//2254 2253//2253
f 2380//2380 2253//2253 2252//2252
f 2374//2374 2257//2257 2382//2382
f 2382//2382 2257//2257 2256//2256
f 2382//2382 2256//2256 2255//2255
f 2386//2386 2387//2387 2296//2296
f 2296//2296 2387//2387 2298//2298
f 2388//2388 2389//2389 2227//2227
f 2279//2279 2281//2281 2390//2390
f 2390//2390 2391//2391 2279//2279
f 2284//2284 2392//2392 2294//2294
f 2294//2294 2392//2392 2386//2386
f 2294//2294 2386//2386 2296//2296
f 2298//2298 2387//2387 2300//2300
f 2300//2300 2387//2387 2393//2393
f 2300//2300 2393//2393 2226//2226
f 2226//2226 2393//2393 2388//2388
f 2226//2226 2388//2388 2227//2227
f 2390//2390 2281//2281 2389//2389
f 2389//2389 2281//2281 2283//2283
f 2389//2389 2283//2283 2227//2227
f 2394//2394 2275//2275 2391//2391
f 2391//2391 2275//2275 2277//2277
f 2391//2391 2277//2277 2279//2279
f 2395//2395 2396//2396 2269//2269
f 2269//2269 2396//2396 2271//2271
f 2397//2397 2398//2398 2246//2246
f 2288//2288 2290//2290 2399//2399
f 2399//2399 2400//2400 2288//2288
f 2275//2275 2394//2394 2267//2267
f 2267//2267 2394//2394 2395//2395
f 2267//2267 2395//2395 2269//2269
f 2271//2271 2396//2396 2273//2273
f 2273//2273 2396//2396 2401//2401
f 2273//2273 2401//2401 2245//2245
f 2245//2245 2401//2401 2397//2397
f 2245//2245 2397//2397 2246//2246
f 2399//2399 2290//2290 2398//2398
f 2398//2398 2290//2290 2292//2292
f 2398//2398 2292//2292 2246//2246
f 2392//2392 2284//2284 2400//2400
f 2400//2400 2284//2284 2286//2286
f 2400//2400 2286//2286 2288//2288
f 2402//2402 2403//2403 2262//2262
f 2262//2262 2403//2403 2263//2263
f 2404//2404 2405//2405 2244//2244
f 2270//2270 2272//2272 2406//2406
f 2406//2406 2407//2407 2270//2270
f 2260//2260 2408//2408 2261//2261
f 2261//2261 2408//2408 2402//2402
f 2261//2261 2402//2402 2262//2262
f 2263//2263 2403//2403 2264//2264
f 2264//2264 2403//2403 2409//2409
f 2264//2264 2409//2409 2265//2265
f 2265//2265 2409//2409 2404//2404
f 2265//2265 2404//2404 2244//2244
f 2406//2406 2272//2272 2405//2405
f 2405//2405 2272//2272 2274//2274
f 2405//2405 2274//2274 2244//2244
f 2410//2410 2266//2266 2407//2407
f 2407//2407 2266//2266 2268//2268
f 2407//2407 2268//2268 2270//2270
f 2345//2345 2341//2341 2340//2340
f 2341//2341 2345//2345 2342//2342
f 2342//2342 2345//2345 2339//2339
f 2342//2342 2339//2339 2343//2343
f 2343//2343 2339//2339 2338//2338
f 2343//2343 2338//2338 2346//2346
f 2346//2346 2338//2338 2344//2344
f 2346//2346 2344//2344 2363//2363
f 2363//2363 2344//2344 2368//2368
f 2363//2363 2368//2368 2364//2364
f 2364//2364 2368//2368 2367//2367
f 2364//2364 2367//2367 2369//2369
f 2369//2369 2367//2367 2366//2366
f 2369//2369 2366//2366 2365//2365
f 1764//1764 1930//1930 1765//1765
f 1765//1765 1930//1930 1929//1929
f 1765//1765 1929//1929 1795//1795
f 1795//1795 1929//1929 1909//1909
f 1795//1795 1909//1909 1775//1775
f 1930//1930 1764//1764 1931//1931
f 1931//1931 1764//1764 1787//1787
f 1931//1931 1787//1787 1867//1867
f 1867//1867 1787//1787 1746//1746
f 1867//1867 1746//1746 1868//1868
f 1868//1868 1746//1746 1745//1745
f 1868//1868 1745//1745 1843//1843
f 2411//2411 2412//2412 2278//2278
f 2278//2278 2412//2412 2280//2280
f 2413//2413 2414//2414 2229//2229
f 2232//2232 2231//2231 2415//2415
f 2415//2415 2416//2416 2232//2232
f 2266//2266 2410//2410 2276//2276
f 2276//2276 2410//2410 2411//2411
f 2276//2276 2411//2411 2278//2278
f 2280//2280 2412//2412 2282//2282
f 2282//2282 2412//2412 2417//2417
f 2282//2282 2417//2417 2228//2228
f 2228//2228 2417//2417 2413//2413
f 2228//2228 2413//2413 2229//2229
f 2415//2415 2231//2231 2414//2414
f 2414//2414 2231//2231 2230//2230
f 2414//2414 2230//2230 2229//2229
f 2408//2408 2260//2260 2416//2416
f 2416//2416 2260//2260 2259//2259
f 2416//2416 2259//2259 2232//2232
f 2417//2417 2414//2414 2413//2413
f 2414//2414 2417//2417 2415//2415
f 2415//2415 2417//2417 2412//2412
f 2415//2415 2412//2412 2416//2416
f 2416//2416 2412//2412 2411//2411
f 2416//2416 2411//2411 2408//2408
f 2408//2408 2411//2411 2410//2410
f 2408//2408 2410//2410 2402//2402
f 2402//2402 2410//2410 2407//2407
f 2402//2402 2407//2407 2403//2403
f 2403//2403 2407//2407 2406//2406
f 2403//2403 2406//2406 2409//2409
f 2409//2409 2406//2406 2405//2405
f 2409//2409 2405//2405 2404//2404
f 2092//2092 2201//2201 2091//2091
f 2091//2091 2201//2201 1789//1789
f 2091//2091 1789//1789 2418//2418
f 2418//2418 1789//1789 1790//1790
f 2419//2419 1754//1754 2074//2074
f 2074//2074 1754//1754 1753//1753
f 2074//2074 1753//1753 2075//2075
f 2005//2005 1927//1927 1926//1926
f 1927//1927 2005//2005 2000//2000
f 2000//2000 1928//1928 1927//1927
f 1928//1928 2000//2000 2002//2002
f 2002//2002 1837//1837 1928//1928
f 1837//1837 2002//2002 1961//1961
f 1961//1961 1838//1838 1837//1837
f 1838//1838 1961//1961 1960//1960
f 1960//1960 1839//1839 1838//1838
f 1974//1974 1839//1839 1960//1960
f 1840//1840 1839//1839 1974//1974
f 1988//1988 1840//1840 1974//1974
f 1841//1841 1840//1840 1988//1988
f 1990//1990 1841//1841 1988//1988
f 1948//1948 1841//1841 1990//1990
f 1991//1991 1948//1948 1990//1990
f 1950//1950 1948//1948 1991//1991
f 2005//2005 1926//1926 2003//2003
f 2003//2003 1926//1926 1866//1866
f 2003//2003 1866//1866 2006//2006
f 1991//1991 1993//1993 1950//1950
f 1950//1950 1993//1993 1995//1995
f 1950//1950 1995//1995 1817//1817
f 1998//1998 1947//1947 1873//1873
f 1947//1947 1998//1998 1999//1999
f 1999//1999 1945//1945 1947//1947
f 1945//1945 1999//1999 1978//1978
f 1978//1978 1943//1943 1945//1945
f 1943//1943 1978//1978 1977//1977
f 1977//1977 1859//1859 1943//1943
f 1859//1859 1977//1977 1959//1959
f 1959//1959 1860//1860 1859//1859
f 1958//1958 1860//1860 1959//1959
f 1861//1861 1860//1860 1958//1958
f 2009//2009 1861//1861 1958//1958
f 1862//1862 1861//1861 2009//2009
f 2008//2008 1862//1862 2009//2009
f 1863//1863 1862//1862 2008//2008
f 1955//1955 1863//1863 2008//2008
f 1864//1864 1863//1863 1955//1955
f 1998//1998 1873//1873 1996//1996
f 1996//1996 1873//1873 1817//1817
f 1996//1996 1817//1817 1995//1995
f 1955//1955 1954//1954 1864//1864
f 1864//1864 1954//1954 2006//2006
f 1864//1864 2006//2006 1866//1866
f 1754//1754 2419//2419 1742//1742
f 1742//1742 2419//2419 2420//2420
f 1742//1742 2420//2420 1743//1743
f 1743//1743 2420//2420 2421//2421
f 1743//1743 2421//2421 1810//1810
f 1810//1810 2421//2421 2422//2422
f 1810//1810 2422//2422 1808//1808
f 1808//1808 2422//2422 2423//2423
f 1808//1808 2423//2423 1760//1760
f 1760//1760 2423//2423 2424//2424
f 1760//1760 2424//2424 1761//1761
f 1761//1761 2424//2424 2425//2425
f 1761//1761 2425//2425 1758//1758
f 1758//1758 2425//2425 2426//2426
f 1758//1758 2426//2426 1740//1740
f 1740//1740 2426//2426 2427//2427
f 1740//1740 2427//2427 1791//1791
f 1791//1791 2427//2427 2428//2428
f 1791//1791 2428//2428 1793//1793
f 1793//1793 2428//2428 2429//2429
f 1793//1793 2429//2429 1794//1794
f 1794//1794 2429//2429 2430//2430
f 1794//1794 2430//2430 1792//1792
f 1792//1792 2430//2430 2431//2431
f 2431//2431 2418//2418 1792//1792
f 1792//1792 2418//2418 1790//1790
f 2122//2122 2091//2091 2124//2124
f 2122//2122 2120//2120 2091//2091
f 2091//2091 2126//2126 2124//2124
f 2037//2037 2172//2172 2170//2170
f 2071//2071 2059//2059 2056//2056
f 2091//2091 2120//2120 2089//2089
f 2158//2158 2162//2162 2159//2159
f 2164//2164 2162//2162 2158//2158
f 2164//2164 2158//2158 2156//2156
f 2164//2164 2156//2156 2154//2154
f 2164//2164 2154//2154 2043//2043
f 2164//2164 2043//2043 2042//2042
f 2164//2164 2042//2042 2041//2041
f 2164//2164 2041//2041 2040//2040
f 2164//2164 2040//2040 2039//2039
f 2118//2118 2200//2200 2198//2198
f 2118//2118 2198//2198 2196//2196
f 2118//2118 2196//2196 2194//2194
f 2118//2118 2194//2194 2192//2192
f 2118//2118 2192//2192 2190//2190
f 2118//2118 2190//2190 2188//2188
f 2118//2118 2188//2188 2186//2186
f 2118//2118 2186//2186 2067//2067
f 2118//2118 2067//2067 2073//2073
f 2418//2418 2431//2431 2010//2010
f 2418//2418 2010//2010 2130//2130
f 2418//2418 2130//2130 2128//2128
f 2418//2418 2128//2128 2126//2126
f 2418//2418 2126//2126 2091//2091
f 2010//2010 2043//2043 2154//2154
f 2010//2010 2154//2154 2152//2152
f 2010//2010 2152//2152 2150//2150
f 2010//2010 2150//2150 2148//2148
f 2010//2010 2148//2148 2146//2146
f 2010//2010 2146//2146 2144//2144
f 2010//2010 2144//2144 2142//2142
f 2010//2010 2142//2142 2140//2140
f 2010//2010 2140//2140 2138//2138
f 2010//2010 2138//2138 2136//2136
f 2010//2010 2136//2136 2134//2134
f 2010//2010 2134//2134 2132//2132
f 2010//2010 2132//2132 2130//2130
f 2038//2038 2037//2037 2170//2170
f 2038//2038 2170//2170 2168//2168
f 2038//2038 2168//2168 2166//2166
f 2038//2038 2166//2166 2164//2164
f 2038//2038 2164//2164 2039//2039
f 2073//2073 2067//2067 2065//2065
f 2073//2073 2065//2065 2063//2063
f 2073//2073 2063//2063 2061//2061
f 2073//2073 2061//2061 2059//2059
f 2073//2073 2059//2059 2071//2071
f 2426//2426 2425//2425 2021//2021
f 2426//2426 2021//2021 2020//2020
f 2426//2426 2020//2020 2019//2019
f 2426//2426 2019//2019 2018//2018
f 2426//2426 2018//2018 2017//2017
f 2426//2426 2017//2017 2016//2016
f 2426//2426 2016//2016 2015//2015
f 2427//2427 2426//2426 2015//2015
f 2427//2427 2015//2015 2014//2014
f 2427//2427 2014//2014 2011//2011
f 2427//2427 2011//2011 2010//2010
f 2010//2010 2431//2431 2430//2430
f 2010//2010 2430//2430 2429//2429
f 2010//2010 2429//2429 2428//2428
f 2010//2010 2428//2428 2427//2427
f 2419//2419 2028//2028 2027//2027
f 2419//2419 2027//2027 2026//2026
f 2419//2419 2026//2026 2420//2420
f 2419//2419 2074//2074 2028//2028
f 2028//2028 2074//2074 2069//2069
f 2028//2028 2069//2069 2186//2186
f 2186//2186 2069//2069 2067//2067
f 2172//2172 2037//2037 2174//2174
f 2174//2174 2037//2037 2036//2036
f 2174//2174 2036//2036 2176//2176
f 2176//2176 2036//2036 2035//2035
f 2176//2176 2035//2035 2178//2178
f 2178//2178 2035//2035 2034//2034
f 2178//2178 2034//2034 2180//2180
f 2180//2180 2034//2034 2033//2033
f 2180//2180 2033//2033 2182//2182
f 2182//2182 2033//2033 2032//2032
f 2182//2182 2032//2032 2184//2184
f 2184//2184 2032//2032 2031//2031
f 2184//2184 2031//2031 2030//2030
f 2184//2184 2030//2030 2186//2186
f 2186//2186 2030//2030 2029//2029
f 2186//2186 2029//2029 2028//2028
f 2021//2021 2425//2425 2022//2022
f 2022//2022 2425//2425 2424//2424
f 2022//2022 2424//2424 2023//2023
f 2023//2023 2424//2424 2423//2423
f 2023//2023 2423//2423 2024//2024
f 2024//2024 2423//2423 2422//2422
f 2024//2024 2422//2422 2025//2025
f 2025//2025 2422//2422 2421//2421
f 2025//2025 2421//2421 2026//2026
f 2026//2026 2421//2421 2420//2420
f 2212//2212 2211//2211 1910//1910
f 1910//1910 2211//2211 2233//2233
f 1910//1910 2233//2233 1877//1877
f 1877//1877 2233//2233 2234//2234
f 1877//1877 2234//2234 2210//2210
f 2210//2210 2234//2234 2206//2206
f 1814//1814 1952//1952 1916//1916
f 1916//1916 1952//1952 2215//2215
f 1916//1916 2215//2215 1917//1917
f 1917//1917 2215//2215 2214//2214
f 1917//1917 2214//2214 1918//1918
f 1918//1918 2214//2214 2213//2213
f 1918//1918 2213//2213 1910//1910
f 1910//1910 2213//2213 2212//2212
f 2204//2204 1869//1869 2205//2205
f 2205//2205 1869//1869 1876//1876
f 1877//1877 2210//2210 1878//1878
f 1878//1878 2210//2210 2209//2209
f 1878//1878 2209//2209 1879//1879
f 1879//1879 2209//2209 2208//2208
f 1879//1879 2208//2208 1880//1880
f 1880//1880 2208//2208 2207//2207
f 1880//1880 2207//2207 1876//1876
f 1876//1876 2207//2207 2205//2205
f 1827//1827 1752//1752 1828//1828
f 1828//1828 1752//1752 1751//1751
f 1870//1870 2219//2219 1871//1871
f 1871//1871 2219//2219 2218//2218
f 1871//1871 2218//2218 1872//1872
f 1872//1872 2218//2218 2217//2217
f 1872//1872 2217//2217 1815//1815
f 1815//1815 2217//2217 2216//2216
f 1815//1815 2216//2216 1816//1816
f 1805//1805 1804//1804 1936//1936
f 1805//1805 1936//1936 1816//1816
f 1805//1805 1816//1816 2216//2216
f 1805//1805 2216//2216 2116//2116
f 1869//1869 2204//2204 1820//1820
f 1820//1820 2204//2204 2223//2223
f 1820//1820 2223//2223 1818//1818
f 1818//1818 2223//2223 2222//2222
f 1818//1818 2222//2222 1819//1819
f 1819//1819 2222//2222 2221//2221
f 1819//1819 2221//2221 1870//1870
f 1870//1870 2221//2221 2220//2220
f 1870//1870 2220//2220 2219//2219
f 1752//1752 1827//1827 1804//1804
f 1804//1804 1827//1827 1936//1936
f 1762//1762 1836//1836 1783//1783
f 1783//1783 1836//1836 1835//1835
f 1783//1783 1835//1835 1784//1784
f 1784//1784 1835//1835 1834//1834
f 1784//1784 1834//1834 1779//1779
f 1779//1779 1834//1834 1833//1833
f 1779//1779 1833//1833 1800//1800
f 1800//1800 1833//1833 1832//1832
f 1800//1800 1832//1832 1798//1798
f 1798//1798 1832//1832 1831//1831
f 1798//1798 1831//1831 1796//1796
f 1796//1796 1831//1831 1932//1932
f 1796//1796 1932//1932 1797//1797
f 1797//1797 1932//1932 1822//1822
f 1797//1797 1822//1822 1799//1799
f 1799//1799 1822//1822 1829//1829
f 1799//1799 1829//1829 1751//1751
f 1751//1751 1829//1829 1828//1828
f 1836//1836 1762//1762 1902//1902
f 1902//1902 1762//1762 1766//1766
f 2206//2206 2234//2234 2202//2202
f 2202//2202 2234//2234 2225//2225
f 2354//2354 2350//2350 2349//2349
f 2350//2350 2354//2354 2351//2351
f 2351//2351 2354//2354 2348//2348
f 2351//2351 2348//2348 2352//2352
f 2352//2352 2348//2348 2347//2347
f 2352//2352 2347//2347 2355//2355
f 2355//2355 2347//2347 2353//2353
f 2355//2355 2353//2353 2356//2356
f 2356//2356 2353//2353 2361//2361
f 2356//2356 2361//2361 2357//2357
f 2357//2357 2361//2361 2360//2360
f 2357//2357 2360//2360 2362//2362
f 2362//2362 2360//2360 2359//2359
f 2362//2362 2359//2359 2358//2358
f 2393//2393 2389//2389 2388//2388
f 2389//2389 2393//2393 2390//2390
f 2390//2390 2393//2393 2387//2387
f 2390//2390 2387//2387 2391//2391
f 2391//2391 2387//2387 2386//2386
f 2391//2391 2386//2386 2394//2394
f 2394//2394 2386//2386 2392//2392
f 2394//2394 2392//2392 2395//2395
f 2395//2395 2392//2392 2400//2400
f 2395//2395 2400//2400 2396//2396
f 2396//2396 2400//2400 2399//2399
f 2396//2396 2399//2399 2401//2401
f 2401//2401 2399//2399 2398//2398
f 2401//2401 2398//2398 2397//2397
f 2203//2203 2224//2224 2211//2211
f 2211//2211 2224//2224 2233//2233
f 2377//2377 2371//2371 2370//2370
f 2371//2371 2377//2377 2372//2372
f 2372//2372 2377//2377 2376//2376
f 2372//2372 2376//2376 2373//2373
f 2373//2373 2376//2376 2375//2375
f 2373//2373 2375//2375 2378//2378
f 2378//2378 2375//2375 2374//2374
f 2378//2378 2374//2374 2383//2383
f 2383//2383 2374//2374 2382//2382
f 2383//2383 2382//2382 2384//2384
f 2384//2384 2382//2382 2381//2381
f 2384//2384 2381//2381 2385//2385
f 2385//2385 2381//2381 2380//2380
f 2385//2385 2380//2380 2379//2379
f 2432//2432 2433//2433 2434//2434
f 2434//2434 2433//2433 2435//2435
f 2434//2434 2435//2435 2436//2436
f 2436//2436 2435//2435 2437//2437
f 2436//2436 2437//2437 2438//2438
f 2438//2438 2437//2437 2439//2439
f 2438//2438 2439//2439 2440//2440
f 2440//2440 2439//2439 2441//2441
f 2440//2440 2441//2441 2442//2442
f 2442//2442 2441//2441 2443//2443
f 2442//2442 2443//2443 2444//2444
f 2444//2444 2443//2443 2445//2445
f 2444//2444 2445//2445 2446//2446
f 2446//2446 2445//2445 2447//2447
f 2446//2446 2447//2447 2448//2448
f 2448//2448 2447//2447 2449//2449
f 2448//2448 2449//2449 2450//2450
f 2450//2450 2449//2449 2451//2451
f 2432//2432 2452//2452 2433//2433
f 2433//2433 2452//2452 2453//2453
f 2454//2454 2455//2455 2456//2456
f 2457//2457 2458//2458 2459//2459
f 2460//2460 2461//2461 2462//2462
f 2460//2460 2462//2462 2463//2463
f 2460//2460 2463//2463 2464//2464
f 2460//2460 2464//2464 2465//2465
f 2451//2451 2466//2466 2467//2467
f 2451//2451 2467//2467 2468//2468
f 2451//2451 2468//2468 2457//2457
f 2451//2451 2457//2457 2459//2459
f 2451//2451 2459//2459 2469//2469
f 2451//2451 2469//2469 2470//2470
f 2451//2451 2470//2470 2471//2471
f 2472//2472 2473//2473 2474//2474
f 2472//2472 2474//2474 2475//2475
f 2472//2472 2475//2475 2455//2455
f 2433//2433 2453//2453 2476//2476
f 2433//2433 2476//2476 2477//2477
f 2433//2433 2477//2477 2478//2478
f 2462//2462 2479//2479 2480//2480
f 2462//2462 2480//2480 2481//2481
f 2462//2462 2481//2481 2463//2463
f 2482//2482 2483//2483 2484//2484
f 2482//2482 2484//2484 2485//2485
f 2482//2482 2485//2485 2486//2486
f 2482//2482 2486//2486 2487//2487
f 2482//2482 2487//2487 2488//2488
f 2482//2482 2488//2488 2489//2489
f 2482//2482 2489//2489 2490//2490
f 2439//2439 2437//2437 2435//2435
f 2439//2439 2435//2435 2433//2433
f 2439//2439 2433//2433 2491//2491
f 2439//2439 2491//2491 2492//2492
f 2439//2439 2492//2492 2493//2493
f 2439//2439 2493//2493 2466//2466
f 2439//2439 2466//2466 2451//2451
f 2465//2465 2464//2464 2494//2494
f 2494//2494 2464//2464 2495//2495
f 2494//2494 2495//2495 2477//2477
f 2477//2477 2495//2495 2496//2496
f 2477//2477 2496//2496 2478//2478
f 2497//2497 2498//2498 2454//2454
f 2454//2454 2498//2498 2499//2499
f 2454//2454 2499//2499 2455//2455
f 2455//2455 2499//2499 2500//2500
f 2455//2455 2475//2475 2456//2456
f 2456//2456 2475//2475 2491//2491
f 2456//2456 2491//2491 2478//2478
f 2478//2478 2491//2491 2433//2433
f 2501//2501 2502//2502 2503//2503
f 2503//2503 2502//2502 2500//2500
f 2503//2503 2500//2500 2499//2499
f 2487//2487 2486//2486 2453//2453
f 2453//2453 2486//2486 2504//2504
f 2453//2453 2504//2504 2476//2476
f 2439//2439 2451//2451 2441//2441
f 2441//2441 2451//2451 2449//2449
f 2441//2441 2449//2449 2443//2443
f 2443//2443 2449//2449 2447//2447
f 2443//2443 2447//2447 2445//2445
f 2484//2484 2483//2483 2505//2505
f 2505//2505 2483//2483 2506//2506
f 2505//2505 2506//2506 2507//2507
f 2462//2462 2461//2461 2506//2506
f 2506//2506 2461//2461 2507//2507
f 2471//2471 2470//2470 2508//2508
f 2508//2508 2470//2470 2509//2509
f 2458//2458 2457//2457 2510//2510
f 2510//2510 2457//2457 2511//2511
f 2510//2510 2511//2511 2512//2512
f 2512//2512 2511//2511 2513//2513
f 2512//2512 2513//2513 2514//2514
f 2512//2512 2514//2514 2474//2474
f 2474//2474 2514//2514 2515//2515
f 2474//2474 2515//2515 2475//2475
f 2516//2516 2450//2450 2471//2471
f 2471//2471 2450//2450 2451//2451
f 2517//2517 2518//2518 2519//2519
f 2520//2520 2521//2521 2522//2522
f 2523//2523 2524//2524 2525//2525
f 2526//2526 2446//2446 2527//2527
f 2527//2527 2446//2446 2528//2528
f 2529//2529 2528//2528 2446//2446
f 2529//2529 2446//2446 2448//2448
f 2529//2529 2448//2448 2450//2450
f 2529//2529 2450//2450 2516//2516
f 2529//2529 2516//2516 2530//2530
f 2531//2531 2532//2532 2533//2533
f 2531//2531 2533//2533 2534//2534
f 2531//2531 2534//2534 2535//2535
f 2531//2531 2535//2535 2536//2536
f 2531//2531 2536//2536 2537//2537
f 2531//2531 2537//2537 2432//2432
f 2531//2531 2432//2432 2434//2434
f 2531//2531 2434//2434 2436//2436
f 2531//2531 2436//2436 2438//2438
f 2531//2531 2438//2438 2440//2440
f 2531//2531 2440//2440 2442//2442
f 2538//2538 2539//2539 2540//2540
f 2538//2538 2540//2540 2541//2541
f 2538//2538 2541//2541 2542//2542
f 2538//2538 2542//2542 2543//2543
f 2538//2538 2543//2543 2544//2544
f 2538//2538 2544//2544 2545//2545
f 2538//2538 2545//2545 2546//2546
f 2547//2547 2548//2548 2549//2549
f 2547//2547 2549//2549 2550//2550
f 2547//2547 2550//2550 2551//2551
f 2552//2552 2548//2548 2547//2547
f 2552//2552 2547//2547 2553//2553
f 2552//2552 2553//2553 2554//2554
f 2552//2552 2554//2554 2555//2555
f 2552//2552 2555//2555 2556//2556
f 2552//2552 2556//2556 2557//2557
f 2552//2552 2557//2557 2558//2558
f 2552//2552 2558//2558 2559//2559
f 2539//2539 2538//2538 2560//2560
f 2539//2539 2560//2560 2561//2561
f 2539//2539 2561//2561 2562//2562
f 2539//2539 2562//2562 2563//2563
f 2564//2564 2565//2565 2566//2566
f 2564//2564 2566//2566 2567//2567
f 2564//2564 2567//2567 2568//2568
f 2564//2564 2568//2568 2520//2520
f 2564//2564 2520//2520 2522//2522
f 2564//2564 2522//2522 2569//2569
f 2564//2564 2569//2569 2570//2570
f 2564//2564 2570//2570 2571//2571
f 2564//2564 2571//2571 2524//2524
f 2564//2564 2524//2524 2523//2523
f 2572//2572 2573//2573 2574//2574
f 2572//2572 2574//2574 2575//2575
f 2572//2572 2575//2575 2576//2576
f 2572//2572 2576//2576 2577//2577
f 2572//2572 2577//2577 2578//2578
f 2572//2572 2578//2578 2547//2547
f 2572//2572 2547//2547 2551//2551
f 2572//2572 2551//2551 2579//2579
f 2572//2572 2579//2579 2580//2580
f 2572//2572 2580//2580 2581//2581
f 2572//2572 2581//2581 2582//2582
f 2572//2572 2582//2582 2583//2583
f 2572//2572 2583//2583 2584//2584
f 2572//2572 2584//2584 2585//2585
f 2572//2572 2585//2585 2565//2565
f 2572//2572 2565//2565 2586//2586
f 2572//2572 2586//2586 2587//2587
f 2572//2572 2587//2587 2588//2588
f 2565//2565 2585//2585 2589//2589
f 2565//2565 2589//2589 2590//2590
f 2565//2565 2590//2590 2591//2591
f 2565//2565 2591//2591 2566//2566
f 2592//2592 2562//2562 2593//2593
f 2592//2592 2593//2593 2518//2518
f 2592//2592 2518//2518 2517//2517
f 2562//2562 2592//2592 2594//2594
f 2562//2562 2594//2594 2595//2595
f 2562//2562 2595//2595 2596//2596
f 2562//2562 2596//2596 2563//2563
f 2452//2452 2597//2597 2598//2598
f 2452//2452 2598//2598 2599//2599
f 2452//2452 2599//2599 2600//2600
f 2452//2452 2600//2600 2601//2601
f 2452//2452 2601//2601 2602//2602
f 2452//2452 2602//2602 2603//2603
f 2604//2604 2605//2605 2606//2606
f 2604//2604 2606//2606 2607//2607
f 2604//2604 2607//2607 2608//2608
f 2604//2604 2608//2608 2609//2609
f 2604//2604 2609//2609 2573//2573
f 2604//2604 2573//2573 2572//2572
f 2605//2605 2604//2604 2610//2610
f 2605//2605 2610//2610 2611//2611
f 2605//2605 2611//2611 2612//2612
f 2605//2605 2612//2612 2517//2517
f 2605//2605 2517//2517 2519//2519
f 2562//2562 2553//2553 2547//2547
f 2562//2562 2547//2547 2613//2613
f 2562//2562 2613//2613 2614//2614
f 2562//2562 2614//2614 2615//2615
f 2562//2562 2615//2615 2616//2616
f 2562//2562 2616//2616 2617//2617
f 2562//2562 2617//2617 2618//2618
f 2562//2562 2618//2618 2619//2619
f 2562//2562 2619//2619 2593//2593
f 2432//2432 2537//2537 2620//2620
f 2432//2432 2620//2620 2621//2621
f 2432//2432 2621//2621 2622//2622
f 2432//2432 2622//2622 2452//2452
f 2562//2562 2561//2561 2623//2623
f 2562//2562 2623//2623 2624//2624
f 2562//2562 2624//2624 2625//2625
f 2562//2562 2625//2625 2597//2597
f 2562//2562 2597//2597 2452//2452
f 2562//2562 2452//2452 2622//2622
f 2444//2444 2446//2446 2526//2526
f 2444//2444 2526//2526 2626//2626
f 2444//2444 2626//2626 2627//2627
f 2444//2444 2627//2627 2531//2531
f 2444//2444 2531//2531 2442//2442
f 2628//2628 2530//2530 2520//2520
f 2520//2520 2530//2530 2516//2516
f 2520//2520 2516//2516 2521//2521
f 2521//2521 2516//2516 2629//2629
f 2546//2546 2545//2545 2630//2630
f 2630//2630 2545//2545 2631//2631
f 2630//2630 2631//2631 2632//2632
f 2632//2632 2631//2631 2633//2633
f 2633//2633 2631//2631 2599//2599
f 2633//2633 2599//2599 2598//2598
f 2568//2568 2567//2567 2634//2634
f 2634//2634 2567//2567 2635//2635
f 2634//2634 2635//2635 2636//2636
f 2636//2636 2635//2635 2637//2637
f 2636//2636 2637//2637 2638//2638
f 2638//2638 2637//2637 2639//2639
f 2638//2638 2639//2639 2558//2558
f 2558//2558 2639//2639 2640//2640
f 2558//2558 2640//2640 2559//2559
f 2533//2533 2532//2532 2641//2641
f 2641//2641 2532//2532 2642//2642
f 2641//2641 2642//2642 2643//2643
f 2643//2643 2642//2642 2644//2644
f 2643//2643 2644//2644 2520//2520
f 2520//2520 2644//2644 2628//2628
f 2539//2539 2464//2464 2540//2540
f 2540//2540 2464//2464 2463//2463
f 2540//2540 2463//2463 2541//2541
f 2541//2541 2463//2463 2481//2481
f 2541//2541 2481//2481 2542//2542
f 2542//2542 2481//2481 2480//2480
f 2542//2542 2480//2480 2543//2543
f 2543//2543 2480//2480 2479//2479
f 2543//2543 2479//2479 2544//2544
f 2544//2544 2479//2479 2462//2462
f 2544//2544 2462//2462 2545//2545
f 2545//2545 2462//2462 2506//2506
f 2545//2545 2506//2506 2631//2631
f 2631//2631 2506//2506 2483//2483
f 2631//2631 2483//2483 2599//2599
f 2599//2599 2483//2483 2482//2482
f 2599//2599 2482//2482 2600//2600
f 2600//2600 2482//2482 2490//2490
f 2600//2600 2490//2490 2601//2601
f 2601//2601 2490//2490 2489//2489
f 2601//2601 2489//2489 2602//2602
f 2602//2602 2489//2489 2488//2488
f 2602//2602 2488//2488 2603//2603
f 2603//2603 2488//2488 2487//2487
f 2603//2603 2487//2487 2452//2452
f 2452//2452 2487//2487 2453//2453
f 2644//2644 2513//2513 2628//2628
f 2628//2628 2513//2513 2511//2511
f 2628//2628 2511//2511 2530//2530
f 2530//2530 2511//2511 2457//2457
f 2530//2530 2457//2457 2529//2529
f 2513//2513 2644//2644 2514//2514
f 2514//2514 2644//2644 2642//2642
f 2514//2514 2642//2642 2515//2515
f 2515//2515 2642//2642 2532//2532
f 2515//2515 2532//2532 2475//2475
f 2475//2475 2532//2532 2531//2531
f 2475//2475 2531//2531 2491//2491
f 2526//2526 2493//2493 2626//2626
f 2626//2626 2493//2493 2492//2492
f 2626//2626 2492//2492 2627//2627
f 2627//2627 2492//2492 2491//2491
f 2627//2627 2491//2491 2531//2531
f 2493//2493 2526//2526 2466//2466
f 2466//2466 2526//2526 2527//2527
f 2466//2466 2527//2527 2467//2467
f 2467//2467 2527//2527 2528//2528
f 2467//2467 2528//2528 2468//2468
f 2468//2468 2528//2528 2529//2529
f 2468//2468 2529//2529 2457//2457
f 2623//2623 2476//2476 2624//2624
f 2624//2624 2476//2476 2504//2504
f 2624//2624 2504//2504 2625//2625
f 2625//2625 2504//2504 2486//2486
f 2625//2625 2486//2486 2597//2597
f 2476//2476 2623//2623 2477//2477
f 2477//2477 2623//2623 2561//2561
f 2477//2477 2561//2561 2494//2494
f 2494//2494 2561//2561 2560//2560
f 2494//2494 2560//2560 2465//2465
f 2465//2465 2560//2560 2538//2538
f 2465//2465 2538//2538 2460//2460
f 2632//2632 2507//2507 2630//2630
f 2630//2630 2507//2507 2461//2461
f 2630//2630 2461//2461 2546//2546
f 2546//2546 2461//2461 2460//2460
f 2546//2546 2460//2460 2538//2538
f 2507//2507 2632//2632 2505//2505
f 2505//2505 2632//2632 2633//2633
f 2505//2505 2633//2633 2484//2484
f 2484//2484 2633//2633 2598//2598
f 2484//2484 2598//2598 2485//2485
f 2485//2485 2598//2598 2597//2597
f 2485//2485 2597//2597 2486//2486
f 2497//2497 2645//2645 2498//2498
f 2498//2498 2645//2645 2646//2646
f 2647//2647 2645//2645 2517//2517
f 2517//2517 2645//2645 2497//2497
f 2517//2517 2497//2497 2592//2592
f 2592//2592 2497//2497 2454//2454
f 2464//2464 2539//2539 2495//2495
f 2495//2495 2539//2539 2563//2563
f 2495//2495 2563//2563 2496//2496
f 2496//2496 2563//2563 2596//2596
f 2496//2496 2596//2596 2478//2478
f 2478//2478 2596//2596 2595//2595
f 2478//2478 2595//2595 2456//2456
f 2456//2456 2595//2595 2594//2594
f 2456//2456 2594//2594 2454//2454
f 2454//2454 2594//2594 2592//2592
f 2571//2571 2570//2570 2648//2648
f 2649//2649 2648//2648 2570//2570
f 2570//2570 2569//2569 2649//2649
f 2650//2650 2649//2649 2569//2569
f 2569//2569 2522//2522 2650//2650
f 2651//2651 2650//2650 2522//2522
f 2521//2521 2629//2629 2509//2509
f 2521//2521 2509//2509 2652//2652
f 2521//2521 2652//2652 2651//2651
f 2521//2521 2651//2651 2522//2522
f 2653//2653 2564//2564 2654//2654
f 2654//2654 2564//2564 2523//2523
f 2654//2654 2523//2523 2655//2655
f 2655//2655 2523//2523 2525//2525
f 2655//2655 2525//2525 2656//2656
f 2656//2656 2525//2525 2524//2524
f 2656//2656 2524//2524 2657//2657
f 2657//2657 2524//2524 2571//2571
f 2657//2657 2571//2571 2648//2648
f 2516//2516 2471//2471 2629//2629
f 2629//2629 2471//2471 2508//2508
f 2629//2629 2508//2508 2509//2509
f 2652//2652 2509//2509 2658//2658
f 2658//2658 2509//2509 2470//2470
f 2658//2658 2470//2470 2659//2659
f 2660//2660 2470//2470 2661//2661
f 2661//2661 2470//2470 2469//2469
f 2661//2661 2469//2469 2662//2662
f 2662//2662 2469//2469 2663//2663
f 2663//2663 2469//2469 2459//2459
f 2663//2663 2459//2459 2664//2664
f 2664//2664 2459//2459 2458//2458
f 2664//2664 2458//2458 2665//2665
f 2665//2665 2458//2458 2510//2510
f 2665//2665 2510//2510 2666//2666
f 2666//2666 2510//2510 2512//2512
f 2666//2666 2512//2512 2667//2667
f 2667//2667 2512//2512 2474//2474
f 2667//2667 2474//2474 2668//2668
f 2668//2668 2474//2474 2473//2473
f 2668//2668 2473//2473 2669//2669
f 2669//2669 2473//2473 2472//2472
f 2472//2472 2455//2455 2669//2669
f 2669//2669 2455//2455 2670//2670
f 2670//2670 2455//2455 2671//2671
f 2671//2671 2455//2455 2500//2500
f 2671//2671 2500//2500 2672//2672
f 2672//2672 2500//2500 2502//2502
f 2672//2672 2502//2502 2673//2673
f 2673//2673 2502//2502 2501//2501
f 2673//2673 2501//2501 2674//2674
f 2674//2674 2501//2501 2503//2503
f 2674//2674 2503//2503 2675//2675
f 2675//2675 2503//2503 2499//2499
f 2676//2676 2677//2677 2646//2646
f 2646//2646 2677//2677 2498//2498
f 2677//2677 2675//2675 2498//2498
f 2498//2498 2675//2675 2499//2499
f 2621//2621 2678//2678 2622//2622
f 2679//2679 2678//2678 2621//2621
f 2620//2620 2679//2679 2621//2621
f 2680//2680 2679//2679 2620//2620
f 2537//2537 2680//2680 2620//2620
f 2681//2681 2680//2680 2537//2537
f 2536//2536 2681//2681 2537//2537
f 2682//2682 2681//2681 2536//2536
f 2535//2535 2682//2682 2536//2536
f 2535//2535 2683//2683 2682//2682
f 2683//2683 2535//2535 2534//2534
f 2534//2534 2684//2684 2683//2683
f 2684//2684 2534//2534 2533//2533
f 2533//2533 2685//2685 2684//2684
f 2685//2685 2533//2533 2641//2641
f 2641//2641 2686//2686 2685//2685
f 2686//2686 2641//2641 2643//2643
f 2678//2678 2687//2687 2622//2622
f 2622//2622 2687//2687 2688//2688
f 2622//2622 2688//2688 2562//2562
f 2686//2686 2643//2643 2689//2689
f 2689//2689 2643//2643 2520//2520
f 2689//2689 2520//2520 2690//2690
f 2634//2634 2691//2691 2568//2568
f 2692//2692 2691//2691 2634//2634
f 2636//2636 2692//2692 2634//2634
f 2693//2693 2692//2692 2636//2636
f 2638//2638 2693//2693 2636//2636
f 2694//2694 2693//2693 2638//2638
f 2558//2558 2694//2694 2638//2638
f 2695//2695 2694//2694 2558//2558
f 2557//2557 2695//2695 2558//2558
f 2557//2557 2696//2696 2695//2695
f 2696//2696 2557//2557 2556//2556
f 2556//2556 2697//2697 2696//2696
f 2697//2697 2556//2556 2555//2555
f 2555//2555 2698//2698 2697//2697
f 2698//2698 2555//2555 2554//2554
f 2554//2554 2699//2699 2698//2698
f 2699//2699 2554//2554 2553//2553
f 2691//2691 2700//2700 2568//2568
f 2568//2568 2700//2700 2690//2690
f 2568//2568 2690//2690 2520//2520
f 2699//2699 2553//2553 2701//2701
f 2701//2701 2553//2553 2562//2562
f 2701//2701 2562//2562 2688//2688
f 2518//2518 2702//2702 2519//2519
f 2703//2703 2702//2702 2518//2518
f 2593//2593 2703//2703 2518//2518
f 2704//2704 2703//2703 2593//2593
f 2619//2619 2704//2704 2593//2593
f 2705//2705 2704//2704 2619//2619
f 2618//2618 2705//2705 2619//2619
f 2706//2706 2705//2705 2618//2618
f 2617//2617 2706//2706 2618//2618
f 2617//2617 2707//2707 2706//2706
f 2707//2707 2617//2617 2616//2616
f 2616//2616 2708//2708 2707//2707
f 2708//2708 2616//2616 2615//2615
f 2615//2615 2709//2709 2708//2708
f 2709//2709 2615//2615 2614//2614
f 2614//2614 2710//2710 2709//2709
f 2710//2710 2614//2614 2613//2613
f 2702//2702 2711//2711 2519//2519
f 2519//2519 2711//2711 2712//2712
f 2519//2519 2712//2712 2605//2605
f 2710//2710 2613//2613 2713//2713
f 2713//2713 2613//2613 2547//2547
f 2713//2713 2547//2547 2714//2714
f 2574//2574 2715//2715 2575//2575
f 2575//2575 2715//2715 2716//2716
f 2575//2575 2716//2716 2576//2576
f 2576//2576 2716//2716 2717//2717
f 2576//2576 2717//2717 2577//2577
f 2577//2577 2717//2717 2718//2718
f 2577//2577 2718//2718 2578//2578
f 2578//2578 2718//2718 2714//2714
f 2578//2578 2714//2714 2547//2547
f 2715//2715 2574//2574 2719//2719
f 2719//2719 2574//2574 2573//2573
f 2719//2719 2573//2573 2720//2720
f 2720//2720 2573//2573 2609//2609
f 2720//2720 2609//2609 2721//2721
f 2721//2721 2609//2609 2608//2608
f 2721//2721 2608//2608 2722//2722
f 2722//2722 2608//2608 2607//2607
f 2722//2722 2607//2607 2723//2723
f 2723//2723 2607//2607 2606//2606
f 2723//2723 2606//2606 2724//2724
f 2724//2724 2606//2606 2605//2605
f 2724//2724 2605//2605 2712//2712
f 2640//2640 2725//2725 2559//2559
f 2726//2726 2725//2725 2640//2640
f 2639//2639 2726//2726 2640//2640
f 2727//2727 2726//2726 2639//2639
f 2637//2637 2727//2727 2639//2639
f 2728//2728 2727//2727 2637//2637
f 2635//2635 2728//2728 2637//2637
f 2729//2729 2728//2728 2635//2635
f 2567//2567 2729//2729 2635//2635
f 2567//2567 2730//2730 2729//2729
f 2730//2730 2567//2567 2566//2566
f 2566//2566 2731//2731 2730//2730
f 2731//2731 2566//2566 2591//2591
f 2591//2591 2732//2732 2731//2731
f 2732//2732 2591//2591 2590//2590
f 2590//2590 2733//2733 2732//2732
f 2733//2733 2590//2590 2589//2589
f 2725//2725 2734//2734 2559//2559
f 2559//2559 2734//2734 2735//2735
f 2559//2559 2735//2735 2552//2552
f 2733//2733 2589//2589 2736//2736
f 2736//2736 2589//2589 2585//2585
f 2736//2736 2585//2585 2737//2737
f 2580//2580 2738//2738 2581//2581
f 2581//2581 2738//2738 2739//2739
f 2581//2581 2739//2739 2582//2582
f 2582//2582 2739//2739 2740//2740
f 2582//2582 2740//2740 2583//2583
f 2583//2583 2740//2740 2741//2741
f 2583//2583 2741//2741 2584//2584
f 2584//2584 2741//2741 2737//2737
f 2584//2584 2737//2737 2585//2585
f 2738//2738 2580//2580 2742//2742
f 2742//2742 2580//2580 2579//2579
f 2742//2742 2579//2579 2743//2743
f 2743//2743 2579//2579 2551//2551
f 2743//2743 2551//2551 2744//2744
f 2744//2744 2551//2551 2550//2550
f 2744//2744 2550//2550 2745//2745
f 2745//2745 2550//2550 2549//2549
f 2745//2745 2549//2549 2746//2746
f 2746//2746 2549//2549 2548//2548
f 2746//2746 2548//2548 2747//2747
f 2747//2747 2548//2548 2552//2552
f 2747//2747 2552//2552 2735//2735
f 2647//2647 2517//2517 2748//2748
f 2748//2748 2517//2517 2612//2612
f 2748//2748 2612//2612 2749//2749
f 2749//2749 2612//2612 2611//2611
f 2749//2749 2611//2611 2750//2750
f 2750//2750 2611//2611 2610//2610
f 2750//2750 2610//2610 2751//2751
f 2751//2751 2610//2610 2604//2604
f 2604//2604 2752//2752 2751//2751
f 2752//2752 2604//2604 2753//2753
f 2753//2753 2604//2604 2572//2572
f 2753//2753 2572//2572 2754//2754
f 2754//2754 2572//2572 2755//2755
f 2754//2754 2755//2755 2756//2756
f 2755//2755 2572//2572 2757//2757
f 2757//2757 2572//2572 2588//2588
f 2757//2757 2588//2588 2758//2758
f 2758//2758 2588//2588 2587//2587
f 2758//2758 2587//2587 2759//2759
f 2759//2759 2587//2587 2586//2586
f 2759//2759 2586//2586 2760//2760
f 2760//2760 2586//2586 2565//2565
f 2653//2653 2760//2760 2564//2564
f 2564//2564 2760//2760 2565//2565
f 2711//2711 2761//2761 2712//2712
f 2762//2762 2740//2740 2739//2739
f 2762//2762 2739//2739 2738//2738
f 2762//2762 2738//2738 2742//2742
f 2762//2762 2742//2742 2743//2743
f 2762//2762 2743//2743 2719//2719
f 2762//2762 2719//2719 2720//2720
f 2762//2762 2720//2720 2763//2763
f 2764//2764 2765//2765 2740//2740
f 2764//2764 2740//2740 2762//2762
f 2764//2764 2762//2762 2756//2756
f 2764//2764 2756//2756 2760//2760
f 2764//2764 2760//2760 2653//2653
f 2764//2764 2653//2653 2766//2766
f 2729//2729 2730//2730 2767//2767
f 2729//2729 2767//2767 2768//2768
f 2729//2729 2768//2768 2769//2769
f 2729//2729 2769//2769 2770//2770
f 2729//2729 2770//2770 2771//2771
f 2729//2729 2771//2771 2772//2772
f 2729//2729 2772//2772 2773//2773
f 2729//2729 2773//2773 2774//2774
f 2729//2729 2774//2774 2775//2775
f 2729//2729 2775//2775 2776//2776
f 2729//2729 2776//2776 2777//2777
f 2729//2729 2777//2777 2778//2778
f 2729//2729 2778//2778 2728//2728
f 2756//2756 2755//2755 2757//2757
f 2756//2756 2757//2757 2758//2758
f 2756//2756 2758//2758 2759//2759
f 2756//2756 2759//2759 2760//2760
f 2706//2706 2707//2707 2779//2779
f 2706//2706 2779//2779 2780//2780
f 2706//2706 2780//2780 2781//2781
f 2706//2706 2781//2781 2782//2782
f 2706//2706 2782//2782 2783//2783
f 2706//2706 2783//2783 2784//2784
f 2706//2706 2784//2784 2785//2785
f 2706//2706 2785//2785 2786//2786
f 2706//2706 2786//2786 2787//2787
f 2706//2706 2787//2787 2788//2788
f 2706//2706 2788//2788 2789//2789
f 2706//2706 2789//2789 2790//2790
f 2706//2706 2790//2790 2705//2705
f 2763//2763 2720//2720 2721//2721
f 2763//2763 2721//2721 2722//2722
f 2763//2763 2722//2722 2723//2723
f 2763//2763 2723//2723 2676//2676
f 2763//2763 2676//2676 2647//2647
f 2752//2752 2763//2763 2647//2647
f 2752//2752 2647//2647 2748//2748
f 2752//2752 2748//2748 2749//2749
f 2752//2752 2749//2749 2750//2750
f 2752//2752 2750//2750 2751//2751
f 2732//2732 2791//2791 2731//2731
f 2731//2731 2791//2791 2767//2767
f 2731//2731 2767//2767 2730//2730
f 2737//2737 2792//2792 2736//2736
f 2736//2736 2792//2792 2793//2793
f 2736//2736 2793//2793 2733//2733
f 2733//2733 2793//2793 2791//2791
f 2733//2733 2791//2791 2732//2732
f 2737//2737 2741//2741 2792//2792
f 2792//2792 2741//2741 2794//2794
f 2741//2741 2740//2740 2794//2794
f 2794//2794 2740//2740 2765//2765
f 2795//2795 2649//2649 2796//2796
f 2796//2796 2649//2649 2650//2650
f 2796//2796 2650//2650 2797//2797
f 2797//2797 2650//2650 2651//2651
f 2797//2797 2651//2651 2798//2798
f 2798//2798 2651//2651 2652//2652
f 2798//2798 2652//2652 2658//2658
f 2649//2649 2795//2795 2648//2648
f 2648//2648 2795//2795 2799//2799
f 2648//2648 2799//2799 2657//2657
f 2657//2657 2799//2799 2800//2800
f 2657//2657 2800//2800 2656//2656
f 2656//2656 2800//2800 2801//2801
f 2656//2656 2801//2801 2655//2655
f 2655//2655 2801//2801 2802//2802
f 2655//2655 2802//2802 2654//2654
f 2654//2654 2802//2802 2766//2766
f 2654//2654 2766//2766 2653//2653
f 2709//2709 2803//2803 2708//2708
f 2708//2708 2803//2803 2779//2779
f 2708//2708 2779//2779 2707//2707
f 2714//2714 2804//2804 2713//2713
f 2713//2713 2804//2804 2805//2805
f 2713//2713 2805//2805 2710//2710
f 2710//2710 2805//2805 2803//2803
f 2710//2710 2803//2803 2709//2709
f 2734//2734 2806//2806 2735//2735
f 2735//2735 2806//2806 2807//2807
f 2735//2735 2807//2807 2747//2747
f 2747//2747 2807//2807 2808//2808
f 2747//2747 2808//2808 2746//2746
f 2746//2746 2808//2808 2809//2809
f 2746//2746 2809//2809 2717//2717
f 2717//2717 2809//2809 2810//2810
f 2717//2717 2810//2810 2718//2718
f 2718//2718 2810//2810 2804//2804
f 2718//2718 2804//2804 2714//2714
f 2728//2728 2778//2778 2727//2727
f 2727//2727 2778//2778 2811//2811
f 2727//2727 2811//2811 2726//2726
f 2726//2726 2811//2811 2725//2725
f 2725//2725 2811//2811 2806//2806
f 2725//2725 2806//2806 2734//2734
f 2716//2716 2746//2746 2717//2717
f 2746//2746 2716//2716 2745//2745
f 2745//2745 2716//2716 2715//2715
f 2745//2745 2715//2715 2744//2744
f 2744//2744 2715//2715 2719//2719
f 2744//2744 2719//2719 2743//2743
f 2676//2676 2646//2646 2647//2647
f 2647//2647 2646//2646 2645//2645
f 2705//2705 2790//2790 2704//2704
f 2704//2704 2790//2790 2812//2812
f 2704//2704 2812//2812 2703//2703
f 2703//2703 2812//2812 2702//2702
f 2702//2702 2812//2812 2761//2761
f 2702//2702 2761//2761 2711//2711
f 2676//2676 2723//2723 2813//2813
f 2813//2813 2723//2723 2724//2724
f 2813//2813 2724//2724 2814//2814
f 2814//2814 2724//2724 2712//2712
f 2814//2814 2712//2712 2761//2761
f 2470//2470 2660//2660 2659//2659
f 2801//2801 2815//2815 2802//2802
f 2816//2816 2815//2815 2801//2801
f 2800//2800 2816//2816 2801//2801
f 2817//2817 2816//2816 2800//2800
f 2799//2799 2817//2817 2800//2800
f 2818//2818 2817//2817 2799//2799
f 2795//2795 2818//2818 2799//2799
f 2819//2819 2818//2818 2795//2795
f 2796//2796 2819//2819 2795//2795
f 2820//2820 2819//2819 2796//2796
f 2797//2797 2820//2820 2796//2796
f 2821//2821 2820//2820 2797//2797
f 2798//2798 2821//2821 2797//2797
f 2815//2815 2822//2822 2802//2802
f 2802//2802 2822//2822 2823//2823
f 2802//2802 2823//2823 2766//2766
f 2821//2821 2798//2798 2661//2661
f 2661//2661 2798//2798 2660//2660
f 2798//2798 2658//2658 2660//2660
f 2660//2660 2658//2658 2659//2659
f 2824//2824 2677//2677 2825//2825
f 2677//2677 2826//2826 2825//2825
f 2824//2824 2827//2827 2677//2677
f 2828//2828 2829//2829 2830//2830
f 2815//2815 2816//2816 2822//2822
f 2831//2831 2826//2826 2677//2677
f 2832//2832 2833//2833 2834//2834
f 2835//2835 2836//2836 2837//2837
f 2835//2835 2837//2837 2838//2838
f 2835//2835 2838//2838 2839//2839
f 2835//2835 2839//2839 2840//2840
f 2835//2835 2840//2840 2841//2841
f 2835//2835 2841//2841 2842//2842
f 2835//2835 2842//2842 2834//2834
f 2835//2835 2834//2834 2833//2833
f 2843//2843 2823//2823 2820//2820
f 2843//2843 2820//2820 2844//2844
f 2843//2843 2844//2844 2845//2845
f 2843//2843 2845//2845 2846//2846
f 2843//2843 2846//2846 2847//2847
f 2843//2843 2847//2847 2848//2848
f 2843//2843 2848//2848 2849//2849
f 2843//2843 2849//2849 2850//2850
f 2843//2843 2850//2850 2851//2851
f 2675//2675 2677//2677 2827//2827
f 2675//2675 2827//2827 2852//2852
f 2675//2675 2852//2852 2853//2853
f 2675//2675 2853//2853 2854//2854
f 2675//2675 2854//2854 2674//2674
f 2854//2854 2853//2853 2855//2855
f 2854//2854 2855//2855 2856//2856
f 2854//2854 2856//2856 2857//2857
f 2854//2854 2857//2857 2858//2858
f 2854//2854 2858//2858 2859//2859
f 2854//2854 2859//2859 2860//2860
f 2854//2854 2860//2860 2861//2861
f 2854//2854 2861//2861 2862//2862
f 2854//2854 2862//2862 2863//2863
f 2854//2854 2863//2863 2864//2864
f 2854//2854 2864//2864 2865//2865
f 2854//2854 2865//2865 2841//2841
f 2854//2854 2841//2841 2840//2840
f 2866//2866 2836//2836 2835//2835
f 2866//2866 2835//2835 2867//2867
f 2866//2866 2867//2867 2868//2868
f 2866//2866 2868//2868 2828//2828
f 2866//2866 2828//2828 2830//2830
f 2823//2823 2822//2822 2816//2816
f 2823//2823 2816//2816 2817//2817
f 2823//2823 2817//2817 2818//2818
f 2823//2823 2818//2818 2819//2819
f 2823//2823 2819//2819 2820//2820
f 2669//2669 2869//2869 2870//2870
f 2669//2669 2870//2870 2871//2871
f 2669//2669 2871//2871 2872//2872
f 2669//2669 2872//2872 2873//2873
f 2669//2669 2873//2873 2874//2874
f 2669//2669 2874//2874 2875//2875
f 2669//2669 2875//2875 2668//2668
f 2670//2670 2854//2854 2876//2876
f 2670//2670 2876//2876 2877//2877
f 2670//2670 2877//2877 2869//2869
f 2670//2670 2869//2869 2669//2669
f 2854//2854 2670//2670 2671//2671
f 2854//2854 2671//2671 2672//2672
f 2854//2854 2672//2672 2673//2673
f 2854//2854 2673//2673 2674//2674
f 2662//2662 2663//2663 2878//2878
f 2662//2662 2878//2878 2879//2879
f 2662//2662 2879//2879 2880//2880
f 2662//2662 2880//2880 2661//2661
f 2661//2661 2880//2880 2821//2821
f 2880//2880 2844//2844 2821//2821
f 2821//2821 2844//2844 2820//2820
f 2881//2881 2882//2882 2883//2883
f 2883//2883 2882//2882 2884//2884
f 2883//2883 2884//2884 2885//2885
f 2885//2885 2884//2884 2886//2886
f 2885//2885 2886//2886 2887//2887
f 2887//2887 2886//2886 2888//2888
f 2887//2887 2888//2888 2889//2889
f 2889//2889 2888//2888 2890//2890
f 2889//2889 2890//2890 2891//2891
f 2891//2891 2890//2890 2892//2892
f 2891//2891 2892//2892 2893//2893
f 2893//2893 2892//2892 2830//2830
f 2893//2893 2830//2830 2829//2829
f 2880//2880 2894//2894 2844//2844
f 2844//2844 2894//2894 2881//2881
f 2844//2844 2881//2881 2883//2883
f 2895//2895 2667//2667 2896//2896
f 2896//2896 2667//2667 2668//2668
f 2896//2896 2668//2668 2875//2875
f 2667//2667 2895//2895 2666//2666
f 2666//2666 2895//2895 2897//2897
f 2666//2666 2897//2897 2665//2665
f 2665//2665 2897//2897 2898//2898
f 2665//2665 2898//2898 2664//2664
f 2664//2664 2898//2898 2878//2878
f 2664//2664 2878//2878 2663//2663
f 2831//2831 2677//2677 2813//2813
f 2813//2813 2677//2677 2676//2676
f 2899//2899 2699//2699 2701//2701
f 2695//2695 2696//2696 2900//2900
f 2682//2682 2683//2683 2901//2901
f 2682//2682 2901//2901 2902//2902
f 2682//2682 2902//2902 2903//2903
f 2682//2682 2903//2903 2904//2904
f 2682//2682 2904//2904 2905//2905
f 2682//2682 2905//2905 2906//2906
f 2682//2682 2906//2906 2907//2907
f 2682//2682 2907//2907 2908//2908
f 2682//2682 2908//2908 2909//2909
f 2682//2682 2909//2909 2910//2910
f 2682//2682 2910//2910 2911//2911
f 2682//2682 2911//2911 2912//2912
f 2682//2682 2912//2912 2681//2681
f 2913//2913 2914//2914 2693//2693
f 2913//2913 2693//2693 2694//2694
f 2913//2913 2694//2694 2695//2695
f 2913//2913 2695//2695 2915//2915
f 2915//2915 2916//2916 2917//2917
f 2915//2915 2917//2917 2918//2918
f 2915//2915 2918//2918 2919//2919
f 2915//2915 2919//2919 2913//2913
f 2915//2915 2695//2695 2900//2900
f 2915//2915 2900//2900 2920//2920
f 2915//2915 2920//2920 2921//2921
f 2915//2915 2921//2921 2922//2922
f 2915//2915 2922//2922 2923//2923
f 2685//2685 2924//2924 2684//2684
f 2684//2684 2924//2924 2901//2901
f 2684//2684 2901//2901 2683//2683
f 2690//2690 2925//2925 2689//2689
f 2689//2689 2925//2925 2926//2926
f 2689//2689 2926//2926 2686//2686
f 2686//2686 2926//2926 2924//2924
f 2686//2686 2924//2924 2685//2685
f 2691//2691 2927//2927 2700//2700
f 2700//2700 2927//2927 2925//2925
f 2700//2700 2925//2925 2690//2690
f 2693//2693 2914//2914 2692//2692
f 2692//2692 2914//2914 2927//2927
f 2692//2692 2927//2927 2691//2691
f 2681//2681 2912//2912 2680//2680
f 2680//2680 2912//2912 2928//2928
f 2680//2680 2928//2928 2679//2679
f 2679//2679 2928//2928 2678//2678
f 2678//2678 2928//2928 2929//2929
f 2678//2678 2929//2929 2687//2687
f 2687//2687 2929//2929 2688//2688
f 2688//2688 2929//2929 2899//2899
f 2688//2688 2899//2899 2701//2701
f 2696//2696 2697//2697 2900//2900
f 2900//2900 2697//2697 2698//2698
f 2900//2900 2698//2698 2930//2930
f 2930//2930 2698//2698 2699//2699
f 2930//2930 2699//2699 2899//2899
f 2756//2756 2762//2762 2754//2754
f 2754//2754 2762//2762 2931//2931
f 2932//2932 2933//2933 2934//2934
f 2935//2935 2936//2936 2937//2937
f 2937//2937 2936//2936 2938//2938
f 2937//2937 2938//2938 2939//2939
f 2939//2939 2938//2938 2940//2940
f 2939//2939 2940//2940 2941//2941
f 2941//2941 2940//2940 2942//2942
f 2941//2941 2942//2942 2943//2943
f 2943//2943 2942//2942 2944//2944
f 2943//2943 2944//2944 2945//2945
f 2945//2945 2944//2944 2946//2946
f 2945//2945 2946//2946 2947//2947
f 2947//2947 2946//2946 2934//2934
f 2947//2947 2934//2934 2933//2933
f 2763//2763 2752//2752 2948//2948
f 2948//2948 2752//2752 2753//2753
f 2766//2766 2823//2823 2764//2764
f 2764//2764 2823//2823 2843//2843
f 2843//2843 2851//2851 2764//2764
f 2764//2764 2851//2851 2765//2765
f 2849//2849 2792//2792 2850//2850
f 2850//2850 2792//2792 2794//2794
f 2850//2850 2794//2794 2851//2851
f 2851//2851 2794//2794 2765//2765
f 2835//2835 2806//2806 2867//2867
f 2867//2867 2806//2806 2811//2811
f 2867//2867 2811//2811 2868//2868
f 2868//2868 2811//2811 2778//2778
f 2868//2868 2778//2778 2828//2828
f 2828//2828 2778//2778 2777//2777
f 2828//2828 2777//2777 2829//2829
f 2829//2829 2777//2777 2776//2776
f 2829//2829 2776//2776 2893//2893
f 2893//2893 2776//2776 2775//2775
f 2893//2893 2775//2775 2891//2891
f 2891//2891 2775//2775 2774//2774
f 2891//2891 2774//2774 2889//2889
f 2889//2889 2774//2774 2773//2773
f 2889//2889 2773//2773 2887//2887
f 2887//2887 2773//2773 2772//2772
f 2887//2887 2772//2772 2885//2885
f 2885//2885 2772//2772 2771//2771
f 2885//2885 2771//2771 2883//2883
f 2883//2883 2771//2771 2770//2770
f 2883//2883 2770//2770 2844//2844
f 2844//2844 2770//2770 2769//2769
f 2844//2844 2769//2769 2845//2845
f 2845//2845 2769//2769 2768//2768
f 2845//2845 2768//2768 2846//2846
f 2846//2846 2768//2768 2767//2767
f 2846//2846 2767//2767 2847//2847
f 2847//2847 2767//2767 2791//2791
f 2847//2847 2791//2791 2848//2848
f 2848//2848 2791//2791 2793//2793
f 2848//2848 2793//2793 2849//2849
f 2849//2849 2793//2793 2792//2792
f 2832//2832 2808//2808 2833//2833
f 2833//2833 2808//2808 2807//2807
f 2833//2833 2807//2807 2835//2835
f 2835//2835 2807//2807 2806//2806
f 2832//2832 2834//2834 2808//2808
f 2808//2808 2834//2834 2809//2809
f 2841//2841 2804//2804 2842//2842
f 2842//2842 2804//2804 2810//2810
f 2842//2842 2810//2810 2834//2834
f 2834//2834 2810//2810 2809//2809
f 2825//2825 2761//2761 2824//2824
f 2824//2824 2761//2761 2812//2812
f 2824//2824 2812//2812 2827//2827
f 2827//2827 2812//2812 2790//2790
f 2827//2827 2790//2790 2852//2852
f 2852//2852 2790//2790 2789//2789
f 2852//2852 2789//2789 2853//2853
f 2853//2853 2789//2789 2788//2788
f 2853//2853 2788//2788 2855//2855
f 2855//2855 2788//2788 2787//2787
f 2855//2855 2787//2787 2856//2856
f 2856//2856 2787//2787 2786//2786
f 2856//2856 2786//2786 2857//2857
f 2857//2857 2786//2786 2785//2785
f 2857//2857 2785//2785 2858//2858
f 2858//2858 2785//2785 2784//2784
f 2858//2858 2784//2784 2859//2859
f 2859//2859 2784//2784 2783//2783
f 2859//2859 2783//2783 2860//2860
f 2860//2860 2783//2783 2782//2782
f 2860//2860 2782//2782 2861//2861
f 2861//2861 2782//2782 2781//2781
f 2861//2861 2781//2781 2862//2862
f 2862//2862 2781//2781 2780//2780
f 2862//2862 2780//2780 2863//2863
f 2863//2863 2780//2780 2779//2779
f 2863//2863 2779//2779 2864//2864
f 2864//2864 2779//2779 2803//2803
f 2864//2864 2803//2803 2865//2865
f 2865//2865 2803//2803 2805//2805
f 2865//2865 2805//2805 2841//2841
f 2841//2841 2805//2805 2804//2804
f 2831//2831 2813//2813 2826//2826
f 2826//2826 2813//2813 2814//2814
f 2826//2826 2814//2814 2825//2825
f 2825//2825 2814//2814 2761//2761
f 2762//2762 2763//2763 2931//2931
f 2931//2931 2763//2763 2948//2948
f 2929//2929 2928//2928 2949//2949
f 2880//2880 2879//2879 2950//2950
f 2854//2854 2949//2949 2876//2876
f 2876//2876 2949//2949 2928//2928
f 2876//2876 2928//2928 2877//2877
f 2877//2877 2928//2928 2912//2912
f 2877//2877 2912//2912 2869//2869
f 2869//2869 2912//2912 2911//2911
f 2869//2869 2911//2911 2870//2870
f 2870//2870 2911//2911 2910//2910
f 2870//2870 2910//2910 2871//2871
f 2871//2871 2910//2910 2909//2909
f 2871//2871 2909//2909 2872//2872
f 2872//2872 2909//2909 2908//2908
f 2872//2872 2908//2908 2873//2873
f 2873//2873 2908//2908 2907//2907
f 2873//2873 2907//2907 2874//2874
f 2874//2874 2907//2907 2906//2906
f 2874//2874 2906//2906 2875//2875
f 2875//2875 2906//2906 2905//2905
f 2875//2875 2905//2905 2896//2896
f 2896//2896 2905//2905 2904//2904
f 2896//2896 2904//2904 2895//2895
f 2895//2895 2904//2904 2903//2903
f 2895//2895 2903//2903 2897//2897
f 2897//2897 2903//2903 2902//2902
f 2897//2897 2902//2902 2898//2898
f 2898//2898 2902//2902 2901//2901
f 2898//2898 2901//2901 2878//2878
f 2878//2878 2901//2901 2924//2924
f 2878//2878 2924//2924 2879//2879
f 2879//2879 2924//2924 2926//2926
f 2879//2879 2926//2926 2950//2950
f 2950//2950 2926//2926 2925//2925
f 2925//2925 2927//2927 2950//2950
f 2854//2854 2840//2840 2949//2949
f 2880//2880 2950//2950 2894//2894
f 2894//2894 2950//2950 2927//2927
f 2894//2894 2927//2927 2881//2881
f 2881//2881 2927//2927 2914//2914
f 2881//2881 2914//2914 2882//2882
f 2882//2882 2914//2914 2913//2913
f 2882//2882 2913//2913 2884//2884
f 2884//2884 2913//2913 2919//2919
f 2884//2884 2919//2919 2886//2886
f 2886//2886 2919//2919 2918//2918
f 2886//2886 2918//2918 2888//2888
f 2888//2888 2918//2918 2917//2917
f 2888//2888 2917//2917 2890//2890
f 2890//2890 2917//2917 2916//2916
f 2890//2890 2916//2916 2892//2892
f 2892//2892 2916//2916 2915//2915
f 2892//2892 2915//2915 2830//2830
f 2830//2830 2915//2915 2923//2923
f 2830//2830 2923//2923 2866//2866
f 2866//2866 2923//2923 2922//2922
f 2866//2866 2922//2922 2836//2836
f 2836//2836 2922//2922 2921//2921
f 2836//2836 2921//2921 2837//2837
f 2837//2837 2921//2921 2920//2920
f 2837//2837 2920//2920 2838//2838
f 2838//2838 2920//2920 2900//2900
f 2838//2838 2900//2900 2839//2839
f 2839//2839 2900//2900 2930//2930
f 2839//2839 2930//2930 2840//2840
f 2840//2840 2930//2930 2899//2899
f 2840//2840 2899//2899 2949//2949
f 2949//2949 2899//2899 2929//2929
f 2951//2951 2952//2952 2953//2953
f 2952//2952 2954//2954 2953//2953
f 2955//2955 2956//2956 2957//2957
f 2956//2956 2958//2958 2957//2957
f 2959//2959 2960//2960 2961//2961
f 2962//2962 2963//2963 2951//2951
f 2951//2951 2963//2963 2964//2964
f 2951//2951 2964//2964 2952//2952
f 2953//2953 2954//2954 2965//2965
f 2965//2965 2954//2954 2966//2966
f 2965//2965 2966//2966 2955//2955
f 2955//2955 2966//2966 2967//2967
f 2955//2955 2967//2967 2956//2956
f 2957//2957 2958//2958 2959//2959
f 2959//2959 2958//2958 2968//2968
f 2959//2959 2968//2968 2960//2960
f 2969//2969 2970//2970 2971//2971
f 2971//2971 2970//2970 2961//2961
f 2971//2971 2961//2961 2960//2960
f 2972//2972 2973//2973 2974//2974
f 2973//2973 2975//2975 2974//2974
f 2976//2976 2977//2977 2978//2978
f 2977//2977 2979//2979 2978//2978
f 2980//2980 2981//2981 2982//2982
f 2970//2970 2969//2969 2972//2972
f 2972//2972 2969//2969 2983//2983
f 2972//2972 2983//2983 2973//2973
f 2974//2974 2975//2975 2984//2984
f 2984//2984 2975//2975 2985//2985
f 2984//2984 2985//2985 2976//2976
f 2976//2976 2985//2985 2986//2986
f 2976//2976 2986//2986 2977//2977
f 2978//2978 2979//2979 2980//2980
f 2980//2980 2979//2979 2987//2987
f 2980//2980 2987//2987 2981//2981
f 2963//2963 2962//2962 2988//2988
f 2988//2988 2962//2962 2982//2982
f 2988//2988 2982//2982 2981//2981
f 2932//2932 2989//2989 2933//2933
f 2989//2989 2990//2990 2933//2933
f 2947//2947 2991//2991 2945//2945
f 2942//2942 2992//2992 2944//2944
f 2944//2944 2992//2992 2993//2993
f 2944//2944 2993//2993 2946//2946
f 2946//2946 2993//2993 2994//2994
f 2946//2946 2994//2994 2995//2995
f 2946//2946 2995//2995 2934//2934
f 2934//2934 2995//2995 2996//2996
f 2934//2934 2996//2996 2932//2932
f 2932//2932 2996//2996 2997//2997
f 2932//2932 2997//2997 2989//2989
f 2933//2933 2990//2990 2947//2947
f 2947//2947 2990//2990 2998//2998
f 2947//2947 2998//2998 2991//2991
f 2999//2999 2943//2943 3000//3000
f 3000//3000 2943//2943 2945//2945
f 3000//3000 2945//2945 2991//2991
f 2935//2935 3001//3001 2936//2936
f 3001//3001 3002//3002 2936//2936
f 2938//2938 3003//3003 2940//2940
f 2943//2943 2999//2999 2941//2941
f 2941//2941 2999//2999 3004//3004
f 2941//2941 3004//3004 2939//2939
f 2939//2939 3004//3004 3005//3005
f 2939//2939 3005//3005 3006//3006
f 2939//2939 3006//3006 2937//2937
f 2937//2937 3006//3006 3007//3007
f 2937//2937 3007//3007 2935//2935
f 2935//2935 3007//3007 3008//3008
f 2935//2935 3008//3008 3001//3001
f 2936//2936 3002//3002 2938//2938
f 2938//2938 3002//3002 3009//3009
f 2938//2938 3009//3009 3003//3003
f 2992//2992 2942//2942 3010//3010
f 3010//3010 2942//2942 2940//2940
f 3010//3010 2940//2940 3003//3003
f 3011//3011 3012//3012 3013//3013
f 3012//3012 3014//3014 3013//3013
f 3015//3015 3016//3016 3017//3017
f 3016//3016 3018//3018 3017//3017
f 3019//3019 3020//3020 3021//3021
f 3022//3022 3023//3023 3011//3011
f 3011//3011 3023//3023 3024//3024
f 3011//3011 3024//3024 3012//3012
f 3013//3013 3014//3014 3025//3025
f 3025//3025 3014//3014 3026//3026
f 3025//3025 3026//3026 3015//3015
f 3015//3015 3026//3026 3027//3027
f 3015//3015 3027//3027 3016//3016
f 3017//3017 3018//3018 3019//3019
f 3019//3019 3018//3018 3028//3028
f 3019//3019 3028//3028 3020//3020
f 3029//3029 3030//3030 3031//3031
f 3031//3031 3030//3030 3021//3021
f 3031//3031 3021//3021 3020//3020
f 3032//3032 3033//3033 3034//3034
f 3033//3033 3035//3035 3034//3034
f 3036//3036 3037//3037 3038//3038
f 3037//3037 3039//3039 3038//3038
f 3040//3040 3041//3041 3042//3042
f 3030//3030 3029//3029 3032//3032
f 3032//3032 3029//3029 3043//3043
f 3032//3032 3043//3043 3033//3033
f 3034//3034 3035//3035 3044//3044
f 3044//3044 3035//3035 3045//3045
f 3044//3044 3045//3045 3036//3036
f 3036//3036 3045//3045 3046//3046
f 3036//3036 3046//3046 3037//3037
f 3038//3038 3039//3039 3040//3040
f 3040//3040 3039//3039 3047//3047
f 3040//3040 3047//3047 3041//3041
f 3023//3023 3022//3022 3048//3048
f 3048//3048 3022//3022 3042//3042
f 3048//3048 3042//3042 3041//3041
f 3015//3015 3017//3017 3025//3025
f 3036//3036 3038//3038 3044//3044
f 3044//3044 3038//3038 3040//3040
f 3044//3044 3040//3040 3034//3034
f 3034//3034 3040//3040 3042//3042
f 3034//3034 3042//3042 3032//3032
f 3032//3032 3042//3042 3022//3022
f 3032//3032 3022//3022 3030//3030
f 3030//3030 3022//3022 3011//3011
f 3030//3030 3011//3011 3021//3021
f 3021//3021 3011//3011 3013//3013
f 3021//3021 3013//3013 3019//3019
f 3019//3019 3013//3013 3025//3025
f 3019//3019 3025//3025 3017//3017
f 2955//2955 2957//2957 2965//2965
f 2976//2976 2978//2978 2984//2984
f 2984//2984 2978//2978 2980//2980
f 2984//2984 2980//2980 2974//2974
f 2974//2974 2980//2980 2982//2982
f 2974//2974 2982//2982 2972//2972
f 2972//2972 2982//2982 2962//2962
f 2972//2972 2962//2962 2970//2970
f 2970//2970 2962//2962 2951//2951
f 2970//2970 2951//2951 2961//2961
f 2961//2961 2951//2951 2953//2953
f 2961//2961 2953//2953 2959//2959
f 2959//2959 2953//2953 2965//2965
f 2959//2959 2965//2965 2957//2957
f 3049//3049 3050//3050 3051//3051
f 3050//3050 3052//3052 3051//3051
f 3053//3053 3054//3054 3055//3055
f 3054//3054 3056//3056 3055//3055
f 3057//3057 3058//3058 3059//3059
f 3060//3060 3061//3061 3049//3049
f 3049//3049 3061//3061 3062//3062
f 3049//3049 3062//3062 3050//3050
f 3051//3051 3052//3052 3063//3063
f 3063//3063 3052//3052 3064//3064
f 3063//3063 3064//3064 3053//3053
f 3053//3053 3064//3064 3065//3065
f 3053//3053 3065//3065 3054//3054
f 3055//3055 3056//3056 3057//3057
f 3057//3057 3056//3056 3066//3066
f 3057//3057 3066//3066 3058//3058
f 3067//3067 3068//3068 3069//3069
f 3069//3069 3068//3068 3059//3059
f 3069//3069 3059//3059 3058//3058
f 3070//3070 3071//3071 3072//3072
f 3053//3053 3055//3055 3063//3063
f 3063//3063 3055//3055 3057//3057
f 3063//3063 3057//3057 3051//3051
f 3051//3051 3057//3057 3059//3059
f 3051//3051 3059//3059 3049//3049
f 3049//3049 3059//3059 3068//3068
f 3049//3049 3068//3068 3060//3060
f 3060//3060 3068//3068 3073//3073
f 3060//3060 3073//3073 3074//3074
f 3074//3074 3073//3073 3075//3075
f 3074//3074 3075//3075 3076//3076
f 3076//3076 3075//3075 3072//3072
f 3076//3076 3072//3072 3071//3071
f 3073//3073 3077//3077 3075//3075
f 3077//3077 3078//3078 3075//3075
f 3070//3070 3079//3079 3071//3071
f 3079//3079 3080//3080 3071//3071
f 3076//3076 3081//3081 3074//3074
f 3068//3068 3067//3067 3073//3073
f 3073//3073 3067//3067 3082//3082
f 3073//3073 3082//3082 3077//3077
f 3075//3075 3078//3078 3072//3072
f 3072//3072 3078//3078 3083//3083
f 3072//3072 3083//3083 3070//3070
f 3070//3070 3083//3083 3084//3084
f 3070//3070 3084//3084 3079//3079
f 3071//3071 3080//3080 3076//3076
f 3076//3076 3080//3080 3085//3085
f 3076//3076 3085//3085 3081//3081
f 3061//3061 3060//3060 3086//3086
f 3086//3086 3060//3060 3074//3074
f 3086//3086 3074//3074 3081//3081
f 2948//2948 2753//2753 3087//3087
f 2948//2948 3087//3087 3088//3088
f 2948//2948 3088//3088 3089//3089
f 2948//2948 3089//3089 3090//3090
f 2948//2948 3090//3090 3091//3091
f 2948//2948 3091//3091 2956//2956
f 2948//2948 2956//2956 2967//2967
f 2948//2948 2967//2967 2931//2931
f 2931//2931 2967//2967 3016//3016
f 2931//2931 3016//3016 3027//3027
f 2931//2931 3027//3027 3079//3079
f 2931//2931 3079//3079 3084//3084
f 2931//2931 3084//3084 2989//2989
f 2931//2931 2989//2989 2997//2997
f 2931//2931 2997//2997 2996//2996
f 2931//2931 2996//2996 2995//2995
f 2931//2931 2995//2995 2994//2994
f 2931//2931 2994//2994 2754//2754
f 2754//2754 2994//2994 2993//2993
f 2754//2754 2993//2993 2992//2992
f 2754//2754 2992//2992 3010//3010
f 2754//2754 3010//3010 3003//3003
f 2754//2754 3003//3003 3009//3009
f 2754//2754 3009//3009 3002//3002
f 2754//2754 3002//3002 3001//3001
f 2754//2754 3001//3001 3008//3008
f 2754//2754 3008//3008 3054//3054
f 2754//2754 3054//3054 3065//3065
f 2754//2754 3065//3065 3037//3037
f 2754//2754 3037//3037 3046//3046
f 2754//2754 3046//3046 2977//2977
f 2754//2754 2977//2977 2986//2986
f 2754//2754 2986//2986 3092//3092
f 2754//2754 3092//3092 2753//2753
f 2753//2753 3092//3092 3093//3093
f 2753//2753 3093//3093 3094//3094
f 2753//2753 3094//3094 3095//3095
f 2753//2753 3095//3095 3096//3096
f 2753//2753 3096//3096 3097//3097
f 2753//2753 3097//3097 3098//3098
f 2753//2753 3098//3098 3099//3099
f 2753//2753 3099//3099 3087//3087
f 3092//3092 2986//2986 3100//3100
f 3100//3100 2986//2986 2985//2985
f 3100//3100 2985//2985 3101//3101
f 3101//3101 2985//2985 2975//2975
f 3101//3101 2975//2975 3102//3102
f 3102//3102 2975//2975 2973//2973
f 3102//3102 2973//2973 3103//3103
f 3103//3103 2973//2973 2983//2983
f 3103//3103 2983//2983 3104//3104
f 3104//3104 2983//2983 2969//2969
f 3104//3104 2969//2969 3105//3105
f 3105//3105 2969//2969 2971//2971
f 3105//3105 2971//2971 3106//3106
f 3106//3106 2971//2971 2960//2960
f 3106//3106 2960//2960 3107//3107
f 3107//3107 2960//2960 2968//2968
f 3107//3107 2968//2968 3108//3108
f 3108//3108 2968//2968 2958//2958
f 3108//3108 2958//2958 3091//3091
f 3091//3091 2958//2958 2956//2956
f 2977//2977 3046//3046 2979//2979
f 2979//2979 3046//3046 3045//3045
f 2979//2979 3045//3045 2987//2987
f 2987//2987 3045//3045 3035//3035
f 2987//2987 3035//3035 2981//2981
f 2981//2981 3035//3035 3033//3033
f 2981//2981 3033//3033 2988//2988
f 2988//2988 3033//3033 3043//3043
f 2988//2988 3043//3043 2963//2963
f 2963//2963 3043//3043 3029//3029
f 2963//2963 3029//3029 2964//2964
f 2964//2964 3029//3029 3031//3031
f 2964//2964 3031//3031 2952//2952
f 2952//2952 3031//3031 3020//3020
f 2952//2952 3020//3020 2954//2954
f 2954//2954 3020//3020 3028//3028
f 2954//2954 3028//3028 2966//2966
f 2966//2966 3028//3028 3018//3018
f 2966//2966 3018//3018 2967//2967
f 2967//2967 3018//3018 3016//3016
f 3037//3037 3065//3065 3039//3039
f 3039//3039 3065//3065 3064//3064
f 3039//3039 3064//3064 3047//3047
f 3047//3047 3064//3064 3052//3052
f 3047//3047 3052//3052 3041//3041
f 3041//3041 3052//3052 3050//3050
f 3041//3041 3050//3050 3048//3048
f 3048//3048 3050//3050 3062//3062
f 3048//3048 3062//3062 3023//3023
f 3023//3023 3062//3062 3061//3061
f 3023//3023 3061//3061 3024//3024
f 3024//3024 3061//3061 3086//3086
f 3024//3024 3086//3086 3012//3012
f 3012//3012 3086//3086 3081//3081
f 3012//3012 3081//3081 3014//3014
f 3014//3014 3081//3081 3085//3085
f 3014//3014 3085//3085 3026//3026
f 3026//3026 3085//3085 3080//3080
f 3026//3026 3080//3080 3027//3027
f 3027//3027 3080//3080 3079//3079
f 3054//3054 3008//3008 3056//3056
f 3056//3056 3008//3008 3007//3007
f 3056//3056 3007//3007 3066//3066
f 3066//3066 3007//3007 3006//3006
f 3066//3066 3006//3006 3058//3058
f 3058//3058 3006//3006 3005//3005
f 3058//3058 3005//3005 3069//3069
f 3069//3069 3005//3005 3004//3004
f 3069//3069 3004//3004 3067//3067
f 3067//3067 3004//3004 2999//2999
f 3067//3067 2999//2999 3082//3082
f 3082//3082 2999//2999 3000//3000
f 3082//3082 3000//3000 3077//3077
f 3077//3077 3000//3000 2991//2991
f 3077//3077 2991//2991 3078//3078
f 3078//3078 2991//2991 2998//2998
f 3078//3078 2998//2998 3083//3083
f 3083//3083 2998//2998 2990//2990
f 3083//3083 2990//2990 3084//3084
f 3084//3084 2990//2990 2989//2989
f 3109//3109 3096//3096 3110//3110
f 3096//3096 3095//3095 3110//3110
f 3111//3111 3092//3092 3112//3112
f 3092//3092 3100//3100 3112//3112
f 3113//3113 3102//3102 3114//3114
f 3115//3115 3098//3098 3109//3109
f 3109//3109 3098//3098 3097//3097
f 3109//3109 3097//3097 3096//3096
f 3110//3110 3095//3095 3116//3116
f 3116//3116 3095//3095 3094//3094
f 3116//3116 3094//3094 3111//3111
f 3111//3111 3094//3094 3093//3093
f 3111//3111 3093//3093 3092//3092
f 3112//3112 3100//3100 3113//3113
f 3113//3113 3100//3100 3101//3101
f 3113//3113 3101//3101 3102//3102
f 3104//3104 3117//3117 3103//3103
f 3103//3103 3117//3117 3114//3114
f 3103//3103 3114//3114 3102//3102
f 3118//3118 3106//3106 3119//3119
f 3106//3106 3107//3107 3119//3119
f 3120//3120 3090//3090 3121//3121
f 3090//3090 3089//3089 3121//3121
f 3122//3122 3087//3087 3123//3123
f 3117//3117 3104//3104 3118//3118
f 3118//3118 3104//3104 3105//3105
f 3118//3118 3105//3105 3106//3106
f 3119//3119 3107//3107 3124//3124
f 3124//3124 3107//3107 3108//3108
f 3124//3124 3108//3108 3120//3120
f 3120//3120 3108//3108 3091//3091
f 3120//3120 3091//3091 3090//3090
f 3121//3121 3089//3089 3122//3122
f 3122//3122 3089//3089 3088//3088
f 3122//3122 3088//3088 3087//3087
f 3098//3098 3115//3115 3099//3099
f 3099//3099 3115//3115 3123//3123
f 3099//3099 3123//3123 3087//3087
f 3120//3120 3121//3121 3124//3124
f 3111//3111 3112//3112 3116//3116
f 3116//3116 3112//3112 3113//3113
f 3116//3116 3113//3113 3110//3110
f 3110//3110 3113//3113 3114//3114
f 3110//3110 3114//3114 3109//3109
f 3109//3109 3114//3114 3117//3117
f 3109//3109 3117//3117 3115//3115
f 3115//3115 3117//3117 3118//3118
f 3115//3115 3118//3118 3123//3123
f 3123//3123 3118//3118 3119//3119
f 3123//3123 3119//3119 3122//3122
f 3122//3122 3119//3119 3124//3124
f 3122//3122 3124//3124 3121//3121