$MeshFormat
2.2 0 8
$EndMeshFormat
$Nodes
3263
1 -0.008803020231425762 0.08232472091913223 0.004025030415505171
2 -0.008791860193014145 0.08174535632133484 0.0270249992609024
3 -0.008790270425379276 0.08167749643325806 0.01552500016987324
4 -0.008691772818565369 0.08348090946674347 0.02702499181032181
5 -0.008621370419859886 0.08001470565795898 0.0270249992609024
6 -0.008619950152933598 0.08001484721899033 0.004025000613182783
7 -0.008615517988801003 0.07999898493289948 0.01552499923855066
8 -0.008597910404205322 0.08391478657722473 0.01552500016987324
9 -0.008570260368287563 0.08404771983623505 0.004025000147521496
10 -0.007923726923763752 0.0859874039888382 0.00402500107884407
11 -0.008074158802628517 0.08571378141641617 0.02702499739825726
12 -0.007911180146038532 0.08605276048183441 0.01552500016987324
13 -0.007392310071736574 0.08705046027898788 0.01552500016987324
14 -0.006959265563637018 0.08774434775114059 0.0270249992609024
15 -0.006932190153747797 0.08777240663766861 0.004024999681860209
16 -0.006791939958930016 0.08211973309516907 0.01552500016987324
17 -0.006791358813643456 0.08250665664672852 0.006025027483701706
18 -0.006791358813643456 0.08250665664672852 0.02502497285604477
19 -0.006741039920598269 0.08102724701166153 0.01552500016987324
20 -0.006693359930068254 0.08320893347263336 0.01552500016987324
21 -0.006666303612291813 0.08045095205307007 0.006024991162121296
22 -0.006666073109954596 0.08045100420713425 0.02502501383423805
23 -0.006447149906307459 0.08427450805902481 0.01552500016987324
24 -0.006384385284036398 0.08452557027339935 0.006025011651217937
25 -0.006384385284036398 0.08452557027339935 0.02502498961985111
26 -0.006036289967596531 0.08884035050868988 0.010924999602139
27 -0.006036289967596531 0.08884035050868988 0.01552500016987324
28 -0.006036289967596531 0.08884035050868988 0.0201249998062849
29 -0.005827432498335838 0.08579405397176743 0.01552500016987324
30 -0.005644397344440222 0.06843803822994232 0.01552500016987324
31 -0.005635206121951342 0.0684073269367218 0.004025000147521496
32 -0.00560659309849143 0.06830688565969467 0.0270249992609024
33 -0.005453479941934347 0.08640063554048538 0.006025000475347042
34 -0.005476499442011118 0.0863741934299469 0.02502500079572201
35 -0.005406757816672325 0.08946451544761658 0.004025003407150507
36 -0.005406148731708527 0.08946377784013748 0.02702499739825726
37 -0.005361501593142748 0.06809240579605103 0.01528062485158443
38 -0.004701443947851658 0.09001899510622025 0.01092500425875187
39 -0.00524007435888052 0.08959725499153137 0.02012498490512371
40 -0.00501196039840579 0.06784658133983612 0.004025000147521496
41 -0.004909880459308624 0.06784884631633759 0.01552500016987324
42 -0.004879300016909838 0.06784460693597794 0.0270249992609024
43 -0.004681129939854145 0.07271923124790192 0.006025000009685755
44 -0.004681129939854145 0.07271923124790192 0.01552500016987324
45 -0.004681129939854145 0.07271923124790192 0.02502500079572201
46 -0.004524702671915293 0.08754995465278625 0.01552500948309898
47 -0.004125472158193588 0.08792988955974579 0.02502499520778656
48 -0.004123996943235397 0.08792798221111298 0.006025008391588926
49 -0.003268199972808361 0.08858826756477356 0.0201249998062849
50 -0.003253029892221093 0.08858688920736313 0.01552500016987324
51 -0.003095380030572414 0.07071921974420547 0.007707031909376383
52 -0.003095380030572414 0.07071921974420547 0.02331055700778961
53 -0.003095380030572414 0.07071922719478607 0.01552500016987324
54 -0.002355830045416951 0.06784422695636749 0.007807412650436163
55 -0.002355830045416951 0.06784422695636749 0.01552500016987324
56 -0.002355830045416951 0.06784422695636749 0.02324259094893932
57 0.003342154668644071 0.07350245118141174 0.01552436500787735
58 0.003381704445928335 0.07372782379388809 0.02498873881995678
59 0.003340396331623197 0.07337325066328049 0.006025000009685755
60 0.003418949898332357 0.07435458898544312 0.01552500016987324
61 0.003388453274965286 0.07271923124790192 0.006025000009685755
62 0.003443550085648894 0.07271923124790192 0.01552500016987324
63 0.003443550085648894 0.07271923124790192 0.02502500079572201
64 0.003476403886452317 0.0746646523475647 0.006025000009685755
65 0.003553250338882208 0.07500521093606949 0.02502500079572201
66 0.003697744803503156 0.07518385350704193 0.01559222675859928
67 0.004065407440066338 0.07581495493650436 0.006053307559341192
68 0.004214453510940075 0.07607848942279816 0.01552500016987324
69 0.004259726032614708 0.07613013684749603 0.02502500079572201
70 0.005038763862103224 0.07680127024650574 0.006025000009685755
71 0.005076219793409109 0.07683487981557846 0.01552500016987324
72 0.0051981913857162 0.07689337432384491 0.02498152852058411
73 0.005197709891945124 0.09521765261888504 0.02012499421834946
74 0.005215343087911606 0.09523206204175949 0.01092500239610672
75 0.005215827841311693 0.09523152559995651 0.02502500079572201
76 0.005305621773004532 0.08744344115257263 0.02502500079572201
77 0.005299427546560764 0.08700937032699585 0.01552500016987324
78 0.005308275111019611 0.08774420619010925 0.006025000009685755
79 0.005341560114175081 0.07336445152759552 0.02702500112354755
80 0.005377213936299086 0.0738917738199234 0.01547224726527929
81 0.005354214459657669 0.07327285408973694 0.004025000147521496
82 0.005420919973403215 0.07305964082479477 0.01552500016987324
83 0.005440324079245329 0.08630094677209854 0.02502500079572201
84 0.005449588410556316 0.08853193372488022 0.01552500016987324
85 0.0055417874827981 0.0887148529291153 0.02498215809464455
86 0.00544891320168972 0.08628010749816895 0.006077459547668695
87 0.00548641150817275 0.0743752047419548 0.004025006201118231
88 0.005512337666004896 0.07441624253988266 0.02702499739825726
89 0.005589600186794996 0.08592506498098373 0.01549698784947395
90 0.005681819282472134 0.07253127545118332 0.004070013295859098
91 0.005740833934396505 0.07246840000152588 0.01548817474395037
92 0.005682686809450388 0.07252825051546097 0.0270249992609024
93 0.005701306741684675 0.07473006099462509 0.01552500016987324
94 0.005712573416531086 0.08917861431837082 0.006025000009685755
95 0.005904319230467081 0.08945492655038834 0.01557287760078907
96 0.006039760075509548 0.07731953263282776 0.006025000009685755
97 0.006048751994967461 0.07731401175260544 0.01549437548965216
98 0.006005553994327784 0.08510134369134903 0.02502500079572201
99 0.006165189668536186 0.07201094925403595 0.0270249992609024
100 0.006169447209686041 0.08490996807813644 0.01552500016987324
101 0.006200919859111309 0.07736306637525558 0.02502500079572201
102 0.006205578800290823 0.07198222726583481 0.01552500016987324
103 0.006206508260220289 0.07520586252212524 0.004024999681860209
104 0.006206508260220289 0.07520586252212524 0.0270249992609024
105 0.006135912146419287 0.08500056713819504 0.006064464338123798
106 0.006214737426489592 0.08993016183376312 0.02502500079572201
107 0.006248479709029198 0.07195741683244705 0.004025000147521496
108 0.006250821985304356 0.09858021140098572 0.0270249992609024
109 0.006251607090234756 0.09858010709285736 0.010924999602139
110 0.006235563661903143 0.09434282779693604 0.010924999602139
111 0.006226218305528164 0.09435095638036728 0.02502500079572201
112 0.00643256027251482 0.09871795028448105 0.004025000147521496
113 0.00644192798063159 0.09015153348445892 0.0154681047424674
114 0.006442002020776272 0.09872051328420639 0.0201249998062849
115 0.00645087705925107 0.09419994801282883 0.006025000009685755
116 0.00645087705925107 0.09419994801282883 0.0201249998062849
117 0.006393694784492254 0.07527784258127213 0.01546201203018427
118 0.006666887551546097 0.09046284854412079 0.006025000009685755
119 0.006887737661600113 0.09686388820409775 0.004025000147521496
120 0.006887737661600113 0.09686388820409775 0.0201249998062849
121 0.006932197604328394 0.09694089740514755 0.010924999602139
122 0.006932197604328394 0.09694089740514755 0.0270249992609024
123 0.007103502284735441 0.07172445952892303 0.004061570391058922
124 0.006971519906073809 0.07171604037284851 0.0270249992609024
125 0.007005661260336637 0.09619823098182678 0.010924999602139
126 0.007005661260336637 0.09619823098182678 0.0270249992609024
127 0.007031220011413097 0.08415357023477554 0.006025000009685755
128 0.007031220011413097 0.08415357023477554 0.01552500016987324
129 0.006993856746703386 0.0841870978474617 0.02502500079572201
130 0.007280472666025162 0.09075767546892166 0.01556755602359772
131 0.007031220011413097 0.09063488245010376 0.02502500079572201
132 0.007047752384096384 0.09615614265203476 0.004025000147521496
133 0.007047752384096384 0.09615614265203476 0.0201249998062849
134 0.007059894967824221 0.0988616868853569 0.010924999602139
135 0.007061480078846216 0.09886223822832108 0.0270249992609024
136 0.007241559680551291 0.0716780349612236 0.01552500016987324
137 0.007075504399836063 0.07746978849172592 0.01552298571914434
138 0.007241560146212578 0.07749173045158386 0.02502500079572201
139 0.007241608574986458 0.07550980150699615 0.004024999681860209
140 0.007241608574986458 0.07550980150699615 0.0270249992609024
141 0.007297808770090342 0.0871923416852951 0.01552498061209917
142 0.007264227140694857 0.08723612874746323 0.004025000147521496
143 0.007299060001969337 0.08739423006772995 0.0270249992609024
144 0.007440835237503052 0.09403830021619797 0.006033880170434713
145 0.007316260132938623 0.09402237832546234 0.010924999602139
146 0.007290811277925968 0.09402760118246078 0.0201249998062849
147 0.007316260132938623 0.09402237832546234 0.02502500079572201
148 0.007363710086792707 0.08788534253835678 0.01552500016987324
149 0.007441408932209015 0.0881752073764801 0.004025009460747242
150 0.007448812015354633 0.08659695088863373 0.0270249992609024
151 0.00745498389005661 0.08659785240888596 0.004025000147521496
152 0.007467334624379873 0.08821623772382736 0.02702499739825726
153 0.007506123743951321 0.07549071311950684 0.01552500016987324
154 0.007648160681128502 0.07746990770101547 0.006025000009685755
155 0.00756762083619833 0.0971716120839119 0.004025000147521496
156 0.007567635737359524 0.09601684659719467 0.010924999602139
157 0.007567635737359524 0.09601684659719467 0.0270249992609024
158 0.007625135127454996 0.09603225439786911 0.0201249998062849
159 0.007642530836164951 0.08627650141716003 0.01552500016987324
160 0.007656313013285398 0.08853007107973099 0.01552500016987324
161 0.00771340960636735 0.09715022891759872 0.0201249998062849
162 0.007733248639851809 0.07174393534660339 0.0270249992609024
163 0.007868022657930851 0.09708325564861298 0.010924999602139
164 0.007790424861013889 0.09710576385259628 0.0270249992609024
165 0.007790434174239635 0.09608269482851028 0.004025000147521496
166 0.007828246802091599 0.07177182286977768 0.004025000147521496
167 0.007865304127335548 0.09887126088142395 0.004025000147521496
168 0.00772142643108964 0.09885602444410324 0.0201249998062849
169 0.007963644340634346 0.09885022044181824 0.01091650687158108
170 0.007984142750501633 0.09884227067232132 0.02696062810719013
171 0.007994735613465309 0.08366893231868744 0.02502500079572201
172 0.007994760759174824 0.09111953526735306 0.006025000009685755
173 0.007953304797410965 0.07742162793874741 0.01555555406957865
174 0.008005714043974876 0.09641280770301819 0.010924999602139
175 0.008005714043974876 0.09641280770301819 0.0270249992609024
176 0.008005714975297451 0.09677564352750778 0.004025000147521496
177 0.008021122775971889 0.09647031128406525 0.0201249998062849
178 0.008059775456786156 0.08364687114953995 0.01552500016987324
179 0.00805980060249567 0.09114159643650055 0.01552500016987324
180 0.008126111701130867 0.08362907916307449 0.006025000009685755
181 0.008126137778162956 0.091159388422966 0.02502500079572201
182 0.008287969045341015 0.08574236184358597 0.004049514420330524
183 0.008170206099748611 0.08577671647071838 0.02702500112354755
184 0.00814813282340765 0.08903656154870987 0.004024996887892485
185 0.008174057118594646 0.08901364356279373 0.0270250029861927
186 0.008194924332201481 0.09411348402500153 0.010924999602139
187 0.008332801982760429 0.0941896066069603 0.02502500079572201
188 0.008216070011258125 0.07522237300872803 0.01552500016987324
189 0.008267916738986969 0.07521173357963562 0.004024998284876347
190 0.008317373692989349 0.07515475898981094 0.02702500112354755
191 0.008277541026473045 0.07198222726583481 0.01552500016987324
192 0.008302853442728519 0.09414876252412796 0.006025000009685755
193 0.008302187547087669 0.09414854645729065 0.02015524916350842
194 0.008433209732174873 0.08563782274723053 0.01552500016987324
195 0.0084433788433671 0.07731952518224716 0.02502500079572201
196 0.008448866195976734 0.08915659785270691 0.01552500016987324
197 0.008655553683638573 0.07230349630117416 0.0270249992609024
198 0.008589714765548706 0.09852438420057297 0.004025000147521496
199 0.008699930272996426 0.09852088242769241 0.010924999602139
200 0.008699930272996426 0.09852088242769241 0.0201249998062849
201 0.008699930272996426 0.09852088242769241 0.0270249992609024
202 0.008730044588446617 0.07240021973848343 0.004025000147521496
203 0.008791524916887283 0.07716383785009384 0.01551642920821905
204 0.008852308616042137 0.07456087321043015 0.01553918793797493
205 0.008837839588522911 0.07256835699081421 0.01552500016987324
206 0.008973347954452038 0.07441066950559616 0.004025001544505358
207 0.009075229987502098 0.07425945252180099 0.02702499553561211
208 0.009025938808917999 0.07707822322845459 0.006025000009685755
209 0.009062199853360653 0.07305964082479477 0.01552500016987324
210 0.009065659716725349 0.09459423273801804 0.006025000009685755
211 0.009065659716725349 0.09459423273801804 0.010924999602139
212 0.009065659716725349 0.09459423273801804 0.0201249998062849
213 0.009065659716725349 0.09459423273801804 0.02502500079572201
214 0.009137122891843319 0.07332323491573334 0.004024999216198921
215 0.009137989953160286 0.0733196884393692 0.0270249992609024
216 0.009141954593360424 0.07378782331943512 0.01552498620003462
217 0.009195916354656219 0.08547864854335785 0.004024998284876347
218 0.009189585223793983 0.0854802206158638 0.02697578817605972
219 0.009196559898555279 0.09129173308610916 0.01552500016987324
220 0.009012162685394287 0.09126893430948257 0.02502500079572201
221 0.009197205305099487 0.08930981159210205 0.00402499595656991
222 0.009264969266951084 0.08930639922618866 0.0270250029861927
223 0.009297076612710953 0.09798266738653183 0.004025000147521496
224 0.009345011785626411 0.09785018861293793 0.0201249998062849
225 0.009371182881295681 0.09785526245832443 0.010924999602139
226 0.009388027712702751 0.09780336171388626 0.02699276246130466
227 0.009505072608590126 0.07674870640039444 0.01557574514299631
228 0.009406889788806438 0.07683487981557846 0.02502500079572201
229 0.009448353201150894 0.08549598604440689 0.01552500016987324
230 0.009461087174713612 0.08929071575403214 0.01552500016987324
231 0.009625496342778206 0.08352489769458771 0.02502500079572201
232 0.009511831216514111 0.09129587560892105 0.006025000009685755
233 0.009329726919531822 0.08352173119783401 0.01556349825114012
234 0.009648445062339306 0.08350604027509689 0.006025000009685755
235 0.009777658618986607 0.09659525007009506 0.0270249992609024
236 0.009777752682566643 0.09659474343061447 0.010924999602139
237 0.009798962622880936 0.0965958908200264 0.004025000147521496
238 0.009799147956073284 0.09659506380558014 0.0201249998062849
239 0.009956919588148594 0.09121683984994888 0.01552500016987324
240 0.01000721473246813 0.08908430486917496 0.01550628431141376
241 0.01021905988454819 0.08577479422092438 0.004024997819215059
242 0.01021905988454819 0.08577479422092438 0.02702500112354755
243 0.01022292114794254 0.08901172131299973 0.004024997819215059
244 0.01022292114794254 0.08901172131299973 0.02702500112354755
245 0.0102233849465847 0.07613015174865723 0.006025000009685755
246 0.01026865746825933 0.07607850432395935 0.01552500016987324
247 0.01031047943979502 0.07602402567863464 0.02502500079572201
248 0.01038297358900309 0.08589209616184235 0.01552500016987324
249 0.01045628078281879 0.09108725935220718 0.02502500079572201
250 0.01045569311827421 0.0837312638759613 0.01553092058748007
251 0.01068807020783424 0.09099505096673965 0.01552500016987324
252 0.01075058151036501 0.08851195871829987 0.01552500016987324
253 0.01084238011389971 0.07508573681116104 0.01552500016987324
254 0.01093813683837652 0.08819060027599335 0.004025000147521496
255 0.01093922927975655 0.08660224825143814 0.0270249992609024
256 0.01095170620828867 0.0866132378578186 0.004025000613182783
257 0.01095365080982447 0.08816997706890106 0.0270249992609024
258 0.01096686162054539 0.07479603588581085 0.006025000009685755
259 0.0109739163890481 0.0866912454366684 0.01552499923855066
260 0.01098092645406723 0.08391021937131882 0.02502500079572201
261 0.0109809273853898 0.09087822586297989 0.006025000009685755
262 0.01100671570748091 0.0746646523475647 0.02502500079572201
263 0.01103956997394562 0.07271923124790192 0.006025000009685755
264 0.01103956997394562 0.07271923124790192 0.01552500016987324
265 0.01107057742774487 0.07271923124790192 0.02502500079572201
266 0.01106416992843151 0.07435458898544312 0.01552500016987324
267 0.01109405979514122 0.08739423006772995 0.004025000147521496
268 0.01109405979514122 0.08739423006772995 0.0270249992609024
269 0.01108939200639725 0.0876128301024437 0.0154571533203125
270 0.01110200490802526 0.08397494256496429 0.006025000009685755
271 0.0111427241936326 0.07337325066328049 0.02502500079572201
272 0.01112250704318285 0.07355891168117523 0.006025000009685755
273 0.0111460518091917 0.07344602793455124 0.01552500016987324
274 0.01138165127485991 0.08417113125324249 0.01548377703875303
275 0.01136188954114914 0.09063488245010376 0.01552500016987324
276 0.01173250656574965 0.09037604182958603 0.02502500079572201
277 0.01195251010358334 0.09015017747879028 0.006025000009685755
278 0.01197232864797115 0.09012593328952789 0.01551005430519581
279 0.01233068015426397 0.08499433100223541 0.02502500079572201
280 0.01222366560250521 0.08490995317697525 0.01552500016987324
281 0.01226548757404089 0.08496443182229996 0.006025000009685755
282 0.01251490972936153 0.08940186351537704 0.01556076668202877
283 0.01243721041828394 0.08955956250429153 0.02502500079572201
284 0.01264957152307034 0.08924129605293274 0.006025000009685755
285 0.01279737986624241 0.08590272068977356 0.006025000009685755
286 0.01279737986624241 0.08590272068977356 0.01552500016987324
287 0.01294353138655424 0.08853193372488022 0.01552500016987324
288 0.01294663455337286 0.08625603467226028 0.02502500079572201
289 0.01295279804617167 0.08848749846220016 0.02502500079572201
290 0.01302783284336329 0.08801107853651047 0.006049969233572483
291 0.01311378367245197 0.0870504155755043 0.006025000009685755
292 0.01308852341026068 0.08706313371658325 0.01549228094518185
293 0.01309406012296677 0.08739423006772995 0.02502500079572201
294 0.01806861907243729 0.07357368618249893 0.01559115666896105
295 0.01805735751986504 0.07337407767772675 0.02502500079572201
296 0.01806039549410343 0.07337325066328049 0.006025000009685755
297 0.01815984211862087 0.07442424446344376 0.01546334568411112
298 0.01816355064511299 0.07271923124790192 0.006059085018932819
299 0.01816355064511299 0.07271923124790192 0.01552500016987324
300 0.01816355064511299 0.07271923124790192 0.02502500079572201
301 0.01819640584290028 0.07466465979814529 0.006025000009685755
302 0.01827720738947392 0.07491835951805115 0.02502500079572201
303 0.01848622225224972 0.07530289888381958 0.01550931204110384
304 0.01889263279736042 0.07602401077747345 0.006025000009685755
305 0.0189344547688961 0.07607848942279816 0.01552500016987324
306 0.01893716119229794 0.07614390552043915 0.02502500079572201
307 0.01979622058570385 0.07683487981557846 0.006025000009685755
308 0.01979622058570385 0.07683487981557846 0.01552500016987324
309 0.01985283941030502 0.07686199992895126 0.02502500079572201
310 0.0200619250535965 0.07379947602748871 0.01552500948309898
311 0.02009499073028564 0.07374532520771027 0.0270249992609024
312 0.02006513066589832 0.0733196884393692 0.004025000147521496
313 0.02014091983437538 0.07305964082479477 0.01552500016987324
314 0.02020007744431496 0.07284419983625412 0.0270249992609024
315 0.02020641230046749 0.0743752121925354 0.004025003407150507
316 0.02023233845829964 0.07441624253988266 0.0270249992609024
317 0.02048794738948345 0.07243996113538742 0.01558445859700441
318 0.02042130753397942 0.07473006099462509 0.01552500016987324
319 0.02054756321012974 0.07230349630117416 0.004025000147521496
320 0.02075975760817528 0.07731953263282776 0.006025000009685755
321 0.02072323113679886 0.0772915780544281 0.01550683099776506
322 0.02088518626987934 0.07201094925403595 0.0270249992609024
323 0.02092557586729527 0.07198223471641541 0.01552500016987324
324 0.0209390614181757 0.07521365582942963 0.004024998750537634
325 0.02098207548260689 0.07522610574960709 0.02702500112354755
326 0.02121384255588055 0.07535659521818161 0.01552500016987324
327 0.02146987244486809 0.0717439278960228 0.004025000147521496
328 0.02169151045382023 0.07171604037284851 0.0270249992609024
329 0.02197407186031342 0.07164467871189117 0.01552500016987324
330 0.02196156047284603 0.07749173045158386 0.01552500016987324
331 0.02196156047284603 0.07749173045158386 0.02502500079572201
332 0.02196219377219677 0.07550979405641556 0.004024997819215059
333 0.02196219377219677 0.07550979405641556 0.02702500112354755
334 0.0222261231392622 0.07549071311950684 0.01552500016987324
335 0.02223159931600094 0.07171604037284851 0.004025000147521496
336 0.02227683179080486 0.07749587297439575 0.006025000009685755
337 0.02245324663817883 0.07174393534660339 0.0270249992609024
338 0.02272192016243935 0.07741683721542358 0.01552500016987324
339 0.02293607033789158 0.07522237300872803 0.01552500016987324
340 0.02299695275723934 0.07520605623722076 0.004025000147521496
341 0.02299695275723934 0.07520605623722076 0.0270249992609024
342 0.02296433597803116 0.07189998030662537 0.01552500016987324
343 0.02302992716431618 0.07200795412063599 0.00408077472820878
344 0.02329454384744167 0.07724808901548386 0.02502500079572201
345 0.02337555214762688 0.07230349630117416 0.0270249992609024
346 0.02345306985080242 0.07719504833221436 0.01552500016987324
347 0.02351559698581696 0.07471193373203278 0.01552500016987324
348 0.02355783991515636 0.07256835699081421 0.004025000147521496
349 0.02355783991515636 0.07256835699081421 0.01552500016987324
350 0.02370313741266727 0.07439059764146805 0.004025000147521496
351 0.02371864765882492 0.07436997443437576 0.0270249992609024
352 0.02374593913555145 0.07707822322845459 0.006025000009685755
353 0.02378753945231438 0.07310597598552704 0.01559517905116081
354 0.02381973341107368 0.0732131153345108 0.0270249992609024
355 0.02389088086783886 0.0733979344367981 0.004024993628263474
356 0.02391199953854084 0.07374494522809982 0.01552498713135719
357 0.02417484857141972 0.07679297775030136 0.01546991709619761
358 0.02444678917527199 0.07662054151296616 0.02502500079572201
359 0.02463505975902081 0.09659483283758163 0.004025000147521496
360 0.02463517338037491 0.09659542143344879 0.0201249998062849
361 0.02467180043458939 0.09659422934055328 0.010924999602139
362 0.02467180043458939 0.09659422934055328 0.0270249992609024
363 0.02463042549788952 0.07642396539449692 0.006025000009685755
364 0.02484781667590141 0.0975201204419136 0.010924999602139
365 0.02484601177275181 0.09751227498054504 0.02696643769741058
366 0.02499143034219742 0.07607404142618179 0.01549312472343445
367 0.02505240216851234 0.09783615171909332 0.004068195354193449
368 0.0250619575381279 0.09786270558834076 0.0201249998062849
369 0.02536431141197681 0.09457721561193466 0.0201249998062849
370 0.02530551515519619 0.09459330141544342 0.010924999602139
371 0.02534987963736057 0.09459423273801804 0.006025000009685755
372 0.02534987963736057 0.09459423273801804 0.02502500079572201
373 0.02540116757154465 0.0754820704460144 0.006025000009685755
374 0.02544555068016052 0.07537860423326492 0.02502500079572201
375 0.02550831995904446 0.06784422695636749 0.007807417307049036
376 0.02550831995904446 0.06784422695636749 0.01556158252060413
377 0.02550831995904446 0.06784422695636749 0.02324258163571358
378 0.02547868900001049 0.07523127645254135 0.01545648369938135
379 0.02553067915141582 0.09838273376226425 0.010924999602139
380 0.02550821378827095 0.09835436195135117 0.0270249992609024
381 0.0257654432207346 0.07278188318014145 0.006025000009685755
382 0.02575957030057907 0.07271923124790192 0.01552500016987324
383 0.02575957030057907 0.07271923124790192 0.02502500079572201
384 0.02577014081180096 0.07071921974420547 0.007707022130489349
385 0.02577014081180096 0.07071921974420547 0.02334298007190228
386 0.02577014081180096 0.07071922719478607 0.01552500016987324
387 0.02574307285249233 0.07448998838663101 0.01553312689065933
388 0.02579575031995773 0.09857082366943359 0.004025000147521496
389 0.02579575031995773 0.09857082366943359 0.0201249998062849
390 0.02586605213582516 0.07344602793455124 0.01552500016987324
391 0.02587269246578217 0.07392586767673492 0.006025000009685755
392 0.02588114887475967 0.07377465814352036 0.02502500079572201
393 0.02606936171650887 0.09416621923446655 0.02502500079572201
394 0.02617069520056248 0.09413092583417892 0.006025000009685755
395 0.02634014934301376 0.09880579262971878 0.010924999602139
396 0.02627246826887131 0.09877359867095947 0.02697287499904633
397 0.02640982531011105 0.09641280770301819 0.004025000147521496
398 0.02640982531011105 0.09641280770301819 0.0201249998062849
399 0.02640982531011105 0.09677564352750778 0.010924999602139
400 0.02637543343007565 0.09674926847219467 0.0270249992609024
401 0.02641670033335686 0.07271923124790192 0.006025000009685755
402 0.02641670033335686 0.07271923124790192 0.01552500016987324
403 0.02641670033335686 0.07271923124790192 0.02502500079572201
404 0.02659059129655361 0.09887557476758957 0.004025000147521496
405 0.02657466009259224 0.098876953125 0.0201249998062849
406 0.02662510424852371 0.09608269482851028 0.010924999602139
407 0.02662510424852371 0.09608269482851028 0.0270249992609024
408 0.02662511356174946 0.09710576385259628 0.004025000147521496
409 0.02662511356174946 0.09710576385259628 0.0201249998062849
410 0.02664878033101559 0.09402415901422501 0.010924999602139
411 0.02689792588353157 0.09402191638946533 0.0201249998062849
412 0.02684790268540382 0.09601684659719467 0.004025000147521496
413 0.02684790268540382 0.09601684659719467 0.0201249998062849
414 0.02684791758656502 0.0971716120839119 0.010924999602139
415 0.02684791758656502 0.0971716120839119 0.0270249992609024
416 0.02704109437763691 0.09403616189956665 0.02502500079572201
417 0.027232451364398 0.09888662397861481 0.010924999602139
418 0.02727357670664787 0.09889071434736252 0.02697413414716721
419 0.02728620171546936 0.06784643232822418 0.004025000147521496
420 0.02717914432287216 0.06785748898983002 0.01548709347844124
421 0.02736778743565083 0.09615614265203476 0.010924999602139
422 0.02736778743565083 0.09615614265203476 0.0270249992609024
423 0.02740356139838696 0.06784974038600922 0.0270249992609024
424 0.027409877628088 0.09619823098182678 0.004025000147521496
425 0.027409877628088 0.09619823098182678 0.0201249998062849
426 0.02748334221541882 0.09694089740514755 0.004025000147521496
427 0.02748334221541882 0.09694089740514755 0.0201249998062849
428 0.02752780355513096 0.09686388820409775 0.010924999602139
429 0.02752780355513096 0.09686388820409775 0.0270249992609024
430 0.0276058204472065 0.08577659726142883 0.010924999602139
431 0.0276058204472065 0.08577659726142883 0.01552500016987324
432 0.0276058204472065 0.08577659726142883 0.0201249998062849
433 0.02774222008883953 0.06810574978590012 0.004051788244396448
434 0.02774222008883953 0.06810574978590012 0.01545990537852049
435 0.02783083915710449 0.09870398789644241 0.004025000147521496
436 0.02775496058166027 0.09877487272024155 0.0201249998062849
437 0.02804633975028992 0.0685727596282959 0.01552500016987324
438 0.02804679237306118 0.0685732290148735 0.004025000147521496
439 0.02804707363247871 0.06857306510210037 0.0270249992609024
440 0.02809982001781464 0.09859053790569305 0.01091452594846487
441 0.02806911990046501 0.09861558675765991 0.0270249992609024
442 0.0283633004873991 0.09409423172473907 0.006025000009685755
443 0.0283633004873991 0.09409423172473907 0.02502500079572201
444 0.02836437895894051 0.09411385655403137 0.0201249998062849
445 0.02836510166525841 0.09412699937820435 0.010924999602139
446 0.02873048931360245 0.09810271859169006 0.004025000147521496
447 0.02874120511114597 0.09808056056499481 0.0201249998062849
448 0.0288509838283062 0.09789716452360153 0.010924999602139
449 0.0288274735212326 0.09795217961072922 0.0270249992609024
450 0.0292295478284359 0.09611760079860687 0.004025000147521496
451 0.0292295478284359 0.09611760079860687 0.0201249998062849
452 0.02924626134335995 0.09703623503446579 0.004025000147521496
453 0.02924626134335995 0.09703623503446579 0.0201249998062849
454 0.02925302088260651 0.09612138569355011 0.010924999602139
455 0.02932334132492542 0.09605241566896439 0.0270249992609024
456 0.02926438115537167 0.09692981839179993 0.010924999602139
457 0.02926438115537167 0.09692981839179993 0.0270249992609024
458 0.02959758043289185 0.08559521287679672 0.010924999602139
459 0.02959758043289185 0.08559521287679672 0.01552500016987324
460 0.02959758043289185 0.08559521287679672 0.0201249998062849
461 0.03010042756795883 0.09532367438077927 0.004025000147521496
462 0.03004387021064758 0.09537523239850998 0.0201249998062849
463 0.03009212389588356 0.09529842436313629 0.010924999602139
464 0.03014501556754112 0.09524654597043991 0.0270249992609024
465 0.03039111383259296 0.09433998167514801 0.010924999602139
466 0.03039305843412876 0.09433917701244354 0.0270249992609024
467 0.03039347752928734 0.0943392738699913 0.004025000147521496
468 0.03039476834237576 0.09439065307378769 0.0201249998062849
469 0.01969768665730953 0.09659518301486969 0.004025000147521496
470 0.009809547103941441 0.07200966775417328 0.007883124053478241
471 0.002682746155187488 0.0880090668797493 0.006025002337992191
472 0.002894797595217824 0.08766578137874603 0.02502499893307686
473 -0.003881796728819609 0.08375675976276398 0.004025000147521496
474 0.02852271310985088 0.07379868626594543 0.004091189242899418
475 0.004496975801885128 0.08615512400865555 0.004025000147521496
476 0.02702833712100983 0.07943543791770935 0.01166462525725365
477 0.01289511751383543 0.07071922719478607 0.01183555833995342
478 -0.00661041121929884 0.0721966028213501 0.01304723042994738
479 0.02477310411632061 0.07289122045040131 0.01909562759101391
480 0.01734870858490467 0.09659476578235626 0.007649820297956467
481 -0.007631889544427395 0.07616844028234482 0.02064275927841663
482 -0.007458917330950499 0.075498066842556 0.01169792376458645
483 -0.005733165889978409 0.07681611925363541 0.01992778107523918
484 -0.00572103401646018 0.0767693817615509 0.01046089176088572
485 -0.006706916727125645 0.07257403433322906 0.006595269776880741
486 0.02133745327591896 0.07184478640556335 0.02012253738939762
487 0.003480233252048492 0.07964921742677689 0.02502499893307686
488 0.005184439942240715 0.09521777927875519 0.006026261951774359
489 -0.001647379365749657 0.07287178933620453 0.0270249992609024
490 0.002119729295372963 0.07141904532909393 0.0270249992609024
491 -0.001770664704963565 0.09230830520391464 0.008066949434578419
492 -0.007129957433789968 0.0742185115814209 0.01552499923855066
493 0.01332375127822161 0.08374582976102829 0.004025000147521496
494 0.01388960424810648 0.08717703819274902 0.004025000147521496
495 0.01530403457581997 0.07701142132282257 0.004025000147521496
496 0.02440604194998741 0.07825419306755066 0.004025000147521496
497 0.02557272650301456 0.08819335699081421 0.004025000147521496
498 0.02500066161155701 0.09238894283771515 0.004025000147521496
499 0.02029858343303204 0.07775571197271347 0.004024999681860209
500 0.0186967458575964 0.08519876748323441 0.004025000147521496
501 0.01691398955881596 0.09278131276369095 0.004025000147521496
502 0.021506167948246 0.0965949073433876 0.02267950773239136
503 0.02999682351946831 0.09059403091669083 0.004025000147521496
504 0.00592659879475832 0.07071922719478607 0.01872303336858749
505 0.004370412789285183 0.08906690776348114 0.0270249992609024
506 0.005032145418226719 0.09234867244958878 0.0270249992609024
507 0.001408241805620492 0.08637594431638718 0.0270249992609024
508 0.005876043811440468 0.07758636027574539 0.0270249992609024
509 0.008696791715919971 0.08261801302433014 0.02702500112354755
510 0.008423073217272758 0.07774825394153595 0.02702500112354755
511 0.01408002059906721 0.08833029121160507 0.0270249992609024
512 -0.004113004542887211 0.07247059792280197 0.004025000147521496
513 0.02732805162668228 0.08272650837898254 0.008163770660758018
514 0.006321081425994635 0.07525981962680817 0.0235050693154335
515 0.01847640424966812 0.07959278672933578 0.02502500079572201
516 0.01088249683380127 0.07407519966363907 0.004024999216198921
517 0.01037769112735987 0.07928843051195145 0.004024999681860209
518 0.01064480282366276 0.07067574560642242 0.0270249992609024
519 0.0175586249679327 0.07014799118041992 0.0270249992609024
520 0.02017019875347614 0.06784859299659729 0.0270249992609024
521 0.0005451778415590525 0.09158071130514145 0.02502499707043171
522 0.0005372632294893265 0.09157239645719528 0.006025004200637341
523 0.01117136143147945 0.09459411352872849 0.008231122978031635
524 0.02884627878665924 0.07734867185354233 0.009414317086338997
525 0.01499299332499504 0.09352273494005203 0.0270249992609024
526 0.01298700552433729 0.08304629474878311 0.0270249992609024
527 0.006138650234788656 0.07065483182668686 0.02334072627127171
528 0.01963810250163078 0.0775815024971962 0.02702500112354755
529 -0.008787714876234531 0.08167058229446411 0.01975459605455399
530 0.02413647994399071 0.07803377509117126 0.0270249992609024
531 0.0002757566107902676 0.09016863256692886 0.02702499739825726
532 0.02814150042831898 0.09235615283250809 0.0270249992609024
533 0.02715902030467987 0.08815930783748627 0.0270249992609024
534 0.0149395102635026 0.08020791411399841 0.0270249992609024
535 -0.005625495221465826 0.0683724656701088 0.0212750006467104
536 -0.00861348956823349 0.08377670496702194 0.00998271256685257
537 0.02077321708202362 0.08760682493448257 0.0270249992609024
538 0.02296671643853188 0.07521416246891022 0.02131359092891216
539 0.01648645661771297 0.07473263889551163 0.0270249992609024
540 -0.005639801733195782 0.06842268258333206 0.009775000624358654
541 -0.008529745973646641 0.07966182380914688 0.02109152637422085
542 -0.008581819944083691 0.07986721396446228 0.01013809721916914
543 0.01059684343636036 0.07316061854362488 0.0270249992609024
544 0.02804670669138432 0.06857290863990784 0.0212750006467104
545 0.02817700989544392 0.07000298798084259 0.004025000147521496
546 0.01592140458524227 0.0723612979054451 0.0270249992609024
547 0.006495070643723011 0.09018871188163757 0.009263315238058567
548 0.01646786369383335 0.09065701067447662 0.0270249992609024
549 -0.00290461746044457 0.07546123862266541 0.004025000147521496
550 0.003212092211470008 0.07985958456993103 0.006025001872330904
551 0.001659773639403284 0.0841384083032608 0.006025003269314766
552 0.003546294290572405 0.09646382182836533 0.007540273480117321
553 0.02646130509674549 0.09683505445718765 0.008903758600354195
554 0.02996724471449852 0.08965655416250229 0.007651304360479116
555 0.02921341359615326 0.08137957751750946 0.01552500016987324
556 0.01032327115535736 0.0678454115986824 0.005902156233787537
557 -0.003435243153944612 0.0792209655046463 0.0270249992609024
558 0.02232685871422291 0.07175268977880478 0.006442941725254059
559 0.02646640129387379 0.06857506185770035 0.01620449684560299
560 0.0002969111665152013 0.08270725607872009 0.0270249992609024
561 0.001559536904096603 0.09236905723810196 0.01092500146478415
562 0.0007243464351631701 0.09171470254659653 0.02012499794363976
563 0.02251551114022732 0.08038751035928726 0.004025000147521496
564 -0.001857616472989321 0.08462058752775192 0.02502499707043171
565 0.02295520715415478 0.08297953009605408 0.02502500079572201
566 0.01559335645288229 0.08545983582735062 0.004025000147521496
567 0.02082020975649357 0.07732541114091873 0.02502500079572201
568 0.02201488427817822 0.09459395706653595 0.008475000038743019
569 0.009339761920273304 0.06968085467815399 0.004025000147521496
570 0.01218562573194504 0.08102035522460938 0.006025000009685755
571 0.02264436148107052 0.09659460932016373 0.007371687795966864
572 0.006583432201296091 0.08927291631698608 0.006724798586219549
573 0.004771876148879528 0.06784652173519135 0.004054829012602568
574 -0.006643545348197222 0.07232870906591415 0.004025000147521496
575 0.02725282125174999 0.09785329550504684 0.02473117783665657
576 6.014498649165034e-05 0.08452370017766953 0.004025000147521496
577 0.01627371646463871 0.0678463950753212 0.004086836241185665
578 0.0216839462518692 0.08917958289384842 0.004025000147521496
579 -0.0004072358133271337 0.06784655898809433 0.004025000147521496
580 -0.005673716776072979 0.07658509165048599 0.006024995353072882
581 0.03013963438570499 0.09155640751123428 0.02421324700117111
582 0.009451848454773426 0.06784651428461075 0.004025000147521496
583 0.01669635809957981 0.08148287981748581 0.004024999681860209
584 -0.001803532242774963 0.07910861074924469 0.004025000147521496
585 -0.00666253874078393 0.07240021228790283 0.00942253228276968
586 0.007528616581112146 0.08966480940580368 0.006714521907269955
587 0.01214108802378178 0.06784422695636749 0.02324258536100388
588 0.02813153527677059 0.0695071667432785 0.01624375022947788
589 0.02895105257630348 0.07849786430597305 0.01956045255064964
590 0.007154309656471014 0.0890817865729332 0.006026020273566246
591 -0.003095380030572414 0.07071921974420547 0.01161601580679417
592 0.02324485033750534 0.0871347114443779 0.02502500079572201
593 -0.002355830045416951 0.06784422695636749 0.01945692300796509
594 0.02922535128891468 0.08151009678840637 0.02310961857438087
595 -0.002355830045416951 0.06784422695636749 0.01166620664298534
596 -0.00866714958101511 0.08357555419206619 0.02301698364317417
597 -0.005241763778030872 0.06803576648235321 0.02115984261035919
598 -0.006500262767076492 0.07176660001277924 0.01906841248273849
599 0.00302946544252336 0.09352269023656845 0.02269299514591694
600 -0.001281519071199 0.07135758548974991 0.004025000147521496
601 0.02736824192106724 0.06785286962985992 0.02292706444859505
602 -0.003095380030572414 0.07071921974420547 0.01943398639559746
603 0.02928474359214306 0.08216257393360138 0.008017628453671932
604 0.01167411077767611 0.07071921974420547 0.02334297634661198
605 -0.004800418857485056 0.07104785740375519 0.01324547454714775
606 0.02726283296942711 0.06868104636669159 0.006425662897527218
607 0.03020149096846581 0.09223024547100067 0.005742229055613279
608 0.02610635757446289 0.0728636234998703 0.0270249992609024
609 0.002903104061260819 0.09595676511526108 0.02012499608099461
610 0.001004927209578454 0.07271923124790192 0.01129040494561195
611 0.02737828530371189 0.09616664052009583 0.02530402131378651
612 -0.001436246675439179 0.0925678089261055 0.004025002475827932
613 0.02863535657525063 0.07503365725278854 0.006445858627557755
614 0.02812431752681732 0.06942424923181534 0.00477739330381155
615 0.01530511677265167 0.07071921974420547 0.007707025855779648
616 0.01333164144307375 0.07071922719478607 0.01903420500457287
617 0.004760309122502804 0.0751529261469841 0.00912229809910059
618 -0.0001374726998619735 0.07598431408405304 0.0270249992609024
619 0.02375360950827599 0.08031996339559555 0.006025000009685755
620 0.006588160991668701 0.08626852184534073 0.005489488132297993
621 0.02737210690975189 0.09129894524812698 0.004025000147521496
622 0.0215237233787775 0.07178451865911484 0.02167408168315887
623 -0.0009789598407223821 0.07271923124790192 0.01185954455286264
624 0.02182477153837681 0.09377451986074448 0.004025000147521496
625 -0.001235231989994645 0.0927269235253334 0.02464279904961586
626 0.02728496864438057 0.08225341886281967 0.006025000009685755
627 0.02924907766282558 0.08177107572555542 0.01177131477743387
628 -0.001129139098338783 0.09280864894390106 0.02702499739825726
629 0.02164146490395069 0.09459292888641357 0.02019105851650238
630 0.01921558380126953 0.07071921974420547 0.02116831205785275
631 0.00732358219102025 0.08887961506843567 0.006857641041278839
632 0.0288686603307724 0.07759661227464676 0.0270249992609024
633 -0.00616467883810401 0.07046493142843246 0.007434583734720945
634 -0.008050558157265186 0.08574714511632919 0.02322992123663425
635 -0.005125433672219515 0.07444967329502106 0.01315206196159124
636 0.006713732611387968 0.07539736479520798 0.01140062138438225
637 0.008206463418900967 0.08902985602617264 0.02578523941338062
638 -0.00311672012321651 0.08107241988182068 0.02502500079572201
639 0.009125839918851852 0.07377728819847107 0.01280354615300894
640 0.007397036533802748 0.07549642771482468 0.01035329326987267
641 0.009092168882489204 0.07320301234722137 0.006269524805247784
642 0.009186622686684132 0.07578527182340622 0.01205489691346884
643 0.0281315129250288 0.0695071667432785 0.01493313629180193
644 0.01409231219440699 0.09159807115793228 0.02502500079572201
645 0.009647256694734097 0.0927630290389061 0.004024998750537634
646 0.02308563515543938 0.07028872519731522 0.02512470632791519
647 0.008227257989346981 0.07065604627132416 0.004025000147521496
648 -0.001694048056378961 0.06784509122371674 0.02700971812009811
649 0.02860338613390923 0.07468277961015701 0.008612027391791344
650 0.02559956349432468 0.09111393988132477 0.006025000009685755
651 -0.00584133667871356 0.06920390576124191 0.01629993133246899
652 0.0141345402225852 0.07071922719478607 0.01371579151600599
653 0.02229748107492924 0.08390478789806366 0.0270249992609024
654 0.02835666947066784 0.07197655737400055 0.01786783896386623
655 0.008942082524299622 0.08185219764709473 0.004024998750537634
656 0.02821673080325127 0.07044156640768051 0.01696250028908253
657 0.02152920514345169 0.09459423273801804 0.02502500079572201
658 0.004360139835625887 0.06961815804243088 0.005647245794534683
659 0.007954411208629608 0.09268753975629807 0.0270249992609024
660 0.01658731698989868 0.07071921974420547 0.02101359702646732
661 0.0239106398075819 0.09551327675580978 0.009492009878158569
662 0.02034830674529076 0.07457107305526733 0.0242832787334919
663 -0.0009968496160581708 0.07071922719478607 0.01834644749760628
664 0.0129270302131772 0.08846928179264069 0.008708986453711987
665 0.02490276843309402 0.08517272025346756 0.0270249992609024
666 0.02342630736529827 0.06791862845420837 0.0270249992609024
667 0.02729195728898048 0.06785024702548981 0.007654118351638317
668 -0.006511567160487175 0.07182133197784424 0.0270249992609024
669 0.0183561909943819 0.07071922719478607 0.01551454607397318
670 0.01612107828259468 0.09659511595964432 0.02209421619772911
671 -0.008770914748311043 0.08151566237211227 0.02322833612561226
672 0.01726906001567841 0.08703105896711349 0.02502500079572201
673 0.01235190033912659 0.0710146501660347 0.004025000147521496
674 0.01659588515758514 0.07334661483764648 0.004024999681860209
675 -0.004794100765138865 0.06784836202859879 0.0166193749755621
676 0.01457973569631577 0.07466595619916916 0.004024999681860209
677 0.021904231980443 0.08377598971128464 0.006025000009685755
678 0.0152572812512517 0.07495148479938507 0.02502500079572201
679 0.0141464089974761 0.07579876482486725 0.006025000009685755
680 0.007502057123929262 0.07046090811491013 0.02532919310033321
681 0.001010816777125001 0.07071921974420547 0.01161853317171335
682 0.02329279668629169 0.09520892798900604 0.0270249992609024
683 0.007654149550944567 0.09260299056768417 0.004025003872811794
684 0.01043719332665205 0.07833929359912872 0.006025000009685755
685 0.03023862466216087 0.09265864640474319 0.02208624966442585
686 0.01106321066617966 0.07271923124790192 0.00963168777525425
687 0.007105125579982996 0.08562633395195007 0.006165108177810907
688 0.01000336278229952 0.07387655973434448 0.02245882898569107
689 0.001651590224355459 0.06784422695636749 0.02327077090740204
690 0.01902469247579575 0.07071921974420547 0.009985749609768391
691 0.01030140742659569 0.08584073185920715 0.02239526994526386
692 0.02788788825273514 0.08887388557195663 0.02260143868625164
693 0.009749256074428558 0.07498161494731903 0.01058858446776867
694 0.02920088544487953 0.09289346635341644 0.006950766779482365
695 0.006535882130265236 0.0878007635474205 0.005927822086960077
696 0.008206002414226532 0.06784547120332718 0.005807405337691307
697 0.0069915228523314 0.08162253350019455 0.004025000147521496
698 0.0146015603095293 0.07271923124790192 0.006025000009685755
699 0.0146015603095293 0.07271923124790192 0.01552500016987324
700 0.0146015603095293 0.07271923124790192 0.02502500079572201
701 0.02648347616195679 0.06864360719919205 0.004025000147521496
702 0.006651263684034348 0.08699054270982742 0.006202411837875843
703 0.005058362148702145 0.08634880930185318 0.0270249992609024
704 0.003147031646221876 0.07715445756912231 0.0270249992609024
705 0.008541670627892017 0.09752869606018066 0.008312184363603592
706 0.02815910801291466 0.09185431897640228 0.02228321507573128
707 0.008224472403526306 0.09115156531333923 0.00951479934155941
708 0.01926346495747566 0.09022337198257446 0.02502500079572201
709 0.02777516655623913 0.06815634667873383 0.01446985825896263
710 0.02351947873830795 0.08741439878940582 0.006025000009685755
711 0.01782099343836308 0.08808328956365585 0.006025000009685755
712 -0.003156435675919056 0.09122528880834579 0.02298696711659431
713 0.00919172540307045 0.08928261697292328 0.02139444462954998
714 0.01154024992138147 0.08114252239465714 0.0270249992609024
715 0.02339553460478783 0.07071921974420547 0.007707023061811924
716 0.01618506945669651 0.07271923124790192 0.01154489070177078
717 0.00481433467939496 0.09302229434251785 0.006025000475347042
718 -0.002575988648459315 0.07271923124790192 0.0089797368273139
719 -0.007113978266716003 0.08748483657836914 0.02024824358522892
720 0.01233747880905867 0.07071921974420547 0.009335951879620552
721 0.01650548167526722 0.07271923124790192 0.01723424904048443
722 0.02842588722705841 0.07273535430431366 0.009534141980111599
723 0.001141817658208311 0.07734730839729309 0.004025000147521496
724 0.01060160808265209 0.07547011226415634 0.01140127051621675
725 0.006352401338517666 0.06784422695636749 0.007807414047420025
726 0.02502168342471123 0.09542776644229889 0.02543635107576847
727 0.00268947402946651 0.06784422695636749 0.007807411719113588
728 0.01200201269239187 0.07673847675323486 0.0270249992609024
729 0.01018155738711357 0.0819065198302269 0.02601771056652069
730 -0.006525962147861719 0.08392690867185593 0.01252091489732265
731 0.03019290789961815 0.09214090555906296 0.0270249992609024
732 -0.001093764090910554 0.07730972766876221 0.006025000009685755
733 -0.001486321445554495 0.07638841867446899 0.02502500079572201
734 0.003531540976837277 0.07523573935031891 0.004024999681860209
735 0.02664768323302269 0.07525558769702911 0.02060393244028091
736 0.01385879144072533 0.09459373354911804 0.02012386731803417
737 0.02796786837279797 0.09749429672956467 0.02606531977653503
738 0.0273517444729805 0.08298666775226593 0.0129564618691802
739 0.01120285410434008 0.09070003032684326 0.01978967152535915
740 0.01166840828955173 0.08444163203239441 0.0118703069165349
741 0.02159185521304607 0.07742495834827423 0.01097926963120699
742 0.006708891596645117 0.07740327715873718 0.009934423491358757
743 0.01169634144753218 0.07071922719478607 0.01388662215322256
744 0.01861907728016376 0.07549814134836197 0.02015615068376064
745 0.02545330859720707 0.07532548904418945 0.01066894829273224
746 0.007120194844901562 0.06784422695636749 0.02324258722364902
747 0.02569936960935593 0.07457259297370911 0.01126789301633835
748 0.02181193605065346 0.0774732306599617 0.01980958133935928
749 -0.001899312250316143 0.09220919013023376 0.01092500332742929
750 0.02749715931713581 0.09687893092632294 0.006667899899184704
751 0.01424098294228315 0.08576072752475739 0.0270249992609024
752 0.01014174241572618 0.08575079590082169 0.02491593733429909
753 0.008104828186333179 0.08585052192211151 0.00730785820633173
754 0.01033534575253725 0.08585800975561142 0.0188665259629488
755 0.006963819265365601 0.07745739072561264 0.02030194364488125
756 0.007948081940412521 0.09107949584722519 0.0213575754314661
757 0.02563547343015671 0.07479511201381683 0.02008680067956448
758 0.01024881191551685 0.08896560966968536 0.01167759299278259
759 0.02929298393428326 0.08225607872009277 0.004088300745934248
760 0.007686096243560314 0.07071921974420547 0.009783213958144188
761 0.02283805795013905 0.07526414096355438 0.00740913487970829
762 0.01012265589088202 0.07871124148368835 0.02502500079572201
763 0.02376411855220795 0.07701753079891205 0.01904631964862347
764 0.02732541970908642 0.06959947943687439 0.01445712242275476
765 0.003418320324271917 0.07419264316558838 0.01102920342236757
766 0.01019904762506485 0.07071922719478607 0.01898284628987312
767 0.01785852015018463 0.0841013640165329 0.006025000009685755
768 0.02155028097331524 0.07745148241519928 0.0270249992609024
769 0.02521710470318794 0.07572855055332184 0.02027500048279762
770 0.01881065592169762 0.07587248086929321 0.01116545684635639
771 0.00536836264654994 0.08675801753997803 0.01019205339252949
772 0.007390723098069429 0.08798611909151077 0.01152685284614563
773 0.008618993684649467 0.07002212852239609 0.0270249992609024
774 0.00533388601616025 0.08770271390676498 0.01094008330255747
775 0.0127830570563674 0.08891495317220688 0.01069462765008211
776 0.005490225739777088 0.0885133221745491 0.009671458043158054
777 0.0243601631373167 0.0766427144408226 0.01161044929176569
778 -0.005721219349652529 0.08915206044912338 0.02357499860227108
779 0.007859630510210991 0.07741988450288773 0.02036278136074543
780 0.01204513385891914 0.09002941101789474 0.01036805938929319
781 -0.006765393540263176 0.08251432329416275 0.012996313162148
782 -0.006762375589460135 0.08256096392869949 0.01838560588657856
783 0.02498210035264492 0.07605080306529999 0.01101095229387283
784 0.003018804360181093 0.07120343297719955 0.006102957297116518
785 0.003354685381054878 0.07360781729221344 0.0197831429541111
786 0.01114167552441359 0.07346230000257492 0.01144569087773561
787 0.00334264081902802 0.07343322038650513 0.009543669410049915
788 -0.006632126402109861 0.0803571417927742 0.02009902335703373
789 -0.006665278691798449 0.08055463433265686 0.01201189029961824
790 0.02248825319111347 0.0836227610707283 0.004025000147521496
791 0.01269942428916693 0.07271923124790192 0.02025981247425079
792 0.005352130625396967 0.07341772317886353 0.006990917026996613
793 0.00856839120388031 0.07725667953491211 0.01855651661753654
794 0.02281794883310795 0.07738922536373138 0.01938922889530659
795 0.01100139506161213 0.08394578099250793 0.01913550868630409
796 0.0181780643761158 0.07453203201293945 0.01934357360005379
797 0.02242511883378029 0.07745732367038727 0.01248778030276299
798 0.007820196449756622 0.07744710147380829 0.01124475989490747
799 0.01113641262054443 0.09077584743499756 0.01063399389386177
800 0.01094817090779543 0.07477819174528122 0.01228123717010021
801 0.00604193564504385 0.08968118578195572 0.01841505989432335
802 0.008888731710612774 0.07713295519351959 0.01047570537775755
803 0.02348007634282112 0.07717808336019516 0.01254743151366711
804 0.005847319960594177 0.08938587456941605 0.01080922316759825
805 0.01089424453675747 0.07494252920150757 0.01950089633464813
806 0.003664754796773195 0.0750952735543251 0.0119848120957613
807 0.01827646605670452 0.0748569518327713 0.01166460569947958
808 0.0261347945779562 0.06865781545639038 0.01554329134523869
809 0.01087843719869852 0.08388154208660126 0.01023599877953529
810 0.0229206308722496 0.07195670157670975 0.01338375173509121
811 0.005633366759866476 0.08587087690830231 0.0196136087179184
812 0.004113486502319574 0.09438887983560562 0.0270249992609024
813 0.006042308639734983 0.07214269042015076 0.02468539588153362
814 0.02448724955320358 0.07654879242181778 0.01984363608062267
815 0.005315253511071205 0.08707702159881592 0.02025330625474453
816 0.01308790966868401 0.08726611733436584 0.02036825567483902
817 0.01301606651395559 0.08799031376838684 0.01079813297837973
818 0.0128837563097477 0.08610718697309494 0.02102280408143997
819 0.02429359778761864 0.09270136058330536 0.02502500079572201
820 0.005656303837895393 0.08583970367908478 0.01083599124103785
821 0.02034862898290157 0.09659463912248611 0.007929698564112186
822 0.007216408383101225 0.09885318577289581 0.008627674542367458
823 0.007019442971795797 0.09882662445306778 0.0242002010345459
824 0.003538271877914667 0.0748063325881958 0.0201218631118536
825 0.02504781819880009 0.08172530680894852 0.0270249992609024
826 0.009131972678005695 0.06940096616744995 0.02524005621671677
827 0.02564945630729198 0.07519242912530899 0.0270249992609024
828 0.01200109161436558 0.09006772935390472 0.02075739018619061
829 0.02717958576977253 0.0988692045211792 0.02423860691487789
830 0.02726591937243938 0.09885457903146744 0.007477995008230209
831 0.02495323121547699 0.09768469631671906 0.02353269420564175
832 -0.006438939366489649 0.08430132269859314 0.01954998634755611
833 0.01005081925541162 0.0890716016292572 0.02038922905921936
834 0.01110815349966288 0.07375300675630569 0.02033700421452522
835 0.0181034728884697 0.07382885366678238 0.01026539597660303
836 0.02651828713715076 0.09693270921707153 0.02337286993861198
837 0.01809989102184772 0.07386564463376999 0.02063241042196751
838 0.01915006525814533 0.0762731060385704 0.01980683207511902
839 0.005964537616819143 0.0772675946354866 0.0201506931334734
840 0.004267825279384851 0.07612968981266022 0.01899828016757965
841 0.01042525097727776 0.07581742852926254 0.02077936939895153
842 0.007032619789242744 0.09617127478122711 0.006505724508315325
843 0.00609696889296174 0.08502570539712906 0.02066729217767715
844 0.008151217363774776 0.08364485949277878 0.02117271348834038
845 0.009488774463534355 0.08350040018558502 0.02034715190529823
846 0.01202498562633991 0.08472887426614761 0.02086763642728329
847 0.0201340839266777 0.08049218356609344 0.006025000009685755
848 0.009614674374461174 0.08350159972906113 0.01073628477752209
849 0.02060003578662872 0.07723519206047058 0.01140552386641502
850 -0.004754539579153061 0.08054563403129578 0.004025000613182783
851 0.01005458272993565 0.07627200335264206 0.01105325669050217
852 0.006169896107167006 0.08492165058851242 0.01158676948398352
853 0.008099233731627464 0.08363629132509232 0.009874254465103149
854 0.01237037125974894 0.08515669405460358 0.01174445077776909
855 0.004181587137281895 0.07603114098310471 0.01046864781528711
856 0.005929285194724798 0.07725981622934341 0.01106122136116028
857 0.0129706971347332 0.08833381533622742 0.01974873617291451
858 0.00544652296230197 0.0885048508644104 0.02000335417687893
859 0.02082005143165588 0.07733138650655746 0.02091255970299244
860 0.01308227702975273 0.08697697520256042 0.01071249134838581
861 -0.004681129939854145 0.07271923124790192 0.02027500048279762
862 0.003443550085648894 0.07271923124790192 0.02027500048279762
863 0.005010915920138359 0.07677851617336273 0.02101234905421734
864 0.006931174546480179 0.08424138277769089 0.02013232745230198
865 0.009693591855466366 0.07658324390649796 0.01970601081848145
866 0.01260371226817369 0.08922163397073746 0.02114372886717319
867 0.01816355064511299 0.07271923124790192 0.02060848474502563
868 0.01979622058570385 0.07683487981557846 0.02064320631325245
869 0.02542390860617161 0.09599363803863525 0.004636981058865786
870 0.02642217092216015 0.07277929037809372 0.02091262489557266
871 -0.004681129939854145 0.07271923124790192 0.01077499985694885
872 0.003443550085648894 0.07271923124790192 0.01078025717288256
873 0.005024164449423552 0.07678919285535812 0.01068241521716118
874 0.007119762245565653 0.08410995453596115 0.01084696687757969
875 0.01472251955419779 0.09659494459629059 0.007590251043438911
876 0.01279737986624241 0.08590272068977356 0.01077499985694885
877 0.01816355064511299 0.07271923124790192 0.01075240969657898
878 0.01959103345870972 0.07665478438138962 0.01089393347501755
879 0.02642998844385147 0.09653406590223312 0.02366514690220356
880 0.006259356159716845 0.07196306437253952 0.01235064677894115
881 0.02799875289201736 0.09863700717687607 0.02375853061676025
882 0.02810066938400269 0.0985705778002739 0.008116615936160088
883 0.01923477649688721 0.09659466147422791 0.02377410605549812
884 0.007049541920423508 0.08066395670175552 0.006025000009685755
885 0.0008641454041935503 0.09436751902103424 0.007767435628920794
886 0.02646038308739662 0.09884227812290192 0.02348737791180611
887 0.02646131999790668 0.0988425612449646 0.007359797134995461
888 0.02560405060648918 0.09842656552791595 0.02276882901787758
889 0.02561769261956215 0.09844224900007248 0.007044060155749321
890 0.006346412003040314 0.09865036606788635 0.02357500046491623
891 0.02673651650547981 0.09713868796825409 0.02357500046491623
892 0.007651655934751034 0.09714032709598541 0.00703704496845603
893 0.02681471221148968 0.09712789207696915 0.007743354421108961
894 0.004801632836461067 0.07177197188138962 0.01690034382045269
895 0.00943177193403244 0.07071922719478607 0.01334443315863609
896 0.006342083681374788 0.0986490324139595 0.007474999874830246
897 -0.005141312722116709 0.08967363834381104 0.007600960321724415
898 0.02876923233270645 0.09804993867874146 0.02338819578289986
899 0.02918039821088314 0.09715761989355087 0.02365274541079998
900 0.005461808294057846 0.07420759648084641 0.02192661352455616
901 0.02877973392605782 0.09802606701850891 0.007030039560049772
902 0.02923772856593132 0.09702529013156891 0.007356403861194849
903 0.007863649167120457 0.09886086732149124 0.02376396581530571
904 0.007986579090356827 0.09883187711238861 0.007739706430584192
905 0.03008681163191795 0.09531665593385696 0.02433471009135246
906 0.03002030216157436 0.09538338333368301 0.007924576289951801
907 0.007756100501865149 0.0971255823969841 0.02394979633390903
908 0.02750356309115887 0.09689225256443024 0.02344163879752159
909 0.006215524394065142 0.0719856396317482 0.007205337751656771
910 0.02750741690397263 0.09689920395612717 0.007761046290397644
911 0.006911053322255611 0.09690427035093307 0.007643491961061954
912 0.005812093615531921 0.07480942457914352 0.020952258259058
913 0.01486611552536488 0.08348142355680466 0.02502500079572201
914 0.008013420738279819 0.09644156694412231 0.02357376925647259
915 0.03039391338825226 0.09436491876840591 0.02357500046491623
916 0.02458559721708298 0.09659454226493835 0.007372002582997084
917 0.02465348690748215 0.09659482538700104 0.02357500046491623
918 0.03039229474961758 0.09433963149785995 0.007474999874830246
919 0.008699930272996426 0.09852088242769241 0.02370188571512699
920 0.0247377697378397 0.07078896462917328 0.006476912647485733
921 0.008894692175090313 0.09125374257564545 0.01750490441918373
922 0.02564845234155655 0.09633845835924149 0.0270249992609024
923 0.02928606979548931 0.08217551559209824 0.01984239183366299
924 0.00718035502359271 0.07549130916595459 0.006229719147086143
925 0.01108155772089958 0.08761643618345261 0.01858870126307011
926 0.00819271057844162 0.06933800876140594 0.007755259051918983
927 0.007583643309772015 0.08836201578378677 0.008665983565151691
928 0.008761636912822723 0.09846526384353638 0.00750194676220417
929 0.020965326577425 0.06784643232822418 0.004025000147521496
930 0.03019833005964756 0.09220262616872787 0.007605824619531631
931 -0.001387905795127153 0.09006579965353012 0.008457505144178867
932 0.02416789531707764 0.09319162368774414 0.0270249992609024
933 0.02725718170404434 0.09793051332235336 0.007819635793566704
934 0.01447840873152018 0.07271923124790192 0.007917718961834908
935 0.02571319602429867 0.09730985015630722 0.007236534263938665
936 0.02730052173137665 0.09759838134050369 0.007002789992839098
937 0.01337712351232767 0.0965951532125473 0.0201249998062849
938 0.007376857101917267 0.08789579570293427 0.01905225403606892
939 0.00536515936255455 0.07374716550111771 0.02071737498044968
940 0.02278555743396282 0.09152689576148987 0.006025000009685755
941 0.009748722426593304 0.09201616048812866 0.0270249992609024
942 0.006340187974274158 0.07527598738670349 0.02167479135096073
943 -0.005214315373450518 0.08315938711166382 0.0270249992609024
944 0.004466359969228506 0.08291833847761154 0.0270249992609024
945 0.02900119125843048 0.07905003428459167 0.02492968924343586
946 0.0273368377238512 0.06866106390953064 0.00456940708681941
947 0.01027672179043293 0.091108039021492 0.01194864790886641
948 0.006105891428887844 0.0750851109623909 0.0102262869477272
949 0.005641051568090916 0.07461686432361603 0.01082812342792749
950 0.007583453319966793 0.08642727881669998 0.006528111174702644
951 0.007885449565947056 0.06942048668861389 0.02329763025045395
952 0.02728008292615414 0.08219976723194122 0.01068038586527109
953 0.007323663681745529 0.08714590966701508 0.01079730968922377
954 0.006790109910070896 0.08668866008520126 0.004616654012352228
955 0.005011341068893671 0.09760806709527969 0.005878858268260956
956 0.02726182527840137 0.06785735487937927 0.01652041077613831
957 0.0282678697258234 0.09732411056756973 0.00639682449400425
958 -0.006304404232650995 0.07903318852186203 0.01766716130077839
959 0.01990365423262119 0.09283347427845001 0.0270249992609024
960 0.01289562974125147 0.06784641742706299 0.00405591819435358
961 -0.00878792442381382 0.08211582154035568 0.01170109771192074
962 0.01109462883323431 0.08751518279314041 0.02018840424716473
963 -0.006052501499652863 0.07002553343772888 0.01745876856148243
964 0.0206732302904129 0.06784422695636749 0.02324258349835873
965 0.00692350510507822 0.09686753153800964 0.02491173706948757
966 0.005867582745850086 0.06784535944461823 0.005986828822642565
967 0.02218612655997276 0.07547705620527267 0.0205271877348423
968 0.02495221793651581 0.08507966250181198 0.02502500079572201
969 0.02221705578267574 0.06925221532583237 0.02329175174236298
970 0.007650287356227636 0.08846762776374817 0.009660846553742886
971 0.003481857245787978 0.09387592971324921 0.009045400656759739
972 0.02462328970432281 0.06784678250551224 0.02519867196679115
973 -0.00101553276181221 0.07071922719478607 0.01552500016987324
974 0.004164090380072594 0.08490996062755585 0.006025000941008329
975 0.02735030651092529 0.06855124235153198 0.01609558425843716
976 0.02725435048341751 0.08191721886396408 0.02096415683627129
977 -0.003348782425746322 0.07589343190193176 0.0270249992609024
978 0.02750745229423046 0.09685905277729034 0.02439208701252937
979 -0.002213210565969348 0.08121079951524734 0.006025000475347042
980 0.01675294153392315 0.08729183673858643 0.0270249992609024
981 0.01937898993492126 0.09114198386669159 0.006025000009685755
982 0.02128092385828495 0.07534922659397125 0.01066730171442032
983 -0.006326274946331978 0.07911773771047592 0.01355465687811375
984 0.02141485176980495 0.07539436221122742 0.01922702789306641
985 0.02387340739369392 0.09389311820268631 0.004965968895703554
986 0.0007661679410375655 0.07271923124790192 0.02152425609529018
987 0.01016648951917887 0.07377900928258896 0.009990534745156765
988 0.01246688608080149 0.07271923124790192 0.01428219676017761
989 0.01049669925123453 0.0945940837264061 0.02145267091691494
990 0.01660565845668316 0.07271923124790192 0.01392136886715889
991 0.01210468634963036 0.08014995604753494 0.02502500079572201
992 0.01103956997394562 0.07271923124790192 0.0214922558516264
993 0.01524918247014284 0.07877068966627121 0.006025000009685755
994 -0.003514458192512393 0.06784632056951523 0.01377097796648741
995 0.025831563398242 0.07398932427167892 0.01860042102634907
996 0.01927320100367069 0.07207773625850677 0.01363368984311819
997 0.006346102338284254 0.07193690538406372 0.02053145132958889
998 0.01596495695412159 0.08873320370912552 0.004025000147521496
999 0.000970523280557245 0.08230450004339218 0.02502499893307686
1000 0.02962282858788967 0.08587773144245148 0.004025000147521496
1001 0.007097629830241203 0.0860857293009758 0.004643874708563089
1002 0.02392714656889439 0.0945935845375061 0.009436912834644318
1003 0.02220206521451473 0.09459348022937775 0.010924999602139
1004 -6.962521729292348e-05 0.07071921974420547 0.007707030978053808
1005 0.02285295352339745 0.07525651156902313 0.01084650959819555
1006 0.02718839421868324 0.07079742848873138 0.02176885306835175
1007 -0.005243464838713408 0.06874487549066544 0.01628872007131577
1008 0.007461960893124342 0.08556781709194183 0.004025000147521496
1009 0.02213666588068008 0.07548704743385315 0.00963145773857832
1010 0.02464585565030575 0.08973646908998489 0.0270249992609024
1011 0.01423749793320894 0.09039703011512756 0.004025000147521496
1012 0.02882924675941467 0.0771639347076416 0.01552500016987324
1013 0.02872669883072376 0.0760342925786972 0.02314670942723751
1014 0.02838693931698799 0.07231029868125916 0.01552500016987324
1015 0.01935711875557899 0.08403380960226059 0.02502500079572201
1016 0.02851206623017788 0.07368234544992447 0.01706087402999401
1017 0.0166604295372963 0.07271923124790192 0.01906632632017136
1018 0.01109498459845781 0.08754340559244156 0.01252504903823137
1019 0.02736629173159599 0.08314640074968338 0.01789693161845207
1020 0.0286334753036499 0.07501352578401566 0.01870798319578171
1021 0.0003914359258487821 0.08125513792037964 0.004025000147521496
1022 -0.005959646310657263 0.06966887414455414 0.02035346068441868
1023 -0.0002848388103302568 0.07018812745809555 0.0270249992609024
1024 0.003897352609783411 0.09673922508955002 0.009487035684287548
1025 0.007004780229181051 0.08078011870384216 0.02502500079572201
1026 0.02076372876763344 0.07502253353595734 0.01889606006443501
1027 0.01485101133584976 0.07071921974420547 0.02334297634661198
1028 0.00823795422911644 0.07521241158246994 0.01858261413872242
1029 0.02282633818686008 0.06784698367118835 0.02513379044830799
1030 -0.00673774117603898 0.08800721913576126 0.007087071891874075
1031 0.01092548482120037 0.08660853654146194 0.01987041160464287
1032 0.02626621350646019 0.09320763498544693 0.0270249992609024
1033 0.02358312718570232 0.09659441560506821 0.009199999272823334
1034 0.01531211845576763 0.0945935845375061 0.02243762463331223
1035 0.02780420705676079 0.06821847707033157 0.01949653401970863
1036 -0.0007106225821189582 0.08806198835372925 0.00402500107884407
1037 0.008357451297342777 0.08910483866930008 0.0186992734670639
1038 0.01116629224270582 0.08208011835813522 0.02502500079572201
1039 0.02999617345631123 0.08999293297529221 0.0201249998062849
1040 0.001881044125184417 0.09005496650934219 0.00402500107884407
1041 0.02959289774298668 0.0855509489774704 0.0270249992609024
1042 0.02593132667243481 0.09741742163896561 0.0270249992609024
1043 0.002383093582466245 0.07271923124790192 0.012188327498734
1044 0.0119743375107646 0.09459393471479416 0.02280907146632671
1045 0.02678986825048923 0.09603399783372879 0.02192233316600323
1046 0.02728763967752457 0.06784738600254059 0.004932279698550701
1047 0.02680421434342861 0.07697439938783646 0.01416279468685389
1048 0.0299802590161562 0.08981216698884964 0.01087842602282763
1049 0.0282635148614645 0.07095266878604889 0.02033837139606476
1050 -0.002668841974809766 0.0916052907705307 0.02012498863041401
1051 0.02570297382771969 0.09661438316106796 0.00736901955679059
1052 0.02271603606641293 0.09090148657560349 0.02502500079572201
1053 0.02360585331916809 0.07713069766759872 0.00941289309412241
1054 0.01096313819289207 0.08665338903665543 0.009944133460521698
1055 0.01990791969001293 0.0811605304479599 0.004025000147521496
1056 0.000507146178279072 0.07896018028259277 0.0270249992609024
1057 0.02757168933749199 0.09439541399478912 0.0270249992609024
1058 0.01910024136304855 0.06972843408584595 0.004025000147521496
1059 0.0121003519743681 0.08479243516921997 0.02293437160551548
1060 0.01977979764342308 0.07071922719478607 0.0172654390335083
1061 -0.004833021201193333 0.06784627586603165 0.02239304408431053
1062 0.006061452906578779 0.08969314396381378 0.02111648954451084
1063 0.02640638127923012 0.06785137951374054 0.01554329134523869
1064 0.01350500248372555 0.0965949147939682 0.0239881556481123
1065 -0.004801954608410597 0.07061458379030228 0.02004627138376236
1066 0.01291897892951965 0.07722393423318863 0.02502500079572201
1067 0.00597254978492856 0.094554103910923 0.0270249992609024
1068 0.007068494334816933 0.06981862336397171 0.004025000147521496
1069 0.02831563167273998 0.07152623683214188 0.01146738417446613
1070 0.007883118465542793 0.07535158842802048 0.01984729804098606
1071 0.02712420001626015 0.08048807084560394 0.01552500016987324
1072 0.02704158797860146 0.07958092540502548 0.01813617162406445
1073 0.0133870942518115 0.09459423273801804 0.02502500079572201
1074 0.0266959760338068 0.07578586786985397 0.01234294008463621
1075 0.02676530554890633 0.07654716819524765 0.01811779104173183
1076 0.02035384997725487 0.09659437835216522 0.010924999602139
1077 -0.005304856691509485 0.06803850829601288 0.01451880857348442
1078 0.009116704575717449 0.08017656952142715 0.006025000009685755
1079 0.02807652950286865 0.096432164311409 0.004766291473060846
1080 0.02667206898331642 0.07552336156368256 0.01552500016987324
1081 0.0101981908082962 0.09116365760564804 0.02071705833077431
1082 -0.004504820331931114 0.08751895278692245 0.02194285020232201
1083 0.005505936685949564 0.07427524775266647 0.01887230016291142
1084 0.008229717612266541 0.07522194087505341 0.009455682709813118
1085 0.02369263395667076 0.09492252767086029 0.004025000147521496
1086 0.001360420370474458 0.07271923124790192 0.01842539943754673
1087 0.00646661501377821 0.087759830057621 0.004025000147521496
1088 0.01334615517407656 0.09459397196769714 0.010924999602139
1089 -0.006768811494112015 0.08261192589998245 0.009616663679480553
1090 0.02391641400754452 0.09459394961595535 0.007522869855165482
1091 0.009563271887600422 0.06784422695636749 0.007807414513081312
1092 0.02774222008883953 0.06810574978590012 0.006364441942423582
1093 0.008995594456791878 0.07430862635374069 0.006863034330308437
1094 -0.005045077763497829 0.06882929056882858 0.01785346306860447
1095 0.01429607253521681 0.07271923124790192 0.009906063787639141
1096 0.02575149387121201 0.09711530804634094 0.02125764451920986
1097 0.0175582654774189 0.07787056267261505 0.0270249992609024
1098 0.02442882023751736 0.07231811434030533 0.01379451528191566
1099 -0.0001821601617848501 0.0718628466129303 0.01749207079410553
1100 0.02896625176072121 0.07866420596837997 0.02254006080329418
1101 0.01690954342484474 0.0716678649187088 0.004025000147521496
1102 0.0288848988711834 0.07777330279350281 0.006800830829888582
1103 0.01701489835977554 0.0678480863571167 0.0270249992609024
1104 0.02809117548167706 0.09619954228401184 0.006295966915786266
1105 -0.005299368407577276 0.06804598867893219 0.0172134879976511
1106 0.0159688163548708 0.06784422695636749 0.007807410322129726
1107 0.007835084572434425 0.08858609944581985 0.006615573540329933
1108 0.02684449590742588 0.09715858846902847 0.02615627273917198
1109 0.02562826685607433 0.06916134804487228 0.01442498341202736
1110 -0.006250380538403988 0.07883099466562271 0.02253999188542366
1111 -0.004956673830747604 0.06784824281930923 0.01234105974435806
1112 0.0260839369148016 0.07069975882768631 0.004024996887892485
1113 0.0236484706401825 0.0700378343462944 0.004025000147521496
1114 0.009265715256333351 0.08036856353282928 0.02502500079572201
1115 -0.004613216500729322 0.06866153329610825 0.01552500016987324
1116 0.01496574468910694 0.09459423273801804 0.006025000009685755
1117 0.01916349306702614 0.09459423273801804 0.006025000009685755
1118 0.01093632914125919 0.06913439184427261 0.004025000147521496
1119 0.02577014081180096 0.07071922719478607 0.01356930192559958
1120 0.02011363208293915 0.07315327227115631 0.01138440519571304
1121 0.0090708052739501 0.07406345754861832 0.02154383808374405
1122 0.02577014081180096 0.07071921974420547 0.02138848602771759
1123 0.02577014081180096 0.07071922719478607 0.01747949607670307
1124 -0.003095380030572414 0.07071922719478607 0.01715061999857426
1125 -0.0009336390648968518 0.0877939835190773 0.006025005597621202
1126 -0.003095380030572414 0.07071922719478607 0.0135705079883337
1127 0.0249871201813221 0.07604625821113586 0.004025000147521496
1128 0.00829980056732893 0.08906520903110504 0.02427352592349052
1129 0.02482286281883717 0.07857812941074371 0.02502500079572201
1130 0.02233590558171272 0.06784422695636749 0.007807411253452301
1131 0.0225980319082737 0.07071921974420547 0.02334298007190228
1132 0.0082571841776371 0.07071921974420547 0.01141868811100721
1133 0.004562276415526867 0.07071922719478607 0.01187799777835608
1134 0.02984234318137169 0.08828762173652649 0.0241335853934288
1135 0.02737949229776859 0.09618730843067169 0.02603825181722641
1136 0.02264530770480633 0.07071921974420547 0.009029724635183811
1137 0.02208162844181061 0.07549013942480087 0.0115730008110404
1138 -0.005699196830391884 0.0860060453414917 0.01899642869830132
1139 0.002408635336905718 0.07335308194160461 0.004024999681860209
1140 0.005646441597491503 0.09661887586116791 0.006890582386404276
1141 -0.007416540756821632 0.0753357782959938 0.0270249992609024
1142 0.01065391954034567 0.08282390981912613 0.004025000147521496
1143 0.02429379150271416 0.06784644722938538 0.004025000147521496
1144 0.03010484948754311 0.09530995041131973 0.02206453867256641
1145 -0.005293658468872309 0.06804912537336349 0.01822521910071373
1146 0.009304629638791084 0.07071921974420547 0.007707027718424797
1147 0.002332958159968257 0.06784654408693314 0.004025000147521496
1148 0.008794181980192661 0.07253222912549973 0.02091576531529427
1149 -0.003544744336977601 0.06784582883119583 0.02114158868789673
1150 0.02513889782130718 0.08239603787660599 0.02502500079572201
1151 0.02449996210634708 0.09312058985233307 0.006025000009685755
1152 0.02817859314382076 0.09735302627086639 0.02492782287299633
1153 0.0268696416169405 0.09712730348110199 0.0244763009250164
1154 0.02689331211149693 0.07795275747776031 0.007527648936957121
1155 0.01017915830016136 0.08577916026115417 0.009141415357589722
1156 0.02818204648792744 0.07005693763494492 0.02293406054377556
1157 0.02223020046949387 0.09459331631660461 0.02235550805926323
1158 0.008838276378810406 0.09472245723009109 0.004024999681860209
1159 0.02518705278635025 0.07012486457824707 0.0270249992609024
1160 0.02663456834852695 0.09619566053152084 0.004738159012049437
1161 0.02703285589814186 0.06866496801376343 0.01552500016987324
1162 0.008659052662551403 0.07601016014814377 0.01047392282634974
1163 0.02651746943593025 0.09680061787366867 0.004811075981706381
1164 -0.003095380030572414 0.07071921974420547 0.02137408964335918
1165 0.01871659979224205 0.06784586608409882 0.02521386742591858
1166 0.0105099268257618 0.08306535333395004 0.0270249992609024
1167 0.0282929427921772 0.09633609652519226 0.02525338158011436
1168 0.03028289787471294 0.09313088655471802 0.02551731094717979
1169 0.008659056387841702 0.07233013957738876 0.02346192300319672
1170 0.003408257383853197 0.07071922719478607 0.01809587702155113
1171 0.02605506964027882 0.09527480602264404 0.02524800226092339
1172 0.02748876437544823 0.09693150222301483 0.004866597708314657
1173 0.004266647156327963 0.07071921974420547 0.02100145258009434
1174 0.02670085616409779 0.07583944499492645 0.006025000009685755
1175 0.02751957252621651 0.0968448668718338 0.02618376910686493
1176 0.00911860354244709 0.0738363191485405 0.01846946030855179
1177 0.007496710866689682 0.08826450258493423 0.006770909298211336
1178 -0.006787799298763275 0.08240620046854019 0.02153486385941505
1179 -0.004515900276601315 0.08643316477537155 0.004025000147521496
1180 0.001857607159763575 0.07271923124790192 0.007918006740510464
1181 0.009036094881594181 0.07303554564714432 0.01956627890467644
1182 0.02719407714903355 0.07151733338832855 0.01270124781876802
1183 0.02544998750090599 0.0963246077299118 0.02508518472313881
1184 0.02684954926371574 0.07084833830595016 0.02033374272286892
1185 0.02642594464123249 0.09677821397781372 0.02608721703290939
1186 0.02818446606397629 0.09213288873434067 0.008077974431216717
1187 0.02346640825271606 0.07095625251531601 0.0270249992609024
1188 0.007967720739543438 0.09092827886343002 0.02702500112354755
1189 0.02344765700399876 0.06784422695636749 0.02324258163571358
1190 0.01489780470728874 0.07065729051828384 0.004025000147521496
1191 0.01858757995069027 0.07201998680830002 0.004025000147521496
1192 0.02611979097127914 0.09775573015213013 0.005398642737418413
1193 0.00681045837700367 0.08864060789346695 0.00519638042896986
1194 0.01018044445663691 0.08902043849229813 0.01344590540975332
1195 0.01145685371011496 0.08567086607217789 0.01671755872666836
1196 0.02798546105623245 0.08995179831981659 0.010924999602139
1197 0.02800279669463634 0.09013973921537399 0.0201249998062849
1198 0.02000796049833298 0.07071922719478607 0.01419840194284916
1199 0.006555757019668818 0.09228800982236862 0.006025000009685755
1200 0.02353271655738354 0.07465186715126038 0.01985999383032322
1201 0.0268211867660284 0.0971396416425705 0.008568475022912025
1202 0.02369581907987595 0.07437647134065628 0.02389322407543659
1203 0.02032383158802986 0.0945933610200882 0.02248445898294449
1204 0.01092017441987991 0.08819461613893509 0.02328154258430004
1205 0.02821203507483006 0.09243322908878326 0.006025000009685755
1206 0.02225668542087078 0.09459423273801804 0.006025000009685755
1207 0.02375791594386101 0.09459423273801804 0.02502500079572201
1208 0.02045767195522785 0.07071921974420547 0.02174005471169949
1209 0.004239903762936592 0.07610752433538437 0.02086545154452324
1210 0.02749422006309032 0.09691525250673294 0.005802191328257322
1211 0.01063638832420111 0.07948832213878632 0.0270249992609024
1212 0.02583735436201096 0.07400645315647125 0.02201801352202892
1213 0.02816314809024334 0.09850912541151047 0.005895188078284264
1214 0.00987954530864954 0.09291797876358032 0.02604912966489792
1215 0.0265866331756115 0.07953871786594391 0.0270249992609024
1216 0.01929145120084286 0.07124579697847366 0.005352659150958061
1217 0.02385368198156357 0.07346557080745697 0.02273793704807758
1218 0.02381649985909462 0.07318886369466782 0.02479315735399723
1219 -0.004681129939854145 0.07271923124790192 0.01809940300881863
1220 0.01180465705692768 0.08490871638059616 0.0270249992609024
1221 0.02712952718138695 0.095536969602108 0.007424695417284966
1222 -0.004682947415858507 0.07272630929946899 0.01318726968020201
1223 0.01625348813831806 0.09459382295608521 0.008702885359525681
1224 0.007041005417704582 0.07170625776052475 0.006984125357121229
1225 0.005352817010134459 0.07359211146831512 0.02281762659549713
1226 0.02686015143990517 0.06785442680120468 0.01619800180196762
1227 0.009133471176028252 0.07348693907260895 0.02147343009710312
1228 0.02242046594619751 0.07747036963701248 0.00909073930233717
1229 0.02382449619472027 0.07393418997526169 0.01819689013063908
1230 0.00637059798464179 0.08503396064043045 0.0270249992609024
1231 0.02804676257073879 0.06857319921255112 0.004776653368026018
1232 0.003663577605038881 0.07164935767650604 0.01892619952559471
1233 0.005674685351550579 0.08578546345233917 0.01335350424051285
1234 0.02650141343474388 0.09631231427192688 0.007720275782048702
1235 0.02538874186575413 0.09481912851333618 0.0270249992609024
1236 0.02563923038542271 0.06928171962499619 0.008937856182456017
1237 0.02207432501018047 0.07548078149557114 0.0133581692352891
1238 -0.00809446070343256 0.07797002792358398 0.01792593486607075
1239 0.02018409222364426 0.07071922719478607 0.01902453787624836
1240 0.0264290776103735 0.09658458828926086 0.02457022480666637
1241 -0.005003467667847872 0.06784763932228088 0.009157118387520313
1242 0.01469124481081963 0.08361206948757172 0.006025000009685755
1243 0.009934914298355579 0.07190103828907013 0.01162812951952219
1244 0.0002845347335096449 0.06784441322088242 0.02508506178855896
1245 0.009726235643029213 0.07190915942192078 0.01696339435875416
1246 0.006421647500246763 0.07531872391700745 0.0184145662933588
1247 -0.005201082210987806 0.07474430650472641 0.008242946118116379
1248 0.02674068883061409 0.09606648981571198 0.02485509403049946
1249 -0.0008425883715972304 0.09049329906702042 0.01091507822275162
1250 0.009156515821814537 0.09562948346138 0.02125679887831211
1251 0.02219180762767792 0.07642242312431335 0.02174294181168079
1252 0.02804652601480484 0.06857295334339142 0.0107900919392705
1253 0.02686906047165394 0.09602897614240646 0.004812862724065781
1254 0.006635445635765791 0.08815128356218338 0.006931186188012362
1255 0.007805967703461647 0.08858128637075424 0.005477354396134615
1256 0.007315867114812136 0.06784440577030182 0.02499938942492008
1257 0.02748602628707886 0.09774430096149445 0.004724236205220222
1258 0.01802791468799114 0.07071922719478607 0.01865340210497379
1259 0.02643176354467869 0.09638393670320511 0.004818851128220558
1260 0.01486188359558582 0.07271923124790192 0.02073347568511963
1261 0.007309597916901112 0.09075345098972321 0.008883718401193619
1262 0.006887698546051979 0.07640352100133896 0.01682991907000542
1263 0.02099785581231117 0.07524424046278 0.0245643462985754
1264 -0.007624249439686537 0.07614106684923172 0.007563356775790453
1265 0.01891505904495716 0.07071922719478607 0.01250730827450752
1266 0.0256353747099638 0.06923938542604446 0.01150033064186573
1267 -0.008575861342251301 0.07983952015638351 0.02392636239528656
1268 0.02749805152416229 0.06878204643726349 0.01494884863495827
1269 0.005407079588621855 0.07404880970716476 0.01015119720250368
1270 0.005509861279278994 0.08256535977125168 0.02502500079572201
1271 0.01037635747343302 0.09459409862756729 0.02375135011970997
1272 0.02602073363959789 0.09730073064565659 0.02520304918289185
1273 0.001086250646039844 0.07071922719478607 0.0177910216152668
1274 -0.008004223927855492 0.08584363758563995 0.01997693255543709
1275 0.02134341932833195 0.07181136310100555 0.005186216440051794
1276 -0.007651884574443102 0.07625009119510651 0.004025000613182783
1277 0.009411620907485485 0.0912945568561554 0.00904462207108736
1278 -0.005134919658303261 0.07448683679103851 0.01774242892861366
1279 0.01177323143929243 0.08863593637943268 0.01171923242509365
1280 0.02821663953363895 0.07044152915477753 0.01552500016987324
1281 -0.008600076660513878 0.08385694772005081 0.007402566727250814
1282 0.02707831561565399 0.09611674398183823 0.006180749274790287
1283 0.02686207741498947 0.06915909796953201 0.02228625304996967
1284 0.02719767391681671 0.06860721111297607 0.01382827758789062
1285 0.004189830739051104 0.07373905181884766 0.004025004338473082
1286 0.006687119137495756 0.08667203783988953 0.004040449392050505
1287 -0.003537480952218175 0.06784636527299881 0.01700216345489025
1288 -0.0007699743146076798 0.08777653425931931 0.02502499707043171
1289 0.008125719614326954 0.07071921974420547 0.02050468139350414
1290 -0.008062086999416351 0.07784523069858551 0.01303716190159321
1291 0.007829758338630199 0.08616236597299576 0.004590251017361879
1292 0.003452525939792395 0.09091462939977646 0.02502499893307686
1293 0.02587811462581158 0.09589426219463348 0.02525936439633369
1294 0.02657387964427471 0.0975961834192276 0.00713292695581913
1295 0.02774222008883953 0.06810574978590012 0.004777724854648113
1296 0.02733989991247654 0.06785392761230469 0.01989713124930859
1297 -0.00867289025336504 0.08345818519592285 0.01902701891958714
1298 0.01233545690774918 0.07271923124790192 0.01683640480041504
1299 0.004171800799667835 0.09102509915828705 0.006025000941008329
1300 0.01294292137026787 0.08628234267234802 0.02315526455640793
1301 -0.0006187899271026254 0.07271923124790192 0.006025000009685755
1302 -0.0007125019910745323 0.07271923124790192 0.01551934890449047
1303 0.0006792520289309323 0.07271923124790192 0.02502500079572201
1304 0.02145001292228699 0.07173234224319458 0.006982310209423304
1305 0.006620560772716999 0.08701197803020477 0.004040449392050505
1306 -0.006036289967596531 0.08884035050868988 0.0132250003516674
1307 -0.006276089698076248 0.08475391566753387 0.009661910124123096
1308 0.01464409846812487 0.0766008198261261 0.0270249992609024
1309 0.002888562856242061 0.08366159349679947 0.004025000147521496
1310 -0.005662102252244949 0.06850779801607132 0.01626380160450935
1311 0.01632101461291313 0.07405179738998413 0.006025000009685755
1312 0.02775772660970688 0.06814836710691452 0.01784901320934296
1313 0.008128919638693333 0.08582430332899094 0.006251163315027952
1314 -0.002516806358471513 0.08436435461044312 0.006025002337992191
1315 0.03007967211306095 0.09533464908599854 0.00596392247825861
1316 0.02575957030057907 0.07271923124790192 0.01130468025803566
1317 0.02634704485535622 0.09578458219766617 0.02494088932871819
1318 0.003812340553849936 0.07987725734710693 0.0270249992609024
1319 0.02484620362520218 0.07345407456159592 0.02560201659798622
1320 0.02804675698280334 0.0685732364654541 0.007241885643452406
1321 0.01288705319166183 0.08976209908723831 0.0270249992609024
1322 0.02839474380016327 0.07239257544279099 0.006878137588500977
1323 0.004014015197753906 0.09429220110177994 0.02382946014404297
1324 0.0288796741515398 0.07771624624729156 0.01283773966133595
1325 0.02110478840768337 0.07071921974420547 0.02019928582012653
1326 -0.002767337020486593 0.08701569586992264 0.0270249992609024
1327 0.007311097346246243 0.08728033304214478 0.006919283885508776
1328 0.02672454155981541 0.07609954476356506 0.008083981461822987
1329 0.01030881702899933 0.06945603340864182 0.02329887077212334
1330 0.02844329550862312 0.07292791455984116 0.01343966461718082
1331 0.009887539781630039 0.07184261828660965 0.02602938003838062
1332 0.02639153599739075 0.0956929549574852 0.004693502560257912
1333 0.02370790205895901 0.09459300339221954 0.02143654227256775
1334 0.008533128537237644 0.08561760932207108 0.01390112284570932
1335 0.02463199198246002 0.0725032165646553 0.01089855283498764
1336 0.01301485393196344 0.08902469277381897 0.004025000147521496
1337 -0.007143567316234112 0.08743013441562653 0.01778658293187618
1338 0.004709905479103327 0.09737054258584976 0.02221992984414101
1339 -0.008777419105172157 0.08191546052694321 0.007604940328747034
1340 -0.005673601757735014 0.07658511400222778 0.02502500638365746
1341 -0.006387177389115095 0.07132827490568161 0.01552500016987324
1342 0.02134323678910732 0.07538275420665741 0.01744361780583858
1343 0.01582971960306168 0.09659483283758163 0.0270249992609024
1344 -0.003428525989875197 0.09101168811321259 0.006217570975422859
1345 0.007020172197371721 0.08607342839241028 0.004025000147521496
1346 0.02341962978243828 0.09459381550550461 0.02380000054836273
1347 0.02267852798104286 0.07669475674629211 0.0270249992609024
1348 0.01565933227539062 0.09003559499979019 0.02502500079572201
1349 0.004555816296488047 0.06784610450267792 0.0270249992609024
1350 0.02651181258261204 0.09885787963867188 0.02197413332760334
1351 0.005165013950318098 0.07071922719478607 0.01376576349139214
1352 0.02562065236270428 0.06907773017883301 0.01298547815531492
1353 0.02606142684817314 0.09622723609209061 0.02489091269671917
1354 0.02403843030333519 0.06929858028888702 0.02329337038099766
1355 0.008118458092212677 0.09084455668926239 0.004024997353553772
1356 0.02710490487515926 0.06940171122550964 0.004024998750537634
1357 0.008750044740736485 0.07071921974420547 0.008921707049012184
1358 0.02635414153337479 0.07086753100156784 0.00579770328477025
1359 0.009309491142630577 0.0979653000831604 0.005448963958770037
1360 0.01287940423935652 0.07467213273048401 0.006025000009685755
1361 0.01374534890055656 0.06784756481647491 0.02702381648123264
1362 0.02569559402763844 0.09614815562963486 0.006695996504276991
1363 0.0280598234385252 0.06872017681598663 0.01632052846252918
1364 0.009185157716274261 0.08454430103302002 0.02180238999426365
1365 0.007946702651679516 0.0988427922129631 0.005861567333340645
1366 0.01995863579213619 0.0756814181804657 0.01202433835715055
1367 0.02821576036512852 0.07043125480413437 0.01390285417437553
1368 0.009455502964556217 0.08552420139312744 0.01012916583567858
1369 0.02675697207450867 0.09712778031826019 0.007031843066215515
1370 0.002428255742415786 0.06784576922655106 0.0270249992609024
1371 0.009936974383890629 0.06784696131944656 0.0270249992609024
1372 0.02705760300159454 0.09555781632661819 0.005980185233056545
1373 0.02749946899712086 0.09881716966629028 0.00588962621986866
1374 0.01792605966329575 0.09659446030855179 0.010924999602139
1375 0.008872895501554012 0.07458175718784332 0.01990284025669098
1376 0.008416435681283474 0.08913756906986237 0.01377596892416477
1377 0.0001930974976858124 0.08586091548204422 0.006025004666298628
1378 0.005476771853864193 0.06937428563833237 0.007753991987556219
1379 0.00818588025867939 0.08899328857660294 0.008622582070529461
1380 0.02594363689422607 0.09139434248209 0.02502500079572201
1381 0.02108193375170231 0.07879641652107239 0.02502500079572201
1382 0.01211397536098957 0.08530076593160629 0.004025000147521496
1383 0.00581823056563735 0.07479889690876007 0.02298902347683907
1384 0.01085983123630285 0.07071922719478607 0.01230876054614782
1385 0.01038655266165733 0.08484533429145813 0.008795017376542091
1386 0.02729771286249161 0.06785406172275543 0.01128323655575514
1387 0.02426564134657383 0.07517089694738388 0.007583459839224815
1388 -0.002277740510180593 0.07271923124790192 0.02268162742257118
1389 0.004408732522279024 0.0717383548617363 0.004025000147521496
1390 0.02577014081180096 0.07071921974420547 0.01943399012088776
1391 0.0257683414965868 0.07069947570562363 0.01147629879415035
1392 0.02317250706255436 0.09659481793642044 0.02340168692171574
1393 0.006351482588797808 0.07193325459957123 0.01914590783417225
1394 0.0231020376086235 0.07071922719478607 0.0119530875235796
1395 0.006319868844002485 0.08568193018436432 0.004025000147521496
1396 0.01073778327554464 0.07045350968837738 0.004025000147521496
1397 0.02575957030057907 0.07271923124790192 0.01889145001769066
1398 0.02213412895798683 0.09659446030855179 0.009276133961975574
1399 0.009930292144417763 0.09078681468963623 0.004024998284876347
1400 0.02379529550671577 0.09560026228427887 0.02259203791618347
1401 -0.004682176746428013 0.06784789264202118 0.01769261807203293
1402 0.01029019616544247 0.08583491295576096 0.01123115606606007
1403 0.004979430697858334 0.09757835417985916 0.02016542293131351
1404 0.01283272821456194 0.09404967725276947 0.0270249992609024
1405 0.006154339760541916 0.0898435041308403 0.02282530069351196
1406 0.02837853319942951 0.07221284508705139 0.0232830885797739
1407 0.006901056040078402 0.06897718459367752 0.005010230932384729
1408 0.008360298350453377 0.07063645869493484 0.006579260341823101
1409 0.02924084104597569 0.08168428391218185 0.0270249992609024
1410 0.01122637744992971 0.09459423273801804 0.02502500079572201
1411 0.02999275550246239 0.08994263410568237 0.0270249992609024
1412 0.007823701947927475 0.08868023008108139 0.01115404721349478
1413 0.01108464784920216 0.08748792856931686 0.01723658107221127
1414 0.02857723273336887 0.07439583539962769 0.02701755799353123
1415 0.0268857516348362 0.07786973565816879 0.01288846042007208
1416 0.02550831995904446 0.06784422695636749 0.0124226026237011
1417 0.02550831995904446 0.06784422695636749 0.01900504343211651
1418 0.01019557192921638 0.09459416568279266 0.007140737492591143
1419 0.02946769632399082 0.08417309075593948 0.02435851655900478
1420 0.01949677057564259 0.07507432252168655 0.0218057669699192
1421 0.01276211533695459 0.07606441527605057 0.004024999681860209
1422 0.008124864660203457 0.07191384583711624 0.01207413710653782
1423 -0.001902797026559711 0.07055272161960602 0.02518337965011597
1424 -0.001856254879385233 0.08970362693071365 0.02496469579637051
1425 0.003107540309429169 0.09358358383178711 0.02502499893307686
1426 0.005716863088309765 0.07109797745943069 0.005013987421989441
1427 0.007302874699234962 0.07165942341089249 0.0101596936583519
1428 -0.001754968776367605 0.08978021144866943 0.00602500606328249
1429 0.02042718976736069 0.07605244219303131 0.009693995118141174
1430 0.02750791795551777 0.07369525730609894 0.01552500016987324
1431 0.02327661029994488 0.06784537434577942 0.005866338964551687
1432 0.0270832609385252 0.09563707560300827 0.006577242165803909
1433 0.002860851585865021 0.09339509159326553 0.006025633309036493
1434 0.02646063268184662 0.09637981653213501 0.006257181521505117
1435 0.02801648713648319 0.09028597921133041 0.006025000009685755
1436 0.02805985882878304 0.09076223522424698 0.02502500079572201
1437 0.01201570220291615 0.09459423273801804 0.006025000009685755
1438 0.009072249755263329 0.09127636253833771 0.02279315143823624
1439 0.02008146792650223 0.07361014187335968 0.02037331461906433
1440 0.005085535813122988 0.0711725577712059 0.006242612842470407
1441 0.01740801148116589 0.0841335654258728 0.0270249992609024
1442 0.007926901802420616 0.09107475727796555 0.01768380403518677
1443 0.004966908600181341 0.08273813128471375 0.006025000009685755
1444 0.02036020159721375 0.07461967319250107 0.02026233822107315
1445 -0.004861278459429741 0.07387272268533707 0.0270249992609024
1446 0.02006245218217373 0.07374873012304306 0.01836823113262653
1447 0.0064854403026402 0.08831897377967834 0.01054831314831972
1448 0.0176990982145071 0.07578752934932709 0.004025000147521496
1449 0.0001285862672375515 0.07271923124790192 0.009189226664602757
1450 0.0269316378980875 0.06922664493322372 0.02050912007689476
1451 0.02728907950222492 0.06784833967685699 0.005839559249579906
1452 0.02715368941426277 0.06785118579864502 0.009616319090127945
1453 0.005565863102674484 0.08872433751821518 0.007864868268370628
1454 0.007597554940730333 0.08635830134153366 0.00977020151913166
1455 0.01095856446772814 0.07477615028619766 0.00974415335804224
1456 0.02682291902601719 0.09604261070489883 0.006241806782782078
1457 0.0264086090028286 0.09571130573749542 0.007294084411114454
1458 0.007303062826395035 0.07886110991239548 0.004024999681860209
1459 0.02544167451560497 0.06913613528013229 0.004025000147521496
1460 0.02210233360528946 0.09659440070390701 0.02697408571839333
1461 0.00690865982323885 0.08314714580774307 0.0270249992609024
1462 -0.00615693349391222 0.07043565809726715 0.005492540542036295
1463 0.008254054002463818 0.07521457970142365 0.007099756505340338
1464 0.0208967998623848 0.07200269401073456 0.02371831610798836
1465 0.01956998556852341 0.07117132842540741 0.02583211287856102
1466 0.02650697343051434 0.09686082601547241 0.00659845257177949
1467 0.02785702235996723 0.06828200817108154 0.01602876372635365
1468 0.005617893766611814 0.07263464480638504 0.00929423701018095
1469 0.02660201489925385 0.09615415334701538 0.02504060044884682
1470 0.0237425472587347 0.0742330402135849 0.00666576623916626
1471 0.01295309327542782 0.0884639248251915 0.01761056296527386
1472 0.0275469496846199 0.06799264252185822 0.01602839678525925
1473 0.007162105292081833 0.08948276937007904 0.007768725510686636
1474 0.02641562558710575 0.09659238159656525 0.007084900047630072
1475 0.009370558895170689 0.08110595494508743 0.02702500112354755
1476 0.01502919103950262 0.09125003218650818 0.006025000009685755
1477 -0.0056135393679142 0.08613241463899612 0.008658422157168388
1478 0.01675506494939327 0.07119655609130859 0.005816004239022732
1479 0.02844789624214172 0.0729776918888092 0.01163933146744967
1480 0.0127897122874856 0.08335743099451065 0.006025000009685755
1481 0.00134763540700078 0.09287627041339874 0.0270249992609024
1482 0.005448549520224333 0.07580666244029999 0.01685740053653717
1483 0.02322641760110855 0.08017135411500931 0.02502500079572201
1484 0.02585107088088989 0.07396160066127777 0.009529219008982182
1485 0.02760904654860497 0.06866768002510071 0.005114090628921986
1486 0.007310865446925163 0.0874321460723877 0.005608640145510435
1487 0.01103741582483053 0.07271923124790192 0.00782404001802206
1488 0.02309145405888557 0.07732685655355453 0.02126552723348141
1489 0.0110851526260376 0.07271923124790192 0.01131817139685154
1490 0.005437979009002447 0.08839841932058334 0.01206102035939693
1491 0.001916964771226048 0.09519059956073761 0.02316406928002834
1492 0.009331908077001572 0.09793394058942795 0.02412034571170807
1493 0.006620883941650391 0.09771539270877838 0.006340616382658482
1494 -0.005746090784668922 0.07685931771993637 0.01550512481480837
1495 0.02723222225904465 0.09884217381477356 0.02216395176947117
1496 0.01050207111984491 0.09542559087276459 0.004987911321222782
1497 0.006468759849667549 0.09017248451709747 0.0128264119848609
1498 0.005433085840195417 0.07305103540420532 0.01829100959002972
1499 0.006660328712314367 0.07704497873783112 0.004024999681860209
1500 0.006253556348383427 0.07196137309074402 0.009151523001492023
1501 0.01204289123415947 0.07609601318836212 0.006025000009685755
1502 0.02861055359244347 0.0747625008225441 0.01136008277535439
1503 0.01025602594017982 0.07647126168012619 0.004024999681860209
1504 0.007536135613918304 0.08648873120546341 0.005755198653787374
1505 0.007068342063575983 0.09431155025959015 0.004025000147521496
1506 0.007481535896658897 0.08656206727027893 0.004599944222718477
1507 0.007145797833800316 0.09881704300642014 0.02211849763989449
1508 0.01673945784568787 0.09659522771835327 0.0201249998062849
1509 0.004656795412302017 0.09733261168003082 0.02493767626583576
1510 0.008555144071578979 0.0772680789232254 0.02243047021329403
1511 0.003996151033788919 0.08091604709625244 0.004025000147521496
1512 0.008570908568799496 0.07226327061653137 0.01109889056533575
1513 0.001064314506947994 0.07071922719478607 0.01552500016987324
1514 0.02737470529973507 0.08462721109390259 0.0270249992609024
1515 0.02789607644081116 0.09869625419378281 0.02237130142748356
1516 0.02641670033335686 0.07271923124790192 0.01841051317751408
1517 0.02385862171649933 0.07695292681455612 0.02217096462845802
1518 0.02417037077248096 0.07606249302625656 0.0270249992609024
1519 0.01329980883747339 0.07399179041385651 0.0270249992609024
1520 0.01601762324571609 0.07071922719478607 0.01550409290939569
1521 0.01111969724297523 0.07367853075265884 0.008808774873614311
1522 0.006183067336678505 0.07622876763343811 0.02609029971063137
1523 0.02059222385287285 0.07071922719478607 0.01557210460305214
1524 0.005486943759024143 0.08618321269750595 0.00737021304666996
1525 0.01323260553181171 0.07461536675691605 0.02502500079572201
1526 0.02418677881360054 0.07071922719478607 0.01777945831418037
1527 0.01031488366425037 0.07071922719478607 0.0173343475908041
1528 0.02642292156815529 0.096464604139328 0.02191166393458843
1529 0.01078361645340919 0.08842233568429947 0.01170238852500916
1530 0.01187023613601923 0.09452053159475327 0.02608942054212093
1531 0.02649463340640068 0.09678886085748672 0.005985123105347157
1532 -0.005634946282953024 0.06840524822473526 0.01840000040829182
1533 0.008201425895094872 0.07198444753885269 0.02157938480377197
1534 -0.005616044159978628 0.06833967566490173 0.02414999902248383
1535 0.0229505505412817 0.07521849125623703 0.01826015673577785
1536 0.02288381569087505 0.07524698227643967 0.02386480942368507
1537 -0.005642099305987358 0.06843035668134689 0.01264999993145466
1538 0.007183296605944633 0.07169259339570999 0.01953242905437946
1539 -0.005637503694742918 0.06841500103473663 0.006900000385940075
1540 0.02804652415215969 0.06857283413410187 0.01840000040829182
1541 0.02804688923060894 0.0685729905962944 0.02414999902248383
1542 0.02563834376633167 0.09475059062242508 0.004025000147521496
1543 0.005008948501199484 0.09760802239179611 0.009389244019985199
1544 0.02087401412427425 0.08047168701887131 0.0270249992609024
1545 0.007394266314804554 0.07166171073913574 0.02448872290551662
1546 0.007944654673337936 0.09884333610534668 0.02186150103807449
1547 2.020281317527406e-05 0.07988022267818451 0.02502500079572201
1548 0.01116442587226629 0.08536399900913239 0.006709150969982147
1549 0.0268594641238451 0.07049882411956787 0.01403222791850567
1550 0.004535091575235128 0.09263131022453308 0.004025000613182783
1551 0.00636095879599452 0.0874289944767952 0.009426794946193695
1552 0.01354257483035326 0.07999342679977417 0.004025000147521496
1553 -0.005331463180482388 0.0680590495467186 0.01594541594386101
1554 0.01017004251480103 0.08576067537069321 0.005625233985483646
1555 0.02196010015904903 0.07166776806116104 0.01680947281420231
1556 0.004932648967951536 0.07071922719478607 0.01708670146763325
1557 0.00460011325776577 0.0758093073964119 0.0270249992609024
1558 0.01198157202452421 0.08665598928928375 0.007562153972685337
1559 0.02774103730916977 0.09771735966205597 0.009428300894796848
1560 0.007095084525644779 0.09790932387113571 0.02520264126360416
1561 0.02712097018957138 0.08045260608196259 0.02502500079572201
1562 0.01638255454599857 0.07271923124790192 0.006025000009685755
1563 0.01638255454599857 0.07271923124790192 0.01552500016987324
1564 0.02563530392944813 0.06784544140100479 0.005731882527470589
1565 0.01265273336321115 0.0727478414773941 0.006025000009685755
1566 0.007629345171153545 0.09794947504997253 0.02255620621144772
1567 0.01282056514173746 0.07271923124790192 0.01552500016987324
1568 -0.006167992483824492 0.07048463821411133 0.02523913607001305
1569 0.02727106772363186 0.0978555902838707 0.005947398487478495
1570 0.008269742131233215 0.08905190974473953 0.005942060146480799
1571 0.006567695178091526 0.08646702021360397 0.007104773540049791
1572 0.008751855231821537 0.09025918692350388 0.01255938224494457
1573 0.02476967684924603 0.07397372275590897 0.01681637577712536
1574 0.02787364087998867 0.09759975224733353 0.02250953391194344
1575 0.02860636822879314 0.07471761852502823 0.0140405036509037
1576 0.01383076328784227 0.08571800589561462 0.004025000147521496
1577 0.008158265613019466 0.09114649891853333 0.01124021969735622
1578 0.02570711448788643 0.07002715021371841 0.01254562195390463
1579 0.00333802099339664 0.07342518866062164 0.01280501671135426
1580 0.006723891943693161 0.075392946600914 0.01011929288506508
1581 0.008033107966184616 0.08365839719772339 0.01706100627779961
1582 0.007895114831626415 0.09692690521478653 0.007918268442153931
1583 0.02771509625017643 0.07557717710733414 0.009464934468269348
1584 0.003666753182187676 0.0844334214925766 0.02502500079572201
1585 0.009994295425713062 0.07071921974420547 0.02201261557638645
1586 0.02804664149880409 0.06857309490442276 0.009015988558530807
1587 0.007791999261826277 0.08865372091531754 0.01298801880329847
1588 0.009321904741227627 0.09794793277978897 0.006872928235679865
1589 0.01998539827764034 0.07175318151712418 0.02022108994424343
1590 0.007734362035989761 0.09713812917470932 0.02200216613709927
1591 0.02815600857138634 0.09577686339616776 0.008756286464631557
1592 0.02681955508887768 0.07165256142616272 0.0108336741104722
1593 0.02925957180559635 0.09695806354284286 0.02519368380308151
1594 0.01830771006643772 0.07494233548641205 0.0221269428730011
1595 0.02564168535172939 0.06930868327617645 0.01551645435392857
1596 0.02649540454149246 0.0988362580537796 0.008657452650368214
1597 0.009096001274883747 0.09571599215269089 0.02337218262255192
1598 0.003118079388514161 0.09358915686607361 0.02012499608099461
1599 0.00919649749994278 0.09127607196569443 0.01155997347086668
1600 0.01013595052063465 0.09558981657028198 0.006130178924649954
1601 0.006986305117607117 0.0789681151509285 0.02502500079572201
1602 0.0117202028632164 0.06961072236299515 0.02517201751470566
1603 0.004222468938678503 0.08917481452226639 0.00402500107884407
1604 0.01244650594890118 0.08621101081371307 0.0270249992609024
1605 0.007148465141654015 0.07546690106391907 0.02053261362016201
1606 0.02830425836145878 0.07139774411916733 0.0270249992609024
1607 0.02585130371153355 0.06784643977880478 0.004025000147521496
1608 0.02462373115122318 0.07177557051181793 0.005280465818941593
1609 0.0288679264485836 0.09519518166780472 0.0270249992609024
1610 -0.005370497237890959 0.06811434030532837 0.01205983199179173
1611 0.02586865983903408 0.07380709052085876 0.007784925866872072
1612 0.02008233033120632 0.07328122854232788 0.007160256616771221
1613 0.008755667135119438 0.08213033527135849 0.02502500079572201
1614 0.02488216757774353 0.07194142043590546 0.01636677421629429
1615 0.02352209575474262 0.07071921974420547 0.02045826986432076
1616 0.01079645100980997 0.0884314626455307 0.01846841722726822
1617 0.008286443538963795 0.07516835629940033 0.01290953624993563
1618 0.027173126116395 0.09796606749296188 0.02595488168299198
1619 0.006267653778195381 0.08708764612674713 0.01161895785480738
1620 0.02686956152319908 0.09800019115209579 0.008916697464883327
1621 0.008964595384895802 0.09827635437250137 0.02548514865338802
1622 0.007721040397882462 0.09712304174900055 0.008981022052466869
1623 0.01178475096821785 0.0716787725687027 0.01552500016987324
1624 0.009598318487405777 0.09126006811857224 0.01339007075875998
1625 0.02741740457713604 0.07275331020355225 0.01679679937660694
1626 0.00636247918009758 0.08799465745687485 0.02370161563158035
1627 0.02874571457505226 0.09808410704135895 0.005561828147619963
1628 0.02874341979622841 0.09499480575323105 0.004025000147521496
1629 0.01151746045798063 0.07166874408721924 0.01090303435921669
1630 0.02556129731237888 0.09841069579124451 0.02505319565534592
1631 0.007196404971182346 0.09882054477930069 0.005894629284739494
1632 0.01348601840436459 0.09402751922607422 0.004025000147521496
1633 0.02093115448951721 0.07516476511955261 0.02188686281442642
1634 0.02449010871350765 0.07653328776359558 0.008892267011106014
1635 0.003610351821407676 0.07496042549610138 0.009270834736526012
1636 0.02804638259112835 0.09519327431917191 0.007600357290357351
1637 0.005742547102272511 0.09695512801408768 0.01092500053346157
1638 0.008895829319953918 0.07592959702014923 0.02611120045185089
1639 0.02669923007488251 0.09712766855955124 0.006320331711322069
1640 0.00832559447735548 0.07515148818492889 0.02392358705401421
1641 0.02924034371972084 0.09611944109201431 0.007226837798953056
1642 0.01112054474651814 0.09398584067821503 0.004025000147521496
1643 0.01109478902071714 0.08751183748245239 0.01072608772665262
1644 0.004061825573444366 0.06973832845687866 0.0270249992609024
1645 0.02380561456084251 0.0731639638543129 0.01038271561264992
1646 0.001628193655051291 0.07710199803113937 0.02502500079572201
1647 0.003896689740940928 0.06971137225627899 0.004025000147521496
1648 0.01035805605351925 0.08587426692247391 0.01727315783500671
1649 0.008646374568343163 0.09854492545127869 0.02196722291409969
1650 0.01090818922966719 0.08657118678092957 0.00805231649428606
1651 0.02450644038617611 0.07071921974420547 0.008980931714177132
1652 0.003341334406286478 0.07337722182273865 0.007993675768375397
1653 0.02757958322763443 0.09506003558635712 0.02397734671831131
1654 0.004633830860257149 0.07166802138090134 0.009612394496798515
1655 -0.007274365983903408 0.0872204452753067 0.01021355763077736
1656 0.02468365058302879 0.07636512815952301 0.02220452204346657
1657 0.006328478921204805 0.09606989473104477 0.007522455882281065
1658 0.0230134055018425 0.0751749724149704 0.009140552952885628
1659 0.02293521165847778 0.07522829622030258 0.005902580451220274
1660 0.005362649448215961 0.07338982075452805 0.009501236490905285
1661 0.009964465163648129 0.07403150200843811 0.005467663053423166
1662 -0.003864588914439082 0.06889674067497253 0.007983965799212456
1663 0.02665885537862778 0.07012295722961426 0.01255734637379646
1664 0.009939116425812244 0.07591220736503601 0.0270249992609024
1665 0.01014031656086445 0.07390081882476807 0.01702873595058918
1666 0.00767056317999959 0.08628170192241669 0.01147042121738195
1667 0.01044005621224642 0.07181072980165482 0.02042262814939022
1668 0.02581753581762314 0.07407856732606888 0.01390816271305084
1669 0.004428554326295853 0.07334659993648529 0.01069514732807875
1670 0.01817175932228565 0.06943379342556 0.005917190574109554
1671 0.02318259701132774 0.07675103098154068 0.004024999216198921
1672 0.01820852607488632 0.07466863840818405 0.008857713080942631
1673 0.006321484223008156 0.08775349706411362 0.01310921180993319
1674 0.01001992356032133 0.08479122072458267 0.01837323606014252
1675 0.01010356657207012 0.07264836132526398 0.01037764083594084
1676 0.01099790539592505 0.07461722940206528 0.00796902272850275
1677 0.01019936241209507 0.07746552675962448 0.0270249992609024
1678 0.001516642398200929 0.07271923124790192 0.01361173950135708
1679 0.00388787523843348 0.07178226113319397 0.02395775355398655
1680 0.008385554887354374 0.0956304669380188 0.008537221699953079
1681 0.005452880635857582 0.07413642853498459 0.01269287150353193
1682 0.02028349600732327 0.07449993491172791 0.008296426385641098
1683 0.01005472615361214 0.07303705811500549 0.0165459793061018
1684 -0.002032303484156728 0.07271923124790192 0.0190174151211977
1685 0.03019854053854942 0.09221108257770538 0.009185165166854858
1686 0.02654199115931988 0.09623049199581146 0.02332505956292152
1687 0.01095372531563044 0.07480031996965408 0.02195300720632076
1688 0.000969195447396487 0.07574330270290375 0.006025000009685755
1689 0.006709993351250887 0.09319891780614853 0.0270249992609024
1690 0.007372422143816948 0.0879015251994133 0.01725505664944649
1691 0.004212544299662113 0.07205834984779358 0.006902561523020267
1692 0.02324352227151394 0.09565999358892441 0.008034650236368179
1693 0.02541038580238819 0.07775833457708359 0.006025000009685755
1694 0.02561164274811745 0.09845661371946335 0.009093420580029488
1695 0.02654931880533695 0.09693717956542969 0.02521999925374985
1696 0.02206712029874325 0.07169773429632187 0.01932645402848721
1697 0.0116251390427351 0.08585651963949203 0.02182003110647202
1698 0.01090776547789574 0.08388519287109375 0.02165773324668407
1699 0.02071875147521496 0.07728487998247147 0.01954315043985844
1700 0.0250216294080019 0.0978129580616951 0.02177188359200954
1701 0.007404509466141462 0.09451831877231598 0.0270249992609024
1702 0.02884659357368946 0.09790559858083725 0.0252529438585043
1703 0.02574660256505013 0.09854266047477722 0.005619961302727461
1704 0.006394207011908293 0.09868543595075607 0.02184999920427799
1705 0.01413464918732643 0.07271923124790192 0.01803045161068439
1706 0.006298616994172335 0.09861528873443604 0.02529999986290932
1707 0.02668679878115654 0.09712399542331696 0.02203533425927162
1708 0.02684107422828674 0.09714556485414505 0.02528754621744156
1709 0.006311576347798109 0.09862441569566727 0.006005645263940096
1710 0.006296845152974129 0.09861456602811813 0.009199999272823334
1711 -0.006702295038849115 0.08084675669670105 0.008877372369170189
1712 0.0257136020809412 0.07179675996303558 0.0180053748190403
1713 0.0288015715777874 0.09796979278326035 0.02180325053632259
1714 0.02920307405292988 0.09711962938308716 0.00592890614643693
1715 0.02175277844071388 0.07170742005109787 0.02441581524908543
1716 0.02925985120236874 0.09695642441511154 0.009199999272823334
1717 0.02749445661902428 0.0969216451048851 0.02184999920427799
1718 0.02751134149730206 0.09682584553956985 0.0253425370901823
1719 0.006898158695548773 0.09688194096088409 0.005642301868647337
1720 0.006947080604732037 0.09693431854248047 0.009309688583016396
1721 0.00801727082580328 0.09645593911409378 0.02184999920427799
1722 0.008009707555174828 0.09642770886421204 0.02523672766983509
1723 0.03039433993399143 0.0943777859210968 0.02184999920427799
1724 0.00506292562931776 0.07977388054132462 0.006025000009685755
1725 0.03039346821606159 0.09435150772333145 0.02537167631089687
1726 0.02745191939175129 0.08408666402101517 0.02239295653998852
1727 0.02464424446225166 0.0965946838259697 0.005750000011175871
1728 0.02467417903244495 0.09665820747613907 0.009092999622225761
1729 0.02464433014392853 0.09659512341022491 0.02184999920427799
1730 0.02466264367103577 0.09659452736377716 0.02529999986290932
1731 0.02233277633786201 0.07071921974420547 0.01950869522988796
1732 0.03039294853806496 0.09433943033218384 0.005566899664700031
1733 0.03039170429110527 0.09433980286121368 0.009199999272823334
1734 0.004824224859476089 0.07759978622198105 0.004024999681860209
1735 0.01275909878313541 0.07271923124790192 0.009666701778769493
1736 0.007617359049618244 0.08497560024261475 0.01300642639398575
1737 0.00982975959777832 0.07144390791654587 0.00631147064268589
1738 0.01286866050213575 0.08611623197793961 0.01797807402908802
1739 0.01628315635025501 0.07071922719478607 0.01217802334576845
1740 0.0187182892113924 0.07384111732244492 0.004025000147521496
1741 0.005761850159615278 0.09656069427728653 0.008526619523763657
1742 0.007564716972410679 0.08643441647291183 0.008086958900094032
1743 0.02585379965603352 0.0733952596783638 0.0136684337630868
1744 0.02924668230116367 0.09612041711807251 0.009075918234884739
1745 -0.004612844903022051 0.06892078369855881 0.01693666540086269
1746 0.0110130812972784 0.09659508615732193 0.02406203560531139
1747 0.02191842906177044 0.09653811901807785 0.0201249998062849
1748 0.00910457968711853 0.08447086066007614 0.01860927417874336
1749 0.02596439234912395 0.07287506014108658 0.004025000147521496
1750 0.001493530697189271 0.07034626603126526 0.004025000147521496
1751 0.02550831995904446 0.06784422695636749 0.01728331297636032
1752 0.00808851420879364 0.09113305807113647 0.007743822876363993
1753 -0.005700051784515381 0.08596622943878174 0.02168712392449379
1754 0.023676922544837 0.09570164978504181 0.006654849741607904
1755 -0.008596641942858696 0.0839093029499054 0.01279344968497753
1756 0.02839420177042484 0.09628463536500931 0.005501135252416134
1757 0.00958674494177103 0.08554872870445251 0.01410448458045721
1758 -0.008573282510042191 0.07983297109603882 0.01824868284165859
1759 0.005465446505695581 0.07578955590724945 0.01405220106244087
1760 0.008660261519253254 0.09852275997400284 0.005788723472505808
1761 -0.007025089114904404 0.08763150870800018 0.02358319796621799
1762 0.0206781942397356 0.07608252018690109 0.01828268356621265
1763 0.01289902068674564 0.07271923124790192 0.02303002402186394
1764 0.006522860378026962 0.07071921974420547 0.01114955358207226
1765 0.00880675483494997 0.07107739895582199 0.02592366747558117
1766 -0.0008783350931480527 0.07071922719478607 0.01352404430508614
1767 0.01876364648342133 0.07579632103443146 0.0270249992609024
1768 0.01297333650290966 0.09273622930049896 0.006025000009685755
1769 0.006893125362694263 0.07027228176593781 0.005955105647444725
1770 0.008551298640668392 0.09519192576408386 0.0270249992609024
1771 0.01121354848146439 0.08543756604194641 0.02388096414506435
1772 0.006318534258753061 0.07524833083152771 0.02008852176368237
1773 0.007734496612101793 0.08620958775281906 0.0198467206209898
1774 0.007194873411208391 0.09883762896060944 0.007439962588250637
1775 0.008730784058570862 0.09849307686090469 0.00921347364783287
1776 0.007217404898256063 0.0894162505865097 0.02389306202530861
1777 -0.004112371243536472 0.06968799978494644 0.01552500016987324
1778 0.01019689533859491 0.08901706337928772 0.009797143749892712
1779 0.007337938062846661 0.08710383623838425 0.009095024317502975
1780 0.005720166023820639 0.0688592866063118 0.00497462460771203
1781 0.01007018610835075 0.07341785728931427 0.01419869996607304
1782 -0.004583681467920542 0.08742661774158478 0.009110524319112301
1783 0.02613191679120064 0.07170144468545914 0.01410459633916616
1784 0.00764364842325449 0.07745212316513062 0.01686683483421803
1785 0.0235770158469677 0.07262288779020309 0.01714331284165382
1786 0.02648762427270412 0.06904462724924088 0.01783223263919353
1787 0.01013087574392557 0.07336924970149994 0.02402064017951488
1788 0.02644600532948971 0.06784595549106598 0.004850879311561584
1789 0.01174801681190729 0.08451581001281738 0.01031303871423006
1790 0.01103956997394562 0.07271923124790192 0.02006264962255955
1791 0.02428644709289074 0.07071922719478607 0.01175771281123161
1792 0.02225022949278355 0.07071921974420547 0.0203706044703722
1793 0.02815660648047924 0.06978145986795425 0.01219712663441896
1794 0.02811613865196705 0.09526544064283371 0.0227764155715704
1795 0.004591002594679594 0.07185257226228714 0.02227432280778885
1796 0.02272052317857742 0.07103526592254639 0.02605842612683773
1797 0.01126084383577108 0.09550213813781738 0.0270249992609024
1798 0.02584399282932281 0.0955483615398407 0.009037014096975327
1799 0.008422411978244781 0.09864548593759537 0.02545490302145481
1800 0.02515340037643909 0.09584975242614746 0.01013629976660013
1801 0.02495850995182991 0.09769134223461151 0.02522018365561962
1802 0.004538577515631914 0.07365494221448898 0.008563409559428692
1803 0.02204521186649799 0.0754982978105545 0.00656033493578434
1804 -0.008642160333693027 0.08032700419425964 0.01318926736712456
1805 0.006917688529938459 0.09234688431024551 0.02502500079572201
1806 0.005261301063001156 0.09543496370315552 0.004025000613182783
1807 0.01055684313178062 0.07162846624851227 0.01463440619409084
1808 0.02714138478040695 0.07055703550577164 0.01154986117035151
1809 0.02093072421848774 0.07734353095293045 0.00872650183737278
1810 0.02063434012234211 0.07490929216146469 0.01720021478831768
1811 0.02067034132778645 0.07726497203111649 0.01684028655290604
1812 -0.00464465981349349 0.08871361613273621 0.01782499998807907
1813 0.006904513575136662 0.09689294546842575 0.02272853814065456
1814 0.01121100224554539 0.08531671017408371 0.009528465569019318
1815 0.02029363811016083 0.07573460787534714 0.008379902690649033
1816 0.02305895276367664 0.0751459151506424 0.02531916089355946
1817 0.02212785370647907 0.07071921974420547 0.0213304441422224
1818 0.0245202723890543 0.07154900580644608 0.01079044491052628
1819 0.008216348476707935 0.09778377413749695 0.02597734518349171
1820 0.007847508415579796 0.07637758553028107 0.01959751173853874
1821 0.01206976361572742 0.08479326963424683 0.008389240130782127
1822 0.02047025412321091 0.07242760807275772 0.01072846353054047
1823 0.02254296839237213 0.07178929448127747 0.02588933706283569
1824 -0.001297619077377021 0.07071921974420547 0.0212651789188385
1825 0.0071206777356565 0.0717075988650322 0.01314495131373405
1826 0.01494438853114843 0.07985425740480423 0.02502500079572201
1827 0.005402767099440098 0.07084179669618607 0.0270249992609024
1828 0.02848094888031483 0.07333861291408539 0.02043362893164158
1829 -0.003717772196978331 0.069045290350914 0.01954952627420425
1830 0.006583400536328554 0.09028957784175873 0.007741460576653481
1831 0.02882714755833149 0.09794504195451736 0.009061757475137711
1832 0.005792405921965837 0.07241062074899673 0.02154266461730003
1833 0.009767129085958004 0.07281193882226944 0.02607887051999569
1834 0.01932690851390362 0.07454565167427063 0.01473391335457563
1835 0.009906736202538013 0.08424599468708038 0.02702500112354755
1836 0.007377513218671083 0.08786908537149429 0.02101465500891209
1837 0.006586333271116018 0.08624521642923355 0.01039870828390121
1838 0.008429837413132191 0.07071922719478607 0.01788909547030926
1839 0.02830454334616661 0.09627953916788101 0.02409783005714417
1840 0.01006937120109797 0.07071921974420547 0.01006382703781128
1841 0.00734822079539299 0.08510054647922516 0.01188824977725744
1842 0.0104551874101162 0.09417211264371872 0.0270249992609024
1843 -0.002768796170130372 0.07271923124790192 0.01339333783835173
1844 0.01007522270083427 0.08469013124704361 0.01422498095780611
1845 0.007217510137706995 0.07548376172780991 0.02217111550271511
1846 0.0001822469057515264 0.0938723012804985 0.01092500239610672
1847 0.003145908704027534 0.07014163583517075 0.02525820396840572
1848 0.008176391944289207 0.07524046301841736 0.01155627612024546
1849 0.01027755718678236 0.07604207843542099 0.008957020938396454
1850 0.02057508565485477 0.07228904217481613 0.006247469689697027
1851 0.008198554627597332 0.09519351273775101 0.007533888798207045
1852 0.006161614786833525 0.08892558515071869 0.004025000613182783
1853 0.006871004588901997 0.08060828596353531 0.0270249992609024
1854 0.00751699972897768 0.08825640380382538 0.007671119179576635
1855 0.02654983662068844 0.09886254370212555 0.005705675110220909
1856 0.01250487752258778 0.08670616149902344 0.004025000147521496
1857 0.007125757168978453 0.08249069005250931 0.02502500079572201
1858 0.01298543252050877 0.08822868019342422 0.02284923009574413
1859 0.02737163379788399 0.07222753763198853 0.01431737653911114
1860 0.02580150030553341 0.07423187047243118 0.01685705967247486
1861 0.005550708621740341 0.08605706691741943 0.02213253639638424
1862 0.01130353473126888 0.07011584937572479 0.005622918717563152
1863 0.008246071636676788 0.08181197941303253 0.02606631815433502
1864 0.007614481262862682 0.09605196118354797 0.00780430156737566
1865 0.01092014089226723 0.0865752100944519 0.005141535773873329
1866 0.01303849741816521 0.07322950661182404 0.004024999681860209
1867 0.008183637633919716 0.08363090455532074 0.01234483253210783
1868 0.02758673392236233 0.07431744784116745 0.009785186499357224
1869 0.01940151117742062 0.07127629965543747 0.0270249992609024
1870 0.02585591189563274 0.07341062277555466 0.0169488787651062
1871 0.0292427446693182 0.09702953696250916 0.02173422090709209
1872 0.02485324442386627 0.07169733196496964 0.01456817798316479
1873 0.02628331445157528 0.09521272778511047 0.02332743257284164
1874 0.007734321057796478 0.09710736572742462 0.02558325044810772
1875 0.007420951500535011 0.0852813795208931 0.007228642236441374
1876 0.004728309810161591 0.07069109380245209 0.02602960728108883
1877 0.02426312491297722 0.07532814145088196 0.02314175106585026
1878 0.01097049005329609 0.08667921274900436 0.01375094614923
1879 0.02561614103615284 0.06902817636728287 0.01998463273048401
1880 -0.004951186943799257 0.06908333301544189 0.01989595219492912
1881 0.02767154388129711 0.06806556135416031 0.008539434522390366
1882 0.005334126763045788 0.08691305667161942 0.01249349489808083
1883 0.02102688513696194 0.07193788141012192 0.01338453311473131
1884 0.0116399172693491 0.07168321311473846 0.01986968703567982
1885 0.02642292156815529 0.0966460183262825 0.02536166273057461
1886 0.005091715138405561 0.07684251666069031 0.01792691275477409
1887 0.007549477741122246 0.09603129327297211 0.02440204098820686
1888 0.007476747967302799 0.07746856659650803 0.0184012521058321
1889 0.02650688029825687 0.06947379559278488 0.01366289705038071
1890 0.01133542135357857 0.08970244228839874 0.004025000147521496
1891 0.007800599094480276 0.0988570973277092 0.02537581697106361
1892 0.022750249132514 0.07125173509120941 0.01984903402626514
1893 0.01845469139516354 0.07806161046028137 0.006025000009685755
1894 0.007167692761868238 0.07071921974420547 0.02224855311214924
1895 0.01033890061080456 0.07596218585968018 0.01830277405679226
1896 -2.863735608116258e-05 0.07452810555696487 0.004025000147521496
1897 0.009128368459641933 0.09275977313518524 0.006025000009685755
1898 0.006900210864841938 0.07635557651519775 0.01430822629481554
1899 0.01987756229937077 0.07551003992557526 0.007265827618539333
1900 0.006814716383814812 0.0774235799908638 0.01254237629473209
1901 0.01645165309309959 0.07271923124790192 0.02275462448596954
1902 0.009309141896665096 0.09324890375137329 0.02502500079572201
1903 0.005344373174011707 0.07369845360517502 0.01860991679131985
1904 -0.005333918612450361 0.06808460503816605 0.01970328204333782
1905 0.02360224351286888 0.07266558706760406 0.01118988450616598
1906 0.02301404438912868 0.07628694921731949 0.009824403561651707
1907 -0.003592658089473844 0.07012713700532913 0.0270249992609024
1908 0.01266423054039478 0.07271923124790192 0.01291887555271387
1909 0.01009420584887266 0.09115192294120789 0.01034798193722963
1910 0.007561950013041496 0.08509086072444916 0.01685087010264397
1911 0.02739576995372772 0.09618411958217621 0.02243785187602043
1912 0.008166234940290451 0.07620150595903397 0.02076968550682068
1913 0.01058601122349501 0.09659517556428909 0.02628988958895206
1914 0.02895237132906914 0.09509028494358063 0.02382637932896614
1915 0.009899321012198925 0.08463536202907562 0.02433942630887032
1916 0.006629790179431438 0.09772870689630508 0.02148513495922089
1917 0.02427118457853794 0.06933125108480453 0.007755490485578775
1918 0.005659837741404772 0.07071921974420547 0.009592955000698566
1919 0.007997851818799973 0.09519055485725403 0.0213606096804142
1920 0.01023287419229746 0.08580642938613892 0.02082615159451962
1921 0.02204114012420177 0.07550133764743805 0.02299951203167439
1922 0.005620060488581657 0.08383840322494507 0.004025000147521496
1923 0.02314311638474464 0.07728419452905655 0.01386993192136288
1924 0.02686949633061886 0.09494046866893768 0.02216398902237415
1925 0.007688513956964016 0.07747148722410202 0.008634880185127258
1926 0.02355783991515636 0.07256835699081421 0.009053508751094341
1927 0.0268107708543539 0.09604310244321823 0.02292240783572197
1928 0.02497167885303497 0.07071922719478607 0.01249580178409815
1929 0.004247290547937155 0.07611595094203949 0.02241557836532593
1930 0.02824846655130386 0.09283428639173508 0.02365306951105595
1931 0.02464393340051174 0.07231144607067108 0.02123790793120861
1932 0.02398398704826832 0.07071922719478607 0.01343826577067375
1933 0.01046033203601837 0.09107419103384018 0.01813514344394207
1934 0.00702176196500659 0.09619686752557755 0.007579997647553682
1935 0.02655453607439995 0.09793863445520401 0.02108496241271496
1936 -0.007245783228427172 0.08727812767028809 0.01316042337566614
1937 0.01968793943524361 0.07674141973257065 0.01802084594964981
1938 -0.008059367537498474 0.0857253223657608 0.007672833278775215
1939 0.006520344410091639 0.08649715781211853 0.01426111906766891
1940 0.002292907331138849 0.07174607366323471 0.01719815842807293
1941 0.0269383005797863 0.07844676077365875 0.02168731950223446
1942 0.006012767553329468 0.07071921974420547 0.007707028649747372
1943 0.01329225208610296 0.07059099525213242 0.006111434660851955
1944 0.0104026747867465 0.08472669124603271 0.02030379883944988
1945 0.009716108441352844 0.07108648866415024 0.02472265437245369
1946 0.006771464832127094 0.08881917595863342 0.01447935961186886
1947 0.007731233257800341 0.07651138305664062 0.02335887402296066
1948 0.01987398788332939 0.07687399536371231 0.008536279201507568
1949 0.02831519767642021 0.07152023911476135 0.004036833066493273
1950 0.01515036169439554 0.08700544387102127 0.006025000009685755
1951 0.008232807740569115 0.08363158255815506 0.01868609897792339
1952 -0.006220219656825066 0.07068359851837158 0.02240343950688839
1953 0.02709295600652695 0.0697120875120163 0.01909429766237736
1954 0.003419531043618917 0.07414869964122772 0.008214620873332024
1955 0.005466933362185955 0.07414596527814865 0.01701847463846207
1956 0.01913417130708694 0.07342797517776489 0.0127347856760025
1957 0.007982609793543816 0.09787934273481369 0.00483477720990777
1958 0.01002720557153225 0.07071921974420547 0.02334297634661198
1959 0.02655463851988316 0.07423388957977295 0.02502500079572201
1960 0.01655004918575287 0.07271923124790192 0.00793878361582756
1961 0.02686117216944695 0.07759983837604523 0.02502500079572201
1962 0.008616570383310318 0.09567666798830032 0.00983557291328907
1963 0.005812658928334713 0.07483074069023132 0.01742875576019287
1964 0.02766967378556728 0.08647772669792175 0.02502500079572201
1965 0.008690527640283108 0.08460646867752075 0.01680625788867474
1966 0.02738077007234097 0.08330537378787994 0.02502500079572201
1967 0.02809018827974796 0.09858699142932892 0.02532625943422318
1968 0.01892891526222229 0.07604912668466568 0.02175951935350895
1969 0.01200662180781364 0.08717291802167892 0.0239416491240263
1970 0.02656224742531776 0.07431744039058685 0.01699348725378513
1971 0.01248005125671625 0.07794088870286942 0.006025000009685755
1972 0.02313658408820629 0.07732132077217102 0.02338195405900478
1973 0.02690089680254459 0.06901539117097855 0.005354324821382761
1974 0.02550831995904446 0.06784422695636749 0.01391969528049231
1975 0.008285729214549065 0.0751660093665123 0.01716437563300133
1976 0.008467260748147964 0.07501643151044846 0.02054928243160248
1977 0.02303765900433064 0.07201632857322693 0.01674537919461727
1978 0.02159582450985909 0.06784732639789581 0.02594419196248055
1979 0.006924334447830915 0.09692727774381638 0.02580470032989979
1980 0.002741373144090176 0.07704034447669983 0.006025000009685755
1981 0.006728760898113251 0.09769491106271744 0.008422944694757462
1982 0.02365901134908199 0.07278989255428314 0.01435061357915401
1983 0.01254905853420496 0.08933255821466446 0.01815174147486687
1984 0.01014969125390053 0.07357646524906158 0.006991618312895298
1985 0.02483180537819862 0.07356110960245132 0.02051297761499882
1986 0.006626799702644348 0.09776187688112259 0.005001098848879337
1987 0.008377278223633766 0.08566735684871674 0.01797063834965229
1988 0.006459048017859459 0.06893258541822433 0.004025000147521496
1989 0.02466347813606262 0.07441511750221252 0.02289324440062046
1990 0.0192620512098074 0.07390258461236954 0.02109206281602383
1991 0.0187915563583374 0.0758357048034668 0.01314330659806728
1992 0.02341963909566402 0.07242018729448318 0.009961114265024662
1993 0.009444410912692547 0.09555341303348541 0.007879027165472507
1994 0.008318407461047173 0.08908873051404953 0.01006565243005753
1995 0.009280483238399029 0.06969569623470306 0.005685862619429827
1996 0.02575957030057907 0.07271923124790192 0.02037422731518745
1997 0.02329387329518795 0.07229051738977432 0.01407634373754263
1998 0.0222851075232029 0.07746239751577377 0.01392688602209091
1999 0.02858862839639187 0.09523738920688629 0.02133017405867577
2000 0.008680512197315693 0.07233991473913193 0.02546532079577446
2001 0.02557405084371567 0.071942038834095 0.01039350498467684
2002 0.007450988050550222 0.07549469172954559 0.01792205683887005
2003 0.02354685589671135 0.07714325934648514 0.007712626829743385
2004 0.02347397431731224 0.07717529684305191 0.01097332313656807
2005 -0.005007714033126831 0.0678471103310585 0.006591059267520905
2006 0.02729230560362339 0.0951269343495369 0.02125328779220581
2007 0.01162755396217108 0.08591385930776596 0.008858973160386086
2008 0.007524074520915747 0.0883023738861084 0.02449715510010719
2009 0.008966566994786263 0.09453636407852173 0.007370200008153915
2010 0.02038953453302383 0.07105020433664322 0.004025000147521496
2011 0.0114831505343318 0.09659499675035477 0.02195626311004162
2012 0.00664510065689683 0.08605417609214783 0.01191166322678328
2013 0.0195634551346302 0.07169878482818604 0.01917528919875622
2014 0.02362020313739777 0.07453269511461258 0.009110490791499615
2015 0.0006715759518556297 0.0942176952958107 0.02553294412791729
2016 0.008696054108440876 0.07239429652690887 0.0195158738642931
2017 0.0268495250493288 0.06950198113918304 0.01552500016987324
2018 0.007753140758723021 0.08861657232046127 0.01706660352647305
2019 0.008845393545925617 0.07711935788393021 0.02042143419384956
2020 0.02644299902021885 0.09882253408432007 0.009898176416754723
2021 0.0231702197343111 0.07214342802762985 0.02258484624326229
2022 0.02591997943818569 0.09549033641815186 0.021406514570117
2023 0.02251455932855606 0.07745171338319778 0.01070975512266159
2024 0.003361335722729564 0.07364696264266968 0.02266988344490528
2025 0.009817242622375488 0.07071921974420547 0.02058947831392288
2026 0.02240021340548992 0.09659478068351746 0.005492705386132002
2027 0.007510380819439888 0.09404250234365463 0.02370394580066204
2028 0.02206042222678661 0.07169425487518311 0.01076051592826843
2029 0.02739768289029598 0.09886186569929123 0.009201928041875362
2030 0.007984171621501446 0.09789442270994186 0.01028395351022482
2031 0.01051325909793377 0.07232561707496643 0.004025000147521496
2032 -0.004154620692133904 0.06961645185947418 0.02500107139348984
2033 0.005306105129420757 0.08735956996679306 0.02243133448064327
2034 0.00698944041505456 0.0679001584649086 0.0270249992609024
2035 0.02475501783192158 0.09564906358718872 0.0214838832616806
2036 0.01018142607063055 0.08902023732662201 0.01782198622822762
2037 -0.0005519787664525211 0.07071921974420547 0.02332676574587822
2038 0.005433027632534504 0.06957051157951355 0.0254083089530468
2039 0.0209104735404253 0.07071922719478607 0.01242951769381762
2040 0.0219345111399889 0.07748838514089584 0.02265497669577599
2041 0.02734467945992947 0.09615315496921539 0.009842953644692898
2042 0.009054127149283886 0.09574794769287109 0.00660018203780055
2043 0.007004726212471724 0.08417682349681854 0.02240892499685287
2044 0.006475323345512152 0.0901724174618721 0.01101102773100138
2045 0.02751456573605537 0.09406299144029617 0.0223692636936903
2046 0.02339813858270645 0.07071922719478607 0.0154693340882659
2047 0.007017696276307106 0.09062320739030838 0.02285761386156082
2048 0.008159817196428776 0.08582332730293274 0.01000082865357399
2049 0.01982696354389191 0.07158593088388443 0.01552500016987324
2050 0.009774976409971714 0.07268769294023514 0.02510175108909607
2051 0.005952769890427589 0.07727401703596115 0.008557840250432491
2052 0.02442181669175625 0.07165122032165527 0.009597749449312687
2053 0.009475403465330601 0.08552208542823792 0.0192949902266264
2054 0.02928066253662109 0.09316836297512054 0.008084644563496113
2055 0.02490894682705402 0.09762709587812424 0.009171174839138985
2056 0.01091228239238262 0.08657865971326828 0.02290540374815464
2057 0.007773087825626135 0.08455991744995117 0.02608536556363106
2058 0.007176261860877275 0.09769602864980698 0.02630382962524891
2059 0.004803910851478577 0.0714762881398201 0.02496045269072056
2060 0.02468832023441792 0.07332252711057663 0.01441743969917297
2061 0.02608902752399445 0.09567005932331085 0.01003337744623423
2062 -0.00464926939457655 0.07048480957746506 0.009205997921526432
2063 0.00536160496994853 0.07355821877717972 0.01393372006714344
2064 -0.001343859359622002 0.07071921974420547 0.009527809917926788
2065 0.01740441657602787 0.08030863106250763 0.006025000009685755
2066 -0.004869031719863415 0.06784722208976746 0.01986873894929886
2067 0.008839019574224949 0.09021194279193878 0.01657894998788834
2068 0.02804677560925484 0.0685732364654541 0.005633442662656307
2069 -0.003891704836860299 0.06960237771272659 0.005850569810718298
2070 0.006550941150635481 0.08627039939165115 0.01839462853968143
2071 0.00601594615727663 0.09611580520868301 0.02399398759007454
2072 0.00795966200530529 0.09884854406118393 0.009469227865338326
2073 0.006677777506411076 0.08865968137979507 0.008745110593736172
2074 0.008153106085956097 0.08581783622503281 0.02275493368506432
2075 0.00503907585516572 0.07557852566242218 0.01221673004329205
2076 0.009581866674125195 0.07668130099773407 0.02270793356001377
2077 0.0265339445322752 0.07400664687156677 0.01160042453557253
2078 0.008223927579820156 0.07199879735708237 0.009109715931117535
2079 0.01863724552094936 0.07277179509401321 0.0270249992609024
2080 0.006345052272081375 0.07525200396776199 0.02607910893857479
2081 0.02497104182839394 0.0977272242307663 0.007967188023030758
2082 0.02649999037384987 0.06989721208810806 0.008517995476722717
2083 0.006501693744212389 0.07000651210546494 0.0270249992609024
2084 0.007258553523570299 0.0853198766708374 0.01437296718358994
2085 0.007199176587164402 0.09071692079305649 0.013425188139081
2086 0.00565069867298007 0.07595498114824295 0.008105271495878696
2087 0.02634148299694061 0.09879740327596664 0.02544433437287807
2088 0.02536147087812424 0.07545936107635498 0.01305265165865421
2089 0.02092797681689262 0.07629651576280594 0.02181175909936428
2090 0.02930193953216076 0.09605761617422104 0.005671957973390818
2091 0.01008740626275539 0.08476138114929199 0.02300324849784374
2092 0.02553481049835682 0.09628406912088394 0.02198148146271706
2093 -0.002728227525949478 0.08901731669902802 0.02247946709394455
2094 0.004308765288442373 0.09706154465675354 0.01092500053346157
2095 0.006026477552950382 0.0960734561085701 0.005086161661893129
2096 0.002099136356264353 0.08643394708633423 0.004025000147521496
2097 0.0282235573977232 0.07051460444927216 0.008238764479756355
2098 0.02060230076313019 0.07487761974334717 0.00923524796962738
2099 -0.003684355411678553 0.08827276527881622 0.008465081453323364
2100 0.006660406943410635 0.08610568940639496 0.0167374461889267
2101 0.008351622149348259 0.07071922719478607 0.01285245828330517
2102 0.02682154625654221 0.09809063374996185 0.02301852032542229
2103 0.009665555320680141 0.0724121481180191 0.01433240715414286
2104 -0.004701751749962568 0.0678483173251152 0.01415559742599726
2105 -0.004980070516467094 0.06784793734550476 0.0107490886002779
2106 0.004461694043129683 0.09717759490013123 0.004025000613182783
2107 0.009809891693294048 0.09659513086080551 0.02262633480131626
2108 0.009375482797622681 0.08929690718650818 0.01179435476660728
2109 0.008398520760238171 0.0773027166724205 0.01713003776967525
2110 0.02641670033335686 0.07271923124790192 0.01283500529825687
2111 0.004680866375565529 0.07171922922134399 0.01552500016987324
2112 0.02011603489518166 0.07398547977209091 0.01290733832865953
2113 0.009332689456641674 0.07071922719478607 0.01203412190079689
2114 0.02973716892302036 0.09565206617116928 0.02588560618460178
2115 0.01097333338111639 0.09303508698940277 0.02502500079572201
2116 0.01477751228958368 0.08808116614818573 0.02502500079572201
2117 0.02689813449978828 0.07800571620464325 0.01552500016987324
2118 0.01476255804300308 0.08892250806093216 0.006025000009685755
2119 0.01170449517667294 0.07071921974420547 0.02105468697845936
2120 0.02675086446106434 0.07638858258724213 0.0228966511785984
2121 0.02407114021480083 0.07071921974420547 0.02334298007190228
2122 0.02093813009560108 0.07071921974420547 0.02334297820925713
2123 0.006998259108513594 0.0841825008392334 0.02393466979265213
2124 0.02656025625765324 0.07429557293653488 0.01313242502510548
2125 0.02789147011935711 0.09393879771232605 0.004025000147521496
2126 0.03010405413806438 0.09529439359903336 0.009340298362076283
2127 0.01500447560101748 0.08638585358858109 0.02502500079572201
2128 0.02448916621506214 0.07047045975923538 0.02466989681124687
2129 0.007377498783171177 0.07547825574874878 0.02544785477221012
2130 0.009793996810913086 0.09659562259912491 0.005640553776174784
2131 0.007613313384354115 0.09501659870147705 0.009739299304783344
2132 -0.003449732903391123 0.09099380671977997 0.02702499739825726
2133 0.0006418127450160682 0.09419363737106323 0.0270249992609024
2134 0.02654308639466763 0.07410704344511032 0.01944311894476414
2135 0.02391944453120232 0.07569342106580734 0.01006300467997789
2136 0.02569570764899254 0.07460782676935196 0.01286131516098976
2137 0.01294551976025105 0.07212730497121811 0.0270249992609024
2138 0.007323362398892641 0.08720432966947556 0.007656997069716454
2139 0.005514062475413084 0.07431875914335251 0.02034471929073334
2140 0.02731329388916492 0.09518527239561081 0.005158488173037767
2141 0.00591943645849824 0.09733566641807556 0.02393345721065998
2142 0.02747998386621475 0.07353828847408295 0.007396669127047062
2143 0.0215332955121994 0.07641962915658951 0.009780888445675373
2144 0.005828573368489742 0.08932411670684814 0.0135905472561717
2145 0.007336842361837626 0.08704470098018646 0.01266900915652514
2146 0.02708355709910393 0.07660595327615738 0.004025000147521496
2147 0.00967392697930336 0.08460346609354019 0.01155848708003759
2148 0.0181344710290432 0.07403852045536041 0.02355073764920235
2149 0.02640260942280293 0.09409730136394501 0.02308430336415768
2150 0.02368535101413727 0.07071921974420547 0.01050029881298542
2151 0.01274799928069115 0.07271923124790192 0.01156704500317574
2152 0.004460709635168314 0.07410366088151932 0.02454983443021774
2153 0.01913216896355152 0.07333932816982269 0.01434531528502703
2154 0.0247515682131052 0.07427608966827393 0.01211761124432087
2155 0.02624473720788956 0.06927315145730972 0.02464177832007408
2156 0.01307084877043962 0.07071922719478607 0.01555624324828386
2157 0.02047646418213844 0.06987810879945755 0.005850865505635738
2158 0.00953216478228569 0.08553388714790344 0.01271018665283918
2159 0.02244792692363262 0.09659498929977417 0.004025000147521496
2160 0.02208488807082176 0.07170947641134262 0.01419514045119286
2161 0.01308713108301163 0.0871766060590744 0.01798665896058083
2162 0.004903246648609638 0.07574094086885452 0.004024999681860209
2163 0.005689585581421852 0.07967415452003479 0.004025000147521496
2164 0.008457161486148834 0.08416792750358582 0.02702500112354755
2165 0.01205747574567795 0.08733466267585754 0.01706794649362564
2166 0.02142100036144257 0.07060461491346359 0.02588349021971226
2167 0.02821742743253708 0.07044392824172974 0.02479654923081398
2168 0.02649268694221973 0.09407593309879303 0.008201578631997108
2169 0.007368305698037148 0.07168013602495193 0.02202928997576237
2170 0.01003740541636944 0.08469083160161972 0.00521841598674655
2171 0.02562587521970272 0.09602245688438416 0.02593751437962055
2172 0.02773776277899742 0.06816001236438751 0.02099348045885563
2173 -0.002738933311775327 0.06933353841304779 0.0172785110771656
2174 0.006067994516342878 0.0960344597697258 0.02583246491849422
2175 0.01905397325754166 0.07358038425445557 0.01937834732234478
2176 0.006253845058381557 0.09433925896883011 0.008649317547678947
2177 0.01887423358857632 0.07594639807939529 0.0232387613505125
2178 0.01093906909227371 0.07478731125593185 0.013925576582551
2179 0.007055975496768951 0.06784649193286896 0.004086771514266729
2180 0.007301522884517908 0.09402540326118469 0.008155212737619877
2181 0.006398922763764858 0.09422283619642258 0.02257500030100346
2182 0.008246229030191898 0.09413126111030579 0.008798317052423954
2183 0.02519727684557438 0.09459330886602402 0.02231458015739918
2184 0.008309069089591503 0.09416705369949341 0.02312048338353634
2185 0.0253270398825407 0.09459375590085983 0.008547584526240826
2186 0.02836438827216625 0.0941140204668045 0.008984589949250221
2187 0.007312792353332043 0.09402309358119965 0.0223159845918417
2188 0.007014836184680462 0.09618905931711197 0.02552095055580139
2189 0.005206768866628408 0.09522458910942078 0.02257499657571316
2190 0.02836234122514725 0.09408776462078094 0.02246069721877575
2191 0.009065659716725349 0.09459423273801804 0.02257500030100346
2192 0.009065659716725349 0.09459423273801804 0.008475000038743019
2193 0.00617264537140727 0.07512106746435165 0.01275658514350653
2194 0.00519989151507616 0.09522492438554764 0.008475632406771183
2195 0.007477282546460629 0.07548724114894867 0.01316453702747822
2196 0.007306091953068972 0.07551193982362747 0.008181025274097919
2197 0.02447458542883396 0.07209835946559906 0.006873014848679304
2198 0.006047914270311594 0.08510607481002808 0.02306209690868855
2199 0.0214233472943306 0.07071921974420547 0.01032812055200338
2200 0.0125918909907341 0.07271923124790192 0.007908577099442482
2201 0.02654491551220417 0.07412713021039963 0.006025000009685755
2202 0.02391192503273487 0.07579145580530167 0.005175070371478796
2203 0.01244171895086765 0.08774753659963608 0.0270249992609024
2204 0.02333000488579273 0.07607205212116241 0.008453585207462311
2205 0.008679505437612534 0.07748197019100189 0.004024999681860209
2206 0.006012134253978729 0.0903826504945755 0.004025000613182783
2207 0.02641670033335686 0.07271923124790192 0.007246750872582197
2208 0.02713892422616482 0.09516644477844238 0.008340588770806789
2209 0.01816202327609062 0.07271923124790192 0.01764685660600662
2210 0.007618886884301901 0.09603199362754822 0.009337764233350754
2211 0.02860809303820133 0.07473711669445038 0.01552500016987324
2212 0.02432924881577492 0.07191546261310577 0.02274299971759319
2213 0.006060663145035505 0.07730985432863235 0.02272347547113895
2214 0.02652551606297493 0.09627706557512283 0.008525341749191284
2215 0.01024446450173855 0.07247007638216019 0.006755989044904709
2216 0.01029280479997396 0.09553196281194687 0.02549530379474163
2217 0.005080331582576036 0.09766481816768646 0.0270249992609024
2218 0.02675894647836685 0.09606686979532242 0.00864313542842865
2219 0.02680619806051254 0.09604885429143906 0.006861876230686903
2220 0.00708481390029192 0.07071922719478607 0.01655795238912106
2221 0.007094652857631445 0.08412232249975204 0.008488824591040611
2222 0.02688971348106861 0.07037312537431717 0.01729871146380901
2223 0.02818527445197105 0.07009560614824295 0.01810439676046371
2224 0.0099907536059618 0.0738363042473793 0.02557423524558544
2225 0.02428260818123817 0.0753047913312912 0.006367634516209364
2226 0.01146733574569225 0.0895528644323349 0.0270249992609024
2227 0.02458913438022137 0.07166364043951035 0.004024997819215059
2228 0.003491248469799757 0.07071922719478607 0.01552500016987324
2229 0.006787208840250969 0.09193316102027893 0.0270249992609024
2230 0.006212926469743252 0.07197866588830948 0.01420605927705765
2231 0.009113600477576256 0.07380356639623642 0.02009646221995354
2232 0.00636862451210618 0.07192639261484146 0.01774141006171703
2233 0.007057045586407185 0.07071922719478607 0.01299668103456497
2234 0.009862387552857399 0.09003613144159317 0.005044355522841215
2235 0.01111030578613281 0.07375527918338776 0.01827012747526169
2236 0.01809711195528507 0.07387248426675797 0.01778380014002323
2237 0.02810352109372616 0.09857966005802155 0.009450086392462254
2238 0.008576061576604843 0.07608743011951447 0.01413719076663256
2239 -0.005275857634842396 0.0680188313126564 0.0135783776640892
2240 0.01213985960930586 0.0899113342165947 0.02265000157058239
2241 0.008652660995721817 0.0846354216337204 0.004024998284876347
2242 0.005710691213607788 0.07471839338541031 0.01310710795223713
2243 0.007912304252386093 0.08470700681209564 0.004024998750537634
2244 0.01664190553128719 0.07664854824542999 0.006025000009685755
2245 0.004332584328949451 0.07377269864082336 0.005364093463867903
2246 0.02834923751652241 0.09684617817401886 0.02110464684665203
2247 0.004995832685381174 0.07676432281732559 0.0083193089812994
2248 0.007946527563035488 0.08328887075185776 0.02602965757250786
2249 0.02563405968248844 0.06922493875026703 0.01669210568070412
2250 0.02405824884772301 0.07545970380306244 0.02607711777091026
2251 -0.002728114603087306 0.06929147988557816 0.02133188210427761
2252 0.009874249808490276 0.0723375529050827 0.02246005646884441
2253 0.009344212710857391 0.08928768336772919 0.01817377284169197
2254 0.00957771297544241 0.08351071178913116 0.02261248603463173
2255 0.003515097545459867 0.07476884126663208 0.02318478934466839
2256 0.009264258667826653 0.08930496126413345 0.02410280518233776
2257 0.02363246865570545 0.07451511174440384 0.02214411646127701
2258 0.02380328252911568 0.09459423273801804 0.006025000009685755
2259 0.009424901567399502 0.07071922719478607 0.01658367738127708
2260 0.01807877235114574 0.07362765818834305 0.01329801604151726
2261 0.007038736715912819 0.07646331191062927 0.02119003236293793
2262 0.002869271440431476 0.07071922719478607 0.0136153157800436
2263 0.02488309890031815 0.07340582460165024 0.01155955251306295
2264 0.02751797623932362 0.09688090533018112 0.009399961680173874
2265 0.01261919643729925 0.0892200767993927 0.01300790067762136
2266 0.01248480938374996 0.09156106412410736 0.004025000147521496
2267 0.0265475120395422 0.07415562868118286 0.02296247519552708
2268 0.01943295262753963 0.07206315547227859 0.01219330076128244
2269 0.00698869489133358 0.08472064137458801 0.004025000147521496
2270 0.02551258914172649 0.07518699765205383 0.01710679940879345
2271 0.02584755606949329 0.07390564680099487 0.02039581723511219
2272 0.01555782742798328 0.09559424221515656 0.0201249998062849
2273 0.01000726968050003 0.07300408929586411 0.01175009645521641
2274 0.01806524023413658 0.07344257831573486 0.00814740639179945
2275 0.002933140844106674 0.07071921974420547 0.009801375679671764
2276 0.007337397430092096 0.08705686032772064 0.01967665553092957
2277 0.01146222557872534 0.09459398686885834 0.02012443356215954
2278 0.01113563682883978 0.09074869006872177 0.01775580085813999
2279 0.01140597462654114 0.09057153016328812 0.02256944589316845
2280 0.01100647356361151 0.08395399153232574 0.01322756055742502
2281 0.01092973910272121 0.09087580442428589 0.01315000001341105
2282 0.01656855084002018 0.0767977386713028 0.02502500079572201
2283 0.009698097594082355 0.07502847909927368 0.01661160588264465
2284 0.005304614081978798 0.07173904031515121 0.02607524208724499
2285 0.01098947692662477 0.07469833642244339 0.02320286259055138
2286 0.007234593853354454 0.09179870784282684 0.02599056623876095
2287 0.0272640660405159 0.07142629474401474 0.01908212155103683
2288 0.006207107100635767 0.09037875384092331 0.0270249992609024
2289 0.02075215242803097 0.07729607820510864 0.02280288189649582
2290 0.007220035884529352 0.07167357951402664 0.008626019582152367
2291 0.02478910610079765 0.07355387508869171 0.02393100224435329
2292 0.02679208107292652 0.07684116810560226 0.0102218771353364
2293 0.008320212364196777 0.07071922719478607 0.01413550972938538
2294 0.008288649842143059 0.09529995173215866 0.02378669939935207
2295 0.02466453425586224 0.07279954850673676 0.01663520745933056
2296 0.02819253504276276 0.09742240607738495 0.005160201340913773
2297 0.02501335740089417 0.07601027935743332 0.01822976768016815
2298 0.02550489455461502 0.07521331310272217 0.02190104499459267
2299 0.02213406004011631 0.07748270779848099 0.007467834278941154
2300 0.01131205260753632 0.09659514576196671 0.0270249992609024
2301 0.007387956604361534 0.08782101422548294 0.008559976704418659
2302 0.007375124841928482 0.08791295439004898 0.01350892521440983
2303 0.01002502255141735 0.08461757004261017 0.02592387050390244
2304 0.01254658587276936 0.08938008546829224 0.008148565888404846
2305 0.0228955689817667 0.07624289393424988 0.01450118888169527
2306 0.01190229505300522 0.09019138664007187 0.008180148899555206
2307 0.01207368541508913 0.09000252187252045 0.01315000001341105
2308 0.02472291886806488 0.07178352028131485 0.008343496359884739
2309 0.003533789422363043 0.07479279488325119 0.007550995331257582
2310 -0.006696556229144335 0.08078765869140625 0.02264916151762009
2311 -0.0067284288816154 0.08095810562372208 0.01752693578600883
2312 0.02682766132056713 0.09715139120817184 0.009393595159053802
2313 0.01116731110960245 0.09074825793504715 0.008212298154830933
2314 0.009121176786720753 0.07701738923788071 0.00839999970048666
2315 0.01099207997322083 0.08392937481403351 0.008025407791137695
2316 0.02294248342514038 0.07192833721637726 0.01445437595248222
2317 0.005524974316358566 0.08608632534742355 0.008662967011332512
2318 0.006186476442962885 0.07201721519231796 0.005876805167645216
2319 0.02383946813642979 0.07352959364652634 0.02376293204724789
2320 0.01190806832164526 0.09019352495670319 0.0179575253278017
2321 0.006509640254080296 0.09539398550987244 0.009817503392696381
2322 0.01111667789518833 0.07364396005868912 0.02289508655667305
2323 0.01222201809287071 0.08491562306880951 0.01820468343794346
2324 0.009597373194992542 0.08349932730197906 0.01315000001341105
2325 0.009631420485675335 0.08350380510091782 0.00839999970048666
2326 0.006272409111261368 0.08481661230325699 0.01314274128526449
2327 0.006123919505625963 0.08501548320055008 0.008192675188183784
2328 0.004181961063295603 0.07603616267442703 0.0081442566588521
2329 0.004167099948972464 0.07600085437297821 0.01323969848453999
2330 0.003443550085648894 0.07271923124790192 0.02288351207971573
2331 0.01308961398899555 0.08700989931821823 0.008550255559384823
2332 0.0130801610648632 0.08721528202295303 0.01358832325786352
2333 0.003443550085648894 0.07271923124790192 0.01758464239537716
2334 0.02199193648993969 0.07640425860881805 0.0165616013109684
2335 0.003443550085648894 0.07271923124790192 0.008131649345159531
2336 0.003443550085648894 0.07271923124790192 0.01304940041154623
2337 0.01273896545171738 0.08579967170953751 0.008027695119380951
2338 0.01282560266554356 0.08600812405347824 0.01326777506619692
2339 0.01816355064511299 0.07271923124790192 0.008166289888322353
2340 0.01816355064511299 0.07271923124790192 0.01315000001341105
2341 0.02663597837090492 0.07512705028057098 0.01847776770591736
2342 0.009336319752037525 0.08929974585771561 0.01008761115372181
2343 0.00714830681681633 0.0950930193066597 0.02363286912441254
2344 0.0269757304340601 0.06922655552625656 0.009462933056056499
2345 0.007428903132677078 0.08812741190195084 0.005986301228404045
2346 0.005444704089313745 0.08849351108074188 0.0174824446439743
2347 0.006978912279009819 0.09327790886163712 0.0260341539978981
2348 0.02032090537250042 0.07451009005308151 0.01814682967960835
2349 0.00721128610894084 0.08527757227420807 0.01892073266208172
2350 0.02234555967152119 0.07544621825218201 0.014414943754673
2351 0.005044049583375454 0.09763460606336594 0.007755656726658344
2352 0.008886806666851044 0.09649918973445892 0.008287903852760792
2353 0.02804643288254738 0.06857285648584366 0.01315754652023315
2354 0.02046078070998192 0.07245498150587082 0.01343598589301109
2355 0.02473387680947781 0.07338128238916397 0.01552499737590551
2356 0.006604314316064119 0.07537762075662613 0.01688279584050179
2357 0.00918740127235651 0.08549429476261139 0.02386449836194515
2358 0.02085511945188046 0.06965750455856323 0.02468893676996231
2359 0.02438676171004772 0.07144962251186371 0.01552500016987324
2360 0.005507147870957851 0.0886598527431488 0.02257428504526615
2361 0.02650760486721992 0.09626505523920059 0.007047758903354406
2362 0.0153674865141511 0.07071922719478607 0.01807975396513939
2363 -0.003664461895823479 0.06978416442871094 0.004025000147521496
2364 0.007846840657293797 0.09256336092948914 0.006025000009685755
2365 0.009053884074091911 0.07703375071287155 0.01309005357325077
2366 0.01186707057058811 0.08667609095573425 0.02579882927238941
2367 0.00488639622926712 0.09599164873361588 0.0270249992609024
2368 0.02245798520743847 0.07178239524364471 0.0232428815215826
2369 0.0255147572606802 0.09698531776666641 0.02591357007622719
2370 0.01065264642238617 0.08978358656167984 0.007176788989454508
2371 0.02110904082655907 0.07528863847255707 0.008701875805854797
2372 0.02350469119846821 0.07250667363405228 0.02052604593336582
2373 0.005986997857689857 0.09722879528999329 0.0260547548532486
2374 0.007013062480837107 0.09621480107307434 0.008563872426748276
2375 0.01068498473614454 0.08469729870557785 0.004025000613182783
2376 0.008060796186327934 0.09270279854536057 0.02502500079572201
2377 0.00801644753664732 0.07188419997692108 0.02307802811264992
2378 0.02815215103328228 0.09529595822095871 0.02490770071744919
2379 0.01126805506646633 0.09659541398286819 0.006267028395086527
2380 0.00741100125014782 0.08514551073312759 0.0247124619781971
2381 0.01133765373378992 0.08947518467903137 0.02596825361251831
2382 0.02652320265769958 0.07172936946153641 0.0166518148034811
2383 0.01770852878689766 0.09459423273801804 0.02502500079572201
2384 0.02151681110262871 0.07540908455848694 0.0219096802175045
2385 0.00564527977257967 0.07256835699081421 0.01080523338168859
2386 0.003444773843511939 0.07446928322315216 0.01785260997712612
2387 0.02471603825688362 0.07208553701639175 0.0242172833532095
2388 0.007141213864088058 0.07171891629695892 0.005715217441320419
2389 0.02735407091677189 0.06785339862108231 0.02141209691762924
2390 0.006757601164281368 0.07647053152322769 0.01931775175035
2391 0.01874637231230736 0.06784646958112717 0.004025000147521496
2392 0.007748204283416271 0.08859460800886154 0.01999976485967636
2393 0.003782698418945074 0.07531407475471497 0.01773768104612827
2394 0.02276005782186985 0.09659457206726074 0.02476524002850056
2395 0.006736908107995987 0.07539895921945572 0.01336642168462276
2396 0.02068489417433739 0.0772707387804985 0.01813193596899509
2397 0.0119060892611742 0.08831393718719482 0.01432585995644331
2398 0.02470820583403111 0.07251973450183868 0.01233753841370344
2399 0.01109106745570898 0.08749517053365707 0.008755695074796677
2400 0.02582146972417831 0.07271923124790192 0.01656748354434967
2401 0.02098234742879868 0.07629665732383728 0.007455721031874418
2402 0.005457867402583361 0.07420749217271805 0.02365763485431671
2403 0.0242400411516428 0.07521596550941467 0.01712191477417946
2404 0.00830398965626955 0.07071922719478607 0.01549071911722422
2405 0.00904443021863699 0.07581460475921631 0.0195376705378294
2406 0.009461726061999798 0.09129521995782852 0.007534811273217201
2407 0.01215147413313389 0.08686777949333191 0.005040033254772425
2408 0.001454817713238299 0.07071921974420547 0.02002236247062683
2409 0.009533167816698551 0.08349942415952682 0.01747724786400795
2410 0.006883890833705664 0.07071922719478607 0.01436082553118467
2411 0.01806536689400673 0.07334116101264954 0.02279477752745152
2412 0.01094628870487213 0.08662956953048706 0.02588177286088467
2413 0.01918877102434635 0.07442663609981537 0.007622502744197845
2414 0.005056049674749374 0.07681717723608017 0.0130989346653223
2415 0.02414214424788952 0.07681525498628616 0.01367808878421783
2416 0.02575957030057907 0.07271923124790192 0.007563077379018068
2417 0.005923083052039146 0.07602934539318085 0.01998818479478359
2418 0.0230933353304863 0.09659512341022491 0.02162135019898415
2419 0.009481946006417274 0.08422540128231049 0.004024998284876347
2420 0.02086887136101723 0.07511386275291443 0.02016632631421089
2421 0.007609638385474682 0.09715596586465836 0.005531022790819407
2422 0.007601922377943993 0.0898018404841423 0.0125175341963768
2423 0.005950622726231813 0.08685306459665298 0.004025000147521496
2424 0.02149486541748047 0.07071922719478607 0.01848623901605606
2425 0.004640970379114151 0.0726354792714119 0.02586105279624462
2426 0.003387439996004105 0.09380055963993073 0.01092500146478415
2427 0.01107068080455065 0.08755706250667572 0.006423505023121834
2428 0.007112234365195036 0.08411365747451782 0.01388077531009912
2429 0.009139152243733406 0.07161317765712738 0.01441390998661518
2430 0.00510361697524786 0.07186315208673477 0.02354011498391628
2431 0.006290927529335022 0.07736850529909134 0.0179782472550869
2432 0.02033207938075066 0.07457418739795685 0.02125220187008381
2433 0.01199317537248135 0.07071922719478607 0.01742717809975147
2434 -0.004856160841882229 0.06784544140100479 0.02470902167260647
2435 0.009497581981122494 0.08553037792444229 0.01136908028274775
2436 0.007505215704441071 0.08825736492872238 0.004989759530872107
2437 0.02384224534034729 0.07379456609487534 0.01228214614093304
2438 0.02926727943122387 0.09334766119718552 0.0270249992609024
2439 0.009801654145121574 0.09123213589191437 0.01730251312255859
2440 0.01816355064511299 0.07271923124790192 0.02256411872804165
2441 0.002486589597538114 0.07402994483709335 0.0270249992609024
2442 0.00714067742228508 0.09790244698524475 0.009992219507694244
2443 0.01108959224075079 0.08745220303535461 0.02519074454903603
2444 -0.003244713647291064 0.08861754089593887 0.01090515404939651
2445 0.007446703966706991 0.0896669402718544 0.01412976905703545
2446 0.00558815523982048 0.07270225137472153 0.01401624362915754
2447 0.02024308033287525 0.0713401585817337 0.02465321496129036
2448 -0.00608628848567605 0.07015830278396606 0.01147523708641529
2449 0.02217662706971169 0.07549428939819336 0.01768167316913605
2450 0.005381300114095211 0.07326555997133255 0.01985660940408707
2451 0.007425810676068068 0.07747358083724976 0.02272296138107777
2452 0.0120839849114418 0.09659466147422791 0.010924999602139
2453 0.01712816394865513 0.07013127207756042 0.004025000147521496
2454 0.0256339106708765 0.07473417371511459 0.008543679490685463
2455 0.006438826210796833 0.07526203989982605 0.008518422953784466
2456 0.02758148871362209 0.07126568257808685 0.01663556694984436
2457 0.006151643116027117 0.08493633568286896 0.01788175292313099
2458 0.0274951197206974 0.07479961961507797 0.007259631529450417
2459 0.02564649283885956 0.09847572445869446 0.00813190545886755
2460 0.0247786957770586 0.07447148114442825 0.0050968904979527
2461 0.02167671173810959 0.07637515664100647 0.01424020249396563
2462 -0.006049806252121925 0.08882430195808411 0.01789169013500214
2463 0.02648648247122765 0.07348547875881195 0.007129058707505465
2464 0.006733443588018417 0.08890671283006668 0.01210481766611338
2465 0.02418255247175694 0.07169511169195175 0.01189936976879835
2466 0.008636300452053547 0.09610258787870407 0.007573045790195465
2467 0.006257270462810993 0.07523249089717865 0.02499336749315262
2468 0.02833643928170204 0.09550333023071289 0.02591311186552048
2469 0.005927368998527527 0.08946448564529419 0.007906017825007439
2470 0.0191600639373064 0.07342973351478577 0.01675084792077541
2471 0.009492575190961361 0.07675967365503311 0.01770705543458462
2472 0.02467565797269344 0.07452067732810974 0.01448151096701622
2473 0.02665595710277557 0.09711487591266632 0.02108016796410084
2474 0.00577104277908802 0.07243352383375168 0.02311496622860432
2475 0.008856681175529957 0.07458139955997467 0.02192849293351173
2476 0.02661019563674927 0.07484393566846848 0.01062663178890944
2477 0.02472458966076374 0.07295098155736923 0.004948620684444904
2478 0.002490827580913901 0.09563723206520081 0.00402500107884407
2479 0.02702006511390209 0.07004496455192566 0.01052858121693134
2480 0.01955271139740944 0.07583532482385635 0.004025002010166645
2481 0.004628853406757116 0.07466273754835129 0.007449937053024769
2482 0.008834041655063629 0.07464614510536194 0.01781344227492809
2483 0.02233124896883965 0.07175797969102859 0.007555888500064611
2484 0.01135124266147614 0.08565285801887512 0.005242757964879274
2485 0.01307632587850094 0.08716720342636108 0.0227841455489397
2486 0.0286534745246172 0.09524668753147125 0.004906762856990099
2487 0.002728585386648774 0.09582561254501343 0.0270249992609024
2488 0.01385870575904846 0.08515056222677231 0.006025000009685755
2489 0.02299010381102562 0.07199771702289581 0.01802659034729004
2490 0.0102394837886095 0.08475267887115479 0.01659786887466908
2491 0.008879807777702808 0.09350768476724625 0.0270249992609024
2492 0.008625594899058342 0.07475880533456802 0.008239363320171833
2493 0.007692992687225342 0.08623950183391571 0.01786429435014725
2494 0.01078979950398207 0.0884181410074234 0.01023323740810156
2495 0.02161039784550667 0.07743614912033081 0.01319416146725416
2496 0.008112343959510326 0.06909792870283127 0.004025000147521496
2497 0.007430404424667358 0.08666953444480896 0.02562310919165611
2498 0.02005493827164173 0.07569455355405807 0.01434085611253977
2499 0.007496310397982597 0.08651837706565857 0.02420528791844845
2500 0.03016221337020397 0.09181749075651169 0.010924999602139
2501 0.007773450575768948 0.0849023163318634 0.009502945467829704
2502 0.008265453390777111 0.08574157208204269 0.02565031871199608
2503 0.02086813375353813 0.07626904547214508 0.02596228197216988
2504 0.01824693568050861 0.07474363595247269 0.02080577611923218
2505 0.007931887172162533 0.08994700759649277 0.01711245439946651
2506 -0.005997341591864824 0.06981130689382553 0.01395004149526358
2507 0.006473947782069445 0.08769762516021729 0.005007767584174871
2508 0.021383972838521 0.07741715759038925 0.01732496730983257
2509 0.02654347568750381 0.09694606810808182 0.02449866943061352
2510 0.02129442058503628 0.07186084240674973 0.01917084865272045
2511 0.008497456088662148 0.09006810933351517 0.005075699649751186
2512 0.001365198288112879 0.07408395409584045 0.006025000009685755
2513 0.00762769253924489 0.07658787816762924 0.02568585611879826
2514 0.01263947878032923 0.09239158034324646 0.02502500079572201
2515 0.005766945891082287 0.07017627358436584 0.004025000147521496
2516 0.02218707464635372 0.06967439502477646 0.0270249992609024
2517 0.02291071973741055 0.07523337006568909 0.01308845076709986
2518 0.01122226938605309 0.08555551618337631 0.02593393251299858
2519 0.02453559450805187 0.07493012398481369 0.01869635097682476
2520 0.008436216972768307 0.0939272940158844 0.02604011073708534
2521 0.007293754257261753 0.08548684418201447 0.005175635684281588
2522 0.02702872641384602 0.07943969964981079 0.008744177408516407
2523 0.008408206515014172 0.08913395553827286 0.01699568517506123
2524 0.01986099220812321 0.07543565332889557 0.02342323586344719
2525 0.009069040417671204 0.07589807361364365 0.02129091881215572
2526 0.005269592627882957 0.07540278136730194 0.02591659873723984
2527 0.00866036769002676 0.08561641722917557 0.007312388624995947
2528 0.02641670033335686 0.07271923124790192 0.008390667848289013
2529 0.02160613611340523 0.07071921974420547 0.007707023527473211
2530 0.03018984012305737 0.09509172290563583 0.02565662004053593
2531 0.005825384054332972 0.09471243619918823 0.007250315975397825
2532 0.008339959196746349 0.08473968505859375 0.004973241593688726
2533 0.02227419428527355 0.07746093720197678 0.01777416281402111
2534 0.02520515583455563 0.07574641704559326 0.008710782043635845
2535 0.01235186122357845 0.08512087166309357 0.009728825651109219
2536 0.005324210040271282 0.08688478916883469 0.01400101557374001
2537 0.02010524086654186 0.07318839430809021 0.009337064810097218
2538 0.005914586596190929 0.07491042464971542 0.008465797640383244
2539 0.02733677811920643 0.09521730244159698 0.02588525228202343
2540 0.02373847179114819 0.07428333908319473 0.02554642781615257
2541 0.007714052218943834 0.08621692657470703 0.01308094337582588
2542 0.003914074972271919 0.07369719445705414 0.02702500112354755
2543 0.01744301989674568 0.07794582098722458 0.004025001544505358
2544 0.0216907374560833 0.07071922719478607 0.01356562320142984
2545 0.02050767280161381 0.07609782367944717 0.01683248579502106
2546 0.02819048054516315 0.07015065848827362 0.00574804749339819
2547 0.008080736733973026 0.08587674051523209 0.008364553563296795
2548 0.02254708670079708 0.07537015527486801 0.01682592742145061
2549 0.01069121062755585 0.08497363328933716 0.01779869571328163
2550 0.02127042226493359 0.07535672932863235 0.01257962454110384
2551 0.02484764531254768 0.07621085643768311 0.01310189347714186
2552 0.007210378535091877 0.09500991553068161 0.02594501338899136
2553 0.0198688842356205 0.07553159445524216 0.02587941847741604
2554 0.009053099900484085 0.073060043156147 0.01294371392577887
2555 0.01113146264106035 0.07333914190530777 0.01691204123198986
2556 0.008941841311752796 0.0744149386882782 0.009329422377049923
2557 0.02685415744781494 0.07130001485347748 0.009311892092227936
2558 0.009137831628322601 0.07349491119384766 0.008543453179299831
2559 0.02716745436191559 0.07079680263996124 0.01552500016987324
2560 0.02563845179975033 0.0716480016708374 0.01663980633020401
2561 0.00799618661403656 0.09658283740282059 0.007108300924301147
2562 0.008972696959972382 0.09574464708566666 0.005193651653826237
2563 0.02738689817488194 0.09617525339126587 0.02389216050505638
2564 0.0104546369984746 0.08599001169204712 0.01292243413627148
2565 0.02836385183036327 0.09410425275564194 0.007523247506469488
2566 0.02416114881634712 0.07180774211883545 0.01976530998945236
2567 0.02012133598327637 0.07315362989902496 0.0132386302575469
2568 0.02652285061776638 0.07388482987880707 0.01439856644719839
2569 0.01297715678811073 0.08828148245811462 0.01331828255206347
2570 0.005891697481274605 0.077239029109478 0.01322235353291035
2571 0.009540768340229988 0.07532315701246262 0.005299779586493969
2572 0.009342554956674576 0.08549036085605621 0.02068331651389599
2573 0.02562241815030575 0.06909710913896561 0.01871906965970993
2574 0.02641661465167999 0.09651175886392593 0.005491087213158607
2575 0.006794837303459644 0.09043338149785995 0.01758244819939137
2576 0.007603597827255726 0.09602648019790649 0.02270949631929398
2577 0.007031947374343872 0.08415320515632629 0.01793263666331768
2578 0.01093690283596516 0.08663250505924225 0.01771764270961285
2579 0.009035907685756683 0.09569456428289413 0.02604700438678265
2580 0.01139436382800341 0.09659510105848312 0.02555477805435658
2581 0.02028396166861057 0.07273253053426743 0.02554461918771267
2582 0.004798144102096558 0.07216162979602814 0.02082293108105659
2583 0.003408551914617419 0.07417866587638855 0.01376846060156822
2584 0.006088093854486942 0.07071921974420547 0.02135945484042168
2585 0.02549398690462112 0.07523522526025772 0.02334724925458431
2586 0.007100332528352737 0.09518562257289886 0.007469693664461374
2587 0.005306225270032883 0.08717886358499527 0.01798350550234318
2588 0.02457818202674389 0.07071922719478607 0.01651483960449696
2589 0.02446969226002693 0.07187764346599579 0.02574393339455128
2590 0.02066430635750294 0.07610242813825607 0.005110580939799547
2591 0.01048277132213116 0.09102723747491837 0.007503766566514969
2592 0.003361042123287916 0.07369599491357803 0.0175534226000309
2593 0.02740101143717766 0.09618936479091644 0.005478609818965197
2594 0.02814541570842266 0.06965719908475876 0.01964355632662773
2595 0.005445262882858515 0.08847783505916595 0.01407315395772457
2596 0.009344570338726044 0.09791622310876846 0.02557267248630524
2597 0.005569710861891508 0.07275427132844925 0.02557996846735477
2598 0.0259985588490963 0.09555299580097198 0.005324043799191713
2599 0.02657942287623882 0.09622892737388611 0.005582402925938368
2600 0.02332987636327744 0.07071922719478607 0.01909954287111759
2601 0.02561525627970695 0.06901846826076508 0.02150844596326351
2602 0.01229569129645824 0.08780843764543533 0.004025000147521496
2603 0.006367152091115713 0.07192982733249664 0.01085684727877378
2604 0.01146164257079363 0.08560194820165634 0.01986449584364891
2605 0.005362300667911768 0.07355909794569016 0.01682477444410324
2606 -0.004136720672249794 0.06917320936918259 0.02285966277122498
2607 0.02732127904891968 0.0678570345044136 0.01747833378612995
2608 0.0219592209905386 0.07647144794464111 0.02406131662428379
2609 -0.008384380489587784 0.08466117084026337 0.01756720617413521
2610 0.005598857533186674 0.07453422993421555 0.02474837377667427
2611 0.02201678417623043 0.07057294249534607 0.005756904371082783
2612 0.02026066742837429 0.07278110086917877 0.01771016605198383
2613 0.009064957499504089 0.07308304309844971 0.01764741353690624
2614 0.01264766417443752 0.08912621438503265 0.02342206798493862
2615 0.01882088184356689 0.07589418441057205 0.009033503942191601
2616 0.006199591793119907 0.07203110307455063 0.02254829369485378
2617 0.027495501562953 0.06961997598409653 0.01639268547296524
2618 0.01947568356990814 0.07185051590204239 0.01744858920574188
2619 0.0256146602332592 0.06901192665100098 0.007766640745103359
2620 0.0120230233296752 0.08771337568759918 0.009798206388950348
2621 0.007565928157418966 0.09512464702129364 0.004869418684393167
2622 0.00531143881380558 0.08768076449632645 0.00819876417517662
2623 0.01222256477922201 0.09659503400325775 0.008125172927975655
2624 -0.006062890868633986 0.08524443954229355 0.01281417068094015
2625 0.02641670033335686 0.07271923124790192 0.01696775667369366
2626 0.008310107514262199 0.07517018169164658 0.00546644814312458
2627 0.009567683562636375 0.09727241843938828 0.008204176090657711
2628 0.00836645346134901 0.07511390745639801 0.02535628341138363
2629 0.01112953573465347 0.07354555279016495 0.007241521030664444
2630 0.02777482196688652 0.06815581768751144 0.01332263927906752
2631 0.005507199093699455 0.07425180822610855 0.01413451693952084
2632 0.01193192973732948 0.08819092810153961 0.007047479972243309
2633 0.01885203085839748 0.07592348009347916 0.01780642569065094
2634 0.02386907115578651 0.07383912801742554 0.01696190983057022
2635 0.02379176579415798 0.07311582565307617 0.01180229708552361
2636 0.02835852280259132 0.09728775918483734 0.01012487336993217
2637 0.02034846134483814 0.07458449900150299 0.02276841551065445
2638 0.02662772871553898 0.07503646612167358 0.007069002371281385
2639 0.01197011116892099 0.08822845667600632 0.00540360389277339
2640 0.00625337939709425 0.08482914417982101 0.009819970466196537
2641 -0.005685214418917894 0.06859857589006424 0.01701535098254681
2642 -0.005630220752209425 0.06838885694742203 0.01983750052750111
2643 -0.005620769690722227 0.06835606694221497 0.02271249890327454
2644 0.01522839162498713 0.09459423273801804 0.02502465806901455
2645 -0.005693732760846615 0.06863049417734146 0.01416910719126463
2646 0.007934132590889931 0.07742647081613541 0.01359805651009083
2647 -0.00564095051959157 0.06842651963233948 0.01121249981224537
2648 0.02285138890147209 0.09659428894519806 0.010924999602139
2649 0.005526363383978605 0.09257125854492188 0.02502500079572201
2650 0.02804643101990223 0.06857279688119888 0.01696250028908253
2651 0.0280642956495285 0.06876692920923233 0.01977939531207085
2652 0.01046950835734606 0.09108896553516388 0.02269240468740463
2653 0.02848634868860245 0.07339572161436081 0.02515998855233192
2654 0.008746227249503136 0.08557695150375366 0.009984869509935379
2655 0.005418192129582167 0.07310807704925537 0.008253230713307858
2656 0.01977851241827011 0.07546112686395645 0.01845452003180981
2657 0.02597121149301529 0.07463238388299942 0.004025000147521496
2658 0.008082826621830463 0.08365572988986969 0.02308637090027332
2659 0.004350278992205858 0.07328971475362778 0.02378692291676998
2660 0.01968343369662762 0.07673588395118713 0.01338665932416916
2661 0.02472801692783833 0.07017061859369278 0.005110388621687889
2662 0.0236959345638752 0.07071921974420547 0.02198923006653786
2663 0.02597762458026409 0.0828871876001358 0.004025000147521496
2664 0.02475499734282494 0.07361581176519394 0.007131692953407764
2665 0.006248344201594591 0.08786328881978989 0.01648541167378426
2666 0.01972156763076782 0.07677044719457626 0.02289353869855404
2667 0.02776458486914635 0.06814009696245193 0.00737486220896244
2668 0.00808615330606699 0.08359108120203018 0.004024998284876347
2669 0.02342758700251579 0.07599730789661407 0.01651735790073872
2670 0.004222975112497807 0.07608815282583237 0.0172652080655098
2671 0.02467414550483227 0.0745142474770546 0.00981485191732645
2672 0.02414620853960514 0.07544589787721634 0.0144214266911149
2673 0.008754740469157696 0.07247223705053329 0.01695011183619499
2674 0.00730937672778964 0.09702230989933014 0.02149123698472977
2675 0.02933445572853088 0.09434757381677628 0.005144573282450438
2676 0.02891694009304047 0.07851625233888626 0.004025000147521496
2677 0.02928217686712742 0.094650037586689 0.02559548988938332
2678 0.02687862142920494 0.0960383415222168 0.005474275443702936
2679 0.009784912690520287 0.07203222066164017 0.01552500016987324
2680 0.02437855862081051 0.07235073298215866 0.01552500016987324
2681 0.02238953672349453 0.07071922719478607 0.0166504792869091
2682 0.008380299434065819 0.07071921974420547 0.02334297634661198
2683 0.004381041042506695 0.07071921974420547 0.02334297448396683
2684 0.008756945841014385 0.07246791571378708 0.02227945253252983
2685 0.01944519951939583 0.0748429074883461 0.01688470132648945
2686 0.01042178086936474 0.07582768797874451 0.02303710207343102
2687 0.009825060144066811 0.07476097345352173 0.01428140234202147
2688 0.004719479940831661 0.07438476383686066 0.02591728232800961
2689 0.01925793848931789 0.07442435622215271 0.02606990002095699
2690 0.00434712553396821 0.07359275221824646 0.02565721236169338
2691 0.008983480744063854 0.07436221837997437 0.005448776297271252
2692 0.009295758791267872 0.09796664118766785 0.008407219313085079
2693 0.01016870327293873 0.07405711710453033 0.02100845053792
2694 0.009973668493330479 0.07419676333665848 0.02353106997907162
2695 0.005371783394366503 0.07365923374891281 0.008409968577325344
2696 0.009103449992835522 0.07384240627288818 0.01086924038827419
2697 0.009126813150942326 0.07384635508060455 0.01680888049304485
2698 0.02730088867247105 0.06785617023706436 0.01328396517783403
2699 0.02826935611665249 0.07101786136627197 0.009991191327571869
2700 0.01133562251925468 0.07206090539693832 0.005136263556778431
2701 0.008739989250898361 0.08457165956497192 0.02534452266991138
2702 0.02924606017768383 0.09612026065587997 0.02497893944382668
2703 0.02553380653262138 0.06784430146217346 0.02124576643109322
2704 0.00498262420296669 0.07675409317016602 0.02275915630161762
2705 0.02436681278049946 0.07667113095521927 0.0233602374792099
2706 0.009755934588611126 0.07491898536682129 0.00786733441054821
2707 0.005602235440164804 0.08591166138648987 0.01765952818095684
2708 0.0281631164252758 0.06985242664813995 0.01095485128462315
2709 0.02094688825309277 0.0719866082072258 0.02555962465703487
2710 0.009373673237860203 0.07178819179534912 0.01983170211315155
2711 -0.002739935182034969 0.06933743506669998 0.009817968122661114
2712 0.02035374753177166 0.07000625133514404 0.0270249992609024
2713 0.007901760749518871 0.07633326202630997 0.01211022026836872
2714 0.02099000290036201 0.07196182757616043 0.018130699172616
2715 0.008306132629513741 0.09774300456047058 0.009562158025801182
2716 0.02230718545615673 0.07637163996696472 0.005339729599654675
2717 0.02084675431251526 0.07205813378095627 0.02109779790043831
2718 0.004331048112362623 0.07176428288221359 0.01391157880425453
2719 0.02351333573460579 0.0746941938996315 0.01771909184753895
2720 0.01103956997394562 0.07271923124790192 0.01663966849446297
2721 0.02575173415243626 0.07434032112360001 0.007585451938211918
2722 0.007266462314873934 0.08943052589893341 0.004970534704625607
2723 0.008256345987319946 0.08361859619617462 0.008005906827747822
2724 0.02610602229833603 0.0710318386554718 0.02553834207355976
2725 0.02835138514637947 0.09664937108755112 0.02613888494670391
2726 0.02325581014156342 0.0722210630774498 0.02580116130411625
2727 0.02308858186006546 0.07509293407201767 0.01703324168920517
2728 0.01014952082186937 0.07288580387830734 0.005439355503767729
2729 0.02633369714021683 0.09496214985847473 0.0260167084634304
2730 0.02573263831436634 0.09692660719156265 0.006204654928296804
2731 0.02676837518811226 0.09493831545114517 0.007170055061578751
2732 0.009052257984876633 0.07304723560810089 0.01428097113966942
2733 0.005471732933074236 0.07298999279737473 0.02307345531880856
2734 0.02027136646211147 0.07272616028785706 0.02221554145216942
2735 0.01017905119806528 0.07615984976291656 0.01337257958948612
2736 0.005469688680022955 0.07295285165309906 0.01717942953109741
2737 0.009423497132956982 0.07146310806274414 0.004025000147521496
2738 0.01036647334694862 0.09326335042715073 0.006025000009685755
2739 0.02660124190151691 0.0739995539188385 0.01552500016987324
2740 0.008550322614610195 0.09228479862213135 0.02607203647494316
2741 0.009120500646531582 0.07331085950136185 0.02300864830613136
2742 0.02073494903743267 0.07729959487915039 0.01337108481675386
2743 0.006069635972380638 0.07627636939287186 0.005076215602457523
2744 0.02078307420015335 0.07212650030851364 0.01960698142647743
2745 0.01109319645911455 0.07398734241724014 0.01683535054326057
2746 0.008978825062513351 0.09126481413841248 0.02003558166325092
2747 -0.004469675477594137 0.06915219128131866 0.02121784351766109
2748 0.02464056201279163 0.07641331851482391 0.00726267509162426
2749 0.02500442788004875 0.07603669911623001 0.01712501794099808
2750 0.01157865580171347 0.09152474254369736 0.0270249992609024
2751 0.002446307567879558 0.09560579061508179 0.01088091637939215
2752 0.01851294562220573 0.07439984381198883 0.0270249992609024
2753 0.02327819354832172 0.07079092413187027 0.005268258508294821
2754 0.009108259342610836 0.08451800793409348 0.0093156723305583
2755 0.02380744554102421 0.07396785914897919 0.02066100016236305
2756 0.01020018104463816 0.0890163853764534 0.02198163047432899
2757 0.02752099186182022 0.09780053794384003 0.02116710692644119
2758 0.01228280458599329 0.08500879257917404 0.01367020141333342
2759 0.02303669042885303 0.07201553881168365 0.009031837806105614
2760 0.0228918083012104 0.07524167746305466 0.0199465099722147
2761 0.02734234184026718 0.09405870735645294 0.007311206310987473
2762 0.00738848838955164 0.08789044618606567 0.009952599182724953
2763 0.01462068501859903 0.09659457951784134 0.010924999602139
2764 0.02577014081180096 0.07071921974420547 0.009762663394212723
2765 0.009055725298821926 0.07411894202232361 0.022887222468853
2766 0.02550831995904446 0.06784422695636749 0.01016869023442268
2767 0.009189801290631294 0.09028793126344681 0.006944792810827494
2768 0.02049409970641136 0.07238882780075073 0.00858423113822937
2769 0.02162722498178482 0.07649572938680649 0.01854100078344345
2770 0.008099397644400597 0.07190423458814621 0.01928888075053692
2771 0.008534252643585205 0.08915421366691589 0.02044041454792023
2772 0.02344388701021671 0.07135581225156784 0.01441409066319466
2773 0.01933812350034714 0.074349544942379 0.02347728982567787
2774 0.02571256086230278 0.09595539420843124 0.007608800195157528
2775 0.02160113304853439 0.07009110599756241 0.004025000147521496
2776 0.007907437160611153 0.0962754413485527 0.007521575782448053
2777 0.001412380137480795 0.07271923124790192 0.006025000009685755
2778 0.0183559712022543 0.07501569390296936 0.02346978895366192
2779 0.01079468335956335 0.08385398238897324 0.02343998849391937
2780 0.009141375310719013 0.0737321600317955 0.0141470730304718
2781 0.02036253549158573 0.07594799995422363 0.0200372077524662
2782 0.007349091116338968 0.07169393450021744 0.01782161928713322
2783 -0.004584652837365866 0.06930461525917053 0.01113129686564207
2784 0.006883506663143635 0.0905073881149292 0.0203716866672039
2785 0.00535408454015851 0.07334703952074051 0.005401014816015959
2786 0.008698430843651295 0.07241496443748474 0.0142316073179245
2787 0.02575957030057907 0.07271923124790192 0.01417123060673475
2788 0.006677484605461359 0.07182057946920395 0.02454860880970955
2789 0.02163825184106827 0.07174596935510635 0.02304494939744473
2790 0.005077061243355274 0.07191310822963715 0.01828406937420368
2791 0.005866463296115398 0.0748845711350441 0.01940466277301311
2792 0.01047967001795769 0.08374464511871338 0.01724993251264095
2793 0.009497451595962048 0.07164843380451202 0.005061696283519268
2794 0.009134138002991676 0.07333598285913467 0.02565468475222588
2795 0.01146859209984541 0.08568538725376129 0.01086869835853577
2796 0.02552294731140137 0.07518229633569717 0.01896738819777966
2797 0.02144220657646656 0.07539473474025726 0.02059626020491123
2798 0.01089270692318678 0.07494422793388367 0.01744626462459564
2799 0.01808097958564758 0.07368247210979462 0.01917516998946667
2800 0.01120698917657137 0.08406244218349457 0.0175167303532362
2801 0.02461953274905682 0.07482804358005524 0.02113974653184414
2802 0.008360869251191616 0.08911082148551941 0.0118425814434886
2803 0.006895857397466898 0.09687795490026474 0.02138512954115868
2804 0.02471025846898556 0.07162884622812271 0.01740789972245693
2805 0.0273799654096365 0.09616831690073013 0.008928610011935234
2806 -0.004642423707991838 0.06993116438388824 0.01845953240990639
2807 0.01078015938401222 0.08846214413642883 0.0172000490128994
2808 0.02036941982805729 0.07464437931776047 0.0127482432872057
2809 0.01107258256524801 0.08728988468647003 0.02369561791419983
2810 0.007039401680231094 0.09616449475288391 0.02149394154548645
2811 0.007275307551026344 0.07547778636217117 0.0192758459597826
2812 0.01008167117834091 0.07321633398532867 0.02001822553575039
2813 0.02632705494761467 0.06784961372613907 0.01688361912965775
2814 0.01828169263899326 0.07484843581914902 0.01369193848222494
2815 0.004963683895766735 0.07536018639802933 0.02393515035510063
2816 0.00811946764588356 0.07191822677850723 0.01026616618037224
2817 0.02433808147907257 0.07666248828172684 0.01738021522760391
2818 0.009303949773311615 0.08550173789262772 0.02533737383782864
2819 0.008841809816658497 0.07461885362863541 0.01351617183536291
2820 0.02215576358139515 0.07549533993005753 0.01919065974652767
2821 0.0272758174687624 0.0988755077123642 0.02558826096355915
2822 0.004268244840204716 0.07167376577854156 0.0270249992609024
2823 0.008776365779340267 0.07247836142778397 0.007883772253990173
2824 0.008392126299440861 0.08567775040864944 0.02067830786108971
2825 0.008991497568786144 0.07436548918485641 0.02566864900290966
2826 -0.003942396957427263 0.06784695386886597 0.0188409648835659
2827 0.02092140540480614 0.07198520004749298 0.01671234704554081
2828 0.02601142972707748 0.09757693111896515 0.009900351986289024
2829 0.0266407672315836 0.07517965137958527 0.009419749490916729
2830 0.02565854974091053 0.09660710394382477 0.009746109135448933
2831 0.0262304525822401 0.09776733070611954 0.02602074295282364
2832 0.02684652991592884 0.06861935555934906 0.01878530532121658
2833 0.025853106752038 0.09576579928398132 0.02430411241948605
2834 0.02035994082689285 0.07459484040737152 0.01417386066168547
2835 0.008441386744379997 0.09758254140615463 0.02116116322577
2836 0.009783780202269554 0.09659507125616074 0.008964171633124352
2837 0.02747660130262375 0.07330659776926041 0.01074104942381382
2838 0.02010377123951912 0.07380445301532745 0.008501560427248478
2839 0.02474524267017841 0.07071922719478607 0.01452578511089087
2840 0.009802676737308502 0.08458029478788376 0.00694354111328721
2841 0.02350381948053837 0.07470732182264328 0.01352599915117025
2842 0.02015582285821438 0.07411215454339981 0.02330942824482918
2843 0.02372129447758198 0.07570250332355499 0.01232251990586519
2844 0.02197081409394741 0.07549288123846054 0.007865884341299534
2845 0.02209141664206982 0.07547879964113235 0.005391633603721857
2846 0.02114840783178806 0.07531290501356125 0.01428072806447744
2847 0.007922308519482613 0.09690354019403458 0.006698167882859707
2848 0.02613750472664833 0.07171829789876938 0.007105189375579357
2849 0.02198627591133118 0.07550476491451263 0.02527656778693199
2850 0.02642206288874149 0.07277812063694 0.01427669357508421
2851 0.02683364786207676 0.06874068081378937 0.01451073307543993
2852 0.008242081850767136 0.08904668688774109 0.007234577089548111
2853 0.02381788566708565 0.07326317578554153 0.01907793246209621
2854 0.006102902349084616 0.07101263850927353 0.02569629997014999
2855 0.02662674896419048 0.09404695779085159 0.02146082930266857
2856 0.005773678421974182 0.07243194431066513 0.01730569824576378
2857 0.02814861945807934 0.06969285011291504 0.009723300114274025
2858 0.007102292496711016 0.07170784473419189 0.01184592023491859
2859 0.007318600080907345 0.07169175893068314 0.01422079745680094
2860 0.009710298851132393 0.07243332266807556 0.02402237243950367
2861 0.00542007340118289 0.08801508694887161 0.004025000613182783
2862 0.01832955703139305 0.075013168156147 0.01790479570627213
2863 0.01094886101782322 0.0866350382566452 0.02116023376584053
2864 0.02022374235093594 0.07431136071681976 0.01022689510136843
2865 0.02645093388855457 0.06862395256757736 0.00857743714004755
2866 0.02157856151461601 0.07071921974420547 0.02238886803388596
2867 0.02023700065910816 0.07440432906150818 0.006882258225232363
2868 0.0192774124443531 0.07256352156400681 0.01869838126003742
2869 0.02768105641007423 0.09502018988132477 0.006564378272742033
2870 0.01815364323556423 0.0727868527173996 0.01911403052508831
2871 0.01953038945794106 0.07202308624982834 0.0229913555085659
2872 0.007965029217302799 0.07185305655002594 0.005446985829621553
2873 0.008127836510539055 0.07192566990852356 0.01367894932627678
2874 0.02705297991633415 0.06873778998851776 0.01684668101370335
2875 0.02837088890373707 0.0953407883644104 0.00997189711779356
2876 0.02681167796254158 0.09606346487998962 0.0240662582218647
2877 0.02533233910799026 0.07555863261222839 0.007345231249928474
2878 0.007522775791585445 0.0754668191075325 0.01172933354973793
2879 0.01088535971939564 0.08827049285173416 0.007946024648845196
2880 0.01199154369533062 0.07271923124790192 0.0105371130630374
2881 0.007007494103163481 0.09625554084777832 0.02389207482337952
2882 0.02046234905719757 0.07140417397022247 0.02244642190635204
2883 0.01081082224845886 0.08838816732168198 0.01316824648529291
2884 0.02722939662635326 0.06901922821998596 0.01305592712014914
2885 0.004614106845110655 0.07454270124435425 0.01403003092855215
2886 0.02778974547982216 0.06817872822284698 0.009939443320035934
2887 -0.00456653255969286 0.06903406977653503 0.01284100953489542
2888 0.02029581740498543 0.07442453503608704 0.01679711230099201
2889 0.0270802415907383 0.09518436342477798 0.009712809696793556
2890 0.008787723258137703 0.09694936126470566 0.02598472498357296
2891 0.005491407122462988 0.07430806010961533 0.008593304082751274
2892 0.004434130154550076 0.07324613630771637 0.01433690916746855
2893 0.02625444903969765 0.09537738561630249 0.007940193638205528
2894 0.01921813003718853 0.07312284409999847 0.02344057336449623
2895 0.01283944584429264 0.0860598236322403 0.009468618780374527
2896 0.01087198872119188 0.08828394860029221 0.005912412889301777
2897 0.02500291354954243 0.07162882387638092 0.01322702597826719
2898 0.01111240964382887 0.07380520552396774 0.01374103035777807
2899 0.02007566206157207 0.07383554428815842 0.01400549989193678
2900 0.01144991349428892 0.07167527824640274 0.006718514021486044
2901 0.01202776748687029 0.08692510426044464 0.01890492998063564
2902 0.02650810033082962 0.07372286915779114 0.009820478968322277
2903 0.02360794134438038 0.07453540712594986 0.007853290997445583
2904 0.008615871891379356 0.08458515256643295 0.0235919076949358
2905 0.0233613308519125 0.07723031938076019 0.01745596155524254
2906 0.02641670033335686 0.07271923124790192 0.0230028722435236
2907 0.02065225318074226 0.07492061704397202 0.00773972412571311
2908 0.007614258211106062 0.09602934122085571 0.0214302483946085
2909 0.007447369862347841 0.085139200091362 0.02140951715409756
2910 0.02185583673417568 0.0717165395617485 0.02570044994354248
2911 0.009365885518491268 0.07156945765018463 0.02131706848740578
2912 0.0209957268089056 0.07197213172912598 0.01146473456174135
2913 0.01073324680328369 0.09659519046545029 0.007828620262444019
2914 0.0197487473487854 0.07200559228658676 0.01462034322321415
2915 0.008354972116649151 0.07071921974420547 0.02204097993671894
2916 0.02455478720366955 0.07229971885681152 0.01814988255500793
2917 0.02702983655035496 0.06928122043609619 0.007551345974206924
2918 0.0200686901807785 0.07374094426631927 0.01678697392344475
2919 0.02423929795622826 0.07672777771949768 0.01036704704165459
2920 0.0209823977202177 0.07520750910043716 0.0257323794066906
2921 0.0200737938284874 0.07362454384565353 0.0220324695110321
2922 0.02641125395894051 0.06784685701131821 0.02216186001896858
2923 0.01208191458135843 0.08687087148427963 0.008960171602666378
2924 0.01019045989960432 0.08577653020620346 0.02369318343698978
2925 0.02774682082235813 0.06812291592359543 0.01663185283541679
2926 0.008856312371790409 0.09663999080657959 0.006175587419420481
2927 0.008439480327069759 0.08564302325248718 0.01681744121015072
2928 0.008409354835748672 0.08566524833440781 0.01929778419435024
2929 0.009754654951393604 0.07071922719478607 0.01457207463681698
2930 0.007135086227208376 0.07171599566936493 0.0255766250193119
2931 0.02291259914636612 0.07625623792409897 0.01190720684826374
2932 0.01335797365754843 0.08640532940626144 0.004980104509741068
2933 0.008180981501936913 0.08578575402498245 0.02425150014460087
2934 0.02479342184960842 0.09575958549976349 0.02432672679424286
2935 0.02488001249730587 0.09559831768274307 0.006636856589466333
2936 0.02205531485378742 0.0754944384098053 0.021830715239048
2937 0.02836282178759575 0.09409099817276001 0.02374284900724888
2938 0.009097316302359104 0.07320957630872726 0.02445262484252453
2939 0.02103085443377495 0.07526140660047531 0.02318330109119415
2940 0.02023030258715153 0.07441466301679611 0.005303516983985901
2941 0.008447606116533279 0.09009812027215958 0.008634314872324467
2942 0.008273455314338207 0.07517558336257935 0.0142922205850482
2943 -0.005446933675557375 0.0863422304391861 0.01239352580159903
2944 -0.004662591498345137 0.08735761791467667 0.01160905789583921
2945 0.02487733773887157 0.07340340316295624 0.01012717187404633
2946 0.0258620847016573 0.07360756397247314 0.01078989449888468
2947 0.007746356073766947 0.08861013501882553 0.0141493733972311
2948 0.01113094761967659 0.0735701397061348 0.01002961490303278
2949 0.02454689145088196 0.07071922719478607 0.01545269694179296
2950 0.02196360565721989 0.07071922719478607 0.01552500016987324
2951 0.02487944066524506 0.07338660210371017 0.008691051974892616
2952 0.009622596204280853 0.07514213025569916 0.02300278469920158
2953 0.0268421433866024 0.09812313318252563 0.004991676658391953
2954 0.007188207469880581 0.08535519242286682 0.0107725951820612
2955 -0.004851026460528374 0.06784674525260925 0.0211308915168047
2956 0.0254584401845932 0.09452661126852036 0.007221994455903769
2957 0.023815942928195 0.07332989573478699 0.01448260340839624
2958 0.01010865997523069 0.0718352347612381 0.01338399201631546
2959 0.02680022083222866 0.07173936069011688 0.0177489910274744
2960 0.01103956997394562 0.07271923124790192 0.01835592277348042
2961 0.006536003667861223 0.07187380641698837 0.02577135525643826
2962 0.02349106967449188 0.07469139993190765 0.01016238704323769
2963 0.02926616370677948 0.0945490226149559 0.006633007433265448
2964 0.00564527977257967 0.07256835699081421 0.01954261772334576
2965 0.007445053663104773 0.09799361228942871 0.02113228105008602
2966 0.009786833077669144 0.0965951681137085 0.02407930046319962
2967 0.006352867931127548 0.08777997642755508 0.01448133401572704
2968 0.007894391193985939 0.07183023542165756 0.02559091709554195
2969 0.02266300469636917 0.07071922719478607 0.01468142960220575
2970 0.008960804902017117 0.07438261061906815 0.008115294389426708
2971 0.02682080119848251 0.06863290071487427 0.01069276686757803
2972 0.02382773905992508 0.07378032803535461 0.009383244439959526
2973 0.02365627698600292 0.07445862144231796 0.005552320741117001
2974 0.02445464208722115 0.07519305497407913 0.01219639182090759
2975 0.02108621224761009 0.07071922719478607 0.0170606505125761
2976 0.01106103044003248 0.08726806938648224 0.007271912414580584
2977 0.02297404780983925 0.07521219551563263 0.02269868738949299
2978 0.0255538634955883 0.07509031891822815 0.01423492468893528
2979 0.02326925471425056 0.07226124405860901 0.01108720246702433
2980 0.02277116477489471 0.07071922719478607 0.01349466294050217
2981 0.007029660977423191 0.09621156752109528 0.005202651489526033
2982 0.02655361592769623 0.07422266155481339 0.007228977512568235
2983 0.01773853041231632 0.09459333866834641 0.0201249998062849
2984 0.007312819827347994 0.08713994920253754 0.01418464630842209
2985 0.009394031949341297 0.08551277220249176 0.008817125111818314
2986 0.02335904538631439 0.07610412687063217 0.006675675977021456
2987 0.01026689633727074 0.09109527617692947 0.008836797438561916
2988 0.007674616761505604 0.08624962717294693 0.01662809401750565
2989 0.007381286006420851 0.07167092710733414 0.0232590064406395
2990 0.008005714975297451 0.0967101976275444 0.00526956282556057
2991 0.006312570534646511 0.09428689628839493 0.02380000054836273
2992 0.02104193903505802 0.07134401798248291 0.01466924697160721
2993 0.006673939991742373 0.0763552263379097 0.02408508956432343
2994 0.02531742863357067 0.09459379315376282 0.02373548224568367
2995 0.01181024499237537 0.07271923124790192 0.006848984397947788
2996 0.00747278518974781 0.07549425214529037 0.01430100481957197
2997 0.008732890710234642 0.07239855080842972 0.005249151028692722
2998 0.02713835425674915 0.09531748294830322 0.0230658408254385
2999 0.02010958455502987 0.07340701669454575 0.02323188632726669
3000 0.02561388351023197 0.09603007882833481 0.005850573536008596
3001 0.02653027139604092 0.09405062347650528 0.009710367769002914
3002 0.007083264645189047 0.08950814604759216 0.004025000147521496
3003 0.02024733647704124 0.07444383203983307 0.02580570243299007
3004 0.02484922856092453 0.0734030157327652 0.01298159547150135
3005 0.01108181849122047 0.08734909445047379 0.005324108991771936
3006 0.008622657507658005 0.09733475744724274 0.02293581515550613
3007 0.007030494045466185 0.09617339819669724 0.0229541826993227
3008 0.0258121732622385 0.0716896578669548 0.01210386212915182
3009 0.02451939880847931 0.07262527942657471 0.009489277377724648
3010 0.02653433196246624 0.09623879939317703 0.02443726919591427
3011 0.006952195893973112 0.08422178030014038 0.01235717255622149
3012 0.02211165986955166 0.07169915735721588 0.009132670238614082
3013 0.02733059041202068 0.06785547733306885 0.01868773251771927
3014 0.02189435064792633 0.07169369608163834 0.01235581003129482
3015 0.01192945241928101 0.08690997958183289 0.006264858413487673
3016 0.005858081858605146 0.07486287504434586 0.01418899465352297
3017 0.02685060352087021 0.09525123983621597 0.02487758733332157
3018 0.0238197036087513 0.0731988325715065 0.02142990194261074
3019 0.02489885501563549 0.07330417633056641 0.01777165196835995
3020 0.008736763149499893 0.07470782101154327 0.02317557297646999
3021 0.01290998514741659 0.06784423440694809 0.007795176934450865
3022 0.008172730915248394 0.09786354005336761 0.02479884028434753
3023 0.02647201158106327 0.07332658767700195 0.0162300243973732
3024 0.008980857208371162 0.09593971073627472 0.02476491406559944
3025 0.006150741130113602 0.09663335978984833 0.009882709011435509
3026 0.01883293688297272 0.06784422695636749 0.007807416375726461
3027 0.01305120438337326 0.0876346156001091 0.007232896983623505
3028 0.004927114117890596 0.06784422695636749 0.02324258908629417
3029 0.009313276037573814 0.06784422695636749 0.02324258722364902
3030 0.008204372599720955 0.09527283906936646 0.02557864412665367
3031 0.02438351698219776 0.09542523324489594 0.005254972726106644
3032 0.01496890094131231 0.06784422695636749 0.02324258536100388
3033 0.02632120996713638 0.06784860789775848 0.01803183741867542
3034 0.005342344287782907 0.07341147214174271 0.02590381726622581
3035 0.02462256886065006 0.09565000981092453 0.008079169318079948
3036 0.0280627403408289 0.06875228881835938 0.01438796240836382
3037 0.02806428819894791 0.06876832246780396 0.0119899632409215
3038 0.01902097277343273 0.07071921974420547 0.02328583784401417
3039 0.006001294124871492 0.09630756080150604 0.0270249992609024
3040 0.02111411280930042 0.07528409361839294 0.00761148426681757
3041 0.0234837532043457 0.07473792880773544 0.0166989378631115
3042 0.02746603824198246 0.06933387368917465 0.01773411780595779
3043 0.01295548398047686 0.08835431933403015 0.007177140563726425
3044 -0.004651519469916821 0.06863861531019211 0.01882443204522133
3045 0.006137123331427574 0.07513561844825745 0.006341803818941116
3046 0.007011984940618277 0.09884374588727951 0.009759331122040749
3047 0.02616952545940876 0.0978231355547905 0.008058481849730015
3048 0.02542565576732159 0.09580447524785995 0.02289280854165554
3049 0.02277616411447525 0.07071922719478607 0.01797563210129738
3050 0.02107281982898712 0.07525881379842758 0.005193141754716635
3051 0.02556139603257179 0.09676919877529144 0.008315404877066612
3052 0.02741905860602856 0.09626433998346329 0.02134656719863415
3053 0.005527319852262735 0.07443466037511826 0.00667594512924552
3054 0.02641670033335686 0.07271923124790192 0.0115820812061429
3055 -0.0002779062197078019 0.09347259253263474 0.02018049173057079
3056 0.00678355386480689 0.07178375869989395 0.02353613823652267
3057 0.006004937924444675 0.07218275964260101 0.02590001933276653
3058 0.009125557728111744 0.08326668292284012 0.02602912485599518
3059 0.0220075324177742 0.07546696811914444 0.01663432642817497
3060 0.007508088368922472 0.08652628213167191 0.005174888763576746
3061 0.02651425451040268 0.09693577140569687 0.007578054908663034
3062 0.01103526074439287 0.07271923124790192 0.01437308080494404
3063 0.02666217274963856 0.09711671620607376 0.005172666162252426
3064 0.006626370828598738 0.09530150145292282 0.0247068740427494
3065 0.01059835869818926 0.07071922719478607 0.01557644922286272
3066 0.008178909309208393 0.08577650040388107 0.005090452264994383
3067 0.009096425957977772 0.08928678929805756 0.005140854977071285
3068 0.01338748075067997 0.08781878650188446 0.004969277419149876
3069 0.02469568885862827 0.0743425190448761 0.008242744952440262
3070 0.00735571002587676 0.07071921974420547 0.007707028184086084
3071 0.01941944286227226 0.07071921974420547 0.007707024458795786
3072 0.004204307217150927 0.07071921974420547 0.007761728949844837
3073 0.01125354878604412 0.07071921974420547 0.00770702725276351
3074 0.004628411959856749 0.07241766154766083 0.005734639707952738
3075 0.007709087803959846 0.08621606230735779 0.0144806606695056
3076 0.0229916013777256 0.07518483698368073 0.01201956253498793
3077 0.006998749915510416 0.09625060111284256 0.009881030768156052
3078 0.02312682382762432 0.0721062496304512 0.005829871166497469
3079 0.02648540213704109 0.09646814316511154 0.009703575633466244
3080 0.008380851708352566 0.08465901017189026 0.01068649627268314
3081 0.02382782474160194 0.07385642826557159 0.01955284550786018
3082 0.0238832850009203 0.07200100272893906 0.01478845998644829
3083 0.02835020236670971 0.09636533260345459 0.01002526935189962
3084 0.02379015646874905 0.0731332078576088 0.00921958964318037
3085 0.02304481156170368 0.07513003796339035 0.01446355506777763
3086 0.02866065502166748 0.09527606517076492 0.005969033110886812
3087 0.02703924477100372 0.06898447126150131 0.01176590565592051
3088 0.02365261502563953 0.07278387993574142 0.007926987484097481
3089 0.0262261088937521 0.09778962284326553 0.02444200590252876
3090 0.02385255135595798 0.07348813116550446 0.006897248793393373
3091 0.02575233951210976 0.09688578546047211 0.004954676609486341
3092 0.0208627637475729 0.07203952968120575 0.0226749312132597
3093 0.006384117994457483 0.07527881115674973 0.01417689211666584
3094 0.0110309524461627 0.07271923124790192 0.01322116144001484
3095 0.0143748763948679 0.07271923124790192 0.01347428373992443
3096 0.02026531845331192 0.07277849316596985 0.01669617928564548
3097 0.02381370402872562 0.07330985367298126 0.01661286875605583
3098 0.005507100373506546 0.0744093656539917 0.005132159683853388
3099 0.0247073769569397 0.07440688461065292 0.006345601286739111
3100 0.007395138032734394 0.09524338692426682 0.008651177398860455
3101 0.02638101577758789 0.06784702837467194 0.02050831168889999
3102 0.02023209258913994 0.07281982153654099 0.02090304158627987
3103 0.02137802541255951 0.07071922719478607 0.01463371980935335
3104 0.02667297795414925 0.09606953710317612 0.009520029649138451
3105 0.008732376620173454 0.09713505208492279 0.02490650862455368
3106 0.007712076418101788 0.09605617821216583 0.006715515628457069
3107 0.02298521623015404 0.07200589776039124 0.01942136138677597
3108 0.006206064485013485 0.07199176400899887 0.02353381365537643
3109 0.008892028592526913 0.07146145403385162 0.02250879071652889
3110 0.02624558284878731 0.09543643146753311 0.006390433292835951
3111 0.01011467166244984 0.08905018121004105 0.007177482824772596
3112 0.02781705185770988 0.06822066009044647 0.01221509743481874
3113 0.02382540889084339 0.07157093286514282 0.01833225227892399
3114 0.02046283334493637 0.07247015833854675 0.01866377517580986
3115 0.02231151796877384 0.07174396514892578 0.00509857339784503
3116 0.02457096427679062 0.07375262677669525 0.02159013040363789
3117 0.0238223560154438 0.07378391921520233 0.02173488028347492
3118 0.02115378156304359 0.07189265638589859 0.00941033661365509
3119 0.008741375990211964 0.09709078818559647 0.01004899013787508
3120 0.0246149618178606 0.07457542419433594 0.01552500016987324
3121 0.02457443624734879 0.07432027906179428 0.01316676568239927
3122 0.02718100324273109 0.06785645335912704 0.01447591837495565
3123 0.02367647178471088 0.07288734614849091 0.02358984015882015
3124 0.02925070933997631 0.09620684385299683 0.02598997950553894
3125 0.0102471737191081 0.0857999324798584 0.02587474137544632
3126 0.007321742828935385 0.0875021293759346 0.005000704433768988
3127 0.02563275024294853 0.09686385840177536 0.02450730465352535
3128 0.006911961361765862 0.09690584987401962 0.02388443797826767
3129 0.02015657909214497 0.07303505390882492 0.01433942466974258
3130 0.02017162926495075 0.07296935468912125 0.0186097789555788
3131 0.005581478122621775 0.07450415194034576 0.02594768442213535
3132 0.01308148261159658 0.0869823694229126 0.007055754773318768
3133 0.02561089396476746 0.09690319746732712 0.02262008748948574
3134 0.007962987758219242 0.09641821682453156 0.008206740021705627
3135 0.02385225333273411 0.07381287217140198 0.01450835261493921
3136 0.02355386316776276 0.07462574541568756 0.01450325176119804
3137 0.02646860666573048 0.09684842824935913 0.009924468584358692
3138 0.02734098210930824 0.09616018831729889 0.007851789705455303
3139 0.02721447870135307 0.09883005917072296 0.004803859163075686
3140 0.02357031963765621 0.07265567034482956 0.02207453921437263
3141 0.02640982531011105 0.09662788361310959 0.008115087635815144
3142 0.02673837170004845 0.09605520218610764 0.007886914536356926
3143 -0.004919944796711206 0.06870908290147781 0.01476265210658312
3144 0.007757952902466059 0.09711536020040512 0.009919377975165844
3145 0.007686348166316748 0.09713168442249298 0.008009034208953381
3146 0.01030564680695534 0.08583676069974899 0.01009985245764256
3147 0.02199530228972435 0.07168854027986526 0.01775151863694191
3148 -0.004092389717698097 0.06880511343479156 0.01805257424712181
3149 0.00761586194857955 0.09605549275875092 0.02609258890151978
3150 0.02613349445164204 0.09786289930343628 0.006509707774966955
3151 0.008264057338237762 0.07198094576597214 0.01457093935459852
3152 0.02801134437322617 0.09862138330936432 0.00682008033618331
3153 0.02788484655320644 0.09869428724050522 0.005100037436932325
3154 0.02359511889517307 0.07454796135425568 0.01242928765714169
3155 0.01034628972411156 0.08889487385749817 0.02433627285063267
3156 0.008183847181499004 0.08903706073760986 0.004958138801157475
3157 0.02503238432109356 0.09783580154180527 0.005458046682178974
3158 0.02495010569691658 0.09764865785837173 0.006803707685321569
3159 0.005381284281611443 0.07331696897745132 0.0123424306511879
3160 0.005348335485905409 0.07349521666765213 0.02465914376080036
3161 0.005423066671937704 0.07310307770967484 0.02135374397039413
3162 0.02006834931671619 0.07334127277135849 0.005347453989088535
3163 0.008443792350590229 0.07504238933324814 0.02228506468236446
3164 0.005565345752984285 0.07275525480508804 0.02433718740940094
3165 0.02099652402102947 0.07524354755878448 0.006429923698306084
3166 0.02228328213095665 0.07173014432191849 0.02173208817839622
3167 0.02186892740428448 0.07169604301452637 0.02066300436854362
3168 0.02018996886909008 0.0729222297668457 0.01954212225973606
3169 0.009385739453136921 0.0978042408823967 0.009621279314160347
3170 0.01017813384532928 0.08902760595083237 0.005368689075112343
3171 0.01025517378002405 0.08580490201711655 0.007584127131849527
3172 -0.00469386437907815 0.08732913434505463 0.0186252873390913
3173 0.02575957030057907 0.07271923124790192 0.0129524627700448
3174 0.008822104893624783 0.07464610785245895 0.01139270234853029
3175 0.007994310930371284 0.07185798138380051 0.007260132115334272
3176 0.02284371852874756 0.07193116843700409 0.01124250423163176
3177 0.02312573976814747 0.07210689038038254 0.007496289908885956
3178 0.009004279971122742 0.07296407222747803 0.01113688200712204
3179 0.02923846617341042 0.09617330133914948 0.02252187021076679
3180 -0.006973369512706995 0.07361028343439102 0.02375641092658043
3181 0.02667110785841942 0.0960690975189209 0.0256002526730299
3182 0.007408446166664362 0.07547783851623535 0.02374064177274704
3183 0.007849856279790401 0.07535915821790695 0.02184400521218777
3184 0.02378137037158012 0.07308585941791534 0.02032569237053394
3185 0.02380276657640934 0.07317378371953964 0.01766426302492619
3186 0.00591818243265152 0.07071922719478607 0.01552500016987324
3187 0.0206290353089571 0.07492408156394958 0.01091107167303562
3188 0.008005714043974876 0.09649304300546646 0.009399187751114368
3189 0.007739388849586248 0.09606760740280151 0.005605853162705898
3190 0.01867988705635071 0.09459368139505386 0.010924999602139
3191 0.02026280201971531 0.07274892926216125 0.02411144971847534
3192 0.01086446084082127 0.08650538325309753 0.006454016547650099
3193 0.01096709351986647 0.08666728436946869 0.01199213415384293
3194 0.02576662972569466 0.07276742160320282 0.00927574560046196
3195 0.02586236223578453 0.07367520034313202 0.01229445822536945
3196 -0.0080753518268466 0.0856536328792572 0.01175087038427591
3197 0.02702655456960201 0.07954850792884827 0.006025000009685755
3198 0.02655579149723053 0.07424655556678772 0.00841871090233326
3199 0.02766967378556728 0.08647772669792175 0.006025000009685755
3200 0.01284644659608603 0.09659504145383835 0.0270249992609024
3201 0.0193371195346117 0.09659459441900253 0.0270249992609024
3202 0.02739214338362217 0.0961804986000061 0.006932219490408897
3203 0.009218794293701649 0.08548455685377121 0.006014769896864891
3204 0.008741030469536781 0.08558417111635208 0.008933807723224163
3205 0.009380362927913666 0.08551411330699921 0.007724009454250336
3206 0.00732005899772048 0.08710461109876633 0.01721950247883797
3207 0.007575643248856068 0.08640384674072266 0.02141224779188633
3208 0.008283037692308426 0.08907033503055573 0.0224644485861063
3209 0.001991422614082694 0.07071921974420547 0.02334297448396683
3210 0.01074808184057474 0.08847074955701828 0.02021721750497818
3211 0.007311686407774687 0.08749014884233475 0.02477897703647614
3212 0.007317458745092154 0.087211973965168 0.02237625047564507
3213 0.02006379701197147 0.07361941039562225 0.02561414428055286
3214 0.02006354555487633 0.07364373654127121 0.02425112575292587
3215 0.007445796858519316 0.08818225562572479 0.02235224284231663
3216 0.005680226720869541 0.0725317969918251 0.005384009797126055
3217 0.007298832759261131 0.087356336414814 0.006181570235639811
3218 0.02008409053087234 0.07375213503837585 0.01066372729837894
3219 0.009842552244663239 0.09659519791603088 0.02522161044180393
3220 0.009344387799501419 0.0978742316365242 0.02200109139084816
3221 0.009435629472136497 0.08550213277339935 0.01755388639867306
3222 0.009298168122768402 0.08548567444086075 0.02236680686473846
3223 0.01092072669416666 0.08822132647037506 0.02559654414653778
3224 0.008984346874058247 0.07436100393533707 0.02431230805814266
3225 0.02332763746380806 0.07484816759824753 0.006655722390860319
3226 0.02358491159975529 0.07459316402673721 0.01127457246184349
3227 0.009248047135770321 0.08930613100528717 0.006240679882466793
3228 0.01030489429831505 0.08892662823200226 0.008259262889623642
3229 0.01084689982235432 0.08648268133401871 0.02481477707624435
3230 0.01109308749437332 0.08749070018529892 0.0220063105225563
3231 0.007353006862103939 0.09079110622406006 0.01132982689887285
3232 0.008272684179246426 0.09116304665803909 0.01336437091231346
3233 0.02575957030057907 0.07271923124790192 0.02293567545711994
3234 0.02575957030057907 0.07271923124790192 0.01759987697005272
3235 0.01916349306702614 0.09659528732299805 0.0201249998062849
3236 0.008141590282320976 0.07197140157222748 0.02448897063732147
3237 0.02353696897625923 0.07255859673023224 0.01902236789464951
3238 0.009765892289578915 0.09666655957698822 0.007311089430004358
3239 0.00564527977257967 0.07256835699081421 0.01253680512309074
3240 0.005651920102536678 0.07256141304969788 0.007346150930970907
3241 0.009420002810657024 0.08929368853569031 0.01373452041298151
3242 0.009287993423640728 0.08930324018001556 0.007981535978615284
3243 0.02365843579173088 0.07281509786844254 0.006017639767378569
3244 0.0234215185046196 0.07242228835821152 0.01258355658501387
3245 0.008510274812579155 0.08563721925020218 0.01151284668594599
3246 0.01375120598822832 0.09659560769796371 0.004025000147521496
3247 0.02641670033335686 0.07271923124790192 0.01028598472476006
3248 0.008141830563545227 0.07193257659673691 0.01696184277534485
3249 0.008724495768547058 0.07243131846189499 0.0183889102190733
3250 0.008646567352116108 0.07235344499349594 0.01298711821436882
3251 0.0088152214884758 0.07255515456199646 0.009304487146437168
3252 0.00867877434939146 0.07234837114810944 0.006350066978484392
3253 0.02263269014656544 0.07183464616537094 0.02475367486476898
3254 0.02313156425952911 0.07210817188024521 0.02110829204320908
3255 0.02327497117221355 0.07221801578998566 0.02396505698561668
3256 0.02385659329593182 0.07346615940332413 0.008012987673282623
3257 0.02379123121500015 0.07310193032026291 0.01329635176807642
3258 0.023848507553339 0.07351011037826538 0.005781509447842836
3259 0.02383432909846306 0.07378735393285751 0.0107149425894022
3260 0.0238378643989563 0.07386957108974457 0.01352224126458168
3261 0.02776596881449223 0.06814222037792206 0.01121472101658583
3262 0.02253938093781471 0.07181370258331299 0.02050784043967724
3263 0.02778352424502373 0.06816917657852173 0.005559132434427738
$EndNodes
$Elements
11470
1 4 2 0 1 1099 1940 1302 1086
2 4 2 0 1 3239 880 1351 1133
3 4 2 0 1 21 1339 1711 17
4 4 2 0 1 12 1138 2609 29
5 4 2 0 1 840 2417 2791 1246
6 4 2 0 1 1045 413 2006 2022
7 4 2 0 1 1346 1157 502 1400
8 4 2 0 1 1062 858 1836 2360
9 4 2 0 1 646 1159 666 972
10 4 2 0 1 1059 2779 2091 1698
11 4 2 0 1 1078 234 655 180
12 4 2 0 1 2439 239 230 2067
13 4 2 0 1 1043 681 872 1133
14 4 2 0 1 2238 2195 2646 2713
15 4 2 0 1 1834 310 2899 2834
16 4 2 0 1 2339 1960 298 1478
17 4 2 0 1 1396 2700 1862 673
18 4 2 0 1 1341 492 1278 44
19 4 2 0 1 1502 1324 524 2292
20 4 2 0 1 2465 3176 1394 3244
21 4 2 0 1 280 1195 274 2800
22 4 2 0 1 2469 1453 94 1254
23 4 2 0 1 2529 2157 1431 1130
24 4 2 0 1 2981 3189 842 115
25 4 2 0 1 519 1465 2712 1165
26 4 2 0 1 1204 3155 289 2614
27 4 2 0 1 2293 2859 2873 2233
28 4 2 0 1 782 16 8 20
29 4 2 0 1 224 238 2835 177
30 4 2 0 1 740 2280 2758 2564
31 4 2 0 1 1173 1832 997 2582
32 4 2 0 1 2863 3230 818 816
33 4 2 0 1 2992 2544 1883 2160
34 4 2 0 1 800 2696 786 639
35 4 2 0 1 1476 501 981 998
36 4 2 0 1 204 2238 188 227
37 4 2 0 1 2308 2557 2528 3194
38 4 2 0 1 3007 2881 1813 2071
39 4 2 0 1 2754 2723 853 2501
40 4 2 0 1 1808 1182 1069 1592
41 4 2 0 1 2305 3085 2517 2415
42 4 2 0 1 966 1769 696 1407
43 4 2 0 1 24 1938 10 9
44 4 2 0 1 2608 1263 2289 1921
45 4 2 0 1 2694 2741 2765 688
46 4 2 0 1 2424 3147 1696 3049
47 4 2 0 1 1759 2193 2075 2414
48 4 2 0 1 2430 1679 2659 2330
49 4 2 0 1 1941 594 1561 945
50 4 2 0 1 1795 2584 2616 527
51 4 2 0 1 3176 2150 2759 1992
52 4 2 0 1 846 1944 1920 2604
53 4 2 0 1 1856 494 2602 3068
54 4 2 0 1 3239 1133 872 2385
55 4 2 0 1 636 2195 2713 1900
56 4 2 0 1 2395 2570 1759 1898
57 4 2 0 1 403 608 1959 392
58 4 2 0 1 1198 1883 996 2914
59 4 2 0 1 2730 935 3150 3158
60 4 2 0 1 912 1209 824 1929
61 4 2 0 1 499 1893 1448 304
62 4 2 0 1 799 758 2307 2281
63 4 2 0 1 1 850 9 17
64 4 2 0 1 1241 2783 540 2105
65 4 2 0 1 475 86 2423 78
66 4 2 0 1 2833 3048 3127 879
67 4 2 0 1 2792 2490 2409 2549
68 4 2 0 1 2209 1446 2236 2175
69 4 2 0 1 331 344 530 1347
70 4 2 0 1 1176 2697 2482 1665
71 4 2 0 1 3069 1387 2664 2903
72 4 2 0 1 1921 1251 2089 2040
73 4 2 0 1 1083 824 785 939
74 4 2 0 1 2330 862 2024 3161
75 4 2 0 1 948 856 636 742
76 4 2 0 1 949 617 948 2538
77 4 2 0 1 1566 3220 3006 1590
78 4 2 0 1 1054 1155 2007 1814
79 4 2 0 1 2725 3124 455 1609
80 4 2 0 1 3153 2296 1627 1213
81 4 2 0 1 1597 2966 1271 2107
82 4 2 0 1 1139 2512 64 1688
83 4 2 0 1 2972 3256 2014 3069
84 4 2 0 1 3038 1208 2882 2122
85 4 2 0 1 2397 1018 2569 2332
86 4 2 0 1 2172 544 1450 1283
87 4 2 0 1 2464 1587 2144 2302
88 4 2 0 1 258 2571 1093 245
89 4 2 0 1 1770 3149 2552 157
90 4 2 0 1 1455 1849 693 724
91 4 2 0 1 2986 1387 2204 761
92 4 2 0 1 2441 65 2542 58
93 4 2 0 1 2042 3189 2562 210
94 4 2 0 1 1201 3047 553 1620
95 4 2 0 1 2570 1900 2395 2193
96 4 2 0 1 33 15 10 1030
97 4 2 0 1 2374 2531 2176 1741
98 4 2 0 1 2952 1687 2475 841
99 4 2 0 1 2392 1836 3215 1062
100 4 2 0 1 557 1141 5 1340
101 4 2 0 1 3212 1836 815 2033
102 4 2 0 1 180 2723 1875 127
103 4 2 0 1 1748 795 845 2409
104 4 2 0 1 33 15 1030 48
105 4 2 0 1 2767 2852 3227 3242
106 4 2 0 1 457 429 449 2725
107 4 2 0 1 1292 505 2288 506
108 4 2 0 1 764 2559 1280 1367
109 4 2 0 1 798 802 642 1162
110 4 2 0 1 2723 2754 853 2325
111 4 2 0 1 329 2969 2160 342
112 4 2 0 1 1327 702 950 1571
113 4 2 0 1 2869 1104 3086 1756
114 4 2 0 1 624 1117 469 501
115 4 2 0 1 3218 2864 835 807
116 4 2 0 1 690 1265 2268 877
117 4 2 0 1 85 152 106 505
118 4 2 0 1 232 645 261 1399
119 4 2 0 1 295 302 2689 3213
120 4 2 0 1 728 247 262 1664
121 4 2 0 1 1442 2784 2575 1037
122 4 2 0 1 639 3094 786 2898
123 4 2 0 1 3238 2130 1600 2042
124 4 2 0 1 240 230 2253 2439
125 4 2 0 1 2921 2411 1990 867
126 4 2 0 1 3228 2879 2304 2494
127 4 2 0 1 3155 276 2381 283
128 4 2 0 1 1442 2505 2067 2253
129 4 2 0 1 3135 2060 3260 2472
130 4 2 0 1 1219 598 1278 1341
131 4 2 0 1 871 2448 585 2062
132 4 2 0 1 2245 2785 792 3074
133 4 2 0 1 2358 2166 1715 2447
134 4 2 0 1 3179 451 1999 2246
135 4 2 0 1 152 143 505 85
136 4 2 0 1 2329 806 855 2075
137 4 2 0 1 1261 3231 1994 707
138 4 2 0 1 2649 506 2288 2229
139 4 2 0 1 76 85 143 3211
140 4 2 0 1 1460 883 657 3201
141 4 2 0 1 705 3169 2692 1775
142 4 2 0 1 283 511 2203 289
143 4 2 0 1 2425 2690 3034 3160
144 4 2 0 1 1954 1269 1802 617
145 4 2 0 1 2274 2537 2339 1612
146 4 2 0 1 543 1664 728 262
147 4 2 0 1 265 1787 2224 271
148 4 2 0 1 545 2546 1356 614
149 4 2 0 1 622 486 1325 2717
150 4 2 0 1 1987 1910 2927 1965
151 4 2 0 1 1697 2863 2056 3230
152 4 2 0 1 2198 2909 2043 843
153 4 2 0 1 2273 639 3178 2554
154 4 2 0 1 531 507 1326 1288
155 4 2 0 1 2149 416 2937 1653
156 4 2 0 1 2543 495 1448 2244
157 4 2 0 1 1036 471 522 1125
158 4 2 0 1 1550 2478 612 522
159 4 2 0 1 416 1873 1653 2149
160 4 2 0 1 861 481 1340 483
161 4 2 0 1 1340 3180 481 861
162 4 2 0 1 861 3180 45 1340
163 4 2 0 1 1453 78 94 1254
164 4 2 0 1 55 1287 2173 1777
165 4 2 0 1 1045 413 2022 398
166 4 2 0 1 619 563 2663 496
167 4 2 0 1 496 563 336 619
168 4 2 0 1 563 1055 499 847
169 4 2 0 1 1873 2998 1927 2876
170 4 2 0 1 563 619 847 336
171 4 2 0 1 78 1524 86 1571
172 4 2 0 1 500 847 767 583
173 4 2 0 1 847 2065 767 583
174 4 2 0 1 690 1739 877 615
175 4 2 0 1 480 1117 1223 1116
176 4 2 0 1 3001 2185 1798 2168
177 4 2 0 1 480 875 1223 2763
178 4 2 0 1 497 3199 1435 710
179 4 2 0 1 2017 559 975 2874
180 4 2 0 1 1278 481 483 1238
181 4 2 0 1 1161 559 2017 808
182 4 2 0 1 461 2675 1628 467
183 4 2 0 1 484 482 635 1494
184 4 2 0 1 975 559 1226 2874
185 4 2 0 1 44 1341 478 605
186 4 2 0 1 1290 482 542 484
187 4 2 0 1 2813 559 1226 1063
188 4 2 0 1 86 1571 702 78
189 4 2 0 1 44 1341 492 478
190 4 2 0 1 566 583 1242 493
191 4 2 0 1 619 790 677 2663
192 4 2 0 1 2663 626 677 619
193 4 2 0 1 584 732 549 723
194 4 2 0 1 43 485 1276 574
195 4 2 0 1 584 732 723 1021
196 4 2 0 1 585 485 43 633
197 4 2 0 1 118 1473 2469 572
198 4 2 0 1 2345 590 1254 631
199 4 2 0 1 1995 1118 569 1396
200 4 2 0 1 1995 569 2793 1396
201 4 2 0 1 118 2469 94 572
202 4 2 0 1 575 829 881 891
203 4 2 0 1 1967 829 881 575
204 4 2 0 1 575 881 978 891
205 4 2 0 1 1152 881 978 575
206 4 2 0 1 2081 935 3158 889
207 4 2 0 1 1320 2097 2546 2917
208 4 2 0 1 606 1973 2546 2068
209 4 2 0 1 2531 1657 1140 1741
210 4 2 0 1 606 2917 2546 1973
211 4 2 0 1 502 3235 1747 629
212 4 2 0 1 604 2119 1763 1027
213 4 2 0 1 1371 587 1602 1361
214 4 2 0 1 1602 3032 1361 587
215 4 2 0 1 577 1478 1943 615
216 4 2 0 1 960 1190 1943 577
217 4 2 0 1 1329 587 1602 3029
218 4 2 0 1 118 1752 586 172
219 4 2 0 1 118 586 1570 172
220 4 2 0 1 118 1752 1473 586
221 4 2 0 1 784 658 1440 3072
222 4 2 0 1 500 710 578 711
223 4 2 0 1 327 1275 2010 2775
224 4 2 0 1 2617 2650 1363 588
225 4 2 0 1 118 572 94 590
226 4 2 0 1 21 850 6 1
227 4 2 0 1 590 118 572 586
228 4 2 0 1 118 1473 572 586
229 4 2 0 1 635 492 1494 482
230 4 2 0 1 3185 3237 1785 2916
231 4 2 0 1 118 590 1570 586
232 4 2 0 1 2722 118 94 590
233 4 2 0 1 118 590 2722 1570
234 4 2 0 1 1779 1742 2317 2138
235 4 2 0 1 1742 1571 2317 2138
236 4 2 0 1 563 336 847 499
237 4 2 0 1 515 1483 1544 1381
238 4 2 0 1 515 565 1544 1483
239 4 2 0 1 710 578 497 790
240 4 2 0 1 764 1109 2851 2017
241 4 2 0 1 918 1732 607 2963
242 4 2 0 1 484 482 871 635
243 4 2 0 1 1573 1229 2634 3185
244 4 2 0 1 1358 920 2661 1564
245 4 2 0 1 1287 41 1115 55
246 4 2 0 1 1276 574 512 43
247 4 2 0 1 513 3199 430 458
248 4 2 0 1 55 1115 1287 1777
249 4 2 0 1 1027 3032 1602 604
250 4 2 0 1 627 1324 1071 476
251 4 2 0 1 1032 932 1235 393
252 4 2 0 1 1159 2724 1606 439
253 4 2 0 1 3173 2850 2787 1783
254 4 2 0 1 1324 524 476 627
255 4 2 0 1 944 560 1584 487
256 4 2 0 1 564 1584 507 560
257 4 2 0 1 1745 675 1287 1401
258 4 2 0 1 616 1260 2362 1705
259 4 2 0 1 1678 610 681 623
260 4 2 0 1 2155 1159 423 439
261 4 2 0 1 1449 681 610 623
262 4 2 0 1 2724 2167 403 1606
263 4 2 0 1 86 475 2423 1395
264 4 2 0 1 620 2521 105 1395
265 4 2 0 1 3060 2521 620 1001
266 4 2 0 1 620 954 3060 1001
267 4 2 0 1 1797 3200 1404 1530
268 4 2 0 1 105 1395 974 86
269 4 2 0 1 2788 3056 527 3108
270 4 2 0 1 2141 1509 1338 2071
271 4 2 0 1 86 1395 974 475
272 4 2 0 1 2166 2712 322 1465
273 4 2 0 1 1218 2319 2291 3123
274 4 2 0 1 660 1258 867 630
275 4 2 0 1 309 515 306 528
276 4 2 0 1 2220 2782 3248 136
277 4 2 0 1 1180 3072 2275 1004
278 4 2 0 1 1004 784 1180 3072
279 4 2 0 1 358 827 2250 374
280 4 2 0 1 727 3072 784 1004
281 4 2 0 1 1124 1099 1684 663
282 4 2 0 1 1684 663 602 1124
283 4 2 0 1 1358 1608 1749 1112
284 4 2 0 1 2423 86 2507 78
285 4 2 0 1 2861 2423 2507 78
286 4 2 0 1 1052 1010 959 537
287 4 2 0 1 1750 1147 1647 658
288 4 2 0 1 1235 932 372 393
289 4 2 0 1 1995 1091 3073 1146
290 4 2 0 1 1320 606 2546 2068
291 4 2 0 1 556 1862 1118 1995
292 4 2 0 1 3186 102 894 2220
293 4 2 0 1 1320 2917 2546 606
294 4 2 0 1 1458 697 1078 517
295 4 2 0 1 1458 884 1078 697
296 4 2 0 1 2163 884 1458 697
297 4 2 0 1 606 3263 2068 1092
298 4 2 0 1 1777 3143 2506 2887
299 4 2 0 1 1511 697 1922 1443
300 4 2 0 1 697 2163 884 1511
301 4 2 0 1 1341 1777 2506 605
302 4 2 0 1 605 1777 2506 2887
303 4 2 0 1 2340 1739 990 716
304 4 2 0 1 716 1739 990 3095
305 4 2 0 1 582 556 960 1118
306 4 2 0 1 2685 297 2862 303
307 4 2 0 1 556 1862 960 1118
308 4 2 0 1 1019 555 1072 1071
309 4 2 0 1 1604 279 288 751
310 4 2 0 1 377 2155 972 423
311 4 2 0 1 676 1311 495 679
312 4 2 0 1 2458 3198 2142 649
313 4 2 0 1 650 497 940 498
314 4 2 0 1 650 497 710 940
315 4 2 0 1 1151 498 650 940
316 4 2 0 1 698 1311 676 679
317 4 2 0 1 477 3095 652 1739
318 4 2 0 1 2938 3224 2794 2224
319 4 2 0 1 955 488 2478 2106
320 4 2 0 1 971 2751 552 885
321 4 2 0 1 654 2959 1625 2456
322 4 2 0 1 1078 517 655 1142
323 4 2 0 1 697 655 1078 517
324 4 2 0 1 1687 2693 841 805
325 4 2 0 1 2222 654 656 2456
326 4 2 0 1 2617 656 1280 2456
327 4 2 0 1 86 2423 620 1395
328 4 2 0 1 1288 472 521 531
329 4 2 0 1 692 581 1039 706
330 4 2 0 1 692 1134 460 1039
331 4 2 0 1 432 692 460 1197
332 4 2 0 1 138 510 2513 195
333 4 2 0 1 562 3055 712 625
334 4 2 0 1 1750 1647 1389 658
335 4 2 0 1 966 1378 658 727
336 4 2 0 1 1486 3217 702 1504
337 4 2 0 1 1769 658 966 1378
338 4 2 0 1 1389 1647 2515 658
339 4 2 0 1 1750 658 727 1147
340 4 2 0 1 69 704 65 1557
341 4 2 0 1 101 508 72 1522
342 4 2 0 1 2304 2879 2632 664
343 4 2 0 1 971 561 2751 885
344 4 2 0 1 299 669 1520 2340
345 4 2 0 1 1678 62 1302 1513
346 4 2 0 1 62 1086 1302 1940
347 4 2 0 1 1513 62 1302 1940
348 4 2 0 1 631 590 572 586
349 4 2 0 1 572 1473 631 586
350 4 2 0 1 586 1473 631 2852
351 4 2 0 1 631 572 1254 1473
352 4 2 0 1 631 1473 1254 1854
353 4 2 0 1 1473 1854 631 2852
354 4 2 0 1 689 2683 1847 3028
355 4 2 0 1 2944 1306 50 2444
356 4 2 0 1 34 1326 14 943
357 4 2 0 1 47 1326 14 34
358 4 2 0 1 69 704 72 487
359 4 2 0 1 1557 704 508 72
360 4 2 0 1 2667 1320 606 2917
361 4 2 0 1 606 667 2667 2917
362 4 2 0 1 1078 570 684 517
363 4 2 0 1 1078 684 208 2205
364 4 2 0 1 2190 915 685 1723
365 4 2 0 1 1089 1339 961 536
366 4 2 0 1 961 536 730 1089
367 4 2 0 1 67 1734 2162 734
368 4 2 0 1 1178 596 529 671
369 4 2 0 1 24 1179 10 33
370 4 2 0 1 500 583 767 566
371 4 2 0 1 500 767 711 566
372 4 2 0 1 1021 550 1309 551
373 4 2 0 1 1089 536 730 1307
374 4 2 0 1 657 1207 2394 682
375 4 2 0 1 1178 671 529 541
376 4 2 0 1 54 1662 51 2069
377 4 2 0 1 657 959 682 1460
378 4 2 0 1 568 1398 1003 661
379 4 2 0 1 1550 717 115 488
380 4 2 0 1 488 717 1433 1550
381 4 2 0 1 1110 481 1267 541
382 4 2 0 1 3162 1216 1850 298
383 4 2 0 1 6 1264 21 542
384 4 2 0 1 2336 3159 2892 2446
385 4 2 0 1 2268 690 877 1822
386 4 2 0 1 2912 2268 1822 690
387 4 2 0 1 2851 2017 1268 764
388 4 2 0 1 2851 764 1268 3036
389 4 2 0 1 1435 694 1205 1186
390 4 2 0 1 2054 694 1186 2565
391 4 2 0 1 930 607 694 918
392 4 2 0 1 43 549 1301 600
393 4 2 0 1 1777 1341 30 651
394 4 2 0 1 963 651 1007 2641
395 4 2 0 1 1745 963 1007 2641
396 4 2 0 1 475 974 471 2096
397 4 2 0 1 1207 372 1235 932
398 4 2 0 1 556 1091 1995 696
399 4 2 0 1 2096 1309 475 974
400 4 2 0 1 696 926 1091 1995
401 4 2 0 1 657 1207 682 932
402 4 2 0 1 616 2119 1260 791
403 4 2 0 1 616 2119 1027 1260
404 4 2 0 1 616 791 1260 1705
405 4 2 0 1 657 959 932 682
406 4 2 0 1 2440 660 630 3038
407 4 2 0 1 1724 1511 884 2163
408 4 2 0 1 871 478 635 482
409 4 2 0 1 3038 519 300 1027
410 4 2 0 1 3038 519 1027 3032
411 4 2 0 1 3032 519 1165 3038
412 4 2 0 1 519 1465 1165 3038
413 4 2 0 1 3038 300 519 1465
414 4 2 0 1 979 551 550 1021
415 4 2 0 1 624 981 501 578
416 4 2 0 1 2521 105 2269 127
417 4 2 0 1 2269 105 1922 127
418 4 2 0 1 1130 929 3026 2157
419 4 2 0 1 1431 929 1130 2157
420 4 2 0 1 496 563 499 336
421 4 2 0 1 871 2783 2448 2062
422 4 2 0 1 2493 2988 1910 2100
423 4 2 0 1 591 623 1843 1766
424 4 2 0 1 2576 1919 2184 2187
425 4 2 0 1 1671 336 496 499
426 4 2 0 1 871 623 1843 591
427 4 2 0 1 1550 612 1040 522
428 4 2 0 1 48 35 15 1030
429 4 2 0 1 862 1086 1232 2408
430 4 2 0 1 526 714 729 991
431 4 2 0 1 991 714 534 526
432 4 2 0 1 716 1739 877 2340
433 4 2 0 1 613 2201 474 1322
434 4 2 0 1 2458 3198 2982 2142
435 4 2 0 1 1745 1115 1287 675
436 4 2 0 1 1782 897 48 1030
437 4 2 0 1 1072 976 589 923
438 4 2 0 1 720 1840 1629 686
439 4 2 0 1 1553 1115 1745 675
440 4 2 0 1 720 1095 1735 477
441 4 2 0 1 1095 720 615 477
442 4 2 0 1 871 478 482 585
443 4 2 0 1 21 1264 6 580
444 4 2 0 1 1247 585 1264 43
445 4 2 0 1 484 1264 21 580
446 4 2 0 1 1572 3232 3241 1624
447 4 2 0 1 1299 1550 1040 522
448 4 2 0 1 1563 721 699 1520
449 4 2 0 1 482 1264 1247 585
450 4 2 0 1 721 669 1258 1520
451 4 2 0 1 1622 911 1981 3145
452 4 2 0 1 721 669 2209 1258
453 4 2 0 1 1027 616 1260 660
454 4 2 0 1 649 3198 2142 722
455 4 2 0 1 616 2362 1260 660
456 4 2 0 1 1092 1451 667 606
457 4 2 0 1 2190 685 706 444
458 4 2 0 1 1207 1730 2394 682
459 4 2 0 1 1092 667 2667 606
460 4 2 0 1 444 685 706 1039
461 4 2 0 1 469 1117 480 1116
462 4 2 0 1 3246 1116 469 480
463 4 2 0 1 1117 469 501 1116
464 4 2 0 1 469 1116 3246 501
465 4 2 0 1 677 790 710 2663
466 4 2 0 1 526 714 1166 729
467 4 2 0 1 1863 729 1114 1613
468 4 2 0 1 526 1166 260 729
469 4 2 0 1 1211 729 1114 1475
470 4 2 0 1 714 1211 1475 729
471 4 2 0 1 532 1168 731 581
472 4 2 0 1 1552 495 583 993
473 4 2 0 1 583 2065 1242 993
474 4 2 0 1 593 1287 2173 55
475 4 2 0 1 1371 3029 1602 587
476 4 2 0 1 557 22 5 943
477 4 2 0 1 1139 1688 64 734
478 4 2 0 1 1571 2317 2327 1742
479 4 2 0 1 2317 1454 2327 1742
480 4 2 0 1 1454 1742 2317 1779
481 4 2 0 1 1207 1730 682 726
482 4 2 0 1 1936 46 27 29
483 4 2 0 1 726 362 682 1235
484 4 2 0 1 895 2958 743 1384
485 4 2 0 1 1340 1267 5 22
486 4 2 0 1 1340 1141 5 1267
487 4 2 0 1 1875 687 127 105
488 4 2 0 1 687 2521 127 105
489 4 2 0 1 2884 1416 1352 3087
490 4 2 0 1 1930 1436 706 581
491 4 2 0 1 883 670 3235 2983
492 4 2 0 1 506 1425 1481 812
493 4 2 0 1 1271 2966 2216 1746
494 4 2 0 1 706 692 581 1436
495 4 2 0 1 1922 105 1395 974
496 4 2 0 1 1254 78 94 695
497 4 2 0 1 2507 695 94 78
498 4 2 0 1 2497 98 703 83
499 4 2 0 1 1764 2858 2233 1132
500 4 2 0 1 525 3200 2644 1073
501 4 2 0 1 1067 812 2649 506
502 4 2 0 1 477 2151 1908 3095
503 4 2 0 1 131 106 637 185
504 4 2 0 1 564 943 34 25
505 4 2 0 1 181 131 637 185
506 4 2 0 1 521 472 1292 531
507 4 2 0 1 1761 14 47 36
508 4 2 0 1 2070 2587 2100 2707
509 4 2 0 1 1973 1788 1451 1564
510 4 2 0 1 181 1776 3208 1128
511 4 2 0 1 694 1435 1205 607
512 4 2 0 1 1241 54 1662 2711
513 4 2 0 1 85 143 505 76
514 4 2 0 1 607 1435 621 503
515 4 2 0 1 2783 2062 2711 1241
516 4 2 0 1 606 667 2917 1564
517 4 2 0 1 2064 681 623 591
518 4 2 0 1 1973 606 2917 1564
519 4 2 0 1 2096 1377 1036 576
520 4 2 0 1 576 1021 1309 551
521 4 2 0 1 86 620 105 1395
522 4 2 0 1 950 620 687 1571
523 4 2 0 1 106 85 2008 152
524 4 2 0 1 497 940 498 578
525 4 2 0 1 592 672 1015 537
526 4 2 0 1 537 653 592 665
527 4 2 0 1 665 1964 1966 968
528 4 2 0 1 3190 1076 1003 568
529 4 2 0 1 946 1356 701 1973
530 4 2 0 1 10 473 1179 24
531 4 2 0 1 665 1964 968 592
532 4 2 0 1 665 968 565 592
533 4 2 0 1 728 762 1066 247
534 4 2 0 1 946 701 1788 1973
535 4 2 0 1 1677 762 247 228
536 4 2 0 1 472 505 85 1292
537 4 2 0 1 950 1571 702 620
538 4 2 0 1 540 2062 2783 1241
539 4 2 0 1 591 681 623 1766
540 4 2 0 1 34 14 11 943
541 4 2 0 1 2408 1684 663 1824
542 4 2 0 1 471 86 475 78
543 4 2 0 1 1550 717 1199 115
544 4 2 0 1 21 850 1 17
545 4 2 0 1 2861 475 2423 78
546 4 2 0 1 118 1299 2206 94
547 4 2 0 1 9 473 10 24
548 4 2 0 1 2826 1287 3148 2173
549 4 2 0 1 1052 708 592 537
550 4 2 0 1 971 561 2426 2751
551 4 2 0 1 1771 1915 2924 2091
552 4 2 0 1 1059 2091 691 1698
553 4 2 0 1 1589 2744 1325 1239
554 4 2 0 1 1268 2851 709 3122
555 4 2 0 1 2622 2317 1571 2138
556 4 2 0 1 2189 609 1338 73
557 4 2 0 1 2317 2138 1551 1779
558 4 2 0 1 2138 2301 1551 1779
559 4 2 0 1 609 1598 73 2189
560 4 2 0 1 564 560 507 1326
561 4 2 0 1 1750 658 1389 784
562 4 2 0 1 784 1389 1139 61
563 4 2 0 1 507 564 1326 1288
564 4 2 0 1 784 1139 2777 61
565 4 2 0 1 1004 1750 2777 784
566 4 2 0 1 727 784 1750 1004
567 4 2 0 1 1750 784 727 658
568 4 2 0 1 1571 620 105 86
569 4 2 0 1 1571 86 702 620
570 4 2 0 1 2663 626 3197 759
571 4 2 0 1 1207 726 1235 372
572 4 2 0 1 979 551 1021 576
573 4 2 0 1 1314 551 979 576
574 4 2 0 1 372 2934 1207 726
575 4 2 0 1 519 546 300 1027
576 4 2 0 1 372 2833 2934 726
577 4 2 0 1 2317 2138 2622 1551
578 4 2 0 1 1598 1491 562 599
579 4 2 0 1 1807 3062 743 2958
580 4 2 0 1 653 665 825 565
581 4 2 0 1 565 825 1544 1483
582 4 2 0 1 2200 1095 1735 720
583 4 2 0 1 1095 2200 615 720
584 4 2 0 1 599 1323 2189 1491
585 4 2 0 1 1684 986 1388 1824
586 4 2 0 1 1670 2157 3071 3026
587 4 2 0 1 566 1242 2488 493
588 4 2 0 1 1108 1618 737 1718
589 4 2 0 1 441 1618 737 429
590 4 2 0 1 1389 784 1440 3074
591 4 2 0 1 698 615 934 2200
592 4 2 0 1 493 1576 2488 566
593 4 2 0 1 1960 615 934 698
594 4 2 0 1 619 790 2663 563
595 4 2 0 1 1718 1618 1708 1108
596 4 2 0 1 449 1702 737 441
597 4 2 0 1 449 737 429 441
598 4 2 0 1 1175 1718 737 2725
599 4 2 0 1 3244 1932 1997 810
600 4 2 0 1 2980 2544 810 1394
601 4 2 0 1 750 1641 1104 957
602 4 2 0 1 936 750 1569 957
603 4 2 0 1 1639 1569 936 750
604 4 2 0 1 2056 1697 1300 1059
605 4 2 0 1 635 478 492 482
606 4 2 0 1 44 478 492 635
607 4 2 0 1 2056 1059 1300 1771
608 4 2 0 1 1563 3095 1520 699
609 4 2 0 1 819 932 657 1052
610 4 2 0 1 372 932 819 393
611 4 2 0 1 1454 1779 2317 1551
612 4 2 0 1 2527 753 1313 1875
613 4 2 0 1 2301 1551 2073 2138
614 4 2 0 1 1433 1299 522 1550
615 4 2 0 1 2138 2622 1551 2073
616 4 2 0 1 500 711 998 566
617 4 2 0 1 2623 1116 1088 523
618 4 2 0 1 1075 1012 589 1020
619 4 2 0 1 718 1004 1301 1449
620 4 2 0 1 920 1608 2753 3078
621 4 2 0 1 1377 1314 1036 576
622 4 2 0 1 384 1917 920 1564
623 4 2 0 1 384 715 2308 920
624 4 2 0 1 1917 920 1564 1431
625 4 2 0 1 2197 1608 920 3078
626 4 2 0 1 618 977 557 733
627 4 2 0 1 220 2256 249 222
628 4 2 0 1 2507 2423 620 86
629 4 2 0 1 2507 702 86 620
630 4 2 0 1 1349 2038 1256 3028
631 4 2 0 1 951 1256 746 3029
632 4 2 0 1 638 560 564 943
633 4 2 0 1 25 943 18 638
634 4 2 0 1 1223 480 2763 3190
635 4 2 0 1 2507 702 78 86
636 4 2 0 1 2026 1117 469 624
637 4 2 0 1 985 940 624 498
638 4 2 0 1 1206 624 940 1117
639 4 2 0 1 472 703 76 505
640 4 2 0 1 603 759 2676 3197
641 4 2 0 1 3197 626 513 603
642 4 2 0 1 930 554 1186 1435
643 4 2 0 1 2663 3197 626 619
644 4 2 0 1 584 732 979 850
645 4 2 0 1 850 584 473 979
646 4 2 0 1 2676 759 2663 3197
647 4 2 0 1 930 607 554 1435
648 4 2 0 1 627 1324 555 1071
649 4 2 0 1 1186 554 930 1685
650 4 2 0 1 481 492 1238 1278
651 4 2 0 1 657 502 2394 1346
652 4 2 0 1 63 2441 58 1303
653 4 2 0 1 481 598 492 1278
654 4 2 0 1 2017 1280 643 764
655 4 2 0 1 1549 1367 764 2884
656 4 2 0 1 1034 2983 736 2272
657 4 2 0 1 764 1280 643 1367
658 4 2 0 1 764 1367 643 3036
659 4 2 0 1 764 2884 3036 1284
660 4 2 0 1 2282 1097 1767 306
661 4 2 0 1 331 768 530 1483
662 4 2 0 1 972 1159 666 423
663 4 2 0 1 826 773 1371 518
664 4 2 0 1 115 488 1806 1550
665 4 2 0 1 1602 826 1371 518
666 4 2 0 1 615 3021 3073 1943
667 4 2 0 1 2900 1862 1737 2700
668 4 2 0 1 1744 456 3083 454
669 4 2 0 1 821 1076 3190 568
670 4 2 0 1 1978 2516 520 666
671 4 2 0 1 3150 889 1855 1703
672 4 2 0 1 1207 1235 682 932
673 4 2 0 1 2831 396 2087 380
674 4 2 0 1 1730 2394 682 1460
675 4 2 0 1 790 500 1055 847
676 4 2 0 1 500 847 583 1055
677 4 2 0 1 566 767 1242 583
678 4 2 0 1 790 710 2663 497
679 4 2 0 1 1314 576 979 473
680 4 2 0 1 979 576 1021 473
681 4 2 0 1 985 624 940 1206
682 4 2 0 1 3068 494 2602 1336
683 4 2 0 1 1511 723 550 1021
684 4 2 0 1 1842 2491 1214 941
685 4 2 0 1 2740 659 1188 941
686 4 2 0 1 940 578 981 624
687 4 2 0 1 653 825 1544 565
688 4 2 0 1 510 1211 1114 1475
689 4 2 0 1 1451 667 606 1564
690 4 2 0 1 1973 1451 606 1564
691 4 2 0 1 2194 971 2751 552
692 4 2 0 1 2194 971 74 2751
693 4 2 0 1 439 423 2155 1541
694 4 2 0 1 1416 1974 2884 1352
695 4 2 0 1 43 51 633 2069
696 4 2 0 1 74 2194 2751 1024
697 4 2 0 1 1080 1047 1012 1575
698 4 2 0 1 499 847 320 336
699 4 2 0 1 1080 2117 1012 1047
700 4 2 0 1 2117 1324 1012 1047
701 4 2 0 1 1047 1324 1012 1575
702 4 2 0 1 624 981 940 1117
703 4 2 0 1 1067 812 2367 75
704 4 2 0 1 634 596 832 25
705 4 2 0 1 1753 634 832 25
706 4 2 0 1 832 596 1178 25
707 4 2 0 1 270 493 1382 281
708 4 2 0 1 583 495 2543 993
709 4 2 0 1 34 634 11 1761
710 4 2 0 1 270 1142 234 2170
711 4 2 0 1 989 2191 2107 1250
712 4 2 0 1 655 1142 2668 234
713 4 2 0 1 270 570 234 1142
714 4 2 0 1 594 1966 1409 1419
715 4 2 0 1 34 25 11 634
716 4 2 0 1 560 999 638 564
717 4 2 0 1 564 999 1584 560
718 4 2 0 1 603 626 1000 759
719 4 2 0 1 1000 626 2663 759
720 4 2 0 1 1389 3074 1440 3216
721 4 2 0 1 896 2351 955 1140
722 4 2 0 1 1323 75 2189 1509
723 4 2 0 1 1714 901 957 902
724 4 2 0 1 1569 957 1210 2296
725 4 2 0 1 500 677 847 790
726 4 2 0 1 847 677 619 790
727 4 2 0 1 901 957 3152 1213
728 4 2 0 1 1425 75 1323 1509
729 4 2 0 1 767 677 847 500
730 4 2 0 1 1769 725 696 926
731 4 2 0 1 1995 1091 1146 926
732 4 2 0 1 1995 1769 696 926
733 4 2 0 1 1324 1415 1071 476
734 4 2 0 1 1109 1063 2851 808
735 4 2 0 1 1109 376 808 1595
736 4 2 0 1 808 2249 1595 376
737 4 2 0 1 559 2249 808 376
738 4 2 0 1 2851 1063 1161 808
739 4 2 0 1 687 620 105 1571
740 4 2 0 1 2034 826 773 1371
741 4 2 0 1 951 680 1256 826
742 4 2 0 1 44 1777 53 1124
743 4 2 0 1 289 1348 283 511
744 4 2 0 1 511 672 1348 548
745 4 2 0 1 925 962 857 3210
746 4 2 0 1 687 2521 105 620
747 4 2 0 1 555 1072 923 1019
748 4 2 0 1 505 507 531 472
749 4 2 0 1 1292 505 531 472
750 4 2 0 1 1571 1875 105 687
751 4 2 0 1 34 943 564 1326
752 4 2 0 1 85 472 76 505
753 4 2 0 1 65 2441 1303 58
754 4 2 0 1 472 507 703 505
755 4 2 0 1 1509 2373 965 1560
756 4 2 0 1 2174 2373 965 1509
757 4 2 0 1 76 472 83 703
758 4 2 0 1 472 1584 83 703
759 4 2 0 1 472 1584 703 507
760 4 2 0 1 34 943 11 25
761 4 2 0 1 756 3208 713 1438
762 4 2 0 1 1753 1274 634 1761
763 4 2 0 1 522 612 885 2478
764 4 2 0 1 1036 612 35 1428
765 4 2 0 1 832 596 634 1274
766 4 2 0 1 573 966 658 727
767 4 2 0 1 501 998 1476 1011
768 4 2 0 1 1769 658 1780 966
769 4 2 0 1 1780 1407 966 2179
770 4 2 0 1 646 2128 972 1354
771 4 2 0 1 1109 376 1063 808
772 4 2 0 1 1354 1029 972 646
773 4 2 0 1 850 979 473 17
774 4 2 0 1 1974 376 1063 1109
775 4 2 0 1 979 850 21 17
776 4 2 0 1 1766 973 1302 53
777 4 2 0 1 22 943 638 18
778 4 2 0 1 943 638 25 564
779 4 2 0 1 552 488 2478 955
780 4 2 0 1 1853 1857 1863 1025
781 4 2 0 1 283 276 2381 1321
782 4 2 0 1 1443 1922 974 105
783 4 2 0 1 2507 695 78 702
784 4 2 0 1 1117 821 1206 2026
785 4 2 0 1 1117 1206 624 2026
786 4 2 0 1 1254 78 695 702
787 4 2 0 1 1052 1380 932 1010
788 4 2 0 1 3045 67 2086 70
789 4 2 0 1 680 826 1765 773
790 4 2 0 1 2034 826 680 773
791 4 2 0 1 913 1441 751 526
792 4 2 0 1 1441 534 526 913
793 4 2 0 1 2034 1256 680 826
794 4 2 0 1 1130 2157 3026 2529
795 4 2 0 1 1027 1763 1901 1260
796 4 2 0 1 1207 932 657 819
797 4 2 0 1 65 2815 69 2610
798 4 2 0 1 1027 1763 700 1901
799 4 2 0 1 1052 1010 932 959
800 4 2 0 1 1151 940 985 498
801 4 2 0 1 1151 985 940 1206
802 4 2 0 1 3031 985 1206 1085
803 4 2 0 1 1139 1389 784 1750
804 4 2 0 1 1301 1139 2512 2777
805 4 2 0 1 524 1328 1102 613
806 4 2 0 1 2829 3198 1328 1583
807 4 2 0 1 524 1328 1154 1102
808 4 2 0 1 1154 2292 1328 524
809 4 2 0 1 1097 1544 528 515
810 4 2 0 1 306 515 2282 1097
811 4 2 0 1 2282 1097 539 1767
812 4 2 0 1 649 3198 1328 2458
813 4 2 0 1 877 716 1960 615
814 4 2 0 1 716 1095 1960 615
815 4 2 0 1 397 869 3091 359
816 4 2 0 1 3031 1542 359 869
817 4 2 0 1 1513 1940 1302 1099
818 4 2 0 1 973 1513 1099 663
819 4 2 0 1 663 1273 1099 2408
820 4 2 0 1 1561 825 1150 1483
821 4 2 0 1 973 1302 1099 1513
822 4 2 0 1 1273 1940 1099 2408
823 4 2 0 1 47 34 14 1761
824 4 2 0 1 2015 2487 2133 1481
825 4 2 0 1 397 869 359 1542
826 4 2 0 1 1138 28 3172 1337
827 4 2 0 1 1941 594 945 1100
828 4 2 0 1 522 491 612 1428
829 4 2 0 1 29 1337 13 12
830 4 2 0 1 1761 34 14 11
831 4 2 0 1 594 1941 589 1100
832 4 2 0 1 1693 496 3197 2146
833 4 2 0 1 625 628 2132 531
834 4 2 0 1 2146 3197 2676 496
835 4 2 0 1 1435 497 650 621
836 4 2 0 1 1435 497 710 650
837 4 2 0 1 1404 525 644 1073
838 4 2 0 1 1205 621 1435 650
839 4 2 0 1 718 1004 1449 2064
840 4 2 0 1 2155 1159 972 423
841 4 2 0 1 988 3094 743 3062
842 4 2 0 1 524 1102 2522 603
843 4 2 0 1 699 988 2156 1567
844 4 2 0 1 1235 362 922 2171
845 4 2 0 1 459 738 430 458
846 4 2 0 1 555 1071 459 627
847 4 2 0 1 1071 738 459 627
848 4 2 0 1 989 2107 238 1250
849 4 2 0 1 804 2044 970 547
850 4 2 0 1 1129 1561 1215 1961
851 4 2 0 1 3231 547 1994 2044
852 4 2 0 1 2011 989 2107 238
853 4 2 0 1 1044 989 2107 2011
854 4 2 0 1 2455 924 2086 2196
855 4 2 0 1 1602 265 1945 518
856 4 2 0 1 533 1411 1964 1436
857 4 2 0 1 1436 1964 1134 1411
858 4 2 0 1 1000 3199 554 503
859 4 2 0 1 590 572 94 695
860 4 2 0 1 572 1254 94 695
861 4 2 0 1 1193 590 94 695
862 4 2 0 1 2722 590 94 1193
863 4 2 0 1 1491 3055 609 1598
864 4 2 0 1 1064 1073 2644 3200
865 4 2 0 1 885 1846 561 2751
866 4 2 0 1 511 548 1348 1321
867 4 2 0 1 2750 644 525 548
868 4 2 0 1 2301 2073 970 927
869 4 2 0 1 927 1379 2073 970
870 4 2 0 1 933 3152 830 882
871 4 2 0 1 1294 936 830 933
872 4 2 0 1 882 830 933 1620
873 4 2 0 1 893 1294 3047 933
874 4 2 0 1 936 3152 830 933
875 4 2 0 1 575 829 891 3089
876 4 2 0 1 2362 1017 1260 660
877 4 2 0 1 829 2102 891 3089
878 4 2 0 1 1206 821 568 571
879 4 2 0 1 1002 1003 370 661
880 4 2 0 1 625 2132 712 1424
881 4 2 0 1 1156 1006 385 1406
882 4 2 0 1 1020 1012 2211 1075
883 4 2 0 1 1970 2211 1075 1020
884 4 2 0 1 1450 1184 1122 1006
885 4 2 0 1 1122 1390 1184 1450
886 4 2 0 1 2329 66 806 2885
887 4 2 0 1 2885 2583 66 806
888 4 2 0 1 1424 625 531 521
889 4 2 0 1 2517 1237 1923 803
890 4 2 0 1 2004 2919 2135 1053
891 4 2 0 1 873 617 949 855
892 4 2 0 1 336 1671 496 352
893 4 2 0 1 489 1907 1445 45
894 4 2 0 1 3180 668 1568 45
895 4 2 0 1 3047 935 1294 3061
896 4 2 0 1 3201 1343 883 2383
897 4 2 0 1 3061 935 1051 3051
898 4 2 0 1 1034 2983 2272 670
899 4 2 0 1 3047 935 3061 3051
900 4 2 0 1 562 1050 49 2093
901 4 2 0 1 220 1438 249 2256
902 4 2 0 1 1945 1329 1602 826
903 4 2 0 1 2682 1329 1945 826
904 4 2 0 1 2503 528 567 309
905 4 2 0 1 1639 936 1369 750
906 4 2 0 1 893 936 933 910
907 4 2 0 1 18 596 671 2
908 4 2 0 1 2525 3183 1510 1912
909 4 2 0 1 2310 1267 671 541
910 4 2 0 1 621 497 650 498
911 4 2 0 1 1205 498 621 650
912 4 2 0 1 788 1758 541 529
913 4 2 0 1 3 16 19 789
914 4 2 0 1 2125 621 1205 498
915 4 2 0 1 936 3152 933 910
916 4 2 0 1 554 1435 607 503
917 4 2 0 1 607 1435 930 694
918 4 2 0 1 2887 595 1126 994
919 4 2 0 1 2887 595 591 1126
920 4 2 0 1 2190 1723 685 444
921 4 2 0 1 444 468 685 1039
922 4 2 0 1 1866 1190 698 673
923 4 2 0 1 1943 1190 673 698
924 4 2 0 1 1866 673 698 1565
925 4 2 0 1 1943 673 1565 698
926 4 2 0 1 578 710 497 940
927 4 2 0 1 500 710 677 790
928 4 2 0 1 488 2194 552 1433
929 4 2 0 1 711 710 677 500
930 4 2 0 1 1276 43 549 580
931 4 2 0 1 358 530 1518 827
932 4 2 0 1 1896 1688 1139 723
933 4 2 0 1 1421 676 495 679
934 4 2 0 1 1360 676 1421 679
935 4 2 0 1 679 495 1971 993
936 4 2 0 1 2948 987 1521 686
937 4 2 0 1 863 912 942 1929
938 4 2 0 1 3073 1091 1995 556
939 4 2 0 1 534 991 1826 1066
940 4 2 0 1 991 728 1211 762
941 4 2 0 1 1308 539 678 2282
942 4 2 0 1 594 1966 976 1561
943 4 2 0 1 3021 1091 3073 556
944 4 2 0 1 358 1129 344 530
945 4 2 0 1 1129 530 1483 344
946 4 2 0 1 288 913 751 279
947 4 2 0 1 1352 1109 1974 1889
948 4 2 0 1 2884 1974 1889 1352
949 4 2 0 1 295 546 539 700
950 4 2 0 1 3224 2224 2825 2794
951 4 2 0 1 295 546 700 300
952 4 2 0 1 1516 1016 654 1625
953 4 2 0 1 1970 1430 2211 1016
954 4 2 0 1 1970 1016 1516 1625
955 4 2 0 1 1017 2209 2870 1258
956 4 2 0 1 419 701 1788 946
957 4 2 0 1 742 640 798 636
958 4 2 0 1 1599 1577 2342 2108
959 4 2 0 1 1046 1788 1451 1973
960 4 2 0 1 3263 1046 1451 1973
961 4 2 0 1 276 2750 2381 1321
962 4 2 0 1 1485 3263 1295 1231
963 4 2 0 1 2111 2230 102 3186
964 4 2 0 1 1150 825 565 1483
965 4 2 0 1 608 2653 1606 403
966 4 2 0 1 907 890 1566 1813
967 4 2 0 1 1966 825 665 1150
968 4 2 0 1 1074 1324 1047 1575
969 4 2 0 1 161 1721 177 2835
970 4 2 0 1 2672 2551 2841 2415
971 4 2 0 1 252 2883 2397 269
972 4 2 0 1 1244 3209 1847 689
973 4 2 0 1 940 578 624 498
974 4 2 0 1 2609 20 23 832
975 4 2 0 1 832 20 782 2609
976 4 2 0 1 615 3021 577 1106
977 4 2 0 1 577 1943 3021 615
978 4 2 0 1 550 732 979 1021
979 4 2 0 1 723 732 1980 550
980 4 2 0 1 1089 961 781 730
981 4 2 0 1 723 732 550 1021
982 4 2 0 1 96 884 1458 2163
983 4 2 0 1 2163 96 884 1724
984 4 2 0 1 1755 730 536 3196
985 4 2 0 1 96 154 1458 884
986 4 2 0 1 781 961 1755 730
987 4 2 0 1 832 782 1297 2609
988 4 2 0 1 620 2423 954 1395
989 4 2 0 1 674 1478 1190 1101
990 4 2 0 1 2507 2423 954 620
991 4 2 0 1 9 850 473 17
992 4 2 0 1 2507 2423 1305 954
993 4 2 0 1 954 2423 1305 1286
994 4 2 0 1 1190 2453 1101 1478
995 4 2 0 1 954 2423 1286 1395
996 4 2 0 1 9 17 473 24
997 4 2 0 1 679 1360 676 698
998 4 2 0 1 70 1734 1980 550
999 4 2 0 1 657 1203 502 1157
1000 4 2 0 1 1157 1203 502 629
1001 4 2 0 1 678 539 1519 700
1002 4 2 0 1 700 546 539 1519
1003 4 2 0 1 2265 780 1279 758
1004 4 2 0 1 2289 2939 2089 1921
1005 4 2 0 1 2874 956 1226 975
1006 4 2 0 1 863 2261 2213 942
1007 4 2 0 1 1027 519 546 1361
1008 4 2 0 1 546 1361 2137 1027
1009 4 2 0 1 956 2925 975 2874
1010 4 2 0 1 127 697 884 1443
1011 4 2 0 1 717 1299 1433 1550
1012 4 2 0 1 532 1032 1057 416
1013 4 2 0 1 1380 532 1032 1010
1014 4 2 0 1 2724 403 608 1606
1015 4 2 0 1 916 1033 3035 1728
1016 4 2 0 1 1692 1033 3035 916
1017 4 2 0 1 1705 616 2156 2362
1018 4 2 0 1 1159 2724 608 1606
1019 4 2 0 1 1705 616 1298 2156
1020 4 2 0 1 1298 2433 2156 616
1021 4 2 0 1 391 373 2657 2460
1022 4 2 0 1 729 1038 1114 1613
1023 4 2 0 1 67 2086 2328 2481
1024 4 2 0 1 526 729 260 1038
1025 4 2 0 1 2283 2482 2697 1665
1026 4 2 0 1 98 2499 83 2497
1027 4 2 0 1 1441 1544 1015 653
1028 4 2 0 1 1693 2146 3197 1174
1029 4 2 0 1 496 3197 619 1693
1030 4 2 0 1 1102 3197 2676 2146
1031 4 2 0 1 496 3197 2676 2663
1032 4 2 0 1 496 2663 619 3197
1033 4 2 0 1 893 1620 3047 1201
1034 4 2 0 1 1967 829 575 2821
1035 4 2 0 1 3110 1456 2678 2599
1036 4 2 0 1 829 2087 3089 575
1037 4 2 0 1 2087 2821 575 829
1038 4 2 0 1 2198 843 1861 3207
1039 4 2 0 1 3091 1727 367 359
1040 4 2 0 1 1923 1237 2461 797
1041 4 2 0 1 70 96 2086 3045
1042 4 2 0 1 307 3165 1899 304
1043 4 2 0 1 2784 3208 2771 756
1044 4 2 0 1 2578 2604 754 2323
1045 4 2 0 1 2901 1738 2323 2578
1046 4 2 0 1 3071 1670 615 1478
1047 4 2 0 1 2610 3131 2526 2688
1048 4 2 0 1 63 2441 2542 58
1049 4 2 0 1 992 2119 1763 604
1050 4 2 0 1 604 992 2252 265
1051 4 2 0 1 604 265 1763 992
1052 4 2 0 1 476 627 2522 952
1053 4 2 0 1 246 2687 204 227
1054 4 2 0 1 615 1478 1943 698
1055 4 2 0 1 627 524 476 2522
1056 4 2 0 1 1024 2194 2751 552
1057 4 2 0 1 699 3095 1520 2156
1058 4 2 0 1 7 3 19 983
1059 4 2 0 1 961 1804 542 789
1060 4 2 0 1 2137 546 1027 700
1061 4 2 0 1 2194 1024 1741 552
1062 4 2 0 1 1741 1024 1543 552
1063 4 2 0 1 876 3193 2338 860
1064 4 2 0 1 1109 808 2851 2017
1065 4 2 0 1 1974 1063 2851 1109
1066 4 2 0 1 1109 1595 2017 386
1067 4 2 0 1 3210 739 833 2756
1068 4 2 0 1 2760 1535 763 814
1069 4 2 0 1 794 1535 2449 2905
1070 4 2 0 1 1774 896 1631 892
1071 4 2 0 1 829 886 1495 2102
1072 4 2 0 1 2102 886 1350 888
1073 4 2 0 1 893 1201 3047 553
1074 4 2 0 1 477 1095 3095 716
1075 4 2 0 1 3095 1739 477 716
1076 4 2 0 1 477 1095 2151 3095
1077 4 2 0 1 1420 2504 837 1594
1078 4 2 0 1 1444 1446 2175 796
1079 4 2 0 1 1116 501 1117 1476
1080 4 2 0 1 624 501 981 1117
1081 4 2 0 1 788 541 1238 481
1082 4 2 0 1 788 481 1238 483
1083 4 2 0 1 831 1700 888 3133
1084 4 2 0 1 1110 481 541 788
1085 4 2 0 1 1110 481 788 483
1086 4 2 0 1 975 1472 1467 2925
1087 4 2 0 1 2763 1223 3190 1088
1088 4 2 0 1 3229 752 2924 1771
1089 4 2 0 1 883 670 2983 2383
1090 4 2 0 1 883 2983 1203 2383
1091 4 2 0 1 497 710 2663 3199
1092 4 2 0 1 981 711 998 578
1093 4 2 0 1 2323 2604 2901 2578
1094 4 2 0 1 2383 670 2983 1034
1095 4 2 0 1 795 2549 2800 2792
1096 4 2 0 1 562 3055 1050 712
1097 4 2 0 1 712 778 39 2093
1098 4 2 0 1 2036 1933 2253 739
1099 4 2 0 1 1583 3198 649 1868
1100 4 2 0 1 649 3198 722 1868
1101 4 2 0 1 2622 78 1453 1254
1102 4 2 0 1 2235 2960 834 2812
1103 4 2 0 1 3207 2276 811 815
1104 4 2 0 1 1115 41 1287 675
1105 4 2 0 1 2519 1535 814 2297
1106 4 2 0 1 2615 807 1672 2864
1107 4 2 0 1 765 1269 1954 1635
1108 4 2 0 1 1269 765 1669 3159
1109 4 2 0 1 416 1032 2729 393
1110 4 2 0 1 2769 748 794 2533
1111 4 2 0 1 952 458 603 513
1112 4 2 0 1 422 1057 407 2539
1113 4 2 0 1 738 458 952 430
1114 4 2 0 1 43 1301 718 51
1115 4 2 0 1 43 718 2062 51
1116 4 2 0 1 719 1337 28 1138
1117 4 2 0 1 1138 1337 1274 719
1118 4 2 0 1 2784 3208 756 2047
1119 4 2 0 1 1929 942 863 2704
1120 4 2 0 1 978 2563 908 1839
1121 4 2 0 1 2481 2309 2328 67
1122 4 2 0 1 1063 3122 1974 2851
1123 4 2 0 1 1771 1059 691 2056
1124 4 2 0 1 2795 3146 1402 1054
1125 4 2 0 1 296 301 1612 3162
1126 4 2 0 1 1579 765 3159 1669
1127 4 2 0 1 959 2383 525 1343
1128 4 2 0 1 2824 2909 3207 1773
1129 4 2 0 1 1258 669 2618 1060
1130 4 2 0 1 2723 2221 2501 2547
1131 4 2 0 1 921 2253 2439 2746
1132 4 2 0 1 287 282 2397 252
1133 4 2 0 1 2843 3226 2974 3154
1134 4 2 0 1 2569 1279 817 1018
1135 4 2 0 1 144 1505 192 683
1136 4 2 0 1 863 839 2213 2261
1137 4 2 0 1 230 251 240 3241
1138 4 2 0 1 2394 1346 1207 657
1139 4 2 0 1 527 1256 3028 746
1140 4 2 0 1 527 1256 746 951
1141 4 2 0 1 227 203 2238 188
1142 4 2 0 1 1256 2038 527 3028
1143 4 2 0 1 1973 1358 2917 2546
1144 4 2 0 1 1175 1108 737 1718
1145 4 2 0 1 1065 598 1952 861
1146 4 2 0 1 737 1618 1108 429
1147 4 2 0 1 574 2363 512 1462
1148 4 2 0 1 1829 1880 1065 2806
1149 4 2 0 1 512 2363 2069 1462
1150 4 2 0 1 3183 1510 2076 2525
1151 4 2 0 1 1043 872 681 610
1152 4 2 0 1 1065 1952 598 1022
1153 4 2 0 1 2820 794 2760 1535
1154 4 2 0 1 3188 3119 705 2715
1155 4 2 0 1 2336 1133 2262 1043
1156 4 2 0 1 2262 1133 681 1043
1157 4 2 0 1 2979 1818 2150 1992
1158 4 2 0 1 2145 1882 1233 1939
1159 4 2 0 1 429 1618 1108 415
1160 4 2 0 1 2199 1136 3012 2150
1161 4 2 0 1 699 2362 2156 1520
1162 4 2 0 1 1705 2362 2156 699
1163 4 2 0 1 2156 1705 699 1567
1164 4 2 0 1 849 982 2143 741
1165 4 2 0 1 1429 849 878 3187
1166 4 2 0 1 2819 639 3174 800
1167 4 2 0 1 1705 1298 1567 2156
1168 4 2 0 1 1868 2902 722 2837
1169 4 2 0 1 2539 407 422 1135
1170 4 2 0 1 450 2486 424 1628
1171 4 2 0 1 1079 1756 2486 450
1172 4 2 0 1 1079 1756 2140 2486
1173 4 2 0 1 424 2125 1628 2486
1174 4 2 0 1 2008 85 3211 143
1175 4 2 0 1 2140 2125 424 2486
1176 4 2 0 1 1067 2367 3039 2174
1177 4 2 0 1 1324 1074 1047 1415
1178 4 2 0 1 703 2497 83 76
1179 4 2 0 1 1435 930 694 1186
1180 4 2 0 1 2054 930 1186 694
1181 4 2 0 1 2194 74 1741 1024
1182 4 2 0 1 862 785 3161 2964
1183 4 2 0 1 528 2503 567 768
1184 4 2 0 1 74 2094 1543 1024
1185 4 2 0 1 459 738 431 430
1186 4 2 0 1 1810 1342 2545 1762
1187 4 2 0 1 2646 2365 2238 2713
1188 4 2 0 1 274 250 2792 2490
1189 4 2 0 1 229 3221 1965 2490
1190 4 2 0 1 2490 1648 229 3221
1191 4 2 0 1 2836 211 523 236
1192 4 2 0 1 2676 2146 474 613
1193 4 2 0 1 523 236 211 1088
1194 4 2 0 1 523 2836 2192 211
1195 4 2 0 1 2909 3207 1773 843
1196 4 2 0 1 309 567 515 528
1197 4 2 0 1 789 1290 542 484
1198 4 2 0 1 1936 1655 2943 3196
1199 4 2 0 1 1307 536 730 3196
1200 4 2 0 1 16 20 781 8
1201 4 2 0 1 284 1336 1011 2118
1202 4 2 0 1 961 3 781 1755
1203 4 2 0 1 1336 998 1011 2118
1204 4 2 0 1 1755 536 730 961
1205 4 2 0 1 277 2266 1011 1336
1206 4 2 0 1 1001 1395 1345 1008
1207 4 2 0 1 1001 1008 2521 1395
1208 4 2 0 1 1001 954 1345 1395
1209 4 2 0 1 1777 651 30 1007
1210 4 2 0 1 1007 651 1310 2641
1211 4 2 0 1 1745 963 1777 1007
1212 4 2 0 1 1220 526 279 751
1213 4 2 0 1 1745 1115 1007 1777
1214 4 2 0 1 1310 1007 2641 1553
1215 4 2 0 1 974 551 471 2096
1216 4 2 0 1 624 1206 1085 2026
1217 4 2 0 1 1291 1008 151 182
1218 4 2 0 1 1438 2756 2256 713
1219 4 2 0 1 3031 1206 2026 1085
1220 4 2 0 1 762 510 1114 1601
1221 4 2 0 1 762 1211 1114 510
1222 4 2 0 1 3095 1908 743 988
1223 4 2 0 1 2562 165 237 1158
1224 4 2 0 1 988 3095 2156 743
1225 4 2 0 1 3095 1908 477 743
1226 4 2 0 1 1642 237 1158 1496
1227 4 2 0 1 743 3095 652 477
1228 4 2 0 1 1036 1314 48 1179
1229 4 2 0 1 1179 1036 35 48
1230 4 2 0 1 1142 570 1078 517
1231 4 2 0 1 1971 570 993 1552
1232 4 2 0 1 743 3095 2156 652
1233 4 2 0 1 1297 3 8 782
1234 4 2 0 1 1196 554 1435 1186
1235 4 2 0 1 2543 2065 583 993
1236 4 2 0 1 993 2065 1893 2543
1237 4 2 0 1 2738 261 645 2266
1238 4 2 0 1 1165 1465 2358 3038
1239 4 2 0 1 893 1294 933 936
1240 4 2 0 1 1639 936 1294 1369
1241 4 2 0 1 2738 645 1642 2266
1242 4 2 0 1 1465 2447 2358 3038
1243 4 2 0 1 3038 300 1465 2447
1244 4 2 0 1 1768 261 2738 2266
1245 4 2 0 1 1768 2738 1642 2266
1246 4 2 0 1 693 987 786 2696
1247 4 2 0 1 1270 1853 487 1025
1248 4 2 0 1 1853 1601 487 1025
1249 4 2 0 1 658 1378 3072 727
1250 4 2 0 1 1601 487 508 1853
1251 4 2 0 1 487 1318 1853 944
1252 4 2 0 1 487 1318 508 1853
1253 4 2 0 1 1678 1043 681 610
1254 4 2 0 1 2336 1043 2262 1678
1255 4 2 0 1 2262 1043 681 1678
1256 4 2 0 1 1542 985 1085 498
1257 4 2 0 1 442 2869 394 2761
1258 4 2 0 1 394 442 2140 2869
1259 4 2 0 1 2986 3225 761 1659
1260 4 2 0 1 2179 1407 696 2496
1261 4 2 0 1 2869 2731 394 2761
1262 4 2 0 1 394 2869 2140 3110
1263 4 2 0 1 589 1072 923 555
1264 4 2 0 1 2731 3110 2869 394
1265 4 2 0 1 1754 1206 2258 1090
1266 4 2 0 1 1090 1206 1692 1754
1267 4 2 0 1 916 3051 935 2081
1268 4 2 0 1 2342 2987 1277 1909
1269 4 2 0 1 1113 1431 929 1143
1270 4 2 0 1 1051 916 3051 935
1271 4 2 0 1 2370 2987 2406 3242
1272 4 2 0 1 2081 3051 935 3047
1273 4 2 0 1 3065 1245 2259 1527
1274 4 2 0 1 2836 236 523 2452
1275 4 2 0 1 523 2452 236 1088
1276 4 2 0 1 2017 559 1161 975
1277 4 2 0 1 537 665 592 1010
1278 4 2 0 1 533 592 665 1010
1279 4 2 0 1 1226 559 2813 2874
1280 4 2 0 1 2874 956 2813 1226
1281 4 2 0 1 956 2925 1472 975
1282 4 2 0 1 1219 1341 1278 44
1283 4 2 0 1 2806 1065 602 1219
1284 4 2 0 1 711 677 767 500
1285 4 2 0 1 566 767 1950 1242
1286 4 2 0 1 44 478 635 1222
1287 4 2 0 1 44 605 478 1222
1288 4 2 0 1 1222 1843 44 605
1289 4 2 0 1 1476 501 1117 981
1290 4 2 0 1 3031 869 3000 2598
1291 4 2 0 1 542 961 789 1089
1292 4 2 0 1 1089 961 789 781
1293 4 2 0 1 529 782 1178 788
1294 4 2 0 1 1727 3031 869 3000
1295 4 2 0 1 501 1011 1476 2266
1296 4 2 0 1 1706 1509 890 1560
1297 4 2 0 1 383 3233 403 385
1298 4 2 0 1 1509 2373 1560 108
1299 4 2 0 1 724 642 800 2735
1300 4 2 0 1 1272 3089 1708 2509
1301 4 2 0 1 1708 2509 3089 1153
1302 4 2 0 1 918 2186 1733 906
1303 4 2 0 1 368 398 409 1096
1304 4 2 0 1 1566 3220 919 3006
1305 4 2 0 1 495 674 1448 1311
1306 4 2 0 1 3133 1528 1707 836
1307 4 2 0 1 360 398 368 1096
1308 4 2 0 1 1311 674 1448 301
1309 4 2 0 1 1274 1138 832 2609
1310 4 2 0 1 832 2609 1297 1274
1311 4 2 0 1 778 1082 28 39
1312 4 2 0 1 778 1082 47 1761
1313 4 2 0 1 2557 722 2699 2097
1314 4 2 0 1 1340 45 733 977
1315 4 2 0 1 733 977 557 1340
1316 4 2 0 1 978 898 881 1152
1317 4 2 0 1 1485 3263 1231 2068
1318 4 2 0 1 1098 3257 1982 2060
1319 4 2 0 1 3004 1098 2060 3257
1320 4 2 0 1 2787 2897 1098 3173
1321 4 2 0 1 1932 2772 1872 1098
1322 4 2 0 1 1665 2960 1176 2613
1323 4 2 0 1 805 2405 841 1895
1324 4 2 0 1 1027 1602 265 604
1325 4 2 0 1 1027 265 1763 604
1326 4 2 0 1 1027 265 700 1763
1327 4 2 0 1 265 2137 1027 700
1328 4 2 0 1 2137 1602 265 1027
1329 4 2 0 1 1154 1174 3197 1102
1330 4 2 0 1 102 2230 136 3186
1331 4 2 0 1 2725 1135 422 429
1332 4 2 0 1 3008 1182 1663 1808
1333 4 2 0 1 1549 1182 1367 1793
1334 4 2 0 1 1391 3008 1663 1808
1335 4 2 0 1 419 1788 1046 946
1336 4 2 0 1 12 23 730 2624
1337 4 2 0 1 739 2036 2278 2320
1338 4 2 0 1 27 1306 50 46
1339 4 2 0 1 3263 1295 1046 1485
1340 4 2 0 1 1184 870 1122 1006
1341 4 2 0 1 1936 2624 29 12
1342 4 2 0 1 1936 12 29 13
1343 4 2 0 1 1122 1390 870 1184
1344 4 2 0 1 1184 870 1006 1049
1345 4 2 0 1 2742 741 2550 849
1346 4 2 0 1 833 2253 713 1081
1347 4 2 0 1 856 742 1900 636
1348 4 2 0 1 34 1082 1761 47
1349 4 2 0 1 3172 49 50 1812
1350 4 2 0 1 2409 1748 1674 3221
1351 4 2 0 1 1184 2287 870 1049
1352 4 2 0 1 1390 2287 870 1184
1353 4 2 0 1 2253 2746 713 1081
1354 4 2 0 1 2204 1228 1053 2003
1355 4 2 0 1 2204 2986 2299 2003
1356 4 2 0 1 2253 2771 713 2746
1357 4 2 0 1 744 2862 2633 2656
1358 4 2 0 1 336 2299 320 1803
1359 4 2 0 1 2299 1228 1809 2844
1360 4 2 0 1 2791 840 1083 824
1361 4 2 0 1 900 824 2255 1929
1362 4 2 0 1 1645 2945 2263 1335
1363 4 2 0 1 577 2391 1670 3026
1364 4 2 0 1 2154 3004 3121 2437
1365 4 2 0 1 1066 534 1308 2282
1366 4 2 0 1 352 496 336 619
1367 4 2 0 1 748 2769 2508 2533
1368 4 2 0 1 728 534 1308 1066
1369 4 2 0 1 886 1495 2102 1350
1370 4 2 0 1 496 1693 619 352
1371 4 2 0 1 2282 534 1308 1097
1372 4 2 0 1 830 1373 1569 1855
1373 4 2 0 1 2883 2265 1279 758
1374 4 2 0 1 907 1492 3105 914
1375 4 2 0 1 857 3210 866 1983
1376 4 2 0 1 106 1626 2008 85
1377 4 2 0 1 2349 2070 2493 2457
1378 4 2 0 1 3207 811 2276 1773
1379 4 2 0 1 873 2075 2329 855
1380 4 2 0 1 702 1571 1254 78
1381 4 2 0 1 1571 2138 1254 2622
1382 4 2 0 1 78 1571 1254 2622
1383 4 2 0 1 2289 1921 2089 2040
1384 4 2 0 1 1254 702 3217 1327
1385 4 2 0 1 596 4 2 18
1386 4 2 0 1 1254 1571 702 1327
1387 4 2 0 1 721 2209 1017 1258
1388 4 2 0 1 2362 1258 1520 721
1389 4 2 0 1 3230 866 857 3210
1390 4 2 0 1 480 1117 469 821
1391 4 2 0 1 721 1258 1017 2362
1392 4 2 0 1 1164 1952 52 1388
1393 4 2 0 1 52 1164 2606 1952
1394 4 2 0 1 3031 371 985 1542
1395 4 2 0 1 1164 1065 1952 861
1396 4 2 0 1 700 546 1027 300
1397 4 2 0 1 890 1566 823 907
1398 4 2 0 1 823 1566 903 907
1399 4 2 0 1 1294 830 3047 933
1400 4 2 0 1 861 1952 1164 1388
1401 4 2 0 1 2922 2703 377 2601
1402 4 2 0 1 259 286 292 1195
1403 4 2 0 1 269 292 2165 259
1404 4 2 0 1 2165 259 2578 269
1405 4 2 0 1 1195 286 280 259
1406 4 2 0 1 830 1620 3047 933
1407 4 2 0 1 300 3213 3191 3214
1408 4 2 0 1 935 2730 1051 916
1409 4 2 0 1 1051 2774 916 1362
1410 4 2 0 1 916 2774 1051 3051
1411 4 2 0 1 2261 755 839 2213
1412 4 2 0 1 2213 755 2451 2261
1413 4 2 0 1 978 881 908 891
1414 4 2 0 1 1579 765 1669 787
1415 4 2 0 1 1579 787 1669 872
1416 4 2 0 1 908 898 881 978
1417 4 2 0 1 899 908 978 898
1418 4 2 0 1 1839 908 978 899
1419 4 2 0 1 1200 3081 2519 757
1420 4 2 0 1 766 2960 616 2433
1421 4 2 0 1 636 2878 2713 2195
1422 4 2 0 1 925 1471 857 2901
1423 4 2 0 1 210 1158 645 192
1424 4 2 0 1 192 1158 645 683
1425 4 2 0 1 1884 2960 616 766
1426 4 2 0 1 2119 1884 616 766
1427 4 2 0 1 1118 1396 1862 673
1428 4 2 0 1 3206 2070 2100 2493
1429 4 2 0 1 1943 1862 2700 673
1430 4 2 0 1 2700 1862 2793 1396
1431 4 2 0 1 461 2486 1315 2090
1432 4 2 0 1 2125 1205 607 442
1433 4 2 0 1 855 806 617 949
1434 4 2 0 1 3086 1641 1315 2090
1435 4 2 0 1 2125 503 607 621
1436 4 2 0 1 2125 621 607 1205
1437 4 2 0 1 1752 1261 1473 2941
1438 4 2 0 1 2675 2125 607 442
1439 4 2 0 1 692 581 1134 1039
1440 4 2 0 1 467 2125 607 2675
1441 4 2 0 1 467 2125 503 607
1442 4 2 0 1 2775 2157 1058 929
1443 4 2 0 1 2928 2824 864 844
1444 4 2 0 1 18 596 4 25
1445 4 2 0 1 3063 1569 1210 1172
1446 4 2 0 1 1761 719 28 1753
1447 4 2 0 1 1419 1966 1726 594
1448 4 2 0 1 358 1129 530 1961
1449 4 2 0 1 2746 2253 2439 1081
1450 4 2 0 1 1081 739 833 2253
1451 4 2 0 1 3035 2956 2774 2185
1452 4 2 0 1 2439 1933 1081 2253
1453 4 2 0 1 834 805 2235 2812
1454 4 2 0 1 2253 1933 1081 739
1455 4 2 0 1 443 532 1057 416
1456 4 2 0 1 2539 443 1057 416
1457 4 2 0 1 1219 598 963 2806
1458 4 2 0 1 1167 611 1135 1718
1459 4 2 0 1 44 1684 1219 1124
1460 4 2 0 1 2677 2378 1914 443
1461 4 2 0 1 1914 2937 1653 1794
1462 4 2 0 1 908 898 1574 881
1463 4 2 0 1 611 1839 1167 2378
1464 4 2 0 1 258 2629 1676 1984
1465 4 2 0 1 2813 559 1063 376
1466 4 2 0 1 639 800 2687 2898
1467 4 2 0 1 3201 883 657 2383
1468 4 2 0 1 1063 559 808 376
1469 4 2 0 1 599 1491 562 521
1470 4 2 0 1 488 1433 552 2478
1471 4 2 0 1 708 2383 548 959
1472 4 2 0 1 885 2478 1433 522
1473 4 2 0 1 829 3089 886 2102
1474 4 2 0 1 3089 1630 886 888
1475 4 2 0 1 708 548 2383 1348
1476 4 2 0 1 657 959 2383 708
1477 4 2 0 1 831 888 1630 3089
1478 4 2 0 1 3163 3183 2525 1976
1479 4 2 0 1 1795 3209 2408 1173
1480 4 2 0 1 1173 2683 1795 3209
1481 4 2 0 1 1340 1267 481 3180
1482 4 2 0 1 892 911 3145 896
1483 4 2 0 1 893 3047 1294 3061
1484 4 2 0 1 674 1190 698 1866
1485 4 2 0 1 676 1866 674 698
1486 4 2 0 1 544 1006 1283 1156
1487 4 2 0 1 1882 1490 1619 774
1488 4 2 0 1 948 873 856 2086
1489 4 2 0 1 856 2086 873 2051
1490 4 2 0 1 897 35 48 1030
1491 4 2 0 1 2541 1939 2084 3075
1492 4 2 0 1 2620 1643 2494 2399
1493 4 2 0 1 383 608 2724 403
1494 4 2 0 1 2086 742 2051 856
1495 4 2 0 1 3233 1931 1996 1122
1496 4 2 0 1 1615 1931 2662 1122
1497 4 2 0 1 663 1513 1099 1273
1498 4 2 0 1 948 2086 856 742
1499 4 2 0 1 1513 1940 1099 1273
1500 4 2 0 1 450 1079 426 424
1501 4 2 0 1 1170 1273 1940 1513
1502 4 2 0 1 1123 2804 1712 2560
1503 4 2 0 1 3234 2804 2560 1712
1504 4 2 0 1 386 2222 1123 2249
1505 4 2 0 1 1079 450 426 452
1506 4 2 0 1 1079 452 426 2296
1507 4 2 0 1 1079 2593 1172 424
1508 4 2 0 1 1210 1079 1172 2296
1509 4 2 0 1 899 908 898 1574
1510 4 2 0 1 899 908 1574 3179
1511 4 2 0 1 1079 1210 1172 2593
1512 4 2 0 1 1641 2869 1104 3086
1513 4 2 0 1 53 1126 1843 1766
1514 4 2 0 1 907 1566 903 919
1515 4 2 0 1 984 748 967 2820
1516 4 2 0 1 1126 44 1843 605
1517 4 2 0 1 299 669 2340 996
1518 4 2 0 1 669 996 1265 2340
1519 4 2 0 1 918 2963 906 1315
1520 4 2 0 1 2831 396 380 1042
1521 4 2 0 1 1703 3150 889 3157
1522 4 2 0 1 363 496 1693 1127
1523 4 2 0 1 363 1127 2202 496
1524 4 2 0 1 1839 1911 908 3179
1525 4 2 0 1 889 3150 3158 3157
1526 4 2 0 1 529 782 1297 1178
1527 4 2 0 1 760 2816 1132 1840
1528 4 2 0 1 832 782 1178 1297
1529 4 2 0 1 1297 596 832 1274
1530 4 2 0 1 1512 2113 1132 1840
1531 4 2 0 1 861 602 1684 1164
1532 4 2 0 1 896 1493 892 911
1533 4 2 0 1 602 1824 1684 1164
1534 4 2 0 1 2579 2216 213 3024
1535 4 2 0 1 2579 1722 2890 3024
1536 4 2 0 1 2507 1087 1305 2423
1537 4 2 0 1 1768 2738 1437 1642
1538 4 2 0 1 1632 1642 1768 1437
1539 4 2 0 1 1287 1745 3148 2173
1540 4 2 0 1 2806 3148 1829 3044
1541 4 2 0 1 1269 765 1954 787
1542 4 2 0 1 994 595 1111 2887
1543 4 2 0 1 644 548 1348 2383
1544 4 2 0 1 2143 1137 982 1009
1545 4 2 0 1 2143 1137 1009 2023
1546 4 2 0 1 2667 1320 1092 606
1547 4 2 0 1 1140 552 955 488
1548 4 2 0 1 181 1776 1128 637
1549 4 2 0 1 1128 181 637 2256
1550 4 2 0 1 2932 1856 2407 3068
1551 4 2 0 1 54 579 40 2069
1552 4 2 0 1 1128 2008 637 1776
1553 4 2 0 1 54 2005 2069 40
1554 4 2 0 1 789 542 1711 484
1555 4 2 0 1 542 1264 21 484
1556 4 2 0 1 2190 1794 1144 1999
1557 4 2 0 1 1028 2471 2405 2482
1558 4 2 0 1 75 1509 1425 2487
1559 4 2 0 1 459 555 1019 1071
1560 4 2 0 1 812 2487 2367 75
1561 4 2 0 1 2487 1509 2367 75
1562 4 2 0 1 555 1019 923 459
1563 4 2 0 1 1019 1071 431 459
1564 4 2 0 1 460 1019 431 459
1565 4 2 0 1 75 2487 1425 812
1566 4 2 0 1 2641 1094 1532 1145
1567 4 2 0 1 1535 794 763 2905
1568 4 2 0 1 1094 963 2641 1532
1569 4 2 0 1 1094 2806 1532 3044
1570 4 2 0 1 2806 963 1094 1532
1571 4 2 0 1 1094 3044 1532 1145
1572 4 2 0 1 1083 2139 824 939
1573 4 2 0 1 2251 1829 593 1149
1574 4 2 0 1 1778 2987 2313 3228
1575 4 2 0 1 2422 2802 1412 3231
1576 4 2 0 1 2730 1466 3150 935
1577 4 2 0 1 549 43 1301 732
1578 4 2 0 1 507 1584 564 472
1579 4 2 0 1 1896 1301 1688 732
1580 4 2 0 1 732 1896 1301 549
1581 4 2 0 1 1156 1049 1006 1406
1582 4 2 0 1 1219 598 1341 963
1583 4 2 0 1 1406 1006 870 1049
1584 4 2 0 1 1219 1341 1777 963
1585 4 2 0 1 3150 1294 3047 935
1586 4 2 0 1 870 1828 1406 1049
1587 4 2 0 1 1067 812 75 2649
1588 4 2 0 1 260 913 526 1038
1589 4 2 0 1 2435 3245 2147 2158
1590 4 2 0 1 1066 1308 678 2282
1591 4 2 0 1 812 1425 75 2649
1592 4 2 0 1 2750 249 244 222
1593 4 2 0 1 2437 3004 3121 3260
1594 4 2 0 1 3207 811 1861 815
1595 4 2 0 1 249 941 222 2750
1596 4 2 0 1 831 3127 836 3089
1597 4 2 0 1 781 961 789 3
1598 4 2 0 1 491 931 522 561
1599 4 2 0 1 491 931 1428 522
1600 4 2 0 1 529 1758 782 788
1601 4 2 0 1 3133 888 831 836
1602 4 2 0 1 831 3133 836 3127
1603 4 2 0 1 814 1535 763 2817
1604 4 2 0 1 831 888 3089 836
1605 4 2 0 1 1756 1210 2593 1104
1606 4 2 0 1 1547 557 560 638
1607 4 2 0 1 638 557 733 1547
1608 4 2 0 1 560 1056 557 1547
1609 4 2 0 1 1056 733 557 1547
1610 4 2 0 1 989 2191 1250 212
1611 4 2 0 1 2161 2901 816 857
1612 4 2 0 1 737 1618 1152 1718
1613 4 2 0 1 1738 2901 818 816
1614 4 2 0 1 2569 2883 1018 2397
1615 4 2 0 1 989 1250 238 212
1616 4 2 0 1 1279 2883 1529 1018
1617 4 2 0 1 212 1250 1919 2191
1618 4 2 0 1 1967 881 1152 575
1619 4 2 0 1 499 847 1893 320
1620 4 2 0 1 1152 898 881 1702
1621 4 2 0 1 1250 212 177 238
1622 4 2 0 1 1513 1766 1678 681
1623 4 2 0 1 1967 575 1152 1618
1624 4 2 0 1 1641 3086 1104 1756
1625 4 2 0 1 1756 1104 957 1210
1626 4 2 0 1 623 1678 1302 1766
1627 4 2 0 1 681 1678 623 1766
1628 4 2 0 1 1641 1104 957 1756
1629 4 2 0 1 606 1092 2068 1320
1630 4 2 0 1 2012 2541 1841 1666
1631 4 2 0 1 1519 1308 539 678
1632 4 2 0 1 938 2018 1690 801
1633 4 2 0 1 1094 1105 1745 1401
1634 4 2 0 1 2693 805 1687 834
1635 4 2 0 1 1105 1745 2641 1094
1636 4 2 0 1 812 1425 1481 2487
1637 4 2 0 1 1328 1174 1154 1102
1638 4 2 0 1 1402 1368 3146 809
1639 4 2 0 1 1450 1006 1283 544
1640 4 2 0 1 1450 1049 1006 544
1641 4 2 0 1 2781 1444 2656 1026
1642 4 2 0 1 1156 1283 544 1541
1643 4 2 0 1 181 1438 220 2256
1644 4 2 0 1 757 1212 2801 1985
1645 4 2 0 1 3210 828 739 2756
1646 4 2 0 1 210 2621 1158 192
1647 4 2 0 1 192 1505 1158 683
1648 4 2 0 1 724 642 693 800
1649 4 2 0 1 1923 1237 797 803
1650 4 2 0 1 2171 922 2369 362
1651 4 2 0 1 798 2365 642 802
1652 4 2 0 1 2369 922 365 362
1653 4 2 0 1 2532 3203 3066 1313
1654 4 2 0 1 1900 2195 2713 2646
1655 4 2 0 1 419 1356 701 946
1656 4 2 0 1 438 1356 433 946
1657 4 2 0 1 2267 1013 2653 1406
1658 4 2 0 1 590 631 2345 1107
1659 4 2 0 1 590 2345 1255 1107
1660 4 2 0 1 631 1177 2345 1107
1661 4 2 0 1 2171 1183 726 1730
1662 4 2 0 1 1013 1961 632 945
1663 4 2 0 1 1961 1941 945 1013
1664 4 2 0 1 726 1183 2934 1730
1665 4 2 0 1 2812 2235 1176 805
1666 4 2 0 1 2929 1807 3065 743
1667 4 2 0 1 3092 2871 1464 3191
1668 4 2 0 1 693 724 851 642
1669 4 2 0 1 2948 987 1455 1521
1670 4 2 0 1 1182 1069 1367 1793
1671 4 2 0 1 838 2656 2633 1937
1672 4 2 0 1 1182 1330 1859 1367
1673 4 2 0 1 1182 1859 1549 1367
1674 4 2 0 1 2390 755 2431 839
1675 4 2 0 1 1182 1783 1549 1859
1676 4 2 0 1 1572 947 1624 3241
1677 4 2 0 1 758 2281 799 947
1678 4 2 0 1 865 2405 1895 841
1679 4 2 0 1 562 2093 712 1050
1680 4 2 0 1 2094 74 2751 1024
1681 4 2 0 1 788 541 1758 1238
1682 4 2 0 1 1494 7 958 19
1683 4 2 0 1 1494 1238 483 958
1684 4 2 0 1 2097 1358 1322 2546
1685 4 2 0 1 2097 1358 2848 1322
1686 4 2 0 1 849 982 3187 1429
1687 4 2 0 1 851 1162 693 642
1688 4 2 0 1 1516 1020 654 1016
1689 4 2 0 1 1970 2134 1516 1020
1690 4 2 0 1 1970 1020 1516 1016
1691 4 2 0 1 1828 1020 1516 2134
1692 4 2 0 1 1516 1020 1828 654
1693 4 2 0 1 848 1867 2147 3080
1694 4 2 0 1 2564 854 740 2795
1695 4 2 0 1 952 627 603 458
1696 4 2 0 1 952 458 513 430
1697 4 2 0 1 738 627 952 458
1698 4 2 0 1 1707 888 836 891
1699 4 2 0 1 873 617 855 2328
1700 4 2 0 1 368 389 1096 409
1701 4 2 0 1 2034 1349 2038 1256
1702 4 2 0 1 2034 1349 2083 2038
1703 4 2 0 1 2468 1057 422 2539
1704 4 2 0 1 2034 2038 2083 680
1705 4 2 0 1 2677 2438 1609 1057
1706 4 2 0 1 2034 1256 2038 680
1707 4 2 0 1 1278 481 861 483
1708 4 2 0 1 861 598 481 1278
1709 4 2 0 1 1199 1550 683 118
1710 4 2 0 1 683 1550 2206 118
1711 4 2 0 1 862 986 1086 2408
1712 4 2 0 1 683 118 2206 1355
1713 4 2 0 1 1369 936 910 750
1714 4 2 0 1 1164 1824 1388 52
1715 4 2 0 1 52 2606 1164 2251
1716 4 2 0 1 172 683 1355 118
1717 4 2 0 1 1199 683 172 118
1718 4 2 0 1 1369 910 936 893
1719 4 2 0 1 836 879 3133 1528
1720 4 2 0 1 2183 2022 2035 3048
1721 4 2 0 1 755 1888 779 1820
1722 4 2 0 1 3089 1630 831 1801
1723 4 2 0 1 3210 1983 828 866
1724 4 2 0 1 661 370 361 2648
1725 4 2 0 1 1166 1475 509 729
1726 4 2 0 1 1166 509 3058 729
1727 4 2 0 1 871 43 2062 585
1728 4 2 0 1 1279 2265 775 780
1729 4 2 0 1 788 1238 1758 958
1730 4 2 0 1 1494 1238 958 7
1731 4 2 0 1 2331 2923 2895 860
1732 4 2 0 1 2307 2883 252 240
1733 4 2 0 1 788 1238 958 483
1734 4 2 0 1 1182 1330 1367 1069
1735 4 2 0 1 775 1279 2569 2265
1736 4 2 0 1 3042 2832 1312 1540
1737 4 2 0 1 2494 775 780 1279
1738 4 2 0 1 1437 1116 2623 523
1739 4 2 0 1 1116 3246 1437 2623
1740 4 2 0 1 575 1618 3089 1708
1741 4 2 0 1 2831 1618 1708 3089
1742 4 2 0 1 2702 1167 2468 3124
1743 4 2 0 1 1593 1839 899 2702
1744 4 2 0 1 1441 534 913 515
1745 4 2 0 1 154 924 208 2196
1746 4 2 0 1 1463 208 2196 2314
1747 4 2 0 1 154 2196 208 1925
1748 4 2 0 1 208 1463 2196 924
1749 4 2 0 1 1925 2314 2196 208
1750 4 2 0 1 2127 511 672 2116
1751 4 2 0 1 1441 515 913 1015
1752 4 2 0 1 55 994 41 1115
1753 4 2 0 1 532 2438 731 1168
1754 4 2 0 1 502 629 2418 1157
1755 4 2 0 1 734 3098 1285 87
1756 4 2 0 1 1333 1157 2418 629
1757 4 2 0 1 2819 800 3174 642
1758 4 2 0 1 87 81 3098 1285
1759 4 2 0 1 994 3143 41 1115
1760 4 2 0 1 365 922 2369 1042
1761 4 2 0 1 246 2687 227 2735
1762 4 2 0 1 443 2438 532 1168
1763 4 2 0 1 712 2093 47 778
1764 4 2 0 1 1424 47 712 2093
1765 4 2 0 1 2747 1952 2606 1164
1766 4 2 0 1 1813 2803 1916 2674
1767 4 2 0 1 1727 3031 359 869
1768 4 2 0 1 1727 869 359 3091
1769 4 2 0 1 676 674 495 1311
1770 4 2 0 1 3031 359 2026 1727
1771 4 2 0 1 698 674 676 1311
1772 4 2 0 1 2935 1754 916 1727
1773 4 2 0 1 515 528 567 1381
1774 4 2 0 1 555 1012 1072 1071
1775 4 2 0 1 1012 1071 555 1324
1776 4 2 0 1 1727 1754 916 571
1777 4 2 0 1 916 1727 3158 2730
1778 4 2 0 1 998 711 500 578
1779 4 2 0 1 1495 405 1935 1350
1780 4 2 0 1 1441 1015 672 537
1781 4 2 0 1 916 2935 2730 1362
1782 4 2 0 1 296 1740 3162 298
1783 4 2 0 1 674 1190 1478 698
1784 4 2 0 1 657 1157 502 1346
1785 4 2 0 1 665 825 565 1150
1786 4 2 0 1 1978 2358 1029 964
1787 4 2 0 1 786 1675 1489 2273
1788 4 2 0 1 2464 1587 772 1412
1789 4 2 0 1 968 1150 665 565
1790 4 2 0 1 922 1185 2369 1042
1791 4 2 0 1 3089 3127 2509 1272
1792 4 2 0 1 365 1042 2369 380
1793 4 2 0 1 2369 1042 2831 380
1794 4 2 0 1 2251 593 56 1149
1795 4 2 0 1 422 2468 1135 2725
1796 4 2 0 1 422 2539 1135 2468
1797 4 2 0 1 800 2898 639 786
1798 4 2 0 1 594 1966 1726 976
1799 4 2 0 1 1099 1086 1302 1684
1800 4 2 0 1 618 489 977 733
1801 4 2 0 1 45 1445 977 1340
1802 4 2 0 1 977 1445 1141 1340
1803 4 2 0 1 1201 893 1620 910
1804 4 2 0 1 1099 1086 1684 2408
1805 4 2 0 1 1771 752 2924 1915
1806 4 2 0 1 1559 910 2264 1201
1807 4 2 0 1 646 1796 2516 1187
1808 4 2 0 1 2735 724 642 851
1809 4 2 0 1 2190 915 1930 685
1810 4 2 0 1 1201 910 1620 1559
1811 4 2 0 1 22 943 557 638
1812 4 2 0 1 2190 1930 706 685
1813 4 2 0 1 22 1340 638 557
1814 4 2 0 1 685 581 706 1039
1815 4 2 0 1 661 370 2648 1003
1816 4 2 0 1 1001 2521 620 1395
1817 4 2 0 1 642 1848 1617 2713
1818 4 2 0 1 620 954 1001 1395
1819 4 2 0 1 672 980 537 548
1820 4 2 0 1 672 980 548 511
1821 4 2 0 1 940 578 710 981
1822 4 2 0 1 981 998 501 578
1823 4 2 0 1 19 3 789 983
1824 4 2 0 1 983 7 1494 19
1825 4 2 0 1 615 690 2339 877
1826 4 2 0 1 1153 2509 3089 891
1827 4 2 0 1 690 2339 877 2537
1828 4 2 0 1 1153 3089 575 891
1829 4 2 0 1 1153 575 978 891
1830 4 2 0 1 2381 2750 2226 1321
1831 4 2 0 1 1436 532 581 443
1832 4 2 0 1 178 2084 128 194
1833 4 2 0 1 1859 1014 2559 1367
1834 4 2 0 1 2960 2812 1790 834
1835 4 2 0 1 2365 642 802 851
1836 4 2 0 1 1550 1299 118 1199
1837 4 2 0 1 3150 1466 1294 935
1838 4 2 0 1 1693 1127 1174 373
1839 4 2 0 1 1127 496 1693 2146
1840 4 2 0 1 103 1499 2743 139
1841 4 2 0 1 1052 959 657 708
1842 4 2 0 1 1052 657 959 932
1843 4 2 0 1 2496 1769 696 1995
1844 4 2 0 1 729 991 1114 1038
1845 4 2 0 1 824 2255 2024 900
1846 4 2 0 1 526 729 1038 991
1847 4 2 0 1 475 974 86 471
1848 4 2 0 1 2256 2652 249 3155
1849 4 2 0 1 2256 1438 249 2652
1850 4 2 0 1 430 458 3199 1196
1851 4 2 0 1 2026 821 1206 571
1852 4 2 0 1 469 1117 2026 821
1853 4 2 0 1 2417 2791 1246 1772
1854 4 2 0 1 29 27 1936 13
1855 4 2 0 1 543 262 728 1519
1856 4 2 0 1 262 728 1519 1525
1857 4 2 0 1 1525 271 1519 262
1858 4 2 0 1 642 1848 3174 1617
1859 4 2 0 1 262 271 1519 543
1860 4 2 0 1 1387 3225 2903 761
1861 4 2 0 1 1290 484 789 983
1862 4 2 0 1 789 1804 542 1290
1863 4 2 0 1 983 484 1494 1290
1864 4 2 0 1 992 688 1227 2252
1865 4 2 0 1 1064 1073 1746 1044
1866 4 2 0 1 1073 1044 1410 1746
1867 4 2 0 1 1746 2580 1410 1073
1868 4 2 0 1 185 1188 181 131
1869 4 2 0 1 131 2288 185 1188
1870 4 2 0 1 1253 1160 1332 2678
1871 4 2 0 1 1337 27 29 13
1872 4 2 0 1 1746 2580 1073 1064
1873 4 2 0 1 2831 396 1042 415
1874 4 2 0 1 2559 1014 1280 1367
1875 4 2 0 1 25 596 4 11
1876 4 2 0 1 420 1226 1161 1063
1877 4 2 0 1 1161 434 437 975
1878 4 2 0 1 1161 1226 420 975
1879 4 2 0 1 2663 626 710 677
1880 4 2 0 1 1298 616 1705 2960
1881 4 2 0 1 408 2953 404 388
1882 4 2 0 1 388 408 3091 367
1883 4 2 0 1 2730 1192 3091 3157
1884 4 2 0 1 2953 1192 3063 1569
1885 4 2 0 1 143 703 505 76
1886 4 2 0 1 944 1318 560 487
1887 4 2 0 1 2730 1531 3063 1639
1888 4 2 0 1 1569 2953 1257 3063
1889 4 2 0 1 11 943 4 25
1890 4 2 0 1 1270 944 1584 487
1891 4 2 0 1 998 711 1950 566
1892 4 2 0 1 1584 703 1230 98
1893 4 2 0 1 2417 1772 2811 1605
1894 4 2 0 1 862 785 2024 3161
1895 4 2 0 1 36 1326 14 47
1896 4 2 0 1 2497 703 143 76
1897 4 2 0 1 72 508 101 487
1898 4 2 0 1 806 1681 1269 949
1899 4 2 0 1 943 557 638 560
1900 4 2 0 1 133 2810 120 73
1901 4 2 0 1 1338 2189 73 2803
1902 4 2 0 1 480 821 1374 3190
1903 4 2 0 1 3091 397 408 1163
1904 4 2 0 1 3091 1163 408 3063
1905 4 2 0 1 1331 1833 2050 2000
1906 4 2 0 1 560 1547 638 999
1907 4 2 0 1 1397 479 3234 1712
1908 4 2 0 1 999 487 1584 560
1909 4 2 0 1 2281 3241 1194 240
1910 4 2 0 1 240 1194 2307 2883
1911 4 2 0 1 2281 240 1194 2307
1912 4 2 0 1 1833 197 2000 1331
1913 4 2 0 1 2212 1122 1931 3233
1914 4 2 0 1 1473 1261 1379 2941
1915 4 2 0 1 1473 2941 1379 2852
1916 4 2 0 1 835 1956 807 2260
1917 4 2 0 1 1331 543 518 265
1918 4 2 0 1 586 631 590 1107
1919 4 2 0 1 586 590 1570 1107
1920 4 2 0 1 506 1292 505 1481
1921 4 2 0 1 912 840 824 1209
1922 4 2 0 1 1481 505 531 1292
1923 4 2 0 1 2312 1201 553 1620
1924 4 2 0 1 3138 1221 1636 2208
1925 4 2 0 1 1636 1221 2731 2208
1926 4 2 0 1 840 863 1209 912
1927 4 2 0 1 1221 2208 2893 2731
1928 4 2 0 1 3014 2039 2199 1394
1929 4 2 0 1 175 3149 2579 1770
1930 4 2 0 1 996 1198 669 1265
1931 4 2 0 1 3142 2208 2893 1221
1932 4 2 0 1 1198 2039 1883 2544
1933 4 2 0 1 3142 1221 3138 2208
1934 4 2 0 1 996 1198 1265 1883
1935 4 2 0 1 1581 128 1965 178
1936 4 2 0 1 1581 128 1910 1965
1937 4 2 0 1 1739 716 877 615
1938 4 2 0 1 128 1910 2577 1581
1939 4 2 0 1 115 1550 1505 1199
1940 4 2 0 1 1550 1299 1199 717
1941 4 2 0 1 530 1129 1215 1961
1942 4 2 0 1 1215 825 1483 530
1943 4 2 0 1 530 1129 1483 1215
1944 4 2 0 1 2417 863 1886 840
1945 4 2 0 1 863 1886 839 2417
1946 4 2 0 1 1010 592 1052 1380
1947 4 2 0 1 424 1079 2486 450
1948 4 2 0 1 2196 154 924 96
1949 4 2 0 1 304 1899 2615 301
1950 4 2 0 1 2615 1672 301 2413
1951 4 2 0 1 1328 1174 1102 613
1952 4 2 0 1 2146 1102 1174 613
1953 4 2 0 1 2146 1102 613 2676
1954 4 2 0 1 1491 609 1338 2189
1955 4 2 0 1 1899 2615 301 2413
1956 4 2 0 1 2086 924 96 2196
1957 4 2 0 1 599 2189 1598 1491
1958 4 2 0 1 609 1491 1598 2189
1959 4 2 0 1 424 1079 2140 2486
1960 4 2 0 1 189 924 154 139
1961 4 2 0 1 189 2205 139 154
1962 4 2 0 1 424 2593 2140 1079
1963 4 2 0 1 1216 3071 1670 2157
1964 4 2 0 1 344 331 530 1483
1965 4 2 0 1 2071 1813 3128 2881
1966 4 2 0 1 2071 3128 1813 2141
1967 4 2 0 1 1205 694 2565 1186
1968 4 2 0 1 694 1205 442 607
1969 4 2 0 1 1160 1332 2599 1259
1970 4 2 0 1 1066 1308 1525 678
1971 4 2 0 1 1525 1308 1519 678
1972 4 2 0 1 383 385 2387 3233
1973 4 2 0 1 2212 1217 3140 3123
1974 4 2 0 1 1358 920 1608 2661
1975 4 2 0 1 850 580 549 732
1976 4 2 0 1 979 732 580 850
1977 4 2 0 1 1358 920 381 1608
1978 4 2 0 1 884 697 127 180
1979 4 2 0 1 2118 998 1476 711
1980 4 2 0 1 2118 711 1950 998
1981 4 2 0 1 697 2668 127 180
1982 4 2 0 1 1078 697 884 180
1983 4 2 0 1 697 2668 180 655
1984 4 2 0 1 697 180 1078 655
1985 4 2 0 1 728 991 1066 762
1986 4 2 0 1 220 2740 222 941
1987 4 2 0 1 672 511 1348 2116
1988 4 2 0 1 220 222 2740 181
1989 4 2 0 1 372 932 1207 819
1990 4 2 0 1 2394 2934 1730 1207
1991 4 2 0 1 2700 2031 516 1866
1992 4 2 0 1 2368 3255 3253 1131
1993 4 2 0 1 2358 3038 2122 964
1994 4 2 0 1 592 653 565 665
1995 4 2 0 1 2040 1251 859 748
1996 4 2 0 1 1441 653 1015 537
1997 4 2 0 1 1208 1325 2717 622
1998 4 2 0 1 1251 748 2040 1488
1999 4 2 0 1 1208 1817 1325 622
2000 4 2 0 1 2729 3017 1171 3181
2001 4 2 0 1 1299 1603 1550 2206
2002 4 2 0 1 393 1171 372 2729
2003 4 2 0 1 393 3017 1171 2729
2004 4 2 0 1 2729 1171 726 2171
2005 4 2 0 1 1051 1362 916 2730
2006 4 2 0 1 1434 3000 1362 2730
2007 4 2 0 1 763 794 1535 2760
2008 4 2 0 1 2340 1739 1520 990
2009 4 2 0 1 432 1019 431 460
2010 4 2 0 1 174 156 3188 1962
2011 4 2 0 1 1334 178 1867 2324
2012 4 2 0 1 178 1334 1867 2428
2013 4 2 0 1 502 1157 2418 1400
2014 4 2 0 1 1569 1210 1172 2296
2015 4 2 0 1 1400 1157 2418 1333
2016 4 2 0 1 1449 681 872 610
2017 4 2 0 1 632 1961 827 530
2018 4 2 0 1 2330 2408 1795 3209
2019 4 2 0 1 3209 1795 1679 2683
2020 4 2 0 1 1627 957 901 1213
2021 4 2 0 1 1795 3209 1679 2330
2022 4 2 0 1 1777 30 1341 2506
2023 4 2 0 1 1423 489 1907 1023
2024 4 2 0 1 1601 1853 508 510
2025 4 2 0 1 1777 30 2506 3143
2026 4 2 0 1 2806 1745 2173 3148
2027 4 2 0 1 1509 2367 2217 2487
2028 4 2 0 1 1901 1260 867 660
2029 4 2 0 1 973 1099 1124 663
2030 4 2 0 1 1338 2071 1509 2189
2031 4 2 0 1 53 1302 44 1124
2032 4 2 0 1 973 1302 1124 1099
2033 4 2 0 1 2440 1901 867 660
2034 4 2 0 1 2491 659 2740 941
2035 4 2 0 1 1777 963 651 1007
2036 4 2 0 1 1214 941 249 2750
2037 4 2 0 1 1777 1115 1007 30
2038 4 2 0 1 1214 1902 2115 220
2039 4 2 0 1 1214 249 2115 2750
2040 4 2 0 1 1777 1341 651 963
2041 4 2 0 1 1765 773 826 518
2042 4 2 0 1 708 672 592 537
2043 4 2 0 1 537 672 548 708
2044 4 2 0 1 3143 1115 1777 30
2045 4 2 0 1 1404 3200 525 1073
2046 4 2 0 1 2514 1404 644 1073
2047 4 2 0 1 617 806 1269 949
2048 4 2 0 1 604 1602 265 1945
2049 4 2 0 1 617 806 1635 1269
2050 4 2 0 1 1375 2482 1028 2405
2051 4 2 0 1 2882 1208 3038 630
2052 4 2 0 1 1354 1029 646 969
2053 4 2 0 1 2790 504 2232 2964
2054 4 2 0 1 1172 1079 426 2296
2055 4 2 0 1 522 612 491 885
2056 4 2 0 1 1257 1172 426 2296
2057 4 2 0 1 1275 2010 2157 1216
2058 4 2 0 1 460 1726 432 923
2059 4 2 0 1 432 923 1019 460
2060 4 2 0 1 2110 1330 1859 1182
2061 4 2 0 1 1783 2559 1549 1859
2062 4 2 0 1 2539 1057 407 2729
2063 4 2 0 1 2539 407 1135 3181
2064 4 2 0 1 2729 407 2539 3181
2065 4 2 0 1 2760 1535 814 1200
2066 4 2 0 1 1746 2580 2216 1410
2067 4 2 0 1 2115 1410 213 1842
2068 4 2 0 1 2201 401 474 1322
2069 4 2 0 1 474 1749 1949 401
2070 4 2 0 1 429 1175 737 2725
2071 4 2 0 1 1604 1220 279 751
2072 4 2 0 1 429 1108 737 1175
2073 4 2 0 1 2725 1175 1135 429
2074 4 2 0 1 302 539 678 295
2075 4 2 0 1 295 2079 2752 539
2076 4 2 0 1 302 539 295 2752
2077 4 2 0 1 631 1854 1177 1107
2078 4 2 0 1 98 1230 1584 1270
2079 4 2 0 1 2781 1937 1699 1762
2080 4 2 0 1 129 1230 98 1270
2081 4 2 0 1 722 3198 2142 2528
2082 4 2 0 1 2097 2528 722 1322
2083 4 2 0 1 849 982 741 2550
2084 4 2 0 1 2310 1110 541 788
2085 4 2 0 1 1340 1110 1267 22
2086 4 2 0 1 1360 516 1866 272
2087 4 2 0 1 516 1866 272 2700
2088 4 2 0 1 1177 631 1254 1854
2089 4 2 0 1 900 2255 2024 1225
2090 4 2 0 1 1196 1685 2186 445
2091 4 2 0 1 2660 1366 878 849
2092 4 2 0 1 2330 2024 1225 3161
2093 4 2 0 1 878 2660 1991 1366
2094 4 2 0 1 806 765 1269 3159
2095 4 2 0 1 2550 2660 849 1366
2096 4 2 0 1 2660 2808 1991 1366
2097 4 2 0 1 2660 1366 2550 2808
2098 4 2 0 1 1058 1216 1670 2157
2099 4 2 0 1 1040 612 1036 522
2100 4 2 0 1 471 1040 1036 522
2101 4 2 0 1 471 2096 1036 1040
2102 4 2 0 1 993 495 2543 2244
2103 4 2 0 1 2280 848 2324 2147
2104 4 2 0 1 1058 1191 2453 1216
2105 4 2 0 1 809 848 2280 2147
2106 4 2 0 1 2453 1670 1058 1216
2107 4 2 0 1 1147 658 727 573
2108 4 2 0 1 2291 1212 392 3233
2109 4 2 0 1 1212 2291 392 2585
2110 4 2 0 1 678 539 700 295
2111 4 2 0 1 971 561 885 522
2112 4 2 0 1 2082 2344 1236 2865
2113 4 2 0 1 522 491 561 885
2114 4 2 0 1 1433 971 885 522
2115 4 2 0 1 2082 2344 2764 1236
2116 4 2 0 1 1896 600 1139 1301
2117 4 2 0 1 1204 3210 2756 866
2118 4 2 0 1 835 1120 1956 877
2119 4 2 0 1 295 546 2079 539
2120 4 2 0 1 600 1750 1139 1301
2121 4 2 0 1 1044 736 2277 937
2122 4 2 0 1 1044 937 2277 2011
2123 4 2 0 1 1303 490 1023 1847
2124 4 2 0 1 1244 1303 1023 1847
2125 4 2 0 1 3210 1204 3230 866
2126 4 2 0 1 566 1950 998 494
2127 4 2 0 1 3244 1394 810 3176
2128 4 2 0 1 998 494 3068 1336
2129 4 2 0 1 494 998 3068 1950
2130 4 2 0 1 131 1776 181 637
2131 4 2 0 1 1776 2047 131 181
2132 4 2 0 1 990 3095 1520 1563
2133 4 2 0 1 299 2340 1520 990
2134 4 2 0 1 3155 2256 222 249
2135 4 2 0 1 249 3155 244 222
2136 4 2 0 1 712 2093 39 1050
2137 4 2 0 1 2093 49 1082 39
2138 4 2 0 1 259 1878 2332 2338
2139 4 2 0 1 2758 1878 259 2338
2140 4 2 0 1 2758 259 286 2338
2141 4 2 0 1 259 286 2338 292
2142 4 2 0 1 2338 259 292 2332
2143 4 2 0 1 2265 2883 2307 758
2144 4 2 0 1 663 1684 602 1824
2145 4 2 0 1 2081 3047 935 889
2146 4 2 0 1 2013 1589 1239 2744
2147 4 2 0 1 889 3150 3047 935
2148 4 2 0 1 644 1404 2514 2750
2149 4 2 0 1 534 991 526 913
2150 4 2 0 1 1239 2424 1060 2714
2151 4 2 0 1 1730 1183 2369 2171
2152 4 2 0 1 2013 1239 2714 2744
2153 4 2 0 1 1293 2833 1183 1353
2154 4 2 0 1 790 1055 563 847
2155 4 2 0 1 1055 847 583 499
2156 4 2 0 1 1056 618 557 733
2157 4 2 0 1 1549 1109 764 2017
2158 4 2 0 1 646 1187 2516 1159
2159 4 2 0 1 1889 1549 764 2884
2160 4 2 0 1 1889 1109 764 1549
2161 4 2 0 1 502 1400 2418 1392
2162 4 2 0 1 813 3108 2788 527
2163 4 2 0 1 1900 137 2570 1898
2164 4 2 0 1 750 1641 957 910
2165 4 2 0 1 1900 1898 2646 137
2166 4 2 0 1 1730 362 1460 682
2167 4 2 0 1 910 750 936 957
2168 4 2 0 1 3152 936 957 910
2169 4 2 0 1 1641 910 902 957
2170 4 2 0 1 957 901 910 902
2171 4 2 0 1 901 910 3152 957
2172 4 2 0 1 1641 3202 910 750
2173 4 2 0 1 1798 2214 2893 2774
2174 4 2 0 1 3051 1798 2774 2214
2175 4 2 0 1 1384 1243 1840 2113
2176 4 2 0 1 1278 492 1494 44
2177 4 2 0 1 1629 1675 1489 686
2178 4 2 0 1 2185 1798 2893 2774
2179 4 2 0 1 3051 3035 2774 1798
2180 4 2 0 1 2868 2175 1446 2209
2181 4 2 0 1 3035 2185 2774 1798
2182 4 2 0 1 471 475 1603 78
2183 4 2 0 1 830 887 3150 3047
2184 4 2 0 1 2200 3073 615 720
2185 4 2 0 1 1956 807 1120 835
2186 4 2 0 1 1120 835 807 3218
2187 4 2 0 1 2392 858 1836 1062
2188 4 2 0 1 471 475 2096 1603
2189 4 2 0 1 1603 475 2861 78
2190 4 2 0 1 1230 129 1461 1270
2191 4 2 0 1 830 3150 1294 3047
2192 4 2 0 1 102 894 2111 3186
2193 4 2 0 1 830 887 1855 3150
2194 4 2 0 1 1855 830 3150 1569
2195 4 2 0 1 1569 3150 1294 830
2196 4 2 0 1 1193 695 94 2507
2197 4 2 0 1 94 1852 1193 2507
2198 4 2 0 1 2440 660 867 630
2199 4 2 0 1 2730 3150 1192 3157
2200 4 2 0 1 3150 2730 3158 3157
2201 4 2 0 1 1703 1192 3150 3157
2202 4 2 0 1 960 1118 1862 673
2203 4 2 0 1 529 3 1297 782
2204 4 2 0 1 1758 3 529 782
2205 4 2 0 1 2988 3206 2100 2493
2206 4 2 0 1 1078 1142 655 234
2207 4 2 0 1 682 2394 657 1460
2208 4 2 0 1 407 3181 2171 1185
2209 4 2 0 1 1145 1105 1094 1401
2210 4 2 0 1 1319 374 827 392
2211 4 2 0 1 1105 1094 2641 1145
2212 4 2 0 1 1964 1436 1380 533
2213 4 2 0 1 1295 419 1046 946
2214 4 2 0 1 955 1719 1493 1140
2215 4 2 0 1 955 2106 112 1986
2216 4 2 0 1 1459 2661 1113 1431
2217 4 2 0 1 1561 1966 825 1409
2218 4 2 0 1 1755 3 781 8
2219 4 2 0 1 1431 1143 1113 1459
2220 4 2 0 1 1564 2661 1459 1431
2221 4 2 0 1 574 31 2363 1462
2222 4 2 0 1 2363 31 2069 1462
2223 4 2 0 1 1964 1514 665 1966
2224 4 2 0 1 1360 1421 1501 679
2225 4 2 0 1 2069 31 1539 1462
2226 4 2 0 1 117 137 97 1262
2227 4 2 0 1 3071 615 1670 3026
2228 4 2 0 1 1341 598 1278 492
2229 4 2 0 1 44 1341 1777 1219
2230 4 2 0 1 153 1262 137 117
2231 4 2 0 1 1780 1769 966 1407
2232 4 2 0 1 2179 966 696 1407
2233 4 2 0 1 181 222 185 637
2234 4 2 0 1 1188 185 181 222
2235 4 2 0 1 181 2256 222 637
2236 4 2 0 1 2623 2763 2452 1088
2237 4 2 0 1 222 2256 181 220
2238 4 2 0 1 684 570 1971 517
2239 4 2 0 1 2784 2575 1037 801
2240 4 2 0 1 1780 2515 1769 1407
2241 4 2 0 1 1407 1068 1769 2496
2242 4 2 0 1 2515 1068 1769 1407
2243 4 2 0 1 1376 3241 3232 196
2244 4 2 0 1 3232 219 179 196
2245 4 2 0 1 3241 3232 196 219
2246 4 2 0 1 196 3232 130 179
2247 4 2 0 1 2445 3232 196 1376
2248 4 2 0 1 2445 3232 130 196
2249 4 2 0 1 269 1413 2578 2165
2250 4 2 0 1 269 1413 2165 2807
2251 4 2 0 1 1180 2335 2275 3072
2252 4 2 0 1 2122 1464 3038 2447
2253 4 2 0 1 1343 2644 670 2383
2254 4 2 0 1 2335 784 1180 61
2255 4 2 0 1 3191 3038 1464 2447
2256 4 2 0 1 2644 1064 3200 1343
2257 4 2 0 1 3072 784 1180 2335
2258 4 2 0 1 532 731 1411 581
2259 4 2 0 1 443 1168 532 581
2260 4 2 0 1 1079 1172 426 424
2261 4 2 0 1 1734 723 1980 550
2262 4 2 0 1 1953 1035 1540 2651
2263 4 2 0 1 994 595 1126 55
2264 4 2 0 1 2615 807 2864 3187
2265 4 2 0 1 2887 1126 1777 994
2266 4 2 0 1 537 708 548 959
2267 4 2 0 1 287 2165 2161 1471
2268 4 2 0 1 2165 2807 1471 287
2269 4 2 0 1 1471 2807 1983 287
2270 4 2 0 1 878 3187 2615 1429
2271 4 2 0 1 3187 2615 770 878
2272 4 2 0 1 3187 2615 1429 2098
2273 4 2 0 1 55 994 1777 1126
2274 4 2 0 1 1083 2393 2386 824
2275 4 2 0 1 1963 840 1083 2791
2276 4 2 0 1 2323 286 280 1195
2277 4 2 0 1 1599 3232 1572 1624
2278 4 2 0 1 1599 947 1624 1572
2279 4 2 0 1 1599 2108 947 1572
2280 4 2 0 1 2108 1577 2802 1572
2281 4 2 0 1 136 2230 2410 3186
2282 4 2 0 1 284 1011 1476 2118
2283 4 2 0 1 692 1436 1134 581
2284 4 2 0 1 1600 1418 2379 3238
2285 4 2 0 1 1600 1418 1437 2379
2286 4 2 0 1 1418 1993 3238 2042
2287 4 2 0 1 2138 2622 2073 1254
2288 4 2 0 1 2138 1254 2073 1854
2289 4 2 0 1 1419 1514 1409 1041
2290 4 2 0 1 785 2386 1083 1903
2291 4 2 0 1 824 2386 1083 785
2292 4 2 0 1 2401 1899 1948 307
2293 4 2 0 1 62 894 82 2333
2294 4 2 0 1 1096 1935 409 389
2295 4 2 0 1 2333 57 2605 82
2296 4 2 0 1 1096 1707 2473 1935
2297 4 2 0 1 62 57 2333 82
2298 4 2 0 1 65 2255 69 2815
2299 4 2 0 1 2222 656 2617 2456
2300 4 2 0 1 172 683 1897 1355
2301 4 2 0 1 1355 232 1897 172
2302 4 2 0 1 2222 2617 2559 2456
2303 4 2 0 1 916 2935 1727 2730
2304 4 2 0 1 2383 670 1034 2644
2305 4 2 0 1 1064 1034 937 670
2306 4 2 0 1 2935 3000 1727 2730
2307 4 2 0 1 1283 1122 385 1006
2308 4 2 0 1 1283 1006 385 1156
2309 4 2 0 1 1156 2155 1283 1541
2310 4 2 0 1 1636 1221 2869 2731
2311 4 2 0 1 1541 601 2155 1283
2312 4 2 0 1 3153 1569 2296 1213
2313 4 2 0 1 1048 458 1196 554
2314 4 2 0 1 2296 957 1627 1213
2315 4 2 0 1 2333 1086 62 1940
2316 4 2 0 1 2651 1540 1953 2594
2317 4 2 0 1 3138 1221 3202 1636
2318 4 2 0 1 3202 1221 2869 1636
2319 4 2 0 1 2353 2884 3037 3112
2320 4 2 0 1 1986 112 1631 167
2321 4 2 0 1 1586 2344 2917 1881
2322 4 2 0 1 583 1242 1552 993
2323 4 2 0 1 2280 809 2147 740
2324 4 2 0 1 583 1242 493 1552
2325 4 2 0 1 1769 1440 658 1378
2326 4 2 0 1 1440 1378 1769 1942
2327 4 2 0 1 1319 2540 1218 354
2328 4 2 0 1 354 2540 827 1319
2329 4 2 0 1 608 354 827 1319
2330 4 2 0 1 2397 2883 1018 269
2331 4 2 0 1 1440 1769 909 1942
2332 4 2 0 1 2397 1018 2332 269
2333 4 2 0 1 1018 269 1878 2332
2334 4 2 0 1 352 1693 363 496
2335 4 2 0 1 566 1950 494 1576
2336 4 2 0 1 3186 1556 894 2228
2337 4 2 0 1 3186 894 2111 2228
2338 4 2 0 1 566 1242 1950 2488
2339 4 2 0 1 2877 1387 2534 2748
2340 4 2 0 1 2534 1387 1634 2748
2341 4 2 0 1 2932 494 1950 1576
2342 4 2 0 1 1576 1950 2488 566
2343 4 2 0 1 3225 2225 2986 1387
2344 4 2 0 1 2488 2932 1950 1576
2345 4 2 0 1 2682 1329 826 951
2346 4 2 0 1 1062 2784 2392 801
2347 4 2 0 1 801 858 2392 1062
2348 4 2 0 1 2096 1309 974 551
2349 4 2 0 1 18 2 671 22
2350 4 2 0 1 22 2 671 1267
2351 4 2 0 1 1267 2 5 22
2352 4 2 0 1 1875 1313 950 753
2353 4 2 0 1 784 658 1389 1440
2354 4 2 0 1 1389 61 784 3074
2355 4 2 0 1 1875 950 1313 687
2356 4 2 0 1 1389 658 1426 1440
2357 4 2 0 1 1855 1373 1569 2953
2358 4 2 0 1 1226 559 1161 1063
2359 4 2 0 1 304 1899 301 2940
2360 4 2 0 1 1161 559 1226 975
2361 4 2 0 1 975 956 1226 420
2362 4 2 0 1 3187 2098 1429 982
2363 4 2 0 1 1298 2433 1623 2156
2364 4 2 0 1 710 500 578 790
2365 4 2 0 1 982 2550 849 3187
2366 4 2 0 1 63 1303 2330 3209
2367 4 2 0 1 3249 2770 1838 766
2368 4 2 0 1 1838 3249 766 1245
2369 4 2 0 1 1443 1309 551 974
2370 4 2 0 1 2720 2433 1298 2960
2371 4 2 0 1 2056 1300 1969 1771
2372 4 2 0 1 1300 2056 1969 2485
2373 4 2 0 1 2439 2067 2253 921
2374 4 2 0 1 1599 707 1277 2342
2375 4 2 0 1 2485 3230 2056 1969
2376 4 2 0 1 2342 1909 1277 1599
2377 4 2 0 1 790 619 847 563
2378 4 2 0 1 721 2362 699 1520
2379 4 2 0 1 2362 721 699 1705
2380 4 2 0 1 806 1681 3159 1269
2381 4 2 0 1 872 3239 2336 1133
2382 4 2 0 1 1995 556 1862 3073
2383 4 2 0 1 764 1367 3036 2884
2384 4 2 0 1 2884 1367 3036 2353
2385 4 2 0 1 208 924 154 189
2386 4 2 0 1 3073 1737 1862 1995
2387 4 2 0 1 2166 646 2516 1029
2388 4 2 0 1 1029 646 2358 2166
2389 4 2 0 1 646 2516 1029 666
2390 4 2 0 1 890 1566 1507 823
2391 4 2 0 1 735 2267 1828 1013
2392 4 2 0 1 1507 1566 903 823
2393 4 2 0 1 2394 502 657 883
2394 4 2 0 1 735 870 1828 2267
2395 4 2 0 1 1548 1650 1558 3192
2396 4 2 0 1 2120 1013 2267 735
2397 4 2 0 1 1311 296 674 301
2398 4 2 0 1 1311 698 674 1562
2399 4 2 0 1 476 1071 627 738
2400 4 2 0 1 3087 1793 2884 3037
2401 4 2 0 1 881 898 1574 1515
2402 4 2 0 1 1515 1574 881 1495
2403 4 2 0 1 2893 2214 3142 1234
2404 4 2 0 1 605 2506 478 2448
2405 4 2 0 1 2189 73 2810 116
2406 4 2 0 1 918 2963 1315 1732
2407 4 2 0 1 3173 2263 1316 2398
2408 4 2 0 1 946 1231 433 438
2409 4 2 0 1 614 1231 946 438
2410 4 2 0 1 1316 3173 2398 3008
2411 4 2 0 1 2964 2333 1232 862
2412 4 2 0 1 2333 785 862 2964
2413 4 2 0 1 2333 2790 1498 2964
2414 4 2 0 1 2964 2790 1232 2333
2415 4 2 0 1 1498 785 2333 2964
2416 4 2 0 1 1057 1235 407 2729
2417 4 2 0 1 1941 1075 1072 589
2418 4 2 0 1 18 943 2 22
2419 4 2 0 1 4 943 2 18
2420 4 2 0 1 2729 1171 372 726
2421 4 2 0 1 1207 726 682 1235
2422 4 2 0 1 1945 1765 826 518
2423 4 2 0 1 518 197 543 1331
2424 4 2 0 1 25 943 4 18
2425 4 2 0 1 726 1235 372 2729
2426 4 2 0 1 1048 1196 1685 554
2427 4 2 0 1 943 5 2 22
2428 4 2 0 1 518 1765 1331 1945
2429 4 2 0 1 1171 2833 372 726
2430 4 2 0 1 394 498 1205 650
2431 4 2 0 1 394 498 650 1151
2432 4 2 0 1 1114 1863 1613 1025
2433 4 2 0 1 283 1321 2203 511
2434 4 2 0 1 444 1039 706 1197
2435 4 2 0 1 1348 644 1321 548
2436 4 2 0 1 2140 2598 1332 1542
2437 4 2 0 1 1542 394 1151 498
2438 4 2 0 1 1348 644 283 1321
2439 4 2 0 1 412 1542 2125 2140
2440 4 2 0 1 412 2125 424 2140
2441 4 2 0 1 424 1253 2140 2593
2442 4 2 0 1 533 592 1010 1380
2443 4 2 0 1 2140 2678 1253 1332
2444 4 2 0 1 1253 2140 2593 2678
2445 4 2 0 1 2507 954 3126 620
2446 4 2 0 1 600 2069 51 43
2447 4 2 0 1 51 600 43 1301
2448 4 2 0 1 1102 2676 3197 603
2449 4 2 0 1 2069 51 54 600
2450 4 2 0 1 1741 74 1543 1024
2451 4 2 0 1 51 54 600 1004
2452 4 2 0 1 1741 74 3025 1543
2453 4 2 0 1 1718 611 978 1167
2454 4 2 0 1 2258 985 1151 1206
2455 4 2 0 1 2525 2019 2076 865
2456 4 2 0 1 2525 865 2076 841
2457 4 2 0 1 2833 879 3127 1240
2458 4 2 0 1 1036 1125 522 1428
2459 4 2 0 1 1036 1314 1125 48
2460 4 2 0 1 2108 947 3241 758
2461 4 2 0 1 3010 879 2833 1240
2462 4 2 0 1 1333 629 360 369
2463 4 2 0 1 74 2094 1637 1543
2464 4 2 0 1 604 587 1602 1329
2465 4 2 0 1 1945 604 1602 1329
2466 4 2 0 1 1139 1688 734 723
2467 4 2 0 1 2682 1958 1945 1329
2468 4 2 0 1 3186 2220 894 1556
2469 4 2 0 1 2876 1248 3010 1317
2470 4 2 0 1 1579 1669 3159 872
2471 4 2 0 1 3017 2876 1317 1248
2472 4 2 0 1 821 568 571 1398
2473 4 2 0 1 1753 1274 832 634
2474 4 2 0 1 568 1076 1398 821
2475 4 2 0 1 611 1248 2876 3017
2476 4 2 0 1 1254 590 572 631
2477 4 2 0 1 695 572 1254 590
2478 4 2 0 1 944 1230 1461 1270
2479 4 2 0 1 1461 1857 1270 129
2480 4 2 0 1 1230 944 1584 1270
2481 4 2 0 1 2783 595 2711 591
2482 4 2 0 1 710 578 711 981
2483 4 2 0 1 590 2345 695 1193
2484 4 2 0 1 2553 325 1767 316
2485 4 2 0 1 2436 2345 1255 1193
2486 4 2 0 1 1416 1974 2698 2884
2487 4 2 0 1 3257 2635 2398 3244
2488 4 2 0 1 22 1340 557 5
2489 4 2 0 1 557 977 1141 1340
2490 4 2 0 1 1340 1445 1141 45
2491 4 2 0 1 1445 668 1141 45
2492 4 2 0 1 580 1276 6 850
2493 4 2 0 1 43 1264 1276 485
2494 4 2 0 1 1479 2837 722 1069
2495 4 2 0 1 534 1066 1826 2282
2496 4 2 0 1 558 2529 2611 715
2497 4 2 0 1 1180 784 2777 61
2498 4 2 0 1 1556 1170 894 2228
2499 4 2 0 1 1556 504 894 1170
2500 4 2 0 1 1173 1232 2408 862
2501 4 2 0 1 1004 784 2777 1180
2502 4 2 0 1 1332 1160 2599 2678
2503 4 2 0 1 1795 2408 2330 862
2504 4 2 0 1 862 2408 1173 1795
2505 4 2 0 1 810 3014 3176 1394
2506 4 2 0 1 2140 2678 1332 2598
2507 4 2 0 1 471 1603 94 78
2508 4 2 0 1 94 1603 2861 78
2509 4 2 0 1 1603 2861 1852 94
2510 4 2 0 1 537 708 959 1052
2511 4 2 0 1 283 1321 2381 2203
2512 4 2 0 1 49 1050 39 2093
2513 4 2 0 1 2203 1321 2381 257
2514 4 2 0 1 1949 2546 1356 545
2515 4 2 0 1 304 2480 499 2590
2516 4 2 0 1 3132 1558 2337 2331
2517 4 2 0 1 614 1356 1973 2546
2518 4 2 0 1 701 1356 1459 1973
2519 4 2 0 1 2193 856 873 2570
2520 4 2 0 1 2508 1342 2334 2449
2521 4 2 0 1 2545 2334 2508 1342
2522 4 2 0 1 873 2075 2193 2414
2523 4 2 0 1 1706 823 135 1560
2524 4 2 0 1 1706 890 823 1560
2525 4 2 0 1 2193 873 856 948
2526 4 2 0 1 949 873 2193 948
2527 4 2 0 1 299 990 1520 1563
2528 4 2 0 1 2170 2375 2484 270
2529 4 2 0 1 1382 1142 493 270
2530 4 2 0 1 2193 873 2414 2570
2531 4 2 0 1 873 949 2193 2075
2532 4 2 0 1 1162 693 1084 1849
2533 4 2 0 1 851 1162 2314 1849
2534 4 2 0 1 1849 724 851 693
2535 4 2 0 1 851 1849 693 1162
2536 4 2 0 1 435 426 446 1257
2537 4 2 0 1 1169 1533 2684 2252
2538 4 2 0 1 1211 991 1114 729
2539 4 2 0 1 786 987 693 1455
2540 4 2 0 1 868 2781 1699 859
2541 4 2 0 1 1820 2019 2405 793
2542 4 2 0 1 3091 397 1163 1259
2543 4 2 0 1 1566 890 1704 1813
2544 4 2 0 1 1951 2928 864 844
2545 4 2 0 1 1259 2598 869 1332
2546 4 2 0 1 903 1507 1546 1566
2547 4 2 0 1 890 1704 1507 1566
2548 4 2 0 1 2928 1951 864 2349
2549 4 2 0 1 1590 1566 1916 1813
2550 4 2 0 1 2928 1951 845 844
2551 4 2 0 1 2053 1748 845 2928
2552 4 2 0 1 768 2849 1347 333
2553 4 2 0 1 1820 779 2019 793
2554 4 2 0 1 1523 1060 2049 669
2555 4 2 0 1 1066 728 262 1525
2556 4 2 0 1 407 1185 922 400
2557 4 2 0 1 1262 2002 2109 1888
2558 4 2 0 1 1124 1302 44 1684
2559 4 2 0 1 1246 2002 2356 1262
2560 4 2 0 1 377 423 601 2155
2561 4 2 0 1 423 601 2155 1541
2562 4 2 0 1 3153 1257 2296 1569
2563 4 2 0 1 2509 1240 3127 879
2564 4 2 0 1 1268 643 437 3036
2565 4 2 0 1 1161 437 434 1268
2566 4 2 0 1 223 2990 1359 1760
2567 4 2 0 1 2990 223 1359 2130
2568 4 2 0 1 1534 1061 2606 2434
2569 4 2 0 1 1133 3239 2718 1351
2570 4 2 0 1 2228 2718 1351 2262
2571 4 2 0 1 437 1268 3036 434
2572 4 2 0 1 1354 646 2128 1131
2573 4 2 0 1 232 1355 645 1399
2574 4 2 0 1 1355 184 221 2511
2575 4 2 0 1 1574 2246 1871 3179
2576 4 2 0 1 899 1574 898 1713
2577 4 2 0 1 899 1574 1871 3179
2578 4 2 0 1 1357 2816 760 1840
2579 4 2 0 1 470 1840 1357 1146
2580 4 2 0 1 2078 2816 1357 3251
2581 4 2 0 1 2611 2157 1431 2529
2582 4 2 0 1 1159 646 2589 2128
2583 4 2 0 1 2611 1431 715 2529
2584 4 2 0 1 384 920 1358 1564
2585 4 2 0 1 2848 1358 381 401
2586 4 2 0 1 663 1099 1684 2408
2587 4 2 0 1 2097 1358 384 2848
2588 4 2 0 1 2917 1358 1564 384
2589 4 2 0 1 2017 1161 437 975
2590 4 2 0 1 2017 1280 437 643
2591 4 2 0 1 1268 2017 437 643
2592 4 2 0 1 371 1542 3031 2598
2593 4 2 0 1 2017 437 1161 1268
2594 4 2 0 1 2831 3089 1272 1630
2595 4 2 0 1 1272 1801 2831 1630
2596 4 2 0 1 1272 2369 2831 1801
2597 4 2 0 1 2825 1664 1638 190
2598 4 2 0 1 190 2628 1638 2825
2599 4 2 0 1 424 412 2140 1253
2600 4 2 0 1 3202 1641 3138 1636
2601 4 2 0 1 798 802 1162 1925
2602 4 2 0 1 851 1162 802 2314
2603 4 2 0 1 308 2545 321 1811
2604 4 2 0 1 2934 3127 917 1730
2605 4 2 0 1 1920 1944 1698 1364
2606 4 2 0 1 1698 845 2254 1364
2607 4 2 0 1 2572 1364 1944 1920
2608 4 2 0 1 1889 1109 2851 764
2609 4 2 0 1 2934 1183 3127 1730
2610 4 2 0 1 1266 1663 1578 1352
2611 4 2 0 1 1364 2572 845 2824
2612 4 2 0 1 1654 1500 3240 1468
2613 4 2 0 1 1654 1500 3072 3240
2614 4 2 0 1 3072 3240 2335 1654
2615 4 2 0 1 3240 1468 2335 1654
2616 4 2 0 1 1360 1565 1866 698
2617 4 2 0 1 2934 2833 3127 1183
2618 4 2 0 1 459 1071 431 738
2619 4 2 0 1 2358 3038 964 1165
2620 4 2 0 1 519 1103 1165 520
2621 4 2 0 1 1964 533 1041 1411
2622 4 2 0 1 1285 1389 81 2245
2623 4 2 0 1 400 1185 1042 415
2624 4 2 0 1 608 2589 354 1319
2625 4 2 0 1 1319 2589 354 1218
2626 4 2 0 1 853 2754 848 2325
2627 4 2 0 1 2526 1522 2467 72
2628 4 2 0 1 831 3133 3127 917
2629 4 2 0 1 1522 1557 508 72
2630 4 2 0 1 3181 2171 2729 407
2631 4 2 0 1 407 1235 2171 2729
2632 4 2 0 1 1235 922 407 2171
2633 4 2 0 1 604 2252 1958 265
2634 4 2 0 1 1585 2119 992 604
2635 4 2 0 1 1585 992 2119 1667
2636 4 2 0 1 1093 2571 258 1661
2637 4 2 0 1 1323 1509 2189 1491
2638 4 2 0 1 1425 1509 1323 1491
2639 4 2 0 1 1282 2869 3202 1432
2640 4 2 0 1 1372 2869 1282 1432
2641 4 2 0 1 1631 1957 167 1365
2642 4 2 0 1 3209 986 2330 2408
2643 4 2 0 1 2330 986 862 2408
2644 4 2 0 1 2630 1284 2884 2698
2645 4 2 0 1 111 2649 1067 75
2646 4 2 0 1 1284 2698 2630 3122
2647 4 2 0 1 1723 2190 915 1144
2648 4 2 0 1 1279 1529 2494 1018
2649 4 2 0 1 3150 1569 1294 1639
2650 4 2 0 1 1569 3153 1257 2953
2651 4 2 0 1 2649 506 2347 1067
2652 4 2 0 1 644 2383 525 548
2653 4 2 0 1 644 525 2383 2644
2654 4 2 0 1 2494 1279 758 1529
2655 4 2 0 1 2347 2649 1067 111
2656 4 2 0 1 3036 1284 2630 709
2657 4 2 0 1 2181 2189 2810 116
2658 4 2 0 1 1284 3122 2630 709
2659 4 2 0 1 2569 775 817 1279
2660 4 2 0 1 1974 3122 2698 1284
2661 4 2 0 1 1012 1072 589 555
2662 4 2 0 1 934 615 1095 2200
2663 4 2 0 1 817 1279 775 1643
2664 4 2 0 1 775 2494 1643 1279
2665 4 2 0 1 1960 615 1095 934
2666 4 2 0 1 2798 2283 1895 246
2667 4 2 0 1 2471 2283 246 1895
2668 4 2 0 1 2584 1173 1795 1832
2669 4 2 0 1 2657 1174 2201 474
2670 4 2 0 1 2638 3198 2982 2458
2671 4 2 0 1 391 1174 2201 2657
2672 4 2 0 1 2884 1284 1974 2698
2673 4 2 0 1 706 692 1197 1039
2674 4 2 0 1 1419 1964 1134 460
2675 4 2 0 1 105 86 1524 1571
2676 4 2 0 1 954 1286 142 151
2677 4 2 0 1 2129 1522 2513 101
2678 4 2 0 1 101 508 1522 2513
2679 4 2 0 1 504 2964 1173 997
2680 4 2 0 1 1522 101 2129 2467
2681 4 2 0 1 493 1242 570 1552
2682 4 2 0 1 2964 1173 1232 504
2683 4 2 0 1 1242 493 570 1480
2684 4 2 0 1 1936 3196 2624 12
2685 4 2 0 1 504 1232 1170 1173
2686 4 2 0 1 383 1319 608 392
2687 4 2 0 1 374 2540 2291 1319
2688 4 2 0 1 1319 2540 827 374
2689 4 2 0 1 2291 392 1319 383
2690 4 2 0 1 504 2584 997 1173
2691 4 2 0 1 608 1319 827 392
2692 4 2 0 1 901 1714 957 1627
2693 4 2 0 1 1373 3153 1569 2953
2694 4 2 0 1 1569 3153 1373 1213
2695 4 2 0 1 954 1286 1345 1395
2696 4 2 0 1 403 2653 1406 2267
2697 4 2 0 1 2492 1084 2314 1463
2698 4 2 0 1 2706 2314 245 1463
2699 4 2 0 1 2310 671 1178 541
2700 4 2 0 1 541 1178 2310 788
2701 4 2 0 1 1866 673 1565 2700
2702 4 2 0 1 1943 673 2700 1565
2703 4 2 0 1 2706 2492 2314 1463
2704 4 2 0 1 15 1179 35 48
2705 4 2 0 1 1587 1376 2422 2445
2706 4 2 0 1 1340 1141 1267 3180
2707 4 2 0 1 2720 2679 264 3065
2708 4 2 0 1 264 1623 1298 2720
2709 4 2 0 1 2607 3013 1312 2832
2710 4 2 0 1 3065 2720 1623 264
2711 4 2 0 1 2255 65 58 2152
2712 4 2 0 1 2659 2255 58 2152
2713 4 2 0 1 1225 2402 2255 2659
2714 4 2 0 1 2255 2402 2152 2659
2715 4 2 0 1 627 738 459 458
2716 4 2 0 1 923 1019 460 459
2717 4 2 0 1 896 1631 892 1493
2718 4 2 0 1 639 2554 3094 1781
2719 4 2 0 1 955 1719 1986 1493
2720 4 2 0 1 2703 3101 1879 2601
2721 4 2 0 1 414 1559 417 440
2722 4 2 0 1 966 725 1378 727
2723 4 2 0 1 725 1378 3070 1769
2724 4 2 0 1 3089 2087 886 1630
2725 4 2 0 1 1769 1378 966 725
2726 4 2 0 1 2176 2321 74 110
2727 4 2 0 1 1291 182 3066 1008
2728 4 2 0 1 3060 1291 2521 1001
2729 4 2 0 1 923 1726 432 976
2730 4 2 0 1 304 2480 2590 2940
2731 4 2 0 1 432 976 1019 923
2732 4 2 0 1 2521 1291 3060 3066
2733 4 2 0 1 1034 1044 1073 1064
2734 4 2 0 1 770 807 1366 1991
2735 4 2 0 1 878 1991 770 1366
2736 4 2 0 1 1991 807 1366 2808
2737 4 2 0 1 1891 823 903 1560
2738 4 2 0 1 1921 2384 2939 2089
2739 4 2 0 1 309 567 1263 2666
2740 4 2 0 1 1524 2317 2327 1571
2741 4 2 0 1 105 1524 2327 1571
2742 4 2 0 1 309 1263 567 2503
2743 4 2 0 1 1381 528 567 768
2744 4 2 0 1 1196 554 1186 1685
2745 4 2 0 1 1004 1750 579 600
2746 4 2 0 1 2521 1008 1291 3066
2747 4 2 0 1 1544 768 528 1381
2748 4 2 0 1 1538 504 997 1393
2749 4 2 0 1 1381 1483 1544 768
2750 4 2 0 1 2964 997 504 1393
2751 4 2 0 1 285 2484 1382 281
2752 4 2 0 1 443 532 2438 1057
2753 4 2 0 1 2677 443 1057 2468
2754 4 2 0 1 2677 1609 466 464
2755 4 2 0 1 494 1856 2932 3068
2756 4 2 0 1 1037 2018 2392 801
2757 4 2 0 1 1929 1383 2255 900
2758 4 2 0 1 2392 2018 938 801
2759 4 2 0 1 743 3094 477 1384
2760 4 2 0 1 477 1629 1840 1384
2761 4 2 0 1 477 3094 1629 1384
2762 4 2 0 1 1114 1863 1025 1853
2763 4 2 0 1 2315 1385 809 1821
2764 4 2 0 1 2754 809 2325 1385
2765 4 2 0 1 1650 1155 1385 2007
2766 4 2 0 1 742 636 1580 640
2767 4 2 0 1 636 742 1580 948
2768 4 2 0 1 2325 809 2315 1385
2769 4 2 0 1 3146 1368 1385 809
2770 4 2 0 1 1965 1581 178 2409
2771 4 2 0 1 1572 2108 947 3241
2772 4 2 0 1 1219 2806 1124 602
2773 4 2 0 1 479 1397 995 1996
2774 4 2 0 1 2806 2173 1124 602
2775 4 2 0 1 1126 591 1843 1766
2776 4 2 0 1 605 591 1126 2887
2777 4 2 0 1 591 1126 1843 605
2778 4 2 0 1 2225 1387 3225 1470
2779 4 2 0 1 2171 1293 726 1183
2780 4 2 0 1 1739 477 716 615
2781 4 2 0 1 944 1853 487 1270
2782 4 2 0 1 3155 249 244 2381
2783 4 2 0 1 3223 3155 244 2381
2784 4 2 0 1 1171 1293 726 2171
2785 4 2 0 1 1618 396 418 2087
2786 4 2 0 1 113 2144 1946 95
2787 4 2 0 1 2831 2087 3089 1630
2788 4 2 0 1 1918 3072 1500 1942
2789 4 2 0 1 1918 3072 1654 1500
2790 4 2 0 1 1500 909 3072 3240
2791 4 2 0 1 1942 3072 1500 909
2792 4 2 0 1 228 1947 195 1510
2793 4 2 0 1 824 2024 785 939
2794 4 2 0 1 824 900 2024 939
2795 4 2 0 1 939 900 2024 1225
2796 4 2 0 1 3161 785 2024 939
2797 4 2 0 1 3161 2024 1225 939
2798 4 2 0 1 1369 1294 1639 1466
2799 4 2 0 1 697 1922 1443 127
2800 4 2 0 1 2131 2176 2180 145
2801 4 2 0 1 42 2032 648 56
2802 4 2 0 1 42 1907 648 2032
2803 4 2 0 1 697 884 1443 1511
2804 4 2 0 1 1443 1511 884 1724
2805 4 2 0 1 2180 2131 145 2182
2806 4 2 0 1 1213 957 1569 2296
2807 4 2 0 1 345 354 608 2589
2808 4 2 0 1 345 2589 608 1159
2809 4 2 0 1 871 605 2448 2783
2810 4 2 0 1 871 591 605 2783
2811 4 2 0 1 3089 831 3127 1801
2812 4 2 0 1 1391 3008 1808 1592
2813 4 2 0 1 1109 808 2017 1595
2814 4 2 0 1 2017 2249 1595 808
2815 4 2 0 1 325 528 2503 2553
2816 4 2 0 1 2539 2729 3017 416
2817 4 2 0 1 3060 1001 1506 1291
2818 4 2 0 1 2042 1418 1600 3238
2819 4 2 0 1 210 1418 1437 1600
2820 4 2 0 1 2926 3238 2042 2130
2821 4 2 0 1 210 1600 1437 1496
2822 4 2 0 1 210 1600 1496 2562
2823 4 2 0 1 1816 2849 341 344
2824 4 2 0 1 344 530 1347 341
2825 4 2 0 1 341 530 1518 344
2826 4 2 0 1 341 1518 2250 344
2827 4 2 0 1 2250 1816 341 344
2828 4 2 0 1 2170 1142 2375 270
2829 4 2 0 1 2375 1142 1382 270
2830 4 2 0 1 1995 926 1146 1408
2831 4 2 0 1 1692 1398 568 661
2832 4 2 0 1 1692 1398 661 1033
2833 4 2 0 1 2266 1399 1890 261
2834 4 2 0 1 1995 1769 926 1408
2835 4 2 0 1 2774 2214 2893 1234
2836 4 2 0 1 3141 2774 1234 2214
2837 4 2 0 1 954 1305 142 1286
2838 4 2 0 1 2852 2941 1379 3242
2839 4 2 0 1 1819 3022 1560 1799
2840 4 2 0 1 2596 1492 3219 3105
2841 4 2 0 1 684 245 208 1503
2842 4 2 0 1 684 208 2205 1503
2843 4 2 0 1 1135 2468 611 1167
2844 4 2 0 1 1007 651 30 1310
2845 4 2 0 1 453 447 2246 1713
2846 4 2 0 1 1574 1713 2757 1515
2847 4 2 0 1 2350 1237 2305 2517
2848 4 2 0 1 1237 2517 1137 2931
2849 4 2 0 1 284 277 1011 1336
2850 4 2 0 1 284 277 1476 1011
2851 4 2 0 1 449 737 1702 2725
2852 4 2 0 1 714 1211 729 991
2853 4 2 0 1 1593 1839 1152 899
2854 4 2 0 1 1080 1074 1047 1575
2855 4 2 0 1 284 277 1336 2639
2856 4 2 0 1 1164 2606 2747 2251
2857 4 2 0 1 950 1504 687 620
2858 4 2 0 1 3215 2047 1062 1405
2859 4 2 0 1 2488 1382 493 281
2860 4 2 0 1 1405 2360 1062 3215
2861 4 2 0 1 950 1504 1313 687
2862 4 2 0 1 741 2495 2550 797
2863 4 2 0 1 917 3127 3048 3133
2864 4 2 0 1 1018 2332 2338 860
2865 4 2 0 1 860 3193 2338 1018
2866 4 2 0 1 860 1018 2569 817
2867 4 2 0 1 860 3193 1018 1643
2868 4 2 0 1 860 1643 1018 817
2869 4 2 0 1 860 2569 1018 2332
2870 4 2 0 1 1521 1984 2629 1487
2871 4 2 0 1 1822 2912 2354 2268
2872 4 2 0 1 1631 2421 1365 892
2873 4 2 0 1 1120 1822 2354 2268
2874 4 2 0 1 1215 1961 632 530
2875 4 2 0 1 1412 2802 1994 3231
2876 4 2 0 1 804 1412 970 2044
2877 4 2 0 1 3051 1051 3141 2774
2878 4 2 0 1 3231 2044 1994 1412
2879 4 2 0 1 1566 1546 903 919
2880 4 2 0 1 1566 1546 919 1649
2881 4 2 0 1 1317 3010 2833 1353
2882 4 2 0 1 1171 2833 1293 1317
2883 4 2 0 1 1171 3017 2833 1317
2884 4 2 0 1 1317 2833 1293 1353
2885 4 2 0 1 2876 1317 3010 2833
2886 4 2 0 1 903 3022 1799 1560
2887 4 2 0 1 925 1616 1983 2807
2888 4 2 0 1 1629 2151 3094 477
2889 4 2 0 1 1085 2026 2159 624
2890 4 2 0 1 1616 2807 2320 1983
2891 4 2 0 1 1616 2807 2036 2320
2892 4 2 0 1 1548 2484 270 2170
2893 4 2 0 1 260 1166 231 729
2894 4 2 0 1 130 160 2018 113
2895 4 2 0 1 2018 2505 130 2575
2896 4 2 0 1 260 729 231 1038
2897 4 2 0 1 196 130 160 2018
2898 4 2 0 1 2575 113 130 2018
2899 4 2 0 1 196 2505 130 2018
2900 4 2 0 1 3017 2876 2833 1317
2901 4 2 0 1 1185 2831 1042 415
2902 4 2 0 1 826 1329 1602 3029
2903 4 2 0 1 1292 2288 2649 506
2904 4 2 0 1 951 1329 826 3029
2905 4 2 0 1 1371 3029 826 1602
2906 4 2 0 1 538 814 1488 1517
2907 4 2 0 1 21 979 580 850
2908 4 2 0 1 538 814 1517 1656
2909 4 2 0 1 1108 1618 2831 415
2910 4 2 0 1 1185 1108 2831 415
2911 4 2 0 1 1656 769 538 814
2912 4 2 0 1 538 2760 814 1200
2913 4 2 0 1 1932 1872 2772 2839
2914 4 2 0 1 846 1698 1920 1944
2915 4 2 0 1 1492 3220 3006 919
2916 4 2 0 1 538 1200 814 769
2917 4 2 0 1 1690 801 95 2346
2918 4 2 0 1 2958 1243 2554 3094
2919 4 2 0 1 1690 801 2018 95
2920 4 2 0 1 575 1708 3089 1153
2921 4 2 0 1 415 2831 396 1618
2922 4 2 0 1 2763 875 1223 1088
2923 4 2 0 1 3199 554 1435 1196
2924 4 2 0 1 2010 2157 1058 2775
2925 4 2 0 1 117 97 71 1482
2926 4 2 0 1 1482 97 71 1886
2927 4 2 0 1 1623 1298 1567 264
2928 4 2 0 1 2830 553 2828 3137
2929 4 2 0 1 1769 1440 2318 1426
2930 4 2 0 1 916 935 3158 2081
2931 4 2 0 1 1567 988 1623 264
2932 4 2 0 1 1195 2578 1648 2549
2933 4 2 0 1 2224 2825 207 1664
2934 4 2 0 1 2193 636 856 1900
2935 4 2 0 1 2812 1227 2693 2231
2936 4 2 0 1 2224 543 262 1664
2937 4 2 0 1 207 1664 543 2224
2938 4 2 0 1 247 2224 262 1664
2939 4 2 0 1 1181 1227 2812 2231
2940 4 2 0 1 948 2193 636 856
2941 4 2 0 1 2032 52 56 2606
2942 4 2 0 1 306 1097 1767 528
2943 4 2 0 1 856 1900 2570 2193
2944 4 2 0 1 528 515 306 1097
2945 4 2 0 1 1943 960 673 1190
2946 4 2 0 1 615 1106 577 3026
2947 4 2 0 1 2753 2611 1431 715
2948 4 2 0 1 2202 1127 1671 496
2949 4 2 0 1 1671 496 352 2202
2950 4 2 0 1 360 1096 368 1729
2951 4 2 0 1 558 2611 2753 715
2952 4 2 0 1 1649 3220 919 1566
2953 4 2 0 1 2105 595 2711 2783
2954 4 2 0 1 2532 2243 1008 182
2955 4 2 0 1 2105 595 54 2711
2956 4 2 0 1 182 1008 2532 3066
2957 4 2 0 1 2532 3066 1008 2521
2958 4 2 0 1 270 1382 2484 281
2959 4 2 0 1 3066 182 217 2532
2960 4 2 0 1 1262 137 97 2431
2961 4 2 0 1 1262 1784 2431 1888
2962 4 2 0 1 1170 894 1232 504
2963 4 2 0 1 1086 2408 1940 1232
2964 4 2 0 1 504 2790 1232 2964
2965 4 2 0 1 1940 1232 2408 1170
2966 4 2 0 1 1254 1571 1327 2138
2967 4 2 0 1 2203 293 511 751
2968 4 2 0 1 2484 2375 1382 270
2969 4 2 0 1 2138 1327 950 1571
2970 4 2 0 1 368 389 1700 1096
2971 4 2 0 1 34 1753 634 1761
2972 4 2 0 1 34 25 634 1753
2973 4 2 0 1 434 1161 3122 420
2974 4 2 0 1 976 1072 1019 923
2975 4 2 0 1 296 674 1740 298
2976 4 2 0 1 1436 1411 1134 581
2977 4 2 0 1 3122 1063 420 1161
2978 4 2 0 1 764 2017 1268 643
2979 4 2 0 1 1075 1080 2117 1012
2980 4 2 0 1 296 674 301 1740
2981 4 2 0 1 764 643 1268 3036
2982 4 2 0 1 1938 1477 24 33
2983 4 2 0 1 1030 33 48 1477
2984 4 2 0 1 1938 33 1030 1477
2985 4 2 0 1 1625 1430 1970 1016
2986 4 2 0 1 1430 1014 2211 1016
2987 4 2 0 1 139 154 1499 2743
2988 4 2 0 1 1430 1575 2211 1014
2989 4 2 0 1 2568 1575 1430 1330
2990 4 2 0 1 412 397 1332 1160
2991 4 2 0 1 2943 1655 1477 1307
2992 4 2 0 1 1625 1430 3023 1970
2993 4 2 0 1 139 154 2205 1499
2994 4 2 0 1 139 924 154 2743
2995 4 2 0 1 2140 1332 412 1542
2996 4 2 0 1 1853 1475 1863 509
2997 4 2 0 1 1461 1863 509 1853
2998 4 2 0 1 412 1160 1332 1253
2999 4 2 0 1 2140 1253 412 1332
3000 4 2 0 1 2683 527 2584 1795
3001 4 2 0 1 1173 2683 2584 1795
3002 4 2 0 1 412 1332 397 1542
3003 4 2 0 1 1268 3122 709 434
3004 4 2 0 1 2639 1890 1336 254
3005 4 2 0 1 1161 3122 1268 434
3006 4 2 0 1 1268 709 3036 434
3007 4 2 0 1 184 2722 149 2436
3008 4 2 0 1 601 1283 377 2155
3009 4 2 0 1 2601 1283 1122 385
3010 4 2 0 1 601 1283 2922 377
3011 4 2 0 1 2911 2710 1289 1533
3012 4 2 0 1 1210 1104 957 750
3013 4 2 0 1 991 1211 534 714
3014 4 2 0 1 1889 2851 1974 1284
3015 4 2 0 1 2585 1989 2298 1212
3016 4 2 0 1 2851 764 1284 1889
3017 4 2 0 1 2464 772 1490 1447
3018 4 2 0 1 774 1447 1490 772
3019 4 2 0 1 1412 1447 804 970
3020 4 2 0 1 2884 1284 764 1889
3021 4 2 0 1 190 2129 2513 1638
3022 4 2 0 1 1135 2539 611 2468
3023 4 2 0 1 2468 2378 2677 443
3024 4 2 0 1 896 1709 1631 1493
3025 4 2 0 1 611 1167 2468 2378
3026 4 2 0 1 1354 2155 972 377
3027 4 2 0 1 1189 1029 972 1354
3028 4 2 0 1 190 2129 1638 2628
3029 4 2 0 1 1189 1029 1354 969
3030 4 2 0 1 385 1354 377 2155
3031 4 2 0 1 2037 3209 1244 689
3032 4 2 0 1 56 1423 648 1244
3033 4 2 0 1 851 642 802 1162
3034 4 2 0 1 2276 815 3212 1836
3035 4 2 0 1 1440 3240 2318 3216
3036 4 2 0 1 909 1440 2318 1769
3037 4 2 0 1 3207 815 3212 2276
3038 4 2 0 1 1160 397 1332 1259
3039 4 2 0 1 436 1495 405 2757
3040 4 2 0 1 2212 385 1122 3233
3041 4 2 0 1 1259 1332 869 397
3042 4 2 0 1 1247 1264 580 43
3043 4 2 0 1 397 1259 3091 869
3044 4 2 0 1 3027 2331 1558 3132
3045 4 2 0 1 385 2212 1122 2662
3046 4 2 0 1 491 931 561 749
3047 4 2 0 1 2976 3015 1558 3192
3048 4 2 0 1 749 1249 931 561
3049 4 2 0 1 667 375 2619 1564
3050 4 2 0 1 96 1734 70 1724
3051 4 2 0 1 397 1332 869 1542
3052 4 2 0 1 2874 1363 2617 2650
3053 4 2 0 1 2163 1734 96 1724
3054 4 2 0 1 1251 748 1488 967
3055 4 2 0 1 2874 975 2617 1363
3056 4 2 0 1 2044 1994 970 547
3057 4 2 0 1 2815 2610 2402 1383
3058 4 2 0 1 2044 1412 970 1994
3059 4 2 0 1 2610 2815 514 1383
3060 4 2 0 1 1338 1403 2803 73
3061 4 2 0 1 1192 2730 3063 1639
3062 4 2 0 1 2803 1403 120 73
3063 4 2 0 1 3150 2730 1192 1639
3064 4 2 0 1 1559 1201 2264 2312
3065 4 2 0 1 1001 1345 151 1008
3066 4 2 0 1 1001 954 151 1345
3067 4 2 0 1 2264 1716 910 1559
3068 4 2 0 1 954 1286 151 1345
3069 4 2 0 1 2730 1466 1531 1639
3070 4 2 0 1 969 646 1354 1131
3071 4 2 0 1 2128 2724 1159 2155
3072 4 2 0 1 2128 972 1354 2155
3073 4 2 0 1 301 1448 304 2480
3074 4 2 0 1 2940 304 2480 301
3075 4 2 0 1 692 1964 1134 1436
3076 4 2 0 1 899 1574 1713 1871
3077 4 2 0 1 2757 447 1713 2246
3078 4 2 0 1 2034 1256 826 1371
3079 4 2 0 1 54 2005 1241 1662
3080 4 2 0 1 1241 1539 1662 2005
3081 4 2 0 1 392 1959 827 608
3082 4 2 0 1 1078 2205 208 154
3083 4 2 0 1 154 1458 1078 2205
3084 4 2 0 1 696 725 1091 926
3085 4 2 0 1 1104 1210 2593 3202
3086 4 2 0 1 966 725 696 1769
3087 4 2 0 1 2180 1851 2182 192
3088 4 2 0 1 1769 725 926 3070
3089 4 2 0 1 1851 2009 2182 192
3090 4 2 0 1 1996 479 1390 1931
3091 4 2 0 1 1615 1931 1122 1390
3092 4 2 0 1 544 1006 1156 1049
3093 4 2 0 1 1931 1390 1996 1122
3094 4 2 0 1 2566 1390 479 1931
3095 4 2 0 1 1615 2566 1931 1390
3096 4 2 0 1 910 2264 1591 1744
3097 4 2 0 1 3076 3154 3226 2843
3098 4 2 0 1 721 299 669 1520
3099 4 2 0 1 1803 3165 2401 320
3100 4 2 0 1 2144 2302 1587 1946
3101 4 2 0 1 721 299 2209 669
3102 4 2 0 1 2144 1490 1673 2595
3103 4 2 0 1 113 160 2018 95
3104 4 2 0 1 113 2018 2575 801
3105 4 2 0 1 669 2209 2618 299
3106 4 2 0 1 2202 496 352 363
3107 4 2 0 1 1293 1353 1183 1885
3108 4 2 0 1 113 95 2018 801
3109 4 2 0 1 1317 3010 1353 1885
3110 4 2 0 1 1651 384 715 2308
3111 4 2 0 1 2052 1651 1136 2308
3112 4 2 0 1 1550 1299 2206 118
3113 4 2 0 1 1317 1353 1293 1885
3114 4 2 0 1 1254 1453 2622 2073
3115 4 2 0 1 3010 1240 1353 1885
3116 4 2 0 1 1298 2433 616 2960
3117 4 2 0 1 2507 1486 702 620
3118 4 2 0 1 2507 1486 620 3126
3119 4 2 0 1 2119 992 1763 791
3120 4 2 0 1 53 1302 1124 973
3121 4 2 0 1 3035 1090 2956 2185
3122 4 2 0 1 2255 1929 69 2815
3123 4 2 0 1 281 1242 1480 493
3124 4 2 0 1 3031 1206 1754 2026
3125 4 2 0 1 489 1423 1907 45
3126 4 2 0 1 1418 523 2379 2913
3127 4 2 0 1 523 1993 2913 1418
3128 4 2 0 1 523 2836 2913 1993
3129 4 2 0 1 2507 1486 695 702
3130 4 2 0 1 612 1036 522 1428
3131 4 2 0 1 2579 2520 213 1842
3132 4 2 0 1 1420 744 1594 1968
3133 4 2 0 1 1420 2504 1594 744
3134 4 2 0 1 149 1087 142 2507
3135 4 2 0 1 1852 1087 149 2507
3136 4 2 0 1 850 732 549 584
3137 4 2 0 1 1193 1852 149 2507
3138 4 2 0 1 791 2119 1260 1763
3139 4 2 0 1 149 2436 1193 2507
3140 4 2 0 1 2507 3126 149 2436
3141 4 2 0 1 2507 142 149 3126
3142 4 2 0 1 2160 2992 323 1883
3143 4 2 0 1 3014 2039 1883 2912
3144 4 2 0 1 2340 996 1956 2153
3145 4 2 0 1 190 510 1638 2513
3146 4 2 0 1 1664 190 510 1638
3147 4 2 0 1 1956 996 2340 2268
3148 4 2 0 1 1956 996 2268 2567
3149 4 2 0 1 190 510 2513 140
3150 4 2 0 1 2581 3191 2447 300
3151 4 2 0 1 2447 300 1465 2581
3152 4 2 0 1 3047 1596 887 2459
3153 4 2 0 1 474 1174 2201 613
3154 4 2 0 1 1807 264 3065 1623
3155 4 2 0 1 474 2146 1174 613
3156 4 2 0 1 1358 1112 1459 2661
3157 4 2 0 1 988 3062 1623 264
3158 4 2 0 1 264 3062 1623 1807
3159 4 2 0 1 2394 1346 2934 1207
3160 4 2 0 1 2125 1205 394 498
3161 4 2 0 1 394 498 1542 2125
3162 4 2 0 1 705 2715 1622 3188
3163 4 2 0 1 2934 1346 372 1207
3164 4 2 0 1 1278 492 1238 1494
3165 4 2 0 1 1494 492 1290 482
3166 4 2 0 1 394 1542 2140 2125
3167 4 2 0 1 3188 705 1582 1622
3168 4 2 0 1 2409 1748 795 1674
3169 4 2 0 1 795 2549 2409 1674
3170 4 2 0 1 754 2549 795 1674
3171 4 2 0 1 509 1461 2164 2248
3172 4 2 0 1 1809 849 878 1429
3173 4 2 0 1 849 741 2143 1809
3174 4 2 0 1 1429 878 1809 1948
3175 4 2 0 1 2935 3110 1362 2774
3176 4 2 0 1 2276 815 858 2587
3177 4 2 0 1 2276 858 938 2587
3178 4 2 0 1 3206 2587 2276 938
3179 4 2 0 1 2587 815 811 2276
3180 4 2 0 1 2276 811 2587 2070
3181 4 2 0 1 17 1339 1281 9
3182 4 2 0 1 17 9 1281 24
3183 4 2 0 1 24 9 1281 1938
3184 4 2 0 1 1355 2722 2206 3002
3185 4 2 0 1 3206 2070 2276 2587
3186 4 2 0 1 2511 1355 184 2722
3187 4 2 0 1 3150 1466 2730 1639
3188 4 2 0 1 2590 499 332 324
3189 4 2 0 1 1390 2804 1712 1123
3190 4 2 0 1 320 2716 499 336
3191 4 2 0 1 1096 888 1350 389
3192 4 2 0 1 1700 389 888 1096
3193 4 2 0 1 253 204 216 2283
3194 4 2 0 1 2283 266 253 2798
3195 4 2 0 1 1340 481 1267 1110
3196 4 2 0 1 253 266 2283 216
3197 4 2 0 1 504 2782 1538 1838
3198 4 2 0 1 885 491 561 1846
3199 4 2 0 1 3042 1312 2650 1540
3200 4 2 0 1 491 749 561 1846
3201 4 2 0 1 1465 2712 1869 519
3202 4 2 0 1 1561 594 1409 945
3203 4 2 0 1 1465 519 2079 300
3204 4 2 0 1 1409 1561 1966 594
3205 4 2 0 1 3042 1540 2650 2223
3206 4 2 0 1 2049 1523 669 1198
3207 4 2 0 1 1465 519 1869 2079
3208 4 2 0 1 1165 2712 520 2358
3209 4 2 0 1 34 564 47 1326
3210 4 2 0 1 564 560 1326 943
3211 4 2 0 1 3073 1840 720 686
3212 4 2 0 1 1182 1479 1330 1069
3213 4 2 0 1 1182 3054 1479 1069
3214 4 2 0 1 419 1607 1788 701
3215 4 2 0 1 3073 1840 686 470
3216 4 2 0 1 686 1487 3073 470
3217 4 2 0 1 2222 3042 1953 1786
3218 4 2 0 1 2222 1953 3042 2223
3219 4 2 0 1 1495 1350 1707 2102
3220 4 2 0 1 1574 898 1713 1515
3221 4 2 0 1 1515 2757 1574 1495
3222 4 2 0 1 516 1866 1421 1360
3223 4 2 0 1 1424 1288 521 531
3224 4 2 0 1 1326 564 47 1288
3225 4 2 0 1 1210 3202 1104 750
3226 4 2 0 1 818 1738 2323 2901
3227 4 2 0 1 818 2323 2604 2901
3228 4 2 0 1 358 1816 1536 1202
3229 4 2 0 1 1020 589 1075 735
3230 4 2 0 1 374 1202 1816 358
3231 4 2 0 1 846 818 2323 2604
3232 4 2 0 1 358 2585 374 1202
3233 4 2 0 1 63 1847 3209 1679
3234 4 2 0 1 1804 1290 789 983
3235 4 2 0 1 983 1290 1494 7
3236 4 2 0 1 63 1847 1679 2059
3237 4 2 0 1 358 1536 1877 1202
3238 4 2 0 1 358 1202 1877 2585
3239 4 2 0 1 2679 2720 1245 3065
3240 4 2 0 1 495 1311 1448 2244
3241 4 2 0 1 1020 1013 589 735
3242 4 2 0 1 679 1311 495 2244
3243 4 2 0 1 2361 1434 1362 1474
3244 4 2 0 1 106 505 2288 1292
3245 4 2 0 1 2408 986 1684 1824
3246 4 2 0 1 1292 2288 106 2649
3247 4 2 0 1 106 2649 2288 131
3248 4 2 0 1 871 623 591 718
3249 4 2 0 1 1136 1651 715 2308
3250 4 2 0 1 1921 1536 2977 1972
3251 4 2 0 1 1251 2040 1972 1488
3252 4 2 0 1 2040 1972 1921 1251
3253 4 2 0 1 605 1126 1777 2887
3254 4 2 0 1 2308 2759 715 1136
3255 4 2 0 1 715 1136 2759 3012
3256 4 2 0 1 1314 473 1179 1036
3257 4 2 0 1 1369 936 1294 893
3258 4 2 0 1 2096 1377 471 1036
3259 4 2 0 1 1473 547 2469 2073
3260 4 2 0 1 1830 1473 547 2469
3261 4 2 0 1 1566 2965 1546 2835
3262 4 2 0 1 1777 1126 53 55
3263 4 2 0 1 580 1264 6 1276
3264 4 2 0 1 2521 3066 1504 1313
3265 4 2 0 1 3061 935 1474 1051
3266 4 2 0 1 1853 510 1114 1475
3267 4 2 0 1 1475 729 1114 1863
3268 4 2 0 1 3061 1051 1474 3141
3269 4 2 0 1 2678 1372 1282 1456
3270 4 2 0 1 1853 1475 1114 1863
3271 4 2 0 1 3110 1372 2678 1456
3272 4 2 0 1 745 783 3226 2974
3273 4 2 0 1 2678 1372 2593 1282
3274 4 2 0 1 2678 2140 2593 1372
3275 4 2 0 1 2140 1372 2678 3110
3276 4 2 0 1 877 1822 690 2537
3277 4 2 0 1 2537 1822 690 2768
3278 4 2 0 1 2609 782 1297 8
3279 4 2 0 1 3118 1822 2768 690
3280 4 2 0 1 3118 2912 1822 690
3281 4 2 0 1 101 487 508 1601
3282 4 2 0 1 37 1077 3143 41
3283 4 2 0 1 148 95 2018 160
3284 4 2 0 1 3143 2645 1077 37
3285 4 2 0 1 3143 30 2645 37
3286 4 2 0 1 1480 493 570 270
3287 4 2 0 1 281 1480 270 493
3288 4 2 0 1 1281 536 1307 1938
3289 4 2 0 1 1938 1307 24 1477
3290 4 2 0 1 1172 1257 426 408
3291 4 2 0 1 1001 1008 151 1291
3292 4 2 0 1 103 1499 2162 2743
3293 4 2 0 1 1662 54 51 2711
3294 4 2 0 1 1001 1291 2521 1008
3295 4 2 0 1 2593 1104 2869 1756
3296 4 2 0 1 2593 2869 3202 1282
3297 4 2 0 1 576 1309 2096 551
3298 4 2 0 1 2062 51 2711 1662
3299 4 2 0 1 538 814 2760 1488
3300 4 2 0 1 748 1488 967 794
3301 4 2 0 1 2593 3202 2869 1104
3302 4 2 0 1 2760 814 763 1488
3303 4 2 0 1 2347 506 2229 1689
3304 4 2 0 1 56 2606 1149 1061
3305 4 2 0 1 1120 1822 2268 877
3306 4 2 0 1 2347 506 1689 1067
3307 4 2 0 1 1251 1488 538 967
3308 4 2 0 1 1372 2869 2593 1282
3309 4 2 0 1 1372 2140 2593 2869
3310 4 2 0 1 763 2760 1488 794
3311 4 2 0 1 117 1262 97 1482
3312 4 2 0 1 117 1482 71 93
3313 4 2 0 1 2593 2869 2140 1756
3314 4 2 0 1 1482 1262 97 1886
3315 4 2 0 1 1063 559 1161 808
3316 4 2 0 1 784 61 1691 3074
3317 4 2 0 1 1691 784 2335 61
3318 4 2 0 1 51 1539 2062 633
3319 4 2 0 1 1662 2062 1539 1241
3320 4 2 0 1 51 2062 1539 1662
3321 4 2 0 1 2062 1539 1241 540
3322 4 2 0 1 2062 1539 540 633
3323 4 2 0 1 1691 3240 3074 792
3324 4 2 0 1 545 614 1356 438
3325 4 2 0 1 438 1356 946 614
3326 4 2 0 1 527 2038 2059 2683
3327 4 2 0 1 2617 588 437 1280
3328 4 2 0 1 1450 1184 1006 1049
3329 4 2 0 1 2832 1540 1953 1035
3330 4 2 0 1 815 2033 1861 3212
3331 4 2 0 1 2017 2617 437 1280
3332 4 2 0 1 2017 975 437 2617
3333 4 2 0 1 2617 975 437 1363
3334 4 2 0 1 3231 2044 1412 2422
3335 4 2 0 1 2418 629 360 1333
3336 4 2 0 1 2617 1363 437 588
3337 4 2 0 1 2418 1747 360 629
3338 4 2 0 1 158 193 1919 146
3339 4 2 0 1 3215 1776 2008 3208
3340 4 2 0 1 1919 193 2184 2187
3341 4 2 0 1 1919 2810 158 146
3342 4 2 0 1 1652 1954 1802 792
3343 4 2 0 1 2385 1133 872 1654
3344 4 2 0 1 2497 2499 76 3211
3345 4 2 0 1 1732 2675 1315 461
3346 4 2 0 1 568 1003 1398 1076
3347 4 2 0 1 2497 83 76 2499
3348 4 2 0 1 3143 30 2506 2645
3349 4 2 0 1 467 2675 1732 461
3350 4 2 0 1 1318 704 1056 487
3351 4 2 0 1 487 704 508 1318
3352 4 2 0 1 2015 1425 2487 1481
3353 4 2 0 1 258 1849 2706 1676
3354 4 2 0 1 2280 2147 2158 740
3355 4 2 0 1 1676 1849 2706 1455
3356 4 2 0 1 3215 1626 2008 1776
3357 4 2 0 1 604 1945 265 1958
3358 4 2 0 1 2706 1849 2556 1455
3359 4 2 0 1 115 842 488 2531
3360 4 2 0 1 2860 1958 1169 2252
3361 4 2 0 1 1318 1056 560 487
3362 4 2 0 1 2604 818 1697 846
3363 4 2 0 1 1958 1169 1945 2860
3364 4 2 0 1 1402 2158 2147 740
3365 4 2 0 1 115 2586 2531 2176
3366 4 2 0 1 1697 818 1059 846
3367 4 2 0 1 1656 2801 538 769
3368 4 2 0 1 538 1200 769 2801
3369 4 2 0 1 3073 1487 2200 2900
3370 4 2 0 1 1487 2215 2900 470
3371 4 2 0 1 106 2288 185 131
3372 4 2 0 1 1281 1339 1089 536
3373 4 2 0 1 542 1089 789 1711
3374 4 2 0 1 528 325 2503 768
3375 4 2 0 1 768 325 2503 333
3376 4 2 0 1 2880 2151 1489 1629
3377 4 2 0 1 1996 479 1397 1390
3378 4 2 0 1 585 1264 43 485
3379 4 2 0 1 1390 1397 1996 1516
3380 4 2 0 1 2916 1712 479 1390
3381 4 2 0 1 2804 2916 1390 1712
3382 4 2 0 1 2622 1524 78 1571
3383 4 2 0 1 2926 2130 1588 3238
3384 4 2 0 1 2819 1617 2942 2238
3385 4 2 0 1 2819 2687 2238 2942
3386 4 2 0 1 1105 675 1745 1401
3387 4 2 0 1 1191 298 1478 1216
3388 4 2 0 1 2073 2469 1473 1254
3389 4 2 0 1 572 1473 2469 1254
3390 4 2 0 1 657 959 1460 3201
3391 4 2 0 1 1886 97 2431 1262
3392 4 2 0 1 992 2693 2322 834
3393 4 2 0 1 2693 1687 2322 834
3394 4 2 0 1 2507 1305 142 954
3395 4 2 0 1 623 1302 1843 1766
3396 4 2 0 1 2507 1087 142 1305
3397 4 2 0 1 1496 1158 2562 237
3398 4 2 0 1 1496 3246 1642 237
3399 4 2 0 1 1600 3238 2379 2130
3400 4 2 0 1 1496 3246 237 2379
3401 4 2 0 1 1733 2126 2186 445
3402 4 2 0 1 1733 2186 2126 906
3403 4 2 0 1 2189 73 2803 2810
3404 4 2 0 1 3011 1841 2326 1736
3405 4 2 0 1 2428 1736 1867 3011
3406 4 2 0 1 1571 1875 687 950
3407 4 2 0 1 300 519 2079 546
3408 4 2 0 1 1334 1736 1867 2428
3409 4 2 0 1 2166 328 322 2712
3410 4 2 0 1 1548 2840 2315 3171
3411 4 2 0 1 1443 1511 1724 550
3412 4 2 0 1 1195 248 274 2490
3413 4 2 0 1 259 1195 248 280
3414 4 2 0 1 280 248 274 1195
3415 4 2 0 1 2283 227 246 204
3416 4 2 0 1 2471 227 246 2283
3417 4 2 0 1 1881 2865 1452 2344
3418 4 2 0 1 2283 1975 227 204
3419 4 2 0 1 1513 681 1678 2262
3420 4 2 0 1 2471 1975 227 2283
3421 4 2 0 1 1420 2637 2432 1633
3422 4 2 0 1 1548 2315 1821 3171
3423 4 2 0 1 302 3213 3214 662
3424 4 2 0 1 2079 546 295 300
3425 4 2 0 1 1769 2872 1408 1995
3426 4 2 0 1 1737 1408 1995 1146
3427 4 2 0 1 2872 1408 1995 1737
3428 4 2 0 1 2784 2771 1037 756
3429 4 2 0 1 1446 3168 2175 2868
3430 4 2 0 1 2746 1037 2771 756
3431 4 2 0 1 1712 3234 1397 1516
3432 4 2 0 1 1663 1549 2884 1793
3433 4 2 0 1 1506 954 142 151
3434 4 2 0 1 281 270 2315 1548
3435 4 2 0 1 105 1875 2327 127
3436 4 2 0 1 1179 1314 33 24
3437 4 2 0 1 1036 1314 1377 1125
3438 4 2 0 1 281 2315 1821 1548
3439 4 2 0 1 281 1821 1558 1548
3440 4 2 0 1 1182 1783 1119 1549
3441 4 2 0 1 1663 1889 2884 1549
3442 4 2 0 1 1901 3038 300 1027
3443 4 2 0 1 1901 660 3038 1027
3444 4 2 0 1 2263 1645 3259 2945
3445 4 2 0 1 1335 2945 2001 3009
3446 4 2 0 1 994 2104 41 3143
3447 4 2 0 1 3176 1394 2150 2465
3448 4 2 0 1 1663 1119 1549 1182
3449 4 2 0 1 3251 1243 1512 1840
3450 4 2 0 1 3194 2945 3009 2001
3451 4 2 0 1 1629 1840 1243 1675
3452 4 2 0 1 3251 3178 1512 1243
3453 4 2 0 1 1542 371 1151 394
3454 4 2 0 1 371 1151 985 1542
3455 4 2 0 1 1628 2125 467 2675
3456 4 2 0 1 890 1338 1704 1813
3457 4 2 0 1 1338 609 1403 73
3458 4 2 0 1 2992 1198 1883 2544
3459 4 2 0 1 2049 2992 2914 323
3460 4 2 0 1 2992 1883 2914 323
3461 4 2 0 1 1077 2104 3143 41
3462 4 2 0 1 2156 3095 1520 652
3463 4 2 0 1 1239 1060 2618 2714
3464 4 2 0 1 1384 3094 1243 2958
3465 4 2 0 1 329 1555 2681 1977
3466 4 2 0 1 1555 1523 2827 329
3467 4 2 0 1 1844 1757 248 2564
3468 4 2 0 1 229 1844 1334 1757
3469 4 2 0 1 766 2960 2433 1245
3470 4 2 0 1 247 3224 1640 2952
3471 4 2 0 1 3234 2804 1614 2560
3472 4 2 0 1 1245 3249 766 2960
3473 4 2 0 1 1392 917 1346 1400
3474 4 2 0 1 1783 2897 2787 3173
3475 4 2 0 1 1523 1555 2681 329
3476 4 2 0 1 1346 502 1392 1400
3477 4 2 0 1 605 2887 2448 2783
3478 4 2 0 1 548 2383 525 959
3479 4 2 0 1 605 591 2887 2783
3480 4 2 0 1 605 2506 1341 478
3481 4 2 0 1 1238 492 7 1494
3482 4 2 0 1 1494 492 7 1290
3483 4 2 0 1 525 3200 1343 2644
3484 4 2 0 1 1236 2344 1266 2766
3485 4 2 0 1 1344 897 35 48
3486 4 2 0 1 1236 2344 2764 1266
3487 4 2 0 1 2000 1765 197 162
3488 4 2 0 1 132 1806 1505 2095
3489 4 2 0 1 2621 115 1505 144
3490 4 2 0 1 1765 162 773 197
3491 4 2 0 1 162 1765 2968 2000
3492 4 2 0 1 1765 162 680 773
3493 4 2 0 1 1765 162 2968 680
3494 4 2 0 1 1176 1181 2613 2960
3495 4 2 0 1 1591 2875 2186 1744
3496 4 2 0 1 2186 2126 906 1744
3497 4 2 0 1 1604 293 2203 751
3498 4 2 0 1 490 1847 1303 63
3499 4 2 0 1 580 1264 1276 43
3500 4 2 0 1 850 1276 549 580
3501 4 2 0 1 2860 2252 1169 2741
3502 4 2 0 1 1884 992 791 1790
3503 4 2 0 1 614 1356 946 1973
3504 4 2 0 1 3251 1675 1243 1840
3505 4 2 0 1 2703 3101 2601 2389
3506 4 2 0 1 3178 3250 1512 1243
3507 4 2 0 1 3179 1717 908 1574
3508 4 2 0 1 922 400 1185 1042
3509 4 2 0 1 362 1730 726 682
3510 4 2 0 1 1844 1757 229 248
3511 4 2 0 1 2171 407 1185 922
3512 4 2 0 1 2740 1188 659 2286
3513 4 2 0 1 358 1518 2250 827
3514 4 2 0 1 3145 896 1774 892
3515 4 2 0 1 247 728 262 1066
3516 4 2 0 1 2244 495 679 993
3517 4 2 0 1 676 1360 1866 698
3518 4 2 0 1 2953 1855 404 388
3519 4 2 0 1 2953 1855 1192 1569
3520 4 2 0 1 1572 3231 1577 2802
3521 4 2 0 1 2802 3241 1572 1376
3522 4 2 0 1 2422 1572 1376 2802
3523 4 2 0 1 2851 3122 1974 1284
3524 4 2 0 1 1577 2108 1599 1572
3525 4 2 0 1 2940 2480 315 1740
3526 4 2 0 1 3231 1572 2422 2802
3527 4 2 0 1 2574 3000 2730 3091
3528 4 2 0 1 1937 305 308 2545
3529 4 2 0 1 308 2545 1811 1937
3530 4 2 0 1 1727 3000 3091 2730
3531 4 2 0 1 2055 2830 3051 553
3532 4 2 0 1 869 3091 3000 2598
3533 4 2 0 1 1727 869 3091 3000
3534 4 2 0 1 1046 1788 1973 946
3535 4 2 0 1 3263 1046 1973 1485
3536 4 2 0 1 950 702 1504 620
3537 4 2 0 1 1486 1504 702 620
3538 4 2 0 1 1486 1504 620 3126
3539 4 2 0 1 1527 1245 1838 766
3540 4 2 0 1 1441 1015 913 672
3541 4 2 0 1 3126 1504 620 3060
3542 4 2 0 1 131 2288 1188 2286
3543 4 2 0 1 1527 1245 766 2433
3544 4 2 0 1 484 1264 580 1247
3545 4 2 0 1 1415 2292 476 1324
3546 4 2 0 1 482 1264 484 1247
3547 4 2 0 1 21 580 6 850
3548 4 2 0 1 1110 481 483 1340
3549 4 2 0 1 1324 2292 476 524
3550 4 2 0 1 638 1340 733 557
3551 4 2 0 1 1074 2292 1415 1324
3552 4 2 0 1 137 1262 173 1784
3553 4 2 0 1 1074 2292 1502 2476
3554 4 2 0 1 1583 1502 524 2292
3555 4 2 0 1 1262 2109 173 1784
3556 4 2 0 1 1663 1889 1352 2884
3557 4 2 0 1 1511 1309 1021 550
3558 4 2 0 1 960 1943 3021 577
3559 4 2 0 1 821 1076 1374 3190
3560 4 2 0 1 1587 2802 2422 1376
3561 4 2 0 1 1193 2345 695 2507
3562 4 2 0 1 2436 2345 1193 2507
3563 4 2 0 1 1859 1430 1330 2568
3564 4 2 0 1 1859 2568 1330 2110
3565 4 2 0 1 2345 1486 695 2507
3566 4 2 0 1 1216 298 1478 3071
3567 4 2 0 1 2507 3126 2436 1486
3568 4 2 0 1 615 2339 3071 1478
3569 4 2 0 1 1850 1216 3071 298
3570 4 2 0 1 3073 1862 1737 2900
3571 4 2 0 1 1530 3200 1404 1073
3572 4 2 0 1 2580 1073 3200 1530
3573 4 2 0 1 1530 1073 1410 2580
3574 4 2 0 1 2115 1073 1410 1530
3575 4 2 0 1 2514 1073 2115 1530
3576 4 2 0 1 2514 1530 1404 1073
3577 4 2 0 1 388 3091 3157 367
3578 4 2 0 1 1036 1377 471 1125
3579 4 2 0 1 3072 1440 1691 3240
3580 4 2 0 1 1440 784 3072 1691
3581 4 2 0 1 51 1004 1301 718
3582 4 2 0 1 1321 644 2750 548
3583 4 2 0 1 718 1004 2064 51
3584 4 2 0 1 1818 1791 2150 1391
3585 4 2 0 1 2465 1932 1791 1928
3586 4 2 0 1 920 2661 1564 1431
3587 4 2 0 1 630 1589 1325 1239
3588 4 2 0 1 2013 630 1239 1589
3589 4 2 0 1 630 3102 2717 1589
3590 4 2 0 1 2717 1589 1325 630
3591 4 2 0 1 1921 1536 1972 2608
3592 4 2 0 1 1974 1109 2851 1889
3593 4 2 0 1 2884 1284 1889 1974
3594 4 2 0 1 2040 2608 1921 1972
3595 4 2 0 1 77 89 141 2100
3596 4 2 0 1 1558 1650 2976 3192
3597 4 2 0 1 1089 536 1307 1281
3598 4 2 0 1 77 89 2100 2707
3599 4 2 0 1 872 2335 2275 1180
3600 4 2 0 1 1654 2275 872 2335
3601 4 2 0 1 2335 1468 872 1654
3602 4 2 0 1 1853 1025 1270 1857
3603 4 2 0 1 793 2109 2471 2002
3604 4 2 0 1 793 2002 2471 1028
3605 4 2 0 1 589 1941 976 1072
3606 4 2 0 1 3127 879 3048 3133
3607 4 2 0 1 2726 345 337 1187
3608 4 2 0 1 1187 2726 345 2589
3609 4 2 0 1 1159 1187 345 2589
3610 4 2 0 1 1761 1274 719 1753
3611 4 2 0 1 1546 1507 2965 1566
3612 4 2 0 1 2289 2666 2089 2939
3613 4 2 0 1 2289 2666 1263 567
3614 4 2 0 1 2191 1597 1271 2107
3615 4 2 0 1 1597 213 2294 2191
3616 4 2 0 1 2191 213 1271 1597
3617 4 2 0 1 1264 482 484 542
3618 4 2 0 1 1388 52 45 1952
3619 4 2 0 1 259 2578 1648 1195
3620 4 2 0 1 2756 828 2279 2240
3621 4 2 0 1 2756 828 739 2279
3622 4 2 0 1 818 2863 1697 3230
3623 4 2 0 1 1697 818 1300 1059
3624 4 2 0 1 2876 2563 1653 2998
3625 4 2 0 1 3200 1073 2580 1064
3626 4 2 0 1 235 1770 2579 1842
3627 4 2 0 1 818 1697 1300 2485
3628 4 2 0 1 2485 3230 818 1697
3629 4 2 0 1 1842 2216 2579 235
3630 4 2 0 1 235 2216 1797 1842
3631 4 2 0 1 1619 1490 772 774
3632 4 2 0 1 227 203 2365 2238
3633 4 2 0 1 2442 1710 822 1622
3634 4 2 0 1 2238 2365 227 2735
3635 4 2 0 1 1619 2145 772 1673
3636 4 2 0 1 2975 2424 3147 2714
3637 4 2 0 1 2387 383 1319 2589
3638 4 2 0 1 1673 1619 1490 772
3639 4 2 0 1 953 1619 772 774
3640 4 2 0 1 953 2145 772 1619
3641 4 2 0 1 1984 258 2706 1676
3642 4 2 0 1 1984 1093 2706 258
3643 4 2 0 1 527 680 1256 951
3644 4 2 0 1 1256 2038 680 527
3645 4 2 0 1 2788 1545 680 527
3646 4 2 0 1 1808 1182 1663 1793
3647 4 2 0 1 2038 680 527 2854
3648 4 2 0 1 2699 1808 1069 1592
3649 4 2 0 1 2526 1557 88 104
3650 4 2 0 1 1808 1793 1663 3087
3651 4 2 0 1 1808 2708 1793 3087
3652 4 2 0 1 1592 2699 1808 2479
3653 4 2 0 1 2854 680 527 2788
3654 4 2 0 1 2717 3102 630 2734
3655 4 2 0 1 2734 630 2440 867
3656 4 2 0 1 1152 1702 881 1967
3657 4 2 0 1 429 737 449 2725
3658 4 2 0 1 3025 1741 2321 74
3659 4 2 0 1 414 1559 1620 417
3660 4 2 0 1 440 1559 428 414
3661 4 2 0 1 3102 867 630 2734
3662 4 2 0 1 2264 1716 1559 2636
3663 4 2 0 1 2681 3147 2424 3049
3664 4 2 0 1 2904 2933 2701 2357
3665 4 2 0 1 2717 630 2882 2734
3666 4 2 0 1 171 2701 2904 2380
3667 4 2 0 1 2701 2502 2818 2933
3668 4 2 0 1 2734 2871 2440 630
3669 4 2 0 1 1811 2545 321 2508
3670 4 2 0 1 1821 1814 809 1789
3671 4 2 0 1 2734 630 2882 2871
3672 4 2 0 1 1814 1385 1821 809
3673 4 2 0 1 2007 1385 1821 1814
3674 4 2 0 1 296 674 298 1562
3675 4 2 0 1 1960 1478 1562 298
3676 4 2 0 1 1821 1814 2535 2007
3677 4 2 0 1 674 1478 298 1562
3678 4 2 0 1 299 721 1563 1520
3679 4 2 0 1 1821 1789 2535 1814
3680 4 2 0 1 2586 2180 144 192
3681 4 2 0 1 2586 1851 2180 192
3682 4 2 0 1 1262 137 2431 1784
3683 4 2 0 1 1565 1943 2200 2900
3684 4 2 0 1 2156 1298 1567 1623
3685 4 2 0 1 804 1447 1490 776
3686 4 2 0 1 774 776 1490 1447
3687 4 2 0 1 1854 2138 1254 1327
3688 4 2 0 1 140 2513 508 510
3689 4 2 0 1 2112 807 2808 3218
3690 4 2 0 1 872 3159 1579 2336
3691 4 2 0 1 1065 1880 1022 2806
3692 4 2 0 1 2806 598 1065 1219
3693 4 2 0 1 1219 598 1065 861
3694 4 2 0 1 1402 3193 2795 1054
3695 4 2 0 1 2321 110 2176 145
3696 4 2 0 1 708 672 548 1348
3697 4 2 0 1 1119 1109 1549 386
3698 4 2 0 1 2844 1228 2204 2299
3699 4 2 0 1 2844 2299 2204 761
3700 4 2 0 1 2986 2299 2003 336
3701 4 2 0 1 2017 2249 559 2874
3702 4 2 0 1 1639 1569 1210 3063
3703 4 2 0 1 559 2249 2017 808
3704 4 2 0 1 3224 2765 3020 2952
3705 4 2 0 1 1420 2637 2921 2432
3706 4 2 0 1 1420 744 1444 2504
3707 4 2 0 1 1569 1192 3063 1639
3708 4 2 0 1 1244 1023 648 1370
3709 4 2 0 1 1548 270 2315 2840
3710 4 2 0 1 2840 1548 270 2170
3711 4 2 0 1 2190 2045 1794 1999
3712 4 2 0 1 1794 1914 2937 2190
3713 4 2 0 1 493 1576 1382 2488
3714 4 2 0 1 1276 512 549 43
3715 4 2 0 1 2937 2045 1794 2190
3716 4 2 0 1 1577 3231 1994 2802
3717 4 2 0 1 1994 2802 2342 1577
3718 4 2 0 1 995 757 3081 1985
3719 4 2 0 1 1212 1931 1996 3233
3720 4 2 0 1 479 1985 995 3081
3721 4 2 0 1 809 848 2147 1368
3722 4 2 0 1 1402 2147 1368 809
3723 4 2 0 1 1402 2147 809 740
3724 4 2 0 1 217 2241 2532 182
3725 4 2 0 1 2241 2243 2532 182
3726 4 2 0 1 1282 1432 3202 2219
3727 4 2 0 1 1372 1432 1282 1456
3728 4 2 0 1 3110 1432 1372 1456
3729 4 2 0 1 1256 3029 826 1371
3730 4 2 0 1 951 826 1256 3029
3731 4 2 0 1 1221 2219 1432 2731
3732 4 2 0 1 2731 2219 1432 3110
3733 4 2 0 1 3202 2219 1432 1221
3734 4 2 0 1 2083 2038 1644 1827
3735 4 2 0 1 223 1957 2990 1760
3736 4 2 0 1 844 2824 864 2909
3737 4 2 0 1 615 690 3071 2339
3738 4 2 0 1 2854 2038 2083 1827
3739 4 2 0 1 99 2854 2083 1827
3740 4 2 0 1 1919 193 2187 146
3741 4 2 0 1 1202 2319 2291 1218
3742 4 2 0 1 254 1890 2896 2639
3743 4 2 0 1 2187 2810 1919 146
3744 4 2 0 1 1890 3170 254 2896
3745 4 2 0 1 1890 277 2896 2639
3746 4 2 0 1 277 3170 1890 2896
3747 4 2 0 1 524 1328 613 649
3748 4 2 0 1 2292 1583 1328 524
3749 4 2 0 1 524 1583 1328 649
3750 4 2 0 1 524 1583 649 1502
3751 4 2 0 1 1502 2476 2292 1583
3752 4 2 0 1 703 944 1584 1230
3753 4 2 0 1 98 703 83 1584
3754 4 2 0 1 1837 953 771 1619
3755 4 2 0 1 953 774 771 1619
3756 4 2 0 1 1331 543 265 1833
3757 4 2 0 1 2886 2344 1586 1881
3758 4 2 0 1 543 197 1833 1331
3759 4 2 0 1 2857 2344 2097 1586
3760 4 2 0 1 215 543 197 1833
3761 4 2 0 1 81 1389 90 3216
3762 4 2 0 1 215 2224 543 1833
3763 4 2 0 1 883 3235 1203 2983
3764 4 2 0 1 52 1423 2032 56
3765 4 2 0 1 2224 543 1833 265
3766 4 2 0 1 1326 1288 1424 531
3767 4 2 0 1 3027 3043 290 2632
3768 4 2 0 1 3015 2976 1558 2632
3769 4 2 0 1 1425 1323 599 1491
3770 4 2 0 1 147 187 2027 2343
3771 4 2 0 1 2343 2184 187 2027
3772 4 2 0 1 365 2369 1801 380
3773 4 2 0 1 2831 1801 380 1630
3774 4 2 0 1 2814 297 1834 303
3775 4 2 0 1 297 310 1834 303
3776 4 2 0 1 2145 953 2012 1619
3777 4 2 0 1 2464 2144 1587 1497
3778 4 2 0 1 2001 3009 3194 2052
3779 4 2 0 1 2558 2556 987 1455
3780 4 2 0 1 2558 1521 1455 987
3781 4 2 0 1 1676 1521 1455 2558
3782 4 2 0 1 1676 2706 2558 1455
3783 4 2 0 1 2558 2706 2556 1455
3784 4 2 0 1 1944 845 1698 1364
3785 4 2 0 1 1566 3220 1590 2835
3786 4 2 0 1 1721 3220 1590 3006
3787 4 2 0 1 2674 1590 1916 1813
3788 4 2 0 1 2572 1364 845 1944
3789 4 2 0 1 3246 1116 480 875
3790 4 2 0 1 2150 1651 1136 2052
3791 4 2 0 1 2053 2572 845 1944
3792 4 2 0 1 1428 491 612 1344
3793 4 2 0 1 491 931 897 1344
3794 4 2 0 1 1036 1125 1428 48
3795 4 2 0 1 2150 2764 1651 2052
3796 4 2 0 1 612 35 1428 1344
3797 4 2 0 1 2052 2759 1136 2150
3798 4 2 0 1 1710 1741 896 1981
3799 4 2 0 1 3124 1167 1593 2702
3800 4 2 0 1 307 2401 1899 3165
3801 4 2 0 1 896 1741 2351 1140
3802 4 2 0 1 457 2725 1702 1593
3803 4 2 0 1 819 1380 932 1052
3804 4 2 0 1 2052 1992 2759 2150
3805 4 2 0 1 1710 1741 1543 896
3806 4 2 0 1 896 911 1741 1140
3807 4 2 0 1 279 2518 260 1220
3808 4 2 0 1 3047 1694 1596 2459
3809 4 2 0 1 1543 1741 2351 896
3810 4 2 0 1 1981 1741 896 911
3811 4 2 0 1 1303 986 2037 1388
3812 4 2 0 1 2037 986 1303 3209
3813 4 2 0 1 2277 989 238 212
3814 4 2 0 1 2011 937 2277 238
3815 4 2 0 1 1476 998 981 711
3816 4 2 0 1 2011 2277 989 238
3817 4 2 0 1 501 1476 1632 2266
3818 4 2 0 1 885 2478 552 1433
3819 4 2 0 1 971 885 552 1433
3820 4 2 0 1 1550 2478 1433 488
3821 4 2 0 1 2730 1474 1466 935
3822 4 2 0 1 935 2730 1474 1051
3823 4 2 0 1 1474 1362 1051 2730
3824 4 2 0 1 1434 2730 1474 1466
3825 4 2 0 1 1303 490 489 1023
3826 4 2 0 1 1423 1303 489 1023
3827 4 2 0 1 1474 1434 1362 2730
3828 4 2 0 1 2366 279 288 1604
3829 4 2 0 1 1080 1575 2124 1074
3830 4 2 0 1 2518 1220 279 1604
3831 4 2 0 1 2366 293 2203 1604
3832 4 2 0 1 293 2366 288 1604
3833 4 2 0 1 1695 1272 1708 2509
3834 4 2 0 1 1397 479 1712 1390
3835 4 2 0 1 1390 1712 1397 1516
3836 4 2 0 1 1656 1877 2298 2585
3837 4 2 0 1 2782 2770 1538 1838
3838 4 2 0 1 1075 1012 2211 1080
3839 4 2 0 1 473 1314 24 17
3840 4 2 0 1 1970 1016 2211 1020
3841 4 2 0 1 1970 2211 1080 1075
3842 4 2 0 1 1402 2158 2435 2147
3843 4 2 0 1 2784 1037 1442 756
3844 4 2 0 1 2746 1442 1037 756
3845 4 2 0 1 1426 1389 107 2515
3846 4 2 0 1 2746 1037 1442 2253
3847 4 2 0 1 3216 1389 107 1426
3848 4 2 0 1 2345 1177 1254 3217
3849 4 2 0 1 2256 2756 2652 3155
3850 4 2 0 1 2849 567 2503 768
3851 4 2 0 1 59 2481 1954 792
3852 4 2 0 1 1914 3179 2702 905
3853 4 2 0 1 2849 1263 2503 567
3854 4 2 0 1 2702 1839 899 3179
3855 4 2 0 1 1839 3179 2702 1914
3856 4 2 0 1 3110 1434 1456 2599
3857 4 2 0 1 1456 1432 1282 2219
3858 4 2 0 1 3110 1432 1456 2219
3859 4 2 0 1 2311 7 3 19
3860 4 2 0 1 788 2311 1758 782
3861 4 2 0 1 2023 2004 1906 1053
3862 4 2 0 1 788 1758 2311 958
3863 4 2 0 1 2311 7 19 958
3864 4 2 0 1 145 2131 186 2182
3865 4 2 0 1 741 1137 2023 797
3866 4 2 0 1 2835 3220 1590 1721
3867 4 2 0 1 2361 3110 1362 1434
3868 4 2 0 1 2110 1479 1330 1182
3869 4 2 0 1 2110 3054 1479 1182
3870 4 2 0 1 147 2649 1805 2347
3871 4 2 0 1 2220 2782 504 1838
3872 4 2 0 1 1723 2190 1144 1999
3873 4 2 0 1 3110 1457 2219 2361
3874 4 2 0 1 1457 3142 2219 2361
3875 4 2 0 1 2782 504 2232 2220
3876 4 2 0 1 2220 504 894 1556
3877 4 2 0 1 1632 2266 1768 1642
3878 4 2 0 1 894 2232 504 2220
3879 4 2 0 1 920 2661 2753 1608
3880 4 2 0 1 2148 1420 2921 2411
3881 4 2 0 1 2753 2661 2227 1608
3882 4 2 0 1 1457 1234 3142 2361
3883 4 2 0 1 127 1922 1443 105
3884 4 2 0 1 2148 2921 1420 2773
3885 4 2 0 1 1609 1057 422 2468
3886 4 2 0 1 2468 3124 1609 2114
3887 4 2 0 1 1854 1327 1254 1177
3888 4 2 0 1 3069 2951 3256 2664
3889 4 2 0 1 1612 2838 2274 2537
3890 4 2 0 1 751 1441 672 980
3891 4 2 0 1 1441 913 751 672
3892 4 2 0 1 537 592 1052 1010
3893 4 2 0 1 1613 1863 1857 1025
3894 4 2 0 1 2171 1885 1183 2369
3895 4 2 0 1 386 382 2359 1614
3896 4 2 0 1 2064 681 1449 623
3897 4 2 0 1 2171 1293 1183 1885
3898 4 2 0 1 3181 1293 2171 1885
3899 4 2 0 1 3181 1885 2171 1185
3900 4 2 0 1 2171 1885 2369 1185
3901 4 2 0 1 3098 734 1285 2245
3902 4 2 0 1 2219 1221 1457 2731
3903 4 2 0 1 3142 1221 1457 2219
3904 4 2 0 1 734 1688 64 1980
3905 4 2 0 1 67 734 64 1980
3906 4 2 0 1 2219 2731 1457 3110
3907 4 2 0 1 1620 2020 1596 1694
3908 4 2 0 1 474 401 1949 1322
3909 4 2 0 1 1748 1951 1987 1965
3910 4 2 0 1 1949 1358 2546 1322
3911 4 2 0 1 1748 2409 1951 1965
3912 4 2 0 1 1152 575 1718 1618
3913 4 2 0 1 1695 1185 1272 1885
3914 4 2 0 1 1708 1272 1695 1185
3915 4 2 0 1 840 1886 1246 1482
3916 4 2 0 1 1209 863 1929 912
3917 4 2 0 1 1246 2417 1886 840
3918 4 2 0 1 590 1255 1570 1107
3919 4 2 0 1 892 1719 1493 2421
3920 4 2 0 1 3118 3071 1304 2529
3921 4 2 0 1 3012 2529 3118 1304
3922 4 2 0 1 3118 2768 1304 3071
3923 4 2 0 1 1085 985 624 498
3924 4 2 0 1 985 624 1206 1085
3925 4 2 0 1 3025 74 1637 1543
3926 4 2 0 1 553 2828 1620 1694
3927 4 2 0 1 1576 494 1856 2932
3928 4 2 0 1 1973 1459 1788 1564
3929 4 2 0 1 1420 2524 2177 2773
3930 4 2 0 1 1637 3025 1543 1710
3931 4 2 0 1 2756 866 828 2240
3932 4 2 0 1 1204 2614 1858 866
3933 4 2 0 1 219 3241 1624 239
3934 4 2 0 1 1197 692 460 1039
3935 4 2 0 1 1964 1134 460 692
3936 4 2 0 1 432 1964 460 692
3937 4 2 0 1 1624 947 2281 3241
3938 4 2 0 1 975 434 437 1467
3939 4 2 0 1 1819 1621 2890 3105
3940 4 2 0 1 1311 1562 674 296
3941 4 2 0 1 1352 1109 1889 1119
3942 4 2 0 1 1119 1109 1889 1549
3943 4 2 0 1 1363 975 437 1467
3944 4 2 0 1 2002 1888 2390 1820
3945 4 2 0 1 755 1888 1820 2390
3946 4 2 0 1 1469 3010 1317 1885
3947 4 2 0 1 1248 1469 3010 1317
3948 4 2 0 1 1730 3127 2369 1183
3949 4 2 0 1 1246 2390 1886 2417
3950 4 2 0 1 1440 1942 909 3072
3951 4 2 0 1 1925 640 798 742
3952 4 2 0 1 1925 1162 640 1084
3953 4 2 0 1 742 2196 1925 640
3954 4 2 0 1 1440 3072 909 3240
3955 4 2 0 1 1925 2196 1084 640
3956 4 2 0 1 1915 752 2303 260
3957 4 2 0 1 2440 3038 300 1901
3958 4 2 0 1 1498 1903 2592 785
3959 4 2 0 1 1915 2254 2779 231
3960 4 2 0 1 1943 1190 698 1478
3961 4 2 0 1 1498 1903 785 2450
3962 4 2 0 1 2091 2254 2779 1915
3963 4 2 0 1 664 2620 2399 2923
3964 4 2 0 1 654 2959 2456 2222
3965 4 2 0 1 1625 1016 654 1014
3966 4 2 0 1 2781 1444 1420 838
3967 4 2 0 1 2222 2959 2456 2382
3968 4 2 0 1 2781 1420 868 838
3969 4 2 0 1 1968 744 838 1420
3970 4 2 0 1 1968 1420 838 868
3971 4 2 0 1 1444 1420 838 744
3972 4 2 0 1 3110 2361 2219 1434
3973 4 2 0 1 1626 76 3211 85
3974 4 2 0 1 1626 2360 76 85
3975 4 2 0 1 1626 2360 2033 76
3976 4 2 0 1 956 1472 420 975
3977 4 2 0 1 1627 1714 957 2296
3978 4 2 0 1 1360 272 1866 1565
3979 4 2 0 1 2933 2502 2499 2380
3980 4 2 0 1 1436 1411 581 532
3981 4 2 0 1 2187 2810 116 2181
3982 4 2 0 1 893 1294 1369 3061
3983 4 2 0 1 602 1829 1065 2806
3984 4 2 0 1 2140 2125 2486 442
3985 4 2 0 1 602 2747 1065 1829
3986 4 2 0 1 2516 328 337 2166
3987 4 2 0 1 2166 337 2516 1796
3988 4 2 0 1 2059 2038 1876 1847
3989 4 2 0 1 208 2626 1463 924
3990 4 2 0 1 1827 2038 1644 1876
3991 4 2 0 1 2571 208 1463 245
3992 4 2 0 1 1093 1463 245 2571
3993 4 2 0 1 1876 2854 2038 2059
3994 4 2 0 1 2854 2059 1876 2284
3995 4 2 0 1 2854 2038 1827 1876
3996 4 2 0 1 1876 2038 1644 1847
3997 4 2 0 1 720 1840 477 1629
3998 4 2 0 1 720 1735 1629 477
3999 4 2 0 1 1384 1840 1243 1629
4000 4 2 0 1 1629 2151 1489 3094
4001 4 2 0 1 3094 1243 1489 1629
4002 4 2 0 1 1629 1735 2151 477
4003 4 2 0 1 1796 646 2516 2166
4004 4 2 0 1 2926 1760 2847 1588
4005 4 2 0 1 1359 2926 1588 1760
4006 4 2 0 1 3199 1435 554 503
4007 4 2 0 1 2926 1359 1588 2130
4008 4 2 0 1 1436 443 416 532
4009 4 2 0 1 3110 2219 1456 1434
4010 4 2 0 1 1868 2829 1583 3198
4011 4 2 0 1 2171 1185 2369 922
4012 4 2 0 1 210 1851 192 2009
4013 4 2 0 1 1419 1726 460 594
4014 4 2 0 1 594 1726 460 923
4015 4 2 0 1 432 1726 460 1964
4016 4 2 0 1 460 1419 1964 1726
4017 4 2 0 1 2730 2574 3063 1531
4018 4 2 0 1 1294 3150 1639 1466
4019 4 2 0 1 384 2528 2557 2097
4020 4 2 0 1 2557 2344 2082 2097
4021 4 2 0 1 2097 2344 2082 2917
4022 4 2 0 1 2705 1877 1656 2585
4023 4 2 0 1 1665 216 266 273
4024 4 2 0 1 1420 1990 837 1444
4025 4 2 0 1 2235 2798 2745 1665
4026 4 2 0 1 1466 935 1474 3061
4027 4 2 0 1 1880 2747 1022 535
4028 4 2 0 1 2385 872 3239 3159
4029 4 2 0 1 1990 837 1444 2175
4030 4 2 0 1 1294 935 1466 3061
4031 4 2 0 1 2643 597 535 2747
4032 4 2 0 1 535 597 1880 2747
4033 4 2 0 1 1369 1294 1466 3061
4034 4 2 0 1 614 1485 946 1231
4035 4 2 0 1 2175 796 837 1444
4036 4 2 0 1 614 1485 1231 2068
4037 4 2 0 1 1966 1150 665 968
4038 4 2 0 1 796 1444 2504 837
4039 4 2 0 1 2504 1444 1420 837
4040 4 2 0 1 1942 2290 1918 760
4041 4 2 0 1 2761 2208 2186 1636
4042 4 2 0 1 1636 906 2963 1641
4043 4 2 0 1 2565 2186 906 1636
4044 4 2 0 1 2315 3171 1385 1821
4045 4 2 0 1 672 1441 537 980
4046 4 2 0 1 1973 1485 946 614
4047 4 2 0 1 1973 1485 614 2068
4048 4 2 0 1 2932 1950 285 2488
4049 4 2 0 1 1660 3159 1669 2385
4050 4 2 0 1 2385 1669 872 3159
4051 4 2 0 1 2932 1950 291 285
4052 4 2 0 1 2574 2730 1434 1531
4053 4 2 0 1 2854 813 527 2059
4054 4 2 0 1 1384 1243 3094 1629
4055 4 2 0 1 1021 732 979 584
4056 4 2 0 1 584 1021 473 979
4057 4 2 0 1 224 2835 3220 200
4058 4 2 0 1 441 1618 1967 737
4059 4 2 0 1 317 3096 313 299
4060 4 2 0 1 3096 2049 299 317
4061 4 2 0 1 2361 1362 2774 1474
4062 4 2 0 1 2657 350 355 2460
4063 4 2 0 1 355 2657 2460 1749
4064 4 2 0 1 1234 2774 3141 1474
4065 4 2 0 1 1474 2774 1051 1362
4066 4 2 0 1 1234 2361 2774 1474
4067 4 2 0 1 1119 386 1549 1783
4068 4 2 0 1 1478 577 1943 1190
4069 4 2 0 1 72 2467 514 2993
4070 4 2 0 1 514 2213 72 2993
4071 4 2 0 1 514 2704 72 2213
4072 4 2 0 1 72 514 2467 2815
4073 4 2 0 1 2750 2115 276 249
4074 4 2 0 1 72 2815 2704 514
4075 4 2 0 1 2531 842 1140 1657
4076 4 2 0 1 911 1934 2374 1657
4077 4 2 0 1 911 842 1657 1140
4078 4 2 0 1 925 2901 857 962
4079 4 2 0 1 2374 1934 2586 1657
4080 4 2 0 1 2901 962 816 857
4081 4 2 0 1 653 592 1015 537
4082 4 2 0 1 2531 842 1657 2586
4083 4 2 0 1 2940 1899 301 2867
4084 4 2 0 1 1899 2867 2940 3165
4085 4 2 0 1 2059 2430 813 527
4086 4 2 0 1 2430 527 2059 2683
4087 4 2 0 1 1820 2405 1028 793
4088 4 2 0 1 625 1481 628 531
4089 4 2 0 1 521 1292 1481 531
4090 4 2 0 1 521 625 531 1481
4091 4 2 0 1 1070 1976 1028 2405
4092 4 2 0 1 817 1018 1279 1643
4093 4 2 0 1 1279 2494 1643 1018
4094 4 2 0 1 1070 2405 1028 1820
4095 4 2 0 1 653 565 1015 592
4096 4 2 0 1 2507 1486 2436 2345
4097 4 2 0 1 1380 1436 416 532
4098 4 2 0 1 861 45 1952 1388
4099 4 2 0 1 45 3180 861 1952
4100 4 2 0 1 45 3180 1952 1568
4101 4 2 0 1 2574 3000 3091 2598
4102 4 2 0 1 1629 1243 1489 1675
4103 4 2 0 1 1147 573 1647 658
4104 4 2 0 1 1769 658 2515 1780
4105 4 2 0 1 786 1675 686 1489
4106 4 2 0 1 1137 741 2550 797
4107 4 2 0 1 786 987 686 1675
4108 4 2 0 1 2598 2574 2599 1259
4109 4 2 0 1 903 1799 1891 1560
4110 4 2 0 1 331 768 2849 1347
4111 4 2 0 1 1819 1799 1560 170
4112 4 2 0 1 1561 825 1483 1215
4113 4 2 0 1 797 1237 2550 1137
4114 4 2 0 1 144 2180 2586 115
4115 4 2 0 1 115 2180 2586 2176
4116 4 2 0 1 2599 3000 2574 2598
4117 4 2 0 1 51 1539 2069 1662
4118 4 2 0 1 2726 1187 1796 646
4119 4 2 0 1 646 2726 1187 2589
4120 4 2 0 1 499 1448 2480 304
4121 4 2 0 1 604 992 1585 2252
4122 4 2 0 1 1566 1546 1649 2835
4123 4 2 0 1 2835 3220 1649 1566
4124 4 2 0 1 604 1585 1958 2252
4125 4 2 0 1 1650 1385 3171 1821
4126 4 2 0 1 131 2649 2288 2286
4127 4 2 0 1 2286 2649 2347 1805
4128 4 2 0 1 1080 1430 2211 1970
4129 4 2 0 1 52 2606 2032 1952
4130 4 2 0 1 52 1952 2032 45
4131 4 2 0 1 2606 1534 2032 1952
4132 4 2 0 1 2032 1952 1568 45
4133 4 2 0 1 1952 1568 1534 2032
4134 4 2 0 1 882 1559 1831 2237
4135 4 2 0 1 2361 3110 2774 1362
4136 4 2 0 1 59 1954 1652 792
4137 4 2 0 1 1839 2378 611 1653
4138 4 2 0 1 3110 2774 1457 2361
4139 4 2 0 1 2876 2563 611 1653
4140 4 2 0 1 2774 1234 1457 2361
4141 4 2 0 1 3017 2876 611 1653
4142 4 2 0 1 2820 794 1535 2449
4143 4 2 0 1 2905 1535 2449 2548
4144 4 2 0 1 1538 2169 997 2584
4145 4 2 0 1 2169 2584 1538 1289
4146 4 2 0 1 2169 1538 1533 1289
4147 4 2 0 1 2781 1937 1762 2656
4148 4 2 0 1 192 2621 1158 1505
4149 4 2 0 1 2729 1171 2171 3181
4150 4 2 0 1 2130 237 2990 223
4151 4 2 0 1 1171 1293 2171 3181
4152 4 2 0 1 2781 1762 984 1026
4153 4 2 0 1 3231 1497 2422 2085
4154 4 2 0 1 393 1380 932 819
4155 4 2 0 1 416 532 1032 1380
4156 4 2 0 1 2517 2931 1237 803
4157 4 2 0 1 1237 2931 797 803
4158 4 2 0 1 393 1032 932 1380
4159 4 2 0 1 946 1485 1295 1231
4160 4 2 0 1 1096 398 2473 1528
4161 4 2 0 1 1485 1295 1046 946
4162 4 2 0 1 1485 1046 1973 946
4163 4 2 0 1 2509 1695 1272 1240
4164 4 2 0 1 691 1920 1698 1364
4165 4 2 0 1 691 2091 1364 1698
4166 4 2 0 1 1698 2254 2091 1364
4167 4 2 0 1 1272 3127 2509 1240
4168 4 2 0 1 1240 1272 3127 1885
4169 4 2 0 1 1695 1885 1272 1240
4170 4 2 0 1 883 1203 657 2383
4171 4 2 0 1 883 1203 502 657
4172 4 2 0 1 272 516 2728 1661
4173 4 2 0 1 258 272 1661 516
4174 4 2 0 1 206 214 516 1661
4175 4 2 0 1 2525 1912 1510 2019
4176 4 2 0 1 1976 1912 2525 2405
4177 4 2 0 1 2019 1912 1510 779
4178 4 2 0 1 493 1242 2488 281
4179 4 2 0 1 1506 1001 151 1291
4180 4 2 0 1 3087 3261 2971 1252
4181 4 2 0 1 52 2606 2251 56
4182 4 2 0 1 1506 954 151 1001
4183 4 2 0 1 1070 1912 1976 2405
4184 4 2 0 1 2213 1947 1845 2261
4185 4 2 0 1 1510 1947 2451 2261
4186 4 2 0 1 1459 1112 1113 2661
4187 4 2 0 1 2526 1557 2688 88
4188 4 2 0 1 2077 2837 2902 2476
4189 4 2 0 1 65 2441 2542 1557
4190 4 2 0 1 1665 216 2283 266
4191 4 2 0 1 2555 2960 1665 1683
4192 4 2 0 1 2555 2960 2235 1665
4193 4 2 0 1 1299 1603 1040 1550
4194 4 2 0 1 2954 1454 1666 3245
4195 4 2 0 1 1148 2911 1533 2710
4196 4 2 0 1 2710 1289 2025 2911
4197 4 2 0 1 1002 661 370 2185
4198 4 2 0 1 1884 1667 2960 766
4199 4 2 0 1 1181 1148 2710 2812
4200 4 2 0 1 1798 3001 370 2185
4201 4 2 0 1 766 2025 2119 1667
4202 4 2 0 1 1421 258 1503 516
4203 4 2 0 1 3121 2060 2472 3260
4204 4 2 0 1 2185 370 1798 661
4205 4 2 0 1 1269 765 787 1669
4206 4 2 0 1 538 1488 1251 1517
4207 4 2 0 1 2131 211 186 2182
4208 4 2 0 1 1251 1488 1972 1517
4209 4 2 0 1 1660 1669 787 1468
4210 4 2 0 1 1468 787 872 1669
4211 4 2 0 1 2187 146 116 2810
4212 4 2 0 1 1660 1269 787 1669
4213 4 2 0 1 2131 1962 211 2182
4214 4 2 0 1 2408 986 1086 1684
4215 4 2 0 1 3209 986 2408 2037
4216 4 2 0 1 2716 336 1671 499
4217 4 2 0 1 336 2716 1671 352
4218 4 2 0 1 1659 2716 2986 2202
4219 4 2 0 1 146 133 116 2810
4220 4 2 0 1 2810 133 158 146
4221 4 2 0 1 167 198 1365 1957
4222 4 2 0 1 1493 1631 2421 1986
4223 4 2 0 1 1935 1350 389 1096
4224 4 2 0 1 918 607 694 2963
4225 4 2 0 1 670 2983 2272 1508
4226 4 2 0 1 1986 2106 112 119
4227 4 2 0 1 2095 119 1986 1719
4228 4 2 0 1 2095 2106 1986 119
4229 4 2 0 1 3232 3231 1577 1572
4230 4 2 0 1 1572 3241 3232 1376
4231 4 2 0 1 1353 1240 3127 1885
4232 4 2 0 1 3027 2331 664 1558
4233 4 2 0 1 1183 1353 3127 1885
4234 4 2 0 1 2422 3232 1376 1572
4235 4 2 0 1 1577 1572 1599 3232
4236 4 2 0 1 2632 664 2399 1558
4237 4 2 0 1 3231 3232 2422 1572
4238 4 2 0 1 1183 1885 3127 2369
4239 4 2 0 1 3027 664 2632 1558
4240 4 2 0 1 1272 2369 3127 1885
4241 4 2 0 1 2399 664 2923 1558
4242 4 2 0 1 664 2331 2923 1558
4243 4 2 0 1 2274 1612 2339 298
4244 4 2 0 1 2135 2671 2014 2534
4245 4 2 0 1 3069 2903 3256 2014
4246 4 2 0 1 2339 3071 298 1612
4247 4 2 0 1 961 1089 542 1339
4248 4 2 0 1 1612 298 1850 3071
4249 4 2 0 1 2507 954 142 3126
4250 4 2 0 1 2629 1521 1676 1984
4251 4 2 0 1 2064 681 1004 1449
4252 4 2 0 1 1004 681 2275 1449
4253 4 2 0 1 2504 744 1444 796
4254 4 2 0 1 2832 1035 1312 1540
4255 4 2 0 1 3126 954 142 1506
4256 4 2 0 1 550 1443 1309 551
4257 4 2 0 1 1511 2163 1724 1734
4258 4 2 0 1 1443 1309 1511 550
4259 4 2 0 1 21 1339 1 6
4260 4 2 0 1 1964 1514 533 665
4261 4 2 0 1 2465 1928 1791 1391
4262 4 2 0 1 1928 2465 3008 1391
4263 4 2 0 1 1677 1664 510 228
4264 4 2 0 1 1211 1677 510 762
4265 4 2 0 1 204 1975 227 188
4266 4 2 0 1 2210 3188 1680 3134
4267 4 2 0 1 1864 3100 1851 1680
4268 4 2 0 1 3100 1680 2131 2182
4269 4 2 0 1 203 227 1975 188
4270 4 2 0 1 2615 1672 1682 2864
4271 4 2 0 1 1828 2287 870 1516
4272 4 2 0 1 2471 227 1975 203
4273 4 2 0 1 916 3051 2081 1728
4274 4 2 0 1 1728 3051 2081 2055
4275 4 2 0 1 1682 2098 2615 2864
4276 4 2 0 1 2864 1672 1682 2838
4277 4 2 0 1 2884 3112 3087 3037
4278 4 2 0 1 1665 2613 1176 2697
4279 4 2 0 1 1494 1278 483 1238
4280 4 2 0 1 484 482 1494 1290
4281 4 2 0 1 2720 2679 1245 1683
4282 4 2 0 1 1245 209 2613 1683
4283 4 2 0 1 1683 2697 2613 1665
4284 4 2 0 1 2965 168 1546 200
4285 4 2 0 1 1546 1507 168 2965
4286 4 2 0 1 2764 2052 3194 2308
4287 4 2 0 1 586 631 1107 2852
4288 4 2 0 1 2757 405 409 1935
4289 4 2 0 1 2757 1935 2473 1707
4290 4 2 0 1 409 1935 405 389
4291 4 2 0 1 180 3203 2840 234
4292 4 2 0 1 180 2840 2723 234
4293 4 2 0 1 586 1107 1570 2852
4294 4 2 0 1 2517 2415 2843 803
4295 4 2 0 1 17 1314 979 473
4296 4 2 0 1 1538 504 1393 2232
4297 4 2 0 1 2471 2109 1975 2002
4298 4 2 0 1 30 1115 1007 1553
4299 4 2 0 1 3118 2529 3012 2199
4300 4 2 0 1 3081 1985 757 2755
4301 4 2 0 1 576 1314 1036 473
4302 4 2 0 1 2964 1393 504 2232
4303 4 2 0 1 2010 1191 1058 1216
4304 4 2 0 1 2010 1058 2157 1216
4305 4 2 0 1 2198 2380 98 2123
4306 4 2 0 1 2380 98 2499 2198
4307 4 2 0 1 2274 1612 298 296
4308 4 2 0 1 1731 1892 1696 1792
4309 4 2 0 1 2424 1696 1325 1731
4310 4 2 0 1 1836 815 858 2276
4311 4 2 0 1 2276 858 1836 938
4312 4 2 0 1 2335 792 3240 1691
4313 4 2 0 1 1624 3232 3241 219
4314 4 2 0 1 792 1652 59 2335
4315 4 2 0 1 2335 61 792 1691
4316 4 2 0 1 846 795 1944 2604
4317 4 2 0 1 1944 1698 845 795
4318 4 2 0 1 846 1698 1944 795
4319 4 2 0 1 1802 1652 792 2335
4320 4 2 0 1 2604 795 1944 754
4321 4 2 0 1 792 2655 1802 2335
4322 4 2 0 1 792 2655 2335 3240
4323 4 2 0 1 792 59 61 2335
4324 4 2 0 1 2587 2346 1690 2665
4325 4 2 0 1 2345 695 1254 590
4326 4 2 0 1 1193 590 2345 1255
4327 4 2 0 1 590 1255 2722 1570
4328 4 2 0 1 510 762 228 195
4329 4 2 0 1 1090 1206 568 1692
4330 4 2 0 1 571 1206 1692 568
4331 4 2 0 1 1691 792 3074 61
4332 4 2 0 1 144 2586 3106 115
4333 4 2 0 1 2622 2317 1524 1571
4334 4 2 0 1 946 1295 419 433
4335 4 2 0 1 1346 2183 3048 2994
4336 4 2 0 1 1400 2183 3048 1346
4337 4 2 0 1 1346 3048 917 2934
4338 4 2 0 1 1400 3048 917 1346
4339 4 2 0 1 1346 2994 3048 2934
4340 4 2 0 1 946 1231 1295 433
4341 4 2 0 1 2460 2657 391 1749
4342 4 2 0 1 391 2201 1749 2657
4343 4 2 0 1 391 2201 401 1749
4344 4 2 0 1 2312 2828 1620 553
4345 4 2 0 1 401 1749 381 391
4346 4 2 0 1 167 198 1957 155
4347 4 2 0 1 1096 1528 2473 1707
4348 4 2 0 1 2477 1749 391 381
4349 4 2 0 1 1319 2387 2291 383
4350 4 2 0 1 2387 3233 2291 383
4351 4 2 0 1 30 1007 1310 1553
4352 4 2 0 1 1946 148 95 84
4353 4 2 0 1 2302 2967 1946 2144
4354 4 2 0 1 2144 1673 2967 2595
4355 4 2 0 1 2144 1946 95 84
4356 4 2 0 1 155 112 1986 167
4357 4 2 0 1 1243 1840 2113 1512
4358 4 2 0 1 1840 2816 1132 1512
4359 4 2 0 1 3251 3178 1243 1675
4360 4 2 0 1 3233 1122 870 2906
4361 4 2 0 1 920 3078 2753 715
4362 4 2 0 1 1535 2719 2403 2519
4363 4 2 0 1 3078 3177 715 2197
4364 4 2 0 1 3078 558 2753 715
4365 4 2 0 1 1631 1957 2421 1986
4366 4 2 0 1 358 1816 344 1536
4367 4 2 0 1 2197 3078 920 715
4368 4 2 0 1 3078 558 715 3177
4369 4 2 0 1 51 2069 1539 633
4370 4 2 0 1 1531 2730 1434 1466
4371 4 2 0 1 1156 2155 1541 2167
4372 4 2 0 1 174 156 1962 211
4373 4 2 0 1 2836 236 1962 211
4374 4 2 0 1 1066 728 1525 1308
4375 4 2 0 1 678 1519 1525 700
4376 4 2 0 1 700 546 1519 2137
4377 4 2 0 1 174 1962 236 211
4378 4 2 0 1 1729 1096 368 1700
4379 4 2 0 1 2851 3122 1268 1161
4380 4 2 0 1 126 2552 157 1701
4381 4 2 0 1 2851 3122 1284 709
4382 4 2 0 1 1765 197 773 518
4383 4 2 0 1 518 197 1331 1765
4384 4 2 0 1 1331 197 2000 1765
4385 4 2 0 1 457 2725 449 1702
4386 4 2 0 1 2479 1391 1808 1592
4387 4 2 0 1 1192 1703 1855 388
4388 4 2 0 1 388 1192 1703 3157
4389 4 2 0 1 2001 2764 1592 1391
4390 4 2 0 1 1553 41 1115 675
4391 4 2 0 1 2764 2557 1592 2479
4392 4 2 0 1 1391 2764 1592 2479
4393 4 2 0 1 2557 2764 1592 2001
4394 4 2 0 1 1971 1421 495 679
4395 4 2 0 1 1566 1704 1916 1813
4396 4 2 0 1 1704 2965 1507 1566
4397 4 2 0 1 1704 1338 1916 1813
4398 4 2 0 1 487 1056 560 1547
4399 4 2 0 1 1547 1056 733 1646
4400 4 2 0 1 560 487 1547 999
4401 4 2 0 1 1694 3047 2081 2459
4402 4 2 0 1 108 1509 1706 1560
4403 4 2 0 1 433 1356 419 946
4404 4 2 0 1 1265 1739 877 690
4405 4 2 0 1 2055 3047 2081 1694
4406 4 2 0 1 1495 1350 1935 1707
4407 4 2 0 1 2198 2074 2123 2043
4408 4 2 0 1 1096 1707 1350 888
4409 4 2 0 1 2074 2380 2198 2123
4410 4 2 0 1 1161 420 434 975
4411 4 2 0 1 955 1986 1709 1493
4412 4 2 0 1 2370 2987 3242 3228
4413 4 2 0 1 443 1168 581 915
4414 4 2 0 1 1709 1986 1631 1493
4415 4 2 0 1 3235 2983 629 1203
4416 4 2 0 1 1203 3235 502 629
4417 4 2 0 1 443 915 581 1930
4418 4 2 0 1 915 2937 443 1914
4419 4 2 0 1 443 915 1930 2937
4420 4 2 0 1 1937 2656 2545 1762
4421 4 2 0 1 975 420 434 1472
4422 4 2 0 1 1762 1342 2769 984
4423 4 2 0 1 1971 993 495 1552
4424 4 2 0 1 495 1971 1552 1421
4425 4 2 0 1 1717 1574 2757 1707
4426 4 2 0 1 3179 2246 1717 1574
4427 4 2 0 1 1911 3052 1717 3179
4428 4 2 0 1 72 2815 2467 69
4429 4 2 0 1 271 2137 1519 543
4430 4 2 0 1 700 1519 1525 271
4431 4 2 0 1 700 2137 1519 271
4432 4 2 0 1 3233 1996 870 1122
4433 4 2 0 1 1450 1953 1184 1049
4434 4 2 0 1 2815 2610 2467 69
4435 4 2 0 1 1135 1718 2725 1167
4436 4 2 0 1 72 69 2704 2815
4437 4 2 0 1 2702 2378 2468 1167
4438 4 2 0 1 2095 842 1140 488
4439 4 2 0 1 816 1031 818 2863
4440 4 2 0 1 488 2095 955 1140
4441 4 2 0 1 1031 818 2863 2604
4442 4 2 0 1 3025 1720 1710 2442
4443 4 2 0 1 2901 1031 818 816
4444 4 2 0 1 1720 2374 3025 1741
4445 4 2 0 1 818 2901 2604 1031
4446 4 2 0 1 2294 914 3024 1597
4447 4 2 0 1 238 2107 1721 1250
4448 4 2 0 1 2579 2890 3219 3024
4449 4 2 0 1 2053 2572 1944 1920
4450 4 2 0 1 2677 466 1168 1725
4451 4 2 0 1 1636 1591 906 1641
4452 4 2 0 1 680 2682 1945 826
4453 4 2 0 1 2682 680 951 826
4454 4 2 0 1 1945 680 3236 2682
4455 4 2 0 1 1416 3087 1266 1352
4456 4 2 0 1 2698 1416 2884 3087
4457 4 2 0 1 1728 1033 661 361
4458 4 2 0 1 680 3236 2682 1545
4459 4 2 0 1 2566 2916 479 1390
4460 4 2 0 1 3237 2916 479 2566
4461 4 2 0 1 1729 2035 1400 2418
4462 4 2 0 1 1732 467 607 2675
4463 4 2 0 1 1961 1561 1215 945
4464 4 2 0 1 155 119 1986 112
4465 4 2 0 1 2471 2002 1975 1028
4466 4 2 0 1 445 1733 1685 2186
4467 4 2 0 1 298 1191 1740 3162
4468 4 2 0 1 573 1988 1780 2179
4469 4 2 0 1 1740 1191 312 3162
4470 4 2 0 1 298 1191 3162 1216
4471 4 2 0 1 319 1216 3162 1191
4472 4 2 0 1 319 3162 312 1191
4473 4 2 0 1 1780 1988 1407 2179
4474 4 2 0 1 720 1735 686 1629
4475 4 2 0 1 1488 2760 967 794
4476 4 2 0 1 1988 1068 1407 2179
4477 4 2 0 1 2880 1735 2151 1629
4478 4 2 0 1 1217 1202 1989 2257
4479 4 2 0 1 1217 1202 2291 1989
4480 4 2 0 1 1488 2760 538 967
4481 4 2 0 1 1217 1989 1212 2257
4482 4 2 0 1 1217 2291 1212 1989
4483 4 2 0 1 2607 3013 2832 3033
4484 4 2 0 1 2032 1568 1534 32
4485 4 2 0 1 1424 625 2132 531
4486 4 2 0 1 950 702 3217 1504
4487 4 2 0 1 47 1326 2132 36
4488 4 2 0 1 1327 3217 950 702
4489 4 2 0 1 1990 2411 837 867
4490 4 2 0 1 977 45 733 489
4491 4 2 0 1 45 489 977 1445
4492 4 2 0 1 2411 1420 1990 837
4493 4 2 0 1 837 2175 1990 867
4494 4 2 0 1 144 1199 115 1505
4495 4 2 0 1 975 1472 434 1467
4496 4 2 0 1 2195 1848 2713 1617
4497 4 2 0 1 1504 2521 687 620
4498 4 2 0 1 1418 2192 1993 2009
4499 4 2 0 1 523 2192 1993 1418
4500 4 2 0 1 523 2836 1993 2192
4501 4 2 0 1 1851 1680 2192 1993
4502 4 2 0 1 2009 1851 2192 1993
4503 4 2 0 1 1993 1680 2192 2836
4504 4 2 0 1 1115 41 1553 30
4505 4 2 0 1 3143 41 1115 30
4506 4 2 0 1 1105 1553 1745 675
4507 4 2 0 1 1271 2216 1410 1746
4508 4 2 0 1 1553 41 37 30
4509 4 2 0 1 30 37 3143 41
4510 4 2 0 1 443 2677 1168 915
4511 4 2 0 1 2677 915 443 1914
4512 4 2 0 1 3239 2336 3159 872
4513 4 2 0 1 490 1370 1847 1644
4514 4 2 0 1 1349 1644 1847 1370
4515 4 2 0 1 2813 1751 2249 376
4516 4 2 0 1 1140 2194 1741 552
4517 4 2 0 1 2194 971 552 1433
4518 4 2 0 1 2464 1673 2144 1490
4519 4 2 0 1 3155 2240 276 283
4520 4 2 0 1 3155 2652 249 276
4521 4 2 0 1 1964 533 1514 1041
4522 4 2 0 1 3155 2279 276 2240
4523 4 2 0 1 2464 1673 1490 772
4524 4 2 0 1 1514 1964 1041 1419
4525 4 2 0 1 916 1754 2935 3035
4526 4 2 0 1 1544 1483 530 768
4527 4 2 0 1 3035 1754 1692 916
4528 4 2 0 1 2129 2993 3182 2467
4529 4 2 0 1 135 823 1891 1560
4530 4 2 0 1 1891 1560 170 135
4531 4 2 0 1 1787 2224 271 262
4532 4 2 0 1 1641 3086 1756 2090
4533 4 2 0 1 1622 705 1582 3145
4534 4 2 0 1 2356 1262 1482 1246
4535 4 2 0 1 2585 1202 2291 374
4536 4 2 0 1 2356 1246 1482 1963
4537 4 2 0 1 2540 1202 1816 374
4538 4 2 0 1 2540 374 2291 1202
4539 4 2 0 1 1597 914 2107 1721
4540 4 2 0 1 2294 914 1597 2576
4541 4 2 0 1 2576 914 1597 1721
4542 4 2 0 1 2056 1697 691 2863
4543 4 2 0 1 1521 987 2558 686
4544 4 2 0 1 2558 686 987 1675
4545 4 2 0 1 117 93 71 1759
4546 4 2 0 1 470 1675 2558 3251
4547 4 2 0 1 1487 2558 470 686
4548 4 2 0 1 840 1246 2791 1963
4549 4 2 0 1 71 1759 2329 2414
4550 4 2 0 1 71 1482 68 93
4551 4 2 0 1 840 1482 1246 1963
4552 4 2 0 1 1759 2414 71 2570
4553 4 2 0 1 1731 1792 1696 1325
4554 4 2 0 1 1406 2906 870 1006
4555 4 2 0 1 1006 1122 2906 870
4556 4 2 0 1 1325 1792 1696 3167
4557 4 2 0 1 2906 870 2267 1406
4558 4 2 0 1 1325 1792 3167 1817
4559 4 2 0 1 2814 2153 1834 297
4560 4 2 0 1 1834 2153 310 297
4561 4 2 0 1 1133 1764 1918 2603
4562 4 2 0 1 1918 1427 2603 1764
4563 4 2 0 1 2563 1839 1653 1794
4564 4 2 0 1 1918 1427 1764 760
4565 4 2 0 1 3179 1794 1911 1999
4566 4 2 0 1 3179 1794 1839 1911
4567 4 2 0 1 2283 204 216 2697
4568 4 2 0 1 2621 3189 115 144
4569 4 2 0 1 1796 337 2516 1187
4570 4 2 0 1 2726 1187 337 1796
4571 4 2 0 1 3253 1823 1796 2726
4572 4 2 0 1 2910 3253 1823 1796
4573 4 2 0 1 2653 1959 1414 1013
4574 4 2 0 1 303 318 1834 2498
4575 4 2 0 1 303 310 1834 318
4576 4 2 0 1 2623 2452 523 1088
4577 4 2 0 1 1748 1951 845 2928
4578 4 2 0 1 1420 1594 2411 2148
4579 4 2 0 1 2498 2814 1834 303
4580 4 2 0 1 1959 1414 608 2653
4581 4 2 0 1 2928 1748 1951 1987
4582 4 2 0 1 3155 2614 2240 283
4583 4 2 0 1 827 374 1959 392
4584 4 2 0 1 7 3 983 1804
4585 4 2 0 1 961 3 1804 789
4586 4 2 0 1 3161 2582 862 2964
4587 4 2 0 1 2964 1173 2582 862
4588 4 2 0 1 997 1173 2582 2964
4589 4 2 0 1 2582 1832 997 2964
4590 4 2 0 1 608 1414 1606 2653
4591 4 2 0 1 2583 765 3159 1579
4592 4 2 0 1 403 608 2653 1959
4593 4 2 0 1 279 260 1771 1059
4594 4 2 0 1 3229 752 1771 279
4595 4 2 0 1 279 752 1771 260
4596 4 2 0 1 361 370 1800 406
4597 4 2 0 1 240 230 2439 251
4598 4 2 0 1 1361 1602 1371 518
4599 4 2 0 1 1027 3032 1361 1602
4600 4 2 0 1 1800 370 361 661
4601 4 2 0 1 251 2439 240 2036
4602 4 2 0 1 1933 251 2036 2439
4603 4 2 0 1 361 1800 2830 406
4604 4 2 0 1 361 1728 2830 1800
4605 4 2 0 1 863 912 2417 942
4606 4 2 0 1 1650 1054 1155 2007
4607 4 2 0 1 1075 1012 1072 589
4608 4 2 0 1 2007 1814 2535 1054
4609 4 2 0 1 1155 3146 1385 1814
4610 4 2 0 1 361 661 1728 1800
4611 4 2 0 1 2349 1773 2493 2070
4612 4 2 0 1 1773 2070 2276 2493
4613 4 2 0 1 2022 398 360 1096
4614 4 2 0 1 1013 1020 1828 735
4615 4 2 0 1 2507 2861 1087 2423
4616 4 2 0 1 1964 1411 1041 1134
4617 4 2 0 1 360 369 398 2022
4618 4 2 0 1 1200 2755 2801 2257
4619 4 2 0 1 538 1200 2801 2257
4620 4 2 0 1 705 3169 1775 2715
4621 4 2 0 1 1769 3175 1224 3070
4622 4 2 0 1 705 2072 1775 904
4623 4 2 0 1 403 1606 2167 1406
4624 4 2 0 1 1769 3175 2872 2388
4625 4 2 0 1 1769 3175 2388 1224
4626 4 2 0 1 1769 2872 3175 1408
4627 4 2 0 1 1769 3175 3070 1408
4628 4 2 0 1 106 1776 2008 1626
4629 4 2 0 1 106 2047 1776 1405
4630 4 2 0 1 1405 2360 1776 106
4631 4 2 0 1 1776 2360 1626 106
4632 4 2 0 1 2497 2380 98 2499
4633 4 2 0 1 1964 1419 1134 1041
4634 4 2 0 1 2380 2497 98 1230
4635 4 2 0 1 1418 2009 2042 210
4636 4 2 0 1 210 1851 2009 2042
4637 4 2 0 1 1148 1533 2770 2710
4638 4 2 0 1 2016 1181 1148 2710
4639 4 2 0 1 1148 2770 2016 2710
4640 4 2 0 1 2710 2770 1289 1533
4641 4 2 0 1 1289 2770 1538 1533
4642 4 2 0 1 18 596 1178 671
4643 4 2 0 1 1124 963 1745 2806
4644 4 2 0 1 18 671 1178 2310
4645 4 2 0 1 1726 1419 1964 1966
4646 4 2 0 1 758 799 1778 2342
4647 4 2 0 1 1778 780 799 758
4648 4 2 0 1 1778 780 758 2494
4649 4 2 0 1 2012 1882 820 1233
4650 4 2 0 1 1233 2012 852 820
4651 4 2 0 1 281 2484 270 1548
4652 4 2 0 1 2261 779 1510 1912
4653 4 2 0 1 1510 2261 2451 779
4654 4 2 0 1 1820 779 2261 1912
4655 4 2 0 1 2232 2220 136 2782
4656 4 2 0 1 1454 1779 1551 953
4657 4 2 0 1 1544 1381 528 515
4658 4 2 0 1 894 2232 102 2856
4659 4 2 0 1 2220 102 894 2232
4660 4 2 0 1 1780 658 573 966
4661 4 2 0 1 573 1780 966 2179
4662 4 2 0 1 1647 573 2515 658
4663 4 2 0 1 1780 658 2515 573
4664 4 2 0 1 573 2515 1780 1988
4665 4 2 0 1 1781 2103 2958 3062
4666 4 2 0 1 1781 266 216 273
4667 4 2 0 1 2726 2589 354 345
4668 4 2 0 1 1781 2898 266 273
4669 4 2 0 1 1781 3094 2898 3062
4670 4 2 0 1 2421 1957 2990 155
4671 4 2 0 1 2421 1760 1957 1365
4672 4 2 0 1 1760 1957 2990 2421
4673 4 2 0 1 3025 1741 1543 1710
4674 4 2 0 1 1083 840 2393 824
4675 4 2 0 1 2393 840 1083 1963
4676 4 2 0 1 1699 2797 748 859
4677 4 2 0 1 2781 1699 859 2797
4678 4 2 0 1 984 2797 748 1699
4679 4 2 0 1 3024 213 2294 1597
4680 4 2 0 1 1597 213 1271 3024
4681 4 2 0 1 3024 3219 2216 2966
4682 4 2 0 1 3024 2216 213 1271
4683 4 2 0 1 386 402 2559 1783
4684 4 2 0 1 2781 984 1699 2797
4685 4 2 0 1 1597 3024 1271 2966
4686 4 2 0 1 2783 1537 1610 2887
4687 4 2 0 1 2315 2840 2325 1385
4688 4 2 0 1 2315 2840 1385 3171
4689 4 2 0 1 1823 337 1796 2726
4690 4 2 0 1 2910 1823 337 1796
4691 4 2 0 1 2295 2804 3234 2916
4692 4 2 0 1 1786 3042 1953 2832
4693 4 2 0 1 2249 1786 2573 1751
4694 4 2 0 1 2249 1751 2813 1786
4695 4 2 0 1 3107 3113 2566 2600
4696 4 2 0 1 992 688 2252 2322
4697 4 2 0 1 1787 2050 265 2224
4698 4 2 0 1 602 1065 1164 861
4699 4 2 0 1 1212 1985 1996 1931
4700 4 2 0 1 1985 3116 1931 1212
4701 4 2 0 1 2646 2365 2713 798
4702 4 2 0 1 642 1617 3174 2819
4703 4 2 0 1 2109 203 153 173
4704 4 2 0 1 1790 2812 992 834
4705 4 2 0 1 1667 2812 992 1790
4706 4 2 0 1 1884 992 1790 1667
4707 4 2 0 1 2485 1969 1300 288
4708 4 2 0 1 2485 1969 288 293
4709 4 2 0 1 2366 288 1969 293
4710 4 2 0 1 2027 2991 147 2343
4711 4 2 0 1 239 2281 251 3241
4712 4 2 0 1 2202 2225 1659 2973
4713 4 2 0 1 674 1478 1101 1191
4714 4 2 0 1 1101 2453 1191 1478
4715 4 2 0 1 1659 2986 2225 2202
4716 4 2 0 1 2343 2187 2181 2576
4717 4 2 0 1 2576 3007 2181 2343
4718 4 2 0 1 3087 2708 1793 1252
4719 4 2 0 1 2255 2152 2815 65
4720 4 2 0 1 2152 2610 2815 65
4721 4 2 0 1 772 774 1447 953
4722 4 2 0 1 2762 772 1447 953
4723 4 2 0 1 953 1666 2012 1837
4724 4 2 0 1 1301 1004 1180 1449
4725 4 2 0 1 2477 348 355 2227
4726 4 2 0 1 2012 1666 2954 1837
4727 4 2 0 1 2640 1837 820 2954
4728 4 2 0 1 1837 2317 820 771
4729 4 2 0 1 2317 820 2640 1837
4730 4 2 0 1 2477 348 2227 1608
4731 4 2 0 1 1619 953 2012 1837
4732 4 2 0 1 1501 1421 1971 679
4733 4 2 0 1 1783 402 382 386
4734 4 2 0 1 2839 2897 1783 1119
4735 4 2 0 1 2839 2897 1872 1783
4736 4 2 0 1 1842 1797 1404 1530
4737 4 2 0 1 2580 1530 1797 2216
4738 4 2 0 1 1913 2580 1797 2216
4739 4 2 0 1 2837 1592 722 1069
4740 4 2 0 1 406 2830 361 399
4741 4 2 0 1 2830 553 3079 2214
4742 4 2 0 1 2830 1798 2214 3079
4743 4 2 0 1 3079 3104 1798 2214
4744 4 2 0 1 1621 1799 3022 1819
4745 4 2 0 1 2699 1592 1069 722
4746 4 2 0 1 3054 1592 2837 1069
4747 4 2 0 1 1947 3183 1845 2261
4748 4 2 0 1 1044 2191 2107 989
4749 4 2 0 1 1044 2277 989 2011
4750 4 2 0 1 2261 1912 1510 3183
4751 4 2 0 1 1510 3183 1947 2261
4752 4 2 0 1 3210 3230 962 857
4753 4 2 0 1 3230 866 1858 857
4754 4 2 0 1 2042 2130 1600 2562
4755 4 2 0 1 857 1858 3230 816
4756 4 2 0 1 1418 1993 2042 2009
4757 4 2 0 1 210 1418 1600 2042
4758 4 2 0 1 210 2042 1600 2562
4759 4 2 0 1 210 2042 3106 1851
4760 4 2 0 1 416 1032 1057 2729
4761 4 2 0 1 2009 1851 1993 2042
4762 4 2 0 1 3070 2290 1942 760
4763 4 2 0 1 393 416 1032 1380
4764 4 2 0 1 139 924 2743 103
4765 4 2 0 1 1730 2369 1801 365
4766 4 2 0 1 1954 1269 787 1802
4767 4 2 0 1 1652 1954 787 1802
4768 4 2 0 1 1802 787 1652 2335
4769 4 2 0 1 1802 1660 787 1468
4770 4 2 0 1 1802 1269 787 1660
4771 4 2 0 1 1802 1468 787 2335
4772 4 2 0 1 3062 3094 743 2958
4773 4 2 0 1 1807 1623 3065 743
4774 4 2 0 1 3065 2679 264 1807
4775 4 2 0 1 3062 3094 2958 1781
4776 4 2 0 1 3008 2110 1182 3054
4777 4 2 0 1 2067 1442 179 130
4778 4 2 0 1 1182 3008 3054 1592
4779 4 2 0 1 1182 3054 1069 1592
4780 4 2 0 1 1501 245 1971 1503
4781 4 2 0 1 525 2644 1343 2383
4782 4 2 0 1 3008 1182 1808 1592
4783 4 2 0 1 994 2887 3143 1777
4784 4 2 0 1 691 1920 1364 3222
4785 4 2 0 1 2098 1815 1429 2371
4786 4 2 0 1 1429 1948 1809 1815
4787 4 2 0 1 1815 1429 1948 2615
4788 4 2 0 1 1429 2371 1815 1809
4789 4 2 0 1 2098 2615 1429 1815
4790 4 2 0 1 846 1698 1697 1920
4791 4 2 0 1 2761 2731 394 2168
4792 4 2 0 1 2168 2956 2731 394
4793 4 2 0 1 1504 2521 620 3060
4794 4 2 0 1 762 1677 510 228
4795 4 2 0 1 238 1250 1721 177
4796 4 2 0 1 1825 880 2858 2233
4797 4 2 0 1 2233 1825 1422 2858
4798 4 2 0 1 762 728 1677 247
4799 4 2 0 1 3126 954 3060 620
4800 4 2 0 1 883 1343 670 2383
4801 4 2 0 1 646 3253 1131 1715
4802 4 2 0 1 855 1635 2328 617
4803 4 2 0 1 1715 3253 2910 646
4804 4 2 0 1 617 1635 1954 1269
4805 4 2 0 1 2439 2253 240 2036
4806 4 2 0 1 1933 2439 2036 2253
4807 4 2 0 1 1817 1615 3166 2662
4808 4 2 0 1 2358 646 1131 1715
4809 4 2 0 1 1715 646 2910 2166
4810 4 2 0 1 1331 1833 265 2050
4811 4 2 0 1 1817 1131 3166 2866
4812 4 2 0 1 2166 646 2358 1715
4813 4 2 0 1 1945 1331 265 2050
4814 4 2 0 1 2224 1833 2050 265
4815 4 2 0 1 2860 1945 265 2050
4816 4 2 0 1 2938 1787 2050 2860
4817 4 2 0 1 2224 2050 2938 1787
4818 4 2 0 1 2979 2465 2150 1818
4819 4 2 0 1 1905 1818 1335 2465
4820 4 2 0 1 2979 3176 2465 3244
4821 4 2 0 1 3105 3024 3219 2890
4822 4 2 0 1 2110 1859 1783 1182
4823 4 2 0 1 1009 2023 1005 1906
4824 4 2 0 1 2850 1859 1783 2110
4825 4 2 0 1 2928 2053 1748 1987
4826 4 2 0 1 1912 2019 1820 779
4827 4 2 0 1 779 1820 1888 793
4828 4 2 0 1 3160 2733 2659 1225
4829 4 2 0 1 2733 3164 3160 2659
4830 4 2 0 1 2023 1137 1009 1005
4831 4 2 0 1 3223 1204 289 2443
4832 4 2 0 1 2931 1137 2023 1005
4833 4 2 0 1 2394 917 1346 1392
4834 4 2 0 1 2023 2931 1005 2004
4835 4 2 0 1 2023 2004 1005 1906
4836 4 2 0 1 3263 1451 606 1973
4837 4 2 0 1 2394 917 2934 1346
4838 4 2 0 1 2186 2875 2126 1744
4839 4 2 0 1 2394 917 1730 2934
4840 4 2 0 1 3263 1451 1092 606
4841 4 2 0 1 306 1263 2524 2666
4842 4 2 0 1 2553 306 309 1263
4843 4 2 0 1 263 2728 272 2700
4844 4 2 0 1 2191 1597 2107 1721
4845 4 2 0 1 2700 2728 272 516
4846 4 2 0 1 2728 2031 516 2700
4847 4 2 0 1 2576 1597 2191 1721
4848 4 2 0 1 1919 1250 1721 2191
4849 4 2 0 1 1919 1721 2576 2191
4850 4 2 0 1 1250 2107 1721 2191
4851 4 2 0 1 1420 2921 1990 2432
4852 4 2 0 1 602 1829 593 2251
4853 4 2 0 1 2963 1641 906 1315
4854 4 2 0 1 2747 1829 602 2251
4855 4 2 0 1 967 984 2797 748
4856 4 2 0 1 1437 1642 210 1496
4857 4 2 0 1 2251 1829 1149 2747
4858 4 2 0 1 1642 1158 645 210
4859 4 2 0 1 118 1473 1830 2469
4860 4 2 0 1 2252 992 2911 1148
4861 4 2 0 1 1227 2252 1148 992
4862 4 2 0 1 2317 2640 2327 1454
4863 4 2 0 1 1251 967 2797 748
4864 4 2 0 1 859 2797 748 1251
4865 4 2 0 1 3083 2264 2636 1716
4866 4 2 0 1 2600 1892 1696 1731
4867 4 2 0 1 1645 2972 3259 2945
4868 4 2 0 1 2600 3107 1696 1892
4869 4 2 0 1 2424 1696 1731 2600
4870 4 2 0 1 2636 1716 1559 1831
4871 4 2 0 1 1808 2708 1069 1793
4872 4 2 0 1 1808 2699 1069 2708
4873 4 2 0 1 1056 704 1646 487
4874 4 2 0 1 487 1646 69 704
4875 4 2 0 1 1547 1056 1646 487
4876 4 2 0 1 465 1685 445 1733
4877 4 2 0 1 1048 1196 2500 1685
4878 4 2 0 1 293 1969 289 1858
4879 4 2 0 1 1969 1204 289 1858
4880 4 2 0 1 289 2443 1969 293
4881 4 2 0 1 1204 1969 289 2443
4882 4 2 0 1 373 363 1693 1127
4883 4 2 0 1 373 1127 2202 363
4884 4 2 0 1 1174 1127 1693 2146
4885 4 2 0 1 2148 2921 2894 2411
4886 4 2 0 1 2148 2921 2773 2894
4887 4 2 0 1 2921 1990 2432 1439
4888 4 2 0 1 2842 2921 2999 2773
4889 4 2 0 1 2921 2999 2773 2894
4890 4 2 0 1 421 2889 445 410
4891 4 2 0 1 2620 1643 2399 1054
4892 4 2 0 1 242 1835 218 2303
4893 4 2 0 1 806 2242 1681 949
4894 4 2 0 1 2303 242 1835 1220
4895 4 2 0 1 410 2889 406 421
4896 4 2 0 1 938 858 1836 2392
4897 4 2 0 1 2224 543 207 215
4898 4 2 0 1 2224 543 271 262
4899 4 2 0 1 470 686 2558 1675
4900 4 2 0 1 470 1840 686 1675
4901 4 2 0 1 1127 2202 350 2460
4902 4 2 0 1 2563 1911 908 1839
4903 4 2 0 1 1839 1794 2563 1911
4904 4 2 0 1 1839 1914 2378 1653
4905 4 2 0 1 1127 2202 2460 373
4906 4 2 0 1 2378 1839 2702 1914
4907 4 2 0 1 1675 1243 2273 3178
4908 4 2 0 1 786 2696 1675 2273
4909 4 2 0 1 2558 1675 987 2696
4910 4 2 0 1 786 987 1675 2696
4911 4 2 0 1 290 3068 2639 284
4912 4 2 0 1 2118 3068 290 284
4913 4 2 0 1 2954 1841 852 874
4914 4 2 0 1 1877 1536 2977 1202
4915 4 2 0 1 2954 1841 874 3080
4916 4 2 0 1 1260 1705 1017 2362
4917 4 2 0 1 1260 660 1901 1027
4918 4 2 0 1 2326 1736 2428 3011
4919 4 2 0 1 1654 1133 1918 2603
4920 4 2 0 1 2385 1500 1654 1468
4921 4 2 0 1 3011 1841 1736 1867
4922 4 2 0 1 1442 1037 2575 2505
4923 4 2 0 1 1655 1307 2943 3196
4924 4 2 0 1 1037 2575 2018 801
4925 4 2 0 1 2943 3196 1307 2624
4926 4 2 0 1 1624 2281 239 3241
4927 4 2 0 1 3145 911 1981 896
4928 4 2 0 1 822 896 1774 3145
4929 4 2 0 1 822 3145 1774 904
4930 4 2 0 1 1114 1853 1025 1601
4931 4 2 0 1 1509 1491 1425 2487
4932 4 2 0 1 1962 211 2182 2192
4933 4 2 0 1 2836 1962 2192 211
4934 4 2 0 1 2682 680 527 951
4935 4 2 0 1 680 1545 2682 527
4936 4 2 0 1 1387 761 2903 2204
4937 4 2 0 1 2167 1406 385 403
4938 4 2 0 1 1406 385 1156 2167
4939 4 2 0 1 2275 1133 1918 1654
4940 4 2 0 1 2682 527 2169 1894
4941 4 2 0 1 2989 527 2169 2682
4942 4 2 0 1 2655 1660 1802 1468
4943 4 2 0 1 2891 1269 1802 1660
4944 4 2 0 1 1545 527 2989 2682
4945 4 2 0 1 1745 963 2641 1094
4946 4 2 0 1 148 77 2665 84
4947 4 2 0 1 1549 2017 764 2559
4948 4 2 0 1 77 148 141 2967
4949 4 2 0 1 2358 2122 969 964
4950 4 2 0 1 969 2358 1131 2122
4951 4 2 0 1 2499 76 2033 83
4952 4 2 0 1 84 148 77 2967
4953 4 2 0 1 2033 83 1861 2499
4954 4 2 0 1 2198 1861 83 2499
4955 4 2 0 1 1599 1909 947 2342
4956 4 2 0 1 1771 260 1915 2779
4957 4 2 0 1 1771 260 2779 1059
4958 4 2 0 1 1771 752 1915 260
4959 4 2 0 1 248 274 250 1844
4960 4 2 0 1 1844 274 250 2280
4961 4 2 0 1 942 1845 2261 2213
4962 4 2 0 1 2836 236 3119 1962
4963 4 2 0 1 2213 2261 2451 1947
4964 4 2 0 1 174 3119 236 1962
4965 4 2 0 1 236 3119 174 163
4966 4 2 0 1 1219 1777 44 1124
4967 4 2 0 1 53 1777 2173 1124
4968 4 2 0 1 1670 577 615 1478
4969 4 2 0 1 1058 2157 2391 929
4970 4 2 0 1 1216 1191 2453 1478
4971 4 2 0 1 1670 615 577 3026
4972 4 2 0 1 1478 2453 1216 1670
4973 4 2 0 1 1899 2413 2867 1682
4974 4 2 0 1 384 2082 1236 2619
4975 4 2 0 1 384 2082 2764 1236
4976 4 2 0 1 2557 2082 384 2097
4977 4 2 0 1 2097 2082 384 2917
4978 4 2 0 1 2764 384 2557 2082
4979 4 2 0 1 1351 3239 2718 2230
4980 4 2 0 1 2536 2967 1939 1673
4981 4 2 0 1 2917 2619 2082 384
4982 4 2 0 1 1865 3005 2407 256
4983 4 2 0 1 256 1865 2484 2407
4984 4 2 0 1 1697 1698 691 1920
4985 4 2 0 1 1697 1059 691 1698
4986 4 2 0 1 2863 1697 691 1920
4987 4 2 0 1 2465 1391 1791 1818
4988 4 2 0 1 2266 645 1399 261
4989 4 2 0 1 1848 640 1162 1084
4990 4 2 0 1 1162 1084 3174 1848
4991 4 2 0 1 1165 3038 964 3032
4992 4 2 0 1 2294 1597 2191 2576
4993 4 2 0 1 1217 2291 3123 2212
4994 4 2 0 1 2722 1852 149 1193
4995 4 2 0 1 1852 2861 1087 2507
4996 4 2 0 1 859 2666 2089 2289
4997 4 2 0 1 2301 2073 927 1854
4998 4 2 0 1 1854 1379 2073 927
4999 4 2 0 1 2089 2781 859 2797
5000 4 2 0 1 868 2781 859 2089
5001 4 2 0 1 868 2089 859 2666
5002 4 2 0 1 1965 2927 1987 3221
5003 4 2 0 1 1910 2493 1987 2988
5004 4 2 0 1 3123 2212 2291 2387
5005 4 2 0 1 2684 1148 2741 2252
5006 4 2 0 1 2493 2577 1987 2349
5007 4 2 0 1 899 978 1152 898
5008 4 2 0 1 1702 1593 1152 899
5009 4 2 0 1 899 1152 1702 898
5010 4 2 0 1 48 1030 1477 1782
5011 4 2 0 1 1167 1152 1593 1839
5012 4 2 0 1 1839 978 1152 899
5013 4 2 0 1 1771 2091 691 1059
5014 4 2 0 1 1148 2741 2252 1227
5015 4 2 0 1 1698 2254 2779 2091
5016 4 2 0 1 691 2091 3222 1364
5017 4 2 0 1 2828 553 2055 1694
5018 4 2 0 1 1771 2779 2091 1059
5019 4 2 0 1 2583 765 806 3159
5020 4 2 0 1 806 2885 3159 1681
5021 4 2 0 1 580 43 549 732
5022 4 2 0 1 228 1947 2513 195
5023 4 2 0 1 1984 641 470 2558
5024 4 2 0 1 641 470 2558 2823
5025 4 2 0 1 1733 918 1685 2186
5026 4 2 0 1 2558 641 1093 1984
5027 4 2 0 1 772 1447 2464 1412
5028 4 2 0 1 970 2762 772 1447
5029 4 2 0 1 1447 1412 772 970
5030 4 2 0 1 2439 230 2253 2067
5031 4 2 0 1 1859 1330 1014 1367
5032 4 2 0 1 1859 2559 1549 1367
5033 4 2 0 1 402 2559 1783 1859
5034 4 2 0 1 1513 1678 62 2262
5035 4 2 0 1 2336 62 1678 2262
5036 4 2 0 1 1417 3101 1879 2703
5037 4 2 0 1 2608 2849 1263 1921
5038 4 2 0 1 2900 1737 470 2215
5039 4 2 0 1 1146 470 3073 1737
5040 4 2 0 1 1536 2608 1921 2849
5041 4 2 0 1 3252 3175 1737 470
5042 4 2 0 1 1357 3175 1146 3070
5043 4 2 0 1 2002 1246 2431 1262
5044 4 2 0 1 1461 2248 509 1863
5045 4 2 0 1 3058 509 2248 1863
5046 4 2 0 1 762 991 1114 1211
5047 4 2 0 1 2512 1301 1688 1896
5048 4 2 0 1 1583 1868 649 1502
5049 4 2 0 1 1139 1301 2512 1896
5050 4 2 0 1 3229 2924 2056 1771
5051 4 2 0 1 649 1868 722 1502
5052 4 2 0 1 1059 1697 691 2056
5053 4 2 0 1 2837 2902 722 3247
5054 4 2 0 1 2056 3229 1771 1969
5055 4 2 0 1 1502 2476 1583 1868
5056 4 2 0 1 3247 2837 2902 2077
5057 4 2 0 1 1465 2712 322 1869
5058 4 2 0 1 3008 2110 1783 1182
5059 4 2 0 1 3008 3173 1783 2110
5060 4 2 0 1 1871 2246 1713 453
5061 4 2 0 1 2617 656 588 1280
5062 4 2 0 1 3008 1783 1119 1182
5063 4 2 0 1 258 272 516 1360
5064 4 2 0 1 1119 2897 1783 3008
5065 4 2 0 1 258 516 1421 1360
5066 4 2 0 1 1783 2897 3173 3008
5067 4 2 0 1 2325 2723 2754 3205
5068 4 2 0 1 1872 382 2359 386
5069 4 2 0 1 386 1872 382 1783
5070 4 2 0 1 2553 528 1767 325
5071 4 2 0 1 2723 3205 2325 2840
5072 4 2 0 1 3205 2723 2527 2840
5073 4 2 0 1 3205 2723 3204 2527
5074 4 2 0 1 2754 3205 2723 3204
5075 4 2 0 1 119 2095 1806 132
5076 4 2 0 1 2095 1806 2106 119
5077 4 2 0 1 1325 2744 486 2510
5078 4 2 0 1 1239 1325 2510 2744
5079 4 2 0 1 486 2510 1696 1325
5080 4 2 0 1 1325 2424 1239 2510
5081 4 2 0 1 2424 1325 1696 2510
5082 4 2 0 1 1306 46 27 1936
5083 4 2 0 1 1306 2944 46 1936
5084 4 2 0 1 1655 26 1936 2944
5085 4 2 0 1 127 1875 2327 2221
5086 4 2 0 1 2520 2552 2347 1701
5087 4 2 0 1 780 2494 2304 775
5088 4 2 0 1 258 272 1984 1661
5089 4 2 0 1 891 3089 2102 888
5090 4 2 0 1 2304 2494 664 775
5091 4 2 0 1 2177 2524 306 302
5092 4 2 0 1 1707 891 2102 888
5093 4 2 0 1 2666 2524 306 2177
5094 4 2 0 1 1178 596 18 25
5095 4 2 0 1 1045 1924 2022 2006
5096 4 2 0 1 1873 2022 1045 1924
5097 4 2 0 1 1873 2183 2022 1924
5098 4 2 0 1 2022 1924 2183 2855
5099 4 2 0 1 2006 1924 2022 2855
5100 4 2 0 1 1219 1777 1124 963
5101 4 2 0 1 1761 1753 28 1082
5102 4 2 0 1 2704 942 2213 514
5103 4 2 0 1 1030 26 1655 1782
5104 4 2 0 1 689 3209 1847 2683
5105 4 2 0 1 895 3250 2958 2113
5106 4 2 0 1 1243 2113 3250 1512
5107 4 2 0 1 2113 1422 3250 1512
5108 4 2 0 1 2113 3250 2958 1243
5109 4 2 0 1 2101 1422 3250 2113
5110 4 2 0 1 2161 2901 1738 816
5111 4 2 0 1 1214 941 220 249
5112 4 2 0 1 1214 220 2115 249
5113 4 2 0 1 220 941 222 249
5114 4 2 0 1 1679 1847 3209 2683
5115 4 2 0 1 829 2102 881 891
5116 4 2 0 1 441 1618 429 415
5117 4 2 0 1 1879 1450 1390 1122
5118 4 2 0 1 305 303 1991 2498
5119 4 2 0 1 1417 2832 2573 1879
5120 4 2 0 1 1879 1953 1390 1450
5121 4 2 0 1 1711 542 21 484
5122 4 2 0 1 1663 1119 1889 1549
5123 4 2 0 1 1578 1663 1119 1352
5124 4 2 0 1 1663 1119 1352 1889
5125 4 2 0 1 1145 2066 3044 1904
5126 4 2 0 1 1731 1615 1892 1792
5127 4 2 0 1 1808 1182 1793 1069
5128 4 2 0 1 2600 1615 1892 1731
5129 4 2 0 1 2600 3107 1892 1615
5130 4 2 0 1 1792 1615 1892 3262
5131 4 2 0 1 1615 3107 1892 3262
5132 4 2 0 1 1036 1428 35 48
5133 4 2 0 1 1428 491 1344 931
5134 4 2 0 1 1344 35 1428 48
5135 4 2 0 1 1057 1032 1235 2729
5136 4 2 0 1 2498 318 308 305
5137 4 2 0 1 3068 1336 2639 284
5138 4 2 0 1 2118 1336 3068 284
5139 4 2 0 1 2498 326 308 318
5140 4 2 0 1 2545 305 308 318
5141 4 2 0 1 318 326 308 2545
5142 4 2 0 1 917 1729 1400 1392
5143 4 2 0 1 1009 2023 1906 1228
5144 4 2 0 1 1009 1228 1906 2204
5145 4 2 0 1 2119 1667 1884 766
5146 4 2 0 1 1906 1658 2135 1005
5147 4 2 0 1 2119 992 791 1884
5148 4 2 0 1 2119 992 1884 1667
5149 4 2 0 1 2119 791 616 1884
5150 4 2 0 1 1005 2004 2135 1906
5151 4 2 0 1 1906 2204 1658 1009
5152 4 2 0 1 1752 2852 2767 3242
5153 4 2 0 1 442 1205 394 2125
5154 4 2 0 1 394 2125 2140 442
5155 4 2 0 1 1532 3044 1904 1145
5156 4 2 0 1 594 1726 923 976
5157 4 2 0 1 2642 1022 1880 1532
5158 4 2 0 1 3071 2529 2157 1304
5159 4 2 0 1 2753 920 1431 2661
5160 4 2 0 1 1926 1992 2759 2052
5161 4 2 0 1 3009 1992 1926 2052
5162 4 2 0 1 3236 1545 2377 2682
5163 4 2 0 1 2860 2252 2741 1787
5164 4 2 0 1 115 3189 3106 144
5165 4 2 0 1 2741 1787 2938 2860
5166 4 2 0 1 842 3189 3106 115
5167 4 2 0 1 2981 115 2095 2621
5168 4 2 0 1 861 1684 1388 1164
5169 4 2 0 1 2991 2187 2181 2343
5170 4 2 0 1 2991 2343 2181 2189
5171 4 2 0 1 2071 2343 2991 2189
5172 4 2 0 1 2183 1333 2035 369
5173 4 2 0 1 44 492 1494 635
5174 4 2 0 1 1222 478 635 871
5175 4 2 0 1 857 3210 1983 925
5176 4 2 0 1 2720 1683 1245 2960
5177 4 2 0 1 2165 925 2901 1471
5178 4 2 0 1 857 925 1983 1471
5179 4 2 0 1 881 1574 908 891
5180 4 2 0 1 1626 76 2033 2499
5181 4 2 0 1 1574 1707 908 891
5182 4 2 0 1 1626 3211 76 2499
5183 4 2 0 1 2008 85 1626 3211
5184 4 2 0 1 881 1574 891 2102
5185 4 2 0 1 2900 3073 1862 1943
5186 4 2 0 1 2700 1396 2031 673
5187 4 2 0 1 1717 1574 1707 908
5188 4 2 0 1 235 1913 1797 2216
5189 4 2 0 1 235 1913 2300 1797
5190 4 2 0 1 891 1574 1707 2102
5191 4 2 0 1 488 2478 2106 1806
5192 4 2 0 1 652 3095 1520 1739
5193 4 2 0 1 2576 2343 2294 1887
5194 4 2 0 1 1095 477 615 716
5195 4 2 0 1 1989 2257 2298 1212
5196 4 2 0 1 1550 2478 522 1433
5197 4 2 0 1 1656 2257 2298 1877
5198 4 2 0 1 2343 1887 2576 2881
5199 4 2 0 1 1887 914 2294 2576
5200 4 2 0 1 1828 2267 1406 1013
5201 4 2 0 1 1741 1981 1710 1720
5202 4 2 0 1 1828 870 1406 2267
5203 4 2 0 1 2216 3219 235 1913
5204 4 2 0 1 911 1657 2374 1741
5205 4 2 0 1 2781 2656 1762 1026
5206 4 2 0 1 1989 1202 1877 2257
5207 4 2 0 1 1890 1399 2234 261
5208 4 2 0 1 1989 1877 2298 2257
5209 4 2 0 1 2986 1659 761 1803
5210 4 2 0 1 1659 2716 1803 2986
5211 4 2 0 1 2986 2716 1803 336
5212 4 2 0 1 1891 1799 170 1560
5213 4 2 0 1 502 1747 2418 629
5214 4 2 0 1 3080 1368 2147 848
5215 4 2 0 1 527 2584 2169 1894
5216 4 2 0 1 1386 1416 2698 3087
5217 4 2 0 1 2766 1416 2971 1266
5218 4 2 0 1 2089 2384 2939 1633
5219 4 2 0 1 2089 2666 1633 2939
5220 4 2 0 1 1416 2971 1266 3087
5221 4 2 0 1 2971 1386 3087 1416
5222 4 2 0 1 1017 867 1260 660
5223 4 2 0 1 2971 1386 1416 2766
5224 4 2 0 1 1017 1258 867 660
5225 4 2 0 1 1605 1912 1820 2261
5226 4 2 0 1 1070 1605 1912 1820
5227 4 2 0 1 210 645 1897 192
5228 4 2 0 1 2738 645 1897 210
5229 4 2 0 1 1924 1045 1911 2006
5230 4 2 0 1 1761 1753 1082 34
5231 4 2 0 1 1898 137 97 117
5232 4 2 0 1 1873 1924 1045 2998
5233 4 2 0 1 1420 1633 2781 2089
5234 4 2 0 1 1899 1815 1948 2615
5235 4 2 0 1 1682 2615 1815 1899
5236 4 2 0 1 2491 659 2520 2740
5237 4 2 0 1 1214 213 2115 1902
5238 4 2 0 1 1924 1045 2998 1911
5239 4 2 0 1 1420 2781 1633 1444
5240 4 2 0 1 2700 673 2031 1866
5241 4 2 0 1 535 1880 597 1904
5242 4 2 0 1 1532 1880 2642 1904
5243 4 2 0 1 232 1399 261 2234
5244 4 2 0 1 232 1355 1399 2511
5245 4 2 0 1 871 585 1247 43
5246 4 2 0 1 482 1247 871 585
5247 4 2 0 1 3084 1926 3009 1992
5248 4 2 0 1 482 1247 484 871
5249 4 2 0 1 2013 3168 1589 2744
5250 4 2 0 1 1905 2465 3244 2979
5251 4 2 0 1 659 2740 2286 2347
5252 4 2 0 1 2013 867 630 1589
5253 4 2 0 1 2013 867 1589 3168
5254 4 2 0 1 265 2252 1787 2322
5255 4 2 0 1 549 732 1896 723
5256 4 2 0 1 1896 732 1688 723
5257 4 2 0 1 1908 3094 743 988
5258 4 2 0 1 477 2151 3094 1908
5259 4 2 0 1 1908 3094 477 743
5260 4 2 0 1 2342 947 799 1909
5261 4 2 0 1 1559 2029 417 440
5262 4 2 0 1 1559 2029 1620 417
5263 4 2 0 1 1559 882 2029 2237
5264 4 2 0 1 2100 159 128 100
5265 4 2 0 1 1873 2998 1045 1927
5266 4 2 0 1 194 1910 159 128
5267 4 2 0 1 128 2100 100 2457
5268 4 2 0 1 1045 1927 1686 1873
5269 4 2 0 1 128 1910 2457 2577
5270 4 2 0 1 705 2072 822 1622
5271 4 2 0 1 705 2715 1775 2072
5272 4 2 0 1 2145 953 1666 2012
5273 4 2 0 1 1697 2056 1300 2485
5274 4 2 0 1 2809 2056 3230 1969
5275 4 2 0 1 734 2245 1139 1285
5276 4 2 0 1 1390 1996 870 1516
5277 4 2 0 1 1326 1424 2132 531
5278 4 2 0 1 47 778 36 2132
5279 4 2 0 1 2025 766 1289 2710
5280 4 2 0 1 766 2770 1289 2710
5281 4 2 0 1 766 2710 2025 1667
5282 4 2 0 1 2710 3249 766 2770
5283 4 2 0 1 2416 2951 3088 2308
5284 4 2 0 1 2416 2308 3088 2197
5285 4 2 0 1 925 2578 2901 1031
5286 4 2 0 1 2578 1031 754 2604
5287 4 2 0 1 58 65 2690 2152
5288 4 2 0 1 2688 2152 65 2610
5289 4 2 0 1 3215 2392 2784 3208
5290 4 2 0 1 2690 65 2688 2152
5291 4 2 0 1 2047 2784 3215 1062
5292 4 2 0 1 1062 2784 3215 2392
5293 4 2 0 1 3208 2784 3215 2047
5294 4 2 0 1 1810 1342 1762 1026
5295 4 2 0 1 2937 2045 1653 1794
5296 4 2 0 1 172 2852 3227 2767
5297 4 2 0 1 3227 172 232 2511
5298 4 2 0 1 2904 1915 231 2254
5299 4 2 0 1 2303 2701 2818 1915
5300 4 2 0 1 232 172 3227 2767
5301 4 2 0 1 2303 1915 2818 752
5302 4 2 0 1 2965 120 114 161
5303 4 2 0 1 3227 2852 172 1570
5304 4 2 0 1 3227 1570 172 2511
5305 4 2 0 1 1566 1704 2965 1916
5306 4 2 0 1 1704 1338 1403 1916
5307 4 2 0 1 2232 2220 102 136
5308 4 2 0 1 1403 1338 2803 1916
5309 4 2 0 1 277 2266 261 1768
5310 4 2 0 1 1762 1026 2656 1810
5311 4 2 0 1 1769 909 1942 1224
5312 4 2 0 1 911 842 1934 1657
5313 4 2 0 1 1431 1130 375 1917
5314 4 2 0 1 1917 1431 1564 375
5315 4 2 0 1 1934 842 2586 1657
5316 4 2 0 1 2619 1917 384 1564
5317 4 2 0 1 1934 842 1864 2586
5318 4 2 0 1 212 158 193 1919
5319 4 2 0 1 212 158 1919 177
5320 4 2 0 1 2191 1919 193 2184
5321 4 2 0 1 3227 3170 2234 261
5322 4 2 0 1 1394 3014 2544 810
5323 4 2 0 1 604 3032 1602 587
5324 4 2 0 1 3251 1675 2558 3178
5325 4 2 0 1 1521 686 2558 1487
5326 4 2 0 1 3014 2544 2039 1394
5327 4 2 0 1 2305 1237 2461 1923
5328 4 2 0 1 2305 1237 1923 2517
5329 4 2 0 1 820 2012 2954 1837
5330 4 2 0 1 1929 2815 2255 1383
5331 4 2 0 1 820 2012 852 2954
5332 4 2 0 1 1391 1808 1663 1266
5333 4 2 0 1 38 2444 1782 2099
5334 4 2 0 1 2290 1942 1500 909
5335 4 2 0 1 568 661 1090 1692
5336 4 2 0 1 1266 3087 1808 1663
5337 4 2 0 1 3163 3183 2076 2525
5338 4 2 0 1 1391 2479 1808 1266
5339 4 2 0 1 3087 1808 2479 1266
5340 4 2 0 1 568 661 1002 1090
5341 4 2 0 1 712 778 47 2132
5342 4 2 0 1 3183 3182 1640 2076
5343 4 2 0 1 2993 1845 2213 1947
5344 4 2 0 1 1845 3182 2993 514
5345 4 2 0 1 2213 1845 2993 514
5346 4 2 0 1 1947 3182 2993 1845
5347 4 2 0 1 1380 1032 932 1010
5348 4 2 0 1 791 2960 616 1884
5349 4 2 0 1 1839 3179 1914 1794
5350 4 2 0 1 1995 647 2793 569
5351 4 2 0 1 1261 3231 547 1994
5352 4 2 0 1 1839 1914 1653 1794
5353 4 2 0 1 2496 647 1769 1995
5354 4 2 0 1 2045 2998 1653 1794
5355 4 2 0 1 1995 2496 647 569
5356 4 2 0 1 1966 1514 825 1409
5357 4 2 0 1 1409 1966 1514 1419
5358 4 2 0 1 3221 1748 1987 1965
5359 4 2 0 1 406 2041 421 2889
5360 4 2 0 1 1398 2648 1003 661
5361 4 2 0 1 821 3190 480 1117
5362 4 2 0 1 1117 821 3190 568
5363 4 2 0 1 406 3104 2041 2889
5364 4 2 0 1 443 1436 1930 581
5365 4 2 0 1 487 704 72 508
5366 4 2 0 1 1442 219 2067 179
5367 4 2 0 1 3183 2076 1640 3163
5368 4 2 0 1 3182 2076 3183 1947
5369 4 2 0 1 726 2171 362 1235
5370 4 2 0 1 2772 2980 810 1932
5371 4 2 0 1 3241 196 230 219
5372 4 2 0 1 2171 1730 726 362
5373 4 2 0 1 726 2934 1207 1730
5374 4 2 0 1 1293 2833 726 1183
5375 4 2 0 1 726 2833 2934 1183
5376 4 2 0 1 377 1283 2601 385
5377 4 2 0 1 1544 825 530 1483
5378 4 2 0 1 2990 1760 2847 2926
5379 4 2 0 1 758 947 799 2342
5380 4 2 0 1 3073 2200 686 720
5381 4 2 0 1 3073 686 2200 1487
5382 4 2 0 1 2200 1735 686 720
5383 4 2 0 1 2108 1572 2802 3241
5384 4 2 0 1 2006 413 411 369
5385 4 2 0 1 533 1964 665 592
5386 4 2 0 1 2006 411 2855 369
5387 4 2 0 1 729 1038 1613 231
5388 4 2 0 1 533 1964 592 1380
5389 4 2 0 1 1744 3083 2875 454
5390 4 2 0 1 2041 2889 1591 2875
5391 4 2 0 1 111 1067 2174 75
5392 4 2 0 1 1324 1047 2117 1415
5393 4 2 0 1 2174 3064 111 75
5394 4 2 0 1 141 1939 89 77
5395 4 2 0 1 1939 1233 89 2536
5396 4 2 0 1 1939 1882 1233 2536
5397 4 2 0 1 1939 1673 1882 2536
5398 4 2 0 1 913 751 279 526
5399 4 2 0 1 2127 751 672 511
5400 4 2 0 1 751 913 2127 672
5401 4 2 0 1 1173 1232 862 2964
5402 4 2 0 1 2169 2616 997 2584
5403 4 2 0 1 1942 1224 3070 1769
5404 4 2 0 1 1378 1942 3070 1769
5405 4 2 0 1 3113 2916 2566 1390
5406 4 2 0 1 417 2020 1620 414
5407 4 2 0 1 417 2029 1620 2020
5408 4 2 0 1 2576 2810 1919 2187
5409 4 2 0 1 1794 2998 1653 2563
5410 4 2 0 1 1794 1924 1911 2006
5411 4 2 0 1 1794 1924 2998 1911
5412 4 2 0 1 1794 1999 2006 1911
5413 4 2 0 1 2390 1246 2431 2002
5414 4 2 0 1 2002 1888 2431 2390
5415 4 2 0 1 2428 2084 1334 1736
5416 4 2 0 1 1246 1262 1482 1886
5417 4 2 0 1 3120 347 366 2472
5418 4 2 0 1 2472 3136 2672 2841
5419 4 2 0 1 2088 2472 2978 366
5420 4 2 0 1 2841 2472 2088 2672
5421 4 2 0 1 1886 2431 2390 1246
5422 4 2 0 1 378 2472 3120 366
5423 4 2 0 1 1841 2541 2326 1736
5424 4 2 0 1 1736 2084 2326 2428
5425 4 2 0 1 2326 2541 2084 1736
5426 4 2 0 1 1884 1790 791 2960
5427 4 2 0 1 1736 2541 2084 1334
5428 4 2 0 1 1667 2812 1790 2960
5429 4 2 0 1 857 816 3230 962
5430 4 2 0 1 95 160 148 1946
5431 4 2 0 1 2649 1425 1292 506
5432 4 2 0 1 95 113 160 1946
5433 4 2 0 1 2716 1803 336 320
5434 4 2 0 1 1259 2598 3091 869
5435 4 2 0 1 789 3 1804 983
5436 4 2 0 1 7 1290 1804 983
5437 4 2 0 1 51 600 1301 1004
5438 4 2 0 1 54 1004 579 600
5439 4 2 0 1 54 579 2069 600
5440 4 2 0 1 1914 3179 905 1144
5441 4 2 0 1 294 2470 310 297
5442 4 2 0 1 294 2470 297 2236
5443 4 2 0 1 915 1914 905 1144
5444 4 2 0 1 294 2470 2236 2209
5445 4 2 0 1 294 313 310 2470
5446 4 2 0 1 273 209 1683 216
5447 4 2 0 1 1184 1953 2287 1049
5448 4 2 0 1 2222 1786 1390 1123
5449 4 2 0 1 2222 1390 1953 2287
5450 4 2 0 1 3033 2832 2573 1417
5451 4 2 0 1 1781 273 216 209
5452 4 2 0 1 1781 209 3062 273
5453 4 2 0 1 1683 209 273 2679
5454 4 2 0 1 273 209 3062 2679
5455 4 2 0 1 3172 49 1812 28
5456 4 2 0 1 28 2462 1812 3172
5457 4 2 0 1 1499 1734 96 1458
5458 4 2 0 1 1958 604 1945 1329
5459 4 2 0 1 586 1752 2852 172
5460 4 2 0 1 586 2852 1570 172
5461 4 2 0 1 2986 3225 1387 761
5462 4 2 0 1 428 2264 3083 421
5463 4 2 0 1 2343 147 187 1887
5464 4 2 0 1 1887 147 187 2552
5465 4 2 0 1 2343 3064 147 1887
5466 4 2 0 1 1887 3064 147 2552
5467 4 2 0 1 840 1482 2670 1886
5468 4 2 0 1 71 1886 68 1482
5469 4 2 0 1 2290 1918 1500 1942
5470 4 2 0 1 2290 1942 909 1224
5471 4 2 0 1 1217 3233 2291 2212
5472 4 2 0 1 2291 2212 3233 2387
5473 4 2 0 1 1965 128 194 178
5474 4 2 0 1 2410 136 2404 2859
5475 4 2 0 1 2404 2859 2293 2410
5476 4 2 0 1 1874 1979 2058 1560
5477 4 2 0 1 2174 1979 122 2188
5478 4 2 0 1 1830 1261 1473 1752
5479 4 2 0 1 586 1752 1473 2852
5480 4 2 0 1 2373 2058 1979 1560
5481 4 2 0 1 2174 122 1979 2373
5482 4 2 0 1 3203 3171 2840 1554
5483 4 2 0 1 2821 1967 1618 575
5484 4 2 0 1 1152 1702 1967 737
5485 4 2 0 1 1925 802 1162 2314
5486 4 2 0 1 1162 1925 2314 1084
5487 4 2 0 1 1858 293 1969 2485
5488 4 2 0 1 256 241 2484 1865
5489 4 2 0 1 1969 293 2443 2366
5490 4 2 0 1 1229 1573 2403 2519
5491 4 2 0 1 1573 995 2519 1229
5492 4 2 0 1 2859 2230 1825 2233
5493 4 2 0 1 277 2266 1768 1476
5494 4 2 0 1 2519 1573 2403 2270
5495 4 2 0 1 2876 1927 2563 2998
5496 4 2 0 1 1573 995 2270 2519
5497 4 2 0 1 1133 1351 2233 880
5498 4 2 0 1 1420 2089 2781 868
5499 4 2 0 1 2470 297 2236 2685
5500 4 2 0 1 2862 2685 2236 297
5501 4 2 0 1 1420 2089 868 2666
5502 4 2 0 1 195 510 1601 138
5503 4 2 0 1 2873 1422 2233 1825
5504 4 2 0 1 2230 880 1825 2233
5505 4 2 0 1 3049 3107 1696 2600
5506 4 2 0 1 534 991 913 1826
5507 4 2 0 1 534 1826 913 515
5508 4 2 0 1 2424 1696 2600 3049
5509 4 2 0 1 2442 134 163 169
5510 4 2 0 1 3144 2030 2442 163
5511 4 2 0 1 281 1548 1558 3015
5512 4 2 0 1 2484 1548 281 3015
5513 4 2 0 1 1516 654 1828 2287
5514 4 2 0 1 953 1666 1837 1454
5515 4 2 0 1 1303 1423 489 45
5516 4 2 0 1 45 733 489 1303
5517 4 2 0 1 1423 1388 52 45
5518 4 2 0 1 1837 1666 2954 1454
5519 4 2 0 1 2640 1454 1837 2954
5520 4 2 0 1 1551 2317 1837 771
5521 4 2 0 1 997 1173 2584 1832
5522 4 2 0 1 2317 1837 2640 1454
5523 4 2 0 1 2096 551 1377 576
5524 4 2 0 1 551 1314 1377 576
5525 4 2 0 1 2096 551 471 1377
5526 4 2 0 1 1973 3263 2068 606
5527 4 2 0 1 904 822 705 2072
5528 4 2 0 1 1941 1100 945 1013
5529 4 2 0 1 1100 1941 589 1013
5530 4 2 0 1 705 2072 1622 2715
5531 4 2 0 1 2262 2718 1351 1133
5532 4 2 0 1 915 1914 2677 905
5533 4 2 0 1 2677 1914 2378 2702
5534 4 2 0 1 2677 1914 2702 905
5535 4 2 0 1 2677 2702 2114 905
5536 4 2 0 1 2158 1867 2147 2324
5537 4 2 0 1 3145 705 904 822
5538 4 2 0 1 3145 705 822 1622
5539 4 2 0 1 2513 2129 3182 228
5540 4 2 0 1 2129 3182 228 1640
5541 4 2 0 1 2993 2129 3182 2513
5542 4 2 0 1 1375 1028 1976 2405
5543 4 2 0 1 520 2358 1978 964
5544 4 2 0 1 377 1189 972 1354
5545 4 2 0 1 1986 167 1957 155
5546 4 2 0 1 2252 1585 1958 3109
5547 4 2 0 1 1986 1957 2421 155
5548 4 2 0 1 155 1719 2421 1986
5549 4 2 0 1 3113 1390 2566 2600
5550 4 2 0 1 1271 2191 2107 1044
5551 4 2 0 1 680 162 124 2083
5552 4 2 0 1 124 2083 2854 680
5553 4 2 0 1 124 2968 162 680
5554 4 2 0 1 124 2968 680 2930
5555 4 2 0 1 124 680 2854 2930
5556 4 2 0 1 2909 1364 2824 2074
5557 4 2 0 1 1364 3222 2824 2074
5558 4 2 0 1 2909 2074 2824 3207
5559 4 2 0 1 2797 2089 1251 859
5560 4 2 0 1 859 2289 2089 2040
5561 4 2 0 1 2148 2778 302 2773
5562 4 2 0 1 2035 369 2022 2183
5563 4 2 0 1 1391 1119 1578 1663
5564 4 2 0 1 3008 1119 1663 1182
5565 4 2 0 1 1119 1928 3008 1391
5566 4 2 0 1 2053 754 795 1674
5567 4 2 0 1 1391 3008 1119 1663
5568 4 2 0 1 2053 795 845 1748
5569 4 2 0 1 3149 2552 3030 1770
5570 4 2 0 1 1910 128 194 1965
5571 4 2 0 1 1748 2053 795 1674
5572 4 2 0 1 2580 1530 3200 1797
5573 4 2 0 1 2053 1944 845 795
5574 4 2 0 1 754 1944 2053 795
5575 4 2 0 1 2680 1982 349 353
5576 4 2 0 1 1982 3257 2957 2060
5577 4 2 0 1 918 2565 2186 906
5578 4 2 0 1 1782 1477 2944 1655
5579 4 2 0 1 2444 26 1782 2944
5580 4 2 0 1 1030 1477 1782 1655
5581 4 2 0 1 1782 38 26 2444
5582 4 2 0 1 2773 2524 2177 302
5583 4 2 0 1 605 1126 44 1777
5584 4 2 0 1 2148 2773 302 295
5585 4 2 0 1 1843 1302 44 53
5586 4 2 0 1 778 28 1082 1761
5587 4 2 0 1 415 418 441 1618
5588 4 2 0 1 575 1618 1708 1718
5589 4 2 0 1 2489 3113 1785 3237
5590 4 2 0 1 1976 3183 2525 1912
5591 4 2 0 1 2220 2404 3186 136
5592 4 2 0 1 3224 3020 1640 2952
5593 4 2 0 1 3186 136 2404 2410
5594 4 2 0 1 2142 2207 401 1322
5595 4 2 0 1 2848 2207 401 2416
5596 4 2 0 1 820 1837 771 1619
5597 4 2 0 1 1619 2012 820 1837
5598 4 2 0 1 2463 2207 401 2142
5599 4 2 0 1 1322 2207 401 2848
5600 4 2 0 1 701 1459 1788 1973
5601 4 2 0 1 2022 3048 2183 1873
5602 4 2 0 1 2723 127 2221 1875
5603 4 2 0 1 2723 1875 2527 180
5604 4 2 0 1 1906 2023 1053 1228
5605 4 2 0 1 3165 2401 320 307
5606 4 2 0 1 1906 1228 1053 2204
5607 4 2 0 1 2904 2357 1915 2091
5608 4 2 0 1 1906 2004 2135 1053
5609 4 2 0 1 2904 2091 1915 2254
5610 4 2 0 1 1915 2091 2357 2924
5611 4 2 0 1 2109 153 1262 173
5612 4 2 0 1 2701 2933 2818 2357
5613 4 2 0 1 566 767 711 1950
5614 4 2 0 1 3161 2582 2964 1832
5615 4 2 0 1 1917 1431 1130 715
5616 4 2 0 1 1644 2038 1349 1847
5617 4 2 0 1 1349 1847 2038 3028
5618 4 2 0 1 1370 1847 1349 3028
5619 4 2 0 1 47 1288 1424 1326
5620 4 2 0 1 47 1424 2132 1326
5621 4 2 0 1 103 924 2743 3045
5622 4 2 0 1 2743 103 3045 2162
5623 4 2 0 1 480 1116 1223 875
5624 4 2 0 1 875 1116 1223 1088
5625 4 2 0 1 1116 875 2623 1088
5626 4 2 0 1 2928 864 1773 2349
5627 4 2 0 1 701 1607 1788 1459
5628 4 2 0 1 1971 570 1552 517
5629 4 2 0 1 3003 662 2689 2553
5630 4 2 0 1 570 517 1142 1552
5631 4 2 0 1 302 662 306 2553
5632 4 2 0 1 3054 2837 1479 1069
5633 4 2 0 1 646 3255 2589 2128
5634 4 2 0 1 1131 3255 646 2128
5635 4 2 0 1 1131 3255 3253 646
5636 4 2 0 1 646 3255 3253 2726
5637 4 2 0 1 646 2589 3255 2726
5638 4 2 0 1 440 2636 448 428
5639 4 2 0 1 662 2689 2553 302
5640 4 2 0 1 428 2636 1559 440
5641 4 2 0 1 448 2636 440 1831
5642 4 2 0 1 440 2636 1559 1831
5643 4 2 0 1 2941 1994 1379 2342
5644 4 2 0 1 302 3213 662 2689
5645 4 2 0 1 2689 3213 662 3003
5646 4 2 0 1 1904 2066 1880 597
5647 4 2 0 1 1487 2215 1984 263
5648 4 2 0 1 1487 263 2900 2215
5649 4 2 0 1 2900 1737 2215 263
5650 4 2 0 1 1737 2728 641 2215
5651 4 2 0 1 321 334 326 2461
5652 4 2 0 1 2334 326 321 334
5653 4 2 0 1 223 198 1957 1760
5654 4 2 0 1 2481 64 2309 67
5655 4 2 0 1 176 1957 198 155
5656 4 2 0 1 176 198 1957 223
5657 4 2 0 1 910 3152 933 882
5658 4 2 0 1 3152 910 901 882
5659 4 2 0 1 1951 1910 1987 1965
5660 4 2 0 1 2577 1987 2349 1951
5661 4 2 0 1 1748 3221 2409 1965
5662 4 2 0 1 915 2190 2937 1914
5663 4 2 0 1 2937 915 1930 2190
5664 4 2 0 1 2844 2143 2371 1009
5665 4 2 0 1 3196 1938 1655 1307
5666 4 2 0 1 1873 2183 1924 2149
5667 4 2 0 1 1924 2149 2183 2855
5668 4 2 0 1 1997 1932 2772 810
5669 4 2 0 1 1997 3082 349 342
5670 4 2 0 1 1932 2772 1098 1997
5671 4 2 0 1 340 332 2845 2716
5672 4 2 0 1 3230 866 1204 1858
5673 4 2 0 1 3207 1861 3212 815
5674 4 2 0 1 2461 1998 797 2495
5675 4 2 0 1 2186 2054 1186 2565
5676 4 2 0 1 1999 451 444 425
5677 4 2 0 1 2190 2045 1999 444
5678 4 2 0 1 451 462 1999 444
5679 4 2 0 1 2135 2204 1906 1053
5680 4 2 0 1 2045 444 2006 1999
5681 4 2 0 1 499 847 583 2065
5682 4 2 0 1 2065 847 1893 499
5683 4 2 0 1 1919 2576 2184 2191
5684 4 2 0 1 2793 1737 1862 2700
5685 4 2 0 1 2225 1387 2877 2748
5686 4 2 0 1 960 673 1862 1943
5687 4 2 0 1 1118 1995 1862 1396
5688 4 2 0 1 807 2112 2808 2814
5689 4 2 0 1 1358 1112 1949 2546
5690 4 2 0 1 1991 807 2808 2814
5691 4 2 0 1 2202 373 2225 2460
5692 4 2 0 1 2225 363 373 2202
5693 4 2 0 1 363 373 2748 2225
5694 4 2 0 1 3189 3106 144 192
5695 4 2 0 1 2374 2586 1864 3100
5696 4 2 0 1 1391 2150 1818 2764
5697 4 2 0 1 1736 3245 1867 1841
5698 4 2 0 1 2147 2158 3245 1867
5699 4 2 0 1 2662 1615 3254 1931
5700 4 2 0 1 2368 1715 1131 3253
5701 4 2 0 1 1618 2831 396 2087
5702 4 2 0 1 2821 1618 2087 575
5703 4 2 0 1 283 511 1348 1321
5704 4 2 0 1 2860 1958 2252 265
5705 4 2 0 1 1321 644 283 276
5706 4 2 0 1 2860 265 2252 1787
5707 4 2 0 1 26 897 1782 1030
5708 4 2 0 1 2479 1266 2344 2971
5709 4 2 0 1 123 1426 2318 107
5710 4 2 0 1 123 1426 1769 2318
5711 4 2 0 1 2915 2911 1289 1533
5712 4 2 0 1 1769 2318 2388 123
5713 4 2 0 1 3109 2911 2915 1533
5714 4 2 0 1 3100 2182 2180 1851
5715 4 2 0 1 3109 2252 2911 1533
5716 4 2 0 1 2917 1358 2097 2546
5717 4 2 0 1 1984 1521 1676 2558
5718 4 2 0 1 3100 2180 2586 1851
5719 4 2 0 1 1911 1717 908 3179
5720 4 2 0 1 2524 662 306 302
5721 4 2 0 1 2931 777 1005 2004
5722 4 2 0 1 897 931 48 1344
5723 4 2 0 1 2524 662 302 2773
5724 4 2 0 1 1428 931 1344 48
5725 4 2 0 1 931 2444 38 2099
5726 4 2 0 1 1034 736 1044 937
5727 4 2 0 1 1064 937 1044 2011
5728 4 2 0 1 937 1044 1034 1064
5729 4 2 0 1 2998 1045 1927 1911
5730 4 2 0 1 625 3055 1491 562
5731 4 2 0 1 521 562 625 1491
5732 4 2 0 1 2071 2881 3064 2343
5733 4 2 0 1 2245 3074 1389 81
5734 4 2 0 1 1351 2230 2233 880
5735 4 2 0 1 1351 2410 2233 2230
5736 4 2 0 1 3233 385 1122 2906
5737 4 2 0 1 1957 1760 198 1365
5738 4 2 0 1 81 3074 1389 3216
5739 4 2 0 1 1406 385 2906 1006
5740 4 2 0 1 2576 2810 2908 1919
5741 4 2 0 1 519 1103 3032 1165
5742 4 2 0 1 519 1361 3032 1103
5743 4 2 0 1 519 3032 1361 1027
5744 4 2 0 1 1006 385 2906 1122
5745 4 2 0 1 406 410 370 2889
5746 4 2 0 1 131 106 1776 637
5747 4 2 0 1 2889 410 370 3001
5748 4 2 0 1 370 2061 2889 1798
5749 4 2 0 1 106 2047 131 1776
5750 4 2 0 1 1776 2008 637 106
5751 4 2 0 1 2006 444 425 1999
5752 4 2 0 1 370 2889 3001 1798
5753 4 2 0 1 2006 1045 1911 3052
5754 4 2 0 1 2327 1454 2640 2501
5755 4 2 0 1 2327 2547 1454 2501
5756 4 2 0 1 2879 664 2399 2632
5757 4 2 0 1 1457 1221 2893 2731
5758 4 2 0 1 2879 2976 2632 2399
5759 4 2 0 1 2886 1452 3261 2971
5760 4 2 0 1 1620 2828 2020 1694
5761 4 2 0 1 2145 1882 2012 1233
5762 4 2 0 1 2541 2145 1233 1939
5763 4 2 0 1 1602 1361 1027 2137
5764 4 2 0 1 959 2383 1343 3201
5765 4 2 0 1 2419 2241 2532 217
5766 4 2 0 1 1258 867 630 2013
5767 4 2 0 1 1258 630 1239 2013
5768 4 2 0 1 2868 2013 867 1258
5769 4 2 0 1 2532 2243 2269 1008
5770 4 2 0 1 2879 2370 2632 2896
5771 4 2 0 1 2879 2896 2632 2427
5772 4 2 0 1 252 2397 2883 2307
5773 4 2 0 1 2370 2879 3111 2896
5774 4 2 0 1 2359 2588 1977 2046
5775 4 2 0 1 2344 1452 2766 2865
5776 4 2 0 1 2344 2971 1266 2766
5777 4 2 0 1 1907 1568 668 45
5778 4 2 0 1 1236 2344 2766 2865
5779 4 2 0 1 2344 2971 2766 1452
5780 4 2 0 1 722 2902 2528 3247
5781 4 2 0 1 2557 3247 722 2528
5782 4 2 0 1 2557 3247 2528 3194
5783 4 2 0 1 771 953 1551 774
5784 4 2 0 1 1454 1551 1837 953
5785 4 2 0 1 771 953 1837 1551
5786 4 2 0 1 3254 2212 2662 1931
5787 4 2 0 1 3254 1931 3140 2212
5788 4 2 0 1 1096 1528 2022 398
5789 4 2 0 1 820 1619 771 1882
5790 4 2 0 1 1619 774 771 1882
5791 4 2 0 1 917 3127 1801 1730
5792 4 2 0 1 1514 825 665 1966
5793 4 2 0 1 917 3127 831 1801
5794 4 2 0 1 1835 509 2164 3058
5795 4 2 0 1 3058 1835 509 1166
5796 4 2 0 1 96 3045 70 2743
5797 4 2 0 1 2743 924 96 3045
5798 4 2 0 1 70 2743 1734 96
5799 4 2 0 1 2872 166 647 123
5800 4 2 0 1 2793 166 647 2872
5801 4 2 0 1 1769 123 2872 647
5802 4 2 0 1 2793 647 1995 2872
5803 4 2 0 1 1769 647 2872 1995
5804 4 2 0 1 1986 167 1631 1957
5805 4 2 0 1 955 112 1709 1986
5806 4 2 0 1 1709 112 1631 1986
5807 4 2 0 1 993 1893 2244 2543
5808 4 2 0 1 304 1893 307 499
5809 4 2 0 1 2543 1893 1448 499
5810 4 2 0 1 1622 1981 822 3145
5811 4 2 0 1 1710 1981 822 1622
5812 4 2 0 1 2030 169 2442 163
5813 4 2 0 1 3145 1981 822 896
5814 4 2 0 1 1242 993 570 1552
5815 4 2 0 1 163 199 2030 169
5816 4 2 0 1 783 2974 777 3226
5817 4 2 0 1 777 2843 1005 3226
5818 4 2 0 1 777 1005 2135 3226
5819 4 2 0 1 877 2340 1956 2260
5820 4 2 0 1 777 3226 2974 2843
5821 4 2 0 1 783 2135 3226 777
5822 4 2 0 1 549 600 1896 1301
5823 4 2 0 1 2030 199 2072 169
5824 4 2 0 1 2072 169 2442 2030
5825 4 2 0 1 10 1179 15 33
5826 4 2 0 1 48 1179 33 15
5827 4 2 0 1 417 2020 414 395
5828 4 2 0 1 1900 636 742 798
5829 4 2 0 1 1027 700 300 1901
5830 4 2 0 1 2440 660 3038 1901
5831 4 2 0 1 2150 3012 2199 2028
5832 4 2 0 1 18 671 2310 22
5833 4 2 0 1 22 1267 671 2310
5834 4 2 0 1 2028 3118 3012 2199
5835 4 2 0 1 3176 2150 2028 3012
5836 4 2 0 1 1903 1083 785 939
5837 4 2 0 1 2333 2592 785 1498
5838 4 2 0 1 2754 3204 2654 1368
5839 4 2 0 1 853 2754 2501 3080
5840 4 2 0 1 1368 2754 3080 2654
5841 4 2 0 1 1014 1430 1625 1016
5842 4 2 0 1 1014 1430 402 1625
5843 4 2 0 1 848 3080 1368 2754
5844 4 2 0 1 853 2754 3080 848
5845 4 2 0 1 2020 2029 1620 1596
5846 4 2 0 1 466 2438 1609 2677
5847 4 2 0 1 414 2020 2828 379
5848 4 2 0 1 892 911 1493 1719
5849 4 2 0 1 2022 360 2035 1096
5850 4 2 0 1 911 842 1140 1719
5851 4 2 0 1 1140 1719 1493 911
5852 4 2 0 1 2035 369 360 2022
5853 4 2 0 1 271 2137 543 265
5854 4 2 0 1 1294 1569 830 936
5855 4 2 0 1 271 2137 265 700
5856 4 2 0 1 265 543 518 2137
5857 4 2 0 1 2137 518 265 1602
5858 4 2 0 1 2907 1899 1815 3040
5859 4 2 0 1 2867 1899 2907 3165
5860 4 2 0 1 2793 166 202 2737
5861 4 2 0 1 2264 2041 3083 421
5862 4 2 0 1 421 2041 3083 2875
5863 4 2 0 1 2170 241 217 1554
5864 4 2 0 1 217 1554 3203 2170
5865 4 2 0 1 2035 1096 360 1729
5866 4 2 0 1 1729 360 2035 2418
5867 4 2 0 1 2035 1333 360 369
5868 4 2 0 1 2418 1333 360 2035
5869 4 2 0 1 2001 3008 1592 1316
5870 4 2 0 1 1764 2858 880 2233
5871 4 2 0 1 1198 1265 1883 2039
5872 4 2 0 1 2039 1265 1883 2912
5873 4 2 0 1 2912 2039 1265 2199
5874 4 2 0 1 1316 3008 1592 3054
5875 4 2 0 1 2982 3198 2463 2142
5876 4 2 0 1 882 910 901 1831
5877 4 2 0 1 538 1251 2936 1921
5878 4 2 0 1 882 1559 910 1831
5879 4 2 0 1 2668 1922 697 127
5880 4 2 0 1 2664 2951 3088 2416
5881 4 2 0 1 910 901 1831 902
5882 4 2 0 1 2849 567 768 331
5883 4 2 0 1 2595 1673 2536 1882
5884 4 2 0 1 2051 2196 1925 742
5885 4 2 0 1 1156 385 1283 2155
5886 4 2 0 1 3255 2387 1218 2589
5887 4 2 0 1 2167 2155 2724 385
5888 4 2 0 1 2726 3255 1218 2589
5889 4 2 0 1 2188 122 2174 126
5890 4 2 0 1 1872 2680 382 2787
5891 4 2 0 1 799 2987 2313 1778
5892 4 2 0 1 780 799 2313 1778
5893 4 2 0 1 382 2680 2060 2787
5894 4 2 0 1 2342 799 1778 2987
5895 4 2 0 1 1872 2680 2787 1098
5896 4 2 0 1 2060 2680 1098 2787
5897 4 2 0 1 2057 218 2701 2502
5898 4 2 0 1 2057 218 2164 2701
5899 4 2 0 1 812 1425 2649 506
5900 4 2 0 1 2303 2818 2701 218
5901 4 2 0 1 2303 2164 218 2701
5902 4 2 0 1 218 2818 2701 2502
5903 4 2 0 1 2036 2278 1933 739
5904 4 2 0 1 2501 2547 1454 2048
5905 4 2 0 1 2501 3204 2547 2048
5906 4 2 0 1 299 2914 669 996
5907 4 2 0 1 2049 2618 299 669
5908 4 2 0 1 1842 941 1214 2750
5909 4 2 0 1 1404 1842 1530 2750
5910 4 2 0 1 925 3210 1983 1616
5911 4 2 0 1 1842 1214 2115 2750
5912 4 2 0 1 1842 2115 1530 2750
5913 4 2 0 1 1447 774 1551 953
5914 4 2 0 1 457 2725 422 429
5915 4 2 0 1 3119 199 2030 163
5916 4 2 0 1 2715 199 2072 2030
5917 4 2 0 1 2715 199 2030 3119
5918 4 2 0 1 1818 1992 2052 2150
5919 4 2 0 1 1818 2150 2052 2764
5920 4 2 0 1 930 694 2054 918
5921 4 2 0 1 2186 918 2054 2565
5922 4 2 0 1 2054 1685 918 2186
5923 4 2 0 1 56 2037 1244 689
5924 4 2 0 1 56 2037 1423 1244
5925 4 2 0 1 2054 930 918 1685
5926 4 2 0 1 52 2037 1423 56
5927 4 2 0 1 2830 553 2055 2828
5928 4 2 0 1 269 259 1878 2332
5929 4 2 0 1 1948 1429 878 2615
5930 4 2 0 1 2058 122 164 135
5931 4 2 0 1 2412 268 255 2366
5932 4 2 0 1 3187 807 770 2615
5933 4 2 0 1 894 1940 62 2228
5934 4 2 0 1 1086 1940 2333 1232
5935 4 2 0 1 862 1086 2333 1232
5936 4 2 0 1 2443 2366 268 2412
5937 4 2 0 1 1874 1979 164 2058
5938 4 2 0 1 170 164 135 2058
5939 4 2 0 1 3021 1862 3073 1943
5940 4 2 0 1 960 1943 1862 3021
5941 4 2 0 1 1819 164 170 2058
5942 4 2 0 1 1633 2781 2089 2797
5943 4 2 0 1 1878 3193 1018 2338
5944 4 2 0 1 292 269 2332 259
5945 4 2 0 1 854 2564 2758 2338
5946 4 2 0 1 2058 1819 164 1874
5947 4 2 0 1 1018 1878 2338 2332
5948 4 2 0 1 2781 2797 1633 2420
5949 4 2 0 1 2064 623 718 591
5950 4 2 0 1 871 591 2783 2062
5951 4 2 0 1 2064 623 1449 718
5952 4 2 0 1 2781 2420 1633 1444
5953 4 2 0 1 2212 3123 3140 3255
5954 4 2 0 1 2021 2212 3140 3255
5955 4 2 0 1 2926 3238 1588 2847
5956 4 2 0 1 2847 705 1582 3238
5957 4 2 0 1 21 1339 6 542
5958 4 2 0 1 21 17 1 1339
5959 4 2 0 1 1089 1711 542 1339
5960 4 2 0 1 1089 17 1711 1339
5961 4 2 0 1 21 542 1711 1339
5962 4 2 0 1 2847 3238 1588 705
5963 4 2 0 1 2089 1251 859 2040
5964 4 2 0 1 2847 1582 2561 3238
5965 4 2 0 1 2926 2847 2561 3238
5966 4 2 0 1 2968 3236 680 1545
5967 4 2 0 1 2874 2607 2813 956
5968 4 2 0 1 63 2059 2822 1847
5969 4 2 0 1 2822 2425 2059 63
5970 4 2 0 1 2986 363 2225 2202
5971 4 2 0 1 2607 2925 956 2874
5972 4 2 0 1 363 2225 2748 2986
5973 4 2 0 1 1679 1847 2683 2059
5974 4 2 0 1 370 406 2889 2061
5975 4 2 0 1 1800 370 2061 406
5976 4 2 0 1 1800 2061 2830 406
5977 4 2 0 1 3004 2060 2787 1743
5978 4 2 0 1 3079 406 2061 3104
5979 4 2 0 1 2086 617 873 2328
5980 4 2 0 1 617 873 948 2086
5981 4 2 0 1 3104 2889 406 2061
5982 4 2 0 1 2830 2061 3079 406
5983 4 2 0 1 3165 3040 2401 1899
5984 4 2 0 1 740 809 1402 1789
5985 4 2 0 1 2564 3193 854 2795
5986 4 2 0 1 1789 2795 1402 740
5987 4 2 0 1 1789 740 854 2795
5988 4 2 0 1 1930 915 581 685
5989 4 2 0 1 1930 581 706 685
5990 4 2 0 1 1947 3183 3182 1845
5991 4 2 0 1 1771 1059 288 279
5992 4 2 0 1 1771 3229 279 288
5993 4 2 0 1 2885 80 2892 2063
5994 4 2 0 1 2631 2885 1681 2063
5995 4 2 0 1 2892 82 2063 80
5996 4 2 0 1 91 2230 102 2111
5997 4 2 0 1 2230 3239 2718 2446
5998 4 2 0 1 1521 2558 1984 1487
5999 4 2 0 1 2747 1952 1065 1022
6000 4 2 0 1 895 3250 2101 2873
6001 4 2 0 1 2873 2293 2101 895
6002 4 2 0 1 2153 297 294 310
6003 4 2 0 1 1956 996 2567 2153
6004 4 2 0 1 2112 807 1120 1956
6005 4 2 0 1 2112 1120 807 3218
6006 4 2 0 1 3069 1387 2903 2014
6007 4 2 0 1 28 1082 1138 3172
6008 4 2 0 1 2186 2208 2168 3001
6009 4 2 0 1 2186 2208 2889 1591
6010 4 2 0 1 1591 2889 2186 2875
6011 4 2 0 1 2067 2523 230 2253
6012 4 2 0 1 2067 219 230 196
6013 4 2 0 1 942 1845 2213 514
6014 4 2 0 1 2067 219 921 239
6015 4 2 0 1 2067 219 239 230
6016 4 2 0 1 1875 753 950 1742
6017 4 2 0 1 877 1960 2339 615
6018 4 2 0 1 1478 2339 3071 298
6019 4 2 0 1 1973 3263 1485 2068
6020 4 2 0 1 2068 1973 2546 614
6021 4 2 0 1 2086 96 924 3045
6022 4 2 0 1 2632 2639 284 290
6023 4 2 0 1 2085 3232 130 2445
6024 4 2 0 1 3035 661 1798 1728
6025 4 2 0 1 2397 269 292 287
6026 4 2 0 1 895 2101 3250 2113
6027 4 2 0 1 1490 1673 2595 1882
6028 4 2 0 1 27 1337 29 3172
6029 4 2 0 1 811 2070 2457 2707
6030 4 2 0 1 2707 2587 811 2070
6031 4 2 0 1 2379 1437 2623 523
6032 4 2 0 1 1600 2379 1437 1496
6033 4 2 0 1 2666 1420 1968 868
6034 4 2 0 1 2373 122 1979 2058
6035 4 2 0 1 122 108 135 2058
6036 4 2 0 1 2373 122 2058 108
6037 4 2 0 1 2045 1924 1794 2006
6038 4 2 0 1 2080 140 1522 104
6039 4 2 0 1 1873 2149 1924 2998
6040 4 2 0 1 2045 1924 2998 1794
6041 4 2 0 1 1509 75 2189 2071
6042 4 2 0 1 2072 1622 2715 2442
6043 4 2 0 1 2682 1894 2169 2915
6044 4 2 0 1 2682 2169 3109 2915
6045 4 2 0 1 2377 2169 3109 2682
6046 4 2 0 1 2036 251 275 240
6047 4 2 0 1 2807 240 275 278
6048 4 2 0 1 2989 2169 2377 2682
6049 4 2 0 1 2075 806 855 949
6050 4 2 0 1 2904 2658 171 2123
6051 4 2 0 1 873 949 2075 855
6052 4 2 0 1 2242 806 2075 949
6053 4 2 0 1 2193 949 2242 2075
6054 4 2 0 1 171 2904 231 2658
6055 4 2 0 1 2588 2804 1614 1977
6056 4 2 0 1 3054 2837 2077 1479
6057 4 2 0 1 2110 2077 2124 1479
6058 4 2 0 1 2588 1614 2359 1977
6059 4 2 0 1 258 1503 2571 245
6060 4 2 0 1 1661 2571 258 516
6061 4 2 0 1 2571 258 516 1503
6062 4 2 0 1 245 1503 1501 258
6063 4 2 0 1 1501 258 1503 1421
6064 4 2 0 1 2359 2680 1977 1614
6065 4 2 0 1 1614 2295 2680 1977
6066 4 2 0 1 1977 2804 1614 2295
6067 4 2 0 1 373 2225 2877 2748
6068 4 2 0 1 3099 373 2460 2225
6069 4 2 0 1 2001 3194 1316 3247
6070 4 2 0 1 2945 2946 1316 3194
6071 4 2 0 1 1844 274 2758 248
6072 4 2 0 1 2280 274 2758 1844
6073 4 2 0 1 3194 1316 2945 2001
6074 4 2 0 1 2748 1387 2204 2986
6075 4 2 0 1 2986 2225 2748 1387
6076 4 2 0 1 1844 229 250 248
6077 4 2 0 1 2280 2324 250 1844
6078 4 2 0 1 233 250 1844 229
6079 4 2 0 1 233 250 2324 1844
6080 4 2 0 1 3072 784 2335 1691
6081 4 2 0 1 1139 1750 2777 1301
6082 4 2 0 1 2534 2014 2135 1634
6083 4 2 0 1 2135 1634 2014 2204
6084 4 2 0 1 1227 2231 1121 2693
6085 4 2 0 1 2534 2014 1634 1387
6086 4 2 0 1 1634 2014 2204 1387
6087 4 2 0 1 2693 2231 1121 1375
6088 4 2 0 1 2462 1337 3172 28
6089 4 2 0 1 342 2160 2316 2772
6090 4 2 0 1 607 1435 1205 621
6091 4 2 0 1 621 1435 497 503
6092 4 2 0 1 1997 2772 342 2316
6093 4 2 0 1 1734 723 734 1980
6094 4 2 0 1 67 1734 734 1980
6095 4 2 0 1 723 1688 734 1980
6096 4 2 0 1 2526 104 2080 1522
6097 4 2 0 1 2080 3131 104 2526
6098 4 2 0 1 1748 2053 1674 3221
6099 4 2 0 1 2319 1217 2291 3123
6100 4 2 0 1 1202 1217 2291 2319
6101 4 2 0 1 1982 3082 349 1997
6102 4 2 0 1 2170 2419 2532 217
6103 4 2 0 1 2012 1841 852 2954
6104 4 2 0 1 2053 3221 1748 1987
6105 4 2 0 1 2053 754 1674 3221
6106 4 2 0 1 1769 1440 1426 658
6107 4 2 0 1 2877 373 391 3099
6108 4 2 0 1 1387 1470 2225 3099
6109 4 2 0 1 128 2084 100 159
6110 4 2 0 1 128 2428 100 2084
6111 4 2 0 1 128 2084 159 194
6112 4 2 0 1 2428 2084 178 1334
6113 4 2 0 1 178 194 1334 2084
6114 4 2 0 1 3092 2734 2871 3191
6115 4 2 0 1 1963 66 1955 2393
6116 4 2 0 1 1482 2670 2393 840
6117 4 2 0 1 1083 1963 1955 2393
6118 4 2 0 1 1963 840 1482 2393
6119 4 2 0 1 3191 2871 2894 2734
6120 4 2 0 1 2242 806 2329 2075
6121 4 2 0 1 2734 2999 2894 3191
6122 4 2 0 1 68 66 2329 1759
6123 4 2 0 1 1228 2143 1809 2844
6124 4 2 0 1 2844 2371 2143 1809
6125 4 2 0 1 1429 2371 1809 2143
6126 4 2 0 1 982 2371 1429 2143
6127 4 2 0 1 2098 2371 1429 982
6128 4 2 0 1 2143 982 2371 1009
6129 4 2 0 1 1174 2657 391 373
6130 4 2 0 1 1985 2755 3184 3018
6131 4 2 0 1 479 1985 3184 1931
6132 4 2 0 1 3244 1098 1982 1997
6133 4 2 0 1 3244 3257 1982 1098
6134 4 2 0 1 2831 380 2087 1630
6135 4 2 0 1 84 2346 2665 95
6136 4 2 0 1 148 77 3206 2665
6137 4 2 0 1 659 1689 1701 2347
6138 4 2 0 1 385 2155 1156 2167
6139 4 2 0 1 1582 705 2847 892
6140 4 2 0 1 705 928 1588 892
6141 4 2 0 1 2347 659 2520 1701
6142 4 2 0 1 2847 892 705 1588
6143 4 2 0 1 2090 2486 1756 450
6144 4 2 0 1 3179 1144 1794 1999
6145 4 2 0 1 3179 1144 1914 1794
6146 4 2 0 1 1979 122 164 2058
6147 4 2 0 1 2045 1999 2006 1794
6148 4 2 0 1 2564 1878 2338 3193
6149 4 2 0 1 280 286 2758 259
6150 4 2 0 1 2758 2564 1878 2338
6151 4 2 0 1 1138 832 1753 1274
6152 4 2 0 1 3149 1722 3030 1887
6153 4 2 0 1 3030 3024 213 1887
6154 4 2 0 1 2356 2002 153 1262
6155 4 2 0 1 153 2356 1262 117
6156 4 2 0 1 1722 3024 3030 1887
6157 4 2 0 1 1923 797 2461 1998
6158 4 2 0 1 1146 1737 3073 1995
6159 4 2 0 1 3093 3016 1759 2193
6160 4 2 0 1 1810 326 2545 1342
6161 4 2 0 1 2075 2242 1759 2329
6162 4 2 0 1 1342 326 2334 3059
6163 4 2 0 1 2545 326 2334 1342
6164 4 2 0 1 1122 1390 1996 870
6165 4 2 0 1 1094 2806 3044 3148
6166 4 2 0 1 1880 1022 2806 1532
6167 4 2 0 1 1745 2806 1094 3148
6168 4 2 0 1 45 1141 1340 3180
6169 4 2 0 1 113 1497 2445 2144
6170 4 2 0 1 63 1303 490 2441
6171 4 2 0 1 2806 1022 963 1532
6172 4 2 0 1 2793 2737 202 2031
6173 4 2 0 1 2793 1396 2031 2700
6174 4 2 0 1 2806 963 1745 1094
6175 4 2 0 1 263 1737 2728 2700
6176 4 2 0 1 1532 2806 1880 3044
6177 4 2 0 1 2461 2846 2350 334
6178 4 2 0 1 2305 334 2461 2350
6179 4 2 0 1 1053 1634 2204 2003
6180 4 2 0 1 1548 3192 1558 3015
6181 4 2 0 1 1679 3209 63 2330
6182 4 2 0 1 1096 1528 2092 2022
6183 4 2 0 1 2059 2430 3164 813
6184 4 2 0 1 2092 1096 2035 1729
6185 4 2 0 1 1096 3133 2092 1528
6186 4 2 0 1 2092 2022 2035 1096
6187 4 2 0 1 2484 3192 1548 3015
6188 4 2 0 1 2092 1096 1729 3133
6189 4 2 0 1 2892 82 2446 2063
6190 4 2 0 1 273 1683 1665 216
6191 4 2 0 1 1026 2348 1444 2656
6192 4 2 0 1 2733 3161 2330 1225
6193 4 2 0 1 115 2095 488 842
6194 4 2 0 1 401 1322 1358 1949
6195 4 2 0 1 1304 2768 1850 3071
6196 4 2 0 1 2867 1612 301 3162
6197 4 2 0 1 1012 2117 1072 1071
6198 4 2 0 1 1075 2117 1072 1012
6199 4 2 0 1 2465 1394 2150 1791
6200 4 2 0 1 2465 1791 2150 1818
6201 4 2 0 1 3212 1626 2033 2499
6202 4 2 0 1 3162 2940 301 2867
6203 4 2 0 1 1776 2047 3215 1405
6204 4 2 0 1 1776 2047 181 3208
6205 4 2 0 1 3208 2047 3215 1776
6206 4 2 0 1 2100 159 1910 128
6207 4 2 0 1 1910 2100 128 2457
6208 4 2 0 1 2204 761 1658 2844
6209 4 2 0 1 2204 2903 1658 761
6210 4 2 0 1 2290 3070 1224 3175
6211 4 2 0 1 1770 2552 1701 157
6212 4 2 0 1 2290 3175 2078 1357
6213 4 2 0 1 1073 2644 1034 1064
6214 4 2 0 1 1343 1064 670 2644
6215 4 2 0 1 2644 670 1034 1064
6216 4 2 0 1 452 2090 1756 450
6217 4 2 0 1 452 1714 1756 2090
6218 4 2 0 1 1756 450 1079 452
6219 4 2 0 1 452 1756 1714 2296
6220 4 2 0 1 1756 452 1079 2296
6221 4 2 0 1 2355 2060 353 356
6222 4 2 0 1 356 3097 353 2355
6223 4 2 0 1 2355 2680 353 2060
6224 4 2 0 1 3250 2732 2786 2103
6225 4 2 0 1 1409 945 632 1215
6226 4 2 0 1 1215 825 1409 1561
6227 4 2 0 1 54 2005 1662 2069
6228 4 2 0 1 353 2295 2680 2355
6229 4 2 0 1 1662 1539 2069 2005
6230 4 2 0 1 264 3062 1807 2679
6231 4 2 0 1 461 2486 2090 450
6232 4 2 0 1 882 933 910 1620
6233 4 2 0 1 994 2104 3143 2887
6234 4 2 0 1 893 933 1620 910
6235 4 2 0 1 882 830 1620 2029
6236 4 2 0 1 2029 830 1620 1596
6237 4 2 0 1 933 1620 3047 893
6238 4 2 0 1 2422 1497 1587 2445
6239 4 2 0 1 830 1596 3047 1620
6240 4 2 0 1 1949 2546 1112 1356
6241 4 2 0 1 2680 349 342 1977
6242 4 2 0 1 2359 2680 342 1977
6243 4 2 0 1 2372 3184 1931 2566
6244 4 2 0 1 1931 2566 3254 2372
6245 4 2 0 1 2441 1646 704 65
6246 4 2 0 1 1646 1303 65 2441
6247 4 2 0 1 1356 1112 1973 2546
6248 4 2 0 1 1356 1112 1459 1973
6249 4 2 0 1 1977 2295 2680 349
6250 4 2 0 1 333 325 2503 2920
6251 4 2 0 1 2152 2659 63 58
6252 4 2 0 1 2302 1673 2464 772
6253 4 2 0 1 1882 2145 1619 1673
6254 4 2 0 1 2145 2302 772 1673
6255 4 2 0 1 2342 947 2108 758
6256 4 2 0 1 1599 2342 947 2108
6257 4 2 0 1 2342 1577 2802 2108
6258 4 2 0 1 153 2002 1975 2109
6259 4 2 0 1 1673 1882 1490 1619
6260 4 2 0 1 2109 203 2471 1975
6261 4 2 0 1 3005 2602 267 254
6262 4 2 0 1 2746 2771 1037 2253
6263 4 2 0 1 625 2015 628 1481
6264 4 2 0 1 1491 2015 625 521
6265 4 2 0 1 521 625 1481 2015
6266 4 2 0 1 1786 2832 1312 3042
6267 4 2 0 1 3216 1426 107 2318
6268 4 2 0 1 2111 894 62 2228
6269 4 2 0 1 2228 62 2111 2718
6270 4 2 0 1 2986 352 363 2202
6271 4 2 0 1 1744 910 902 1641
6272 4 2 0 1 1716 910 902 1744
6273 4 2 0 1 1544 515 1015 565
6274 4 2 0 1 1544 534 1441 515
6275 4 2 0 1 1544 515 1441 1015
6276 4 2 0 1 1730 3127 1801 2369
6277 4 2 0 1 2369 365 1730 362
6278 4 2 0 1 705 928 892 904
6279 4 2 0 1 3145 892 1774 904
6280 4 2 0 1 1729 3133 1700 831
6281 4 2 0 1 917 3133 1729 831
6282 4 2 0 1 892 705 904 3145
6283 4 2 0 1 1384 2958 2113 895
6284 4 2 0 1 2468 2702 3124 2114
6285 4 2 0 1 2393 66 1955 2386
6286 4 2 0 1 1955 60 2386 66
6287 4 2 0 1 1083 2393 1955 2386
6288 4 2 0 1 2386 2592 1903 785
6289 4 2 0 1 1191 1216 2010 319
6290 4 2 0 1 2531 1741 1140 2194
6291 4 2 0 1 3025 2374 2321 1741
6292 4 2 0 1 2824 864 1773 2928
6293 4 2 0 1 2321 2374 3100 2176
6294 4 2 0 1 2659 2152 63 3160
6295 4 2 0 1 3244 2635 2465 1905
6296 4 2 0 1 2531 1741 2194 2176
6297 4 2 0 1 2321 2374 2176 1741
6298 4 2 0 1 3158 2730 935 916
6299 4 2 0 1 1712 3234 2382 2560
6300 4 2 0 1 1516 2134 870 1828
6301 4 2 0 1 1712 3234 1516 2959
6302 4 2 0 1 820 2012 1619 1882
6303 4 2 0 1 780 3228 2304 2494
6304 4 2 0 1 780 2306 2304 3228
6305 4 2 0 1 427 2757 409 2473
6306 4 2 0 1 427 2757 2473 1717
6307 4 2 0 1 2214 1798 2830 3051
6308 4 2 0 1 1800 370 1798 2061
6309 4 2 0 1 1798 370 1800 661
6310 4 2 0 1 1734 2163 96 1458
6311 4 2 0 1 1727 3157 3158 2730
6312 4 2 0 1 1769 2318 1224 2388
6313 4 2 0 1 1070 1605 3183 1912
6314 4 2 0 1 843 811 1861 3207
6315 4 2 0 1 1070 3183 1976 1912
6316 4 2 0 1 2588 1977 2681 1526
6317 4 2 0 1 2121 3255 1131 2128
6318 4 2 0 1 1354 1131 2128 2121
6319 4 2 0 1 1122 2212 1931 2662
6320 4 2 0 1 2212 3255 2121 2387
6321 4 2 0 1 2588 2804 1977 1526
6322 4 2 0 1 2358 1131 2122 1715
6323 4 2 0 1 2804 3113 1977 1526
6324 4 2 0 1 2122 1715 1131 2789
6325 4 2 0 1 2681 1977 3049 1526
6326 4 2 0 1 1534 2606 2032 2434
6327 4 2 0 1 3113 3049 1977 1526
6328 4 2 0 1 42 2032 32 1907
6329 4 2 0 1 1907 2032 1568 45
6330 4 2 0 1 3212 2360 1836 2033
6331 4 2 0 1 414 2312 1620 1559
6332 4 2 0 1 1559 2312 428 414
6333 4 2 0 1 129 98 1230 2380
6334 4 2 0 1 129 1230 2057 2380
6335 4 2 0 1 1954 617 1802 2481
6336 4 2 0 1 2695 2891 1802 1660
6337 4 2 0 1 2072 2442 2715 2030
6338 4 2 0 1 445 2186 2875 2126
6339 4 2 0 1 1771 2924 691 2091
6340 4 2 0 1 2128 3255 2589 2387
6341 4 2 0 1 822 3046 2442 2072
6342 4 2 0 1 385 2724 2128 2155
6343 4 2 0 1 385 2128 1354 2155
6344 4 2 0 1 2121 3255 2128 2387
6345 4 2 0 1 1354 2128 385 2121
6346 4 2 0 1 3105 1492 3219 2966
6347 4 2 0 1 691 2924 3222 2091
6348 4 2 0 1 1505 1550 683 1199
6349 4 2 0 1 3238 705 1582 2352
6350 4 2 0 1 750 1210 1569 957
6351 4 2 0 1 1639 1569 750 1210
6352 4 2 0 1 2455 742 2086 948
6353 4 2 0 1 2912 1883 2268 1265
6354 4 2 0 1 742 1580 2455 640
6355 4 2 0 1 195 2513 138 1947
6356 4 2 0 1 1257 2296 446 3153
6357 4 2 0 1 123 2515 1426 107
6358 4 2 0 1 2562 2130 1496 237
6359 4 2 0 1 237 1496 2379 2130
6360 4 2 0 1 2926 2990 2562 3189
6361 4 2 0 1 2912 1883 2354 2268
6362 4 2 0 1 1734 723 550 1511
6363 4 2 0 1 1639 936 1569 1294
6364 4 2 0 1 1420 2432 1990 1444
6365 4 2 0 1 2432 1990 1444 1439
6366 4 2 0 1 290 2407 291 3015
6367 4 2 0 1 186 156 2131 145
6368 4 2 0 1 156 110 2321 145
6369 4 2 0 1 290 2639 3015 2632
6370 4 2 0 1 1864 2210 3100 1680
6371 4 2 0 1 2131 1680 1962 2182
6372 4 2 0 1 2210 2374 1864 3100
6373 4 2 0 1 2131 3077 3100 2321
6374 4 2 0 1 1627 452 2296 446
6375 4 2 0 1 491 38 931 749
6376 4 2 0 1 749 2444 931 1249
6377 4 2 0 1 491 38 897 931
6378 4 2 0 1 1970 2341 2134 1020
6379 4 2 0 1 2134 735 870 1828
6380 4 2 0 1 1828 1020 2134 735
6381 4 2 0 1 2522 1154 3197 1102
6382 4 2 0 1 153 137 1898 117
6383 4 2 0 1 2839 2046 2772 1932
6384 4 2 0 1 153 137 173 1898
6385 4 2 0 1 533 1436 1380 532
6386 4 2 0 1 1380 532 1010 533
6387 4 2 0 1 173 137 2646 1898
6388 4 2 0 1 532 1411 533 1436
6389 4 2 0 1 2467 2129 1522 2080
6390 4 2 0 1 471 1299 1040 522
6391 4 2 0 1 471 1603 1299 94
6392 4 2 0 1 1656 2977 538 2257
6393 4 2 0 1 471 1603 1040 1299
6394 4 2 0 1 421 2889 2875 445
6395 4 2 0 1 2186 2208 3001 2889
6396 4 2 0 1 2875 2889 2186 445
6397 4 2 0 1 341 333 1347 2849
6398 4 2 0 1 341 2849 1347 344
6399 4 2 0 1 2139 900 824 939
6400 4 2 0 1 2139 824 900 912
6401 4 2 0 1 3110 2869 1372 1432
6402 4 2 0 1 1509 965 2141 1560
6403 4 2 0 1 2071 965 2141 1509
6404 4 2 0 1 890 1509 1338 2141
6405 4 2 0 1 1560 1509 890 2141
6406 4 2 0 1 613 2142 1322 649
6407 4 2 0 1 613 2142 2201 1322
6408 4 2 0 1 649 2142 1322 722
6409 4 2 0 1 722 2142 1322 2528
6410 4 2 0 1 2201 2142 401 1322
6411 4 2 0 1 2142 2528 2207 1322
6412 4 2 0 1 1429 2143 1809 849
6413 4 2 0 1 982 2143 1429 849
6414 4 2 0 1 2986 2716 352 2202
6415 4 2 0 1 1951 1748 845 2409
6416 4 2 0 1 1548 1821 1558 1650
6417 4 2 0 1 1548 1821 1650 3171
6418 4 2 0 1 1368 3245 3080 2147
6419 4 2 0 1 2012 1841 2954 1666
6420 4 2 0 1 2147 1867 848 2324
6421 4 2 0 1 3080 2147 3245 1867
6422 4 2 0 1 2465 1335 2398 3008
6423 4 2 0 1 2897 2465 2398 3008
6424 4 2 0 1 2295 2400 382 1870
6425 4 2 0 1 2400 1614 382 2560
6426 4 2 0 1 3208 756 2047 181
6427 4 2 0 1 1438 756 3208 181
6428 4 2 0 1 2256 3208 181 1438
6429 4 2 0 1 3208 181 1128 2256
6430 4 2 0 1 1614 2400 382 2295
6431 4 2 0 1 2062 1662 2711 1241
6432 4 2 0 1 871 718 2062 43
6433 4 2 0 1 1786 2832 2607 1312
6434 4 2 0 1 747 3195 2136 2154
6435 4 2 0 1 2154 747 2088 2136
6436 4 2 0 1 704 618 1056 1646
6437 4 2 0 1 1056 618 733 1646
6438 4 2 0 1 1663 2884 1352 3087
6439 4 2 0 1 704 2441 618 1646
6440 4 2 0 1 1303 733 618 1646
6441 4 2 0 1 1646 618 1303 2441
6442 4 2 0 1 1793 2884 1663 3087
6443 4 2 0 1 118 2206 2722 94
6444 4 2 0 1 2412 2518 255 3125
6445 4 2 0 1 2543 499 583 2065
6446 4 2 0 1 2065 499 1893 2543
6447 4 2 0 1 767 2065 1242 583
6448 4 2 0 1 2366 2412 2518 255
6449 4 2 0 1 2251 2747 1149 2606
6450 4 2 0 1 1850 1216 2157 3071
6451 4 2 0 1 3064 1887 2343 2881
6452 4 2 0 1 534 2282 1826 515
6453 4 2 0 1 296 1740 301 3162
6454 4 2 0 1 229 233 178 1334
6455 4 2 0 1 1334 178 2324 233
6456 4 2 0 1 2479 2344 2857 1252
6457 4 2 0 1 1252 2344 2857 1586
6458 4 2 0 1 3087 2971 2479 1252
6459 4 2 0 1 1252 2971 2344 2886
6460 4 2 0 1 1252 2344 1586 2886
6461 4 2 0 1 2069 40 1539 31
6462 4 2 0 1 2363 2069 579 600
6463 4 2 0 1 2069 1539 40 2005
6464 4 2 0 1 2183 1346 1400 1333
6465 4 2 0 1 1702 1967 737 441
6466 4 2 0 1 331 1347 2849 344
6467 4 2 0 1 737 1152 1702 2725
6468 4 2 0 1 737 1718 1152 2725
6469 4 2 0 1 3098 2162 87 734
6470 4 2 0 1 2793 1995 1396 1862
6471 4 2 0 1 2164 1230 183 2057
6472 4 2 0 1 2568 1430 1080 2739
6473 4 2 0 1 2568 1575 1330 2124
6474 4 2 0 1 1080 1575 2211 1430
6475 4 2 0 1 2472 387 2978 378
6476 4 2 0 1 594 1561 976 1941
6477 4 2 0 1 1708 575 978 1153
6478 4 2 0 1 1152 575 978 1718
6479 4 2 0 1 3004 1098 2787 2060
6480 4 2 0 1 3113 1390 1526 2804
6481 4 2 0 1 3237 3113 2566 3107
6482 4 2 0 1 970 547 2073 804
6483 4 2 0 1 2073 547 2469 804
6484 4 2 0 1 2073 804 2469 776
6485 4 2 0 1 804 1447 776 2073
6486 4 2 0 1 2020 1694 2828 379
6487 4 2 0 1 2493 2928 1773 2349
6488 4 2 0 1 3183 1510 1947 2076
6489 4 2 0 1 504 1838 1538 1289
6490 4 2 0 1 766 1838 1289 2770
6491 4 2 0 1 1838 2770 1538 1289
6492 4 2 0 1 2846 1237 2550 2461
6493 4 2 0 1 2109 2002 1262 153
6494 4 2 0 1 2072 3046 2442 169
6495 4 2 0 1 2570 1900 1898 2395
6496 4 2 0 1 1423 1023 648 1244
6497 4 2 0 1 1423 1303 1023 1244
6498 4 2 0 1 1258 1239 2618 2013
6499 4 2 0 1 263 1984 272 2728
6500 4 2 0 1 1239 1060 1258 2618
6501 4 2 0 1 272 1661 2728 1984
6502 4 2 0 1 1258 2618 2868 2013
6503 4 2 0 1 2078 2290 1357 760
6504 4 2 0 1 2069 1462 1539 633
6505 4 2 0 1 1465 2709 314 322
6506 4 2 0 1 2202 2225 2973 2460
6507 4 2 0 1 3099 2225 2973 1470
6508 4 2 0 1 1358 1112 1749 1949
6509 4 2 0 1 2848 1358 401 1322
6510 4 2 0 1 2129 140 1522 2080
6511 4 2 0 1 1737 263 2728 2215
6512 4 2 0 1 2170 1142 234 2419
6513 4 2 0 1 2419 1142 2375 2170
6514 4 2 0 1 2215 263 2728 1984
6515 4 2 0 1 680 773 2083 2034
6516 4 2 0 1 3113 1390 2600 1526
6517 4 2 0 1 1803 2401 3165 2844
6518 4 2 0 1 1815 3040 1899 2401
6519 4 2 0 1 2572 3222 1364 1920
6520 4 2 0 1 2144 1497 2445 1587
6521 4 2 0 1 2086 2328 873 2247
6522 4 2 0 1 1580 742 2455 948
6523 4 2 0 1 2247 2051 873 2086
6524 4 2 0 1 1418 2913 2379 3238
6525 4 2 0 1 949 873 948 617
6526 4 2 0 1 1418 523 1437 2379
6527 4 2 0 1 2913 1993 3238 1418
6528 4 2 0 1 1510 1947 195 2451
6529 4 2 0 1 2032 2606 56 2434
6530 4 2 0 1 2032 1423 648 56
6531 4 2 0 1 2032 1907 648 1423
6532 4 2 0 1 579 1750 727 1147
6533 4 2 0 1 75 2174 2071 1509
6534 4 2 0 1 2687 204 2942 2819
6535 4 2 0 1 75 2174 1509 2367
6536 4 2 0 1 1898 2570 71 97
6537 4 2 0 1 71 117 1898 97
6538 4 2 0 1 2629 1984 272 263
6539 4 2 0 1 2178 266 253 2687
6540 4 2 0 1 2898 2687 266 2178
6541 4 2 0 1 653 1015 565 1544
6542 4 2 0 1 560 944 1584 507
6543 4 2 0 1 703 944 507 1584
6544 4 2 0 1 1990 2175 1439 867
6545 4 2 0 1 867 1439 3168 2175
6546 4 2 0 1 1420 2432 1444 1633
6547 4 2 0 1 2868 2870 2175 2209
6548 4 2 0 1 2175 3168 867 2868
6549 4 2 0 1 203 153 188 1975
6550 4 2 0 1 203 153 1975 2109
6551 4 2 0 1 156 211 186 2131
6552 4 2 0 1 2131 156 211 1962
6553 4 2 0 1 156 3188 1962 2210
6554 4 2 0 1 2210 156 2131 1962
6555 4 2 0 1 738 627 476 952
6556 4 2 0 1 2735 2687 2178 253
6557 4 2 0 1 1573 2355 3097 356
6558 4 2 0 1 356 2355 2060 2472
6559 4 2 0 1 3120 2355 1573 356
6560 4 2 0 1 356 2355 2472 3120
6561 4 2 0 1 2935 371 3110 2956
6562 4 2 0 1 2935 371 3000 3110
6563 4 2 0 1 509 729 1863 3058
6564 4 2 0 1 1475 729 1863 509
6565 4 2 0 1 1082 2093 778 47
6566 4 2 0 1 3025 1637 2442 1710
6567 4 2 0 1 149 2436 2722 1193
6568 4 2 0 1 1626 2360 85 106
6569 4 2 0 1 1405 2360 3215 1776
6570 4 2 0 1 1599 707 2342 1577
6571 4 2 0 1 1577 3231 707 1994
6572 4 2 0 1 707 1994 2342 1577
6573 4 2 0 1 1300 1059 288 1771
6574 4 2 0 1 1969 1300 288 1771
6575 4 2 0 1 1969 3229 1771 288
6576 4 2 0 1 2058 108 135 1560
6577 4 2 0 1 2373 2058 1560 108
6578 4 2 0 1 2664 3088 3243 2197
6579 4 2 0 1 3047 2459 887 889
6580 4 2 0 1 470 3175 1737 1146
6581 4 2 0 1 1737 3175 1408 1146
6582 4 2 0 1 3119 2030 3144 163
6583 4 2 0 1 2715 2030 3144 3119
6584 4 2 0 1 2405 2482 2471 1895
6585 4 2 0 1 2811 1070 1028 1820
6586 4 2 0 1 2657 2201 1749 474
6587 4 2 0 1 408 3091 367 359
6588 4 2 0 1 26 2944 1306 1936
6589 4 2 0 1 26 2444 1306 2944
6590 4 2 0 1 1659 2225 3225 2973
6591 4 2 0 1 340 2202 2973 350
6592 4 2 0 1 3225 2986 2225 1659
6593 4 2 0 1 923 976 589 594
6594 4 2 0 1 594 1941 976 589
6595 4 2 0 1 215 1833 197 2794
6596 4 2 0 1 215 2224 1833 2794
6597 4 2 0 1 2857 2344 2557 2097
6598 4 2 0 1 2557 2528 722 2097
6599 4 2 0 1 2907 1899 3040 3165
6600 4 2 0 1 2867 2907 1899 1682
6601 4 2 0 1 897 2099 1782 48
6602 4 2 0 1 897 2099 48 931
6603 4 2 0 1 1450 1122 1283 1006
6604 4 2 0 1 2844 1228 2143 1009
6605 4 2 0 1 2844 3040 2401 3165
6606 4 2 0 1 2742 2550 2660 849
6607 4 2 0 1 321 330 2461 2742
6608 4 2 0 1 1673 2984 1939 2145
6609 4 2 0 1 170 2058 135 1560
6610 4 2 0 1 1819 2058 170 1560
6611 4 2 0 1 1560 1819 2058 1874
6612 4 2 0 1 751 980 672 511
6613 4 2 0 1 1714 902 957 1641
6614 4 2 0 1 1887 2552 3030 3149
6615 4 2 0 1 386 2222 2017 2559
6616 4 2 0 1 386 2249 2017 2222
6617 4 2 0 1 698 1943 615 2200
6618 4 2 0 1 2624 3196 730 12
6619 4 2 0 1 2459 3047 2081 889
6620 4 2 0 1 2787 2060 382 390
6621 4 2 0 1 2624 29 12 23
6622 4 2 0 1 2055 3051 2081 3047
6623 4 2 0 1 1330 2110 2124 1479
6624 4 2 0 1 2055 553 3051 3047
6625 4 2 0 1 2398 2263 1316 1335
6626 4 2 0 1 1316 2398 1335 3008
6627 4 2 0 1 1334 1867 3245 2158
6628 4 2 0 1 1385 2840 2325 3205
6629 4 2 0 1 1634 2748 2204 2003
6630 4 2 0 1 2086 2328 2481 617
6631 4 2 0 1 2328 1635 2309 617
6632 4 2 0 1 3001 1798 2208 2168
6633 4 2 0 1 506 1292 1481 1425
6634 4 2 0 1 2209 2175 2236 2870
6635 4 2 0 1 521 1292 1425 1481
6636 4 2 0 1 796 2175 2799 2236
6637 4 2 0 1 1439 1990 1444 2175
6638 4 2 0 1 2567 2112 1120 1956
6639 4 2 0 1 2814 1956 807 2112
6640 4 2 0 1 771 1551 2622 774
6641 4 2 0 1 1459 1143 1564 1431
6642 4 2 0 1 800 2735 642 2819
6643 4 2 0 1 2687 639 2819 800
6644 4 2 0 1 1851 2466 3106 2776
6645 4 2 0 1 1851 1680 1993 2466
6646 4 2 0 1 2042 2466 3106 1851
6647 4 2 0 1 2042 1851 1993 2466
6648 4 2 0 1 1851 2466 2776 1680
6649 4 2 0 1 1962 3188 1680 2210
6650 4 2 0 1 2210 1962 2131 1680
6651 4 2 0 1 3077 3100 2210 2131
6652 4 2 0 1 534 1544 1097 515
6653 4 2 0 1 1097 515 2282 534
6654 4 2 0 1 2569 2397 292 287
6655 4 2 0 1 2662 2212 2121 385
6656 4 2 0 1 2021 2212 2662 3254
6657 4 2 0 1 293 2116 289 511
6658 4 2 0 1 2116 511 1348 289
6659 4 2 0 1 2021 3254 3140 2212
6660 4 2 0 1 2532 1313 3066 2521
6661 4 2 0 1 1569 3152 830 936
6662 4 2 0 1 3152 1569 957 936
6663 4 2 0 1 1011 998 1476 2118
6664 4 2 0 1 3206 77 2587 2665
6665 4 2 0 1 2380 129 2123 171
6666 4 2 0 1 2120 1941 1961 1013
6667 4 2 0 1 735 589 1941 1013
6668 4 2 0 1 1414 827 1959 608
6669 4 2 0 1 1536 1972 344 358
6670 4 2 0 1 1272 1185 2369 1885
6671 4 2 0 1 1196 1685 1186 2186
6672 4 2 0 1 2369 1185 2831 1042
6673 4 2 0 1 2831 2369 1272 1185
6674 4 2 0 1 3021 556 3073 1862
6675 4 2 0 1 1096 2473 409 1935
6676 4 2 0 1 556 3021 960 1862
6677 4 2 0 1 2757 1935 409 2473
6678 4 2 0 1 1096 398 409 2473
6679 4 2 0 1 1961 1013 1959 2120
6680 4 2 0 1 1260 2119 1027 1763
6681 4 2 0 1 1884 1790 2960 1667
6682 4 2 0 1 735 1941 2120 1013
6683 4 2 0 1 1588 3238 2627 705
6684 4 2 0 1 2120 1013 1959 2267
6685 4 2 0 1 1897 683 645 1355
6686 4 2 0 1 1355 232 645 1897
6687 4 2 0 1 69 1646 65 704
6688 4 2 0 1 180 3203 2527 2840
6689 4 2 0 1 3238 1582 2466 2352
6690 4 2 0 1 705 3238 2627 2352
6691 4 2 0 1 2576 2810 2187 2181
6692 4 2 0 1 1013 1414 1961 1959
6693 4 2 0 1 827 1961 1414 1959
6694 4 2 0 1 3106 2466 2561 2776
6695 4 2 0 1 3134 2466 2561 1582
6696 4 2 0 1 2472 390 1668 387
6697 4 2 0 1 2060 390 1668 2472
6698 4 2 0 1 3120 390 2472 387
6699 4 2 0 1 2355 390 2060 2472
6700 4 2 0 1 2355 390 2472 3120
6701 4 2 0 1 1836 858 815 2033
6702 4 2 0 1 2360 858 1836 2033
6703 4 2 0 1 3105 1722 907 914
6704 4 2 0 1 2725 1718 1135 1175
6705 4 2 0 1 1842 1410 213 2216
6706 4 2 0 1 1271 2216 213 1410
6707 4 2 0 1 1271 2966 3024 2216
6708 4 2 0 1 1838 2782 3248 2220
6709 4 2 0 1 288 751 2127 293
6710 4 2 0 1 293 751 2127 511
6711 4 2 0 1 751 913 288 2127
6712 4 2 0 1 1838 2404 2220 3248
6713 4 2 0 1 3047 887 3150 889
6714 4 2 0 1 3150 887 1855 889
6715 4 2 0 1 531 507 1288 472
6716 4 2 0 1 507 564 1288 472
6717 4 2 0 1 1525 728 1519 1308
6718 4 2 0 1 2568 1859 1430 402
6719 4 2 0 1 1978 2712 520 2516
6720 4 2 0 1 2358 520 1978 2712
6721 4 2 0 1 2568 1430 2739 402
6722 4 2 0 1 1999 3179 1144 462
6723 4 2 0 1 402 2568 1859 2850
6724 4 2 0 1 468 1999 1144 462
6725 4 2 0 1 945 1961 632 1215
6726 4 2 0 1 1013 1961 1414 632
6727 4 2 0 1 530 1961 827 358
6728 4 2 0 1 1961 1941 1561 945
6729 4 2 0 1 2038 2683 527 3028
6730 4 2 0 1 462 1999 444 468
6731 4 2 0 1 2222 654 2223 656
6732 4 2 0 1 265 2224 543 271
6733 4 2 0 1 2794 1833 197 2000
6734 4 2 0 1 70 96 2051 2086
6735 4 2 0 1 283 2381 3223 2203
6736 4 2 0 1 3189 2926 2990 2561
6737 4 2 0 1 2990 2847 2561 2926
6738 4 2 0 1 827 374 1961 1959
6739 4 2 0 1 2015 2133 628 1481
6740 4 2 0 1 2227 348 343 1608
6741 4 2 0 1 2753 2227 343 1608
6742 4 2 0 1 1414 1961 827 632
6743 4 2 0 1 1966 1964 1514 1419
6744 4 2 0 1 2753 2227 1113 343
6745 4 2 0 1 2347 1689 2229 659
6746 4 2 0 1 358 1961 827 374
6747 4 2 0 1 2286 2229 1188 659
6748 4 2 0 1 2286 2347 2229 659
6749 4 2 0 1 1718 978 1152 1167
6750 4 2 0 1 1708 978 575 1718
6751 4 2 0 1 2467 2993 3182 514
6752 4 2 0 1 2086 2481 67 3053
6753 4 2 0 1 2086 67 2328 70
6754 4 2 0 1 455 2725 422 457
6755 4 2 0 1 2509 836 3089 891
6756 4 2 0 1 1723 468 685 444
6757 4 2 0 1 468 1723 1144 1999
6758 4 2 0 1 1999 1723 444 468
6759 4 2 0 1 1437 3246 2379 2623
6760 4 2 0 1 1437 3246 1642 1496
6761 4 2 0 1 2812 2231 805 1176
6762 4 2 0 1 1181 2231 2812 1176
6763 4 2 0 1 1424 2132 712 47
6764 4 2 0 1 1424 2093 712 562
6765 4 2 0 1 1275 1216 2157 1850
6766 4 2 0 1 2455 2196 2086 742
6767 4 2 0 1 742 2455 2196 640
6768 4 2 0 1 2086 2196 2051 742
6769 4 2 0 1 2144 1946 1587 2445
6770 4 2 0 1 1139 1389 1285 2245
6771 4 2 0 1 2489 3113 1977 1785
6772 4 2 0 1 3113 3049 2489 1977
6773 4 2 0 1 3051 2830 2214 553
6774 4 2 0 1 2531 842 488 1140
6775 4 2 0 1 3051 2214 3141 553
6776 4 2 0 1 488 2194 1140 552
6777 4 2 0 1 2531 1140 488 2194
6778 4 2 0 1 1939 2145 1882 1673
6779 4 2 0 1 1045 1528 398 2022
6780 4 2 0 1 117 1963 1482 93
6781 4 2 0 1 2395 2996 2195 1898
6782 4 2 0 1 2193 3093 2395 1759
6783 4 2 0 1 2735 2819 800 2687
6784 4 2 0 1 2838 835 1672 2274
6785 4 2 0 1 2838 835 2864 1672
6786 4 2 0 1 2148 1420 2778 2773
6787 4 2 0 1 1420 1594 2148 2778
6788 4 2 0 1 2537 2838 2274 835
6789 4 2 0 1 3218 835 2864 2838
6790 4 2 0 1 3218 2537 835 2838
6791 4 2 0 1 1559 882 910 1620
6792 4 2 0 1 2904 2357 2091 3222
6793 4 2 0 1 1127 2657 1174 373
6794 4 2 0 1 2657 2146 1174 474
6795 4 2 0 1 1174 1127 2146 2657
6796 4 2 0 1 2904 3222 2074 2357
6797 4 2 0 1 2904 3222 1364 2074
6798 4 2 0 1 2994 1873 2149 2183
6799 4 2 0 1 393 1873 416 2149
6800 4 2 0 1 2904 1364 2091 2254
6801 4 2 0 1 2640 2954 852 874
6802 4 2 0 1 2904 3222 2091 1364
6803 4 2 0 1 2640 2501 2954 874
6804 4 2 0 1 1602 1361 2137 518
6805 4 2 0 1 340 332 2716 1671
6806 4 2 0 1 1659 2845 1803 2716
6807 4 2 0 1 243 1399 221 2234
6808 4 2 0 1 232 1399 2234 2511
6809 4 2 0 1 1655 1938 1030 1477
6810 4 2 0 1 3227 3170 3067 2234
6811 4 2 0 1 2511 2234 232 3227
6812 4 2 0 1 2234 243 3170 221
6813 4 2 0 1 1735 1095 2151 477
6814 4 2 0 1 2833 1240 3127 1353
6815 4 2 0 1 2237 1559 1831 440
6816 4 2 0 1 1559 2237 2029 440
6817 4 2 0 1 340 2202 1659 2973
6818 4 2 0 1 310 2153 313 294
6819 4 2 0 1 835 877 1956 2260
6820 4 2 0 1 294 2153 313 299
6821 4 2 0 1 2340 2153 1956 2260
6822 4 2 0 1 1956 2153 2899 2814
6823 4 2 0 1 646 1159 972 2128
6824 4 2 0 1 1421 1501 1971 1503
6825 4 2 0 1 1590 907 1566 1813
6826 4 2 0 1 1590 3006 907 914
6827 4 2 0 1 1566 3006 907 1590
6828 4 2 0 1 3143 2239 2887 2104
6829 4 2 0 1 2303 3058 2701 231
6830 4 2 0 1 231 2303 3058 1166
6831 4 2 0 1 2303 1835 2164 3058
6832 4 2 0 1 3058 2303 1835 1166
6833 4 2 0 1 2587 2346 938 1690
6834 4 2 0 1 2157 2529 2611 1304
6835 4 2 0 1 1275 2157 2010 2775
6836 4 2 0 1 1304 2157 1275 2611
6837 4 2 0 1 2882 1208 2717 622
6838 4 2 0 1 622 2717 2882 3092
6839 4 2 0 1 2981 842 1719 2095
6840 4 2 0 1 2095 1986 955 1719
6841 4 2 0 1 2159 2026 469 624
6842 4 2 0 1 2095 2106 955 1986
6843 4 2 0 1 1471 2901 2161 857
6844 4 2 0 1 2165 2901 1738 2161
6845 4 2 0 1 1129 1561 1483 1215
6846 4 2 0 1 1257 426 446 2296
6847 4 2 0 1 1215 1561 1409 945
6848 4 2 0 1 435 1257 446 3153
6849 4 2 0 1 1907 32 668 1568
6850 4 2 0 1 1907 2032 32 1568
6851 4 2 0 1 1233 1939 2084 2541
6852 4 2 0 1 1233 2541 2326 2012
6853 4 2 0 1 1841 2012 2326 2541
6854 4 2 0 1 1139 64 59 2245
6855 4 2 0 1 299 2470 294 2209
6856 4 2 0 1 259 2165 1195 292
6857 4 2 0 1 925 2578 2165 2901
6858 4 2 0 1 1413 925 2578 2165
6859 4 2 0 1 3038 2358 2122 2447
6860 4 2 0 1 2166 1029 2516 1978
6861 4 2 0 1 1574 2757 1713 2246
6862 4 2 0 1 2246 2757 1717 1574
6863 4 2 0 1 3179 3052 1717 2246
6864 4 2 0 1 451 427 425 2246
6865 4 2 0 1 453 427 451 2246
6866 4 2 0 1 2167 2155 1541 439
6867 4 2 0 1 439 2155 1159 2724
6868 4 2 0 1 3121 3004 2060 3260
6869 4 2 0 1 192 683 1897 2364
6870 4 2 0 1 192 683 645 1897
6871 4 2 0 1 1720 911 1981 1622
6872 4 2 0 1 1195 286 292 1738
6873 4 2 0 1 1471 2165 2161 2901
6874 4 2 0 1 292 2165 1738 2161
6875 4 2 0 1 2168 2185 1798 2893
6876 4 2 0 1 2186 2208 2761 2168
6877 4 2 0 1 1741 911 1981 1720
6878 4 2 0 1 1461 1230 2057 129
6879 4 2 0 1 3194 3009 2308 2052
6880 4 2 0 1 2001 2052 3194 2764
6881 4 2 0 1 911 2374 1720 1741
6882 4 2 0 1 171 1857 2248 129
6883 4 2 0 1 1853 944 1461 1270
6884 4 2 0 1 1938 536 1307 3196
6885 4 2 0 1 1655 1938 1477 1307
6886 4 2 0 1 2963 694 2565 442
6887 4 2 0 1 1205 694 442 2565
6888 4 2 0 1 2250 1518 351 827
6889 4 2 0 1 341 1518 351 2250
6890 4 2 0 1 351 1816 341 2250
6891 4 2 0 1 2252 1533 1148 2911
6892 4 2 0 1 390 382 2355 2060
6893 4 2 0 1 1787 688 2252 2741
6894 4 2 0 1 2322 688 2252 1787
6895 4 2 0 1 2355 2295 382 390
6896 4 2 0 1 3090 3243 3258 2664
6897 4 2 0 1 836 2509 3127 879
6898 4 2 0 1 3089 3127 836 2509
6899 4 2 0 1 1777 1115 1287 1745
6900 4 2 0 1 466 2530 2677 464
6901 4 2 0 1 466 1725 2677 2530
6902 4 2 0 1 1007 1115 1745 1553
6903 4 2 0 1 688 2322 2694 1787
6904 4 2 0 1 688 1687 2285 2322
6905 4 2 0 1 2828 1620 2020 414
6906 4 2 0 1 46 1306 50 2944
6907 4 2 0 1 387 390 1860 1573
6908 4 2 0 1 1860 390 1870 1573
6909 4 2 0 1 1573 390 1870 2295
6910 4 2 0 1 1301 1004 2777 1180
6911 4 2 0 1 1004 1750 1301 2777
6912 4 2 0 1 1004 1750 600 1301
6913 4 2 0 1 719 1138 28 1753
6914 4 2 0 1 1573 390 2295 2355
6915 4 2 0 1 719 1274 1138 1753
6916 4 2 0 1 1753 1138 28 1082
6917 4 2 0 1 371 985 2258 3031
6918 4 2 0 1 1564 2619 2917 384
6919 4 2 0 1 2935 2258 371 1090
6920 4 2 0 1 387 390 1573 3120
6921 4 2 0 1 371 985 1151 2258
6922 4 2 0 1 371 2258 2935 3031
6923 4 2 0 1 1973 1358 1564 2917
6924 4 2 0 1 2259 1245 1838 1527
6925 4 2 0 1 2259 2404 1838 3248
6926 4 2 0 1 1245 2259 1838 3248
6927 4 2 0 1 3120 390 1573 2355
6928 4 2 0 1 387 1573 2270 3120
6929 4 2 0 1 387 1860 2270 1573
6930 4 2 0 1 2057 218 183 2164
6931 4 2 0 1 1536 2705 1972 358
6932 4 2 0 1 218 183 2502 2057
6933 4 2 0 1 3048 2035 2183 1400
6934 4 2 0 1 2157 1431 929 2775
6935 4 2 0 1 3215 1836 3212 2360
6936 4 2 0 1 1400 1333 2035 2183
6937 4 2 0 1 2218 2208 2889 1798
6938 4 2 0 1 1324 2117 1071 1415
6939 4 2 0 1 2117 1071 1012 1324
6940 4 2 0 1 1798 2218 2214 3104
6941 4 2 0 1 3001 2889 2208 1798
6942 4 2 0 1 493 570 270 1142
6943 4 2 0 1 570 1142 493 1552
6944 4 2 0 1 942 1845 1605 2261
6945 4 2 0 1 1303 618 489 2441
6946 4 2 0 1 163 121 2442 3144
6947 4 2 0 1 1303 489 618 733
6948 4 2 0 1 305 303 2498 318
6949 4 2 0 1 2176 1741 74 2321
6950 4 2 0 1 1834 318 2834 2498
6951 4 2 0 1 2498 2814 2808 2834
6952 4 2 0 1 1872 3082 2680 1098
6953 4 2 0 1 1098 2060 1982 2680
6954 4 2 0 1 2680 1098 3082 1982
6955 4 2 0 1 2263 3195 3173 1316
6956 4 2 0 1 1780 2515 1407 1988
6957 4 2 0 1 1559 2264 428 2312
6958 4 2 0 1 3083 1591 2264 1744
6959 4 2 0 1 2264 2805 1591 2041
6960 4 2 0 1 2404 2429 2929 2293
6961 4 2 0 1 3100 1851 1680 2182
6962 4 2 0 1 1851 2192 1680 2182
6963 4 2 0 1 3054 3247 2077 2837
6964 4 2 0 1 1479 2077 2124 1502
6965 4 2 0 1 1330 1479 2124 1502
6966 4 2 0 1 2576 2184 2343 2187
6967 4 2 0 1 2268 1265 996 2340
6968 4 2 0 1 2268 1883 996 1265
6969 4 2 0 1 2268 1883 2354 996
6970 4 2 0 1 1186 1685 2054 2186
6971 4 2 0 1 713 2771 3208 756
6972 4 2 0 1 1008 1395 2269 2521
6973 4 2 0 1 1008 2269 2532 2521
6974 4 2 0 1 185 152 106 637
6975 4 2 0 1 113 2445 1946 2144
6976 4 2 0 1 637 152 106 2008
6977 4 2 0 1 93 66 80 1955
6978 4 2 0 1 3215 2360 1626 1776
6979 4 2 0 1 3212 2360 2033 1626
6980 4 2 0 1 3215 2360 3212 1626
6981 4 2 0 1 1217 1212 2291 3233
6982 4 2 0 1 2271 757 995 1985
6983 4 2 0 1 2271 1985 995 1996
6984 4 2 0 1 2345 631 1254 1177
6985 4 2 0 1 1989 1202 2585 1877
6986 4 2 0 1 1989 1202 2291 2585
6987 4 2 0 1 1777 1287 2173 1745
6988 4 2 0 1 698 1943 2200 1565
6989 4 2 0 1 3073 2200 1943 2900
6990 4 2 0 1 401 2416 381 2848
6991 4 2 0 1 1738 2165 2578 2901
6992 4 2 0 1 2848 2528 2207 2416
6993 4 2 0 1 3094 639 2273 2554
6994 4 2 0 1 786 2273 1489 3094
6995 4 2 0 1 1489 1243 3094 2273
6996 4 2 0 1 3094 1243 2554 2273
6997 4 2 0 1 639 2273 786 3094
6998 4 2 0 1 2958 3250 2103 2554
6999 4 2 0 1 1381 768 567 331
7000 4 2 0 1 1483 331 768 1381
7001 4 2 0 1 1126 53 1843 44
7002 4 2 0 1 1777 1126 44 53
7003 4 2 0 1 299 996 2153 2914
7004 4 2 0 1 2762 1447 1551 953
7005 4 2 0 1 1551 776 2622 774
7006 4 2 0 1 3260 3135 2472 2841
7007 4 2 0 1 2031 214 202 2793
7008 4 2 0 1 2728 2700 2793 2031
7009 4 2 0 1 1737 641 2793 3252
7010 4 2 0 1 2564 854 2758 740
7011 4 2 0 1 2337 2923 2895 2331
7012 4 2 0 1 1558 1650 2399 2976
7013 4 2 0 1 208 2205 189 154
7014 4 2 0 1 161 2835 177 224
7015 4 2 0 1 177 1721 238 2835
7016 4 2 0 1 2206 3002 2722 1852
7017 4 2 0 1 2206 1603 1852 94
7018 4 2 0 1 3014 2912 2028 2199
7019 4 2 0 1 1637 2094 109 1543
7020 4 2 0 1 121 2442 1637 109
7021 4 2 0 1 109 1637 1543 1710
7022 4 2 0 1 1710 822 3046 2442
7023 4 2 0 1 2442 1637 109 1710
7024 4 2 0 1 2283 204 246 253
7025 4 2 0 1 2284 813 2059 2597
7026 4 2 0 1 2854 527 2038 2059
7027 4 2 0 1 2854 2059 2284 813
7028 4 2 0 1 2284 2597 3057 813
7029 4 2 0 1 2618 2209 2470 299
7030 4 2 0 1 688 2285 2694 2322
7031 4 2 0 1 2952 688 1687 2285
7032 4 2 0 1 1188 2286 181 131
7033 4 2 0 1 131 2649 2286 1805
7034 4 2 0 1 2286 1805 181 131
7035 4 2 0 1 2288 2229 1188 2286
7036 4 2 0 1 1080 1575 1012 2211
7037 4 2 0 1 2568 1575 1080 1430
7038 4 2 0 1 2288 2649 2229 2286
7039 4 2 0 1 2838 1612 2274 2413
7040 4 2 0 1 876 3193 854 2338
7041 4 2 0 1 1828 1049 870 2287
7042 4 2 0 1 2287 654 1828 1049
7043 4 2 0 1 2223 2287 654 2222
7044 4 2 0 1 2287 1953 2222 2223
7045 4 2 0 1 1390 1953 1184 1450
7046 4 2 0 1 1454 2317 1837 1551
7047 4 2 0 1 1081 2756 833 739
7048 4 2 0 1 2756 1081 2652 739
7049 4 2 0 1 2756 739 2652 2279
7050 4 2 0 1 2626 1463 1093 2571
7051 4 2 0 1 1074 1324 1575 1502
7052 4 2 0 1 2124 1575 1330 1502
7053 4 2 0 1 1074 1324 1502 2292
7054 4 2 0 1 2124 2077 1074 1502
7055 4 2 0 1 2077 2476 1074 1502
7056 4 2 0 1 1218 2291 1319 2387
7057 4 2 0 1 2291 3233 392 383
7058 4 2 0 1 2294 1887 187 213
7059 4 2 0 1 2184 2294 187 213
7060 4 2 0 1 2184 2191 2294 213
7061 4 2 0 1 1614 2295 382 2680
7062 4 2 0 1 1785 2295 349 353
7063 4 2 0 1 2165 292 1738 1195
7064 4 2 0 1 1738 1195 2578 2165
7065 4 2 0 1 2296 452 426 446
7066 4 2 0 1 1218 3123 2291 2387
7067 4 2 0 1 1509 2373 108 2217
7068 4 2 0 1 761 1803 2844 2299
7069 4 2 0 1 529 1178 1297 596
7070 4 2 0 1 832 1178 596 1297
7071 4 2 0 1 8 20 23 2609
7072 4 2 0 1 2609 20 782 8
7073 4 2 0 1 2723 1875 2221 2547
7074 4 2 0 1 1913 2580 2300 1797
7075 4 2 0 1 2017 2222 2617 2559
7076 4 2 0 1 2456 2959 1625 2382
7077 4 2 0 1 2249 2222 1123 1786
7078 4 2 0 1 2249 1786 2813 2874
7079 4 2 0 1 2268 1265 2340 877
7080 4 2 0 1 1075 2341 1970 1020
7081 4 2 0 1 1956 2268 2340 877
7082 4 2 0 1 231 2303 1166 260
7083 4 2 0 1 1245 2960 2433 2720
7084 4 2 0 1 2433 1245 2720 3065
7085 4 2 0 1 1498 2605 2333 2592
7086 4 2 0 1 1498 2790 2856 2964
7087 4 2 0 1 1498 2605 2592 1903
7088 4 2 0 1 1955 1083 2386 1903
7089 4 2 0 1 2333 2736 2605 1498
7090 4 2 0 1 2386 1955 1903 2592
7091 4 2 0 1 2592 60 2386 1955
7092 4 2 0 1 2228 1170 1940 1513
7093 4 2 0 1 2228 1940 62 1513
7094 4 2 0 1 1513 62 2228 2262
7095 4 2 0 1 346 2305 338 1923
7096 4 2 0 1 2415 2305 1923 2517
7097 4 2 0 1 346 334 338 2305
7098 4 2 0 1 339 2305 334 346
7099 4 2 0 1 521 1425 2015 1481
7100 4 2 0 1 1425 1491 521 2015
7101 4 2 0 1 2764 384 1651 2308
7102 4 2 0 1 920 2308 2197 715
7103 4 2 0 1 2052 2764 1651 2308
7104 4 2 0 1 2790 2232 2856 2964
7105 4 2 0 1 2197 2308 3177 715
7106 4 2 0 1 755 1820 779 2261
7107 4 2 0 1 1262 1888 2431 2002
7108 4 2 0 1 755 1888 2390 2431
7109 4 2 0 1 693 2556 2696 3174
7110 4 2 0 1 2811 1246 2390 2002
7111 4 2 0 1 1132 2858 2233 1422
7112 4 2 0 1 512 2069 600 43
7113 4 2 0 1 574 1462 512 43
7114 4 2 0 1 600 2363 2069 512
7115 4 2 0 1 43 2069 633 1462
7116 4 2 0 1 3137 2828 2312 553
7117 4 2 0 1 2235 805 2798 1176
7118 4 2 0 1 2798 1176 2482 1665
7119 4 2 0 1 1444 1446 796 2862
7120 4 2 0 1 2260 297 294 2153
7121 4 2 0 1 2260 1956 807 2814
7122 4 2 0 1 1945 1331 2050 2000
7123 4 2 0 1 1331 1765 2000 1945
7124 4 2 0 1 1945 1331 518 265
7125 4 2 0 1 188 203 2238 153
7126 4 2 0 1 204 2238 227 2687
7127 4 2 0 1 642 1617 2819 2238
7128 4 2 0 1 3216 1440 1426 2318
7129 4 2 0 1 2756 866 2240 1204
7130 4 2 0 1 3155 2279 2756 2652
7131 4 2 0 1 110 156 2321 125
7132 4 2 0 1 2131 156 2321 145
7133 4 2 0 1 2320 2807 275 278
7134 4 2 0 1 806 2885 1681 2242
7135 4 2 0 1 2885 806 2329 2242
7136 4 2 0 1 2193 2242 1759 2075
7137 4 2 0 1 2147 2324 2280 2158
7138 4 2 0 1 2158 1867 2324 1334
7139 4 2 0 1 1029 969 1189 964
7140 4 2 0 1 439 2724 1606 2167
7141 4 2 0 1 2155 2724 439 2167
7142 4 2 0 1 2334 330 338 334
7143 4 2 0 1 2917 1358 384 2097
7144 4 2 0 1 2334 330 2533 338
7145 4 2 0 1 2086 2328 2247 70
7146 4 2 0 1 70 2051 2247 2086
7147 4 2 0 1 2533 2334 2508 330
7148 4 2 0 1 1279 2883 2569 2265
7149 4 2 0 1 2387 3255 1218 3123
7150 4 2 0 1 2283 2482 1975 204
7151 4 2 0 1 2471 2482 1975 2283
7152 4 2 0 1 1984 2706 2558 1676
7153 4 2 0 1 1984 1093 2558 2706
7154 4 2 0 1 2341 735 2134 1020
7155 4 2 0 1 1075 735 2341 1020
7156 4 2 0 1 1437 2738 210 1642
7157 4 2 0 1 2738 1642 645 210
7158 4 2 0 1 2738 645 232 1897
7159 4 2 0 1 2606 1061 56 2434
7160 4 2 0 1 2747 1149 2606 1061
7161 4 2 0 1 1420 1594 2778 2177
7162 4 2 0 1 1937 1762 2545 2396
7163 4 2 0 1 1759 3093 2395 1898
7164 4 2 0 1 1366 3187 878 849
7165 4 2 0 1 2550 1366 849 3187
7166 4 2 0 1 1420 1968 1594 2177
7167 4 2 0 1 1366 3187 2550 2808
7168 4 2 0 1 2376 2347 1805 2286
7169 4 2 0 1 2286 2649 2229 2347
7170 4 2 0 1 2376 2347 2286 2740
7171 4 2 0 1 2649 506 2229 2347
7172 4 2 0 1 1656 2801 2298 2257
7173 4 2 0 1 1656 2257 538 2801
7174 4 2 0 1 864 843 2349 2457
7175 4 2 0 1 1219 963 1124 2806
7176 4 2 0 1 864 1773 2349 843
7177 4 2 0 1 2260 2153 1956 2814
7178 4 2 0 1 2577 2349 2457 864
7179 4 2 0 1 1738 286 2323 1195
7180 4 2 0 1 1186 930 2054 1685
7181 4 2 0 1 3015 3005 2407 1865
7182 4 2 0 1 2351 552 955 1140
7183 4 2 0 1 2351 1741 552 1140
7184 4 2 0 1 1543 1741 552 2351
7185 4 2 0 1 2352 705 1582 3188
7186 4 2 0 1 3134 3188 1680 2352
7187 4 2 0 1 3134 1582 3188 2352
7188 4 2 0 1 3119 3169 236 2836
7189 4 2 0 1 2735 642 2365 851
7190 4 2 0 1 1043 872 2336 1133
7191 4 2 0 1 2262 2336 2718 1133
7192 4 2 0 1 2352 3188 1680 2836
7193 4 2 0 1 1589 3168 3102 2744
7194 4 2 0 1 1613 2248 171 1857
7195 4 2 0 1 2304 2370 2632 2879
7196 4 2 0 1 2265 2307 780 758
7197 4 2 0 1 287 282 2265 2397
7198 4 2 0 1 2542 2688 88 79
7199 4 2 0 1 2688 2542 88 1557
7200 4 2 0 1 2688 2542 2690 79
7201 4 2 0 1 2660 2498 308 305
7202 4 2 0 1 305 1991 2660 2498
7203 4 2 0 1 639 2732 2554 1781
7204 4 2 0 1 2103 1781 2554 2732
7205 4 2 0 1 3250 2732 2103 2554
7206 4 2 0 1 2260 299 2153 294
7207 4 2 0 1 338 2334 334 2669
7208 4 2 0 1 402 1014 2559 1859
7209 4 2 0 1 338 2905 2334 2669
7210 4 2 0 1 2850 2568 1859 2110
7211 4 2 0 1 2334 2533 2905 338
7212 4 2 0 1 1261 1994 1379 2941
7213 4 2 0 1 1233 2541 2084 2326
7214 4 2 0 1 347 2669 366 357
7215 4 2 0 1 366 2669 347 2403
7216 4 2 0 1 2403 2669 1535 2817
7217 4 2 0 1 814 2297 1535 2817
7218 4 2 0 1 117 1262 1482 2356
7219 4 2 0 1 117 2356 1482 1963
7220 4 2 0 1 1915 2357 2818 752
7221 4 2 0 1 1034 2272 736 937
7222 4 2 0 1 1034 2272 937 670
7223 4 2 0 1 670 2272 937 1508
7224 4 2 0 1 2839 1872 2772 2359
7225 4 2 0 1 2359 382 2680 1614
7226 4 2 0 1 85 505 106 1292
7227 4 2 0 1 1872 382 2680 2359
7228 4 2 0 1 2359 2046 2772 2839
7229 4 2 0 1 681 2275 872 1133
7230 4 2 0 1 872 2275 1449 1180
7231 4 2 0 1 1180 2275 1449 1004
7232 4 2 0 1 304 1899 1948 2615
7233 4 2 0 1 258 1421 1501 1360
7234 4 2 0 1 2885 2063 2892 3159
7235 4 2 0 1 2063 2885 1681 3159
7236 4 2 0 1 1124 1302 1684 1099
7237 4 2 0 1 1099 1940 1086 2408
7238 4 2 0 1 71 1759 68 2329
7239 4 2 0 1 2364 683 1897 172
7240 4 2 0 1 2278 251 275 2036
7241 4 2 0 1 2036 251 1933 2278
7242 4 2 0 1 2366 2203 268 255
7243 4 2 0 1 3155 2279 2652 276
7244 4 2 0 1 255 2366 2203 1604
7245 4 2 0 1 1939 89 100 159
7246 4 2 0 1 141 1939 159 89
7247 4 2 0 1 1233 89 100 1939
7248 4 2 0 1 2084 1939 100 159
7249 4 2 0 1 1233 1939 100 2084
7250 4 2 0 1 1233 2084 100 2326
7251 4 2 0 1 2326 2084 100 2428
7252 4 2 0 1 3241 251 240 2281
7253 4 2 0 1 1131 2021 3166 2368
7254 4 2 0 1 3166 2789 1131 2368
7255 4 2 0 1 2922 2389 2703 2601
7256 4 2 0 1 2280 2324 1844 2158
7257 4 2 0 1 2370 2313 277 261
7258 4 2 0 1 2313 2987 2591 2370
7259 4 2 0 1 2370 3170 3227 261
7260 4 2 0 1 2370 277 3170 261
7261 4 2 0 1 2806 598 963 1022
7262 4 2 0 1 1022 598 1065 2806
7263 4 2 0 1 2335 787 872 1468
7264 4 2 0 1 229 1965 178 233
7265 4 2 0 1 1965 1951 1581 2409
7266 4 2 0 1 178 1965 229 194
7267 4 2 0 1 2565 2761 2186 1636
7268 4 2 0 1 2565 2869 2761 1636
7269 4 2 0 1 106 505 152 2288
7270 4 2 0 1 2608 1921 2289 2040
7271 4 2 0 1 3070 1942 2290 1224
7272 4 2 0 1 3 16 2311 19
7273 4 2 0 1 2311 7 1758 3
7274 4 2 0 1 476 2292 2522 524
7275 4 2 0 1 2373 122 108 2217
7276 4 2 0 1 2373 3039 2217 2367
7277 4 2 0 1 2174 3039 2373 2367
7278 4 2 0 1 279 913 526 260
7279 4 2 0 1 2013 3114 2744 2714
7280 4 2 0 1 2519 2403 1535 2297
7281 4 2 0 1 2270 2297 2403 2519
7282 4 2 0 1 2498 2660 308 321
7283 4 2 0 1 217 2375 241 2170
7284 4 2 0 1 1551 776 1447 2073
7285 4 2 0 1 2762 1779 1551 2301
7286 4 2 0 1 1551 776 2073 2622
7287 4 2 0 1 2947 1946 1587 2302
7288 4 2 0 1 2145 2984 2302 1673
7289 4 2 0 1 443 2378 1914 1653
7290 4 2 0 1 2792 250 2409 2490
7291 4 2 0 1 2539 416 2378 443
7292 4 2 0 1 287 2265 2569 2397
7293 4 2 0 1 252 2307 278 282
7294 4 2 0 1 2265 282 2307 2397
7295 4 2 0 1 2306 2370 2304 3228
7296 4 2 0 1 2306 2313 2370 3228
7297 4 2 0 1 2370 3228 2879 2304
7298 4 2 0 1 2307 2397 282 252
7299 4 2 0 1 799 758 780 2307
7300 4 2 0 1 2317 2622 771 1551
7301 4 2 0 1 890 2141 1338 1813
7302 4 2 0 1 2615 1672 2413 1682
7303 4 2 0 1 1815 2098 2615 1682
7304 4 2 0 1 2306 2313 277 2370
7305 4 2 0 1 277 2370 3170 2896
7306 4 2 0 1 2381 2750 244 2226
7307 4 2 0 1 249 2750 244 2381
7308 4 2 0 1 2381 2226 244 257
7309 4 2 0 1 1267 1110 541 2310
7310 4 2 0 1 3223 257 2381 244
7311 4 2 0 1 1758 1238 7 958
7312 4 2 0 1 2311 1758 7 958
7313 4 2 0 1 2246 451 1999 425
7314 4 2 0 1 1999 2006 1911 3052
7315 4 2 0 1 3052 1999 425 2246
7316 4 2 0 1 346 339 2305 357
7317 4 2 0 1 699 3095 2156 988
7318 4 2 0 1 2382 1625 1014 402
7319 4 2 0 1 2382 3234 2400 2560
7320 4 2 0 1 2959 3234 1516 2625
7321 4 2 0 1 2959 1516 1625 2625
7322 4 2 0 1 2281 3241 758 1194
7323 4 2 0 1 386 2382 2559 402
7324 4 2 0 1 402 2382 2559 1014
7325 4 2 0 1 2313 2987 2370 3228
7326 4 2 0 1 1463 208 2314 245
7327 4 2 0 1 128 2084 178 2428
7328 4 2 0 1 1334 3245 1867 1736
7329 4 2 0 1 1654 1468 872 2385
7330 4 2 0 1 2278 2036 275 2320
7331 4 2 0 1 2387 2212 3233 385
7332 4 2 0 1 2212 2387 2121 385
7333 4 2 0 1 2756 2279 3155 2240
7334 4 2 0 1 2128 2387 2724 385
7335 4 2 0 1 2121 2387 2128 385
7336 4 2 0 1 385 2724 383 2387
7337 4 2 0 1 302 539 2752 1767
7338 4 2 0 1 1665 2960 2235 1176
7339 4 2 0 1 2282 539 678 302
7340 4 2 0 1 992 2252 265 2322
7341 4 2 0 1 2470 1446 2236 2209
7342 4 2 0 1 3221 2409 1965 2490
7343 4 2 0 1 1965 2409 178 233
7344 4 2 0 1 2800 795 2323 2549
7345 4 2 0 1 2417 2261 2390 839
7346 4 2 0 1 2811 1605 2390 2417
7347 4 2 0 1 1385 2840 3205 3171
7348 4 2 0 1 2811 1820 2390 1605
7349 4 2 0 1 2261 1820 1605 2390
7350 4 2 0 1 2798 2283 246 253
7351 4 2 0 1 861 598 1278 1219
7352 4 2 0 1 2333 1940 62 894
7353 4 2 0 1 2542 65 2690 58
7354 4 2 0 1 63 2152 2690 3160
7355 4 2 0 1 2754 1385 2325 3205
7356 4 2 0 1 2985 3205 1385 2754
7357 4 2 0 1 1222 605 478 871
7358 4 2 0 1 1155 1368 2985 1385
7359 4 2 0 1 871 1843 1222 605
7360 4 2 0 1 2336 3239 2718 1133
7361 4 2 0 1 2336 3159 1579 2892
7362 4 2 0 1 2446 2336 3159 3239
7363 4 2 0 1 1612 3162 298 296
7364 4 2 0 1 615 1478 698 1960
7365 4 2 0 1 1960 1478 698 1562
7366 4 2 0 1 2339 2768 1612 2537
7367 4 2 0 1 2340 299 2153 2260
7368 4 2 0 1 299 996 2340 2153
7369 4 2 0 1 1766 1513 1302 973
7370 4 2 0 1 1766 1302 1843 53
7371 4 2 0 1 2294 2343 187 1887
7372 4 2 0 1 2343 2184 2027 2187
7373 4 2 0 1 2343 187 2184 2294
7374 4 2 0 1 1602 1945 826 518
7375 4 2 0 1 1266 2479 2344 2764
7376 4 2 0 1 2479 2344 2557 2857
7377 4 2 0 1 907 3128 890 1813
7378 4 2 0 1 1262 137 173 153
7379 4 2 0 1 3128 2141 890 1813
7380 4 2 0 1 2299 1809 2401 2844
7381 4 2 0 1 2299 2401 1809 320
7382 4 2 0 1 2401 320 1948 1809
7383 4 2 0 1 1815 1948 1809 2401
7384 4 2 0 1 2844 1809 2401 2371
7385 4 2 0 1 1815 2371 2401 1809
7386 4 2 0 1 900 2402 1383 2255
7387 4 2 0 1 793 2471 865 2405
7388 4 2 0 1 865 2405 2471 1895
7389 4 2 0 1 2862 1444 1446 2348
7390 4 2 0 1 2862 2348 2656 1444
7391 4 2 0 1 2406 1752 2767 3242
7392 4 2 0 1 1382 1856 2407 2932
7393 4 2 0 1 3015 2427 3005 3192
7394 4 2 0 1 3192 3005 3015 1865
7395 4 2 0 1 3100 3077 2374 2321
7396 4 2 0 1 2603 1500 1654 2385
7397 4 2 0 1 2859 2230 2233 2410
7398 4 2 0 1 2410 2859 2293 2233
7399 4 2 0 1 2017 975 2617 2874
7400 4 2 0 1 1120 2354 2567 2268
7401 4 2 0 1 2413 1612 2274 301
7402 4 2 0 1 1610 2783 2887 1111
7403 4 2 0 1 296 2274 1612 301
7404 4 2 0 1 1899 2615 2413 1682
7405 4 2 0 1 2838 2413 2274 1672
7406 4 2 0 1 2413 301 2274 1672
7407 4 2 0 1 1682 1672 2413 2838
7408 4 2 0 1 1482 66 68 93
7409 4 2 0 1 1963 66 2393 1482
7410 4 2 0 1 1984 1661 2728 641
7411 4 2 0 1 206 214 1661 2691
7412 4 2 0 1 2823 470 2558 3251
7413 4 2 0 1 1274 1138 2609 12
7414 4 2 0 1 1138 29 12 1337
7415 4 2 0 1 29 2609 23 832
7416 4 2 0 1 1898 2570 1759 71
7417 4 2 0 1 1759 117 1898 71
7418 4 2 0 1 2000 1945 3236 1169
7419 4 2 0 1 1440 3074 3240 3216
7420 4 2 0 1 228 510 195 2513
7421 4 2 0 1 1691 1440 3074 3240
7422 4 2 0 1 1165 519 520 2712
7423 4 2 0 1 520 2358 964 1165
7424 4 2 0 1 1978 1029 2358 2166
7425 4 2 0 1 1465 2166 2712 2358
7426 4 2 0 1 346 357 2305 2415
7427 4 2 0 1 1740 312 315 3162
7428 4 2 0 1 728 1664 1677 247
7429 4 2 0 1 384 2848 920 2308
7430 4 2 0 1 2913 2836 3238 1993
7431 4 2 0 1 31 2363 2069 40
7432 4 2 0 1 40 2069 579 2363
7433 4 2 0 1 840 863 912 2417
7434 4 2 0 1 16 3 2311 782
7435 4 2 0 1 3 16 8 782
7436 4 2 0 1 2261 2417 2390 1605
7437 4 2 0 1 942 912 2417 1772
7438 4 2 0 1 942 1772 2417 1605
7439 4 2 0 1 42 2434 32 2032
7440 4 2 0 1 1534 2434 2032 32
7441 4 2 0 1 217 2419 2375 2170
7442 4 2 0 1 2419 2668 2532 2241
7443 4 2 0 1 2996 1898 2238 2195
7444 4 2 0 1 173 203 153 2238
7445 4 2 0 1 173 153 1898 2238
7446 4 2 0 1 2942 2195 2238 1617
7447 4 2 0 1 2781 984 2420 1026
7448 4 2 0 1 1423 2037 1303 1244
7449 4 2 0 1 2781 1026 2420 1444
7450 4 2 0 1 93 66 1955 1963
7451 4 2 0 1 93 66 1963 1482
7452 4 2 0 1 3046 134 2442 169
7453 4 2 0 1 163 121 134 2442
7454 4 2 0 1 1509 2373 2217 2367
7455 4 2 0 1 3144 121 2442 1720
7456 4 2 0 1 3144 1720 2442 1622
7457 4 2 0 1 2591 2987 2406 2370
7458 4 2 0 1 261 232 3227 2767
7459 4 2 0 1 1587 2802 1412 2422
7460 4 2 0 1 2422 2464 1412 1587
7461 4 2 0 1 2391 929 2157 3026
7462 4 2 0 1 2422 1497 2445 2085
7463 4 2 0 1 2422 2464 1587 1497
7464 4 2 0 1 195 762 1601 510
7465 4 2 0 1 2127 511 2116 293
7466 4 2 0 1 3126 954 1506 3060
7467 4 2 0 1 1166 714 1475 729
7468 4 2 0 1 2597 813 2059 3164
7469 4 2 0 1 2822 2059 2425 2284
7470 4 2 0 1 2815 2402 2255 1383
7471 4 2 0 1 2255 2402 2815 2152
7472 4 2 0 1 2589 2724 608 1159
7473 4 2 0 1 54 727 579 1004
7474 4 2 0 1 727 1750 579 1004
7475 4 2 0 1 2903 1470 2664 3256
7476 4 2 0 1 1437 3246 1496 2379
7477 4 2 0 1 2429 3250 2786 2103
7478 4 2 0 1 2429 3250 2873 2786
7479 4 2 0 1 2430 2733 3164 2474
7480 4 2 0 1 2430 2616 3108 527
7481 4 2 0 1 1795 2474 2616 1832
7482 4 2 0 1 2250 374 827 2540
7483 4 2 0 1 354 351 827 2540
7484 4 2 0 1 1218 2540 2291 1202
7485 4 2 0 1 2384 1921 2936 1251
7486 4 2 0 1 335 2611 2775 2753
7487 4 2 0 1 2611 2775 1275 335
7488 4 2 0 1 2021 2212 1131 2662
7489 4 2 0 1 2662 2212 1131 2121
7490 4 2 0 1 1058 1670 577 2391
7491 4 2 0 1 3210 2320 739 828
7492 4 2 0 1 3210 2320 2036 739
7493 4 2 0 1 3210 2320 828 1983
7494 4 2 0 1 2784 1037 2392 801
7495 4 2 0 1 3210 1616 2320 1983
7496 4 2 0 1 3210 1616 2036 2320
7497 4 2 0 1 1244 1847 1370 689
7498 4 2 0 1 1847 490 1023 1370
7499 4 2 0 1 1244 1847 1023 1370
7500 4 2 0 1 689 1847 1370 3028
7501 4 2 0 1 1423 1907 648 1023
7502 4 2 0 1 1368 3245 2147 2435
7503 4 2 0 1 1402 2435 1368 2147
7504 4 2 0 1 512 1462 2069 43
7505 4 2 0 1 329 2827 323 1523
7506 4 2 0 1 2714 2975 1060 2827
7507 4 2 0 1 2975 2714 3147 2827
7508 4 2 0 1 2975 1523 2827 1555
7509 4 2 0 1 3259 2437 2635 2263
7510 4 2 0 1 2438 466 731 1168
7511 4 2 0 1 2677 466 2438 1168
7512 4 2 0 1 2195 636 2395 1900
7513 4 2 0 1 2396 2769 2508 748
7514 4 2 0 1 1221 1432 2869 2731
7515 4 2 0 1 3142 1221 2893 1457
7516 4 2 0 1 2740 659 2520 2347
7517 4 2 0 1 2175 837 2870 867
7518 4 2 0 1 2870 2175 2236 2799
7519 4 2 0 1 2079 1465 314 1869
7520 4 2 0 1 134 121 109 2442
7521 4 2 0 1 1741 1720 1710 3025
7522 4 2 0 1 2122 2789 2882 1464
7523 4 2 0 1 346 2305 1923 2415
7524 4 2 0 1 2403 2297 2817 1535
7525 4 2 0 1 2679 2404 2429 2929
7526 4 2 0 1 3065 2404 2259 2679
7527 4 2 0 1 2634 3041 2719 2403
7528 4 2 0 1 1573 3120 2403 2270
7529 4 2 0 1 1357 2078 760 2816
7530 4 2 0 1 2078 1427 760 2816
7531 4 2 0 1 130 2445 196 160
7532 4 2 0 1 113 2445 160 1946
7533 4 2 0 1 1946 2445 2947 1587
7534 4 2 0 1 113 130 160 2445
7535 4 2 0 1 2947 2445 1376 1587
7536 4 2 0 1 2354 1883 2914 996
7537 4 2 0 1 2111 2446 82 91
7538 4 2 0 1 2446 2111 82 2892
7539 4 2 0 1 2062 51 633 43
7540 4 2 0 1 272 1866 1565 2700
7541 4 2 0 1 2461 330 2495 2742
7542 4 2 0 1 1715 1464 2447 2709
7543 4 2 0 1 3191 2447 1464 2709
7544 4 2 0 1 2447 2166 1715 2709
7545 4 2 0 1 1465 2709 2166 2447
7546 4 2 0 1 2709 3191 2447 2581
7547 4 2 0 1 2447 2581 1465 2709
7548 4 2 0 1 1995 1737 1862 2793
7549 4 2 0 1 873 2075 2414 2329
7550 4 2 0 1 2193 2414 1759 2570
7551 4 2 0 1 2450 785 1498 2964
7552 4 2 0 1 2724 2589 608 383
7553 4 2 0 1 1219 1684 602 1124
7554 4 2 0 1 1219 1065 602 861
7555 4 2 0 1 1684 861 1219 602
7556 4 2 0 1 2731 2208 2761 1636
7557 4 2 0 1 1636 2208 2186 1591
7558 4 2 0 1 1704 1403 114 1916
7559 4 2 0 1 114 1403 120 1916
7560 4 2 0 1 2456 654 656 1014
7561 4 2 0 1 2456 656 1280 1014
7562 4 2 0 1 654 1625 1014 2456
7563 4 2 0 1 2456 1625 1014 2382
7564 4 2 0 1 2382 2456 2559 1014
7565 4 2 0 1 2456 1280 2559 1014
7566 4 2 0 1 1328 2458 613 649
7567 4 2 0 1 613 2458 2142 649
7568 4 2 0 1 613 2458 2201 2142
7569 4 2 0 1 48 1314 33 1179
7570 4 2 0 1 1583 3198 1328 649
7571 4 2 0 1 1179 1314 24 473
7572 4 2 0 1 1174 2458 2201 613
7573 4 2 0 1 1328 2458 1174 613
7574 4 2 0 1 285 1382 2488 281
7575 4 2 0 1 2418 1333 2035 1400
7576 4 2 0 1 2488 2932 1382 285
7577 4 2 0 1 2568 1575 2124 1080
7578 4 2 0 1 1074 1575 2124 1502
7579 4 2 0 1 2017 1268 1161 2851
7580 4 2 0 1 1549 2559 764 1367
7581 4 2 0 1 2630 2884 3036 2353
7582 4 2 0 1 2973 3099 1470 3258
7583 4 2 0 1 2460 350 355 3258
7584 4 2 0 1 2461 330 338 1998
7585 4 2 0 1 330 1998 2461 2495
7586 4 2 0 1 334 330 338 2461
7587 4 2 0 1 2570 137 97 1898
7588 4 2 0 1 292 269 2165 287
7589 4 2 0 1 2201 2463 401 2142
7590 4 2 0 1 2463 2528 2207 2142
7591 4 2 0 1 1573 1870 3019 2295
7592 4 2 0 1 804 2464 1447 1412
7593 4 2 0 1 2424 1696 3147 2714
7594 4 2 0 1 804 2464 1412 2044
7595 4 2 0 1 804 2144 2464 1497
7596 4 2 0 1 17 1281 1089 24
7597 4 2 0 1 24 1281 1307 1938
7598 4 2 0 1 1089 1281 1307 24
7599 4 2 0 1 804 1497 2464 2044
7600 4 2 0 1 804 2464 2144 1490
7601 4 2 0 1 971 2426 74 2751
7602 4 2 0 1 2897 2398 3173 3008
7603 4 2 0 1 2526 2080 2467 1522
7604 4 2 0 1 2467 2610 3131 2526
7605 4 2 0 1 2677 2702 2468 2114
7606 4 2 0 1 2823 470 3252 641
7607 4 2 0 1 299 313 294 2470
7608 4 2 0 1 299 3096 313 2470
7609 4 2 0 1 1446 2918 2612 2470
7610 4 2 0 1 2470 3096 2612 2618
7611 4 2 0 1 1886 1262 2431 1246
7612 4 2 0 1 17 1339 1089 1281
7613 4 2 0 1 3120 2472 378 387
7614 4 2 0 1 2472 1668 2136 2978
7615 4 2 0 1 2472 2136 2088 2978
7616 4 2 0 1 100 89 2100 159
7617 4 2 0 1 2457 2100 100 89
7618 4 2 0 1 249 2750 2381 276
7619 4 2 0 1 602 1065 2747 1164
7620 4 2 0 1 1164 2747 602 2251
7621 4 2 0 1 3208 2008 1128 1776
7622 4 2 0 1 3065 1245 1527 2433
7623 4 2 0 1 1404 2750 644 525
7624 4 2 0 1 68 66 1759 93
7625 4 2 0 1 2193 2242 3016 1759
7626 4 2 0 1 71 93 68 1759
7627 4 2 0 1 2032 2434 56 42
7628 4 2 0 1 2179 1068 1407 2496
7629 4 2 0 1 1759 66 2885 93
7630 4 2 0 1 3016 2885 1759 2242
7631 4 2 0 1 611 1839 978 1167
7632 4 2 0 1 2702 1839 2378 1167
7633 4 2 0 1 2430 2474 3164 813
7634 4 2 0 1 2430 3108 2616 2474
7635 4 2 0 1 2377 2682 3109 1169
7636 4 2 0 1 2305 2461 338 1923
7637 4 2 0 1 1923 2461 338 1998
7638 4 2 0 1 2305 334 338 2461
7639 4 2 0 1 1608 2227 1749 1112
7640 4 2 0 1 1503 208 2205 189
7641 4 2 0 1 245 208 1503 2571
7642 4 2 0 1 2477 2227 355 1749
7643 4 2 0 1 2522 627 603 952
7644 4 2 0 1 2522 603 513 952
7645 4 2 0 1 2522 603 3197 513
7646 4 2 0 1 603 1102 2522 3197
7647 4 2 0 1 627 524 2522 603
7648 4 2 0 1 2477 348 1608 3243
7649 4 2 0 1 2477 3243 355 348
7650 4 2 0 1 1608 348 3078 3243
7651 4 2 0 1 243 254 1890 3170
7652 4 2 0 1 3191 2871 300 2894
7653 4 2 0 1 2479 2857 2708 1252
7654 4 2 0 1 2857 2557 2699 2097
7655 4 2 0 1 2699 2479 2557 2857
7656 4 2 0 1 2590 2480 324 2940
7657 4 2 0 1 2346 858 938 801
7658 4 2 0 1 2346 938 858 2587
7659 4 2 0 1 1169 2684 2741 2252
7660 4 2 0 1 470 3175 1146 1357
7661 4 2 0 1 1954 2481 64 2309
7662 4 2 0 1 2481 64 59 1954
7663 4 2 0 1 2358 969 1029 964
7664 4 2 0 1 1029 2358 646 969
7665 4 2 0 1 1954 2481 2309 617
7666 4 2 0 1 2274 877 2339 2537
7667 4 2 0 1 877 1120 2537 835
7668 4 2 0 1 835 877 2274 2537
7669 4 2 0 1 2339 690 2768 2537
7670 4 2 0 1 1822 1120 2537 877
7671 4 2 0 1 2537 1120 3218 835
7672 4 2 0 1 2891 2481 1802 617
7673 4 2 0 1 739 2253 2036 833
7674 4 2 0 1 3210 2036 833 739
7675 4 2 0 1 2740 2520 2376 2347
7676 4 2 0 1 1511 1922 1309 1443
7677 4 2 0 1 289 2203 2443 293
7678 4 2 0 1 3223 2443 289 2203
7679 4 2 0 1 2443 1969 2366 3229
7680 4 2 0 1 2483 558 2529 1304
7681 4 2 0 1 241 1382 256 2484
7682 4 2 0 1 2484 2170 1548 1554
7683 4 2 0 1 3192 1865 2484 1554
7684 4 2 0 1 304 2590 499 307
7685 4 2 0 1 2590 2480 499 324
7686 4 2 0 1 1899 2940 304 3165
7687 4 2 0 1 3165 304 307 2590
7688 4 2 0 1 461 2675 1315 2486
7689 4 2 0 1 2140 3086 442 2486
7690 4 2 0 1 3214 300 2894 3191
7691 4 2 0 1 2999 3214 2894 3191
7692 4 2 0 1 871 478 585 2448
7693 4 2 0 1 871 605 478 2448
7694 4 2 0 1 2305 339 3085 357
7695 4 2 0 1 2672 3085 2415 2841
7696 4 2 0 1 713 3208 2256 1438
7697 4 2 0 1 2794 2050 1833 2000
7698 4 2 0 1 1058 2453 577 1670
7699 4 2 0 1 1478 577 2453 1670
7700 4 2 0 1 465 2500 445 1685
7701 4 2 0 1 2500 1196 445 1685
7702 4 2 0 1 104 508 140 1522
7703 4 2 0 1 144 2364 1199 683
7704 4 2 0 1 2037 1388 52 1423
7705 4 2 0 1 2037 986 1824 1388
7706 4 2 0 1 1427 1918 1500 2290
7707 4 2 0 1 1918 2603 1500 1654
7708 4 2 0 1 1427 1918 2603 1500
7709 4 2 0 1 877 1120 1956 2268
7710 4 2 0 1 3161 1795 2330 862
7711 4 2 0 1 2733 3164 2659 2430
7712 4 2 0 1 1956 1120 2567 2268
7713 4 2 0 1 1853 1857 1461 1863
7714 4 2 0 1 2462 27 1812 3172
7715 4 2 0 1 27 1337 3172 2462
7716 4 2 0 1 2490 250 233 229
7717 4 2 0 1 250 248 229 2490
7718 4 2 0 1 2409 250 233 2490
7719 4 2 0 1 274 248 250 2490
7720 4 2 0 1 1674 2549 2409 3221
7721 4 2 0 1 1829 2066 593 1149
7722 4 2 0 1 2747 1880 2066 597
7723 4 2 0 1 2747 1829 1149 2066
7724 4 2 0 1 2747 2066 2955 597
7725 4 2 0 1 2747 2066 1149 2955
7726 4 2 0 1 2491 2740 1214 941
7727 4 2 0 1 1476 2266 1768 1632
7728 4 2 0 1 1116 501 1632 3246
7729 4 2 0 1 1701 659 2520 2491
7730 4 2 0 1 2491 2740 2520 1214
7731 4 2 0 1 2100 2587 2070 3206
7732 4 2 0 1 77 2100 3206 2587
7733 4 2 0 1 1084 2556 2492 1849
7734 4 2 0 1 2471 2482 2283 1895
7735 4 2 0 1 2743 1734 2162 67
7736 4 2 0 1 67 1734 70 2743
7737 4 2 0 1 1850 3162 298 1612
7738 4 2 0 1 2073 2469 1453 776
7739 4 2 0 1 3045 2162 103 3098
7740 4 2 0 1 2743 67 3045 70
7741 4 2 0 1 1849 1455 693 2556
7742 4 2 0 1 2498 2808 2550 2846
7743 4 2 0 1 2222 3042 656 2223
7744 4 2 0 1 1438 1081 2652 2756
7745 4 2 0 1 713 2756 833 1081
7746 4 2 0 1 2475 2525 1976 3163
7747 4 2 0 1 841 1121 2475 1375
7748 4 2 0 1 80 60 1955 66
7749 4 2 0 1 1955 2605 1903 2592
7750 4 2 0 1 2592 60 2605 57
7751 4 2 0 1 3196 1307 2624 730
7752 4 2 0 1 2943 1936 3196 2624
7753 4 2 0 1 2696 800 693 3174
7754 4 2 0 1 800 693 3174 642
7755 4 2 0 1 2696 639 800 3174
7756 4 2 0 1 2415 2551 2843 777
7757 4 2 0 1 2415 2843 803 777
7758 4 2 0 1 2300 2580 3200 1797
7759 4 2 0 1 3060 954 1506 1001
7760 4 2 0 1 2216 3219 1746 2966
7761 4 2 0 1 1746 3219 2216 2580
7762 4 2 0 1 2362 1258 1017 660
7763 4 2 0 1 1705 721 1017 2362
7764 4 2 0 1 2723 2221 853 2501
7765 4 2 0 1 853 874 3080 2501
7766 4 2 0 1 2954 2501 1454 2048
7767 4 2 0 1 2849 2920 2503 1263
7768 4 2 0 1 2553 1263 2503 2920
7769 4 2 0 1 1936 2943 46 29
7770 4 2 0 1 2158 1334 2324 1844
7771 4 2 0 1 205 2673 1245 209
7772 4 2 0 1 1245 2673 2613 209
7773 4 2 0 1 2505 2523 2067 2253
7774 4 2 0 1 2505 2018 2523 1037
7775 4 2 0 1 196 2067 179 130
7776 4 2 0 1 179 219 2067 196
7777 4 2 0 1 2505 2253 1037 2523
7778 4 2 0 1 196 2067 130 2505
7779 4 2 0 1 2485 3230 1697 2056
7780 4 2 0 1 1858 1969 3230 2485
7781 4 2 0 1 2755 3081 1985 3184
7782 4 2 0 1 1985 2755 3116 2801
7783 4 2 0 1 3184 3081 1985 479
7784 4 2 0 1 1159 646 1187 2589
7785 4 2 0 1 12 2609 23 29
7786 4 2 0 1 996 2914 669 1198
7787 4 2 0 1 12 8 23 2609
7788 4 2 0 1 94 2861 2507 78
7789 4 2 0 1 1852 2861 2507 94
7790 4 2 0 1 1591 3083 2875 1744
7791 4 2 0 1 1591 1744 906 1641
7792 4 2 0 1 445 454 463 2126
7793 4 2 0 1 2875 454 2126 1744
7794 4 2 0 1 906 2186 1744 1591
7795 4 2 0 1 321 2461 2498 2660
7796 4 2 0 1 1664 2825 207 190
7797 4 2 0 1 2825 1640 247 3224
7798 4 2 0 1 247 1640 2628 228
7799 4 2 0 1 1338 1509 1491 2189
7800 4 2 0 1 2803 73 120 2810
7801 4 2 0 1 554 3199 458 1196
7802 4 2 0 1 1000 3199 458 554
7803 4 2 0 1 1403 2803 120 1916
7804 4 2 0 1 488 1806 2106 2095
7805 4 2 0 1 3197 759 626 603
7806 4 2 0 1 2854 2083 2038 680
7807 4 2 0 1 320 2590 499 2716
7808 4 2 0 1 3165 320 2716 2590
7809 4 2 0 1 458 3199 603 513
7810 4 2 0 1 1000 3199 603 458
7811 4 2 0 1 2511 232 1355 172
7812 4 2 0 1 2743 154 1499 96
7813 4 2 0 1 2743 1734 96 1499
7814 4 2 0 1 2743 924 154 96
7815 4 2 0 1 190 2129 140 2513
7816 4 2 0 1 768 331 530 1347
7817 4 2 0 1 2723 2547 3204 2527
7818 4 2 0 1 1535 2719 2519 1200
7819 4 2 0 1 2742 2461 2550 2495
7820 4 2 0 1 2461 1237 2550 797
7821 4 2 0 1 1229 2719 1200 2519
7822 4 2 0 1 1935 1707 1350 1096
7823 4 2 0 1 2244 1893 1448 2543
7824 4 2 0 1 1232 2408 1170 1173
7825 4 2 0 1 1638 2129 2513 228
7826 4 2 0 1 1899 2413 301 2867
7827 4 2 0 1 2628 2129 228 1640
7828 4 2 0 1 2323 795 754 2549
7829 4 2 0 1 307 1899 1948 304
7830 4 2 0 1 2401 1815 1948 1899
7831 4 2 0 1 603 3199 1000 626
7832 4 2 0 1 1752 172 232 2767
7833 4 2 0 1 780 1778 2313 3228
7834 4 2 0 1 3228 780 1778 2494
7835 4 2 0 1 780 2313 2306 3228
7836 4 2 0 1 626 3199 513 603
7837 4 2 0 1 494 1950 3068 2932
7838 4 2 0 1 1742 950 1571 2138
7839 4 2 0 1 2439 239 2067 921
7840 4 2 0 1 125 2321 110 74
7841 4 2 0 1 2194 1741 74 2176
7842 4 2 0 1 1752 2941 1473 2852
7843 4 2 0 1 1220 242 255 2518
7844 4 2 0 1 2518 2303 260 1220
7845 4 2 0 1 752 2303 260 2518
7846 4 2 0 1 3229 752 2518 3125
7847 4 2 0 1 769 2801 1200 757
7848 4 2 0 1 1200 2519 769 757
7849 4 2 0 1 2796 2519 2297 2270
7850 4 2 0 1 213 3030 187 2520
7851 4 2 0 1 1841 1666 2541 3245
7852 4 2 0 1 3030 2520 213 2579
7853 4 2 0 1 1214 2520 213 1902
7854 4 2 0 1 213 2520 187 1902
7855 4 2 0 1 1770 2520 1842 2491
7856 4 2 0 1 2491 2520 1842 1214
7857 4 2 0 1 2621 165 1505 132
7858 4 2 0 1 132 2095 1505 2621
7859 4 2 0 1 842 115 2095 2981
7860 4 2 0 1 38 2099 1782 897
7861 4 2 0 1 2230 2446 2111 91
7862 4 2 0 1 1142 570 234 1078
7863 4 2 0 1 1504 2521 1313 687
7864 4 2 0 1 2521 1395 2269 105
7865 4 2 0 1 2626 208 1463 2571
7866 4 2 0 1 206 1503 189 2571
7867 4 2 0 1 206 2626 2571 189
7868 4 2 0 1 44 1777 1341 605
7869 4 2 0 1 2571 208 1503 189
7870 4 2 0 1 1762 1342 2545 2508
7871 4 2 0 1 499 1893 307 320
7872 4 2 0 1 2505 2018 196 2523
7873 4 2 0 1 2885 93 80 2631
7874 4 2 0 1 2885 3016 2631 2242
7875 4 2 0 1 2177 2773 302 2778
7876 4 2 0 1 306 662 2524 1263
7877 4 2 0 1 2177 2773 2778 1420
7878 4 2 0 1 1420 2773 2637 2524
7879 4 2 0 1 2524 1633 2939 2637
7880 4 2 0 1 2747 1061 2606 2643
7881 4 2 0 1 1952 2747 2606 2643
7882 4 2 0 1 1116 1768 1437 1632
7883 4 2 0 1 1476 1632 1768 1116
7884 4 2 0 1 2545 1937 305 2685
7885 4 2 0 1 64 1139 59 2512
7886 4 2 0 1 1896 2512 1139 1688
7887 4 2 0 1 2203 2366 2443 293
7888 4 2 0 1 3223 2443 2203 268
7889 4 2 0 1 257 3223 2203 268
7890 4 2 0 1 276 2750 644 2514
7891 4 2 0 1 2514 2115 276 2750
7892 4 2 0 1 326 2498 308 321
7893 4 2 0 1 321 2742 2461 2660
7894 4 2 0 1 2461 2550 2660 2742
7895 4 2 0 1 2525 1510 2076 2019
7896 4 2 0 1 2515 1068 1407 1988
7897 4 2 0 1 841 2405 2525 865
7898 4 2 0 1 69 1557 2526 72
7899 4 2 0 1 72 2467 2526 69
7900 4 2 0 1 2467 2610 2526 69
7901 4 2 0 1 683 2364 192 144
7902 4 2 0 1 22 1110 1267 2310
7903 4 2 0 1 1420 2524 1633 2666
7904 4 2 0 1 309 306 2666 1263
7905 4 2 0 1 2666 2524 2177 1420
7906 4 2 0 1 2939 2524 2666 1633
7907 4 2 0 1 2166 328 337 2910
7908 4 2 0 1 3205 2840 2527 3203
7909 4 2 0 1 3156 2722 1570 2511
7910 4 2 0 1 3053 67 2245 2481
7911 4 2 0 1 1941 735 1075 589
7912 4 2 0 1 1255 2722 1570 3156
7913 4 2 0 1 2129 140 2513 1522
7914 4 2 0 1 1679 1795 2430 2683
7915 4 2 0 1 1522 508 140 2513
7916 4 2 0 1 1842 2520 213 1214
7917 4 2 0 1 1395 475 1922 974
7918 4 2 0 1 1309 1922 475 974
7919 4 2 0 1 1853 1857 1270 1461
7920 4 2 0 1 1956 2567 2899 2153
7921 4 2 0 1 2899 2112 2567 1956
7922 4 2 0 1 108 1706 135 1560
7923 4 2 0 1 2807 282 287 252
7924 4 2 0 1 252 269 287 2807
7925 4 2 0 1 2165 2807 925 1471
7926 4 2 0 1 1983 282 287 2807
7927 4 2 0 1 925 2807 1983 1471
7928 4 2 0 1 269 2807 2165 287
7929 4 2 0 1 2062 2448 585 540
7930 4 2 0 1 2062 43 633 585
7931 4 2 0 1 1585 992 1667 2911
7932 4 2 0 1 1667 2911 2025 1585
7933 4 2 0 1 2252 992 1585 2911
7934 4 2 0 1 1910 2493 2100 2457
7935 4 2 0 1 2223 1953 1540 2594
7936 4 2 0 1 2287 1390 1953 1184
7937 4 2 0 1 1049 2287 654 2223
7938 4 2 0 1 2287 1953 2223 1049
7939 4 2 0 1 180 3203 2532 1313
7940 4 2 0 1 180 1313 2532 127
7941 4 2 0 1 180 2668 127 2532
7942 4 2 0 1 358 1536 2705 1877
7943 4 2 0 1 2705 1536 2977 1877
7944 4 2 0 1 3118 2199 2912 690
7945 4 2 0 1 2535 1814 2795 1054
7946 4 2 0 1 303 2498 2814 1991
7947 4 2 0 1 2814 2899 2112 2834
7948 4 2 0 1 2814 2112 2808 2834
7949 4 2 0 1 1991 2814 2808 2498
7950 4 2 0 1 1834 310 2834 318
7951 4 2 0 1 1434 3000 2730 2574
7952 4 2 0 1 2595 1673 2967 2536
7953 4 2 0 1 2468 1057 2539 443
7954 4 2 0 1 2539 2378 611 2468
7955 4 2 0 1 333 2503 768 2849
7956 4 2 0 1 1966 825 1150 1561
7957 4 2 0 1 2328 617 2309 2481
7958 4 2 0 1 2891 617 2538 2481
7959 4 2 0 1 2086 2538 617 2481
7960 4 2 0 1 2308 2528 2416 3194
7961 4 2 0 1 1322 2528 2207 2848
7962 4 2 0 1 3198 2528 2463 2142
7963 4 2 0 1 2529 1431 715 1130
7964 4 2 0 1 3012 2483 2529 1304
7965 4 2 0 1 351 2540 1816 2250
7966 4 2 0 1 2425 2542 79 2690
7967 4 2 0 1 2425 2822 79 2542
7968 4 2 0 1 12 23 8 730
7969 4 2 0 1 1755 3196 12 730
7970 4 2 0 1 2669 2548 334 339
7971 4 2 0 1 2905 2548 2334 2669
7972 4 2 0 1 3185 1785 3097 2295
7973 4 2 0 1 278 282 2807 252
7974 4 2 0 1 252 240 2807 278
7975 4 2 0 1 2807 275 240 2036
7976 4 2 0 1 278 282 2320 2807
7977 4 2 0 1 2807 275 2036 2320
7978 4 2 0 1 3185 1573 2295 3097
7979 4 2 0 1 811 2349 843 2457
7980 4 2 0 1 2349 811 2070 2457
7981 4 2 0 1 2349 1773 2070 811
7982 4 2 0 1 811 2349 1773 843
7983 4 2 0 1 2366 2518 279 1604
7984 4 2 0 1 255 1220 2518 1604
7985 4 2 0 1 2769 2533 794 2449
7986 4 2 0 1 279 3229 2518 2366
7987 4 2 0 1 126 1067 2552 1701
7988 4 2 0 1 2552 126 3149 2188
7989 4 2 0 1 306 528 1767 2553
7990 4 2 0 1 309 2553 528 306
7991 4 2 0 1 2689 1767 316 2553
7992 4 2 0 1 2553 306 1263 662
7993 4 2 0 1 2796 769 2519 757
7994 4 2 0 1 769 2519 2297 2796
7995 4 2 0 1 1211 728 1677 762
7996 4 2 0 1 1114 1601 510 1853
7997 4 2 0 1 1443 1309 974 1922
7998 4 2 0 1 138 510 1601 508
7999 4 2 0 1 101 2513 2993 138
8000 4 2 0 1 2513 138 508 510
8001 4 2 0 1 1437 3246 1632 1642
8002 4 2 0 1 3224 2952 247 262
8003 4 2 0 1 2285 2952 2686 1687
8004 4 2 0 1 234 2668 180 2532
8005 4 2 0 1 180 3203 234 2532
8006 4 2 0 1 3019 1870 3234 2295
8007 4 2 0 1 273 2555 1665 1683
8008 4 2 0 1 2745 2555 2235 1665
8009 4 2 0 1 2912 3014 2039 2199
8010 4 2 0 1 2555 1683 273 264
8011 4 2 0 1 1133 1764 2603 880
8012 4 2 0 1 2603 1427 2858 1764
8013 4 2 0 1 2010 1275 327 319
8014 4 2 0 1 2800 2549 2323 1195
8015 4 2 0 1 2800 1195 274 2490
8016 4 2 0 1 2549 1648 2490 3221
8017 4 2 0 1 3221 754 2549 1648
8018 4 2 0 1 1195 2549 2323 2578
8019 4 2 0 1 2323 2549 754 2578
8020 4 2 0 1 1430 1080 2739 1970
8021 4 2 0 1 2625 1970 1516 1625
8022 4 2 0 1 386 2560 402 382
8023 4 2 0 1 1123 1526 2804 2588
8024 4 2 0 1 2382 1123 386 2222
8025 4 2 0 1 2560 1614 382 386
8026 4 2 0 1 1123 2560 2382 386
8027 4 2 0 1 2382 2560 402 386
8028 4 2 0 1 2088 2841 2672 2551
8029 4 2 0 1 2841 3260 3121 2472
8030 4 2 0 1 2383 959 657 3201
8031 4 2 0 1 210 2621 2562 1158
8032 4 2 0 1 1642 1496 1158 210
8033 4 2 0 1 1496 1158 210 2562
8034 4 2 0 1 3189 2926 2561 2042
8035 4 2 0 1 1600 2130 1496 2562
8036 4 2 0 1 2958 1781 2554 2103
8037 4 2 0 1 2958 2554 1781 3094
8038 4 2 0 1 3189 2621 2562 210
8039 4 2 0 1 229 2490 1965 233
8040 4 2 0 1 2490 2409 1965 233
8041 4 2 0 1 1438 1081 713 2746
8042 4 2 0 1 2746 756 713 1438
8043 4 2 0 1 1440 3072 658 1378
8044 4 2 0 1 1440 1378 1942 3072
8045 4 2 0 1 611 2563 978 1839
8046 4 2 0 1 1839 1653 611 2563
8047 4 2 0 1 501 1116 1632 1476
8048 4 2 0 1 2891 617 949 2538
8049 4 2 0 1 617 2086 948 2538
8050 4 2 0 1 617 949 1269 2891
8051 4 2 0 1 216 2819 204 2687
8052 4 2 0 1 2605 82 2736 2333
8053 4 2 0 1 2963 2565 906 1636
8054 4 2 0 1 918 2963 2565 906
8055 4 2 0 1 2565 918 2054 694
8056 4 2 0 1 3194 2001 2557 3247
8057 4 2 0 1 2479 2764 2557 2344
8058 4 2 0 1 3140 3184 1931 2372
8059 4 2 0 1 479 2566 1931 3184
8060 4 2 0 1 1931 2372 3254 3140
8061 4 2 0 1 1615 2566 3254 1931
8062 4 2 0 1 2963 442 3086 2675
8063 4 2 0 1 2675 442 3086 2486
8064 4 2 0 1 386 2222 2559 2382
8065 4 2 0 1 617 1635 2309 1954
8066 4 2 0 1 792 2481 3053 2245
8067 4 2 0 1 2465 1932 1394 1791
8068 4 2 0 1 1225 2255 2024 2659
8069 4 2 0 1 900 2402 2255 1225
8070 4 2 0 1 2024 2255 58 2659
8071 4 2 0 1 2899 1956 2814 2112
8072 4 2 0 1 349 1977 2295 1785
8073 4 2 0 1 1093 2691 2571 1661
8074 4 2 0 1 2691 1093 2571 2626
8075 4 2 0 1 1661 206 2571 516
8076 4 2 0 1 206 2571 516 1503
8077 4 2 0 1 2807 282 2320 1983
8078 4 2 0 1 1615 2600 2566 1390
8079 4 2 0 1 2916 3234 479 1712
8080 4 2 0 1 2804 2916 1712 3234
8081 4 2 0 1 2572 2053 845 2824
8082 4 2 0 1 2249 1786 1123 2573
8083 4 2 0 1 2573 1953 1390 1879
8084 4 2 0 1 1123 1786 1390 2573
8085 4 2 0 1 2370 2406 2767 3242
8086 4 2 0 1 261 2406 232 2767
8087 4 2 0 1 2153 996 2567 3129
8088 4 2 0 1 2567 2354 3129 996
8089 4 2 0 1 359 3031 1085 1542
8090 4 2 0 1 3031 1085 2026 359
8091 4 2 0 1 3091 2730 3157 1727
8092 4 2 0 1 2397 2883 2265 2569
8093 4 2 0 1 2193 2570 1759 2395
8094 4 2 0 1 3230 1204 1969 1858
8095 4 2 0 1 480 2763 3190 1374
8096 4 2 0 1 480 1117 3190 1223
8097 4 2 0 1 2579 3149 3030 1770
8098 4 2 0 1 2579 1770 2520 1842
8099 4 2 0 1 1842 2216 213 2579
8100 4 2 0 1 3024 3219 2579 2216
8101 4 2 0 1 2670 66 68 1482
8102 4 2 0 1 306 1767 302 2553
8103 4 2 0 1 1482 66 2393 2670
8104 4 2 0 1 2885 66 80 93
8105 4 2 0 1 2329 66 2885 1759
8106 4 2 0 1 2885 2631 1681 2242
8107 4 2 0 1 1759 2885 2329 2242
8108 4 2 0 1 302 2752 2689 1767
8109 4 2 0 1 2610 2526 69 65
8110 4 2 0 1 69 1557 65 2526
8111 4 2 0 1 1037 2575 2505 2018
8112 4 2 0 1 2709 314 2581 1465
8113 4 2 0 1 2079 2581 314 1465
8114 4 2 0 1 2581 2079 314 3213
8115 4 2 0 1 1455 786 800 693
8116 4 2 0 1 1455 693 800 724
8117 4 2 0 1 2493 1910 1987 2577
8118 4 2 0 1 1910 1987 2577 1951
8119 4 2 0 1 1910 2493 2457 2577
8120 4 2 0 1 1648 2578 754 2549
8121 4 2 0 1 2578 1738 2323 1195
8122 4 2 0 1 2076 2525 2952 3163
8123 4 2 0 1 2693 1121 841 1375
8124 4 2 0 1 1486 3217 695 702
8125 4 2 0 1 723 1688 1980 732
8126 4 2 0 1 3161 1795 862 2582
8127 4 2 0 1 2582 1173 1795 862
8128 4 2 0 1 2342 1909 799 2987
8129 4 2 0 1 1795 1832 2616 2584
8130 4 2 0 1 3242 1778 3228 2987
8131 4 2 0 1 1832 997 2616 2584
8132 4 2 0 1 3161 1795 2582 1832
8133 4 2 0 1 2179 696 582 2496
8134 4 2 0 1 2685 2862 1446 2348
8135 4 2 0 1 2685 2348 2656 2862
8136 4 2 0 1 3116 2257 2801 2755
8137 4 2 0 1 1212 757 2271 1985
8138 4 2 0 1 479 1996 995 1985
8139 4 2 0 1 3136 3085 2672 2841
8140 4 2 0 1 2607 1786 2813 3033
8141 4 2 0 1 2583 60 57 2892
8142 4 2 0 1 2583 2885 2892 3159
8143 4 2 0 1 2892 2583 3159 1579
8144 4 2 0 1 2584 504 1538 1289
8145 4 2 0 1 1538 2584 997 504
8146 4 2 0 1 2976 2632 2427 2879
8147 4 2 0 1 115 2586 3106 842
8148 4 2 0 1 2374 1934 1864 2586
8149 4 2 0 1 2665 1690 2587 3206
8150 4 2 0 1 386 1614 2359 2588
8151 4 2 0 1 2588 2046 2359 2949
8152 4 2 0 1 1123 2588 2560 386
8153 4 2 0 1 2560 2588 1614 386
8154 4 2 0 1 2885 60 66 2583
8155 4 2 0 1 2533 2769 2508 2449
8156 4 2 0 1 1777 1745 2173 1124
8157 4 2 0 1 2234 261 232 3227
8158 4 2 0 1 1159 2589 2724 2128
8159 4 2 0 1 2128 2589 2724 2387
8160 4 2 0 1 2387 2724 383 2589
8161 4 2 0 1 2177 1420 1968 2666
8162 4 2 0 1 307 2590 499 320
8163 4 2 0 1 320 307 2590 3165
8164 4 2 0 1 2166 2712 1978 2516
8165 4 2 0 1 2358 1978 2166 2712
8166 4 2 0 1 1165 1465 2712 2358
8167 4 2 0 1 2794 2224 207 215
8168 4 2 0 1 2632 2427 3015 2976
8169 4 2 0 1 2313 2591 261 2370
8170 4 2 0 1 261 2591 2406 2370
8171 4 2 0 1 1760 2847 1588 892
8172 4 2 0 1 55 994 1115 1777
8173 4 2 0 1 2171 2369 1730 362
8174 4 2 0 1 1212 1985 2271 1996
8175 4 2 0 1 292 2165 2161 287
8176 4 2 0 1 1079 2593 2140 1756
8177 4 2 0 1 1450 2594 1953 1049
8178 4 2 0 1 2427 3015 2976 3192
8179 4 2 0 1 544 2594 1450 1049
8180 4 2 0 1 2223 1953 2594 1049
8181 4 2 0 1 1162 1849 1084 2314
8182 4 2 0 1 1925 2314 1084 2196
8183 4 2 0 1 285 2407 1382 2484
8184 4 2 0 1 2407 1865 2484 3015
8185 4 2 0 1 2481 64 67 2245
8186 4 2 0 1 67 734 2245 64
8187 4 2 0 1 67 2162 3098 734
8188 4 2 0 1 3045 2162 3098 67
8189 4 2 0 1 67 3053 3098 3045
8190 4 2 0 1 1777 963 1745 1124
8191 4 2 0 1 524 1154 2522 1102
8192 4 2 0 1 1174 3197 1102 2146
8193 4 2 0 1 3 16 781 8
8194 4 2 0 1 781 3 789 16
8195 4 2 0 1 2825 1664 247 1638
8196 4 2 0 1 2628 1640 247 2825
8197 4 2 0 1 2425 3034 2597 3160
8198 4 2 0 1 298 1191 674 1740
8199 4 2 0 1 674 298 1478 1191
8200 4 2 0 1 1434 3110 3000 2599
8201 4 2 0 1 2261 3183 1845 1605
8202 4 2 0 1 2390 755 2261 1820
8203 4 2 0 1 2415 3085 2517 2841
8204 4 2 0 1 1923 2415 2517 803
8205 4 2 0 1 3180 1141 668 45
8206 4 2 0 1 65 2441 1557 704
8207 4 2 0 1 384 715 920 1917
8208 4 2 0 1 715 920 1917 1431
8209 4 2 0 1 2753 715 1431 920
8210 4 2 0 1 69 704 1557 72
8211 4 2 0 1 1346 1157 1400 1333
8212 4 2 0 1 1332 1259 2598 2599
8213 4 2 0 1 3155 283 289 2614
8214 4 2 0 1 283 289 3223 3155
8215 4 2 0 1 38 2444 931 749
8216 4 2 0 1 38 2099 897 931
8217 4 2 0 1 669 1265 1520 2340
8218 4 2 0 1 357 2551 2672 2415
8219 4 2 0 1 357 366 347 2672
8220 4 2 0 1 347 3085 357 2672
8221 4 2 0 1 1739 2340 1520 1265
8222 4 2 0 1 2340 1265 1739 877
8223 4 2 0 1 990 1739 1520 3095
8224 4 2 0 1 304 2244 1448 301
8225 4 2 0 1 2244 1311 1448 301
8226 4 2 0 1 2924 691 2056 1771
8227 4 2 0 1 1844 233 229 1334
8228 4 2 0 1 1844 233 1334 2324
8229 4 2 0 1 1460 2394 657 883
8230 4 2 0 1 2601 1450 1879 1122
8231 4 2 0 1 2601 1450 1122 1283
8232 4 2 0 1 1683 209 2697 216
8233 4 2 0 1 1665 1683 2697 216
8234 4 2 0 1 1683 209 2613 2697
8235 4 2 0 1 2639 1336 2602 254
8236 4 2 0 1 1133 2603 1654 2385
8237 4 2 0 1 2604 1944 1920 754
8238 4 2 0 1 1031 1920 754 2604
8239 4 2 0 1 2013 2618 3114 2714
8240 4 2 0 1 1446 2209 2470 2612
8241 4 2 0 1 2643 1061 2606 1534
8242 4 2 0 1 1204 2240 2614 866
8243 4 2 0 1 2606 2643 1534 1952
8244 4 2 0 1 2756 1204 2240 3155
8245 4 2 0 1 344 2608 2849 331
8246 4 2 0 1 2040 2608 1972 331
8247 4 2 0 1 593 1287 2826 2173
8248 4 2 0 1 593 1829 602 2173
8249 4 2 0 1 1795 2616 2430 527
8250 4 2 0 1 1795 2430 2616 2474
8251 4 2 0 1 1829 2826 593 2066
8252 4 2 0 1 317 2827 2049 323
8253 4 2 0 1 567 1263 2289 2608
8254 4 2 0 1 567 2849 2608 331
8255 4 2 0 1 43 485 574 1462
8256 4 2 0 1 633 485 43 1462
8257 4 2 0 1 2618 2049 299 3096
8258 4 2 0 1 1446 2209 2612 2868
8259 4 2 0 1 2868 2209 2612 2618
8260 4 2 0 1 1929 2704 69 2815
8261 4 2 0 1 2531 2586 2374 2176
8262 4 2 0 1 118 1830 1473 1752
8263 4 2 0 1 3115 558 2611 2753
8264 4 2 0 1 558 2611 1275 3115
8265 4 2 0 1 3189 192 210 3106
8266 4 2 0 1 172 1355 2511 118
8267 4 2 0 1 2511 118 1570 172
8268 4 2 0 1 2539 1135 611 3181
8269 4 2 0 1 2617 2650 588 656
8270 4 2 0 1 2017 2617 1280 2559
8271 4 2 0 1 115 1806 488 2095
8272 4 2 0 1 559 2249 2813 2874
8273 4 2 0 1 2374 2586 3100 2176
8274 4 2 0 1 265 1787 271 2322
8275 4 2 0 1 2710 1148 1667 2812
8276 4 2 0 1 1787 3224 2938 2224
8277 4 2 0 1 2693 992 1227 2812
8278 4 2 0 1 1227 1181 2812 1148
8279 4 2 0 1 840 2417 912 2791
8280 4 2 0 1 642 2735 2238 2819
8281 4 2 0 1 2238 642 2365 2735
8282 4 2 0 1 2417 912 2791 1772
8283 4 2 0 1 809 848 2754 2325
8284 4 2 0 1 3171 3205 1385 2985
8285 4 2 0 1 1422 2113 1132 1512
8286 4 2 0 1 2051 154 2196 96
8287 4 2 0 1 2086 2196 96 2051
8288 4 2 0 1 245 258 1849 2706
8289 4 2 0 1 2816 1422 1132 1512
8290 4 2 0 1 319 1216 2010 1275
8291 4 2 0 1 2619 2082 1236 2865
8292 4 2 0 1 938 858 2392 801
8293 4 2 0 1 375 1917 2619 1564
8294 4 2 0 1 1564 667 2917 2619
8295 4 2 0 1 860 2620 1643 817
8296 4 2 0 1 664 860 2923 2331
8297 4 2 0 1 817 2620 664 860
8298 4 2 0 1 1522 1557 2526 104
8299 4 2 0 1 104 1557 508 1522
8300 4 2 0 1 2478 1550 1806 488
8301 4 2 0 1 144 2621 3189 192
8302 4 2 0 1 154 2196 1925 2051
8303 4 2 0 1 144 2621 192 1505
8304 4 2 0 1 2981 3189 115 2621
8305 4 2 0 1 1549 1109 2017 386
8306 4 2 0 1 2017 2249 386 1595
8307 4 2 0 1 2896 2639 3005 254
8308 4 2 0 1 254 3005 2602 2639
8309 4 2 0 1 521 1425 599 1491
8310 4 2 0 1 625 1424 712 562
8311 4 2 0 1 2382 3234 2625 2400
8312 4 2 0 1 2382 2625 1625 402
8313 4 2 0 1 3023 1970 2625 1625
8314 4 2 0 1 208 189 2626 924
8315 4 2 0 1 1424 625 521 562
8316 4 2 0 1 189 208 2626 2571
8317 4 2 0 1 2692 2627 3169 705
8318 4 2 0 1 705 2627 3169 2836
8319 4 2 0 1 2538 2086 948 2455
8320 4 2 0 1 2352 705 2836 2627
8321 4 2 0 1 1425 1491 2015 2487
8322 4 2 0 1 1638 2129 228 2628
8323 4 2 0 1 1638 2628 247 2825
8324 4 2 0 1 2866 2882 1208 2122
8325 4 2 0 1 2646 203 2238 2365
8326 4 2 0 1 2477 2227 1749 1608
8327 4 2 0 1 1549 1367 2884 1793
8328 4 2 0 1 1598 3055 562 1491
8329 4 2 0 1 1271 1746 1044 2107
8330 4 2 0 1 2216 1530 1410 2580
8331 4 2 0 1 1044 1746 1064 2011
8332 4 2 0 1 1746 1410 1271 1044
8333 4 2 0 1 2115 1530 1410 1842
8334 4 2 0 1 1842 213 2115 1214
8335 4 2 0 1 80 2885 2631 2063
8336 4 2 0 1 644 525 2644 1073
8337 4 2 0 1 2238 1898 2646 2195
8338 4 2 0 1 173 2238 1898 2646
8339 4 2 0 1 1900 636 2395 2193
8340 4 2 0 1 1900 2195 2646 1898
8341 4 2 0 1 2808 807 2864 3218
8342 4 2 0 1 183 2502 1230 150
8343 4 2 0 1 259 2578 1195 2165
8344 4 2 0 1 2304 2632 3043 664
8345 4 2 0 1 284 2632 3043 2304
8346 4 2 0 1 1033 2648 661 361
8347 4 2 0 1 1733 445 463 2126
8348 4 2 0 1 1733 463 445 465
8349 4 2 0 1 445 2875 454 2126
8350 4 2 0 1 1573 2634 3097 3185
8351 4 2 0 1 1573 2634 2403 347
8352 4 2 0 1 2635 1645 1335 1905
8353 4 2 0 1 2635 1645 3259 2263
8354 4 2 0 1 2635 1645 2263 1335
8355 4 2 0 1 1167 1839 1593 2702
8356 4 2 0 1 340 2845 1659 2716
8357 4 2 0 1 2267 1959 2653 1013
8358 4 2 0 1 2267 403 2653 1959
8359 4 2 0 1 403 2653 1606 1406
8360 4 2 0 1 2636 456 448 428
8361 4 2 0 1 2636 1716 448 456
8362 4 2 0 1 2636 1831 448 1716
8363 4 2 0 1 3213 2689 295 2079
8364 4 2 0 1 2909 2074 2198 2043
8365 4 2 0 1 261 3170 2234 1890
8366 4 2 0 1 1174 2638 2201 2458
8367 4 2 0 1 2577 2493 2457 2349
8368 4 2 0 1 1535 2905 763 2817
8369 4 2 0 1 1328 2638 1174 2458
8370 4 2 0 1 2639 2427 3005 3015
8371 4 2 0 1 2639 2896 3005 2427
8372 4 2 0 1 1536 2977 1972 2705
8373 4 2 0 1 2221 874 853 2501
8374 4 2 0 1 2693 1687 841 1121
8375 4 2 0 1 1121 1227 2693 688
8376 4 2 0 1 2716 1671 352 2202
8377 4 2 0 1 1838 2782 2770 3248
8378 4 2 0 1 1245 3065 2259 2679
8379 4 2 0 1 394 371 2598 1542
8380 4 2 0 1 2304 277 284 2632
8381 4 2 0 1 2306 277 2304 2370
8382 4 2 0 1 2632 277 2639 2896
8383 4 2 0 1 1553 1745 2641 1105
8384 4 2 0 1 535 1022 1880 2642
8385 4 2 0 1 2642 1880 535 1904
8386 4 2 0 1 490 1644 1847 2822
8387 4 2 0 1 2887 3143 2506 2645
8388 4 2 0 1 2859 2873 2233 1825
8389 4 2 0 1 2783 2647 2448 540
8390 4 2 0 1 2783 2647 2105 1610
8391 4 2 0 1 2497 2502 2380 2499
8392 4 2 0 1 2874 2925 1363 2650
8393 4 2 0 1 1450 1035 2651 544
8394 4 2 0 1 544 2651 1450 2594
8395 4 2 0 1 2404 191 2429 3151
8396 4 2 0 1 3151 2293 2873 2429
8397 4 2 0 1 3065 2404 2679 2929
8398 4 2 0 1 3065 2679 1807 2929
8399 4 2 0 1 2323 795 846 2604
8400 4 2 0 1 2241 2668 2532 2243
8401 4 2 0 1 1142 2668 234 2419
8402 4 2 0 1 2695 1660 1802 2655
8403 4 2 0 1 2669 346 357 339
8404 4 2 0 1 1535 2727 2669 2403
8405 4 2 0 1 1535 2727 2403 2719
8406 4 2 0 1 2198 3207 2909 843
8407 4 2 0 1 2670 1482 68 1886
8408 4 2 0 1 2781 2656 838 1937
8409 4 2 0 1 911 1657 1741 1140
8410 4 2 0 1 1810 2348 1026 2656
8411 4 2 0 1 2545 1762 2656 1810
8412 4 2 0 1 2545 2685 2656 1937
8413 4 2 0 1 1684 1824 1388 1164
8414 4 2 0 1 2037 1824 52 1388
8415 4 2 0 1 310 297 2685 303
8416 4 2 0 1 303 2685 310 318
8417 4 2 0 1 2470 297 2685 310
8418 4 2 0 1 1446 2470 2685 2918
8419 4 2 0 1 2659 2733 2330 1225
8420 4 2 0 1 2430 3164 2659 1679
8421 4 2 0 1 2669 339 334 346
8422 4 2 0 1 2669 1535 2548 2727
8423 4 2 0 1 2330 2024 2659 1225
8424 4 2 0 1 2659 2330 63 58
8425 4 2 0 1 2659 2024 2330 58
8426 4 2 0 1 2021 3255 1131 2212
8427 4 2 0 1 2577 2349 864 1951
8428 4 2 0 1 277 2266 1476 1011
8429 4 2 0 1 277 2266 1336 1890
8430 4 2 0 1 1358 1459 1564 2661
8431 4 2 0 1 1358 1112 2661 1608
8432 4 2 0 1 2661 1112 2227 1608
8433 4 2 0 1 2661 1112 1113 2227
8434 4 2 0 1 1859 1430 1014 1330
8435 4 2 0 1 1859 1014 1430 402
8436 4 2 0 1 1330 1575 1430 1014
8437 4 2 0 1 2303 1220 1166 260
8438 4 2 0 1 2303 1220 1835 1166
8439 4 2 0 1 2216 1530 1797 1842
8440 4 2 0 1 1842 1530 1410 2216
8441 4 2 0 1 1817 2662 3166 1131
8442 4 2 0 1 2662 3166 2021 3254
8443 4 2 0 1 1618 418 441 2821
8444 4 2 0 1 737 1967 1152 1618
8445 4 2 0 1 2705 2977 1656 1877
8446 4 2 0 1 441 1967 1618 2821
8447 4 2 0 1 3068 998 2118 1950
8448 4 2 0 1 1336 2118 3068 998
8449 4 2 0 1 2033 2499 1861 3212
8450 4 2 0 1 3207 1861 2499 3212
8451 4 2 0 1 2499 98 83 2198
8452 4 2 0 1 1379 2073 1473 1854
8453 4 2 0 1 1611 2664 391 381
8454 4 2 0 1 1742 1571 950 1875
8455 4 2 0 1 2877 3099 391 2664
8456 4 2 0 1 2664 1470 1387 3099
8457 4 2 0 1 3099 3258 2664 1470
8458 4 2 0 1 2664 3258 391 381
8459 4 2 0 1 2665 77 2587 2346
8460 4 2 0 1 1783 2850 2110 3173
8461 4 2 0 1 2884 1367 2353 1793
8462 4 2 0 1 2683 1795 2430 527
8463 4 2 0 1 1847 2683 2038 3028
8464 4 2 0 1 2059 1847 2683 2038
8465 4 2 0 1 2717 1325 1208 630
8466 4 2 0 1 335 2753 2775 1113
8467 4 2 0 1 1113 1431 2775 929
8468 4 2 0 1 1263 662 2524 2939
8469 4 2 0 1 2524 2939 662 2637
8470 4 2 0 1 1881 1320 2667 2917
8471 4 2 0 1 2667 667 1881 2917
8472 4 2 0 1 280 2800 2323 1195
8473 4 2 0 1 1195 2549 2490 2800
8474 4 2 0 1 3120 347 356 1573
8475 4 2 0 1 1573 2634 347 356
8476 4 2 0 1 782 2311 1758 3
8477 4 2 0 1 1663 1352 1266 3087
8478 4 2 0 1 391 2460 2477 3258
8479 4 2 0 1 2060 390 1743 1668
8480 4 2 0 1 253 204 2687 216
8481 4 2 0 1 2780 639 2819 2687
8482 4 2 0 1 745 2534 2454 2671
8483 4 2 0 1 2735 2687 227 2238
8484 4 2 0 1 1484 745 2454 2671
8485 4 2 0 1 1654 1133 872 2275
8486 4 2 0 1 1576 1856 1382 2932
8487 4 2 0 1 2954 2048 1454 3245
8488 4 2 0 1 2472 347 366 2672
8489 4 2 0 1 2672 2472 2088 366
8490 4 2 0 1 1660 2385 1669 1468
8491 4 2 0 1 1468 1669 872 2385
8492 4 2 0 1 2674 120 2965 161
8493 4 2 0 1 2965 1566 1916 1590
8494 4 2 0 1 2965 1590 1916 2674
8495 4 2 0 1 2095 1806 1505 115
8496 4 2 0 1 2095 115 1505 2621
8497 4 2 0 1 2963 2675 607 442
8498 4 2 0 1 2486 2125 2675 442
8499 4 2 0 1 138 1601 101 508
8500 4 2 0 1 2513 101 508 138
8501 4 2 0 1 703 2497 1230 98
8502 4 2 0 1 2502 2497 2380 1230
8503 4 2 0 1 443 2677 2438 1168
8504 4 2 0 1 443 2438 2677 1057
8505 4 2 0 1 2677 2702 2378 2468
8506 4 2 0 1 2411 1420 2921 1990
8507 4 2 0 1 1420 1594 837 2411
8508 4 2 0 1 1332 2599 2598 2678
8509 4 2 0 1 1445 1907 668 45
8510 4 2 0 1 191 2429 205 2679
8511 4 2 0 1 2914 669 2049 299
8512 4 2 0 1 3096 2618 2470 299
8513 4 2 0 1 3082 2680 349 342
8514 4 2 0 1 3082 2680 342 2359
8515 4 2 0 1 2493 1987 2928 2349
8516 4 2 0 1 1548 3171 1650 3192
8517 4 2 0 1 1555 3147 2681 1977
8518 4 2 0 1 2079 2581 1465 300
8519 4 2 0 1 582 556 1118 1995
8520 4 2 0 1 471 2096 1040 1603
8521 4 2 0 1 1995 1118 582 569
8522 4 2 0 1 696 556 582 1995
8523 4 2 0 1 2496 696 582 1995
8524 4 2 0 1 1995 582 2496 569
8525 4 2 0 1 2684 1533 1148 2252
8526 4 2 0 1 1135 1167 2725 2468
8527 4 2 0 1 1375 1176 2482 805
8528 4 2 0 1 805 2405 1895 2482
8529 4 2 0 1 2482 1176 2798 805
8530 4 2 0 1 805 2482 1895 2798
8531 4 2 0 1 2888 2348 1810 2685
8532 4 2 0 1 2918 2685 1446 2348
8533 4 2 0 1 1789 809 1402 3146
8534 4 2 0 1 1814 3146 809 1789
8535 4 2 0 1 3146 1385 1814 809
8536 4 2 0 1 1789 3146 1402 2795
8537 4 2 0 1 255 2518 2366 1604
8538 4 2 0 1 2783 595 591 2887
8539 4 2 0 1 2783 2062 591 2711
8540 4 2 0 1 1955 60 2605 2592
8541 4 2 0 1 2827 2612 2618 2714
8542 4 2 0 1 969 2358 646 1131
8543 4 2 0 1 770 807 3187 1366
8544 4 2 0 1 878 1366 770 3187
8545 4 2 0 1 1366 807 3187 2808
8546 4 2 0 1 2498 2846 326 318
8547 4 2 0 1 2498 2808 2846 2834
8548 4 2 0 1 1067 2367 2174 75
8549 4 2 0 1 1241 2105 54 2711
8550 4 2 0 1 2622 1453 776 2073
8551 4 2 0 1 2301 2762 970 2073
8552 4 2 0 1 2203 2381 3223 257
8553 4 2 0 1 2381 2226 257 1321
8554 4 2 0 1 2664 3243 3258 381
8555 4 2 0 1 2416 2664 1611 381
8556 4 2 0 1 2682 1169 1945 1958
8557 4 2 0 1 1743 2060 2787 390
8558 4 2 0 1 2610 2688 2526 65
8559 4 2 0 1 2526 1557 65 2688
8560 4 2 0 1 2542 65 2688 2690
8561 4 2 0 1 65 2542 2688 1557
8562 4 2 0 1 2333 1940 894 1232
8563 4 2 0 1 894 1232 1940 1170
8564 4 2 0 1 1170 1940 894 2228
8565 4 2 0 1 2688 3160 2152 2610
8566 4 2 0 1 2690 2152 2688 3160
8567 4 2 0 1 488 2106 955 2095
8568 4 2 0 1 1442 2575 130 2505
8569 4 2 0 1 3065 743 1623 2156
8570 4 2 0 1 1623 988 2156 743
8571 4 2 0 1 1567 988 2156 1623
8572 4 2 0 1 2156 2433 1623 3065
8573 4 2 0 1 2164 1461 2057 2248
8574 4 2 0 1 3053 67 3098 2245
8575 4 2 0 1 3098 734 2245 67
8576 4 2 0 1 734 64 1139 2245
8577 4 2 0 1 63 58 2690 2152
8578 4 2 0 1 63 2542 2690 58
8579 4 2 0 1 247 2825 3224 2224
8580 4 2 0 1 3224 2224 262 247
8581 4 2 0 1 2691 206 2571 1661
8582 4 2 0 1 206 2691 2571 2626
8583 4 2 0 1 2262 2336 62 2718
8584 4 2 0 1 2262 62 2228 2718
8585 4 2 0 1 2336 3239 2446 2718
8586 4 2 0 1 2228 2111 1351 2718
8587 4 2 0 1 1359 2990 2926 1760
8588 4 2 0 1 2990 1359 2926 2130
8589 4 2 0 1 1229 2634 2719 2403
8590 4 2 0 1 2514 1530 2115 2750
8591 4 2 0 1 2514 2750 1404 1530
8592 4 2 0 1 1588 2627 2692 705
8593 4 2 0 1 1588 928 705 2692
8594 4 2 0 1 2812 2693 805 2231
8595 4 2 0 1 2694 3224 262 2952
8596 4 2 0 1 262 2952 2686 2285
8597 4 2 0 1 2694 3224 1787 262
8598 4 2 0 1 344 530 1518 358
8599 4 2 0 1 344 1518 2250 358
8600 4 2 0 1 2250 1816 344 358
8601 4 2 0 1 180 2527 2723 2840
8602 4 2 0 1 792 2891 1802 2695
8603 4 2 0 1 792 2695 1802 2655
8604 4 2 0 1 2697 216 2283 1665
8605 4 2 0 1 2283 2482 204 2697
8606 4 2 0 1 2557 722 1592 2699
8607 4 2 0 1 2122 2882 3038 1464
8608 4 2 0 1 3191 3038 2871 1464
8609 4 2 0 1 2501 2547 3204 2723
8610 4 2 0 1 3087 2479 2708 1252
8611 4 2 0 1 1592 2479 2557 2699
8612 4 2 0 1 2532 3203 2170 217
8613 4 2 0 1 272 2700 1565 263
8614 4 2 0 1 2303 2701 1915 231
8615 4 2 0 1 383 2724 385 403
8616 4 2 0 1 1159 972 2128 2155
8617 4 2 0 1 2167 385 2724 403
8618 4 2 0 1 2701 171 2904 231
8619 4 2 0 1 338 2669 334 346
8620 4 2 0 1 2334 2449 3059 2548
8621 4 2 0 1 2905 1535 2548 2669
8622 4 2 0 1 690 2912 2268 1265
8623 4 2 0 1 910 3202 1641 3138
8624 4 2 0 1 2085 1497 2445 113
8625 4 2 0 1 2872 3175 1737 3252
8626 4 2 0 1 2037 3209 1303 1244
8627 4 2 0 1 1244 3209 1303 1847
8628 4 2 0 1 321 2461 326 2498
8629 4 2 0 1 2846 2550 2498 2461
8630 4 2 0 1 280 259 2758 248
8631 4 2 0 1 1878 2564 2758 248
8632 4 2 0 1 38 897 1782 26
8633 4 2 0 1 1558 2923 2337 2331
8634 4 2 0 1 358 1877 2705 2585
8635 4 2 0 1 2558 2556 2706 2970
8636 4 2 0 1 304 1893 1448 2244
8637 4 2 0 1 1093 2706 245 1463
8638 4 2 0 1 245 258 2706 1093
8639 4 2 0 1 2492 2556 2970 2706
8640 4 2 0 1 1093 2492 2706 1463
8641 4 2 0 1 1038 913 526 991
8642 4 2 0 1 3087 2479 1808 2708
8643 4 2 0 1 1066 534 991 728
8644 4 2 0 1 2708 2479 1808 2699
8645 4 2 0 1 340 2716 1659 2202
8646 4 2 0 1 340 1671 2716 2202
8647 4 2 0 1 8 1755 12 730
8648 4 2 0 1 59 2245 792 61
8649 4 2 0 1 2734 2440 2921 867
8650 4 2 0 1 2882 630 3038 2871
8651 4 2 0 1 2921 2894 2440 2734
8652 4 2 0 1 2871 3038 2440 630
8653 4 2 0 1 2461 2846 1237 2350
8654 4 2 0 1 2245 61 59 1139
8655 4 2 0 1 2960 2710 766 1667
8656 4 2 0 1 3249 2960 2710 766
8657 4 2 0 1 1890 1399 243 2234
8658 4 2 0 1 2234 3170 243 1890
8659 4 2 0 1 2518 242 2303 1220
8660 4 2 0 1 752 3125 2303 2518
8661 4 2 0 1 538 1251 2977 1517
8662 4 2 0 1 2977 1251 1972 1517
8663 4 2 0 1 642 1162 2713 798
8664 4 2 0 1 2713 640 798 1162
8665 4 2 0 1 3119 3169 2715 199
8666 4 2 0 1 2715 3169 1775 199
8667 4 2 0 1 2715 199 1775 2072
8668 4 2 0 1 1499 154 1458 96
8669 4 2 0 1 1499 154 2205 1458
8670 4 2 0 1 2590 332 499 2716
8671 4 2 0 1 332 2716 1671 499
8672 4 2 0 1 2845 1803 2716 3165
8673 4 2 0 1 3165 2590 2716 2845
8674 4 2 0 1 2824 2928 845 844
8675 4 2 0 1 2053 2928 845 2824
8676 4 2 0 1 2511 1355 1399 221
8677 4 2 0 1 2511 1399 2234 221
8678 4 2 0 1 3067 2234 2511 3227
8679 4 2 0 1 2074 2904 2123 2043
8680 4 2 0 1 2904 2933 2074 2380
8681 4 2 0 1 2564 1844 2758 248
8682 4 2 0 1 1844 2158 1757 2564
8683 4 2 0 1 2084 3075 1334 2541
8684 4 2 0 1 178 1334 194 229
8685 4 2 0 1 117 93 1759 3016
8686 4 2 0 1 2728 516 214 1661
8687 4 2 0 1 2031 214 2728 516
8688 4 2 0 1 2639 277 1336 1890
8689 4 2 0 1 3073 615 1943 2200
8690 4 2 0 1 309 1263 2503 2553
8691 4 2 0 1 2498 2550 2660 2461
8692 4 2 0 1 2553 528 2503 309
8693 4 2 0 1 1623 2433 1298 2720
8694 4 2 0 1 264 1683 2679 2720
8695 4 2 0 1 3065 2720 2433 1623
8696 4 2 0 1 2720 1683 2555 264
8697 4 2 0 1 1233 2326 852 2012
8698 4 2 0 1 852 2012 2326 1841
8699 4 2 0 1 2166 2712 2516 328
8700 4 2 0 1 2687 266 253 216
8701 4 2 0 1 639 2687 2780 1781
8702 4 2 0 1 1781 216 266 2687
8703 4 2 0 1 1951 1581 1910 1965
8704 4 2 0 1 1581 1910 2577 1951
8705 4 2 0 1 2850 402 382 1783
8706 4 2 0 1 308 326 321 2545
8707 4 2 0 1 2552 1067 2174 111
8708 4 2 0 1 126 2174 2188 2552
8709 4 2 0 1 1067 111 2552 2347
8710 4 2 0 1 972 1029 666 646
8711 4 2 0 1 688 2741 1121 1227
8712 4 2 0 1 1394 2028 2199 3014
8713 4 2 0 1 241 2375 1382 2484
8714 4 2 0 1 2484 241 2170 1554
8715 4 2 0 1 2170 2375 241 2484
8716 4 2 0 1 63 2690 2425 3160
8717 4 2 0 1 1423 52 2032 45
8718 4 2 0 1 1303 1388 1423 45
8719 4 2 0 1 2037 1388 1423 1303
8720 4 2 0 1 63 2542 2425 2690
8721 4 2 0 1 63 2822 2425 2542
8722 4 2 0 1 394 2598 2140 1542
8723 4 2 0 1 2293 3151 2873 2859
8724 4 2 0 1 136 2230 2859 2410
8725 4 2 0 1 2721 1611 2664 391
8726 4 2 0 1 2877 2721 2664 391
8727 4 2 0 1 2364 172 1199 683
8728 4 2 0 1 1638 228 1664 247
8729 4 2 0 1 247 2628 1638 228
8730 4 2 0 1 2732 209 205 2103
8731 4 2 0 1 1355 118 2206 2722
8732 4 2 0 1 311 3213 2689 316
8733 4 2 0 1 2511 1355 2722 118
8734 4 2 0 1 3213 2689 2079 311
8735 4 2 0 1 2722 118 1570 2511
8736 4 2 0 1 3249 2770 3248 1838
8737 4 2 0 1 3248 3249 1838 1245
8738 4 2 0 1 2374 1657 2531 1741
8739 4 2 0 1 115 842 2531 2586
8740 4 2 0 1 2531 1657 2374 2586
8741 4 2 0 1 1937 2656 2633 2685
8742 4 2 0 1 2685 2633 2862 2656
8743 4 2 0 1 2986 1803 2299 336
8744 4 2 0 1 2111 2718 2230 1351
8745 4 2 0 1 2446 2718 2230 2111
8746 4 2 0 1 1803 2401 2299 320
8747 4 2 0 1 2753 1113 335 343
8748 4 2 0 1 2775 2611 1431 2753
8749 4 2 0 1 2775 2753 1431 1113
8750 4 2 0 1 23 730 20 8
8751 4 2 0 1 781 730 8 20
8752 4 2 0 1 781 1755 8 730
8753 4 2 0 1 2621 165 1158 1505
8754 4 2 0 1 2203 268 2443 2366
8755 4 2 0 1 351 2250 827 2540
8756 4 2 0 1 2722 1255 590 1193
8757 4 2 0 1 791 1705 616 2960
8758 4 2 0 1 2206 1852 2722 94
8759 4 2 0 1 94 1852 2722 1193
8760 4 2 0 1 1985 2755 2801 757
8761 4 2 0 1 2202 2460 2973 350
8762 4 2 0 1 2657 1127 350 2460
8763 4 2 0 1 2726 2589 1218 354
8764 4 2 0 1 2727 3041 2403 2719
8765 4 2 0 1 2669 2727 2548 339
8766 4 2 0 1 1155 3171 1650 1385
8767 4 2 0 1 1155 2985 3171 1385
8768 4 2 0 1 2049 2827 317 3096
8769 4 2 0 1 3096 2612 2618 2827
8770 4 2 0 1 1303 986 2330 3209
8771 4 2 0 1 2345 3217 695 1486
8772 4 2 0 1 1661 2691 214 641
8773 4 2 0 1 414 395 2020 379
8774 4 2 0 1 1608 348 343 3078
8775 4 2 0 1 2890 175 164 1874
8776 4 2 0 1 226 1819 2890 164
8777 4 2 0 1 164 1819 2890 1874
8778 4 2 0 1 164 226 175 2890
8779 4 2 0 1 1032 1235 2729 393
8780 4 2 0 1 2729 1235 372 393
8781 4 2 0 1 2539 1057 2729 416
8782 4 2 0 1 1457 2731 2893 3110
8783 4 2 0 1 2168 2185 2893 2956
8784 4 2 0 1 2208 2731 2761 2168
8785 4 2 0 1 2731 1432 2869 3110
8786 4 2 0 1 2869 2731 2761 1636
8787 4 2 0 1 2732 209 2103 1781
8788 4 2 0 1 2732 1781 216 209
8789 4 2 0 1 549 512 600 43
8790 4 2 0 1 2275 681 872 1449
8791 4 2 0 1 1759 2075 2329 2414
8792 4 2 0 1 180 1875 1313 127
8793 4 2 0 1 2527 1875 1313 180
8794 4 2 0 1 2527 2547 753 1875
8795 4 2 0 1 705 3188 2836 3119
8796 4 2 0 1 3119 3169 705 2715
8797 4 2 0 1 3188 2715 1622 3144
8798 4 2 0 1 875 2763 2623 1088
8799 4 2 0 1 2245 3074 792 61
8800 4 2 0 1 1139 1389 2245 61
8801 4 2 0 1 2245 3074 81 2785
8802 4 2 0 1 1116 875 3246 2623
8803 4 2 0 1 2460 2477 355 1749
8804 4 2 0 1 1936 2944 46 2943
8805 4 2 0 1 2477 2460 355 3258
8806 4 2 0 1 3258 3243 355 2477
8807 4 2 0 1 1915 2779 260 231
8808 4 2 0 1 3058 509 2164 2248
8809 4 2 0 1 2303 1835 218 2164
8810 4 2 0 1 646 1159 2516 666
8811 4 2 0 1 2848 2097 2528 384
8812 4 2 0 1 3194 2764 2557 2001
8813 4 2 0 1 2764 2082 2557 2344
8814 4 2 0 1 3161 1795 1832 2733
8815 4 2 0 1 2733 1795 2330 3161
8816 4 2 0 1 2655 1468 1802 2335
8817 4 2 0 1 2333 2605 57 2592
8818 4 2 0 1 2793 569 2737 1396
8819 4 2 0 1 2793 647 2737 569
8820 4 2 0 1 2532 1313 2521 127
8821 4 2 0 1 2521 2269 2532 127
8822 4 2 0 1 2532 2668 127 2269
8823 4 2 0 1 72 1522 2467 101
8824 4 2 0 1 568 1003 1002 661
8825 4 2 0 1 1522 1557 72 2526
8826 4 2 0 1 1090 661 1002 2185
8827 4 2 0 1 2339 690 3071 2768
8828 4 2 0 1 3118 690 2768 3071
8829 4 2 0 1 1430 2739 3023 1970
8830 4 2 0 1 1225 3160 2402 2659
8831 4 2 0 1 2152 2402 3160 2659
8832 4 2 0 1 2835 3220 1721 238
8833 4 2 0 1 2835 3220 238 224
8834 4 2 0 1 222 2740 1188 941
8835 4 2 0 1 1214 2740 220 941
8836 4 2 0 1 674 1478 1562 698
8837 4 2 0 1 2339 1960 1478 615
8838 4 2 0 1 1214 2740 1902 220
8839 4 2 0 1 222 1188 2740 181
8840 4 2 0 1 2376 2740 181 220
8841 4 2 0 1 1902 2740 2376 220
8842 4 2 0 1 2679 2429 1807 2929
8843 4 2 0 1 1807 3062 2958 2103
8844 4 2 0 1 517 684 2205 1503
8845 4 2 0 1 2607 1312 2925 2874
8846 4 2 0 1 2986 1803 761 2299
8847 4 2 0 1 1463 2196 1084 2314
8848 4 2 0 1 2986 761 2204 2299
8849 4 2 0 1 2095 955 1140 1719
8850 4 2 0 1 1719 842 1140 2095
8851 4 2 0 1 1364 844 2909 2824
8852 4 2 0 1 845 2254 1364 844
8853 4 2 0 1 1364 844 2658 2043
8854 4 2 0 1 1364 2824 845 844
8855 4 2 0 1 2658 1364 2254 844
8856 4 2 0 1 1856 3068 2602 2407
8857 4 2 0 1 2407 256 1382 2484
8858 4 2 0 1 1865 3192 2484 3015
8859 4 2 0 1 202 166 2793 2872
8860 4 2 0 1 2793 2872 1737 3252
8861 4 2 0 1 2392 2784 2771 1037
8862 4 2 0 1 2380 1230 2057 2502
8863 4 2 0 1 1925 798 640 1162
8864 4 2 0 1 642 1162 1848 2713
8865 4 2 0 1 1848 640 2713 1162
8866 4 2 0 1 1085 3031 985 1542
8867 4 2 0 1 2037 986 2408 1824
8868 4 2 0 1 2745 1665 266 273
8869 4 2 0 1 1398 2648 661 1033
8870 4 2 0 1 1665 2798 266 2283
8871 4 2 0 1 50 27 46 3172
8872 4 2 0 1 2665 77 2346 84
8873 4 2 0 1 2747 1164 1065 1952
8874 4 2 0 1 2643 597 2747 1061
8875 4 2 0 1 2749 2403 366 2270
8876 4 2 0 1 2403 2749 366 2817
8877 4 2 0 1 2269 1395 1922 105
8878 4 2 0 1 2532 2668 2269 2243
8879 4 2 0 1 2269 1922 2668 127
8880 4 2 0 1 2663 626 3199 710
8881 4 2 0 1 1413 925 2165 2807
8882 4 2 0 1 2887 2645 2239 3143
8883 4 2 0 1 2308 2764 2557 3194
8884 4 2 0 1 2268 2354 2567 996
8885 4 2 0 1 1044 1746 2011 2107
8886 4 2 0 1 2777 1139 59 61
8887 4 2 0 1 1139 1750 784 2777
8888 4 2 0 1 1398 1076 1003 2648
8889 4 2 0 1 821 1117 1206 568
8890 4 2 0 1 256 1856 267 2407
8891 4 2 0 1 1382 1856 256 2407
8892 4 2 0 1 2985 3205 2754 3204
8893 4 2 0 1 871 591 1843 605
8894 4 2 0 1 910 2805 1591 2264
8895 4 2 0 1 301 1448 2480 1740
8896 4 2 0 1 1448 674 1740 301
8897 4 2 0 1 2912 2199 1265 690
8898 4 2 0 1 2256 1438 2652 2756
8899 4 2 0 1 1589 867 630 3102
8900 4 2 0 1 1589 867 3102 3168
8901 4 2 0 1 2868 3168 867 2013
8902 4 2 0 1 2689 2752 316 1767
8903 4 2 0 1 2621 165 2562 1158
8904 4 2 0 1 3189 165 2562 2621
8905 4 2 0 1 1894 2584 2169 1289
8906 4 2 0 1 2169 527 2616 2584
8907 4 2 0 1 1795 1832 1173 2582
8908 4 2 0 1 2171 1235 726 2729
8909 4 2 0 1 2783 1537 2647 1610
8910 4 2 0 1 1111 2783 2105 1610
8911 4 2 0 1 2062 2783 2448 540
8912 4 2 0 1 1245 1683 2613 2960
8913 4 2 0 1 639 2696 2273 3178
8914 4 2 0 1 2960 1683 2613 1665
8915 4 2 0 1 1245 3249 2613 2673
8916 4 2 0 1 2405 2525 865 2019
8917 4 2 0 1 409 436 2757 427
8918 4 2 0 1 2212 3255 1131 2121
8919 4 2 0 1 2473 2757 1707 1717
8920 4 2 0 1 1438 1081 2756 713
8921 4 2 0 1 2238 2687 2819 2735
8922 4 2 0 1 2067 196 230 2523
8923 4 2 0 1 2505 196 2067 2523
8924 4 2 0 1 2918 2685 318 310
8925 4 2 0 1 2888 2685 2918 2348
8926 4 2 0 1 3187 807 2864 2808
8927 4 2 0 1 381 2664 3243 2197
8928 4 2 0 1 381 2416 2664 2197
8929 4 2 0 1 2297 2403 2749 2270
8930 4 2 0 1 2270 3120 366 378
8931 4 2 0 1 2401 307 1948 320
8932 4 2 0 1 2174 2373 1509 2367
8933 4 2 0 1 2308 2759 1136 2052
8934 4 2 0 1 2449 2533 794 2905
8935 4 2 0 1 3177 715 2308 2759
8936 4 2 0 1 2308 3177 2759 3088
8937 4 2 0 1 2071 2343 3064 2991
8938 4 2 0 1 2792 2800 274 2490
8939 4 2 0 1 795 2549 2792 2409
8940 4 2 0 1 2549 2490 2409 3221
8941 4 2 0 1 1148 992 1667 2812
8942 4 2 0 1 1227 1148 2812 992
8943 4 2 0 1 2704 1383 942 514
8944 4 2 0 1 1929 1383 2704 2815
8945 4 2 0 1 2812 2960 2710 1181
8946 4 2 0 1 1573 347 2403 3120
8947 4 2 0 1 293 1604 288 751
8948 4 2 0 1 3120 347 2403 366
8949 4 2 0 1 2765 2741 1121 688
8950 4 2 0 1 2512 1139 59 2777
8951 4 2 0 1 2049 1060 2618 669
8952 4 2 0 1 605 2887 2506 2448
8953 4 2 0 1 2576 1721 1919 2908
8954 4 2 0 1 1919 212 177 1250
8955 4 2 0 1 1752 2852 172 2767
8956 4 2 0 1 2406 1752 232 2767
8957 4 2 0 1 2370 2406 261 2767
8958 4 2 0 1 2370 261 3227 2767
8959 4 2 0 1 1420 1633 2089 2666
8960 4 2 0 1 219 230 3241 239
8961 4 2 0 1 2605 80 82 57
8962 4 2 0 1 3241 251 239 230
8963 4 2 0 1 2235 2798 1665 1176
8964 4 2 0 1 2282 1308 539 1097
8965 4 2 0 1 2282 539 302 1767
8966 4 2 0 1 490 1847 63 2822
8967 4 2 0 1 2800 2549 2490 2792
8968 4 2 0 1 2762 1551 2073 2301
8969 4 2 0 1 1351 2230 2111 3186
8970 4 2 0 1 1351 3186 2410 2230
8971 4 2 0 1 1407 1769 696 2496
8972 4 2 0 1 2228 2111 3186 1351
8973 4 2 0 1 2975 3147 2424 2681
8974 4 2 0 1 2046 2681 329 2950
8975 4 2 0 1 2304 2370 277 2632
8976 4 2 0 1 2632 2370 277 2896
8977 4 2 0 1 2889 2805 1591 2208
8978 4 2 0 1 2218 2889 2208 2805
8979 4 2 0 1 2396 1699 2769 748
8980 4 2 0 1 2769 1762 2508 1342
8981 4 2 0 1 2396 2508 2769 1762
8982 4 2 0 1 2696 2558 2556 987
8983 4 2 0 1 1489 1243 2273 1675
8984 4 2 0 1 1829 2806 602 2173
8985 4 2 0 1 1829 2806 3044 1880
8986 4 2 0 1 2669 2817 366 357
8987 4 2 0 1 2403 2297 2749 2817
8988 4 2 0 1 2529 715 3012 1136
8989 4 2 0 1 1136 2150 2759 3012
8990 4 2 0 1 2482 1665 2283 2798
8991 4 2 0 1 2798 2482 1895 2283
8992 4 2 0 1 2660 2498 1991 2808
8993 4 2 0 1 2660 2808 2550 2498
8994 4 2 0 1 1112 1358 1973 2546
8995 4 2 0 1 1459 1358 1564 1973
8996 4 2 0 1 1112 1358 1459 1973
8997 4 2 0 1 2556 987 693 2696
8998 4 2 0 1 2492 1084 1849 2314
8999 4 2 0 1 2492 2556 2706 1849
9000 4 2 0 1 2706 1849 245 2314
9001 4 2 0 1 2706 2492 1849 2314
9002 4 2 0 1 249 2381 3155 276
9003 4 2 0 1 2316 2160 810 2772
9004 4 2 0 1 1997 2772 2316 810
9005 4 2 0 1 2772 342 3082 1997
9006 4 2 0 1 1586 2344 2097 2917
9007 4 2 0 1 2772 3082 342 2359
9008 4 2 0 1 2359 2046 342 2772
9009 4 2 0 1 2969 2544 2160 2980
9010 4 2 0 1 2465 1394 1932 3244
9011 4 2 0 1 3244 1932 810 1394
9012 4 2 0 1 2812 2693 992 834
9013 4 2 0 1 2773 662 2637 2524
9014 4 2 0 1 2773 2842 2921 2637
9015 4 2 0 1 2199 2529 3012 1136
9016 4 2 0 1 2759 2150 3176 3012
9017 4 2 0 1 880 2385 1133 3239
9018 4 2 0 1 880 2603 1133 2385
9019 4 2 0 1 2696 1675 2273 3178
9020 4 2 0 1 1444 2862 796 744
9021 4 2 0 1 2662 3166 1131 2021
9022 4 2 0 1 916 2935 1362 2774
9023 4 2 0 1 2817 2669 1535 2905
9024 4 2 0 1 2280 2158 2564 740
9025 4 2 0 1 1402 2564 2158 740
9026 4 2 0 1 816 3230 818 2485
9027 4 2 0 1 1858 2485 3230 816
9028 4 2 0 1 2293 2233 2873 2101
9029 4 2 0 1 2745 1665 2798 266
9030 4 2 0 1 273 2555 2745 1665
9031 4 2 0 1 259 1648 248 1195
9032 4 2 0 1 1195 2490 1648 248
9033 4 2 0 1 571 1398 568 1692
9034 4 2 0 1 571 1398 1692 1033
9035 4 2 0 1 252 2397 287 269
9036 4 2 0 1 292 2397 2332 269
9037 4 2 0 1 292 2397 2569 2332
9038 4 2 0 1 92 2284 99 2822
9039 4 2 0 1 2665 2346 1690 95
9040 4 2 0 1 246 253 204 2687
9041 4 2 0 1 246 253 2687 2735
9042 4 2 0 1 2654 2501 3080 2048
9043 4 2 0 1 1461 1857 2248 1863
9044 4 2 0 1 1771 2779 1915 2091
9045 4 2 0 1 2753 1608 343 3078
9046 4 2 0 1 2753 2661 1113 2227
9047 4 2 0 1 3078 558 3115 2753
9048 4 2 0 1 1058 1670 2391 2157
9049 4 2 0 1 2391 2157 1670 3026
9050 4 2 0 1 216 2780 2819 2687
9051 4 2 0 1 2780 2687 216 1781
9052 4 2 0 1 2780 1781 216 2732
9053 4 2 0 1 2781 868 1937 838
9054 4 2 0 1 2813 2249 559 376
9055 4 2 0 1 2245 3053 2785 3098
9056 4 2 0 1 2786 2732 205 2103
9057 4 2 0 1 2429 2786 205 2103
9058 4 2 0 1 2429 2786 2873 3151
9059 4 2 0 1 2787 2850 382 1783
9060 4 2 0 1 1783 1872 382 2787
9061 4 2 0 1 2480 2940 315 324
9062 4 2 0 1 2940 3050 2590 3165
9063 4 2 0 1 793 2471 2405 1028
9064 4 2 0 1 1972 2608 344 331
9065 4 2 0 1 2122 2789 1131 2866
9066 4 2 0 1 1131 2789 3166 2866
9067 4 2 0 1 894 504 2232 2790
9068 4 2 0 1 2333 894 1498 2790
9069 4 2 0 1 2790 894 1232 2333
9070 4 2 0 1 504 894 1232 2790
9071 4 2 0 1 1498 894 2856 2790
9072 4 2 0 1 894 2232 2856 2790
9073 4 2 0 1 2747 1952 1022 535
9074 4 2 0 1 705 2836 3169 3119
9075 4 2 0 1 2623 2452 2836 523
9076 4 2 0 1 70 1734 67 1980
9077 4 2 0 1 2747 535 2643 1952
9078 4 2 0 1 1505 1199 683 144
9079 4 2 0 1 1869 1465 314 322
9080 4 2 0 1 1499 1734 2162 2743
9081 4 2 0 1 2851 808 1161 2017
9082 4 2 0 1 1360 1866 1421 676
9083 4 2 0 1 2508 2334 321 330
9084 4 2 0 1 2533 2449 2508 2334
9085 4 2 0 1 2076 1947 228 1510
9086 4 2 0 1 2513 3182 1947 228
9087 4 2 0 1 2728 2793 214 2031
9088 4 2 0 1 2793 641 2997 3252
9089 4 2 0 1 2997 2872 2793 3252
9090 4 2 0 1 92 2425 2822 79
9091 4 2 0 1 63 2822 2542 2441
9092 4 2 0 1 2333 894 2736 1498
9093 4 2 0 1 1498 894 2736 2856
9094 4 2 0 1 1715 1464 2122 2447
9095 4 2 0 1 2415 2551 2841 2843
9096 4 2 0 1 2122 2358 1715 2447
9097 4 2 0 1 1715 2789 2122 1464
9098 4 2 0 1 2757 405 1935 1495
9099 4 2 0 1 436 2757 405 409
9100 4 2 0 1 2757 1495 1935 1707
9101 4 2 0 1 895 3250 2873 2429
9102 4 2 0 1 817 1643 775 2620
9103 4 2 0 1 51 591 718 2062
9104 4 2 0 1 51 2064 718 591
9105 4 2 0 1 2062 51 591 2711
9106 4 2 0 1 817 775 664 2620
9107 4 2 0 1 2305 2350 2461 1237
9108 4 2 0 1 912 824 900 1929
9109 4 2 0 1 1929 1383 900 912
9110 4 2 0 1 2334 1342 3059 2449
9111 4 2 0 1 2545 326 321 2334
9112 4 2 0 1 1487 1984 2629 263
9113 4 2 0 1 2753 2661 1431 1113
9114 4 2 0 1 2545 2334 321 2508
9115 4 2 0 1 2508 2769 1342 2449
9116 4 2 0 1 1402 3193 2564 2795
9117 4 2 0 1 854 876 2535 2795
9118 4 2 0 1 2535 1789 854 2795
9119 4 2 0 1 3193 876 854 2795
9120 4 2 0 1 333 2920 2503 2849
9121 4 2 0 1 2618 3114 2868 2013
9122 4 2 0 1 2618 2612 3114 2714
9123 4 2 0 1 2869 2963 3086 1641
9124 4 2 0 1 3086 1641 2963 1315
9125 4 2 0 1 442 2565 2963 2869
9126 4 2 0 1 2789 1715 1131 2368
9127 4 2 0 1 796 2175 837 2799
9128 4 2 0 1 2870 2175 2799 837
9129 4 2 0 1 1200 2755 757 2801
9130 4 2 0 1 1656 769 2298 2801
9131 4 2 0 1 275 240 2307 278
9132 4 2 0 1 1194 758 2307 2883
9133 4 2 0 1 2522 2292 1154 524
9134 4 2 0 1 2803 120 1916 2674
9135 4 2 0 1 1715 2709 2166 2910
9136 4 2 0 1 1390 1526 2804 1123
9137 4 2 0 1 1785 3113 2916 3237
9138 4 2 0 1 2930 680 2788 1545
9139 4 2 0 1 813 2788 2854 527
9140 4 2 0 1 1971 245 684 1503
9141 4 2 0 1 1971 1552 1421 517
9142 4 2 0 1 1503 1971 1421 517
9143 4 2 0 1 1971 684 517 1503
9144 4 2 0 1 754 1920 2053 1944
9145 4 2 0 1 1867 3080 853 874
9146 4 2 0 1 848 1867 3080 853
9147 4 2 0 1 106 152 185 2288
9148 4 2 0 1 2535 2895 2337 2007
9149 4 2 0 1 896 1981 822 1710
9150 4 2 0 1 1710 1720 1622 2442
9151 4 2 0 1 1710 1981 1622 1720
9152 4 2 0 1 2814 2153 2899 1834
9153 4 2 0 1 2260 2153 2814 297
9154 4 2 0 1 2882 2871 1464 3092
9155 4 2 0 1 2871 3038 2882 1464
9156 4 2 0 1 1325 2717 486 2744
9157 4 2 0 1 1678 1513 1302 1766
9158 4 2 0 1 3229 2056 2809 1969
9159 4 2 0 1 2809 1969 2443 3229
9160 4 2 0 1 1204 2809 1969 2443
9161 4 2 0 1 1605 1070 2811 1820
9162 4 2 0 1 1446 2470 2236 2685
9163 4 2 0 1 2899 2153 310 1834
9164 4 2 0 1 2899 2567 3129 2153
9165 4 2 0 1 3072 2275 1918 1654
9166 4 2 0 1 2904 2658 2123 2043
9167 4 2 0 1 2944 1655 1477 2943
9168 4 2 0 1 2944 1936 1655 2943
9169 4 2 0 1 1258 2870 2868 2209
9170 4 2 0 1 3114 2744 3168 2013
9171 4 2 0 1 1258 2209 2618 669
9172 4 2 0 1 2209 2618 2868 1258
9173 4 2 0 1 1124 1745 2173 2806
9174 4 2 0 1 2173 1777 53 55
9175 4 2 0 1 778 2093 1082 39
9176 4 2 0 1 2723 2547 2527 1875
9177 4 2 0 1 1542 1151 985 498
9178 4 2 0 1 1586 2917 1320 1881
9179 4 2 0 1 1586 2917 2097 1320
9180 4 2 0 1 3181 1469 1317 1885
9181 4 2 0 1 2815 1383 2704 514
9182 4 2 0 1 2396 2545 2508 1762
9183 4 2 0 1 655 234 2668 180
9184 4 2 0 1 1977 2046 342 2359
9185 4 2 0 1 1977 2681 329 2046
9186 4 2 0 1 1769 909 1224 2318
9187 4 2 0 1 117 3016 1759 3093
9188 4 2 0 1 1638 510 228 2513
9189 4 2 0 1 1664 1638 510 228
9190 4 2 0 1 1423 2032 1907 45
9191 4 2 0 1 1806 1550 1505 115
9192 4 2 0 1 2711 2783 1241 2105
9193 4 2 0 1 2534 2135 783 1634
9194 4 2 0 1 2184 2191 2576 2294
9195 4 2 0 1 783 745 2135 2534
9196 4 2 0 1 783 3226 2135 745
9197 4 2 0 1 418 1618 2087 2821
9198 4 2 0 1 1765 1945 3236 2000
9199 4 2 0 1 1945 1765 3236 680
9200 4 2 0 1 116 2810 133 73
9201 4 2 0 1 2905 346 357 2669
9202 4 2 0 1 2403 2669 2817 366
9203 4 2 0 1 2817 2669 2905 357
9204 4 2 0 1 1937 2545 1811 2396
9205 4 2 0 1 2396 2545 1811 2508
9206 4 2 0 1 2862 1446 2236 2685
9207 4 2 0 1 129 2057 2248 171
9208 4 2 0 1 639 2898 2687 1781
9209 4 2 0 1 1781 2687 266 2898
9210 4 2 0 1 2781 984 2797 2420
9211 4 2 0 1 2049 2992 1198 2914
9212 4 2 0 1 2914 2992 1198 1883
9213 4 2 0 1 2825 2224 207 2794
9214 4 2 0 1 247 1664 2825 2224
9215 4 2 0 1 2806 3148 2173 1829
9216 4 2 0 1 1829 2173 593 2826
9217 4 2 0 1 3148 2173 1829 2826
9218 4 2 0 1 364 2828 379 399
9219 4 2 0 1 399 2828 379 414
9220 4 2 0 1 379 2828 364 2055
9221 4 2 0 1 379 2828 2055 1694
9222 4 2 0 1 2292 2829 1328 1583
9223 4 2 0 1 2476 2292 1583 2829
9224 4 2 0 1 361 2830 364 399
9225 4 2 0 1 364 361 1728 2830
9226 4 2 0 1 1800 1798 2830 2061
9227 4 2 0 1 1800 1728 2830 1798
9228 4 2 0 1 995 2519 1229 3081
9229 4 2 0 1 479 3081 995 1229
9230 4 2 0 1 991 728 534 1211
9231 4 2 0 1 415 396 418 1618
9232 4 2 0 1 1708 1618 2831 1108
9233 4 2 0 1 1529 1279 758 2883
9234 4 2 0 1 212 1919 193 2191
9235 4 2 0 1 2498 2814 2834 1834
9236 4 2 0 1 2498 2834 2846 318
9237 4 2 0 1 1927 2876 1686 1873
9238 4 2 0 1 1250 1919 1721 177
9239 4 2 0 1 1566 2835 1590 2965
9240 4 2 0 1 161 2835 1590 1721
9241 4 2 0 1 224 161 2835 200
9242 4 2 0 1 1502 2837 722 1479
9243 4 2 0 1 1502 1868 722 2837
9244 4 2 0 1 2077 2837 2476 1502
9245 4 2 0 1 2837 1502 1868 2476
9246 4 2 0 1 1479 2837 2077 1502
9247 4 2 0 1 1724 1734 70 550
9248 4 2 0 1 1511 1734 1724 550
9249 4 2 0 1 636 2713 798 1900
9250 4 2 0 1 636 640 798 2713
9251 4 2 0 1 1900 2713 798 2646
9252 4 2 0 1 2166 337 1796 2910
9253 4 2 0 1 2284 2059 2425 2597
9254 4 2 0 1 2839 1872 2359 386
9255 4 2 0 1 386 2839 1783 1119
9256 4 2 0 1 386 2839 1872 1783
9257 4 2 0 1 2949 2046 2359 2839
9258 4 2 0 1 259 1878 2758 248
9259 4 2 0 1 2544 2039 1883 3014
9260 4 2 0 1 201 1819 226 164
9261 4 2 0 1 226 1621 1819 201
9262 4 2 0 1 2315 234 2325 2840
9263 4 2 0 1 270 234 2315 2840
9264 4 2 0 1 270 2170 234 2840
9265 4 2 0 1 113 130 2445 2085
9266 4 2 0 1 1078 517 684 2205
9267 4 2 0 1 2205 1458 1078 517
9268 4 2 0 1 1458 154 1078 884
9269 4 2 0 1 2141 965 3128 1560
9270 4 2 0 1 1560 2141 890 3128
9271 4 2 0 1 1915 2924 2357 752
9272 4 2 0 1 743 3094 1384 2958
9273 4 2 0 1 2336 2892 62 2718
9274 4 2 0 1 2718 2892 2111 2446
9275 4 2 0 1 2892 2111 82 62
9276 4 2 0 1 289 1204 3223 3155
9277 4 2 0 1 295 2773 2894 2148
9278 4 2 0 1 2773 662 2842 2637
9279 4 2 0 1 777 2931 1005 2843
9280 4 2 0 1 3076 2517 2843 2931
9281 4 2 0 1 2517 2841 2843 2415
9282 4 2 0 1 1028 1975 2471 2482
9283 4 2 0 1 2568 2124 1330 2110
9284 4 2 0 1 3050 2845 2590 3165
9285 4 2 0 1 713 2746 2771 756
9286 4 2 0 1 1262 2109 1784 1888
9287 4 2 0 1 326 2846 2498 2461
9288 4 2 0 1 62 2892 57 82
9289 4 2 0 1 57 1579 2892 62
9290 4 2 0 1 2583 2885 60 2892
9291 4 2 0 1 57 2583 2892 1579
9292 4 2 0 1 57 82 2892 80
9293 4 2 0 1 1597 914 2966 2107
9294 4 2 0 1 2287 2959 654 2222
9295 4 2 0 1 2959 1390 2222 2287
9296 4 2 0 1 1390 1516 870 2287
9297 4 2 0 1 2534 1387 2877 3069
9298 4 2 0 1 2671 2454 3069 2534
9299 4 2 0 1 2534 2454 3069 2877
9300 4 2 0 1 2534 1387 3069 2014
9301 4 2 0 1 384 1358 920 2848
9302 4 2 0 1 2848 2308 2197 920
9303 4 2 0 1 384 2528 2848 2308
9304 4 2 0 1 1322 2528 2848 2097
9305 4 2 0 1 1873 3048 2994 2833
9306 4 2 0 1 1873 2876 1686 2833
9307 4 2 0 1 3017 1873 2833 2876
9308 4 2 0 1 402 1859 1783 2850
9309 4 2 0 1 2918 3096 2612 2470
9310 4 2 0 1 2758 274 280 248
9311 4 2 0 1 2470 313 310 2918
9312 4 2 0 1 805 2231 2693 1375
9313 4 2 0 1 805 2693 841 1375
9314 4 2 0 1 2150 2028 2199 1394
9315 4 2 0 1 3176 2150 1394 2028
9316 4 2 0 1 571 1206 1754 1692
9317 4 2 0 1 1754 1206 571 2026
9318 4 2 0 1 2884 3036 1284 2630
9319 4 2 0 1 3036 2851 1284 709
9320 4 2 0 1 1269 2891 1802 617
9321 4 2 0 1 1391 1578 1266 1663
9322 4 2 0 1 2940 2480 1740 301
9323 4 2 0 1 62 1579 2892 2336
9324 4 2 0 1 3162 315 1740 2940
9325 4 2 0 1 1571 2327 105 1875
9326 4 2 0 1 1473 1379 1854 2852
9327 4 2 0 1 378 2270 3120 387
9328 4 2 0 1 2270 3120 2403 366
9329 4 2 0 1 2392 2784 3208 2771
9330 4 2 0 1 938 801 1690 2346
9331 4 2 0 1 871 718 591 2062
9332 4 2 0 1 2195 2878 2713 1848
9333 4 2 0 1 2693 834 2812 805
9334 4 2 0 1 805 1176 2231 1375
9335 4 2 0 1 2564 2795 740 1402
9336 4 2 0 1 2564 3193 2338 854
9337 4 2 0 1 381 2477 1608 3243
9338 4 2 0 1 381 1608 920 2197
9339 4 2 0 1 381 1608 2197 3243
9340 4 2 0 1 479 3081 2853 3184
9341 4 2 0 1 3237 2853 3184 479
9342 4 2 0 1 1946 160 148 2947
9343 4 2 0 1 1673 2967 2302 2144
9344 4 2 0 1 3206 77 141 2100
9345 4 2 0 1 159 89 2100 141
9346 4 2 0 1 2707 2100 2457 89
9347 4 2 0 1 2587 77 2100 2707
9348 4 2 0 1 2854 2961 813 3057
9349 4 2 0 1 2083 124 2854 99
9350 4 2 0 1 813 2788 2961 2854
9351 4 2 0 1 1358 1749 381 401
9352 4 2 0 1 1949 401 1749 1358
9353 4 2 0 1 754 2549 1674 3221
9354 4 2 0 1 1873 2998 2876 1653
9355 4 2 0 1 639 3094 2898 1781
9356 4 2 0 1 1919 158 2908 177
9357 4 2 0 1 2908 1721 1919 177
9358 4 2 0 1 3227 1570 2511 3067
9359 4 2 0 1 1958 2860 1945 265
9360 4 2 0 1 2860 1787 2050 265
9361 4 2 0 1 2768 1612 1850 3071
9362 4 2 0 1 2204 2844 1658 1009
9363 4 2 0 1 2154 2974 3154 3121
9364 4 2 0 1 2910 646 1796 2166
9365 4 2 0 1 1487 470 2558 1984
9366 4 2 0 1 942 863 2704 2213
9367 4 2 0 1 1929 912 942 1383
9368 4 2 0 1 2863 2604 1920 1031
9369 4 2 0 1 1929 942 2704 1383
9370 4 2 0 1 1190 577 2453 1478
9371 4 2 0 1 136 191 2404 3151
9372 4 2 0 1 2123 171 2904 2380
9373 4 2 0 1 231 2904 2254 2658
9374 4 2 0 1 2830 2828 364 399
9375 4 2 0 1 364 2830 1728 2055
9376 4 2 0 1 2830 2828 2055 364
9377 4 2 0 1 2905 2669 338 346
9378 4 2 0 1 2334 2905 2449 2548
9379 4 2 0 1 667 375 1452 2865
9380 4 2 0 1 2865 1452 2766 375
9381 4 2 0 1 2619 667 2865 375
9382 4 2 0 1 1236 2865 2766 375
9383 4 2 0 1 2619 2865 1236 375
9384 4 2 0 1 2917 667 2865 2619
9385 4 2 0 1 1208 2866 1817 622
9386 4 2 0 1 2789 2866 2882 622
9387 4 2 0 1 2382 2222 2559 2456
9388 4 2 0 1 2617 1280 2559 2456
9389 4 2 0 1 1939 2536 89 77
9390 4 2 0 1 572 2469 94 1254
9391 4 2 0 1 2046 2969 342 2772
9392 4 2 0 1 2046 2950 329 2969
9393 4 2 0 1 2046 2969 329 342
9394 4 2 0 1 194 2988 159 1910
9395 4 2 0 1 1910 2988 1987 2927
9396 4 2 0 1 1682 2413 2867 2838
9397 4 2 0 1 1406 385 403 2906
9398 4 2 0 1 3233 385 2906 403
9399 4 2 0 1 403 2906 2267 1406
9400 4 2 0 1 160 2445 196 1376
9401 4 2 0 1 984 748 2820 2769
9402 4 2 0 1 984 2769 2820 2449
9403 4 2 0 1 1017 2870 867 1258
9404 4 2 0 1 2868 867 2175 2870
9405 4 2 0 1 1258 867 2868 2870
9406 4 2 0 1 2006 413 369 2022
9407 4 2 0 1 2022 413 369 398
9408 4 2 0 1 2006 369 2855 2022
9409 4 2 0 1 2022 2855 2183 369
9410 4 2 0 1 157 126 3149 2552
9411 4 2 0 1 2842 2999 3214 2773
9412 4 2 0 1 1420 2773 2921 2637
9413 4 2 0 1 1266 1391 2479 2764
9414 4 2 0 1 1916 1338 2803 1813
9415 4 2 0 1 2280 1844 2758 2564
9416 4 2 0 1 1844 2158 2564 2280
9417 4 2 0 1 173 203 2238 2646
9418 4 2 0 1 3153 2296 446 1627
9419 4 2 0 1 1627 1714 2296 452
9420 4 2 0 1 1749 2201 401 474
9421 4 2 0 1 2750 644 1321 276
9422 4 2 0 1 2748 1634 2204 1387
9423 4 2 0 1 2135 2014 1658 2204
9424 4 2 0 1 2071 2881 2343 3007
9425 4 2 0 1 2343 2294 2184 2576
9426 4 2 0 1 2717 2734 2882 3092
9427 4 2 0 1 153 2942 2238 188
9428 4 2 0 1 2996 2195 2238 2942
9429 4 2 0 1 2172 1035 1450 544
9430 4 2 0 1 1417 2832 1879 1296
9431 4 2 0 1 1296 2172 1035 1450
9432 4 2 0 1 1303 1847 3209 63
9433 4 2 0 1 2475 1687 1121 841
9434 4 2 0 1 688 2765 2475 1121
9435 4 2 0 1 1390 2222 1953 1786
9436 4 2 0 1 1390 1786 1953 2573
9437 4 2 0 1 2249 1786 2874 2222
9438 4 2 0 1 2017 2874 2617 2222
9439 4 2 0 1 2222 1786 2874 3042
9440 4 2 0 1 2249 2874 2017 2222
9441 4 2 0 1 2222 2874 2617 3042
9442 4 2 0 1 3004 2398 2635 2263
9443 4 2 0 1 2635 2437 3257 3004
9444 4 2 0 1 2635 3004 3257 2398
9445 4 2 0 1 2004 777 1005 2135
9446 4 2 0 1 1299 1603 2206 94
9447 4 2 0 1 1906 1658 1005 1009
9448 4 2 0 1 1945 2000 2860 1169
9449 4 2 0 1 2449 2533 2905 2334
9450 4 2 0 1 2576 3007 2343 2881
9451 4 2 0 1 2919 783 2135 1634
9452 4 2 0 1 1634 2135 2919 1053
9453 4 2 0 1 1358 1608 381 1749
9454 4 2 0 1 381 2477 1749 1608
9455 4 2 0 1 2875 421 445 454
9456 4 2 0 1 445 2889 2186 410
9457 4 2 0 1 57 60 2605 80
9458 4 2 0 1 1955 80 2605 60
9459 4 2 0 1 1447 2073 804 970
9460 4 2 0 1 2762 1447 2073 1551
9461 4 2 0 1 2135 1658 2014 2962
9462 4 2 0 1 2402 2610 2815 2152
9463 4 2 0 1 2402 2610 2152 3160
9464 4 2 0 1 1387 2225 2877 3099
9465 4 2 0 1 2877 2225 373 3099
9466 4 2 0 1 636 640 2713 2878
9467 4 2 0 1 2878 640 2713 1848
9468 4 2 0 1 2176 2131 2321 145
9469 4 2 0 1 567 331 2608 2040
9470 4 2 0 1 567 2608 2289 2040
9471 4 2 0 1 240 251 275 2281
9472 4 2 0 1 275 240 2281 2307
9473 4 2 0 1 2541 2145 2012 1233
9474 4 2 0 1 2904 1364 2043 2074
9475 4 2 0 1 1364 2658 2904 2043
9476 4 2 0 1 868 2781 1937 1699
9477 4 2 0 1 2547 1875 2327 1742
9478 4 2 0 1 1875 1571 2327 1742
9479 4 2 0 1 686 2880 1489 1629
9480 4 2 0 1 686 1735 2880 1629
9481 4 2 0 1 2233 1764 1133 880
9482 4 2 0 1 1450 2172 2389 1296
9483 4 2 0 1 2389 601 2172 1283
9484 4 2 0 1 2389 3101 1450 1296
9485 4 2 0 1 147 111 2649 2347
9486 4 2 0 1 1283 601 2172 544
9487 4 2 0 1 1455 987 693 2556
9488 4 2 0 1 1084 693 2556 1849
9489 4 2 0 1 1654 2275 2335 3072
9490 4 2 0 1 2930 2968 680 1545
9491 4 2 0 1 1680 1962 2182 2192
9492 4 2 0 1 2882 1208 622 2866
9493 4 2 0 1 2717 1208 2882 630
9494 4 2 0 1 2789 622 2882 3092
9495 4 2 0 1 2734 2871 2882 3092
9496 4 2 0 1 2460 391 2477 1749
9497 4 2 0 1 2679 2404 2259 191
9498 4 2 0 1 2679 2404 191 2429
9499 4 2 0 1 2735 2687 800 2178
9500 4 2 0 1 775 1643 2494 2620
9501 4 2 0 1 775 2494 664 2620
9502 4 2 0 1 2677 1057 1609 2468
9503 4 2 0 1 60 80 57 2892
9504 4 2 0 1 80 60 66 2885
9505 4 2 0 1 2885 80 60 2892
9506 4 2 0 1 1881 1452 2886 2344
9507 4 2 0 1 1600 2379 1496 2130
9508 4 2 0 1 2611 2529 558 1304
9509 4 2 0 1 1304 2611 1275 558
9510 4 2 0 1 318 2888 1810 2685
9511 4 2 0 1 318 2685 2918 2888
9512 4 2 0 1 2041 2805 1591 2889
9513 4 2 0 1 3104 2218 2805 2889
9514 4 2 0 1 2890 226 175 235
9515 4 2 0 1 2890 175 1874 1722
9516 4 2 0 1 2740 1188 2286 181
9517 4 2 0 1 2286 2740 181 2376
9518 4 2 0 1 2376 1805 181 2286
9519 4 2 0 1 2682 1169 1958 3109
9520 4 2 0 1 1169 2252 1958 3109
9521 4 2 0 1 3110 2774 2893 1457
9522 4 2 0 1 2893 2208 2168 2731
9523 4 2 0 1 2218 2208 1798 2893
9524 4 2 0 1 1798 2893 2214 2218
9525 4 2 0 1 2774 1234 2893 1457
9526 4 2 0 1 2893 2731 2168 2956
9527 4 2 0 1 1254 695 3217 702
9528 4 2 0 1 2894 300 295 2411
9529 4 2 0 1 2894 300 2411 2440
9530 4 2 0 1 2894 2148 2411 295
9531 4 2 0 1 2017 2559 1280 764
9532 4 2 0 1 386 2559 2017 1549
9533 4 2 0 1 3070 2290 760 1357
9534 4 2 0 1 2290 1427 1918 760
9535 4 2 0 1 2078 1427 2290 760
9536 4 2 0 1 2469 2073 1453 1254
9537 4 2 0 1 2301 2138 2073 1854
9538 4 2 0 1 1854 1473 1254 2073
9539 4 2 0 1 2046 1977 342 329
9540 4 2 0 1 1263 2939 2289 1921
9541 4 2 0 1 567 2849 1263 2608
9542 4 2 0 1 2783 2647 540 2105
9543 4 2 0 1 3067 1570 2511 3156
9544 4 2 0 1 221 3067 2511 184
9545 4 2 0 1 1872 1932 1098 2897
9546 4 2 0 1 2839 1932 2897 1119
9547 4 2 0 1 1119 1932 2897 1928
9548 4 2 0 1 2839 1932 1872 2897
9549 4 2 0 1 1932 2465 2897 1928
9550 4 2 0 1 1932 3244 2897 2465
9551 4 2 0 1 1773 811 2276 2070
9552 4 2 0 1 2814 1834 2899 2834
9553 4 2 0 1 2900 1487 2200 2995
9554 4 2 0 1 1549 386 2559 1783
9555 4 2 0 1 2345 1254 695 3217
9556 4 2 0 1 2887 1537 2448 2783
9557 4 2 0 1 2887 1537 2506 2448
9558 4 2 0 1 2783 1537 2448 2647
9559 4 2 0 1 722 3198 2528 2902
9560 4 2 0 1 1868 3198 722 2902
9561 4 2 0 1 2902 1868 3198 2829
9562 4 2 0 1 2709 2166 322 1465
9563 4 2 0 1 2709 328 322 2166
9564 4 2 0 1 1465 2447 2166 2358
9565 4 2 0 1 2762 953 1551 1779
9566 4 2 0 1 2903 1470 1387 2664
9567 4 2 0 1 1387 2903 3225 1470
9568 4 2 0 1 306 2282 302 1767
9569 4 2 0 1 2553 302 2689 1767
9570 4 2 0 1 2956 2185 2893 2774
9571 4 2 0 1 2059 1876 2822 1847
9572 4 2 0 1 1827 1876 1644 2822
9573 4 2 0 1 2822 2284 1876 2059
9574 4 2 0 1 1827 1876 2822 2284
9575 4 2 0 1 2854 1876 1827 2284
9576 4 2 0 1 2822 1876 1644 1847
9577 4 2 0 1 995 757 2796 2519
9578 4 2 0 1 995 757 2519 3081
9579 4 2 0 1 1200 3081 757 2755
9580 4 2 0 1 2917 2865 2344 2082
9581 4 2 0 1 2917 2865 2082 2619
9582 4 2 0 1 2917 2865 1881 2344
9583 4 2 0 1 357 366 2672 2551
9584 4 2 0 1 2088 2672 366 2551
9585 4 2 0 1 153 1898 2996 117
9586 4 2 0 1 2395 3093 2996 1898
9587 4 2 0 1 920 2848 381 2197
9588 4 2 0 1 920 1358 381 2848
9589 4 2 0 1 2848 2416 381 2197
9590 4 2 0 1 2098 2907 1815 2371
9591 4 2 0 1 1682 1899 1815 2907
9592 4 2 0 1 304 2940 2590 3165
9593 4 2 0 1 2908 2810 158 1919
9594 4 2 0 1 1368 809 2754 1385
9595 4 2 0 1 1368 1385 2754 2985
9596 4 2 0 1 809 848 1368 2754
9597 4 2 0 1 844 2909 864 2043
9598 4 2 0 1 1364 844 2043 2909
9599 4 2 0 1 2043 1364 2909 2074
9600 4 2 0 1 2198 2074 2909 3207
9601 4 2 0 1 2910 2709 2166 328
9602 4 2 0 1 2130 2990 237 2562
9603 4 2 0 1 2562 165 2990 237
9604 4 2 0 1 3165 320 1803 2716
9605 4 2 0 1 658 1389 1426 2515
9606 4 2 0 1 123 2515 1769 1426
9607 4 2 0 1 1769 658 1426 2515
9608 4 2 0 1 1148 1667 2911 2710
9609 4 2 0 1 2710 2911 2025 1667
9610 4 2 0 1 2445 2422 3232 1376
9611 4 2 0 1 2085 3232 2445 2422
9612 4 2 0 1 3231 3232 2085 2422
9613 4 2 0 1 2913 2379 2623 523
9614 4 2 0 1 2623 2836 2913 523
9615 4 2 0 1 317 2914 323 2049
9616 4 2 0 1 2354 2914 1883 323
9617 4 2 0 1 2049 1198 669 2914
9618 4 2 0 1 2915 1894 2169 1289
9619 4 2 0 1 2915 2169 1533 1289
9620 4 2 0 1 1851 2192 2182 2009
9621 4 2 0 1 912 840 2791 824
9622 4 2 0 1 2791 824 2139 912
9623 4 2 0 1 2145 1666 2541 2012
9624 4 2 0 1 316 3003 2553 325
9625 4 2 0 1 2920 2553 1263 3003
9626 4 2 0 1 2654 3204 2501 2048
9627 4 2 0 1 2754 2501 3204 2723
9628 4 2 0 1 3019 2295 3234 2916
9629 4 2 0 1 3234 2916 479 3019
9630 4 2 0 1 2218 2889 3104 1798
9631 4 2 0 1 260 1220 1166 526
9632 4 2 0 1 279 1220 260 526
9633 4 2 0 1 642 1162 3174 1848
9634 4 2 0 1 693 1162 3174 642
9635 4 2 0 1 393 1873 2149 2994
9636 4 2 0 1 1829 2747 1065 1880
9637 4 2 0 1 2918 2470 2685 310
9638 4 2 0 1 777 783 2135 2919
9639 4 2 0 1 2640 820 852 2954
9640 4 2 0 1 2553 2920 2503 325
9641 4 2 0 1 325 2553 2920 3003
9642 4 2 0 1 1712 1123 2382 2959
9643 4 2 0 1 1123 1390 2222 2959
9644 4 2 0 1 1123 1712 2382 2560
9645 4 2 0 1 2222 1123 2959 2382
9646 4 2 0 1 1712 1390 1123 2959
9647 4 2 0 1 2963 2869 2565 1636
9648 4 2 0 1 442 2869 2761 2565
9649 4 2 0 1 132 165 3189 2621
9650 4 2 0 1 2552 1701 2520 1770
9651 4 2 0 1 1770 1701 2520 2491
9652 4 2 0 1 2824 864 2909 1773
9653 4 2 0 1 864 2909 1773 843
9654 4 2 0 1 2043 2909 864 843
9655 4 2 0 1 2933 2380 2499 2074
9656 4 2 0 1 745 2671 2135 2534
9657 4 2 0 1 2671 2135 3226 745
9658 4 2 0 1 2884 2698 3112 2630
9659 4 2 0 1 1856 2602 267 2407
9660 4 2 0 1 2602 3005 2407 2639
9661 4 2 0 1 2389 2172 1450 1283
9662 4 2 0 1 601 2389 2922 1283
9663 4 2 0 1 1935 1350 405 389
9664 4 2 0 1 2730 2574 3091 3063
9665 4 2 0 1 925 2901 962 1031
9666 4 2 0 1 2901 1031 816 962
9667 4 2 0 1 2186 3001 410 2889
9668 4 2 0 1 1574 2246 1713 1871
9669 4 2 0 1 453 2246 451 1871
9670 4 2 0 1 2006 411 444 2855
9671 4 2 0 1 2620 2923 1054 2399
9672 4 2 0 1 2337 2007 2895 2923
9673 4 2 0 1 2923 1558 1650 2399
9674 4 2 0 1 1558 2007 2337 2923
9675 4 2 0 1 2747 1829 2066 1880
9676 4 2 0 1 2450 1903 785 939
9677 4 2 0 1 3189 2042 2561 3106
9678 4 2 0 1 210 3189 3106 2042
9679 4 2 0 1 769 2298 2801 757
9680 4 2 0 1 1212 2257 2298 2801
9681 4 2 0 1 1212 2801 2298 757
9682 4 2 0 1 119 2981 2095 132
9683 4 2 0 1 119 2981 1719 2095
9684 4 2 0 1 1111 595 2783 2887
9685 4 2 0 1 2105 595 2783 1111
9686 4 2 0 1 2927 1910 194 1965
9687 4 2 0 1 1965 229 2927 3221
9688 4 2 0 1 1910 2988 2927 194
9689 4 2 0 1 2425 92 2597 3034
9690 4 2 0 1 79 2425 3034 92
9691 4 2 0 1 228 1640 2076 247
9692 4 2 0 1 2952 841 2076 2686
9693 4 2 0 1 2952 2076 247 2686
9694 4 2 0 1 228 1640 3182 2076
9695 4 2 0 1 2994 2183 3048 1873
9696 4 2 0 1 2928 1951 2349 1987
9697 4 2 0 1 2848 2308 2416 2197
9698 4 2 0 1 1200 1535 814 2519
9699 4 2 0 1 1200 814 769 2519
9700 4 2 0 1 1673 2967 1939 2984
9701 4 2 0 1 2984 2967 2302 1673
9702 4 2 0 1 261 3170 1890 277
9703 4 2 0 1 1937 1699 1762 2396
9704 4 2 0 1 2396 1699 1762 2769
9705 4 2 0 1 895 2958 2929 743
9706 4 2 0 1 2929 2429 2958 895
9707 4 2 0 1 443 416 2378 1653
9708 4 2 0 1 797 1237 1137 2931
9709 4 2 0 1 797 1137 2023 2931
9710 4 2 0 1 2931 797 803 2004
9711 4 2 0 1 2023 797 2931 2004
9712 4 2 0 1 2601 2389 1450 1283
9713 4 2 0 1 2922 2389 2601 1283
9714 4 2 0 1 1382 2932 2407 285
9715 4 2 0 1 1576 2932 1382 2488
9716 4 2 0 1 252 240 278 2307
9717 4 2 0 1 910 902 1831 1716
9718 4 2 0 1 2264 3083 1744 1716
9719 4 2 0 1 1831 1716 1559 910
9720 4 2 0 1 1722 2579 175 3149
9721 4 2 0 1 3149 2579 3030 1722
9722 4 2 0 1 175 2890 2579 1722
9723 4 2 0 1 2430 1795 2330 2733
9724 4 2 0 1 2430 1795 1679 2330
9725 4 2 0 1 2659 1679 63 2330
9726 4 2 0 1 2307 2397 2883 2265
9727 4 2 0 1 2904 2357 2074 2933
9728 4 2 0 1 2078 1357 2823 3251
9729 4 2 0 1 2258 1754 2935 3031
9730 4 2 0 1 2935 1754 2258 1090
9731 4 2 0 1 2935 3000 2730 1362
9732 4 2 0 1 538 1251 967 2936
9733 4 2 0 1 2384 2936 967 1251
9734 4 2 0 1 805 1375 841 2405
9735 4 2 0 1 1976 1375 2405 841
9736 4 2 0 1 805 1375 2405 2482
9737 4 2 0 1 1862 2700 2900 1943
9738 4 2 0 1 2900 1943 2700 1565
9739 4 2 0 1 1565 2900 2200 2995
9740 4 2 0 1 896 1493 955 1709
9741 4 2 0 1 2370 2879 3228 3111
9742 4 2 0 1 896 1140 955 1493
9743 4 2 0 1 1140 1493 896 911
9744 4 2 0 1 3214 295 2773 2894
9745 4 2 0 1 2999 3214 2773 2894
9746 4 2 0 1 2666 2289 1263 2939
9747 4 2 0 1 1263 2524 2666 2939
9748 4 2 0 1 1812 27 50 3172
9749 4 2 0 1 2263 3195 1316 2946
9750 4 2 0 1 2263 3195 747 2154
9751 4 2 0 1 2263 3195 2946 747
9752 4 2 0 1 2335 1691 3240 3072
9753 4 2 0 1 3162 2940 1740 301
9754 4 2 0 1 1752 2941 1277 707
9755 4 2 0 1 2941 2342 1277 707
9756 4 2 0 1 1769 2872 123 2388
9757 4 2 0 1 2895 1054 876 860
9758 4 2 0 1 860 1643 2620 1054
9759 4 2 0 1 2723 2840 2325 234
9760 4 2 0 1 3203 2840 234 2170
9761 4 2 0 1 2557 2001 1592 3247
9762 4 2 0 1 1408 926 1146 3070
9763 4 2 0 1 1408 1769 926 3070
9764 4 2 0 1 1146 3175 1408 3070
9765 4 2 0 1 2945 1484 2946 3194
9766 4 2 0 1 3249 1181 2016 2710
9767 4 2 0 1 2016 2770 3249 2710
9768 4 2 0 1 1396 2737 2793 2031
9769 4 2 0 1 2997 214 2793 202
9770 4 2 0 1 258 272 2629 1984
9771 4 2 0 1 356 347 3120 2472
9772 4 2 0 1 838 1444 744 2656
9773 4 2 0 1 838 744 2633 2656
9774 4 2 0 1 79 2688 3034 2690
9775 4 2 0 1 79 2688 88 3131
9776 4 2 0 1 1946 2445 160 2947
9777 4 2 0 1 160 2445 1376 2947
9778 4 2 0 1 786 987 2948 686
9779 4 2 0 1 786 987 1455 2948
9780 4 2 0 1 962 1031 816 2863
9781 4 2 0 1 792 2481 1954 1802
9782 4 2 0 1 2481 2891 1802 792
9783 4 2 0 1 2860 2000 2938 1169
9784 4 2 0 1 1737 641 3252 470
9785 4 2 0 1 1487 470 1984 2215
9786 4 2 0 1 1487 470 2900 3073
9787 4 2 0 1 2900 1737 3073 470
9788 4 2 0 1 538 1517 2977 1656
9789 4 2 0 1 2977 1517 1972 2705
9790 4 2 0 1 1656 1517 2977 2705
9791 4 2 0 1 2715 2030 2442 3144
9792 4 2 0 1 1622 2715 2442 3144
9793 4 2 0 1 2072 822 1622 2442
9794 4 2 0 1 2588 2949 2359 386
9795 4 2 0 1 386 2949 2359 2839
9796 4 2 0 1 2969 3103 2160 2544
9797 4 2 0 1 2681 2975 1555 1523
9798 4 2 0 1 2950 1523 329 2992
9799 4 2 0 1 235 175 2579 1770
9800 4 2 0 1 175 2890 235 2579
9801 4 2 0 1 2980 1394 810 1932
9802 4 2 0 1 810 3014 2544 2160
9803 4 2 0 1 2454 1484 2951 1611
9804 4 2 0 1 3194 2951 2945 1484
9805 4 2 0 1 1611 2951 3194 1484
9806 4 2 0 1 2671 2972 3259 2014
9807 4 2 0 1 1536 2849 344 2608
9808 4 2 0 1 344 1536 1816 2849
9809 4 2 0 1 2608 1972 344 1536
9810 4 2 0 1 688 2952 2694 2285
9811 4 2 0 1 2952 688 2475 1687
9812 4 2 0 1 688 2952 2475 2765
9813 4 2 0 1 2952 2525 2475 3163
9814 4 2 0 1 2952 2686 247 262
9815 4 2 0 1 2694 2952 262 2285
9816 4 2 0 1 2953 3139 435 404
9817 4 2 0 1 2145 1619 2012 1882
9818 4 2 0 1 2845 2590 2716 332
9819 4 2 0 1 332 2845 2590 3050
9820 4 2 0 1 3050 324 2590 332
9821 4 2 0 1 874 2501 2954 3080
9822 4 2 0 1 3080 2048 2954 3245
9823 4 2 0 1 803 777 2931 2004
9824 4 2 0 1 777 803 2931 2843
9825 4 2 0 1 2931 2517 2843 803
9826 4 2 0 1 741 1137 982 2143
9827 4 2 0 1 741 1137 2143 2023
9828 4 2 0 1 1228 741 1809 2143
9829 4 2 0 1 2143 741 2023 1228
9830 4 2 0 1 1868 2476 1583 2829
9831 4 2 0 1 2902 1868 2829 2476
9832 4 2 0 1 2701 2357 2818 1915
9833 4 2 0 1 2904 2701 231 1915
9834 4 2 0 1 2904 2701 1915 2357
9835 4 2 0 1 3251 2816 1357 1840
9836 4 2 0 1 1840 1357 3251 470
9837 4 2 0 1 2747 2955 1061 597
9838 4 2 0 1 2747 2955 1149 1061
9839 4 2 0 1 1787 2322 262 271
9840 4 2 0 1 2694 2322 262 1787
9841 4 2 0 1 2694 2285 262 2322
9842 4 2 0 1 3057 2854 2284 813
9843 4 2 0 1 99 1827 2822 2284
9844 4 2 0 1 99 2854 1827 2284
9845 4 2 0 1 2417 2390 1886 839
9846 4 2 0 1 1886 2431 839 2390
9847 4 2 0 1 839 2261 2390 755
9848 4 2 0 1 2547 1742 2327 1454
9849 4 2 0 1 2935 3110 2774 2956
9850 4 2 0 1 2935 1090 371 2956
9851 4 2 0 1 129 2123 98 2380
9852 4 2 0 1 2603 2858 880 1764
9853 4 2 0 1 1640 3163 2076 2952
9854 4 2 0 1 1640 2076 247 2952
9855 4 2 0 1 2984 2145 2541 1939
9856 4 2 0 1 2967 148 141 2984
9857 4 2 0 1 2894 2871 300 2440
9858 4 2 0 1 2894 2871 2440 2734
9859 4 2 0 1 300 3038 2440 2871
9860 4 2 0 1 2713 2365 2238 642
9861 4 2 0 1 2713 2365 642 798
9862 4 2 0 1 642 1617 2238 2713
9863 4 2 0 1 2060 2957 353 356
9864 4 2 0 1 2060 3135 3260 2957
9865 4 2 0 1 1807 2958 743 2929
9866 4 2 0 1 1384 2958 1243 2113
9867 4 2 0 1 1807 2958 2929 2429
9868 4 2 0 1 895 3250 2429 2958
9869 4 2 0 1 654 1516 1625 2959
9870 4 2 0 1 2287 1516 654 2959
9871 4 2 0 1 1516 1390 2959 2287
9872 4 2 0 1 1712 1390 2959 1516
9873 4 2 0 1 2965 2835 161 200
9874 4 2 0 1 2835 2965 1546 200
9875 4 2 0 1 2835 1546 1649 200
9876 4 2 0 1 200 3220 1649 2835
9877 4 2 0 1 2084 3075 159 194
9878 4 2 0 1 2084 194 1334 3075
9879 4 2 0 1 846 1059 1697 1698
9880 4 2 0 1 2604 846 1697 1920
9881 4 2 0 1 1641 2869 3202 1104
9882 4 2 0 1 3202 1641 1636 2869
9883 4 2 0 1 2869 2963 442 3086
9884 4 2 0 1 2070 2100 2457 2707
9885 4 2 0 1 2100 2070 2457 2493
9886 4 2 0 1 2458 2982 2201 2142
9887 4 2 0 1 2638 2982 2201 2458
9888 4 2 0 1 2201 2982 2463 2142
9889 4 2 0 1 1007 1745 2641 1553
9890 4 2 0 1 295 302 2752 2689
9891 4 2 0 1 2689 2752 295 2079
9892 4 2 0 1 311 2689 2752 316
9893 4 2 0 1 2689 2752 2079 311
9894 4 2 0 1 2245 3098 2785 81
9895 4 2 0 1 1285 81 3098 2245
9896 4 2 0 1 299 2914 313 317
9897 4 2 0 1 299 2914 2153 313
9898 4 2 0 1 3129 2354 317 2914
9899 4 2 0 1 2153 2914 996 3129
9900 4 2 0 1 996 2354 3129 2914
9901 4 2 0 1 863 942 2417 2261
9902 4 2 0 1 863 2417 839 2261
9903 4 2 0 1 942 1605 2417 2261
9904 4 2 0 1 2677 1725 1168 915
9905 4 2 0 1 688 992 1227 2693
9906 4 2 0 1 2854 124 2961 99
9907 4 2 0 1 1914 2937 443 1653
9908 4 2 0 1 2045 2149 2937 1653
9909 4 2 0 1 1873 1653 2876 3017
9910 4 2 0 1 2962 3259 2014 2671
9911 4 2 0 1 2671 2014 2962 2135
9912 4 2 0 1 1609 3124 455 2114
9913 4 2 0 1 2725 1167 3124 2468
9914 4 2 0 1 84 2967 77 2595
9915 4 2 0 1 2595 2967 77 2536
9916 4 2 0 1 326 2334 3059 334
9917 4 2 0 1 2963 1732 607 2675
9918 4 2 0 1 2963 607 694 442
9919 4 2 0 1 2963 694 918 2565
9920 4 2 0 1 1881 667 1452 2865
9921 4 2 0 1 2917 667 1881 2865
9922 4 2 0 1 1461 1230 2164 2057
9923 4 2 0 1 2686 2952 841 1687
9924 4 2 0 1 2693 688 1687 1121
9925 4 2 0 1 2475 688 1121 1687
9926 4 2 0 1 2965 114 168 161
9927 4 2 0 1 1507 114 168 2965
9928 4 2 0 1 1704 114 1507 2965
9929 4 2 0 1 120 2965 114 1916
9930 4 2 0 1 2965 1704 114 1916
9931 4 2 0 1 1953 1035 2651 1450
9932 4 2 0 1 1450 2651 1953 2594
9933 4 2 0 1 2836 3119 3188 1962
9934 4 2 0 1 2836 1680 2192 1962
9935 4 2 0 1 174 3188 3119 1962
9936 4 2 0 1 2836 3188 1680 1962
9937 4 2 0 1 295 2773 302 3214
9938 4 2 0 1 302 3213 295 3214
9939 4 2 0 1 1271 2966 1746 2107
9940 4 2 0 1 1492 2107 2966 914
9941 4 2 0 1 2472 387 1668 2978
9942 4 2 0 1 234 2419 2532 2170
9943 4 2 0 1 2419 2668 234 2532
9944 4 2 0 1 1663 1549 1793 1182
9945 4 2 0 1 2967 148 1946 84
9946 4 2 0 1 77 141 1939 2967
9947 4 2 0 1 2302 148 2947 1946
9948 4 2 0 1 2967 141 1939 2984
9949 4 2 0 1 3214 2773 302 662
9950 4 2 0 1 662 2773 2842 3214
9951 4 2 0 1 2776 2466 2561 3134
9952 4 2 0 1 2466 1582 3134 2352
9953 4 2 0 1 1093 1984 641 1661
9954 4 2 0 1 1765 3236 2968 2000
9955 4 2 0 1 3133 879 3048 1528
9956 4 2 0 1 1686 1528 3048 879
9957 4 2 0 1 2934 3048 917 3127
9958 4 2 0 1 1686 3048 2833 879
9959 4 2 0 1 329 2950 2160 2969
9960 4 2 0 1 2046 2969 2772 1932
9961 4 2 0 1 342 2969 2160 2772
9962 4 2 0 1 3035 1033 661 1728
9963 4 2 0 1 1692 1033 661 3035
9964 4 2 0 1 3035 661 2185 1798
9965 4 2 0 1 1090 661 2185 3035
9966 4 2 0 1 2558 2970 2706 1093
9967 4 2 0 1 2492 2970 1093 2706
9968 4 2 0 1 2971 3261 1386 1452
9969 4 2 0 1 2971 1386 2766 1452
9970 4 2 0 1 3084 3256 2972 2951
9971 4 2 0 1 2951 3256 2972 3069
9972 4 2 0 1 350 2460 2973 3258
9973 4 2 0 1 2088 2841 2551 2974
9974 4 2 0 1 783 2974 2088 2551
9975 4 2 0 1 745 783 2974 2088
9976 4 2 0 1 747 745 2974 2088
9977 4 2 0 1 747 2088 2974 2154
9978 4 2 0 1 2154 3121 3154 2437
9979 4 2 0 1 2841 3260 3154 3121
9980 4 2 0 1 2975 1523 1060 2827
9981 4 2 0 1 2144 2967 1946 84
9982 4 2 0 1 2144 2595 2967 84
9983 4 2 0 1 77 2967 1939 2536
9984 4 2 0 1 2632 2976 1558 2399
9985 4 2 0 1 538 2977 1251 1921
9986 4 2 0 1 1992 3176 2150 2979
9987 4 2 0 1 810 2160 2980 2772
9988 4 2 0 1 2969 2980 2772 1932
9989 4 2 0 1 810 2544 2980 2160
9990 4 2 0 1 2981 2095 132 2621
9991 4 2 0 1 132 3189 2981 2621
9992 4 2 0 1 2728 1737 2793 2700
9993 4 2 0 1 1737 263 2900 2700
9994 4 2 0 1 2900 2700 263 1565
9995 4 2 0 1 3075 2984 2541 1939
9996 4 2 0 1 1664 228 1677 247
9997 4 2 0 1 2733 1795 2474 2430
9998 4 2 0 1 2733 2430 2659 2330
9999 4 2 0 1 1368 2985 2754 3204
10000 4 2 0 1 1782 1655 2944 26
10001 4 2 0 1 2832 1035 1953 1450
10002 4 2 0 1 1879 1296 1450 3101
10003 4 2 0 1 2832 1296 1035 1450
10004 4 2 0 1 2521 3066 3060 1504
10005 4 2 0 1 2869 1641 1636 2963
10006 4 2 0 1 2140 2869 442 3086
10007 4 2 0 1 2748 363 2986 352
10008 4 2 0 1 2003 2748 2986 352
10009 4 2 0 1 1068 647 1769 2496
10010 4 2 0 1 2376 147 2520 187
10011 4 2 0 1 147 187 2552 2520
10012 4 2 0 1 29 2624 1936 2943
10013 4 2 0 1 1902 2520 187 2376
10014 4 2 0 1 3182 1947 228 2076
10015 4 2 0 1 138 1947 2513 2993
10016 4 2 0 1 195 1947 138 2451
10017 4 2 0 1 1030 1938 10 33
10018 4 2 0 1 138 2213 2451 1947
10019 4 2 0 1 2993 3182 1947 2513
10020 4 2 0 1 1757 1844 1334 2158
10021 4 2 0 1 2466 1680 1993 2352
10022 4 2 0 1 2352 1680 1993 2836
10023 4 2 0 1 2159 1085 359 2026
10024 4 2 0 1 295 3213 300 3214
10025 4 2 0 1 300 295 2079 3213
10026 4 2 0 1 3214 295 2894 300
10027 4 2 0 1 2057 2164 2248 2701
10028 4 2 0 1 2475 2525 2952 841
10029 4 2 0 1 2475 841 1375 1976
10030 4 2 0 1 2076 841 2952 2525
10031 4 2 0 1 2988 159 1910 2100
10032 4 2 0 1 141 3206 2100 2988
10033 4 2 0 1 2224 1833 2794 2050
10034 4 2 0 1 3056 527 2616 2989
10035 4 2 0 1 1545 2989 2377 2682
10036 4 2 0 1 2187 2991 2027 2343
10037 4 2 0 1 3216 3074 3240 792
10038 4 2 0 1 741 2550 982 1137
10039 4 2 0 1 1615 3107 2566 2600
10040 4 2 0 1 1615 3107 3254 2566
10041 4 2 0 1 3103 2544 2992 2160
10042 4 2 0 1 329 1523 323 2992
10043 4 2 0 1 3103 1198 2992 2544
10044 4 2 0 1 1523 2992 2049 323
10045 4 2 0 1 2049 1523 1198 2992
10046 4 2 0 1 2803 2810 1813 2189
10047 4 2 0 1 2862 1444 2656 744
10048 4 2 0 1 284 2632 290 3043
10049 4 2 0 1 2757 447 436 1713
10050 4 2 0 1 2757 1713 436 1515
10051 4 2 0 1 427 447 436 2757
10052 4 2 0 1 1515 436 2757 1495
10053 4 2 0 1 3022 1492 3105 907
10054 4 2 0 1 2596 1492 3105 1621
10055 4 2 0 1 1621 1492 3022 919
10056 4 2 0 1 3105 1492 3022 1621
10057 4 2 0 1 3022 1492 907 919
10058 4 2 0 1 1921 2977 1251 1972
10059 4 2 0 1 1155 3146 1814 1054
10060 4 2 0 1 1821 2535 2337 2007
10061 4 2 0 1 1821 2337 1558 2007
10062 4 2 0 1 1650 2007 1385 1821
10063 4 2 0 1 1155 1385 2007 1814
10064 4 2 0 1 1814 3146 2795 1054
10065 4 2 0 1 101 2129 2993 2513
10066 4 2 0 1 2213 138 101 2993
10067 4 2 0 1 2832 1450 1953 1879
10068 4 2 0 1 2832 1450 1879 1296
10069 4 2 0 1 1346 2994 2934 372
10070 4 2 0 1 372 2994 2934 2833
10071 4 2 0 1 134 2442 109 3046
10072 4 2 0 1 1710 3046 109 2442
10073 4 2 0 1 2900 1487 2995 263
10074 4 2 0 1 1565 2900 2995 263
10075 4 2 0 1 153 1898 2238 2996
10076 4 2 0 1 153 2996 2238 2942
10077 4 2 0 1 2793 641 214 2997
10078 4 2 0 1 202 2872 2793 2997
10079 4 2 0 1 2538 2086 2455 3045
10080 4 2 0 1 3063 1257 1172 408
10081 4 2 0 1 2953 1192 408 3063
10082 4 2 0 1 2403 2669 347 3041
10083 4 2 0 1 2727 2669 2403 3041
10084 4 2 0 1 2290 3070 3175 1357
10085 4 2 0 1 2078 1357 3175 2823
10086 4 2 0 1 1357 3175 2823 470
10087 4 2 0 1 3171 1548 1554 3192
10088 4 2 0 1 3171 1548 2840 1554
10089 4 2 0 1 141 3075 159 1939
10090 4 2 0 1 141 2984 3075 1939
10091 4 2 0 1 2455 2086 924 3045
10092 4 2 0 1 2245 64 59 2481
10093 4 2 0 1 792 2481 2245 59
10094 4 2 0 1 2820 748 967 794
10095 4 2 0 1 2820 748 794 2769
10096 4 2 0 1 2820 2769 794 2449
10097 4 2 0 1 3031 371 2598 3000
10098 4 2 0 1 2935 371 3031 3000
10099 4 2 0 1 2743 2162 3045 67
10100 4 2 0 1 1355 2722 3002 184
10101 4 2 0 1 3002 184 2722 149
10102 4 2 0 1 1607 1564 1788 1459
10103 4 2 0 1 1607 1143 1564 1459
10104 4 2 0 1 1852 3002 2722 149
10105 4 2 0 1 316 3003 2689 2553
10106 4 2 0 1 2689 3213 3003 316
10107 4 2 0 1 2742 2495 2550 741
10108 4 2 0 1 2162 3098 87 103
10109 4 2 0 1 2154 3195 2136 3004
10110 4 2 0 1 2263 3195 2154 3004
10111 4 2 0 1 2136 3195 1668 3004
10112 4 2 0 1 3004 1743 3195 1668
10113 4 2 0 1 3013 1035 1312 2832
10114 4 2 0 1 3013 1296 1035 2832
10115 4 2 0 1 2960 1181 2812 1176
10116 4 2 0 1 1484 2951 2671 2454
10117 4 2 0 1 2945 2972 3259 2671
10118 4 2 0 1 2343 3007 2181 2189
10119 4 2 0 1 2181 3007 2810 2189
10120 4 2 0 1 2071 3007 2343 2189
10121 4 2 0 1 1420 2637 1633 2524
10122 4 2 0 1 2602 3005 267 2407
10123 4 2 0 1 2978 2472 378 366
10124 4 2 0 1 3052 427 1717 2246
10125 4 2 0 1 425 427 3052 2246
10126 4 2 0 1 783 2551 777 2974
10127 4 2 0 1 2843 2974 2551 2841
10128 4 2 0 1 777 2974 2551 2843
10129 4 2 0 1 3006 1492 907 914
10130 4 2 0 1 1721 3006 1590 914
10131 4 2 0 1 3006 1492 914 2107
10132 4 2 0 1 3006 2107 914 1721
10133 4 2 0 1 352 2986 2003 336
10134 4 2 0 1 352 2716 2986 336
10135 4 2 0 1 2576 2810 2181 3007
10136 4 2 0 1 2001 1316 1592 3247
10137 4 2 0 1 1752 2941 2852 3242
10138 4 2 0 1 1335 1645 3009 1992
10139 4 2 0 1 2052 1335 1992 1818
10140 4 2 0 1 1335 1992 3009 2052
10141 4 2 0 1 2308 1926 2759 2052
10142 4 2 0 1 3088 2759 2308 1926
10143 4 2 0 1 2585 2291 392 374
10144 4 2 0 1 1319 374 392 2291
10145 4 2 0 1 1218 2540 1319 2291
10146 4 2 0 1 3153 3139 435 2953
10147 4 2 0 1 2370 3111 3170 2896
10148 4 2 0 1 1137 2517 3076 2931
10149 4 2 0 1 3010 1686 2833 879
10150 4 2 0 1 2876 3010 1686 2833
10151 4 2 0 1 2202 1127 340 1671
10152 4 2 0 1 2202 350 340 1127
10153 4 2 0 1 2837 3247 722 1592
10154 4 2 0 1 2557 3247 1592 722
10155 4 2 0 1 3054 3247 2837 1592
10156 4 2 0 1 852 1841 3011 874
10157 4 2 0 1 1841 3245 1867 3080
10158 4 2 0 1 3080 2954 1841 3245
10159 4 2 0 1 1841 2954 1666 3245
10160 4 2 0 1 3161 2450 785 939
10161 4 2 0 1 1875 753 1742 2547
10162 4 2 0 1 3248 2404 136 191
10163 4 2 0 1 2259 2404 3248 191
10164 4 2 0 1 121 3025 1637 2442
10165 4 2 0 1 1720 2374 3077 3025
10166 4 2 0 1 125 121 3025 1637
10167 4 2 0 1 3025 1720 2442 121
10168 4 2 0 1 1781 2103 3062 209
10169 4 2 0 1 1781 3062 2898 273
10170 4 2 0 1 209 2103 3062 2679
10171 4 2 0 1 1434 3110 1362 3000
10172 4 2 0 1 2935 3110 3000 1362
10173 4 2 0 1 2639 3015 2407 290
10174 4 2 0 1 93 2885 1759 3016
10175 4 2 0 1 2885 93 2631 3016
10176 4 2 0 1 2930 680 2854 2788
10177 4 2 0 1 2961 2854 2788 2930
10178 4 2 0 1 1795 1832 2733 2474
10179 4 2 0 1 1123 2804 2560 2588
10180 4 2 0 1 2560 2804 1614 2588
10181 4 2 0 1 1346 502 2394 1392
10182 4 2 0 1 881 1495 2102 829
10183 4 2 0 1 881 1574 2102 1495
10184 4 2 0 1 2757 1495 1707 1574
10185 4 2 0 1 2102 1574 1707 1495
10186 4 2 0 1 2461 326 2846 334
10187 4 2 0 1 2604 818 2863 1697
10188 4 2 0 1 2863 1697 1920 2604
10189 4 2 0 1 1840 2816 1512 3251
10190 4 2 0 1 894 102 2111 91
10191 4 2 0 1 894 2856 102 91
10192 4 2 0 1 2793 647 166 2737
10193 4 2 0 1 2535 2895 2007 1054
10194 4 2 0 1 2007 1054 2895 2923
10195 4 2 0 1 1558 1650 2007 2923
10196 4 2 0 1 1821 2007 1558 1650
10197 4 2 0 1 2263 3195 3004 3173
10198 4 2 0 1 1743 3004 3195 3173
10199 4 2 0 1 1148 992 2911 1667
10200 4 2 0 1 3101 1450 1879 2601
10201 4 2 0 1 2389 3101 2601 1450
10202 4 2 0 1 2860 1945 2050 2000
10203 4 2 0 1 2938 2050 2000 2860
10204 4 2 0 1 1605 1912 2261 3183
10205 4 2 0 1 317 2914 2049 299
10206 4 2 0 1 1680 2776 1851 1864
10207 4 2 0 1 2466 3134 1680 2352
10208 4 2 0 1 1680 2466 2776 3134
10209 4 2 0 1 1864 3134 1680 2776
10210 4 2 0 1 384 2557 2528 2308
10211 4 2 0 1 2848 2528 2416 2308
10212 4 2 0 1 384 2764 2557 2308
10213 4 2 0 1 2378 3017 611 1653
10214 4 2 0 1 393 1873 3017 416
10215 4 2 0 1 2149 2998 1653 2045
10216 4 2 0 1 3017 2539 3181 2729
10217 4 2 0 1 1985 2755 3018 3116
10218 4 2 0 1 1229 1573 3019 3185
10219 4 2 0 1 3019 3185 479 1229
10220 4 2 0 1 1229 995 479 3019
10221 4 2 0 1 1689 1067 1701 2347
10222 4 2 0 1 1338 2141 2071 1813
10223 4 2 0 1 1338 2071 2189 1813
10224 4 2 0 1 1338 2803 1813 2189
10225 4 2 0 1 2189 3007 1813 2071
10226 4 2 0 1 3007 2189 1813 2810
10227 4 2 0 1 2071 965 2188 2881
10228 4 2 0 1 2071 2174 965 1509
10229 4 2 0 1 2071 965 2174 2188
10230 4 2 0 1 3020 2765 2475 2952
10231 4 2 0 1 3020 2952 2475 3163
10232 4 2 0 1 176 2990 1957 155
10233 4 2 0 1 903 919 3022 907
10234 4 2 0 1 1621 919 3022 1799
10235 4 2 0 1 903 919 1799 3022
10236 4 2 0 1 514 2610 2467 2815
10237 4 2 0 1 1625 1430 402 3023
10238 4 2 0 1 402 3023 2625 1625
10239 4 2 0 1 1430 2739 402 3023
10240 4 2 0 1 2302 2464 1587 772
10241 4 2 0 1 2276 2070 3206 2493
10242 4 2 0 1 3105 1722 1874 907
10243 4 2 0 1 2989 527 2616 2169
10244 4 2 0 1 3105 1492 2966 914
10245 4 2 0 1 1597 3024 2966 914
10246 4 2 0 1 1887 3024 2294 914
10247 4 2 0 1 1887 1722 3024 914
10248 4 2 0 1 3105 2966 3024 914
10249 4 2 0 1 125 3025 2321 74
10250 4 2 0 1 3077 2374 2321 3025
10251 4 2 0 1 125 1637 3025 74
10252 4 2 0 1 2636 456 428 3083
10253 4 2 0 1 456 3083 1716 1744
10254 4 2 0 1 456 2636 1716 3083
10255 4 2 0 1 3015 3132 1558 285
10256 4 2 0 1 3015 3027 2632 1558
10257 4 2 0 1 680 162 2083 773
10258 4 2 0 1 1945 1765 680 826
10259 4 2 0 1 3236 1765 2968 680
10260 4 2 0 1 147 2991 3064 2343
10261 4 2 0 1 1720 3077 121 3025
10262 4 2 0 1 125 121 3077 3025
10263 4 2 0 1 148 2967 1946 2302
10264 4 2 0 1 2984 148 2302 2967
10265 4 2 0 1 393 1873 2994 2833
10266 4 2 0 1 1171 1317 1293 3181
10267 4 2 0 1 2781 1699 984 1762
10268 4 2 0 1 1628 2125 2675 2486
10269 4 2 0 1 1875 1313 127 687
10270 4 2 0 1 1313 2521 127 687
10271 4 2 0 1 1098 2897 2398 3173
10272 4 2 0 1 2490 248 229 1648
10273 4 2 0 1 2549 1195 2490 1648
10274 4 2 0 1 796 1446 2175 2236
10275 4 2 0 1 796 1446 2236 2862
10276 4 2 0 1 147 2552 2347 2520
10277 4 2 0 1 147 2347 1805 2376
10278 4 2 0 1 2520 147 2376 2347
10279 4 2 0 1 970 2762 1447 2073
10280 4 2 0 1 774 776 1447 1551
10281 4 2 0 1 804 2464 1490 1447
10282 4 2 0 1 2464 2302 2144 1673
10283 4 2 0 1 2295 1977 2804 1785
10284 4 2 0 1 3242 1379 2342 2941
10285 4 2 0 1 1277 3242 2987 2342
10286 4 2 0 1 3242 2941 2342 1277
10287 4 2 0 1 2520 3030 187 2552
10288 4 2 0 1 3030 2552 2520 1770
10289 4 2 0 1 1887 3030 187 213
10290 4 2 0 1 2579 3030 2520 1770
10291 4 2 0 1 3030 2579 213 3024
10292 4 2 0 1 3031 1542 869 2598
10293 4 2 0 1 3031 985 2258 1206
10294 4 2 0 1 3031 2258 1754 1206
10295 4 2 0 1 3031 2026 1754 1727
10296 4 2 0 1 393 1873 2833 3017
10297 4 2 0 1 1171 3017 1317 3181
10298 4 2 0 1 3033 3013 2832 1417
10299 4 2 0 1 3020 3163 1640 2952
10300 4 2 0 1 2425 2690 79 3034
10301 4 2 0 1 79 3131 3034 2688
10302 4 2 0 1 2059 1679 3164 2430
10303 4 2 0 1 2059 1679 2430 2683
10304 4 2 0 1 2857 2479 2708 2699
10305 4 2 0 1 3148 2826 1829 3044
10306 4 2 0 1 2606 1149 2251 56
10307 4 2 0 1 92 3057 99 2284
10308 4 2 0 1 2284 2425 92 2597
10309 4 2 0 1 92 3057 2284 2597
10310 4 2 0 1 558 2529 715 2483
10311 4 2 0 1 3177 558 715 2483
10312 4 2 0 1 916 2935 2774 3035
10313 4 2 0 1 3051 3035 1728 916
10314 4 2 0 1 1754 1090 2935 3035
10315 4 2 0 1 3035 1090 1692 1754
10316 4 2 0 1 916 3035 2774 3051
10317 4 2 0 1 3087 1793 3037 1252
10318 4 2 0 1 3037 3261 3087 1252
10319 4 2 0 1 1391 3008 1592 2001
10320 4 2 0 1 290 3027 3015 291
10321 4 2 0 1 290 3027 2632 3015
10322 4 2 0 1 72 2467 2993 101
10323 4 2 0 1 2467 101 2129 2993
10324 4 2 0 1 2993 2213 72 101
10325 4 2 0 1 967 794 2760 2820
10326 4 2 0 1 2222 3042 2617 656
10327 4 2 0 1 2617 3042 2650 656
10328 4 2 0 1 2886 1452 2971 2344
10329 4 2 0 1 705 2692 928 1775
10330 4 2 0 1 571 1754 916 1692
10331 4 2 0 1 571 1033 1692 916
10332 4 2 0 1 2891 2481 2538 3053
10333 4 2 0 1 792 2891 3053 2481
10334 4 2 0 1 1239 2510 2714 2744
10335 4 2 0 1 2215 1984 2728 641
10336 4 2 0 1 1737 2215 641 470
10337 4 2 0 1 2373 122 2217 3039
10338 4 2 0 1 2174 122 2373 3039
10339 4 2 0 1 3039 122 126 2174
10340 4 2 0 1 2907 3040 1815 2371
10341 4 2 0 1 1815 2371 3040 2401
10342 4 2 0 1 2844 2371 2401 3040
10343 4 2 0 1 147 2552 111 2347
10344 4 2 0 1 3064 111 147 2552
10345 4 2 0 1 3085 2350 2305 2517
10346 4 2 0 1 339 2350 334 2305
10347 4 2 0 1 2907 2098 1815 1682
10348 4 2 0 1 1214 2740 2520 1902
10349 4 2 0 1 1902 2740 2520 2376
10350 4 2 0 1 2634 347 3041 2403
10351 4 2 0 1 2596 226 2890 235
10352 4 2 0 1 226 1819 1621 2890
10353 4 2 0 1 1283 385 377 2155
10354 4 2 0 1 2922 1283 2601 377
10355 4 2 0 1 2321 156 3077 125
10356 4 2 0 1 2131 156 3077 2321
10357 4 2 0 1 156 3077 2210 2131
10358 4 2 0 1 867 3102 2921 2734
10359 4 2 0 1 867 2921 3102 1439
10360 4 2 0 1 2923 1650 1054 2399
10361 4 2 0 1 1650 1054 2007 2923
10362 4 2 0 1 1335 1645 2945 3009
10363 4 2 0 1 3042 1540 1953 2832
10364 4 2 0 1 3042 1953 1540 2223
10365 4 2 0 1 3042 1786 2874 1312
10366 4 2 0 1 3042 2874 2650 1312
10367 4 2 0 1 1392 1729 1400 2418
10368 4 2 0 1 2633 303 305 2685
10369 4 2 0 1 2862 303 2633 2685
10370 4 2 0 1 2633 1937 2685 305
10371 4 2 0 1 2685 2545 318 305
10372 4 2 0 1 305 303 318 2685
10373 4 2 0 1 2380 2701 2933 2502
10374 4 2 0 1 2502 2057 2380 2701
10375 4 2 0 1 2772 3082 1872 1098
10376 4 2 0 1 2772 3082 1098 1997
10377 4 2 0 1 3008 3173 2110 1316
10378 4 2 0 1 3044 1401 2826 2066
10379 4 2 0 1 1145 1401 3044 2066
10380 4 2 0 1 1829 3044 2066 1880
10381 4 2 0 1 3044 2826 1829 2066
10382 4 2 0 1 1183 2833 3127 1353
10383 4 2 0 1 3181 1317 1293 1885
10384 4 2 0 1 3116 2801 1212 1985
10385 4 2 0 1 1212 2257 2801 3116
10386 4 2 0 1 75 3064 111 2991
10387 4 2 0 1 75 2071 2991 2189
10388 4 2 0 1 2795 876 2535 1054
10389 4 2 0 1 2535 876 2895 1054
10390 4 2 0 1 1620 3047 553 1694
10391 4 2 0 1 3048 3133 1729 917
10392 4 2 0 1 917 1729 3048 1400
10393 4 2 0 1 2934 3048 3127 2833
10394 4 2 0 1 3179 1999 1911 3052
10395 4 2 0 1 3052 1999 2246 3179
10396 4 2 0 1 664 3043 3027 2632
10397 4 2 0 1 2046 1977 2681 2588
10398 4 2 0 1 3049 3107 2600 3113
10399 4 2 0 1 1067 3039 126 2174
10400 4 2 0 1 1629 1840 1675 686
10401 4 2 0 1 470 1840 1675 3251
10402 4 2 0 1 2013 1239 2618 2714
10403 4 2 0 1 1060 2827 2618 2714
10404 4 2 0 1 2424 2975 1060 2714
10405 4 2 0 1 1439 2175 1444 1446
10406 4 2 0 1 1155 1368 1385 3146
10407 4 2 0 1 126 1067 2174 2552
10408 4 2 0 1 1067 2347 2552 1701
10409 4 2 0 1 1839 1152 978 1167
10410 4 2 0 1 1839 908 899 3179
10411 4 2 0 1 1484 747 745 2671
10412 4 2 0 1 2940 324 2590 3050
10413 4 2 0 1 3131 104 2526 88
10414 4 2 0 1 2467 3131 2080 2526
10415 4 2 0 1 285 1558 281 2337
10416 4 2 0 1 1821 2337 281 1558
10417 4 2 0 1 2998 2563 1794 1911
10418 4 2 0 1 2998 1927 2563 1911
10419 4 2 0 1 1566 3006 919 907
10420 4 2 0 1 1492 3006 907 919
10421 4 2 0 1 201 164 170 1819
10422 4 2 0 1 201 1799 1819 170
10423 4 2 0 1 1621 1799 1819 201
10424 4 2 0 1 1070 1912 2405 1820
10425 4 2 0 1 2405 1912 2019 1820
10426 4 2 0 1 2838 1612 2413 2867
10427 4 2 0 1 2867 1612 2413 301
10428 4 2 0 1 2270 2519 995 2796
10429 4 2 0 1 1573 1229 2403 2634
10430 4 2 0 1 2530 905 2677 2114
10431 4 2 0 1 2530 1725 2677 905
10432 4 2 0 1 1725 915 2677 905
10433 4 2 0 1 2001 1335 2052 1818
10434 4 2 0 1 1335 3009 2001 2052
10435 4 2 0 1 1391 1818 2001 2764
10436 4 2 0 1 2001 1818 2052 2764
10437 4 2 0 1 2199 3118 2529 3071
10438 4 2 0 1 329 2992 323 2160
10439 4 2 0 1 3121 2154 2088 2136
10440 4 2 0 1 3121 2136 2088 2472
10441 4 2 0 1 2841 3121 2088 2472
10442 4 2 0 1 2154 2088 2974 3121
10443 4 2 0 1 2841 3121 2974 2088
10444 4 2 0 1 2089 2797 2384 1633
10445 4 2 0 1 1275 319 1216 1850
10446 4 2 0 1 1850 3162 319 1216
10447 4 2 0 1 2921 2440 2411 867
10448 4 2 0 1 2921 2411 2440 2894
10449 4 2 0 1 2830 1798 1728 3051
10450 4 2 0 1 3125 2518 255 242
10451 4 2 0 1 1931 1217 3140 2212
10452 4 2 0 1 1217 3233 2212 1931
10453 4 2 0 1 3116 1985 1931 3018
10454 4 2 0 1 3018 1217 3140 1931
10455 4 2 0 1 2006 1045 3052 425
10456 4 2 0 1 1999 2006 3052 425
10457 4 2 0 1 2993 2213 138 1947
10458 4 2 0 1 3008 1316 2110 3054
10459 4 2 0 1 2110 3054 2077 1479
10460 4 2 0 1 2001 3008 1818 1391
10461 4 2 0 1 1119 2897 3008 1928
10462 4 2 0 1 2465 1818 3008 1391
10463 4 2 0 1 2897 2465 3008 1928
10464 4 2 0 1 1989 2585 2298 1877
10465 4 2 0 1 1989 2291 1212 2585
10466 4 2 0 1 2788 1545 527 3056
10467 4 2 0 1 1545 527 3056 2989
10468 4 2 0 1 2854 2961 3057 99
10469 4 2 0 1 99 2854 2284 3057
10470 4 2 0 1 2086 2538 2481 3053
10471 4 2 0 1 2086 3045 2538 3053
10472 4 2 0 1 1613 3058 231 171
10473 4 2 0 1 1166 3058 231 729
10474 4 2 0 1 2248 1613 171 3058
10475 4 2 0 1 3058 729 1613 231
10476 4 2 0 1 171 2701 3058 231
10477 4 2 0 1 1810 2348 2656 2685
10478 4 2 0 1 2545 2656 2685 1810
10479 4 2 0 1 2342 1778 3242 2987
10480 4 2 0 1 2334 2548 334 2669
10481 4 2 0 1 2334 3059 334 2548
10482 4 2 0 1 893 3047 3061 553
10483 4 2 0 1 988 3062 743 1623
10484 4 2 0 1 1623 3062 743 1807
10485 4 2 0 1 2679 3062 1807 2103
10486 4 2 0 1 2101 3250 1422 2873
10487 4 2 0 1 2233 2873 2101 1422
10488 4 2 0 1 1422 2101 2233 1132
10489 4 2 0 1 1422 2101 1132 2113
10490 4 2 0 1 1792 1892 1696 3262
10491 4 2 0 1 3254 3107 1615 3262
10492 4 2 0 1 2238 2195 2713 1617
10493 4 2 0 1 1692 661 1090 3035
10494 4 2 0 1 3188 3119 3144 163
10495 4 2 0 1 2204 2748 2986 2003
10496 4 2 0 1 3147 2975 2827 1555
10497 4 2 0 1 2975 3147 2681 1555
10498 4 2 0 1 2950 2681 329 1523
10499 4 2 0 1 2535 1789 2795 1814
10500 4 2 0 1 1814 1789 2795 3146
10501 4 2 0 1 2797 2384 967 1251
10502 4 2 0 1 2797 2384 1251 2089
10503 4 2 0 1 2089 1921 2384 1251
10504 4 2 0 1 3108 3056 527 2616
10505 4 2 0 1 1192 2730 3091 3063
10506 4 2 0 1 1257 2953 408 3063
10507 4 2 0 1 2071 3064 75 2991
10508 4 2 0 1 147 2991 111 3064
10509 4 2 0 1 2071 3064 2174 75
10510 4 2 0 1 1751 3033 2573 1417
10511 4 2 0 1 1751 3033 2813 1786
10512 4 2 0 1 317 2914 2354 323
10513 4 2 0 1 2111 894 91 82
10514 4 2 0 1 2333 894 82 2736
10515 4 2 0 1 2736 894 82 2856
10516 4 2 0 1 91 2856 82 894
10517 4 2 0 1 3067 3170 221 2234
10518 4 2 0 1 221 2234 2511 3067
10519 4 2 0 1 3068 2407 290 2639
10520 4 2 0 1 3068 2407 291 290
10521 4 2 0 1 3068 1950 290 291
10522 4 2 0 1 3068 2118 290 1950
10523 4 2 0 1 2510 2424 1239 2714
10524 4 2 0 1 2424 2510 1696 2714
10525 4 2 0 1 184 2722 2436 3156
10526 4 2 0 1 356 347 2472 3135
10527 4 2 0 1 3135 3136 2472 2841
10528 4 2 0 1 2945 2951 3194 3009
10529 4 2 0 1 3194 2951 2416 2308
10530 4 2 0 1 3194 2951 1611 2416
10531 4 2 0 1 2951 2308 3194 3009
10532 4 2 0 1 1915 2303 231 260
10533 4 2 0 1 2405 2019 865 793
10534 4 2 0 1 841 2405 1976 2525
10535 4 2 0 1 2405 1912 2525 2019
10536 4 2 0 1 2904 1364 2254 2658
10537 4 2 0 1 1332 2598 869 1542
10538 4 2 0 1 129 2248 1461 1857
10539 4 2 0 1 1461 129 2057 2248
10540 4 2 0 1 1865 241 2484 1554
10541 4 2 0 1 1786 1953 2573 2832
10542 4 2 0 1 992 688 2322 2693
10543 4 2 0 1 688 1687 2322 2693
10544 4 2 0 1 2951 3069 2671 2454
10545 4 2 0 1 2454 1611 3069 2721
10546 4 2 0 1 2454 2951 3069 1611
10547 4 2 0 1 2877 2454 3069 2721
10548 4 2 0 1 67 3045 2086 3053
10549 4 2 0 1 425 411 444 2006
10550 4 2 0 1 411 413 2006 425
10551 4 2 0 1 374 358 1816 2250
10552 4 2 0 1 2540 374 1816 2250
10553 4 2 0 1 3253 1796 646 2726
10554 4 2 0 1 2910 3253 1796 646
10555 4 2 0 1 1060 1523 2049 2827
10556 4 2 0 1 2618 1060 2049 2827
10557 4 2 0 1 2827 2049 323 1523
10558 4 2 0 1 2295 2804 2916 1785
10559 4 2 0 1 63 2425 3164 3160
10560 4 2 0 1 2659 3164 63 1679
10561 4 2 0 1 3160 3164 63 2659
10562 4 2 0 1 63 1679 3164 2059
10563 4 2 0 1 2425 2059 63 3164
10564 4 2 0 1 2092 1528 3048 2022
10565 4 2 0 1 1887 187 3030 2552
10566 4 2 0 1 2901 2604 1031 2578
10567 4 2 0 1 1440 784 1691 3074
10568 4 2 0 1 2245 61 1389 3074
10569 4 2 0 1 1277 3242 2406 2987
10570 4 2 0 1 1277 1752 2406 3242
10571 4 2 0 1 1752 1277 2941 3242
10572 4 2 0 1 2694 3224 2952 2765
10573 4 2 0 1 688 2694 2952 2765
10574 4 2 0 1 2741 3224 1787 2694
10575 4 2 0 1 688 2741 1787 2694
10576 4 2 0 1 1787 2938 3224 2741
10577 4 2 0 1 838 1444 2656 2781
10578 4 2 0 1 765 1635 806 1269
10579 4 2 0 1 3075 1939 2084 159
10580 4 2 0 1 1736 2541 1334 3245
10581 4 2 0 1 1841 2541 1736 3245
10582 4 2 0 1 1752 1261 2941 707
10583 4 2 0 1 707 1994 2941 2342
10584 4 2 0 1 1261 1994 2941 707
10585 4 2 0 1 1005 3076 3226 2843
10586 4 2 0 1 1005 3076 2843 2931
10587 4 2 0 1 1137 3076 1005 2931
10588 4 2 0 1 125 3077 2321 3025
10589 4 2 0 1 1807 2958 2429 2103
10590 4 2 0 1 2429 3250 2103 2958
10591 4 2 0 1 2877 1387 2664 3069
10592 4 2 0 1 3124 1167 2725 1593
10593 4 2 0 1 457 2725 1593 3124
10594 4 2 0 1 455 457 3124 2725
10595 4 2 0 1 2830 553 3137 3079
10596 4 2 0 1 399 406 2830 3079
10597 4 2 0 1 2501 2048 2954 3080
10598 4 2 0 1 874 1841 1867 3080
10599 4 2 0 1 3011 1841 1867 874
10600 4 2 0 1 1774 892 1631 904
10601 4 2 0 1 1631 892 1365 904
10602 4 2 0 1 2921 2999 2894 2734
10603 4 2 0 1 1743 2787 3004 3173
10604 4 2 0 1 2932 2407 285 291
10605 4 2 0 1 291 3015 2407 285
10606 4 2 0 1 291 3132 3015 285
10607 4 2 0 1 1200 1229 2519 3081
10608 4 2 0 1 321 330 334 2461
10609 4 2 0 1 2334 334 321 330
10610 4 2 0 1 1872 2680 3082 2359
10611 4 2 0 1 2772 1872 3082 2359
10612 4 2 0 1 1473 1261 547 1379
10613 4 2 0 1 1830 1261 547 1473
10614 4 2 0 1 1379 1994 547 970
10615 4 2 0 1 1261 1994 547 1379
10616 4 2 0 1 1379 547 1473 2073
10617 4 2 0 1 2073 1379 547 970
10618 4 2 0 1 124 2854 2961 2930
10619 4 2 0 1 2295 1870 382 390
10620 4 2 0 1 1786 2573 3033 2832
10621 4 2 0 1 1751 2573 3033 1786
10622 4 2 0 1 3083 456 428 454
10623 4 2 0 1 428 2264 1559 2636
10624 4 2 0 1 428 421 3083 454
10625 4 2 0 1 428 3083 2264 2636
10626 4 2 0 1 300 2079 2581 3213
10627 4 2 0 1 852 1841 2326 3011
10628 4 2 0 1 2002 1820 1028 793
10629 4 2 0 1 1820 2002 1888 793
10630 4 2 0 1 793 2002 1888 2109
10631 4 2 0 1 1817 2866 3166 622
10632 4 2 0 1 2122 2789 2866 2882
10633 4 2 0 1 2866 2789 3166 622
10634 4 2 0 1 2682 1585 2915 3109
10635 4 2 0 1 2682 1958 1585 3109
10636 4 2 0 1 1585 2911 2025 1289
10637 4 2 0 1 2915 1585 1289 2911
10638 4 2 0 1 1699 984 2769 748
10639 4 2 0 1 1699 984 1762 2769
10640 4 2 0 1 2475 2525 841 1976
10641 4 2 0 1 1591 3138 1636 2208
10642 4 2 0 1 3138 1641 1591 1636
10643 4 2 0 1 910 3138 1591 2805
10644 4 2 0 1 2805 3138 1591 2208
10645 4 2 0 1 910 3138 1641 1591
10646 4 2 0 1 1227 2252 688 2741
10647 4 2 0 1 3224 2741 2765 2694
10648 4 2 0 1 171 2057 2248 2701
10649 4 2 0 1 1645 3084 2972 2945
10650 4 2 0 1 1645 3084 3009 1992
10651 4 2 0 1 1645 3084 2945 3009
10652 4 2 0 1 2305 357 3085 2415
10653 4 2 0 1 339 2350 2305 3085
10654 4 2 0 1 1892 3107 1696 3262
10655 4 2 0 1 3167 3262 1792 1696
10656 4 2 0 1 2004 777 2135 2919
10657 4 2 0 1 1712 3234 2959 2382
10658 4 2 0 1 2382 3234 2959 2625
10659 4 2 0 1 2382 2959 1625 2625
10660 4 2 0 1 313 3129 317 2914
10661 4 2 0 1 3122 1063 1161 2851
10662 4 2 0 1 1965 194 2927 229
10663 4 2 0 1 3086 2090 1315 2486
10664 4 2 0 1 2090 3086 1756 2486
10665 4 2 0 1 1434 3000 2574 2599
10666 4 2 0 1 2299 1228 2204 2003
10667 4 2 0 1 1009 1228 2204 2844
10668 4 2 0 1 3064 2188 1887 2881
10669 4 2 0 1 1386 3087 3261 2971
10670 4 2 0 1 2884 1793 2353 3037
10671 4 2 0 1 3037 3261 3112 3087
10672 4 2 0 1 2560 2400 402 382
10673 4 2 0 1 2382 2400 402 2560
10674 4 2 0 1 2382 2400 2625 402
10675 4 2 0 1 575 2087 3089 1618
10676 4 2 0 1 2102 3089 886 888
10677 4 2 0 1 836 888 3089 891
10678 4 2 0 1 829 2087 886 3089
10679 4 2 0 1 17 1339 9 1
10680 4 2 0 1 2664 3090 3256 1470
10681 4 2 0 1 2501 3204 2654 2754
10682 4 2 0 1 2501 2654 3080 2754
10683 4 2 0 1 3091 1259 1163 2574
10684 4 2 0 1 3091 2574 1163 3063
10685 4 2 0 1 1192 3091 408 3063
10686 4 2 0 1 3048 2092 2035 1729
10687 4 2 0 1 1729 2035 3048 1400
10688 4 2 0 1 1538 504 2232 2782
10689 4 2 0 1 2789 3092 2882 1464
10690 4 2 0 1 2998 2149 1924 2045
10691 4 2 0 1 1924 2045 2149 2855
10692 4 2 0 1 1316 3008 1335 2001
10693 4 2 0 1 2465 1335 3008 1818
10694 4 2 0 1 1759 117 3093 1898
10695 4 2 0 1 3093 117 2996 1898
10696 4 2 0 1 2140 2869 3086 1756
10697 4 2 0 1 1268 2851 3036 709
10698 4 2 0 1 3110 371 3000 2598
10699 4 2 0 1 994 1111 2104 2887
10700 4 2 0 1 2239 1111 2887 2104
10701 4 2 0 1 1111 2887 1610 2239
10702 4 2 0 1 168 2965 161 200
10703 4 2 0 1 120 2965 1916 2674
10704 4 2 0 1 161 1590 2965 2674
10705 4 2 0 1 2965 2835 1590 161
10706 4 2 0 1 2945 747 1484 2671
10707 4 2 0 1 1484 2951 2945 2671
10708 4 2 0 1 2945 2946 1484 747
10709 4 2 0 1 2574 2598 3091 1259
10710 4 2 0 1 3096 2618 2049 2827
10711 4 2 0 1 2355 3097 353 2295
10712 4 2 0 1 1573 2634 356 3097
10713 4 2 0 1 2664 3099 1387 2877
10714 4 2 0 1 373 3099 2460 391
10715 4 2 0 1 335 1275 327 2775
10716 4 2 0 1 2640 1454 2954 2501
10717 4 2 0 1 2529 2157 3026 3071
10718 4 2 0 1 2679 209 2103 205
10719 4 2 0 1 2679 2103 2429 205
10720 4 2 0 1 205 209 1245 2679
10721 4 2 0 1 2680 3082 349 1982
10722 4 2 0 1 349 2295 2680 353
10723 4 2 0 1 2718 2892 62 2111
10724 4 2 0 1 62 894 2111 82
10725 4 2 0 1 3100 2586 1864 1851
10726 4 2 0 1 2131 3100 2180 2176
10727 4 2 0 1 2176 2131 3100 2321
10728 4 2 0 1 3100 2586 2180 2176
10729 4 2 0 1 784 3072 727 658
10730 4 2 0 1 1864 2776 1851 3106
10731 4 2 0 1 3106 1851 2586 192
10732 4 2 0 1 3106 192 210 1851
10733 4 2 0 1 3106 1864 2586 1851
10734 4 2 0 1 3106 2586 144 192
10735 4 2 0 1 2926 3189 2562 2042
10736 4 2 0 1 1803 2299 2401 2844
10737 4 2 0 1 641 1661 2728 214
10738 4 2 0 1 3058 729 1863 1613
10739 4 2 0 1 2753 3115 343 335
10740 4 2 0 1 3078 3115 343 2753
10741 4 2 0 1 3113 3049 3107 2489
10742 4 2 0 1 1977 3147 3049 2489
10743 4 2 0 1 3049 3147 3107 2489
10744 4 2 0 1 2681 3147 3049 1977
10745 4 2 0 1 2950 2160 2992 329
10746 4 2 0 1 2950 1523 2992 3103
10747 4 2 0 1 2950 3103 2992 2160
10748 4 2 0 1 1523 1198 2992 3103
10749 4 2 0 1 394 3110 2598 371
10750 4 2 0 1 2956 3110 394 371
10751 4 2 0 1 1045 1686 1528 3048
10752 4 2 0 1 1045 1686 3048 1873
10753 4 2 0 1 747 745 3226 2974
10754 4 2 0 1 747 2974 3226 2154
10755 4 2 0 1 747 2671 3226 745
10756 4 2 0 1 3005 267 2407 256
10757 4 2 0 1 3079 2061 1798 3104
10758 4 2 0 1 2874 975 1363 2925
10759 4 2 0 1 3042 2650 656 2223
10760 4 2 0 1 3042 2874 2617 2650
10761 4 2 0 1 3206 2665 1690 148
10762 4 2 0 1 1690 2018 148 95
10763 4 2 0 1 84 2665 148 95
10764 4 2 0 1 148 2665 1690 95
10765 4 2 0 1 3105 2596 2890 3219
10766 4 2 0 1 1722 3105 3024 914
10767 4 2 0 1 2887 1537 1610 2239
10768 4 2 0 1 1864 842 3106 2586
10769 4 2 0 1 2006 2045 1924 2855
10770 4 2 0 1 2918 313 3096 2470
10771 4 2 0 1 1363 975 1467 2925
10772 4 2 0 1 2937 443 1653 416
10773 4 2 0 1 2539 443 2378 2468
10774 4 2 0 1 416 3017 2378 1653
10775 4 2 0 1 2378 611 3017 2539
10776 4 2 0 1 416 2539 2378 3017
10777 4 2 0 1 760 1427 1132 2816
10778 4 2 0 1 2816 1427 1132 1422
10779 4 2 0 1 760 1427 1764 1132
10780 4 2 0 1 1764 1427 2858 1132
10781 4 2 0 1 1132 1427 2858 1422
10782 4 2 0 1 2430 3108 813 527
10783 4 2 0 1 2430 813 3108 2474
10784 4 2 0 1 3111 3170 3227 2370
10785 4 2 0 1 3111 2370 3227 3242
10786 4 2 0 1 1727 1754 571 2026
10787 4 2 0 1 2404 2859 3151 2293
10788 4 2 0 1 2404 136 3151 2859
10789 4 2 0 1 3109 2169 1533 2915
10790 4 2 0 1 2377 2169 1533 3109
10791 4 2 0 1 2377 3109 1533 1169
10792 4 2 0 1 3109 1169 2252 1533
10793 4 2 0 1 3109 1585 2915 2911
10794 4 2 0 1 3109 2252 1585 2911
10795 4 2 0 1 394 3110 2140 2598
10796 4 2 0 1 3110 2731 2956 394
10797 4 2 0 1 205 191 2679 1245
10798 4 2 0 1 1245 2679 2259 191
10799 4 2 0 1 1245 2259 3248 191
10800 4 2 0 1 2969 2980 2160 2772
10801 4 2 0 1 310 3129 313 2153
10802 4 2 0 1 2899 3129 310 2153
10803 4 2 0 1 3091 3157 367 1727
10804 4 2 0 1 2884 3112 2353 2630
10805 4 2 0 1 1860 995 2270 1573
10806 4 2 0 1 1589 3102 2717 2744
10807 4 2 0 1 2717 2744 1325 1589
10808 4 2 0 1 2602 2639 3068 1336
10809 4 2 0 1 3100 2131 2180 2182
10810 4 2 0 1 3100 2210 2131 1680
10811 4 2 0 1 2210 2374 3100 3077
10812 4 2 0 1 2832 1953 2573 1879
10813 4 2 0 1 2296 1714 957 1756
10814 4 2 0 1 3185 2916 2295 3019
10815 4 2 0 1 3185 2916 1785 2295
10816 4 2 0 1 2951 3256 2664 3088
10817 4 2 0 1 2664 2416 3088 2197
10818 4 2 0 1 2618 2612 2868 3114
10819 4 2 0 1 2868 3130 3168 3114
10820 4 2 0 1 2979 1818 1905 2465
10821 4 2 0 1 2150 3176 2465 2979
10822 4 2 0 1 1613 1863 2248 1857
10823 4 2 0 1 1875 2547 2327 2221
10824 4 2 0 1 3259 2263 747 2154
10825 4 2 0 1 3259 747 2945 2671
10826 4 2 0 1 747 2154 3226 3259
10827 4 2 0 1 3226 3259 2671 747
10828 4 2 0 1 3259 2263 2945 747
10829 4 2 0 1 335 3115 2611 2753
10830 4 2 0 1 3115 2611 1275 335
10831 4 2 0 1 155 119 1719 1986
10832 4 2 0 1 1613 3058 2248 1863
10833 4 2 0 1 2022 1045 1528 3048
10834 4 2 0 1 2022 1045 3048 1873
10835 4 2 0 1 1873 1686 3048 2833
10836 4 2 0 1 2923 1054 2895 860
10837 4 2 0 1 860 2923 1054 2620
10838 4 2 0 1 1860 1870 995 1573
10839 4 2 0 1 995 1870 3019 1573
10840 4 2 0 1 995 1870 3234 3019
10841 4 2 0 1 995 1573 3019 1229
10842 4 2 0 1 2417 1772 1246 2811
10843 4 2 0 1 1246 2811 2390 2417
10844 4 2 0 1 2002 1820 2390 2811
10845 4 2 0 1 3116 2755 3117 2257
10846 4 2 0 1 3116 2755 3018 3117
10847 4 2 0 1 1217 2257 1212 3116
10848 4 2 0 1 1217 3116 1931 3018
10849 4 2 0 1 1217 3233 1931 1212
10850 4 2 0 1 1931 3116 1217 1212
10851 4 2 0 1 3097 1785 353 2295
10852 4 2 0 1 3097 1573 2295 2355
10853 4 2 0 1 2175 1439 3168 1446
10854 4 2 0 1 1880 2747 1065 1022
10855 4 2 0 1 3031 1754 2935 1727
10856 4 2 0 1 2935 3031 1727 3000
10857 4 2 0 1 2942 2687 2238 204
10858 4 2 0 1 2238 204 188 2942
10859 4 2 0 1 3116 3117 1217 2257
10860 4 2 0 1 3116 3117 3018 1217
10861 4 2 0 1 2620 2494 664 2399
10862 4 2 0 1 2399 2879 2494 664
10863 4 2 0 1 2303 2164 2701 3058
10864 4 2 0 1 3058 2248 2164 2701
10865 4 2 0 1 2599 3110 3000 2598
10866 4 2 0 1 2295 3234 2400 1870
10867 4 2 0 1 3234 1614 2400 2560
10868 4 2 0 1 1614 3234 2400 2295
10869 4 2 0 1 2721 1611 3069 2664
10870 4 2 0 1 2877 2721 3069 2664
10871 4 2 0 1 2263 2946 1316 2945
10872 4 2 0 1 3105 3022 1819 1621
10873 4 2 0 1 226 2596 2890 1621
10874 4 2 0 1 3164 2425 2597 3160
10875 4 2 0 1 2425 2059 3164 2597
10876 4 2 0 1 3083 421 2875 454
10877 4 2 0 1 421 2889 2041 2875
10878 4 2 0 1 285 1558 2337 3132
10879 4 2 0 1 2963 3086 1315 2675
10880 4 2 0 1 2963 2675 1315 1732
10881 4 2 0 1 3193 876 2795 1054
10882 4 2 0 1 2443 2366 2412 3229
10883 4 2 0 1 1053 1634 2135 2204
10884 4 2 0 1 2135 2204 1658 1906
10885 4 2 0 1 3119 236 225 163
10886 4 2 0 1 163 225 3119 199
10887 4 2 0 1 1641 3202 750 1104
10888 4 2 0 1 2140 1756 3086 2486
10889 4 2 0 1 450 2486 1628 461
10890 4 2 0 1 664 860 2620 2923
10891 4 2 0 1 889 3150 935 3158
10892 4 2 0 1 1569 3150 1192 1639
10893 4 2 0 1 2566 3237 3107 2372
10894 4 2 0 1 2672 357 2415 3085
10895 4 2 0 1 347 339 357 3085
10896 4 2 0 1 3009 1926 2308 2052
10897 4 2 0 1 3088 2308 3009 1926
10898 4 2 0 1 1609 2114 455 464
10899 4 2 0 1 1609 422 2725 2468
10900 4 2 0 1 2677 2530 2114 464
10901 4 2 0 1 1335 3008 1818 2001
10902 4 2 0 1 357 339 347 2669
10903 4 2 0 1 2669 339 347 3041
10904 4 2 0 1 2727 339 2669 3041
10905 4 2 0 1 1957 1631 2421 1365
10906 4 2 0 1 1986 1719 2421 1493
10907 4 2 0 1 2154 3004 2136 3121
10908 4 2 0 1 2136 1668 2472 3121
10909 4 2 0 1 2136 3004 1668 3121
10910 4 2 0 1 2355 382 2680 2060
10911 4 2 0 1 2680 2295 382 2355
10912 4 2 0 1 1683 2679 273 264
10913 4 2 0 1 273 2679 3062 264
10914 4 2 0 1 2264 1591 3083 2041
10915 4 2 0 1 1609 422 455 2725
10916 4 2 0 1 2725 3124 1609 2468
10917 4 2 0 1 2579 3024 3030 1722
10918 4 2 0 1 1887 3024 213 2294
10919 4 2 0 1 892 928 1760 1365
10920 4 2 0 1 892 1760 2421 1365
10921 4 2 0 1 1760 2421 2990 2847
10922 4 2 0 1 1532 1880 1904 3044
10923 4 2 0 1 2677 1609 464 2114
10924 4 2 0 1 1609 2677 2468 2114
10925 4 2 0 1 3084 3088 3009 1926
10926 4 2 0 1 3125 242 2303 2518
10927 4 2 0 1 3090 2664 3088 3243
10928 4 2 0 1 1210 1756 2296 957
10929 4 2 0 1 1257 1569 1172 2296
10930 4 2 0 1 3110 2599 2678 2598
10931 4 2 0 1 1560 3022 1819 1874
10932 4 2 0 1 3022 1819 1874 3105
10933 4 2 0 1 1621 2596 2890 3105
10934 4 2 0 1 1872 2897 1098 2787
10935 4 2 0 1 1783 2897 1872 2787
10936 4 2 0 1 1728 2830 3051 2055
10937 4 2 0 1 2055 553 3047 1694
10938 4 2 0 1 3061 3051 1051 3141
10939 4 2 0 1 3047 3051 3061 553
10940 4 2 0 1 2932 1950 3068 291
10941 4 2 0 1 2635 2437 3004 2263
10942 4 2 0 1 2416 2951 1611 2664
10943 4 2 0 1 2154 2974 3226 3154
10944 4 2 0 1 2154 3154 3226 2437
10945 4 2 0 1 1493 1631 892 2421
10946 4 2 0 1 447 453 2246 427
10947 4 2 0 1 2757 427 447 2246
10948 4 2 0 1 2246 427 1717 2757
10949 4 2 0 1 1744 1591 910 1641
10950 4 2 0 1 1716 2264 910 1744
10951 4 2 0 1 3017 416 2729 393
10952 4 2 0 1 393 2833 372 1171
10953 4 2 0 1 393 3017 2833 1171
10954 4 2 0 1 393 2994 372 2833
10955 4 2 0 1 399 3137 2828 414
10956 4 2 0 1 414 2828 1620 2312
10957 4 2 0 1 414 2828 2312 3137
10958 4 2 0 1 2639 3005 2407 3015
10959 4 2 0 1 2639 2427 3015 2632
10960 4 2 0 1 1874 965 1979 1560
10961 4 2 0 1 2174 965 1979 2188
10962 4 2 0 1 2373 1979 965 1560
10963 4 2 0 1 2174 1979 965 2373
10964 4 2 0 1 2071 3128 965 2881
10965 4 2 0 1 2071 965 3128 2141
10966 4 2 0 1 2174 3064 2552 111
10967 4 2 0 1 3035 2935 2774 2956
10968 4 2 0 1 3035 1090 2935 2956
10969 4 2 0 1 3259 2263 2154 2437
10970 4 2 0 1 2154 2437 3226 3259
10971 4 2 0 1 2140 3110 2678 2598
10972 4 2 0 1 2140 2869 1372 3110
10973 4 2 0 1 191 2429 3151 205
10974 4 2 0 1 2429 2786 3151 205
10975 4 2 0 1 2664 3099 391 3258
10976 4 2 0 1 3258 391 2460 3099
10977 4 2 0 1 2675 3086 1315 2486
10978 4 2 0 1 479 1229 2853 3081
10979 4 2 0 1 2153 2914 3129 313
10980 4 2 0 1 2632 277 284 2639
10981 4 2 0 1 2632 2896 2639 2427
10982 4 2 0 1 1873 2998 1653 2149
10983 4 2 0 1 1873 416 1653 3017
10984 4 2 0 1 2014 2671 3069 2534
10985 4 2 0 1 2972 3069 2014 2671
10986 4 2 0 1 2793 2872 1995 1737
10987 4 2 0 1 1798 2208 2168 2893
10988 4 2 0 1 2868 2612 3130 3114
10989 4 2 0 1 1446 2612 3130 2868
10990 4 2 0 1 1171 2833 726 1293
10991 4 2 0 1 3131 88 2526 2688
10992 4 2 0 1 1800 661 1728 1798
10993 4 2 0 1 408 1192 2953 388
10994 4 2 0 1 1192 1855 2953 388
10995 4 2 0 1 2698 1386 3087 3112
10996 4 2 0 1 3087 1386 3261 3112
10997 4 2 0 1 3044 2066 1880 1904
10998 4 2 0 1 1387 2014 2204 2903
10999 4 2 0 1 2312 1201 1620 1559
11000 4 2 0 1 1559 882 1620 2029
11001 4 2 0 1 2041 3104 2805 2889
11002 4 2 0 1 3104 2889 2061 1798
11003 4 2 0 1 2092 3133 3048 1528
11004 4 2 0 1 631 1854 1107 2852
11005 4 2 0 1 2422 2044 1412 2464
11006 4 2 0 1 2422 2044 2464 1497
11007 4 2 0 1 2130 2990 2562 2926
11008 4 2 0 1 2130 2926 2562 2042
11009 4 2 0 1 3048 2022 2035 2092
11010 4 2 0 1 3069 1611 2951 2664
11011 4 2 0 1 388 408 1192 3091
11012 4 2 0 1 388 1192 3157 3091
11013 4 2 0 1 1792 1817 3262 3167
11014 4 2 0 1 1792 1615 3262 1817
11015 4 2 0 1 3167 1817 622 1325
11016 4 2 0 1 2221 2501 2640 874
11017 4 2 0 1 2071 3064 2188 2174
11018 4 2 0 1 2174 3064 2188 2552
11019 4 2 0 1 2466 2352 1993 3238
11020 4 2 0 1 2042 3238 2926 2561
11021 4 2 0 1 2042 2466 1993 3238
11022 4 2 0 1 2218 2805 2208 3138
11023 4 2 0 1 3142 2219 3138 1221
11024 4 2 0 1 3173 1098 2787 3004
11025 4 2 0 1 2263 3004 2398 3173
11026 4 2 0 1 1098 2398 3004 3173
11027 4 2 0 1 1417 1296 1879 3101
11028 4 2 0 1 3013 1296 2832 1417
11029 4 2 0 1 2398 2465 3244 2635
11030 4 2 0 1 2465 2635 1335 1905
11031 4 2 0 1 2398 2635 2263 1335
11032 4 2 0 1 892 928 1365 904
11033 4 2 0 1 892 928 1588 1760
11034 4 2 0 1 892 2847 2421 1760
11035 4 2 0 1 461 2486 1628 2675
11036 4 2 0 1 2429 2293 2873 895
11037 4 2 0 1 2929 2429 895 2293
11038 4 2 0 1 2971 2344 2479 1252
11039 4 2 0 1 3106 2042 2561 2466
11040 4 2 0 1 356 2060 3135 2472
11041 4 2 0 1 2060 356 3135 2957
11042 4 2 0 1 2472 347 2672 3136
11043 4 2 0 1 347 3085 2672 3136
11044 4 2 0 1 3135 347 2472 3136
11045 4 2 0 1 2060 1743 3004 1668
11046 4 2 0 1 2830 3137 2828 399
11047 4 2 0 1 2830 1798 3079 2061
11048 4 2 0 1 2830 3137 399 3079
11049 4 2 0 1 2945 3084 2972 2951
11050 4 2 0 1 3248 2404 2220 136
11051 4 2 0 1 2945 2263 2946 747
11052 4 2 0 1 3145 705 1582 892
11053 4 2 0 1 2934 2994 3048 2833
11054 4 2 0 1 2679 2103 1807 2429
11055 4 2 0 1 2851 764 3036 1284
11056 4 2 0 1 2953 435 408 404
11057 4 2 0 1 1257 435 426 408
11058 4 2 0 1 1257 435 408 2953
11059 4 2 0 1 3112 2698 2884 3087
11060 4 2 0 1 3121 1668 2472 2060
11061 4 2 0 1 3121 3004 1668 2060
11062 4 2 0 1 3010 1240 2833 1353
11063 4 2 0 1 3185 1573 3019 2295
11064 4 2 0 1 3019 2916 479 3185
11065 4 2 0 1 2679 209 1245 1683
11066 4 2 0 1 2215 641 470 1984
11067 4 2 0 1 3229 2518 2412 3125
11068 4 2 0 1 2366 3229 2518 2412
11069 4 2 0 1 3110 2731 2893 2956
11070 4 2 0 1 2437 2263 2154 3004
11071 4 2 0 1 3247 1316 1592 3054
11072 4 2 0 1 1440 3240 909 2318
11073 4 2 0 1 2483 2529 715 3012
11074 4 2 0 1 2811 1028 2002 1820
11075 4 2 0 1 281 3015 1558 285
11076 4 2 0 1 2407 3015 2484 285
11077 4 2 0 1 2484 3015 281 285
11078 4 2 0 1 2041 1591 3083 2875
11079 4 2 0 1 1855 3139 2953 404
11080 4 2 0 1 1855 3139 1373 2953
11081 4 2 0 1 1373 3139 3153 2953
11082 4 2 0 1 2327 2501 2640 2221
11083 4 2 0 1 2327 2547 2501 2221
11084 4 2 0 1 2671 2951 2972 3069
11085 4 2 0 1 2945 2951 2972 2671
11086 4 2 0 1 1185 1708 2831 1108
11087 4 2 0 1 1708 1272 2831 3089
11088 4 2 0 1 1272 3089 3127 1801
11089 4 2 0 1 1707 888 3133 836
11090 4 2 0 1 3110 2956 2893 2774
11091 4 2 0 1 3051 2774 3141 2214
11092 4 2 0 1 3061 3051 3141 553
11093 4 2 0 1 2218 2208 2893 3142
11094 4 2 0 1 2893 3142 2214 2218
11095 4 2 0 1 2218 3142 3138 2208
11096 4 2 0 1 1729 1096 1700 3133
11097 4 2 0 1 2398 3244 1098 3257
11098 4 2 0 1 1098 2897 3244 2398
11099 4 2 0 1 1932 1997 1098 3244
11100 4 2 0 1 1098 1932 3244 2897
11101 4 2 0 1 1335 2945 2263 1316
11102 4 2 0 1 2950 3103 2160 2969
11103 4 2 0 1 1304 1850 2157 3071
11104 4 2 0 1 3068 2602 2407 2639
11105 4 2 0 1 2436 1255 2722 1193
11106 4 2 0 1 3156 2722 2436 1255
11107 4 2 0 1 1786 2832 3033 2607
11108 4 2 0 1 2874 1786 2607 1312
11109 4 2 0 1 1786 2607 2813 2874
11110 4 2 0 1 2874 2925 2650 1312
11111 4 2 0 1 2014 2903 1658 2204
11112 4 2 0 1 2135 1005 1658 2962
11113 4 2 0 1 1798 3035 1728 3051
11114 4 2 0 1 2933 2380 2904 2701
11115 4 2 0 1 171 2057 2380 129
11116 4 2 0 1 2057 171 2380 2701
11117 4 2 0 1 1785 3113 2804 2916
11118 4 2 0 1 3113 2916 1390 2804
11119 4 2 0 1 397 3091 408 359
11120 4 2 0 1 994 3143 1115 1777
11121 4 2 0 1 3015 3027 1558 3132
11122 4 2 0 1 291 3027 3015 3132
11123 4 2 0 1 2042 3238 2561 2466
11124 4 2 0 1 2466 3238 2561 1582
11125 4 2 0 1 1877 1202 2977 2257
11126 4 2 0 1 242 3125 2303 218
11127 4 2 0 1 2887 2645 2506 1537
11128 4 2 0 1 2645 1537 2887 2239
11129 4 2 0 1 1569 1257 1172 3063
11130 4 2 0 1 2210 3134 1680 1864
11131 4 2 0 1 2912 3118 2028 2199
11132 4 2 0 1 2611 2157 1275 2775
11133 4 2 0 1 1304 1850 1275 2157
11134 4 2 0 1 2945 3084 2951 3009
11135 4 2 0 1 2515 123 1769 1068
11136 4 2 0 1 1068 123 1769 647
11137 4 2 0 1 3089 1801 1272 1630
11138 4 2 0 1 3133 1700 888 1096
11139 4 2 0 1 2611 2157 2775 1431
11140 4 2 0 1 3048 2092 1729 3133
11141 4 2 0 1 3148 1401 2826 3044
11142 4 2 0 1 3148 1745 1287 1401
11143 4 2 0 1 1094 1745 3148 1401
11144 4 2 0 1 1145 1401 1094 3044
11145 4 2 0 1 3148 1401 1287 2826
11146 4 2 0 1 2552 2188 1887 3064
11147 4 2 0 1 2890 1722 1874 3105
11148 4 2 0 1 3105 2890 1722 3024
11149 4 2 0 1 1874 3105 1819 2890
11150 4 2 0 1 3127 2369 1272 1801
11151 4 2 0 1 1185 1272 2831 1708
11152 4 2 0 1 380 2369 1801 2831
11153 4 2 0 1 2074 2123 2904 2380
11154 4 2 0 1 2725 1167 1152 1593
11155 4 2 0 1 2725 1152 1702 1593
11156 4 2 0 1 2725 1718 1152 1167
11157 4 2 0 1 3222 2572 1364 2824
11158 4 2 0 1 3087 2971 1266 2479
11159 4 2 0 1 1785 1977 2804 3113
11160 4 2 0 1 1192 3150 1855 1703
11161 4 2 0 1 1855 3150 1192 1569
11162 4 2 0 1 1096 1528 1707 3133
11163 4 2 0 1 888 1096 1707 3133
11164 4 2 0 1 2248 2701 3058 171
11165 4 2 0 1 907 965 1874 1560
11166 4 2 0 1 1560 3022 1874 907
11167 4 2 0 1 1560 823 903 907
11168 4 2 0 1 903 3022 1560 907
11169 4 2 0 1 1560 890 823 907
11170 4 2 0 1 3022 3105 1874 907
11171 4 2 0 1 907 3128 965 1560
11172 4 2 0 1 907 1560 890 3128
11173 4 2 0 1 1982 1098 3082 1997
11174 4 2 0 1 2404 2293 3151 2429
11175 4 2 0 1 2021 3255 2368 1131
11176 4 2 0 1 3049 3113 2600 1526
11177 4 2 0 1 1210 1756 1079 2296
11178 4 2 0 1 1756 1210 1079 2593
11179 4 2 0 1 1569 1373 830 3152
11180 4 2 0 1 1213 1569 957 3152
11181 4 2 0 1 1248 3181 1469 1317
11182 4 2 0 1 3017 1248 1317 3181
11183 4 2 0 1 611 3181 1248 3017
11184 4 2 0 1 2843 3154 2974 2841
11185 4 2 0 1 2517 2841 3154 2843
11186 4 2 0 1 3219 2596 2890 235
11187 4 2 0 1 2579 3219 235 2216
11188 4 2 0 1 2216 3219 1913 2580
11189 4 2 0 1 2890 3219 235 2579
11190 4 2 0 1 3076 2517 3154 2843
11191 4 2 0 1 836 879 3127 3133
11192 4 2 0 1 1077 2239 3143 2104
11193 4 2 0 1 3143 2645 2239 1077
11194 4 2 0 1 3068 2407 2932 291
11195 4 2 0 1 159 141 2100 2988
11196 4 2 0 1 1569 1213 1373 3152
11197 4 2 0 1 2893 1234 3142 1457
11198 4 2 0 1 1094 3148 3044 1401
11199 4 2 0 1 184 2722 3156 2511
11200 4 2 0 1 3067 3156 2511 184
11201 4 2 0 1 36 778 47 1761
11202 4 2 0 1 3153 435 1257 2953
11203 4 2 0 1 1316 2945 2001 1335
11204 4 2 0 1 1177 1327 1254 3217
11205 4 2 0 1 1082 49 28 39
11206 4 2 0 1 1982 2957 353 2060
11207 4 2 0 1 2060 1982 2680 353
11208 4 2 0 1 1082 3172 28 49
11209 4 2 0 1 1905 1645 1335 1992
11210 4 2 0 1 2979 1992 1905 1818
11211 4 2 0 1 29 3172 46 27
11212 4 2 0 1 1905 1335 1818 1992
11213 4 2 0 1 830 1596 887 3047
11214 4 2 0 1 1620 1694 1596 3047
11215 4 2 0 1 2769 984 1342 2449
11216 4 2 0 1 1026 1342 1762 984
11217 4 2 0 1 3248 205 2673 1245
11218 4 2 0 1 3248 205 1245 191
11219 4 2 0 1 318 326 2545 1810
11220 4 2 0 1 2545 1810 2685 318
11221 4 2 0 1 1474 2774 3141 1051
11222 4 2 0 1 1737 2728 2793 641
11223 4 2 0 1 2793 2728 214 641
11224 4 2 0 1 1714 957 1756 1641
11225 4 2 0 1 1641 1756 1714 2090
11226 4 2 0 1 3188 2715 3144 3119
11227 4 2 0 1 3084 3088 2951 3009
11228 4 2 0 1 157 3149 175 1770
11229 4 2 0 1 2071 2881 2188 3064
11230 4 2 0 1 2552 3149 1887 2188
11231 4 2 0 1 3223 3155 2381 283
11232 4 2 0 1 3074 3216 2785 792
11233 4 2 0 1 2785 3074 81 3216
11234 4 2 0 1 2655 1468 2335 3240
11235 4 2 0 1 2885 2583 806 3159
11236 4 2 0 1 855 806 1635 617
11237 4 2 0 1 3210 866 828 2756
11238 4 2 0 1 1279 1018 2569 2883
11239 4 2 0 1 3131 3160 2688 2610
11240 4 2 0 1 3034 3131 3160 2688
11241 4 2 0 1 2690 2688 3034 3160
11242 4 2 0 1 2281 1194 758 2307
11243 4 2 0 1 2822 2425 92 2284
11244 4 2 0 1 1178 529 788 541
11245 4 2 0 1 1009 2143 2023 1228
11246 4 2 0 1 2495 2461 2550 797
11247 4 2 0 1 1696 3107 3049 3147
11248 4 2 0 1 1615 3166 3254 3262
11249 4 2 0 1 1442 2253 1037 2505
11250 4 2 0 1 1871 2246 451 3179
11251 4 2 0 1 3213 314 311 2079
11252 4 2 0 1 2868 3114 3168 2013
11253 4 2 0 1 1990 1439 2921 867
11254 4 2 0 1 176 1957 2990 223
11255 4 2 0 1 705 1775 928 904
11256 4 2 0 1 3241 758 947 2281
11257 4 2 0 1 3228 2370 3111 3242
11258 4 2 0 1 1890 2266 261 277
11259 4 2 0 1 1083 824 2139 2791
11260 4 2 0 1 1138 12 1274 1337
11261 4 2 0 1 1138 29 1337 3172
11262 4 2 0 1 2609 1138 832 29
11263 4 2 0 1 634 25 11 596
11264 4 2 0 1 693 1084 3174 1162
11265 4 2 0 1 1084 3174 2556 693
11266 4 2 0 1 3188 705 2836 2352
11267 4 2 0 1 176 2990 237 223
11268 4 2 0 1 3226 3259 2962 2671
11269 4 2 0 1 3012 3177 2759 715
11270 4 2 0 1 2197 3088 3243 3177
11271 4 2 0 1 3177 2483 715 3012
11272 4 2 0 1 3088 2308 2951 3009
11273 4 2 0 1 1357 2823 3251 470
11274 4 2 0 1 1675 3178 2696 2558
11275 4 2 0 1 451 462 3179 1999
11276 4 2 0 1 2190 1794 1914 1144
11277 4 2 0 1 1999 2190 444 1723
11278 4 2 0 1 915 2190 1914 1144
11279 4 2 0 1 1349 2083 2038 1644
11280 4 2 0 1 861 3180 598 1952
11281 4 2 0 1 2323 795 2604 754
11282 4 2 0 1 3017 2539 611 3181
11283 4 2 0 1 2006 2855 444 2045
11284 4 2 0 1 2006 413 1045 425
11285 4 2 0 1 3018 1985 1931 3184
11286 4 2 0 1 2372 3184 2566 3237
11287 4 2 0 1 479 3237 2566 3184
11288 4 2 0 1 3184 3018 3140 1931
11289 4 2 0 1 2635 1335 2398 2465
11290 4 2 0 1 755 779 2451 2261
11291 4 2 0 1 2395 1898 2195 1900
11292 4 2 0 1 3187 2864 2615 2098
11293 4 2 0 1 3189 165 2990 2562
11294 4 2 0 1 3169 236 225 3119
11295 4 2 0 1 3191 3038 300 2871
11296 4 2 0 1 2209 2618 2470 2612
11297 4 2 0 1 2447 3191 3038 300
11298 4 2 0 1 1446 3130 3168 2868
11299 4 2 0 1 251 2439 239 230
11300 4 2 0 1 3193 1054 860 876
11301 4 2 0 1 860 3193 1643 1054
11302 4 2 0 1 3192 2484 1548 1554
11303 4 2 0 1 641 1661 2691 1093
11304 4 2 0 1 258 1984 1093 1661
11305 4 2 0 1 3004 3260 3257 2060
11306 4 2 0 1 1098 3257 3004 2398
11307 4 2 0 1 503 1435 497 3199
11308 4 2 0 1 497 3199 2663 1000
11309 4 2 0 1 1000 3199 503 497
11310 4 2 0 1 1000 3199 2663 626
11311 4 2 0 1 3138 2219 3202 1221
11312 4 2 0 1 3202 1432 2869 1221
11313 4 2 0 1 2186 1591 906 1636
11314 4 2 0 1 2587 1690 938 3206
11315 4 2 0 1 2497 3211 76 143
11316 4 2 0 1 3212 3211 1626 2499
11317 4 2 0 1 2074 2380 2499 2198
11318 4 2 0 1 1861 3207 2499 2198
11319 4 2 0 1 811 1773 3207 843
11320 4 2 0 1 2074 2499 3207 2198
11321 4 2 0 1 703 2497 150 1230
11322 4 2 0 1 143 2497 150 703
11323 4 2 0 1 2502 2497 1230 150
11324 4 2 0 1 2057 1230 183 2502
11325 4 2 0 1 2253 2067 1442 921
11326 4 2 0 1 1442 921 2746 2253
11327 4 2 0 1 1062 1836 3215 2360
11328 4 2 0 1 2203 283 289 3223
11329 4 2 0 1 1204 2240 3155 2614
11330 4 2 0 1 1858 1204 289 2614
11331 4 2 0 1 148 3206 77 141
11332 4 2 0 1 2008 1626 3212 3211
11333 4 2 0 1 867 3102 3168 1439
11334 4 2 0 1 3003 2553 1263 662
11335 4 2 0 1 3191 300 2581 3213
11336 4 2 0 1 1478 1670 1216 3071
11337 4 2 0 1 1170 2408 1940 1273
11338 4 2 0 1 143 152 2008 85
11339 4 2 0 1 3215 2008 1626 3212
11340 4 2 0 1 237 176 165 2990
11341 4 2 0 1 2621 210 3189 192
11342 4 2 0 1 2336 2718 2446 2892
11343 4 2 0 1 880 3239 1351 2230
11344 4 2 0 1 2892 2446 3159 2063
11345 4 2 0 1 1660 1269 1669 3159
11346 4 2 0 1 1442 219 921 2067
11347 4 2 0 1 2505 2067 130 1442
11348 4 2 0 1 3180 598 481 861
11349 4 2 0 1 2245 3053 792 2785
11350 4 2 0 1 63 490 2822 2441
11351 4 2 0 1 2441 490 489 1303
11352 4 2 0 1 2062 633 540 585
11353 4 2 0 1 2864 1672 835 807
11354 4 2 0 1 2768 2339 1612 3071
11355 4 2 0 1 3105 2966 3219 3024
11356 4 2 0 1 3220 1492 3006 2107
11357 4 2 0 1 1721 2107 238 3220
11358 4 2 0 1 3220 2107 3006 1721
11359 4 2 0 1 752 2818 2303 3125
11360 4 2 0 1 2091 3222 2357 2924
11361 4 2 0 1 3125 2818 2303 218
11362 4 2 0 1 2135 1005 2962 3226
11363 4 2 0 1 962 2863 816 3230
11364 4 2 0 1 752 2518 260 279
11365 4 2 0 1 1969 2366 3229 288
11366 4 2 0 1 288 3229 279 2366
11367 4 2 0 1 293 2203 511 289
11368 4 2 0 1 3229 752 279 2518
11369 4 2 0 1 1204 3230 1969 2809
11370 4 2 0 1 1707 2102 1350 888
11371 4 2 0 1 2087 1618 2831 3089
11372 4 2 0 1 2532 3203 234 2170
11373 4 2 0 1 2170 1554 3203 2840
11374 4 2 0 1 3203 3205 2840 3171
11375 4 2 0 1 1554 2170 1548 2840
11376 4 2 0 1 180 2527 3203 1313
11377 4 2 0 1 1931 1985 1996 479
11378 4 2 0 1 479 3234 995 1397
11379 4 2 0 1 3019 995 479 3234
11380 4 2 0 1 1656 1877 2977 2257
11381 4 2 0 1 670 2983 1508 3235
11382 4 2 0 1 883 3235 502 1203
11383 4 2 0 1 486 1696 3167 1325
11384 4 2 0 1 3119 225 3169 199
11385 4 2 0 1 2352 2627 2836 3238
11386 4 2 0 1 3238 2352 1993 2836
11387 4 2 0 1 3119 3188 174 163
11388 4 2 0 1 2304 2879 664 2494
11389 4 2 0 1 780 1279 758 2494
11390 4 2 0 1 3216 1389 1426 1440
11391 4 2 0 1 107 3216 90 1389
11392 4 2 0 1 3231 2044 2422 1497
11393 4 2 0 1 2370 2767 3227 3242
11394 4 2 0 1 3080 2654 3245 1368
11395 4 2 0 1 3080 2654 2048 3245
11396 4 2 0 1 3203 3066 217 2532
11397 4 2 0 1 3161 785 2450 2964
11398 4 2 0 1 33 1938 10 24
11399 4 2 0 1 1116 3246 1632 1437
11400 4 2 0 1 645 261 2738 232
11401 4 2 0 1 2837 1868 2902 2476
11402 4 2 0 1 1328 3198 2638 2458
11403 4 2 0 1 381 391 2477 3258
11404 4 2 0 1 2060 2957 3260 3257
11405 4 2 0 1 2437 3260 3257 3004
11406 4 2 0 1 1252 3261 2971 2886
11407 4 2 0 1 2566 2372 3107 3254
11408 4 2 0 1 403 383 608 392
11409 4 2 0 1 608 2589 1319 383
11410 4 2 0 1 1029 2516 1978 666
11411 4 2 0 1 3118 2199 690 3071
11412 4 2 0 1 3255 2212 3123 2387
11413 4 2 0 1 2544 3014 1883 2160
11414 4 2 0 1 2387 2589 1319 1218
11415 4 2 0 1 3176 1394 3014 2028
11416 4 2 0 1 1615 3166 2662 3254
11417 4 2 0 1 1817 3166 3262 3167
11418 4 2 0 1 622 3167 1325 486
11419 4 2 0 1 1817 1615 3262 3166
11420 4 2 0 1 2897 3244 2398 2465
11421 4 2 0 1 3167 3166 622 1817
11422 4 2 0 1 3258 3243 2477 381
11423 4 2 0 1 2460 3099 2973 3258
11424 4 2 0 1 2804 3234 1614 2295
11425 4 2 0 1 2519 814 769 2297
11426 4 2 0 1 2664 3258 3090 1470
11427 4 2 0 1 479 1229 3185 2853
11428 4 2 0 1 3237 3185 2853 479
11429 4 2 0 1 1229 2719 2519 2403
11430 4 2 0 1 2197 1608 3078 3243
11431 4 2 0 1 2841 3121 3154 2974
11432 4 2 0 1 2671 2962 3226 2135
11433 4 2 0 1 3069 2903 2664 3256
11434 4 2 0 1 2657 1127 2460 373
11435 4 2 0 1 2225 2973 2460 3099
11436 4 2 0 1 2973 2225 3225 1470
11437 4 2 0 1 3256 3088 2951 3084
11438 4 2 0 1 2308 3177 3088 2197
11439 4 2 0 1 2197 3243 3078 3177
11440 4 2 0 1 3237 2916 2566 3113
11441 4 2 0 1 2916 3237 479 3185
11442 4 2 0 1 3121 3260 3154 2437
11443 4 2 0 1 3256 2664 3088 3090
11444 4 2 0 1 3107 3113 2489 3237
11445 4 2 0 1 2872 3175 1408 1737
11446 4 2 0 1 470 1840 1146 3073
11447 4 2 0 1 3250 2554 1243 3178
11448 4 2 0 1 693 2696 786 800
11449 4 2 0 1 2960 2812 2235 1176
11450 4 2 0 1 2823 470 3175 3252
11451 4 2 0 1 2898 2687 2178 800
11452 4 2 0 1 639 2696 786 2273
11453 4 2 0 1 2812 2960 1667 2710
11454 4 2 0 1 1541 601 1283 544
11455 4 2 0 1 2794 2050 2000 2938
11456 4 2 0 1 2224 2794 2938 2050
11457 4 2 0 1 3250 2554 2958 1243
11458 4 2 0 1 3224 2224 1787 262
11459 4 2 0 1 1169 2741 2938 2860
11460 4 2 0 1 1181 2710 3249 2960
11461 4 2 0 1 2220 3186 102 136
11462 4 2 0 1 639 1781 2780 2732
11463 4 2 0 1 2960 1683 2555 2720
11464 4 2 0 1 1945 2682 3236 1169
11465 4 2 0 1 3236 2682 2377 1169
11466 4 2 0 1 1667 2025 2119 1585
11467 4 2 0 1 2273 1243 2554 3178
11468 4 2 0 1 2613 2960 1181 3249
11469 4 2 0 1 3248 2673 3249 1245
11470 4 2 0 1 1245 3249 2960 2613
$EndElements
