# File exported by Houdini 21.0.440 (www.sidefx.com)
# 1618 points
# 9282 vertices
# 3007 primitives
# Bounds: [-0.00867168047, 0.0693513155, -0.000122504891] to [0.0338393301, 0.128075227, 0.0330993012]
g 
v -0.0064817383 0.0898893252 0.00635847915
v -0.00563601125 0.0894701704 0.00580004323
v -0.00772612728 0.0881098583 0.00580345932
v -0.0074219089 0.0876926184 0.00559120905
v -0.00447156513 0.0889419019 0.0055887918
v 0.027389707 0.0716249198 0.0143209491
v 0.0277890917 0.0729174316 0.0134588992
v 0.0274355076 0.0725757703 0.0103086997
v 0.0270673074 0.0715524927 0.0106563186
v 0.0277484208 0.0728164613 0.0169860069
v 0.0262607411 0.0707036853 0.0110856723
v 0.0265632346 0.0707041994 0.0143626723
v 0.0262930132 0.0707687661 0.00874642283
v 0.0264361855 0.0700341761 0.0137059018
v 0.0260841902 0.0698884353 0.0117307343
v 0.0262519512 0.0698648915 0.018930506
v 0.0264765248 0.0700709596 0.0183050726
v 0.0264201984 0.0710545555 0.0179636795
v 0.0271455068 0.0719770789 0.00720826676
v 0.0222740043 0.0698891953 0.0128902746
v 0.022373626 0.0701325983 0.0155346068
v 0.0225117933 0.0708044767 0.0120213833
v 0.022337405 0.0715345293 0.0161553528
v 0.0225480162 0.0697899759 0.0161208995
v 0.0218409076 0.0718459487 0.0136320787
v 0.0218032077 0.071928829 0.0158143472
v 0.0223069992 0.0699550435 0.0106045855
v 0.022441173 0.0697744936 0.00715096341
v 0.021889627 0.0706421137 0.0096955942
v 0.0218933541 0.0715261623 0.0112828184
v 0.02118087 0.0709426701 0.00922122691
v 0.0205176137 0.0716976225 0.0102067748
v 0.0214909054 0.071995832 0.0120329196
v 0.0220042672 0.0703351274 0.00658057537
v 0.021305399 0.0703449249 0.00731331995
v 0.0205611326 0.0704942718 0.00692601362
v 0.0208051149 0.0720890015 0.0124019077
v 0.020885434 0.0718431324 0.0163888894
v 0.019013131 0.0715629533 0.0138131063
v 0.00857090671 0.0699121207 0.00765864505
v 0.00573640084 0.0697294772 0.00861198734
v 0.00978155062 0.0702091381 0.00914072711
v 0.004869767 0.0698506236 0.00945599098
v 0.00752293039 0.0702227727 0.0108535131
v 0.00571207004 0.0698822066 0.0132434564
v 0.010242762 0.0710472688 0.0130492235
v 0.00476035057 0.0698779821 0.0137141254
v 0.00944562443 0.0703153238 0.0150126182
v 0.00323735946 0.0702802688 0.00947476644
v 0.00357242883 0.0701017529 0.0163566191
v 0.00284859841 0.070416905 0.0116700232
v 0.00231208699 0.0702447817 0.0142071042
v 0.001712361 0.0702398717 0.0114008347
v 0.000518685032 0.0695096478 0.0117640346
v 0.00107619492 0.0694536939 0.00818930659
v 0.00204579881 0.0700534135 0.00925900508
v 0.000916463847 0.0694843233 0.014728535
v -0.00311491732 0.0696655512 0.00547699025
v 0.00096683827 0.0697361082 0.00553002302
v -0.000975036528 0.0693613514 0.00613045553
v -0.00322067458 0.0694031641 0.00647824584
v -0.000793831539 0.0693700463 0.00963129662
v -0.00396387558 0.069665052 0.00655001542
v -0.00447982037 0.0702444091 0.00571014825
v -0.00420787698 0.0698984489 0.0101456605
v -0.00366389169 0.0695234984 0.0109738111
v -0.00316950097 0.0693723187 0.0122894915
v -0.00474889157 0.0706029832 0.00977953523
v -0.00479428563 0.0706565157 0.0138968891
v -0.00514665572 0.0717933476 0.0136752008
v 0.0068985112 0.0875616446 0.0280194487
v 0.00239490764 0.082193695 0.0281808898
v -0.000441086595 0.0867128223 0.0281585846
v 0.00578844501 0.0769696236 0.0281095728
v 0.000875412545 0.0774405375 0.0283573158
v -0.00192842761 0.0760961324 0.0283554178
v 0.0033832984 0.0733937696 0.0281942952
v -0.000648435613 0.0726779029 0.0282982979
v -0.00298966677 0.081419915 0.0283489153
v -0.00106946554 0.0922801048 0.0281091277
v 0.001946048 0.0911541432 0.0281141233
v -0.0047106985 0.0787535533 0.0286406558
v -0.00408459734 0.0864901468 0.0282856245
v -0.00504629221 0.0898389369 0.0281785745
v -0.00158647262 0.092873171 0.0280658361
v -0.00592465606 0.0902130678 0.0277482346
v -0.00542189414 0.0837531313 0.0285887867
v -0.00674197078 0.0866257399 0.0285582617
v -0.00683602644 0.0834047645 0.0284914169
v -0.00658806227 0.0888048559 0.0282213502
v -0.00413269922 0.0919566229 0.0275254734
v -0.00712858047 0.0896620229 0.0269634556
v -0.00479166163 0.0746015012 0.0284129456
v -0.00530560454 0.078209497 0.0285825524
v -0.00591559289 0.0783833563 0.028337894
v -0.00556456344 0.0741228163 0.0248019733
v -0.00580596039 0.0759259984 0.0273600556
v -0.00527890166 0.0731424615 0.0272550825
v -0.00517501403 0.0737818703 0.0279258117
v -0.00637784973 0.0770272687 0.026150221
v -0.00656867214 0.0794405118 0.0278276503
v -0.00736142974 0.0821810961 0.027518671
v -0.00742020365 0.0842083097 0.0281714741
v -0.00773343304 0.0882836878 0.0278291926
v -0.00595138827 0.0752054378 0.0204979852
v -0.00628874125 0.0772660226 0.0239970647
v -0.00674389489 0.0785462558 0.0231108591
v -0.00670226151 0.0788870975 0.0259024855
v -0.00785039924 0.0842805356 0.0268442463
v -0.00753392559 0.0867349282 0.0283286814
v 0.0281961672 0.0804487988 0.00533909351
v 0.0286067482 0.0835604668 0.00521709118
v 0.0280676577 0.0816655755 0.00484320521
v 0.027660083 0.0757631734 0.00564057007
v 0.0276163276 0.0732014701 0.00644358853
v 0.0272879992 0.0731001422 0.00524640828
v 0.027615184 0.0745665431 0.00858670566
v 0.0280596782 0.0777235031 0.00661033159
v 0.0278631877 0.0761605501 0.00954443682
v 0.0282492079 0.0795595348 0.00695426436
v 0.0272833947 0.0762886181 0.00481720222
v 0.0266245343 0.0725155696 0.00471593207
v 0.0261946302 0.0752011165 0.00457479339
v 0.0251292754 0.0722042695 0.0044977651
v 0.0265566409 0.0717686489 0.00529832486
v 0.0268877391 0.0797158256 0.00452036969
v 0.0258814432 0.0844743028 0.00468536746
v 0.0241962168 0.0780660212 0.00480671925
v 0.0237509683 0.0832301304 0.0048770085
v 0.0244455896 0.0706682652 0.00616811682
v 0.0252813045 0.0712648407 0.00496133789
v 0.0232082251 0.0711565763 0.00494987285
v 0.0237672273 0.0699026734 0.00657960493
v 0.0236414969 0.0745613649 0.00478710001
v 0.0212415382 0.0783354491 0.00482282555
v 0.0209843758 0.0738390908 0.00472311722
v 0.0196282063 0.0832933187 0.00494004646
v 0.0181713924 0.0787820593 0.00487731863
v 0.0224657953 0.0721453354 0.00466920529
v 0.0200060681 0.0770526305 0.00495046983
v 0.0191264562 0.0714369938 0.00455471594
v 0.0211692564 0.0707370862 0.00520109851
v 0.0186137054 0.070783563 0.00493423268
v 0.0168867111 0.0704922304 0.00553989178
v 0.0306715388 0.0921237394 0.0237547476
v 0.0296478122 0.0891459435 0.0235693511
v 0.0299734324 0.0898350328 0.0251864437
v 0.0305497665 0.091422528 0.0258405712
v 0.0293475017 0.0880550221 0.0265666116
v 0.0297736507 0.089754276 0.0266437512
v 0.0302999448 0.0916164368 0.0270432904
v 0.0303529073 0.0962120369 0.0240638498
v 0.0307280291 0.0951813683 0.0231151674
v 0.031021012 0.0957185626 0.0248656999
v 0.0297511127 0.0957981795 0.0209838971
v 0.0293545816 0.0871216208 0.0242587477
v 0.0286462549 0.0922449306 0.0205292962
v 0.0271665193 0.0917323381 0.0206421465
v 0.0288552716 0.0896877125 0.0206280984
v 0.0298261512 0.0927233472 0.0206113458
v 0.0303798206 0.0926459283 0.0208803248
v 0.0295931716 0.0901984274 0.0211549196
v 0.0293184072 0.0948822126 0.0206625108
v 0.0290758479 0.0868425518 0.0150587633
v 0.028802 0.0875367001 0.0193487555
v 0.0284895226 0.0878130272 0.0168868601
v 0.0290247109 0.0860303491 0.0193044432
v 0.029001575 0.0867484584 0.0205645449
v 0.0279149543 0.0885465294 0.0181783251
v 0.0290642418 0.088132754 0.0206517763
v 0.0278201718 0.0889089257 0.0196245071
v 0.0273371246 0.0887368768 0.0186924338
v 0.0273930822 0.0888485834 0.0170117319
v 0.0202670451 0.0939375088 0.0275488105
v 0.0206459295 0.0951032192 0.0272531901
v 0.0243571904 0.0943285525 0.0275100749
v 0.0210165251 0.0922647193 0.0276883896
v 0.0228102822 0.0960458815 0.0271464959
v 0.0246492941 0.0962979794 0.0273700897
v 0.0191990193 0.0869073346 0.0276631527
v 0.0175171345 0.0911462978 0.0278755333
v 0.025012238 0.0916778967 0.0275977422
v 0.0173215065 0.0938764215 0.0276772883
v 0.0244647618 0.0975906774 0.0272616185
v 0.0232120547 0.0974742174 0.0266294591
v 0.0199961569 0.0972801149 0.0257426184
v 0.0220958441 0.0972180516 0.026203176
v -0.00598588353 0.0822900832 0.00543378713
v -0.00569738774 0.0767959058 0.0054180366
v -0.00456293533 0.0762744173 0.00531418948
v -0.00689884135 0.0818470791 0.00564116193
v -0.00685638841 0.0787873119 0.00593477162
v -0.00576227717 0.0744850188 0.0100594983
v -0.00629201159 0.0752104297 0.00783567782
v -0.00645291153 0.0770147145 0.0106930025
v -0.00651695859 0.0767796412 0.00689386902
v -0.00711798808 0.0788989291 0.00769493682
v -0.00670403801 0.0781869739 0.00895852409
v -0.00623749662 0.0766927227 0.00594035862
v -0.00734828785 0.081489116 0.00616772659
v -0.00731743267 0.081049636 0.0099948477
v -0.00705756387 0.0804246217 0.0128009776
v -0.00795300677 0.0856753588 0.00569140818
v -0.00732162129 0.0848592669 0.0157066789
v -0.00699005835 0.0852563307 0.0136286486
v -0.0075352178 0.0840251595 0.0161220822
v -0.00774564128 0.0834915414 0.0133392503
v -0.00797392149 0.083865501 0.00603050832
v -0.00832871255 0.0846085027 0.0079266578
v -0.00761143118 0.0817706063 0.00785651244
v -0.00860873051 0.0868191123 0.00923136622
v -0.00785099622 0.0841498524 0.0102975816
v -0.00831962377 0.0872460604 0.00994279329
v -0.00774314627 0.0877232328 0.0104889963
v -0.00758157158 0.0853815526 0.0108715855
v -0.00835974608 0.0859414935 0.00644618412
v -0.00867168047 0.0875541717 0.00795735512
v -0.00548933493 0.0725755543 0.0110256355
v -0.00578305684 0.0737735555 0.0127752787
v -0.00612627063 0.074716188 0.0163810905
v -0.00613799458 0.0759553835 0.0145226037
v -0.00637908932 0.0769632384 0.013532225
v -0.00670311647 0.0780668855 0.0183147565
v -0.00646268949 0.0764156133 0.0192121062
v -0.00716795865 0.0795689449 0.0168918874
v -0.00714883767 0.080636315 0.021141639
v -0.00760973664 0.0818917304 0.019711379
v 0.024348231 0.0709084868 0.0262830481
v 0.0238690786 0.0713311508 0.0271487627
v 0.0255641229 0.0708981007 0.0260810219
v 0.0265729036 0.0717139468 0.0270132385
v 0.0267857723 0.0723655522 0.0274688918
v 0.0228373222 0.072167784 0.0276380163
v 0.0230192132 0.0715970472 0.0274452772
v 0.0247167461 0.0700678006 0.0260881726
v 0.0239662211 0.0698087439 0.0256299432
v 0.0259672236 0.0698708594 0.0248711966
v 0.0228921436 0.0699086115 0.0253219903
v 0.0240774136 0.075325951 0.0275596082
v 0.0205947999 0.0758521557 0.0276448112
v 0.0183022525 0.0711518303 0.027626168
v 0.0150425928 0.0717646629 0.0279371459
v 0.0171896946 0.0734743103 0.0278218221
v -0.00375294522 0.0729287714 0.0285462774
v 0.0283047035 0.0797029659 0.0235732924
v 0.028763026 0.0831591263 0.0218079798
v 0.0287030227 0.0815127119 0.0251827408
v 0.0288328454 0.0848403946 0.0230445825
v 0.0288537107 0.083578065 0.0252989139
v 0.0281392559 0.0765921101 0.0184368771
v 0.02859159 0.0803398043 0.0171071608
v 0.0282046292 0.0773825869 0.0222672187
v 0.0286434907 0.082487531 0.0188707896
v 0.0279339533 0.0746841058 0.0231321827
v 0.0282473918 0.075442031 0.025104424
v 0.0282953028 0.077252157 0.0251287669
v 0.028379051 0.0794440135 0.0253887698
v 0.0281016175 0.0782547221 0.0267335158
v 0.0281092562 0.0745899379 0.0261565242
v 0.0277506448 0.0756382123 0.027241651
v 0.0279055722 0.0799584091 0.0274094567
v 0.0275681019 0.0724005252 0.0254119281
v 0.0274020527 0.0724588558 0.0269247293
v 0.0270367954 0.0716119185 0.0255268756
v 0.0275509376 0.0724117234 0.0234830454
v 0.0267179087 0.0745276883 0.0275987443
v 0.0266077444 0.0712444931 0.0212767143
v 0.0263198093 0.0707254261 0.022022916
v 0.0273181647 0.0719134659 0.0177142862
v 0.0278214365 0.0729309544 0.0202427711
v 0.0280760694 0.0741902888 0.018568676
v 0.0280828625 0.0749998689 0.0188465342
v 0.0259927455 0.0707641989 0.024158705
v 0.0276245307 0.0822769627 0.0275703408
v 0.0251252893 0.0812379569 0.0274883527
v 0.0224024355 0.0700881779 0.0190244857
v 0.0225513987 0.0706490651 0.0216319486
v 0.0226435717 0.0698392838 0.0219495315
v 0.022284396 0.0707795024 0.018850524
v 0.0211982634 0.0715936571 0.0198454428
v 0.0219714418 0.0712624192 0.0201994255
v 0.0213465765 0.0713086948 0.0230474677
v 0.0220561922 0.0709281042 0.025267398
v 0.02242608 0.0706707016 0.0248220377
v 0.0200663712 0.0712193251 0.0233328883
v 0.018387787 0.0709250569 0.0170418601
v 0.0187139437 0.0709682107 0.0203153919
v 0.0175873302 0.0707103014 0.0228014104
v 0.0189808886 0.0881716684 0.00490049599
v 0.0161238313 0.0830528289 0.00501030171
v 0.0189039055 0.0924070477 0.00499181915
v 0.0157045834 0.0901386514 0.00509322993
v 0.0150552755 0.0940954313 0.00525126839
v 0.0138425212 0.0928985924 0.00513749709
v 0.0126020899 0.0903143659 0.00514316745
v 0.0136875194 0.0867431015 0.00511128781
v 0.00891517103 0.0848778114 0.00526833162
v 0.010682554 0.0962325186 0.00559994485
v 0.00901032705 0.0930201039 0.00534669077
v 0.00841829181 0.0963265821 0.00554804131
v 0.0062815859 0.0959427953 0.00543788355
v 0.00311126444 0.0944704711 0.0281006508
v 0.00844475161 0.0925686955 0.0280192886
v 0.00167092029 0.0968659297 0.0277268812
v 8.18458502e-05 0.0959798396 0.0277063474
v -0.00475726696 0.091920644 0.0264290906
v -0.00249053398 0.0941383168 0.0259549282
v -0.00510152383 0.0914291069 0.0255622212
v 0.00542585785 0.0925630704 0.00536695076
v 0.00274353661 0.0882311314 0.00544935046
v 0.00271290378 0.0914085507 0.00550188916
v 0.00335639506 0.094822444 0.00542307412
v 0.00351179508 0.0966358557 0.0055580982
v 0.00110318989 0.0960151553 0.00586073287
v 0.00236996473 0.0969467536 0.00613129186
v 0.000836792518 0.0966245234 0.00637435727
v -0.001147117 0.0926908404 0.0056094001
v -0.000604041852 0.0910644457 0.00558498641
v -0.00114158448 0.0828775987 0.00549646514
v -0.00223620911 0.0926576555 0.00574634271
v -0.00131872029 0.0944340229 0.00624103332
v -0.00424517458 0.0851117373 0.00558445323
v -0.00402118219 0.0916336402 0.00611442886
v -0.00506840134 0.0916008055 0.00733660581
v -0.00324500864 0.092958875 0.00694057299
v -0.0020931405 0.0942429677 0.00753542781
v -0.00605013408 0.0906414464 0.00949895754
v -0.00440864125 0.0919627696 0.00992972869
v -0.00431509921 0.0923547596 0.00877644029
v -0.00666047633 0.0904599652 0.00732338754
v -0.00744018378 0.0898788869 0.00794959068
v 0.0292042252 0.0854049399 0.025501512
v 0.0291898437 0.0890440568 0.0271500014
v 0.0287388247 0.0895293951 0.0274978671
v 0.028501248 0.0813162401 0.0267402176
v 0.028528329 0.083151646 0.0271344371
v 0.0286337305 0.0859683678 0.0273989197
v 0.0290400609 0.0855048746 0.0268301107
v 0.0258765649 0.0873678401 0.0274815094
v 0.0272211842 0.0893471316 0.0275854841
v 0.023057811 0.0860507116 0.027574677
v 0.0208191965 0.0803303793 0.0277685504
v 0.0155202048 0.078972064 0.0279494151
v -0.00717839645 0.0809025392 0.0239851791
v -0.00785661861 0.0836386085 0.022182975
v -0.00749966921 0.0827004164 0.0240429789
v -0.00770731131 0.084004581 0.0201325528
v -0.00740316417 0.0846050829 0.0190409087
v -0.00696261367 0.0855217576 0.0209491458
v -0.00795392413 0.0851648971 0.0229674019
v -0.00729443086 0.0860003904 0.0225709807
v -0.00735923834 0.0811969414 0.0256928783
v -0.00799099728 0.0839362964 0.0239313189
v -0.00668276567 0.0864011273 0.0223569945
v -0.00837621093 0.0862888619 0.0245396886
v -0.00819759071 0.0876313001 0.0244705305
v -0.00837869663 0.0855175331 0.0254540332
v -0.00755608687 0.082231082 0.0177462231
v -0.00843499321 0.0868063718 0.0266354866
v -0.00842104387 0.0878872871 0.0260384865
v -0.00774731487 0.0891830772 0.0257757045
v 0.0118775442 0.0818967521 0.0279776212
v 0.0146839712 0.0882356763 0.0279017724
v 0.0138512729 0.0905103832 0.0279884674
v 0.014983994 0.0862197429 0.027828306
v 0.009109159 0.073974967 0.0280269217
v 0.0109569281 0.0771000832 0.0280056614
v 0.000208891186 0.0706364661 0.0284235086
v 0.00581053039 0.0714657307 0.0282245949
v 0.0027969142 0.0706613958 0.0282488037
v 0.00394331617 0.0699085966 0.0239895936
v 0.00244308845 0.0699317306 0.0240794346
v 0.00204494712 0.069906719 0.0268513504
v 0.00592028629 0.0698781013 0.0262540858
v 0.00202204054 0.0698461011 0.0259579066
v 0.00255154609 0.0700705573 0.0204163082
v 0.000842852052 0.069431603 0.0236623958
v -0.00253614667 0.0708438829 0.0286407731
v -0.00339411316 0.0704552233 0.0285384897
v -0.00452389754 0.0701029003 0.0205598306
v -0.00440897373 0.0702885017 0.0256156325
v -0.00372742582 0.0695785806 0.0211644527
v -0.00491631636 0.0709070712 0.0235106256
v -0.00385483401 0.0697513223 0.025799863
v -0.00469123479 0.0709347725 0.026610177
v -0.00533796987 0.0724579543 0.0258482378
v -0.00669042068 0.0854856819 0.0182748288
v 0.00781848561 0.0696939453 0.016670458
v 0.00603430439 0.0696163028 0.0164791141
v 0.00929736998 0.0699092969 0.0163196344
v 0.00505559612 0.0696930587 0.0196284223
v 0.00260079489 0.0700656921 0.0172399227
v 0.000855419901 0.0694333538 0.0193313323
v -0.00225487421 0.06936571 0.0160777979
v -0.00376409665 0.0696725696 0.0172458328
v -0.00301623601 0.0693736002 0.0228934381
v -0.00441654492 0.0701350868 0.0157216638
v -0.00513978675 0.071652405 0.0217966139
v -0.00533568766 0.0713074952 0.0177267473
v -0.00554892793 0.0721506774 0.0200888403
v -0.0057819318 0.0743350238 0.0228505805
v -0.00556172198 0.0729064792 0.0170694869
v 0.00442012865 0.0825023502 0.00533178169
v 0.00443471968 0.0784679353 0.00523790717
v 0.00806793105 0.0781201869 0.00521340827
v 0.00139203493 0.083330974 0.00539098587
v 0.000863537134 0.0750294775 0.00534160389
v -0.00331397983 0.0796842501 0.00555605348
v -0.00257338956 0.0759471953 0.00548835332
v -0.00521502271 0.089248322 0.0108212978
v -0.00368628022 0.09046074 0.0112489741
v -0.00394833647 0.09187603 0.0105035268
v -0.00594163965 0.0900283158 0.010215194
v -0.00549413962 0.0863421857 0.0139560821
v -0.00622049253 0.085772492 0.0152526796
v -0.00555526745 0.0862935856 0.0120040281
v 0.0154166231 0.0704463646 0.0248929244
v 0.018466806 0.0708540156 0.0271319598
v 0.0135610402 0.0706214905 0.0273090824
v 0.0115814153 0.0711039081 0.0279749241
v 0.0121493628 0.070773825 0.0277395286
v 0.0113214692 0.0701584816 0.0255815815
v 0.0106558641 0.0699085891 0.0234272536
v 0.0193113163 0.0710327551 0.00893752836
v 0.0175573975 0.0705714673 0.00809602346
v 0.0183679666 0.0712639391 0.010784056
v 0.0166669488 0.0713301226 0.0110924551
v 0.0185277108 0.0715649948 0.0131278429
v 0.017331833 0.07142362 0.0144882109
v 0.0170193799 0.0719562024 0.0134047074
v 0.0146351019 0.071047619 0.0150540853
v 0.0166741144 0.0706672296 0.0161277726
v 0.0151738012 0.0718872771 0.0139797051
v 0.0154078798 0.0720083863 0.0131785488
v 0.0133365085 0.0703044161 0.00756089576
v 0.0142251085 0.0706739798 0.00912176911
v 0.0127712395 0.0715358555 0.0124419127
v 0.0112084216 0.0701485872 0.006026824
v 0.012343673 0.0710359514 0.0109112505
v 0.0116636641 0.0710503086 0.0141805131
v 0.00758749852 0.0700371638 0.00549116544
v 0.00225886353 0.0725602731 0.00520419981
v 0.00556054432 0.0706712008 0.00494812895
v 0.00840074569 0.0717938766 0.00495981425
v 0.00980694685 0.0704236403 0.00511845434
v 0.00294967485 0.0699840933 0.00513481116
v 0.013358755 0.0709453449 0.00488128373
v 0.00602747034 0.0746304393 0.00517671695
v 0.003162537 0.0757318884 0.00538301654
v 0.00182526908 0.0705226213 0.00483753998
v -0.000625269953 0.0702393949 0.00515100034
v 0.00314005534 0.0697867423 0.00640588533
v -0.000697941752 0.0713432282 0.0051582884
v -0.00143102463 0.0731271505 0.00544030685
v -0.00351979584 0.0705558136 0.00500580342
v -0.004115324 0.0730142295 0.00522319833
v -0.00201025675 0.0933724642 0.027804153
v -0.00123868953 0.0927015096 0.0121087395
v -0.000978947384 0.0939418226 0.0115621015
v -0.00111702224 0.0944440663 0.0107604153
v -7.75549706e-05 0.0963915512 0.0070278882
v -0.000331969641 0.0962699056 0.00800206792
v -0.000976113311 0.0953663513 0.008525691
v -0.00180971518 0.0942951292 0.00946280081
v 0.0205987282 0.0709205642 0.0263058152
v 0.016285805 0.0704765692 0.0182788204
v 0.0120625729 0.0700550526 0.0182361379
v 0.0139714098 0.0702291057 0.020995222
v 0.0129392743 0.070411399 0.0161802061
v 0.0071196924 0.0696669668 0.0209663939
v 0.0308320802 0.0932390839 0.0268797372
v 0.0311452784 0.0939842314 0.0261829048
v 0.0307036266 0.0953369141 0.026790252
v 0.0301555935 0.0960854515 0.026752023
v 0.0307162218 0.0926954299 0.0214474257
v 0.0308141988 0.0936988369 0.0231850427
v 0.0311082769 0.094413884 0.0248848666
v 0.0301935393 0.0935229957 0.0274573546
v 0.0296762232 0.0956293195 0.0273366831
v 0.0306583252 0.0946101844 0.0077853743
v 0.0304016676 0.0910877585 0.00939224754
v 0.0308368951 0.0934344903 0.0101238331
v 0.0306233279 0.0923324227 0.00576355634
v 0.0300235599 0.0905444399 0.00572691392
v 0.0306564867 0.0930617973 0.010673129
v 0.0302644186 0.0928048566 0.0111025888
v 0.0297068227 0.0890196562 0.00985128526
v 0.029675588 0.0889501721 0.00831563491
v 0.0304575339 0.0931424052 0.00500585278
v 0.0299049299 0.0911005214 0.00502408622
v 0.0292043593 0.0868897364 0.00619634055
v 0.0293683596 0.088099502 0.00740423752
v 0.029304577 0.0889336392 0.00529638538
v 0.0289126989 0.0860447586 0.00562649034
v 0.0287909191 0.0885747299 0.00477946317
v 0.0298308339 0.0931547284 0.00459148316
v 0.0283107981 0.0881126374 0.00454319641
v 0.0277261958 0.0901994184 0.00446558977
v 0.024363393 0.0912648067 0.00484290533
v 0.0233708732 0.0873370916 0.00486851577
v 0.0219280533 0.0945744142 0.00514083635
v 0.0202526581 0.093984127 0.00518971868
v 0.0223465655 0.0930866525 0.00488746585
v 0.0206505004 0.0964973941 0.00640621269
v 0.0184162613 0.0964191556 0.00621269876
v 0.019644076 0.0962460637 0.00670990907
v 0.0289298259 0.0844966024 0.0145148374
v 0.029055072 0.0853504092 0.0175220333
v 0.0292063281 0.0861796662 0.0151525121
v 0.028811669 0.0827136487 0.0130629251
v 0.0289878435 0.0851192623 0.00952824671
v 0.0285709575 0.0827177092 0.010076195
v 0.0290400162 0.0863012373 0.0124086402
v 0.0289807413 0.087004438 0.0122907637
v 0.0281535089 0.0882644504 0.0144402143
v 0.0287710652 0.0840357244 0.00747322664
v 0.0283125769 0.0802097246 0.00981225725
v 0.028674813 0.0822591782 0.00683206785
v 0.0281390082 0.0794544145 0.00859181862
v 0.0283721518 0.0788357258 0.014313749
v 0.0280062966 0.0771275386 0.0112038814
v 0.0282199532 0.0766950846 0.0142134177
v 0.0275047366 0.0886697695 0.014501716
v 0.0267308448 0.0884371698 0.0151232621
v 0.005200841 0.097020261 0.0278903767
v -0.002256301 0.092840746 0.0245763101
v -0.000275589584 0.0946343914 0.0241310019
v -0.00143730838 0.0928960666 0.0233337991
v 0.000616046193 0.0954298079 0.0227696858
v -0.00203798409 0.0909964293 0.0221414268
v -0.00305354083 0.0892948136 0.0207226276
v -0.00198157714 0.0906074718 0.0193184856
v -0.00418756483 0.0902967975 0.0236922652
v -0.004818446 0.0902237967 0.0242183506
v -0.00411851751 0.0887745917 0.0224166401
v -0.00518559013 0.0875931829 0.0224914029
v -0.00741147436 0.0891427472 0.0250645522
v -0.00540826237 0.086593397 0.0214846209
v -0.00514568388 0.0864009783 0.0195432417
v -0.00531856855 0.0860906318 0.0172675308
v -0.00744485622 0.0881658047 0.0240206979
v 0.0181365646 0.0761748925 0.00509504788
v 0.0172449909 0.0734459609 0.00489350269
v 0.0193456877 0.0705509037 0.00721481908
v 0.016201701 0.0710706636 0.00480132317
v 0.016629545 0.0758034065 0.0049984362
v 0.0148632489 0.0759356543 0.00496102544
v 0.0115235299 0.0777332634 0.00510893157
v 0.0124477325 0.0732658654 0.00502286851
v -0.00503521692 0.0730485693 0.00548840361
v -0.00537818111 0.0725345686 0.00639480492
v -0.00496812304 0.0709879994 0.00557235582
v -0.00572010176 0.0734533817 0.00770861981
v -0.00592783932 0.0745787248 0.00610078266
v -0.000786036369 0.0694135651 0.0264818724
v -0.000990777276 0.069368884 0.0201291274
v 0.0247979611 0.0698332936 0.0149319842
v 0.0220679175 0.0698595345 0.00843881257
v 0.0261743478 0.09338402 0.00468043471
v 0.0237674434 0.0950705484 0.00482478505
v 0.0291862022 0.0922728032 0.0276627839
v -0.00204204535 0.0942362323 0.0253061932
v 0.00649738731 0.0696586892 0.0243523177
v 0.00666103279 0.0700895563 0.0273725484
v 0.00671436032 0.0703518316 0.0279362369
v 0.00206106692 0.0701353401 0.0279218741
v -0.00199908484 0.0941223204 0.0272703581
v -0.000783899042 0.0926166549 0.0217435453
v 0.0142151052 0.0946326628 0.0275847837
v 0.0127918711 0.0932278633 0.0279206727
v 0.0173319411 0.0955118611 0.0270302836
v 0.0154209333 0.0966886654 0.0267507769
v 0.0295784716 0.0894547179 0.0219106395
v 0.0305198655 0.0945379212 0.0213792175
v 0.000703927828 0.0958227664 0.0245839395
v 0.00151491445 0.0964783356 0.0252980217
v 0.00153244135 0.096263811 0.0236149281
v 0.027936805 0.074712351 0.0140758287
v 0.02625666 0.0885767862 0.0174816065
v -0.0069215931 0.0791013911 0.0140231792
v 0.0228481032 0.0708644912 0.0257677119
v 0.0298009533 0.0901760533 0.0108605241
v 0.0285745747 0.0888662636 0.0113912662
v 0.0293787159 0.0929877982 0.0112928888
v 0.0292088427 0.0873470306 0.0108702471
v 0.0265832916 0.0883778632 0.0193724781
v -0.00758491457 0.0843923241 0.0118124587
v 0.026127765 0.0699937046 0.00972541515
v 0.0253160764 0.0698743761 0.00731845247
v 0.0272097103 0.0889822245 0.0197088383
v 0.0261496082 0.0885046199 0.0195456911
v -0.00170128583 0.0949451029 0.026633475
v 0.0167953074 0.0949528143 0.00550927874
v -0.00267482665 0.0693513155 0.0260987766
v -0.00671167625 0.0858862326 0.0116160782
v -0.00632710103 0.0870536789 0.0111035965
v -0.00721991016 0.0896929875 0.00947329774
v -0.00831758138 0.0883392766 0.00634390255
v 0.0278814565 0.0883630738 0.0125182495
v 0.00694833323 0.0965246409 0.00579489209
v 0.0260286182 0.0896229967 0.00476495922
v 0.00101931521 0.0969657227 0.00901040528
v -0.00165570062 0.0697231516 0.028182881
v 0.00294117699 0.0698881447 0.007707329
v -0.00730974879 0.0888595507 0.0104762735
v -0.00350799877 0.0899642333 0.0120141115
v -0.00453029526 0.08836063 0.0116857458
v 0.0290056188 0.0881154165 0.0112220822
v -0.00440645823 0.0871239901 0.0164172016
v 0.027440263 0.0941448882 0.027596835
v 0.00968475733 0.095884636 0.0276217237
v -0.00446844893 0.0711846277 0.027938908
v 0.0276131909 0.0940722004 0.0208975989
v 0.0263380911 0.0941433161 0.0214386936
v 0.026546156 0.0924487934 0.0209005177
v 0.0271575451 0.0948857665 0.0212499183
v 0.0232255459 0.0959863216 0.00507632596
v 0.0230302811 0.0958944634 0.00574365817
v -0.00750398682 0.0819416195 0.012147543
v -0.00525071286 0.0711394548 0.00767427403
v -0.000605047389 0.0960711762 0.0271622874
v 0.00026444305 0.0966528952 0.0272402
v 0.0236273706 0.0974284634 0.0261569005
v 0.0204866435 0.0973322988 0.0255318489
v 0.0224900078 0.09707091 0.0252317078
v 0.0177370831 0.0975284949 0.0252704024
v 0.0101588126 0.0968000963 0.0274091046
v 0.0126069169 0.0972834826 0.0270872526
v 0.0282141846 0.0955761671 0.010983781
v 0.0279226676 0.0928932875 0.0108064376
v 0.0279882252 0.0952800959 0.0108417831
v 0.0169502422 0.0973268822 0.025949588
v -0.00743503589 0.0824205056 0.0149627011
v 0.0298576131 0.0956856981 0.011024666
v 0.0304062907 0.0952776521 0.00996256899
v -0.00824534521 0.0884054601 0.00947061833
v 0.0269682519 0.0976218209 0.0274300724
v 0.0268024299 0.0978722572 0.0272801574
v 0.0258500539 0.097767666 0.0268439408
v 0.0100521976 0.097024627 0.0270740055
v 0.00734300027 0.096922867 0.0276739914
v 0.000859070511 0.0969113335 0.00770713622
v 0.0287891366 0.0970097706 0.0258618928
v 0.0286199972 0.0970321968 0.0271693431
v 0.0271121208 0.0898396447 0.0202044714
v 0.0266101174 0.0953424275 0.0218632929
v 0.0279548224 0.0959867537 0.0209922828
v 0.0260517932 0.0965061933 0.0241863504
v 0.0272865258 0.0965638459 0.023286514
v 0.0274084378 0.0970502347 0.0246900115
v 0.0268758219 0.0879143924 0.012300943
v 0.0259663444 0.0890307203 0.0142773939
v 0.0245703049 0.0907367095 0.0118938256
v 0.0252177455 0.0901688635 0.011829841
v 0.0225844607 0.0930713713 0.00970010366
v 0.0225783698 0.0936497301 0.00891565159
v 0.019583609 0.0955391973 0.00751187978
v 0.0271732472 0.0878945664 0.0124992421
v 0.0245447606 0.0911779404 0.0101403147
v 0.0224811621 0.0949103311 0.00719364313
v 0.00156400283 0.0973441452 0.00990341324
v -0.0044505815 0.0880712643 0.0131610129
v -0.00191248115 0.0914357528 0.0124254357
v -0.00543882418 0.0871033221 0.0113262692
v 0.0128616048 0.0959580243 0.00558454404
v -0.0039017247 0.0700700879 0.0277606212
v 0.0285514779 0.091497153 0.01126251
v 0.025919443 0.0948049724 0.00474359421
v -0.0083386125 0.088737078 0.00789864548
v 0.0253207739 0.0708175674 0.00644623116
v 0.00078580319 0.0960502923 0.0118156439
v 0.00163833308 0.0963973403 0.0129909087
v 0.000610738702 0.094724156 0.0128849726
v 0.00583102321 0.0967237651 0.00565113546
v 0.0276542325 0.0900477245 0.0113626486
v 0.0282623917 0.0893075541 0.0202961452
v 0.0273086578 0.0911407545 0.0109498482
v 0.0049799839 0.0966581777 0.00576885091
v 0.0301987547 0.0956772566 0.00862515904
v 0.0307272319 0.0956215858 0.0066610123
v -0.00853071734 0.0875235423 0.00655420031
v 0.00813747291 0.0970106274 0.0273756608
v 0.0294599738 0.0961628705 0.0226074401
v 0.0217179488 0.0941096321 0.0228965022
v 0.0206756238 0.0949357003 0.0219404493
v 0.0242778137 0.0910010412 0.0200911779
v 0.018993685 0.0970748737 0.0241889544
v 0.0221371017 0.0939099342 0.023109762
v 0.0199694056 0.0970523953 0.0249383003
v 0.0238181278 0.0908312052 0.0156166265
v 0.02391739 0.0959204435 0.00516615389
v 0.021373393 0.093466714 0.0167093519
v 0.018978497 0.0960387811 0.0173279177
v 0.0180334263 0.0975583419 0.0245612729
v 0.0180612393 0.0973133966 0.0215920918
v 0.0181931667 0.0967661366 0.0172000472
v 0.0186418332 0.0953943059 0.0110531673
v 0.0206684731 0.0934902206 0.011966628
v 0.0171493664 0.0972014144 0.017505398
v 0.0177040249 0.0967369676 0.013910301
v 0.0174130797 0.0963964462 0.0100532481
v 0.0193717461 0.0946507752 0.0095899161
v 0.0171272829 0.0968520194 0.0125245713
v 0.0171039421 0.0964305624 0.00838266592
v 0.0190885458 0.0950202569 0.00880821887
v 0.0160475522 0.0968000665 0.0095298402
v 0.0173494425 0.0964598134 0.00691639027
v 0.0195837934 0.0949464515 0.00845721085
v 0.0147531219 0.0967431217 0.00721429707
v 0.0159617197 0.0964322016 0.00636711158
v 0.0137446104 0.0964035317 0.00587299233
v 0.0126208793 0.096592851 0.0061670877
v 0.00223644474 0.0971199349 0.007654808
v 0.0026966508 0.0968054533 0.0260773469
v 0.00445920369 0.096758157 0.0254951715
v -0.00106367923 0.0954907238 0.025390042
v -0.00257311086 0.089910686 0.0146580925
v 0.026062429 0.0709538162 0.00734739704
v 0.0266643595 0.0958714187 0.027418511
v 0.0264337696 0.0908164978 0.0205690786
v 0.024134893 0.0966709405 0.0244034827
v 0.024853196 0.095621042 0.0231442284
v 0.0239874162 0.0956943855 0.023877291
v 0.0217306633 0.096720241 0.0250224024
v 0.0253728703 0.0903522149 0.0207977071
v 0.0233748369 0.0938375667 0.0231515989
v -0.00771090807 0.0834077224 0.011744882
v 0.0225019436 0.0698225871 0.0240849294
v 0.0166379698 0.0961185023 0.00600882759
v 0.0147174625 0.0969489664 0.0125355069
v 0.015538699 0.0973276272 0.022460416
v 0.00987469032 0.0965909809 0.00606028922
v 0.00800880231 0.0964749157 0.00596900936
v 0.00536473421 0.0968565047 0.00948499423
v 0.00999965146 0.0967448801 0.00849919673
v 0.00215652236 0.0969591513 0.0131330155
v 0.00176801789 0.0973868966 0.0121200066
v 0.00314773712 0.0971525833 0.0128027275
v 0.00297558866 0.0969876945 0.0161323585
v 0.00706399791 0.0972435698 0.0166366678
v 0.00284514204 0.0975928009 0.0277830996
v 0.00187583792 0.0972962305 0.0271716453
v 0.00447009644 0.0972724482 0.0277677439
v 0.00543020479 0.0967861414 0.00756091718
v -0.00311490404 0.0696874857 0.0279990081
v 0.00102770585 0.0951496512 0.0128044831
v 0.00155430357 0.0971598402 0.0108085312
v 0.0140326237 0.0973989889 0.0265097264
v 0.0149612427 0.0974567235 0.0250742156
v 0.0127242142 0.0970524922 0.016412776
v 0.012679304 0.0968125984 0.0108838174
v 0.0114501109 0.0973105952 0.0209210608
v 0.0113433581 0.0974027961 0.0243191235
v 0.0118363891 0.0974066779 0.0263361838
v 0.00573851448 0.097213231 0.0178081635
v 0.00791704096 0.0971665308 0.0222992934
v 0.00577198807 0.0964893475 0.0246691704
v 0.00525893271 0.0965919495 0.0226314366
v 0.00442769192 0.0963783711 0.024414042
v 0.00131413864 0.0957514942 0.0213346872
v 0.00203379989 0.096025981 0.0220203847
v 0.00147090503 0.0959391147 0.0190610699
v 0.00215716125 0.0964818746 0.018112829
v 0.00153124798 0.0961492211 0.0160424933
v 0.000233918108 0.0938603804 0.0211114027
v 0.000322356442 0.0939192474 0.0188419111
v 7.25713035e-05 0.0935739279 0.0148240393
v -0.000648499699 0.0926733091 0.0135919871
v -0.00178167981 0.0908570513 0.0164590776
v 0.0305724945 0.0954675749 0.00578613672
v 0.0294975676 0.0952401832 0.00455791131
v 0.0291330423 0.0955888852 0.00645052688
v 0.0301649906 0.0954206288 0.00800064299
v 0.0276860129 0.0954044536 0.00469328789
v 0.027753504 0.0956991762 0.00500675989
v 0.0289647467 0.0958441123 0.0105988281
v 0.0296066981 0.0954506546 0.00907160621
v 0.0297096856 0.095176056 0.00824576057
v 0.0271579809 0.0955084339 0.00514778448
v 0.0259652324 0.0955458581 0.00510461256
v 0.0260598511 0.0950771123 0.00604809914
v 0.0275836661 0.0939009562 0.00818048138
v 0.027682187 0.0925445706 0.0108233308
v 0.0266123433 0.0933770463 0.00904201344
v 0.0257455744 0.0943463743 0.00730710663
v 0.0258120298 0.0953739509 0.00537116732
v 0.0259533338 0.0950655118 0.00599165866
v 0.0245921481 0.0954219624 0.00573652238
v 0.0242399834 0.094336085 0.00675277319
v 0.0262850616 0.0915265456 0.00946077332
v 0.0278361198 0.0885762051 0.0120277675
v 0.026937617 0.088324748 0.011770959
v 0.0269115642 0.0897005796 0.0110265734
v 0.0262571461 0.0901136696 0.0103636961
v 0.0248355381 0.0919724777 0.00889180973
v 0.00689204363 0.0971543118 0.0276500396
v 0.0247714315 0.0901941732 0.0140171144
v 0.0224060118 0.0920924321 0.0125203133
v 0.0226923805 0.0923252478 0.011281291
v 0.0249786805 0.0924673304 0.0219690166
v 0.00538299885 0.0817971081 0.0329976119
v 0.00419650553 0.0768728033 0.0330457389
v 0.00391209172 0.0999990776 0.0201295409
v 0.0166408792 0.100003004 0.0242393836
v 0.0162690617 0.121188767 0.0261702947
v 0.0161686391 0.117038608 0.0265173186
v 0.0154605452 0.11838273 0.0251638442
v 0.0185926147 0.127319559 0.0265224706
v 0.0224391632 0.122654222 0.0265257172
v 0.0179059971 0.113601558 0.0264827833
v 0.0237167645 0.123765461 0.012062612
v 0.0241411813 0.125919446 0.015266859
v 0.0240799598 0.12643604 0.0182215851
v 0.0235747229 0.126955852 0.0074300929
v 0.0235758591 0.126914367 0.0159639679
v 0.0146318823 0.0926537439 0.0330090038
v 0.0130534368 0.0807592645 0.0329908431
v 0.0218925998 0.0808908939 0.0330056362
v 0.0260354523 0.08626315 0.00502179423
v 0.0248736311 0.0936172828 0.00501349475
v 0.0199549254 0.0812664926 0.00500422902
v 0.0134962182 0.0909968689 0.00501230778
v 0.0257652216 0.105006963 0.0178197064
v 0.0241809301 0.10495346 0.0180663895
v 0.0266493186 0.10539788 0.0139281023
v 0.0257004779 0.104959562 0.0064071021
v 0.0266633239 0.105349533 0.00769384578
v 0.0286373124 0.0999223739 0.0125139365
v 0.0295154229 0.100208901 0.0134235835
v 0.025574429 0.0999868661 0.0129321627
v 0.000690289831 0.0757662877 0.0329598375
v 0.000101576385 0.0710947886 0.0326092616
v 0.000623946369 0.0902684554 0.0330209807
v 0.00158703362 0.0710375234 0.0330993012
v 0.00471868599 0.0739715174 0.0329746976
v 0.000946845335 0.0837920532 -3.81996142e-05
v 0.00410644244 0.0871581584 5.11709186e-06
v 0.006570403 0.0879199207 -1.37539282e-05
v 0.0298023652 0.0801921263 0.0284312069
v 0.0299236868 0.0855404213 0.0289023537
v 0.0293110646 0.0819884017 0.0280980598
v 0.0299419966 0.0756456628 0.0321082622
v 0.0299484786 0.0888992548 0.0312788635
v 0.000836540363 0.0756078362 -7.821279e-05
v 0.00274717738 0.0714381412 -0.000122504891
v 0.00435673492 0.0756500661 6.21148429e-05
v 0.00012760282 0.0822422951 0.000208213547
v 5.66663111e-05 0.0712851658 0.000162320692
v 0.00462229596 0.0996654183 1.89975999e-05
v 0.0117421839 0.101124965 -3.8937892e-06
v -0.000175693582 0.0774440765 0.0318189152
v 0.0280107353 0.0851775035 0.0279616099
v 0.0250248797 0.078698054 0.0279444028
v 0.0250979923 0.0938962922 0.0280020908
v 0.0166444592 0.0882894993 0.0280122943
v 0.0277742129 0.0894040614 -5.90978707e-05
v 0.0216693003 0.0866247416 1.13760461e-05
v 0.00758218858 0.0993328169 0.0280118622
v 0.000762263488 0.099789761 0.0275900718
v 0.00378610846 0.0936460122 0.0279791672
v 0.0149644306 0.0989308432 0.028042499
v 0.0124977473 0.0947946757 0.0279886946
v 0.0202800576 0.0729168132 -6.73657196e-05
v 0.0175769143 0.0763399675 -1.84371711e-05
v 0.012516316 0.0709609836 -4.95268141e-05
v 0.0112153646 0.0788799748 -7.1673212e-06
v 0.0117790047 0.100049414 0.032995522
v 0.0289232731 0.0999767035 0.0272669662
v 0.0189659745 0.100000441 0.0154623408
v 0.0299281441 0.104361609 0.0156192994
v 0.0298592616 0.100914195 0.0188382268
v 0.0174650326 0.105036549 0.0311495755
v 0.0100321565 0.105008088 0.0323229842
v 0.0237438921 0.104383685 0.0330098681
v 0.00763985794 0.10475795 0.0328168087
v 0.0113050714 0.110353023 0.0102475453
v 0.0130149741 0.112043902 0.0216505714
v -0.000172600834 0.0877020061 0.00253379042
v -0.00011181934 0.0866326019 0.000771876134
v 1.89037073e-05 0.0939692706 0.000312427233
v 0.0312707089 0.111748904 0.0123399384
v 0.0325665176 0.11804039 0.0169601217
v 0.0297017135 0.096427165 0.0327764936
v 0.0291114058 0.0946284384 0.033023715
v 0.0299723279 0.100296177 0.0318509787
v 0.0296657439 0.0815833956 0.0327457488
v -0.000129002889 0.099408865 0.000884782407
v 0.00047903927 0.0938183963 2.4589699e-06
v -2.78448388e-05 0.0973696411 0.00435675308
v -0.000161109914 0.0921347812 0.00375283696
v 1.48650884e-06 0.0894381404 0.00454187021
v 0.000512761821 0.0927733928 0.00497577619
v 0.029234523 0.0849642977 0.000107031927
v 0.0298083369 0.0910912305 0.000677320408
v 0.0288898833 0.103952251 -6.10827192e-05
v 0.0299319234 0.0830956399 0.032266289
v 0.0288214013 0.0777424499 0.0330219045
v 0.000438890624 0.104874127 0.0146949571
v -0.000100841025 0.104309723 0.0139445169
v 0.00101878284 0.105040066 0.0194737073
v 0.000575473125 0.105031967 0.00637193723
v 0.00288967998 0.105021887 0.0202793367
v 0.000232312712 0.104793139 0.0215914417
v 0.0205519181 0.108598448 0.0196379554
v 0.0199630372 0.105852865 0.0147995651
v 0.0199538954 0.105883747 0.0235770531
v 0.0200786926 0.105236858 0.019964017
v 0.0258920696 0.0809720457 -1.78727441e-05
v 0.0302794389 0.122121632 0.0205539651
v 0.0304663125 0.123146333 0.0152481869
v 0.0304055586 0.122926213 0.0225012247
v 0.0294615086 0.118105531 0.019830225
v 0.029635556 0.119057298 0.013831595
v 0.0103556328 0.104891889 0.000465423422
v 0.021634521 0.104564756 0.000155031637
v 0.0207215715 0.105040699 0.00136726827
v 0.0113846892 0.104310162 8.69623364e-06
v 0.0223086905 0.10381712 -4.1071271e-05
v 0.0293112937 0.104889087 0.000497310946
v 0.0291977506 0.117153808 0.00860590115
v 0.0292197354 0.116862066 0.00699825585
v 0.0293017738 0.117220588 0.011673484
v 0.0279882997 0.111004531 0.0136060705
v 0.0283087119 0.111723855 0.00681263907
v 0.0300686359 0.119146399 0.0065269554
v 0.0276293904 0.109501995 0.00853936747
v 0.0287234373 0.111324199 0.00644401927
v 0.0298836771 0.091880545 0.00418107118
v 0.0299745537 0.0883955061 0.00314342836
v 0.0293901954 0.0872601047 0.00484261289
v 0.029036263 0.0748399496 0.0279511083
v 0.025700191 0.0727904961 0.0279266015
v 0.0218157992 0.0711841807 0.0279102959
v 0.0185252801 0.0702661201 0.0282591358
v 0.0224401038 0.0699955449 0.0290197078
v 0.0295183491 0.0704555884 0.0282254945
v 0.0289017614 0.0699179769 0.0291860271
v 0.0134267807 0.0699349791 0.0292963609
v 0.0229866058 0.0699711666 0.0319599435
v 0.00931160804 0.069984816 0.00101535139
v 0.018307697 0.0699495301 0.00338112004
v 0.0102271233 0.0703285486 0.000195405839
v 0.0133886579 0.0700008199 0.00418298645
v 0.00831339229 0.0702825189 0.00482784957
v 0.0269431248 0.105832644 0.0257314816
v 0.0281540174 0.111258492 0.0262326524
v 0.0277742222 0.109978154 0.02189379
v 0.0065097441 0.105535768 0.0187197886
v 0.0056245923 0.105057061 0.0154150566
v 0.00587225659 0.105186783 0.0279053673
v 0.00839546882 0.107471049 0.0161240846
v 0.00964211021 0.108758144 0.0274276771
v 0.030277757 0.107028715 0.0129420813
v 0.00616907328 0.0793580934 -2.23271272e-05
v 0.0274407379 0.085877277 0.0330243297
v 0.00413839053 0.0826501921 0.028002277
v 0.000625390036 0.0897555873 0.0279629473
v 0.000752291759 0.0832995847 0.0279928725
v 0.0113681806 0.0809883326 0.028006766
v 0.00662411842 0.0871798843 0.0279741082
v 7.25782286e-07 0.0877536833 0.0283112824
v 0.0299547724 0.09356305 0.00176148373
v 0.0295807067 0.0963887796 0.000162939294
v -7.21097676e-05 0.104075506 0.0243926086
v 0.000540918962 0.104863934 0.0285970829
v 0.000720780517 0.0817959383 0.00501519488
v 0.000152791385 0.0805608705 0.004814927
v 0.0206517708 0.104976557 0.0177704357
v -0.000153498186 0.100903518 0.0122153191
v 4.05541032e-05 0.104847312 0.00548367016
v 4.39591313e-05 0.100355029 0.0132355914
v 0.000243174669 0.100220427 0.0223912708
v 0.000792838691 0.099956505 0.0121069998
v 0.00107464718 0.0999637395 0.0236860458
v 0.0313555859 0.11488951 0.0064902124
v 0.0312047917 0.111673146 0.00683100289
v 0.00987410266 0.0774841756 -4.69030892e-05
v 0.0284561981 0.0894178301 0.00503430236
v 0.029675955 0.0990050361 0.00479837041
v 0.0297101699 0.0805669278 0.00478236005
v 0.0299327318 0.0814168081 0.00420599477
v 0.028642904 0.0709503517 0.00503782509
v 0.0138617493 0.0809111744 0.00499167433
v 0.014238405 0.0958019197 0.00498829689
v 0.0296112243 0.0914771631 0.0282023232
v 0.0302804559 0.108725816 0.0264276862
v 0.0332374983 0.124206729 0.0265352298
v 0.0322839878 0.117442481 0.0263427477
v 0.0310646277 0.110676549 0.0257840939
v 0.032275714 0.11647065 0.0258510839
v 0.0290014576 0.109867215 0.0265789516
v 0.0274604112 0.105744354 0.0264647584
v 0.0295315944 0.10581103 0.00663873879
v 0.0283924248 0.105646662 0.00642020069
v 0.00756068155 0.0731536224 0.0039105243
v 0.00855546538 0.073526226 0.000831490674
v 0.00911610201 0.0741127282 0.00440331735
v 0.00825670268 0.0728977621 0.00476196734
v 0.0334645547 0.124908157 0.0194980241
v 0.0338393301 0.12444932 0.0140606454
v 0.0315293185 0.125342458 0.0256221611
v 0.032037273 0.125234291 0.0141326198
v 0.0309454929 0.125037402 0.017132666
v 0.0314976946 0.125316024 0.00724981539
v 0.0336837694 0.123992078 0.006728685
v 0.0325500108 0.117733583 0.00711330632
v 0.00449570687 0.10495761 0.00566513604
v 0.00379050523 0.104960755 0.0146141909
v 0.00665513938 0.105690978 0.00940608513
v 0.0298980232 0.101429366 0.00770487403
v 0.0155113703 0.100045301 0.0267065447
v 0.000671936607 0.0999935567 0.0266858637
v 0.0141402436 0.0998758376 0.0276129413
v 0.0163349416 0.100003734 0.00848047342
v -0.000177643655 0.0754109025 0.000853162259
v -0.000118241762 0.0782324523 0.00422072643
v 0.0301328152 0.106175691 0.0228673778
v 0.0249098577 0.100427538 -4.82031965e-06
v 0.00316641736 0.0961022899 0.0329916887
v 4.7132442e-05 0.081923604 0.0327701159
v 1.24243195e-06 0.0974686444 0.0326795541
v -0.000150262335 0.101216152 0.00328219426
v -0.000133254216 0.0990242362 0.00371869444
v 0.000151399174 0.10447827 0.000229833677
v 0.012572906 0.104045734 0.0330301523
v 0.0195103455 0.12386103 0.0220291615
v 0.0191561915 0.124696016 0.0242379997
v 0.0197215658 0.123544671 0.0234539434
v 0.0194312558 0.122680053 0.0204500165
v 0.0190028418 0.123411402 0.0195460077
v 0.0191247817 0.124856301 0.0206131916
v 0.0192470793 0.125261515 0.0227322001
v 0.0152653437 0.0710098445 0.0279569849
v 0.0169095453 0.123116404 0.0264199208
v 0.0165308695 0.122277021 0.0261310562
v 0.0169278085 0.124284722 0.0255244132
v 0.0171885528 0.127338454 0.0254862364
v 0.0177327022 0.127893746 0.0261905193
v 0.021285357 0.116419032 0.0265163947
v 0.0225738119 0.119735584 0.0262512583
v 0.0214494616 0.114207871 0.026304679
v 0.0228313357 0.120029159 0.0258294586
v 0.022151228 0.116114929 0.0255519357
v 0.0192315653 0.116794087 0.00650110003
v 0.0203929748 0.123594806 0.00650657481
v 0.0161165092 0.117759272 0.00647483347
v 0.0159498733 0.119852416 0.00666411081
v 0.0216442179 0.113929711 0.0177370906
v 0.022860609 0.119668409 0.0178136565
v 0.022585839 0.118521914 0.0113291899
v 0.00102465658 0.105068289 0.0321731977
v 0.00412875181 0.104979835 0.0282898583
v -4.35776892e-05 0.0764179304 0.0287415422
v 0.000458776252 0.0761822909 0.0281622522
v -0.000152369525 0.0888578892 0.0288666356
v -0.000155833273 0.0713124275 0.0291099008
v 0.00511057395 0.0892204046 0.00501846569
v 0.0039685457 0.0795465186 0.00500699878
v 0.00790221058 0.0935490951 -4.52138775e-05
v 0.0190354381 0.0751136392 0.027980255
v 0.0202554278 0.078913644 0.0279615279
v 0.00437334599 0.0698907152 0.0307487659
v 0.000752644148 0.0702155381 0.0283481348
v 0.0180425402 0.0703960285 0.0048023453
v 0.0127963303 0.0866486579 -2.85567075e-05
v 0.00976358727 0.0854140967 -1.00850275e-06
v 0.017238887 0.076937452 0.00504883705
v 0.0145699987 0.0709877461 0.00503653893
v -0.000170735293 0.104060069 0.00226270407
v 0.0253781304 0.104781941 0.032828629
v 0.025858121 0.105049849 0.0322032981
v 0.0173777211 0.0998070464 0.00525991153
v 0.0159185175 0.100053616 0.00582661433
v 0.0109003913 0.0993488729 0.00506235939
v 0.0202309247 0.0984039307 0.0049340371
v 0.00830832217 0.0925921351 0.0050487523
v 0.00322036189 0.0961356312 0.0049962732
v 0.000621498446 0.0984903947 0.00496227667
v 0.000635433011 0.0999935865 0.00597383408
v 0.0203365311 0.104981981 0.00371188228
v 0.000860875123 0.104648508 0.000149651838
v 0.00979667995 0.0830735192 0.00502728904
v 0.0297965817 0.0788707286 0.000524730363
v 0.0299792308 0.0770237371 0.00126941223
v 0.0286085047 0.074933067 1.39191127e-06
v 0.0295511205 0.0710966513 0.000280201784
v 0.0300143976 0.0714380294 0.0037525571
v 0.029606929 0.0712528005 0.00470403722
v 0.0211474039 0.127423719 0.0160697773
v 0.017938789 0.128075227 0.0163078662
v 0.0175379794 0.127972141 0.0133162811
v 0.0288969856 0.0931379795 0.0279473625
v 0.0021249752 0.0762899369 0.0279120356
v 0.012572011 0.0921302959 -2.1967895e-05
v 0.00652424013 0.105013497 0.00191854581
v 0.0131539805 0.104956724 0.00400889851
v 0.00631330395 0.10503874 0.0035912625
v 0.0141209541 0.0700102597 0.0322452597
v 0.00449993368 0.0699495971 0.00383443944
v 0.00220362144 0.0698503256 0.00223461445
v 0.0010141175 0.0701465979 0.0045257071
v 0.000811665202 0.0701088682 0.000865243899
v 0.00030664471 0.0990094841 0.0280671064
v -0.000137141498 0.0957332775 0.0305131935
v 0.029886594 0.104156569 0.0321222059
v 0.0289872754 0.0995577499 0.0279188976
v 0.0185862351 0.0725410804 0.00508575188
v 0.010355765 0.0739737451 0.00503619295
v 0.0185269229 0.0745345876 0.00495261746
v 0.0218467694 0.0708053261 0.00500804884
v 0.0270267967 0.106071569 0.00743017811
v 0.0269859899 0.105839536 0.0214039702
v 0.00734398095 0.105166569 0.00432014791
v 0.0138438568 0.105239004 0.00480540283
v 0.0218466725 0.0776531771 7.83462474e-06
v 0.0190620869 0.0763288885 4.24062164e-05
v 0.0272852052 0.0755487829 -8.17462278e-05
v 0.014134841 0.113498829 0.0234293584
v 0.0140608037 0.11331173 0.0162877794
v 0.0146734575 0.114586927 0.0177658182
v 0.0150527256 0.116413839 0.0208467562
v 0.020949211 0.110458061 0.00928523485
v 0.00808972027 0.0859952867 0.0330200344
v 0.0119189257 0.0867239833 0.0330165885
v 0.0334483683 0.122250222 0.0137985814
v 0.0338070802 0.124142177 0.0260671657
v 0.00571091613 0.0882474855 0.0330328308
v 0.0292543136 0.100080982 0.0219700355
v 0.0329691172 0.119916707 0.0192058403
v 0.033462204 0.122186176 0.0211461373
v 0.0124143735 0.0903590918 0.0329826213
v 0.0180435851 0.127297685 0.00647040037
v 0.0308450088 0.124872632 0.00705121085
v 0.000677606964 0.102605909 0.033060167
v 0.0290723164 0.11632926 0.0202632155
v 0.0264651664 0.105112992 0.0270377211
v 0.0209076069 0.104984701 0.010934839
v 0.0214058869 0.10495577 0.0075186044
v 0.0200311467 0.105214037 0.00511355465
v 0.0199417304 0.105980977 0.0108784549
v 0.0081224069 0.0846480653 0.00501683634
v 0.00686515123 0.0889519006 0.004869428
v 0.00761498418 0.0882261321 0.00443421025
v 0.00751110632 0.0896092206 0.00446594181
v 0.00994612556 0.0730893239 0.0279602129
v 0.006997474 0.0710074082 0.0279129818
v 0.0143405925 0.113234624 0.0278833397
v 0.00763759064 0.105597802 0.0280129761
v 0.0128916632 0.108773299 0.0280072708
v 0.0135523994 0.105682582 0.0279477481
v -0.000210797007 0.102440476 0.0195105728
v -0.000132772751 0.0947258621 0.032074824
v 0.0286778659 0.0998881981 0.00576910796
v 6.85110535e-06 0.10059417 0.0274521168
v 0.0296153612 0.0979459062 0.0283015072
v 0.0298913214 0.0995332897 0.0291181784
v 0.0249358863 0.0776415616 0.00503585348
v 0.0210703388 0.0782424808 0.00502432557
v 0.0134585965 0.112566985 0.00588553445
v 0.0144919772 0.113958396 0.00734159071
v 0.0193710849 0.122813106 0.0244650207
v 0.0219464377 0.122017309 0.0243353546
v 0.0228208099 0.122888692 0.0234024264
v 0.0193749499 0.121799953 0.0246430542
v 0.0210738834 0.12748237 0.0257653017
v 0.0112165818 0.0912906751 0.00496079912
v 0.0122248605 0.0883565471 0.00494211866
v 0.0106067499 0.0907877088 0.00466955965
v 0.0306849238 0.120074265 0.0265587177
v 0.0310484879 0.124891207 0.0263604783
v 0.0290148873 0.116089217 0.0257898141
v 0.0305629242 0.123812839 0.0257789921
v 0.0124292318 0.0904372409 0.0279730037
v 0.018612206 0.0705939755 1.74798733e-05
v 0.00719727576 0.0722801462 0.00498734182
v 0.00839267578 0.0710181817 0.00508795958
v 0.00361401262 0.0721328631 0.00512003526
v 0.0222169664 0.0768200383 0.00394494273
v 0.0234228726 0.0764092579 0.00386856659
v 0.0231510997 0.0769157261 0.00463969819
v 0.0202399176 0.0769819468 0.00487041799
v 0.0093684392 0.0909462646 0.0285339486
v 0.00840229727 0.0906428993 0.0283280034
v 0.00822731853 0.0906094909 0.0323286839
v 0.0105765797 0.0904863328 0.0322938114
v 0.0076170247 0.089801535 0.0287525561
v 0.0336014256 0.124811351 0.00711245369
v 0.0180702303 0.128071278 0.00724369707
v 0.0302872043 0.121900089 0.0121529093
v 0.0109497719 0.0705511048 0.0329014957
v 0.0228843875 0.0703205094 0.0327642597
v 0.0202122778 0.105037257 0.0281662568
v 0.0109763667 0.109776407 0.00520845456
v 0.00814500358 0.105928361 0.00500269793
v 0.00917161442 0.10828314 0.00603434956
v 0.00752463611 0.106170371 0.00541793276
v 0.0134404683 0.106016099 0.00505828951
v 0.0247078687 0.076141797 0.0281873979
v 0.0296278782 0.100182548 0.00551984459
v 0.0298300032 0.104414597 0.0275638234
v 0.0297970884 0.100387245 0.0279442575
v 0.00514873071 0.0700884163 0.0323151499
v 0.0289717931 0.104146689 0.0330485888
v 0.000692739792 0.0995186642 0.00522952341
v 0.0130158644 0.0727672726 0.0330167599
v 0.0225480311 0.118245058 0.0214824602
v 0.00791159458 0.0783788636 0.0279618967
v 0.0249660946 0.0772361457 -3.90057503e-05
v 0.0248601772 0.078359358 0.0330299698
v 0.0149451019 0.116073646 0.0103616975
v 0.010040177 0.0762367845 0.0279836841
v 0.00772094447 0.0777744278 0.0329342782
v 0.00890528969 0.086590223 0.0280580427
v -2.26734683e-05 0.100216039 0.00513057085
v 0.00477504684 0.0766617134 0.00499671837
v 0.0071168947 0.0715822354 0.0330921635
v 0.0104217744 0.0735762566 0.033026509
v 0.00642684801 0.0730156824 0.0328493565
v 0.0178699903 0.0712163523 0.0330587626
v 0.007331172 0.0909184888 0.0330129899
v 0.0224880539 0.0699141398 0.00192139181
v 0.0211134721 0.0701523796 0.000424652564
v 0.0289473105 0.0701647922 0.00461911131
v 0.0289815292 0.0713514015 0.027947193
v 0.0190245099 0.0759108365 0.0330285579
v 0.0214062836 0.0778122544 0.032969337
v 0.0296595097 0.103668138 0.000219033624
v 0.0267238319 0.07490848 0.00507885823
v 0.00749473926 0.0777900964 0.00496634888
v 0.0232671052 0.121865213 0.0133545501
v 0.0287676975 0.105104618 0.00198394526
v 0.0115821986 0.0900258422 0.00022291491
v 0.0297166817 0.119664207 0.0076324963
v 0.0301722512 0.121857882 0.00853274018
v 0.0301381312 0.119389169 0.00837473851
v 0.0298260171 0.117872462 0.00918937195
v 0.023861846 0.126842707 0.0256388001
v 0.0241539814 0.125844151 0.0256351661
v 0.0185159836 0.128003374 0.0243762508
v 0.0238809939 0.126344353 0.0264366195
v 0.00525868637 0.0723671019 0.0278957542
v 0.0134750344 0.105073191 0.0282968413
v 0.00796166062 0.0733261406 0.03229893
v 0.00944557227 0.0745074525 0.0326105244
v 0.0192455444 0.111907765 0.0280470364
v 0.0153790647 0.109224588 0.0050040991
v 0.000968066452 0.0706116259 9.8741024e-05
v 0.028052453 0.0698415339 0.00305727008
v 0.0286387205 0.0701162964 0.000841787783
v 0.0286600292 0.0706902221 0.000110894733
v 0.0249181502 0.0709547475 0.0330960341
v 0.0283167884 0.0698746443 0.0311311688
v 0.0289649237 0.0701898336 0.03251753
v 0.0295347273 0.070898369 0.0329347216
v -0.000105424515 0.0996854752 0.0282234624
v 0.000835824641 0.105067901 0.00123320229
v 0.0103214374 0.0739409849 6.8812119e-06
v 0.00778843556 0.0718930736 -6.23401866e-05
v 0.0291304588 0.116667069 0.0232289527
v 0.00816892646 0.104966544 0.0292677637
v 0.0187739599 0.123610944 0.0255631991
v -0.000224416741 0.102461331 0.0272762757
v 0.0082520647 0.0908779278 0.00463666627
v 0.0260793138 0.0755354464 0.0330053307
v 0.0211819876 0.116052948 0.00646766555
v 0.0225561354 0.122297175 0.00646692608
v 0.0239663329 0.126434013 0.00666299183
v 0.0228500012 0.119801924 0.00700674299
v 0.0240732785 0.125364602 0.00741239777
v 0.0166701861 0.123850897 0.0068654702
v 0.0165239181 0.122084245 0.00683309836
v 0.0152797094 0.117961235 0.00736270938
v 0.000267799158 0.0707573518 0.00470767077
v -0.000160378811 0.0721534938 0.00405325741
v 0.0188752487 0.105880365 0.00502500078
v 0.0185166914 0.121586114 0.0260007847
v 0.0181651302 0.119833931 0.0254546702
v 0.0160304196 0.119689725 0.0250145607
v 0.028871635 0.0990818217 0.00498807337
v 0.0299195964 0.103709862 0.00651124539
v 0.03214572 0.116046764 0.00980543066
v 0.0102076409 0.0775426775 0.00502630183
v 0.0199082475 0.105970919 0.00555104576
v 0.0211368836 0.111129008 0.00545035303
v 0.0172722563 0.127511516 0.0162343271
v 0.0172549356 0.127616823 0.0111475075
v 0.0172256585 0.127444863 0.0202471707
v 0.0225038305 0.11861971 0.0232633669
v 0.0149229448 0.113705769 0.00648533925
v 0.0207176879 0.112450883 0.00643857569
v 0.0326825939 0.118720226 0.0247581769
v 0.0323034748 0.117403865 0.0241305679
v 0.03258821 0.119914852 0.0243527181
v 0.0332541838 0.121254243 0.0239272565
v 0.0332232751 0.12103489 0.00846126117
v 0.032269977 0.117277816 0.00890870672
v 0.0327359401 0.119596675 0.00838422775
v 0.0321506709 0.118177801 0.00854509417
v 0.023651015 0.123573259 0.0203217901
v 0.0301324334 0.119909227 0.0203063544
v 0.0298989806 0.117983803 0.0209185053
v 0.0220158156 0.119024366 0.022553077
v 0.0231377911 0.104958646 0.027839452
v 0.0112260208 0.0874465853 0.0328030474
v 0.000149318133 0.104487039 0.0327467099
v 0.00906832796 0.0909409299 0.0325680934
v 0.0225536469 0.118209012 0.00936861709
v 0.00670969719 0.0765650645 0.000970592781
v 0.00794479344 0.0766915306 0.000644500717
v 0.00657251244 0.0767702833 0.0045590559
v 0.00569601078 0.0756738409 0.0014461152
v 0.0055216169 0.0759113058 0.00450438494
v 0.0240318812 0.0756634772 0.00389251369
v 0.0238535833 0.0763731524 0.000452776847
v 0.0230264552 0.0769466162 0.000555842125
v 0.0241943225 0.0743725896 0.00403459556
v 0.0242576618 0.075647898 0.000371991744
v -0.000198537382 0.0712765977 0.0317580737
v 0.00816053525 0.0911197737 0.000224658957
v 0.0299297739 0.103978202 0.00105112302
v 0.0155599108 0.119117074 0.0134239094
v 0.029815685 0.0709247291 0.00110155542
v 0.0224790964 0.117673427 0.00758369081
v 0.0212386772 0.112137862 0.00675265864
v 0.000720954849 0.0703321621 0.0327803269
v 0.00509685837 0.0733309761 0.000101589882
v 0.00891733542 0.0728252307 0.000132619476
v 0.00834895391 0.0732930377 0.028426392
v 0.00729916431 0.0729651079 0.0283677485
v 0.0185435135 0.121697322 0.0189095885
v 0.0247229673 0.0755139962 0.0047598239
v 0.00759710744 0.0730299875 0.00064473378
v 0.00638547819 0.0734012052 0.00453326479
v 0.0063634729 0.0732301846 0.000475721958
v 0.0112501336 0.0910178795 0.0328492634
v 0.00922810752 0.0746000782 0.000883407774
v 0.00896626152 0.0760492235 0.000801151502
v 0.00806601252 0.0768316537 0.00431306381
v 0.00923337042 0.0767735764 0.0048623574
v 0.0323969275 0.117164962 0.0130342338
v 0.00741664274 0.0887794048 0.000443378027
v 0.00788891781 0.0877378955 0.000442271965
v 0.00574225001 0.074078083 0.00118916656
v 0.00560712069 0.0742960647 0.00387960649
v 0.0297200438 0.119451411 0.0252860673
v 0.0299302414 0.118631184 0.0243047234
v 0.0301930904 0.119990833 0.0243655555
v 0.00106637017 0.0699315369 0.0294746459
v 0.0329917036 0.120263018 0.0127764046
v 0.0225931238 0.123011619 0.0220753234
v 0.00875300728 0.085975565 0.0049051214
v 0.0214154869 0.0766871721 0.0325104631
v 0.0225222092 0.0768606067 0.0324302316
v 0.0107715009 0.0864767879 0.00492086727
v 0.0242181607 0.0721057802 0.00510113221
v -0.000190058418 0.102625735 0.0322451033
v 0.0253613871 0.0727567449 0.033015307
v 0.0066935732 0.105666012 0.0275613125
v 0.0244559422 0.0716499686 -0.000120466764
v 0.0160253495 0.120362282 0.00739923771
v 0.0223848335 0.0778576061 0.0281645656
v 0.0073196562 0.0902635306 0.0280393995
v 0.00488136429 0.0773039162 0.0279875342
v 0.00634165853 0.105421394 0.00559976697
v 0.0148315113 0.113237165 0.00518692425
v 0.0161716547 0.112462752 0.00496526435
v 0.0215560533 0.0727040842 0.00485886028
v 0.000793021405 0.103772782 -8.03053408e-05
v 0.00795344915 0.0902338177 0.000940660597
v 0.0225823019 0.0729961991 0.000293417688
v 0.0210915878 0.0733739585 0.00036698184
v 0.0217840299 0.0731802657 0.00410558004
v 0.0232426748 0.0732588992 0.00415021414
v 0.0105667105 0.0905782506 0.0284328256
v 0.0116904303 0.087466687 0.0279875435
v 0.0170787182 0.125371858 0.0243945159
v 0.0331220292 0.124199182 0.00644170027
v 0.0199268777 0.105483361 0.0270396676
v 0.0254505184 0.0748772696 0.0280683227
v 0.000722232042 0.07092686 0.0280710049
v 0.0199518129 0.0758073553 0.0046080309
v 0.0209778249 0.0763211474 0.00418646587
v 0.0206156969 0.07553038 0.00350021012
v 0.0206773244 0.0746379569 0.00319808302
v 0.0201585609 0.0739222243 0.00457427977
v 0.0212338287 0.0763042197 0.00140818115
v 0.020725105 0.0754664317 0.00121700356
v 0.0204953179 0.0743396729 0.000711548375
v 0.0213483404 0.0766663328 0.000635317178
v 0.0210154038 0.0738545731 0.0031235842
v 0.0292151961 0.0701714829 0.00247915182
v 0.0298981853 0.105115063 0.0263182838
v 0.0292142332 0.104965612 0.0276533384
v 0.0294574313 0.105530769 0.0265933201
v 0.0198828075 0.0749852359 0.000226631149
v 0.0252885185 0.0745938569 2.18901787e-05
v 0.0236899406 0.073724471 0.000619593891
v 0.024137659 0.0734707266 0.0325713679
v 0.0225651264 0.0730999559 0.0323872603
v 0.023577746 0.0735342503 0.0315637402
v 0.0242324788 0.0745313391 0.0321648344
v 0.0249087792 0.0750600249 0.0327876061
v 0.0227030292 0.0726443529 0.0329113528
v 0.0208278093 0.073190026 0.0329909995
v 0.0238194503 0.0738609061 0.0289822891
v 0.0229091551 0.0731067061 0.0285404176
v 0.0242184289 0.074640885 0.0287830345
v 0.0240294263 0.075543195 0.0291862097
v 0.0237439126 0.0762305483 0.0319068953
v 0.0239837207 0.0767862722 0.0327291898
v 0.00790916476 0.0871028528 0.0327185504
v 0.00715031289 0.089314118 0.0327406935
v 0.00749588897 0.0891494974 0.0319827609
v 0.00785473268 0.0879403129 0.0319560505
v 0.00873676874 0.0872147381 0.0318910815
v 0.00754350238 0.0883429945 0.0283652637
v 0.0085839089 0.0872459263 0.0287514124
v 0.0102819623 0.0873132348 0.032267984
v 0.0100609725 0.087220937 0.0285869632
v 0.020470975 0.0745341852 0.0322861262
v 0.0207079761 0.0759172514 0.0319993533
v 0.0206169579 0.0759072229 0.0284957234
v 0.0200572293 0.0754249692 0.0328110494
v 0.0214882772 0.0766587332 0.0287279915
v 0.0211261082 0.0735306665 0.0322967544
v 0.0214836244 0.0732927173 0.0287018139
v 0.00514684385 0.0764808282 0.0328854732
v 0.00553322351 0.0741483346 0.0324180946
v 0.00610489259 0.0766059607 0.0323912166
v 0.0079375701 0.0768780038 0.0322100595
v 0.00551040145 0.0753628835 0.0320383757
v 0.00655272789 0.0734309629 0.032253515
v 0.00564122805 0.0749347508 0.0292848349
v 0.0058399234 0.0760644823 0.0292551462
v 0.00599803636 0.0737661794 0.0291108619
v 0.00909564085 0.0742091686 0.0292089637
v 0.0178964548 0.118291333 0.0228785668
v 0.018107757 0.119191952 0.0201428235
v 0.0188012924 0.11993777 0.0214075726
v 0.0176671799 0.118626349 0.0210805386
v 0.0180190597 0.120252445 0.0192849971
v 0.0160780419 0.118701138 0.023268329
v 0.0160656031 0.11919713 0.0206375699
v 0.0188181512 0.119733959 0.0232786313
v 0.0192599464 0.119722828 0.0222062115
v 0.0218257476 0.119561404 0.0237336736
v 0.0190309398 0.120436095 0.0242746696
v 0.0176548325 0.118713342 0.0241711754
v 0.0147953536 0.115219451 0.0254697669
v 0.015502736 0.118549667 0.0216971654
v 0.0185071006 0.12099456 0.00697599165
v 0.0187775325 0.122470282 0.00702239107
v 0.0170580782 0.123916142 0.0073223263
v 0.0190791115 0.12431255 0.00802369043
v 0.0190370474 0.120784096 0.00859552901
v 0.0194030385 0.12269967 0.00872729998
v 0.0186203271 0.119721457 0.00911921263
v 0.0181373935 0.1189854 0.00859371759
v 0.0196111314 0.121867947 0.00850501284
v 0.0191571508 0.119732916 0.00972875301
v 0.0175261348 0.118891396 0.00845533237
v 0.0159952343 0.1188614 0.00900913402
v 0.0194343459 0.123464949 0.012311724
v 0.0188304409 0.123033032 0.0138834808
v 0.0192120541 0.121563345 0.0126536712
v 0.019847665 0.12286038 0.012168766
v 0.0182523187 0.119992107 0.0134194568
v 0.0180673543 0.121466853 0.0140918745
v 0.0189364217 0.120489232 0.0122824805
v 0.022294458 0.12032979 0.0123498971
v 0.0228255186 0.121917471 0.0124067916
v 0.0227650125 0.119700164 0.0124776131
v 0.0229785033 0.122747339 0.0116764484
v 0.02024059 0.123601921 0.0105497744
v 0.0228950698 0.123085491 0.0101978667
v 0.0195961967 0.123664863 0.00977342296
v 0.0193617325 0.125236735 0.0102139497
v 0.0193423331 0.125171274 0.0115373489
v 0.0176452193 0.127901211 0.00665774522
v 0.0169046763 0.126148522 0.0083161816
v 0.0172020849 0.125409454 0.00862031709
v 0.0170452446 0.125852346 0.0127364993
v 0.0172311272 0.125786334 0.0104890158
v 0.032816723 0.120543942 0.00925372262
v 0.032851316 0.121022679 0.0107318098
v 0.030218184 0.120658837 0.00880663842
v 0.0305173509 0.121388704 0.00975011196
v 0.0325341299 0.120464295 0.0120013794
v 0.0305563454 0.121066354 0.0119574107
v 0.0328597724 0.121069804 0.0218648724
v 0.0328722484 0.120166555 0.0201569069
v 0.0325127356 0.120199353 0.0207682159
v 0.0314919353 0.120421834 0.0209797546
v 0.0317531526 0.120991096 0.0221634656
v 0.0324874744 0.120756216 0.0232419521
v 0.0320032276 0.118982516 0.0205450095
v 0.0304397475 0.121162549 0.0209768061
v 0.0307119563 0.121439256 0.0225611478
v 0.0303232465 0.121277034 0.0237030331
v 0.0336241275 0.124792762 0.025962919
v 0.022491822 0.120219305 0.0246257037
v 0.0230129641 0.121905982 0.0245991722
v 0.0236246679 0.123304121 0.0238504391
v 0.023159042 0.122667499 0.00931200851
v 0.0235982686 0.123328075 0.00900818035
v 0.0322157778 0.117448546 0.0116960108
v 0.0319255255 0.116977789 0.0104961088
v 0.0323966332 0.118926935 0.0125697106
v 0.0300214645 0.11925339 0.0126038855
v 0.0299059041 0.118034787 0.0116218617
v 0.0296824276 0.117582612 0.0104019521
v 0.0166422576 0.123521894 0.0191228669
v 0.0160011202 0.12131273 0.0179161727
v 0.0170907937 0.12537618 0.0209261514
v 0.016968077 0.126510337 0.0235575661
v 0.0172807388 0.12580888 0.0228496715
v 0.0183593351 0.1235153 0.0192272868
v 0.0164367389 0.121984601 0.0188928936
v 0.0165531766 0.123857938 0.0145206889
v 0.0164722521 0.122410148 0.0141381063
v 0.0229166485 0.0725634992 0.0280911811
v 0.0236936603 0.0765831247 0.028556766
v 0.0225095768 0.0768058002 0.0289006066
v 0.0234655533 0.0762951225 0.0300148875
v 0.0205790494 0.0744065046 0.0286160465
v 0.0207776576 0.0732880458 0.0281204078
v 0.0197034534 0.0763296261 0.0280507151
v 0.0297850873 0.0708187744 0.0321519524
v 0.029994702 0.0719878748 0.0298078805
v 0.0102613689 0.0912654027 0.0280458704
v 0.00930331182 0.092139937 7.24461643e-05
v 0.00923425891 0.0909115002 0.00124838506
v 0.0100596882 0.0909248069 0.000621188548
v 0.00855573174 0.0906496793 0.00369956903
v 0.0100544421 0.0907269344 0.00393151958
v 0.0110653369 0.0898789167 0.000937536766
v 0.0110696023 0.0898356363 0.00422904873
v -7.1614515e-05 0.070915997 0.000942580285
v 0.00116093375 0.0707964227 0.0049701808
v 0.00401113974 0.0742662624 0.00505726691
v 0.0206822176 0.111927323 0.0050871186
v 0.00646050461 0.0773821324 0.000187662183
v 0.00532963453 0.0755237713 0.000588496274
v 0.0110391779 0.0870647058 0.000265345821
v 0.0111452918 0.0883878693 0.00108672457
v 0.0103522902 0.0875313208 0.00141180505
v 0.00912410486 0.0871435329 0.00104009907
v 0.0089772949 0.0867462829 0.000261356297
v 0.0111374343 0.0883498937 0.00383076677
v 0.00925611146 0.0871604681 0.0037618042
v 0.0104874158 0.0872337222 0.00436359737
v 0.0242603291 0.0734664351 0.00482150773
v 0.0207116678 0.111949511 0.0278423987
v 0.0211908482 0.111618832 0.0268272515
v 0.0196005087 0.105547592 0.027890468
v 0.0207289308 0.112358086 0.0267500766
v 0.0150890565 0.112632774 0.0280383676
v 0.0144972056 0.113577902 0.0267409384
v 0.00560729578 0.073585175 0.0281411204
v 0.00529453019 0.0760036483 0.0283184536
v 8.87663628e-05 0.0704699382 0.031491518
v 0.029709436 0.104419574 0.00587165402
v 0.0300329924 0.105841495 0.00726624904
v 0.0293094143 0.104891717 0.00569807971
v 0.0280892793 0.105092309 0.00551205501
v 0.0318953395 0.117812678 0.0208819229
v 0.0159921013 0.120213419 0.0195323266
v 0.0150292339 0.113849312 0.026573021
v 0.00920603145 0.0757617578 0.00434948131
v 0.00756918872 0.0773075223 0.0282588098
v 0.00902550016 0.076271601 0.0283807497
v 0.00690814899 0.0768473148 0.0291615631
v 0.00817721244 0.0767107829 0.0292621385
v 0.00902379584 0.076129131 0.0325310268
v 0.00916913524 0.0755558684 0.0293745864
v 0.00954023004 0.0744399428 0.0282893386
v 0.0187531542 0.124343179 0.0132052014
v 0.0173318516 0.125388071 0.0120275775
v 0.0170788281 0.124125585 0.0135407839
v 0.0299379583 0.100202829 0.00421535317
v 0.0272020549 0.105359294 0.00666423468
v 0.0227755886 0.121499598 0.00846451893
v 0.023033496 0.120859496 0.00794754084
v 0.0102309203 0.0759747475 0.0330309942
v 0.0227162801 0.120179139 0.0201521777
v 0.022267092 0.119325116 0.0213659555
v 0.0218952168 0.120154783 0.0206991117
v 0.0221330877 0.121304385 0.0204852745
v 0.0232598484 0.122819871 0.0207115766
v 0.0223462638 0.122399054 0.0209632497
v 0.0190355554 0.120901525 0.0204385817
v 0.0179035384 0.118348323 0.0111849681
v 0.0187670514 0.11976321 0.0113515183
v 0.0224201325 0.119391151 0.00909103453
v 0.0220906995 0.119321145 0.0114498138
v 0.0222104043 0.118928507 0.0103359073
v 0.0110845082 0.0881020948 0.0283581894
v 0.0115100397 0.0897199959 0.0282148812
v 0.01127104 0.089326635 0.028885955
v 0.0322244465 0.116478242 0.0225517824
v 0.0324579664 0.117612764 0.0205035117
v 0.0318174437 0.117164969 0.021837946
v 0.0316951498 0.117108241 0.0231522322
v 0.0296155456 0.117417499 0.022952212
v 0.00849213451 0.0872502327 0.004269836
v 0.0114753684 0.0885800123 0.0045698504
v 0.0289143156 0.104939848 0.0325404443
v 0.0161332283 0.118802577 0.0114411311
v 0.016052315 0.119707018 0.0131663922
v 0.0156198982 0.118536696 0.00961788278
v 0.0163368788 0.120898932 0.0138979033
v 0.0224966072 0.120111093 0.00856124889
v 0.0311846174 0.124799259 0.00653068209
v 0.00529146846 0.0740249157 0.00478404807
v 0.00960482471 0.0759706274 0.000158556446
v 0.0113377813 0.0892229751 0.032421194
v 0.0110524092 0.088120684 0.0321078375
v 0.023214031 0.125797331 0.00646018563
g 
f 1 2 3
f 2 4 3
f 2 5 4
f 6 8 7
f 6 9 8
f 11 9 12
f 9 6 12
f 14 16 15
f 17 14 12
f 17 16 14
f 17 12 18
f 13 9 11
f 13 19 9
f 20 21 22
f 21 23 22
f 21 20 24
f 25 22 23
f 25 23 26
f 22 29 27
f 27 28 20
f 27 20 22
f 30 31 29 22
f 30 33 32
f 30 22 25
f 30 25 33
f 34 28 35
f 35 36 34
f 33 37 32
f 32 31 30
f 37 38 39
f 38 25 26
f 37 33 25 38
f 40 42 41
f 41 42 44
f 45 46 48
f 47 43 41 45
f 43 47 49
f 47 50 49
f 51 49 50
f 51 52 53
f 53 54 55
f 53 55 56
f 53 52 57
f 58 59 60
f 60 61 58
f 63 65 64
f 61 67 66 63
f 63 66 65
f 65 69 68
f 68 69 70
f 71 73 72
f 75 76 78 77
f 79 75 72
f 79 72 73
f 73 81 80
f 73 80 83
f 80 85 84
f 80 84 83
f 79 83 87
f 87 88 82
f 88 89 82
f 84 86 90
f 86 91 92
f 93 94 95
f 98 99 97
f 97 95 101
f 95 102 101
f 95 94 89
f 94 82 89
f 89 103 95
f 86 104 90
f 106 107 105
f 106 108 107
f 103 109 102
f 89 110 103
f 111 113 112
f 114 115 116
f 115 8 9
f 115 9 19
f 8 117 7
f 114 118 117
f 117 8 115
f 117 115 114
f 111 118 114
f 111 120 118
f 111 114 121 113
f 116 122 121
f 122 123 121
f 122 124 123
f 121 114 116
f 121 123 126
f 123 128 126
f 127 128 129
f 34 132 131 130
f 130 133 34
f 128 134 135
f 135 134 136
f 128 135 137
f 135 138 137
f 136 134 139
f 142 141 132
f 142 144 143
f 136 139 141
f 139 132 141
f 145 148 147
f 147 149 146
f 147 146 145
f 149 147 150
f 147 148 150
f 150 148 151
f 152 154 153
f 152 153 155
f 160 157 163
f 164 166 165
f 164 165 167
f 165 168 167
f 166 169 165
f 169 171 170 165
f 169 173 172
f 169 172 171
f 174 176 175
f 174 177 176
f 178 175 179
f 177 181 180
f 177 174 183 181
f 178 179 184
f 178 184 185
f 178 186 175
f 186 178 187
f 188 190 189
f 188 189 191
f 189 192 191
f 193 195 194
f 196 198 197
f 196 194 198
f 198 194 195
f 191 192 200
f 198 201 197
f 198 195 202
f 188 191 203
f 204 207 206
f 208 203 191 200
f 208 200 210 209
f 211 209 212
f 211 212 213
f 212 209 210
f 214 213 215
f 213 212 215
f 216 203 208
f 216 209 217
f 216 208 209
f 218 220 219
f 221 193 219
f 193 222 195
f 193 221 222
f 219 220 221
f 220 223 221
f 225 223 226
f 225 226 227
f 228 231 229
f 231 232 229
f 232 233 234
f 232 234 229
f 235 236 237
f 235 238 236
f 235 230 228
f 233 239 240
f 241 233 242
f 233 243 242
f 233 240 243
f 93 244 94
f 245 246 247
f 246 248 247
f 247 248 249
f 250 251 252
f 252 256 255
f 252 245 256
f 245 257 256
f 256 258 259 255
f 258 260 259
f 258 261 260
f 262 265 259
f 262 259 263
f 252 254 250
f 262 263 264
f 263 231 264
f 263 232 231
f 254 252 255
f 255 259 254
f 267 18 269
f 269 10 270
f 10 269 6
f 10 271 270
f 17 237 16
f 17 268 237
f 17 18 268
f 267 273 268
f 267 269 265
f 230 273 264
f 264 231 230
f 231 228 230
f 266 274 239
f 276 278 277
f 276 277 279
f 21 276 279
f 21 279 23
f 26 23 280
f 279 281 23
f 279 277 281
f 281 283 282 280
f 281 284 283
f 280 23 281
f 280 38 26
f 280 285 38
f 287 38 285
f 287 286 38
f 285 288 287
f 137 290 289
f 291 294 293
f 291 292 295
f 291 295 294
f 296 292 289
f 292 296 295
f 296 297 295
f 294 298 293
f 299 294 295
f 299 300 298
f 302 80 81
f 302 304 85
f 302 85 80
f 306 307 308
f 299 310 309
f 299 297 310
f 309 310 311
f 311 312 309
f 313 314 316 315
f 313 317 314
f 313 312 317
f 312 313 301
f 312 311 318
f 312 318 317
f 311 310 318
f 310 319 318
f 317 318 5
f 321 314 320
f 320 314 317
f 318 322 5
f 320 2 1
f 320 1 323
f 320 317 2
f 317 5 2
f 324 326 325
f 324 325 323
f 323 1 324
f 248 156 332
f 248 332 249
f 150 333 149
f 247 335 258 257
f 247 257 245
f 167 248 246
f 335 247 249 336
f 335 336 261 258
f 336 337 261
f 337 338 149
f 337 336 338
f 337 333 334
f 337 149 333
f 337 334 274
f 274 261 337
f 339 275 274
f 339 274 340
f 274 275 239
f 339 341 275
f 239 275 342
f 342 240 239
f 240 342 343
f 226 345 227
f 226 346 345
f 347 349 348
f 347 350 351 349
f 108 101 102 352
f 345 346 353
f 349 351 354
f 350 355 356
f 346 109 353
f 353 109 357
f 350 356 351
f 95 103 102
f 227 345 358
f 345 347 358
f 345 350 347
f 345 355 350
f 353 357 345
f 345 357 355
f 357 359 355
f 356 355 360
f 356 360 361
f 360 355 359
f 180 362 342
f 181 363 180
f 181 364 363
f 343 243 240
f 365 362 180
f 365 363 71
f 363 364 71
f 366 243 343 367
f 367 343 362
f 367 362 74
f 362 365 71
f 74 366 367
f 72 362 71
f 71 303 81
f 77 368 366
f 77 366 74
f 371 373 372
f 371 374 373
f 373 375 372
f 375 377 372
f 368 78 378
f 368 378 379
f 378 244 379
f 244 378 78
f 244 82 94
f 380 382 381
f 380 381 383
f 381 382 384
f 383 385 386
f 381 385 383
f 385 98 386
f 348 206 347
f 348 204 206
f 349 387 348
f 45 48 388
f 45 388 389
f 48 390 388
f 47 391 50
f 47 389 391
f 376 377 392
f 392 377 393
f 394 396 382 395
f 382 380 395
f 395 380 397
f 380 383 398
f 66 397 65
f 397 69 65
f 397 66 395
f 397 399 69
f 397 380 399
f 398 400 380
f 398 96 401
f 402 218 70
f 402 70 399
f 402 220 218
f 399 400 402
f 400 105 402
f 400 398 401
f 105 107 224
f 297 404 403
f 297 405 404
f 406 403 404
f 406 404 407
f 319 408 322
f 408 319 409
f 410 412 413
f 413 412 328 327
f 408 188 322
f 414 416 415
f 419 418 241
f 242 420 241
f 420 421 241
f 241 421 419
f 419 422 418
f 422 423 417
f 369 370 242
f 366 368 369
f 424 426 425
f 426 39 428
f 426 428 427
f 429 430 428
f 429 428 39
f 429 432 431
f 429 39 432
f 429 431 433
f 430 434 427
f 430 427 428
f 430 433 434
f 435 425 436
f 427 434 436
f 434 433 437
f 433 430 429
f 435 438 144
f 435 144 425
f 439 434 437
f 437 433 46
f 433 440 46
f 440 433 431
f 440 431 48
f 435 40 438
f 435 436 42
f 440 48 46
f 435 42 40
f 44 439 437
f 44 437 46
f 438 40 441
f 42 439 44
f 442 444 443
f 444 447 443
f 448 444 442
f 448 404 405
f 448 449 404
f 443 445 450
f 445 446 450
f 449 407 404
f 407 449 442
f 59 451 446
f 59 452 60
f 450 451 453
f 450 446 451
f 442 454 407
f 442 450 454
f 409 407 454
f 451 59 58 455
f 456 454 453
f 453 455 456
f 453 451 455
f 409 188 408
f 409 190 188
f 461 316 321
f 461 321 326
f 321 316 314
f 462 326 463
f 464 463 326
f 326 329 464
f 326 324 329
f 38 286 39
f 285 465 288
f 286 466 432
f 432 39 286
f 466 467 432
f 466 468 467
f 466 288 468
f 468 417 423
f 468 288 417
f 469 431 432
f 467 469 432
f 468 423 467
f 390 469 467 388
f 390 48 469
f 469 48 431
f 471 148 472
f 472 473 471
f 472 154 473
f 154 474 473
f 475 476 145
f 145 476 477
f 145 477 472
f 478 471 473
f 478 473 479
f 480 482 481
f 481 483 480
f 481 484 483
f 487 488 484
f 483 484 490 489
f 491 493 492
f 491 494 493
f 484 488 492
f 484 492 493
f 493 490 484
f 495 497 496
f 494 112 495
f 495 112 113
f 495 490 493
f 127 498 126
f 500 289 499
f 501 503 502
f 502 503 291
f 503 499 289
f 503 289 291
f 504 501 502
f 505 506 504
f 507 509 508
f 507 508 253
f 508 509 167
f 509 164 167
f 510 512 511
f 492 511 491
f 510 253 251
f 164 509 513
f 246 253 508
f 166 164 515
f 516 512 517
f 516 517 518
f 517 519 518
f 518 519 120
f 516 518 494
f 518 112 494
f 511 516 491
f 491 516 494
f 519 517 521
f 517 520 522
f 498 497 126
f 127 129 500
f 129 137 500
f 500 137 289
f 303 302 81
f 525 302 303
f 526 527 528
f 527 529 528
f 530 532 531
f 533 528 530
f 533 534 526
f 533 526 528
f 530 535 533
f 308 526 534
f 534 533 536
f 534 537 308
f 91 306 92
f 306 308 361
f 538 539 349
f 538 354 536
f 538 349 354
f 540 387 539
f 387 349 539
f 354 541 534 536
f 140 138 135
f 140 542 138
f 142 36 144
f 140 136 542
f 136 141 543 542
f 144 36 544
f 425 144 544
f 141 545 543
f 546 138 542
f 143 144 445
f 143 445 545
f 546 542 543
f 546 447 547
f 546 543 447
f 546 547 138
f 138 547 548
f 138 548 290
f 445 447 545
f 447 543 545
f 547 447 549
f 438 441 144
f 441 446 445
f 405 548 448
f 553 193 194
f 554 196 199
f 554 194 196
f 289 290 296
f 133 28 34
f 377 373 555
f 377 375 373
f 393 556 57
f 24 20 28
f 557 16 236
f 62 67 61
f 556 394 62
f 556 62 57
f 57 62 54
f 50 392 52
f 470 467 423
f 139 124 132
f 467 470 388
f 392 50 376
f 322 318 319
f 376 371 372
f 376 50 371
f 548 297 296
f 297 548 405
f 28 27 558
f 28 557 24
f 128 127 126
f 312 301 309
f 503 560 559
f 503 559 499
f 82 76 87
f 389 388 470
f 389 470 391
f 334 561 340
f 417 465 418
f 417 288 465
f 77 74 75
f 88 84 90
f 88 83 84
f 88 90 110
f 307 562 308
f 81 73 71
f 24 278 276
f 37 39 426
f 422 374 563
f 422 419 374
f 419 564 374
f 564 421 565
f 564 419 421
f 421 420 565
f 36 35 31
f 36 31 544
f 31 35 29
f 544 31 424
f 370 566 565
f 232 266 233
f 266 239 233
f 449 448 442
f 299 298 294
f 91 457 567
f 91 567 306
f 306 567 307
f 391 470 563
f 391 563 371
f 563 374 371
f 548 549 444
f 548 444 448
f 139 134 123 124
f 530 528 568
f 569 570 183
f 183 571 569
f 297 299 295
f 547 549 548
f 436 434 439
f 52 392 393 57
f 466 286 287
f 466 287 288
f 60 62 61
f 261 274 266 260
f 100 96 97
f 100 97 101
f 100 101 108
f 544 424 425
f 24 276 21
f 34 36 142
f 426 427 436
f 174 175 183
f 175 571 183
f 450 453 454
f 476 574 153
f 476 475 574
f 12 6 269
f 445 443 447
f 497 113 126
f 126 113 121
f 520 517 512
f 520 512 510
f 327 328 329
f 541 537 534
f 470 423 563
f 423 422 563
f 575 576 577
f 529 527 575
f 391 371 50
f 212 210 201
f 557 15 16
f 370 369 368
f 368 77 78
f 148 471 151
f 99 93 95
f 99 95 97
f 181 570 364
f 181 183 570
f 161 574 475
f 161 155 574
f 161 160 163 155
f 263 260 232
f 263 259 260
f 175 186 571
f 7 578 10
f 7 119 578
f 520 510 251
f 523 524 173
f 501 560 503
f 224 107 226
f 224 226 223
f 376 372 377
f 361 308 537
f 361 92 306
f 149 156 146
f 149 338 332
f 149 332 156
f 119 7 117
f 204 348 387
f 198 202 201
f 513 514 164
f 202 195 580
f 166 515 169
f 515 523 173 169
f 96 386 97
f 269 270 265
f 250 254 272
f 229 581 228
f 333 151 478 334
f 333 150 151
f 334 478 561
f 486 584 583 582
f 582 485 486
f 582 481 485
f 253 252 251
f 511 513 510
f 513 585 514
f 224 223 220
f 485 481 482
f 300 299 301
f 143 545 141
f 192 196 197
f 192 199 196
f 344 352 109 346
f 173 586 172
f 173 524 586
f 159 157 160
f 159 160 161 162
f 105 400 401 106
f 402 105 220
f 351 356 541 354
f 520 251 250
f 520 250 522
f 205 587 204
f 205 204 415
f 565 566 564
f 383 386 398
f 398 386 96
f 566 373 564
f 107 344 226
f 206 358 347
f 141 142 143
f 472 477 154
f 252 253 245
f 588 15 589
f 588 13 11
f 588 11 15
f 15 11 12 14
f 200 192 197 210
f 69 399 70
f 580 225 358 202
f 75 79 76
f 426 32 37
f 341 180 342
f 83 88 87
f 18 12 269
f 325 326 321
f 590 172 586
f 45 389 47
f 136 140 135
f 592 307 567
f 495 113 497
f 42 436 439
f 88 110 89
f 394 67 62
f 537 356 361
f 57 54 53
f 292 291 289
f 51 53 49
f 55 60 452
f 60 55 62
f 76 82 78
f 82 244 78
f 190 456 189
f 215 587 595
f 215 595 596
f 301 299 309
f 44 46 45
f 533 535 536
f 275 341 342
f 331 597 327
f 331 330 598
f 417 418 422
f 319 406 407
f 515 599 523
f 291 293 502
f 128 137 129
f 301 600 300
f 246 508 167
f 76 79 87
f 556 396 394
f 85 305 457
f 329 328 464
f 410 411 412
f 267 268 18
f 343 342 362
f 462 463 602
f 51 50 52
f 29 558 27
f 242 243 369
f 243 366 369
f 409 454 190
f 454 456 190
f 444 549 447
f 554 553 194
f 554 551 553
f 356 537 541
f 518 111 112
f 518 120 111
f 107 108 352
f 566 370 603
f 452 604 55
f 189 554 199
f 189 550 554
f 554 550 551
f 464 602 463
f 464 460 602
f 55 54 62
f 329 324 330
f 44 45 41
f 180 341 182 177
f 192 189 199
f 214 215 596 605
f 363 365 180
f 146 475 145
f 146 573 475
f 411 607 606
f 56 55 604
f 374 564 373
f 580 222 225
f 580 195 222
f 222 223 225
f 222 221 223
f 462 461 326
f 245 253 246
f 399 380 400
f 296 290 548
f 582 583 608
f 582 608 585
f 582 585 487
f 540 539 609
f 364 570 303
f 558 29 35
f 109 359 357
f 6 7 10
f 478 151 471
f 450 442 443
f 570 569 611
f 403 406 310
f 188 4 5 322
f 234 233 241
f 234 241 418
f 274 334 340
f 185 187 178
f 394 395 67
f 612 379 93 99
f 379 244 93
f 158 615 614 613
f 158 613 157
f 157 613 163
f 85 457 86 84
f 457 91 86
f 504 617 501
f 601 500 499
f 601 498 127
f 516 511 512
f 526 308 562
f 426 424 32
f 573 162 161 475
f 494 495 493
f 604 49 56
f 277 284 281
f 260 266 232
f 507 513 509
f 68 70 620
f 70 218 620
f 517 522 521
f 305 621 567 457
f 621 592 567
f 66 67 395
f 424 31 32
f 393 377 556
f 377 594 556
f 556 594 396
f 323 321 320
f 128 123 134
f 204 587 207
f 187 623 186
f 186 623 625 624
f 186 624 626
f 604 41 43
f 604 452 41
f 43 49 604
f 519 521 119
f 582 487 481
f 487 484 481
f 476 153 477
f 477 153 154
f 145 472 148
f 325 321 323
f 330 324 1
f 224 220 105
f 49 53 56
f 10 578 271
f 234 418 229
f 587 205 595
f 420 242 370 565
f 132 124 131
f 97 386 98
f 98 612 99
f 98 385 612
f 332 338 336 249
f 446 441 59
f 226 344 346
f 569 572 611
f 611 628 627
f 611 572 628
f 629 631 630
f 102 109 352
f 79 73 83
f 137 138 290
f 319 310 406
f 75 74 72
f 310 297 403
f 571 572 569
f 570 611 303
f 362 72 74
f 34 142 132
f 186 632 571
f 206 207 633
f 71 364 303
f 445 144 441
f 197 201 210
f 235 228 581 238
f 510 513 507
f 634 485 482
f 634 486 485
f 634 482 635
f 635 482 480
f 217 211 636
f 211 217 209
f 272 522 250
f 272 271 578 522
f 265 254 259
f 593 502 293
f 270 254 265
f 270 271 254
f 108 106 100
f 620 65 68
f 553 218 193
f 225 227 358
f 206 633 358
f 204 387 415
f 401 96 100
f 401 100 106
f 167 168 248
f 452 441 41
f 358 633 202
f 119 521 578
f 256 257 258
f 426 436 425
f 41 441 40
f 218 219 193
f 107 352 344
f 578 521 522
f 264 267 265
f 265 262 264
f 253 510 507
f 119 117 118
f 620 551 552
f 620 553 551
f 620 218 553
f 519 119 118 120
f 637 638 184
f 184 638 639
f 271 272 254
f 28 558 35
f 319 407 409
f 441 452 59
f 627 628 640
f 267 264 273
f 203 4 188
f 611 641 525 303
f 176 179 175
f 330 331 329
f 316 461 642
f 396 384 382
f 594 384 396
f 498 601 559
f 456 550 189
f 370 368 603
f 601 127 500
f 152 643 474 154
f 643 644 474
f 474 479 473
f 474 644 479
f 158 645 615
f 646 647 616
f 648 649 646
f 646 649 647
f 648 639 649
f 639 650 649
f 648 623 639
f 524 651 652
f 651 654 653
f 651 653 652
f 656 504 506
f 656 506 657
f 524 658 651
f 654 656 653
f 617 560 501
f 653 656 655
f 656 660 504
f 642 315 316
f 602 661 642
f 602 642 461 462
f 530 568 532
f 531 532 539
f 531 538 535 530
f 535 538 536
f 532 609 539
f 411 606 458
f 662 663 606
f 606 663 458
f 531 539 538
f 415 540 414
f 540 609 414
f 415 387 540
f 561 182 340
f 177 182 176
f 596 595 664
f 596 410 605
f 293 298 665
f 373 566 603 555
f 379 612 666
f 664 410 596
f 664 411 410
f 559 601 499
f 560 668 559
f 513 511 492 585
f 586 524 579
f 172 590 171
f 502 593 505 504
f 385 381 384 666
f 168 165 170
f 278 24 236
f 280 282 285
f 361 360 104 92
f 459 673 672 671
f 459 671 460
f 327 329 331
f 184 639 185
f 637 184 179
f 122 116 125
f 158 676 645
f 524 523 658
f 460 412 459
f 415 416 205
f 235 237 230
f 90 104 110
f 328 460 464
f 202 619 201
f 202 633 619
f 583 584 667
f 583 667 675
f 158 159 676
f 158 157 159
f 85 304 305
f 305 622 621
f 490 495 496
f 635 480 679
f 644 637 479
f 483 680 480
f 216 681 203
f 216 217 681
f 629 667 584
f 377 555 594
f 65 620 64
f 185 623 187
f 514 599 515 164
f 527 526 575
f 152 155 683
f 639 638 650
f 684 686 685
f 687 688 684
f 687 689 688
f 651 659 654
f 654 659 656
f 617 504 691
f 579 690 692
f 579 692 686
f 692 685 686
f 692 693 685
f 685 687 684
f 685 693 687
f 687 694 689
f 694 687 695
f 694 626 624 689
f 693 696 695
f 693 695 687
f 692 697 693
f 692 698 697
f 697 700 693
f 693 700 696
f 696 700 699
f 696 699 695
f 697 701 700
f 697 702 701
f 700 701 703
f 700 703 699
f 701 702 705 704
f 701 704 703
f 704 707 706
f 704 708 707
f 707 710 709
f 707 709 706
f 626 632 186
f 695 699 694
f 704 706 703
f 665 298 712 711
f 678 315 713
f 678 313 315
f 713 661 678
f 576 714 577
f 575 577 529
f 622 716 621
f 609 662 414
f 609 717 662
f 662 606 607
f 3 598 1
f 3 4 203
f 3 203 598
f 598 330 1
f 598 669 331
f 598 203 681
f 217 669 598 681
f 588 589 13
f 589 718 13
f 718 19 13
f 718 125 19
f 718 670 125
f 670 589 130
f 670 718 589
f 589 133 130
f 133 589 28
f 28 589 557
f 589 15 557
f 86 92 104
f 359 109 103
f 359 103 110
f 110 104 359
f 104 360 359
f 19 125 116
f 125 670 131
f 670 130 131
f 125 131 122
f 115 19 116
f 131 124 122
f 170 573 168
f 573 146 156
f 573 156 248 168
f 159 162 170
f 159 170 676
f 170 162 573
f 171 590 645 676
f 171 676 170
f 155 163 647
f 153 574 155
f 479 719 610
f 479 610 561 478
f 479 637 719
f 719 176 610
f 719 637 179
f 719 179 176
f 176 182 610
f 182 561 610
f 590 720 645
f 613 647 163
f 613 616 647
f 647 683 155
f 182 339 340
f 341 339 182
f 185 639 623
f 623 648 721
f 721 625 623
f 648 646 721
f 721 646 722
f 614 722 646
f 646 616 613 614
f 722 614 615
f 722 615 723
f 723 721 722
f 723 625 721
f 624 724 689
f 688 591 684
f 725 591 688
f 591 725 590 586
f 686 684 591
f 591 586 579
f 591 579 686
f 688 724 726
f 688 689 724
f 688 726 725
f 327 605 413
f 605 597 636
f 327 597 605
f 597 331 636
f 636 331 669
f 669 217 636
f 605 636 213 214
f 410 413 605
f 213 636 211
f 727 212 619
f 727 587 215 212
f 727 619 207
f 212 201 619
f 619 633 207
f 207 587 727
f 283 465 282
f 581 229 465 283
f 581 283 284
f 238 581 284
f 238 284 728
f 282 465 285
f 465 229 418
f 284 277 278 728
f 728 236 238
f 728 278 236
f 24 557 236
f 729 505 593
f 729 710 707 505
f 710 729 593 711
f 710 712 709
f 710 711 712
f 665 711 593
f 707 657 506
f 707 708 657
f 707 506 505
f 709 730 706
f 703 706 730 699
f 699 731 694
f 593 293 665
f 298 732 712
f 732 734 712
f 734 735 712
f 736 737 672
f 736 739 738
f 304 622 305
f 304 742 622
f 304 741 742
f 302 741 304
f 741 302 525
f 716 576 575
f 576 716 742
f 742 716 622
f 741 525 743
f 743 714 741
f 714 576 741
f 741 576 742
f 592 621 716 307
f 307 716 562
f 562 575 526
f 562 716 575
f 301 678 674
f 674 600 301
f 661 744 674
f 600 674 744
f 674 678 661
f 313 678 301
f 603 379 745
f 603 745 594 555
f 384 594 745 666
f 379 666 745
f 666 612 385
f 603 368 379
f 737 671 672
f 737 738 734
f 672 673 746
f 737 747 671
f 733 744 734
f 600 733 300
f 733 600 744
f 734 744 661
f 734 661 737
f 747 602 671
f 748 572 632
f 748 632 626 749
f 731 730 750
f 751 709 735
f 751 730 709
f 751 750 730
f 750 735 752
f 731 750 752
f 731 752 749
f 752 753 749
f 749 753 754 748
f 752 740 753
f 740 755 753
f 740 738 755
f 738 739 755
f 753 755 756
f 734 740 735
f 735 740 752
f 740 734 738
f 712 735 709
f 751 735 750
f 754 628 748
f 754 640 628
f 753 756 754
f 756 640 754
f 755 739 756
f 298 733 732
f 733 298 300
f 733 734 732
f 760 761 762
f 760 529 577 761
f 756 757 640
f 756 758 757
f 758 761 757
f 758 756 739 761
f 739 763 761
f 763 762 761
f 739 736 763
f 736 672 764
f 736 764 762 763
f 762 766 765 760
f 762 764 766
f 764 672 746
f 764 767 766
f 764 746 767
f 765 529 760
f 673 768 767
f 673 767 746
f 673 458 663 768
f 673 459 458
f 767 769 766
f 769 532 766
f 766 532 765
f 460 671 602
f 602 747 661
f 737 661 747
f 770 680 483
f 770 483 489
f 770 489 771
f 680 773 480
f 680 770 772
f 771 489 496
f 771 775 770
f 771 774 775
f 772 773 680
f 772 770 775
f 635 679 634
f 634 679 776
f 634 776 629
f 634 629 584
f 496 489 490
f 774 559 668
f 559 774 498
f 774 771 498
f 771 496 497 498
f 584 486 634
f 629 776 679 631
f 631 777 630
f 631 679 777
f 777 679 778
f 679 773 778
f 775 774 779
f 774 780 779
f 774 668 780
f 775 779 778
f 775 778 772
f 773 679 480
f 772 778 773
f 782 778 779
f 782 779 781
f 782 784 783
f 782 785 784
f 779 780 781
f 782 783 778
f 783 630 778
f 778 630 777
f 780 668 560 617
f 780 617 786
f 781 780 786
f 787 691 789 788
f 787 786 691
f 786 617 691
f 790 677 784
f 783 784 677
f 784 785 790
f 585 608 514
f 585 492 488 487
f 514 608 791 599
f 583 675 791
f 791 792 658
f 791 793 792
f 583 791 608
f 791 675 793
f 651 658 792
f 599 658 523
f 599 791 658
f 792 793 794
f 675 677 793
f 651 792 795
f 659 651 795
f 659 795 660
f 659 660 656
f 504 660 618
f 748 628 572
f 627 640 682
f 611 627 682
f 640 757 682
f 796 743 641
f 796 641 715
f 682 641 611
f 641 759 715
f 759 761 715
f 759 757 761
f 641 757 759
f 765 568 529
f 568 528 529
f 765 532 568
f 609 532 769
f 769 717 609
f 769 768 717
f 769 767 768
f 768 663 717
f 459 411 458
f 459 412 411
f 717 663 662
f 412 460 328
f 552 551 550
f 552 550 455
f 552 64 620
f 64 455 58
f 64 552 455
f 58 61 63 64
f 456 455 550
f 16 237 236
f 237 268 273
f 237 273 230
f 792 794 795
f 677 790 793
f 677 675 783
f 793 790 794
f 790 788 794
f 790 785 788
f 794 788 795
f 788 789 795
f 783 675 667
f 789 618 795
f 789 691 618
f 795 618 660
f 618 691 504
f 630 783 629
f 641 682 757
f 525 641 743
f 743 796 715
f 715 577 714
f 577 715 761
f 715 714 743
f 664 595 416
f 205 416 595
f 416 414 662
f 416 662 607
f 416 607 664
f 664 607 411
f 656 657 708
f 579 652 797 690
f 579 524 652
f 799 798 797
f 799 702 798
f 708 702 799
f 708 799 655
f 708 705 702
f 797 798 690
f 799 797 653
f 708 655 656
f 652 653 797
f 799 653 655
f 798 702 698
f 702 697 698
f 705 708 704
f 798 698 690
f 698 692 690
f 590 725 720
f 645 720 615
f 720 725 800
f 720 800 615
f 615 800 723
f 625 723 800
f 625 800 726
f 625 726 724
f 800 725 726
f 625 724 624
f 731 749 694
f 694 749 626
f 731 699 730
f 783 667 629
f 638 637 644
f 643 638 644
f 643 152 638
f 152 683 638
f 638 683 650
f 683 649 650
f 683 647 649
f 572 571 632
f 661 713 642
f 713 315 642
f 736 738 737
f 781 785 782
f 786 787 781
f 781 788 785
f 808 806 810 809
f 813 814 815
f 823 826 824
f 823 825 827
f 831 834 833
f 834 802 833
f 834 835 802
f 844 846 845
f 844 848 847 836
f 844 836 837
f 852 855 854
f 852 853 855
f 858 861 860
f 860 861 862
f 863 865 864
f 865 866 864
f 830 804 869
f 830 868 804
f 873 875 874
f 883 884 886
f 879 887 880
f 879 878 887
f 889 890 891
f 889 891 892
f 856 895 893
f 896 842 843
f 898 900 901
f 898 899 900
f 900 899 903
f 906 907 905
f 909 910 912
f 910 913 912
f 914 916 915
f 914 915 918 917
f 915 916 919
f 920 923 922
f 921 925 924
f 921 926 920
f 852 841 931
f 852 931 853
f 931 841 839
f 934 933 936
f 934 936 937 935
f 948 949 950
f 955 897 884
f 884 897 886
f 886 896 883
f 956 960 959
f 894 893 963
f 903 965 900
f 903 964 965
f 966 891 967
f 899 898 970
f 971 973 972
f 971 972 969
f 973 974 972
f 924 925 927
f 866 857 864
f 930 979 978
f 930 928 979
f 980 930 978
f 980 981 930
f 980 978 982
f 840 885 843
f 986 988 987
f 986 989 990 988
f 987 991 986
f 976 993 975
f 975 994 927
f 975 993 994
f 995 997 996
f 995 998 997
f 1002 1004 1001
f 1001 1004 1003
f 927 925 975
f 975 1005 976
f 1005 1006 976
f 870 871 1010
f 1011 803 804
f 1011 1012 803
f 1011 1013 859
f 878 879 1015
f 1016 890 878
f 890 1016 967
f 890 967 891
f 879 847 1015
f 1017 870 953
f 1018 850 918
f 833 1021 1020
f 1016 878 1015
f 878 1022 887
f 878 890 1023
f 878 1023 1022
f 887 1024 880
f 1026 1028 1027
f 1026 1030 1029
f 1026 1032 1031
f 1026 1027 1032
f 1034 1037 1036 1035
f 1034 808 1038
f 1034 1038 1037
f 1039 809 810
f 1039 1041 1042 1040
f 1048 1050 1049
f 965 1051 900
f 900 1051 902
f 902 1051 1052
f 1053 1056 1055
f 1056 851 1055
f 966 1058 1057
f 959 855 1061
f 959 1061 1060
f 943 1064 944
f 935 937 938
f 938 937 939
f 866 1065 857
f 899 970 1069
f 874 1070 873
f 874 1025 867
f 1072 1074 1075
f 1076 984 1077
f 984 1078 1077
f 816 817 818
f 983 821 822
f 983 822 1082
f 1083 1085 893
f 1083 1084 1086
f 1083 1086 1085
f 1084 981 1087
f 1087 981 980 1088
f 981 929 928
f 981 928 930
f 855 853 1061
f 1054 958 1093
f 958 961 957
f 914 1095 916
f 914 917 1081
f 1095 1096 916
f 1095 1097 1096
f 938 1098 1062
f 1099 944 1101
f 1099 1100 940
f 940 1100 1102
f 908 857 856
f 961 1103 957
f 961 1055 1103
f 1105 883 885
f 893 894 1083
f 1068 1107 1067 983
f 1068 1064 1110
f 1068 1110 1107
f 1064 1068 944
f 1111 825 1112
f 1111 1112 923
f 1096 1080 916
f 864 857 1115
f 864 1115 1116
f 949 948 1009
f 893 1085 1117
f 953 881 989
f 953 989 1017
f 1118 1120 1119
f 1118 1119 877
f 1120 1118 1121
f 1123 801 817
f 817 1124 1123
f 871 1128 829
f 1125 1130 1129 882
f 1020 831 833
f 1020 832 831
f 1020 851 832
f 1044 1046 1045
f 1045 1046 1132
f 1046 1047 1132
f 1008 901 902
f 901 900 902
f 901 970 898
f 867 1025 1134
f 875 1025 874
f 961 958 1054
f 961 1054 1053 1055
f 968 905 907
f 1137 824 1138
f 1137 1139 968
f 968 1139 905
f 1139 1140 905
f 1141 1057 1058
f 1142 1143 1144
f 1033 1146 1145
f 1147 952 1148
f 1148 1150 1149
f 923 920 926
f 1082 1141 1058
f 1151 899 969
f 1104 851 1152
f 1073 830 1014
f 804 868 1011
f 803 974 973
f 972 1154 969
f 1073 1079 1072
f 1014 803 973
f 803 1014 869
f 1010 871 829
f 1014 830 869
f 905 904 906
f 1155 1156 840
f 1155 1092 1106
f 1155 985 1092
f 1155 840 985
f 1092 852 854
f 819 821 1157
f 821 1158 1157
f 957 956 1093 958
f 1119 1120 1160
f 1159 876 877
f 1159 877 1119
f 891 966 892
f 1028 1162 1161
f 1161 1027 1028
f 1089 1090 1165
f 896 886 842
f 925 921 1133
f 1166 1167 822
f 1166 1168 1167
f 822 984 1076
f 866 954 837
f 1170 1172 1171
f 1174 942 865
f 926 921 924
f 998 1175 1176
f 1175 1177 1176
f 862 854 855
f 840 1156 885
f 1178 1179 1180
f 1178 1180 1181
f 1180 1158 1181
f 1180 1157 1158
f 1182 1184 1183
f 1183 1184 1186
f 876 952 877
f 1009 948 951
f 1002 999 1187
f 1104 1055 851
f 843 842 840
f 1112 825 1136
f 880 888 879
f 1098 938 939
f 1098 1191 1190
f 907 1192 968
f 904 1122 1048
f 1112 947 923
f 947 1112 945
f 1193 1194 1196 1195
f 888 849 836
f 836 849 837
f 833 1134 1021
f 1134 833 1019
f 847 879 888
f 847 888 836
f 946 1171 945
f 1088 980 982
f 1084 929 981
f 901 1008 1007
f 868 829 1128
f 828 868 830
f 829 1199 1010
f 829 828 1153 1199
f 1011 859 1012
f 1013 858 859
f 1073 1014 973
f 1073 973 1079
f 1013 1106 861
f 940 941 1099
f 1098 1202 1062
f 883 896 843
f 816 818 955
f 1203 874 955 884
f 1203 884 883
f 1072 1153 1073
f 1076 1077 1057
f 984 1075 1078
f 1078 1075 1074
f 1078 1074 1204
f 1074 1072 1079
f 1077 892 1057
f 1057 892 966
f 850 917 918
f 837 838 866
f 837 1059 838
f 833 801 1019
f 947 1135 923
f 1135 913 923
f 883 843 885
f 1117 1208 908
f 1117 856 893
f 1117 908 856
f 955 818 1209
f 1120 1121 1210
f 959 1033 1211
f 959 960 1213
f 1022 1214 969
f 1022 969 1069
f 969 899 1069
f 1058 1215 1082
f 1015 847 848
f 1190 1202 1098
f 1216 1217 1218
f 1190 1219 1216
f 1219 1205 1216
f 1019 1220 816
f 867 1019 816
f 1033 1145 1211
f 1099 941 943
f 1099 943 944
f 943 941 1223
f 943 1223 1110 1064
f 941 940 1221
f 939 1191 1098
f 936 933 1224
f 934 1146 1033
f 934 938 1063
f 934 1063 1146
f 1140 1122 904
f 1008 949 1007
f 913 1135 912
f 1030 1026 1031
f 818 1225 1226
f 857 1094 850
f 850 1018 857
f 856 1018 895
f 856 857 1018
f 895 1227 963
f 1096 1114 1139 1080
f 812 1230 811
f 833 802 801
f 874 816 955
f 861 858 1013
f 869 804 803
f 849 1094 1059
f 1074 1079 1204
f 829 868 828
f 826 1231 1080
f 849 850 1094
f 1233 1235 1234
f 1233 920 1236 1235
f 920 1233 921
f 894 962 1083
f 962 929 1084
f 1228 982 819
f 1228 819 1157
f 957 860 956
f 1237 1238 813
f 1165 1038 808 1240
f 1038 1165 1239
f 815 1237 813
f 1237 815 1089 1165
f 982 978 819
f 1113 1194 1114
f 1113 1114 1096
f 1094 857 1065
f 1216 1205 1217
f 1217 1243 1218
f 1217 1244 1243
f 1190 1191 1219
f 1174 1222 942
f 1102 1247 942 940
f 941 1248 1223
f 941 1221 1248
f 1221 1222 1249 1248
f 1249 1222 1250
f 1252 1253 1191 939
f 1252 939 937
f 1253 1254 1251 1191
f 934 935 938
f 1221 940 1222
f 940 942 1222
f 1055 1255 1103
f 970 901 1256
f 840 839 985
f 985 839 1092
f 839 841 1092
f 963 893 895
f 865 1258 1257
f 861 854 862
f 805 806 1034
f 1034 1035 805
f 806 808 1034
f 1068 1108 1176
f 1176 944 1068
f 1039 1040 809
f 947 1259 1135
f 923 926 1111
f 1171 1259 947
f 1171 947 945
f 1136 825 823
f 1242 1260 872
f 1161 1261 1027
f 860 957 1103
f 1127 801 1123
f 1019 801 1127
f 880 1024 888
f 1151 964 899
f 964 903 899
f 1133 910 911
f 911 910 909
f 820 1075 984
f 1166 822 1076
f 1166 1076 1263 1168
f 1083 962 1084
f 882 989 881
f 897 1254 886
f 886 1254 842
f 955 1209 1264
f 818 1226 1209
f 1044 1266 1265
f 1267 1265 1266
f 1267 1269 1268
f 1266 1044 1045
f 1047 1270 1132
f 1047 1271 1270
f 991 1169 992
f 1169 1170 946 992
f 1170 1171 946
f 999 1000 1187
f 999 1002 1001
f 1077 1078 892
f 969 1154 1262 1151
f 1262 964 1151
f 967 1273 966
f 967 1016 1274 1273
f 892 1078 889
f 867 816 874
f 951 948 952
f 1114 1197 1275
f 1114 1275 1139
f 890 889 1023
f 987 1169 991
f 816 1124 817
f 816 1131 1124
f 1276 1261 1161
f 1276 1035 1036 1261
f 1276 1277 1035
f 1277 805 1035
f 1277 1278 805
f 824 1137 968
f 952 876 951
f 1195 1009 876
f 820 984 822
f 820 819 1279
f 1279 1075 820
f 819 820 822 821
f 1194 1197 1114
f 1197 1194 1246
f 971 969 1214
f 971 1214 1079 973
f 1150 1148 1242
f 1152 851 1020 1021
f 1138 824 826
f 1153 830 1073
f 830 1153 828
f 868 1013 1011
f 868 1106 1013
f 1071 872 873 1070
f 1092 841 852
f 1010 1280 870
f 951 876 1009
f 976 1006 881
f 1006 1281 881
f 1106 854 861
f 983 1082 1282
f 1082 1229 1282
f 983 1067 821
f 821 1067 1158
f 905 1140 904
f 1139 1283 1140
f 1140 1283 1284 1122
f 1091 1286 1285
f 1089 1188 1090
f 815 1188 1089
f 1239 1090 1038
f 1090 1287 1037 1038
f 1043 1042 1041
f 932 1224 933
f 932 931 1224
f 1044 1290 1289 1046
f 990 1291 1294
f 1006 1297 1296
f 1006 1295 1297
f 1297 1298 1296
f 812 1299 1049
f 912 1300 909
f 912 1301 1300
f 1128 871 1201
f 1043 1288 1042
f 1043 1206 1288
f 1288 1206 1302
f 1303 872 1071
f 1123 1124 1304
f 1018 918 895
f 1060 1033 959
f 965 964 1305
f 1184 1182 1306
f 1122 1307 1048
f 1308 1309 1310
f 1308 1310 1312 1311
f 1179 1315 1314 1313
f 1179 1178 1315
f 1313 1314 1317 1316
f 851 1318 832
f 1318 851 1056
f 849 1059 837
f 808 809 1240
f 1210 1160 1120
f 1076 1057 1142
f 1087 1322 1084
f 1084 1322 1086
f 1307 1122 1324 1323
f 1190 1216 834 1325
f 1190 1325 1202
f 1149 1150 1245
f 885 1156 1201
f 1156 1155 1201
f 860 1103 858
f 942 845 865
f 865 845 1258
f 1258 1326 1327
f 1145 1146 1241
f 1145 1241 1329 1328
f 1157 1180 1331
f 1332 1334 1333 995
f 995 996 1332
f 1131 816 1335
f 866 977 954
f 1247 845 942
f 978 1279 819
f 978 979 1279
f 1090 1091 1287
f 863 864 1116
f 1176 1108 998
f 1006 1296 1281
f 1260 873 872
f 1309 1337 1338
f 1229 1339 1282
f 1197 1246 1275
f 881 1340 882
f 1143 1341 1144
f 995 1333 998
f 1333 1343 1344
f 1113 1096 1097
f 999 1126 1000
f 1107 1109 1067
f 1345 1347 1346
f 803 1012 974
f 1063 938 1348
f 1125 882 1349
f 1293 1294 1291
f 1350 1163 1028 1026
f 1161 1162 1164
f 1022 1069 887
f 1141 1142 1057
f 1219 817 1205
f 817 1225 818
f 1161 1164 1276
f 902 1052 1008
f 1008 1052 950 949
f 921 1233 1133
f 1100 1099 1101
f 1222 1174 1250
f 1226 1352 1353
f 1082 1351 1141
f 812 1049 1230
f 826 1080 1138
f 824 968 1303
f 1268 1290 1267
f 1110 1355 1107
f 1275 1284 1283
f 1262 1255 1356
f 1252 937 1253
f 1251 897 1357
f 1148 952 1358
f 825 1111 827
f 931 839 936
f 1126 1130 1125
f 838 1341 1342
f 1105 885 870 1200
f 1085 1086 1250
f 1085 1250 1359 1117
f 835 834 1216
f 1047 1360 1271
f 857 908 1115
f 1094 1065 1232
f 1171 1172 1345
f 1019 867 1134
f 1093 956 1363
f 1195 1364 1009
f 1195 1196 1364
f 876 1159 1195
f 1194 1193 1365
f 1194 1365 1366
f 1235 1236 1298
f 1293 1291 1346 1347
f 955 1264 897
f 1021 1356 1152
f 1107 1355 1367
f 1195 1159 1193
f 849 1368 850
f 850 1368 917
f 917 1368 1081
f 1310 1309 1338
f 1370 863 1371
f 1370 1371 1372
f 1370 1372 1373
f 1372 1367 1373
f 1182 1374 1185
f 855 1375 1173
f 855 1173 862
f 870 1201 871
f 1261 1036 1376 1027
f 975 1377 1005
f 866 1066 1065
f 1068 983 1282 1108
f 1242 872 1192
f 931 1379 853
f 1093 1380 1054
f 1093 1241 1380
f 1241 1146 1380
f 1146 1063 1380
f 1165 1090 1239
f 1100 1101 1102
f 1326 1334 1332 1327
f 1229 1310 1338
f 1229 1082 1215
f 1229 1215 1310
f 1381 1383 1382
f 1381 1385 1384 1383
f 1381 1109 1385
f 1381 1181 1067 1109
f 1381 1382 1181
f 1382 1386 1178
f 1382 1383 1387 1386
f 1382 1178 1181
f 1387 1383 1384
f 1387 1384 1388
f 1386 1389 1178
f 1385 1390 1384
f 1385 1372 1390
f 1385 1367 1372
f 1385 1109 1107 1367
f 1181 1158 1067
f 1223 1087 1088
f 1223 1088 982
f 1322 1087 1223 1391
f 1248 1391 1223
f 1223 982 1110
f 982 1355 1110
f 982 1228 1355
f 914 1256 1095
f 1095 1256 1007
f 1024 1256 1081
f 1024 1081 1368
f 1256 914 1081
f 1024 1069 970
f 1024 970 1256
f 901 1007 1256
f 1069 1024 887
f 1024 1368 888
f 888 1368 849
f 1392 1200 870 1017
f 1392 1394 1393 1200
f 1392 1017 989
f 1392 989 986 1394
f 986 991 1394
f 1136 992 945
f 1136 1394 992
f 1136 1303 1393
f 1136 1393 1394
f 1303 1071 1393
f 946 945 992
f 992 1394 991
f 1116 1115 1389
f 1116 1389 1395
f 1389 1386 1387 1395
f 1178 1389 1315
f 1315 1389 1115
f 1317 1208 1396
f 1317 1314 1208
f 1317 1396 1397
f 1314 1315 1115 1208
f 1115 908 1208
f 1398 1400 1399
f 1398 1401 1400
f 1398 1357 1402 1401
f 1398 1399 1403 1357
f 1251 1357 1403
f 1251 1404 1219
f 1251 1403 1404
f 1251 1219 1191
f 1400 1406 1399
f 1400 1401 1407 1405
f 1406 1400 1405
f 1401 1408 1407
f 1401 1409 1408
f 1401 1402 1409
f 1402 1357 1264
f 1264 1410 1402
f 1357 897 1264
f 1123 1411 1127
f 1411 1412 1127
f 1411 1414 1413 1412
f 1411 1415 1414
f 1412 1220 1127
f 1412 1184 1220
f 1412 1413 1184
f 1414 1416 1413
f 1414 1415 1417
f 1413 1416 1186
f 1417 1416 1414
f 1411 1418 1415
f 1411 1123 1418
f 1415 1418 1419
f 1418 1123 1304
f 1420 1422 1421
f 1423 1420 1421
f 1423 1226 1225
f 1423 1352 1226
f 1423 1421 1352
f 1421 1424 1352
f 1404 1403 1399 1425
f 1425 1420 1423 1404
f 1423 1225 1404
f 1225 817 1219
f 1225 1219 1404
f 835 1428 1427 802
f 1429 1212 802 1427
f 1429 1430 1212
f 1427 1431 1429
f 1218 1432 1428 835
f 1218 1243 1432
f 1218 835 1216
f 1428 1431 1427
f 1431 1434 1429
f 1431 1428 1435 1433
f 1428 1432 1435
f 1432 1329 1435
f 1432 1243 1329
f 1243 1244 1436 1328
f 1437 1439 1438
f 1437 1438 1440
f 1440 1443 1442 1437
f 1440 1438 1443
f 1444 1445 1439
f 1444 1447 1446
f 1444 1439 1437
f 1437 1277 1444
f 1277 1447 1444
f 1277 1437 1448
f 1448 1442 1278
f 1448 1278 1277
f 1448 1437 1442
f 807 1278 1442
f 807 1442 1450
f 1443 1450 1442
f 1451 1452 1271
f 1452 1453 1271
f 1271 1453 1270
f 1453 1452 1454
f 1455 1456 1452
f 1455 1452 1451
f 1455 1451 1458 1457
f 1455 1459 1456
f 1457 1460 1455
f 1451 1461 1458
f 1360 1462 1461
f 1360 1461 1451
f 1451 1271 1360
f 1360 1047 1272
f 1463 1465 1464
f 1463 1466 1465
f 1464 1465 1467
f 1464 1467 1468
f 1465 1469 1467
f 1465 1470 1469
f 1465 1471 1470
f 1470 1471 1230
f 1470 1230 1472
f 1465 1466 1473 1471
f 1471 811 1230
f 1471 1473 811
f 1466 1474 1473
f 1466 1463 1474
f 1473 1474 1475
f 1476 1474 1463
f 1476 1463 1477
f 1476 1477 1454
f 1463 1464 1478
f 1132 1270 1479
f 1270 1480 1479
f 1188 1479 1286
f 1188 1091 1090
f 1091 1188 1286
f 1480 1286 1479
f 1480 1270 1481
f 1481 1270 1453
f 1286 1480 1482
f 1480 1483 1482
f 1484 1295 1125 1485
f 1484 1297 1295
f 1486 1484 1487
f 1235 1486 1234
f 1297 1484 1486
f 1297 1486 1235
f 1297 1235 1298
f 1487 1189 1234
f 1487 1234 1486
f 1484 1485 1487
f 1485 1349 1488
f 1485 1125 1349
f 1485 1489 1487
f 1295 1000 1125
f 1295 1005 1000
f 1005 1187 1000
f 1005 1295 1006
f 1490 1491 1130
f 1490 1492 1491
f 1490 1494 1493 1492
f 1490 1495 1494
f 1490 1130 1294 1495
f 1130 1126 1294
f 1130 1491 1129
f 1491 1492 1496
f 1492 1493 1496
f 1497 1300 1493
f 1497 1493 1494 1498
f 1497 909 1300
f 1497 1498 909
f 1493 1300 1496
f 1494 1495 1498
f 1498 1499 909
f 909 1499 911
f 1294 1293 1495
f 1495 1293 1499 1498
f 990 1294 1126
f 990 1126 988
f 1126 999 1500
f 1501 1162 1502
f 1501 1042 1446
f 1501 1502 1042
f 1502 1503 1042
f 1502 1163 1503
f 1502 1162 1163
f 1162 1501 1164
f 1501 1447 1164
f 1501 1446 1447
f 1042 1288 1446
f 1288 1302 1446
f 1446 1302 1444
f 1049 1472 1230
f 1473 1475 811
f 1504 1505 811
f 1504 811 1475
f 811 1505 1269
f 1506 1281 1507
f 1506 1340 1281
f 1506 1508 1340
f 1506 1507 1510 1509
f 1506 1509 1508
f 922 1509 1510
f 922 1510 1511
f 922 913 1509
f 1511 920 922
f 1511 1236 920
f 1510 1507 1511
f 922 923 913
f 1511 1507 1296 1236
f 1296 1298 1236
f 1080 1139 1138
f 1139 1275 1283
f 1138 1139 1137
f 1287 1513 1512
f 1287 1512 1514
f 1287 1285 1513
f 1514 1515 1287
f 1514 1516 1515
f 1514 1512 1517
f 1285 1519 1513
f 1519 1482 1520
f 1519 1285 1286
f 1519 1286 1482
f 1091 1285 1287
f 1379 931 932
f 1379 1407 1198
f 1379 1406 1405 1407
f 1379 932 1521 1406
f 1379 1198 853
f 1198 1408 1522
f 1198 1522 1361 853
f 1522 1524 1523
f 1522 1523 1361
f 1522 1408 1524
f 1198 1407 1408
f 1521 932 933
f 1390 1371 1388 1384
f 1390 1372 1371
f 1425 1426 1525 1420
f 1426 1521 1526
f 1426 1526 1525
f 1526 933 1060
f 1526 1521 933
f 1425 1399 1406 1426
f 1525 1526 1527
f 1426 1406 1521
f 1254 1253 1528
f 937 1528 1253
f 1254 897 1251
f 842 1528 1529
f 842 1254 1528
f 842 1529 840
f 1529 936 839 840
f 1529 1528 936
f 1528 937 936
f 1086 1322 1249 1250
f 1322 1391 1249
f 1391 1248 1249
f 1362 1416 960
f 1362 1186 1416
f 1362 860 862
f 862 1530 1362
f 1362 1530 1183
f 1362 960 860
f 960 956 860
f 1213 960 1416
f 1213 1417 1419
f 1213 1416 1417
f 1183 1186 1362
f 1530 1182 1183
f 1530 1374 1182
f 1059 1531 1319
f 1319 1532 1369
f 1319 1533 1532
f 1319 1531 1533
f 1319 838 1059
f 1531 1059 1094
f 1319 1369 1341
f 1319 1341 838
f 1369 1532 1534
f 1534 1532 1535
f 1532 1533 1535
f 1232 1536 1533 1531
f 1232 1531 1094
f 1533 1536 1537 1535
f 1134 1305 1021
f 1134 1025 875 1305
f 1305 1356 1021
f 1356 1305 1262
f 1262 1305 964
f 1356 1104 1152
f 1051 965 1305
f 1051 873 1052
f 1051 1305 875
f 1051 875 873
f 848 1247 1102 1538
f 1273 1101 1539
f 1273 1274 1538
f 1273 1538 1102 1101
f 1538 1274 1015
f 1538 1015 848
f 1274 1016 1015
f 1273 1539 966
f 1539 1177 966
f 1539 1101 944 1176
f 1539 1176 1177
f 1284 1275 1541
f 1324 1122 1284
f 1324 1284 1290
f 1284 1541 1290
f 1290 1541 1365
f 1324 1268 1323
f 1324 1290 1268
f 1290 1265 1267
f 1044 1265 1290
f 846 954 1542
f 846 1542 1543
f 846 844 837 954
f 1542 1308 1311 1543
f 1542 1309 1308
f 1065 1066 1544
f 1544 1546 1545
f 1544 1548 1547 1546
f 1544 1066 1548
f 1065 1544 1232
f 1544 1545 1232
f 1232 1545 1536
f 1546 1549 1545
f 1546 1547 1550
f 1546 1550 1551
f 1546 1551 1549
f 1548 1342 1547
f 1548 838 1342
f 1548 1066 838
f 1179 1313 1331 1180
f 1331 1228 1157
f 1331 1313 1316
f 1228 1331 1552
f 1228 1552 1355
f 1552 1331 1316
f 1552 1316 1373
f 1316 1397 1373
f 1373 1367 1552
f 1316 1317 1397
f 1201 1155 1106
f 1201 1106 868
f 1106 1092 854
f 1201 870 885
f 1201 868 1128
f 1378 1554 1555
f 1378 906 1554
f 1554 1556 1553
f 1554 1043 1041 1556
f 1553 1555 1554
f 1553 1245 1555
f 1557 1245 1553 1147
f 1557 1149 1245
f 1553 1556 1147
f 1147 1556 1558
f 1556 1041 810
f 1365 1289 1290
f 1366 1365 1541
f 1366 1541 1275
f 1366 1275 1246
f 1329 1559 1435
f 1559 1560 1433 1435
f 1241 1559 1329
f 1329 1243 1328
f 1559 1241 1093
f 1208 1117 1396
f 1039 810 1041
f 1043 1554 1206
f 1206 1554 1048
f 1048 1554 906
f 906 904 1048
f 1325 1348 1062 1202
f 1325 832 1561
f 1325 834 832
f 1348 938 1062
f 1063 1056 1380
f 1348 1561 1063
f 1348 1325 1561
f 1561 832 1318
f 1561 1318 1056
f 1063 1561 1056
f 832 834 831
f 1172 1170 1003 1133
f 1172 1133 911
f 1170 1169 987
f 1172 911 1345
f 1001 1003 1170
f 1500 987 1126
f 999 1001 1500
f 987 1500 1001 1170
f 1126 987 988
f 1340 1508 1349
f 1508 1488 1349
f 1509 1489 1508
f 1488 1508 1489
f 1189 913 910
f 1489 1509 913 1189
f 1507 1281 1296
f 1281 1340 881
f 1562 1280 1320
f 1562 993 1563 1280
f 1562 1564 994 993
f 1320 919 1564
f 1320 1564 1562
f 919 1320 1227
f 919 1227 895
f 919 1231 1564
f 1564 1231 1565
f 1231 826 1565
f 1231 916 1080
f 1231 919 916
f 919 895 915
f 895 918 915
f 1300 1301 1496
f 1496 1301 1566
f 1278 807 805
f 807 1449 805
f 807 1450 1121 1449
f 1567 1513 1450
f 1567 1450 1443
f 1513 1121 1450
f 1388 1371 863 1395
f 1388 1395 1387
f 1395 863 1116
f 1359 865 863
f 1359 1174 865
f 863 1370 1359
f 1149 1557 1148
f 1148 1557 1147
f 1147 1558 952
f 1558 1449 1118
f 1558 1568 1449
f 1558 877 952
f 877 1558 1118
f 1558 810 1568
f 1192 1555 1150
f 1192 1378 1555
f 1192 1150 1242
f 1150 1555 1245
f 1378 1192 907
f 1378 907 906
f 1192 1303 968
f 1303 1192 872
f 998 1108 997
f 997 1108 1339 1569
f 997 1336 996
f 997 1569 1336
f 1569 1337 1336
f 1339 1338 1569
f 1339 1229 1338
f 1569 1338 1337
f 1339 1108 1282
f 1355 1552 1367
f 1373 1397 1370
f 1211 1571 1570
f 1211 1207 959
f 1211 1570 1207
f 1570 1363 1207
f 1570 1573 1572
f 1570 1571 1573
f 1570 1572 1434 1560
f 1570 1560 1363
f 1560 1559 1363
f 1560 1434 1433
f 959 1207 1363 956
f 1572 1430 1429
f 1572 1429 1434
f 1573 1430 1572
f 1573 1575 1574
f 1573 1571 1575
f 1575 1571 1576
f 1571 1211 1576
f 1477 1463 1478
f 1464 1577 1478
f 1483 1481 1477
f 1483 1477 1478
f 1478 1578 1483
f 1483 1578 1482
f 1477 1481 1454
f 1482 1578 1579
f 1478 1577 1578
f 1578 1577 1579
f 1464 1520 1579
f 1464 1579 1577
f 1579 1520 1482
f 1320 1280 1580
f 1280 1010 1580
f 1280 1563 870
f 1563 953 870
f 976 1563 993
f 1563 976 881 953
f 1565 994 1564
f 1565 1581 994
f 1581 826 827
f 1581 1565 826
f 1581 827 1111
f 994 1581 927
f 1536 1545 1549
f 1536 1549 1537
f 1515 1037 1287
f 1515 1516 1376
f 1515 1376 1037
f 1376 1036 1037
f 1576 1436 1575
f 1576 1328 1436
f 1576 1145 1328
f 1576 1211 1145
f 1436 1244 1575
f 1575 1244 1574
f 1364 1097 1007
f 1364 1113 1097
f 1364 1196 1113
f 1196 1194 1113
f 1009 1364 1007 949
f 1007 1097 1095
f 1214 1204 1079
f 1214 889 1078 1204
f 1214 1023 889
f 1214 1022 1023
f 1504 1456 1582
f 1582 1583 1505 1504
f 1504 1475 1474 1476
f 1504 1476 1456
f 1582 1456 1459
f 1505 1583 1268
f 812 811 1269
f 1505 1268 1269
f 812 1269 1267 813
f 1574 1430 1573
f 1212 1430 1574
f 1217 1574 1244
f 1217 1212 1574
f 1217 1584 1212
f 1212 1584 801
f 1584 1217 1205 817
f 1585 1049 1299
f 1585 1206 1049
f 1585 1586 1206
f 1585 1587 1586
f 1585 1588 1587
f 1585 1299 1589
f 1585 1589 1588
f 1589 1590 1588
f 1589 1350 1590
f 1049 1206 1048
f 1206 1586 1302
f 1445 1302 1586
f 1445 1444 1302
f 1439 1591 1330 1438
f 1586 1587 1591 1439
f 1586 1439 1445
f 1587 1588 1029 1591
f 1438 1330 1441
f 1330 1591 1030
f 1030 1591 1029
f 1588 1590 1029
f 1042 1240 1040
f 1299 1238 1503
f 1503 1238 1042
f 1042 1238 1240
f 1503 1589 1299
f 1503 1163 1350 1589
f 1028 1163 1162
f 1593 1467 1469
f 1592 1467 1593
f 1593 1457 1592
f 1593 1460 1457
f 1592 1458 1461
f 1592 1457 1458
f 1593 1469 1595
f 1595 1469 1470
f 1593 1596 1460
f 1593 1595 1596
f 959 1213 1375
f 1597 1375 1419
f 1597 1599 1598
f 1597 1598 1173 1375
f 1375 1213 1419
f 1375 855 959
f 1419 1418 1597
f 1419 1417 1415
f 1240 1238 1237
f 1040 1240 809
f 1240 1237 1165
f 989 882 1600
f 1600 882 1601
f 1601 1566 1602 1600
f 1600 1602 1603
f 1600 1292 990
f 1600 1603 1292
f 1603 1602 1604
f 1604 1345 1346
f 1604 1259 1345
f 1604 1346 1603
f 1603 1346 1292
f 1602 1301 1604
f 1602 1566 1301
f 1604 1301 912 1259
f 912 1135 1259
f 1496 1566 1601 1491
f 1601 1129 1491
f 882 1129 1601
f 1351 1142 1141
f 1351 1354 1605
f 1354 1551 1550
f 1354 1550 1605
f 1551 1354 1606 1549
f 1354 1351 1082
f 1167 1168 1537 1606
f 1606 1354 1167
f 1167 1082 822
f 1354 1082 1167
f 1019 1127 1220
f 1306 1220 1184
f 1184 1413 1186
f 1306 1335 1220
f 1105 1203 883
f 1607 1203 1105
f 1203 1070 874
f 1105 1200 1393 1607
f 1070 1607 1071
f 1070 1203 1607
f 1071 1607 1393
f 1608 1609 1592
f 1608 1610 1321
f 1608 1321 1609
f 1592 1609 1467
f 1609 1611 1467
f 1609 1321 1611
f 1321 1610 1272
f 1467 1611 1468
f 1468 1611 1520
f 1468 1520 1464
f 1611 1321 1520
f 1321 1519 1520
f 1519 1321 1513
f 1321 1121 1513
f 1321 1210 1121
f 1210 1321 1272
f 1447 1276 1164
f 1447 1277 1276
f 1594 1596 1307
f 1594 1307 1583
f 1323 1583 1307
f 1583 1612 1594
f 1050 1595 1470 1472
f 1050 1596 1595
f 1048 1307 1050
f 1596 1050 1307
f 1460 1596 1594
f 1594 1612 1455
f 1460 1594 1455
f 1455 1612 1582 1459
f 1583 1582 1612
f 1583 1323 1268
f 827 826 823
f 1111 927 1581
f 924 927 1111
f 924 1111 926
f 1449 1121 1118
f 1449 1568 805
f 1568 806 805
f 1568 810 806
f 1558 1556 810
f 936 1224 931
f 1054 1380 1056 1053
f 802 1212 801
f 1610 1462 1360 1272
f 1461 1462 1592
f 1592 1462 1608
f 1608 1462 1610
f 1160 1210 1272
f 1160 1272 1047
f 1361 1523 1424
f 1361 1061 853
f 1361 1424 1527 1061
f 1527 1424 1422
f 1527 1060 1061
f 1527 1422 1525
f 1422 1424 1421
f 1422 1420 1525
f 1352 1424 1523 1353
f 1523 1524 1353
f 1260 1242 950
f 950 1052 1260
f 950 1148 1358
f 950 1242 1148
f 873 1260 1052
f 950 1358 948
f 952 948 1358
f 1238 812 813
f 1238 1299 812
f 1029 1590 1350 1026
f 1438 1441 1567 1443
f 1189 1487 1489
f 1189 910 1234
f 1489 1485 1488
f 1396 1370 1397
f 1396 1359 1370
f 1396 1117 1359
f 1359 1250 1174
f 845 1247 844
f 1247 848 844
f 845 846 1326
f 1499 1347 1345
f 1499 1345 911
f 1499 1293 1347
f 1126 1125 1000
f 1340 1349 882
f 989 1600 990
f 1292 1291 990
f 1292 1346 1291
f 1187 1005 1377
f 1613 1133 1004
f 1613 1004 1187 1377
f 1187 1004 1002
f 1004 1133 1003
f 1159 1160 1289
f 1159 1289 1365
f 1193 1159 1365
f 1046 1289 1160 1047
f 1160 1159 1119
f 1326 846 1543 1343
f 1326 1343 1334
f 1343 1543 1311
f 1326 1258 845
f 1333 1334 1343
f 1343 1311 1344
f 1476 1454 1456
f 1456 1454 1452
f 1171 1345 1259
f 1518 1330 1517 1512
f 1330 1518 1567 1441
f 1330 1030 1517
f 1518 1512 1513
f 1518 1513 1567
f 1514 1517 1031
f 1031 1517 1030
f 1031 1516 1514
f 1031 1032 1516
f 1032 1027 1376 1516
f 1199 1153 1279 979
f 1199 1580 1010
f 1199 979 1580
f 979 928 1580
f 929 1580 928
f 929 962 1580
f 1279 1072 1075
f 1072 1279 1153
f 962 1320 1580
f 962 894 1320
f 1227 1320 894 963
f 1472 1049 1050
f 1366 1246 1194
f 1142 1351 1143
f 1351 1605 1143
f 1605 1550 1342
f 1605 1342 1143
f 1342 1550 1547
f 1342 1341 1143
f 1344 1614 1333
f 1614 1175 1333
f 1614 1540 1175
f 1312 1215 1540 1614
f 1312 1310 1215
f 1312 1614 1344
f 1344 1311 1312
f 1175 998 1333
f 1177 1175 1540
f 1540 966 1177
f 1537 1549 1606
f 1535 1537 1168
f 1327 1332 996
f 1327 1257 1258
f 1327 996 1336
f 1257 1327 1615
f 865 1257 977
f 1615 1327 1336
f 1615 1336 1337
f 1257 1615 977
f 1353 1524 1409
f 1410 1353 1409
f 1410 1409 1402
f 1410 1209 1226 1353
f 1410 1264 1209
f 1409 1524 1408
f 1263 1076 1142
f 1263 1144 1534
f 1263 1142 1144
f 1263 1534 1535 1168
f 1369 1534 1144
f 1144 1341 1369
f 866 838 1066
f 1309 1615 1337
f 1309 1542 977 1615
f 866 865 977
f 977 1542 954
f 1093 1363 1559
f 1433 1434 1431
f 817 801 1584
f 1526 1060 1527
f 1060 933 1033
f 1033 933 934
f 1335 1185 1616 1131
f 1304 1124 1131 1616
f 1304 1616 1617
f 1304 1617 1418
f 1616 1185 1374 1599
f 1599 1597 1617 1616
f 1617 1597 1418
f 1598 1530 1173
f 1598 1599 1374
f 1598 1374 1530
f 1185 1306 1182
f 1306 1185 1335
f 1335 816 1220
f 1173 1530 862
f 974 1012 972
f 1154 1012 859
f 1154 972 1012
f 1154 1255 1262
f 1154 859 1103 1255
f 1356 1255 1104
f 1104 1255 1055
f 858 1103 859
f 1233 1234 1133
f 1133 1613 925
f 1133 1234 910
f 1215 1058 1540
f 1540 1058 966
f 1267 1266 1618
f 1267 814 813
f 814 1267 1479 1188
f 1188 815 814
f 1267 1618 1132 1479
f 1266 1045 1132 1618
f 1136 823 824 1303
f 1136 945 1112
f 1613 975 925
f 975 1613 1377
f 1453 1454 1481
f 1481 1483 1480
f 788 781 787
