$MeshFormat
2.2 0 8
$EndMeshFormat
$Nodes
815
1 -0.008088738657534122 0.07794897258281708 0.01594647951424122
2 -0.00877846498042345 0.08197763562202454 0.02702499739825726
3 -0.008619950152933598 0.08001484721899033 0.004025000613182783
4 -0.007602895610034466 0.0760594829916954 0.0270249992609024
5 -0.008597910404205322 0.08391478657722473 0.01552500016987324
6 -0.008119319565594196 0.0855628103017807 0.004106553737074137
7 -0.007589660119265318 0.08659620583057404 0.02702499739825726
8 -0.006791939958930016 0.08211973309516907 0.01552500016987324
9 -0.006666303612291813 0.08045095205307007 0.006024991162121296
10 -0.006666073109954596 0.08045100420713425 0.02502501383423805
11 -0.006587871816009283 0.08351611346006393 0.006025019567459822
12 -0.006587871816009283 0.08351611346006393 0.02502498216927052
13 -0.004631008487194777 0.09007004648447037 0.02689758688211441
14 -0.006036289967596531 0.08884035050868988 0.010924999602139
15 -0.006036289967596531 0.08884035050868988 0.01579704694449902
16 -0.006036289967596531 0.08884035050868988 0.0201249998062849
17 -0.005509797483682632 0.08622384071350098 0.01537803839892149
18 -0.00560659309849143 0.06830688565969467 0.0270249992609024
19 -0.005406757816672325 0.08946451544761658 0.004025003407150507
20 -0.005329629871994257 0.06805393099784851 0.01552500016987324
21 -0.005389045923948288 0.06818585097789764 0.004025000147521496
22 -0.001753602176904678 0.0923229306936264 0.01063294243067503
23 -0.001267527230083942 0.09269970655441284 0.02015826851129532
24 -0.002024403307586908 0.0678447037935257 0.02676535025238991
25 -0.004800985567271709 0.08715204149484634 0.02502499707043171
26 -0.004330771043896675 0.07271923124790192 0.006461785174906254
27 -0.004681129939854145 0.07271923124790192 0.01552500016987324
28 -0.004681129939854145 0.07271923124790192 0.02502500079572201
29 -0.004123996943235397 0.08792798221111298 0.006025008391588926
30 -0.003268199972808361 0.08858826756477356 0.010924999602139
31 -0.002974413800984621 0.08881901949644089 0.02038977667689323
32 -0.003254411509260535 0.08858701586723328 0.01594397239387035
33 -0.003095380030572414 0.07071921974420547 0.008377961814403534
34 -0.002890393137931824 0.07049553096294403 0.02333516255021095
35 -0.003095380030572414 0.07071922719478607 0.01552500016987324
36 -0.002355830045416951 0.06784422695636749 0.007807412650436163
37 -0.002355830045416951 0.06784422695636749 0.01544455531984568
38 -0.002355830045416951 0.06784422695636749 0.02324259094893932
39 0.0034293532371521 0.07439285516738892 0.01583730429410934
40 0.002829400589689612 0.07271923124790192 0.006449654698371887
41 0.003443550085648894 0.07271923124790192 0.01523953676223755
42 0.002834044396877289 0.07271923124790192 0.02467713691294193
43 0.003824517829343677 0.07534433156251907 0.006025000009685755
44 0.003887991886585951 0.07546308636665344 0.02502500079572201
45 0.004947889596223831 0.07672224193811417 0.01516822539269924
46 0.005197709891945124 0.09521765261888504 0.02012499421834946
47 0.00519852340221405 0.09521681070327759 0.006025000009685755
48 0.004744397010654211 0.09486342966556549 0.01083552930504084
49 0.005084683652967215 0.09512902051210403 0.02501100301742554
50 0.005299408920109272 0.08702871948480606 0.01600261218845844
51 0.005369692109525204 0.08684758841991425 0.02502500079572201
52 0.005420919973403215 0.07305964082479477 0.01552500016987324
53 0.005453912075608969 0.08623279631137848 0.006025000009685755
54 0.00548641150817275 0.0743752047419548 0.004025006201118231
55 0.005493419710546732 0.07296640425920486 0.02702500112354755
56 0.005277155432850122 0.07275216281414032 0.004025000147521496
57 0.005508778151124716 0.08847849816083908 0.006025000009685755
58 0.005613873712718487 0.07451013475656509 0.01594909280538559
59 0.005859422963112593 0.07481104880571365 0.0270249992609024
60 0.006127625703811646 0.08496444672346115 0.02502500079572201
61 0.006169597152620554 0.08490979671478271 0.01549353078007698
62 0.005629997234791517 0.07710081338882446 0.02458306215703487
63 0.006214737426489592 0.08993016183376312 0.02502500079572201
64 0.006251607090234756 0.09858010709285736 0.010924999602139
65 0.006720514036715031 0.09415806084871292 0.01056782528758049
66 0.006428408436477184 0.09871478378772736 0.004183322191238403
67 0.006440610159188509 0.09015017747879028 0.01552500016987324
68 0.005728757008910179 0.09816349297761917 0.0201249998062849
69 0.00645087705925107 0.09419994801282883 0.0201249998062849
70 0.006290467921644449 0.07196455448865891 0.02655033208429813
71 0.006385041400790215 0.0719127357006073 0.004224991891533136
72 0.00686388136819005 0.08397924154996872 0.006025000009685755
73 0.005684205796569586 0.09813711047172546 0.0269783828407526
74 0.006687241606414318 0.07562277466058731 0.004024999681860209
75 0.006969058886170387 0.07782360166311264 0.006025000009685755
76 0.007048988714814186 0.09371887147426605 0.02502500079572201
77 0.007584146223962307 0.0940561443567276 0.006151173263788223
78 0.00693433778360486 0.09648462384939194 0.010924999602139
79 0.007740742061287165 0.0838034600019455 0.01607726700603962
80 0.006621514447033405 0.09613776952028275 0.004025000147521496
81 0.007241559680551291 0.0716780349612236 0.01552500016987324
82 0.007684364914894104 0.07744811475276947 0.01596460677683353
83 0.007145872339606285 0.07548259943723679 0.02686724439263344
84 0.007521646562963724 0.09122365713119507 0.006025000009685755
85 0.007348902523517609 0.08770196139812469 0.01492142304778099
86 0.007370234467089176 0.08778472244739532 0.004025004804134369
87 0.007448812015354633 0.08659695088863373 0.0270249992609024
88 0.006883018184453249 0.07540924102067947 0.01529504451900721
89 0.007512977812439203 0.08391124755144119 0.02502500079572201
90 0.007578678894788027 0.09089713543653488 0.02502500079572201
91 0.007828283123672009 0.09619949012994766 0.0201249998062849
92 0.007663262076675892 0.085768923163414 0.01552500016987324
93 0.008784002624452114 0.09844276309013367 0.01054718159139156
94 0.008331681601703167 0.07160906493663788 0.0270249992609024
95 0.007812594994902611 0.08618728816509247 0.004024999216198921
96 0.007820695638656616 0.08861494064331055 0.02702500112354755
97 0.007828246802091599 0.07177182286977768 0.004025000147521496
98 0.007842469960451126 0.07740563154220581 0.02502500079572201
99 0.008572407998144627 0.07490973174571991 0.01512480434030294
100 0.008699930272996426 0.09852088242769241 0.0201249998062849
101 0.008395553566515446 0.09865754842758179 0.0270249992609024
102 0.008230212144553661 0.08898680657148361 0.01599830575287342
103 0.008457429707050323 0.07499653100967407 0.004024999216198921
104 0.008777668699622154 0.0751817524433136 0.02702499367296696
105 0.01005252823233604 0.08006542921066284 0.02502500079572201
106 0.008673823438584805 0.08522041141986847 0.02702500112354755
107 0.008646505884826183 0.08959938585758209 0.004024996422231197
108 0.009005512110888958 0.09824545681476593 0.004246829077601433
109 0.009025938808917999 0.07707822322845459 0.006025000009685755
110 0.009062199853360653 0.07305964082479477 0.01552500016987324
111 0.01002308167517185 0.09459413588047028 0.02467146515846252
112 0.009137122891843319 0.07332323491573334 0.004024999216198921
113 0.009629447013139725 0.07343076169490814 0.0270249992609024
114 0.008800349198281765 0.09123829007148743 0.01524350605905056
115 0.009448353201150894 0.08549598604440689 0.01552500016987324
116 0.009601347148418427 0.08350230753421783 0.01511153858155012
117 0.009648445062339306 0.08350604027509689 0.006025000009685755
118 0.01016518846154213 0.08535881340503693 0.004024997819215059
119 0.009488805197179317 0.08922604471445084 0.02683059684932232
120 0.009777658618986607 0.09659525007009506 0.0270249992609024
121 0.009777752682566643 0.09659474343061447 0.010924999602139
122 0.009797469712793827 0.09120562672615051 0.02502500079572201
123 0.009798962622880936 0.0965958908200264 0.004025000147521496
124 0.01055069640278816 0.09659504890441895 0.02029980719089508
125 0.009876195341348648 0.07659028470516205 0.02502500079572201
126 0.00993619579821825 0.08911126106977463 0.01568316295742989
127 0.01024637185037136 0.08370140194892883 0.02502500079572201
128 0.01024637930095196 0.09108705073595047 0.006025000009685755
129 0.01031232718378305 0.07600358128547668 0.01586697623133659
130 0.01046704035252333 0.08605688810348511 0.02676825411617756
131 0.01042620837688446 0.08910808712244034 0.004024998750537634
132 0.01059512328356504 0.07546309381723404 0.006025000009685755
133 0.01134858932346106 0.08414442837238312 0.01503880601376295
134 0.01117062196135521 0.09073688089847565 0.01559962704777718
135 0.01095365080982447 0.08816997706890106 0.0270249992609024
136 0.0109739163890481 0.0866912454366684 0.01552499923855066
137 0.01103956997394562 0.07271923124790192 0.006405620835721493
138 0.01103956997394562 0.07271923124790192 0.01552500016987324
139 0.01123695634305477 0.07271923124790192 0.02468913048505783
140 0.01124610006809235 0.07425632327795029 0.02502500079572201
141 0.01109405979514122 0.08739423006772995 0.004025000147521496
142 0.01140955928713083 0.08787732571363449 0.01552499458193779
143 0.01168374624103308 0.08446969091892242 0.006025000009685755
144 0.01208485849201679 0.08996780216693878 0.02502500079572201
145 0.01217839308083057 0.08485831320285797 0.02502500079572201
146 0.01230104081332684 0.08969573676586151 0.006025000009685755
147 0.01279737986624241 0.08590272068977356 0.006025000009685755
148 0.01279737986624241 0.08590272068977356 0.01518916059285402
149 0.0128670260310173 0.08868721127510071 0.01562075223773718
150 0.01294663455337286 0.08625603467226028 0.02502500079572201
151 0.01295279804617167 0.08848749846220016 0.02502500079572201
152 0.0130536537617445 0.08758233487606049 0.006025000009685755
153 0.001448170864023268 0.07096050679683685 0.02696008607745171
154 0.01812840066850185 0.07401895523071289 0.006025000009685755
155 0.0181468091905117 0.0740850567817688 0.02502500079572201
156 0.0180253442376852 0.07271923124790192 0.006121985614299774
157 0.0181133821606636 0.07306165248155594 0.01561996713280678
158 0.01816355064511299 0.07271923124790192 0.02464857324957848
159 0.01880107261240482 0.07584787905216217 0.01542173698544502
160 0.01934442669153214 0.07642944902181625 0.006025000009685755
161 0.01938797347247601 0.07648250460624695 0.02502500079572201
162 0.02013993076980114 0.07400959730148315 0.0150610189884901
163 0.02006477862596512 0.07309546321630478 0.004025000147521496
164 0.02020641230046749 0.0743752121925354 0.004025003407150507
165 0.02023233845829964 0.07441624253988266 0.0270249992609024
166 0.02036527916789055 0.07256835699081421 0.01552500016987324
167 0.02004821226000786 0.07252482324838638 0.0270249992609024
168 0.02164423279464245 0.07130208611488342 0.004025000147521496
169 0.0209949929267168 0.07518646121025085 0.01507926266640425
170 0.02142634801566601 0.07742556184530258 0.02502500079572201
171 0.02148188278079033 0.07537299394607544 0.004427425097674131
172 0.02122796326875687 0.07529983669519424 0.02656052261590958
173 0.02196155302226543 0.0716780349612236 0.01552500016987324
174 0.02082540281116962 0.07734175771474838 0.01561148930341005
175 0.02176020666956902 0.07105869799852371 0.0270249992609024
176 0.02293685078620911 0.07522216439247131 0.01567239128053188
177 0.02299695275723934 0.07520605623722076 0.0270249992609024
178 0.02252879925072193 0.07742536067962646 0.006248787511140108
179 0.02335004508495331 0.07479832321405411 0.004025000147521496
180 0.02337555214762688 0.07230349630117416 0.0270249992609024
181 0.02344611659646034 0.07719803601503372 0.01575299352407455
182 0.02370946295559406 0.07296536862850189 0.004024996422231197
183 0.02379753068089485 0.07370556890964508 0.0270249992609024
184 0.02401206456124783 0.07685805112123489 0.02484816126525402
185 0.02463505975902081 0.09659483283758163 0.004025000147521496
186 0.02463949471712112 0.09661070257425308 0.02039027586579323
187 0.02387393265962601 0.09659429639577866 0.0104713486507535
188 0.02467180043458939 0.09659422934055328 0.0270249992609024
189 0.02471750974655151 0.07635016739368439 0.006025000009685755
190 0.02168011479079723 0.09459292888641357 0.0201249998062849
191 0.0227932296693325 0.09459344297647476 0.010924999602139
192 0.02572747878730297 0.0985170304775238 0.0270249992609024
193 0.02544289827346802 0.09825846552848816 0.004025000147521496
194 0.0249999426305294 0.06784450262784958 0.00734597584232688
195 0.02550831995904446 0.06784422695636749 0.01501652132719755
196 0.02550831995904446 0.06784422695636749 0.02324258163571358
197 0.02503012679517269 0.07601050287485123 0.01516737695783377
198 0.02510439418256283 0.09459423273801804 0.02502500079572201
199 0.02554072067141533 0.07071921974420547 0.008041439577937126
200 0.02577014081180096 0.07071921974420547 0.02334298007190228
201 0.02577014081180096 0.07071922719478607 0.01552500016987324
202 0.0264135617762804 0.09881297498941422 0.01085153128951788
203 0.02641670033335686 0.07271923124790192 0.006025000009685755
204 0.02641670033335686 0.07271923124790192 0.01552500016987324
205 0.02644615806639194 0.07304269820451736 0.0245453380048275
206 0.02578790672123432 0.09856633096933365 0.02037954330444336
207 0.02662510424852371 0.09608269482851028 0.010924999602139
208 0.02662511356174946 0.09710576385259628 0.0201249998062849
209 0.02650362439453602 0.0955800786614418 0.0201249998062849
210 0.0268731489777565 0.09738431125879288 0.010924999602139
211 0.02691450901329517 0.09462770074605942 0.004025000147521496
212 0.02774850279092789 0.09872724115848541 0.0270249992609024
213 0.02681898698210716 0.06785433739423752 0.01591729372739792
214 0.02563940361142159 0.06784914433956146 0.02679496631026268
215 0.02792845293879509 0.09644774347543716 0.0201249998062849
216 0.02748334221541882 0.09694089740514755 0.004025000147521496
217 0.02751950174570084 0.09681844711303711 0.02660729177296162
218 0.02756334282457829 0.08531016111373901 0.01077428553253412
219 0.0276058204472065 0.08577659726142883 0.01556893717497587
220 0.02761534228920937 0.08588116616010666 0.02017682045698166
221 0.02775496058166027 0.09877487272024155 0.004025000147521496
222 0.02774570509791374 0.09877712279558182 0.02025911398231983
223 0.02789450623095036 0.06833948940038681 0.004025000147521496
224 0.02804633975028992 0.0685727596282959 0.01552500016987324
225 0.02804707363247871 0.06857306510210037 0.0270249992609024
226 0.0283633004873991 0.09409423172473907 0.006025000009685755
227 0.0283633004873991 0.09409423172473907 0.02502500079572201
228 0.02836437895894051 0.09411385655403137 0.0201249998062849
229 0.02826052717864513 0.09412073343992233 0.010924999602139
230 0.02879048883914948 0.09802765399217606 0.01051266770809889
231 0.02926438115537167 0.09692981839179993 0.0270249992609024
232 0.02924708835780621 0.0970313772559166 0.004340117331594229
233 0.02924689650535583 0.09703250974416733 0.02036654762923717
234 0.02959758043289185 0.08559521287679672 0.010924999602139
235 0.02959758043289185 0.08559521287679672 0.01589594222605228
236 0.02959758043289185 0.08559521287679672 0.0201249998062849
237 0.0303624365478754 0.09403324127197266 0.02026999741792679
238 0.03034699149429798 0.09383300691843033 0.02681921422481537
239 0.03039111383259296 0.09433998167514801 0.010924999602139
240 0.03029580228030682 0.09326682984828949 0.004025000147521496
241 0.01099546998739243 0.0718897357583046 0.0270249992609024
242 0.02383209206163883 0.07367338985204697 0.02225971221923828
243 0.007411491125822067 0.08797043561935425 0.00642093550413847
244 0.007891044951975346 0.07533394545316696 0.006567008793354034
245 0.009067238308489323 0.07397758215665817 0.008431859314441681
246 0.02817614562809467 0.09204302728176117 0.0225210152566433
247 0.01642636023461819 0.07071922719478607 0.01580521464347839
248 0.001412380137480795 0.07271923124790192 0.017900001257658
249 0.005429200828075409 0.07409797608852386 0.02027634717524052
250 0.006220715120434761 0.07519692927598953 0.02399078011512756
251 0.001718838582746685 0.07071922719478607 0.01524757128208876
252 0.001652079517953098 0.07071922719478607 0.01888279244303703
253 0.006937966216355562 0.07071922719478607 0.01602152362465858
254 0.01062031090259552 0.06784643977880478 0.004143135156482458
255 0.02775556594133377 0.08742089569568634 0.006025000009685755
256 0.008418270386755466 0.07505436986684799 0.01221111416816711
257 0.006174604408442974 0.069831483066082 0.0270249992609024
258 0.003424142254516482 0.07409869134426117 0.0270249992609024
259 0.02391951717436314 0.0850660502910614 0.0270249992609024
260 0.008932879194617271 0.07711534202098846 0.009043660014867783
261 0.02682438306510448 0.07719586789608002 0.020013228058815
262 -0.0009517419966869056 0.07271923124790192 0.02089034765958786
263 1.888095539470669e-05 0.07271923124790192 0.01121224369853735
264 0.02408290281891823 0.08605113625526428 0.004025000147521496
265 -0.005673601757735014 0.07658511400222778 0.02027500607073307
266 0.01043001189827919 0.08596210181713104 0.01817892491817474
267 0.008105644956231117 0.06784667074680328 0.0270249992609024
268 0.02753074839711189 0.09225544333457947 0.0270249992609024
269 0.02905171737074852 0.07960713654756546 0.0270249992609024
270 0.02902062796056271 0.07926570624113083 0.004025000147521496
271 0.02821874246001244 0.09251337498426437 0.008475000038743019
272 0.02226116880774498 0.09459369629621506 0.02345040626823902
273 0.005870625376701355 0.06784440577030182 0.02504976280033588
274 -0.0003539723111316562 0.07988607138395309 0.0270249992609024
275 0.02869739383459091 0.07571292668581009 0.0216729398816824
276 0.003448340110480785 0.08301735669374466 0.004025000147521496
277 -0.00830619502812624 0.08498351275920868 0.009812787175178528
278 0.02885465323925018 0.07744314521551132 0.009784885682165623
279 0.02484214119613171 0.09078507870435715 0.0270249992609024
280 -0.005213263444602489 0.06801349669694901 0.0205388180911541
281 0.01909882947802544 0.0704575851559639 0.0233338437974453
282 -0.005234716460108757 0.06800776720046997 0.009775000624358654
283 -0.007231573574244976 0.07461317628622055 0.00939750112593174
284 0.02059691213071346 0.08615480363368988 0.006025000009685755
285 0.004706821870058775 0.07071921974420547 0.023062814027071
286 0.0238901823759079 0.08643241226673126 0.02502500079572201
287 0.004267020616680384 0.07040604948997498 0.02696008794009686
288 0.01414957549422979 0.07071921974420547 0.00819714181125164
289 0.01568801887333393 0.09459354728460312 0.0201249998062849
290 0.009634774178266525 0.08921117335557938 0.02132867649197578
291 0.01957852020859718 0.08275415003299713 0.004025000147521496
292 -0.003140215296298265 0.08354490995407104 0.004025000147521496
293 0.02881975471973419 0.07705977559089661 0.01554477214813232
294 0.01188309863209724 0.07993975281715393 0.0270249992609024
295 0.02835230529308319 0.07192756980657578 0.008640807121992111
296 0.00756143918260932 0.0772058367729187 0.008405971340835094
297 0.01973349787294865 0.07071921974420547 0.008133881725370884
298 0.02546401694417 0.09448910504579544 0.006025000009685755
299 -0.002226161770522594 0.08463685214519501 0.0270249992609024
300 0.02808098308742046 0.06895006448030472 0.008215157315135002
301 -0.002653791569173336 0.07226034253835678 0.004025000147521496
302 0.0238577164709568 0.092415951192379 0.004025000147521496
303 0.01601697504520416 0.07287105917930603 0.004025000147521496
304 0.01559553761035204 0.09057693183422089 0.004025000147521496
305 0.02367374487221241 0.07946593314409256 0.004025000147521496
306 0.02723187580704689 0.08167042583227158 0.01551428157836199
307 0.003443550085648894 0.07271923124790192 0.01269427128136158
308 0.009313773363828659 0.07688171416521072 0.01855781115591526
309 0.01632194593548775 0.09151450544595718 0.0270249992609024
310 0.001315614441409707 0.09217887371778488 0.01050952263176441
311 0.029582304880023 0.08543278276920319 0.004025000147521496
312 0.0005480035324580967 0.09412027150392532 0.0270249992609024
313 0.01608671620488167 0.08675690740346909 0.0270249992609024
314 0.001180814811959863 0.09207215160131454 0.02012499608099461
315 0.01041615474969149 0.07582417875528336 0.01858951896429062
316 0.01560756657272577 0.0801752433180809 0.004025000147521496
317 0.007213732693344355 0.07743910700082779 0.01865929551422596
318 0.02718337811529636 0.08853334188461304 0.0270249992609024
319 -0.0004639747785404325 0.0773712694644928 0.004025000147521496
320 0.01685230620205402 0.06784422695636749 0.007807415910065174
321 0.02998674288392067 0.08987073600292206 0.007534085307270288
322 0.02631505206227303 0.0922820195555687 0.02502500079572201
323 0.01773614808917046 0.08565741777420044 0.02502500079572201
324 0.004059227183461189 0.06784653663635254 0.004027974791824818
325 0.01797105558216572 0.06784647703170776 0.004025000147521496
326 0.00818205252289772 0.08042792975902557 0.004024998284876347
327 0.02293277345597744 0.07190874963998795 0.01065888535231352
328 0.003016293048858643 0.09351241588592529 0.02233823016285896
329 0.01739643700420856 0.06784814596176147 0.0270249992609024
330 0.01618495211005211 0.08091852813959122 0.0270249992609024
331 0.01351237948983908 0.09659499675035477 0.0270249992609024
332 0.01254320982843637 0.07662995159626007 0.02502500079572201
333 0.01813012361526489 0.09450174868106842 0.006014141719788313
334 -0.006734163966029882 0.07309876382350922 0.01554466597735882
335 0.01774341054260731 0.09045908600091934 0.02502500079572201
336 0.02924356609582901 0.08171086758375168 0.007474999874830246
337 0.02840592339634895 0.07251738756895065 0.01233297307044268
338 0.005970064084976912 0.07727344334125519 0.01797602884471416
339 0.001718348707072437 0.07271923124790192 0.01354726124554873
340 0.02991685271263123 0.08910524100065231 0.02343680337071419
341 0.002346452325582504 0.09541911631822586 0.00402500107884407
342 0.002361073857173324 0.09553901851177216 0.01059105526655912
343 0.0177496150135994 0.09659469872713089 0.02680761553347111
344 0.01667896285653114 0.09659452736377716 0.01065961364656687
345 0.01703846454620361 0.09659537672996521 0.004025000147521496
346 0.01362678874284029 0.09659524261951447 0.0236260462552309
347 0.0252975095063448 0.09473278373479843 0.010924999602139
348 0.02907871454954147 0.07989887893199921 0.02040234953165054
349 0.003468808718025684 0.08405426144599915 0.0270249992609024
350 0.00722170528024435 0.07546468079090118 0.01305003277957439
351 0.01169683784246445 0.0705391988158226 0.02116464637219906
352 0.01013613864779472 0.07071921974420547 0.01139429211616516
353 0.008045556023716927 0.08887074887752533 0.02062982879579067
354 0.02639407478272915 0.08300523459911346 0.004025000147521496
355 0.01775036752223969 0.06784422695636749 0.02324258349835873
356 0.02057481557130814 0.0965946689248085 0.007507164496928453
357 0.02761252038180828 0.08585015684366226 0.02480905875563622
358 0.01261916663497686 0.09659510850906372 0.00752318324521184
359 0.003426100360229611 0.06784592568874359 0.0270249992609024
360 0.01471632905304432 0.07247959077358246 0.0270249992609024
361 0.0174759179353714 0.09659522771835327 0.02022709138691425
362 0.003285051556304097 0.09625905752182007 0.02319401130080223
363 0.005391017533838749 0.08822671324014664 0.01167711801826954
364 0.01748447865247726 0.09027845412492752 0.006025000009685755
365 0.006027627736330032 0.0749233141541481 0.01302659139037132
366 0.02038497850298882 0.09317436069250107 0.004025000147521496
367 0.01126570720225573 0.08410633355379105 0.02023867703974247
368 0.02964778058230877 0.09009728580713272 0.0270249992609024
369 0.008760399185121059 0.07982485741376877 0.0270249992609024
370 0.002768714912235737 0.09585181623697281 0.02012499421834946
371 0.003547505009919405 0.07482980936765671 0.008520852774381638
372 0.001738127321004868 0.08811216801404953 0.0270249992609024
373 0.02695648744702339 0.0786464661359787 0.01036521699279547
374 -0.006516210734844208 0.07183073461055756 0.02068908140063286
375 0.01987398974597454 0.07687399536371231 0.01139242295175791
376 0.00433320552110672 0.07343034446239471 0.01780112273991108
377 0.004662733059376478 0.07647793740034103 0.02029594779014587
378 0.02824033424258232 0.09625052660703659 0.009154831990599632
379 0.0135592557489872 0.07071922719478607 0.01870767772197723
380 0.0296012107282877 0.0856422558426857 0.0270249992609024
381 0.004805311560630798 0.0766000896692276 0.01773208566009998
382 0.02266181260347366 0.07928206771612167 0.0270249992609024
383 0.02078815549612045 0.0885034054517746 0.02502500079572201
384 0.007455905433744192 0.07071921974420547 0.009699497371912003
385 0.002217887435108423 0.07092969119548798 0.004025000147521496
386 0.02283880859613419 0.06784645467996597 0.004025000147521496
387 0.02539362572133541 0.07544039934873581 0.009561406448483467
388 0.001579237054102123 0.08814862370491028 0.00402500107884407
389 -0.006949468050152063 0.07443932443857193 0.004025000147521496
390 0.009132197126746178 0.07697305083274841 0.02118773944675922
391 0.02594435401260853 0.09379547834396362 0.0270249992609024
392 0.001202242798171937 0.08293206989765167 0.02502499893307686
393 0.02196007594466209 0.09659472107887268 0.02381858229637146
394 -0.005822412203997374 0.07716261595487595 0.01112675480544567
395 0.00350629398599267 0.07468045502901077 0.01851099357008934
396 0.01975628361105919 0.08811128884553909 0.004025000147521496
397 -0.0008676202851347625 0.08324947953224182 0.006025003269314766
398 0.008603890426456928 0.09121721237897873 0.01947241276502609
399 0.003643853822723031 0.06784422695636749 0.02324258908629417
400 0.003501918166875839 0.07468372583389282 0.01114529743790627
401 0.01069409865885973 0.07530729472637177 0.01104582473635674
402 0.02723641507327557 0.08991378545761108 0.004025000147521496
403 -0.000665899075102061 0.07761584222316742 0.02502500079572201
404 -0.0001442793291062117 0.07407532632350922 0.0270249992609024
405 0.02374571561813354 0.07705824822187424 0.01083211973309517
406 0.01287200767546892 0.08607938140630722 0.0201070811599493
407 0.01280499249696732 0.08886624872684479 0.01104779541492462
408 0.01315122749656439 0.07542470097541809 0.02502500079572201
409 0.01641234941780567 0.07271923124790192 0.01859826035797596
410 0.01151941251009703 0.09459409117698669 0.01068366132676601
411 0.02194029837846756 0.07747472822666168 0.01192971132695675
412 0.00020742102060467 0.09119178354740143 0.02502499893307686
413 0.01664325222373009 0.08225423842668533 0.006025000009685755
414 0.006611083634197712 0.07739327102899551 0.01082702539861202
415 0.01832625269889832 0.07497354596853256 0.0112732071429491
416 0.007417717948555946 0.08396317064762115 0.01170383580029011
417 0.01832759380340576 0.07499870657920837 0.0193190723657608
418 0.008214723318815231 0.08363668620586395 0.02065134979784489
419 0.006759124342352152 0.0763833224773407 0.008056131191551685
420 0.00661487877368927 0.07536944001913071 0.01945776306092739
421 0.00112989591434598 0.08756403625011444 0.006025003734976053
422 0.01276094932109118 0.07271923124790192 0.02286541275680065
423 0.01114196609705687 0.09077536314725876 0.01004079543054104
424 0.004680673591792583 0.07172213494777679 0.01832583732903004
425 0.02558054774999619 0.07498554140329361 0.01967445574700832
426 0.008926582522690296 0.07710720598697662 0.01179579459130764
427 0.01166219264268875 0.06784422695636749 0.007807414978742599
428 0.0281588900834322 0.09410173445940018 0.008320584893226624
429 0.009174441918730736 0.07071921974420547 0.007813742384314537
430 0.02836384065449238 0.09410404413938522 0.02257500030100346
431 -0.005314209032803774 0.08647304773330688 0.02027499862015247
432 0.005586579907685518 0.07708416134119034 0.008405971340835094
433 -0.0007950419094413519 0.07864291965961456 0.006024995353072882
434 0.01105308346450329 0.07437877357006073 0.01369547098875046
435 -0.00573653494939208 0.07741948217153549 0.01552500016987324
436 0.002371068112552166 0.06784422695636749 0.007807413581758738
437 0.02290765009820461 0.09659474343061447 0.005751497577875853
438 0.01959473639726639 0.09448612481355667 0.02502500079572201
439 0.02119328454136848 0.07071922719478607 0.01490296516567469
440 0.006981128361076117 0.09068691730499268 0.01077499985694885
441 -0.006768497638404369 0.08183842152357101 0.01028432976454496
442 0.02057398669421673 0.07071922719478607 0.01881223171949387
443 0.006585478316992521 0.09025291353464127 0.01995503529906273
444 0.00551737891510129 0.07284842431545258 0.01795019768178463
445 0.005745525006204844 0.08568091690540314 0.01132901012897491
446 -0.00753101147711277 0.07654304802417755 0.02127988263964653
447 0.006886965129524469 0.07744789123535156 0.02148649282753468
448 0.005363462027162313 0.0736037939786911 0.02424945868551731
449 0.01590931043028831 0.08576606959104538 0.004025000147521496
450 0.0227518193423748 0.07071922719478607 0.01182944048196077
451 0.02852986007928848 0.07387720048427582 0.004025000147521496
452 0.005980934947729111 0.07608975470066071 0.01689557544887066
453 0.01099761668592691 0.09080229699611664 0.02198935300111771
454 0.006150767207145691 0.084934301674366 0.01976829767227173
455 0.0152277359738946 0.07683044672012329 0.02502500079572201
456 0.005951830185949802 0.08142897486686707 0.0270249992609024
457 0.0171545147895813 0.08168328553438187 0.02502500079572201
458 -0.008704717271029949 0.08083543181419373 0.02129577845335007
459 0.02300582081079483 0.07201812416315079 0.01938646286725998
460 0.0005372632294893265 0.09157239645719528 0.006025004200637341
461 0.005469824187457561 0.0885818675160408 0.02115646749734879
462 0.003123963018879294 0.07271923124790192 0.01810984499752522
463 0.01103956997394562 0.07271923124790192 0.02265000157058239
464 0.01019877195358276 0.07035917788743973 0.02333040535449982
465 0.01992115750908852 0.07386314868927002 0.01077500451356173
466 0.009824027307331562 0.08355714380741119 0.01026228629052639
467 0.02767561748623848 0.06821570545434952 0.02118685469031334
468 -0.004681129939854145 0.07271923124790192 0.02027500048279762
469 0.003316387301310897 0.07271923124790192 0.02084991708397865
470 0.01127323228865862 0.07271923124790192 0.02024936676025391
471 -0.004681129939854145 0.07271923124790192 0.01077499985694885
472 0.003443550085648894 0.07271923124790192 0.009941764175891876
473 0.01142826490104198 0.07271923124790192 0.009346728213131428
474 0.02641670033335686 0.07271923124790192 0.01077499985694885
475 0.007416657172143459 0.0872645303606987 0.02122892998158932
476 0.02719076536595821 0.08121901005506516 0.02028695493936539
477 0.02217661775648594 0.07747054845094681 0.02081459015607834
478 0.004096076358109713 0.07587727159261703 0.01360080949962139
479 -0.008197668008506298 0.08534865826368332 0.02114306762814522
480 0.005528103094547987 0.07431819289922714 0.01792523264884949
481 -0.008663762360811234 0.08058653026819229 0.009445899166166782
482 0.02835587039589882 0.07196740806102753 0.01845449022948742
483 0.02321961708366871 0.09659505635499954 0.02203152701258659
484 0.01611454971134663 0.07556495815515518 0.004025000147521496
485 0.01521491352468729 0.07271923124790192 0.02177828177809715
486 0.005496720317751169 0.09468773007392883 0.0270249992609024
487 0.003566952189430594 0.07486928999423981 0.01341500971466303
488 0.007690718863159418 0.08628316968679428 0.02257984317839146
489 0.007317801006138325 0.07171202450990677 0.02301600016653538
490 0.007746553048491478 0.07178942859172821 0.01011964306235313
491 0.007868185639381409 0.08608173578977585 0.008550240658223629
492 0.00857944879680872 0.07071922719478607 0.0138358511030674
493 0.01056214887648821 0.07557182013988495 0.02131251245737076
494 0.003215141361579299 0.06971628963947296 0.0251167006790638
495 0.009064578451216221 0.07115122675895691 0.02501645684242249
496 0.005053453613072634 0.08116874098777771 0.006025000009685755
497 0.01809444651007652 0.07271923124790192 0.01082349289208651
498 0.0270086508244276 0.06784916669130325 0.008780847303569317
499 0.01266316697001457 0.08910095691680908 0.02052316814661026
500 0.02268028259277344 0.09031768143177032 0.006025000009685755
501 0.006927336100488901 0.07544387131929398 0.02186447009444237
502 0.008145519532263279 0.07525360584259033 0.009663828648626804
503 0.005264322273433208 0.07100940495729446 0.02504103444516659
504 0.01364001911133528 0.08434421569108963 0.0270249992609024
505 0.005522414576262236 0.07702784240245819 0.01297758426517248
506 0.01217155996710062 0.08487530797719955 0.01066984329372644
507 0.0110258050262928 0.0772591307759285 0.0270249992609024
508 0.01292551681399345 0.08674252778291702 0.01060708053410053
509 0.02207224443554878 0.0932476744055748 0.0270249992609024
510 0.0286041758954525 0.0746917650103569 0.0270249992609024
511 0.004511027131229639 0.07633639872074127 0.01091028098016977
512 0.01981834508478642 0.07684578001499176 0.02025705203413963
513 0.009400241076946259 0.07525961846113205 0.01326996646821499
514 0.007205964997410774 0.07545986026525497 0.01741954125463963
515 0.007320936769247055 0.08748342841863632 0.01844227127730846
516 0.009348700754344463 0.07071921974420547 0.02111802250146866
517 0.003601494245231152 0.07497609406709671 0.02086114883422852
518 0.006787002086639404 0.07071921974420547 0.02126573771238327
519 0.01032546907663345 0.07596961408853531 0.01329457014799118
520 0.008005049079656601 0.07637695968151093 0.0176557544618845
521 0.01281650457531214 0.06786283850669861 0.0270249992609024
522 0.009269163012504578 0.07071922719478607 0.01589024625718594
523 0.01157238334417343 0.07540802657604218 0.0270249992609024
524 0.00825407262891531 0.07198591530323029 0.01776724122464657
525 0.01074561476707458 0.08288728445768356 0.0270249992609024
526 0.008416791446506977 0.07505221664905548 0.01754050329327583
527 0.02823494933545589 0.09574698656797409 0.02197814173996449
528 0.02932986617088318 0.08265837281942368 0.02347614802420139
529 0.004292130935937166 0.09100452810525894 0.00402500107884407
530 0.02013886906206608 0.07402860373258591 0.02334906905889511
531 0.02029441110789776 0.07268668711185455 0.02045824937522411
532 0.01810718700289726 0.07309957593679428 0.0205871444195509
533 0.02407579869031906 0.07684466242790222 0.01979754120111465
534 0.02308188378810883 0.08288877457380295 0.006025000009685755
535 0.009111635386943817 0.07342095673084259 0.01792240329086781
536 0.02486421354115009 0.07937083393335342 0.006136893760412931
537 0.004496276378631592 0.09142439067363739 0.0270249992609024
538 0.004079970065504313 0.09688099473714828 0.007626865990459919
539 0.02061771042644978 0.08868496865034103 0.0270249992609024
540 0.01244600210338831 0.07985533028841019 0.006025000009685755
541 0.01103956997394562 0.07271923124790192 0.01265036966651678
542 0.005754705052822828 0.07135150581598282 0.01702283322811127
543 0.02223309315741062 0.06784889847040176 0.02701074816286564
544 0.007393444422632456 0.08798770606517792 0.0109372716397047
545 0.02980137430131435 0.09575294703245163 0.005936942528933287
546 0.0115911802276969 0.07071922719478607 0.01540068257600069
547 0.006336067337542772 0.07193287461996078 0.00874001532793045
548 0.005959654226899147 0.07482635229825974 0.00847115833312273
549 0.02643142826855183 0.07288096100091934 0.02003517001867294
550 0.02660736627876759 0.09435360133647919 0.02127618342638016
551 0.005386673379689455 0.08657070249319077 0.0214075967669487
552 0.01286091189831495 0.09292466193437576 0.0270249992609024
553 0.009402080439031124 0.07683058828115463 0.01420458685606718
554 0.008965390734374523 0.07313258200883865 0.02179883420467377
555 0.009926966391503811 0.07225372642278671 0.02201694622635841
556 0.01356148067861795 0.07981985807418823 0.02502500079572201
557 0.02696673944592476 0.0771111324429512 0.01552500016987324
558 0.007107134908437729 0.07547178864479065 0.008314932696521282
559 0.008626648224890232 0.09434037655591965 0.008613486774265766
560 0.02548812329769135 0.09630477428436279 0.0092594213783741
561 0.008491101674735546 0.07216373085975647 0.02202200703322887
562 -0.001511506037786603 0.09250917285680771 0.004425040446221828
563 0.02893324568867683 0.09532573074102402 0.02671325393021107
564 0.02687693014740944 0.09608150273561478 0.02497617714107037
565 -0.0003605590318329632 0.07071922719478607 0.01193842012435198
566 0.02796422131359577 0.08971858024597168 0.01084964256733656
567 0.02843900583684444 0.09618109464645386 0.02510292083024979
568 0.0107294786721468 0.08633367717266083 0.02234291844069958
569 0.01354687847197056 0.07271923124790192 0.01185040082782507
570 0.008770419284701347 0.07464955747127533 0.02524991519749165
571 0.00612094160169363 0.07495392858982086 0.01751594059169292
572 0.008262092247605324 0.0773002877831459 0.01401346363127232
573 0.008562142960727215 0.07737571001052856 0.0270249992609024
574 0.01077648159116507 0.07513108104467392 0.02342221327126026
575 0.01508319191634655 0.07682029902935028 0.006025000009685755
576 0.03005047142505646 0.09058567881584167 0.01081741508096457
577 0.007477369625121355 0.07051666080951691 0.02333590388298035
578 0.001997372368350625 0.08015725016593933 0.006025001872330904
579 0.02249716594815254 0.08166422694921494 0.02502500079572201
580 0.02309231460094452 0.09093312919139862 0.02502500079572201
581 0.028368866071105 0.09819329530000687 0.02195460721850395
582 0.02959498018026352 0.09617957472801208 0.010924999602139
583 0.01996197365224361 0.08350148797035217 0.0270249992609024
584 0.02833664044737816 0.07175344228744507 0.02281080931425095
585 0.008639449253678322 0.07233209908008575 0.01997849717736244
586 0.02685946226119995 0.07758105546236038 0.006025000009685755
587 0.009495440870523453 0.07670125365257263 0.02310637012124062
588 0.02828009240329266 0.09634143859148026 0.010924999602139
589 0.007690980099141598 0.07177300006151199 0.02094648033380508
590 0.0273753497749567 0.09785846620798111 0.005975012667477131
591 0.02894235588610172 0.09503243863582611 0.02138320915400982
592 0.02041623741388321 0.08358168601989746 0.02502500079572201
593 0.02920866757631302 0.08132749795913696 0.01557405199855566
594 0.02191563136875629 0.06784430146217346 0.007686725351959467
595 0.009282561950385571 0.07071922719478607 0.01841455698013306
596 -0.004585551097989082 0.07001756131649017 0.0179053395986557
597 0.01342953648418188 0.09363695234060287 0.004025000147521496
598 -0.005660757422447205 0.08605092763900757 0.009693996980786324
599 0.00763436034321785 0.07546218484640121 0.02512377128005028
600 0.02840916626155376 0.07255419343709946 0.01544939167797565
601 0.026096411049366 0.09421507269144058 0.008719131350517273
602 0.02968964911997318 0.09570154547691345 0.02529170364141464
603 0.009600653313100338 0.08919734507799149 0.0240437388420105
604 0.02514182403683662 0.09792442619800568 0.009033071808516979
605 0.01308123953640461 0.08364254981279373 0.004025000147521496
606 0.02607669495046139 0.09867274761199951 0.005556568503379822
607 0.002641818951815367 0.07071921974420547 0.01162671484053135
608 0.004500141832977533 0.07416496425867081 0.01450113393366337
609 0.009430117905139923 0.08550848811864853 0.01185666862875223
610 0.02709433063864708 0.09786271303892136 0.009154248982667923
611 0.01100300531834364 0.0908149927854538 0.01913733221590519
612 0.01125197764486074 0.08766293525695801 0.0197273250669241
613 0.02647271752357483 0.09687208384275436 0.008909318596124649
614 0.007300936616957188 0.07172078639268875 0.02526837587356567
615 0.02836898528039455 0.09684466570615768 0.005860537756234407
616 0.0276187788695097 0.09506425261497498 0.02129931561648846
617 0.02571677975356579 0.09653948992490768 0.0220305360853672
618 0.02504822984337807 0.0978030189871788 0.02531537786126137
619 0.02697296254336834 0.09787534922361374 0.02510254271328449
620 0.02798078581690788 0.08989715576171875 0.02054735086858273
621 0.02615692839026451 0.09773167222738266 0.02173551917076111
622 0.0101544177159667 0.07369715720415115 0.02157596684992313
623 0.02951443940401077 0.0961504653096199 0.02196748740971088
624 0.02751367911696434 0.09688834846019745 0.02483313158154488
625 0.01520555000752211 0.07663223147392273 0.0270249992609024
626 0.02798791043460369 0.08997219800949097 0.02491702884435654
627 0.005297164432704449 0.07071922719478607 0.01894804835319519
628 0.02582353167235851 0.09692917019128799 0.005265488754957914
629 0.009080768562853336 0.09126009047031403 0.01138303708285093
630 0.02711843699216843 0.09667445719242096 0.009189981035888195
631 0.02550831995904446 0.06784422695636749 0.01911882311105728
632 0.006163301877677441 0.07071922719478607 0.01172029320150614
633 0.0104783046990633 0.0945940837264061 0.0201249998062849
634 0.007791006471961737 0.09240508079528809 0.0270249992609024
635 -0.003650556318461895 0.09083878993988037 0.007475003134459257
636 0.02668864279985428 0.09712453931570053 0.005992436781525612
637 0.02700703032314777 0.09612999856472015 0.009189981035888195
638 0.02746378257870674 0.09660229831933975 0.005871287547051907
639 0.02910256199538708 0.09735056012868881 0.02217750065028667
640 0.02480542287230492 0.09717019647359848 0.02175399661064148
641 0.0299938153475523 0.08996690809726715 0.0201249998062849
642 0.02470183558762074 0.09686732292175293 0.005769345909357071
643 0.02648245356976986 0.09688700735569 0.02469728700816631
644 -0.0006187899271026254 0.07271923124790192 0.006025000009685755
645 -0.0004134927585255355 0.07271923124790192 0.01588634960353374
646 -0.0004374390700832009 0.07271923124790192 0.02469821088016033
647 0.02550462074577808 0.09649984538555145 0.02539259567856789
648 0.003266353160142899 0.07741280645132065 0.0270249992609024
649 0.008936444297432899 0.07288111001253128 0.02566876634955406
650 0.0270549263805151 0.09682425111532211 0.02168517746031284
651 0.02664577029645443 0.07523457705974579 0.007998482324182987
652 0.01019111275672913 0.0923328623175621 0.004024999216198921
653 0.0281500369310379 0.09668571501970291 0.02171743661165237
654 0.02654961496591568 0.09695161879062653 0.02181494608521461
655 0.008369672112166882 0.07509985566139221 0.01971968077123165
656 0.01176741346716881 0.07793375104665756 0.004024999681860209
657 0.00142523949034512 0.07359907776117325 0.004024999681860209
658 -0.005673716776072979 0.07658509165048599 0.006024995353072882
659 0.02686521224677563 0.09603451937437057 0.02137812413275242
660 0.02079717628657818 0.09659439325332642 0.01056225225329399
661 0.02735901065170765 0.08306645601987839 0.02247711084783077
662 0.02572586201131344 0.07703328877687454 0.0270249992609024
663 0.02609284594655037 0.07247890532016754 0.004025000147521496
664 0.01675978116691113 0.08687885850667953 0.006025000009685755
665 0.01861021481454372 0.07071922719478607 0.01228214614093304
666 0.02994661219418049 0.08943276852369308 0.004067127592861652
667 0.02057497948408127 0.07487203180789948 0.01869645528495312
668 0.003506034845486283 0.07672134041786194 0.004024999681860209
669 0.01825952343642712 0.0776262953877449 0.004024999216198921
670 0.02550656907260418 0.07071921974420547 0.01949403248727322
671 -0.003095380030572414 0.07071921974420547 0.01943398639559746
672 0.02155448123812675 0.0682339146733284 0.02325619198381901
673 0.007023969665169716 0.07173027098178864 0.0187708418816328
674 0.01432026922702789 0.09459393471479416 0.00865968968719244
675 0.0219130702316761 0.07052339613437653 0.02333614230155945
676 0.003196777543053031 0.09365281462669373 0.008522104471921921
677 0.0007477320614270866 0.07071921974420547 0.02334297448396683
678 0.02636999823153019 0.08234210312366486 0.0270249992609024
679 0.007815745659172535 0.06800034642219543 0.02324803918600082
680 0.02337103150784969 0.07232736796140671 0.022590147331357
681 0.009130481630563736 0.07368999719619751 0.01978076435625553
682 0.02227272652089596 0.09459423273801804 0.006025000009685755
683 0.0143211493268609 0.09455921500921249 0.006019570864737034
684 0.01425995212048292 0.07057718187570572 0.02333801798522472
685 0.006383086089044809 0.08111891895532608 0.02502500079572201
686 0.007156413979828358 0.09301140159368515 0.004025000147521496
687 0.01440409291535616 0.07071922719478607 0.01261820830404758
688 0.02577014081180096 0.07071922719478607 0.01216015219688416
689 0.008338006213307381 0.08568809926509857 0.01968781650066376
690 0.01186047121882439 0.07144100964069366 0.004025000147521496
691 0.003347904421389103 0.07958235591650009 0.02502499893307686
692 0.0006251534214243293 0.07071921974420547 0.007707030512392521
693 0.01318818423897028 0.0965956524014473 0.004025000147521496
694 0.02081064134836197 0.09641961008310318 0.004025000147521496
695 0.02529417537152767 0.08262538909912109 0.02487065643072128
696 0.02978198230266571 0.09526842087507248 0.02356842905282974
697 0.01056058704853058 0.08612164109945297 0.01297298818826675
698 0.01042497903108597 0.08882034569978714 0.008428707718849182
699 0.01917865686118603 0.07775254547595978 0.02702500112354755
700 0.009579027071595192 0.09724259376525879 0.02341683954000473
701 0.000424588070018217 0.06784441322088242 0.02509274706244469
702 0.01994315721094608 0.07993806898593903 0.006136893760412931
703 0.02498505637049675 0.09776147454977036 0.02311565540730953
704 0.02898276969790459 0.09761171787977219 0.023784214630723
705 0.0255241971462965 0.06801857799291611 0.01169859990477562
706 0.01380514819175005 0.0965951606631279 0.0201249998062849
707 0.02136184088885784 0.09659533947706223 0.0201249998062849
708 0.02753101289272308 0.09765303879976273 0.02177656441926956
709 0.009064719080924988 0.07351861149072647 0.01197842974215746
710 0.003596975235268474 0.09650493413209915 0.02666752599179745
711 0.0146015603095293 0.07271923124790192 0.02483678609132767
712 0.0146015603095293 0.07271923124790192 0.01552500016987324
713 0.008998850360512733 0.07429488748311996 0.02273405902087688
714 0.02630754932761192 0.09877113252878189 0.02364257536828518
715 0.007695487234741449 0.08769204467535019 0.02368218265473843
716 0.007583988830447197 0.0988646075129509 0.007661380339413881
717 0.02710460126399994 0.09886567294597626 0.007214080542325974
718 0.02885976620018482 0.09786380082368851 0.007414800580590963
719 0.01122809387743473 0.0875440388917923 0.01203832495957613
720 0.01453245710581541 0.07271923124790192 0.006073492579162121
721 0.007851865142583847 0.08608309924602509 0.01172377541661263
722 0.02567650191485882 0.09850249439477921 0.007894940674304962
723 0.02384779416024685 0.07372927665710449 0.01150424405932426
724 0.01308548077940941 0.09659466147422791 0.01059020776301622
725 0.0009779557585716248 0.09445629268884659 0.007417238317430019
726 0.02716562896966934 0.09705625474452972 0.007474999874830246
727 0.0303865522146225 0.09427682310342789 0.007601332850754261
728 0.02795329131186008 0.0986689105629921 0.02382866851985455
729 0.02451160922646523 0.06964869797229767 0.004025000147521496
730 0.02465343102812767 0.09659452736377716 0.007474999874830246
731 0.02465462125837803 0.09659478813409805 0.02378871105611324
732 0.009788357652723789 0.09659531712532043 0.007474999874830246
733 0.008699930272996426 0.09852088242769241 0.02357500046491623
734 0.02672586217522621 0.06785090267658234 0.01262196432799101
735 0.01658132672309875 0.09659482538700104 0.007497292943298817
736 0.02196620032191277 0.0754709392786026 0.01864560507237911
737 0.006347910966724157 0.0986514613032341 0.02352090179920197
738 0.02133484557271004 0.07183794677257538 0.01199239119887352
739 0.02369747124612331 0.07290230691432953 0.007810407783836126
740 0.02228850312530994 0.07160542160272598 0.007341942749917507
741 0.008627255447208881 0.08028673380613327 0.006025000009685755
742 0.01077084336429834 0.09659508615732193 0.02343339286744595
743 0.02539092488586903 0.09454546123743057 0.0201249998062849
744 0.007881429046392441 0.0887010395526886 0.02368218265473843
745 0.005359803792089224 0.07365038990974426 0.0100744366645813
746 0.03032523393630981 0.09360893815755844 0.02344765327870846
747 0.02046106569468975 0.07244682312011719 0.01221785508096218
748 0.01101137790828943 0.0870172306895256 0.008544492535293102
749 0.008382518775761127 0.08912208676338196 0.01274852734059095
750 0.005931996740400791 0.07226096093654633 0.02399652078747749
751 0.01221958920359612 0.07454603165388107 0.004024999681860209
752 0.02672459557652473 0.09713516384363174 0.0232058260589838
753 0.004765236750245094 0.08704172074794769 0.004025000147521496
754 0.02731644362211227 0.08259902149438858 0.02476268634200096
755 0.02179189398884773 0.07171127945184708 0.02014089189469814
756 0.02747667953372002 0.09666027128696442 0.022920161485672
757 0.02662785910069942 0.07503789663314819 0.01777740567922592
758 0.02807238139212132 0.0908997505903244 0.006025000009685755
759 0.02485035546123981 0.094593346118927 0.02242736704647541
760 0.02640982531011105 0.09657756984233856 0.007158280815929174
761 0.02738895453512669 0.09617730975151062 0.007454962935298681
762 0.01950477994978428 0.08059368282556534 0.0270249992609024
763 0.007246141321957111 0.09631786495447159 0.02272894605994225
764 0.005052517633885145 0.07528696209192276 0.0224088691174984
765 0.008236482739448547 0.07197830826044083 0.01262146513909101
766 0.02133371122181416 0.07534483820199966 0.007099905051290989
767 0.008724545128643513 0.094169020652771 0.02257500030100346
768 0.004579270258545876 0.07071922719478607 0.01596581190824509
769 0.01888071186840534 0.07925572991371155 0.02502500079572201
770 0.02346725389361382 0.07071922719478607 0.01744194887578487
771 0.01466645393520594 0.08327079564332962 0.02502500079572201
772 0.02263711020350456 0.07071921974420547 0.008087661117315292
773 0.005498308688402176 0.07292408496141434 0.007218946702778339
774 0.007960744202136993 0.07183954119682312 0.006730616558343172
775 0.02800838090479374 0.06851444393396378 0.01264999993145466
776 0.0278609786182642 0.06839422881603241 0.01835592836141586
777 0.02299114502966404 0.07026305049657822 0.006191456690430641
778 0.006164098624140024 0.07784329354763031 0.0270249992609024
779 0.007994240149855614 0.07530982047319412 0.02331894263625145
780 0.02319171279668808 0.07501571625471115 0.007818377576768398
781 0.006963049527257681 0.06784427165985107 0.00773587403818965
782 0.008910424076020718 0.07280575484037399 0.02368465252220631
783 0.01051217596977949 0.09461668133735657 0.006025000009685755
784 0.01648708805441856 0.09470349550247192 0.010924999602139
785 0.006428250577300787 0.07530821859836578 0.01047906465828419
786 0.005491058342158794 0.07434449344873428 0.006463252473622561
787 0.005355911795049906 0.0737699568271637 0.01285348460078239
788 0.01978038996458054 0.07392682880163193 0.006025000009685755
789 0.01347985304892063 0.09459202736616135 0.02502500079572201
790 0.004519196692854166 0.07029873877763748 0.007721712812781334
791 0.009528938680887222 0.08556027710437775 0.007072014268487692
792 0.0225322712212801 0.07537715882062912 0.01180750597268343
793 0.02719962783157825 0.08131630718708038 0.006025000009685755
794 0.008583839982748032 0.08915873616933823 0.008825902827084064
795 0.02696023136377335 0.09615813195705414 0.004632189869880676
796 0.005783217959105968 0.07242047041654587 0.02037731185555458
797 0.008821613155305386 0.07257045805454254 0.009079585783183575
798 0.02232189476490021 0.07173091918230057 0.02505478821694851
799 0.02105443179607391 0.07527367025613785 0.0221965704113245
800 0.01100050006061792 0.08797523379325867 0.02349373698234558
801 0.01233566924929619 0.06784422695636749 0.02324258536100388
802 0.02702036499977112 0.0793478861451149 0.02471631206572056
803 0.00628709327429533 0.07195301353931427 0.01325504016131163
804 0.01016175840049982 0.08902812749147415 0.01264361385256052
805 0.02384454384446144 0.07350810617208481 0.01903367228806019
806 0.02329872362315655 0.07491365075111389 0.01882233843207359
807 0.02269633673131466 0.07531583309173584 0.02278373762965202
808 0.02676169015467167 0.09604232758283615 0.02279496751725674
809 0.02058097720146179 0.07229947298765182 0.008820639923214912
810 0.009379029273986816 0.08551114797592163 0.02279444597661495
811 0.007470474112778902 0.09626346081495285 0.007454623933881521
812 0.02048009447753429 0.0723656564950943 0.0246457289904356
813 0.006604208145290613 0.07533608376979828 0.006355113349854946
814 0.02099711447954178 0.07521604746580124 0.0107588404789567
815 0.02413889765739441 0.07325020432472229 0.01552499737590551
$EndNodes
$Elements
2535
1 4 2 0 1 301 21 36 33
2 4 2 0 1 67 102 443 515
3 4 2 0 1 708 581 714 704
4 4 2 0 1 201 776 224 482
5 4 2 0 1 22 635 30 14
6 4 2 0 1 770 755 459 173
7 4 2 0 1 34 18 24 28
8 4 2 0 1 293 337 474 278
9 4 2 0 1 9 3 389 283
10 4 2 0 1 484 160 575 154
11 4 2 0 1 282 26 471 33
12 4 2 0 1 768 251 41 307
13 4 2 0 1 605 147 141 118
14 4 2 0 1 451 651 586 203
15 4 2 0 1 36 692 644 33
16 4 2 0 1 117 791 491 466
17 4 2 0 1 783 128 84 652
18 4 2 0 1 116 133 115 266
19 4 2 0 1 448 249 469 764
20 4 2 0 1 502 260 414 426
21 4 2 0 1 789 552 122 144
22 4 2 0 1 392 685 349 691
23 4 2 0 1 71 324 97 781
24 4 2 0 1 537 486 76 49
25 4 2 0 1 228 246 237 430
26 4 2 0 1 511 365 505 478
27 4 2 0 1 681 535 315 470
28 4 2 0 1 424 462 41 252
29 4 2 0 1 610 722 726 604
30 4 2 0 1 156 168 809 297
31 4 2 0 1 699 161 625 769
32 4 2 0 1 798 281 672 175
33 4 2 0 1 44 764 62 250
34 4 2 0 1 763 111 700 120
35 4 2 0 1 468 280 671 34
36 4 2 0 1 263 472 307 607
37 4 2 0 1 160 814 766 178
38 4 2 0 1 708 222 233 215
39 4 2 0 1 800 135 130 150
40 4 2 0 1 236 641 220 340
41 4 2 0 1 670 459 549 204
42 4 2 0 1 156 163 154 788
43 4 2 0 1 696 237 591 623
44 4 2 0 1 761 378 601 428
45 4 2 0 1 623 527 591 696
46 4 2 0 1 508 697 748 506
47 4 2 0 1 105 125 369 98
48 4 2 0 1 7 16 13 25
49 4 2 0 1 107 131 128 794
50 4 2 0 1 208 222 708 215
51 4 2 0 1 8 10 12 458
52 4 2 0 1 105 332 556 294
53 4 2 0 1 287 359 153 494
54 4 2 0 1 374 468 280 596
55 4 2 0 1 360 711 625 155
56 4 2 0 1 811 93 78 121
57 4 2 0 1 753 388 53 57
58 4 2 0 1 636 638 590 726
59 4 2 0 1 226 795 211 298
60 4 2 0 1 800 406 151 150
61 4 2 0 1 612 406 800 568
62 4 2 0 1 241 495 139 464
63 4 2 0 1 141 118 147 748
64 4 2 0 1 85 445 92 61
65 4 2 0 1 158 530 155 167
66 4 2 0 1 391 279 509 198
67 4 2 0 1 279 580 509 198
68 4 2 0 1 279 580 539 509
69 4 2 0 1 267 464 495 241
70 4 2 0 1 359 701 153 494
71 4 2 0 1 359 24 153 701
72 4 2 0 1 498 199 705 734
73 4 2 0 1 430 746 237 591
74 4 2 0 1 340 641 620 246
75 4 2 0 1 303 156 154 720
76 4 2 0 1 174 792 176 169
77 4 2 0 1 262 248 469 252
78 4 2 0 1 148 133 266 136
79 4 2 0 1 195 201 213 705
80 4 2 0 1 213 631 776 201
81 4 2 0 1 200 214 196 467
82 4 2 0 1 200 225 214 467
83 4 2 0 1 401 426 256 513
84 4 2 0 1 350 426 256 785
85 4 2 0 1 709 513 401 256
86 4 2 0 1 494 285 503 273
87 4 2 0 1 285 273 577 503
88 4 2 0 1 415 162 159 157
89 4 2 0 1 417 162 157 159
90 4 2 0 1 321 234 255 311
91 4 2 0 1 28 374 468 34
92 4 2 0 1 255 264 402 311
93 4 2 0 1 321 255 234 566
94 4 2 0 1 448 258 59 44
95 4 2 0 1 55 258 59 448
96 4 2 0 1 59 258 648 44
97 4 2 0 1 360 241 140 139
98 4 2 0 1 502 296 414 260
99 4 2 0 1 260 132 401 245
100 4 2 0 1 392 349 299 274
101 4 2 0 1 42 404 258 44
102 4 2 0 1 349 60 456 685
103 4 2 0 1 392 60 349 685
104 4 2 0 1 349 274 691 456
105 4 2 0 1 691 403 44 648
106 4 2 0 1 352 569 288 473
107 4 2 0 1 648 404 403 44
108 4 2 0 1 484 669 316 575
109 4 2 0 1 671 280 38 34
110 4 2 0 1 28 374 34 18
111 4 2 0 1 35 33 282 471
112 4 2 0 1 56 773 40 385
113 4 2 0 1 644 657 40 385
114 4 2 0 1 454 79 61 92
115 4 2 0 1 47 538 80 341
116 4 2 0 1 53 421 57 388
117 4 2 0 1 388 397 292 276
118 4 2 0 1 238 268 563 227
119 4 2 0 1 368 626 268 227
120 4 2 0 1 470 409 379 712
121 4 2 0 1 652 783 123 686
122 4 2 0 1 34 468 28 262
123 4 2 0 1 374 468 34 280
124 4 2 0 1 265 1 458 8
125 4 2 0 1 282 283 27 471
126 4 2 0 1 471 394 283 27
127 4 2 0 1 260 109 132 245
128 4 2 0 1 271 727 428 229
129 4 2 0 1 53 491 72 95
130 4 2 0 1 727 321 576 271
131 4 2 0 1 121 732 811 93
132 4 2 0 1 107 84 686 86
133 4 2 0 1 791 609 466 506
134 4 2 0 1 810 367 127 418
135 4 2 0 1 374 265 446 28
136 4 2 0 1 458 265 8 10
137 4 2 0 1 446 265 458 10
138 4 2 0 1 393 190 272 438
139 4 2 0 1 393 438 272 198
140 4 2 0 1 72 95 276 53
141 4 2 0 1 811 65 48 47
142 4 2 0 1 188 438 393 198
143 4 2 0 1 188 393 438 343
144 4 2 0 1 529 686 341 47
145 4 2 0 1 84 107 128 794
146 4 2 0 1 716 64 78 93
147 4 2 0 1 261 293 557 306
148 4 2 0 1 275 348 261 802
149 4 2 0 1 677 262 469 252
150 4 2 0 1 811 48 65 78
151 4 2 0 1 341 538 80 66
152 4 2 0 1 312 486 49 710
153 4 2 0 1 223 300 199 498
154 4 2 0 1 295 300 199 223
155 4 2 0 1 127 106 89 456
156 4 2 0 1 374 468 265 28
157 4 2 0 1 168 386 594 325
158 4 2 0 1 17 31 32 15
159 4 2 0 1 89 106 127 810
160 4 2 0 1 312 486 537 49
161 4 2 0 1 2 7 299 12
162 4 2 0 1 63 537 634 76
163 4 2 0 1 55 153 258 42
164 4 2 0 1 68 91 763 46
165 4 2 0 1 578 319 276 668
166 4 2 0 1 3 319 292 9
167 4 2 0 1 124 767 742 700
168 4 2 0 1 360 521 241 684
169 4 2 0 1 684 360 139 241
170 4 2 0 1 122 90 634 111
171 4 2 0 1 25 372 392 412
172 4 2 0 1 349 372 51 392
173 4 2 0 1 412 372 392 51
174 4 2 0 1 50 454 61 92
175 4 2 0 1 96 634 90 63
176 4 2 0 1 90 76 634 111
177 4 2 0 1 111 76 634 120
178 4 2 0 1 710 49 312 362
179 4 2 0 1 412 312 362 23
180 4 2 0 1 37 33 282 35
181 4 2 0 1 783 123 811 732
182 4 2 0 1 6 277 481 11
183 4 2 0 1 277 11 6 598
184 4 2 0 1 369 573 125 507
185 4 2 0 1 507 125 523 104
186 4 2 0 1 55 287 153 42
187 4 2 0 1 593 373 218 336
188 4 2 0 1 641 228 620 246
189 4 2 0 1 461 50 67 515
190 4 2 0 1 33 21 282 26
191 4 2 0 1 593 336 278 373
192 4 2 0 1 282 21 33 36
193 4 2 0 1 593 234 336 218
194 4 2 0 1 328 49 46 362
195 4 2 0 1 430 237 228 591
196 4 2 0 1 46 328 362 370
197 4 2 0 1 641 237 246 746
198 4 2 0 1 63 96 537 51
199 4 2 0 1 257 614 94 267
200 4 2 0 1 359 273 257 267
201 4 2 0 1 614 267 273 577
202 4 2 0 1 267 679 273 577
203 4 2 0 1 652 128 146 783
204 4 2 0 1 346 789 331 120
205 4 2 0 1 652 686 84 783
206 4 2 0 1 331 789 552 120
207 4 2 0 1 24 18 404 28
208 4 2 0 1 4 18 28 404
209 4 2 0 1 244 109 296 260
210 4 2 0 1 681 535 526 315
211 4 2 0 1 110 138 129 535
212 4 2 0 1 802 382 678 579
213 4 2 0 1 727 576 229 271
214 4 2 0 1 277 441 481 11
215 4 2 0 1 441 11 277 598
216 4 2 0 1 14 598 5 277
217 4 2 0 1 510 802 662 269
218 4 2 0 1 576 566 229 271
219 4 2 0 1 229 576 727 239
220 4 2 0 1 263 307 339 607
221 4 2 0 1 787 487 400 307
222 4 2 0 1 768 607 307 632
223 4 2 0 1 204 723 474 688
224 4 2 0 1 294 556 330 625
225 4 2 0 1 526 308 520 655
226 4 2 0 1 315 493 308 655
227 4 2 0 1 369 125 573 98
228 4 2 0 1 509 539 309 438
229 4 2 0 1 517 764 44 469
230 4 2 0 1 278 336 270 586
231 4 2 0 1 199 474 295 203
232 4 2 0 1 278 336 586 373
233 4 2 0 1 322 279 391 198
234 4 2 0 1 34 280 18 374
235 4 2 0 1 18 38 280 34
236 4 2 0 1 793 305 354 270
237 4 2 0 1 526 315 308 655
238 4 2 0 1 526 681 315 655
239 4 2 0 1 420 338 377 317
240 4 2 0 1 317 655 420 520
241 4 2 0 1 203 729 223 199
242 4 2 0 1 645 251 263 339
243 4 2 0 1 287 494 153 42
244 4 2 0 1 167 281 329 158
245 4 2 0 1 503 494 42 285
246 4 2 0 1 720 156 288 325
247 4 2 0 1 646 494 677 42
248 4 2 0 1 153 494 646 42
249 4 2 0 1 462 424 376 469
250 4 2 0 1 44 59 448 250
251 4 2 0 1 62 59 44 250
252 4 2 0 1 694 682 302 185
253 4 2 0 1 322 580 279 198
254 4 2 0 1 308 317 520 655
255 4 2 0 1 464 684 351 422
256 4 2 0 1 205 584 549 275
257 4 2 0 1 10 274 2 4
258 4 2 0 1 787 803 52 41
259 4 2 0 1 274 404 403 648
260 4 2 0 1 26 389 301 21
261 4 2 0 1 26 389 21 282
262 4 2 0 1 41 424 376 462
263 4 2 0 1 572 82 45 88
264 4 2 0 1 768 307 41 803
265 4 2 0 1 325 254 288 690
266 4 2 0 1 201 204 770 670
267 4 2 0 1 789 438 289 361
268 4 2 0 1 603 122 800 290
269 4 2 0 1 513 401 519 434
270 4 2 0 1 297 594 320 325
271 4 2 0 1 26 389 282 283
272 4 2 0 1 507 125 332 523
273 4 2 0 1 332 125 140 523
274 4 2 0 1 292 6 3 11
275 4 2 0 1 802 678 695 579
276 4 2 0 1 383 580 539 286
277 4 2 0 1 295 651 451 203
278 4 2 0 1 586 179 270 451
279 4 2 0 1 420 520 338 317
280 4 2 0 1 420 514 452 338
281 4 2 0 1 444 376 249 480
282 4 2 0 1 339 307 251 607
283 4 2 0 1 645 251 339 41
284 4 2 0 1 339 307 41 251
285 4 2 0 1 313 323 330 771
286 4 2 0 1 743 190 759 186
287 4 2 0 1 27 1 265 435
288 4 2 0 1 27 1 374 265
289 4 2 0 1 325 254 427 288
290 4 2 0 1 644 301 385 36
291 4 2 0 1 677 262 646 42
292 4 2 0 1 304 364 396 366
293 4 2 0 1 149 804 142 134
294 4 2 0 1 484 303 720 751
295 4 2 0 1 178 189 171 305
296 4 2 0 1 173 204 770 201
297 4 2 0 1 264 255 284 534
298 4 2 0 1 207 347 187 601
299 4 2 0 1 572 426 256 350
300 4 2 0 1 351 684 379 485
301 4 2 0 1 247 409 442 157
302 4 2 0 1 442 532 157 409
303 4 2 0 1 595 351 379 470
304 4 2 0 1 241 113 140 649
305 4 2 0 1 106 810 130 127
306 4 2 0 1 79 266 116 115
307 4 2 0 1 140 523 113 241
308 4 2 0 1 460 30 310 22
309 4 2 0 1 278 586 270 451
310 4 2 0 1 404 646 403 44
311 4 2 0 1 54 319 43 668
312 4 2 0 1 42 404 44 646
313 4 2 0 1 291 702 413 669
314 4 2 0 1 258 153 404 42
315 4 2 0 1 42 153 404 646
316 4 2 0 1 153 24 404 646
317 4 2 0 1 350 572 426 414
318 4 2 0 1 414 572 505 350
319 4 2 0 1 309 539 313 335
320 4 2 0 1 276 292 319 397
321 4 2 0 1 53 276 496 397
322 4 2 0 1 397 276 388 53
323 4 2 0 1 397 388 421 53
324 4 2 0 1 748 407 508 152
325 4 2 0 1 314 412 23 31
326 4 2 0 1 295 474 688 337
327 4 2 0 1 474 373 278 651
328 4 2 0 1 10 12 2 299
329 4 2 0 1 453 800 499 144
330 4 2 0 1 2 299 274 10
331 4 2 0 1 357 318 380 626
332 4 2 0 1 370 328 362 23
333 4 2 0 1 457 762 583 330
334 4 2 0 1 314 328 370 23
335 4 2 0 1 58 365 45 88
336 4 2 0 1 361 789 438 343
337 4 2 0 1 735 358 674 344
338 4 2 0 1 683 358 693 783
339 4 2 0 1 81 444 52 542
340 4 2 0 1 81 542 52 768
341 4 2 0 1 39 45 381 58
342 4 2 0 1 452 381 571 420
343 4 2 0 1 141 146 304 131
344 4 2 0 1 376 381 249 480
345 4 2 0 1 480 381 249 420
346 4 2 0 1 304 146 141 152
347 4 2 0 1 152 449 141 304
348 4 2 0 1 725 47 460 341
349 4 2 0 1 371 511 745 548
350 4 2 0 1 146 783 597 652
351 4 2 0 1 783 77 559 811
352 4 2 0 1 135 309 151 144
353 4 2 0 1 552 144 309 135
354 4 2 0 1 95 243 86 53
355 4 2 0 1 730 682 298 601
356 4 2 0 1 241 267 464 801
357 4 2 0 1 241 801 464 684
358 4 2 0 1 365 505 45 88
359 4 2 0 1 51 537 412 372
360 4 2 0 1 63 537 412 51
361 4 2 0 1 371 511 548 432
362 4 2 0 1 371 786 43 548
363 4 2 0 1 43 786 813 548
364 4 2 0 1 43 668 75 74
365 4 2 0 1 129 138 315 535
366 4 2 0 1 668 326 75 74
367 4 2 0 1 444 249 376 796
368 4 2 0 1 52 376 39 41
369 4 2 0 1 424 796 444 376
370 4 2 0 1 230 588 210 378
371 4 2 0 1 74 75 103 326
372 4 2 0 1 378 727 582 229
373 4 2 0 1 175 329 281 672
374 4 2 0 1 161 799 170 172
375 4 2 0 1 378 582 230 588
376 4 2 0 1 291 669 413 316
377 4 2 0 1 744 353 461 63
378 4 2 0 1 420 338 452 381
379 4 2 0 1 627 285 469 252
380 4 2 0 1 285 677 469 252
381 4 2 0 1 188 391 509 198
382 4 2 0 1 90 353 290 744
383 4 2 0 1 225 180 183 200
384 4 2 0 1 225 205 183 510
385 4 2 0 1 183 205 225 200
386 4 2 0 1 217 391 188 198
387 4 2 0 1 27 1 334 374
388 4 2 0 1 313 335 539 323
389 4 2 0 1 27 1 283 334
390 4 2 0 1 73 120 737 101
391 4 2 0 1 505 572 45 88
392 4 2 0 1 397 292 319 9
393 4 2 0 1 478 787 365 58
394 4 2 0 1 34 671 262 252
395 4 2 0 1 34 262 677 252
396 4 2 0 1 384 774 490 429
397 4 2 0 1 692 324 385 790
398 4 2 0 1 790 324 385 71
399 4 2 0 1 384 429 490 352
400 4 2 0 1 429 384 774 790
401 4 2 0 1 563 391 217 198
402 4 2 0 1 10 392 12 299
403 4 2 0 1 25 299 7 12
404 4 2 0 1 600 293 337 204
405 4 2 0 1 745 400 371 472
406 4 2 0 1 293 337 204 474
407 4 2 0 1 33 263 471 35
408 4 2 0 1 376 395 249 381
409 4 2 0 1 35 251 565 263
410 4 2 0 1 692 472 263 607
411 4 2 0 1 26 658 644 301
412 4 2 0 1 26 389 658 301
413 4 2 0 1 469 249 376 395
414 4 2 0 1 357 236 340 380
415 4 2 0 1 360 140 408 711
416 4 2 0 1 802 348 269 275
417 4 2 0 1 802 275 269 510
418 4 2 0 1 523 408 360 140
419 4 2 0 1 408 332 140 523
420 4 2 0 1 646 24 404 28
421 4 2 0 1 356 333 682 191
422 4 2 0 1 304 333 364 366
423 4 2 0 1 111 633 742 346
424 4 2 0 1 346 633 742 124
425 4 2 0 1 158 684 485 281
426 4 2 0 1 281 158 532 485
427 4 2 0 1 682 298 500 302
428 4 2 0 1 682 298 302 185
429 4 2 0 1 313 583 330 323
430 4 2 0 1 516 518 589 595
431 4 2 0 1 158 360 684 329
432 4 2 0 1 516 589 585 595
433 4 2 0 1 758 500 298 302
434 4 2 0 1 464 518 489 516
435 4 2 0 1 103 109 326 75
436 4 2 0 1 802 528 269 348
437 4 2 0 1 348 476 802 528
438 4 2 0 1 614 257 94 70
439 4 2 0 1 796 469 424 627
440 4 2 0 1 627 285 796 469
441 4 2 0 1 85 50 92 515
442 4 2 0 1 758 226 211 298
443 4 2 0 1 99 434 129 110
444 4 2 0 1 138 434 541 110
445 4 2 0 1 709 110 541 434
446 4 2 0 1 138 110 129 434
447 4 2 0 1 318 286 259 279
448 4 2 0 1 632 547 490 384
449 4 2 0 1 765 797 352 490
450 4 2 0 1 539 279 259 286
451 4 2 0 1 43 433 578 668
452 4 2 0 1 43 75 668 496
453 4 2 0 1 268 368 279 626
454 4 2 0 1 368 318 279 626
455 4 2 0 1 43 578 496 668
456 4 2 0 1 419 414 296 432
457 4 2 0 1 502 414 296 419
458 4 2 0 1 746 246 626 227
459 4 2 0 1 75 43 813 419
460 4 2 0 1 419 244 296 502
461 4 2 0 1 75 244 419 813
462 4 2 0 1 367 266 810 568
463 4 2 0 1 165 360 155 167
464 4 2 0 1 167 360 155 158
465 4 2 0 1 711 139 422 684
466 4 2 0 1 361 789 343 346
467 4 2 0 1 552 144 789 309
468 4 2 0 1 343 789 309 552
469 4 2 0 1 735 344 674 784
470 4 2 0 1 464 422 351 470
471 4 2 0 1 351 485 379 470
472 4 2 0 1 351 422 485 470
473 4 2 0 1 470 464 422 463
474 4 2 0 1 358 724 674 344
475 4 2 0 1 358 732 123 783
476 4 2 0 1 674 344 724 784
477 4 2 0 1 701 494 359 399
478 4 2 0 1 782 463 140 139
479 4 2 0 1 515 50 67 85
480 4 2 0 1 493 463 574 713
481 4 2 0 1 713 463 140 782
482 4 2 0 1 41 424 52 376
483 4 2 0 1 424 41 768 252
484 4 2 0 1 768 424 627 542
485 4 2 0 1 444 424 52 542
486 4 2 0 1 542 424 52 768
487 4 2 0 1 768 424 52 41
488 4 2 0 1 219 306 218 235
489 4 2 0 1 448 469 44 764
490 4 2 0 1 236 306 219 235
491 4 2 0 1 220 306 219 236
492 4 2 0 1 73 49 362 737
493 4 2 0 1 46 362 68 370
494 4 2 0 1 362 763 46 68
495 4 2 0 1 238 368 268 227
496 4 2 0 1 261 476 802 348
497 4 2 0 1 238 368 227 746
498 4 2 0 1 761 428 601 226
499 4 2 0 1 271 727 226 428
500 4 2 0 1 226 761 428 727
501 4 2 0 1 746 430 246 227
502 4 2 0 1 430 808 227 696
503 4 2 0 1 227 746 430 696
504 4 2 0 1 363 85 67 50
505 4 2 0 1 227 808 430 759
506 4 2 0 1 785 414 419 432
507 4 2 0 1 432 414 511 785
508 4 2 0 1 419 43 813 548
509 4 2 0 1 427 254 781 429
510 4 2 0 1 747 809 738 665
511 4 2 0 1 366 682 302 694
512 4 2 0 1 665 809 497 747
513 4 2 0 1 366 333 500 682
514 4 2 0 1 345 694 333 366
515 4 2 0 1 419 432 75 43
516 4 2 0 1 548 432 419 43
517 4 2 0 1 765 797 709 352
518 4 2 0 1 469 248 462 252
519 4 2 0 1 252 248 462 41
520 4 2 0 1 406 266 133 367
521 4 2 0 1 570 104 113 523
522 4 2 0 1 424 627 469 252
523 4 2 0 1 518 796 627 285
524 4 2 0 1 396 284 364 664
525 4 2 0 1 464 577 489 518
526 4 2 0 1 396 364 500 366
527 4 2 0 1 642 437 298 730
528 4 2 0 1 185 694 682 437
529 4 2 0 1 329 355 281 672
530 4 2 0 1 52 39 376 58
531 4 2 0 1 39 381 376 58
532 4 2 0 1 340 357 220 236
533 4 2 0 1 318 286 626 357
534 4 2 0 1 357 259 318 286
535 4 2 0 1 39 395 376 381
536 4 2 0 1 469 376 462 395
537 4 2 0 1 364 146 304 152
538 4 2 0 1 664 396 304 364
539 4 2 0 1 345 366 333 304
540 4 2 0 1 694 345 333 356
541 4 2 0 1 364 333 500 366
542 4 2 0 1 98 105 685 369
543 4 2 0 1 763 100 68 737
544 4 2 0 1 98 685 456 369
545 4 2 0 1 98 369 456 778
546 4 2 0 1 309 335 151 144
547 4 2 0 1 62 778 98 456
548 4 2 0 1 357 528 380 754
549 4 2 0 1 62 98 685 456
550 4 2 0 1 357 678 754 380
551 4 2 0 1 424 444 52 376
552 4 2 0 1 52 376 444 58
553 4 2 0 1 789 144 335 309
554 4 2 0 1 335 789 309 438
555 4 2 0 1 763 767 76 69
556 4 2 0 1 371 432 548 43
557 4 2 0 1 401 426 502 256
558 4 2 0 1 566 255 234 218
559 4 2 0 1 256 426 502 785
560 4 2 0 1 709 256 401 502
561 4 2 0 1 126 398 134 114
562 4 2 0 1 50 85 92 61
563 4 2 0 1 85 50 363 61
564 4 2 0 1 683 333 364 304
565 4 2 0 1 814 178 160 375
566 4 2 0 1 523 125 570 104
567 4 2 0 1 248 41 252 251
568 4 2 0 1 249 377 501 420
569 4 2 0 1 501 447 420 377
570 4 2 0 1 262 645 248 252
571 4 2 0 1 33 644 26 471
572 4 2 0 1 92 609 115 79
573 4 2 0 1 491 609 721 416
574 4 2 0 1 33 644 471 263
575 4 2 0 1 504 556 330 294
576 4 2 0 1 379 409 442 247
577 4 2 0 1 419 296 75 432
578 4 2 0 1 175 180 214 196
579 4 2 0 1 214 180 200 196
580 4 2 0 1 180 798 196 175
581 4 2 0 1 196 200 798 180
582 4 2 0 1 214 543 175 196
583 4 2 0 1 543 672 175 196
584 4 2 0 1 798 672 196 175
585 4 2 0 1 426 260 401 502
586 4 2 0 1 270 336 793 586
587 4 2 0 1 474 293 278 373
588 4 2 0 1 177 170 172 382
589 4 2 0 1 449 605 316 413
590 4 2 0 1 787 41 487 307
591 4 2 0 1 184 170 177 382
592 4 2 0 1 449 413 664 147
593 4 2 0 1 787 608 487 41
594 4 2 0 1 584 275 482 549
595 4 2 0 1 584 549 467 200
596 4 2 0 1 452 82 45 338
597 4 2 0 1 452 82 88 45
598 4 2 0 1 787 400 745 472
599 4 2 0 1 45 381 58 452
600 4 2 0 1 420 317 377 447
601 4 2 0 1 293 373 557 306
602 4 2 0 1 452 338 45 381
603 4 2 0 1 106 525 127 130
604 4 2 0 1 58 452 88 45
605 4 2 0 1 130 127 504 525
606 4 2 0 1 227 322 391 198
607 4 2 0 1 268 322 391 227
608 4 2 0 1 268 626 322 227
609 4 2 0 1 412 312 537 49
610 4 2 0 1 537 312 412 372
611 4 2 0 1 28 374 18 4
612 4 2 0 1 72 276 496 53
613 4 2 0 1 496 326 276 72
614 4 2 0 1 502 426 414 785
615 4 2 0 1 431 31 15 16
616 4 2 0 1 786 371 43 40
617 4 2 0 1 226 211 240 758
618 4 2 0 1 729 223 194 386
619 4 2 0 1 379 485 442 409
620 4 2 0 1 10 28 403 4
621 4 2 0 1 470 485 379 409
622 4 2 0 1 274 4 10 403
623 4 2 0 1 392 274 10 403
624 4 2 0 1 141 449 152 147
625 4 2 0 1 605 413 147 143
626 4 2 0 1 197 723 405 387
627 4 2 0 1 474 197 387 723
628 4 2 0 1 308 390 317 655
629 4 2 0 1 390 655 501 447
630 4 2 0 1 447 655 420 317
631 4 2 0 1 357 340 626 380
632 4 2 0 1 357 259 380 318
633 4 2 0 1 406 266 367 568
634 4 2 0 1 800 406 150 145
635 4 2 0 1 424 469 462 252
636 4 2 0 1 255 336 793 311
637 4 2 0 1 483 190 759 393
638 4 2 0 1 354 264 255 311
639 4 2 0 1 255 793 336 218
640 4 2 0 1 245 502 401 260
641 4 2 0 1 376 462 39 41
642 4 2 0 1 470 712 379 138
643 4 2 0 1 535 138 315 470
644 4 2 0 1 138 535 595 470
645 4 2 0 1 349 392 51 60
646 4 2 0 1 802 662 382 184
647 4 2 0 1 802 662 269 678
648 4 2 0 1 372 299 13 25
649 4 2 0 1 138 595 379 470
650 4 2 0 1 463 464 422 139
651 4 2 0 1 463 139 782 464
652 4 2 0 1 117 326 605 540
653 4 2 0 1 605 326 656 540
654 4 2 0 1 284 396 291 449
655 4 2 0 1 433 319 43 644
656 4 2 0 1 319 433 43 668
657 4 2 0 1 578 433 397 319
658 4 2 0 1 462 376 39 395
659 4 2 0 1 340 246 620 626
660 4 2 0 1 626 746 340 246
661 4 2 0 1 626 357 620 340
662 4 2 0 1 566 321 758 271
663 4 2 0 1 11 3 292 9
664 4 2 0 1 19 11 6 292
665 4 2 0 1 226 727 271 758
666 4 2 0 1 666 321 255 311
667 4 2 0 1 11 19 29 292
668 4 2 0 1 688 775 199 295
669 4 2 0 1 775 295 688 337
670 4 2 0 1 295 775 199 300
671 4 2 0 1 375 160 814 415
672 4 2 0 1 160 465 154 788
673 4 2 0 1 359 494 257 273
674 4 2 0 1 353 443 90 398
675 4 2 0 1 36 324 21 385
676 4 2 0 1 189 179 780 171
677 4 2 0 1 534 305 536 178
678 4 2 0 1 443 398 353 102
679 4 2 0 1 178 305 536 189
680 4 2 0 1 419 558 785 548
681 4 2 0 1 723 739 199 327
682 4 2 0 1 787 307 400 472
683 4 2 0 1 26 658 389 283
684 4 2 0 1 487 478 787 400
685 4 2 0 1 519 426 401 513
686 4 2 0 1 444 376 480 58
687 4 2 0 1 376 381 480 58
688 4 2 0 1 571 381 480 420
689 4 2 0 1 526 110 129 535
690 4 2 0 1 274 299 392 10
691 4 2 0 1 758 402 666 255
692 4 2 0 1 469 448 42 285
693 4 2 0 1 394 1 8 441
694 4 2 0 1 394 1 27 435
695 4 2 0 1 129 99 110 526
696 4 2 0 1 494 701 677 399
697 4 2 0 1 79 116 609 115
698 4 2 0 1 438 190 289 361
699 4 2 0 1 186 190 759 483
700 4 2 0 1 11 292 397 9
701 4 2 0 1 181 197 792 405
702 4 2 0 1 405 792 723 197
703 4 2 0 1 186 190 483 707
704 4 2 0 1 640 759 731 483
705 4 2 0 1 330 769 457 762
706 4 2 0 1 698 804 407 423
707 4 2 0 1 403 28 404 4
708 4 2 0 1 274 4 403 404
709 4 2 0 1 152 146 748 407
710 4 2 0 1 748 804 407 698
711 4 2 0 1 608 478 787 487
712 4 2 0 1 204 688 327 723
713 4 2 0 1 327 173 204 815
714 4 2 0 1 723 327 204 815
715 4 2 0 1 23 412 13 31
716 4 2 0 1 312 412 13 23
717 4 2 0 1 13 312 372 412
718 4 2 0 1 746 368 626 340
719 4 2 0 1 461 551 715 51
720 4 2 0 1 205 584 200 549
721 4 2 0 1 205 225 200 584
722 4 2 0 1 51 488 60 551
723 4 2 0 1 715 551 488 51
724 4 2 0 1 420 338 381 377
725 4 2 0 1 59 83 250 62
726 4 2 0 1 803 632 492 253
727 4 2 0 1 25 479 431 12
728 4 2 0 1 12 479 431 8
729 4 2 0 1 748 719 508 407
730 4 2 0 1 140 713 570 125
731 4 2 0 1 121 410 559 783
732 4 2 0 1 92 454 515 50
733 4 2 0 1 458 4 10 2
734 4 2 0 1 265 1 446 458
735 4 2 0 1 515 475 454 689
736 4 2 0 1 411 792 181 174
737 4 2 0 1 436 781 324 790
738 4 2 0 1 785 432 419 548
739 4 2 0 1 494 285 273 399
740 4 2 0 1 511 414 505 785
741 4 2 0 1 62 98 83 250
742 4 2 0 1 735 356 344 784
743 4 2 0 1 356 660 344 784
744 4 2 0 1 333 191 356 784
745 4 2 0 1 191 660 356 784
746 4 2 0 1 333 356 735 784
747 4 2 0 1 326 95 72 117
748 4 2 0 1 117 326 95 118
749 4 2 0 1 298 795 211 185
750 4 2 0 1 326 95 276 72
751 4 2 0 1 241 113 649 94
752 4 2 0 1 267 495 94 241
753 4 2 0 1 495 614 782 489
754 4 2 0 1 614 267 577 495
755 4 2 0 1 12 25 299 392
756 4 2 0 1 497 162 415 157
757 4 2 0 1 415 160 465 154
758 4 2 0 1 415 814 162 465
759 4 2 0 1 243 53 491 57
760 4 2 0 1 359 494 273 399
761 4 2 0 1 495 577 614 489
762 4 2 0 1 363 53 57 491
763 4 2 0 1 491 363 53 445
764 4 2 0 1 782 495 139 649
765 4 2 0 1 15 17 5 14
766 4 2 0 1 17 30 15 32
767 4 2 0 1 598 11 19 29
768 4 2 0 1 712 665 157 247
769 4 2 0 1 500 264 402 255
770 4 2 0 1 532 166 157 417
771 4 2 0 1 417 531 530 532
772 4 2 0 1 8 598 5 17
773 4 2 0 1 417 161 155 530
774 4 2 0 1 218 234 235 593
775 4 2 0 1 341 460 529 47
776 4 2 0 1 13 412 25 31
777 4 2 0 1 810 418 127 89
778 4 2 0 1 309 438 539 335
779 4 2 0 1 626 580 279 322
780 4 2 0 1 559 77 65 811
781 4 2 0 1 388 19 292 29
782 4 2 0 1 397 388 29 421
783 4 2 0 1 121 410 65 559
784 4 2 0 1 559 65 121 811
785 4 2 0 1 277 5 481 441
786 4 2 0 1 284 664 396 449
787 4 2 0 1 5 441 277 598
788 4 2 0 1 413 284 291 449
789 4 2 0 1 481 5 1 441
790 4 2 0 1 291 413 449 316
791 4 2 0 1 8 5 598 441
792 4 2 0 1 522 492 110 546
793 4 2 0 1 81 765 110 492
794 4 2 0 1 306 476 348 236
795 4 2 0 1 236 306 235 593
796 4 2 0 1 803 632 765 492
797 4 2 0 1 583 579 259 382
798 4 2 0 1 678 382 259 579
799 4 2 0 1 255 264 354 534
800 4 2 0 1 713 554 555 782
801 4 2 0 1 713 681 493 622
802 4 2 0 1 748 697 609 506
803 4 2 0 1 416 116 609 79
804 4 2 0 1 609 116 133 115
805 4 2 0 1 515 689 454 92
806 4 2 0 1 497 465 415 162
807 4 2 0 1 415 814 465 160
808 4 2 0 1 465 154 788 809
809 4 2 0 1 465 809 747 497
810 4 2 0 1 814 465 160 788
811 4 2 0 1 423 804 407 134
812 4 2 0 1 166 738 173 439
813 4 2 0 1 155 530 158 532
814 4 2 0 1 439 166 442 173
815 4 2 0 1 417 532 530 155
816 4 2 0 1 137 720 288 690
817 4 2 0 1 57 243 84 440
818 4 2 0 1 749 85 67 363
819 4 2 0 1 794 749 440 544
820 4 2 0 1 731 198 188 393
821 4 2 0 1 25 412 13 372
822 4 2 0 1 425 197 204 815
823 4 2 0 1 197 425 533 806
824 4 2 0 1 620 357 220 340
825 4 2 0 1 250 249 764 501
826 4 2 0 1 350 414 426 785
827 4 2 0 1 753 276 53 388
828 4 2 0 1 55 287 42 503
829 4 2 0 1 55 70 287 503
830 4 2 0 1 503 448 42 55
831 4 2 0 1 503 448 55 70
832 4 2 0 1 320 325 427 288
833 4 2 0 1 385 790 40 692
834 4 2 0 1 751 112 690 137
835 4 2 0 1 40 385 692 644
836 4 2 0 1 551 488 60 454
837 4 2 0 1 60 488 418 454
838 4 2 0 1 138 541 569 546
839 4 2 0 1 294 332 625 507
840 4 2 0 1 546 687 712 247
841 4 2 0 1 457 556 455 330
842 4 2 0 1 457 455 769 330
843 4 2 0 1 394 481 9 283
844 4 2 0 1 9 3 283 481
845 4 2 0 1 664 396 449 304
846 4 2 0 1 625 360 155 165
847 4 2 0 1 664 413 449 284
848 4 2 0 1 699 625 161 165
849 4 2 0 1 161 165 625 155
850 4 2 0 1 31 15 17 431
851 4 2 0 1 431 15 17 479
852 4 2 0 1 204 197 474 723
853 4 2 0 1 707 190 393 361
854 4 2 0 1 11 292 29 397
855 4 2 0 1 29 19 562 388
856 4 2 0 1 253 768 803 632
857 4 2 0 1 632 768 803 307
858 4 2 0 1 441 481 394 1
859 4 2 0 1 81 253 522 595
860 4 2 0 1 492 81 253 522
861 4 2 0 1 433 9 397 319
862 4 2 0 1 105 369 125 294
863 4 2 0 1 435 1 265 8
864 4 2 0 1 473 132 137 245
865 4 2 0 1 394 1 435 8
866 4 2 0 1 7 479 12 2
867 4 2 0 1 479 5 8 458
868 4 2 0 1 12 458 479 8
869 4 2 0 1 105 125 332 294
870 4 2 0 1 369 507 125 294
871 4 2 0 1 583 457 592 579
872 4 2 0 1 294 125 332 507
873 4 2 0 1 106 369 127 525
874 4 2 0 1 692 436 324 790
875 4 2 0 1 57 421 460 388
876 4 2 0 1 725 460 562 341
877 4 2 0 1 793 255 354 534
878 4 2 0 1 388 529 562 460
879 4 2 0 1 635 460 30 29
880 4 2 0 1 22 460 30 635
881 4 2 0 1 4 374 446 28
882 4 2 0 1 423 629 794 804
883 4 2 0 1 354 255 793 311
884 4 2 0 1 4 446 458 10
885 4 2 0 1 770 439 442 173
886 4 2 0 1 770 442 755 173
887 4 2 0 1 513 426 256 572
888 4 2 0 1 440 629 749 794
889 4 2 0 1 99 513 129 434
890 4 2 0 1 126 611 134 398
891 4 2 0 1 553 426 513 572
892 4 2 0 1 126 611 612 134
893 4 2 0 1 533 425 242 806
894 4 2 0 1 99 82 88 514
895 4 2 0 1 243 491 544 57
896 4 2 0 1 57 544 440 363
897 4 2 0 1 243 544 440 57
898 4 2 0 1 281 442 755 675
899 4 2 0 1 770 442 670 755
900 4 2 0 1 491 363 445 721
901 4 2 0 1 614 273 503 577
902 4 2 0 1 655 520 526 514
903 4 2 0 1 544 243 440 794
904 4 2 0 1 273 679 285 577
905 4 2 0 1 516 464 351 470
906 4 2 0 1 67 398 443 102
907 4 2 0 1 513 519 129 434
908 4 2 0 1 25 16 479 7
909 4 2 0 1 168 788 156 809
910 4 2 0 1 553 426 519 513
911 4 2 0 1 27 334 20 374
912 4 2 0 1 283 1 27 394
913 4 2 0 1 27 334 283 282
914 4 2 0 1 154 809 497 156
915 4 2 0 1 154 465 415 497
916 4 2 0 1 465 809 497 154
917 4 2 0 1 315 681 493 655
918 4 2 0 1 163 788 156 168
919 4 2 0 1 727 321 271 758
920 4 2 0 1 758 321 240 727
921 4 2 0 1 245 709 401 502
922 4 2 0 1 129 308 82 520
923 4 2 0 1 338 520 420 514
924 4 2 0 1 308 317 82 520
925 4 2 0 1 520 82 99 514
926 4 2 0 1 99 129 82 520
927 4 2 0 1 785 365 511 787
928 4 2 0 1 276 319 578 397
929 4 2 0 1 290 453 800 499
930 4 2 0 1 646 701 677 494
931 4 2 0 1 546 569 712 687
932 4 2 0 1 265 1 374 446
933 4 2 0 1 81 492 110 522
934 4 2 0 1 595 673 524 81
935 4 2 0 1 720 690 137 751
936 4 2 0 1 595 516 351 470
937 4 2 0 1 361 438 393 343
938 4 2 0 1 720 137 132 751
939 4 2 0 1 516 464 555 561
940 4 2 0 1 464 495 782 489
941 4 2 0 1 810 418 89 60
942 4 2 0 1 814 792 405 411
943 4 2 0 1 205 242 184 425
944 4 2 0 1 439 450 173 201
945 4 2 0 1 203 663 451 223
946 4 2 0 1 295 451 223 203
947 4 2 0 1 533 425 184 242
948 4 2 0 1 274 456 648 691
949 4 2 0 1 349 274 392 691
950 4 2 0 1 569 687 497 712
951 4 2 0 1 122 800 453 144
952 4 2 0 1 290 122 800 453
953 4 2 0 1 290 122 453 398
954 4 2 0 1 252 251 41 768
955 4 2 0 1 458 5 8 1
956 4 2 0 1 252 248 251 645
957 4 2 0 1 25 372 299 392
958 4 2 0 1 166 162 157 417
959 4 2 0 1 417 162 667 166
960 4 2 0 1 800 499 151 406
961 4 2 0 1 534 264 354 305
962 4 2 0 1 689 266 810 418
963 4 2 0 1 773 472 371 40
964 4 2 0 1 264 305 534 291
965 4 2 0 1 745 371 773 472
966 4 2 0 1 6 481 3 11
967 4 2 0 1 464 782 555 561
968 4 2 0 1 498 199 734 775
969 4 2 0 1 300 775 199 498
970 4 2 0 1 464 489 782 561
971 4 2 0 1 667 512 417 530
972 4 2 0 1 512 530 667 799
973 4 2 0 1 129 308 520 526
974 4 2 0 1 512 799 667 736
975 4 2 0 1 129 315 308 526
976 4 2 0 1 688 295 199 474
977 4 2 0 1 390 655 447 317
978 4 2 0 1 775 688 199 734
979 4 2 0 1 99 129 520 526
980 4 2 0 1 631 670 467 776
981 4 2 0 1 503 257 614 70
982 4 2 0 1 24 38 18 34
983 4 2 0 1 159 375 814 415
984 4 2 0 1 287 70 257 503
985 4 2 0 1 489 750 503 614
986 4 2 0 1 25 7 479 12
987 4 2 0 1 503 70 750 448
988 4 2 0 1 713 587 493 390
989 4 2 0 1 713 587 390 779
990 4 2 0 1 458 10 12 2
991 4 2 0 1 12 2 479 458
992 4 2 0 1 178 814 405 411
993 4 2 0 1 353 461 63 443
994 4 2 0 1 814 178 375 411
995 4 2 0 1 768 41 52 803
996 4 2 0 1 583 457 323 592
997 4 2 0 1 539 592 323 383
998 4 2 0 1 241 521 267 801
999 4 2 0 1 684 241 139 464
1000 4 2 0 1 711 360 139 684
1001 4 2 0 1 290 800 612 499
1002 4 2 0 1 199 295 223 203
1003 4 2 0 1 416 116 466 609
1004 4 2 0 1 466 116 133 609
1005 4 2 0 1 34 671 468 262
1006 4 2 0 1 374 27 265 468
1007 4 2 0 1 440 749 67 363
1008 4 2 0 1 526 520 99 514
1009 4 2 0 1 85 363 445 61
1010 4 2 0 1 233 215 228 591
1011 4 2 0 1 756 659 653 527
1012 4 2 0 1 616 808 527 659
1013 4 2 0 1 527 659 808 756
1014 4 2 0 1 26 283 282 471
1015 4 2 0 1 658 394 283 471
1016 4 2 0 1 3 11 481 9
1017 4 2 0 1 117 791 95 491
1018 4 2 0 1 394 1 481 283
1019 4 2 0 1 9 481 394 441
1020 4 2 0 1 502 414 419 785
1021 4 2 0 1 473 401 132 245
1022 4 2 0 1 797 473 137 245
1023 4 2 0 1 575 720 132 751
1024 4 2 0 1 539 592 383 286
1025 4 2 0 1 474 723 203 199
1026 4 2 0 1 539 286 259 592
1027 4 2 0 1 474 387 203 723
1028 4 2 0 1 81 803 492 253
1029 4 2 0 1 348 306 261 476
1030 4 2 0 1 81 803 765 492
1031 4 2 0 1 351 684 485 422
1032 4 2 0 1 253 768 81 803
1033 4 2 0 1 348 593 306 236
1034 4 2 0 1 476 236 306 220
1035 4 2 0 1 293 306 261 348
1036 4 2 0 1 799 736 512 477
1037 4 2 0 1 477 170 807 184
1038 4 2 0 1 544 363 57 491
1039 4 2 0 1 509 438 309 343
1040 4 2 0 1 789 633 346 706
1041 4 2 0 1 128 794 440 84
1042 4 2 0 1 51 87 60 488
1043 4 2 0 1 60 87 810 488
1044 4 2 0 1 475 488 715 551
1045 4 2 0 1 207 229 347 601
1046 4 2 0 1 546 138 541 110
1047 4 2 0 1 492 352 110 546
1048 4 2 0 1 546 352 110 541
1049 4 2 0 1 352 110 541 709
1050 4 2 0 1 492 765 110 352
1051 4 2 0 1 119 122 800 603
1052 4 2 0 1 352 797 429 490
1053 4 2 0 1 603 122 90 119
1054 4 2 0 1 516 489 464 561
1055 4 2 0 1 90 603 119 744
1056 4 2 0 1 445 721 416 491
1057 4 2 0 1 126 290 612 611
1058 4 2 0 1 72 117 491 416
1059 4 2 0 1 126 290 611 398
1060 4 2 0 1 213 201 776 224
1061 4 2 0 1 293 600 482 204
1062 4 2 0 1 670 467 776 482
1063 4 2 0 1 353 398 290 126
1064 4 2 0 1 765 709 110 352
1065 4 2 0 1 201 688 450 204
1066 4 2 0 1 450 173 201 204
1067 4 2 0 1 535 129 526 315
1068 4 2 0 1 148 266 133 406
1069 4 2 0 1 486 120 49 73
1070 4 2 0 1 63 537 76 49
1071 4 2 0 1 670 467 482 549
1072 4 2 0 1 699 769 625 330
1073 4 2 0 1 248 41 251 645
1074 4 2 0 1 625 455 330 769
1075 4 2 0 1 42 258 448 44
1076 4 2 0 1 55 258 448 42
1077 4 2 0 1 255 402 666 311
1078 4 2 0 1 730 191 601 187
1079 4 2 0 1 758 211 302 298
1080 4 2 0 1 730 191 187 356
1081 4 2 0 1 81 444 542 673
1082 4 2 0 1 117 118 605 326
1083 4 2 0 1 542 424 627 673
1084 4 2 0 1 194 498 223 199
1085 4 2 0 1 444 424 542 673
1086 4 2 0 1 253 627 673 542
1087 4 2 0 1 253 673 81 542
1088 4 2 0 1 188 509 438 198
1089 4 2 0 1 509 580 438 198
1090 4 2 0 1 67 102 515 85
1091 4 2 0 1 156 288 297 497
1092 4 2 0 1 156 720 288 497
1093 4 2 0 1 297 497 809 156
1094 4 2 0 1 536 305 586 189
1095 4 2 0 1 761 615 718 545
1096 4 2 0 1 615 545 761 226
1097 4 2 0 1 308 493 390 655
1098 4 2 0 1 490 803 547 632
1099 4 2 0 1 315 470 493 681
1100 4 2 0 1 709 434 541 401
1101 4 2 0 1 548 745 785 511
1102 4 2 0 1 611 612 134 499
1103 4 2 0 1 312 49 412 362
1104 4 2 0 1 550 808 616 659
1105 4 2 0 1 72 491 445 416
1106 4 2 0 1 72 491 53 445
1107 4 2 0 1 228 743 550 209
1108 4 2 0 1 430 808 616 550
1109 4 2 0 1 60 488 810 418
1110 4 2 0 1 496 276 578 397
1111 4 2 0 1 138 569 712 546
1112 4 2 0 1 668 326 276 496
1113 4 2 0 1 379 712 546 138
1114 4 2 0 1 758 727 240 226
1115 4 2 0 1 666 321 758 255
1116 4 2 0 1 800 499 144 151
1117 4 2 0 1 543 329 175 672
1118 4 2 0 1 167 530 155 165
1119 4 2 0 1 553 129 82 99
1120 4 2 0 1 546 352 541 569
1121 4 2 0 1 98 779 599 250
1122 4 2 0 1 129 553 513 99
1123 4 2 0 1 288 569 352 687
1124 4 2 0 1 129 553 519 513
1125 4 2 0 1 520 82 338 317
1126 4 2 0 1 514 82 452 338
1127 4 2 0 1 514 82 88 452
1128 4 2 0 1 338 520 514 82
1129 4 2 0 1 713 681 622 554
1130 4 2 0 1 554 681 470 585
1131 4 2 0 1 422 464 684 139
1132 4 2 0 1 713 554 622 555
1133 4 2 0 1 205 275 510 584
1134 4 2 0 1 516 555 470 585
1135 4 2 0 1 464 555 470 516
1136 4 2 0 1 555 554 470 585
1137 4 2 0 1 812 281 158 532
1138 4 2 0 1 812 530 532 158
1139 4 2 0 1 127 106 456 369
1140 4 2 0 1 470 463 555 464
1141 4 2 0 1 713 622 463 555
1142 4 2 0 1 264 255 500 284
1143 4 2 0 1 500 284 364 396
1144 4 2 0 1 264 284 500 396
1145 4 2 0 1 540 316 605 413
1146 4 2 0 1 419 244 558 548
1147 4 2 0 1 558 244 419 502
1148 4 2 0 1 405 723 780 387
1149 4 2 0 1 330 556 771 457
1150 4 2 0 1 419 244 75 296
1151 4 2 0 1 135 504 130 150
1152 4 2 0 1 130 504 145 150
1153 4 2 0 1 446 265 10 28
1154 4 2 0 1 4 446 10 28
1155 4 2 0 1 75 109 296 244
1156 4 2 0 1 454 418 689 488
1157 4 2 0 1 677 262 42 469
1158 4 2 0 1 143 147 748 506
1159 4 2 0 1 448 469 42 44
1160 4 2 0 1 378 229 601 428
1161 4 2 0 1 376 249 469 796
1162 4 2 0 1 428 378 229 727
1163 4 2 0 1 588 229 207 378
1164 4 2 0 1 207 229 601 378
1165 4 2 0 1 730 560 187 601
1166 4 2 0 1 748 719 697 508
1167 4 2 0 1 730 604 187 560
1168 4 2 0 1 187 210 207 560
1169 4 2 0 1 187 560 207 601
1170 4 2 0 1 188 438 509 343
1171 4 2 0 1 138 110 595 535
1172 4 2 0 1 81 595 522 110
1173 4 2 0 1 400 511 787 745
1174 4 2 0 1 745 787 785 511
1175 4 2 0 1 595 524 110 81
1176 4 2 0 1 595 535 110 524
1177 4 2 0 1 522 595 546 110
1178 4 2 0 1 595 138 546 110
1179 4 2 0 1 516 561 555 585
1180 4 2 0 1 561 554 555 585
1181 4 2 0 1 563 227 567 602
1182 4 2 0 1 227 563 564 198
1183 4 2 0 1 696 602 567 227
1184 4 2 0 1 161 799 512 170
1185 4 2 0 1 563 564 198 217
1186 4 2 0 1 564 227 567 563
1187 4 2 0 1 610 378 717 230
1188 4 2 0 1 610 726 717 378
1189 4 2 0 1 378 761 630 726
1190 4 2 0 1 563 567 217 231
1191 4 2 0 1 564 567 696 756
1192 4 2 0 1 567 756 624 704
1193 4 2 0 1 696 567 564 227
1194 4 2 0 1 140 570 523 125
1195 4 2 0 1 570 779 599 125
1196 4 2 0 1 523 570 140 113
1197 4 2 0 1 452 381 58 571
1198 4 2 0 1 58 381 480 571
1199 4 2 0 1 58 571 88 452
1200 4 2 0 1 572 553 82 99
1201 4 2 0 1 395 377 249 381
1202 4 2 0 1 469 249 395 517
1203 4 2 0 1 395 377 517 249
1204 4 2 0 1 99 82 572 88
1205 4 2 0 1 800 612 499 406
1206 4 2 0 1 573 104 125 507
1207 4 2 0 1 573 125 104 98
1208 4 2 0 1 156 325 720 303
1209 4 2 0 1 104 573 98 83
1210 4 2 0 1 99 572 350 88
1211 4 2 0 1 507 332 625 523
1212 4 2 0 1 563 391 198 227
1213 4 2 0 1 574 463 140 713
1214 4 2 0 1 140 125 574 713
1215 4 2 0 1 686 84 77 47
1216 4 2 0 1 686 80 341 47
1217 4 2 0 1 517 764 469 249
1218 4 2 0 1 796 249 469 448
1219 4 2 0 1 571 514 88 452
1220 4 2 0 1 581 233 708 222
1221 4 2 0 1 649 140 782 570
1222 4 2 0 1 111 767 742 633
1223 4 2 0 1 491 609 416 466
1224 4 2 0 1 117 791 466 143
1225 4 2 0 1 27 334 282 20
1226 4 2 0 1 713 779 390 655
1227 4 2 0 1 506 147 748 508
1228 4 2 0 1 799 512 170 477
1229 4 2 0 1 170 799 477 807
1230 4 2 0 1 802 661 528 476
1231 4 2 0 1 357 236 380 528
1232 4 2 0 1 802 661 754 528
1233 4 2 0 1 86 686 529 84
1234 4 2 0 1 86 529 57 84
1235 4 2 0 1 753 529 388 57
1236 4 2 0 1 494 285 677 42
1237 4 2 0 1 548 432 511 785
1238 4 2 0 1 285 494 677 399
1239 4 2 0 1 285 677 42 469
1240 4 2 0 1 553 572 513 99
1241 4 2 0 1 755 442 281 531
1242 4 2 0 1 530 531 417 667
1243 4 2 0 1 531 442 281 532
1244 4 2 0 1 281 532 442 485
1245 4 2 0 1 736 477 807 533
1246 4 2 0 1 807 806 736 533
1247 4 2 0 1 153 701 646 494
1248 4 2 0 1 125 779 98 587
1249 4 2 0 1 63 537 96 634
1250 4 2 0 1 51 537 372 96
1251 4 2 0 1 299 7 13 25
1252 4 2 0 1 349 299 372 392
1253 4 2 0 1 342 538 64 48
1254 4 2 0 1 240 232 226 545
1255 4 2 0 1 539 259 583 592
1256 4 2 0 1 539 592 583 323
1257 4 2 0 1 378 582 588 229
1258 4 2 0 1 222 206 208 621
1259 4 2 0 1 208 222 621 708
1260 4 2 0 1 516 518 489 589
1261 4 2 0 1 407 804 149 134
1262 4 2 0 1 516 561 585 589
1263 4 2 0 1 741 326 496 117
1264 4 2 0 1 126 804 134 142
1265 4 2 0 1 589 796 518 489
1266 4 2 0 1 591 237 228 233
1267 4 2 0 1 233 527 215 591
1268 4 2 0 1 616 527 430 591
1269 4 2 0 1 641 228 246 237
1270 4 2 0 1 246 746 237 430
1271 4 2 0 1 616 808 430 527
1272 4 2 0 1 94 267 614 495
1273 4 2 0 1 721 363 544 491
1274 4 2 0 1 604 210 187 560
1275 4 2 0 1 610 717 722 202
1276 4 2 0 1 202 604 210 187
1277 4 2 0 1 610 722 604 202
1278 4 2 0 1 604 613 560 760
1279 4 2 0 1 142 148 612 266
1280 4 2 0 1 149 148 612 142
1281 4 2 0 1 365 58 45 478
1282 4 2 0 1 478 787 58 608
1283 4 2 0 1 39 58 608 478
1284 4 2 0 1 384 547 774 790
1285 4 2 0 1 745 547 472 773
1286 4 2 0 1 474 651 295 203
1287 4 2 0 1 337 474 278 295
1288 4 2 0 1 478 365 505 45
1289 4 2 0 1 402 255 758 500
1290 4 2 0 1 478 58 45 39
1291 4 2 0 1 402 500 758 302
1292 4 2 0 1 264 402 302 500
1293 4 2 0 1 98 599 83 250
1294 4 2 0 1 549 275 757 261
1295 4 2 0 1 599 98 83 104
1296 4 2 0 1 670 204 482 201
1297 4 2 0 1 459 805 549 204
1298 4 2 0 1 805 549 204 425
1299 4 2 0 1 570 599 104 125
1300 4 2 0 1 104 125 599 98
1301 4 2 0 1 713 125 587 779
1302 4 2 0 1 574 125 587 713
1303 4 2 0 1 563 602 567 231
1304 4 2 0 1 516 489 561 589
1305 4 2 0 1 404 28 403 646
1306 4 2 0 1 726 717 760 722
1307 4 2 0 1 261 275 757 293
1308 4 2 0 1 275 293 261 348
1309 4 2 0 1 293 593 306 348
1310 4 2 0 1 98 573 778 83
1311 4 2 0 1 187 347 191 601
1312 4 2 0 1 293 373 474 557
1313 4 2 0 1 204 557 757 293
1314 4 2 0 1 606 193 221 216
1315 4 2 0 1 608 39 487 41
1316 4 2 0 1 39 478 608 487
1317 4 2 0 1 58 39 608 52
1318 4 2 0 1 41 39 52 608
1319 4 2 0 1 624 567 564 756
1320 4 2 0 1 86 243 57 53
1321 4 2 0 1 611 290 499 453
1322 4 2 0 1 612 149 142 134
1323 4 2 0 1 290 612 611 499
1324 4 2 0 1 149 134 612 499
1325 4 2 0 1 126 142 134 612
1326 4 2 0 1 796 448 469 285
1327 4 2 0 1 285 750 796 448
1328 4 2 0 1 188 192 217 618
1329 4 2 0 1 721 363 445 85
1330 4 2 0 1 491 53 243 95
1331 4 2 0 1 326 540 117 741
1332 4 2 0 1 188 618 217 647
1333 4 2 0 1 614 750 503 70
1334 4 2 0 1 643 564 217 647
1335 4 2 0 1 198 647 217 564
1336 4 2 0 1 210 378 610 230
1337 4 2 0 1 630 726 610 378
1338 4 2 0 1 613 610 726 604
1339 4 2 0 1 210 610 604 202
1340 4 2 0 1 210 610 202 230
1341 4 2 0 1 760 726 604 613
1342 4 2 0 1 222 206 621 714
1343 4 2 0 1 708 222 714 581
1344 4 2 0 1 621 222 714 708
1345 4 2 0 1 433 319 644 658
1346 4 2 0 1 400 478 787 511
1347 4 2 0 1 216 221 606 590
1348 4 2 0 1 636 590 606 717
1349 4 2 0 1 760 606 628 642
1350 4 2 0 1 636 717 606 760
1351 4 2 0 1 604 210 560 613
1352 4 2 0 1 210 610 613 604
1353 4 2 0 1 613 726 610 630
1354 4 2 0 1 22 460 635 562
1355 4 2 0 1 388 562 29 460
1356 4 2 0 1 560 210 207 613
1357 4 2 0 1 495 649 782 614
1358 4 2 0 1 590 216 221 615
1359 4 2 0 1 615 638 761 726
1360 4 2 0 1 232 216 615 221
1361 4 2 0 1 726 638 590 615
1362 4 2 0 1 616 215 228 209
1363 4 2 0 1 228 616 591 215
1364 4 2 0 1 550 616 228 209
1365 4 2 0 1 430 616 228 550
1366 4 2 0 1 228 616 430 591
1367 4 2 0 1 215 616 591 527
1368 4 2 0 1 35 565 33 263
1369 4 2 0 1 785 414 505 350
1370 4 2 0 1 365 785 505 350
1371 4 2 0 1 621 617 703 640
1372 4 2 0 1 703 617 731 640
1373 4 2 0 1 640 759 617 731
1374 4 2 0 1 785 365 505 511
1375 4 2 0 1 217 192 619 618
1376 4 2 0 1 619 217 643 624
1377 4 2 0 1 619 192 217 212
1378 4 2 0 1 704 619 752 624
1379 4 2 0 1 810 130 127 568
1380 4 2 0 1 568 130 127 145
1381 4 2 0 1 568 145 800 130
1382 4 2 0 1 560 613 207 637
1383 4 2 0 1 560 637 207 601
1384 4 2 0 1 434 99 709 110
1385 4 2 0 1 513 99 709 434
1386 4 2 0 1 773 56 71 385
1387 4 2 0 1 58 608 787 52
1388 4 2 0 1 534 354 793 305
1389 4 2 0 1 511 787 365 478
1390 4 2 0 1 257 494 503 273
1391 4 2 0 1 273 257 614 503
1392 4 2 0 1 615 232 718 545
1393 4 2 0 1 232 545 615 226
1394 4 2 0 1 208 617 621 186
1395 4 2 0 1 621 206 208 186
1396 4 2 0 1 605 656 316 540
1397 4 2 0 1 540 605 117 143
1398 4 2 0 1 484 575 720 154
1399 4 2 0 1 656 316 540 575
1400 4 2 0 1 656 484 316 575
1401 4 2 0 1 654 752 621 617
1402 4 2 0 1 654 752 708 621
1403 4 2 0 1 618 703 643 731
1404 4 2 0 1 752 643 703 731
1405 4 2 0 1 752 643 619 703
1406 4 2 0 1 643 618 619 703
1407 4 2 0 1 622 681 493 470
1408 4 2 0 1 622 681 470 554
1409 4 2 0 1 622 554 470 555
1410 4 2 0 1 576 234 566 321
1411 4 2 0 1 622 470 463 555
1412 4 2 0 1 493 470 463 622
1413 4 2 0 1 413 291 534 702
1414 4 2 0 1 534 305 793 536
1415 4 2 0 1 623 237 591 233
1416 4 2 0 1 233 527 591 623
1417 4 2 0 1 623 639 756 704
1418 4 2 0 1 756 527 653 623
1419 4 2 0 1 217 567 564 624
1420 4 2 0 1 590 615 221 718
1421 4 2 0 1 668 433 578 319
1422 4 2 0 1 232 615 718 221
1423 4 2 0 1 287 503 257 494
1424 4 2 0 1 186 759 640 483
1425 4 2 0 1 617 759 808 731
1426 4 2 0 1 606 193 216 628
1427 4 2 0 1 760 606 636 628
1428 4 2 0 1 628 185 193 216
1429 4 2 0 1 642 760 730 298
1430 4 2 0 1 185 795 628 298
1431 4 2 0 1 185 216 628 795
1432 4 2 0 1 287 494 42 503
1433 4 2 0 1 210 378 207 630
1434 4 2 0 1 714 192 619 212
1435 4 2 0 1 335 580 539 383
1436 4 2 0 1 752 619 714 703
1437 4 2 0 1 619 618 714 703
1438 4 2 0 1 335 383 539 323
1439 4 2 0 1 238 227 563 602
1440 4 2 0 1 696 238 602 227
1441 4 2 0 1 227 238 746 696
1442 4 2 0 1 713 681 655 493
1443 4 2 0 1 713 390 493 655
1444 4 2 0 1 240 226 216 211
1445 4 2 0 1 232 216 240 226
1446 4 2 0 1 232 226 615 216
1447 4 2 0 1 615 226 761 638
1448 4 2 0 1 216 795 211 226
1449 4 2 0 1 205 584 510 225
1450 4 2 0 1 216 590 606 636
1451 4 2 0 1 516 585 470 595
1452 4 2 0 1 278 373 586 651
1453 4 2 0 1 586 179 203 189
1454 4 2 0 1 203 179 586 451
1455 4 2 0 1 642 185 193 628
1456 4 2 0 1 606 642 193 628
1457 4 2 0 1 186 759 617 640
1458 4 2 0 1 209 208 186 659
1459 4 2 0 1 576 566 271 321
1460 4 2 0 1 630 378 207 637
1461 4 2 0 1 207 378 601 637
1462 4 2 0 1 563 268 391 227
1463 4 2 0 1 606 221 717 590
1464 4 2 0 1 590 221 717 718
1465 4 2 0 1 530 155 165 161
1466 4 2 0 1 641 746 246 340
1467 4 2 0 1 226 795 638 216
1468 4 2 0 1 615 226 638 216
1469 4 2 0 1 718 582 230 378
1470 4 2 0 1 211 402 240 758
1471 4 2 0 1 649 495 241 94
1472 4 2 0 1 649 495 139 241
1473 4 2 0 1 495 94 649 614
1474 4 2 0 1 257 273 614 267
1475 4 2 0 1 595 673 627 518
1476 4 2 0 1 623 653 756 639
1477 4 2 0 1 639 233 708 581
1478 4 2 0 1 639 653 756 708
1479 4 2 0 1 596 20 280 374
1480 4 2 0 1 27 20 35 596
1481 4 2 0 1 671 37 38 280
1482 4 2 0 1 374 27 596 20
1483 4 2 0 1 280 671 37 596
1484 4 2 0 1 35 282 20 27
1485 4 2 0 1 621 617 640 186
1486 4 2 0 1 693 683 783 597
1487 4 2 0 1 431 16 15 479
1488 4 2 0 1 640 206 621 186
1489 4 2 0 1 636 216 590 638
1490 4 2 0 1 638 216 590 615
1491 4 2 0 1 210 630 610 378
1492 4 2 0 1 31 16 431 25
1493 4 2 0 1 613 630 610 210
1494 4 2 0 1 185 437 298 642
1495 4 2 0 1 591 527 430 696
1496 4 2 0 1 224 600 337 204
1497 4 2 0 1 227 808 759 198
1498 4 2 0 1 600 224 482 204
1499 4 2 0 1 185 628 642 298
1500 4 2 0 1 185 682 298 437
1501 4 2 0 1 515 454 551 50
1502 4 2 0 1 752 564 643 731
1503 4 2 0 1 619 643 752 624
1504 4 2 0 1 184 170 382 579
1505 4 2 0 1 802 382 579 184
1506 4 2 0 1 595 518 589 673
1507 4 2 0 1 595 585 535 524
1508 4 2 0 1 595 589 585 673
1509 4 2 0 1 143 605 118 147
1510 4 2 0 1 141 147 605 449
1511 4 2 0 1 618 192 619 714
1512 4 2 0 1 353 744 461 715
1513 4 2 0 1 565 607 263 251
1514 4 2 0 1 263 607 339 251
1515 4 2 0 1 210 588 207 378
1516 4 2 0 1 188 618 647 731
1517 4 2 0 1 643 564 647 731
1518 4 2 0 1 198 731 647 564
1519 4 2 0 1 618 643 647 731
1520 4 2 0 1 782 554 555 561
1521 4 2 0 1 731 647 188 198
1522 4 2 0 1 209 759 659 186
1523 4 2 0 1 759 808 550 659
1524 4 2 0 1 550 743 759 209
1525 4 2 0 1 209 743 759 186
1526 4 2 0 1 298 760 730 601
1527 4 2 0 1 659 759 808 617
1528 4 2 0 1 231 704 217 212
1529 4 2 0 1 755 166 442 531
1530 4 2 0 1 531 166 442 532
1531 4 2 0 1 157 247 166 442
1532 4 2 0 1 532 442 157 166
1533 4 2 0 1 567 704 217 231
1534 4 2 0 1 602 704 567 231
1535 4 2 0 1 63 353 90 744
1536 4 2 0 1 149 406 612 148
1537 4 2 0 1 113 140 649 570
1538 4 2 0 1 140 139 241 649
1539 4 2 0 1 636 606 216 628
1540 4 2 0 1 612 149 499 406
1541 4 2 0 1 628 216 636 795
1542 4 2 0 1 729 386 194 594
1543 4 2 0 1 669 171 178 160
1544 4 2 0 1 305 178 669 171
1545 4 2 0 1 238 602 563 231
1546 4 2 0 1 148 406 612 266
1547 4 2 0 1 704 619 217 212
1548 4 2 0 1 567 624 217 704
1549 4 2 0 1 217 624 619 704
1550 4 2 0 1 549 467 200 670
1551 4 2 0 1 564 567 217 563
1552 4 2 0 1 208 708 650 215
1553 4 2 0 1 350 505 365 88
1554 4 2 0 1 356 660 191 187
1555 4 2 0 1 505 572 88 350
1556 4 2 0 1 765 632 490 352
1557 4 2 0 1 765 803 490 632
1558 4 2 0 1 811 47 538 80
1559 4 2 0 1 811 538 47 48
1560 4 2 0 1 653 215 233 527
1561 4 2 0 1 48 78 538 64
1562 4 2 0 1 78 538 64 716
1563 4 2 0 1 653 527 233 623
1564 4 2 0 1 623 233 653 639
1565 4 2 0 1 639 233 653 708
1566 4 2 0 1 653 708 233 215
1567 4 2 0 1 208 654 621 617
1568 4 2 0 1 208 654 708 621
1569 4 2 0 1 208 708 654 650
1570 4 2 0 1 641 620 220 340
1571 4 2 0 1 659 654 617 808
1572 4 2 0 1 368 626 227 746
1573 4 2 0 1 396 500 302 366
1574 4 2 0 1 99 572 256 350
1575 4 2 0 1 513 572 256 99
1576 4 2 0 1 412 49 328 362
1577 4 2 0 1 709 99 513 256
1578 4 2 0 1 208 654 617 659
1579 4 2 0 1 186 208 617 659
1580 4 2 0 1 595 81 253 673
1581 4 2 0 1 659 215 616 209
1582 4 2 0 1 424 796 627 673
1583 4 2 0 1 616 659 527 215
1584 4 2 0 1 653 650 659 756
1585 4 2 0 1 284 396 264 291
1586 4 2 0 1 413 284 534 291
1587 4 2 0 1 577 285 489 518
1588 4 2 0 1 577 503 614 489
1589 4 2 0 1 330 556 455 625
1590 4 2 0 1 577 285 503 489
1591 4 2 0 1 518 285 489 796
1592 4 2 0 1 489 796 285 750
1593 4 2 0 1 489 750 285 503
1594 4 2 0 1 226 795 761 638
1595 4 2 0 1 761 795 226 298
1596 4 2 0 1 298 795 760 761
1597 4 2 0 1 253 627 542 768
1598 4 2 0 1 550 659 616 209
1599 4 2 0 1 759 659 550 209
1600 4 2 0 1 595 673 253 627
1601 4 2 0 1 186 759 659 617
1602 4 2 0 1 596 20 35 37
1603 4 2 0 1 280 37 20 596
1604 4 2 0 1 37 282 20 35
1605 4 2 0 1 659 215 653 527
1606 4 2 0 1 653 215 659 650
1607 4 2 0 1 671 596 35 37
1608 4 2 0 1 37 36 282 33
1609 4 2 0 1 650 708 653 215
1610 4 2 0 1 470 585 535 595
1611 4 2 0 1 470 681 535 585
1612 4 2 0 1 213 631 201 195
1613 4 2 0 1 194 705 498 199
1614 4 2 0 1 467 196 200 631
1615 4 2 0 1 769 170 579 382
1616 4 2 0 1 27 596 35 671
1617 4 2 0 1 671 645 262 252
1618 4 2 0 1 374 27 468 596
1619 4 2 0 1 252 645 35 671
1620 4 2 0 1 468 596 27 671
1621 4 2 0 1 671 27 468 262
1622 4 2 0 1 35 471 282 27
1623 4 2 0 1 471 263 27 35
1624 4 2 0 1 634 96 90 119
1625 4 2 0 1 635 460 29 562
1626 4 2 0 1 725 460 676 310
1627 4 2 0 1 310 676 342 48
1628 4 2 0 1 22 460 562 725
1629 4 2 0 1 348 476 528 236
1630 4 2 0 1 661 236 476 220
1631 4 2 0 1 661 236 528 476
1632 4 2 0 1 661 236 357 528
1633 4 2 0 1 357 661 220 236
1634 4 2 0 1 442 532 409 485
1635 4 2 0 1 534 284 264 291
1636 4 2 0 1 293 474 204 557
1637 4 2 0 1 30 14 635 598
1638 4 2 0 1 301 21 385 36
1639 4 2 0 1 263 645 27 35
1640 4 2 0 1 34 262 28 646
1641 4 2 0 1 28 24 34 646
1642 4 2 0 1 307 472 632 607
1643 4 2 0 1 803 307 787 472
1644 4 2 0 1 105 127 685 369
1645 4 2 0 1 127 369 105 294
1646 4 2 0 1 685 127 456 369
1647 4 2 0 1 200 680 242 670
1648 4 2 0 1 200 242 549 670
1649 4 2 0 1 130 127 145 504
1650 4 2 0 1 311 336 793 270
1651 4 2 0 1 793 354 311 270
1652 4 2 0 1 278 651 451 295
1653 4 2 0 1 474 651 278 295
1654 4 2 0 1 278 651 586 451
1655 4 2 0 1 123 597 783 652
1656 4 2 0 1 169 667 159 162
1657 4 2 0 1 159 512 417 667
1658 4 2 0 1 159 162 667 417
1659 4 2 0 1 393 190 759 272
1660 4 2 0 1 361 438 190 393
1661 4 2 0 1 84 686 529 47
1662 4 2 0 1 656 326 103 109
1663 4 2 0 1 656 109 103 132
1664 4 2 0 1 575 656 751 132
1665 4 2 0 1 644 319 43 657
1666 4 2 0 1 319 54 43 657
1667 4 2 0 1 658 319 644 301
1668 4 2 0 1 301 319 644 657
1669 4 2 0 1 24 701 38 34
1670 4 2 0 1 658 9 389 283
1671 4 2 0 1 9 283 658 394
1672 4 2 0 1 9 319 433 658
1673 4 2 0 1 346 789 343 331
1674 4 2 0 1 343 789 552 331
1675 4 2 0 1 396 500 264 302
1676 4 2 0 1 294 332 556 625
1677 4 2 0 1 127 105 556 294
1678 4 2 0 1 556 332 455 625
1679 4 2 0 1 399 285 273 679
1680 4 2 0 1 510 205 183 662
1681 4 2 0 1 663 203 182 729
1682 4 2 0 1 203 179 451 663
1683 4 2 0 1 152 664 304 364
1684 4 2 0 1 152 664 449 304
1685 4 2 0 1 14 598 277 6
1686 4 2 0 1 126 102 114 804
1687 4 2 0 1 14 19 598 6
1688 4 2 0 1 794 804 698 423
1689 4 2 0 1 539 438 580 335
1690 4 2 0 1 509 580 539 438
1691 4 2 0 1 247 665 166 439
1692 4 2 0 1 497 288 665 687
1693 4 2 0 1 758 402 240 666
1694 4 2 0 1 240 321 758 666
1695 4 2 0 1 196 672 798 200
1696 4 2 0 1 54 668 43 74
1697 4 2 0 1 305 179 586 189
1698 4 2 0 1 586 179 305 270
1699 4 2 0 1 171 179 305 189
1700 4 2 0 1 160 164 669 171
1701 4 2 0 1 668 496 75 326
1702 4 2 0 1 200 675 755 670
1703 4 2 0 1 468 596 671 280
1704 4 2 0 1 712 665 497 157
1705 4 2 0 1 247 166 665 157
1706 4 2 0 1 688 723 474 199
1707 4 2 0 1 688 199 327 723
1708 4 2 0 1 676 47 460 725
1709 4 2 0 1 676 538 342 48
1710 4 2 0 1 676 47 725 538
1711 4 2 0 1 342 725 538 676
1712 4 2 0 1 670 467 200 631
1713 4 2 0 1 731 393 759 198
1714 4 2 0 1 393 272 759 198
1715 4 2 0 1 667 531 417 166
1716 4 2 0 1 738 450 173 439
1717 4 2 0 1 809 450 738 665
1718 4 2 0 1 809 327 738 450
1719 4 2 0 1 551 475 454 515
1720 4 2 0 1 529 460 57 84
1721 4 2 0 1 388 529 460 57
1722 4 2 0 1 671 27 262 645
1723 4 2 0 1 645 27 35 671
1724 4 2 0 1 595 673 585 524
1725 4 2 0 1 683 358 783 674
1726 4 2 0 1 358 121 783 410
1727 4 2 0 1 358 674 410 783
1728 4 2 0 1 725 460 310 22
1729 4 2 0 1 22 725 342 310
1730 4 2 0 1 675 442 755 670
1731 4 2 0 1 755 200 680 798
1732 4 2 0 1 672 675 798 200
1733 4 2 0 1 48 47 676 538
1734 4 2 0 1 701 677 38 34
1735 4 2 0 1 259 579 592 286
1736 4 2 0 1 484 575 751 720
1737 4 2 0 1 357 259 678 380
1738 4 2 0 1 417 166 531 532
1739 4 2 0 1 200 680 798 180
1740 4 2 0 1 680 200 242 180
1741 4 2 0 1 259 583 592 579
1742 4 2 0 1 389 319 3 9
1743 4 2 0 1 658 389 319 301
1744 4 2 0 1 658 319 389 9
1745 4 2 0 1 62 648 44 59
1746 4 2 0 1 258 404 648 44
1747 4 2 0 1 648 456 778 62
1748 4 2 0 1 437 682 298 730
1749 4 2 0 1 345 333 683 304
1750 4 2 0 1 442 281 485 684
1751 4 2 0 1 685 456 89 60
1752 4 2 0 1 349 685 456 691
1753 4 2 0 1 158 711 485 684
1754 4 2 0 1 158 360 711 684
1755 4 2 0 1 439 247 442 166
1756 4 2 0 1 719 142 149 804
1757 4 2 0 1 148 142 149 719
1758 4 2 0 1 719 149 148 407
1759 4 2 0 1 719 804 149 407
1760 4 2 0 1 146 683 364 304
1761 4 2 0 1 686 77 123 80
1762 4 2 0 1 686 77 84 783
1763 4 2 0 1 418 116 79 266
1764 4 2 0 1 266 116 367 418
1765 4 2 0 1 418 266 810 367
1766 4 2 0 1 689 418 79 266
1767 4 2 0 1 546 352 569 687
1768 4 2 0 1 497 687 665 712
1769 4 2 0 1 484 164 669 160
1770 4 2 0 1 646 24 34 701
1771 4 2 0 1 353 461 443 515
1772 4 2 0 1 677 701 38 399
1773 4 2 0 1 87 372 51 349
1774 4 2 0 1 87 349 51 60
1775 4 2 0 1 454 418 79 689
1776 4 2 0 1 92 689 79 266
1777 4 2 0 1 92 79 689 454
1778 4 2 0 1 705 688 734 199
1779 4 2 0 1 327 450 199 688
1780 4 2 0 1 510 205 662 802
1781 4 2 0 1 205 275 802 510
1782 4 2 0 1 690 254 288 429
1783 4 2 0 1 137 690 288 429
1784 4 2 0 1 690 112 97 137
1785 4 2 0 1 541 401 473 709
1786 4 2 0 1 401 513 709 434
1787 4 2 0 1 797 352 473 709
1788 4 2 0 1 632 384 490 352
1789 4 2 0 1 691 685 456 62
1790 4 2 0 1 26 301 644 33
1791 4 2 0 1 33 692 263 565
1792 4 2 0 1 734 201 705 213
1793 4 2 0 1 786 773 371 40
1794 4 2 0 1 472 40 773 790
1795 4 2 0 1 626 318 380 368
1796 4 2 0 1 626 340 368 380
1797 4 2 0 1 693 358 123 783
1798 4 2 0 1 123 693 783 597
1799 4 2 0 1 694 682 333 366
1800 4 2 0 1 682 694 333 356
1801 4 2 0 1 695 259 286 579
1802 4 2 0 1 695 259 357 286
1803 4 2 0 1 696 623 756 704
1804 4 2 0 1 745 371 786 773
1805 4 2 0 1 400 511 745 371
1806 4 2 0 1 786 745 548 371
1807 4 2 0 1 634 119 122 552
1808 4 2 0 1 690 254 429 97
1809 4 2 0 1 137 690 429 97
1810 4 2 0 1 781 254 97 429
1811 4 2 0 1 137 774 429 797
1812 4 2 0 1 490 797 429 774
1813 4 2 0 1 811 108 80 66
1814 4 2 0 1 77 123 80 811
1815 4 2 0 1 811 80 108 123
1816 4 2 0 1 77 47 811 80
1817 4 2 0 1 136 115 697 133
1818 4 2 0 1 697 115 609 133
1819 4 2 0 1 549 482 204 757
1820 4 2 0 1 549 482 670 204
1821 4 2 0 1 204 757 482 293
1822 4 2 0 1 76 120 486 634
1823 4 2 0 1 76 120 49 486
1824 4 2 0 1 537 486 634 76
1825 4 2 0 1 175 281 329 167
1826 4 2 0 1 224 337 688 204
1827 4 2 0 1 688 474 204 337
1828 4 2 0 1 204 224 201 688
1829 4 2 0 1 783 559 121 811
1830 4 2 0 1 427 254 429 288
1831 4 2 0 1 698 131 146 748
1832 4 2 0 1 146 131 698 128
1833 4 2 0 1 794 698 131 128
1834 4 2 0 1 412 537 63 49
1835 4 2 0 1 789 120 111 552
1836 4 2 0 1 36 324 385 692
1837 4 2 0 1 36 436 324 692
1838 4 2 0 1 789 289 706 361
1839 4 2 0 1 789 706 346 361
1840 4 2 0 1 19 562 635 29
1841 4 2 0 1 635 14 19 598
1842 4 2 0 1 19 635 598 29
1843 4 2 0 1 345 358 693 683
1844 4 2 0 1 597 345 683 304
1845 4 2 0 1 693 345 683 597
1846 4 2 0 1 172 161 699 170
1847 4 2 0 1 172 165 699 161
1848 4 2 0 1 699 170 382 172
1849 4 2 0 1 124 91 763 100
1850 4 2 0 1 633 767 124 91
1851 4 2 0 1 124 91 767 763
1852 4 2 0 1 124 763 700 100
1853 4 2 0 1 737 700 733 101
1854 4 2 0 1 737 700 763 100
1855 4 2 0 1 124 767 700 763
1856 4 2 0 1 578 276 496 668
1857 4 2 0 1 120 700 737 101
1858 4 2 0 1 120 763 49 737
1859 4 2 0 1 111 742 120 346
1860 4 2 0 1 742 767 111 700
1861 4 2 0 1 111 789 346 120
1862 4 2 0 1 711 140 139 360
1863 4 2 0 1 702 669 178 160
1864 4 2 0 1 305 178 702 669
1865 4 2 0 1 702 305 534 178
1866 4 2 0 1 367 568 810 127
1867 4 2 0 1 145 568 367 127
1868 4 2 0 1 703 206 621 640
1869 4 2 0 1 618 643 217 647
1870 4 2 0 1 704 581 714 728
1871 4 2 0 1 704 639 708 581
1872 4 2 0 1 345 358 683 735
1873 4 2 0 1 333 345 683 735
1874 4 2 0 1 333 356 345 735
1875 4 2 0 1 136 697 148 133
1876 4 2 0 1 697 133 506 148
1877 4 2 0 1 506 609 466 133
1878 4 2 0 1 506 697 609 133
1879 4 2 0 1 46 328 370 314
1880 4 2 0 1 328 412 362 23
1881 4 2 0 1 328 412 23 314
1882 4 2 0 1 609 79 92 416
1883 4 2 0 1 748 131 146 141
1884 4 2 0 1 605 118 117 143
1885 4 2 0 1 117 118 95 791
1886 4 2 0 1 483 190 393 707
1887 4 2 0 1 406 568 367 145
1888 4 2 0 1 568 145 406 800
1889 4 2 0 1 721 92 85 445
1890 4 2 0 1 85 363 544 721
1891 4 2 0 1 710 486 49 73
1892 4 2 0 1 73 49 710 362
1893 4 2 0 1 604 726 760 722
1894 4 2 0 1 610 717 202 230
1895 4 2 0 1 636 590 717 726
1896 4 2 0 1 378 718 717 230
1897 4 2 0 1 440 629 67 749
1898 4 2 0 1 102 85 67 749
1899 4 2 0 1 749 544 363 440
1900 4 2 0 1 102 67 114 749
1901 4 2 0 1 108 93 716 811
1902 4 2 0 1 732 108 811 93
1903 4 2 0 1 732 811 108 123
1904 4 2 0 1 711 422 485 684
1905 4 2 0 1 628 760 642 298
1906 4 2 0 1 730 642 606 760
1907 4 2 0 1 437 356 682 730
1908 4 2 0 1 366 682 500 302
1909 4 2 0 1 437 694 682 356
1910 4 2 0 1 718 615 761 726
1911 4 2 0 1 86 243 84 57
1912 4 2 0 1 726 615 590 718
1913 4 2 0 1 84 86 107 243
1914 4 2 0 1 726 590 717 718
1915 4 2 0 1 761 545 718 727
1916 4 2 0 1 714 206 621 703
1917 4 2 0 1 496 326 72 117
1918 4 2 0 1 716 93 78 811
1919 4 2 0 1 84 440 243 794
1920 4 2 0 1 146 597 304 131
1921 4 2 0 1 146 597 683 304
1922 4 2 0 1 360 408 625 711
1923 4 2 0 1 708 621 752 714
1924 4 2 0 1 716 811 66 108
1925 4 2 0 1 715 96 51 87
1926 4 2 0 1 539 583 313 323
1927 4 2 0 1 781 254 324 97
1928 4 2 0 1 512 667 159 174
1929 4 2 0 1 169 174 159 667
1930 4 2 0 1 665 747 497 157
1931 4 2 0 1 465 747 162 497
1932 4 2 0 1 747 157 166 162
1933 4 2 0 1 162 747 157 497
1934 4 2 0 1 665 166 747 157
1935 4 2 0 1 604 722 760 730
1936 4 2 0 1 33 692 644 263
1937 4 2 0 1 36 692 385 644
1938 4 2 0 1 34 262 646 677
1939 4 2 0 1 646 701 34 677
1940 4 2 0 1 783 811 123 77
1941 4 2 0 1 678 259 695 579
1942 4 2 0 1 678 259 357 695
1943 4 2 0 1 719 142 136 148
1944 4 2 0 1 14 30 17 598
1945 4 2 0 1 136 697 719 148
1946 4 2 0 1 697 506 508 148
1947 4 2 0 1 508 719 148 407
1948 4 2 0 1 697 719 148 508
1949 4 2 0 1 690 720 288 325
1950 4 2 0 1 473 288 720 569
1951 4 2 0 1 720 137 288 473
1952 4 2 0 1 111 634 122 552
1953 4 2 0 1 720 325 690 303
1954 4 2 0 1 721 609 92 416
1955 4 2 0 1 445 92 416 721
1956 4 2 0 1 552 119 122 144
1957 4 2 0 1 722 606 760 730
1958 4 2 0 1 358 121 410 724
1959 4 2 0 1 358 724 410 674
1960 4 2 0 1 533 242 807 806
1961 4 2 0 1 737 700 120 763
1962 4 2 0 1 742 111 120 700
1963 4 2 0 1 132 656 109 540
1964 4 2 0 1 540 326 656 109
1965 4 2 0 1 297 594 325 168
1966 4 2 0 1 313 323 771 150
1967 4 2 0 1 771 330 313 504
1968 4 2 0 1 255 234 336 311
1969 4 2 0 1 255 336 234 218
1970 4 2 0 1 610 717 726 722
1971 4 2 0 1 378 726 717 718
1972 4 2 0 1 538 66 716 811
1973 4 2 0 1 718 727 582 378
1974 4 2 0 1 182 777 729 199
1975 4 2 0 1 718 761 378 726
1976 4 2 0 1 217 618 619 643
1977 4 2 0 1 760 717 606 722
1978 4 2 0 1 636 726 717 760
1979 4 2 0 1 483 759 731 393
1980 4 2 0 1 783 732 811 121
1981 4 2 0 1 358 121 732 783
1982 4 2 0 1 737 700 100 733
1983 4 2 0 1 538 80 66 811
1984 4 2 0 1 662 184 205 183
1985 4 2 0 1 184 177 183 662
1986 4 2 0 1 495 267 577 464
1987 4 2 0 1 261 293 757 557
1988 4 2 0 1 275 482 757 293
1989 4 2 0 1 749 85 363 544
1990 4 2 0 1 26 658 283 471
1991 4 2 0 1 736 174 512 477
1992 4 2 0 1 736 174 477 181
1993 4 2 0 1 174 736 176 181
1994 4 2 0 1 174 736 169 176
1995 4 2 0 1 26 301 33 21
1996 4 2 0 1 644 301 36 33
1997 4 2 0 1 301 657 644 385
1998 4 2 0 1 734 688 705 201
1999 4 2 0 1 252 645 251 35
2000 4 2 0 1 35 251 263 645
2001 4 2 0 1 774 790 71 781
2002 4 2 0 1 303 751 690 720
2003 4 2 0 1 352 429 473 288
2004 4 2 0 1 737 763 362 68
2005 4 2 0 1 166 738 439 665
2006 4 2 0 1 738 450 439 665
2007 4 2 0 1 738 327 173 450
2008 4 2 0 1 199 182 777 740
2009 4 2 0 1 740 297 809 168
2010 4 2 0 1 594 297 777 168
2011 4 2 0 1 754 528 380 269
2012 4 2 0 1 754 678 269 380
2013 4 2 0 1 802 528 754 269
2014 4 2 0 1 802 678 269 754
2015 4 2 0 1 752 704 624 756
2016 4 2 0 1 704 714 212 728
2017 4 2 0 1 704 639 756 708
2018 4 2 0 1 621 752 703 617
2019 4 2 0 1 703 752 731 617
2020 4 2 0 1 198 759 731 808
2021 4 2 0 1 199 182 740 739
2022 4 2 0 1 135 151 313 150
2023 4 2 0 1 151 335 313 150
2024 4 2 0 1 313 323 150 335
2025 4 2 0 1 151 135 313 309
2026 4 2 0 1 151 309 313 335
2027 4 2 0 1 529 341 562 460
2028 4 2 0 1 181 477 736 533
2029 4 2 0 1 736 806 181 533
2030 4 2 0 1 181 806 736 176
2031 4 2 0 1 529 460 84 47
2032 4 2 0 1 75 326 496 741
2033 4 2 0 1 326 109 741 75
2034 4 2 0 1 767 76 111 763
2035 4 2 0 1 449 664 152 147
2036 4 2 0 1 96 715 51 63
2037 4 2 0 1 90 744 119 96
2038 4 2 0 1 744 96 63 715
2039 4 2 0 1 63 744 90 96
2040 4 2 0 1 290 122 90 603
2041 4 2 0 1 667 174 736 169
2042 4 2 0 1 168 163 325 156
2043 4 2 0 1 168 156 325 297
2044 4 2 0 1 696 704 567 602
2045 4 2 0 1 591 746 237 696
2046 4 2 0 1 512 736 667 174
2047 4 2 0 1 565 692 263 607
2048 4 2 0 1 155 455 625 161
2049 4 2 0 1 625 455 155 711
2050 4 2 0 1 166 747 738 665
2051 4 2 0 1 132 656 540 575
2052 4 2 0 1 751 484 656 575
2053 4 2 0 1 62 691 44 648
2054 4 2 0 1 691 456 648 62
2055 4 2 0 1 158 281 329 684
2056 4 2 0 1 329 684 281 355
2057 4 2 0 1 310 725 342 676
2058 4 2 0 1 203 739 182 199
2059 4 2 0 1 734 224 201 213
2060 4 2 0 1 749 114 102 804
2061 4 2 0 1 285 448 42 503
2062 4 2 0 1 285 503 750 448
2063 4 2 0 1 132 112 103 751
2064 4 2 0 1 751 656 103 132
2065 4 2 0 1 692 263 472 40
2066 4 2 0 1 692 472 790 40
2067 4 2 0 1 654 708 752 650
2068 4 2 0 1 654 752 617 808
2069 4 2 0 1 617 808 752 731
2070 4 2 0 1 621 752 714 703
2071 4 2 0 1 53 753 86 95
2072 4 2 0 1 95 276 53 753
2073 4 2 0 1 587 779 98 390
2074 4 2 0 1 98 501 390 779
2075 4 2 0 1 779 655 501 390
2076 4 2 0 1 754 661 357 528
2077 4 2 0 1 754 678 357 695
2078 4 2 0 1 685 127 89 456
2079 4 2 0 1 153 24 646 701
2080 4 2 0 1 274 691 648 403
2081 4 2 0 1 691 274 392 403
2082 4 2 0 1 625 332 455 408
2083 4 2 0 1 523 625 360 408
2084 4 2 0 1 625 332 408 523
2085 4 2 0 1 711 408 625 455
2086 4 2 0 1 564 696 808 756
2087 4 2 0 1 756 527 623 696
2088 4 2 0 1 756 708 653 650
2089 4 2 0 1 752 708 756 650
2090 4 2 0 1 379 712 247 546
2091 4 2 0 1 696 756 567 704
2092 4 2 0 1 808 696 564 227
2093 4 2 0 1 704 756 752 708
2094 4 2 0 1 549 482 757 275
2095 4 2 0 1 329 684 801 521
2096 4 2 0 1 329 360 684 521
2097 4 2 0 1 751 137 132 112
2098 4 2 0 1 571 420 514 452
2099 4 2 0 1 764 501 377 447
2100 4 2 0 1 194 594 199 729
2101 4 2 0 1 326 109 540 741
2102 4 2 0 1 763 76 111 120
2103 4 2 0 1 73 120 49 737
2104 4 2 0 1 706 633 346 124
2105 4 2 0 1 111 789 633 346
2106 4 2 0 1 144 552 119 135
2107 4 2 0 1 122 90 119 634
2108 4 2 0 1 253 542 81 768
2109 4 2 0 1 444 796 424 673
2110 4 2 0 1 594 297 772 777
2111 4 2 0 1 168 386 729 594
2112 4 2 0 1 199 739 740 327
2113 4 2 0 1 729 594 199 777
2114 4 2 0 1 758 255 321 566
2115 4 2 0 1 199 729 223 194
2116 4 2 0 1 525 127 504 294
2117 4 2 0 1 140 523 241 360
2118 4 2 0 1 302 211 185 298
2119 4 2 0 1 720 569 288 497
2120 4 2 0 1 803 472 787 745
2121 4 2 0 1 466 791 506 143
2122 4 2 0 1 352 541 473 709
2123 4 2 0 1 413 669 702 160
2124 4 2 0 1 413 316 669 575
2125 4 2 0 1 131 128 146 652
2126 4 2 0 1 652 128 107 131
2127 4 2 0 1 146 652 597 131
2128 4 2 0 1 242 425 205 549
2129 4 2 0 1 805 242 549 425
2130 4 2 0 1 802 184 205 662
2131 4 2 0 1 291 305 534 702
2132 4 2 0 1 504 127 145 771
2133 4 2 0 1 712 409 247 157
2134 4 2 0 1 748 147 141 152
2135 4 2 0 1 379 409 247 712
2136 4 2 0 1 791 748 143 118
2137 4 2 0 1 305 702 291 669
2138 4 2 0 1 644 657 43 40
2139 4 2 0 1 657 54 43 40
2140 4 2 0 1 761 298 226 601
2141 4 2 0 1 298 760 601 761
2142 4 2 0 1 768 627 424 252
2143 4 2 0 1 239 582 727 229
2144 4 2 0 1 545 727 761 226
2145 4 2 0 1 428 761 378 727
2146 4 2 0 1 699 161 769 170
2147 4 2 0 1 457 769 579 762
2148 4 2 0 1 769 170 382 699
2149 4 2 0 1 379 442 485 684
2150 4 2 0 1 780 405 189 178
2151 4 2 0 1 205 275 549 261
2152 4 2 0 1 275 261 205 802
2153 4 2 0 1 81 768 52 803
2154 4 2 0 1 692 40 644 263
2155 4 2 0 1 127 556 504 294
2156 4 2 0 1 182 729 203 199
2157 4 2 0 1 662 177 382 184
2158 4 2 0 1 150 771 313 504
2159 4 2 0 1 150 771 504 145
2160 4 2 0 1 362 49 46 763
2161 4 2 0 1 737 49 362 763
2162 4 2 0 1 405 780 189 387
2163 4 2 0 1 387 780 189 203
2164 4 2 0 1 250 249 448 764
2165 4 2 0 1 517 377 44 764
2166 4 2 0 1 44 62 764 377
2167 4 2 0 1 62 778 59 83
2168 4 2 0 1 648 778 59 62
2169 4 2 0 1 204 770 459 173
2170 4 2 0 1 201 439 770 173
2171 4 2 0 1 670 770 459 204
2172 4 2 0 1 533 242 184 807
2173 4 2 0 1 504 135 313 150
2174 4 2 0 1 160 766 171 178
2175 4 2 0 1 160 788 171 766
2176 4 2 0 1 171 780 178 766
2177 4 2 0 1 686 77 80 47
2178 4 2 0 1 686 123 77 783
2179 4 2 0 1 65 78 121 811
2180 4 2 0 1 663 179 182 203
2181 4 2 0 1 179 739 182 203
2182 4 2 0 1 54 56 40 385
2183 4 2 0 1 657 54 40 385
2184 4 2 0 1 683 358 674 735
2185 4 2 0 1 333 683 674 735
2186 4 2 0 1 595 138 379 546
2187 4 2 0 1 200 670 755 680
2188 4 2 0 1 767 91 69 763
2189 4 2 0 1 814 411 375 174
2190 4 2 0 1 814 174 792 411
2191 4 2 0 1 159 814 375 174
2192 4 2 0 1 169 174 792 814
2193 4 2 0 1 174 169 159 814
2194 4 2 0 1 525 369 127 294
2195 4 2 0 1 390 501 98 447
2196 4 2 0 1 98 447 501 62
2197 4 2 0 1 501 98 62 250
2198 4 2 0 1 98 779 250 501
2199 4 2 0 1 388 29 292 397
2200 4 2 0 1 421 29 460 388
2201 4 2 0 1 204 688 450 327
2202 4 2 0 1 450 173 204 327
2203 4 2 0 1 811 78 538 48
2204 4 2 0 1 78 811 538 716
2205 4 2 0 1 449 147 605 413
2206 4 2 0 1 540 605 143 413
2207 4 2 0 1 769 382 579 762
2208 4 2 0 1 762 699 769 382
2209 4 2 0 1 549 584 467 482
2210 4 2 0 1 200 225 467 584
2211 4 2 0 1 384 632 547 790
2212 4 2 0 1 472 790 632 607
2213 4 2 0 1 632 472 547 790
2214 4 2 0 1 612 406 568 266
2215 4 2 0 1 504 556 771 330
2216 4 2 0 1 504 127 771 556
2217 4 2 0 1 734 224 688 201
2218 4 2 0 1 540 316 413 575
2219 4 2 0 1 764 501 62 250
2220 4 2 0 1 764 62 447 377
2221 4 2 0 1 764 62 501 447
2222 4 2 0 1 814 405 780 178
2223 4 2 0 1 456 106 89 87
2224 4 2 0 1 456 87 89 60
2225 4 2 0 1 349 87 456 60
2226 4 2 0 1 583 762 579 382
2227 4 2 0 1 457 762 579 583
2228 4 2 0 1 515 551 475 461
2229 4 2 0 1 464 577 495 489
2230 4 2 0 1 267 679 577 464
2231 4 2 0 1 493 622 463 713
2232 4 2 0 1 574 587 493 713
2233 4 2 0 1 814 169 159 162
2234 4 2 0 1 541 473 569 352
2235 4 2 0 1 484 669 575 160
2236 4 2 0 1 413 575 669 160
2237 4 2 0 1 715 488 87 51
2238 4 2 0 1 353 475 461 515
2239 4 2 0 1 768 251 307 607
2240 4 2 0 1 199 772 740 777
2241 4 2 0 1 594 772 199 777
2242 4 2 0 1 199 772 327 740
2243 4 2 0 1 327 772 199 450
2244 4 2 0 1 86 753 53 57
2245 4 2 0 1 86 529 753 57
2246 4 2 0 1 279 286 539 580
2247 4 2 0 1 773 547 790 71
2248 4 2 0 1 385 773 790 71
2249 4 2 0 1 268 279 391 322
2250 4 2 0 1 268 626 279 322
2251 4 2 0 1 626 286 279 580
2252 4 2 0 1 318 286 279 626
2253 4 2 0 1 137 429 288 473
2254 4 2 0 1 492 632 765 352
2255 4 2 0 1 774 781 71 97
2256 4 2 0 1 781 774 790 429
2257 4 2 0 1 775 224 688 734
2258 4 2 0 1 224 337 775 688
2259 4 2 0 1 111 634 552 120
2260 4 2 0 1 730 760 560 601
2261 4 2 0 1 802 662 678 382
2262 4 2 0 1 146 698 407 423
2263 4 2 0 1 748 698 407 146
2264 4 2 0 1 146 698 423 128
2265 4 2 0 1 670 459 755 680
2266 4 2 0 1 652 128 84 107
2267 4 2 0 1 107 686 84 652
2268 4 2 0 1 423 629 128 794
2269 4 2 0 1 794 698 128 423
2270 4 2 0 1 137 97 429 774
2271 4 2 0 1 137 112 97 774
2272 4 2 0 1 67 114 398 102
2273 4 2 0 1 102 398 126 114
2274 4 2 0 1 715 461 51 63
2275 4 2 0 1 461 744 63 715
2276 4 2 0 1 461 715 551 475
2277 4 2 0 1 482 204 224 201
2278 4 2 0 1 670 776 201 482
2279 4 2 0 1 385 773 40 790
2280 4 2 0 1 786 773 40 56
2281 4 2 0 1 774 547 71 790
2282 4 2 0 1 330 699 769 762
2283 4 2 0 1 625 455 769 161
2284 4 2 0 1 137 245 112 797
2285 4 2 0 1 137 112 774 797
2286 4 2 0 1 182 168 729 777
2287 4 2 0 1 777 182 168 740
2288 4 2 0 1 729 594 777 168
2289 4 2 0 1 777 297 740 168
2290 4 2 0 1 297 772 777 740
2291 4 2 0 1 98 369 778 573
2292 4 2 0 1 62 83 98 778
2293 4 2 0 1 330 323 457 771
2294 4 2 0 1 330 583 457 323
2295 4 2 0 1 201 670 631 776
2296 4 2 0 1 789 289 633 706
2297 4 2 0 1 730 356 682 191
2298 4 2 0 1 730 191 682 601
2299 4 2 0 1 90 290 603 744
2300 4 2 0 1 90 122 290 398
2301 4 2 0 1 49 763 76 69
2302 4 2 0 1 763 767 700 111
2303 4 2 0 1 49 763 69 46
2304 4 2 0 1 128 794 629 440
2305 4 2 0 1 430 746 591 696
2306 4 2 0 1 634 76 90 63
2307 4 2 0 1 630 378 637 761
2308 4 2 0 1 761 760 601 637
2309 4 2 0 1 430 808 696 527
2310 4 2 0 1 696 527 808 756
2311 4 2 0 1 793 305 586 536
2312 4 2 0 1 637 378 601 761
2313 4 2 0 1 789 552 111 122
2314 4 2 0 1 730 604 560 760
2315 4 2 0 1 560 613 637 760
2316 4 2 0 1 200 755 675 798
2317 4 2 0 1 599 125 779 98
2318 4 2 0 1 405 792 181 411
2319 4 2 0 1 781 774 429 97
2320 4 2 0 1 570 140 782 713
2321 4 2 0 1 140 139 649 782
2322 4 2 0 1 555 463 782 464
2323 4 2 0 1 333 735 674 784
2324 4 2 0 1 353 90 443 63
2325 4 2 0 1 515 461 443 67
2326 4 2 0 1 711 158 155 360
2327 4 2 0 1 17 14 598 5
2328 4 2 0 1 54 74 43 786
2329 4 2 0 1 245 112 103 132
2330 4 2 0 1 87 106 89 810
2331 4 2 0 1 51 96 372 87
2332 4 2 0 1 551 488 454 475
2333 4 2 0 1 176 174 181 792
2334 4 2 0 1 782 464 139 495
2335 4 2 0 1 43 786 40 54
2336 4 2 0 1 773 547 472 790
2337 4 2 0 1 156 297 288 325
2338 4 2 0 1 19 598 6 11
2339 4 2 0 1 438 789 309 343
2340 4 2 0 1 800 135 150 151
2341 4 2 0 1 71 790 324 781
2342 4 2 0 1 497 288 297 665
2343 4 2 0 1 497 569 288 687
2344 4 2 0 1 687 665 712 247
2345 4 2 0 1 709 401 473 245
2346 4 2 0 1 472 632 803 307
2347 4 2 0 1 692 790 472 607
2348 4 2 0 1 156 163 303 154
2349 4 2 0 1 809 154 788 156
2350 4 2 0 1 164 163 154 484
2351 4 2 0 1 112 137 132 245
2352 4 2 0 1 260 502 244 245
2353 4 2 0 1 809 297 450 665
2354 4 2 0 1 809 772 450 297
2355 4 2 0 1 772 297 809 740
2356 4 2 0 1 297 665 809 497
2357 4 2 0 1 156 325 303 163
2358 4 2 0 1 772 809 327 740
2359 4 2 0 1 327 809 772 450
2360 4 2 0 1 197 723 204 815
2361 4 2 0 1 748 118 147 143
2362 4 2 0 1 118 791 117 143
2363 4 2 0 1 147 748 508 152
2364 4 2 0 1 137 429 473 797
2365 4 2 0 1 90 290 353 398
2366 4 2 0 1 761 718 378 727
2367 4 2 0 1 515 50 551 461
2368 4 2 0 1 758 402 302 211
2369 4 2 0 1 243 794 107 84
2370 4 2 0 1 628 795 760 298
2371 4 2 0 1 560 760 637 601
2372 4 2 0 1 424 796 376 469
2373 4 2 0 1 673 796 627 518
2374 4 2 0 1 673 796 518 589
2375 4 2 0 1 713 555 463 782
2376 4 2 0 1 203 189 179 780
2377 4 2 0 1 418 488 810 689
2378 4 2 0 1 89 87 810 60
2379 4 2 0 1 713 779 570 125
2380 4 2 0 1 797 709 473 245
2381 4 2 0 1 41 803 307 787
2382 4 2 0 1 472 803 632 547
2383 4 2 0 1 17 479 15 5
2384 4 2 0 1 25 16 431 479
2385 4 2 0 1 8 1 5 441
2386 4 2 0 1 9 441 11 481
2387 4 2 0 1 490 547 774 384
2388 4 2 0 1 172 530 165 161
2389 4 2 0 1 54 786 40 56
2390 4 2 0 1 41 608 52 787
2391 4 2 0 1 803 472 745 547
2392 4 2 0 1 629 114 67 749
2393 4 2 0 1 448 764 44 250
2394 4 2 0 1 381 377 249 420
2395 4 2 0 1 501 249 764 377
2396 4 2 0 1 611 290 453 398
2397 4 2 0 1 171 160 164 788
2398 4 2 0 1 533 477 807 184
2399 4 2 0 1 792 176 197 181
2400 4 2 0 1 266 142 148 136
2401 4 2 0 1 135 800 119 144
2402 4 2 0 1 430 808 550 759
2403 4 2 0 1 329 801 684 355
2404 4 2 0 1 158 167 360 329
2405 4 2 0 1 517 377 764 249
2406 4 2 0 1 177 172 170 807
2407 4 2 0 1 748 152 141 146
2408 4 2 0 1 748 804 719 407
2409 4 2 0 1 352 797 473 429
2410 4 2 0 1 501 655 420 447
2411 4 2 0 1 655 520 514 420
2412 4 2 0 1 755 281 675 798
2413 4 2 0 1 812 167 281 175
2414 4 2 0 1 755 531 281 812
2415 4 2 0 1 672 281 798 675
2416 4 2 0 1 798 281 812 755
2417 4 2 0 1 521 801 241 684
2418 4 2 0 1 629 749 804 114
2419 4 2 0 1 134 629 423 804
2420 4 2 0 1 794 629 749 804
2421 4 2 0 1 443 102 353 515
2422 4 2 0 1 114 629 134 804
2423 4 2 0 1 240 545 226 727
2424 4 2 0 1 633 91 69 767
2425 4 2 0 1 633 742 124 767
2426 4 2 0 1 763 76 120 49
2427 4 2 0 1 763 91 69 46
2428 4 2 0 1 91 763 100 68
2429 4 2 0 1 491 466 416 117
2430 4 2 0 1 266 116 133 367
2431 4 2 0 1 804 134 114 126
2432 4 2 0 1 25 13 31 16
2433 4 2 0 1 31 16 13 23
2434 4 2 0 1 102 353 126 398
2435 4 2 0 1 200 180 183 242
2436 4 2 0 1 244 103 74 75
2437 4 2 0 1 103 109 75 244
2438 4 2 0 1 245 103 109 132
2439 4 2 0 1 43 813 786 74
2440 4 2 0 1 75 813 74 244
2441 4 2 0 1 43 813 74 75
2442 4 2 0 1 293 593 278 373
2443 4 2 0 1 586 336 793 373
2444 4 2 0 1 293 373 306 593
2445 4 2 0 1 218 593 235 306
2446 4 2 0 1 373 336 793 218
2447 4 2 0 1 373 593 218 306
2448 4 2 0 1 173 815 459 204
2449 4 2 0 1 245 260 109 244
2450 4 2 0 1 245 244 109 103
2451 4 2 0 1 628 636 760 795
2452 4 2 0 1 708 704 714 752
2453 4 2 0 1 619 704 714 212
2454 4 2 0 1 647 217 188 198
2455 4 2 0 1 17 5 8 479
2456 4 2 0 1 431 479 17 8
2457 4 2 0 1 170 184 177 807
2458 4 2 0 1 799 172 807 170
2459 4 2 0 1 477 799 736 807
2460 4 2 0 1 144 135 800 151
2461 4 2 0 1 800 130 145 150
2462 4 2 0 1 119 800 122 144
2463 4 2 0 1 15 30 17 14
2464 4 2 0 1 227 808 198 564
2465 4 2 0 1 475 689 488 454
2466 4 2 0 1 353 715 461 475
2467 4 2 0 1 785 558 419 502
2468 4 2 0 1 72 117 95 491
2469 4 2 0 1 748 609 791 506
2470 4 2 0 1 748 791 143 506
2471 4 2 0 1 287 257 359 494
2472 4 2 0 1 79 266 115 92
2473 4 2 0 1 133 136 115 266
2474 4 2 0 1 807 184 177 183
2475 4 2 0 1 184 807 242 183
2476 4 2 0 1 752 808 564 731
2477 4 2 0 1 704 714 752 619
2478 4 2 0 1 198 731 564 808
2479 4 2 0 1 159 814 162 415
2480 4 2 0 1 325 288 320 297
2481 4 2 0 1 163 164 154 788
2482 4 2 0 1 77 811 47 65
2483 4 2 0 1 158 812 530 167
2484 4 2 0 1 812 281 532 531
2485 4 2 0 1 296 260 502 244
2486 4 2 0 1 419 244 548 813
2487 4 2 0 1 416 92 445 61
2488 4 2 0 1 61 92 79 416
2489 4 2 0 1 466 791 491 609
2490 4 2 0 1 798 812 281 175
2491 4 2 0 1 812 531 532 530
2492 4 2 0 1 158 167 281 812
2493 4 2 0 1 267 801 679 464
2494 4 2 0 1 725 47 341 538
2495 4 2 0 1 635 30 598 29
2496 4 2 0 1 724 784 410 674
2497 4 2 0 1 146 783 683 597
2498 4 2 0 1 178 780 171 189
2499 4 2 0 1 160 788 766 814
2500 4 2 0 1 242 184 183 205
2501 4 2 0 1 442 166 755 173
2502 4 2 0 1 387 723 780 203
2503 4 2 0 1 200 549 242 205
2504 4 2 0 1 805 815 806 425
2505 4 2 0 1 225 180 200 214
2506 4 2 0 1 242 183 200 205
2507 4 2 0 1 242 459 549 670
2508 4 2 0 1 459 805 242 549
2509 4 2 0 1 815 197 806 425
2510 4 2 0 1 802 678 754 695
2511 4 2 0 1 459 670 242 680
2512 4 2 0 1 242 806 425 805
2513 4 2 0 1 805 425 204 815
2514 4 2 0 1 223 663 729 203
2515 4 2 0 1 199 739 723 203
2516 4 2 0 1 203 739 780 179
2517 4 2 0 1 586 305 793 270
2518 4 2 0 1 739 723 203 780
2519 4 2 0 1 204 459 805 815
2520 4 2 0 1 176 815 197 806
2521 4 2 0 1 670 755 459 770
2522 4 2 0 1 176 815 723 197
2523 4 2 0 1 163 303 154 484
2524 4 2 0 1 533 181 197 806
2525 4 2 0 1 792 176 723 197
2526 4 2 0 1 512 161 417 530
2527 4 2 0 1 161 530 512 799
2528 4 2 0 1 792 405 780 814
2529 4 2 0 1 766 780 178 814
2530 4 2 0 1 154 160 788 164
2531 4 2 0 1 154 303 720 484
2532 4 2 0 1 164 160 484 154
2533 4 2 0 1 172 799 530 161
2534 4 2 0 1 780 792 723 405
2535 4 2 0 1 181 176 197 806
$EndElements
