# File exported by Houdini 21.0.440 (www.sidefx.com)
# 1102 points
# 6600 vertices
# 2200 primitives
# Bounds: [0.00995283015, -0.00282544992, 0.00612695003] to [0.0265469309, 0.0665688589, 0.0249230508]
g 
v 0.0257106796 0.0637262613 0.0117381699 0.772549033 0 0.109803922
v 0.0258455295 0.0652069524 0.0132250004 0.772549033 0 0.109803922
v 0.0255758297 0.0622455589 0.0132250004 0.772549033 0 0.109803922
v 0.0257106796 0.0637262613 0.0147118298 0.772549033 0 0.109803922
v 0.0252934899 0.0591452084 0.0101118302 0.772549033 0 0.109803922
v 0.02515864 0.057664521 0.00862499978 0.772549033 0 0.109803922
v 0.0254283398 0.0606259182 0.00862499978 0.772549033 0 0.109803922
v 0.0252934899 0.0591452084 0.00713816984 0.772549033 0 0.109803922
v 0.0240419209 0.045402091 0.02391183 0.772549033 0 0.109803922
v 0.0239070691 0.0439213887 0.0224249996 0.772549033 0 0.109803922
v 0.0241767596 0.0468827896 0.0224249996 0.772549033 0 0.109803922
v 0.0240419209 0.045402091 0.0209381692 0.772549033 0 0.109803922
v 0.0234161299 0.0385305211 0.0170118306 0.772549033 0 0.109803922
v 0.02328128 0.0370498188 0.0155250002 0.772549033 0 0.109803922
v 0.0235509705 0.0400112197 0.0155250002 0.772549033 0 0.109803922
v 0.0234161299 0.0385305211 0.0140381698 0.772549033 0 0.109803922
v 0.0236247201 0.0408210382 0.0147118298 0.772549033 0 0.109803922
v 0.0234898794 0.0393403396 0.0132250004 0.772549033 0 0.109803922
v 0.02375957 0.0423017405 0.0132250004 0.772549033 0 0.109803922
v 0.0236247201 0.0408210382 0.0117381699 0.772549033 0 0.109803922
v 0.0242505092 0.0476926118 0.0216118302 0.772549033 0 0.109803922
v 0.0241156705 0.0462119095 0.0201249998 0.772549033 0 0.109803922
v 0.0243853591 0.0491733104 0.0201249998 0.772549033 0 0.109803922
v 0.0242505092 0.0476926118 0.0186381694 0.772549033 0 0.109803922
v 0.0250848904 0.0568546914 0.01241183 0.772549033 0 0.109803922
v 0.0249500498 0.055373989 0.0109249996 0.772549033 0 0.109803922
v 0.0252197403 0.0583353899 0.0109249996 0.772549033 0 0.109803922
v 0.0250848904 0.0568546914 0.00943817012 0.772549033 0 0.109803922
v 0.0255020801 0.0614357404 0.0140381698 0.772549033 0 0.109803922
v 0.02563693 0.0629164428 0.0155250002 0.772549033 0 0.109803922
v 0.0253672395 0.0599550419 0.0155250002 0.772549033 0 0.109803922
v 0.0255020801 0.0614357404 0.0170118306 0.772549033 0 0.109803922
v 0.0257106796 0.0637262613 0.0163381696 0.772549033 0 0.109803922
v 0.0258455295 0.0652069524 0.017825 0.772549033 0 0.109803922
v 0.0255758297 0.0622455589 0.017825 0.772549033 0 0.109803922
v 0.0257106796 0.0637262613 0.0193118304 0.772549033 0 0.109803922
v 0.0232075304 0.0362400003 0.0193118304 0.772549033 0 0.109803922
v 0.0230726898 0.0347593017 0.017825 0.772549033 0 0.109803922
v 0.0233423803 0.0377206989 0.017825 0.772549033 0 0.109803922
v 0.0232075304 0.0362400003 0.0163381696 0.772549033 0 0.109803922
v 0.0244591106 0.0499831289 0.0209381692 0.772549033 0 0.109803922
v 0.0245939493 0.0514638312 0.0224249996 0.772549033 0 0.109803922
v 0.0243242607 0.0485024303 0.0224249996 0.772549033 0 0.109803922
v 0.0244591106 0.0499831289 0.02391183 0.772549033 0 0.109803922
v 0.0252934899 0.0591452084 0.0147118298 0.772549033 0 0.109803922
v 0.02515864 0.057664521 0.0132250004 0.772549033 0 0.109803922
v 0.0254283398 0.0606259182 0.0132250004 0.772549033 0 0.109803922
v 0.0252934899 0.0591452084 0.0117381699 0.772549033 0 0.109803922
v 0.0255020801 0.0614357404 0.01241183 0.772549033 0 0.109803922
v 0.0253672395 0.0599550419 0.0109249996 0.772549033 0 0.109803922
v 0.02563693 0.0629164428 0.0109249996 0.772549033 0 0.109803922
v 0.0255020801 0.0614357404 0.00943817012 0.772549033 0 0.109803922
v 0.0200785995 0.00188217999 0.0216118302 0.772549033 0 0.109803922
v 0.0199437495 0.000401480007 0.0201249998 0.772549033 0 0.109803922
v 0.0202134401 0.00336288009 0.0201249998 0.772549033 0 0.109803922
v 0.0200785995 0.00188217999 0.0186381694 0.772549033 0 0.109803922
v 0.0236247201 0.0408210382 0.02391183 0.772549033 0 0.109803922
v 0.0234898794 0.0393403396 0.0224249996 0.772549033 0 0.109803922
v 0.02375957 0.0423017405 0.0224249996 0.772549033 0 0.109803922
v 0.0236247201 0.0408210382 0.0209381692 0.772549033 0 0.109803922
v 0.0238333195 0.043111559 0.0216118302 0.772549033 0 0.109803922
v 0.0236984696 0.0416308716 0.0201249998 0.772549033 0 0.109803922
v 0.0239681695 0.0445922688 0.0201249998 0.772549033 0 0.109803922
v 0.0238333195 0.043111559 0.0186381694 0.772549033 0 0.109803922
v 0.0240419209 0.045402091 0.0193118304 0.772549033 0 0.109803922
v 0.0239070691 0.0439213887 0.017825 0.772549033 0 0.109803922
v 0.0241767596 0.0468827896 0.017825 0.772549033 0 0.109803922
v 0.0240419209 0.045402091 0.0163381696 0.772549033 0 0.109803922
v 0.0248763002 0.0545641705 0.0101118302 0.772549033 0 0.109803922
v 0.0247414503 0.0530834682 0.00862499978 0.772549033 0 0.109803922
v 0.0250111409 0.0560448691 0.00862499978 0.772549033 0 0.109803922
v 0.0248763002 0.0545641705 0.00713816984 0.772549033 0 0.109803922
v 0.0240419209 0.045402091 0.0101118302 0.772549033 0 0.109803922
v 0.0239070691 0.0439213887 0.00862499978 0.772549033 0 0.109803922
v 0.0241767596 0.0468827896 0.00862499978 0.772549033 0 0.109803922
v 0.0240419209 0.045402091 0.00713816984 0.772549033 0 0.109803922
v 0.0244591106 0.0499831289 0.0147118298 0.772549033 0 0.109803922
v 0.0243242607 0.0485024303 0.0132250004 0.772549033 0 0.109803922
v 0.0245939493 0.0514638312 0.0132250004 0.772549033 0 0.109803922
v 0.0244591106 0.0499831289 0.0117381699 0.772549033 0 0.109803922
v 0.0246677008 0.0522736497 0.0170118306 0.772549033 0 0.109803922
v 0.0245328601 0.0507929511 0.0155250002 0.772549033 0 0.109803922
v 0.0248025507 0.0537543483 0.0155250002 0.772549033 0 0.109803922
v 0.0246677008 0.0522736497 0.0140381698 0.772549033 0 0.109803922
v 0.0248763002 0.0545641705 0.0193118304 0.772549033 0 0.109803922
v 0.0247414503 0.0530834682 0.017825 0.772549033 0 0.109803922
v 0.0250111409 0.0560448691 0.017825 0.772549033 0 0.109803922
v 0.0248763002 0.0545641705 0.0163381696 0.772549033 0 0.109803922
v 0.0250848904 0.0568546914 0.0186381694 0.772549033 0 0.109803922
v 0.0252197403 0.0583353899 0.0201249998 0.772549033 0 0.109803922
v 0.0249500498 0.055373989 0.0201249998 0.772549033 0 0.109803922
v 0.0250848904 0.0568546914 0.0216118302 0.772549033 0 0.109803922
v 0.0252934899 0.0591452084 0.0209381692 0.772549033 0 0.109803922
v 0.0254283398 0.0606259182 0.0224249996 0.772549033 0 0.109803922
v 0.02515864 0.057664521 0.0224249996 0.772549033 0 0.109803922
v 0.0252934899 0.0591452084 0.02391183 0.772549033 0 0.109803922
v 0.0229989402 0.0339494795 0.0170118306 0.772549033 0 0.109803922
v 0.0228640903 0.0324687809 0.0155250002 0.772549033 0 0.109803922
v 0.0231337808 0.0354301818 0.0155250002 0.772549033 0 0.109803922
v 0.0229989402 0.0339494795 0.0140381698 0.772549033 0 0.109803922
v 0.0232075304 0.0362400003 0.0147118298 0.772549033 0 0.109803922
v 0.0230726898 0.0347593017 0.0132250004 0.772549033 0 0.109803922
v 0.0233423803 0.0377206989 0.0132250004 0.772549033 0 0.109803922
v 0.0232075304 0.0362400003 0.0117381699 0.772549033 0 0.109803922
v 0.0234161299 0.0385305211 0.01241183 0.772549033 0 0.109803922
v 0.02328128 0.0370498188 0.0109249996 0.772549033 0 0.109803922
v 0.0235509705 0.0400112197 0.0109249996 0.772549033 0 0.109803922
v 0.0234161299 0.0385305211 0.00943817012 0.772549033 0 0.109803922
v 0.0257106796 0.0637262613 0.0101118302 0.772549033 0 0.109803922
v 0.0255758297 0.0622455589 0.00862499978 0.772549033 0 0.109803922
v 0.0258455295 0.0652069524 0.00862499978 0.772549033 0 0.109803922
v 0.0257106796 0.0637262613 0.00713816984 0.772549033 0 0.109803922
v 0.0246677008 0.0522736497 0.00943817012 0.772549033 0 0.109803922
v 0.0248025507 0.0537543483 0.0109249996 0.772549033 0 0.109803922
v 0.0245328601 0.0507929511 0.0109249996 0.772549033 0 0.109803922
v 0.0246677008 0.0522736497 0.01241183 0.772549033 0 0.109803922
v 0.0248763002 0.0545641705 0.0117381699 0.772549033 0 0.109803922
v 0.0250111409 0.0560448691 0.0132250004 0.772549033 0 0.109803922
v 0.0247414503 0.0530834682 0.0132250004 0.772549033 0 0.109803922
v 0.0248763002 0.0545641705 0.0147118298 0.772549033 0 0.109803922
v 0.0250848904 0.0568546914 0.0140381698 0.772549033 0 0.109803922
v 0.0252197403 0.0583353899 0.0155250002 0.772549033 0 0.109803922
v 0.0249500498 0.055373989 0.0155250002 0.772549033 0 0.109803922
v 0.0250848904 0.0568546914 0.0170118306 0.772549033 0 0.109803922
v 0.0252934899 0.0591452084 0.0163381696 0.772549033 0 0.109803922
v 0.0254283398 0.0606259182 0.017825 0.772549033 0 0.109803922
v 0.02515864 0.057664521 0.017825 0.772549033 0 0.109803922
v 0.0252934899 0.0591452084 0.0193118304 0.772549033 0 0.109803922
v 0.0255020801 0.0614357404 0.0186381694 0.772549033 0 0.109803922
v 0.02563693 0.0629164428 0.0201249998 0.772549033 0 0.109803922
v 0.0253672395 0.0599550419 0.0201249998 0.772549033 0 0.109803922
v 0.0255020801 0.0614357404 0.0216118302 0.772549033 0 0.109803922
v 0.0257106796 0.0637262613 0.0209381692 0.772549033 0 0.109803922
v 0.0258455295 0.0652069524 0.0224249996 0.772549033 0 0.109803922
v 0.0255758297 0.0622455589 0.0224249996 0.772549033 0 0.109803922
v 0.0257106796 0.0637262613 0.02391183 0.772549033 0 0.109803922
v 0.0225817505 0.0293684397 0.01241183 0.772549033 0 0.109803922
v 0.0224469006 0.0278877392 0.0109249996 0.772549033 0 0.109803922
v 0.0227165893 0.0308491401 0.0109249996 0.772549033 0 0.109803922
v 0.0225817505 0.0293684397 0.00943817012 0.772549033 0 0.109803922
v 0.0236247201 0.0408210382 0.0101118302 0.772549033 0 0.109803922
v 0.0234898794 0.0393403396 0.00862499978 0.772549033 0 0.109803922
v 0.02375957 0.0423017405 0.00862499978 0.772549033 0 0.109803922
v 0.0236247201 0.0408210382 0.00713816984 0.772549033 0 0.109803922
v 0.0238333195 0.043111559 0.01241183 0.772549033 0 0.109803922
v 0.0236984696 0.0416308716 0.0109249996 0.772549033 0 0.109803922
v 0.0239681695 0.0445922688 0.0109249996 0.772549033 0 0.109803922
v 0.0238333195 0.043111559 0.00943817012 0.772549033 0 0.109803922
v 0.0242505092 0.0476926118 0.0170118306 0.772549033 0 0.109803922
v 0.0241156705 0.0462119095 0.0155250002 0.772549033 0 0.109803922
v 0.0243853591 0.0491733104 0.0155250002 0.772549033 0 0.109803922
v 0.0242505092 0.0476926118 0.0140381698 0.772549033 0 0.109803922
v 0.0244591106 0.0499831289 0.0193118304 0.772549033 0 0.109803922
v 0.0243242607 0.0485024303 0.017825 0.772549033 0 0.109803922
v 0.0245939493 0.0514638312 0.017825 0.772549033 0 0.109803922
v 0.0244591106 0.0499831289 0.0163381696 0.772549033 0 0.109803922
v 0.0246677008 0.0522736497 0.0186381694 0.772549033 0 0.109803922
v 0.0248025507 0.0537543483 0.0201249998 0.772549033 0 0.109803922
v 0.0245328601 0.0507929511 0.0201249998 0.772549033 0 0.109803922
v 0.0246677008 0.0522736497 0.0216118302 0.772549033 0 0.109803922
v 0.0248763002 0.0545641705 0.0209381692 0.772549033 0 0.109803922
v 0.0250111409 0.0560448691 0.0224249996 0.772549033 0 0.109803922
v 0.0247414503 0.0530834682 0.0224249996 0.772549033 0 0.109803922
v 0.0248763002 0.0545641705 0.02391183 0.772549033 0 0.109803922
v 0.0221645497 0.0247873999 0.0170118306 0.772549033 0 0.109803922
v 0.0220297091 0.0233066995 0.0155250002 0.772549033 0 0.109803922
v 0.0222993996 0.0262681004 0.0155250002 0.772549033 0 0.109803922
v 0.0221645497 0.0247873999 0.0140381698 0.772549033 0 0.109803922
v 0.0225817505 0.0293684397 0.0216118302 0.772549033 0 0.109803922
v 0.0224469006 0.0278877392 0.0201249998 0.772549033 0 0.109803922
v 0.0227165893 0.0308491401 0.0201249998 0.772549033 0 0.109803922
v 0.0225817505 0.0293684397 0.0186381694 0.772549033 0 0.109803922
v 0.0234161299 0.0385305211 0.0216118302 0.772549033 0 0.109803922
v 0.02328128 0.0370498188 0.0201249998 0.772549033 0 0.109803922
v 0.0235509705 0.0400112197 0.0201249998 0.772549033 0 0.109803922
v 0.0234161299 0.0385305211 0.0186381694 0.772549033 0 0.109803922
v 0.0236247201 0.0408210382 0.0193118304 0.772549033 0 0.109803922
v 0.0234898794 0.0393403396 0.017825 0.772549033 0 0.109803922
v 0.02375957 0.0423017405 0.017825 0.772549033 0 0.109803922
v 0.0236247201 0.0408210382 0.0163381696 0.772549033 0 0.109803922
v 0.0238333195 0.043111559 0.0170118306 0.772549033 0 0.109803922
v 0.0236984696 0.0416308716 0.0155250002 0.772549033 0 0.109803922
v 0.0239681695 0.0445922688 0.0155250002 0.772549033 0 0.109803922
v 0.0238333195 0.043111559 0.0140381698 0.772549033 0 0.109803922
v 0.0240419209 0.045402091 0.0147118298 0.772549033 0 0.109803922
v 0.0239070691 0.0439213887 0.0132250004 0.772549033 0 0.109803922
v 0.0241767596 0.0468827896 0.0132250004 0.772549033 0 0.109803922
v 0.0240419209 0.045402091 0.0117381699 0.772549033 0 0.109803922
v 0.0242505092 0.0476926118 0.01241183 0.772549033 0 0.109803922
v 0.0241156705 0.0462119095 0.0109249996 0.772549033 0 0.109803922
v 0.0243853591 0.0491733104 0.0109249996 0.772549033 0 0.109803922
v 0.0242505092 0.0476926118 0.00943817012 0.772549033 0 0.109803922
v 0.0244591106 0.0499831289 0.00713816984 0.772549033 0 0.109803922
v 0.0245939493 0.0514638312 0.00862499978 0.772549033 0 0.109803922
v 0.0243242607 0.0485024303 0.00862499978 0.772549033 0 0.109803922
v 0.0244591106 0.0499831289 0.0101118302 0.772549033 0 0.109803922
v 0.0223731492 0.0270779207 0.0193118304 0.772549033 0 0.109803922
v 0.0222382993 0.0255972203 0.017825 0.772549033 0 0.109803922
v 0.0225079991 0.0285586193 0.017825 0.772549033 0 0.109803922
v 0.0223731492 0.0270779207 0.0163381696 0.772549033 0 0.109803922
v 0.0227903407 0.0316589586 0.0147118298 0.772549033 0 0.109803922
v 0.0226555001 0.0301782601 0.0132250004 0.772549033 0 0.109803922
v 0.0229251906 0.033139661 0.0132250004 0.772549033 0 0.109803922
v 0.0227903407 0.0316589586 0.0117381699 0.772549033 0 0.109803922
v 0.0229989402 0.0339494795 0.01241183 0.772549033 0 0.109803922
v 0.0228640903 0.0324687809 0.0109249996 0.772549033 0 0.109803922
v 0.0231337808 0.0354301818 0.0109249996 0.772549033 0 0.109803922
v 0.0229989402 0.0339494795 0.00943817012 0.772549033 0 0.109803922
v 0.0209129807 0.0110442704 0.01241183 0.772549033 0 0.109803922
v 0.0207781401 0.00956356991 0.0109249996 0.772549033 0 0.109803922
v 0.0210478306 0.0125249699 0.0109249996 0.772549033 0 0.109803922
v 0.0209129807 0.0110442704 0.00943817012 0.772549033 0 0.109803922
v 0.02174736 0.0202063508 0.0216118302 0.772549033 0 0.109803922
v 0.0216125194 0.0187256504 0.0201249998 0.772549033 0 0.109803922
v 0.0218822099 0.0216870494 0.0201249998 0.772549033 0 0.109803922
v 0.02174736 0.0202063508 0.0186381694 0.772549033 0 0.109803922
v 0.0223731492 0.0270779207 0.0147118298 0.772549033 0 0.109803922
v 0.0222382993 0.0255972203 0.0132250004 0.772549033 0 0.109803922
v 0.0225079991 0.0285586193 0.0132250004 0.772549033 0 0.109803922
v 0.0223731492 0.0270779207 0.0117381699 0.772549033 0 0.109803922
v 0.0225817505 0.0293684397 0.0170118306 0.772549033 0 0.109803922
v 0.0224469006 0.0278877392 0.0155250002 0.772549033 0 0.109803922
v 0.0227165893 0.0308491401 0.0155250002 0.772549033 0 0.109803922
v 0.0225817505 0.0293684397 0.0140381698 0.772549033 0 0.109803922
v 0.0227903407 0.0316589586 0.0193118304 0.772549033 0 0.109803922
v 0.0226555001 0.0301782601 0.017825 0.772549033 0 0.109803922
v 0.0229251906 0.033139661 0.017825 0.772549033 0 0.109803922
v 0.0227903407 0.0316589586 0.0163381696 0.772549033 0 0.109803922
v 0.0229989402 0.0339494795 0.0216118302 0.772549033 0 0.109803922
v 0.0228640903 0.0324687809 0.0201249998 0.772549033 0 0.109803922
v 0.0231337808 0.0354301818 0.0201249998 0.772549033 0 0.109803922
v 0.0229989402 0.0339494795 0.0186381694 0.772549033 0 0.109803922
v 0.01987 -0.000408340013 0.0163381696 0.772549033 0 0.109803922
v 0.0200048499 0.00107235997 0.017825 0.772549033 0 0.109803922
v 0.0197351594 -0.00188904 0.017825 0.772549033 0 0.109803922
v 0.01987 -0.000408340013 0.0193118304 0.772549033 0 0.109803922
v 0.0204957891 0.00646321988 0.00943817012 0.772549033 0 0.109803922
v 0.0206306409 0.00794391986 0.0109249996 0.772549033 0 0.109803922
v 0.0203609392 0.00498251989 0.0109249996 0.772549033 0 0.109803922
v 0.0204957891 0.00646321988 0.01241183 0.772549033 0 0.109803922
v 0.0207043905 0.00875374954 0.0147118298 0.772549033 0 0.109803922
v 0.0205695406 0.00727305003 0.0132250004 0.772549033 0 0.109803922
v 0.0208392292 0.01023445 0.0132250004 0.772549033 0 0.109803922
v 0.0207043905 0.00875374954 0.0117381699 0.772549033 0 0.109803922
v 0.0211215802 0.0133347902 0.0193118304 0.772549033 0 0.109803922
v 0.0209867302 0.0118540898 0.017825 0.772549033 0 0.109803922
v 0.0212564208 0.0148154898 0.017825 0.772549033 0 0.109803922
v 0.0211215802 0.0133347902 0.0163381696 0.772549033 0 0.109803922
v 0.0213301703 0.0156253092 0.0170118306 0.772549033 0 0.109803922
v 0.0211953297 0.0141446097 0.0155250002 0.772549033 0 0.109803922
v 0.0214650203 0.0171060096 0.0155250002 0.772549033 0 0.109803922
v 0.0213301703 0.0156253092 0.0140381698 0.772549033 0 0.109803922
v 0.02174736 0.0202063508 0.01241183 0.772549033 0 0.109803922
v 0.0216125194 0.0187256504 0.0109249996 0.772549033 0 0.109803922
v 0.0218822099 0.0216870494 0.0109249996 0.772549033 0 0.109803922
v 0.02174736 0.0202063508 0.00943817012 0.772549033 0 0.109803922
v 0.0213301703 0.0156253092 0.0216118302 0.772549033 0 0.109803922
v 0.0211953297 0.0141446097 0.0201249998 0.772549033 0 0.109803922
v 0.0214650203 0.0171060096 0.0201249998 0.772549033 0 0.109803922
v 0.0213301703 0.0156253092 0.0186381694 0.772549033 0 0.109803922
v 0.0215387698 0.01791583 0.0193118304 0.772549033 0 0.109803922
v 0.0214039199 0.0164351296 0.017825 0.772549033 0 0.109803922
v 0.0216736104 0.0193965305 0.017825 0.772549033 0 0.109803922
v 0.0215387698 0.01791583 0.0163381696 0.772549033 0 0.109803922
v 0.0219559595 0.0224968698 0.0147118298 0.772549033 0 0.109803922
v 0.0218211096 0.0210161693 0.0132250004 0.772549033 0 0.109803922
v 0.0220908094 0.0239775702 0.0132250004 0.772549033 0 0.109803922
v 0.0219559595 0.0224968698 0.0117381699 0.772549033 0 0.109803922
v 0.0221645497 0.0247873999 0.01241183 0.772549033 0 0.109803922
v 0.0220297091 0.0233066995 0.0109249996 0.772549033 0 0.109803922
v 0.0222993996 0.0262681004 0.0109249996 0.772549033 0 0.109803922
v 0.0221645497 0.0247873999 0.00943817012 0.772549033 0 0.109803922
v 0.0215387698 0.01791583 0.0147118298 0.772549033 0 0.109803922
v 0.0214039199 0.0164351296 0.0132250004 0.772549033 0 0.109803922
v 0.0216736104 0.0193965305 0.0132250004 0.772549033 0 0.109803922
v 0.0215387698 0.01791583 0.0117381699 0.772549033 0 0.109803922
v 0.02174736 0.0202063508 0.0170118306 0.772549033 0 0.109803922
v 0.0216125194 0.0187256504 0.0155250002 0.772549033 0 0.109803922
v 0.0218822099 0.0216870494 0.0155250002 0.772549033 0 0.109803922
v 0.02174736 0.0202063508 0.0140381698 0.772549033 0 0.109803922
v 0.0219559595 0.0224968698 0.0193118304 0.772549033 0 0.109803922
v 0.0218211096 0.0210161693 0.017825 0.772549033 0 0.109803922
v 0.0220908094 0.0239775702 0.017825 0.772549033 0 0.109803922
v 0.0219559595 0.0224968698 0.0163381696 0.772549033 0 0.109803922
v 0.0221645497 0.0247873999 0.0216118302 0.772549033 0 0.109803922
v 0.0220297091 0.0233066995 0.0201249998 0.772549033 0 0.109803922
v 0.0222993996 0.0262681004 0.0201249998 0.772549033 0 0.109803922
v 0.0221645497 0.0247873999 0.0186381694 0.772549033 0 0.109803922
v 0.0202871896 0.00417269999 0.0117381699 0.772549033 0 0.109803922
v 0.0204220396 0.00565339997 0.0132250004 0.772549033 0 0.109803922
v 0.0201523509 0.00269200001 0.0132250004 0.772549033 0 0.109803922
v 0.0202871896 0.00417269999 0.0147118298 0.772549033 0 0.109803922
v 0.0204957891 0.00646321988 0.0170118306 0.772549033 0 0.109803922
v 0.0203609392 0.00498251989 0.0155250002 0.772549033 0 0.109803922
v 0.0206306409 0.00794391986 0.0155250002 0.772549033 0 0.109803922
v 0.0204957891 0.00646321988 0.0140381698 0.772549033 0 0.109803922
v 0.0209129807 0.0110442704 0.0216118302 0.772549033 0 0.109803922
v 0.0207781401 0.00956356991 0.0201249998 0.772549033 0 0.109803922
v 0.0210478306 0.0125249699 0.0201249998 0.772549033 0 0.109803922
v 0.0209129807 0.0110442704 0.0186381694 0.772549033 0 0.109803922
v 0.0207043905 0.00875374954 0.0193118304 0.772549033 0 0.109803922
v 0.0205695406 0.00727305003 0.017825 0.772549033 0 0.109803922
v 0.0208392292 0.01023445 0.017825 0.772549033 0 0.109803922
v 0.0207043905 0.00875374954 0.0163381696 0.772549033 0 0.109803922
v 0.0209129807 0.0110442704 0.0170118306 0.772549033 0 0.109803922
v 0.0207781401 0.00956356991 0.0155250002 0.772549033 0 0.109803922
v 0.0210478306 0.0125249699 0.0155250002 0.772549033 0 0.109803922
v 0.0209129807 0.0110442704 0.0140381698 0.772549033 0 0.109803922
v 0.0211215802 0.0133347902 0.0147118298 0.772549033 0 0.109803922
v 0.0209867302 0.0118540898 0.0132250004 0.772549033 0 0.109803922
v 0.0212564208 0.0148154898 0.0132250004 0.772549033 0 0.109803922
v 0.0211215802 0.0133347902 0.0117381699 0.772549033 0 0.109803922
v 0.0213301703 0.0156253092 0.01241183 0.772549033 0 0.109803922
v 0.0211953297 0.0141446097 0.0109249996 0.772549033 0 0.109803922
v 0.0214650203 0.0171060096 0.0109249996 0.772549033 0 0.109803922
v 0.0213301703 0.0156253092 0.00943817012 0.772549033 0 0.109803922
v 0.0200785995 0.00188217999 0.0140381698 0.772549033 0 0.109803922
v 0.0202134401 0.00336288009 0.0155250002 0.772549033 0 0.109803922
v 0.0199437495 0.000401480007 0.0155250002 0.772549033 0 0.109803922
v 0.0200785995 0.00188217999 0.0170118306 0.772549033 0 0.109803922
v 0.0202871896 0.00417269999 0.0193118304 0.772549033 0 0.109803922
v 0.0201523509 0.00269200001 0.017825 0.772549033 0 0.109803922
v 0.0204220396 0.00565339997 0.017825 0.772549033 0 0.109803922
v 0.0202871896 0.00417269999 0.0163381696 0.772549033 0 0.109803922
v 0.0204957891 0.00646321988 0.0186381694 0.772549033 0 0.109803922
v 0.0206306409 0.00794391986 0.0201249998 0.772549033 0 0.109803922
v 0.0203609392 0.00498251989 0.0201249998 0.772549033 0 0.109803922
v 0.0204957891 0.00646321988 0.0216118302 0.772549033 0 0.109803922
v 0.01987 -0.000408340013 0.0147118298 0.772549033 0 0.109803922
v 0.0197351594 -0.00188904 0.0132250004 0.772549033 0 0.109803922
v 0.0200048499 0.00107235997 0.0132250004 0.772549033 0 0.109803922
v 0.01987 -0.000408340013 0.0117381699 0.772549033 0 0.109803922
v 0.0200785995 0.00188217999 0.01241183 0.772549033 0 0.109803922
v 0.0199437495 0.000401480007 0.0109249996 0.772549033 0 0.109803922
v 0.0202134401 0.00336288009 0.0109249996 0.772549033 0 0.109803922
v 0.0200785995 0.00188217999 0.00943817012 0.772549033 0 0.109803922
v 0.0197962504 -0.00121816003 0.0201249998 0.772549033 0 0.109803922
v 0.0196606293 -0.00270739989 0.0186467506 0.772549033 0 0.109803922
v 0.0196614098 -0.0026988599 0.0186381694 0.772549033 0 0.109803922
v 0.0196606293 -0.00270739989 0.0216204002 0.772549033 0 0.109803922
v 0.0196606293 -0.00270739989 0.01404675 0.772549033 0 0.109803922
v 0.0197962504 -0.00121816003 0.0155250002 0.772549033 0 0.109803922
v 0.0196606293 -0.00270739989 0.0170032494 0.772549033 0 0.109803922
v 0.0196614098 -0.0026988599 0.0140381698 0.772549033 0 0.109803922
v 0.0196614098 -0.0026988599 0.0170118306 0.772549033 0 0.109803922
v 0.0197962504 -0.00121816003 0.0109249996 0.772549033 0 0.109803922
v 0.0196606293 -0.00270739989 0.0124032497 0.772549033 0 0.109803922
v 0.0196606293 -0.00270739989 0.00942960009 0.772549033 0 0.109803922
v 0.0196614098 -0.0026988599 0.01241183 0.772549033 0 0.109803922
v 0.02596955 0.0665688589 0.0118574603 0.772549033 0 0.109803922
v 0.0259192791 0.0660167783 0.01241183 0.772549033 0 0.109803922
v 0.02596955 0.0665688589 0.00999253988 0.772549033 0 0.109803922
v 0.0257844292 0.0645360798 0.0109249996 0.772549033 0 0.109803922
v 0.0259192791 0.0660167783 0.00943817012 0.772549033 0 0.109803922
v 0.02596955 0.0665688589 0.0164574608 0.772549033 0 0.109803922
v 0.0259192791 0.0660167783 0.0170118306 0.772549033 0 0.109803922
v 0.02596955 0.0665688589 0.0145925405 0.772549033 0 0.109803922
v 0.0257844292 0.0645360798 0.0155250002 0.772549033 0 0.109803922
v 0.0259192791 0.0660167783 0.0140381698 0.772549033 0 0.109803922
v 0.02596955 0.0665688589 0.0210574605 0.772549033 0 0.109803922
v 0.0259192791 0.0660167783 0.0216118302 0.772549033 0 0.109803922
v 0.02596955 0.0665688589 0.0191925392 0.772549033 0 0.109803922
v 0.0257844292 0.0645360798 0.0201249998 0.772549033 0 0.109803922
v 0.0259192791 0.0660167783 0.0186381694 0.772549033 0 0.109803922
v 0.0262833107 0.0636741072 0.0117381699 0.772549033 0 0.109803922
v 0.0264181606 0.0651548132 0.0132250004 0.772549033 0 0.109803922
v 0.0262833107 0.0636741072 0.0147118298 0.772549033 0 0.109803922
v 0.0261484608 0.0621934086 0.0132250004 0.772549033 0 0.109803922
v 0.0257312693 0.0576123707 0.00862499978 0.772549033 0 0.109803922
v 0.0258661192 0.0590930693 0.0101118302 0.772549033 0 0.109803922
v 0.0258661192 0.0590930693 0.00713816984 0.772549033 0 0.109803922
v 0.0260009691 0.0605737604 0.00862499978 0.772549033 0 0.109803922
v 0.0246145502 0.0453499407 0.0209381692 0.772549033 0 0.109803922
v 0.0247493908 0.0468306392 0.0224249996 0.772549033 0 0.109803922
v 0.0246145502 0.0453499407 0.02391183 0.772549033 0 0.109803922
v 0.0244797003 0.0438692383 0.0224249996 0.772549033 0 0.109803922
v 0.0238539092 0.0369976684 0.0155250002 0.772549033 0 0.109803922
v 0.0239887591 0.0384783708 0.0170118306 0.772549033 0 0.109803922
v 0.0239887591 0.0384783708 0.0140381698 0.772549033 0 0.109803922
v 0.0241236109 0.0399590693 0.0155250002 0.772549033 0 0.109803922
v 0.0241973605 0.0407688916 0.0117381699 0.772549033 0 0.109803922
v 0.0243321992 0.0422496013 0.0132250004 0.772549033 0 0.109803922
v 0.0241973605 0.0407688916 0.0147118298 0.772549033 0 0.109803922
v 0.0240625106 0.0392882004 0.0132250004 0.772549033 0 0.109803922
v 0.0248231404 0.0476404615 0.0186381694 0.772549033 0 0.109803922
v 0.0249579903 0.0491211601 0.0201249998 0.772549033 0 0.109803922
v 0.0248231404 0.0476404615 0.0216118302 0.772549033 0 0.109803922
v 0.0246882997 0.0461597592 0.0201249998 0.772549033 0 0.109803922
v 0.0256575197 0.056802541 0.00943817012 0.772549033 0 0.109803922
v 0.0257923696 0.0582832508 0.0109249996 0.772549033 0 0.109803922
v 0.0256575197 0.056802541 0.01241183 0.772549033 0 0.109803922
v 0.0255226791 0.0553218499 0.0109249996 0.772549033 0 0.109803922
v 0.0260747094 0.0613835901 0.0140381698 0.772549033 0 0.109803922
v 0.0262095593 0.0628642887 0.0155250002 0.772549033 0 0.109803922
v 0.0260747094 0.0613835901 0.0170118306 0.772549033 0 0.109803922
v 0.0259398706 0.0599028915 0.0155250002 0.772549033 0 0.109803922
v 0.0261484608 0.0621934086 0.017825 0.772549033 0 0.109803922
v 0.0262833107 0.0636741072 0.0193118304 0.772549033 0 0.109803922
v 0.0262833107 0.0636741072 0.0163381696 0.772549033 0 0.109803922
v 0.0264181606 0.0651548132 0.017825 0.772549033 0 0.109803922
v 0.0237801597 0.0361878499 0.0163381696 0.772549033 0 0.109803922
v 0.0239150096 0.0376685485 0.017825 0.772549033 0 0.109803922
v 0.0237801597 0.0361878499 0.0193118304 0.772549033 0 0.109803922
v 0.0236453209 0.0347071514 0.017825 0.772549033 0 0.109803922
v 0.0250317398 0.0499309786 0.02391183 0.772549033 0 0.109803922
v 0.0251665805 0.0514116809 0.0224249996 0.772549033 0 0.109803922
v 0.0248968899 0.04845028 0.0224249996 0.772549033 0 0.109803922
v 0.0250317398 0.0499309786 0.0209381692 0.772549033 0 0.109803922
v 0.0258661192 0.0590930693 0.0147118298 0.772549033 0 0.109803922
v 0.0260009691 0.0605737604 0.0132250004 0.772549033 0 0.109803922
v 0.0257312693 0.0576123707 0.0132250004 0.772549033 0 0.109803922
v 0.0258661192 0.0590930693 0.0117381699 0.772549033 0 0.109803922
v 0.0260747094 0.0613835901 0.01241183 0.772549033 0 0.109803922
v 0.0262095593 0.0628642887 0.0109249996 0.772549033 0 0.109803922
v 0.0259398706 0.0599028915 0.0109249996 0.772549033 0 0.109803922
v 0.0260747094 0.0613835901 0.00943817012 0.772549033 0 0.109803922
v 0.0206512306 0.00183003 0.0216118302 0.772549033 0 0.109803922
v 0.0207860805 0.00331072998 0.0201249998 0.772549033 0 0.109803922
v 0.0205163807 0.000349329988 0.0201249998 0.772549033 0 0.109803922
v 0.0206512306 0.00183003 0.0186381694 0.772549033 0 0.109803922
v 0.0240625106 0.0392882004 0.0224249996 0.772549033 0 0.109803922
v 0.0241973605 0.0407688916 0.02391183 0.772549033 0 0.109803922
v 0.0241973605 0.0407688916 0.0209381692 0.772549033 0 0.109803922
v 0.0243321992 0.0422496013 0.0224249996 0.772549033 0 0.109803922
v 0.0242711008 0.0415787213 0.0201249998 0.772549033 0 0.109803922
v 0.0244059507 0.0430594198 0.0216118302 0.772549033 0 0.109803922
v 0.0244059507 0.0430594198 0.0186381694 0.772549033 0 0.109803922
v 0.0245408006 0.0445401184 0.0201249998 0.772549033 0 0.109803922
v 0.0244797003 0.0438692383 0.017825 0.772549033 0 0.109803922
v 0.0246145502 0.0453499407 0.0193118304 0.772549033 0 0.109803922
v 0.0246145502 0.0453499407 0.0163381696 0.772549033 0 0.109803922
v 0.0247493908 0.0468306392 0.017825 0.772549033 0 0.109803922
v 0.0253140796 0.0530313216 0.00862499978 0.772549033 0 0.109803922
v 0.0254489295 0.0545120202 0.0101118302 0.772549033 0 0.109803922
v 0.0254489295 0.0545120202 0.00713816984 0.772549033 0 0.109803922
v 0.0255837701 0.0559927188 0.00862499978 0.772549033 0 0.109803922
v 0.0246145502 0.0453499407 0.0101118302 0.772549033 0 0.109803922
v 0.0247493908 0.0468306392 0.00862499978 0.772549033 0 0.109803922
v 0.0244797003 0.0438692383 0.00862499978 0.772549033 0 0.109803922
v 0.0246145502 0.0453499407 0.00713816984 0.772549033 0 0.109803922
v 0.0250317398 0.0499309786 0.0147118298 0.772549033 0 0.109803922
v 0.0251665805 0.0514116809 0.0132250004 0.772549033 0 0.109803922
v 0.0248968899 0.04845028 0.0132250004 0.772549033 0 0.109803922
v 0.0250317398 0.0499309786 0.0117381699 0.772549033 0 0.109803922
v 0.02524033 0.0522214994 0.0170118306 0.772549033 0 0.109803922
v 0.0253751799 0.0537022017 0.0155250002 0.772549033 0 0.109803922
v 0.0251054894 0.0507408008 0.0155250002 0.772549033 0 0.109803922
v 0.02524033 0.0522214994 0.0140381698 0.772549033 0 0.109803922
v 0.0254489295 0.0545120202 0.0193118304 0.772549033 0 0.109803922
v 0.0255837701 0.0559927188 0.017825 0.772549033 0 0.109803922
v 0.0253140796 0.0530313216 0.017825 0.772549033 0 0.109803922
v 0.0254489295 0.0545120202 0.0163381696 0.772549033 0 0.109803922
v 0.0256575197 0.056802541 0.0216118302 0.772549033 0 0.109803922
v 0.0257923696 0.0582832508 0.0201249998 0.772549033 0 0.109803922
v 0.0255226791 0.0553218499 0.0201249998 0.772549033 0 0.109803922
v 0.0256575197 0.056802541 0.0186381694 0.772549033 0 0.109803922
v 0.0258661192 0.0590930693 0.02391183 0.772549033 0 0.109803922
v 0.0260009691 0.0605737604 0.0224249996 0.772549033 0 0.109803922
v 0.0257312693 0.0576123707 0.0224249996 0.772549033 0 0.109803922
v 0.0258661192 0.0590930693 0.0209381692 0.772549033 0 0.109803922
v 0.0234367196 0.0324166305 0.0155250002 0.772549033 0 0.109803922
v 0.0235715695 0.0338973291 0.0170118306 0.772549033 0 0.109803922
v 0.0235715695 0.0338973291 0.0140381698 0.772549033 0 0.109803922
v 0.0237064101 0.0353780314 0.0155250002 0.772549033 0 0.109803922
v 0.0236453209 0.0347071514 0.0132250004 0.772549033 0 0.109803922
v 0.0237801597 0.0361878499 0.0147118298 0.772549033 0 0.109803922
v 0.0237801597 0.0361878499 0.0117381699 0.772549033 0 0.109803922
v 0.0239150096 0.0376685485 0.0132250004 0.772549033 0 0.109803922
v 0.0238539092 0.0369976684 0.0109249996 0.772549033 0 0.109803922
v 0.0239887591 0.0384783708 0.01241183 0.772549033 0 0.109803922
v 0.0239887591 0.0384783708 0.00943817012 0.772549033 0 0.109803922
v 0.0241236109 0.0399590693 0.0109249996 0.772549033 0 0.109803922
v 0.0262833107 0.0636741072 0.00713816984 0.772549033 0 0.109803922
v 0.0264181606 0.0651548132 0.00862499978 0.772549033 0 0.109803922
v 0.0262833107 0.0636741072 0.0101118302 0.772549033 0 0.109803922
v 0.0261484608 0.0621934086 0.00862499978 0.772549033 0 0.109803922
v 0.02524033 0.0522214994 0.00943817012 0.772549033 0 0.109803922
v 0.0253751799 0.0537022017 0.0109249996 0.772549033 0 0.109803922
v 0.02524033 0.0522214994 0.01241183 0.772549033 0 0.109803922
v 0.0251054894 0.0507408008 0.0109249996 0.772549033 0 0.109803922
v 0.0254489295 0.0545120202 0.0117381699 0.772549033 0 0.109803922
v 0.0255837701 0.0559927188 0.0132250004 0.772549033 0 0.109803922
v 0.0254489295 0.0545120202 0.0147118298 0.772549033 0 0.109803922
v 0.0253140796 0.0530313216 0.0132250004 0.772549033 0 0.109803922
v 0.0256575197 0.056802541 0.0140381698 0.772549033 0 0.109803922
v 0.0257923696 0.0582832508 0.0155250002 0.772549033 0 0.109803922
v 0.0256575197 0.056802541 0.0170118306 0.772549033 0 0.109803922
v 0.0255226791 0.0553218499 0.0155250002 0.772549033 0 0.109803922
v 0.0258661192 0.0590930693 0.0163381696 0.772549033 0 0.109803922
v 0.0260009691 0.0605737604 0.017825 0.772549033 0 0.109803922
v 0.0258661192 0.0590930693 0.0193118304 0.772549033 0 0.109803922
v 0.0257312693 0.0576123707 0.017825 0.772549033 0 0.109803922
v 0.0260747094 0.0613835901 0.0186381694 0.772549033 0 0.109803922
v 0.0262095593 0.0628642887 0.0201249998 0.772549033 0 0.109803922
v 0.0260747094 0.0613835901 0.0216118302 0.772549033 0 0.109803922
v 0.0259398706 0.0599028915 0.0201249998 0.772549033 0 0.109803922
v 0.0262833107 0.0636741072 0.0209381692 0.772549033 0 0.109803922
v 0.0264181606 0.0651548132 0.0224249996 0.772549033 0 0.109803922
v 0.0262833107 0.0636741072 0.02391183 0.772549033 0 0.109803922
v 0.0261484608 0.0621934086 0.0224249996 0.772549033 0 0.109803922
v 0.0230195299 0.0278355908 0.0109249996 0.772549033 0 0.109803922
v 0.0231543798 0.0293162894 0.01241183 0.772549033 0 0.109803922
v 0.0231543798 0.0293162894 0.00943817012 0.772549033 0 0.109803922
v 0.0232892204 0.0307969898 0.0109249996 0.772549033 0 0.109803922
v 0.0241973605 0.0407688916 0.00713816984 0.772549033 0 0.109803922
v 0.0243321992 0.0422496013 0.00862499978 0.772549033 0 0.109803922
v 0.0241973605 0.0407688916 0.0101118302 0.772549033 0 0.109803922
v 0.0240625106 0.0392882004 0.00862499978 0.772549033 0 0.109803922
v 0.0244059507 0.0430594198 0.00943817012 0.772549033 0 0.109803922
v 0.0245408006 0.0445401184 0.0109249996 0.772549033 0 0.109803922
v 0.0244059507 0.0430594198 0.01241183 0.772549033 0 0.109803922
v 0.0242711008 0.0415787213 0.0109249996 0.772549033 0 0.109803922
v 0.0248231404 0.0476404615 0.0140381698 0.772549033 0 0.109803922
v 0.0249579903 0.0491211601 0.0155250002 0.772549033 0 0.109803922
v 0.0248231404 0.0476404615 0.0170118306 0.772549033 0 0.109803922
v 0.0246882997 0.0461597592 0.0155250002 0.772549033 0 0.109803922
v 0.0250317398 0.0499309786 0.0163381696 0.772549033 0 0.109803922
v 0.0251665805 0.0514116809 0.017825 0.772549033 0 0.109803922
v 0.0250317398 0.0499309786 0.0193118304 0.772549033 0 0.109803922
v 0.0248968899 0.04845028 0.017825 0.772549033 0 0.109803922
v 0.02524033 0.0522214994 0.0186381694 0.772549033 0 0.109803922
v 0.0253751799 0.0537022017 0.0201249998 0.772549033 0 0.109803922
v 0.02524033 0.0522214994 0.0216118302 0.772549033 0 0.109803922
v 0.0251054894 0.0507408008 0.0201249998 0.772549033 0 0.109803922
v 0.0254489295 0.0545120202 0.0209381692 0.772549033 0 0.109803922
v 0.0255837701 0.0559927188 0.0224249996 0.772549033 0 0.109803922
v 0.0254489295 0.0545120202 0.02391183 0.772549033 0 0.109803922
v 0.0253140796 0.0530313216 0.0224249996 0.772549033 0 0.109803922
v 0.0227371808 0.0247352496 0.0170118306 0.772549033 0 0.109803922
v 0.0228720307 0.02621595 0.0155250002 0.772549033 0 0.109803922
v 0.0226023402 0.0232545491 0.0155250002 0.772549033 0 0.109803922
v 0.0227371808 0.0247352496 0.0140381698 0.772549033 0 0.109803922
v 0.0231543798 0.0293162894 0.0216118302 0.772549033 0 0.109803922
v 0.0232892204 0.0307969898 0.0201249998 0.772549033 0 0.109803922
v 0.0230195299 0.0278355908 0.0201249998 0.772549033 0 0.109803922
v 0.0231543798 0.0293162894 0.0186381694 0.772549033 0 0.109803922
v 0.0239887591 0.0384783708 0.0216118302 0.772549033 0 0.109803922
v 0.0241236109 0.0399590693 0.0201249998 0.772549033 0 0.109803922
v 0.0238539092 0.0369976684 0.0201249998 0.772549033 0 0.109803922
v 0.0239887591 0.0384783708 0.0186381694 0.772549033 0 0.109803922
v 0.0241973605 0.0407688916 0.0193118304 0.772549033 0 0.109803922
v 0.0243321992 0.0422496013 0.017825 0.772549033 0 0.109803922
v 0.0240625106 0.0392882004 0.017825 0.772549033 0 0.109803922
v 0.0241973605 0.0407688916 0.0163381696 0.772549033 0 0.109803922
v 0.0244059507 0.0430594198 0.0170118306 0.772549033 0 0.109803922
v 0.0245408006 0.0445401184 0.0155250002 0.772549033 0 0.109803922
v 0.0242711008 0.0415787213 0.0155250002 0.772549033 0 0.109803922
v 0.0244059507 0.0430594198 0.0140381698 0.772549033 0 0.109803922
v 0.0246145502 0.0453499407 0.0147118298 0.772549033 0 0.109803922
v 0.0247493908 0.0468306392 0.0132250004 0.772549033 0 0.109803922
v 0.0244797003 0.0438692383 0.0132250004 0.772549033 0 0.109803922
v 0.0246145502 0.0453499407 0.0117381699 0.772549033 0 0.109803922
v 0.0248231404 0.0476404615 0.01241183 0.772549033 0 0.109803922
v 0.0249579903 0.0491211601 0.0109249996 0.772549033 0 0.109803922
v 0.0246882997 0.0461597592 0.0109249996 0.772549033 0 0.109803922
v 0.0248231404 0.0476404615 0.00943817012 0.772549033 0 0.109803922
v 0.0250317398 0.0499309786 0.0101118302 0.772549033 0 0.109803922
v 0.0251665805 0.0514116809 0.00862499978 0.772549033 0 0.109803922
v 0.0248968899 0.04845028 0.00862499978 0.772549033 0 0.109803922
v 0.0250317398 0.0499309786 0.00713816984 0.772549033 0 0.109803922
v 0.0228109304 0.0255450699 0.017825 0.772549033 0 0.109803922
v 0.0229457803 0.0270257704 0.0193118304 0.772549033 0 0.109803922
v 0.0229457803 0.0270257704 0.0163381696 0.772549033 0 0.109803922
v 0.0230806302 0.0285064708 0.017825 0.772549033 0 0.109803922
v 0.0232281294 0.0301261097 0.0132250004 0.772549033 0 0.109803922
v 0.02336297 0.0316068083 0.0147118298 0.772549033 0 0.109803922
v 0.02336297 0.0316068083 0.0117381699 0.772549033 0 0.109803922
v 0.0234978199 0.0330875106 0.0132250004 0.772549033 0 0.109803922
v 0.0234367196 0.0324166305 0.0109249996 0.772549033 0 0.109803922
v 0.0235715695 0.0338973291 0.01241183 0.772549033 0 0.109803922
v 0.0235715695 0.0338973291 0.00943817012 0.772549033 0 0.109803922
v 0.0237064101 0.0353780314 0.0109249996 0.772549033 0 0.109803922
v 0.0214856099 0.01099212 0.01241183 0.772549033 0 0.109803922
v 0.0216204599 0.0124728195 0.0109249996 0.772549033 0 0.109803922
v 0.0213507693 0.00951141957 0.0109249996 0.772549033 0 0.109803922
v 0.0214856099 0.01099212 0.00943817012 0.772549033 0 0.109803922
v 0.0223199893 0.0201542005 0.0216118302 0.772549033 0 0.109803922
v 0.0224548392 0.0216348991 0.0201249998 0.772549033 0 0.109803922
v 0.0221851505 0.0186735 0.0201249998 0.772549033 0 0.109803922
v 0.0223199893 0.0201542005 0.0186381694 0.772549033 0 0.109803922
v 0.0229457803 0.0270257704 0.0117381699 0.772549033 0 0.109803922
v 0.0230806302 0.0285064708 0.0132250004 0.772549033 0 0.109803922
v 0.0229457803 0.0270257704 0.0147118298 0.772549033 0 0.109803922
v 0.0228109304 0.0255450699 0.0132250004 0.772549033 0 0.109803922
v 0.0231543798 0.0293162894 0.0140381698 0.772549033 0 0.109803922
v 0.0232892204 0.0307969898 0.0155250002 0.772549033 0 0.109803922
v 0.0231543798 0.0293162894 0.0170118306 0.772549033 0 0.109803922
v 0.0230195299 0.0278355908 0.0155250002 0.772549033 0 0.109803922
v 0.02336297 0.0316068083 0.0163381696 0.772549033 0 0.109803922
v 0.0234978199 0.0330875106 0.017825 0.772549033 0 0.109803922
v 0.02336297 0.0316068083 0.0193118304 0.772549033 0 0.109803922
v 0.0232281294 0.0301261097 0.017825 0.772549033 0 0.109803922
v 0.0235715695 0.0338973291 0.0186381694 0.772549033 0 0.109803922
v 0.0237064101 0.0353780314 0.0201249998 0.772549033 0 0.109803922
v 0.0235715695 0.0338973291 0.0216118302 0.772549033 0 0.109803922
v 0.0234367196 0.0324166305 0.0201249998 0.772549033 0 0.109803922
v 0.0203077905 -0.00194118998 0.017825 0.772549033 0 0.109803922
v 0.0204426292 -0.000460490002 0.0193118304 0.772549033 0 0.109803922
v 0.0204426292 -0.000460490002 0.0163381696 0.772549033 0 0.109803922
v 0.0205774792 0.00102020998 0.017825 0.772549033 0 0.109803922
v 0.0210684203 0.00641107978 0.00943817012 0.772549033 0 0.109803922
v 0.0212032702 0.00789177977 0.0109249996 0.772549033 0 0.109803922
v 0.0210684203 0.00641107978 0.01241183 0.772549033 0 0.109803922
v 0.0209335703 0.0049303798 0.0109249996 0.772549033 0 0.109803922
v 0.0212770198 0.00870160013 0.0117381699 0.772549033 0 0.109803922
v 0.0214118604 0.0101822997 0.0132250004 0.772549033 0 0.109803922
v 0.0212770198 0.00870160013 0.0147118298 0.772549033 0 0.109803922
v 0.0211421698 0.00722090015 0.0132250004 0.772549033 0 0.109803922
v 0.0215593595 0.0118019404 0.017825 0.772549033 0 0.109803922
v 0.0216942094 0.0132826399 0.0193118304 0.772549033 0 0.109803922
v 0.0216942094 0.0132826399 0.0163381696 0.772549033 0 0.109803922
v 0.02182905 0.0147633404 0.017825 0.772549033 0 0.109803922
v 0.0217679609 0.0140924603 0.0155250002 0.772549033 0 0.109803922
v 0.0219027996 0.0155731598 0.0170118306 0.772549033 0 0.109803922
v 0.0219027996 0.0155731598 0.0140381698 0.772549033 0 0.109803922
v 0.0220376495 0.0170538593 0.0155250002 0.772549033 0 0.109803922
v 0.0221851505 0.0186735 0.0109249996 0.772549033 0 0.109803922
v 0.0223199893 0.0201542005 0.01241183 0.772549033 0 0.109803922
v 0.0223199893 0.0201542005 0.00943817012 0.772549033 0 0.109803922
v 0.0224548392 0.0216348991 0.0109249996 0.772549033 0 0.109803922
v 0.0217679609 0.0140924603 0.0201249998 0.772549033 0 0.109803922
v 0.0219027996 0.0155731598 0.0216118302 0.772549033 0 0.109803922
v 0.0219027996 0.0155731598 0.0186381694 0.772549033 0 0.109803922
v 0.0220376495 0.0170538593 0.0201249998 0.772549033 0 0.109803922
v 0.0219765492 0.0163829792 0.017825 0.772549033 0 0.109803922
v 0.0221113991 0.0178636797 0.0193118304 0.772549033 0 0.109803922
v 0.0221113991 0.0178636797 0.0163381696 0.772549033 0 0.109803922
v 0.0222462397 0.0193443801 0.017825 0.772549033 0 0.109803922
v 0.0223937407 0.0209640302 0.0132250004 0.772549033 0 0.109803922
v 0.0225285906 0.0224447306 0.0147118298 0.772549033 0 0.109803922
v 0.0225285906 0.0224447306 0.0117381699 0.772549033 0 0.109803922
v 0.0226634294 0.0239254199 0.0132250004 0.772549033 0 0.109803922
v 0.0226023402 0.0232545491 0.0109249996 0.772549033 0 0.109803922
v 0.0227371808 0.0247352496 0.01241183 0.772549033 0 0.109803922
v 0.0227371808 0.0247352496 0.00943817012 0.772549033 0 0.109803922
v 0.0228720307 0.02621595 0.0109249996 0.772549033 0 0.109803922
v 0.0221113991 0.0178636797 0.0117381699 0.772549033 0 0.109803922
v 0.0222462397 0.0193443801 0.0132250004 0.772549033 0 0.109803922
v 0.0221113991 0.0178636797 0.0147118298 0.772549033 0 0.109803922
v 0.0219765492 0.0163829792 0.0132250004 0.772549033 0 0.109803922
v 0.0223199893 0.0201542005 0.0140381698 0.772549033 0 0.109803922
v 0.0224548392 0.0216348991 0.0155250002 0.772549033 0 0.109803922
v 0.0223199893 0.0201542005 0.0170118306 0.772549033 0 0.109803922
v 0.0221851505 0.0186735 0.0155250002 0.772549033 0 0.109803922
v 0.0225285906 0.0224447306 0.0163381696 0.772549033 0 0.109803922
v 0.0226634294 0.0239254199 0.017825 0.772549033 0 0.109803922
v 0.0225285906 0.0224447306 0.0193118304 0.772549033 0 0.109803922
v 0.0223937407 0.0209640302 0.017825 0.772549033 0 0.109803922
v 0.0227371808 0.0247352496 0.0186381694 0.772549033 0 0.109803922
v 0.0228720307 0.02621595 0.0201249998 0.772549033 0 0.109803922
v 0.0227371808 0.0247352496 0.0216118302 0.772549033 0 0.109803922
v 0.0226023402 0.0232545491 0.0201249998 0.772549033 0 0.109803922
v 0.0208598301 0.00412055012 0.0117381699 0.772549033 0 0.109803922
v 0.0209946707 0.0056012501 0.0132250004 0.772549033 0 0.109803922
v 0.0208598301 0.00412055012 0.0147118298 0.772549033 0 0.109803922
v 0.0207249802 0.0026398499 0.0132250004 0.772549033 0 0.109803922
v 0.0210684203 0.00641107978 0.0140381698 0.772549033 0 0.109803922
v 0.0212032702 0.00789177977 0.0155250002 0.772549033 0 0.109803922
v 0.0210684203 0.00641107978 0.0170118306 0.772549033 0 0.109803922
v 0.0209335703 0.0049303798 0.0155250002 0.772549033 0 0.109803922
v 0.0214856099 0.01099212 0.0186381694 0.772549033 0 0.109803922
v 0.0216204599 0.0124728195 0.0201249998 0.772549033 0 0.109803922
v 0.0214856099 0.01099212 0.0216118302 0.772549033 0 0.109803922
v 0.0213507693 0.00951141957 0.0201249998 0.772549033 0 0.109803922
v 0.0211421698 0.00722090015 0.017825 0.772549033 0 0.109803922
v 0.0212770198 0.00870160013 0.0193118304 0.772549033 0 0.109803922
v 0.0212770198 0.00870160013 0.0163381696 0.772549033 0 0.109803922
v 0.0214118604 0.0101822997 0.017825 0.772549033 0 0.109803922
v 0.0213507693 0.00951141957 0.0155250002 0.772549033 0 0.109803922
v 0.0214856099 0.01099212 0.0170118306 0.772549033 0 0.109803922
v 0.0214856099 0.01099212 0.0140381698 0.772549033 0 0.109803922
v 0.0216204599 0.0124728195 0.0155250002 0.772549033 0 0.109803922
v 0.0215593595 0.0118019404 0.0132250004 0.772549033 0 0.109803922
v 0.0216942094 0.0132826399 0.0147118298 0.772549033 0 0.109803922
v 0.0216942094 0.0132826399 0.0117381699 0.772549033 0 0.109803922
v 0.02182905 0.0147633404 0.0132250004 0.772549033 0 0.109803922
v 0.0217679609 0.0140924603 0.0109249996 0.772549033 0 0.109803922
v 0.0219027996 0.0155731598 0.01241183 0.772549033 0 0.109803922
v 0.0219027996 0.0155731598 0.00943817012 0.772549033 0 0.109803922
v 0.0220376495 0.0170538593 0.0109249996 0.772549033 0 0.109803922
v 0.0206512306 0.00183003 0.0170118306 0.772549033 0 0.109803922
v 0.0207860805 0.00331072998 0.0155250002 0.772549033 0 0.109803922
v 0.0205163807 0.000349329988 0.0155250002 0.772549033 0 0.109803922
v 0.0206512306 0.00183003 0.0140381698 0.772549033 0 0.109803922
v 0.0208598301 0.00412055012 0.0193118304 0.772549033 0 0.109803922
v 0.0209946707 0.0056012501 0.017825 0.772549033 0 0.109803922
v 0.0207249802 0.0026398499 0.017825 0.772549033 0 0.109803922
v 0.0208598301 0.00412055012 0.0163381696 0.772549033 0 0.109803922
v 0.0210684203 0.00641107978 0.0216118302 0.772549033 0 0.109803922
v 0.0212032702 0.00789177977 0.0201249998 0.772549033 0 0.109803922
v 0.0209335703 0.0049303798 0.0201249998 0.772549033 0 0.109803922
v 0.0210684203 0.00641107978 0.0186381694 0.772549033 0 0.109803922
v 0.0203077905 -0.00194118998 0.0132250004 0.772549033 0 0.109803922
v 0.0204426292 -0.000460490002 0.0147118298 0.772549033 0 0.109803922
v 0.0204426292 -0.000460490002 0.0117381699 0.772549033 0 0.109803922
v 0.0205774792 0.00102020998 0.0132250004 0.772549033 0 0.109803922
v 0.0205163807 0.000349329988 0.0109249996 0.772549033 0 0.109803922
v 0.0206512306 0.00183003 0.01241183 0.772549033 0 0.109803922
v 0.0206512306 0.00183003 0.00943817012 0.772549033 0 0.109803922
v 0.0207860805 0.00331072998 0.0109249996 0.772549033 0 0.109803922
v 0.0264919102 0.0659646317 0.00781182991 0.772549033 0 0.109803922
v 0.0259192791 0.0660167783 0.00781182991 0.772549033 0 0.109803922
v 0.0265469309 0.0665688589 0.00720509002 0.772549033 0 0.109803922
v 0.02596955 0.0665688589 0.00725746015 0.772549033 0 0.109803922
v 0.0263570603 0.0644839332 0.00632499997 0.772549033 0 0.109803922
v 0.0257844292 0.0645360798 0.00632499997 0.772549033 0 0.109803922
v 0.0260747094 0.0613835901 0.00781182991 0.772549033 0 0.109803922
v 0.0255020801 0.0614357404 0.00781182991 0.772549033 0 0.109803922
v 0.0262095593 0.0628642887 0.00632499997 0.772549033 0 0.109803922
v 0.02563693 0.0629164428 0.00632499997 0.772549033 0 0.109803922
v 0.0237801597 0.0361878499 0.0101118302 0.772549033 0 0.109803922
v 0.0232075304 0.0362400003 0.0101118302 0.772549033 0 0.109803922
v 0.0239150096 0.0376685485 0.00862499978 0.772549033 0 0.109803922
v 0.0233423803 0.0377206989 0.00862499978 0.772549033 0 0.109803922
v 0.0236453209 0.0347071514 0.00862499978 0.772549033 0 0.109803922
v 0.0230726898 0.0347593017 0.00862499978 0.772549033 0 0.109803922
v 0.02336297 0.0316068083 0.0101118302 0.772549033 0 0.109803922
v 0.0227903407 0.0316589586 0.0101118302 0.772549033 0 0.109803922
v 0.0234978199 0.0330875106 0.00862499978 0.772549033 0 0.109803922
v 0.0229251906 0.033139661 0.00862499978 0.772549033 0 0.109803922
v 0.0232281294 0.0301261097 0.00862499978 0.772549033 0 0.109803922
v 0.0226555001 0.0301782601 0.00862499978 0.772549033 0 0.109803922
v 0.0229457803 0.0270257704 0.0101118302 0.772549033 0 0.109803922
v 0.0223731492 0.0270779207 0.0101118302 0.772549033 0 0.109803922
v 0.0230806302 0.0285064708 0.00862499978 0.772549033 0 0.109803922
v 0.0225079991 0.0285586193 0.00862499978 0.772549033 0 0.109803922
v 0.0228109304 0.0255450699 0.00862499978 0.772549033 0 0.109803922
v 0.0222382993 0.0255972203 0.00862499978 0.772549033 0 0.109803922
v 0.0225285906 0.0224447306 0.0101118302 0.772549033 0 0.109803922
v 0.0219559595 0.0224968698 0.0101118302 0.772549033 0 0.109803922
v 0.0226634294 0.0239254199 0.00862499978 0.772549033 0 0.109803922
v 0.0220908094 0.0239775702 0.00862499978 0.772549033 0 0.109803922
v 0.0223937407 0.0209640302 0.00862499978 0.772549033 0 0.109803922
v 0.0218211096 0.0210161693 0.00862499978 0.772549033 0 0.109803922
v 0.0221113991 0.0178636797 0.0101118302 0.772549033 0 0.109803922
v 0.0215387698 0.01791583 0.0101118302 0.772549033 0 0.109803922
v 0.0222462397 0.0193443801 0.00862499978 0.772549033 0 0.109803922
v 0.0216736104 0.0193965305 0.00862499978 0.772549033 0 0.109803922
v 0.0219765492 0.0163829792 0.00862499978 0.772549033 0 0.109803922
v 0.0214039199 0.0164351296 0.00862499978 0.772549033 0 0.109803922
v 0.0216942094 0.0132826399 0.0101118302 0.772549033 0 0.109803922
v 0.0211215802 0.0133347902 0.0101118302 0.772549033 0 0.109803922
v 0.02182905 0.0147633404 0.00862499978 0.772549033 0 0.109803922
v 0.0212564208 0.0148154898 0.00862499978 0.772549033 0 0.109803922
v 0.0215593595 0.0118019404 0.00862499978 0.772549033 0 0.109803922
v 0.0209867302 0.0118540898 0.00862499978 0.772549033 0 0.109803922
v 0.0212770198 0.00870160013 0.0101118302 0.772549033 0 0.109803922
v 0.0207043905 0.00875374954 0.0101118302 0.772549033 0 0.109803922
v 0.0214118604 0.0101822997 0.00862499978 0.772549033 0 0.109803922
v 0.0208392292 0.01023445 0.00862499978 0.772549033 0 0.109803922
v 0.0211421698 0.00722090015 0.00862499978 0.772549033 0 0.109803922
v 0.0205695406 0.00727305003 0.00862499978 0.772549033 0 0.109803922
v 0.0208598301 0.00412055012 0.0101118302 0.772549033 0 0.109803922
v 0.0202871896 0.00417269999 0.0101118302 0.772549033 0 0.109803922
v 0.0209946707 0.0056012501 0.00862499978 0.772549033 0 0.109803922
v 0.0204220396 0.00565339997 0.00862499978 0.772549033 0 0.109803922
v 0.0207249802 0.0026398499 0.00862499978 0.772549033 0 0.109803922
v 0.0201523509 0.00269200001 0.00862499978 0.772549033 0 0.109803922
v 0.0204426292 -0.000460490002 0.0101118302 0.772549033 0 0.109803922
v 0.01987 -0.000408340013 0.0101118302 0.772549033 0 0.109803922
v 0.0205774792 0.00102020998 0.00862499978 0.772549033 0 0.109803922
v 0.0200048499 0.00107235997 0.00862499978 0.772549033 0 0.109803922
v 0.0202272609 -0.00282544992 0.00936342962 0.772549033 0 0.109803922
v 0.0203688797 -0.00127031002 0.0109249996 0.772549033 0 0.109803922
v 0.0202340409 -0.00275101 0.01241183 0.772549033 0 0.109803922
v 0.0202272609 -0.00282544992 0.0123370802 0.772549033 0 0.109803922
v 0.0202272609 -0.00282544992 0.0141129196 0.772549033 0 0.109803922
v 0.0202340409 -0.00275101 0.0140381698 0.772549033 0 0.109803922
v 0.0203688797 -0.00127031002 0.0155250002 0.772549033 0 0.109803922
v 0.0202340409 -0.00275101 0.0170118306 0.772549033 0 0.109803922
v 0.0202272609 -0.00282544992 0.0169370808 0.772549033 0 0.109803922
v 0.0202272609 -0.00282544992 0.0187129192 0.772549033 0 0.109803922
v 0.0202340409 -0.00275101 0.0186381694 0.772549033 0 0.109803922
v 0.0203688797 -0.00127031002 0.0201249998 0.772549033 0 0.109803922
v 0.0202272609 -0.00282544992 0.0216865707 0.772549033 0 0.109803922
v 0.0204426292 -0.000460490002 0.0209381692 0.772549033 0 0.109803922
v 0.0205774792 0.00102020998 0.0224249996 0.772549033 0 0.109803922
v 0.01987 -0.000408340013 0.0209381692 0.772549033 0 0.109803922
v 0.0200048499 0.00107235997 0.0224249996 0.772549033 0 0.109803922
v 0.0207249802 0.0026398499 0.0224249996 0.772549033 0 0.109803922
v 0.0208598301 0.00412055012 0.0209381692 0.772549033 0 0.109803922
v 0.0201523509 0.00269200001 0.0224249996 0.772549033 0 0.109803922
v 0.0202871896 0.00417269999 0.0209381692 0.772549033 0 0.109803922
v 0.0209946707 0.0056012501 0.0224249996 0.772549033 0 0.109803922
v 0.0204220396 0.00565339997 0.0224249996 0.772549033 0 0.109803922
v 0.0211421698 0.00722090015 0.0224249996 0.772549033 0 0.109803922
v 0.0212770198 0.00870160013 0.0209381692 0.772549033 0 0.109803922
v 0.0205695406 0.00727305003 0.0224249996 0.772549033 0 0.109803922
v 0.0207043905 0.00875374954 0.0209381692 0.772549033 0 0.109803922
v 0.0214118604 0.0101822997 0.0224249996 0.772549033 0 0.109803922
v 0.0208392292 0.01023445 0.0224249996 0.772549033 0 0.109803922
v 0.0215593595 0.0118019404 0.0224249996 0.772549033 0 0.109803922
v 0.0216942094 0.0132826399 0.0209381692 0.772549033 0 0.109803922
v 0.0209867302 0.0118540898 0.0224249996 0.772549033 0 0.109803922
v 0.0211215802 0.0133347902 0.0209381692 0.772549033 0 0.109803922
v 0.02182905 0.0147633404 0.0224249996 0.772549033 0 0.109803922
v 0.0212564208 0.0148154898 0.0224249996 0.772549033 0 0.109803922
v 0.0219765492 0.0163829792 0.0224249996 0.772549033 0 0.109803922
v 0.0221113991 0.0178636797 0.0209381692 0.772549033 0 0.109803922
v 0.0214039199 0.0164351296 0.0224249996 0.772549033 0 0.109803922
v 0.0215387698 0.01791583 0.0209381692 0.772549033 0 0.109803922
v 0.0222462397 0.0193443801 0.0224249996 0.772549033 0 0.109803922
v 0.0216736104 0.0193965305 0.0224249996 0.772549033 0 0.109803922
v 0.0223937407 0.0209640302 0.0224249996 0.772549033 0 0.109803922
v 0.0225285906 0.0224447306 0.0209381692 0.772549033 0 0.109803922
v 0.0218211096 0.0210161693 0.0224249996 0.772549033 0 0.109803922
v 0.0219559595 0.0224968698 0.0209381692 0.772549033 0 0.109803922
v 0.0226634294 0.0239254199 0.0224249996 0.772549033 0 0.109803922
v 0.0220908094 0.0239775702 0.0224249996 0.772549033 0 0.109803922
v 0.0228109304 0.0255450699 0.0224249996 0.772549033 0 0.109803922
v 0.0229457803 0.0270257704 0.0209381692 0.772549033 0 0.109803922
v 0.0222382993 0.0255972203 0.0224249996 0.772549033 0 0.109803922
v 0.0223731492 0.0270779207 0.0209381692 0.772549033 0 0.109803922
v 0.0232281294 0.0301261097 0.0224249996 0.772549033 0 0.109803922
v 0.02336297 0.0316068083 0.0209381692 0.772549033 0 0.109803922
v 0.0226555001 0.0301782601 0.0224249996 0.772549033 0 0.109803922
v 0.0227903407 0.0316589586 0.0209381692 0.772549033 0 0.109803922
v 0.0234978199 0.0330875106 0.0224249996 0.772549033 0 0.109803922
v 0.0229251906 0.033139661 0.0224249996 0.772549033 0 0.109803922
v 0.0236453209 0.0347071514 0.0224249996 0.772549033 0 0.109803922
v 0.0237801597 0.0361878499 0.0209381692 0.772549033 0 0.109803922
v 0.0230726898 0.0347593017 0.0224249996 0.772549033 0 0.109803922
v 0.0232075304 0.0362400003 0.0209381692 0.772549033 0 0.109803922
v 0.0239150096 0.0376685485 0.0224249996 0.772549033 0 0.109803922
v 0.0233423803 0.0377206989 0.0224249996 0.772549033 0 0.109803922
v 0.0260747094 0.0613835901 0.0232381709 0.772549033 0 0.109803922
v 0.0262095593 0.0628642887 0.0247249994 0.772549033 0 0.109803922
v 0.0255020801 0.0614357404 0.0232381709 0.772549033 0 0.109803922
v 0.02563693 0.0629164428 0.0247249994 0.772549033 0 0.109803922
v 0.0263570603 0.0644839332 0.0247249994 0.772549033 0 0.109803922
v 0.0264919102 0.0659646317 0.0232381709 0.772549033 0 0.109803922
v 0.0257844292 0.0645360798 0.0247249994 0.772549033 0 0.109803922
v 0.0259192791 0.0660167783 0.0232381709 0.772549033 0 0.109803922
v 0.0265469309 0.0665688589 0.0238449108 0.772549033 0 0.109803922
v 0.02596955 0.0665688589 0.0237925407 0.772549033 0 0.109803922
v 0.0264919102 0.0659646317 0.0216118302 0.772549033 0 0.109803922
v 0.0265469309 0.0665688589 0.0210050903 0.772549033 0 0.109803922
v 0.0263570603 0.0644839332 0.0201249998 0.772549033 0 0.109803922
v 0.0264919102 0.0659646317 0.0186381694 0.772549033 0 0.109803922
v 0.0265469309 0.0665688589 0.0192449093 0.772549033 0 0.109803922
v 0.0264919102 0.0659646317 0.0170118306 0.772549033 0 0.109803922
v 0.0265469309 0.0665688589 0.0164050907 0.772549033 0 0.109803922
v 0.0263570603 0.0644839332 0.0155250002 0.772549033 0 0.109803922
v 0.0264919102 0.0659646317 0.0140381698 0.772549033 0 0.109803922
v 0.0265469309 0.0665688589 0.0146449097 0.772549033 0 0.109803922
v 0.0264919102 0.0659646317 0.01241183 0.772549033 0 0.109803922
v 0.0265469309 0.0665688589 0.0118050901 0.772549033 0 0.109803922
v 0.0263570603 0.0644839332 0.0109249996 0.772549033 0 0.109803922
v 0.0264919102 0.0659646317 0.00943817012 0.772549033 0 0.109803922
v 0.0265469309 0.0665688589 0.01004491 0.772549033 0 0.109803922
v 0.0230806302 0.0285064708 0.0224249996 0.772549033 0 0.109803922
v 0.0225079991 0.0285586193 0.0224249996 0.772549033 0 0.109803922
v 0.0236600395 0.0665688589 0.00785194989 0.772549033 0 0.109803922
v 0.0236600395 0.0665688589 0.0231980495 0.772549033 0 0.109803922
v 0.0253921691 0.0665688589 0.00785194989 0.772549033 0 0.109803922
v 0.0253921691 0.0665688589 0.0231980495 0.772549033 0 0.109803922
v 0.0231543798 0.0293162894 0.00781182991 0.772549033 0 0.109803922
v 0.0225817505 0.0293684397 0.00781182991 0.772549033 0 0.109803922
v 0.0231904592 0.0297124702 0.00741400989 0.772549033 0 0.109803922
v 0.0226179995 0.0297665 0.00741211977 0.772549033 0 0.109803922
v 0.0233432706 0.0313904695 0.00735541014 0.772549033 0 0.109803922
v 0.0227708109 0.0314445011 0.00735352002 0.772549033 0 0.109803922
v 0.0228085592 0.0318590105 0.00733905006 0.772549033 0 0.109803922
v 0.0233813506 0.031808611 0.0073408098 0.772549033 0 0.109803922
v 0.0235238895 0.0333738215 0.00728615001 0.772549033 0 0.109803922
v 0.0229511 0.033424221 0.00728438981 0.772549033 0 0.109803922
v 0.0235715695 0.0338973291 0.00781182991 0.772549033 0 0.109803922
v 0.0229989402 0.0339494795 0.00781182991 0.772549033 0 0.109803922
v 0.0230502207 0.0345126018 0.00724638021 0.772549033 0 0.109803922
v 0.0236226805 0.0344585702 0.00724826986 0.772549033 0 0.109803922
v 0.02377549 0.0361365713 0.00718967011 0.772549033 0 0.109803922
v 0.0232030302 0.0361905918 0.00718778977 0.772549033 0 0.109803922
v 0.0232117306 0.0362860896 0.00718445005 0.772549033 0 0.109803922
v 0.0237845201 0.0362356901 0.00718620978 0.772549033 0 0.109803922
v 0.0239270609 0.0378009006 0.00713155 0.772549033 0 0.109803922
v 0.0233542696 0.0378513001 0.0071297898 0.772549033 0 0.109803922
v 0.0239887591 0.0384783708 0.00781182991 0.772549033 0 0.109803922
v 0.0234161299 0.0385305211 0.00781182991 0.772549033 0 0.109803922
v 0.02348244 0.0392586887 0.00708064996 0.772549033 0 0.109803922
v 0.0240548998 0.0392046608 0.00708252983 0.772549033 0 0.109803922
v 0.0243302304 0.0422279909 0.00697694998 0.772549033 0 0.109803922
v 0.0237574391 0.0422783792 0.00697518978 0.772549033 0 0.109803922
v 0.0244059507 0.0430594198 0.00781182991 0.772549033 0 0.109803922
v 0.0238333195 0.043111559 0.00781182991 0.772549033 0 0.109803922
v 0.0239146706 0.0440047905 0.00691490993 0.772549033 0 0.109803922
v 0.0244871192 0.0439507589 0.0069167898 0.772549033 0 0.109803922
v 0.0247334 0.04665507 0.00682236021 0.772549033 0 0.109803922
v 0.0241606105 0.0467054583 0.00682060001 0.772549033 0 0.109803922
v 0.0248231404 0.0476404615 0.00781182991 0.772549033 0 0.109803922
v 0.0242505092 0.0476926118 0.00781182991 0.772549033 0 0.109803922
v 0.0243468899 0.0487508886 0.0067491699 0.772549033 0 0.109803922
v 0.0249193497 0.0486968607 0.00675106002 0.772549033 0 0.109803922
v 0.0251365695 0.0510821491 0.0066677602 0.772549033 0 0.109803922
v 0.0245637801 0.0511325486 0.006666 0.772549033 0 0.109803922
v 0.02524033 0.0522214994 0.00781182991 0.772549033 0 0.109803922
v 0.0246677008 0.0522736497 0.00781182991 0.772549033 0 0.109803922
v 0.0247791093 0.0534969792 0.00658342987 0.772549033 0 0.109803922
v 0.0253515709 0.0534429587 0.00658531999 0.772549033 0 0.109803922
v 0.0255397409 0.0555092283 0.00651316019 0.772549033 0 0.109803922
v 0.0249669496 0.0555596314 0.00651139999 0.772549033 0 0.109803922
v 0.0256575197 0.056802541 0.00781182991 0.772549033 0 0.109803922
v 0.0250848904 0.0568546914 0.00781182991 0.772549033 0 0.109803922
v 0.0252113305 0.058243081 0.00641770009 0.772549033 0 0.109803922
v 0.0257837903 0.0581890494 0.00641957996 0.772549033 0 0.109803922
v 0.0259429105 0.0599363185 0.00635856995 0.772549033 0 0.109803922
v 0.0253701191 0.0599867105 0.00635681022 0.772549033 0 0.109803922
v 0.0256307498 0.0628485829 0.00625686999 0.772549033 0 0.109803922
v 0.0262035392 0.0627981871 0.00625863019 0.772549033 0 0.109803922
v 0.0263688304 0.0646131411 0.00619524997 0.772549033 0 0.109803922
v 0.0257963706 0.0646671802 0.00619335985 0.772549033 0 0.109803922
v 0.02596955 0.0665688589 0.00612695003 0.772549033 0 0.109803922
v 0.0202985294 -0.00204284 0.00852292962 0.772549033 0 0.109803922
v 0.01972574 -0.00199244008 0.00852117036 0.772549033 0 0.109803922
v 0.0199863706 0.00086943002 0.00842123013 0.772549033 0 0.109803922
v 0.02055916 0.000819029985 0.00842299033 0.772549033 0 0.109803922
v 0.0207499396 0.00291388994 0.00834983028 0.772549033 0 0.109803922
v 0.0201774705 0.00296791992 0.00834794994 0.772549033 0 0.109803922
v 0.0203895401 0.00529651018 0.00826662965 0.772549033 0 0.109803922
v 0.0209623296 0.00524612004 0.00826838985 0.772549033 0 0.109803922
v 0.0211821608 0.0076599801 0.00818409957 0.772549033 0 0.109803922
v 0.0206096992 0.00771400984 0.00818220992 0.772549033 0 0.109803922
v 0.0207927097 0.00972358976 0.0081120301 0.772549033 0 0.109803922
v 0.0213654991 0.00967319962 0.0081137903 0.772549033 0 0.109803922
v 0.0216143802 0.01240608 0.00801835954 0.772549033 0 0.109803922
v 0.0210419204 0.0124601098 0.00801646989 0.772549033 0 0.109803922
v 0.0211958792 0.01415068 0.00795743987 0.772549033 0 0.109803922
v 0.0217686705 0.0141002797 0.00795920007 0.772549033 0 0.109803922
v 0.0220465995 0.0171521809 0.00785262045 0.772549033 0 0.109803922
v 0.0214741398 0.0172062106 0.0078507401 0.772549033 0 0.109803922
v 0.0215990506 0.0185777601 0.00780283986 0.772549033 0 0.109803922
v 0.0221718401 0.0185273606 0.00780460006 0.772549033 0 0.109803922
v 0.0223143809 0.0200925693 0.0077499398 0.772549033 0 0.109803922
v 0.0217415895 0.0201429706 0.00774818007 0.772549033 0 0.109803922
v 0.0223199893 0.0201542005 0.00781182991 0.772549033 0 0.109803922
v 0.02174736 0.0202063508 0.00781182991 0.772549033 0 0.109803922
v 0.0217535496 0.0202743001 0.00774359982 0.772549033 0 0.109803922
v 0.0223260093 0.0202202797 0.00774548016 0.772549033 0 0.109803922
v 0.0224788208 0.0218982808 0.00768687995 0.772549033 0 0.109803922
v 0.0219063703 0.0219522994 0.00768500008 0.772549033 0 0.109803922
v 0.0220022202 0.0230048392 0.00764823984 0.772549033 0 0.109803922
v 0.0225750096 0.0229544397 0.00765000004 0.772549033 0 0.109803922
v 0.0227175504 0.0245196596 0.00759533979 0.772549033 0 0.109803922
v 0.0221447591 0.0245700497 0.00759358006 0.772549033 0 0.109803922
v 0.0227371808 0.0247352496 0.00781182991 0.772549033 0 0.109803922
v 0.0221645497 0.0247873999 0.00781182991 0.772549033 0 0.109803922
v 0.0221857708 0.0250204001 0.0075778598 0.772549033 0 0.109803922
v 0.0227582306 0.0249663703 0.00757974014 0.772549033 0 0.109803922
v 0.0229110494 0.0266443696 0.00752115017 0.772549033 0 0.109803922
v 0.0223385897 0.0266983993 0.00751926005 0.772549033 0 0.109803922
v 0.0224053897 0.0274319202 0.00749365008 0.772549033 0 0.109803922
v 0.0229781792 0.02738153 0.00749540981 0.772549033 0 0.109803922
v 0.0231207199 0.0289467406 0.00744075002 0.772549033 0 0.109803922
v 0.0225479305 0.0289971307 0.00743898982 0.772549033 0 0.109803922
v 0.0184308793 0.0281692296 0.0091928998 0.772549033 0 0.109803922
v 0.0184308793 0.0281692296 0.0218570996 0.772549033 0 0.109803922
v 0.0185356103 0.0293192305 0.00915274024 0.772549033 0 0.109803922
v 0.0185356103 0.0293192305 0.0218972601 0.772549033 0 0.109803922
v 0.0175406802 0.0183942299 0.00953425001 0.772549033 0 0.109803922
v 0.0175406802 0.0183942299 0.0215157494 0.772549033 0 0.109803922
v 0.0176454093 0.0195442308 0.00949409045 0.772549033 0 0.109803922
v 0.0176454093 0.0195442308 0.0215559099 0.772549033 0 0.109803922
v 0.0193210803 0.0379442312 0.00885154959 0.772549033 0 0.109803922
v 0.0193210803 0.0379442312 0.0221984498 0.772549033 0 0.109803922
v 0.0194258094 0.0390942283 0.00881139003 0.772549033 0 0.109803922
v 0.0194258094 0.0390942283 0.0222386103 0.772549033 0 0.109803922
v 0.0202112794 0.047719229 0.00851020031 0.772549033 0 0.109803922
v 0.0202112794 0.047719229 0.0225398 0.772549033 0 0.109803922
v 0.0203160103 0.0488692299 0.00847003981 0.772549033 0 0.109803922
v 0.0203160103 0.0488692299 0.0225799605 0.772549033 0 0.109803922
v 0.0211014803 0.0574942306 0.00816885009 0.772549033 0 0.109803922
v 0.0211014803 0.0574942306 0.0228811502 0.772549033 0 0.109803922
v 0.0212062094 0.0586442314 0.0081286896 0.772549033 0 0.109803922
v 0.0212062094 0.0586442314 0.0229213107 0.772549033 0 0.109803922
v 0.0224053897 0.0274319202 0.0235563498 0.772549033 0 0.109803922
v 0.0223385897 0.0266983993 0.0235307403 0.772549033 0 0.109803922
v 0.0229110494 0.0266443696 0.0235288497 0.772549033 0 0.109803922
v 0.0227371808 0.0247352496 0.0232381709 0.772549033 0 0.109803922
v 0.0227582306 0.0249663703 0.0234702602 0.772549033 0 0.109803922
v 0.0221645497 0.0247873999 0.0232381709 0.772549033 0 0.109803922
v 0.0221857708 0.0250204001 0.0234721396 0.772549033 0 0.109803922
v 0.0221447591 0.0245700497 0.0234564207 0.772549033 0 0.109803922
v 0.0227175504 0.0245196596 0.0234546605 0.772549033 0 0.109803922
v 0.0225750096 0.0229544397 0.0233999994 0.772549033 0 0.109803922
v 0.0220022202 0.0230048392 0.0234017596 0.772549033 0 0.109803922
v 0.0219063703 0.0219522994 0.0233650003 0.772549033 0 0.109803922
v 0.0224788208 0.0218982808 0.0233631209 0.772549033 0 0.109803922
v 0.0223199893 0.0201542005 0.0232381709 0.772549033 0 0.109803922
v 0.0223260093 0.0202202797 0.0233045202 0.772549033 0 0.109803922
v 0.02174736 0.0202063508 0.0232381709 0.772549033 0 0.109803922
v 0.0217535496 0.0202743001 0.0233064108 0.772549033 0 0.109803922
v 0.0217415895 0.0201429706 0.0233018193 0.772549033 0 0.109803922
v 0.0223143809 0.0200925693 0.0233000591 0.772549033 0 0.109803922
v 0.0221718401 0.0185273606 0.0232453998 0.772549033 0 0.109803922
v 0.0215990506 0.0185777601 0.02324716 0.772549033 0 0.109803922
v 0.0214741398 0.0172062106 0.0231992602 0.772549033 0 0.109803922
v 0.0220465995 0.0171521809 0.0231973808 0.772549033 0 0.109803922
v 0.0217686705 0.0141002797 0.0230908003 0.772549033 0 0.109803922
v 0.0211958792 0.01415068 0.0230925605 0.772549033 0 0.109803922
v 0.0210419204 0.0124601098 0.0230335295 0.772549033 0 0.109803922
v 0.0216143802 0.01240608 0.0230316408 0.772549033 0 0.109803922
v 0.0213654991 0.00967319962 0.02293621 0.772549033 0 0.109803922
v 0.0207927097 0.00972358976 0.0229379702 0.772549033 0 0.109803922
v 0.0206096992 0.00771400984 0.0228677895 0.772549033 0 0.109803922
v 0.0211821608 0.0076599801 0.0228659008 0.772549033 0 0.109803922
v 0.0209623296 0.00524612004 0.0227816105 0.772549033 0 0.109803922
v 0.0203895401 0.00529651018 0.0227833707 0.772549033 0 0.109803922
v 0.0201774705 0.00296791992 0.0227020495 0.772549033 0 0.109803922
v 0.0207499396 0.00291388994 0.0227001701 0.772549033 0 0.109803922
v 0.02055916 0.000819029985 0.0226270091 0.772549033 0 0.109803922
v 0.0199863706 0.00086943002 0.0226287693 0.772549033 0 0.109803922
v 0.01972574 -0.00199244008 0.0225288309 0.772549033 0 0.109803922
v 0.0202985294 -0.00204284 0.0225270707 0.772549033 0 0.109803922
v 0.0174230207 -0.0022412301 0.00852985028 0.772549033 0 0.109803922
v 0.0202272609 -0.00282544992 0.00855026022 0.772549033 0 0.109803922
v 0.0174230207 -0.0022412301 0.0225201491 0.772549033 0 0.109803922
v 0.0202272609 -0.00282544992 0.0224997401 0.772549033 0 0.109803922
v 0.0265469309 0.0665688589 0.00883143954 0.772549033 0 0.109803922
v 0.0219279006 0.0665688589 0.0249230508 0.772549033 0 0.109803922
v 0.02596955 0.0665688589 0.0249230508 0.772549033 0 0.109803922
v 0.0219279006 0.0665688589 0.00612695003 0.772549033 0 0.109803922
v 0.0265469309 0.0665688589 0.0222185608 0.772549033 0 0.109803922
v 0.0257963706 0.0646671802 0.02485664 0.772549033 0 0.109803922
v 0.0263688304 0.0646131411 0.0248547494 0.772549033 0 0.109803922
v 0.0262035392 0.0627981871 0.0247913692 0.772549033 0 0.109803922
v 0.0256307498 0.0628485829 0.0247931294 0.772549033 0 0.109803922
v 0.0253701191 0.0599867105 0.0246931892 0.772549033 0 0.109803922
v 0.0259429105 0.0599363185 0.0246914309 0.772549033 0 0.109803922
v 0.0256575197 0.056802541 0.0232381709 0.772549033 0 0.109803922
v 0.0257837903 0.0581890494 0.0246304199 0.772549033 0 0.109803922
v 0.0250848904 0.0568546914 0.0232381709 0.772549033 0 0.109803922
v 0.0252113305 0.058243081 0.0246323105 0.772549033 0 0.109803922
v 0.0249669496 0.0555596314 0.0245386008 0.772549033 0 0.109803922
v 0.0255397409 0.0555092283 0.0245368406 0.772549033 0 0.109803922
v 0.02524033 0.0522214994 0.0232381709 0.772549033 0 0.109803922
v 0.0253515709 0.0534429587 0.0244646799 0.772549033 0 0.109803922
v 0.0246677008 0.0522736497 0.0232381709 0.772549033 0 0.109803922
v 0.0247791093 0.0534969792 0.0244665705 0.772549033 0 0.109803922
v 0.0245637801 0.0511325486 0.0243839994 0.772549033 0 0.109803922
v 0.0251365695 0.0510821491 0.0243822392 0.772549033 0 0.109803922
v 0.0248231404 0.0476404615 0.0232381709 0.772549033 0 0.109803922
v 0.0249193497 0.0486968607 0.0242989399 0.772549033 0 0.109803922
v 0.0242505092 0.0476926118 0.0232381709 0.772549033 0 0.109803922
v 0.0243468899 0.0487508886 0.0243008304 0.772549033 0 0.109803922
v 0.0241606105 0.0467054583 0.0242293999 0.772549033 0 0.109803922
v 0.0247334 0.04665507 0.0242276397 0.772549033 0 0.109803922
v 0.0244059507 0.0430594198 0.0232381709 0.772549033 0 0.109803922
v 0.0244871192 0.0439507589 0.0241332091 0.772549033 0 0.109803922
v 0.0238333195 0.043111559 0.0232381709 0.772549033 0 0.109803922
v 0.0239146706 0.0440047905 0.0241350904 0.772549033 0 0.109803922
v 0.0237574391 0.0422783792 0.0240748003 0.772549033 0 0.109803922
v 0.0243302304 0.0422279909 0.0240730494 0.772549033 0 0.109803922
v 0.0239887591 0.0384783708 0.0232381709 0.772549033 0 0.109803922
v 0.0240548998 0.0392046608 0.0239674691 0.772549033 0 0.109803922
v 0.0234161299 0.0385305211 0.0232381709 0.772549033 0 0.109803922
v 0.02348244 0.0392586887 0.0239693504 0.772549033 0 0.109803922
v 0.0233542696 0.0378513001 0.0239202101 0.772549033 0 0.109803922
v 0.0239270609 0.0378009006 0.0239184499 0.772549033 0 0.109803922
v 0.0237845201 0.0362356901 0.0238637906 0.772549033 0 0.109803922
v 0.0232117306 0.0362860896 0.0238655508 0.772549033 0 0.109803922
v 0.0232030302 0.0361905918 0.0238622203 0.772549033 0 0.109803922
v 0.02377549 0.0361365713 0.0238603298 0.772549033 0 0.109803922
v 0.0235715695 0.0338973291 0.0232381709 0.772549033 0 0.109803922
v 0.0236226805 0.0344585702 0.0238017291 0.772549033 0 0.109803922
v 0.0229989402 0.0339494795 0.0232381709 0.772549033 0 0.109803922
v 0.0230502207 0.0345126018 0.0238036197 0.772549033 0 0.109803922
v 0.0229511 0.033424221 0.0237656105 0.772549033 0 0.109803922
v 0.0235238895 0.0333738215 0.0237638503 0.772549033 0 0.109803922
v 0.0233813506 0.031808611 0.0237091891 0.772549033 0 0.109803922
v 0.0228085592 0.0318590105 0.0237109493 0.772549033 0 0.109803922
v 0.0227708109 0.0314445011 0.0236964803 0.772549033 0 0.109803922
v 0.0233432706 0.0313904695 0.0236945897 0.772549033 0 0.109803922
v 0.0231543798 0.0293162894 0.0232381709 0.772549033 0 0.109803922
v 0.0231904592 0.0297124702 0.0236359909 0.772549033 0 0.109803922
v 0.0225817505 0.0293684397 0.0232381709 0.772549033 0 0.109803922
v 0.0226179995 0.0297665 0.0236378796 0.772549033 0 0.109803922
v 0.0225479305 0.0289971307 0.0236110091 0.772549033 0 0.109803922
v 0.0231207199 0.0289467406 0.0236092508 0.772549033 0 0.109803922
v 0.0229781792 0.02738153 0.0235546008 0.772549033 0 0.109803922
v 0.01666582 -0.00202853 0.00852242019 0.772549033 0 0.109803922
v 0.0167202298 -0.00204750989 0.0225269105 0.772549033 0 0.109803922
v 0.0159447808 -0.00171452004 0.00851145014 0.772549033 0 0.109803922
v 0.0160476696 -0.00176651997 0.0225367192 0.772549033 0 0.109803922
v 0.0152735198 -0.00130520004 0.00849714968 0.772549033 0 0.109803922
v 0.01541619 -0.00140290998 0.0225494206 0.772549033 0 0.109803922
v 0.0146645196 -0.000808259996 0.00847980008 0.772549033 0 0.109803922
v 0.0148359397 -0.000962489983 0.0225648005 0.772549033 0 0.109803922
v 0.0141653297 -0.000277299987 0.00846126024 0.772549033 0 0.109803922
v 0.0142776296 -0.000408889988 0.0225841291 0.772549033 0 0.109803922
v 0.0137372697 0.000312590011 0.00844066963 0.772549033 0 0.109803922
v 0.0138000501 0.000215799999 0.02260595 0.772549033 0 0.109803922
v 0.01338722 0.000951999973 0.00841834024 0.772549033 0 0.109803922
v 0.0134120099 0.000899899984 0.0226298403 0.772549033 0 0.109803922
v 0.0131209102 0.00163049996 0.00839465018 0.772549033 0 0.109803922
v 0.0131209102 0.00163049996 0.0226553492 0.772549033 0 0.109803922
v 0.0121378303 0.0115 0.0212750006 0.772549033 0 0.109803922
v 0.01391898 0.0115 0.0212750006 0.772549033 0 0.109803922
v 0.01391898 0.0115 0.00977499969 0.772549033 0 0.109803922
v 0.0121378303 0.0115 0.00977499969 0.772549033 0 0.109803922
v 0.0169128291 0.0115 0.0080500003 0.772549033 0 0.109803922
v 0.00995283015 0.0115 0.0080500003 0.772549033 0 0.109803922
v 0.0169128291 0.0115 0.023 0.772549033 0 0.109803922
v 0.00995283015 0.0115 0.023 0.772549033 0 0.109803922
vn 0.995878577 -0.0906966031 -3.40702172e-07
vn 0.995878637 -0.0906966105 9.04686821e-14
vn 0.995878577 -0.0906965882 5.42814695e-14
vn 0.995878577 -0.0906965882 5.42814695e-14
vn 0.995878637 -0.0906966105 9.04686821e-14
vn 0.995878577 -0.0906965956 3.407024e-07
vn 0.995878577 -0.0906964764 -6.81403549e-07
vn 0.995878518 -0.0906964764 1.08562227e-13
vn 0.995878518 -0.0906964839 0
vn 0.995878518 -0.0906964839 0
vn 0.995878518 -0.0906964764 1.08562227e-13
vn 0.995878637 -0.0906964913 6.81403776e-07
vn 0.995878875 -0.0906932652 -4.25448252e-06
vn 0.995878875 -0.0906932503 0
vn 0.995878935 -0.0906932727 0
vn 0.995878935 -0.0906932727 0
vn 0.995878875 -0.0906932503 0
vn 0.995878875 -0.0906932652 4.25448252e-06
vn 0.995878875 -0.0906932652 -3.00738702e-06
vn 0.995878875 -0.0906932503 0
vn 0.995878935 -0.0906932727 0
vn 0.995878935 -0.0906932727 0
vn 0.995878875 -0.0906932503 0
vn 0.995878875 -0.0906932652 3.00738702e-06
vn 0.995878875 -0.0906932652 3.00738816e-06
vn 0.995878816 -0.0906932577 0
vn 0.995878875 -0.0906932577 5.79002341e-13
vn 0.995878875 -0.0906932577 5.79002341e-13
vn 0.995878816 -0.0906932577 0
vn 0.995878875 -0.0906932652 -3.00738702e-06
vn 0.995878935 -0.0906926394 3.85592648e-06
vn 0.995878875 -0.0906926394 0
vn 0.995878935 -0.0906926617 0
vn 0.995878935 -0.0906926617 0
vn 0.995878875 -0.0906926394 0
vn 0.995878935 -0.0906926394 -3.85592648e-06
vn 0.995878875 -0.0906932652 3.23237828e-06
vn 0.995878816 -0.0906932577 1.44750504e-13
vn 0.995878935 -0.0906932652 -4.34251105e-13
vn 0.995878935 -0.0906932652 -4.34251105e-13
vn 0.995878816 -0.0906932577 1.44750504e-13
vn 0.995878875 -0.0906932652 -3.23237964e-06
vn 0.995878875 -0.0906932652 -3.00738702e-06
vn 0.995878875 -0.0906932503 0
vn 0.995878935 -0.0906932727 0
vn 0.995878935 -0.0906932727 0
vn 0.995878875 -0.0906932503 0
vn 0.995878875 -0.0906932652 3.00738702e-06
vn 0.995878577 -0.0906966031 -3.40702172e-07
vn 0.995878518 -0.0906965956 0
vn 0.995878577 -0.0906965882 0
vn 0.995878577 -0.0906965882 0
vn 0.995878518 -0.0906965956 0
vn 0.995878577 -0.0906966031 3.40702172e-07
vn 0.995878875 -0.0906933621 3.11774352e-06
vn 0.995878875 -0.090693377 0
vn 0.995878935 -0.090693377 0
vn 0.995878935 -0.090693377 0
vn 0.995878875 -0.090693377 0
vn 0.995878875 -0.0906933621 -3.11774352e-06
vn 0.995878935 -0.0906926394 3.85592648e-06
vn 0.995878875 -0.0906926394 0
vn 0.995878935 -0.0906926617 0
vn 0.995878935 -0.0906926617 0
vn 0.995878875 -0.0906926394 0
vn 0.995878935 -0.0906926394 -3.85592648e-06
vn 0.995878577 -0.0906964839 -6.81403947e-07
vn 0.995878577 -0.0906964839 -7.23748318e-14
vn 0.995878518 -0.0906964839 -7.23755094e-14
vn 0.995878518 -0.0906964839 -7.23755094e-14
vn 0.995878577 -0.0906964839 -7.23748318e-14
vn 0.995878577 -0.0906964764 6.81403549e-07
vn 0.995878875 -0.0906932652 3.00738702e-06
vn 0.995878816 -0.0906932577 0
vn 0.995878875 -0.0906932577 -5.79002341e-13
vn 0.995878875 -0.0906932577 -5.79002341e-13
vn 0.995878816 -0.0906932577 0
vn 0.995878875 -0.0906932652 -3.00738816e-06
vn 0.995878875 -0.0906932876 -3.12095426e-06
vn 0.995878816 -0.0906932727 0
vn 0.995878816 -0.0906932801 0
vn 0.995878816 -0.0906932801 0
vn 0.995878816 -0.0906932727 0
vn 0.995878875 -0.0906932876 3.12095426e-06
vn 0.995878875 -0.0906932652 3.00738702e-06
vn 0.995878935 -0.0906932727 0
vn 0.995878875 -0.0906932503 0
vn 0.995878875 -0.0906932503 0
vn 0.995878935 -0.0906932727 0
vn 0.995878875 -0.0906932652 -3.00738702e-06
vn 0.995878577 -0.0906964764 -6.81403549e-07
vn 0.995878518 -0.0906964764 0
vn 0.995878577 -0.0906964913 0
vn 0.995878577 -0.0906964913 0
vn 0.995878518 -0.0906964764 0
vn 0.995878577 -0.0906964764 6.81403549e-07
vn 0.995878875 -0.0906932652 -4.25448252e-06
vn 0.995878875 -0.0906932503 0
vn 0.995878935 -0.0906932727 0
vn 0.995878935 -0.0906932727 0
vn 0.995878875 -0.0906932503 0
vn 0.995878875 -0.0906932652 4.25448252e-06
vn 0.995878875 -0.0906932652 -3.00738702e-06
vn 0.995878875 -0.0906932503 2.89501116e-13
vn 0.995878875 -0.0906932652 -1.44750274e-13
vn 0.995878875 -0.0906932652 -1.44750274e-13
vn 0.995878875 -0.0906932503 2.89501116e-13
vn 0.995878875 -0.0906932727 3.0073877e-06
vn 0.995878875 -0.0906932652 -4.25448252e-06
vn 0.995878875 -0.0906932577 0
vn 0.995878875 -0.0906932652 -2.89500547e-13
vn 0.995878875 -0.0906932652 -2.89500547e-13
vn 0.995878875 -0.0906932577 0
vn 0.995878875 -0.0906932727 4.25448343e-06
vn 0.995878875 -0.0906926394 -3.8559283e-06
vn 0.995878935 -0.0906926543 -4.34251159e-13
vn 0.995878935 -0.0906926394 -5.79001961e-13
vn 0.995878935 -0.0906926394 -5.79001961e-13
vn 0.995878935 -0.0906926543 -4.34251159e-13
vn 0.995878935 -0.0906926394 3.85592648e-06
vn 0.995878875 -0.0906933621 3.11774352e-06
vn 0.995878875 -0.090693377 0
vn 0.995878935 -0.090693377 0
vn 0.995878935 -0.090693377 0
vn 0.995878875 -0.090693377 0
vn 0.995878875 -0.0906933621 -3.11774352e-06
vn 0.995878875 -0.0906932652 -3.00738702e-06
vn 0.995878875 -0.0906932503 0
vn 0.995878935 -0.0906932727 0
vn 0.995878935 -0.0906932727 0
vn 0.995878875 -0.0906932503 0
vn 0.995878875 -0.0906932652 3.00738702e-06
vn 0.995878875 -0.0906932652 -3.23237828e-06
vn 0.995878816 -0.0906932577 0
vn 0.995878816 -0.0906932577 0
vn 0.995878816 -0.0906932577 0
vn 0.995878816 -0.0906932577 0
vn 0.995878875 -0.0906932652 3.23237828e-06
vn 0.995878577 -0.0906964764 6.81403549e-07
vn 0.995878577 -0.0906964913 0
vn 0.995878518 -0.0906964764 0
vn 0.995878518 -0.0906964764 0
vn 0.995878577 -0.0906964913 0
vn 0.995878577 -0.0906964764 -6.81403549e-07
vn 0.995878875 -0.0906932652 -3.23237828e-06
vn 0.995878816 -0.0906932577 0
vn 0.995878816 -0.0906932577 0
vn 0.995878816 -0.0906932577 0
vn 0.995878816 -0.0906932577 0
vn 0.995878875 -0.0906932652 3.23237828e-06
vn 0.995878875 -0.090693377 3.11774556e-06
vn 0.995878935 -0.0906933844 -1.44750314e-13
vn 0.995878875 -0.090693377 2.89500737e-13
vn 0.995878875 -0.090693377 2.89500737e-13
vn 0.995878935 -0.0906933844 -1.44750314e-13
vn 0.995878875 -0.0906933621 -3.11774352e-06
vn 0.995878875 -0.0906932652 -3.00738702e-06
vn 0.995878875 -0.0906932577 5.79002341e-13
vn 0.995878816 -0.0906932577 0
vn 0.995878816 -0.0906932577 0
vn 0.995878875 -0.0906932577 5.79002341e-13
vn 0.995878875 -0.0906932652 3.00738816e-06
vn 0.995878577 -0.0906966031 3.40702172e-07
vn 0.995878577 -0.0906965882 -5.42814593e-14
vn 0.995878518 -0.0906965956 -7.23749267e-14
vn 0.995878518 -0.0906965956 -7.23749267e-14
vn 0.995878577 -0.0906965882 -5.42814593e-14
vn 0.995878577 -0.0906966031 -3.40702314e-07
vn 0.995878875 -0.090693377 -3.11774556e-06
vn 0.995878875 -0.090693377 -2.89500737e-13
vn 0.995878935 -0.0906933844 1.44750314e-13
vn 0.995878935 -0.0906933844 1.44750314e-13
vn 0.995878875 -0.090693377 -2.89500737e-13
vn 0.995878875 -0.0906933621 3.11774352e-06
vn 0.995878875 -0.0906932652 3.00738702e-06
vn 0.995878816 -0.0906932577 0
vn 0.995878875 -0.0906932577 -5.79002341e-13
vn 0.995878875 -0.0906932577 -5.79002341e-13
vn 0.995878816 -0.0906932577 0
vn 0.995878875 -0.0906932652 -3.00738816e-06
vn 0.995878875 -0.0906932652 -3.23237828e-06
vn 0.995878816 -0.0906932577 0
vn 0.995878816 -0.0906932577 0
vn 0.995878816 -0.0906932577 0
vn 0.995878816 -0.0906932577 0
vn 0.995878875 -0.0906932652 3.23237828e-06
vn 0.995878577 -0.0906964764 6.81403549e-07
vn 0.995878577 -0.0906964913 0
vn 0.995878518 -0.0906964764 0
vn 0.995878518 -0.0906964764 0
vn 0.995878577 -0.0906964913 0
vn 0.995878577 -0.0906964764 -6.81403549e-07
vn 0.995878875 -0.0906932652 -3.00738702e-06
vn 0.995878875 -0.0906932503 0
vn 0.995878935 -0.0906932727 0
vn 0.995878935 -0.0906932727 0
vn 0.995878875 -0.0906932503 0
vn 0.995878875 -0.0906932652 3.00738702e-06
vn 0.995878577 -0.0906966031 -3.40702172e-07
vn 0.995878518 -0.0906965956 0
vn 0.995878577 -0.0906965882 0
vn 0.995878577 -0.0906965882 0
vn 0.995878518 -0.0906965956 0
vn 0.995878577 -0.0906966031 3.40702172e-07
vn 0.995878935 -0.0906926394 -3.74450201e-06
vn 0.995878875 -0.0906926468 8.68502644e-13
vn 0.995878875 -0.0906926394 1.01325274e-12
vn 0.995878875 -0.0906926394 1.01325274e-12
vn 0.995878875 -0.0906926468 8.68502644e-13
vn 0.995878875 -0.0906926394 3.74450406e-06
vn 0.995878875 -0.0906932652 3.00738702e-06
vn 0.995878875 -0.0906932652 1.44750274e-13
vn 0.995878875 -0.0906932503 -2.89501116e-13
vn 0.995878875 -0.0906932503 -2.89501116e-13
vn 0.995878875 -0.0906932652 1.44750274e-13
vn 0.995878875 -0.0906932727 -3.0073877e-06
vn 0.995878577 -0.0906964764 -6.81403549e-07
vn 0.995878577 -0.0906964839 7.23748318e-14
vn 0.995878518 -0.0906964839 7.23755094e-14
vn 0.995878518 -0.0906964839 7.23755094e-14
vn 0.995878577 -0.0906964839 7.23748318e-14
vn 0.995878577 -0.0906964839 6.81403947e-07
vn 0.995878935 -0.0906926394 3.85592648e-06
vn 0.995878875 -0.0906926394 0
vn 0.995878935 -0.0906926617 0
vn 0.995878935 -0.0906926617 0
vn 0.995878875 -0.0906926394 0
vn 0.995878935 -0.0906926394 -3.85592648e-06
vn 0.995878935 -0.0906926394 -3.85592648e-06
vn 0.995878935 -0.0906926617 0
vn 0.995878875 -0.0906926394 0
vn 0.995878875 -0.0906926394 0
vn 0.995878935 -0.0906926617 0
vn 0.995878935 -0.0906926394 3.85592648e-06
vn 0.995878875 -0.0906933621 -3.11774352e-06
vn 0.995878935 -0.090693377 0
vn 0.995878875 -0.090693377 0
vn 0.995878875 -0.090693377 0
vn 0.995878935 -0.090693377 0
vn 0.995878875 -0.0906933621 3.11774352e-06
vn 0.995878875 -0.0906932652 3.00738702e-06
vn 0.995878935 -0.0906932727 0
vn 0.995878875 -0.0906932503 0
vn 0.995878875 -0.0906932503 0
vn 0.995878935 -0.0906932727 0
vn 0.995878875 -0.0906932652 -3.00738702e-06
vn 0.995878875 -0.0906932652 3.12095403e-06
vn 0.995878875 -0.0906932652 0
vn 0.995878816 -0.0906932652 0
vn 0.995878816 -0.0906932652 0
vn 0.995878875 -0.0906932652 0
vn 0.995878875 -0.0906932652 -3.12095403e-06
vn 0.995878935 -0.0906926394 -3.74450201e-06
vn 0.995878935 -0.0906926543 0
vn 0.995878875 -0.0906926468 0
vn 0.995878875 -0.0906926468 0
vn 0.995878935 -0.0906926543 0
vn 0.995878935 -0.0906926394 3.74450201e-06
vn 0.995878875 -0.0906932652 -3.00738702e-06
vn 0.995878875 -0.0906932503 0
vn 0.995878935 -0.0906932727 0
vn 0.995878935 -0.0906932727 0
vn 0.995878875 -0.0906932503 0
vn 0.995878875 -0.0906932652 3.00738702e-06
vn 0.995878875 -0.0906932652 3.00738702e-06
vn 0.995878935 -0.0906932727 0
vn 0.995878875 -0.0906932503 0
vn 0.995878875 -0.0906932503 0
vn 0.995878935 -0.0906932727 0
vn 0.995878875 -0.0906932652 -3.00738702e-06
vn 0.995878577 -0.0906964764 -6.81403549e-07
vn 0.995878518 -0.0906964764 0
vn 0.995878577 -0.0906964913 0
vn 0.995878577 -0.0906964913 0
vn 0.995878518 -0.0906964764 0
vn 0.995878577 -0.0906964764 6.81403549e-07
vn 0.995878875 -0.0906932652 -4.25448479e-06
vn 0.995878875 -0.0906932577 -8.68503511e-13
vn 0.995878875 -0.0906932652 -5.79001094e-13
vn 0.995878875 -0.0906932652 -5.79001094e-13
vn 0.995878875 -0.0906932577 -8.68503511e-13
vn 0.995878875 -0.0906932652 4.25448252e-06
vn 0.995878935 -0.0906926394 3.85592648e-06
vn 0.995878935 -0.0906926394 -5.79001961e-13
vn 0.995878935 -0.0906926543 -4.34251159e-13
vn 0.995878935 -0.0906926543 -4.34251159e-13
vn 0.995878935 -0.0906926394 -5.79001961e-13
vn 0.995878875 -0.0906926394 -3.8559283e-06
vn 0.995878994 -0.0906926617 3.85592739e-06
vn 0.995878935 -0.0906926394 -4.34251485e-13
vn 0.995878935 -0.0906926468 2.8950071e-13
vn 0.995878935 -0.0906926468 2.8950071e-13
vn 0.995878935 -0.0906926394 -4.34251485e-13
vn 0.995878935 -0.0906926394 -3.85592648e-06
vn 0.995878577 -0.0906964168 5.78549795e-08
vn 0.995878637 -0.0906964093 0
vn 0.995878518 -0.0906964093 0
vn 0.995878518 -0.0906964093 0
vn 0.995878637 -0.0906964093 0
vn 0.995878577 -0.0906964168 -5.78549795e-08
vn 0.995878875 -0.0906932652 3.00738816e-06
vn 0.995878816 -0.0906932577 0
vn 0.995878875 -0.0906932577 5.79002341e-13
vn 0.995878875 -0.0906932577 5.79002341e-13
vn 0.995878816 -0.0906932577 0
vn 0.995878875 -0.0906932652 -3.00738702e-06
vn 0.995878875 -0.0906932652 -3.23237828e-06
vn 0.995878935 -0.0906932652 4.34251105e-13
vn 0.995878816 -0.0906932577 -1.44750504e-13
vn 0.995878816 -0.0906932577 -1.44750504e-13
vn 0.995878935 -0.0906932652 4.34251105e-13
vn 0.995878875 -0.0906932652 3.23237964e-06
vn 0.995878875 -0.0906932876 3.14559679e-06
vn 0.995878816 -0.0906932652 -4.34251159e-13
vn 0.995878816 -0.0906932652 -4.34251159e-13
vn 0.995878816 -0.0906932652 -4.34251159e-13
vn 0.995878816 -0.0906932652 -4.34251159e-13
vn 0.995878875 -0.0906932876 -3.14559838e-06
vn 0.995878935 -0.0906933099 3.1755967e-06
vn 0.995878875 -0.0906933099 0
vn 0.995878816 -0.090693295 0
vn 0.995878816 -0.090693295 0
vn 0.995878875 -0.0906933099 0
vn 0.995878935 -0.0906933099 -3.1755967e-06
vn 0.995878577 -0.0906964168 5.7855015e-08
vn 0.995878577 -0.0906964019 1.13086276e-14
vn 0.995878577 -0.0906964168 2.26172408e-15
vn 0.995878577 -0.0906964168 2.26172408e-15
vn 0.995878577 -0.0906964019 1.13086276e-14
vn 0.995878577 -0.0906964168 -5.78549795e-08
vn 0.995878935 -0.0906926394 -3.74450201e-06
vn 0.995878935 -0.0906926543 0
vn 0.995878875 -0.0906926468 0
vn 0.995878875 -0.0906926468 0
vn 0.995878935 -0.0906926543 0
vn 0.995878935 -0.0906926394 3.74450201e-06
vn 0.995878875 -0.0906932652 3.00738702e-06
vn 0.995878935 -0.0906932727 0
vn 0.995878875 -0.0906932503 0
vn 0.995878875 -0.0906932503 0
vn 0.995878935 -0.0906932727 0
vn 0.995878875 -0.0906932652 -3.00738702e-06
vn 0.995878875 -0.0906932652 -3.23237828e-06
vn 0.995878816 -0.0906932577 0
vn 0.995878816 -0.0906932577 0
vn 0.995878816 -0.0906932577 0
vn 0.995878816 -0.0906932577 0
vn 0.995878875 -0.0906932652 3.23237828e-06
vn 0.995878875 -0.0906932876 -3.11774033e-06
vn 0.995878816 -0.0906932727 0
vn 0.995878816 -0.0906932801 0
vn 0.995878816 -0.0906932801 0
vn 0.995878816 -0.0906932727 0
vn 0.995878875 -0.0906932876 3.11774033e-06
vn 0.995878577 -0.0906970128 -6.23548203e-07
vn 0.995878518 -0.0906970128 -3.61876124e-14
vn 0.995878577 -0.0906970128 0
vn 0.995878577 -0.0906970128 0
vn 0.995878518 -0.0906970128 -3.61876124e-14
vn 0.995878577 -0.0906970128 6.23547862e-07
vn 0.995878994 -0.0906926692 -3.7691475e-06
vn 0.995878875 -0.0906926468 -7.23752005e-13
vn 0.995878935 -0.0906926543 -1.44750382e-13
vn 0.995878935 -0.0906926543 -1.44750382e-13
vn 0.995878875 -0.0906926468 -7.23752005e-13
vn 0.995878994 -0.0906926766 3.76914545e-06
vn 0.995878875 -0.0906932876 -3.0920271e-06
vn 0.995878816 -0.0906932727 0
vn 0.995878816 -0.0906932801 0
vn 0.995878816 -0.0906932801 0
vn 0.995878816 -0.0906932727 0
vn 0.995878875 -0.0906932876 3.0920271e-06
vn 0.995878875 -0.0906932876 3.0920271e-06
vn 0.995878816 -0.0906932801 0
vn 0.995878816 -0.0906932727 0
vn 0.995878816 -0.0906932727 0
vn 0.995878816 -0.0906932801 0
vn 0.995878875 -0.0906932876 -3.0920271e-06
vn 0.995878935 -0.0906933099 3.1755967e-06
vn 0.995878816 -0.090693295 -4.34251159e-13
vn 0.995878935 -0.0906933099 -4.34251105e-13
vn 0.995878935 -0.0906933099 -4.34251105e-13
vn 0.995878816 -0.090693295 -4.34251159e-13
vn 0.995878875 -0.0906933248 -3.17559829e-06
vn 0.995878875 -0.0906932876 3.0920271e-06
vn 0.995878816 -0.0906932801 0
vn 0.995878816 -0.0906932727 0
vn 0.995878816 -0.0906932727 0
vn 0.995878816 -0.0906932801 0
vn 0.995878875 -0.0906932876 -3.0920271e-06
vn 0.995878875 -0.0906932652 -3.12095403e-06
vn 0.995878816 -0.0906932652 0
vn 0.995878875 -0.0906932652 0
vn 0.995878875 -0.0906932652 0
vn 0.995878816 -0.0906932652 0
vn 0.995878875 -0.0906932652 3.12095403e-06
vn 0.995878696 -0.0906963646 -0
vn 0.995878577 -0.0906963497 -0
vn 0.995878577 -0.0906963497 -0
vn 0.995878577 -0.0906963497 -0
vn 0.995878577 -0.0906963497 -0
vn 0.995878577 -0.0906963721 -0
vn 0.995878875 -0.0906932652 3.12095403e-06
vn 0.995878816 -0.0906932577 -5.79001528e-13
vn 0.995878875 -0.0906932577 -4.34251322e-13
vn 0.995878875 -0.0906932577 -4.34251322e-13
vn 0.995878816 -0.0906932577 -5.79001528e-13
vn 0.995878875 -0.0906932652 -3.12095585e-06
vn 0.995878875 -0.0906932652 -3.12095585e-06
vn 0.995878875 -0.0906932577 -4.34251322e-13
vn 0.995878816 -0.0906932577 -5.79001528e-13
vn 0.995878816 -0.0906932577 -5.79001528e-13
vn 0.995878875 -0.0906932577 -4.34251322e-13
vn 0.995878875 -0.0906932652 3.12095403e-06
vn 0.995878935 -0.0906933099 3.1755967e-06
vn 0.995878875 -0.0906933099 0
vn 0.995878816 -0.090693295 0
vn 0.995878816 -0.090693295 0
vn 0.995878875 -0.0906933099 0
vn 0.995878935 -0.0906933099 -3.1755967e-06
vn 0.995878577 -0.0906963721 -0
vn 0.995878637 -0.0906963646 -0
vn 0.995878637 -0.0906963646 -0
vn 0.995878637 -0.0906963646 -0
vn 0.995878637 -0.0906963646 -0
vn 0.995878577 -0.0906963721 -0
vn 0.995878875 -0.0906932652 3.12095403e-06
vn 0.995878875 -0.0906932652 0
vn 0.995878816 -0.0906932652 0
vn 0.995878816 -0.0906932652 0
vn 0.995878875 -0.0906932652 0
vn 0.995878875 -0.0906932652 -3.12095403e-06
vn 0.995878994 -0.0906926766 -3.74128899e-06
vn 0.995878935 -0.0906926543 1.44750423e-13
vn 0.995878935 -0.0906926543 5.79001474e-13
vn 0.995878935 -0.0906926543 5.79001474e-13
vn 0.995878935 -0.0906926543 1.44750423e-13
vn 0.995878994 -0.0906926692 3.74129172e-06
vn 0.995878577 -0.0906970128 6.23547862e-07
vn 0.995878518 -0.0906970203 0
vn 0.995878518 -0.0906970054 0
vn 0.995878518 -0.0906970054 0
vn 0.995878518 -0.0906970203 0
vn 0.995878577 -0.0906970128 -6.23547862e-07
vn 0.995878875 -0.0906932876 3.14559679e-06
vn 0.995878875 -0.0906932727 0
vn 0.995878875 -0.0906932727 0
vn 0.995878875 -0.0906932727 0
vn 0.995878875 -0.0906932727 0
vn 0.995878875 -0.0906932876 -3.14559679e-06
vn 0.995878994 -0.0906926766 -3.76914545e-06
vn 0.995878875 -0.0906926468 0
vn 0.995878875 -0.0906926617 0
vn 0.995878875 -0.0906926617 0
vn 0.995878875 -0.0906926468 0
vn 0.995878994 -0.0906926766 3.76914545e-06
vn 0.995878875 -0.0906932876 3.14559679e-06
vn 0.995878875 -0.0906932727 0
vn 0.995878875 -0.0906932727 0
vn 0.995878875 -0.0906932727 0
vn 0.995878875 -0.0906932727 0
vn 0.995878875 -0.0906932876 -3.14559679e-06
vn 0.995878875 -0.0906932876 -3.09202892e-06
vn 0.995878875 -0.0906932727 -4.34251322e-13
vn 0.995878935 -0.0906932801 -4.34251105e-13
vn 0.995878935 -0.0906932801 -4.34251105e-13
vn 0.995878875 -0.0906932727 -4.34251322e-13
vn 0.995878875 -0.0906932876 3.0920271e-06
vn 0.995878875 -0.0906932876 3.0920271e-06
vn 0.995878935 -0.0906932801 -4.34251105e-13
vn 0.995878875 -0.0906932727 -4.34251322e-13
vn 0.995878875 -0.0906932727 -4.34251322e-13
vn 0.995878935 -0.0906932801 -4.34251105e-13
vn 0.995878875 -0.0906932876 -3.09202892e-06
vn 0.995878875 -0.0906932876 3.12095426e-06
vn 0.995878816 -0.0906932801 0
vn 0.995878816 -0.0906932727 0
vn 0.995878816 -0.0906932727 0
vn 0.995878816 -0.0906932801 0
vn 0.995878875 -0.0906932876 -3.12095426e-06
vn 0.995878994 -0.0906926766 3.74128899e-06
vn 0.995878875 -0.0906926617 0
vn 0.995878875 -0.0906926468 0
vn 0.995878875 -0.0906926468 0
vn 0.995878875 -0.0906926617 0
vn 0.995878994 -0.0906926766 -3.74128899e-06
vn 0.995878577 -0.0906970128 -6.23547862e-07
vn 0.995878518 -0.0906970054 0
vn 0.995878518 -0.0906970203 0
vn 0.995878518 -0.0906970203 0
vn 0.995878518 -0.0906970054 0
vn 0.995878577 -0.0906970128 6.23547862e-07
vn 0.995878875 -0.0906932876 3.11774261e-06
vn 0.995878875 -0.0906932727 2.89500737e-13
vn 0.995878875 -0.0906932727 5.79001745e-13
vn 0.995878875 -0.0906932727 5.79001745e-13
vn 0.995878875 -0.0906932727 2.89500737e-13
vn 0.995878875 -0.0906932876 -3.11774033e-06
vn 0.995878875 -0.0906932876 -3.12095426e-06
vn 0.995878875 -0.0906932727 7.23752167e-13
vn 0.995878875 -0.0906932727 2.89500737e-13
vn 0.995878875 -0.0906932727 2.89500737e-13
vn 0.995878875 -0.0906932727 7.23752167e-13
vn 0.995878875 -0.0906932876 3.12095676e-06
vn 0.995878935 -0.0906925723 5.86598389e-07
vn 0.995869458 -0.0907962397 0.000106084881
vn 0.995864689 -0.0908489078 0.000159702598
vn 0.995878935 -0.0906925723 5.86598389e-07
vn 0.995878994 -0.0906920061 -0
vn 0.995869458 -0.0907962397 0.000106084881
vn 0.995869458 -0.0907963291 0.000106089392
vn 0.995878935 -0.0906931609 -1.67186664e-11
vn 0.995869458 -0.0907962397 -0.000106084881
vn 0.995869458 -0.0907963291 0.000106089392
vn 0.995864689 -0.0908490717 0.000159711228
vn 0.995878935 -0.0906931609 -1.67186664e-11
vn 0.995869458 -0.0907962397 -0.000106084881
vn 0.995878935 -0.0906931609 -1.67186664e-11
vn 0.995864689 -0.0908489078 -0.000159702598
vn 0.995878935 -0.0906925648 -5.86581734e-07
vn 0.995869458 -0.0907963291 -0.000106089392
vn 0.995879054 -0.0906920061 -0
vn 0.995878935 -0.0906925648 -5.86581734e-07
vn 0.995864689 -0.0908490717 -0.000159711228
vn 0.995869458 -0.0907963291 -0.000106089392
vn 0.995879829 -0.090682067 -0
vn 0.995879173 -0.0906895995 -1.73609351e-06
vn 0.995879114 -0.0906903222 2.67828113e-06
vn 0.995879114 -0.0906903222 2.67828113e-06
vn 0.995879173 -0.0906895995 -1.73609351e-06
vn 0.995878935 -0.0906927586 -4.41010229e-07
vn 0.995879114 -0.0906903222 2.67828113e-06
vn 0.995878935 -0.0906927586 -4.41010229e-07
vn 0.995879233 -0.0906892717 7.23690255e-06
vn 0.995879829 -0.090682067 -0
vn 0.995879173 -0.0906895995 -1.73609351e-06
vn 0.995879114 -0.0906903446 2.67827841e-06
vn 0.995879114 -0.0906903446 2.67827841e-06
vn 0.995879173 -0.0906895995 -1.73609351e-06
vn 0.995878875 -0.090692766 -4.41009803e-07
vn 0.995879114 -0.0906903446 2.67827841e-06
vn 0.995878875 -0.090692766 -4.41009803e-07
vn 0.995879233 -0.0906892717 7.23689345e-06
vn 0.995879948 -0.0906820819 -0
vn 0.995879233 -0.090689607 -1.73609249e-06
vn 0.995879114 -0.0906903297 2.67828204e-06
vn 0.995879114 -0.0906903297 2.67828204e-06
vn 0.995879233 -0.090689607 -1.73609249e-06
vn 0.995878875 -0.0906927586 -4.41010769e-07
vn 0.995879114 -0.0906903297 2.67828204e-06
vn 0.995878875 -0.0906927586 -4.41010769e-07
vn 0.995879233 -0.0906892717 7.23689982e-06
vn -0.0641362816 -0.704191387 0.707107604
vn -0.0641214326 -0.704195619 0.707104623
vn -0.0641332418 -0.704192221 0.707106948
vn -0.0641332418 -0.704192221 0.707106948
vn -0.0641214326 -0.704195619 0.707104623
vn -0.0641183928 -0.704196572 0.707104087
vn -0.0641362742 -0.704191089 -0.707107842
vn -0.0641332418 -0.704191983 -0.707107246
vn -0.0641214252 -0.70419544 -0.707104862
vn -0.0641214252 -0.70419544 -0.707104862
vn -0.0641332418 -0.704191983 -0.707107246
vn -0.0641183779 -0.704196334 -0.707104266
vn 0.0641319007 0.704193234 -0.707106113
vn 0.0641326606 0.704193056 -0.707106233
vn 0.0641355962 0.704192221 -0.707106829
vn 0.0641355962 0.704192221 -0.707106829
vn 0.0641326606 0.704193056 -0.707106233
vn 0.0641363487 0.704191923 -0.707106829
vn 0.0641319081 0.704193473 0.707105935
vn 0.0641356036 0.7041924 0.70710659
vn 0.0641326606 0.704193294 0.707105994
vn 0.0641326606 0.704193294 0.707105994
vn 0.0641356036 0.7041924 0.70710659
vn 0.0641363487 0.704192102 0.707106709
vn 0.0641321242 0.704193473 -0.707105756
vn 0.0641298518 0.704194188 -0.707105339
vn 0.0641210079 0.704196632 -0.70710355
vn 0.0641210079 0.704196632 -0.70710355
vn 0.0641298518 0.704194188 -0.707105339
vn 0.0641187429 0.704197407 -0.707103133
vn 0.0641321167 0.704193234 0.707105935
vn 0.0641210005 0.704196572 0.707103729
vn 0.0641298443 0.70419395 0.707105517
vn 0.0641298443 0.70419395 0.707105517
vn 0.0641210005 0.704196572 0.707103729
vn 0.064118728 0.704197228 0.707103372
vn -0.0641185939 -0.704196334 0.707104206
vn -0.064137131 -0.704191029 0.707107782
vn -0.0641223937 -0.704195261 0.707104981
vn -0.0641223937 -0.704195261 0.707104981
vn -0.064137131 -0.704191029 0.707107782
vn -0.0641409233 -0.704189956 0.707108557
vn -0.0641186088 -0.704196453 -0.707104027
vn -0.0641224012 -0.70419538 -0.707104862
vn -0.0641371384 -0.704191029 -0.707107782
vn -0.0641371384 -0.704191029 -0.707107782
vn -0.0641224012 -0.70419538 -0.707104862
vn -0.0641409308 -0.704190016 -0.707108557
vn -0.0641321465 -0.704193532 0.707105696
vn -0.0641319826 -0.704193711 0.707105577
vn -0.0641321093 -0.704193652 0.707105577
vn -0.0641321093 -0.704193652 0.707105577
vn -0.0641319826 -0.704193711 0.707105577
vn -0.0641319454 -0.704193771 0.707105577
vn -0.0641321465 -0.704193532 -0.707105696
vn -0.0641321093 -0.704193652 -0.707105577
vn -0.0641319826 -0.704193711 -0.707105577
vn -0.0641319826 -0.704193711 -0.707105577
vn -0.0641321093 -0.704193652 -0.707105577
vn -0.0641319454 -0.704193771 -0.707105577
vn 0.0641317815 0.704192638 -0.707106769
vn 0.0641318113 0.704192638 -0.707106769
vn 0.0641319379 0.70419246 -0.707106709
vn 0.0641319379 0.70419246 -0.707106709
vn 0.0641318113 0.704192638 -0.707106769
vn 0.0641319901 0.704192579 -0.707106709
vn 0.0641317815 0.704192638 0.707106769
vn 0.0641319528 0.704192519 0.707106829
vn 0.0641318113 0.704192638 0.707106769
vn 0.0641318113 0.704192638 0.707106769
vn 0.0641319528 0.704192519 0.707106829
vn 0.0641319901 0.704192579 0.707106709
vn 0.0641319826 0.704192519 -0.707106769
vn 0.0641319752 0.70419246 -0.707106709
vn 0.0641319752 0.70419246 -0.707106709
vn 0.0641319752 0.70419246 -0.707106709
vn 0.0641319752 0.70419246 -0.707106709
vn 0.0641319826 0.704192519 -0.707106769
vn 0.0641319826 0.704192519 0.707106769
vn 0.0641319752 0.70419246 0.707106709
vn 0.0641319752 0.70419246 0.707106709
vn 0.0641319752 0.70419246 0.707106709
vn 0.0641319752 0.70419246 0.707106709
vn 0.0641319826 0.704192519 0.707106769
vn -0.0641321093 -0.704193473 0.707105756
vn -0.0641311035 -0.704193711 0.707105637
vn -0.0641319081 -0.704193532 0.707105815
vn -0.0641319081 -0.704193532 0.707105815
vn -0.0641311035 -0.704193711 0.707105637
vn -0.0641309023 -0.704193771 0.707105637
vn -0.0641321242 -0.704193473 -0.707105756
vn -0.0641319156 -0.704193532 -0.707105815
vn -0.0641311035 -0.704193711 -0.707105637
vn -0.0641311035 -0.704193711 -0.707105637
vn -0.0641319156 -0.704193532 -0.707105815
vn -0.0641308948 -0.704193771 -0.707105577
vn -0.0641260818 -0.704191566 0.70710814
vn -0.0641196594 -0.704193354 0.707107008
vn -0.064124763 -0.704191923 0.707107961
vn -0.064124763 -0.704191923 0.707107961
vn -0.0641196594 -0.704193354 0.707107008
vn -0.0641183481 -0.70419383 0.707106709
vn -0.0641260669 -0.704191267 -0.707108438
vn -0.064124763 -0.704191744 -0.707108259
vn -0.0641196594 -0.704193175 -0.707107246
vn -0.0641196594 -0.704193175 -0.707107246
vn -0.064124763 -0.704191744 -0.707108259
vn -0.0641183555 -0.704193532 -0.707106948
vn 0.0641183779 0.704196274 -0.707104266
vn 0.0641197339 0.704195857 -0.707104623
vn 0.0641249567 0.704194248 -0.707105637
vn 0.0641249567 0.704194248 -0.707105637
vn 0.0641197339 0.704195857 -0.707104623
vn 0.0641263127 0.70419395 -0.707105875
vn 0.0641183928 0.704196572 0.707104087
vn 0.0641249716 0.704194605 0.707105339
vn 0.0641197339 0.704196155 0.707104325
vn 0.0641197339 0.704196155 0.707104325
vn 0.0641249716 0.704194605 0.707105339
vn 0.0641263127 0.704194248 0.707105637
vn -0.0641319081 -0.704193473 0.707105935
vn -0.0641319081 -0.704193532 0.707105815
vn -0.0641319081 -0.704193532 0.707105815
vn -0.0641319081 -0.704193532 0.707105815
vn -0.0641319081 -0.704193532 0.707105815
vn -0.0641319081 -0.704193473 0.707105935
vn -0.0641319081 -0.704193473 -0.707105935
vn -0.0641319081 -0.704193532 -0.707105815
vn -0.0641319081 -0.704193532 -0.707105815
vn -0.0641319081 -0.704193532 -0.707105815
vn -0.0641319081 -0.704193532 -0.707105815
vn -0.0641319081 -0.704193473 -0.707105935
vn 0.0641319901 0.704192698 -0.707106471
vn 0.0641319603 0.704192758 -0.707106531
vn 0.0641318336 0.704192817 -0.707106471
vn 0.0641318336 0.704192817 -0.707106471
vn 0.0641319603 0.704192758 -0.707106531
vn 0.0641317964 0.704192817 -0.707106471
vn 0.0641319901 0.704192698 0.707106471
vn 0.0641318336 0.704192817 0.707106471
vn 0.0641319603 0.704192758 0.707106531
vn 0.0641319603 0.704192758 0.707106531
vn 0.0641318336 0.704192817 0.707106471
vn 0.0641317964 0.704192817 0.707106471
vn -0.0641318113 -0.704190552 0.707108736
vn -0.0641207173 -0.70419383 0.707106471
vn -0.0641295388 -0.704191327 0.707108259
vn -0.0641295388 -0.704191327 0.707108259
vn -0.0641207173 -0.70419383 0.707106471
vn -0.0641184375 -0.704194486 0.707106054
vn -0.0641318709 -0.704190791 -0.707108498
vn -0.0641296059 -0.704191446 -0.70710814
vn -0.064120777 -0.704194069 -0.707106352
vn -0.064120777 -0.704194069 -0.707106352
vn -0.0641296059 -0.704191446 -0.70710814
vn -0.0641184971 -0.704194665 -0.707105815
vn 0.0641186163 0.704196632 -0.707103908
vn 0.0641208887 0.704195917 -0.707104266
vn 0.0641297251 0.704193413 -0.707106054
vn 0.0641297251 0.704193413 -0.707106054
vn 0.0641208887 0.704195917 -0.707104266
vn 0.0641319901 0.704192698 -0.707106471
vn 0.0641186163 0.704196453 0.707103968
vn 0.0641297176 0.704193175 0.707106292
vn 0.0641208813 0.704195797 0.707104564
vn 0.0641208813 0.704195797 0.707104564
vn 0.0641297176 0.704193175 0.707106292
vn 0.0641319901 0.704192579 0.70710665
vn -0.0641321242 -0.704193473 0.707105756
vn -0.0641358122 -0.70419234 0.70710659
vn -0.0641328692 -0.704193234 0.707105935
vn -0.0641328692 -0.704193234 0.707105935
vn -0.0641358122 -0.70419234 0.70710659
vn -0.0641365647 -0.704192162 0.707106769
vn -0.0641321242 -0.704193473 -0.707105756
vn -0.0641328692 -0.704193234 -0.707105935
vn -0.0641358122 -0.70419234 -0.70710659
vn -0.0641358122 -0.70419234 -0.70710659
vn -0.0641328692 -0.704193234 -0.707105935
vn -0.0641365647 -0.704192162 -0.707106769
vn 0.0641319454 0.704193771 -0.707105577
vn 0.0641319826 0.704193711 -0.707105577
vn 0.0641321093 0.704193652 -0.707105577
vn 0.0641321093 0.704193652 -0.707105577
vn 0.0641319826 0.704193711 -0.707105577
vn 0.0641321465 0.704193532 -0.707105696
vn 0.0641319454 0.704193771 0.707105577
vn 0.0641321093 0.704193652 0.707105577
vn 0.0641319826 0.704193711 0.707105577
vn 0.0641319826 0.704193711 0.707105577
vn 0.0641321093 0.704193652 0.707105577
vn 0.0641321465 0.704193532 0.707105696
vn 0.0641319081 0.704193473 -0.707105935
vn 0.0641326681 0.704193294 -0.707105994
vn 0.0641356111 0.70419246 -0.70710659
vn 0.0641356111 0.70419246 -0.70710659
vn 0.0641326681 0.704193294 -0.707105994
vn 0.0641363561 0.704192162 -0.707106709
vn 0.0641319081 0.704193473 0.707105935
vn 0.0641356036 0.7041924 0.70710659
vn 0.0641326606 0.704193294 0.707105994
vn 0.0641326606 0.704193294 0.707105994
vn 0.0641356036 0.7041924 0.70710659
vn 0.0641363487 0.704192102 0.707106709
vn -0.0641362816 -0.704191387 0.707107604
vn -0.0641214326 -0.704195619 0.707104623
vn -0.0641332418 -0.704192221 0.707106948
vn -0.0641332418 -0.704192221 0.707106948
vn -0.0641214326 -0.704195619 0.707104623
vn -0.0641183928 -0.704196572 0.707104087
vn -0.0641362816 -0.704191387 -0.707107604
vn -0.0641332418 -0.704192221 -0.707106888
vn -0.0641214326 -0.704195619 -0.707104623
vn -0.0641214326 -0.704195619 -0.707104623
vn -0.0641332418 -0.704192221 -0.707106888
vn -0.0641183928 -0.704196572 -0.707104087
vn -0.0641321242 -0.704193473 0.707105756
vn -0.0641321242 -0.704193532 0.707105815
vn -0.0641321242 -0.704193532 0.707105815
vn -0.0641321242 -0.704193532 0.707105815
vn -0.0641321242 -0.704193532 0.707105815
vn -0.0641321242 -0.704193473 0.707105756
vn -0.0641321242 -0.704193473 -0.707105756
vn -0.0641321242 -0.704193532 -0.707105815
vn -0.0641321242 -0.704193532 -0.707105815
vn -0.0641321242 -0.704193532 -0.707105815
vn -0.0641321242 -0.704193532 -0.707105815
vn -0.0641321242 -0.704193473 -0.707105756
vn 0.0641319454 0.704193771 -0.707105577
vn 0.0641319826 0.704193711 -0.707105577
vn 0.0641321093 0.704193652 -0.707105577
vn 0.0641321093 0.704193652 -0.707105577
vn 0.0641319826 0.704193711 -0.707105577
vn 0.0641321465 0.704193532 -0.707105696
vn 0.0641319454 0.704193771 0.707105577
vn 0.0641321093 0.704193652 0.707105577
vn 0.0641319826 0.704193711 0.707105577
vn 0.0641319826 0.704193711 0.707105577
vn 0.0641321093 0.704193652 0.707105577
vn 0.0641321465 0.704193532 0.707105696
vn -0.0641319901 -0.704192698 -0.707106471
vn -0.0641319603 -0.704192758 -0.707106531
vn -0.0641318336 -0.704192817 -0.707106471
vn -0.0641318336 -0.704192817 -0.707106471
vn -0.0641319603 -0.704192758 -0.707106531
vn -0.0641317964 -0.704192817 -0.707106471
vn 0.0641321242 0.704193473 -0.707105756
vn 0.0641321242 0.704193532 -0.707105815
vn 0.0641321242 0.704193532 -0.707105815
vn 0.0641321242 0.704193532 -0.707105815
vn 0.0641321242 0.704193532 -0.707105815
vn 0.0641321242 0.704193473 -0.707105756
vn 0.0641321242 0.704193473 0.707105756
vn 0.0641321242 0.704193532 0.707105815
vn 0.0641321242 0.704193532 0.707105815
vn 0.0641321242 0.704193532 0.707105815
vn 0.0641321242 0.704193532 0.707105815
vn 0.0641321242 0.704193473 0.707105756
vn -0.0641319901 -0.704192698 0.707106471
vn -0.0641318336 -0.704192817 0.707106471
vn -0.0641319603 -0.704192758 0.707106531
vn -0.0641319603 -0.704192758 0.707106531
vn -0.0641318336 -0.704192817 0.707106471
vn -0.0641317964 -0.704192817 0.707106471
vn -0.0641185865 -0.704196155 -0.707104266
vn -0.0641223863 -0.704195201 -0.7071051
vn -0.064137131 -0.70419085 -0.707107961
vn -0.064137131 -0.70419085 -0.707107961
vn -0.0641223863 -0.704195201 -0.7071051
vn -0.0641409308 -0.704189777 -0.707108676
vn 0.0641321093 0.704193234 -0.707105935
vn 0.0641298369 0.70419389 -0.707105577
vn 0.0641210079 0.704196393 -0.707103908
vn 0.0641210079 0.704196393 -0.707103908
vn 0.0641298369 0.70419389 -0.707105577
vn 0.064118728 0.704197109 -0.707103372
vn 0.0641321242 0.704193473 0.707105756
vn 0.0641210079 0.704196632 0.70710355
vn 0.0641298518 0.704194188 0.707105339
vn 0.0641298518 0.704194188 0.707105339
vn 0.0641210079 0.704196632 0.70710355
vn 0.0641187429 0.704197407 0.707103133
vn -0.0641186088 -0.704196453 0.707104027
vn -0.0641371384 -0.704191029 0.707107782
vn -0.0641224012 -0.70419538 0.707104862
vn -0.0641224012 -0.70419538 0.707104862
vn -0.0641371384 -0.704191029 0.707107782
vn -0.0641409308 -0.704190016 0.707108557
vn -0.0641321242 -0.704193473 -0.707105756
vn -0.0641328692 -0.704193234 -0.707105935
vn -0.0641358122 -0.70419234 -0.70710659
vn -0.0641358122 -0.70419234 -0.70710659
vn -0.0641328692 -0.704193234 -0.707105935
vn -0.0641365647 -0.704192162 -0.707106769
vn 0.0641319454 0.704193771 -0.707105577
vn 0.0641319826 0.704193711 -0.707105577
vn 0.0641321093 0.704193652 -0.707105577
vn 0.0641321093 0.704193652 -0.707105577
vn 0.0641319826 0.704193711 -0.707105577
vn 0.0641321465 0.704193532 -0.707105696
vn 0.0641319379 0.704193592 0.707105815
vn 0.0641321018 0.704193413 0.707105815
vn 0.0641319752 0.704193532 0.707105815
vn 0.0641319752 0.704193532 0.707105815
vn 0.0641321018 0.704193413 0.707105815
vn 0.0641321391 0.704193473 0.707105815
vn -0.0641321242 -0.704193294 0.707106054
vn -0.0641357973 -0.704192102 0.707106769
vn -0.0641328692 -0.704192996 0.707106233
vn -0.0641328692 -0.704192996 0.707106233
vn -0.0641357973 -0.704192102 0.707106769
vn -0.0641365573 -0.704191923 0.707106948
vn -0.0641314238 -0.704193175 -0.707106113
vn -0.0641312823 -0.704193294 -0.707106113
vn -0.0641307011 -0.704193532 -0.707105994
vn -0.0641307011 -0.704193532 -0.707105994
vn -0.0641312823 -0.704193294 -0.707106113
vn -0.0641305596 -0.704193473 -0.707105935
vn 0.0641314462 0.704193175 -0.707106054
vn 0.0641314536 0.704193234 -0.707106113
vn 0.0641314313 0.704193234 -0.707106113
vn 0.0641314313 0.704193234 -0.707106113
vn 0.0641314536 0.704193234 -0.707106113
vn 0.0641314238 0.704193175 -0.707106113
vn 0.0641314387 0.704193175 0.707106054
vn 0.0641314313 0.704193234 0.707106113
vn 0.0641314313 0.704193234 0.707106113
vn 0.0641314313 0.704193234 0.707106113
vn 0.0641314313 0.704193234 0.707106113
vn 0.0641314238 0.704193175 0.707106113
vn -0.0641314238 -0.704193175 0.707106113
vn -0.0641307011 -0.704193532 0.707105994
vn -0.0641312823 -0.704193294 0.707106113
vn -0.0641312823 -0.704193294 0.707106113
vn -0.0641307011 -0.704193532 0.707105994
vn -0.0641305596 -0.704193473 0.707105935
vn 0.0641183928 0.704196572 -0.707104087
vn 0.0641197339 0.704196155 -0.707104325
vn 0.0641249716 0.704194605 -0.707105339
vn 0.0641249716 0.704194605 -0.707105339
vn 0.0641197339 0.704196155 -0.707104325
vn 0.0641263127 0.704194248 -0.707105637
vn 0.0641183928 0.704196572 0.707104087
vn 0.0641249716 0.704194605 0.707105339
vn 0.0641197339 0.704196155 0.707104325
vn 0.0641197339 0.704196155 0.707104325
vn 0.0641249716 0.704194605 0.707105339
vn 0.0641263127 0.704194248 0.707105637
vn -0.0641260818 -0.704191566 0.70710814
vn -0.0641196594 -0.704193354 0.707107008
vn -0.064124763 -0.704191923 0.707107961
vn -0.064124763 -0.704191923 0.707107961
vn -0.0641196594 -0.704193354 0.707107008
vn -0.0641183481 -0.70419383 0.707106709
vn -0.0641260818 -0.704191566 -0.70710814
vn -0.064124763 -0.704191923 -0.707107961
vn -0.0641196594 -0.704193354 -0.707107008
vn -0.0641196594 -0.704193354 -0.707107008
vn -0.064124763 -0.704191923 -0.707107961
vn -0.0641183481 -0.70419383 -0.707106709
vn 0.0641319081 0.704193473 -0.707105935
vn 0.0641296357 0.704194188 -0.707105398
vn 0.0641208068 0.704196692 -0.70710367
vn 0.0641208068 0.704196692 -0.70710367
vn 0.0641296357 0.704194188 -0.707105398
vn 0.0641185343 0.704197407 -0.707103252
vn 0.0641319081 0.704193473 0.707105935
vn 0.0641208068 0.704196692 0.70710367
vn 0.0641296357 0.704194188 0.707105398
vn 0.0641296357 0.704194188 0.707105398
vn 0.0641208068 0.704196692 0.70710367
vn 0.0641185343 0.704197407 0.707103252
vn -0.0641183034 -0.704194784 0.707105815
vn -0.0641294047 -0.704191506 0.707108021
vn -0.0641205758 -0.704194129 0.707106233
vn -0.0641205758 -0.704194129 0.707106233
vn -0.0641294047 -0.704191506 0.707108021
vn -0.0641316697 -0.70419085 0.707108498
vn -0.0641183034 -0.704194784 -0.707105815
vn -0.0641205758 -0.704194129 -0.707106233
vn -0.0641294047 -0.704191506 -0.707108021
vn -0.0641294047 -0.704191506 -0.707108021
vn -0.0641205758 -0.704194129 -0.707106233
vn -0.0641316697 -0.70419085 -0.707108498
vn 0.0641317815 0.704192638 -0.707106769
vn 0.0641318113 0.704192638 -0.707106769
vn 0.0641319379 0.70419246 -0.707106709
vn 0.0641319379 0.70419246 -0.707106709
vn 0.0641318113 0.704192638 -0.707106769
vn 0.0641319901 0.704192579 -0.707106709
vn 0.0641317815 0.704192638 0.707106769
vn 0.0641319528 0.704192519 0.707106829
vn 0.0641318113 0.704192638 0.707106769
vn 0.0641318113 0.704192638 0.707106769
vn 0.0641319528 0.704192519 0.707106829
vn 0.0641319901 0.704192579 0.707106709
vn -0.0641321465 -0.704193532 0.707105696
vn -0.0641319826 -0.704193711 0.707105577
vn -0.0641321093 -0.704193652 0.707105577
vn -0.0641321093 -0.704193652 0.707105577
vn -0.0641319826 -0.704193711 0.707105577
vn -0.0641319454 -0.704193771 0.707105577
vn -0.0641321465 -0.704193532 -0.707105696
vn -0.0641321093 -0.704193652 -0.707105577
vn -0.0641319826 -0.704193711 -0.707105577
vn -0.0641319826 -0.704193711 -0.707105577
vn -0.0641321093 -0.704193652 -0.707105577
vn -0.0641319454 -0.704193771 -0.707105577
vn 0.0641275495 0.70419389 -0.707105756
vn 0.0641282946 0.704193592 -0.707105935
vn 0.0641312301 0.704192758 -0.70710659
vn 0.0641312301 0.704192758 -0.70710659
vn 0.0641282946 0.704193592 -0.707105935
vn 0.0641319826 0.704192519 -0.707106769
vn 0.0641275421 0.704193771 0.707105935
vn 0.0641312376 0.704192698 0.707106769
vn 0.064128302 0.704193652 0.707106054
vn 0.064128302 0.704193652 0.707106054
vn 0.0641312376 0.704192698 0.707106769
vn 0.0641319975 0.70419246 0.707106888
vn -0.0641321391 -0.704193532 0.707105696
vn -0.0641321391 -0.704193592 0.707105756
vn -0.0641321391 -0.704193592 0.707105756
vn -0.0641321391 -0.704193592 0.707105756
vn -0.0641321391 -0.704193592 0.707105756
vn -0.0641321391 -0.704193532 0.707105696
vn -0.0641321465 -0.704193532 -0.707105696
vn -0.064132154 -0.704193652 -0.707105696
vn -0.064132154 -0.704193652 -0.707105696
vn -0.064132154 -0.704193652 -0.707105696
vn -0.064132154 -0.704193652 -0.707105696
vn -0.0641321465 -0.704193532 -0.707105696
vn -0.0641321465 -0.704193532 -0.707105696
vn -0.0641321093 -0.704193652 -0.707105577
vn -0.0641319826 -0.704193711 -0.707105577
vn -0.0641319826 -0.704193711 -0.707105577
vn -0.0641321093 -0.704193652 -0.707105577
vn -0.0641319454 -0.704193771 -0.707105577
vn 0.0641317815 0.704192638 -0.707106769
vn 0.0641318113 0.704192638 -0.707106769
vn 0.0641319379 0.70419246 -0.707106709
vn 0.0641319379 0.70419246 -0.707106709
vn 0.0641318113 0.704192638 -0.707106769
vn 0.0641319901 0.704192579 -0.707106709
vn 0.0641317666 0.7041924 0.707106769
vn 0.0641319454 0.70419246 0.707106888
vn 0.0641318038 0.70419246 0.707106829
vn 0.0641318038 0.70419246 0.707106829
vn 0.0641319454 0.70419246 0.707106888
vn 0.0641319752 0.7041924 0.707106829
vn -0.0641321391 -0.704193532 0.707105696
vn -0.0641319752 -0.704193592 0.707105756
vn -0.0641321018 -0.704193592 0.707105756
vn -0.0641321018 -0.704193592 0.707105756
vn -0.0641319752 -0.704193592 0.707105756
vn -0.0641319379 -0.704193592 0.707105756
vn -0.0641319901 -0.704192579 -0.70710665
vn -0.0641319603 -0.704192579 -0.707106709
vn -0.0641318262 -0.704192638 -0.70710665
vn -0.0641318262 -0.704192638 -0.70710665
vn -0.0641319603 -0.704192579 -0.707106709
vn -0.0641317889 -0.704192638 -0.707106709
vn 0.0641321093 0.704193234 -0.707105935
vn 0.0641321018 0.704193234 -0.707105994
vn 0.0641321167 0.704193234 -0.707106054
vn 0.0641321167 0.704193234 -0.707106054
vn 0.0641321018 0.704193234 -0.707105994
vn 0.0641321242 0.704193294 -0.707106054
vn 0.0641321242 0.704193473 0.707105756
vn 0.0641321242 0.704193532 0.707105815
vn 0.0641321242 0.704193532 0.707105815
vn 0.0641321242 0.704193532 0.707105815
vn 0.0641321242 0.704193532 0.707105815
vn 0.0641321242 0.704193473 0.707105756
vn -0.0641319901 -0.704192698 0.707106471
vn -0.0641318336 -0.704192817 0.707106471
vn -0.0641319603 -0.704192758 0.707106531
vn -0.0641319603 -0.704192758 0.707106531
vn -0.0641318336 -0.704192817 0.707106471
vn -0.0641317964 -0.704192817 0.707106471
vn -0.0641319826 -0.704192519 -0.707106769
vn -0.0641312376 -0.704192758 -0.70710659
vn -0.0641282946 -0.704193592 -0.707105935
vn -0.0641282946 -0.704193592 -0.707105935
vn -0.0641312376 -0.704192758 -0.70710659
vn -0.0641275495 -0.704194009 -0.707105756
vn 0.0641321465 0.704193532 -0.707105696
vn 0.064132154 0.704193652 -0.707105696
vn 0.064132154 0.704193652 -0.707105696
vn 0.064132154 0.704193652 -0.707105696
vn 0.064132154 0.704193652 -0.707105696
vn 0.0641321465 0.704193532 -0.707105696
vn 0.0641321465 0.704193532 0.707105696
vn 0.064132154 0.704193652 0.707105696
vn 0.064132154 0.704193652 0.707105696
vn 0.064132154 0.704193652 0.707105696
vn 0.064132154 0.704193652 0.707105696
vn 0.0641321465 0.704193532 0.707105696
vn -0.0641319826 -0.704192519 0.707106769
vn -0.0641282946 -0.704193592 0.707105935
vn -0.0641312301 -0.704192758 0.70710659
vn -0.0641312301 -0.704192758 0.70710659
vn -0.0641282946 -0.704193592 0.707105935
vn -0.0641275495 -0.70419389 0.707105756
vn -0.0641321465 -0.704193532 -0.707105696
vn -0.064132154 -0.704193652 -0.707105696
vn -0.064132154 -0.704193652 -0.707105696
vn -0.064132154 -0.704193652 -0.707105696
vn -0.064132154 -0.704193652 -0.707105696
vn -0.0641321465 -0.704193532 -0.707105696
vn 0.0641275495 0.70419389 -0.707105756
vn 0.0641282946 0.704193592 -0.707105935
vn 0.0641312301 0.704192758 -0.70710659
vn 0.0641312301 0.704192758 -0.70710659
vn 0.0641282946 0.704193592 -0.707105935
vn 0.0641319826 0.704192519 -0.707106769
vn 0.0641275495 0.704194009 0.707105756
vn 0.0641312376 0.704192758 0.70710659
vn 0.0641282946 0.704193592 0.707105935
vn 0.0641282946 0.704193592 0.707105935
vn 0.0641312376 0.704192758 0.70710659
vn 0.0641319826 0.704192519 0.707106769
vn -0.0641321465 -0.704193532 0.707105696
vn -0.064132154 -0.704193652 0.707105696
vn -0.064132154 -0.704193652 0.707105696
vn -0.064132154 -0.704193652 0.707105696
vn -0.064132154 -0.704193652 0.707105696
vn -0.0641321465 -0.704193532 0.707105696
vn -0.0641318709 -0.704190791 -0.707108498
vn -0.0641296059 -0.704191446 -0.70710814
vn -0.064120777 -0.704194069 -0.707106352
vn -0.064120777 -0.704194069 -0.707106352
vn -0.0641296059 -0.704191446 -0.70710814
vn -0.0641184971 -0.704194665 -0.707105815
vn 0.0641186163 0.704196632 -0.707103908
vn 0.0641208887 0.704195917 -0.707104266
vn 0.0641297251 0.704193413 -0.707106054
vn 0.0641297251 0.704193413 -0.707106054
vn 0.0641208887 0.704195917 -0.707104266
vn 0.0641319901 0.704192698 -0.707106471
vn 0.0641186163 0.704196632 0.707103908
vn 0.0641297251 0.704193413 0.707106054
vn 0.0641208887 0.704195917 0.707104266
vn 0.0641208887 0.704195917 0.707104266
vn 0.0641297251 0.704193413 0.707106054
vn 0.0641319901 0.704192698 0.707106471
vn -0.0641318709 -0.704190791 0.707108498
vn -0.064120777 -0.704194069 0.707106352
vn -0.0641296059 -0.704191446 0.70710814
vn -0.0641296059 -0.704191446 0.70710814
vn -0.064120777 -0.704194069 0.707106352
vn -0.0641184971 -0.704194665 0.707105815
vn -0.0641186088 -0.704196453 -0.707104027
vn -0.0641224012 -0.70419538 -0.707104862
vn -0.0641371384 -0.704191029 -0.707107782
vn -0.0641371384 -0.704191029 -0.707107782
vn -0.0641224012 -0.70419538 -0.707104862
vn -0.0641409308 -0.704190016 -0.707108557
vn 0.0641321242 0.704193473 -0.707105756
vn 0.0641298518 0.704194188 -0.707105339
vn 0.0641210079 0.704196632 -0.70710355
vn 0.0641210079 0.704196632 -0.70710355
vn 0.0641298518 0.704194188 -0.707105339
vn 0.0641187429 0.704197407 -0.707103133
vn 0.0641321242 0.704193473 0.707105756
vn 0.0641210079 0.704196632 0.70710355
vn 0.0641298518 0.704194188 0.707105339
vn 0.0641298518 0.704194188 0.707105339
vn 0.0641210079 0.704196632 0.70710355
vn 0.0641187429 0.704197407 0.707103133
vn -0.0641186088 -0.704196453 0.707104027
vn -0.0641371384 -0.704191029 0.707107782
vn -0.0641224012 -0.70419538 0.707104862
vn -0.0641224012 -0.70419538 0.707104862
vn -0.0641371384 -0.704191029 0.707107782
vn -0.0641409308 -0.704190016 0.707108557
vn 0.0641321242 0.704193473 -0.707105756
vn 0.0641321242 0.704193532 -0.707105815
vn 0.0641321242 0.704193532 -0.707105815
vn 0.0641321242 0.704193532 -0.707105815
vn 0.0641321242 0.704193532 -0.707105815
vn 0.0641321242 0.704193473 -0.707105756
vn 0.0641321242 0.704193473 0.707105756
vn 0.0641321242 0.704193532 0.707105815
vn 0.0641321242 0.704193532 0.707105815
vn 0.0641321242 0.704193532 0.707105815
vn 0.0641321242 0.704193532 0.707105815
vn 0.0641321242 0.704193473 0.707105756
vn -0.0641319901 -0.704192698 0.707106471
vn -0.0641319975 -0.704192758 0.707106531
vn -0.0641319975 -0.704192758 0.707106531
vn -0.0641319975 -0.704192758 0.707106531
vn -0.0641319975 -0.704192758 0.707106531
vn -0.0641319901 -0.704192698 0.707106471
vn -0.0641319901 -0.704192698 -0.707106471
vn -0.0641319975 -0.704192758 -0.707106531
vn -0.0641319975 -0.704192758 -0.707106531
vn -0.0641319975 -0.704192758 -0.707106531
vn -0.0641319975 -0.704192758 -0.707106531
vn -0.0641319901 -0.704192698 -0.707106471
vn 0.0641319379 0.704193592 -0.707105815
vn 0.0641319752 0.704193532 -0.707105815
vn 0.0641321018 0.704193413 -0.707105815
vn 0.0641321018 0.704193413 -0.707105815
vn 0.0641319752 0.704193532 -0.707105815
vn 0.0641321391 0.704193473 -0.707105815
vn 0.0641319454 0.704193771 0.707105577
vn 0.0641321093 0.704193652 0.707105577
vn 0.0641319826 0.704193711 0.707105577
vn 0.0641319826 0.704193711 0.707105577
vn 0.0641321093 0.704193652 0.707105577
vn 0.0641321465 0.704193532 0.707105696
vn -0.0641321242 -0.704193473 0.707105756
vn -0.0641321242 -0.704193532 0.707105815
vn -0.0641321242 -0.704193532 0.707105815
vn -0.0641321242 -0.704193532 0.707105815
vn -0.0641321242 -0.704193532 0.707105815
vn -0.0641321242 -0.704193473 0.707105756
vn -0.0641321093 -0.704193234 -0.707105935
vn -0.0641321018 -0.704193234 -0.707105994
vn -0.0641321167 -0.704193234 -0.707106054
vn -0.0641321167 -0.704193234 -0.707106054
vn -0.0641321018 -0.704193234 -0.707105994
vn -0.0641321242 -0.704193294 -0.707106054
vn 0.0641319826 0.704192519 -0.707106769
vn 0.0641319752 0.70419246 -0.707106709
vn 0.0641319752 0.70419246 -0.707106709
vn 0.0641319752 0.70419246 -0.707106709
vn 0.0641319752 0.70419246 -0.707106709
vn 0.0641319826 0.704192519 -0.707106769
vn 0.0641319677 0.70419234 0.707107008
vn 0.0641319677 0.70419234 0.707107008
vn 0.0641319677 0.70419234 0.707107008
vn 0.0641319677 0.70419234 0.707107008
vn 0.0641319677 0.70419234 0.707107008
vn 0.0641319677 0.70419234 0.707107008
vn -0.0641321093 -0.704193294 0.707106054
vn -0.0641311035 -0.704193473 0.707105935
vn -0.0641319081 -0.704193234 0.707106054
vn -0.0641319081 -0.704193234 0.707106054
vn -0.0641311035 -0.704193473 0.707105935
vn -0.0641308948 -0.704193532 0.707105875
vn -0.0641321242 -0.704193473 -0.707105756
vn -0.0641319156 -0.704193532 -0.707105815
vn -0.0641311035 -0.704193711 -0.707105637
vn -0.0641311035 -0.704193711 -0.707105637
vn -0.0641319156 -0.704193532 -0.707105815
vn -0.0641308948 -0.704193771 -0.707105577
vn -0.0641362742 -0.704191208 0.707107604
vn -0.0641214252 -0.70419544 0.707104743
vn -0.0641332418 -0.704192042 0.707107127
vn -0.0641332418 -0.704192042 0.707107127
vn -0.0641214252 -0.70419544 0.707104743
vn -0.0641183928 -0.704196393 0.707104206
vn -0.0641362816 -0.704191387 -0.707107604
vn -0.0641332418 -0.704192221 -0.707106888
vn -0.0641214326 -0.704195619 -0.707104623
vn -0.0641214326 -0.704195619 -0.707104623
vn -0.0641332418 -0.704192221 -0.707106888
vn -0.0641183928 -0.704196572 -0.707104087
vn 0.0641319081 0.704193473 -0.707105935
vn 0.0641326681 0.704193294 -0.707105994
vn 0.0641356111 0.70419246 -0.70710659
vn 0.0641356111 0.70419246 -0.70710659
vn 0.0641326681 0.704193294 -0.707105994
vn 0.0641363561 0.704192162 -0.707106709
vn 0.0641319156 0.704193413 0.707105935
vn 0.0641355962 0.704192281 0.70710665
vn 0.0641326681 0.704193115 0.707106113
vn 0.0641326681 0.704193115 0.707106113
vn 0.0641355962 0.704192281 0.70710665
vn 0.0641363487 0.704192042 0.707106769
vn -0.0641319677 -0.70419234 0.707107008
vn -0.0641282946 -0.704193413 0.707106173
vn -0.0641312227 -0.704192519 0.707106829
vn -0.0641312227 -0.704192519 0.707106829
vn -0.0641282946 -0.704193413 0.707106173
vn -0.0641275495 -0.704193711 0.707105994
vn -0.0641319826 -0.704192519 -0.707106769
vn -0.0641312376 -0.704192758 -0.70710659
vn -0.0641282946 -0.704193592 -0.707105935
vn -0.0641282946 -0.704193592 -0.707105935
vn -0.0641312376 -0.704192758 -0.70710659
vn -0.0641275495 -0.704194009 -0.707105756
vn 0.0641321465 0.704193532 -0.707105696
vn 0.064132154 0.704193652 -0.707105696
vn 0.064132154 0.704193652 -0.707105696
vn 0.064132154 0.704193652 -0.707105696
vn 0.064132154 0.704193652 -0.707105696
vn 0.0641321465 0.704193532 -0.707105696
vn 0.0641321391 0.704193473 0.707105815
vn 0.0641321391 0.704193473 0.707105815
vn 0.0641321391 0.704193473 0.707105815
vn 0.0641321391 0.704193473 0.707105815
vn 0.0641321391 0.704193473 0.707105815
vn 0.0641321391 0.704193473 0.707105815
vn -0.0641321465 -0.704193532 0.707105696
vn -0.064132154 -0.704193652 0.707105696
vn -0.064132154 -0.704193652 0.707105696
vn -0.064132154 -0.704193652 0.707105696
vn -0.064132154 -0.704193652 0.707105696
vn -0.0641321465 -0.704193532 0.707105696
vn -0.0641321391 -0.704193473 -0.707105815
vn -0.0641321391 -0.704193473 -0.707105815
vn -0.0641321391 -0.704193473 -0.707105815
vn -0.0641321391 -0.704193473 -0.707105815
vn -0.0641321391 -0.704193473 -0.707105815
vn -0.0641321391 -0.704193473 -0.707105815
vn 0.0641275495 0.704193711 -0.707105994
vn 0.0641282946 0.704193413 -0.707106173
vn 0.0641312227 0.704192519 -0.707106829
vn 0.0641312227 0.704192519 -0.707106829
vn 0.0641282946 0.704193413 -0.707106173
vn 0.0641319677 0.70419234 -0.707107008
vn 0.0641275495 0.704194009 0.707105756
vn 0.0641312376 0.704192758 0.70710659
vn 0.0641282946 0.704193592 0.707105935
vn 0.0641282946 0.704193592 0.707105935
vn 0.0641312376 0.704192758 0.70710659
vn 0.0641319826 0.704192519 0.707106769
vn -0.0641318709 -0.704190791 0.707108498
vn -0.064120777 -0.704194069 0.707106352
vn -0.0641296059 -0.704191446 0.70710814
vn -0.0641296059 -0.704191446 0.70710814
vn -0.064120777 -0.704194069 0.707106352
vn -0.0641184971 -0.704194665 0.707105815
vn -0.0641318709 -0.704190791 -0.707108498
vn -0.0641296059 -0.704191446 -0.70710814
vn -0.064120777 -0.704194069 -0.707106352
vn -0.064120777 -0.704194069 -0.707106352
vn -0.0641296059 -0.704191446 -0.70710814
vn -0.0641184971 -0.704194665 -0.707105815
vn 0.0641186163 0.704196632 -0.707103908
vn 0.0641208887 0.704195917 -0.707104266
vn 0.0641297251 0.704193413 -0.707106054
vn 0.0641297251 0.704193413 -0.707106054
vn 0.0641208887 0.704195917 -0.707104266
vn 0.0641319901 0.704192698 -0.707106471
vn 0.0641186163 0.704196632 0.707103908
vn 0.0641297251 0.704193413 0.707106054
vn 0.0641208887 0.704195917 0.707104266
vn 0.0641208887 0.704195917 0.707104266
vn 0.0641297251 0.704193413 0.707106054
vn 0.0641319901 0.704192698 0.707106471
vn -0.0641186088 -0.704196453 0.707104027
vn -0.0641371384 -0.704191029 0.707107782
vn -0.0641224012 -0.70419538 0.707104862
vn -0.0641224012 -0.70419538 0.707104862
vn -0.0641371384 -0.704191029 0.707107782
vn -0.0641409308 -0.704190016 0.707108557
vn -0.0641186088 -0.704196453 -0.707104027
vn -0.0641224012 -0.70419538 -0.707104862
vn -0.0641371384 -0.704191029 -0.707107782
vn -0.0641371384 -0.704191029 -0.707107782
vn -0.0641224012 -0.70419538 -0.707104862
vn -0.0641409308 -0.704190016 -0.707108557
vn 0.0641321242 0.704193473 -0.707105756
vn 0.0641298518 0.704194188 -0.707105339
vn 0.0641210079 0.704196632 -0.70710355
vn 0.0641210079 0.704196632 -0.70710355
vn 0.0641298518 0.704194188 -0.707105339
vn 0.0641187429 0.704197407 -0.707103133
vn 0.0641321242 0.704193473 0.707105756
vn 0.0641210079 0.704196632 0.70710355
vn 0.0641298518 0.704194188 0.707105339
vn 0.0641298518 0.704194188 0.707105339
vn 0.0641210079 0.704196632 0.70710355
vn 0.0641187429 0.704197407 0.707103133
vn -0.0641321242 -0.704193473 0.707105756
vn -0.0641358122 -0.70419234 0.70710659
vn -0.0641328692 -0.704193234 0.707105935
vn -0.0641328692 -0.704193234 0.707105935
vn -0.0641358122 -0.70419234 0.70710659
vn -0.0641365647 -0.704192162 0.707106769
vn -0.0641321242 -0.704193473 -0.707105756
vn -0.0641328692 -0.704193234 -0.707105935
vn -0.0641358122 -0.70419234 -0.70710659
vn -0.0641358122 -0.70419234 -0.70710659
vn -0.0641328692 -0.704193234 -0.707105935
vn -0.0641365647 -0.704192162 -0.707106769
vn 0.0641319454 0.704193771 -0.707105577
vn 0.0641319826 0.704193711 -0.707105577
vn 0.0641321093 0.704193652 -0.707105577
vn 0.0641321093 0.704193652 -0.707105577
vn 0.0641319826 0.704193711 -0.707105577
vn 0.0641321465 0.704193532 -0.707105696
vn 0.0641319454 0.704193771 0.707105577
vn 0.0641321093 0.704193652 0.707105577
vn 0.0641319826 0.704193711 0.707105577
vn 0.0641319826 0.704193711 0.707105577
vn 0.0641321093 0.704193652 0.707105577
vn 0.0641321465 0.704193532 0.707105696
vn -0.0641362816 -0.704191387 0.707107604
vn -0.0641214326 -0.704195619 0.707104623
vn -0.0641332418 -0.704192221 0.707106948
vn -0.0641332418 -0.704192221 0.707106948
vn -0.0641214326 -0.704195619 0.707104623
vn -0.0641183928 -0.704196572 0.707104087
vn -0.0641362816 -0.704191387 -0.707107604
vn -0.0641332418 -0.704192221 -0.707106888
vn -0.0641214326 -0.704195619 -0.707104623
vn -0.0641214326 -0.704195619 -0.707104623
vn -0.0641332418 -0.704192221 -0.707106888
vn -0.0641183928 -0.704196572 -0.707104087
vn 0.0641319081 0.704193473 -0.707105935
vn 0.0641326681 0.704193294 -0.707105994
vn 0.0641356111 0.70419246 -0.70710659
vn 0.0641356111 0.70419246 -0.70710659
vn 0.0641326681 0.704193294 -0.707105994
vn 0.0641363561 0.704192162 -0.707106709
vn 0.0641319081 0.704193473 0.707105935
vn 0.0641356036 0.7041924 0.70710659
vn 0.0641326606 0.704193294 0.707105994
vn 0.0641326606 0.704193294 0.707105994
vn 0.0641356036 0.7041924 0.70710659
vn 0.0641363487 0.704192102 0.707106709
vn 0.0641298741 0.704193711 -0.707105756
vn 0.0641302541 0.704193592 -0.707105935
vn 0.0641317144 0.704193175 -0.707106233
vn 0.0641317144 0.704193175 -0.707106233
vn 0.0641302541 0.704193592 -0.707105935
vn 0.0641320795 0.704192936 -0.707106233
vn 0.0641297922 0.704193413 0.707106113
vn 0.0641316473 0.704192936 0.707106471
vn 0.0641301796 0.704193354 0.707106173
vn 0.0641301796 0.704193354 0.707106173
vn 0.0641316473 0.704192936 0.707106471
vn 0.0641320199 0.704192817 0.707106531
vn -0.0641320273 -0.704192996 0.707106233
vn -0.0641318634 -0.704193056 0.707106292
vn -0.0641319975 -0.704192996 0.707106292
vn -0.0641319975 -0.704192996 0.707106292
vn -0.0641318634 -0.704193056 0.707106292
vn -0.0641318262 -0.704193056 0.707106292
vn -0.0641321093 -0.704193115 -0.707106113
vn -0.064132072 -0.704193115 -0.707106054
vn -0.0641319305 -0.704193294 -0.707106054
vn -0.0641319305 -0.704193294 -0.707106054
vn -0.064132072 -0.704193115 -0.707106054
vn -0.0641319007 -0.704193294 -0.707106054
vn -0.0641260743 -0.704191506 0.707108319
vn -0.0641196668 -0.704193354 0.707107067
vn -0.064124763 -0.704191864 0.70710808
vn -0.064124763 -0.704191864 0.70710808
vn -0.0641196668 -0.704193354 0.707107067
vn -0.0641183555 -0.704193771 0.707106829
vn -0.0641260818 -0.704191566 -0.70710814
vn -0.064124763 -0.704191923 -0.707107961
vn -0.0641196594 -0.704193354 -0.707107008
vn -0.0641196594 -0.704193354 -0.707107008
vn -0.064124763 -0.704191923 -0.707107961
vn -0.0641183481 -0.70419383 -0.707106709
vn 0.0641183928 0.704196572 -0.707104087
vn 0.0641197339 0.704196155 -0.707104325
vn 0.0641249716 0.704194605 -0.707105339
vn 0.0641249716 0.704194605 -0.707105339
vn 0.0641197339 0.704196155 -0.707104325
vn 0.0641263127 0.704194248 -0.707105637
vn 0.0641183928 0.704196393 0.707104206
vn 0.0641249642 0.704194427 0.707105458
vn 0.0641197339 0.704195976 0.707104445
vn 0.0641197339 0.704195976 0.707104445
vn 0.0641249642 0.704194427 0.707105458
vn 0.0641263202 0.704194069 0.707105696
vn -0.0641182214 -0.704194486 0.707105935
vn -0.0641293377 -0.704191327 0.707108259
vn -0.0641205087 -0.70419389 0.707106531
vn -0.0641205087 -0.70419389 0.707106531
vn -0.0641293377 -0.704191327 0.707108259
vn -0.0641316026 -0.704190612 0.707108736
vn -0.0641183034 -0.704194784 -0.707105815
vn -0.0641205758 -0.704194129 -0.707106233
vn -0.0641294047 -0.704191506 -0.707108021
vn -0.0641294047 -0.704191506 -0.707108021
vn -0.0641205758 -0.704194129 -0.707106233
vn -0.0641316697 -0.70419085 -0.707108498
vn 0.0641319081 0.704193473 -0.707105935
vn 0.0641296357 0.704194188 -0.707105398
vn 0.0641208068 0.704196692 -0.70710367
vn 0.0641208068 0.704196692 -0.70710367
vn 0.0641296357 0.704194188 -0.707105398
vn 0.0641185343 0.704197407 -0.707103252
vn 0.0641319007 0.704193234 0.707106113
vn 0.0641208068 0.704196513 0.707103848
vn 0.0641296357 0.70419395 0.707105637
vn 0.0641296357 0.70419395 0.707105637
vn 0.0641208068 0.704196513 0.707103848
vn 0.0641185269 0.704197109 0.707103431
vn -0.0641319081 -0.704193473 0.707105935
vn -0.0641319081 -0.704193532 0.707105815
vn -0.0641319081 -0.704193532 0.707105815
vn -0.0641319081 -0.704193532 0.707105815
vn -0.0641319081 -0.704193532 0.707105815
vn -0.0641319081 -0.704193473 0.707105935
vn -0.0641319081 -0.704193473 -0.707105935
vn -0.0641319081 -0.704193532 -0.707105815
vn -0.0641319081 -0.704193532 -0.707105815
vn -0.0641319081 -0.704193532 -0.707105815
vn -0.0641319081 -0.704193532 -0.707105815
vn -0.0641319081 -0.704193473 -0.707105935
vn 0.0641319901 0.704192698 -0.707106471
vn 0.0641319603 0.704192758 -0.707106531
vn 0.0641318336 0.704192817 -0.707106471
vn 0.0641318336 0.704192817 -0.707106471
vn 0.0641319603 0.704192758 -0.707106531
vn 0.0641317964 0.704192817 -0.707106471
vn 0.0641319901 0.704192698 0.707106471
vn 0.0641318336 0.704192817 0.707106471
vn 0.0641319603 0.704192758 0.707106531
vn 0.0641319603 0.704192758 0.707106531
vn 0.0641318336 0.704192817 0.707106471
vn 0.0641317964 0.704192817 0.707106471
vn -0.0641319901 -0.704192698 0.707106471
vn -0.0641318336 -0.704192817 0.707106471
vn -0.0641319603 -0.704192758 0.707106531
vn -0.0641319603 -0.704192758 0.707106531
vn -0.0641318336 -0.704192817 0.707106471
vn -0.0641317964 -0.704192817 0.707106471
vn -0.0641319901 -0.704192698 -0.707106471
vn -0.0641319603 -0.704192758 -0.707106531
vn -0.0641318336 -0.704192817 -0.707106471
vn -0.0641318336 -0.704192817 -0.707106471
vn -0.0641319603 -0.704192758 -0.707106531
vn -0.0641317964 -0.704192817 -0.707106471
vn 0.0641321242 0.704193473 -0.707105756
vn 0.0641321242 0.704193532 -0.707105815
vn 0.0641321242 0.704193532 -0.707105815
vn 0.0641321242 0.704193532 -0.707105815
vn 0.0641321242 0.704193532 -0.707105815
vn 0.0641321242 0.704193473 -0.707105756
vn 0.0641321242 0.704193473 0.707105756
vn 0.0641321242 0.704193532 0.707105815
vn 0.0641321242 0.704193532 0.707105815
vn 0.0641321242 0.704193532 0.707105815
vn 0.0641321242 0.704193532 0.707105815
vn 0.0641321242 0.704193473 0.707105756
vn -0.0641319826 -0.704192519 0.707106769
vn -0.0641282946 -0.704193592 0.707105935
vn -0.0641312301 -0.704192758 0.70710659
vn -0.0641312301 -0.704192758 0.70710659
vn -0.0641282946 -0.704193592 0.707105935
vn -0.0641275495 -0.70419389 0.707105756
vn -0.0641319826 -0.704192519 -0.707106769
vn -0.0641312376 -0.704192758 -0.70710659
vn -0.0641282946 -0.704193592 -0.707105935
vn -0.0641282946 -0.704193592 -0.707105935
vn -0.0641312376 -0.704192758 -0.70710659
vn -0.0641275495 -0.704194009 -0.707105756
vn 0.0641321465 0.704193532 -0.707105696
vn 0.064132154 0.704193652 -0.707105696
vn 0.064132154 0.704193652 -0.707105696
vn 0.064132154 0.704193652 -0.707105696
vn 0.064132154 0.704193652 -0.707105696
vn 0.0641321465 0.704193532 -0.707105696
vn 0.0641321465 0.704193532 0.707105696
vn 0.064132154 0.704193652 0.707105696
vn 0.064132154 0.704193652 0.707105696
vn 0.064132154 0.704193652 0.707105696
vn 0.064132154 0.704193652 0.707105696
vn 0.0641321465 0.704193532 0.707105696
vn -0.0641321465 -0.704193532 0.707105696
vn -0.064132154 -0.704193652 0.707105696
vn -0.064132154 -0.704193652 0.707105696
vn -0.064132154 -0.704193652 0.707105696
vn -0.064132154 -0.704193652 0.707105696
vn -0.0641321465 -0.704193532 0.707105696
vn -0.0641321465 -0.704193532 -0.707105696
vn -0.064132154 -0.704193652 -0.707105696
vn -0.064132154 -0.704193652 -0.707105696
vn -0.064132154 -0.704193652 -0.707105696
vn -0.064132154 -0.704193652 -0.707105696
vn -0.0641321465 -0.704193532 -0.707105696
vn 0.0641275495 0.70419389 -0.707105756
vn 0.0641282946 0.704193592 -0.707105935
vn 0.0641312301 0.704192758 -0.70710659
vn 0.0641312301 0.704192758 -0.70710659
vn 0.0641282946 0.704193592 -0.707105935
vn 0.0641319826 0.704192519 -0.707106769
vn 0.0641275495 0.704194009 0.707105756
vn 0.0641312376 0.704192758 0.70710659
vn 0.0641282946 0.704193592 0.707105935
vn 0.0641282946 0.704193592 0.707105935
vn 0.0641312376 0.704192758 0.70710659
vn 0.0641319826 0.704192519 0.707106769
vn -0.0641318858 -0.704192996 -0.707106292
vn -0.0641318858 -0.704192996 -0.707106292
vn -0.0641318783 -0.704192996 -0.707106292
vn -0.0641318783 -0.704192996 -0.707106292
vn -0.0641318858 -0.704192996 -0.707106292
vn -0.0641318858 -0.704192996 -0.707106292
vn 0.0641318932 0.704193234 -0.707106054
vn 0.0641318932 0.704193294 -0.707106054
vn 0.0641318932 0.704193294 -0.707106054
vn 0.0641318932 0.704193294 -0.707106054
vn 0.0641318932 0.704193294 -0.707106054
vn 0.0641318932 0.704193234 -0.707106054
vn 0.0641318932 0.704193234 0.707106054
vn 0.0641318932 0.704193294 0.707106054
vn 0.0641318932 0.704193294 0.707106054
vn 0.0641318932 0.704193294 0.707106054
vn 0.0641318932 0.704193294 0.707106054
vn 0.0641318932 0.704193234 0.707106054
vn -0.0641318858 -0.704192996 0.707106292
vn -0.0641318858 -0.704192996 0.707106292
vn -0.0641318783 -0.704192996 0.707106292
vn -0.0641318783 -0.704192996 0.707106292
vn -0.0641318858 -0.704192996 0.707106292
vn -0.0641318858 -0.704192996 0.707106292
vn -0.0641321093 -0.704193115 -0.707106113
vn -0.064132072 -0.704193115 -0.707106054
vn -0.0641319305 -0.704193294 -0.707106054
vn -0.0641319305 -0.704193294 -0.707106054
vn -0.064132072 -0.704193115 -0.707106054
vn -0.0641319007 -0.704193294 -0.707106054
vn 0.0641298741 0.704193711 -0.707105756
vn 0.0641302541 0.704193592 -0.707105935
vn 0.0641317144 0.704193175 -0.707106233
vn 0.0641317144 0.704193175 -0.707106233
vn 0.0641302541 0.704193592 -0.707105935
vn 0.0641320795 0.704192936 -0.707106233
vn 0.0641298741 0.704193711 0.707105756
vn 0.0641317144 0.704193175 0.707106233
vn 0.0641302541 0.704193592 0.707105935
vn 0.0641302541 0.704193592 0.707105935
vn 0.0641317144 0.704193175 0.707106233
vn 0.0641320795 0.704192936 0.707106233
vn -0.0641321093 -0.704193115 0.707106113
vn -0.0641319379 -0.704193294 0.707106054
vn -0.064132072 -0.704193115 0.707106054
vn -0.064132072 -0.704193115 0.707106054
vn -0.0641319379 -0.704193294 0.707106054
vn -0.0641318932 -0.704193294 0.707105994
vn -0.0641321242 -0.704193473 -0.707105756
vn -0.0641319156 -0.704193532 -0.707105815
vn -0.0641311035 -0.704193711 -0.707105637
vn -0.0641311035 -0.704193711 -0.707105637
vn -0.0641319156 -0.704193532 -0.707105815
vn -0.0641308948 -0.704193771 -0.707105577
vn 0.0641319826 0.704192519 -0.707106769
vn 0.0641319752 0.70419246 -0.707106709
vn 0.0641319752 0.70419246 -0.707106709
vn 0.0641319752 0.70419246 -0.707106709
vn 0.0641319752 0.70419246 -0.707106709
vn 0.0641319826 0.704192519 -0.707106769
vn 0.0641319826 0.704192519 0.707106769
vn 0.0641319752 0.70419246 0.707106709
vn 0.0641319752 0.70419246 0.707106709
vn 0.0641319752 0.70419246 0.707106709
vn 0.0641319752 0.70419246 0.707106709
vn 0.0641319826 0.704192519 0.707106769
vn -0.0641321093 -0.704193473 0.707105756
vn -0.0641311035 -0.704193711 0.707105637
vn -0.0641319081 -0.704193532 0.707105815
vn -0.0641319081 -0.704193532 0.707105815
vn -0.0641311035 -0.704193711 0.707105637
vn -0.0641309023 -0.704193771 0.707105637
vn -0.0641260818 -0.704191566 -0.70710814
vn -0.064124763 -0.704191923 -0.707107961
vn -0.0641196594 -0.704193354 -0.707107008
vn -0.0641196594 -0.704193354 -0.707107008
vn -0.064124763 -0.704191923 -0.707107961
vn -0.0641183481 -0.70419383 -0.707106709
vn 0.0641183928 0.704196572 -0.707104087
vn 0.0641197339 0.704196155 -0.707104325
vn 0.0641249716 0.704194605 -0.707105339
vn 0.0641249716 0.704194605 -0.707105339
vn 0.0641197339 0.704196155 -0.707104325
vn 0.0641263127 0.704194248 -0.707105637
vn 0.0641183928 0.704196572 0.707104087
vn 0.0641249716 0.704194605 0.707105339
vn 0.0641197339 0.704196155 0.707104325
vn 0.0641197339 0.704196155 0.707104325
vn 0.0641249716 0.704194605 0.707105339
vn 0.0641263127 0.704194248 0.707105637
vn -0.0641260818 -0.704191566 0.70710814
vn -0.0641196594 -0.704193354 0.707107008
vn -0.064124763 -0.704191923 0.707107961
vn -0.064124763 -0.704191923 0.707107961
vn -0.0641196594 -0.704193354 0.707107008
vn -0.0641183481 -0.70419383 0.707106709
vn -0.0641183034 -0.704194784 -0.707105815
vn -0.0641205758 -0.704194129 -0.707106233
vn -0.0641294047 -0.704191506 -0.707108021
vn -0.0641294047 -0.704191506 -0.707108021
vn -0.0641205758 -0.704194129 -0.707106233
vn -0.0641316697 -0.70419085 -0.707108498
vn 0.0641319081 0.704193473 -0.707105935
vn 0.0641296357 0.704194188 -0.707105398
vn 0.0641208068 0.704196692 -0.70710367
vn 0.0641208068 0.704196692 -0.70710367
vn 0.0641296357 0.704194188 -0.707105398
vn 0.0641185343 0.704197407 -0.707103252
vn 0.0641319081 0.704193473 0.707105935
vn 0.0641208068 0.704196692 0.70710367
vn 0.0641296357 0.704194188 0.707105398
vn 0.0641296357 0.704194188 0.707105398
vn 0.0641208068 0.704196692 0.70710367
vn 0.0641185343 0.704197407 0.707103252
vn -0.0641183034 -0.704194784 0.707105815
vn -0.0641294047 -0.704191506 0.707108021
vn -0.0641205758 -0.704194129 0.707106233
vn -0.0641205758 -0.704194129 0.707106233
vn -0.0641294047 -0.704191506 0.707108021
vn -0.0641316697 -0.70419085 0.707108498
vn -0.0641321391 -0.704193473 -0.707105815
vn -0.0641321018 -0.704193413 -0.707105815
vn -0.0641319752 -0.704193532 -0.707105815
vn -0.0641319752 -0.704193532 -0.707105815
vn -0.0641321018 -0.704193413 -0.707105815
vn -0.0641319379 -0.704193592 -0.707105815
vn 0.0641317666 0.70419234 -0.707106948
vn 0.0641318038 0.70419234 -0.707107008
vn 0.0641319379 0.70419234 -0.707107008
vn 0.0641319379 0.70419234 -0.707107008
vn 0.0641318038 0.70419234 -0.707107008
vn 0.0641319752 0.704192281 -0.707106948
vn 0.0641317815 0.704192638 0.707106769
vn 0.0641319528 0.704192519 0.707106829
vn 0.0641318113 0.704192638 0.707106769
vn 0.0641318113 0.704192638 0.707106769
vn 0.0641319528 0.704192519 0.707106829
vn 0.0641319901 0.704192579 0.707106709
vn -0.0641321465 -0.704193532 0.707105696
vn -0.0641319826 -0.704193711 0.707105577
vn -0.0641321093 -0.704193652 0.707105577
vn -0.0641321093 -0.704193652 0.707105577
vn -0.0641319826 -0.704193711 0.707105577
vn -0.0641319454 -0.704193771 0.707105577
vn -0.0641319081 -0.704193473 -0.707105935
vn -0.0641319081 -0.704193532 -0.707105815
vn -0.0641319081 -0.704193532 -0.707105815
vn -0.0641319081 -0.704193532 -0.707105815
vn -0.0641319081 -0.704193532 -0.707105815
vn -0.0641319081 -0.704193473 -0.707105935
vn 0.0641319901 0.704192698 -0.707106471
vn 0.0641319603 0.704192758 -0.707106531
vn 0.0641318336 0.704192817 -0.707106471
vn 0.0641318336 0.704192817 -0.707106471
vn 0.0641319603 0.704192758 -0.707106531
vn 0.0641317964 0.704192817 -0.707106471
vn 0.0641319901 0.704192579 0.70710665
vn 0.0641318187 0.704192579 0.707106709
vn 0.0641319528 0.704192579 0.707106709
vn 0.0641319528 0.704192579 0.707106709
vn 0.0641318187 0.704192579 0.707106709
vn 0.0641317815 0.704192579 0.707106709
vn -0.0641319007 -0.704193234 0.707106113
vn -0.0641319081 -0.704193294 0.707105994
vn -0.0641319081 -0.704193294 0.707105994
vn -0.0641319081 -0.704193294 0.707105994
vn -0.0641319081 -0.704193294 0.707105994
vn -0.0641319007 -0.704193234 0.707106113
vn -0.0641319901 -0.704192698 -0.707106471
vn -0.0641319603 -0.704192758 -0.707106531
vn -0.0641318336 -0.704192817 -0.707106471
vn -0.0641318336 -0.704192817 -0.707106471
vn -0.0641319603 -0.704192758 -0.707106531
vn -0.0641317964 -0.704192817 -0.707106471
vn 0.0641321242 0.704193473 -0.707105756
vn 0.0641321242 0.704193532 -0.707105815
vn 0.0641321242 0.704193532 -0.707105815
vn 0.0641321242 0.704193532 -0.707105815
vn 0.0641321242 0.704193532 -0.707105815
vn 0.0641321242 0.704193473 -0.707105756
vn 0.0641321167 0.704193234 0.707105935
vn 0.0641321242 0.704193354 0.707105935
vn 0.0641321242 0.704193294 0.707105994
vn 0.0641321242 0.704193294 0.707105994
vn 0.0641321242 0.704193354 0.707105935
vn 0.0641321316 0.704193354 0.707105935
vn -0.0641319901 -0.704192698 0.707106531
vn -0.0641318336 -0.704192758 0.70710659
vn -0.0641319603 -0.704192758 0.70710659
vn -0.0641319603 -0.704192758 0.70710659
vn -0.0641318336 -0.704192758 0.70710659
vn -0.0641317964 -0.704192817 0.70710659
vn 0.0641318858 0.704192996 -0.707106292
vn 0.0641318858 0.704192996 -0.707106292
vn 0.0641318783 0.704192996 -0.707106292
vn 0.0641318783 0.704192996 -0.707106292
vn 0.0641318858 0.704192996 -0.707106292
vn 0.0641318858 0.704192996 -0.707106292
vn 0.0641318858 0.704192996 0.707106292
vn 0.0641318858 0.704192996 0.707106292
vn 0.0641318783 0.704192996 0.707106292
vn 0.0641318783 0.704192996 0.707106292
vn 0.0641318858 0.704192996 0.707106292
vn 0.0641318858 0.704192996 0.707106292
vn -0.0641318858 -0.704192996 0.707106292
vn -0.0641300455 -0.704193592 0.707105935
vn -0.0641314983 -0.704193175 0.707106173
vn -0.0641314983 -0.704193175 0.707106173
vn -0.0641300455 -0.704193592 0.707105935
vn -0.0641296655 -0.704193652 0.707105875
vn -0.0641318858 -0.704192996 -0.707106292
vn -0.0641315132 -0.704193175 -0.707106173
vn -0.0641300455 -0.704193592 -0.707105935
vn -0.0641300455 -0.704193592 -0.707105935
vn -0.0641315132 -0.704193175 -0.707106173
vn -0.0641296655 -0.704193652 -0.707105875
vn 0.0641321391 0.704193473 -0.707105815
vn 0.0641321391 0.704193473 -0.707105815
vn 0.0641321391 0.704193473 -0.707105815
vn 0.0641321391 0.704193473 -0.707105815
vn 0.0641321391 0.704193473 -0.707105815
vn 0.0641321391 0.704193473 -0.707105815
vn 0.0641321465 0.704193532 0.707105696
vn 0.064132154 0.704193652 0.707105696
vn 0.064132154 0.704193652 0.707105696
vn 0.064132154 0.704193652 0.707105696
vn 0.064132154 0.704193652 0.707105696
vn 0.0641321465 0.704193532 0.707105696
vn -0.0641319826 -0.704192519 0.707106769
vn -0.0641319752 -0.70419246 0.707106709
vn -0.0641319752 -0.70419246 0.707106709
vn -0.0641319752 -0.70419246 0.707106709
vn -0.0641319752 -0.70419246 0.707106709
vn -0.0641319826 -0.704192519 0.707106769
vn -0.0641319677 -0.70419234 -0.707107008
vn -0.0641319677 -0.70419234 -0.707107008
vn -0.0641319677 -0.70419234 -0.707107008
vn -0.0641319677 -0.70419234 -0.707107008
vn -0.0641319677 -0.70419234 -0.707107008
vn -0.0641319677 -0.70419234 -0.707107008
vn 0.0641321242 0.704193473 -0.707105756
vn 0.0641321242 0.704193532 -0.707105815
vn 0.0641321242 0.704193532 -0.707105815
vn 0.0641321242 0.704193532 -0.707105815
vn 0.0641321242 0.704193532 -0.707105815
vn 0.0641321242 0.704193473 -0.707105756
vn 0.0641321242 0.704193294 0.707106054
vn 0.0641321018 0.704193234 0.707105994
vn 0.0641321167 0.704193234 0.707106054
vn 0.0641321167 0.704193234 0.707106054
vn 0.0641321018 0.704193234 0.707105994
vn 0.0641321093 0.704193234 0.707105935
vn -0.0641319901 -0.704192579 0.70710665
vn -0.0641319826 -0.70419246 0.707106709
vn -0.0641319826 -0.70419246 0.707106709
vn -0.0641319826 -0.70419246 0.707106709
vn -0.0641319826 -0.70419246 0.707106709
vn -0.0641319901 -0.704192579 0.70710665
vn -0.0641319901 -0.704192698 -0.707106471
vn -0.0641319975 -0.704192758 -0.707106531
vn -0.0641319975 -0.704192758 -0.707106531
vn -0.0641319975 -0.704192758 -0.707106531
vn -0.0641319975 -0.704192758 -0.707106531
vn -0.0641319901 -0.704192698 -0.707106471
vn -0.0641321093 -0.704193294 -0.707106054
vn -0.0641321093 -0.704193234 -0.707106054
vn -0.0641321093 -0.704193234 -0.707106054
vn -0.0641321093 -0.704193234 -0.707106054
vn -0.0641321093 -0.704193234 -0.707106054
vn -0.0641321093 -0.704193294 -0.707106054
vn 0.0641321093 0.704193115 -0.707106113
vn 0.0641321093 0.704193115 -0.707106113
vn 0.0641321093 0.704193115 -0.707106113
vn 0.0641321093 0.704193115 -0.707106113
vn 0.0641321093 0.704193115 -0.707106113
vn 0.0641321093 0.704193115 -0.707106113
vn 0.0641320273 0.704192996 0.707106233
vn 0.0641320348 0.704192996 0.707106292
vn 0.0641320348 0.704192996 0.707106292
vn 0.0641320348 0.704192996 0.707106292
vn 0.0641320348 0.704192996 0.707106292
vn 0.0641320273 0.704192996 0.707106233
vn -0.0641320422 -0.704192996 0.707106292
vn -0.0641320422 -0.704192996 0.707106292
vn -0.0641320422 -0.704192996 0.707106292
vn -0.0641320422 -0.704192996 0.707106292
vn -0.0641320422 -0.704192996 0.707106292
vn -0.0641320422 -0.704192996 0.707106292
vn -0.0641321242 -0.704193473 -0.707105756
vn -0.0641321242 -0.704193532 -0.707105815
vn -0.0641321242 -0.704193532 -0.707105815
vn -0.0641321242 -0.704193532 -0.707105815
vn -0.0641321242 -0.704193532 -0.707105815
vn -0.0641321242 -0.704193473 -0.707105756
vn 0.0641318932 0.704193294 -0.707105994
vn 0.0641319379 0.704193294 -0.707106054
vn 0.064132072 0.704193115 -0.707106054
vn 0.064132072 0.704193115 -0.707106054
vn 0.0641319379 0.704193294 -0.707106054
vn 0.0641321093 0.704193115 -0.707106113
vn 0.0641319007 0.704193294 0.707106054
vn 0.064132072 0.704193115 0.707106054
vn 0.0641319305 0.704193294 0.707106054
vn 0.0641319305 0.704193294 0.707106054
vn 0.064132072 0.704193115 0.707106054
vn 0.0641321093 0.704193115 0.707106113
vn -0.0641321242 -0.704193473 0.707105756
vn -0.0641321242 -0.704193532 0.707105815
vn -0.0641321242 -0.704193532 0.707105815
vn -0.0641321242 -0.704193532 0.707105815
vn -0.0641321242 -0.704193532 0.707105815
vn -0.0641321242 -0.704193473 0.707105756
vn -0.0641318858 -0.704192996 0.707106292
vn -0.0641300455 -0.704193592 0.707105935
vn -0.0641314983 -0.704193175 0.707106173
vn -0.0641314983 -0.704193175 0.707106173
vn -0.0641300455 -0.704193592 0.707105935
vn -0.0641296655 -0.704193652 0.707105875
vn -0.0641318113 -0.704192877 -0.707106471
vn -0.0641314238 -0.704192996 -0.707106471
vn -0.0641299635 -0.704193354 -0.707106113
vn -0.0641299635 -0.704193354 -0.707106113
vn -0.0641314238 -0.704192996 -0.707106471
vn -0.0641295835 -0.704193473 -0.707105994
vn 0.0641318113 0.704192877 -0.707106471
vn 0.0641318038 0.704192817 -0.707106531
vn 0.0641318038 0.704192817 -0.707106531
vn 0.0641318038 0.704192817 -0.707106531
vn 0.0641318038 0.704192817 -0.707106531
vn 0.0641318113 0.704192877 -0.707106471
vn 0.0641318858 0.704192996 0.707106292
vn 0.0641318858 0.704192996 0.707106292
vn 0.0641318783 0.704192996 0.707106292
vn 0.0641318783 0.704192996 0.707106292
vn 0.0641318858 0.704192996 0.707106292
vn 0.0641318858 0.704192996 0.707106292
vn -0.0641321093 -0.704193115 0.707106113
vn -0.0641319379 -0.704193294 0.707106054
vn -0.064132072 -0.704193115 0.707106054
vn -0.064132072 -0.704193115 0.707106054
vn -0.0641319379 -0.704193294 0.707106054
vn -0.0641318932 -0.704193294 0.707105994
vn -0.0641321093 -0.704193115 -0.707106113
vn -0.064132072 -0.704193115 -0.707106054
vn -0.0641319305 -0.704193294 -0.707106054
vn -0.0641319305 -0.704193294 -0.707106054
vn -0.064132072 -0.704193115 -0.707106054
vn -0.0641319007 -0.704193294 -0.707106054
vn 0.0641298741 0.704193711 -0.707105756
vn 0.0641302541 0.704193592 -0.707105935
vn 0.0641317144 0.704193175 -0.707106233
vn 0.0641317144 0.704193175 -0.707106233
vn 0.0641302541 0.704193592 -0.707105935
vn 0.0641320795 0.704192936 -0.707106233
vn 0.0641298741 0.704193711 0.707105756
vn 0.0641317144 0.704193175 0.707106233
vn 0.0641302541 0.704193592 0.707105935
vn 0.0641302541 0.704193592 0.707105935
vn 0.0641317144 0.704193175 0.707106233
vn 0.0641320795 0.704192936 0.707106233
vn -0.0641319826 -0.704192519 0.707106769
vn -0.0641319752 -0.70419246 0.707106709
vn -0.0641319752 -0.70419246 0.707106709
vn -0.0641319752 -0.70419246 0.707106709
vn -0.0641319752 -0.70419246 0.707106709
vn -0.0641319826 -0.704192519 0.707106769
vn -0.0641319826 -0.704192519 -0.707106769
vn -0.0641319752 -0.70419246 -0.707106709
vn -0.0641319752 -0.70419246 -0.707106709
vn -0.0641319752 -0.70419246 -0.707106709
vn -0.0641319752 -0.70419246 -0.707106709
vn -0.0641319826 -0.704192519 -0.707106769
vn 0.0641321465 0.704193532 -0.707105696
vn 0.064132154 0.704193652 -0.707105696
vn 0.064132154 0.704193652 -0.707105696
vn 0.064132154 0.704193652 -0.707105696
vn 0.064132154 0.704193652 -0.707105696
vn 0.0641321465 0.704193532 -0.707105696
vn 0.0641321465 0.704193532 0.707105696
vn 0.064132154 0.704193652 0.707105696
vn 0.064132154 0.704193652 0.707105696
vn 0.064132154 0.704193652 0.707105696
vn 0.064132154 0.704193652 0.707105696
vn 0.0641321465 0.704193532 0.707105696
vn -0.0641319901 -0.704192698 0.707106471
vn -0.0641319975 -0.704192758 0.707106531
vn -0.0641319975 -0.704192758 0.707106531
vn -0.0641319975 -0.704192758 0.707106531
vn -0.0641319975 -0.704192758 0.707106531
vn -0.0641319901 -0.704192698 0.707106471
vn -0.0641319901 -0.704192698 -0.707106471
vn -0.0641319975 -0.704192758 -0.707106531
vn -0.0641319975 -0.704192758 -0.707106531
vn -0.0641319975 -0.704192758 -0.707106531
vn -0.0641319975 -0.704192758 -0.707106531
vn -0.0641319901 -0.704192698 -0.707106471
vn 0.0641321242 0.704193473 -0.707105756
vn 0.0641321242 0.704193532 -0.707105815
vn 0.0641321242 0.704193532 -0.707105815
vn 0.0641321242 0.704193532 -0.707105815
vn 0.0641321242 0.704193532 -0.707105815
vn 0.0641321242 0.704193473 -0.707105756
vn 0.0641321242 0.704193473 0.707105756
vn 0.0641321242 0.704193532 0.707105815
vn 0.0641321242 0.704193532 0.707105815
vn 0.0641321242 0.704193532 0.707105815
vn 0.0641321242 0.704193532 0.707105815
vn 0.0641321242 0.704193473 0.707105756
vn 0.0641314313 0.704193532 -0.707105935
vn 0.0641314611 0.704193354 -0.707105875
vn 0.0641316175 0.704193413 -0.707105994
vn 0.0641316175 0.704193413 -0.707105994
vn 0.0641314611 0.704193354 -0.707105875
vn 0.0641316473 0.704193413 -0.707106054
vn 0.0641314313 0.704193532 0.707105935
vn 0.0641316175 0.704193413 0.707105994
vn 0.0641314611 0.704193354 0.707105875
vn 0.0641314611 0.704193354 0.707105875
vn 0.0641316175 0.704193413 0.707105994
vn 0.0641316473 0.704193413 0.707106054
vn -0.064131625 -0.704193175 0.707106173
vn -0.064131625 -0.704193175 0.707106113
vn -0.064131625 -0.704193175 0.707106113
vn -0.064131625 -0.704193175 0.707106113
vn -0.064131625 -0.704193175 0.707106113
vn -0.064131625 -0.704193175 0.707106173
vn -0.064131625 -0.704193175 -0.707106173
vn -0.064131625 -0.704193175 -0.707106113
vn -0.064131625 -0.704193175 -0.707106113
vn -0.064131625 -0.704193175 -0.707106113
vn -0.064131625 -0.704193175 -0.707106113
vn -0.064131625 -0.704193175 -0.707106173
vn -0.0641193241 -0.704194069 0.707106411
vn -0.0641194955 -0.704194009 0.707106471
vn -0.0641193539 -0.704194069 0.707106411
vn -0.0641193539 -0.704194069 0.707106411
vn -0.0641194955 -0.704194009 0.707106471
vn -0.0641195253 -0.70419395 0.707106471
vn -0.0641193986 -0.704194367 -0.707106054
vn -0.0641194358 -0.704194307 -0.707106173
vn -0.0641195551 -0.704194129 -0.707106173
vn -0.0641195551 -0.704194129 -0.707106173
vn -0.0641194358 -0.704194307 -0.707106173
vn -0.0641195998 -0.704194188 -0.707106292
vn 0.0641193986 0.704194367 -0.707106054
vn 0.0641193986 0.704194248 -0.707106054
vn 0.0641193986 0.704194248 -0.707106054
vn 0.0641193986 0.704194248 -0.707106054
vn 0.0641193986 0.704194248 -0.707106054
vn 0.0641193986 0.704194367 -0.707106054
vn 0.0641193241 0.704194069 0.707106411
vn 0.0641193315 0.704194188 0.707106352
vn 0.0641193166 0.704194129 0.707106352
vn 0.0641193166 0.704194129 0.707106352
vn 0.0641193315 0.704194188 0.707106352
vn 0.0641193241 0.704194069 0.707106292
vn -0.0641309917 -0.704193532 0.707105875
vn -0.0641317517 -0.704193354 0.707106054
vn -0.0641311482 -0.704193532 0.707105875
vn -0.0641311482 -0.704193532 0.707105875
vn -0.0641317517 -0.704193354 0.707106054
vn -0.0641318932 -0.704193294 0.707105994
vn -0.0641309172 -0.704193294 -0.707105994
vn -0.0641310811 -0.704193354 -0.707106113
vn -0.0641316697 -0.704193115 -0.707106173
vn -0.0641316697 -0.704193115 -0.707106173
vn -0.0641310811 -0.704193354 -0.707106113
vn -0.0641318262 -0.704193056 -0.707106292
vn 0.0641314536 0.704192877 -0.707106411
vn 0.0641313568 0.704192877 -0.707106352
vn 0.0641310066 0.704192996 -0.707106233
vn 0.0641310066 0.704192996 -0.707106233
vn 0.0641313568 0.704192877 -0.707106352
vn 0.0641309097 0.704193115 -0.707106233
vn 0.0641315281 0.704193115 0.707106113
vn 0.0641310662 0.704193294 0.707106113
vn 0.0641314387 0.704193175 0.707106173
vn 0.0641314387 0.704193175 0.707106173
vn 0.0641310662 0.704193294 0.707106113
vn 0.0641309693 0.704193294 0.707105994
vn 0.0641309693 0.704193294 -0.707105994
vn 0.0641311631 0.704193234 -0.707106113
vn 0.0641319007 0.704193056 -0.707106292
vn 0.0641319007 0.704193056 -0.707106292
vn 0.0641311631 0.704193234 -0.707106113
vn 0.0641320795 0.704192936 -0.707106233
vn 0.0641309693 0.704193294 0.707105994
vn 0.0641319007 0.704193056 0.707106292
vn 0.0641311631 0.704193234 0.707106113
vn 0.0641311631 0.704193234 0.707106113
vn 0.0641319007 0.704193056 0.707106292
vn 0.0641320795 0.704192936 0.707106233
vn -0.0641321093 -0.704193115 0.707106113
vn -0.0641311854 -0.704193473 0.707105815
vn -0.064131923 -0.704193234 0.707106054
vn -0.064131923 -0.704193234 0.707106054
vn -0.0641311854 -0.704193473 0.707105815
vn -0.0641309991 -0.704193532 0.707105875
vn -0.0641321093 -0.704193115 -0.707106113
vn -0.064131923 -0.704193234 -0.707106054
vn -0.064131178 -0.704193473 -0.707105815
vn -0.064131178 -0.704193473 -0.707105815
vn -0.064131923 -0.704193234 -0.707106054
vn -0.0641309917 -0.704193532 -0.707105875
vn 0.0641307905 0.704193592 -0.707105815
vn 0.0641308278 0.704193592 -0.707105815
vn 0.0641309619 0.704193592 -0.707105875
vn 0.0641309619 0.704193592 -0.707105875
vn 0.0641308278 0.704193592 -0.707105815
vn 0.0641309917 0.704193532 -0.707105875
vn 0.0641307831 0.704193592 0.707105815
vn 0.0641309693 0.704193592 0.707105875
vn 0.0641308203 0.704193592 0.707105815
vn 0.0641308203 0.704193592 0.707105815
vn 0.0641309693 0.704193592 0.707105875
vn 0.0641309991 0.704193532 0.707105875
vn -0.0641309693 -0.704193294 0.707105994
vn -0.0641319007 -0.704193056 0.707106292
vn -0.0641311631 -0.704193234 0.707106113
vn -0.0641311631 -0.704193234 0.707106113
vn -0.0641319007 -0.704193056 0.707106292
vn -0.0641320795 -0.704192936 0.707106233
vn -0.0641309693 -0.704193294 -0.707105994
vn -0.0641311631 -0.704193234 -0.707106113
vn -0.0641319007 -0.704193056 -0.707106292
vn -0.0641319007 -0.704193056 -0.707106292
vn -0.0641311631 -0.704193234 -0.707106113
vn -0.0641320795 -0.704192936 -0.707106233
vn 0.0641318932 0.704193294 -0.707105994
vn 0.0641319379 0.704193294 -0.707106054
vn 0.064132072 0.704193115 -0.707106054
vn 0.064132072 0.704193115 -0.707106054
vn 0.0641319379 0.704193294 -0.707106054
vn 0.0641321093 0.704193115 -0.707106113
vn 0.0641318262 0.704193056 0.707106292
vn 0.0641319975 0.704192996 0.707106292
vn 0.0641318634 0.704193056 0.707106292
vn 0.0641318634 0.704193056 0.707106292
vn 0.0641319975 0.704192996 0.707106292
vn 0.0641320273 0.704192996 0.707106233
vn -0.0641321242 -0.704193294 0.707106054
vn -0.0641321018 -0.704193234 0.707105994
vn -0.0641321167 -0.704193234 0.707106054
vn -0.0641321167 -0.704193234 0.707106054
vn -0.0641321018 -0.704193234 0.707105994
vn -0.0641321093 -0.704193234 0.707105935
vn -0.0641321242 -0.704193473 -0.707105756
vn -0.0641321242 -0.704193532 -0.707105815
vn -0.0641321242 -0.704193532 -0.707105815
vn -0.0641321242 -0.704193532 -0.707105815
vn -0.0641321242 -0.704193532 -0.707105815
vn -0.0641321242 -0.704193473 -0.707105756
vn 0.0641307905 0.704193592 -0.707105815
vn 0.0641308278 0.704193592 -0.707105815
vn 0.0641309619 0.704193592 -0.707105875
vn 0.0641309619 0.704193592 -0.707105875
vn 0.0641308278 0.704193592 -0.707105815
vn 0.0641309917 0.704193532 -0.707105875
vn 0.0641307831 0.704193592 0.707105815
vn 0.0641309693 0.704193592 0.707105875
vn 0.0641308203 0.704193592 0.707105815
vn 0.0641308203 0.704193592 0.707105815
vn 0.0641309693 0.704193592 0.707105875
vn 0.0641309991 0.704193532 0.707105875
vn -0.0641309693 -0.704193294 0.707105994
vn -0.0641319007 -0.704193056 0.707106292
vn -0.0641311631 -0.704193234 0.707106113
vn -0.0641311631 -0.704193234 0.707106113
vn -0.0641319007 -0.704193056 0.707106292
vn -0.0641320795 -0.704192936 0.707106233
vn -0.0641309693 -0.704193294 -0.707105994
vn -0.0641311631 -0.704193234 -0.707106113
vn -0.0641319007 -0.704193056 -0.707106292
vn -0.0641319007 -0.704193056 -0.707106292
vn -0.0641311631 -0.704193234 -0.707106113
vn -0.0641320795 -0.704192936 -0.707106233
vn 0.0641320795 0.704192936 -0.707106233
vn 0.0641320869 0.704192996 -0.707106292
vn 0.0641320869 0.704192996 -0.707106292
vn 0.0641320869 0.704192996 -0.707106292
vn 0.0641320869 0.704192996 -0.707106292
vn 0.0641320795 0.704192936 -0.707106233
vn 0.0641320795 0.704192936 0.707106233
vn 0.0641320869 0.704192996 0.707106292
vn 0.0641320869 0.704192996 0.707106292
vn 0.0641320869 0.704192996 0.707106292
vn 0.0641320869 0.704192996 0.707106292
vn 0.0641320795 0.704192936 0.707106233
vn -0.0641321093 -0.704193115 0.707106113
vn -0.0641321093 -0.704193115 0.707106113
vn -0.0641321093 -0.704193115 0.707106113
vn -0.0641321093 -0.704193115 0.707106113
vn -0.0641321093 -0.704193115 0.707106113
vn -0.0641321093 -0.704193115 0.707106113
vn -0.0641321093 -0.704193115 -0.707106113
vn -0.0641321093 -0.704193115 -0.707106113
vn -0.0641321093 -0.704193115 -0.707106113
vn -0.0641321093 -0.704193115 -0.707106113
vn -0.0641321093 -0.704193115 -0.707106113
vn -0.0641321093 -0.704193115 -0.707106113
vn 0.0641181841 0.704194069 -0.707106531
vn 0.0641181841 0.704194129 -0.707106531
vn 0.0641181916 0.704194129 -0.707106531
vn 0.0641181916 0.704194129 -0.707106531
vn 0.0641181841 0.704194129 -0.707106531
vn 0.0641181991 0.704194069 -0.707106531
vn 0.0641181841 0.704194248 0.707106233
vn 0.0641181916 0.704194307 0.707106292
vn 0.0641181916 0.704194307 0.707106292
vn 0.0641181916 0.704194307 0.707106292
vn 0.0641181916 0.704194307 0.707106292
vn 0.0641181841 0.704194248 0.707106233
vn -0.064118512 -0.704197109 0.707103431
vn -0.0641306341 -0.704193711 0.707105815
vn -0.0641209856 -0.704196393 0.707103789
vn -0.0641209856 -0.704196393 0.707103789
vn -0.0641306341 -0.704193711 0.707105815
vn -0.0641331226 -0.704192936 0.707106233
vn -0.0641184449 -0.70419687 -0.70710355
vn -0.0641209185 -0.704196155 -0.707104027
vn -0.0641305745 -0.704193354 -0.707105994
vn -0.0641305745 -0.704193354 -0.707105994
vn -0.0641209185 -0.704196155 -0.707104027
vn -0.0641330555 -0.704192638 -0.707106471
vn 0.0641318932 0.704193234 -0.707106054
vn 0.0641318932 0.704193294 -0.707106054
vn 0.0641318932 0.704193294 -0.707106054
vn 0.0641318932 0.704193294 -0.707106054
vn 0.0641318932 0.704193294 -0.707106054
vn 0.0641318932 0.704193234 -0.707106054
vn 0.0641318336 0.704192996 0.707106233
vn 0.0641318262 0.704192996 0.707106292
vn 0.0641318262 0.704192996 0.707106292
vn 0.0641318262 0.704192996 0.707106292
vn 0.0641318262 0.704192996 0.707106292
vn 0.0641318336 0.704192996 0.707106233
vn -0.0641318113 -0.704192877 0.707106471
vn -0.0641318038 -0.704192817 0.707106531
vn -0.0641318038 -0.704192817 0.707106531
vn -0.0641318038 -0.704192817 0.707106531
vn -0.0641318038 -0.704192817 0.707106531
vn -0.0641318113 -0.704192877 0.707106471
vn -0.0641318858 -0.704192996 -0.707106292
vn -0.0641318858 -0.704192996 -0.707106292
vn -0.0641318783 -0.704192996 -0.707106292
vn -0.0641318783 -0.704192996 -0.707106292
vn -0.0641318858 -0.704192996 -0.707106292
vn -0.0641318858 -0.704192996 -0.707106292
vn -0.0641321093 -0.704193115 0.707106113
vn -0.0641321093 -0.704193115 0.707106113
vn -0.0641321093 -0.704193115 0.707106113
vn -0.0641321093 -0.704193115 0.707106113
vn -0.0641321093 -0.704193115 0.707106113
vn -0.0641321093 -0.704193115 0.707106113
vn -0.0641320273 -0.704192996 -0.707106233
vn -0.0641320348 -0.704192996 -0.707106292
vn -0.0641320348 -0.704192996 -0.707106292
vn -0.0641320348 -0.704192996 -0.707106292
vn -0.0641320348 -0.704192996 -0.707106292
vn -0.0641320273 -0.704192996 -0.707106233
vn 0.0641320199 0.704192817 -0.707106531
vn 0.0641320124 0.704192698 -0.707106471
vn 0.0641320124 0.704192698 -0.707106471
vn 0.0641320124 0.704192698 -0.707106471
vn 0.0641320124 0.704192698 -0.707106471
vn 0.0641320199 0.704192817 -0.707106531
vn 0.0641320795 0.704192936 0.707106233
vn 0.0641320869 0.704192996 0.707106292
vn 0.0641320869 0.704192996 0.707106292
vn 0.0641320869 0.704192996 0.707106292
vn 0.0641320869 0.704192996 0.707106292
vn 0.0641320795 0.704192936 0.707106233
vn -0.0641321242 -0.704193473 0.707105756
vn -0.0641321242 -0.704193532 0.707105815
vn -0.0641321242 -0.704193532 0.707105815
vn -0.0641321242 -0.704193532 0.707105815
vn -0.0641321242 -0.704193532 0.707105815
vn -0.0641321242 -0.704193473 0.707105756
vn -0.0641321242 -0.704193473 -0.707105756
vn -0.0641321242 -0.704193532 -0.707105815
vn -0.0641321242 -0.704193532 -0.707105815
vn -0.0641321242 -0.704193532 -0.707105815
vn -0.0641321242 -0.704193532 -0.707105815
vn -0.0641321242 -0.704193473 -0.707105756
vn 0.0641318932 0.704193294 -0.707105994
vn 0.0641319379 0.704193294 -0.707106054
vn 0.064132072 0.704193115 -0.707106054
vn 0.064132072 0.704193115 -0.707106054
vn 0.0641319379 0.704193294 -0.707106054
vn 0.0641321093 0.704193115 -0.707106113
vn 0.0641319007 0.704193294 0.707106054
vn 0.064132072 0.704193115 0.707106054
vn 0.0641319305 0.704193294 0.707106054
vn 0.0641319305 0.704193294 0.707106054
vn 0.064132072 0.704193115 0.707106054
vn 0.0641321093 0.704193115 0.707106113
vn -0.064118512 -0.704197109 0.707103431
vn -0.0641306341 -0.704193711 0.707105815
vn -0.0641209856 -0.704196393 0.707103789
vn -0.0641209856 -0.704196393 0.707103789
vn -0.0641306341 -0.704193711 0.707105815
vn -0.0641331226 -0.704192936 0.707106233
vn -0.0641185194 -0.704197109 -0.707103491
vn -0.064120993 -0.704196334 -0.707103908
vn -0.0641306341 -0.704193652 -0.707105815
vn -0.0641306341 -0.704193652 -0.707105815
vn -0.064120993 -0.704196334 -0.707103908
vn -0.0641331226 -0.704192936 -0.707106292
vn 0.0641181841 0.704194248 -0.707106233
vn 0.0641181916 0.704194307 -0.707106292
vn 0.0641181916 0.704194307 -0.707106292
vn 0.0641181916 0.704194307 -0.707106292
vn 0.0641181916 0.704194307 -0.707106292
vn 0.0641181841 0.704194248 -0.707106233
vn 0.0641181841 0.704194248 0.707106233
vn 0.0641181916 0.704194307 0.707106292
vn 0.0641181916 0.704194307 0.707106292
vn 0.0641181916 0.704194307 0.707106292
vn 0.0641181916 0.704194307 0.707106292
vn 0.0641181841 0.704194248 0.707106233
vn -0.0641318858 -0.704192996 0.707106292
vn -0.0641318858 -0.704192996 0.707106292
vn -0.0641318783 -0.704192996 0.707106292
vn -0.0641318783 -0.704192996 0.707106292
vn -0.0641318858 -0.704192996 0.707106292
vn -0.0641318858 -0.704192996 0.707106292
vn -0.0641318858 -0.704192996 -0.707106292
vn -0.0641318858 -0.704192996 -0.707106292
vn -0.0641318783 -0.704192996 -0.707106292
vn -0.0641318783 -0.704192996 -0.707106292
vn -0.0641318858 -0.704192996 -0.707106292
vn -0.0641318858 -0.704192996 -0.707106292
vn 0.0641318932 0.704193234 -0.707106054
vn 0.0641318932 0.704193294 -0.707106054
vn 0.0641318932 0.704193294 -0.707106054
vn 0.0641318932 0.704193294 -0.707106054
vn 0.0641318932 0.704193294 -0.707106054
vn 0.0641318932 0.704193234 -0.707106054
vn 0.0641318932 0.704193234 0.707106054
vn 0.0641318932 0.704193294 0.707106054
vn 0.0641318932 0.704193294 0.707106054
vn 0.0641318932 0.704193294 0.707106054
vn 0.0641318932 0.704193294 0.707106054
vn 0.0641318932 0.704193234 0.707106054
vn -0.0641303062 -0.704193532 0.707105994
vn -0.0641311631 -0.704193234 0.707106173
vn -0.0641304776 -0.704193413 0.707105994
vn -0.0641304776 -0.704193413 0.707105994
vn -0.0641311631 -0.704193234 0.707106173
vn -0.0641313344 -0.704193234 0.707106113
vn -0.0641302317 -0.704193294 -0.707106233
vn -0.0641304031 -0.704193234 -0.707106233
vn -0.0641310811 -0.704193115 -0.707106352
vn -0.0641310811 -0.704193115 -0.707106352
vn -0.0641304031 -0.704193234 -0.707106233
vn -0.0641312525 -0.704192996 -0.707106352
vn 0.0641317666 0.704192936 -0.707106471
vn 0.0641315058 0.704192936 -0.707106471
vn 0.0641305 0.704193175 -0.707106233
vn 0.0641305 0.704193175 -0.707106233
vn 0.0641315058 0.704192936 -0.707106471
vn 0.0641302317 0.704193294 -0.707106173
vn 0.0641318411 0.704193115 0.707106233
vn 0.0641305819 0.704193413 0.707106054
vn 0.0641315803 0.704193115 0.707106173
vn 0.0641315803 0.704193115 0.707106173
vn 0.0641305819 0.704193413 0.707106054
vn 0.0641303211 0.704193532 0.707105994
vn -0.0641193986 -0.704194367 0.707106054
vn -0.0641195551 -0.704194129 0.707106173
vn -0.0641194284 -0.704194307 0.707106173
vn -0.0641194284 -0.704194307 0.707106173
vn -0.0641195551 -0.704194129 0.707106173
vn -0.0641195998 -0.704194188 0.707106292
vn -0.0641193986 -0.704194367 -0.707106054
vn -0.0641194358 -0.704194307 -0.707106173
vn -0.0641195551 -0.704194129 -0.707106173
vn -0.0641195551 -0.704194129 -0.707106173
vn -0.0641194358 -0.704194307 -0.707106173
vn -0.0641195998 -0.704194188 -0.707106292
vn 0.0641193986 0.704194367 -0.707106054
vn 0.0641193986 0.704194248 -0.707106054
vn 0.0641193986 0.704194248 -0.707106054
vn 0.0641193986 0.704194248 -0.707106054
vn 0.0641193986 0.704194248 -0.707106054
vn 0.0641193986 0.704194367 -0.707106054
vn 0.0641193986 0.704194367 0.707106054
vn 0.0641193986 0.704194248 0.707106054
vn 0.0641193986 0.704194248 0.707106054
vn 0.0641193986 0.704194248 0.707106054
vn 0.0641193986 0.704194248 0.707106054
vn 0.0641193986 0.704194367 0.707106054
vn -0.0641321093 -0.704193294 0.707106054
vn -0.0641321093 -0.704193234 0.707106054
vn -0.0641321093 -0.704193234 0.707106054
vn -0.0641321093 -0.704193234 0.707106054
vn -0.0641321093 -0.704193234 0.707106054
vn -0.0641321093 -0.704193294 0.707106054
vn -0.0641321093 -0.704193294 -0.707106054
vn -0.0641321093 -0.704193234 -0.707106054
vn -0.0641321093 -0.704193234 -0.707106054
vn -0.0641321093 -0.704193234 -0.707106054
vn -0.0641321093 -0.704193234 -0.707106054
vn -0.0641321093 -0.704193294 -0.707106054
vn 0.0641321093 0.704193115 -0.707106113
vn 0.0641321093 0.704193115 -0.707106113
vn 0.0641321093 0.704193115 -0.707106113
vn 0.0641321093 0.704193115 -0.707106113
vn 0.0641321093 0.704193115 -0.707106113
vn 0.0641321093 0.704193115 -0.707106113
vn 0.0641321093 0.704193115 0.707106113
vn 0.0641321093 0.704193115 0.707106113
vn 0.0641321093 0.704193115 0.707106113
vn 0.0641321093 0.704193115 0.707106113
vn 0.0641321093 0.704193115 0.707106113
vn 0.0641321093 0.704193115 0.707106113
vn 0.0641315207 0.704193115 -0.707106113
vn 0.0641314387 0.704193175 -0.707106173
vn 0.0641310662 0.704193294 -0.707106113
vn 0.0641310662 0.704193294 -0.707106113
vn 0.0641314387 0.704193175 -0.707106173
vn 0.0641309693 0.704193294 -0.707105994
vn 0.0641315281 0.704193115 0.707106113
vn 0.0641310662 0.704193294 0.707106113
vn 0.0641314387 0.704193175 0.707106173
vn 0.0641314387 0.704193175 0.707106173
vn 0.0641310662 0.704193294 0.707106113
vn 0.0641309693 0.704193294 0.707105994
vn -0.0641309917 -0.704193532 0.707105875
vn -0.0641317517 -0.704193354 0.707106054
vn -0.0641311482 -0.704193532 0.707105875
vn -0.0641311482 -0.704193532 0.707105875
vn -0.0641317517 -0.704193354 0.707106054
vn -0.0641318932 -0.704193294 0.707105994
vn -0.0641309991 -0.704193532 -0.707105875
vn -0.0641311482 -0.704193532 -0.707105875
vn -0.0641317442 -0.704193354 -0.707105994
vn -0.0641317442 -0.704193354 -0.707105994
vn -0.0641311482 -0.704193532 -0.707105875
vn -0.0641319007 -0.704193294 -0.707106054
vn 0.0641321093 0.704193115 -0.707106113
vn 0.0641321093 0.704193115 -0.707106113
vn 0.0641321093 0.704193115 -0.707106113
vn 0.0641321093 0.704193115 -0.707106113
vn 0.0641321093 0.704193115 -0.707106113
vn 0.0641321093 0.704193115 -0.707106113
vn 0.0641321093 0.704193115 0.707106113
vn 0.0641321093 0.704193115 0.707106113
vn 0.0641321093 0.704193115 0.707106113
vn 0.0641321093 0.704193115 0.707106113
vn 0.0641321093 0.704193115 0.707106113
vn 0.0641321093 0.704193115 0.707106113
vn -0.0641321093 -0.704193294 0.707106054
vn -0.0641321093 -0.704193234 0.707106054
vn -0.0641321093 -0.704193234 0.707106054
vn -0.0641321093 -0.704193234 0.707106054
vn -0.0641321093 -0.704193234 0.707106054
vn -0.0641321093 -0.704193294 0.707106054
vn -0.0641321093 -0.704193294 -0.707106054
vn -0.0641321093 -0.704193234 -0.707106054
vn -0.0641321093 -0.704193234 -0.707106054
vn -0.0641321093 -0.704193234 -0.707106054
vn -0.0641321093 -0.704193234 -0.707106054
vn -0.0641321093 -0.704193294 -0.707106054
vn 0.0641309023 0.704193115 -0.707106233
vn 0.064131096 0.704192996 -0.707106233
vn 0.0641318262 0.704192817 -0.707106411
vn 0.0641318262 0.704192817 -0.707106411
vn 0.064131096 0.704192996 -0.707106233
vn 0.0641320199 0.704192817 -0.707106531
vn 0.0641309693 0.704193294 0.707105994
vn 0.0641319007 0.704193056 0.707106292
vn 0.0641311631 0.704193234 0.707106113
vn 0.0641311631 0.704193234 0.707106113
vn 0.0641319007 0.704193056 0.707106292
vn 0.0641320795 0.704192936 0.707106233
vn -0.0641321093 -0.704193115 0.707106113
vn -0.0641311854 -0.704193473 0.707105815
vn -0.064131923 -0.704193234 0.707106054
vn -0.064131923 -0.704193234 0.707106054
vn -0.0641311854 -0.704193473 0.707105815
vn -0.0641309991 -0.704193532 0.707105875
vn -0.0641320273 -0.704192996 -0.707106233
vn -0.0641318485 -0.704193056 -0.707106292
vn -0.0641311184 -0.704193294 -0.707106113
vn -0.0641311184 -0.704193294 -0.707106113
vn -0.0641318485 -0.704193056 -0.707106292
vn -0.0641309321 -0.704193294 -0.707106113
vn 0.0641307905 0.704193592 -0.707105815
vn 0.0641308278 0.704193592 -0.707105815
vn 0.0641309619 0.704193592 -0.707105875
vn 0.0641309619 0.704193592 -0.707105875
vn 0.0641308278 0.704193592 -0.707105815
vn 0.0641309917 0.704193532 -0.707105875
vn 0.0641307235 0.704193473 0.707106054
vn 0.0641308874 0.704193354 0.707106054
vn 0.0641307607 0.704193354 0.707106054
vn 0.0641307607 0.704193354 0.707106054
vn 0.0641308874 0.704193354 0.707106054
vn 0.0641309172 0.704193294 0.707105994
vn -0.0641309097 -0.704193115 0.707106233
vn -0.0641318262 -0.704192817 0.707106411
vn -0.0641311035 -0.704192996 0.707106233
vn -0.0641311035 -0.704192996 0.707106233
vn -0.0641318262 -0.704192817 0.707106411
vn -0.0641320199 -0.704192817 0.707106531
vn -0.0641309693 -0.704193294 -0.707105994
vn -0.0641311631 -0.704193234 -0.707106113
vn -0.0641319007 -0.704193056 -0.707106292
vn -0.0641319007 -0.704193056 -0.707106292
vn -0.0641311631 -0.704193234 -0.707106113
vn -0.0641320795 -0.704192936 -0.707106233
vn -0.0641314238 -0.704193175 -0.707106113
vn -0.0641312823 -0.704193294 -0.707106113
vn -0.0641307011 -0.704193532 -0.707105994
vn -0.0641307011 -0.704193532 -0.707105994
vn -0.0641312823 -0.704193294 -0.707106113
vn -0.0641305596 -0.704193473 -0.707105935
vn 0.0641314462 0.704193175 -0.707106054
vn 0.0641314536 0.704193234 -0.707106113
vn 0.0641314313 0.704193234 -0.707106113
vn 0.0641314313 0.704193234 -0.707106113
vn 0.0641314536 0.704193234 -0.707106113
vn 0.0641314238 0.704193175 -0.707106113
vn 0.0641314387 0.704193175 0.707106054
vn 0.0641314313 0.704193234 0.707106113
vn 0.0641314313 0.704193234 0.707106113
vn 0.0641314313 0.704193234 0.707106113
vn 0.0641314313 0.704193234 0.707106113
vn 0.0641314238 0.704193175 0.707106113
vn -0.0641314238 -0.704193175 0.707106113
vn -0.0641307011 -0.704193532 0.707105994
vn -0.0641312823 -0.704193294 0.707106113
vn -0.0641312823 -0.704193294 0.707106113
vn -0.0641307011 -0.704193532 0.707105994
vn -0.0641305596 -0.704193473 0.707105935
vn -0.0641303062 -0.704193532 -0.707105994
vn -0.0641304776 -0.704193413 -0.707105994
vn -0.0641311631 -0.704193234 -0.707106173
vn -0.0641311631 -0.704193234 -0.707106173
vn -0.0641304776 -0.704193413 -0.707105994
vn -0.064131327 -0.704193234 -0.707106113
vn 0.0641318411 0.704193115 -0.707106233
vn 0.0641315803 0.704193115 -0.707106173
vn 0.064130567 0.704193413 -0.707106054
vn 0.064130567 0.704193413 -0.707106054
vn 0.0641315803 0.704193115 -0.707106173
vn 0.0641303137 0.704193532 -0.707105994
vn 0.0641318411 0.704193115 0.707106233
vn 0.0641305819 0.704193413 0.707106054
vn 0.0641315803 0.704193115 0.707106173
vn 0.0641315803 0.704193115 0.707106173
vn 0.0641305819 0.704193413 0.707106054
vn 0.0641303211 0.704193532 0.707105994
vn -0.0641303062 -0.704193532 0.707105994
vn -0.0641311631 -0.704193234 0.707106173
vn -0.0641304776 -0.704193413 0.707105994
vn -0.0641304776 -0.704193413 0.707105994
vn -0.0641311631 -0.704193234 0.707106173
vn -0.0641313344 -0.704193234 0.707106113
vn -0.0641193986 -0.704194367 -0.707106054
vn -0.0641194358 -0.704194307 -0.707106173
vn -0.0641195551 -0.704194129 -0.707106173
vn -0.0641195551 -0.704194129 -0.707106173
vn -0.0641194358 -0.704194307 -0.707106173
vn -0.0641195998 -0.704194188 -0.707106292
vn 0.0641193986 0.704194367 -0.707106054
vn 0.0641193986 0.704194248 -0.707106054
vn 0.0641193986 0.704194248 -0.707106054
vn 0.0641193986 0.704194248 -0.707106054
vn 0.0641193986 0.704194248 -0.707106054
vn 0.0641193986 0.704194367 -0.707106054
vn 0.0641193986 0.704194367 0.707106054
vn 0.0641193986 0.704194248 0.707106054
vn 0.0641193986 0.704194248 0.707106054
vn 0.0641193986 0.704194248 0.707106054
vn 0.0641193986 0.704194248 0.707106054
vn 0.0641193986 0.704194367 0.707106054
vn -0.0641193986 -0.704194367 0.707106054
vn -0.0641195551 -0.704194129 0.707106173
vn -0.0641194284 -0.704194307 0.707106173
vn -0.0641194284 -0.704194307 0.707106173
vn -0.0641195551 -0.704194129 0.707106173
vn -0.0641195998 -0.704194188 0.707106292
vn 0.0641314313 0.704193294 -0.707106054
vn 0.0641314685 0.704193234 -0.707106173
vn 0.0641316026 0.704193175 -0.707106233
vn 0.0641316026 0.704193175 -0.707106233
vn 0.0641314685 0.704193234 -0.707106173
vn 0.0641316324 0.704193115 -0.707106352
vn 0.0641314313 0.704193532 0.707105935
vn 0.0641316175 0.704193413 0.707105994
vn 0.0641314611 0.704193354 0.707105875
vn 0.0641314611 0.704193354 0.707105875
vn 0.0641316175 0.704193413 0.707105994
vn 0.0641316473 0.704193413 0.707106054
vn -0.064131625 -0.704193175 0.707106173
vn -0.064131625 -0.704193175 0.707106113
vn -0.064131625 -0.704193175 0.707106113
vn -0.064131625 -0.704193175 0.707106113
vn -0.064131625 -0.704193175 0.707106113
vn -0.064131625 -0.704193175 0.707106173
vn -0.0641316101 -0.704192936 -0.707106411
vn -0.0641316101 -0.704192877 -0.707106352
vn -0.0641316175 -0.704192996 -0.707106352
vn -0.0641316175 -0.704192996 -0.707106352
vn -0.0641316101 -0.704192877 -0.707106352
vn -0.0641316101 -0.704192996 -0.707106292
vn 0.0641314462 0.704193175 -0.707106054
vn 0.0641314536 0.704193234 -0.707106113
vn 0.0641314313 0.704193234 -0.707106113
vn 0.0641314313 0.704193234 -0.707106113
vn 0.0641314536 0.704193234 -0.707106113
vn 0.0641314238 0.704193175 -0.707106113
vn 0.0641314238 0.704192877 0.707106411
vn 0.0641314164 0.704192996 0.707106352
vn 0.0641314313 0.704192936 0.707106411
vn 0.0641314313 0.704192936 0.707106411
vn 0.0641314164 0.704192996 0.707106352
vn 0.0641314089 0.704192996 0.707106352
vn -0.0641314015 -0.704192877 0.707106411
vn -0.0641306937 -0.704193115 0.707106233
vn -0.0641312525 -0.704192877 0.707106352
vn -0.0641312525 -0.704192877 0.707106352
vn -0.0641306937 -0.704193115 0.707106233
vn -0.0641305596 -0.704193234 0.707106173
vn -0.0641314238 -0.704193175 -0.707106113
vn -0.0641312823 -0.704193294 -0.707106113
vn -0.0641307011 -0.704193532 -0.707105994
vn -0.0641307011 -0.704193532 -0.707105994
vn -0.0641312823 -0.704193294 -0.707106113
vn -0.0641305596 -0.704193473 -0.707105935
vn -0.0641279519 -0.704200387 -0.707099319
vn -0.0641311035 -0.70419848 -0.707100809
vn -0.0641329139 -0.704197407 -0.707101762
vn -0.0641329139 -0.704197407 -0.707101762
vn -0.0641311035 -0.70419848 -0.707100809
vn -0.0641363636 -0.70419538 -0.70710355
vn 0.0641273409 0.70419383 -0.707105994
vn 0.064127326 0.704193711 -0.707105935
vn 0.0641273335 0.704193711 -0.707105994
vn 0.0641273335 0.704193711 -0.707105994
vn 0.064127326 0.704193711 -0.707105935
vn 0.0641273335 0.704193771 -0.707105994
vn -0.0641321316 -0.704193354 -0.707105935
vn -0.0641328841 -0.704193234 -0.707106054
vn -0.0641358122 -0.704192281 -0.70710665
vn -0.0641358122 -0.704192281 -0.70710665
vn -0.0641328841 -0.704193234 -0.707106054
vn -0.0641365647 -0.704192162 -0.707106829
vn -0.0641321242 -0.704193473 -0.707105756
vn -0.0641321242 -0.704193532 -0.707105815
vn -0.0641321242 -0.704193532 -0.707105815
vn -0.0641321242 -0.704193532 -0.707105815
vn -0.0641321242 -0.704193532 -0.707105815
vn -0.0641321242 -0.704193473 -0.707105756
vn 0.0641319454 0.704193771 -0.707105577
vn 0.0641319826 0.704193711 -0.707105577
vn 0.0641321093 0.704193652 -0.707105577
vn 0.0641321093 0.704193652 -0.707105577
vn 0.0641319826 0.704193711 -0.707105577
vn 0.0641321465 0.704193532 -0.707105696
vn -0.0641319826 -0.704192519 -0.707106769
vn -0.0641319752 -0.70419246 -0.707106709
vn -0.0641319752 -0.70419246 -0.707106709
vn -0.0641319752 -0.70419246 -0.707106709
vn -0.0641319752 -0.70419246 -0.707106709
vn -0.0641319826 -0.704192519 -0.707106769
vn 0.0641321465 0.704193532 -0.707105696
vn 0.064132154 0.704193652 -0.707105696
vn 0.064132154 0.704193652 -0.707105696
vn 0.064132154 0.704193652 -0.707105696
vn 0.064132154 0.704193652 -0.707105696
vn 0.0641321465 0.704193532 -0.707105696
vn -0.0641318858 -0.704192996 -0.707106292
vn -0.0641315132 -0.704193175 -0.707106173
vn -0.0641300455 -0.704193592 -0.707105935
vn -0.0641300455 -0.704193592 -0.707105935
vn -0.0641315132 -0.704193175 -0.707106173
vn -0.0641296655 -0.704193652 -0.707105875
vn 0.0641318858 0.704192996 -0.707106292
vn 0.0641318858 0.704192996 -0.707106292
vn 0.0641318783 0.704192996 -0.707106292
vn 0.0641318783 0.704192996 -0.707106292
vn 0.0641318858 0.704192996 -0.707106292
vn 0.0641318858 0.704192996 -0.707106292
vn -0.0641185194 -0.704197109 -0.707103491
vn -0.064120993 -0.704196334 -0.707103908
vn -0.0641306341 -0.704193652 -0.707105815
vn -0.0641306341 -0.704193652 -0.707105815
vn -0.064120993 -0.704196334 -0.707103908
vn -0.0641331226 -0.704192936 -0.707106292
vn 0.0641181841 0.704194248 -0.707106233
vn 0.0641181916 0.704194307 -0.707106292
vn 0.0641181916 0.704194307 -0.707106292
vn 0.0641181916 0.704194307 -0.707106292
vn 0.0641181916 0.704194307 -0.707106292
vn 0.0641181841 0.704194248 -0.707106233
vn -0.0641321093 -0.704193115 -0.707106113
vn -0.0641321093 -0.704193115 -0.707106113
vn -0.0641321093 -0.704193115 -0.707106113
vn -0.0641321093 -0.704193115 -0.707106113
vn -0.0641321093 -0.704193115 -0.707106113
vn -0.0641321093 -0.704193115 -0.707106113
vn 0.0641320795 0.704192936 -0.707106233
vn 0.0641320869 0.704192996 -0.707106292
vn 0.0641320869 0.704192996 -0.707106292
vn 0.0641320869 0.704192996 -0.707106292
vn 0.0641320869 0.704192996 -0.707106292
vn 0.0641320795 0.704192936 -0.707106233
vn -0.0641321093 -0.704193115 -0.707106113
vn -0.064131923 -0.704193234 -0.707106054
vn -0.064131178 -0.704193473 -0.707105815
vn -0.064131178 -0.704193473 -0.707105815
vn -0.064131923 -0.704193234 -0.707106054
vn -0.0641309917 -0.704193532 -0.707105875
vn 0.0641309693 0.704193294 -0.707105994
vn 0.0641311631 0.704193234 -0.707106113
vn 0.0641319007 0.704193056 -0.707106292
vn 0.0641319007 0.704193056 -0.707106292
vn 0.0641311631 0.704193234 -0.707106113
vn 0.0641320795 0.704192936 -0.707106233
vn -0.0641309991 -0.704193532 -0.707105875
vn -0.0641311482 -0.704193532 -0.707105875
vn -0.0641317442 -0.704193354 -0.707105994
vn -0.0641317442 -0.704193354 -0.707105994
vn -0.0641311482 -0.704193532 -0.707105875
vn -0.0641319007 -0.704193294 -0.707106054
vn 0.0641315207 0.704193115 -0.707106113
vn 0.0641314387 0.704193175 -0.707106173
vn 0.0641310662 0.704193294 -0.707106113
vn 0.0641310662 0.704193294 -0.707106113
vn 0.0641314387 0.704193175 -0.707106173
vn 0.0641309693 0.704193294 -0.707105994
vn -0.0641303062 -0.704193532 -0.707105994
vn -0.0641304776 -0.704193413 -0.707105994
vn -0.0641311631 -0.704193234 -0.707106173
vn -0.0641311631 -0.704193234 -0.707106173
vn -0.0641304776 -0.704193413 -0.707105994
vn -0.064131327 -0.704193234 -0.707106113
vn 0.0641318411 0.704193115 -0.707106233
vn 0.0641315803 0.704193115 -0.707106173
vn 0.064130567 0.704193413 -0.707106054
vn 0.064130567 0.704193413 -0.707106054
vn 0.0641315803 0.704193115 -0.707106173
vn 0.0641303137 0.704193532 -0.707105994
vn -0.064131625 -0.704193175 -0.707106173
vn -0.064131625 -0.704193175 -0.707106113
vn -0.064131625 -0.704193175 -0.707106113
vn -0.064131625 -0.704193175 -0.707106113
vn -0.064131625 -0.704193175 -0.707106113
vn -0.064131625 -0.704193175 -0.707106173
vn -0.151920184 -0.924770117 0.348884702
vn -0.0641319007 -0.704191804 0.707107604
vn -0.176462188 -0.962501347 0.206039876
vn -0.176462188 -0.962501347 0.206039876
vn -0.0641319007 -0.704191804 0.707107604
vn -0.064131543 -0.704191864 0.707107425
vn -0.0641315952 -0.704193354 -0.707105935
vn -0.0641316101 -0.704193354 -0.707105875
vn -0.0641316921 -0.704193413 -0.707105994
vn -0.0641316921 -0.704193413 -0.707105994
vn -0.0641316101 -0.704193354 -0.707105875
vn -0.064131707 -0.704193413 -0.707106054
vn 0.0641377941 0.704200327 -0.707098484
vn 0.0641478896 0.704365611 -0.706932843
vn 0.0641379505 0.70420289 -0.707095981
vn 0.0641379505 0.70420289 -0.707095981
vn 0.0641478896 0.704365611 -0.706932843
vn 0.0641490817 0.704385102 -0.706913352
vn 0.0641377941 0.704200327 0.707098484
vn 0.0641379505 0.70420289 0.707095981
vn 0.0641478896 0.704365611 0.706932843
vn 0.0641478896 0.704365611 0.706932843
vn 0.0641379505 0.70420289 0.707095981
vn 0.0641490817 0.704385102 0.706913352
vn -0.0641315952 -0.704193354 0.707105935
vn -0.0641316921 -0.704193413 0.707105994
vn -0.0641316101 -0.704193354 0.707105875
vn -0.0641316101 -0.704193354 0.707105875
vn -0.0641316921 -0.704193413 0.707105994
vn -0.064131707 -0.704193413 0.707106054
vn -0.0641315952 -0.704193354 -0.707105935
vn -0.0641316101 -0.704193354 -0.707105875
vn -0.0641316921 -0.704193413 -0.707105994
vn -0.0641316921 -0.704193413 -0.707105994
vn -0.0641316101 -0.704193354 -0.707105875
vn -0.064131707 -0.704193413 -0.707106054
vn 0.0641389266 0.704200327 -0.707098365
vn 0.0641511232 0.704399824 -0.70689857
vn 0.0641390979 0.704203367 -0.707095325
vn 0.0641390979 0.704203367 -0.707095325
vn 0.0641511232 0.704399824 -0.70689857
vn 0.0641525462 0.704423308 -0.706874967
vn 0.0641389266 0.704200327 0.707098365
vn 0.0641390979 0.704203367 0.707095325
vn 0.0641511232 0.704399824 0.70689857
vn 0.0641511232 0.704399824 0.70689857
vn 0.0641390979 0.704203367 0.707095325
vn 0.0641525462 0.704423308 0.706874967
vn -0.0641315952 -0.704193354 0.707105935
vn -0.0641316921 -0.704193413 0.707105994
vn -0.0641316101 -0.704193354 0.707105875
vn -0.0641316101 -0.704193354 0.707105875
vn -0.0641316921 -0.704193413 0.707105994
vn -0.064131707 -0.704193413 0.707106054
vn -0.151920184 -0.924770176 -0.348884583
vn -0.176462173 -0.962501347 -0.206039831
vn -0.0641319156 -0.704191983 -0.707107306
vn -0.0641319156 -0.704191983 -0.707107306
vn -0.176462173 -0.962501347 -0.206039831
vn -0.0641315505 -0.704192042 -0.707107246
vn -0.064131625 -0.704193175 0.707106173
vn -0.064131625 -0.704193175 0.707106113
vn -0.064131625 -0.704193175 0.707106113
vn -0.064131625 -0.704193175 0.707106113
vn -0.064131625 -0.704193175 0.707106113
vn -0.064131625 -0.704193175 0.707106173
vn 0.0641318411 0.704193115 0.707106233
vn 0.0641305819 0.704193413 0.707106054
vn 0.0641315803 0.704193115 0.707106173
vn 0.0641315803 0.704193115 0.707106173
vn 0.0641305819 0.704193413 0.707106054
vn 0.0641303211 0.704193532 0.707105994
vn -0.0641303062 -0.704193532 0.707105994
vn -0.0641311631 -0.704193234 0.707106173
vn -0.0641304776 -0.704193413 0.707105994
vn -0.0641304776 -0.704193413 0.707105994
vn -0.0641311631 -0.704193234 0.707106173
vn -0.0641313344 -0.704193234 0.707106113
vn 0.0641315281 0.704193115 0.707106113
vn 0.0641310662 0.704193294 0.707106113
vn 0.0641314387 0.704193175 0.707106173
vn 0.0641314387 0.704193175 0.707106173
vn 0.0641310662 0.704193294 0.707106113
vn 0.0641309693 0.704193294 0.707105994
vn -0.0641309917 -0.704193532 0.707105875
vn -0.0641317517 -0.704193354 0.707106054
vn -0.0641311482 -0.704193532 0.707105875
vn -0.0641311482 -0.704193532 0.707105875
vn -0.0641317517 -0.704193354 0.707106054
vn -0.0641318932 -0.704193294 0.707105994
vn 0.0641309693 0.704193294 0.707105994
vn 0.0641319007 0.704193056 0.707106292
vn 0.0641311631 0.704193234 0.707106113
vn 0.0641311631 0.704193234 0.707106113
vn 0.0641319007 0.704193056 0.707106292
vn 0.0641320795 0.704192936 0.707106233
vn -0.0641321093 -0.704193115 0.707106113
vn -0.0641311854 -0.704193473 0.707105815
vn -0.064131923 -0.704193234 0.707106054
vn -0.064131923 -0.704193234 0.707106054
vn -0.0641311854 -0.704193473 0.707105815
vn -0.0641309991 -0.704193532 0.707105875
vn 0.0641320795 0.704192936 0.707106233
vn 0.0641320869 0.704192996 0.707106292
vn 0.0641320869 0.704192996 0.707106292
vn 0.0641320869 0.704192996 0.707106292
vn 0.0641320869 0.704192996 0.707106292
vn 0.0641320795 0.704192936 0.707106233
vn -0.0641321093 -0.704193115 0.707106113
vn -0.0641321093 -0.704193115 0.707106113
vn -0.0641321093 -0.704193115 0.707106113
vn -0.0641321093 -0.704193115 0.707106113
vn -0.0641321093 -0.704193115 0.707106113
vn -0.0641321093 -0.704193115 0.707106113
vn 0.0641181841 0.704194248 0.707106233
vn 0.0641181916 0.704194307 0.707106292
vn 0.0641181916 0.704194307 0.707106292
vn 0.0641181916 0.704194307 0.707106292
vn 0.0641181916 0.704194307 0.707106292
vn 0.0641181841 0.704194248 0.707106233
vn -0.064118512 -0.704197109 0.707103431
vn -0.0641306341 -0.704193711 0.707105815
vn -0.0641209856 -0.704196393 0.707103789
vn -0.0641209856 -0.704196393 0.707103789
vn -0.0641306341 -0.704193711 0.707105815
vn -0.0641331226 -0.704192936 0.707106233
vn 0.0641318858 0.704192996 0.707106292
vn 0.0641318858 0.704192996 0.707106292
vn 0.0641318783 0.704192996 0.707106292
vn 0.0641318783 0.704192996 0.707106292
vn 0.0641318858 0.704192996 0.707106292
vn 0.0641318858 0.704192996 0.707106292
vn 0.0641321465 0.704193532 0.707105696
vn 0.064132154 0.704193652 0.707105696
vn 0.064132154 0.704193652 0.707105696
vn 0.064132154 0.704193652 0.707105696
vn 0.064132154 0.704193652 0.707105696
vn 0.0641321465 0.704193532 0.707105696
vn -0.0641319826 -0.704192519 0.707106769
vn -0.0641319752 -0.70419246 0.707106709
vn -0.0641319752 -0.70419246 0.707106709
vn -0.0641319752 -0.70419246 0.707106709
vn -0.0641319752 -0.70419246 0.707106709
vn -0.0641319826 -0.704192519 0.707106769
vn 0.0641319454 0.704193771 0.707105577
vn 0.0641321093 0.704193652 0.707105577
vn 0.0641319826 0.704193711 0.707105577
vn 0.0641319826 0.704193711 0.707105577
vn 0.0641321093 0.704193652 0.707105577
vn 0.0641321465 0.704193532 0.707105696
vn -0.0641321242 -0.704193473 0.707105756
vn -0.0641321242 -0.704193532 0.707105815
vn -0.0641321242 -0.704193532 0.707105815
vn -0.0641321242 -0.704193532 0.707105815
vn -0.0641321242 -0.704193532 0.707105815
vn -0.0641321242 -0.704193473 0.707105756
vn -0.0641320571 -0.704192936 0.707106233
vn -0.0641357377 -0.704191923 0.707107008
vn -0.0641328245 -0.704192817 0.707106471
vn -0.0641328245 -0.704192817 0.707106471
vn -0.0641357377 -0.704191923 0.707107008
vn -0.0641364902 -0.704191744 0.707107127
vn 0.064127326 0.704193413 0.707106292
vn 0.0641273186 0.704193413 0.707106292
vn 0.0641273186 0.704193413 0.707106292
vn 0.0641273186 0.704193413 0.707106292
vn 0.0641273186 0.704193413 0.707106292
vn 0.064127326 0.704193413 0.707106292
vn -0.0641279519 -0.704200387 0.707099319
vn -0.0641329139 -0.704197407 0.707101762
vn -0.0641311035 -0.70419848 0.707100809
vn -0.0641311035 -0.70419848 0.707100809
vn -0.0641329139 -0.704197407 0.707101762
vn -0.0641363636 -0.70419538 0.70710355
vn -0.0641279519 -0.704200387 -0.707099319
vn -0.0641311035 -0.70419848 -0.707100809
vn -0.0641329139 -0.704197407 -0.707101762
vn -0.0641329139 -0.704197407 -0.707101762
vn -0.0641311035 -0.70419848 -0.707100809
vn -0.0641363636 -0.70419538 -0.70710355
vn 0.0641273335 0.70419395 -0.707105875
vn 0.0641273335 0.70419389 -0.707105815
vn 0.0641273409 0.70419389 -0.707105815
vn 0.0641273409 0.70419389 -0.707105815
vn 0.0641273335 0.70419389 -0.707105815
vn 0.0641273409 0.70419395 -0.707105875
vn 0.0641273409 0.70419395 0.707105875
vn 0.0641273335 0.70419389 0.707105815
vn 0.0641273409 0.70419389 0.707105815
vn 0.0641273409 0.70419389 0.707105815
vn 0.0641273335 0.70419389 0.707105815
vn 0.0641273335 0.70419395 0.707105875
vn -0.0641279519 -0.704200387 0.707099319
vn -0.0641329139 -0.704197407 0.707101762
vn -0.0641311035 -0.70419848 0.707100809
vn -0.0641311035 -0.70419848 0.707100809
vn -0.0641329139 -0.704197407 0.707101762
vn -0.0641363636 -0.70419538 0.70710355
vn -0.0641279519 -0.704200387 -0.707099319
vn -0.0641311035 -0.70419848 -0.707100809
vn -0.0641329139 -0.704197407 -0.707101762
vn -0.0641329139 -0.704197407 -0.707101762
vn -0.0641311035 -0.70419848 -0.707100809
vn -0.0641363636 -0.70419538 -0.70710355
vn 0.0641273335 0.70419395 -0.707105875
vn 0.0641273335 0.70419389 -0.707105815
vn 0.0641273409 0.70419389 -0.707105815
vn 0.0641273409 0.70419389 -0.707105815
vn 0.0641273335 0.70419389 -0.707105815
vn 0.0641273409 0.70419395 -0.707105875
vn 0.0641273409 0.70419395 0.707105875
vn 0.0641273335 0.70419389 0.707105815
vn 0.0641273409 0.70419389 0.707105815
vn 0.0641273409 0.70419389 0.707105815
vn 0.0641273335 0.70419389 0.707105815
vn 0.0641273335 0.70419395 0.707105875
vn -0.0641279519 -0.704200387 0.707099319
vn -0.0641322136 -0.704197884 0.707101464
vn -0.0641306415 -0.704198778 0.70710063
vn -0.0641306415 -0.704198778 0.70710063
vn -0.0641322136 -0.704197884 0.707101464
vn -0.0641351417 -0.704196095 0.707102776
vn -0.0641279519 -0.704200387 -0.707099319
vn -0.0641311035 -0.70419848 -0.707100809
vn -0.0641329139 -0.704197407 -0.707101762
vn -0.0641329139 -0.704197407 -0.707101762
vn -0.0641311035 -0.70419848 -0.707100809
vn -0.0641363636 -0.70419538 -0.70710355
vn 0.0641273335 0.70419395 -0.707105875
vn 0.0641273335 0.70419389 -0.707105815
vn 0.0641273409 0.70419389 -0.707105815
vn 0.0641273409 0.70419389 -0.707105815
vn 0.0641273335 0.70419389 -0.707105815
vn 0.0641273409 0.70419395 -0.707105875
vn 0.0641273335 0.704193652 0.707106113
vn 0.0641273409 0.704193711 0.707105994
vn 0.0641273335 0.704193711 0.707105994
vn 0.0641273335 0.704193711 0.707105994
vn 0.0641273409 0.704193711 0.707105994
vn 0.0641273335 0.704193652 0.707106113
vn -0.0641279519 -0.704200387 0.707099319
vn -0.0641329139 -0.704197407 0.707101762
vn -0.0641311035 -0.70419848 0.707100809
vn -0.0641311035 -0.70419848 0.707100809
vn -0.0641329139 -0.704197407 0.707101762
vn -0.0641363636 -0.70419538 0.70710355
vn -0.0641318858 -0.704192996 0.707106292
vn -0.0641300455 -0.704193592 0.707105935
vn -0.0641314983 -0.704193175 0.707106173
vn -0.0641314983 -0.704193175 0.707106173
vn -0.0641300455 -0.704193592 0.707105935
vn -0.0641296655 -0.704193652 0.707105875
vn -0.0641320124 -0.704192281 -0.707107067
vn -0.0641302168 -0.704193771 -0.707105696
vn -0.0345493555 -0.398117065 -0.916683793
vn -0.0345493555 -0.398117065 -0.916683793
vn -0.0641302168 -0.704193771 -0.707105696
vn -0.0168526433 -0.212747455 -0.976961851
vn 0.0641319752 0.704191923 0.707107365
vn 0.0641308054 0.704192281 0.707107067
vn 0.0641316921 0.704191983 0.707107365
vn 0.0641316921 0.704191983 0.707107365
vn 0.0641308054 0.704192281 0.707107067
vn 0.0641305298 0.7041924 0.707107008
vn 0.995878875 -0.0906923637 -2.23483562e-06
vn 0.995878816 -0.0906930268 -3.0881879e-06
vn 0.995878875 -0.0906931832 -9.53039745e-08
vn 0.995878875 -0.0906931832 -9.53039745e-08
vn 0.995878816 -0.0906930268 -3.0881879e-06
vn 0.995878816 -0.0906932503 -1.9463468e-07
vn 0.995878875 -0.0906931832 -9.53039745e-08
vn 0.995878816 -0.0906932503 -1.9463468e-07
vn 0.995878875 -0.0906932652 3.00738702e-06
vn -0.064133659 -0.704191804 0.707107306
vn -0.0641323403 -0.704192162 0.707107008
vn -0.0641333386 -0.704191864 0.707107306
vn -0.0641333386 -0.704191864 0.707107306
vn -0.0641323403 -0.704192162 0.707107008
vn -0.0641320124 -0.70419234 0.707106948
vn 0.0350475796 0.365835726 -0.930019259
vn 0.0170453936 0.159175411 -0.987103105
vn 0.0641334504 0.70419687 -0.707102358
vn 0.0641334504 0.70419687 -0.707102358
vn 0.0170453936 0.159175411 -0.987103105
vn 0.0641324669 0.704197526 -0.707101703
vn 0.995878518 -0.0906965658 -7.3141432e-06
vn 0.995878518 -0.0906965584 -7.31414275e-06
vn 0.995878577 -0.0906965733 -7.31414366e-06
vn -0.0641318187 -0.704190254 -0.707109034
vn -0.0641314685 -0.704190493 -0.707108796
vn -0.0345504433 -0.398115784 -0.91668433
vn -0.0345504433 -0.398115784 -0.91668433
vn -0.0641314685 -0.704190493 -0.707108796
vn -0.0168689527 -0.212741524 -0.976962805
vn 0.0641317368 0.704191387 0.707108021
vn 0.0641293228 0.704192042 0.707107544
vn 0.0641312152 0.704191506 0.707107842
vn 0.0641312152 0.704191506 0.707107842
vn 0.0641293228 0.704192042 0.707107544
vn 0.0641288087 0.704192162 0.707107425
vn 0.995875418 -0.0907315835 -4.2007734e-05
vn 0.995877802 -0.0907052159 -1.38215346e-05
vn 0.995878756 -0.0906941369 1.68700325e-07
vn 0.995878756 -0.0906941369 1.68700325e-07
vn 0.995877802 -0.0907052159 -1.38215346e-05
vn 0.995878935 -0.0906933695 9.7776865e-07
vn 0.995878756 -0.0906941369 1.68700325e-07
vn 0.995878935 -0.0906933695 9.7776865e-07
vn 0.995878875 -0.0906933621 3.11774352e-06
vn -0.0641340017 -0.704192877 0.707106352
vn -0.0641323924 -0.704193354 0.707105935
vn -0.0641336516 -0.704192877 0.707106173
vn -0.0641336516 -0.704192877 0.707106173
vn -0.0641323924 -0.704193354 0.707105935
vn -0.0641320497 -0.704193473 0.707105815
vn 0.0350474082 0.365834951 -0.930019557
vn 0.0170216486 0.159181327 -0.987102628
vn 0.0641331449 0.704196215 -0.707102954
vn 0.0641331449 0.704196215 -0.707102954
vn 0.0170216486 0.159181327 -0.987102628
vn 0.0641324073 0.704196572 -0.707102656
vn 0.995878696 -0.0906945691 -5.42854332e-06
vn 0.995878816 -0.0906945765 -5.42854377e-06
vn 0.995878696 -0.0906945691 -5.42854332e-06
vn -0.0641322359 -0.704194784 -0.707104445
vn -0.06413427 -0.704193711 -0.707105339
vn -0.0345619135 -0.398113042 -0.916685045
vn -0.0345619135 -0.398113042 -0.916685045
vn -0.06413427 -0.704193711 -0.707105339
vn -0.0168522801 -0.212748587 -0.976961672
vn 0.0350399427 0.365839928 -0.930017889
vn 0.017017588 0.159179062 -0.987103045
vn 0.0641193315 0.70419848 -0.707101941
vn 0.0641193315 0.70419848 -0.707101941
vn 0.017017588 0.159179062 -0.987103045
vn 0.0641186461 0.704198837 -0.707101643
vn 0.995878339 -0.0906987563 8.23793073e-07
vn 0.995878398 -0.0906987563 8.23793243e-07
vn 0.995878339 -0.0906987414 8.23793016e-07
vn -0.0641186461 -0.704198897 -0.707101643
vn -0.0641255379 -0.704195976 -0.707103968
vn -0.0345623754 -0.398112178 -0.916685462
vn -0.0345623754 -0.398112178 -0.916685462
vn -0.0641255379 -0.704195976 -0.707103968
vn -0.0168648288 -0.212744117 -0.976962388
vn 0.0350398459 0.365838647 -0.930018485
vn 0.0170410145 0.159174025 -0.987103403
vn 0.0641288832 0.704190493 -0.707109034
vn 0.0641288832 0.704190493 -0.707109034
vn 0.0170410145 0.159174025 -0.987103403
vn 0.0641315281 0.704189479 -0.707109809
vn 0.995878637 -0.0906955972 2.30024807e-06
vn 0.995878696 -0.0906956121 2.30024807e-06
vn 0.995878637 -0.0906956047 2.30024807e-06
vn -0.0641318038 -0.704192042 -0.707107246
vn -0.0641304776 -0.70419246 -0.707106888
vn -0.0345476717 -0.398116052 -0.91668427
vn -0.0345476717 -0.398116052 -0.91668427
vn -0.0641304776 -0.70419246 -0.707106888
vn -0.0168553777 -0.212746829 -0.976961911
vn 0.0350479521 0.365833759 -0.930020154
vn 0.0170439519 0.159176275 -0.987102985
vn 0.0641327128 0.704194307 -0.707104862
vn 0.0641327128 0.704194307 -0.707104862
vn 0.0170439519 0.159176275 -0.987102985
vn 0.0641321912 0.704194486 -0.707104743
vn 0.995878696 -0.0906949192 -3.02889447e-07
vn 0.995878756 -0.0906949267 -3.02889447e-07
vn 0.995878816 -0.0906949416 -3.02889475e-07
vn -0.0641319156 -0.704191208 -0.70710808
vn -0.0641288683 -0.704192281 -0.707107306
vn -0.0345431827 -0.398114502 -0.916685104
vn -0.0345431827 -0.398114502 -0.916685104
vn -0.0641288683 -0.704192281 -0.707107306
vn -0.0168530643 -0.212748453 -0.976961672
vn 0.0350502059 0.365831941 -0.93002075
vn 0.017022064 0.159181058 -0.987102628
vn 0.0641335696 0.704194963 -0.707104146
vn 0.0641335696 0.704194963 -0.707104146
vn 0.017022064 0.159181058 -0.987102628
vn 0.0641322806 0.70419544 -0.707103848
vn 0.995878816 -0.0906943828 -9.53679802e-08
vn 0.995878756 -0.0906943753 -9.53679802e-08
vn 0.995878756 -0.0906943753 -9.53679802e-08
vn -0.0641320795 -0.704193354 -0.707105815
vn -0.0641340539 -0.704192817 -0.707106233
vn -0.0345643498 -0.398110896 -0.916685879
vn -0.0345643498 -0.398110896 -0.916685879
vn -0.0641340539 -0.704192817 -0.707106233
vn -0.0168613102 -0.212744847 -0.976962209
vn 0.0350407548 0.365836471 -0.930019259
vn 0.0170402396 0.159175068 -0.987103283
vn 0.0641305819 0.704191327 -0.70710814
vn 0.0641305819 0.704191327 -0.70710814
vn 0.0170402396 0.159175068 -0.987103283
vn 0.0641318336 0.704190969 -0.707108378
vn 0.995878816 -0.0906945914 1.42216004e-06
vn 0.995878577 -0.0906964019 -2.17652257e-07
vn 0.995878816 -0.0906946808 1.34938887e-06
vn 0.995878816 -0.0906946808 1.34938887e-06
vn 0.995878577 -0.0906964019 -2.17652257e-07
vn 0.995878577 -0.0906973407 -1.0739958e-06
vn -0.0641275197 -0.704164326 0.707135201
vn -0.064127937 -0.704161406 0.707138121
vn -0.064131096 -0.704139352 0.707159817
vn -0.064131096 -0.704139352 0.707159817
vn -0.064127937 -0.704161406 0.707138121
vn -0.0641314983 -0.704136431 0.707162559
vn 0.0641290322 0.704212129 0.707087517
vn 0.0641309768 0.704206467 0.707093
vn 0.0641369 0.704189241 0.707109511
vn 0.0641369 0.704189241 0.707109511
vn 0.0641309768 0.704206467 0.707093
vn 0.0641388223 0.704183817 0.707114816
vn 0.995879948 -0.090682067 -0
vn 0.995879233 -0.0906896815 -2.51674828e-06
vn 0.995879114 -0.0906905904 -1.89077616e-06
vn 0.995879114 -0.0906905904 -1.89077616e-06
vn 0.995879233 -0.0906896815 -2.51674828e-06
vn 0.995878994 -0.0906919092 6.75252068e-06
vn 0.995879114 -0.0906905904 -1.89077616e-06
vn 0.995878994 -0.0906919092 6.75252068e-06
vn 0.995879114 -0.0906906277 1.99918559e-05
vn 0.0350483544 0.365833044 -0.930020392
vn 0.0170407668 0.159201115 -0.987099051
vn 0.0641320795 0.704193413 -0.707105815
vn 0.0641320795 0.704193413 -0.707105815
vn 0.0170407668 0.159201115 -0.987099051
vn 0.0641317219 0.704193592 -0.707105815
vn 0.995878696 -0.0906946212 2.449558e-06
vn 0.995878935 -0.0906928852 3.77583888e-06
vn 0.995878875 -0.0906943902 2.6356488e-06
vn 0.995878875 -0.0906943902 2.6356488e-06
vn 0.995878935 -0.0906928852 3.77583888e-06
vn 0.995879054 -0.0906918198 4.59571902e-06
vn -0.0641347691 -0.704187274 0.707111835
vn -0.0641338304 -0.704188764 0.707110226
vn -0.064132534 -0.704191029 0.70710814
vn -0.064132534 -0.704191029 0.70710814
vn -0.0641338304 -0.704188764 0.707110226
vn -0.0641316175 -0.704192638 0.707106709
vn 0.064131178 0.70418632 0.707112968
vn 0.064133808 0.704183042 0.707116067
vn 0.0641354695 0.704180896 0.707118034
vn 0.0641354695 0.704180896 0.707118034
vn 0.064133808 0.704183042 0.707116067
vn 0.0641380772 0.704177678 0.707121015
vn 0.995878458 -0.0906979069 -3.34300748e-05
vn 0.995878875 -0.0906928927 3.31750266e-06
vn 0.995878756 -0.0906948373 -1.15127186e-05
vn 0.995878756 -0.0906948373 -1.15127186e-05
vn 0.995878875 -0.0906928927 3.31750266e-06
vn 0.995878875 -0.0906926543 4.36876371e-06
vn 0.995878756 -0.0906948373 -1.15127186e-05
vn 0.995878875 -0.0906926543 4.36876371e-06
vn 0.995878994 -0.0906926766 3.74128899e-06
vn -0.0641239882 -0.704203486 0.707096577
vn -0.0641274899 -0.704200149 0.707099557
vn -0.0641281083 -0.704199553 0.707100213
vn -0.0641281083 -0.704199553 0.707100213
vn -0.0641274899 -0.704200149 0.707099557
vn -0.0641315803 -0.704196215 0.707103133
vn 0.0641316772 0.704194725 0.707104564
vn 0.064130269 0.704195857 0.70710361
vn 0.0641304031 0.704195738 0.70710361
vn 0.0641304031 0.704195738 0.70710361
vn 0.064130269 0.704195857 0.70710361
vn 0.0641290098 0.70419693 0.707102656
vn 0.995878935 -0.0906936526 1.99105625e-06
vn 0.995878935 -0.0906927362 6.33194168e-06
vn 0.995878875 -0.0906930119 -2.7598125e-07
vn 0.995878875 -0.0906930119 -2.7598125e-07
vn 0.995878935 -0.0906927362 6.33194168e-06
vn 0.995878994 -0.0906926617 1.45370871e-06
vn 0.995878875 -0.0906930119 -2.7598125e-07
vn 0.995878994 -0.0906926617 1.45370871e-06
vn 0.995878994 -0.0906926766 -3.76914545e-06
vn -0.0641232803 -0.704195321 0.707104802
vn -0.0641280264 -0.704192102 0.707107663
vn -0.0641268268 -0.704192877 0.707106888
vn -0.0641268268 -0.704192877 0.707106888
vn -0.0641280264 -0.704192102 0.707107663
vn -0.0641315579 -0.704189718 0.70710963
vn 0.0641308948 0.704192817 0.707106531
vn 0.0641296655 0.704193532 0.707105875
vn 0.0641301572 0.704193234 0.707106233
vn 0.0641301572 0.704193234 0.707106233
vn 0.0641296655 0.704193532 0.707105875
vn 0.0641289353 0.704194069 0.707105577
vn 0.995878756 -0.0906938091 7.64868446e-07
vn 0.995878875 -0.0906933397 2.3885882e-06
vn 0.995878935 -0.0906934589 -8.37627454e-07
vn 0.995878935 -0.0906934589 -8.37627454e-07
vn 0.995878875 -0.0906933397 2.3885882e-06
vn 0.995878875 -0.0906932876 -2.55048917e-07
vn 0.995878935 -0.0906934589 -8.37627454e-07
vn 0.995878875 -0.0906932876 -2.55048917e-07
vn 0.995878875 -0.0906932876 -3.0920271e-06
vn -0.0641352087 -0.704189837 0.707109153
vn -0.064132385 -0.704191327 0.707107902
vn -0.0641336963 -0.704190671 0.707108438
vn -0.0641336963 -0.704190671 0.707108438
vn -0.064132385 -0.704191327 0.707107902
vn -0.0641308725 -0.704192042 0.707107246
vn 0.0641318113 0.704190016 0.707109272
vn 0.0641372651 0.704187393 0.707111359
vn 0.0641342327 0.704188824 0.707110286
vn 0.0641342327 0.704188824 0.707110286
vn 0.0641372651 0.704187393 0.707111359
vn 0.0641396791 0.704186261 0.707112253
vn 0.995878398 -0.0906976536 -6.20399032e-06
vn 0.995878756 -0.0906938761 3.70762814e-06
vn 0.995878816 -0.0906944424 -1.97727036e-06
vn 0.995878816 -0.0906944424 -1.97727036e-06
vn 0.995878756 -0.0906938761 3.70762814e-06
vn 0.995878875 -0.0906932652 1.11527345e-06
vn 0.995878816 -0.0906944424 -1.97727036e-06
vn 0.995878875 -0.0906932652 1.11527345e-06
vn 0.995878875 -0.0906932652 -3.12095403e-06
vn -0.0641344786 -0.704192162 0.707106829
vn -0.0641328022 -0.704192996 0.707106352
vn -0.0641337782 -0.704192519 0.707106709
vn -0.0641337782 -0.704192519 0.707106709
vn -0.0641328022 -0.704192996 0.707106352
vn -0.0641320944 -0.704193294 0.707105994
vn 0.0350489467 0.365841836 -0.930016816
vn 0.0169951562 0.159215003 -0.987097621
vn 0.064137809 0.70421803 -0.707080781
vn 0.064137809 0.70421803 -0.707080781
vn 0.0169951562 0.159215003 -0.987097621
vn 0.0641357899 0.704233944 -0.707065284
vn 0.995878935 -0.0906928703 2.26417851e-05
vn 0.995878935 -0.0906928629 2.26417797e-05
vn 0.995878875 -0.0906928703 2.26417815e-05
vn -0.0641305223 -0.704175949 -0.707123339
vn -0.0641288012 -0.704188645 -0.707111001
vn -0.0345572941 -0.39809832 -0.916691661
vn -0.0345572941 -0.39809832 -0.916691661
vn -0.0641288012 -0.704188645 -0.707111001
vn -0.0168371424 -0.212760702 -0.976959169
vn 0.0641183034 0.704194963 0.707105577
vn 0.0641254932 0.704192042 0.707107842
vn 0.0641208291 0.70419389 0.707106352
vn 0.0641208291 0.70419389 0.707106352
vn 0.0641254932 0.704192042 0.707107842
vn 0.0641280264 0.70419091 0.707108617
vn 0.995879233 -0.0906895995 1.28930078e-05
vn 0.995878696 -0.0906951427 1.51070299e-06
vn 0.995878696 -0.0906949416 2.42157421e-06
vn 0.995878696 -0.0906949416 2.42157421e-06
vn 0.995878696 -0.0906951427 1.51070299e-06
vn 0.995878577 -0.0906963497 -5.02309319e-07
vn 0.995878696 -0.0906949416 2.42157421e-06
vn 0.995878577 -0.0906963497 -5.02309319e-07
vn 0.995878577 -0.0906963721 -0
vn -0.0641345605 -0.704193056 0.707106054
vn -0.0641335174 -0.704193413 0.707105756
vn -0.0641342029 -0.704193175 0.707105935
vn -0.0641342029 -0.704193175 0.707105935
vn -0.0641335174 -0.704193413 0.707105756
vn -0.0641331747 -0.704193532 0.707105696
vn 0.0350416377 0.365844309 -0.9300161
vn 0.0170152448 0.159186378 -0.987101853
vn 0.0641261265 0.704202592 -0.707097232
vn 0.0641261265 0.704202592 -0.707097232
vn 0.0170152448 0.159186378 -0.987101853
vn 0.0641319007 0.704193413 -0.707105875
vn 0.995879054 -0.090690583 1.17537811e-05
vn 0.995879054 -0.0906905681 1.17537802e-05
vn 0.995879054 -0.0906905681 1.17537802e-05
vn -0.0641335472 -0.704211414 -0.707087815
vn -0.0641385689 -0.704203844 -0.707094789
vn -0.0345611684 -0.398120046 -0.916682124
vn -0.0345611684 -0.398120046 -0.916682124
vn -0.0641385689 -0.704203844 -0.707094789
vn -0.0168629959 -0.212748185 -0.976961493
vn 0.0641318262 0.704192579 0.707106709
vn 0.0641291216 0.704193592 0.707106054
vn 0.0641310439 0.704192877 0.70710659
vn 0.0641310439 0.704192877 0.70710659
vn 0.0641291216 0.704193592 0.707106054
vn 0.0641283244 0.70419383 0.707105875
vn 0.995878994 -0.0906921029 7.99914778e-06
vn 0.995878637 -0.0906954631 2.52474069e-06
vn 0.995878637 -0.0906957686 1.56067472e-06
vn 0.995878637 -0.0906957686 1.56067472e-06
vn 0.995878637 -0.0906954631 2.52474069e-06
vn 0.995878577 -0.0906964242 5.09063341e-07
vn 0.995878637 -0.0906957686 1.56067472e-06
vn 0.995878577 -0.0906964242 5.09063341e-07
vn 0.995878577 -0.0906964168 5.78549795e-08
vn -0.0641223788 -0.704191327 0.707108796
vn -0.0641276911 -0.704189479 0.707110167
vn -0.0641238764 -0.70419085 0.707109153
vn -0.0641238764 -0.70419085 0.707109153
vn -0.0641276911 -0.704189479 0.707110167
vn -0.0641291887 -0.704188943 0.707110524
vn 0.0350419022 0.365838856 -0.930018306
vn 0.0170462746 0.159170538 -0.987103939
vn 0.0641271323 0.70419091 -0.707108736
vn 0.0641271323 0.70419091 -0.707108736
vn 0.0170462746 0.159170538 -0.987103939
vn 0.0641315132 0.704186857 -0.707112432
vn 0.995878398 -0.0906982347 -9.60220314e-06
vn 0.995878458 -0.0906982422 -9.60220405e-06
vn 0.995878458 -0.0906982496 -9.60220495e-06
vn 0.995878935 -0.0906924978 2.99672661e-06
vn 0.995878696 -0.0906955004 -2.08882079e-06
vn 0.995878637 -0.0906957984 -8.0174749e-07
vn 0.995878637 -0.0906957984 -8.0174749e-07
vn 0.995878696 -0.0906955004 -2.08882079e-06
vn 0.995878637 -0.0906964168 -1.86790442e-06
vn 0.995878637 -0.0906957984 -8.0174749e-07
vn 0.995878637 -0.0906964168 -1.86790442e-06
vn 0.995878577 -0.0906964168 -5.78549795e-08
vn 0.0641318634 0.704192817 -0.707106531
vn 0.0641309544 0.704193056 -0.707106292
vn 0.0641287267 0.70419383 -0.707105696
vn 0.0641287267 0.70419383 -0.707105696
vn 0.0641309544 0.704193056 -0.707106292
vn 0.0641278103 0.704194188 -0.707105458
vn -0.0641334802 -0.704210699 0.70708859
vn -0.0345621444 -0.398118913 0.916682541
vn -0.0641391799 -0.704202175 0.707096457
vn -0.0641391799 -0.704202175 0.707096457
vn -0.0345621444 -0.398118913 0.916682541
vn -0.0168630164 -0.212747723 0.976961613
vn 0.995879114 -0.090690583 -1.17538175e-05
vn 0.995879173 -0.0906905904 -1.17538175e-05
vn 0.995879054 -0.0906905681 -1.17538157e-05
vn 0.0350422189 0.365843475 0.930016458
vn 0.0641264766 0.704202056 0.707097769
vn 0.0170106869 0.159187838 0.987101734
vn 0.0170106869 0.159187838 0.987101734
vn 0.0641264766 0.704202056 0.707097769
vn 0.0641319007 0.704193413 0.707105875
vn -0.0641345605 -0.704193056 -0.707106054
vn -0.0641342029 -0.704193175 -0.707105935
vn -0.0641335174 -0.704193413 -0.707105756
vn -0.0641335174 -0.704193413 -0.707105756
vn -0.0641342029 -0.704193175 -0.707105935
vn -0.0641331747 -0.704193532 -0.707105696
vn 0.995879114 -0.0906902775 7.11049779e-06
vn 0.995878696 -0.0906951725 -3.51216818e-06
vn 0.995878756 -0.0906950012 -8.48677146e-08
vn 0.995878756 -0.0906950012 -8.48677146e-08
vn 0.995878696 -0.0906951725 -3.51216818e-06
vn 0.995878577 -0.0906963646 -3.04782202e-06
vn 0.995878756 -0.0906950012 -8.48677146e-08
vn 0.995878577 -0.0906963646 -3.04782202e-06
vn 0.995878577 -0.0906963721 -0
vn 0.0641183555 0.704195499 -0.707105041
vn 0.0641210377 0.704194427 -0.707105935
vn 0.06412597 0.7041924 -0.707107484
vn 0.06412597 0.7041924 -0.707107484
vn 0.0641210377 0.704194427 -0.707105935
vn 0.0641286299 0.704191267 -0.707108319
vn -0.0641303062 -0.704173505 0.707125843
vn -0.034547437 -0.398102939 0.916689992
vn -0.0641219467 -0.7042346 0.707065821
vn -0.0641219467 -0.7042346 0.707065821
vn -0.034547437 -0.398102939 0.916689992
vn -0.0168539789 -0.212764367 0.976958215
vn 0.995878935 -0.0906928778 -2.264041e-05
vn 0.995878935 -0.0906928852 -2.264041e-05
vn 0.995878875 -0.0906928852 -2.264041e-05
vn 0.0350488424 0.365834892 0.930019498
vn 0.0641374439 0.704207718 0.707091212
vn 0.0170794204 0.159166798 0.987103879
vn 0.0170794204 0.159166798 0.987103879
vn 0.0641374439 0.704207718 0.707091212
vn 0.0641350895 0.704226136 0.707072973
vn -0.064134486 -0.70419234 -0.70710665
vn -0.0641337857 -0.704192698 -0.707106411
vn -0.0641328022 -0.704193234 -0.707106113
vn -0.0641328022 -0.704193234 -0.707106113
vn -0.0641337857 -0.704192698 -0.707106411
vn -0.0641321018 -0.704193354 -0.707105756
vn 0.995878518 -0.0906971246 -9.23592779e-06
vn 0.995878816 -0.0906938612 6.17589819e-08
vn 0.995878756 -0.090694353 -6.83327755e-07
vn 0.995878756 -0.090694353 -6.83327755e-07
vn 0.995878816 -0.0906938612 6.17589819e-08
vn 0.995878875 -0.0906932577 2.45133924e-06
vn 0.995878756 -0.090694353 -6.83327755e-07
vn 0.995878875 -0.0906932577 2.45133924e-06
vn 0.995878875 -0.0906932652 3.12095403e-06
vn 0.0641318709 0.70419085 -0.707108378
vn 0.0641346499 0.704189599 -0.707109511
vn 0.0641380921 0.70418793 -0.707110822
vn 0.0641380921 0.70418793 -0.707110822
vn 0.0641346499 0.704189599 -0.707109511
vn 0.0641408563 0.704186559 -0.707111895
vn -0.0641352534 -0.704190373 -0.707108617
vn -0.0641337335 -0.704191208 -0.707107961
vn -0.0641324148 -0.704191983 -0.707107365
vn -0.0641324148 -0.704191983 -0.707107365
vn -0.0641337335 -0.704191208 -0.707107961
vn -0.0641308948 -0.704192758 -0.70710665
vn 0.995878816 -0.090693742 -3.02968328e-06
vn 0.995878875 -0.0906933323 -1.49900654e-06
vn 0.995878875 -0.0906934366 3.09992771e-07
vn 0.995878875 -0.0906934366 3.09992771e-07
vn 0.995878875 -0.0906933323 -1.49900654e-06
vn 0.995878875 -0.0906932801 9.00739224e-07
vn 0.995878875 -0.0906934366 3.09992771e-07
vn 0.995878875 -0.0906932801 9.00739224e-07
vn 0.995878875 -0.0906932876 3.0920271e-06
vn 0.0641309619 0.704193354 -0.707106054
vn 0.0641306266 0.704193532 -0.707105875
vn 0.0641304031 0.704193652 -0.707105696
vn 0.0641304031 0.704193652 -0.707105696
vn 0.0641306266 0.704193532 -0.707105875
vn 0.0641300678 0.70419383 -0.707105577
vn -0.0641233474 -0.704195917 -0.707104146
vn -0.0641268864 -0.704193532 -0.707106233
vn -0.064128086 -0.704192638 -0.707106888
vn -0.064128086 -0.704192638 -0.707106888
vn -0.0641268864 -0.704193532 -0.707106233
vn -0.0641316101 -0.704190254 -0.707109034
vn 0.995878816 -0.0906934589 -7.46062142e-06
vn 0.995878875 -0.0906927288 -3.3439967e-06
vn 0.995878875 -0.0906929746 -1.3485618e-06
vn 0.995878875 -0.0906929746 -1.3485618e-06
vn 0.995878875 -0.0906927288 -3.3439967e-06
vn 0.995878994 -0.0906926617 4.08653705e-07
vn 0.995878875 -0.0906929746 -1.3485618e-06
vn 0.995878994 -0.0906926617 4.08653705e-07
vn 0.995878994 -0.0906926766 3.76914545e-06
vn 0.0641317219 0.704195499 -0.707103729
vn 0.0641309842 0.704196155 -0.707103312
vn 0.0641309023 0.704196274 -0.707103133
vn 0.0641309023 0.704196274 -0.707103133
vn 0.0641309842 0.704196155 -0.707103312
vn 0.0641301498 0.704196811 -0.707102656
vn -0.0641240552 -0.704204321 -0.707095683
vn -0.0641281754 -0.704200447 -0.707099259
vn -0.064127557 -0.704201102 -0.707098722
vn -0.064127557 -0.704201102 -0.707098722
vn -0.0641281754 -0.704200447 -0.707099259
vn -0.0641316548 -0.704197049 -0.707102239
vn 0.995878577 -0.0906964466 -8.7845192e-06
vn 0.995878875 -0.0906928703 2.60349716e-05
vn 0.995878756 -0.0906943083 -3.85536168e-06
vn 0.995878756 -0.0906943083 -3.85536168e-06
vn 0.995878875 -0.0906928703 2.60349716e-05
vn 0.995878875 -0.0906926543 1.22060137e-05
vn 0.995878756 -0.0906943083 -3.85536168e-06
vn 0.995878875 -0.0906926543 1.22060137e-05
vn 0.995878994 -0.0906926766 -3.74128899e-06
vn 0.0641312823 0.704187453 -0.707111776
vn 0.0641362295 0.704181373 -0.707117558
vn 0.0641342998 0.704183698 -0.707115293
vn 0.0641342998 0.704183698 -0.707115293
vn 0.0641362295 0.704181373 -0.707117558
vn 0.0641392246 0.704177499 -0.707121074
vn -0.0641347691 -0.704187274 -0.707111835
vn -0.064132534 -0.704191029 -0.70710814
vn -0.0641338304 -0.704188764 -0.707110226
vn -0.0641338304 -0.704188764 -0.707110226
vn -0.064132534 -0.704191029 -0.70710814
vn -0.0641316175 -0.704192638 -0.707106709
vn 0.995878696 -0.0906946212 -2.44955663e-06
vn 0.995878756 -0.0906943753 -2.63564743e-06
vn 0.995878935 -0.0906928778 -3.77583797e-06
vn 0.995878935 -0.0906928778 -3.77583797e-06
vn 0.995878756 -0.0906943753 -2.63564743e-06
vn 0.995879054 -0.0906918198 -4.59571947e-06
vn 0.0350487493 0.365832627 0.930020511
vn 0.0641322732 0.70419389 0.707105458
vn 0.0170396715 0.159179971 0.987102449
vn 0.0170396715 0.159179971 0.987102449
vn 0.0641322732 0.70419389 0.707105458
vn 0.0641317219 0.70419395 0.707105339
vn -0.237509906 -0.971385062 1.40504653e-07
vn -0.203955278 -0.978980184 -0
vn -0.151920184 -0.924770117 0.348884702
vn -0.237509906 -0.971385062 1.40504653e-07
vn -0.151920184 -0.924770117 0.348884702
vn -0.176462188 -0.962501347 0.206039876
vn -0.237509906 -0.971385062 1.40504653e-07
vn -0.176462188 -0.962501347 0.206039876
vn -0.20395565 -0.978980124 0
vn -0.237509906 -0.971385062 1.40504653e-07
vn -0.20395565 -0.978980124 0
vn -0.203955635 -0.978980184 0
vn -0.237509906 -0.971385062 1.40504653e-07
vn -0.203955635 -0.978980184 0
vn -0.20395565 -0.978980064 0
vn -0.237509906 -0.971385062 1.40504653e-07
vn -0.20395565 -0.978980064 0
vn -0.20395565 -0.978980124 0
vn -0.237509906 -0.971385062 1.40504653e-07
vn -0.20395565 -0.978980124 0
vn -0.176462173 -0.962501347 -0.206039831
vn -0.237509906 -0.971385062 1.40504653e-07
vn -0.176462173 -0.962501347 -0.206039831
vn -0.235210165 -0.971944571 -0.000133086549
vn -0.203955635 -0.978980184 0
vn -0.20395565 -0.978980124 0
vn -0.203957185 -0.978979766 0
vn -0.203957185 -0.978979766 0
vn -0.20395565 -0.978980124 0
vn -0.203957215 -0.978979766 -0
vn -0.20395565 -0.978980124 0
vn -0.20395565 -0.978980064 0
vn -0.203957245 -0.978979826 0
vn -0.203957245 -0.978979826 0
vn -0.20395565 -0.978980064 0
vn -0.2039572 -0.978979826 -0
vn -0.176462173 -0.962501347 -0.206039831
vn -0.151920184 -0.924770176 -0.348884583
vn -0.235210165 -0.971944571 -0.000133086549
vn -0.235210165 -0.971944571 -0.000133086549
vn -0.151920184 -0.924770176 -0.348884583
vn -0.203955293 -0.978980243 -0
vn 0 1 0
vn 0 1 0
vn 0 1 0
vn 0 1 0
vn 0 1 0
vn 0 1 0
vn 0 1 0
vn 0 1 0
vn 0 1 0
vn 0 1 0
vn 0 1 0
vn 0 1 0
vn 0 1 0
vn 0 1 0
vn 0 1 0
vn 0 1 0
vn 0 1 0
vn 0 1 0
vn 0 1 0
vn 0 1 0
vn 0 1 0
vn 0 1 0
vn 0 1 0
vn 0 1 0
vn 0 1 0
vn 0 1 0
vn 0 1 0
vn 0 1 0
vn 0 1 0
vn 0 1 0
vn 0 1 0
vn 0 1 0
vn 0 1 0
vn 0 1 0
vn 0 1 0
vn 0 1 0
vn 0 1 0
vn 0 1 0
vn 0 1 0
vn 0 1 0
vn 0 1 0
vn 0 1 0
vn 0 1 0
vn 0 1 0
vn 0 1 0
vn 0 1 0
vn 0 1 0
vn 0 1 0
vn 0 1 0
vn 0 1 0
vn 0 1 0
vn 0 1 0
vn 0 1 0
vn 0 1 0
vn 0 1 0
vn 0 1 0
vn 0 1 0
vn 0 1 0
vn 0 1 0
vn 0 1 0
vn 0 1 0
vn 0 1 0
vn 0 1 0
vn 0 1 0
vn 0 1 0
vn 0 1 0
vn 0 1 0
vn 0 1 0
vn 0 1 0
vn 0 1 0
vn 0 1 0
vn 0 1 0
vn 0 1 0
vn 0 1 0
vn 0 1 0
vn 0 1 0
vn 0 1 0
vn 0 1 0
vn 0.995879054 -0.0906913131 -0
vn 0.995878518 -0.0906966254 -9.57635257e-06
vn 0.995879114 -0.0906904936 3.30835269e-06
vn 0.995879114 -0.0906904936 3.30835269e-06
vn 0.995878518 -0.0906966254 -9.57635257e-06
vn 0.995878577 -0.0906961635 -7.93171239e-06
vn 0.995879114 -0.0906904936 3.30835269e-06
vn 0.995878577 -0.0906961635 -7.93171239e-06
vn 0.995879292 -0.0906892866 7.23690437e-06
vn 0.0641290322 0.704212129 -0.707087517
vn 0.0641365349 0.704190314 -0.707108438
vn 0.0641308874 0.704206705 -0.707092702
vn 0.0641308874 0.704206705 -0.707092702
vn 0.0641365349 0.704190314 -0.707108438
vn 0.0641383752 0.704185069 -0.707113624
vn -0.0641275197 -0.704164326 -0.707135201
vn -0.064131096 -0.704139352 -0.707159817
vn -0.064127937 -0.704161406 -0.707138121
vn -0.064127937 -0.704161406 -0.707138121
vn -0.064131096 -0.704139352 -0.707159817
vn -0.0641314983 -0.704136431 -0.707162559
vn 0.995878816 -0.0906945914 -1.42216129e-06
vn 0.995878696 -0.0906946659 -1.34938966e-06
vn 0.995878518 -0.090696387 2.1765247e-07
vn 0.995878518 -0.090696387 2.1765247e-07
vn 0.995878696 -0.0906946659 -1.34938966e-06
vn 0.995878458 -0.0906973332 1.07399603e-06
vn 0.0350409746 0.365838498 0.930018365
vn 0.0641302839 0.704191089 0.707108319
vn 0.0170383938 0.159177125 0.987102926
vn 0.0170383938 0.159177125 0.987102926
vn 0.0641302839 0.704191089 0.707108319
vn 0.0641318336 0.704190493 0.707108736
vn -0.0641321018 -0.704193115 0.707106054
vn -0.0345489159 -0.398115426 0.916684568
vn -0.0641317442 -0.704193354 0.707106054
vn -0.0641317442 -0.704193354 0.707106054
vn -0.0345489159 -0.398115426 0.916684568
vn -0.0168927219 -0.21273829 0.976963162
vn 0.995878816 -0.0906943679 9.53676533e-08
vn 0.995878756 -0.0906943604 9.53676391e-08
vn 0.995878756 -0.0906943753 9.53676391e-08
vn 0.0350502692 0.365831852 0.93002063
vn 0.0641335621 0.704194963 0.707104146
vn 0.017042581 0.159177333 0.987102866
vn 0.017042581 0.159177333 0.987102866
vn 0.0641335621 0.704194963 0.707104146
vn 0.0641322732 0.70419544 0.707103848
vn -0.0641319156 -0.70419091 0.707108378
vn -0.0345425233 -0.3981148 0.916685104
vn -0.0641287342 -0.704192042 0.707107544
vn -0.0641287342 -0.704192042 0.707107544
vn -0.0345425233 -0.3981148 0.916685104
vn -0.0168514177 -0.212748721 0.976961613
vn 0.995878756 -0.0906949043 3.02889703e-07
vn 0.995878756 -0.0906949118 3.02889703e-07
vn 0.995878756 -0.0906949043 3.02889674e-07
vn 0.0350479931 0.36583358 0.930020154
vn 0.0641326606 0.70419383 0.707105398
vn 0.017046012 0.159175858 0.987102985
vn 0.017046012 0.159175858 0.987102985
vn 0.0641326606 0.70419383 0.707105398
vn 0.0641321465 0.704194009 0.707105339
vn -0.0641317368 -0.704191744 0.707107544
vn -0.0345469974 -0.398115933 0.91668433
vn -0.0641302988 -0.704192281 0.707107067
vn -0.0641302988 -0.704192281 0.707107067
vn -0.0345469974 -0.398115933 0.91668433
vn -0.016856797 -0.212746322 0.97696203
vn 0.995878637 -0.0906955972 -2.30024943e-06
vn 0.995878696 -0.0906956047 -2.30024989e-06
vn 0.995878696 -0.0906956121 -2.30024989e-06
vn 0.0350400023 0.365838468 0.930018544
vn 0.0641288534 0.704190135 0.707109332
vn 0.0170420688 0.159173742 0.987103403
vn 0.0170420688 0.159173742 0.987103403
vn 0.0641288534 0.704190135 0.707109332
vn 0.0641314909 0.704189181 0.707110107
vn -0.0641186014 -0.704198003 0.707102418
vn -0.0345604233 -0.398112476 0.916685283
vn -0.0641250238 -0.70419538 0.707104564
vn -0.0641250238 -0.70419538 0.707104564
vn -0.0345604233 -0.398112476 0.916685283
vn -0.0168635324 -0.212744147 0.976962388
vn 0.995878398 -0.0906987637 -8.23798644e-07
vn 0.995878398 -0.0906987786 -8.23798757e-07
vn 0.995878398 -0.0906987563 -8.237987e-07
vn 0.0350261256 0.365840793 0.930018187
vn 0.0641157329 0.70419544 0.707105398
vn 0.0170350894 0.159176096 0.987103224
vn 0.0170350894 0.159176096 0.987103224
vn 0.0641157329 0.70419544 0.707105398
vn 0.0641182289 0.704194307 0.707106233
vn -0.0641321391 -0.70419383 0.707105398
vn -0.0345599726 -0.398113191 0.916685045
vn -0.0641336367 -0.704193056 0.707106054
vn -0.0641336367 -0.704193056 0.707106054
vn -0.0345599726 -0.398113191 0.916685045
vn -0.0168634318 -0.212745652 0.976962149
vn 0.995878816 -0.0906945989 5.42854968e-06
vn 0.995878696 -0.090694584 5.42854832e-06
vn 0.995878816 -0.0906945989 5.42854877e-06
vn 0.0350474939 0.365834862 0.930019617
vn 0.0641330853 0.704195678 0.707103431
vn 0.0170227047 0.159181058 0.987102628
vn 0.0170227047 0.159181058 0.987102628
vn 0.0641330853 0.704195678 0.707103431
vn 0.0641323626 0.704196155 0.707103133
vn -0.0641345158 -0.704193056 -0.707106054
vn -0.0641340911 -0.704193175 -0.707105935
vn -0.0641325489 -0.704193652 -0.707105637
vn -0.0641325489 -0.704193652 -0.707105637
vn -0.0641340911 -0.704193175 -0.707105935
vn -0.0641321242 -0.704193771 -0.707105517
vn 0.995875657 -0.0907289609 -3.45403423e-05
vn 0.995877802 -0.0907050893 -8.9305322e-06
vn 0.995878756 -0.0906941295 -5.54439282e-07
vn 0.995878756 -0.0906941295 -5.54439282e-07
vn 0.995877802 -0.0907050893 -8.9305322e-06
vn 0.995878875 -0.090693377 2.56089066e-07
vn 0.995878756 -0.0906941295 -5.54439282e-07
vn 0.995878875 -0.090693377 2.56089066e-07
vn 0.995878875 -0.0906933621 -3.11774352e-06
vn 0.0641317368 0.704191446 -0.707107842
vn 0.0641290545 0.704192162 -0.707107306
vn 0.0641191676 0.704195142 -0.707105279
vn 0.0641191676 0.704195142 -0.707105279
vn 0.0641290545 0.704192162 -0.707107306
vn 0.0641165003 0.704195917 -0.707104743
vn -0.0641317293 -0.704189181 0.707110167
vn -0.0345491879 -0.398115635 0.916684449
vn -0.0641309246 -0.704189599 0.707109749
vn -0.0641309246 -0.704189599 0.707109749
vn -0.0345491879 -0.398115635 0.916684449
vn -0.0168500673 -0.212746352 0.976962209
vn 0.995878637 -0.0906965882 7.31415366e-06
vn 0.995878577 -0.0906965956 7.31415366e-06
vn 0.995878518 -0.0906965807 7.31415412e-06
vn 0.0350476317 0.3658351 0.930019498
vn 0.064133428 0.704196513 0.707102656
vn 0.0170442779 0.159175456 0.987103164
vn 0.0170442779 0.159175456 0.987103164
vn 0.064133428 0.704196513 0.707102656
vn 0.0641324669 0.704197228 0.707102001
vn -0.0641342327 -0.704191625 -0.707107544
vn -0.0641337857 -0.704191744 -0.707107306
vn -0.0641324446 -0.704192162 -0.707107008
vn -0.0641324446 -0.704192162 -0.707107008
vn -0.0641337857 -0.704191744 -0.707107306
vn -0.0641320124 -0.70419234 -0.707106948
vn 0.995878935 -0.0906924456 4.21009827e-06
vn 0.995878875 -0.0906930342 3.42805674e-06
vn 0.995878935 -0.0906931832 1.55958631e-07
vn 0.995878935 -0.0906931832 1.55958631e-07
vn 0.995878875 -0.0906930342 3.42805674e-06
vn 0.995878875 -0.0906932652 5.60996121e-08
vn 0.995878935 -0.0906931832 1.55958631e-07
vn 0.995878875 -0.0906932652 5.60996121e-08
vn 0.995878875 -0.0906932652 -3.00738702e-06
vn 0.0641319603 0.704192042 -0.707107246
vn 0.0641315728 0.704192162 -0.707107186
vn 0.0641303733 0.704192638 -0.707106888
vn 0.0641303733 0.704192638 -0.707106888
vn 0.0641315728 0.704192162 -0.707107186
vn 0.064129971 0.704192758 -0.707106709
vn -0.0641320124 -0.704192281 0.707107067
vn -0.0345510244 -0.398116052 0.91668421
vn -0.0641310439 -0.704193115 0.707106352
vn -0.0641310439 -0.704193115 0.707106352
vn -0.0345510244 -0.398116052 0.91668421
vn -0.0168520864 -0.212747514 0.976961911
vn 0.995878398 -0.0906982422 9.60224497e-06
vn 0.995878458 -0.0906982496 9.60224497e-06
vn 0.995878458 -0.0906982422 9.60224497e-06
vn 0.0350370929 0.365839899 0.930018127
vn 0.0641258657 0.704190195 0.70710963
vn 0.0170465186 0.15917033 0.987103939
vn 0.0170465186 0.15917033 0.987103939
vn 0.0641258657 0.704190195 0.70710963
vn 0.0641313642 0.704185128 0.70711422
vn 0.995878816 -0.0906942412 -6.7550311e-13
vn 0.995879233 -0.0906894952 -4.15850565e-07
vn 0.995878756 -0.0906952918 -4.5033309e-07
vn 0.995878756 -0.0906942338 0
vn 0.995878816 -0.0906941295 8.48992113e-06
vn 0.995878756 -0.0906950831 -3.37481794e-07
vn 0.995878935 -0.0906921625 -8.68503837e-13
vn 0.995878458 -0.0906986371 8.10682593e-07
vn 0.995878816 -0.0906941667 8.67820916e-07
vn 0.995878994 -0.0906920284 5.2389322e-07
vn 0.995878458 -0.0906988159 1.69817795e-05
vn 0.995878816 -0.0906940475 -1.03675643e-06
vn 0.995878994 -0.0906920284 5.2389322e-07
vn 0.995879173 -0.0906904116 6.34381968e-06
vn 0.995878458 -0.0906988159 1.69817795e-05
vn 0.995879233 -0.0906888992 -1.05844229e-05
vn 0.995878696 -0.0906951055 -4.82903197e-05
vn 0.995878398 -0.0906982571 -9.16202134e-06
vn 0.995879233 -0.0906888992 -1.05844229e-05
vn 0.995878816 -0.0906941295 -8.13214285e-07
vn 0.995878696 -0.0906951055 -4.82903197e-05
vn 0.995879114 -0.0906902328 -7.78272351e-06
vn 0.995878696 -0.0906946361 -1.834873e-05
vn 0.995878518 -0.0906981602 -1.16653491e-05
vn 0.995879114 -0.0906902328 -7.78272351e-06
vn 0.995878816 -0.0906933323 3.47677172e-07
vn 0.995878696 -0.0906946361 -1.834873e-05
vn 0.995878756 -0.0906946436 0
vn 0.995878637 -0.0906953961 -3.77548247e-07
vn 0.995878637 -0.0906953961 3.77548247e-07
vn 0.995878756 -0.0906946436 0
vn 0.995879114 -0.0906907693 1.14388524e-06
vn 0.995878637 -0.0906953961 -3.77548247e-07
vn 0.995878756 -0.0906946361 -6.75502948e-13
vn 0.995878816 -0.0906940997 -1.45007391e-06
vn 0.995878875 -0.090693593 -1.04829428e-06
vn 0.995878935 -0.0906925946 6.75502948e-13
vn 0.995878875 -0.0906936079 1.05204037e-06
vn 0.995878816 -0.0906936079 -1.05204037e-06
vn 0.995878935 -0.0906925946 6.75502948e-13
vn 0.995878816 -0.090693593 1.04829428e-06
vn 0.995878875 -0.0906936079 1.05204037e-06
vn 0.995878875 -0.0906940475 1.03675632e-06
vn 0.995878935 -0.0906925499 0
vn 0.995878816 -0.0906940773 1.4417102e-06
vn 0.995878756 -0.0906946883 0
vn 0.995878816 -0.0906940997 -1.44171054e-06
vn 0.995878816 -0.0906936824 -1.22742483e-06
vn 0.995878875 -0.0906936675 -1.02056254e-06
vn 0.995878756 -0.0906947479 0
vn 0.995878696 -0.0906946287 -1.65448621e-09
vn 0.995878935 -0.0906926394 -9.6500401e-13
vn 0.995878816 -0.0906936303 1.00346529e-06
vn 0.995878816 -0.0906935707 1.07754465e-06
vn 0.995878696 -0.0906947181 -5.30752092e-13
vn 0.995878875 -0.0906937942 -5.09817539e-07
vn 0.995878816 -0.0906937942 5.09817369e-07
vn 0.995878696 -0.0906947181 -5.30752092e-13
vn 0.995878816 -0.0906935781 -1.07754488e-06
vn 0.995878875 -0.0906937942 -5.09817539e-07
vn 0.995879471 -0.0906863958 -2.89501344e-12
vn 0.995879114 -0.0906910449 -7.24720621e-07
vn 0.995879114 -0.0906910449 7.24719712e-07
vn 0.995879471 -0.0906863958 -2.89501344e-12
vn 0.995878875 -0.0906937793 5.09817937e-07
vn 0.995879114 -0.0906910449 -7.24720621e-07
vn 0.995878577 -0.0906956196 0
vn 0.995878696 -0.0906950533 1.22014567e-08
vn 0.995878696 -0.0906950459 -1.22014567e-08
vn 0.995878577 -0.0906956196 0
vn 0.995879114 -0.0906910598 7.24720621e-07
vn 0.995878696 -0.0906950533 1.22014567e-08
vn 0.995878816 -0.0906936228 -1.00346574e-06
vn 0.995878696 -0.0906947851 0
vn 0.995878816 -0.0906936303 -1.00346563e-06
vn 0.995878816 -0.090693675 -3.53664205e-07
vn 0.995878756 -0.0906945616 0
vn 0.995878935 -0.0906932205 -1.00618138e-06
vn 0.995878935 -0.0906932056 1.00618149e-06
vn 0.995878875 -0.0906924382 0
vn 0.995878935 -0.0906934068 8.19457227e-07
vn 0.995878935 -0.0906933993 -8.19457114e-07
vn 0.995878756 -0.0906947255 3.6187649e-13
vn 0.995878816 -0.0906935856 -1.07754499e-06
vn 0.995878816 -0.0906935334 -1.737008e-12
vn 0.995878994 -0.0906917751 -1.37247423e-06
vn 0.995878816 -0.0906936675 3.53663268e-07
vn 0.995878935 -0.0906921327 4.01583384e-06
vn 0.995879173 -0.0906903297 4.98661211e-06
vn 0.995878756 -0.0906943083 -1.29785053e-06
vn 0.995878935 -0.0906927586 9.59428576e-07
vn 0.995879054 -0.0906913653 1.58399575e-06
vn 0.995878816 -0.0906943455 -8.26281564e-07
vn 0.995878696 -0.0906946436 1.83487609e-05
vn 0.995879114 -0.0906902403 7.78272715e-06
vn 0.995878339 -0.0906981453 1.16653691e-05
vn 0.995878696 -0.0906951204 4.82906325e-05
vn 0.995879173 -0.0906888917 1.05844383e-05
vn 0.995878398 -0.0906982645 9.16204772e-06
vn 0.995878696 -0.0906946436 0
vn 0.995878637 -0.0906953961 -3.77548247e-07
vn 0.995879114 -0.0906907693 1.14388524e-06
vn 0.995878816 -0.0906936824 -1.22742483e-06
vn 0.995878816 -0.0906940997 -1.44171054e-06
vn 0.995878696 -0.0906946361 0
vn 0.995878458 -0.0906988159 1.69817795e-05
vn 0.995879173 -0.0906904116 6.34381968e-06
vn 0.995879054 -0.0906906649 6.55860931e-05
vn 0.995878696 -0.0906953514 0
vn 0.995878875 -0.0906940475 -1.03675632e-06
vn 0.995878816 -0.0906940475 -9.89083787e-07
vn 0.995878875 -0.0906926915 0
vn 0.995878875 -0.0906936675 1.02056254e-06
vn 0.995878816 -0.0906936005 1.07609935e-06
vn 0.995879114 -0.0906910598 -7.2472011e-07
vn 0.995878816 -0.0906937942 5.09817369e-07
vn 0.995878816 -0.090693593 -1.73700529e-12
vn 0.995878816 -0.0906936005 6.7550208e-13
vn 0.995878875 -0.0906937942 -5.09816971e-07
vn 0.995879114 -0.0906910598 7.24720792e-07
vn 0.995878935 -0.0906926394 1.20625493e-12
vn 0.995878816 -0.0906936377 1.00346563e-06
vn 0.995878816 -0.0906935707 1.07754477e-06
vn 0.995879531 -0.0906865522 -5.01802853e-12
vn 0.995878816 -0.0906936601 3.53664177e-07
vn 0.995878994 -0.0906917676 -1.37247548e-06
vn 0.995878756 -0.0906952918 -4.5033309e-07
vn 0.995878577 -0.090696305 0
vn 0.995878994 -0.0906917676 -1.37247548e-06
vn 0.995878756 -0.0906952918 -4.5033309e-07
vn 0.995878994 -0.0906917676 -1.37247548e-06
vn 0.995878577 -0.090696305 4.52345782e-14
vn 0.995878756 -0.0906952918 -4.5033309e-07
vn 0.995878577 -0.090696305 4.52345782e-14
vn 0.995878696 -0.0906952992 4.50333033e-07
vn 0.995878816 -0.0906936675 3.53663268e-07
vn 0.995878756 -0.0906939656 -1.01325448e-12
vn 0.995878935 -0.0906932205 1.00618126e-06
vn 0.995878816 -0.0906936675 3.53663268e-07
vn 0.995878935 -0.0906932205 1.00618126e-06
vn 0.995878696 -0.0906945616 -4.34251241e-13
vn 0.995878816 -0.0906936675 3.53663268e-07
vn 0.995878696 -0.0906945616 -4.34251241e-13
vn 0.995878816 -0.0906936824 -3.53663779e-07
vn 0.995878994 -0.0906917751 -1.37247423e-06
vn 0.995878577 -0.090696305 -5.42814932e-14
vn 0.995878756 -0.0906953067 -4.50332891e-07
vn 0.995878994 -0.0906917751 -1.37247423e-06
vn 0.995878756 -0.0906953067 -4.50332891e-07
vn 0.995878577 -0.090696305 -5.72971304e-14
vn 0.995878994 -0.0906917751 -1.37247423e-06
vn 0.995878577 -0.090696305 -5.72971304e-14
vn 0.995879054 -0.0906917751 1.37247537e-06
vn 0.995878994 -0.0906917751 -1.37247423e-06
vn 0.995879054 -0.0906917751 1.37247537e-06
vn 0.995879471 -0.0906865448 3.86002168e-12
vn 0.995878994 -0.0906917751 -1.37247423e-06
vn 0.995879471 -0.0906865448 3.86002168e-12
vn 0.995878816 -0.0906936675 3.53663268e-07
vn 0.995878816 -0.0906935707 -1.07754488e-06
vn 0.995878875 -0.0906924307 0
vn 0.995878816 -0.0906936303 -1.00346563e-06
vn 0.995878816 -0.0906935707 -1.07754488e-06
vn 0.995878816 -0.0906936303 -1.00346563e-06
vn 0.995878935 -0.0906926394 0
vn 0.995878816 -0.0906935707 -1.07754488e-06
vn 0.995878935 -0.0906926394 0
vn 0.995878816 -0.0906935781 1.07754477e-06
vn 0.995878816 -0.0906935707 -1.07754488e-06
vn 0.995878816 -0.0906935781 1.07754477e-06
vn 0.995878696 -0.0906945094 0
vn 0.995878816 -0.0906935707 -1.07754488e-06
vn 0.995878696 -0.0906945094 0
vn 0.995878875 -0.0906937942 -5.09817994e-07
vn 0.995878816 -0.0906935707 -1.07754488e-06
vn 0.995878875 -0.0906937942 -5.09817994e-07
vn 0.995878756 -0.0906947255 0
vn 0.995878875 -0.0906937197 1.22616234e-06
vn 0.995878696 -0.0906945169 6.27252753e-13
vn 0.995878696 -0.0906950533 1.22013599e-08
vn 0.995878875 -0.0906937197 1.22616234e-06
vn 0.995878696 -0.0906950533 1.22013599e-08
vn 0.995878756 -0.0906947255 -4.10126685e-13
vn 0.995878875 -0.0906937197 1.22616234e-06
vn 0.995878756 -0.0906947255 -4.10126685e-13
vn 0.995878816 -0.0906937122 -1.22616211e-06
vn 0.995878875 -0.0906937197 1.22616234e-06
vn 0.995878816 -0.0906937122 -1.22616211e-06
vn 0.995878935 -0.0906926319 -5.79002395e-13
vn 0.995878875 -0.0906937197 1.22616234e-06
vn 0.995878935 -0.0906926319 -5.79002395e-13
vn 0.995878816 -0.0906940773 1.4002743e-06
vn 0.995878875 -0.0906937197 1.22616234e-06
vn 0.995878816 -0.0906940773 1.4002743e-06
vn 0.995878816 -0.0906935334 1.737008e-12
vn 0.995878696 -0.0906950384 -1.2201407e-08
vn 0.995878696 -0.0906949192 -1.15800512e-12
vn 0.995879114 -0.0906910598 -7.2472011e-07
vn 0.995878696 -0.0906950384 -1.2201407e-08
vn 0.995879114 -0.0906910598 -7.2472011e-07
vn 0.995878637 -0.0906956121 -4.34252406e-13
vn 0.995878696 -0.0906950384 -1.2201407e-08
vn 0.995878637 -0.0906956121 -4.34252406e-13
vn 0.995878696 -0.0906950533 1.22013599e-08
vn 0.995878696 -0.0906950384 -1.2201407e-08
vn 0.995878696 -0.0906950533 1.22013599e-08
vn 0.995878696 -0.0906945169 6.27252753e-13
vn 0.995878696 -0.0906950384 -1.2201407e-08
vn 0.995878696 -0.0906945169 6.27252753e-13
vn 0.995878816 -0.0906937122 -1.22616211e-06
vn 0.995878696 -0.0906950384 -1.2201407e-08
vn 0.995878816 -0.0906937122 -1.22616211e-06
vn 0.995878696 -0.0906947181 5.30752092e-13
vn 0.995878696 -0.0906952918 4.50333118e-07
vn 0.995878756 -0.0906953067 -4.50332891e-07
vn 0.995878577 -0.090696305 -5.42814932e-14
vn 0.995878696 -0.0906952918 4.50333118e-07
vn 0.995878577 -0.090696305 -5.42814932e-14
vn 0.995879054 -0.0906917676 1.37247434e-06
vn 0.995878696 -0.0906952918 4.50333118e-07
vn 0.995879054 -0.0906917676 1.37247434e-06
vn 0.995878637 -0.0906963125 3.31720193e-14
vn 0.995878816 -0.0906935707 1.07754454e-06
vn 0.995878816 -0.0906935856 -1.07754499e-06
vn 0.995878935 -0.0906926394 -9.6500401e-13
vn 0.995878816 -0.0906935707 1.07754454e-06
vn 0.995878935 -0.0906926394 -9.6500401e-13
vn 0.995878816 -0.0906936228 1.0034654e-06
vn 0.995878816 -0.0906935707 1.07754454e-06
vn 0.995878816 -0.0906936228 1.0034654e-06
vn 0.995879054 -0.0906924456 -7.72003555e-13
vn 0.995878816 -0.0906933919 8.19457e-07
vn 0.995878816 -0.0906935707 1.07754454e-06
vn 0.995878696 -0.0906947181 -5.79002287e-13
vn 0.995878816 -0.0906933919 8.19457e-07
vn 0.995878696 -0.0906947181 -5.79002287e-13
vn 0.995878816 -0.0906933844 -8.19457057e-07
vn 0.995878816 -0.0906933919 8.19457e-07
vn 0.995878816 -0.0906933844 -8.19457057e-07
vn 0.995879054 -0.0906920582 -4.58377639e-13
vn 0.995878816 -0.0906933919 8.19457e-07
vn 0.995879054 -0.0906920582 -4.58377639e-13
vn 0.995878935 -0.0906932205 1.00618126e-06
vn 0.995878816 -0.0906933919 8.19457e-07
vn 0.995878935 -0.0906932205 1.00618126e-06
vn 0.995879054 -0.0906924456 -7.72003555e-13
vn 0.995878696 -0.0906945094 -6.27252753e-13
vn 0.995878935 -0.0906933993 -8.19457114e-07
vn 0.995878816 -0.0906935856 -1.07754499e-06
vn 0.995878696 -0.0906945094 -6.27252753e-13
vn 0.995878816 -0.0906935856 -1.07754499e-06
vn 0.995878816 -0.0906935707 1.07754454e-06
vn 0.995878696 -0.0906945094 -6.27252753e-13
vn 0.995878816 -0.0906935707 1.07754454e-06
vn 0.995878816 -0.0906933919 8.19457e-07
vn 0.995878935 -0.090693213 -1.00618172e-06
vn 0.995878935 -0.0906933993 -8.19457114e-07
vn 0.995879054 -0.0906924456 -7.72003555e-13
vn 0.995878935 -0.090693213 -1.00618172e-06
vn 0.995879054 -0.0906924456 -7.72003555e-13
vn 0.995878935 -0.0906932205 1.00618126e-06
vn 0.995878935 -0.090693213 -1.00618172e-06
vn 0.995878935 -0.0906932205 1.00618126e-06
vn 0.995878756 -0.0906939656 -1.01325448e-12
vn 0.995878935 -0.090693213 -1.00618172e-06
vn 0.995878756 -0.0906939656 -1.01325448e-12
vn 0.995878816 -0.0906936824 -3.53663751e-07
vn 0.995878935 -0.090693213 -1.00618172e-06
vn 0.995878816 -0.0906936824 -3.53663751e-07
vn 0.995878756 -0.0906945616 2.89500872e-13
vn 0.995879054 -0.0906920582 2.89501658e-13
vn 0.995878935 -0.0906932056 1.00618149e-06
vn 0.995878935 -0.0906934068 8.19457227e-07
vn 0.995879054 -0.0906920582 2.89501658e-13
vn 0.995878935 -0.0906934068 8.19457227e-07
vn 0.995878935 -0.0906933993 -8.19457114e-07
vn 0.995879054 -0.0906920582 2.89501658e-13
vn 0.995878935 -0.0906933993 -8.19457114e-07
vn 0.995878935 -0.090693213 -1.00618172e-06
vn 0.995878816 -0.090693675 3.53664205e-07
vn 0.995878935 -0.0906932056 1.00618149e-06
vn 0.995878756 -0.0906945616 2.89500872e-13
vn 0.995878816 -0.090693675 3.53664205e-07
vn 0.995878756 -0.0906945616 2.89500872e-13
vn 0.995878816 -0.0906936824 -3.53663751e-07
vn 0.995878816 -0.090693675 3.53664205e-07
vn 0.995878816 -0.0906936824 -3.53663751e-07
vn 0.995878935 -0.0906935558 9.6500466e-13
vn 0.995878816 -0.090693675 3.53664205e-07
vn 0.995878935 -0.0906935558 9.6500466e-13
vn 0.995878994 -0.0906917676 -1.37247548e-06
vn 0.995878816 -0.090693675 3.53664205e-07
vn 0.995878994 -0.0906917676 -1.37247548e-06
vn 0.995879531 -0.0906865522 0
vn 0.995878816 -0.0906939581 0
vn 0.995878816 -0.090693675 -3.53664205e-07
vn 0.995878935 -0.0906932205 -1.00618138e-06
vn 0.995878816 -0.0906939581 0
vn 0.995878935 -0.0906932205 -1.00618138e-06
vn 0.995878935 -0.0906932056 1.00618149e-06
vn 0.995878816 -0.0906939581 0
vn 0.995878935 -0.0906932056 1.00618149e-06
vn 0.995878816 -0.090693675 3.53664205e-07
vn 0.995878994 -0.0906917676 1.37247548e-06
vn 0.995878816 -0.090693675 -3.53664205e-07
vn 0.995879531 -0.0906865522 0
vn 0.995878994 -0.0906917676 1.37247548e-06
vn 0.995879531 -0.0906865522 0
vn 0.995878994 -0.0906917676 -1.37247548e-06
vn 0.995878994 -0.0906917676 1.37247548e-06
vn 0.995878994 -0.0906917676 -1.37247548e-06
vn 0.995878577 -0.090696305 0
vn 0.995878994 -0.0906917676 1.37247548e-06
vn 0.995878577 -0.090696305 0
vn 0.995878756 -0.0906952918 4.50333062e-07
vn 0.995878994 -0.0906917676 1.37247548e-06
vn 0.995878756 -0.0906952918 4.50333062e-07
vn 0.995878577 -0.090696305 0
vn 0.995878816 -0.0906935334 0
vn 0.995878994 -0.0906917676 -1.37247548e-06
vn 0.995878816 -0.0906936601 3.53664177e-07
vn 0.995878816 -0.0906935334 0
vn 0.995878816 -0.0906936601 3.53664177e-07
vn 0.995878816 -0.090693675 -3.53664205e-07
vn 0.995878816 -0.0906935334 0
vn 0.995878816 -0.090693675 -3.53664205e-07
vn 0.995878994 -0.0906917676 1.37247548e-06
vn 0.995878756 -0.0906950831 -3.37481794e-07
vn 0.995878577 -0.090696305 8.44378753e-14
vn 0.995878994 -0.0906917676 -1.37247548e-06
vn 0.995878756 -0.0906950831 -3.37481794e-07
vn 0.995878994 -0.0906917676 -1.37247548e-06
vn 0.995878577 -0.090696305 0
vn 0.995878756 -0.0906950831 -3.37481794e-07
vn 0.995878577 -0.090696305 0
vn 0.995878756 -0.0906952918 4.50333062e-07
vn 0.995879114 -0.0906910598 7.24720792e-07
vn 0.995879114 -0.0906910598 -7.2472011e-07
vn 0.995878696 -0.0906949192 -1.15800512e-12
vn 0.995879114 -0.0906910598 7.24720792e-07
vn 0.995878696 -0.0906949192 -1.15800512e-12
vn 0.995878696 -0.0906950459 1.22014576e-08
vn 0.995879114 -0.0906910598 7.24720792e-07
vn 0.995878696 -0.0906950459 1.22014576e-08
vn 0.995878637 -0.090695627 2.17126203e-13
vn 0.995879471 -0.0906863809 4.0530179e-12
vn 0.995878816 -0.0906937942 5.09817369e-07
vn 0.995879114 -0.0906910598 -7.2472011e-07
vn 0.995879471 -0.0906863809 4.0530179e-12
vn 0.995879114 -0.0906910598 -7.2472011e-07
vn 0.995879114 -0.0906910598 7.24720792e-07
vn 0.995879471 -0.0906863809 4.0530179e-12
vn 0.995879114 -0.0906910598 7.24720792e-07
vn 0.995878875 -0.0906937942 -5.09816971e-07
vn 0.995878816 -0.0906936228 1.00346563e-06
vn 0.995878816 -0.0906936303 -1.00346563e-06
vn 0.995878875 -0.0906924307 0
vn 0.995878816 -0.0906936228 1.00346563e-06
vn 0.995878875 -0.0906924307 0
vn 0.995878816 -0.0906935707 1.07754477e-06
vn 0.995878816 -0.0906936228 1.00346563e-06
vn 0.995878816 -0.0906935707 1.07754477e-06
vn 0.995878935 -0.0906926394 5.79002395e-13
vn 0.995878816 -0.0906936228 1.00346563e-06
vn 0.995878816 -0.0906936228 1.00346563e-06
vn 0.995878696 -0.0906947851 3.86001723e-13
vn 0.995878816 -0.0906936228 1.00346563e-06
vn 0.995878696 -0.0906947851 3.86001723e-13
vn 0.995878816 -0.0906936228 -1.00346551e-06
vn 0.995878816 -0.0906936228 1.00346563e-06
vn 0.995878816 -0.0906936228 -1.00346551e-06
vn 0.995878875 -0.0906924382 3.86001805e-13
vn 0.995878816 -0.0906936228 1.00346563e-06
vn 0.995878875 -0.0906924382 3.86001805e-13
vn 0.995878816 -0.0906935707 1.07754488e-06
vn 0.995878816 -0.0906936228 1.00346563e-06
vn 0.995878816 -0.0906935707 1.07754488e-06
vn 0.995878935 -0.0906926394 0
vn 0.995878696 -0.0906947851 0
vn 0.995878816 -0.0906936228 -1.00346574e-06
vn 0.995878816 -0.0906936303 -1.00346563e-06
vn 0.995878696 -0.0906947851 0
vn 0.995878816 -0.0906936303 -1.00346563e-06
vn 0.995878816 -0.0906936228 1.00346563e-06
vn 0.995878696 -0.0906947851 0
vn 0.995878816 -0.0906936228 1.00346563e-06
vn 0.995878816 -0.0906936228 1.00346563e-06
vn 0.995878816 -0.0906935707 -1.07754488e-06
vn 0.995878816 -0.0906936228 -1.00346574e-06
vn 0.995878935 -0.0906926394 0
vn 0.995878816 -0.0906935707 -1.07754488e-06
vn 0.995878935 -0.0906926394 0
vn 0.995878816 -0.0906935707 1.07754488e-06
vn 0.995878816 -0.0906935707 -1.07754488e-06
vn 0.995878816 -0.0906935707 1.07754488e-06
vn 0.995878696 -0.0906945094 0
vn 0.995878816 -0.0906935707 -1.07754488e-06
vn 0.995878696 -0.0906945094 0
vn 0.995878816 -0.090693377 -8.19457e-07
vn 0.995878816 -0.0906935707 -1.07754488e-06
vn 0.995878816 -0.090693377 -8.19457e-07
vn 0.995878756 -0.0906947255 0
vn 0.995878875 -0.0906924382 0
vn 0.995878816 -0.0906935707 1.07754477e-06
vn 0.995878816 -0.0906936377 1.00346563e-06
vn 0.995878875 -0.0906924382 0
vn 0.995878816 -0.0906936377 1.00346563e-06
vn 0.995878816 -0.0906936228 -1.00346574e-06
vn 0.995878875 -0.0906924382 0
vn 0.995878816 -0.0906936228 -1.00346574e-06
vn 0.995878816 -0.0906935707 -1.07754488e-06
vn 0.995878816 -0.090693377 8.19457e-07
vn 0.995878696 -0.0906945094 8.68503891e-13
vn 0.995878816 -0.0906935707 1.07754477e-06
vn 0.995878816 -0.090693377 8.19457e-07
vn 0.995878816 -0.0906935707 1.07754477e-06
vn 0.995878756 -0.0906947255 0
vn 0.995878816 -0.090693377 8.19457e-07
vn 0.995878756 -0.0906947255 0
vn 0.995878816 -0.090693377 -8.19457e-07
vn 0.995878816 -0.090693377 8.19457e-07
vn 0.995878816 -0.090693377 -8.19457e-07
vn 0.995878994 -0.0906920508 0
vn 0.995878816 -0.090693377 8.19457e-07
vn 0.995878994 -0.0906920508 0
vn 0.995878816 -0.090693213 1.00618149e-06
vn 0.995878816 -0.090693377 8.19457e-07
vn 0.995878816 -0.090693213 1.00618149e-06
vn 0.995878875 -0.0906924382 9.65004552e-13
vn 0.995878696 -0.0906950533 1.22014567e-08
vn 0.995878756 -0.0906947255 0
vn 0.995878816 -0.0906937197 1.22616223e-06
vn 0.995878696 -0.0906950533 1.22014567e-08
vn 0.995878816 -0.0906937197 1.22616223e-06
vn 0.995878696 -0.0906945094 0
vn 0.995878696 -0.0906950533 1.22014567e-08
vn 0.995878696 -0.0906945094 0
vn 0.995878696 -0.0906950459 -1.22014567e-08
vn 0.995879114 -0.0906910598 7.24720621e-07
vn 0.995878816 -0.090693593 0
vn 0.995878875 -0.0906937942 -5.09817994e-07
vn 0.995879114 -0.0906910598 7.24720621e-07
vn 0.995878875 -0.0906937942 -5.09817994e-07
vn 0.995879531 -0.0906863734 0
vn 0.995879114 -0.0906910598 7.24720621e-07
vn 0.995879531 -0.0906863734 0
vn 0.995879114 -0.0906910449 -7.24720508e-07
vn 0.995879114 -0.0906910598 7.24720621e-07
vn 0.995879114 -0.0906910449 -7.24720508e-07
vn 0.995878696 -0.0906949118 0
vn 0.995879114 -0.0906910598 7.24720621e-07
vn 0.995878696 -0.0906949118 0
vn 0.995878696 -0.0906950533 1.22014567e-08
vn 0.995879114 -0.0906910449 -7.24720621e-07
vn 0.995878577 -0.0906956196 0
vn 0.995878696 -0.0906950459 -1.22014567e-08
vn 0.995879114 -0.0906910449 -7.24720621e-07
vn 0.995878696 -0.0906950459 -1.22014567e-08
vn 0.995878696 -0.0906949267 6.7550311e-13
vn 0.995879114 -0.0906910449 -7.24720621e-07
vn 0.995878696 -0.0906949267 6.7550311e-13
vn 0.995879114 -0.0906910449 7.24719712e-07
vn 0.995878875 -0.0906937793 5.09817937e-07
vn 0.995878696 -0.0906945094 4.82502168e-13
vn 0.995878816 -0.0906935707 1.07754477e-06
vn 0.995878875 -0.0906937793 5.09817937e-07
vn 0.995878816 -0.0906935707 1.07754477e-06
vn 0.995878756 -0.0906947255 0
vn 0.995878875 -0.0906937793 5.09817937e-07
vn 0.995878756 -0.0906947255 0
vn 0.995878875 -0.0906937942 -5.09817994e-07
vn 0.995878875 -0.0906937793 5.09817937e-07
vn 0.995878875 -0.0906937942 -5.09817994e-07
vn 0.995878816 -0.090693593 0
vn 0.995878875 -0.0906937793 5.09817937e-07
vn 0.995878816 -0.090693593 0
vn 0.995879114 -0.0906910449 -7.24720621e-07
vn 0.995878875 -0.0906937942 -5.09817539e-07
vn 0.995879471 -0.0906863958 -2.89501344e-12
vn 0.995879114 -0.0906910449 7.24719712e-07
vn 0.995878875 -0.0906937942 -5.09817539e-07
vn 0.995879114 -0.0906910449 7.24719712e-07
vn 0.995878816 -0.090693593 -1.73700529e-12
vn 0.995878875 -0.0906937942 -5.09817539e-07
vn 0.995878816 -0.090693593 -1.73700529e-12
vn 0.995878816 -0.0906937942 5.09817369e-07
vn 0.995878816 -0.0906935781 -1.07754488e-06
vn 0.995878935 -0.0906924456 -7.72003555e-13
vn 0.995878816 -0.0906936154 -1.00346574e-06
vn 0.995878816 -0.0906935781 -1.07754488e-06
vn 0.995878816 -0.0906936154 -1.00346574e-06
vn 0.995878935 -0.0906926394 5.79002395e-13
vn 0.995878816 -0.0906935781 -1.07754488e-06
vn 0.995878935 -0.0906926394 5.79002395e-13
vn 0.995878816 -0.0906935707 1.07754477e-06
vn 0.995878816 -0.0906935781 -1.07754488e-06
vn 0.995878816 -0.0906935707 1.07754477e-06
vn 0.995878696 -0.0906945094 4.82502168e-13
vn 0.995878816 -0.0906935781 -1.07754488e-06
vn 0.995878696 -0.0906945094 4.82502168e-13
vn 0.995878875 -0.0906937942 -5.09817539e-07
vn 0.995878816 -0.0906935707 1.07754465e-06
vn 0.995878696 -0.0906947181 -5.30752092e-13
vn 0.995878816 -0.0906937942 5.09817369e-07
vn 0.995878816 -0.0906935707 1.07754465e-06
vn 0.995878816 -0.0906937942 5.09817369e-07
vn 0.995878696 -0.0906945094 -5.79002558e-13
vn 0.995878816 -0.0906935707 1.07754465e-06
vn 0.995878696 -0.0906945094 -5.79002558e-13
vn 0.995878816 -0.0906935781 -1.07754499e-06
vn 0.995878816 -0.0906936303 1.00346529e-06
vn 0.995878696 -0.0906947851 -5.30752363e-13
vn 0.995878816 -0.0906936228 1.0034654e-06
vn 0.995878816 -0.0906936303 1.00346529e-06
vn 0.995878816 -0.0906936228 1.0034654e-06
vn 0.995878696 -0.0906947851 -5.30752363e-13
vn 0.995878816 -0.0906936303 1.00346529e-06
vn 0.995878696 -0.0906947851 -5.30752363e-13
vn 0.995878816 -0.0906936154 -1.00346574e-06
vn 0.995878816 -0.0906936303 1.00346529e-06
vn 0.995878816 -0.0906936154 -1.00346574e-06
vn 0.995878935 -0.0906924456 -7.72003555e-13
vn 0.995878816 -0.0906936303 1.00346529e-06
vn 0.995878935 -0.0906924456 -7.72003555e-13
vn 0.995878816 -0.0906935707 1.07754465e-06
vn 0.995878816 -0.0906936154 -1.00346574e-06
vn 0.995878935 -0.0906926394 5.307522e-13
vn 0.995878816 -0.0906935707 -1.07754488e-06
vn 0.995878816 -0.0906936154 -1.00346574e-06
vn 0.995878816 -0.0906935707 -1.07754488e-06
vn 0.995879054 -0.0906924456 -7.72003555e-13
vn 0.995878816 -0.0906936154 -1.00346574e-06
vn 0.995879054 -0.0906924456 -7.72003555e-13
vn 0.995878816 -0.0906936228 1.0034654e-06
vn 0.995878816 -0.0906936154 -1.00346574e-06
vn 0.995878816 -0.0906936228 1.0034654e-06
vn 0.995878696 -0.0906947851 -5.30752363e-13
vn 0.995878816 -0.0906936154 -1.00346574e-06
vn 0.995878696 -0.0906947851 -5.30752363e-13
vn 0.995878816 -0.0906936377 -1.00346574e-06
vn 0.995878816 -0.0906936154 -1.00346574e-06
vn 0.995878816 -0.0906936377 -1.00346574e-06
vn 0.995878696 -0.0906947851 2.89501279e-13
vn 0.995878816 -0.0906940624 -1.40027373e-06
vn 0.995878935 -0.0906926394 9.6500401e-13
vn 0.995878816 -0.0906937122 -1.22616211e-06
vn 0.995878816 -0.0906940624 -1.40027373e-06
vn 0.995878816 -0.0906937122 -1.22616211e-06
vn 0.995878816 -0.0906935334 1.737008e-12
vn 0.995878816 -0.0906940624 -1.40027373e-06
vn 0.995878816 -0.0906935334 1.737008e-12
vn 0.995878816 -0.0906940773 1.4002743e-06
vn 0.995878816 -0.0906940624 -1.40027373e-06
vn 0.995878816 -0.0906940773 1.4002743e-06
vn 0.995878696 -0.0906947181 5.30752092e-13
vn 0.995878816 -0.0906940624 -1.40027373e-06
vn 0.995878696 -0.0906947181 5.30752092e-13
vn 0.995878816 -0.090693593 -1.0760989e-06
vn 0.995878816 -0.0906940624 -1.40027373e-06
vn 0.995878816 -0.090693593 -1.0760989e-06
vn 0.995878696 -0.0906945094 6.27252807e-13
vn 0.995878816 -0.0906946436 1.65449876e-09
vn 0.995878696 -0.0906946287 -1.65448621e-09
vn 0.995878696 -0.0906946063 3.86001615e-13
vn 0.995878816 -0.0906946436 1.65449876e-09
vn 0.995878696 -0.0906946063 3.86001615e-13
vn 0.995878816 -0.0906938687 -1.25622933e-06
vn 0.995878816 -0.0906946436 1.65449876e-09
vn 0.995878816 -0.0906938687 -1.25622933e-06
vn 0.995878756 -0.0906946212 -6.27252699e-13
vn 0.995878875 -0.090693675 1.02056254e-06
vn 0.995878816 -0.0906946436 1.65449876e-09
vn 0.995878696 -0.0906947553 5.79002449e-13
vn 0.995878875 -0.090693675 1.02056254e-06
vn 0.995878696 -0.0906947553 5.79002449e-13
vn 0.995878875 -0.0906936601 -1.02056231e-06
vn 0.995878875 -0.090693675 1.02056254e-06
vn 0.995878875 -0.0906936601 -1.02056231e-06
vn 0.995879054 -0.0906925797 7.72003555e-13
vn 0.995878875 -0.090693675 1.02056254e-06
vn 0.995879054 -0.0906925797 7.72003555e-13
vn 0.995878816 -0.090693593 1.07609924e-06
vn 0.995878875 -0.090693675 1.02056254e-06
vn 0.995878816 -0.090693593 1.07609924e-06
vn 0.995878935 -0.0906926915 -6.27252753e-13
vn 0.995878696 -0.0906946436 -3.37751501e-13
vn 0.995878875 -0.0906936675 -1.02056254e-06
vn 0.995878696 -0.0906946287 -1.65448621e-09
vn 0.995878696 -0.0906946436 -3.37751501e-13
vn 0.995878696 -0.0906946287 -1.65448621e-09
vn 0.995878816 -0.0906946436 1.65449876e-09
vn 0.995878696 -0.0906946436 -3.37751501e-13
vn 0.995878816 -0.0906946436 1.65449876e-09
vn 0.995878875 -0.090693675 1.02056254e-06
vn 0.995878816 -0.0906936005 -1.07609935e-06
vn 0.995878875 -0.0906936675 -1.02056254e-06
vn 0.995878935 -0.0906926915 -6.27252753e-13
vn 0.995878816 -0.0906936005 -1.07609935e-06
vn 0.995878935 -0.0906926915 -6.27252753e-13
vn 0.995878816 -0.090693593 1.07609924e-06
vn 0.995878816 -0.0906936005 -1.07609935e-06
vn 0.995878816 -0.090693593 1.07609924e-06
vn 0.995878696 -0.0906945094 -4.82502168e-13
vn 0.995878816 -0.0906936005 -1.07609935e-06
vn 0.995878696 -0.0906945094 -4.82502168e-13
vn 0.995878816 -0.0906940699 -1.40027419e-06
vn 0.995878816 -0.0906936005 -1.07609935e-06
vn 0.995878816 -0.0906940699 -1.40027419e-06
vn 0.995878756 -0.0906947255 0
vn 0.995878935 -0.0906925797 0
vn 0.995878816 -0.0906936005 1.07609935e-06
vn 0.995878875 -0.0906936675 1.02056254e-06
vn 0.995878935 -0.0906925797 0
vn 0.995878875 -0.0906936675 1.02056254e-06
vn 0.995878875 -0.0906936675 -1.02056254e-06
vn 0.995878935 -0.0906925797 0
vn 0.995878875 -0.0906936675 -1.02056254e-06
vn 0.995878816 -0.0906936005 -1.07609935e-06
vn 0.995878816 -0.0906940699 1.40027419e-06
vn 0.995878696 -0.0906945094 0
vn 0.995878816 -0.0906936005 1.07609935e-06
vn 0.995878816 -0.0906940699 1.40027419e-06
vn 0.995878816 -0.0906936005 1.07609935e-06
vn 0.995878756 -0.0906947255 0
vn 0.995878816 -0.0906940699 1.40027419e-06
vn 0.995878756 -0.0906947255 0
vn 0.995878816 -0.0906940699 -1.40027419e-06
vn 0.995878816 -0.0906940699 1.40027419e-06
vn 0.995878816 -0.0906940699 -1.40027419e-06
vn 0.995878816 -0.0906935334 0
vn 0.995878816 -0.0906940699 1.40027419e-06
vn 0.995878816 -0.0906935334 0
vn 0.995878816 -0.0906937197 1.22616223e-06
vn 0.995878816 -0.0906940699 1.40027419e-06
vn 0.995878816 -0.0906937197 1.22616223e-06
vn 0.995878935 -0.0906926394 0
vn 0.995878816 -0.0906936824 -1.22742483e-06
vn 0.995878816 -0.0906936601 0
vn 0.995878816 -0.0906940922 -1.45007368e-06
vn 0.995878816 -0.0906936824 -1.22742483e-06
vn 0.995878816 -0.0906940922 -1.45007368e-06
vn 0.995878935 -0.090692617 0
vn 0.995878816 -0.0906936824 -1.22742483e-06
vn 0.995878935 -0.090692617 0
vn 0.995878816 -0.0906936899 1.22742483e-06
vn 0.995878875 -0.0906938687 1.25622898e-06
vn 0.995878696 -0.0906946212 -5.79002449e-13
vn 0.995878696 -0.0906946287 -1.65447411e-09
vn 0.995878875 -0.0906938687 1.25622898e-06
vn 0.995878696 -0.0906946287 -1.65447411e-09
vn 0.995878756 -0.0906946212 -6.27252699e-13
vn 0.995878875 -0.0906938687 1.25622898e-06
vn 0.995878756 -0.0906946212 -6.27252699e-13
vn 0.995878816 -0.0906938687 -1.25622933e-06
vn 0.995878875 -0.0906938687 1.25622898e-06
vn 0.995878816 -0.0906938687 -1.25622933e-06
vn 0.995878935 -0.0906931907 -1.25450757e-12
vn 0.995878875 -0.0906938687 1.25622898e-06
vn 0.995878935 -0.0906931907 -1.25450757e-12
vn 0.995878816 -0.0906940475 9.89083674e-07
vn 0.995878875 -0.0906938687 1.25622898e-06
vn 0.995878816 -0.0906940475 9.89083674e-07
vn 0.995878935 -0.0906926766 -8.68503728e-13
vn 0.995878816 -0.0906940922 -1.44171042e-06
vn 0.995878816 -0.0906940773 1.4417102e-06
vn 0.995878696 -0.0906946361 3.86001723e-13
vn 0.995878816 -0.0906940922 -1.44171042e-06
vn 0.995878696 -0.0906946361 3.86001723e-13
vn 0.995878875 -0.0906936899 -1.22742495e-06
vn 0.995878816 -0.0906940922 -1.44171042e-06
vn 0.995878875 -0.0906936899 -1.22742495e-06
vn 0.995878756 -0.0906946957 -6.75502948e-13
vn 0.995878816 -0.0906940475 -1.03675643e-06
vn 0.995878816 -0.0906940922 -1.44171042e-06
vn 0.995878935 -0.0906925425 -9.16753977e-13
vn 0.995878816 -0.0906940475 -1.03675643e-06
vn 0.995878935 -0.0906925425 -9.16753977e-13
vn 0.995878816 -0.090694055 1.0367562e-06
vn 0.995878816 -0.0906940475 -1.03675643e-06
vn 0.995878816 -0.090694055 1.0367562e-06
vn 0.995878637 -0.0906954333 -3.13626295e-13
vn 0.995878816 -0.0906940475 -1.03675643e-06
vn 0.995878637 -0.0906954333 -3.13626295e-13
vn 0.995878816 -0.090694055 -9.89083901e-07
vn 0.995878816 -0.0906940475 -1.03675643e-06
vn 0.995878816 -0.090694055 -9.89083901e-07
vn 0.995878696 -0.0906953514 2.89501333e-13
vn 0.995878816 -0.0906936377 1.06150462e-12
vn 0.995878875 -0.0906940475 1.03675632e-06
vn 0.995878816 -0.0906940773 1.4417102e-06
vn 0.995878816 -0.0906936377 1.06150462e-12
vn 0.995878816 -0.0906940773 1.4417102e-06
vn 0.995878816 -0.0906940922 -1.44171042e-06
vn 0.995878816 -0.0906936377 1.06150462e-12
vn 0.995878816 -0.0906940922 -1.44171042e-06
vn 0.995878816 -0.0906940475 -1.03675643e-06
vn 0.995878816 -0.0906940475 9.89083787e-07
vn 0.995878875 -0.0906940475 1.03675632e-06
vn 0.995878696 -0.0906953514 2.89501333e-13
vn 0.995878816 -0.0906940475 9.89083787e-07
vn 0.995878696 -0.0906953514 2.89501333e-13
vn 0.995878816 -0.090694055 -9.89083901e-07
vn 0.995878816 -0.0906940475 9.89083787e-07
vn 0.995878816 -0.090694055 -9.89083901e-07
vn 0.995878935 -0.0906926766 6.27252753e-13
vn 0.995878816 -0.0906940475 9.89083787e-07
vn 0.995878935 -0.0906926766 6.27252753e-13
vn 0.995878816 -0.0906938761 1.25622944e-06
vn 0.995878816 -0.0906940475 9.89083787e-07
vn 0.995878816 -0.0906938761 1.25622944e-06
vn 0.995878875 -0.0906931832 0
vn 0.995878756 -0.0906954408 4.82502086e-14
vn 0.995878816 -0.0906940475 -9.89083787e-07
vn 0.995878875 -0.0906940475 -1.03675632e-06
vn 0.995878756 -0.0906954408 4.82502086e-14
vn 0.995878875 -0.0906940475 -1.03675632e-06
vn 0.995878875 -0.0906940475 1.03675632e-06
vn 0.995878756 -0.0906954408 4.82502086e-14
vn 0.995878875 -0.0906940475 1.03675632e-06
vn 0.995878816 -0.0906940475 9.89083787e-07
vn 0.995878816 -0.0906938761 -1.25622933e-06
vn 0.995878875 -0.0906926841 0
vn 0.995878816 -0.0906940475 -9.89083787e-07
vn 0.995878816 -0.0906938761 -1.25622933e-06
vn 0.995878816 -0.0906940475 -9.89083787e-07
vn 0.995878875 -0.0906931832 0
vn 0.995878816 -0.0906938761 -1.25622933e-06
vn 0.995878875 -0.0906931832 0
vn 0.995878816 -0.0906938761 1.25622944e-06
vn 0.995878816 -0.0906938761 -1.25622933e-06
vn 0.995878816 -0.0906938761 1.25622944e-06
vn 0.995878696 -0.0906945989 0
vn 0.995878816 -0.0906938761 -1.25622933e-06
vn 0.995878696 -0.0906945989 0
vn 0.995878696 -0.0906946361 1.65452241e-09
vn 0.995878816 -0.0906938761 -1.25622933e-06
vn 0.995878696 -0.0906946361 1.65452241e-09
vn 0.995878696 -0.0906945989 4.82502018e-14
vn 0.995878935 -0.0906929746 7.04484933e-08
vn 0.995879531 -0.090686366 -2.31601023e-12
vn 0.995879114 -0.0906907693 1.14388456e-06
vn 0.995878935 -0.0906929746 7.04484933e-08
vn 0.995879114 -0.0906907693 1.14388456e-06
vn 0.995878994 -0.0906918719 -4.82502113e-13
vn 0.995878935 -0.0906929746 7.04484933e-08
vn 0.995878994 -0.0906918719 -4.82502113e-13
vn 0.995878935 -0.0906929672 -7.04485998e-08
vn 0.995878935 -0.0906929746 7.04484933e-08
vn 0.995878935 -0.0906929672 -7.04485998e-08
vn 0.995878756 -0.0906946138 -7.2375298e-13
vn 0.995878935 -0.0906929746 7.04484933e-08
vn 0.995878756 -0.0906946138 -7.2375298e-13
vn 0.995878816 -0.0906936079 -1.05204037e-06
vn 0.995878935 -0.0906929746 7.04484933e-08
vn 0.995878816 -0.0906936079 -1.05204037e-06
vn 0.995878756 -0.0906946212 4.82502059e-13
vn 0.995878875 -0.0906936079 1.05204037e-06
vn 0.995878756 -0.0906946287 0
vn 0.995878935 -0.0906929672 -7.04481664e-08
vn 0.995878875 -0.0906936079 1.05204037e-06
vn 0.995878935 -0.0906929672 -7.04481664e-08
vn 0.995878756 -0.0906946212 4.82502059e-13
vn 0.995878875 -0.0906936079 1.05204037e-06
vn 0.995878756 -0.0906946212 4.82502059e-13
vn 0.995878816 -0.0906936079 -1.05204037e-06
vn 0.995878816 -0.090693593 1.04829428e-06
vn 0.995878696 -0.0906946287 3.86001696e-13
vn 0.995878816 -0.0906940922 1.4500738e-06
vn 0.995878816 -0.090693593 1.04829428e-06
vn 0.995878816 -0.0906940922 1.4500738e-06
vn 0.995878696 -0.0906946361 0
vn 0.995878816 -0.090693593 1.04829428e-06
vn 0.995878696 -0.0906946361 0
vn 0.995878875 -0.090693593 -1.04829417e-06
vn 0.995878816 -0.090693593 1.04829428e-06
vn 0.995878875 -0.090693593 -1.04829417e-06
vn 0.995879054 -0.0906925723 0
vn 0.995878816 -0.090693593 1.04829428e-06
vn 0.995879054 -0.0906925723 0
vn 0.995878875 -0.0906936079 1.05204037e-06
vn 0.995878875 -0.090693593 -1.04829428e-06
vn 0.995878935 -0.0906925946 6.75502948e-13
vn 0.995878816 -0.0906936079 -1.05204037e-06
vn 0.995878875 -0.090693593 -1.04829428e-06
vn 0.995878816 -0.0906936079 -1.05204037e-06
vn 0.995878935 -0.0906925574 -8.68503837e-13
vn 0.995878875 -0.090693593 -1.04829428e-06
vn 0.995878935 -0.0906925574 -8.68503837e-13
vn 0.995878816 -0.0906936079 1.04829405e-06
vn 0.995878816 -0.0906940997 -1.45007391e-06
vn 0.995878935 -0.0906926095 -9.16753977e-13
vn 0.995878875 -0.0906936899 -1.22742495e-06
vn 0.995878816 -0.0906940997 -1.45007391e-06
vn 0.995878875 -0.0906936899 -1.22742495e-06
vn 0.995878816 -0.0906936601 1.15800533e-12
vn 0.995878816 -0.0906940997 -1.45007391e-06
vn 0.995878816 -0.0906936601 1.15800533e-12
vn 0.995878816 -0.0906940922 1.4500738e-06
vn 0.995878816 -0.0906940997 -1.45007391e-06
vn 0.995878816 -0.0906940922 1.4500738e-06
vn 0.995878696 -0.0906946287 3.86001696e-13
vn 0.995878816 -0.0906940997 -1.45007391e-06
vn 0.995878696 -0.0906946287 3.86001696e-13
vn 0.995878875 -0.090693593 -1.04829428e-06
vn 0.995878816 -0.0906936824 1.2274246e-06
vn 0.995878756 -0.0906946361 -6.75502948e-13
vn 0.995878816 -0.0906940848 1.44170997e-06
vn 0.995878816 -0.0906936824 1.2274246e-06
vn 0.995878816 -0.0906940848 1.44170997e-06
vn 0.995878756 -0.0906946957 -6.75502948e-13
vn 0.995878816 -0.0906936824 1.2274246e-06
vn 0.995878756 -0.0906946957 -6.75502948e-13
vn 0.995878875 -0.0906936899 -1.22742495e-06
vn 0.995878816 -0.0906936824 1.2274246e-06
vn 0.995878875 -0.0906936899 -1.22742495e-06
vn 0.995878935 -0.0906926095 -9.16753977e-13
vn 0.995878816 -0.0906936824 1.2274246e-06
vn 0.995878935 -0.0906926095 -9.16753977e-13
vn 0.995878816 -0.0906940922 1.45007346e-06
vn 0.995878816 -0.0906936824 1.2274246e-06
vn 0.995878816 -0.0906940922 1.45007346e-06
vn 0.995878756 -0.0906936601 -1.93000867e-12
vn 0.995878637 -0.0906953961 3.77548247e-07
vn 0.995878637 -0.0906953961 -3.77548247e-07
vn 0.995878637 -0.090696156 0
vn 0.995878637 -0.0906953961 3.77548247e-07
vn 0.995878637 -0.090696156 0
vn 0.995878875 -0.0906941593 -8.67820916e-07
vn 0.995878637 -0.0906953961 3.77548247e-07
vn 0.995878875 -0.0906941593 -8.67820916e-07
vn 0.995878637 -0.0906961635 -4.22189342e-14
vn 0.995879114 -0.0906907618 -1.14388524e-06
vn 0.995878756 -0.0906946436 0
vn 0.995878637 -0.0906953961 3.77548247e-07
vn 0.995879114 -0.0906907618 -1.14388524e-06
vn 0.995878637 -0.0906953961 3.77548247e-07
vn 0.995878696 -0.0906946436 3.86001696e-13
vn 0.995879114 -0.0906907618 -1.14388524e-06
vn 0.995878696 -0.0906946436 3.86001696e-13
vn 0.995879114 -0.0906907693 1.14388456e-06
vn 0.995879114 -0.0906907618 -1.14388524e-06
vn 0.995879114 -0.0906907693 1.14388456e-06
vn 0.995879531 -0.090686366 -2.31601023e-12
vn 0.995879114 -0.0906907618 -1.14388524e-06
vn 0.995879531 -0.090686366 -2.31601023e-12
vn 0.995878935 -0.0906929672 -7.04481664e-08
vn 0.995879114 -0.0906907618 -1.14388524e-06
vn 0.995878935 -0.0906929672 -7.04481664e-08
vn 0.995878994 -0.090691857 0
vn 0.995878875 -0.0906929672 7.04481593e-08
vn 0.995879531 -0.090686366 0
vn 0.995879114 -0.0906907693 1.14388524e-06
vn 0.995878875 -0.0906929672 7.04481593e-08
vn 0.995879114 -0.0906907693 1.14388524e-06
vn 0.995878994 -0.090691857 0
vn 0.995878875 -0.0906929672 7.04481593e-08
vn 0.995878994 -0.090691857 0
vn 0.995878935 -0.0906929672 -7.04481664e-08
vn 0.995878875 -0.0906929672 7.04481593e-08
vn 0.995878935 -0.0906929672 -7.04481664e-08
vn 0.995878756 -0.0906946287 0
vn 0.995878875 -0.0906929672 7.04481593e-08
vn 0.995878756 -0.0906946287 0
vn 0.995878875 -0.0906936079 -1.05204037e-06
vn 0.995878875 -0.0906929672 7.04481593e-08
vn 0.995878875 -0.0906936079 -1.05204037e-06
vn 0.995878756 -0.0906946287 0
vn 0.995878816 -0.0906941667 8.67820916e-07
vn 0.995878637 -0.0906961709 7.23753129e-14
vn 0.995878696 -0.0906954259 -3.77548361e-07
vn 0.995878816 -0.0906941667 8.67820916e-07
vn 0.995878696 -0.0906954259 -3.77548361e-07
vn 0.995878637 -0.0906961635 -4.22189342e-14
vn 0.995878816 -0.0906941667 8.67820916e-07
vn 0.995878637 -0.0906961635 -4.22189342e-14
vn 0.995878875 -0.0906941593 -8.67820916e-07
vn 0.995878637 -0.090695411 3.77548218e-07
vn 0.995878756 -0.0906946436 -5.79002503e-13
vn 0.995879114 -0.0906907767 -1.14388433e-06
vn 0.995878637 -0.090695411 3.77548218e-07
vn 0.995879114 -0.0906907767 -1.14388433e-06
vn 0.995878756 -0.0906946585 -6.75502948e-13
vn 0.995878637 -0.090695411 3.77548218e-07
vn 0.995878756 -0.0906946585 -6.75502948e-13
vn 0.995878696 -0.0906954259 -3.77548361e-07
vn 0.995878637 -0.090695411 3.77548218e-07
vn 0.995878696 -0.0906954259 -3.77548361e-07
vn 0.995878637 -0.0906961709 7.23753129e-14
vn 0.995878637 -0.090695411 3.77548218e-07
vn 0.995878637 -0.0906961709 7.23753129e-14
vn 0.995878816 -0.0906941742 -8.67820802e-07
vn 0.995878637 -0.090695411 3.77548218e-07
vn 0.995878816 -0.0906941742 -8.67820802e-07
vn 0.995878637 -0.0906961635 7.23753129e-14
vn 0.995879114 -0.0906895697 5.88368607e-07
vn 0.99587965 -0.0906843841 -0
vn 0.995879412 -0.0906874835 -4.06152111e-07
vn 0.995879114 -0.0906895697 5.88368607e-07
vn 0.995879412 -0.0906874835 -4.06152111e-07
vn 0.995878935 -0.0906933025 5.3660937e-08
vn 0.995879114 -0.0906895697 5.88368607e-07
vn 0.995878935 -0.0906933025 5.3660937e-08
vn 0.995878756 -0.0906952992 -9.69699272e-07
vn 0.995878696 -0.0906952024 1.03028251e-05
vn 0.995879114 -0.0906895697 5.88368607e-07
vn 0.995878756 -0.0906952992 -9.69699272e-07
vn 0.995878696 -0.0906952024 1.03028251e-05
vn 0.995878756 -0.0906952992 -9.69699272e-07
vn 0.995878637 -0.0906952322 -1.74982642e-06
vn 0.995878696 -0.0906952024 1.03028251e-05
vn 0.995878637 -0.0906952322 -1.74982642e-06
vn 0.995878696 -0.0906947628 -7.45164925e-07
vn 0.995878696 -0.0906952024 1.03028251e-05
vn 0.995878696 -0.0906947628 -7.45164925e-07
vn 0.995878637 -0.0906956866 2.26764496e-05
vn 0.995879054 -0.090691641 -1.80144025e-06
vn 0.995878637 -0.0906952322 -1.74982642e-06
vn 0.995878756 -0.0906952992 -9.69699272e-07
vn 0.995879054 -0.090691641 -1.80144025e-06
vn 0.995878756 -0.0906952992 -9.69699272e-07
vn 0.995878637 -0.0906963125 3.31720193e-14
vn 0.995879054 -0.090691641 -1.80144025e-06
vn 0.995878637 -0.0906963125 3.31720193e-14
vn 0.995879054 -0.0906917676 1.37247434e-06
vn 0.995879054 -0.090691641 -1.80144025e-06
vn 0.995879054 -0.0906917676 1.37247434e-06
vn 0.995879471 -0.0906865373 -1.93001084e-12
vn 0.995879054 -0.090691641 -1.80144025e-06
vn 0.995879471 -0.0906865373 -1.93001084e-12
vn 0.995878875 -0.0906926692 -1.46924663e-06
vn 0.995878935 -0.0906931609 7.46093178e-07
vn 0.995878816 -0.0906943083 -2.28807835e-07
vn 0.995878875 -0.0906926692 -1.46924663e-06
vn 0.995878935 -0.0906931609 7.46093178e-07
vn 0.995878875 -0.0906926692 -1.46924663e-06
vn 0.995878816 -0.0906939656 4.82502222e-13
vn 0.995878935 -0.0906931609 7.46093178e-07
vn 0.995878816 -0.0906939656 4.82502222e-13
vn 0.995878875 -0.0906932205 -1.00618126e-06
vn 0.995878935 -0.0906931609 7.46093178e-07
vn 0.995878875 -0.0906932205 -1.00618126e-06
vn 0.995878935 -0.0906924456 3.86001777e-13
vn 0.995878935 -0.0906931609 7.46093178e-07
vn 0.995878935 -0.0906924456 3.86001777e-13
vn 0.995878935 -0.0906927586 -9.59430054e-07
vn 0.995878935 -0.090693377 5.06258402e-07
vn 0.995878756 -0.0906943306 8.26280939e-07
vn 0.995878935 -0.0906927586 -9.59430054e-07
vn 0.995878935 -0.090693377 5.06258402e-07
vn 0.995878935 -0.0906927586 -9.59430054e-07
vn 0.995878696 -0.0906945169 3.37751474e-13
vn 0.995878935 -0.090693377 5.06258402e-07
vn 0.995878696 -0.0906945169 3.37751474e-13
vn 0.995878816 -0.0906935707 -1.07754488e-06
vn 0.995878935 -0.090693377 5.06258402e-07
vn 0.995878816 -0.0906935707 -1.07754488e-06
vn 0.995878935 -0.0906926394 5.307522e-13
vn 0.995878935 -0.090693377 5.06258402e-07
vn 0.995878935 -0.0906926394 5.307522e-13
vn 0.995878935 -0.0906921327 -4.01583156e-06
vn 0.995878816 -0.0906933323 3.47677172e-07
vn 0.995878756 -0.0906943008 1.29784814e-06
vn 0.995878935 -0.0906921327 -4.01583156e-06
vn 0.995878816 -0.0906933323 3.47677172e-07
vn 0.995878935 -0.0906921327 -4.01583156e-06
vn 0.995878696 -0.0906947851 2.89501279e-13
vn 0.995878816 -0.0906933323 3.47677172e-07
vn 0.995878696 -0.0906947851 2.89501279e-13
vn 0.995878816 -0.0906936377 -1.00346574e-06
vn 0.995878816 -0.0906933323 3.47677172e-07
vn 0.995878816 -0.0906936377 -1.00346574e-06
vn 0.995878935 -0.0906924456 3.86001777e-13
vn 0.995878816 -0.0906933323 3.47677172e-07
vn 0.995878935 -0.0906924456 3.86001777e-13
vn 0.995878696 -0.0906946361 -1.834873e-05
vn 0.995878816 -0.0906941295 -8.13214285e-07
vn 0.995878518 -0.0906981602 -1.16653491e-05
vn 0.995878696 -0.0906946361 -1.834873e-05
vn 0.995878816 -0.0906941295 -8.13214285e-07
vn 0.995878696 -0.0906946361 -1.834873e-05
vn 0.995878756 -0.0906947255 2.653761e-13
vn 0.995878816 -0.0906941295 -8.13214285e-07
vn 0.995878756 -0.0906947255 2.653761e-13
vn 0.995878875 -0.0906937942 -5.09816971e-07
vn 0.995878816 -0.0906941295 -8.13214285e-07
vn 0.995878875 -0.0906937942 -5.09816971e-07
vn 0.995878816 -0.0906936005 6.7550208e-13
vn 0.995878816 -0.0906941295 -8.13214285e-07
vn 0.995878816 -0.0906936005 6.7550208e-13
vn 0.995878696 -0.0906951055 -4.82903197e-05
vn 0.995878756 -0.0906948149 -9.53391975e-07
vn 0.995878398 -0.0906982571 -9.16202134e-06
vn 0.995878696 -0.0906951055 -4.82903197e-05
vn 0.995878756 -0.0906948149 -9.53391975e-07
vn 0.995878696 -0.0906951055 -4.82903197e-05
vn 0.995878637 -0.090695627 2.17126203e-13
vn 0.995878756 -0.0906948149 -9.53391975e-07
vn 0.995878637 -0.090695627 2.17126203e-13
vn 0.995878696 -0.0906950459 1.22014576e-08
vn 0.995878756 -0.0906948149 -9.53391975e-07
vn 0.995878696 -0.0906950459 1.22014576e-08
vn 0.995878816 -0.0906941071 4.10713767e-07
vn 0.995878756 -0.0906948149 -9.53391975e-07
vn 0.995878816 -0.0906941071 4.10713767e-07
vn 0.995878875 -0.0906934664 -1.37958352e-06
vn 0.995878756 -0.0906948149 -9.53391975e-07
vn 0.995878875 -0.0906934664 -1.37958352e-06
vn 0.995878935 -0.0906929299 -3.29034901e-06
vn 0.995878816 -0.0906937048 1.22616223e-06
vn 0.995878816 -0.0906941071 4.10713767e-07
vn 0.995878696 -0.0906950459 1.22014576e-08
vn 0.995878816 -0.0906937048 1.22616223e-06
vn 0.995878696 -0.0906950459 1.22014576e-08
vn 0.995878696 -0.0906947181 5.30752092e-13
vn 0.995878816 -0.0906937048 1.22616223e-06
vn 0.995878696 -0.0906947181 5.30752092e-13
vn 0.995878816 -0.0906937122 -1.22616211e-06
vn 0.995878816 -0.0906937048 1.22616223e-06
vn 0.995878816 -0.0906937122 -1.22616211e-06
vn 0.995878935 -0.0906926394 9.6500401e-13
vn 0.995878816 -0.0906937048 1.22616223e-06
vn 0.995878935 -0.0906926394 9.6500401e-13
vn 0.995878816 -0.0906940773 1.40027453e-06
vn 0.995878816 -0.0906937048 1.22616223e-06
vn 0.995878816 -0.0906940773 1.40027453e-06
vn 0.995878816 -0.0906935558 -1.45242729e-09
vn 0.995878816 -0.0906934515 -1.94447239e-06
vn 0.995879114 -0.0906910896 1.41610951e-06
vn 0.995878994 -0.0906919912 -1.89524394e-06
vn 0.995878816 -0.0906934515 -1.94447239e-06
vn 0.995878994 -0.0906919912 -1.89524394e-06
vn 0.995878816 -0.0906935558 -1.45242729e-09
vn 0.995878816 -0.0906934515 -1.94447239e-06
vn 0.995878816 -0.0906935558 -1.45242729e-09
vn 0.995878816 -0.0906940773 1.40027453e-06
vn 0.995878816 -0.0906934515 -1.94447239e-06
vn 0.995878816 -0.0906940773 1.40027453e-06
vn 0.995878816 -0.0906944498 2.69968552e-07
vn 0.995878816 -0.0906934515 -1.94447239e-06
vn 0.995878816 -0.0906944498 2.69968552e-07
vn 0.995878875 -0.0906936005 -3.52415009e-06
vn 0.995878816 -0.0906934515 -1.94447239e-06
vn 0.995878875 -0.0906936005 -3.52415009e-06
vn 0.995878935 -0.0906920135 -1.05411773e-05
vn 0.995878816 -0.090693593 1.07609912e-06
vn 0.995878816 -0.0906944498 2.69968552e-07
vn 0.995878816 -0.0906940773 1.40027453e-06
vn 0.995878816 -0.090693593 1.07609912e-06
vn 0.995878816 -0.0906940773 1.40027453e-06
vn 0.995878696 -0.0906945094 6.27252807e-13
vn 0.995878816 -0.090693593 1.07609912e-06
vn 0.995878696 -0.0906945094 6.27252807e-13
vn 0.995878816 -0.090693593 -1.0760989e-06
vn 0.995878816 -0.090693593 1.07609912e-06
vn 0.995878816 -0.090693593 -1.0760989e-06
vn 0.995878935 -0.0906926766 8.68503728e-13
vn 0.995878816 -0.090693593 1.07609912e-06
vn 0.995878935 -0.0906926766 8.68503728e-13
vn 0.995878816 -0.090693675 1.02056254e-06
vn 0.995878816 -0.090693593 1.07609912e-06
vn 0.995878816 -0.090693675 1.02056254e-06
vn 0.995878935 -0.0906928033 2.17151992e-07
vn 0.995878816 -0.0906936526 -2.4630242e-06
vn 0.995878935 -0.0906923264 4.75897565e-07
vn 0.995878875 -0.0906925797 -7.14017347e-07
vn 0.995878816 -0.0906936526 -2.4630242e-06
vn 0.995878875 -0.0906925797 -7.14017347e-07
vn 0.995878935 -0.0906928033 2.17151992e-07
vn 0.995878816 -0.0906936526 -2.4630242e-06
vn 0.995878935 -0.0906928033 2.17151992e-07
vn 0.995878816 -0.090693675 1.02056254e-06
vn 0.995878816 -0.0906936526 -2.4630242e-06
vn 0.995878816 -0.090693675 1.02056254e-06
vn 0.995878696 -0.0906948596 -1.15677231e-07
vn 0.995878816 -0.0906936526 -2.4630242e-06
vn 0.995878696 -0.0906948596 -1.15677231e-07
vn 0.995878756 -0.0906949937 -4.75661409e-06
vn 0.995878816 -0.0906936526 -2.4630242e-06
vn 0.995878756 -0.0906949937 -4.75661409e-06
vn 0.995878935 -0.0906933472 -1.49132356e-05
vn 0.995878816 -0.0906946436 1.65449876e-09
vn 0.995878696 -0.0906948596 -1.15677231e-07
vn 0.995878816 -0.090693675 1.02056254e-06
vn 0.995878816 -0.0906946436 1.65449876e-09
vn 0.995878816 -0.090693675 1.02056254e-06
vn 0.995878696 -0.0906946436 5.79002558e-13
vn 0.995878816 -0.0906946436 1.65449876e-09
vn 0.995878696 -0.0906946436 5.79002558e-13
vn 0.995878696 -0.0906946287 -1.65447411e-09
vn 0.995878816 -0.0906946436 1.65449876e-09
vn 0.995878696 -0.0906946287 -1.65447411e-09
vn 0.995878696 -0.0906946212 -5.79002449e-13
vn 0.995878816 -0.0906946436 1.65449876e-09
vn 0.995878696 -0.0906946212 -5.79002449e-13
vn 0.995878816 -0.0906938761 -1.25622933e-06
vn 0.995878816 -0.0906946436 1.65449876e-09
vn 0.995878816 -0.0906938761 -1.25622933e-06
vn 0.995878756 -0.0906952024 5.92355264e-07
vn 0.995878696 -0.0906941593 3.87640375e-06
vn 0.995878518 -0.0906965435 4.94451069e-06
vn 0.995878518 -0.0906967893 3.38134328e-06
vn 0.995878696 -0.0906941593 3.87640375e-06
vn 0.995878518 -0.0906967893 3.38134328e-06
vn 0.995878756 -0.0906952024 5.92355264e-07
vn 0.995878696 -0.0906941593 3.87640375e-06
vn 0.995878756 -0.0906952024 5.92355264e-07
vn 0.995878816 -0.0906938761 -1.25622933e-06
vn 0.995878696 -0.0906941593 3.87640375e-06
vn 0.995878816 -0.0906938761 -1.25622933e-06
vn 0.995878875 -0.0906927735 4.07824217e-07
vn 0.995878696 -0.0906941593 3.87640375e-06
vn 0.995878875 -0.0906927735 4.07824217e-07
vn 0.995879054 -0.0906911716 5.25597898e-06
vn 0.995878696 -0.0906941593 3.87640375e-06
vn 0.995879054 -0.0906911716 5.25597898e-06
vn 0.995878994 -0.0906918496 1.26465857e-05
vn 0.995878816 -0.0906940401 -9.89083787e-07
vn 0.995878875 -0.0906927735 4.07824217e-07
vn 0.995878816 -0.0906938761 -1.25622933e-06
vn 0.995878816 -0.0906940401 -9.89083787e-07
vn 0.995878816 -0.0906938761 -1.25622933e-06
vn 0.995878935 -0.0906926766 -8.68503728e-13
vn 0.995878816 -0.0906940401 -9.89083787e-07
vn 0.995878935 -0.0906926766 -8.68503728e-13
vn 0.995878816 -0.0906940475 9.89083674e-07
vn 0.995878816 -0.0906940401 -9.89083787e-07
vn 0.995878816 -0.0906940475 9.89083674e-07
vn 0.995878696 -0.0906953439 -4.34251945e-13
vn 0.995878816 -0.0906940401 -9.89083787e-07
vn 0.995878696 -0.0906953439 -4.34251945e-13
vn 0.995878816 -0.0906940475 -1.03675643e-06
vn 0.995878696 -0.0906946361 1.06723661e-07
vn 0.995878816 -0.0906940401 -9.89083787e-07
vn 0.995878816 -0.0906940475 -1.03675643e-06
vn 0.995878696 -0.0906946361 1.06723661e-07
vn 0.995878816 -0.0906940475 -1.03675643e-06
vn 0.995878458 -0.0906988159 1.69817795e-05
vn 0.995878696 -0.0906946361 1.06723661e-07
vn 0.995878458 -0.0906988159 1.69817795e-05
vn 0.995877802 -0.0907042623 1.04282608e-05
vn 0.995878696 -0.0906946361 1.06723661e-07
vn 0.995877802 -0.0907042623 1.04282608e-05
vn 0.995878994 -0.0906922296 1.64552233e-07
vn 0.995878816 -0.0906940922 -1.44171031e-06
vn 0.995878994 -0.0906920284 5.2389322e-07
vn 0.995878816 -0.0906940475 -1.03675643e-06
vn 0.995878816 -0.0906940922 -1.44171031e-06
vn 0.995878816 -0.0906940475 -1.03675643e-06
vn 0.995878875 -0.0906936377 -1.64050707e-12
vn 0.995878816 -0.0906940922 -1.44171031e-06
vn 0.995878875 -0.0906936377 -1.64050707e-12
vn 0.995878816 -0.0906940848 1.44170997e-06
vn 0.995878816 -0.0906940922 -1.44171031e-06
vn 0.995878816 -0.0906940848 1.44170997e-06
vn 0.995878756 -0.0906946361 -6.75502948e-13
vn 0.995878816 -0.0906940922 -1.44171031e-06
vn 0.995878756 -0.0906946361 -6.75502948e-13
vn 0.995878816 -0.0906936973 -1.22742495e-06
vn 0.995878875 -0.090693526 6.52497249e-07
vn 0.995878816 -0.0906940922 -1.44171031e-06
vn 0.995878816 -0.0906936973 -1.22742495e-06
vn 0.995878875 -0.090693526 6.52497249e-07
vn 0.995878816 -0.0906936973 -1.22742495e-06
vn 0.995878935 -0.0906932205 3.03062416e-06
vn 0.995878875 -0.090693526 6.52497249e-07
vn 0.995878935 -0.0906932205 3.03062416e-06
vn 0.995878875 -0.0906931832 5.03216279e-06
vn 0.995878875 -0.090693526 6.52497249e-07
vn 0.995878875 -0.0906931832 5.03216279e-06
vn 0.995878994 -0.0906921625 1.44928788e-06
vn 0.995878875 -0.0906940922 -1.45007402e-06
vn 0.995878935 -0.0906932205 3.03062416e-06
vn 0.995878816 -0.0906936973 -1.22742495e-06
vn 0.995878875 -0.0906940922 -1.45007402e-06
vn 0.995878816 -0.0906936973 -1.22742495e-06
vn 0.995878756 -0.0906936601 -1.93000867e-12
vn 0.995878875 -0.0906940922 -1.45007402e-06
vn 0.995878756 -0.0906936601 -1.93000867e-12
vn 0.995878816 -0.0906940922 1.45007346e-06
vn 0.995878875 -0.0906940922 -1.45007402e-06
vn 0.995878816 -0.0906940922 1.45007346e-06
vn 0.995878756 -0.0906946361 -6.75502948e-13
vn 0.995878875 -0.0906940922 -1.45007402e-06
vn 0.995878756 -0.0906946361 -6.75502948e-13
vn 0.995878816 -0.0906936005 -1.04829428e-06
vn 0.995878816 -0.0906941667 1.42590306e-06
vn 0.995878875 -0.0906940922 -1.45007402e-06
vn 0.995878816 -0.0906936005 -1.04829428e-06
vn 0.995878816 -0.0906941667 1.42590306e-06
vn 0.995878816 -0.0906936005 -1.04829428e-06
vn 0.995878935 -0.090693146 1.37775532e-06
vn 0.995878816 -0.0906941667 1.42590306e-06
vn 0.995878935 -0.090693146 1.37775532e-06
vn 0.995878875 -0.0906937346 3.86777538e-06
vn 0.995878816 -0.0906941667 1.42590306e-06
vn 0.995878875 -0.0906937346 3.86777538e-06
vn 0.995878875 -0.0906937048 3.73214948e-06
vn 0.995878875 -0.0906936154 -1.05204037e-06
vn 0.995878935 -0.090693146 1.37775532e-06
vn 0.995878816 -0.0906936005 -1.04829428e-06
vn 0.995878875 -0.0906936154 -1.05204037e-06
vn 0.995878816 -0.0906936005 -1.04829428e-06
vn 0.995878935 -0.0906926095 -9.16753977e-13
vn 0.995878875 -0.0906936154 -1.05204037e-06
vn 0.995878935 -0.0906926095 -9.16753977e-13
vn 0.995878816 -0.0906936228 1.05204015e-06
vn 0.995878875 -0.0906936154 -1.05204037e-06
vn 0.995878816 -0.0906936228 1.05204015e-06
vn 0.995878756 -0.0906946138 -7.2375298e-13
vn 0.995878875 -0.0906936154 -1.05204037e-06
vn 0.995878756 -0.0906946138 -7.2375298e-13
vn 0.995878935 -0.0906929746 2.44167609e-07
vn 0.995878696 -0.0906945542 3.75502714e-06
vn 0.995878875 -0.0906936154 -1.05204037e-06
vn 0.995878935 -0.0906929746 2.44167609e-07
vn 0.995878696 -0.0906945542 3.75502714e-06
vn 0.995878935 -0.0906929746 2.44167609e-07
vn 0.995878935 -0.0906926244 -2.44434858e-07
vn 0.995878696 -0.0906945542 3.75502714e-06
vn 0.995878935 -0.0906926244 -2.44434858e-07
vn 0.995878816 -0.0906936154 2.43782847e-06
vn 0.995878696 -0.0906945542 3.75502714e-06
vn 0.995878816 -0.0906936154 2.43782847e-06
vn 0.995878696 -0.0906947702 8.88138948e-06
vn 0.995879114 -0.0906907767 1.14388513e-06
vn 0.995878935 -0.0906926244 -2.44434858e-07
vn 0.995878935 -0.0906929746 2.44167609e-07
vn 0.995879114 -0.0906907767 1.14388513e-06
vn 0.995878935 -0.0906929746 2.44167609e-07
vn 0.995879531 -0.090686366 3.47401535e-12
vn 0.995879114 -0.0906907767 1.14388513e-06
vn 0.995879531 -0.090686366 3.47401535e-12
vn 0.995879114 -0.0906907767 -1.14388433e-06
vn 0.995879114 -0.0906907767 1.14388513e-06
vn 0.995879114 -0.0906907767 -1.14388433e-06
vn 0.995878756 -0.0906946436 -5.79002503e-13
vn 0.995879114 -0.0906907767 1.14388513e-06
vn 0.995878756 -0.0906946436 -5.79002503e-13
vn 0.995878696 -0.090695411 -7.5662598e-07
vn 0.995878756 -0.0906948522 4.17963065e-06
vn 0.995879114 -0.0906907767 1.14388513e-06
vn 0.995878696 -0.090695411 -7.5662598e-07
vn 0.995878756 -0.0906948522 4.17963065e-06
vn 0.995878696 -0.090695411 -7.5662598e-07
vn 0.995878696 -0.0906953439 5.76651109e-06
vn 0.995878756 -0.0906948522 4.17963065e-06
vn 0.995878696 -0.0906953439 5.76651109e-06
vn 0.995878756 -0.0906948745 1.13914048e-05
vn 0.995878756 -0.0906948522 4.17963065e-06
vn 0.995878756 -0.0906948745 1.13914048e-05
vn 0.995878696 -0.0906946659 9.49602691e-06
vn 0.995878816 -0.0906942189 4.42981303e-07
vn 0.995878696 -0.0906953439 5.76651109e-06
vn 0.995878696 -0.090695411 -7.5662598e-07
vn 0.995878816 -0.0906942189 4.42981303e-07
vn 0.995878696 -0.090695411 -7.5662598e-07
vn 0.995878637 -0.0906961635 7.23753129e-14
vn 0.995878816 -0.0906942189 4.42981303e-07
vn 0.995878637 -0.0906961635 7.23753129e-14
vn 0.995878816 -0.0906941742 -8.67820802e-07
vn 0.995878458 -0.0906986371 8.10682593e-07
vn 0.995877743 -0.0907050967 -0
vn 0.995877802 -0.0907050893 -0
vn 0.995878458 -0.0906986371 8.10682593e-07
vn 0.995877802 -0.0907050893 -0
vn 0.995878339 -0.0906986296 -8.10682479e-07
vn 0.995878458 -0.0906986371 8.10682593e-07
vn 0.995878339 -0.0906986296 -8.10682479e-07
vn 0.995878935 -0.09069217 1.3510059e-12
vn 0.995878458 -0.0906986371 8.10682593e-07
vn 0.995878935 -0.09069217 1.3510059e-12
vn 0.995878816 -0.0906941667 8.67820916e-07
vn 0.995878458 -0.0906986371 8.10682707e-07
vn 0.995877743 -0.0907050967 -0
vn 0.995877802 -0.0907051116 -0
vn 0.995878458 -0.0906986371 8.10682707e-07
vn 0.995877802 -0.0907051116 -0
vn 0.995878458 -0.0906986371 -8.10682707e-07
vn 0.995878458 -0.0906986371 8.10682707e-07
vn 0.995878458 -0.0906986371 -8.10682707e-07
vn 0.995878935 -0.0906921625 0
vn 0.995878458 -0.0906986371 8.10682707e-07
vn 0.995878935 -0.0906921625 0
vn 0.995878816 -0.0906941667 8.67820972e-07
vn 0.995878458 -0.0906986371 8.10682707e-07
vn 0.995878816 -0.0906941667 8.67820972e-07
vn 0.995878994 -0.0906922966 1.30196966e-07
vn 0.995878816 -0.0906941816 -4.56097581e-07
vn 0.995879233 -0.0906899944 1.70111616e-06
vn 0.995879114 -0.0906906649 6.53133327e-07
vn 0.995878816 -0.0906941816 -4.56097581e-07
vn 0.995879114 -0.0906906649 6.53133327e-07
vn 0.995878994 -0.0906912461 -4.15969339e-07
vn 0.995878816 -0.0906941816 -4.56097581e-07
vn 0.995878994 -0.0906912461 -4.15969339e-07
vn 0.995878994 -0.0906922966 1.30196966e-07
vn 0.995878816 -0.0906941816 -4.56097581e-07
vn 0.995878994 -0.0906922966 1.30196966e-07
vn 0.995878816 -0.0906941667 8.67820972e-07
vn 0.995878816 -0.0906941816 -4.56097581e-07
vn 0.995878816 -0.0906941667 8.67820972e-07
vn 0.995878637 -0.090696156 0
vn 0.995878816 -0.0906941816 -4.56097581e-07
vn 0.995878637 -0.090696156 0
vn 0.995878696 -0.090695411 7.56626491e-07
vn 0.995878696 -0.0906952024 -5.53622522e-06
vn 0.995878816 -0.0906941816 -4.56097581e-07
vn 0.995878696 -0.090695411 7.56626491e-07
vn 0.995878696 -0.0906952024 -5.53622522e-06
vn 0.995878696 -0.090695411 7.56626491e-07
vn 0.995878696 -0.0906949863 -4.00080353e-06
vn 0.995878696 -0.0906952024 -5.53622522e-06
vn 0.995878696 -0.0906949863 -4.00080353e-06
vn 0.995878756 -0.0906948745 -9.56913664e-06
vn 0.995878696 -0.0906952024 -5.53622522e-06
vn 0.995878756 -0.0906948745 -9.56913664e-06
vn 0.995878756 -0.0906945989 -1.14730801e-05
vn 0.995879114 -0.0906907618 -1.14388524e-06
vn 0.995878696 -0.0906949863 -4.00080353e-06
vn 0.995878696 -0.090695411 7.56626491e-07
vn 0.995879114 -0.0906907618 -1.14388524e-06
vn 0.995878696 -0.090695411 7.56626491e-07
vn 0.995878696 -0.0906946436 0
vn 0.995879114 -0.0906907618 -1.14388524e-06
vn 0.995878696 -0.0906946436 0
vn 0.995879114 -0.0906907693 1.14388524e-06
vn 0.995879114 -0.0906907618 -1.14388524e-06
vn 0.995879114 -0.0906907693 1.14388524e-06
vn 0.995879531 -0.090686366 0
vn 0.995879114 -0.0906907618 -1.14388524e-06
vn 0.995879531 -0.090686366 0
vn 0.995878875 -0.0906929672 -2.4416704e-07
vn 0.995878816 -0.090693444 -1.03110494e-06
vn 0.995879114 -0.0906907618 -1.14388524e-06
vn 0.995878875 -0.0906929672 -2.4416704e-07
vn 0.995878816 -0.090693444 -1.03110494e-06
vn 0.995878875 -0.0906929672 -2.4416704e-07
vn 0.995878816 -0.0906938463 -4.86326826e-06
vn 0.995878816 -0.090693444 -1.03110494e-06
vn 0.995878816 -0.0906938463 -4.86326826e-06
vn 0.995878756 -0.0906936377 -8.46375497e-06
vn 0.995878816 -0.090693444 -1.03110494e-06
vn 0.995878756 -0.0906936377 -8.46375497e-06
vn 0.995878756 -0.0906950161 -1.97807935e-06
vn 0.995878875 -0.0906936079 1.05204037e-06
vn 0.995878816 -0.0906938463 -4.86326826e-06
vn 0.995878875 -0.0906929672 -2.4416704e-07
vn 0.995878875 -0.0906936079 1.05204037e-06
vn 0.995878875 -0.0906929672 -2.4416704e-07
vn 0.995878756 -0.0906946287 0
vn 0.995878875 -0.0906936079 1.05204037e-06
vn 0.995878756 -0.0906946287 0
vn 0.995878875 -0.0906936079 -1.05204037e-06
vn 0.995878875 -0.0906936079 1.05204037e-06
vn 0.995878875 -0.0906936079 -1.05204037e-06
vn 0.995878935 -0.090692617 0
vn 0.995878875 -0.0906936079 1.05204037e-06
vn 0.995878935 -0.090692617 0
vn 0.995878816 -0.090693593 1.04829428e-06
vn 0.995878816 -0.0906931162 -1.34091943e-06
vn 0.995878875 -0.0906936079 1.05204037e-06
vn 0.995878816 -0.090693593 1.04829428e-06
vn 0.995878816 -0.0906931162 -1.34091943e-06
vn 0.995878816 -0.090693593 1.04829428e-06
vn 0.995878816 -0.0906941816 -1.39704809e-06
vn 0.995878816 -0.0906931162 -1.34091943e-06
vn 0.995878816 -0.0906941816 -1.39704809e-06
vn 0.995878816 -0.0906937197 -3.75198147e-06
vn 0.995878816 -0.0906931162 -1.34091943e-06
vn 0.995878816 -0.0906937197 -3.75198147e-06
vn 0.995878816 -0.0906937048 -3.88153603e-06
vn 0.995878816 -0.0906940922 1.4500738e-06
vn 0.995878816 -0.0906941816 -1.39704809e-06
vn 0.995878816 -0.090693593 1.04829428e-06
vn 0.995878816 -0.0906940922 1.4500738e-06
vn 0.995878816 -0.090693593 1.04829428e-06
vn 0.995878696 -0.0906946361 0
vn 0.995878816 -0.0906940922 1.4500738e-06
vn 0.995878696 -0.0906946361 0
vn 0.995878816 -0.0906940922 -1.45007368e-06
vn 0.995878816 -0.0906940922 1.4500738e-06
vn 0.995878816 -0.0906940922 -1.45007368e-06
vn 0.995878816 -0.0906936601 0
vn 0.995878816 -0.0906940922 1.4500738e-06
vn 0.995878816 -0.0906936601 0
vn 0.995878816 -0.0906936899 1.22742483e-06
vn 0.995878935 -0.0906924307 -1.73663102e-06
vn 0.995878816 -0.0906940922 1.4500738e-06
vn 0.995878816 -0.0906936899 1.22742483e-06
vn 0.995878935 -0.0906924307 -1.73663102e-06
vn 0.995878816 -0.0906936899 1.22742483e-06
vn 0.995878816 -0.0906942636 5.44424097e-07
vn 0.995878935 -0.0906924307 -1.73663102e-06
vn 0.995878816 -0.0906942636 5.44424097e-07
vn 0.995878816 -0.0906931758 -1.85980844e-06
vn 0.995878935 -0.0906924307 -1.73663102e-06
vn 0.995878816 -0.0906931758 -1.85980844e-06
vn 0.995878994 -0.090692021 -5.46089495e-06
vn 0.995878816 -0.0906940997 1.44171054e-06
vn 0.995878816 -0.0906942636 5.44424097e-07
vn 0.995878816 -0.0906936899 1.22742483e-06
vn 0.995878816 -0.0906940997 1.44171054e-06
vn 0.995878816 -0.0906936899 1.22742483e-06
vn 0.995878696 -0.0906946361 0
vn 0.995878816 -0.0906940997 1.44171054e-06
vn 0.995878696 -0.0906946361 0
vn 0.995878816 -0.0906940997 -1.44171054e-06
vn 0.995878816 -0.0906940997 1.44171054e-06
vn 0.995878816 -0.0906940997 -1.44171054e-06
vn 0.995878816 -0.0906936303 0
vn 0.995878816 -0.0906940997 1.44171054e-06
vn 0.995878816 -0.0906936303 0
vn 0.995878816 -0.090694055 1.03675643e-06
vn 0.995878816 -0.0906940997 1.44171054e-06
vn 0.995878816 -0.090694055 1.03675643e-06
vn 0.995878994 -0.0906920284 -5.23890662e-07
vn 0.995878875 -0.0906924307 -1.68590213e-05
vn 0.995879054 -0.0906906426 -6.55880212e-05
vn 0.995879054 -0.0906903967 -6.34381877e-06
vn 0.995878875 -0.0906924307 -1.68590213e-05
vn 0.995879054 -0.0906903967 -6.34381877e-06
vn 0.995878994 -0.0906920284 -5.23890662e-07
vn 0.995878875 -0.0906924307 -1.68590213e-05
vn 0.995878994 -0.0906920284 -5.23890662e-07
vn 0.995878816 -0.090694055 1.03675643e-06
vn 0.995878875 -0.0906924307 -1.68590213e-05
vn 0.995878816 -0.090694055 1.03675643e-06
vn 0.995878696 -0.0906947777 6.65903542e-07
vn 0.995878875 -0.0906924307 -1.68590213e-05
vn 0.995878696 -0.0906947777 6.65903542e-07
vn 0.995878875 -0.0906935707 -5.77998321e-07
vn 0.995878875 -0.0906924307 -1.68590213e-05
vn 0.995878875 -0.0906935707 -5.77998321e-07
vn 0.995879054 -0.0906909257 -3.73495095e-05
vn 0.995878816 -0.0906940401 9.89083787e-07
vn 0.995878696 -0.0906947777 6.65903542e-07
vn 0.995878816 -0.090694055 1.03675643e-06
vn 0.995878816 -0.0906940401 9.89083787e-07
vn 0.995878816 -0.090694055 1.03675643e-06
vn 0.995878696 -0.0906953514 0
vn 0.995878816 -0.0906940401 9.89083787e-07
vn 0.995878696 -0.0906953514 0
vn 0.995878816 -0.0906940475 -9.89083787e-07
vn 0.995878816 -0.0906940401 9.89083787e-07
vn 0.995878816 -0.0906940475 -9.89083787e-07
vn 0.995878875 -0.0906926841 0
vn 0.995878816 -0.0906940401 9.89083787e-07
vn 0.995878875 -0.0906926841 0
vn 0.995878816 -0.0906938761 1.25622944e-06
vn 0.995878816 -0.0906940401 9.89083787e-07
vn 0.995878816 -0.0906938761 1.25622944e-06
vn 0.995878935 -0.0906927884 -4.0782129e-07
vn 0.995878756 -0.0906941518 -3.87640694e-06
vn 0.995878994 -0.0906918421 -1.26466048e-05
vn 0.995879114 -0.0906911865 -5.2559767e-06
vn 0.995878756 -0.0906941518 -3.87640694e-06
vn 0.995879114 -0.0906911865 -5.2559767e-06
vn 0.995878935 -0.0906927884 -4.0782129e-07
vn 0.995878756 -0.0906941518 -3.87640694e-06
vn 0.995878935 -0.0906927884 -4.0782129e-07
vn 0.995878816 -0.0906938761 1.25622944e-06
vn 0.995878756 -0.0906941518 -3.87640694e-06
vn 0.995878816 -0.0906938761 1.25622944e-06
vn 0.995878756 -0.0906952024 -5.92353047e-07
vn 0.995878756 -0.0906941518 -3.87640694e-06
vn 0.995878756 -0.0906952024 -5.92353047e-07
vn 0.995878577 -0.0906967968 -3.38134123e-06
vn 0.995878756 -0.0906941518 -3.87640694e-06
vn 0.995878577 -0.0906967968 -3.38134123e-06
vn 0.995878518 -0.0906965584 -4.94451979e-06
vn 0.995878696 -0.0906946361 -1.65452241e-09
vn 0.995878756 -0.0906952024 -5.92353047e-07
vn 0.995878816 -0.0906938761 1.25622944e-06
vn 0.995878696 -0.0906946361 -1.65452241e-09
vn 0.995878816 -0.0906938761 1.25622944e-06
vn 0.995878696 -0.0906945989 4.82502018e-14
vn 0.995878696 -0.0906946361 -1.65452241e-09
vn 0.995878696 -0.0906945989 4.82502018e-14
vn 0.995878696 -0.0906946361 1.65452241e-09
vn 0.995878696 -0.0906946361 -1.65452241e-09
vn 0.995878696 -0.0906946361 1.65452241e-09
vn 0.995878696 -0.0906946585 0
vn 0.995878696 -0.0906946361 -1.65452241e-09
vn 0.995878696 -0.0906946585 0
vn 0.995878875 -0.090693675 -1.02056254e-06
vn 0.995878696 -0.0906946361 -1.65452241e-09
vn 0.995878875 -0.090693675 -1.02056254e-06
vn 0.995878696 -0.0906948596 1.15671995e-07
vn 0.995878816 -0.0906936675 2.46301988e-06
vn 0.995878875 -0.0906933397 1.4913323e-05
vn 0.995878637 -0.0906949788 4.75661409e-06
vn 0.995878816 -0.0906936675 2.46301988e-06
vn 0.995878637 -0.0906949788 4.75661409e-06
vn 0.995878696 -0.0906948596 1.15671995e-07
vn 0.995878816 -0.0906936675 2.46301988e-06
vn 0.995878696 -0.0906948596 1.15671995e-07
vn 0.995878875 -0.090693675 -1.02056254e-06
vn 0.995878816 -0.0906936675 2.46301988e-06
vn 0.995878875 -0.090693675 -1.02056254e-06
vn 0.995878935 -0.0906927884 -2.17153172e-07
vn 0.995878816 -0.0906936675 2.46301988e-06
vn 0.995878935 -0.0906927884 -2.17153172e-07
vn 0.995878994 -0.0906925648 7.14016437e-07
vn 0.995878816 -0.0906936675 2.46301988e-06
vn 0.995878994 -0.0906925648 7.14016437e-07
vn 0.995878875 -0.0906923115 -4.75897252e-07
vn 0.995878816 -0.090693593 -1.07609935e-06
vn 0.995878935 -0.0906927884 -2.17153172e-07
vn 0.995878875 -0.090693675 -1.02056254e-06
vn 0.995878816 -0.090693593 -1.07609935e-06
vn 0.995878875 -0.090693675 -1.02056254e-06
vn 0.995878875 -0.0906926915 0
vn 0.995878816 -0.090693593 -1.07609935e-06
vn 0.995878875 -0.0906926915 0
vn 0.995878816 -0.0906936005 1.07609935e-06
vn 0.995878816 -0.090693593 -1.07609935e-06
vn 0.995878816 -0.0906936005 1.07609935e-06
vn 0.995878696 -0.0906945094 0
vn 0.995878816 -0.090693593 -1.07609935e-06
vn 0.995878696 -0.0906945094 0
vn 0.995878816 -0.0906940773 -1.40027419e-06
vn 0.995878816 -0.090693593 -1.07609935e-06
vn 0.995878816 -0.0906940773 -1.40027419e-06
vn 0.995878696 -0.0906944424 -2.69968979e-07
vn 0.995878935 -0.090693444 1.94447375e-06
vn 0.995878994 -0.090692021 1.05411764e-05
vn 0.995878875 -0.090693593 3.52414713e-06
vn 0.995878935 -0.090693444 1.94447375e-06
vn 0.995878875 -0.090693593 3.52414713e-06
vn 0.995878696 -0.0906944424 -2.69968979e-07
vn 0.995878935 -0.090693444 1.94447375e-06
vn 0.995878696 -0.0906944424 -2.69968979e-07
vn 0.995878816 -0.0906940773 -1.40027419e-06
vn 0.995878935 -0.090693444 1.94447375e-06
vn 0.995878816 -0.0906940773 -1.40027419e-06
vn 0.995878816 -0.0906935558 1.44972523e-09
vn 0.995878935 -0.090693444 1.94447375e-06
vn 0.995878816 -0.0906935558 1.44972523e-09
vn 0.995878994 -0.0906919912 1.89524519e-06
vn 0.995878935 -0.090693444 1.94447375e-06
vn 0.995878994 -0.0906919912 1.89524519e-06
vn 0.995879114 -0.0906910822 -1.41611486e-06
vn 0.995878816 -0.0906937197 -1.22616223e-06
vn 0.995878816 -0.0906935558 1.44972523e-09
vn 0.995878816 -0.0906940773 -1.40027419e-06
vn 0.995878816 -0.0906937197 -1.22616223e-06
vn 0.995878816 -0.0906940773 -1.40027419e-06
vn 0.995878935 -0.0906926394 0
vn 0.995878816 -0.0906937197 -1.22616223e-06
vn 0.995878935 -0.0906926394 0
vn 0.995878816 -0.0906937197 1.22616223e-06
vn 0.995878816 -0.0906937197 -1.22616223e-06
vn 0.995878816 -0.0906937197 1.22616223e-06
vn 0.995878756 -0.0906947255 0
vn 0.995878816 -0.0906937197 -1.22616223e-06
vn 0.995878756 -0.0906947255 0
vn 0.995878696 -0.0906950533 -1.22014567e-08
vn 0.995878816 -0.0906937197 -1.22616223e-06
vn 0.995878696 -0.0906950533 -1.22014567e-08
vn 0.995878756 -0.0906940997 -4.10714421e-07
vn 0.995878696 -0.0906948373 9.53393396e-07
vn 0.995878875 -0.0906929299 3.29035424e-06
vn 0.995878875 -0.0906934664 1.37958352e-06
vn 0.995878696 -0.0906948373 9.53393396e-07
vn 0.995878875 -0.0906934664 1.37958352e-06
vn 0.995878756 -0.0906940997 -4.10714421e-07
vn 0.995878696 -0.0906948373 9.53393396e-07
vn 0.995878756 -0.0906940997 -4.10714421e-07
vn 0.995878696 -0.0906950533 -1.22014567e-08
vn 0.995878696 -0.0906948373 9.53393396e-07
vn 0.995878696 -0.0906950533 -1.22014567e-08
vn 0.995878577 -0.0906956196 5.79003208e-13
vn 0.995878696 -0.0906948373 9.53393396e-07
vn 0.995878577 -0.0906956196 5.79003208e-13
vn 0.995878696 -0.0906951204 4.82906325e-05
vn 0.995878696 -0.0906948373 9.53393396e-07
vn 0.995878696 -0.0906951204 4.82906325e-05
vn 0.995878398 -0.0906982645 9.16204772e-06
vn 0.995878816 -0.0906941295 8.13217298e-07
vn 0.995879173 -0.0906888917 1.05844383e-05
vn 0.995878696 -0.0906951204 4.82906325e-05
vn 0.995878816 -0.0906941295 8.13217298e-07
vn 0.995878696 -0.0906951204 4.82906325e-05
vn 0.995878816 -0.090693593 2.50900776e-12
vn 0.995878816 -0.0906941295 8.13217298e-07
vn 0.995878816 -0.090693593 2.50900776e-12
vn 0.995878875 -0.0906937942 5.09817994e-07
vn 0.995878816 -0.0906941295 8.13217298e-07
vn 0.995878875 -0.0906937942 5.09817994e-07
vn 0.995878756 -0.0906947255 7.47878051e-13
vn 0.995878816 -0.0906941295 8.13217298e-07
vn 0.995878756 -0.0906947255 7.47878051e-13
vn 0.995878696 -0.0906946436 1.83487609e-05
vn 0.995878816 -0.0906941295 8.13217298e-07
vn 0.995878696 -0.0906946436 1.83487609e-05
vn 0.995878339 -0.0906981453 1.16653691e-05
vn 0.995878935 -0.0906933472 -3.47676519e-07
vn 0.995879114 -0.0906902403 7.78272715e-06
vn 0.995878696 -0.0906946436 1.83487609e-05
vn 0.995878935 -0.0906933472 -3.47676519e-07
vn 0.995878696 -0.0906946436 1.83487609e-05
vn 0.995878875 -0.0906924382 9.65004552e-13
vn 0.995878935 -0.0906933472 -3.47676519e-07
vn 0.995878875 -0.0906924382 9.65004552e-13
vn 0.995878816 -0.0906936228 1.00346574e-06
vn 0.995878935 -0.0906933472 -3.47676519e-07
vn 0.995878816 -0.0906936228 1.00346574e-06
vn 0.995878696 -0.0906947851 7.72003446e-13
vn 0.995878935 -0.0906933472 -3.47676519e-07
vn 0.995878696 -0.0906947851 7.72003446e-13
vn 0.995878935 -0.0906921327 4.01583384e-06
vn 0.995878935 -0.0906933472 -3.47676519e-07
vn 0.995878935 -0.0906921327 4.01583384e-06
vn 0.995878756 -0.0906943083 -1.29785053e-06
vn 0.995878816 -0.0906933621 -5.0625772e-07
vn 0.995879173 -0.0906903297 4.98661211e-06
vn 0.995878935 -0.0906921327 4.01583384e-06
vn 0.995878816 -0.0906933621 -5.0625772e-07
vn 0.995878935 -0.0906921327 4.01583384e-06
vn 0.995878935 -0.0906926394 1.20625493e-12
vn 0.995878816 -0.0906933621 -5.0625772e-07
vn 0.995878935 -0.0906926394 1.20625493e-12
vn 0.995878816 -0.0906935707 1.07754477e-06
vn 0.995878816 -0.0906933621 -5.0625772e-07
vn 0.995878816 -0.0906935707 1.07754477e-06
vn 0.995878696 -0.0906945094 8.68503891e-13
vn 0.995878816 -0.0906933621 -5.0625772e-07
vn 0.995878696 -0.0906945094 8.68503891e-13
vn 0.995878935 -0.0906927586 9.59428576e-07
vn 0.995878816 -0.0906933621 -5.0625772e-07
vn 0.995878935 -0.0906927586 9.59428576e-07
vn 0.995878816 -0.0906943455 -8.26281564e-07
vn 0.995878935 -0.0906931683 -7.4609261e-07
vn 0.995879054 -0.0906913653 1.58399575e-06
vn 0.995878935 -0.0906927586 9.59428576e-07
vn 0.995878935 -0.0906931683 -7.4609261e-07
vn 0.995878935 -0.0906927586 9.59428576e-07
vn 0.995878875 -0.0906924382 9.65004552e-13
vn 0.995878935 -0.0906931683 -7.4609261e-07
vn 0.995878875 -0.0906924382 9.65004552e-13
vn 0.995878816 -0.090693213 1.00618149e-06
vn 0.995878935 -0.0906931683 -7.4609261e-07
vn 0.995878816 -0.090693213 1.00618149e-06
vn 0.995878816 -0.0906939656 1.30275597e-12
vn 0.995878935 -0.0906931683 -7.4609261e-07
vn 0.995878816 -0.0906939656 1.30275597e-12
vn 0.995878994 -0.0906911716 4.11432984e-06
vn 0.995878935 -0.0906931683 -7.4609261e-07
vn 0.995878994 -0.0906911716 4.11432984e-06
vn 0.995878816 -0.0906939507 1.00481898e-07
vn 0.995879054 -0.0906917155 1.83809766e-06
vn 0.995878935 -0.0906926095 -7.36106756e-07
vn 0.995878816 -0.0906939507 1.00481898e-07
vn 0.995879054 -0.0906917155 1.83809766e-06
vn 0.995878816 -0.0906939507 1.00481898e-07
vn 0.995878994 -0.0906911716 4.11432984e-06
vn 0.995879054 -0.0906917155 1.83809766e-06
vn 0.995878994 -0.0906911716 4.11432984e-06
vn 0.995879531 -0.0906865522 -5.01802853e-12
vn 0.995879054 -0.0906917155 1.83809766e-06
vn 0.995879531 -0.0906865522 -5.01802853e-12
vn 0.995878994 -0.0906917676 -1.37247548e-06
vn 0.995879054 -0.0906917155 1.83809766e-06
vn 0.995878994 -0.0906917676 -1.37247548e-06
vn 0.995878577 -0.090696305 8.44378753e-14
vn 0.995879054 -0.0906917155 1.83809766e-06
vn 0.995878577 -0.090696305 8.44378753e-14
vn 0.995878696 -0.0906952992 9.69699954e-07
vn 0.995878637 -0.0906961188 4.14020462e-07
vn 0.995879054 -0.0906917155 1.83809766e-06
vn 0.995878696 -0.0906952992 9.69699954e-07
vn 0.995878637 -0.0906961188 4.14020462e-07
vn 0.995878696 -0.0906952992 9.69699954e-07
vn 0.995878756 -0.0906947255 -1.10256296e-05
vn 0.995878637 -0.0906961188 4.14020462e-07
vn 0.995878756 -0.0906947255 -1.10256296e-05
vn 0.995878756 -0.0906947777 -2.24023352e-05
vn 0.995878637 -0.0906961188 4.14020462e-07
vn 0.995878756 -0.0906947777 -2.24023352e-05
vn 0.995878577 -0.0906965062 1.17322975e-06
vn 0.995879233 -0.0906890109 -1.51033461e-07
vn 0.99587965 -0.0906843841 -0
vn 0.995879233 -0.0906895846 -5.88367129e-07
vn 0.995879233 -0.0906890109 -1.51033461e-07
vn 0.995879233 -0.0906895846 -5.88367129e-07
vn 0.995878994 -0.0906920433 -2.89343507e-06
vn 0.995879233 -0.0906890109 -1.51033461e-07
vn 0.995878994 -0.0906920433 -2.89343507e-06
vn 0.995878756 -0.0906950831 -3.37481794e-07
vn 0.995879233 -0.0906890109 -1.51033461e-07
vn 0.995878756 -0.0906950831 -3.37481794e-07
vn 0.995878816 -0.0906941295 8.48992113e-06
vn 0.995879233 -0.0906890109 -1.51033461e-07
vn 0.995878816 -0.0906941295 8.48992113e-06
vn 0.99587965 -0.0906843841 -0
vn 0.995879233 -0.0906894952 -4.15850565e-07
vn 0.99587965 -0.0906843841 -0
vn 0.99587965 -0.0906843916 -0
vn 0.995879233 -0.0906894952 -4.15850565e-07
vn 0.99587965 -0.0906843916 -0
vn 0.995879233 -0.0906894878 4.15850565e-07
vn 0.995879233 -0.0906894952 -4.15850565e-07
vn 0.995879233 -0.0906894878 4.15850565e-07
vn 0.995878696 -0.0906946436 0
vn 0.995879233 -0.0906894952 -4.15850565e-07
vn 0.995878696 -0.0906946436 0
vn 0.995878756 -0.0906952918 -4.5033309e-07
vn 0.995879233 -0.0906894878 -4.15850536e-07
vn 0.99587965 -0.0906843692 -0
vn 0.99587965 -0.0906843916 -0
vn 0.995879233 -0.0906894878 -4.15850536e-07
vn 0.99587965 -0.0906843916 -0
vn 0.995879233 -0.0906894952 4.15850621e-07
vn 0.995879233 -0.0906894878 -4.15850536e-07
vn 0.995879233 -0.0906894952 4.15850621e-07
vn 0.995878756 -0.0906946361 5.0662675e-13
vn 0.995879233 -0.0906894878 -4.15850536e-07
vn 0.995878756 -0.0906946361 5.0662675e-13
vn 0.995878756 -0.0906953067 -4.50332891e-07
vn 0.995878816 -0.0906942412 9.65004444e-13
vn 0.995879233 -0.0906894878 -4.15850536e-07
vn 0.995878756 -0.0906953067 -4.50332891e-07
vn 0.995878816 -0.0906942412 9.65004444e-13
vn 0.995878756 -0.0906953067 -4.50332891e-07
vn 0.995878696 -0.0906952918 4.50333118e-07
vn 0.995878816 -0.0906942412 9.65004444e-13
vn 0.995878696 -0.0906952918 4.50333118e-07
vn 0.995879233 -0.0906894878 -1.18313233e-06
vn 0.995878756 -0.0906946361 5.0662675e-13
vn 0.995879233 -0.0906894952 4.15850621e-07
vn 0.995878696 -0.0906952992 4.50333033e-07
vn 0.995878696 -0.0906952992 4.50333033e-07
vn 0.995879233 -0.0906894952 4.15850621e-07
vn 0.995878816 -0.0906942412 -6.7550311e-13
vn 0.995878696 -0.0906952992 4.50333033e-07
vn 0.995878816 -0.0906942412 -6.7550311e-13
vn 0.995878756 -0.0906952918 -4.5033309e-07
vn 0.995878696 -0.0906946436 0
vn 0.995879233 -0.0906894878 4.15850565e-07
vn 0.995878756 -0.0906952918 4.50333062e-07
vn 0.995878756 -0.0906952918 4.50333062e-07
vn 0.995879233 -0.0906894878 4.15850565e-07
vn 0.995878756 -0.0906942338 0
vn 0.995878756 -0.0906952918 4.50333062e-07
vn 0.995878756 -0.0906942338 0
vn 0.995878756 -0.0906950831 -3.37481794e-07
vn 0.995878994 -0.0906920433 -2.89343507e-06
vn 0.995879233 -0.0906895846 -5.88367129e-07
vn 0.995878696 -0.0906952992 9.69699954e-07
vn 0.995878696 -0.0906952992 9.69699954e-07
vn 0.995879233 -0.0906895846 -5.88367129e-07
vn 0.995878756 -0.0906947255 -1.10256296e-05
vn 0.995878935 -0.0906921625 0
vn 0.995878458 -0.0906986371 -8.10682707e-07
vn 0.995878875 -0.0906941593 -8.67820916e-07
vn 0.995878875 -0.0906941593 -8.67820916e-07
vn 0.995878458 -0.0906986371 -8.10682707e-07
vn 0.995878935 -0.0906921625 -8.68503837e-13
vn 0.995878875 -0.0906941593 -8.67820916e-07
vn 0.995878935 -0.0906921625 -8.68503837e-13
vn 0.995878816 -0.0906941667 8.67820916e-07
vn 0.995878935 -0.09069217 1.3510059e-12
vn 0.995878339 -0.0906986296 -8.10682479e-07
vn 0.995878816 -0.0906941742 -8.67820802e-07
vn 0.995878816 -0.0906941742 -8.67820802e-07
vn 0.995878339 -0.0906986296 -8.10682479e-07
vn 0.995878994 -0.0906922966 -1.30195758e-07
vn 0.995878816 -0.0906941742 -8.67820802e-07
vn 0.995878994 -0.0906922966 -1.30195758e-07
vn 0.995878816 -0.0906942189 4.42981303e-07
vn 0.995878756 -0.0906943008 1.29784814e-06
vn 0.995879173 -0.0906903297 -4.98660756e-06
vn 0.995878935 -0.0906921327 -4.01583156e-06
vn 0.995878935 -0.0906921327 -4.01583156e-06
vn 0.995879173 -0.0906903297 -4.98660756e-06
vn 0.995878935 -0.090693377 5.06258402e-07
vn 0.995878756 -0.0906943306 8.26280939e-07
vn 0.995878994 -0.0906913653 -1.58399666e-06
vn 0.995878935 -0.0906927586 -9.59430054e-07
vn 0.995878935 -0.0906927586 -9.59430054e-07
vn 0.995878994 -0.0906913653 -1.58399666e-06
vn 0.995878935 -0.0906931609 7.46093178e-07
vn 0.995878816 -0.0906943083 -2.28807835e-07
vn 0.995879054 -0.0906917006 -1.12996293e-06
vn 0.995878875 -0.0906926692 -1.46924663e-06
vn 0.995878875 -0.0906926692 -1.46924663e-06
vn 0.995879054 -0.0906917006 -1.12996293e-06
vn 0.995879054 -0.090691641 -1.80144025e-06
vn 0.995878696 -0.0906946436 3.86001696e-13
vn 0.995878696 -0.0906954259 -3.77548361e-07
vn 0.995879114 -0.0906907693 1.14388456e-06
vn 0.995879114 -0.0906907693 1.14388456e-06
vn 0.995878696 -0.0906954259 -3.77548361e-07
vn 0.995878756 -0.0906946585 -6.75502948e-13
vn 0.995878756 -0.0906946361 -6.75502948e-13
vn 0.995878816 -0.0906940922 1.45007346e-06
vn 0.995878816 -0.0906936079 1.04829405e-06
vn 0.995878816 -0.0906936079 1.04829405e-06
vn 0.995878816 -0.0906940922 1.45007346e-06
vn 0.995878756 -0.0906946361 -6.75502948e-13
vn 0.995878816 -0.0906936079 1.04829405e-06
vn 0.995878756 -0.0906946361 -6.75502948e-13
vn 0.995878875 -0.090693593 -1.04829428e-06
vn 0.995878935 -0.090692617 0
vn 0.995878875 -0.0906936079 -1.05204037e-06
vn 0.995878875 -0.090693593 -1.04829417e-06
vn 0.995878875 -0.090693593 -1.04829417e-06
vn 0.995878875 -0.0906936079 -1.05204037e-06
vn 0.995879054 -0.0906925723 0
vn 0.995878696 -0.0906946361 0
vn 0.995878875 -0.090693593 -1.04829417e-06
vn 0.995878816 -0.0906940922 -1.45007368e-06
vn 0.995878816 -0.0906940922 -1.45007368e-06
vn 0.995878875 -0.090693593 -1.04829417e-06
vn 0.995878696 -0.0906946361 0
vn 0.995878994 -0.0906918719 -4.82502113e-13
vn 0.995879114 -0.0906907767 -1.14388433e-06
vn 0.995878935 -0.0906929672 -7.04485998e-08
vn 0.995878935 -0.0906929672 -7.04485998e-08
vn 0.995879114 -0.0906907767 -1.14388433e-06
vn 0.995879531 -0.090686366 3.47401535e-12
vn 0.995878935 -0.0906925425 -9.16753977e-13
vn 0.995878816 -0.0906940848 1.44170997e-06
vn 0.995878816 -0.090694055 1.0367562e-06
vn 0.995878816 -0.090694055 1.0367562e-06
vn 0.995878816 -0.0906940848 1.44170997e-06
vn 0.995878875 -0.0906936377 -1.64050707e-12
vn 0.995878696 -0.0906953439 -4.34251945e-13
vn 0.995878816 -0.0906940475 9.89083674e-07
vn 0.995878816 -0.090694055 1.0367562e-06
vn 0.995878816 -0.090694055 1.0367562e-06
vn 0.995878816 -0.0906940475 9.89083674e-07
vn 0.995878637 -0.0906954333 -3.13626295e-13
vn 0.995878935 -0.0906926766 6.27252753e-13
vn 0.995878816 -0.090694055 -9.89083901e-07
vn 0.995878816 -0.0906938687 -1.25622933e-06
vn 0.995878816 -0.0906938687 -1.25622933e-06
vn 0.995878816 -0.090694055 -9.89083901e-07
vn 0.995878935 -0.0906931907 -1.25450757e-12
vn 0.995878696 -0.0906946361 3.86001723e-13
vn 0.995878816 -0.0906940773 1.4417102e-06
vn 0.995878816 -0.0906936899 1.22742483e-06
vn 0.995878816 -0.0906936899 1.22742483e-06
vn 0.995878816 -0.0906940773 1.4417102e-06
vn 0.995878756 -0.0906946883 0
vn 0.995878816 -0.0906936899 1.22742483e-06
vn 0.995878756 -0.0906946883 0
vn 0.995878816 -0.0906936824 -1.22742483e-06
vn 0.995878816 -0.0906936303 0
vn 0.995878816 -0.0906940997 -1.44171054e-06
vn 0.995878875 -0.0906940475 -1.03675632e-06
vn 0.995878875 -0.0906940475 -1.03675632e-06
vn 0.995878816 -0.0906940997 -1.44171054e-06
vn 0.995878935 -0.0906925499 0
vn 0.995878875 -0.0906940475 -1.03675632e-06
vn 0.995878935 -0.0906925499 0
vn 0.995878875 -0.0906940475 1.03675632e-06
vn 0.995878816 -0.0906936601 1.15800533e-12
vn 0.995878816 -0.0906936899 1.22742483e-06
vn 0.995878816 -0.0906940922 1.4500738e-06
vn 0.995878816 -0.0906940922 1.4500738e-06
vn 0.995878816 -0.0906936899 1.22742483e-06
vn 0.995878935 -0.090692617 0
vn 0.995878756 -0.0906946138 -7.2375298e-13
vn 0.995878816 -0.0906936228 1.05204015e-06
vn 0.995878935 -0.0906929672 -7.04485998e-08
vn 0.995878935 -0.0906929672 -7.04485998e-08
vn 0.995878816 -0.0906936228 1.05204015e-06
vn 0.995878756 -0.0906946138 -7.2375298e-13
vn 0.995878935 -0.0906925574 -8.68503837e-13
vn 0.995878816 -0.0906936228 1.05204015e-06
vn 0.995878816 -0.0906936079 1.04829405e-06
vn 0.995878816 -0.0906936079 1.04829405e-06
vn 0.995878816 -0.0906936228 1.05204015e-06
vn 0.995878935 -0.0906926095 -9.16753977e-13
vn 0.995878637 -0.090696156 0
vn 0.995878816 -0.0906941667 8.67820972e-07
vn 0.995878637 -0.0906953961 -3.77548247e-07
vn 0.995878637 -0.0906953961 -3.77548247e-07
vn 0.995878816 -0.0906941667 8.67820972e-07
vn 0.995878637 -0.090696156 0
vn 0.995878696 -0.0906947553 5.79002449e-13
vn 0.995878696 -0.0906946287 -1.65447411e-09
vn 0.995878875 -0.0906936601 -1.02056231e-06
vn 0.995878875 -0.0906936601 -1.02056231e-06
vn 0.995878696 -0.0906946287 -1.65447411e-09
vn 0.995878696 -0.0906946436 5.79002558e-13
vn 0.995878935 -0.0906926766 8.68503728e-13
vn 0.995878816 -0.090693593 -1.0760989e-06
vn 0.995878875 -0.0906936601 -1.02056231e-06
vn 0.995878875 -0.0906936601 -1.02056231e-06
vn 0.995878816 -0.090693593 -1.0760989e-06
vn 0.995879054 -0.0906925797 7.72003555e-13
vn 0.995878696 -0.0906945094 -4.82502168e-13
vn 0.995878816 -0.090693593 1.07609924e-06
vn 0.995878816 -0.0906940773 1.4002743e-06
vn 0.995878816 -0.0906940773 1.4002743e-06
vn 0.995878816 -0.090693593 1.07609924e-06
vn 0.995878696 -0.0906947181 5.30752092e-13
vn 0.995878696 -0.0906946063 3.86001615e-13
vn 0.995878696 -0.0906946287 -1.65448621e-09
vn 0.995878816 -0.0906938761 1.25622944e-06
vn 0.995878816 -0.0906938761 1.25622944e-06
vn 0.995878696 -0.0906946287 -1.65448621e-09
vn 0.995878696 -0.0906945989 0
vn 0.995878696 -0.0906946585 0
vn 0.995878696 -0.0906946361 1.65452241e-09
vn 0.995878875 -0.0906936675 1.02056254e-06
vn 0.995878875 -0.0906936675 1.02056254e-06
vn 0.995878696 -0.0906946361 1.65452241e-09
vn 0.995878756 -0.0906947479 0
vn 0.995878875 -0.0906936675 1.02056254e-06
vn 0.995878756 -0.0906947479 0
vn 0.995878875 -0.0906936675 -1.02056254e-06
vn 0.995878935 -0.0906924456 3.86001777e-13
vn 0.995878816 -0.0906936377 -1.00346574e-06
vn 0.995878816 -0.0906935781 -1.07754499e-06
vn 0.995878816 -0.0906935781 -1.07754499e-06
vn 0.995878816 -0.0906936377 -1.00346574e-06
vn 0.995878935 -0.0906926394 -9.6500401e-13
vn 0.995878816 -0.0906935781 -1.07754499e-06
vn 0.995878935 -0.0906926394 -9.6500401e-13
vn 0.995878816 -0.0906935707 1.07754465e-06
vn 0.995878577 -0.0906956196 5.79003208e-13
vn 0.995878696 -0.0906950533 -1.22014567e-08
vn 0.995879114 -0.0906910449 -7.24720508e-07
vn 0.995879114 -0.0906910449 -7.24720508e-07
vn 0.995878696 -0.0906950533 -1.22014567e-08
vn 0.995878696 -0.0906949118 0
vn 0.995878696 -0.0906947851 3.86001723e-13
vn 0.995878816 -0.0906936154 -1.00346574e-06
vn 0.995878816 -0.0906936228 -1.00346551e-06
vn 0.995878816 -0.0906936228 -1.00346551e-06
vn 0.995878816 -0.0906936154 -1.00346574e-06
vn 0.995878696 -0.0906947851 -5.30752363e-13
vn 0.995878696 -0.0906945094 -5.79002558e-13
vn 0.995878875 -0.0906937942 -5.09816971e-07
vn 0.995878816 -0.0906935781 -1.07754499e-06
vn 0.995878816 -0.0906935781 -1.07754499e-06
vn 0.995878875 -0.0906937942 -5.09816971e-07
vn 0.995878756 -0.0906947255 2.653761e-13
vn 0.995878696 -0.0906947181 -5.79002287e-13
vn 0.995878816 -0.0906935707 -1.07754488e-06
vn 0.995878816 -0.0906933844 -8.19457057e-07
vn 0.995878816 -0.0906933844 -8.19457057e-07
vn 0.995878816 -0.0906935707 -1.07754488e-06
vn 0.995878696 -0.0906945169 3.37751474e-13
vn 0.995878816 -0.0906935334 0
vn 0.995878816 -0.0906940699 -1.40027419e-06
vn 0.995878816 -0.0906937122 -1.22616211e-06
vn 0.995878816 -0.0906937122 -1.22616211e-06
vn 0.995878816 -0.0906940699 -1.40027419e-06
vn 0.995878935 -0.0906926319 -5.79002395e-13
vn 0.995878816 -0.0906939656 1.30275597e-12
vn 0.995878816 -0.090693213 1.00618149e-06
vn 0.995878816 -0.0906936601 3.53664177e-07
vn 0.995878816 -0.0906936601 3.53664177e-07
vn 0.995878816 -0.090693213 1.00618149e-06
vn 0.995878756 -0.0906945616 0
vn 0.995878816 -0.0906936601 3.53664177e-07
vn 0.995878756 -0.0906945616 0
vn 0.995878816 -0.090693675 -3.53664205e-07
vn 0.995878994 -0.0906920508 0
vn 0.995878816 -0.090693377 -8.19457e-07
vn 0.995878935 -0.0906932205 -1.00618138e-06
vn 0.995878935 -0.0906932205 -1.00618138e-06
vn 0.995878816 -0.090693377 -8.19457e-07
vn 0.995878875 -0.0906924382 0
vn 0.995878935 -0.0906932205 -1.00618138e-06
vn 0.995878875 -0.0906924382 0
vn 0.995878935 -0.0906932056 1.00618149e-06
vn 0.995878696 -0.0906945094 0
vn 0.995878816 -0.0906935707 1.07754488e-06
vn 0.995878935 -0.0906934068 8.19457227e-07
vn 0.995878935 -0.0906934068 8.19457227e-07
vn 0.995878816 -0.0906935707 1.07754488e-06
vn 0.995878756 -0.0906947255 3.6187649e-13
vn 0.995878935 -0.0906934068 8.19457227e-07
vn 0.995878756 -0.0906947255 3.6187649e-13
vn 0.995878935 -0.0906933993 -8.19457114e-07
vn 0.995878935 -0.0906926394 -9.6500401e-13
vn 0.995878816 -0.0906935856 -1.07754499e-06
vn 0.995878816 -0.0906936228 -1.00346551e-06
vn 0.995878816 -0.0906936228 -1.00346551e-06
vn 0.995878816 -0.0906935856 -1.07754499e-06
vn 0.995878875 -0.0906924382 3.86001805e-13
vn 0.995879054 -0.0906920582 -4.58377639e-13
vn 0.995878816 -0.0906933844 -8.19457057e-07
vn 0.995878875 -0.0906932205 -1.00618126e-06
vn 0.995878875 -0.0906932205 -1.00618126e-06
vn 0.995878816 -0.0906933844 -8.19457057e-07
vn 0.995878935 -0.0906924456 3.86001777e-13
vn 0.995878756 -0.0906947255 7.47878051e-13
vn 0.995878875 -0.0906937942 5.09817994e-07
vn 0.995878816 -0.0906935781 1.07754477e-06
vn 0.995878816 -0.0906935781 1.07754477e-06
vn 0.995878875 -0.0906937942 5.09817994e-07
vn 0.995878696 -0.0906945094 0
vn 0.995879531 -0.0906863734 0
vn 0.995878875 -0.0906937942 5.09817994e-07
vn 0.995879114 -0.0906910449 -7.24720508e-07
vn 0.995879114 -0.0906910449 -7.24720508e-07
vn 0.995878875 -0.0906937942 5.09817994e-07
vn 0.995878816 -0.090693593 2.50900776e-12
vn 0.995879471 -0.0906865373 -1.93001084e-12
vn 0.995879054 -0.0906917676 1.37247434e-06
vn 0.995878816 -0.0906936824 -3.53663779e-07
vn 0.995878816 -0.0906936824 -3.53663779e-07
vn 0.995879054 -0.0906917676 1.37247434e-06
vn 0.995878816 -0.0906935334 -1.737008e-12
vn 0.995878816 -0.0906936824 -3.53663779e-07
vn 0.995878816 -0.0906935334 -1.737008e-12
vn 0.995878816 -0.0906936675 3.53663268e-07
vn 0.995878935 -0.0906935558 9.6500466e-13
vn 0.995878816 -0.0906936824 -3.53663751e-07
vn 0.995879054 -0.0906917751 1.37247537e-06
vn 0.995879054 -0.0906917751 1.37247537e-06
vn 0.995878816 -0.0906936824 -3.53663751e-07
vn 0.995879471 -0.0906865448 3.86002168e-12
vn 0.995878696 -0.0906947851 7.72003446e-13
vn 0.995878816 -0.0906936228 1.00346574e-06
vn 0.995878816 -0.0906936377 1.00346563e-06
vn 0.995878816 -0.0906936377 1.00346563e-06
vn 0.995878816 -0.0906936228 1.00346574e-06
vn 0.995878696 -0.0906947851 0
vn 0.995878816 -0.0906936377 1.00346563e-06
vn 0.995878696 -0.0906947851 0
vn 0.995878816 -0.0906936228 -1.00346574e-06
vn 0.995878696 -0.0906945094 0
vn 0.995878816 -0.0906937122 -1.22616211e-06
vn 0.995878696 -0.0906950459 -1.22014567e-08
vn 0.995878696 -0.0906950459 -1.22014567e-08
vn 0.995878816 -0.0906937122 -1.22616211e-06
vn 0.995878756 -0.0906947255 -4.10126685e-13
vn 0.995878577 -0.090696305 4.52345782e-14
vn 0.995879054 -0.0906917751 1.37247537e-06
vn 0.995878696 -0.0906952992 4.50333033e-07
vn 0.995878696 -0.0906952992 4.50333033e-07
vn 0.995879054 -0.0906917751 1.37247537e-06
vn 0.995878577 -0.090696305 -5.72971304e-14
vn 0.995878696 -0.0906945616 -4.34251241e-13
vn 0.995878875 -0.0906932205 -1.00618126e-06
vn 0.995878816 -0.0906936824 -3.53663779e-07
vn 0.995878816 -0.0906936824 -3.53663779e-07
vn 0.995878875 -0.0906932205 -1.00618126e-06
vn 0.995878816 -0.0906939656 4.82502222e-13
vn 0.995878935 -0.0906926394 0
vn 0.995878816 -0.0906936228 1.00346574e-06
vn 0.995878816 -0.0906935781 1.07754477e-06
vn 0.995878816 -0.0906935781 1.07754477e-06
vn 0.995878816 -0.0906936228 1.00346574e-06
vn 0.995878875 -0.0906924382 9.65004552e-13
vn 0.995878637 -0.0906956121 -4.34252406e-13
vn 0.995879114 -0.0906910449 7.24719712e-07
vn 0.995878696 -0.0906950533 1.22013599e-08
vn 0.995878696 -0.0906950533 1.22013599e-08
vn 0.995879114 -0.0906910449 7.24719712e-07
vn 0.995878696 -0.0906949267 6.7550311e-13
vn 0.995879173 -0.0906899422 -0
vn 0.995879114 -0.0906905532 -5.63226592e-07
vn 0.995879114 -0.0906907469 1.01123785e-08
vn 0.995879114 -0.0906907469 1.01123785e-08
vn 0.995879114 -0.0906905532 -5.63226592e-07
vn 0.995878816 -0.0906942189 4.42981303e-07
vn 0.995879114 -0.0906907469 1.01123785e-08
vn 0.995878816 -0.0906942189 4.42981303e-07
vn 0.995878994 -0.0906922966 -1.30195758e-07
vn 0.995878696 -0.0906952918 4.50333118e-07
vn 0.995878935 -0.0906933025 5.3660937e-08
vn 0.995879233 -0.0906894878 -1.18313233e-06
vn 0.995879233 -0.0906894878 -1.18313233e-06
vn 0.995878935 -0.0906933025 5.3660937e-08
vn 0.995879412 -0.0906874835 -4.06152111e-07
vn 0.995879233 -0.0906894878 -1.18313233e-06
vn 0.995879412 -0.0906874835 -4.06152111e-07
vn 0.99587965 -0.0906843841 -0
vn -0.0641095638 -0.704196095 -0.707105339
vn -0.0641138852 -0.704194486 -0.707106411
vn -0.0641248822 -0.704190612 -0.707109213
vn -0.0641248822 -0.704190612 -0.707109213
vn -0.0641138852 -0.704194486 -0.707106411
vn -0.0641291961 -0.704189122 -0.707110465
vn -0.237509906 -0.971385062 1.40504653e-07
vn -0.235210165 -0.971944571 -0.000133086549
vn -0.336216748 -0.94178468 0.000151732456
vn -0.336216748 -0.94178468 0.000151732456
vn -0.235210165 -0.971944571 -0.000133086549
vn -0.326805979 -0.945091367 -0.000419055315
vn -0.336216748 -0.94178468 0.000151732456
vn -0.326805979 -0.945091367 -0.000419055315
vn -0.461753398 -0.88700819 0.000470170169
vn -0.461753398 -0.88700819 0.000470170169
vn -0.326805979 -0.945091367 -0.000419055315
vn -0.443809658 -0.896120727 -0.000749852217
vn -0.461753398 -0.88700819 0.000470170169
vn -0.443809658 -0.896120727 -0.000749852217
vn -0.578601182 -0.81561023 0.000822073664
vn -0.578601182 -0.81561023 0.000822073664
vn -0.443809658 -0.896120727 -0.000749852217
vn -0.553675294 -0.832731903 -0.00112219318
vn -0.578601182 -0.81561023 0.000822073664
vn -0.553675294 -0.832731903 -0.00112219318
vn -0.682703316 -0.73069483 0.00116693007
vn -0.682703316 -0.73069483 0.00116693007
vn -0.553675294 -0.832731903 -0.00112219318
vn -0.656431973 -0.754384339 -0.00115314196
vn -0.682703316 -0.73069483 0.00116693007
vn -0.656431973 -0.754384339 -0.00115314196
vn -0.771139443 -0.636665344 0.00112049002
vn -0.771139443 -0.636665344 0.00112049002
vn -0.656431973 -0.754384339 -0.00115314196
vn -0.751713336 -0.659489393 -0.000797191169
vn -0.771139443 -0.636665344 0.00112049002
vn -0.751713336 -0.659489393 -0.000797191169
vn -0.845542252 -0.533908129 0.00075424579
vn -0.845542252 -0.533908129 0.00075424579
vn -0.751713336 -0.659489393 -0.000797191169
vn -0.83471787 -0.550677657 -0.000444325677
vn -0.845542252 -0.533908129 0.00075424579
vn -0.83471787 -0.550677657 -0.000444325677
vn -0.906334519 -0.422560573 0.000426833722
vn -0.906334519 -0.422560573 0.000426833722
vn -0.83471787 -0.550677657 -0.000444325677
vn -0.902055979 -0.431618989 -0.000138893345
vn -0.906334519 -0.422560573 0.000426833722
vn -0.902055979 -0.431618989 -0.000138893345
vn -0.942173898 -0.335124284 0.000134281203
vn -0.942173898 -0.335124284 0.000134281203
vn -0.902055979 -0.431618989 -0.000138893345
vn -0.941356838 -0.337412864 0
vn 3.89856353e-07 -0.0349014439 -0.999390781
vn -1.138274e-06 -0.0348950289 -0.999391019
vn 8.40892938e-08 -0.034902323 -0.999390781
vn -9.9025165e-08 -0.0348984338 -0.999390841
vn 1.83208556e-06 -0.0349010453 -0.999390781
vn 1.05914421e-06 -0.0348981135 -0.9993909
vn 8.41263386e-07 -0.0349003524 -0.999390841
vn -5.44872364e-06 -0.0348949358 -0.999391019
vn 1.73117058e-07 -0.0349011123 -0.999390721
vn 4.75746356e-06 -0.0349029042 -0.999390781
vn 0.0350489467 0.365841836 -0.930016816
vn 2.58156234e-07 -0.0349007808 -0.999390841
vn -0.0168371424 -0.212760702 -0.976959169
vn -7.6310962e-06 -0.03489713 -0.9993909
vn -0.0345572941 -0.39809832 -0.916691661
vn 2.08080178e-06 -0.0349008702 -0.999390781
vn 0.0350416377 0.365844309 -0.9300161
vn 2.80499421e-07 -0.0349005274 -0.999390841
vn -0.0168629959 -0.212748185 -0.976961493
vn 2.2368381e-06 -0.0349001028 -0.999390721
vn -0.0345611684 -0.398120046 -0.916682124
vn 2.36853271e-06 -0.034900438 -0.999390841
vn 0.0350419022 0.365838856 -0.930018306
vn 4.24803837e-08 -0.0349004157 -0.999390841
vn -2.29767451e-07 -0.0348991305 -0.999390841
vn -0 -0.0348995589 -0.999390841
vn 5.76438936e-07 -0.0348996483 -0.999390781
vn -2.29767451e-07 -0.0348991305 -0.999390841
vn 5.76438936e-07 -0.0348996483 -0.999390781
vn 9.76823685e-06 -0.0349016376 -0.999390721
vn -2.29767451e-07 -0.0348991305 -0.999390841
vn 9.76823685e-06 -0.0349016376 -0.999390721
vn 1.60013333e-05 -0.0349023789 -0.999390662
vn -2.29767451e-07 -0.0348991305 -0.999390841
vn 1.60013333e-05 -0.0349023789 -0.999390662
vn 0.0170402396 0.159175068 -0.987103283
vn -2.29767451e-07 -0.0348991305 -0.999390841
vn 0.0170402396 0.159175068 -0.987103283
vn -0.0168613102 -0.212744847 -0.976962209
vn -2.29767451e-07 -0.0348991305 -0.999390841
vn -0.0168613102 -0.212744847 -0.976962209
vn 0.017022064 0.159181058 -0.987102628
vn -2.29767451e-07 -0.0348991305 -0.999390841
vn 0.017022064 0.159181058 -0.987102628
vn -0.0168530643 -0.212748453 -0.976961672
vn -2.29767451e-07 -0.0348991305 -0.999390841
vn -0.0168530643 -0.212748453 -0.976961672
vn 0.0170439519 0.159176275 -0.987102985
vn -2.29767451e-07 -0.0348991305 -0.999390841
vn 0.0170439519 0.159176275 -0.987102985
vn -0.0168553777 -0.212746829 -0.976961911
vn -2.29767451e-07 -0.0348991305 -0.999390841
vn -0.0168553777 -0.212746829 -0.976961911
vn 0.0170410145 0.159174025 -0.987103403
vn -2.29767451e-07 -0.0348991305 -0.999390841
vn 0.0170410145 0.159174025 -0.987103403
vn -0.0168648288 -0.212744117 -0.976962388
vn -2.29767451e-07 -0.0348991305 -0.999390841
vn -0.0168648288 -0.212744117 -0.976962388
vn 0.017017588 0.159179062 -0.987103045
vn -2.29767451e-07 -0.0348991305 -0.999390841
vn 0.017017588 0.159179062 -0.987103045
vn -0.0168522801 -0.212748587 -0.976961672
vn -2.29767451e-07 -0.0348991305 -0.999390841
vn -0.0168522801 -0.212748587 -0.976961672
vn 0.0170216486 0.159181327 -0.987102628
vn -2.29767451e-07 -0.0348991305 -0.999390841
vn 0.0170216486 0.159181327 -0.987102628
vn 1.48963127e-05 -0.0349036455 -0.999390662
vn -2.29767451e-07 -0.0348991305 -0.999390841
vn 1.48963127e-05 -0.0349036455 -0.999390662
vn 0.000193327942 -0.0349478833 -0.999389052
vn -2.29767451e-07 -0.0348991305 -0.999390841
vn 0.000193327942 -0.0349478833 -0.999389052
vn -0.0168689527 -0.212741524 -0.976962805
vn -2.29767451e-07 -0.0348991305 -0.999390841
vn -0.0168689527 -0.212741524 -0.976962805
vn 0.0170453936 0.159175411 -0.987103105
vn -2.29767451e-07 -0.0348991305 -0.999390841
vn 0.0170453936 0.159175411 -0.987103105
vn 1.57592865e-06 -0.0349002369 -0.999390841
vn -2.29767451e-07 -0.0348991305 -0.999390841
vn 1.57592865e-06 -0.0349002369 -0.999390841
vn -3.56761193e-05 -0.0348892771 -0.999391139
vn -2.29767451e-07 -0.0348991305 -0.999390841
vn -3.56761193e-05 -0.0348892771 -0.999391139
vn -0.0168526433 -0.212747455 -0.976961851
vn 0.0170407668 0.159201115 -0.987099051
vn 0.0350483544 0.365833044 -0.930020392
vn 3.41114537e-06 -0.034905348 -0.999390602
vn 0.0170407668 0.159201115 -0.987099051
vn 3.41114537e-06 -0.034905348 -0.999390602
vn 3.19079709e-06 -0.0349101275 -0.999390483
vn 0.0170407668 0.159201115 -0.987099051
vn 3.19079709e-06 -0.0349101275 -0.999390483
vn 6.94147184e-06 -0.0348861292 -0.999391317
vn 0.0170407668 0.159201115 -0.987099051
vn 6.94147184e-06 -0.0348861292 -0.999391317
vn 5.7723264e-06 -0.0348898582 -0.999391198
vn 0.0170407668 0.159201115 -0.987099051
vn 5.7723264e-06 -0.0348898582 -0.999391198
vn 8.9385685e-06 -0.034879934 -0.999391496
vn 0.0170407668 0.159201115 -0.987099051
vn 8.9385685e-06 -0.034879934 -0.999391496
vn 2.6614764e-06 -0.0348957554 -0.99939096
vn 0.0170407668 0.159201115 -0.987099051
vn 2.6614764e-06 -0.0348957554 -0.99939096
vn 1.03459718e-06 -0.0348959081 -0.999391019
vn 0.0170407668 0.159201115 -0.987099051
vn 1.03459718e-06 -0.0348959081 -0.999391019
vn 3.89856353e-07 -0.0349014439 -0.999390781
vn 0.0170152448 0.159186378 -0.987101853
vn 0.0350416377 0.365844309 -0.9300161
vn 2.08080178e-06 -0.0349008702 -0.999390781
vn 0.0170152448 0.159186378 -0.987101853
vn 2.08080178e-06 -0.0349008702 -0.999390781
vn -2.29767451e-07 -0.0348991305 -0.999390841
vn 0.0170152448 0.159186378 -0.987101853
vn -2.29767451e-07 -0.0348991305 -0.999390841
vn -0.0168629959 -0.212748185 -0.976961493
vn -1.39426102e-05 -0.0348945856 -0.999391019
vn 2.2368381e-06 -0.0349001028 -0.999390721
vn -0.0168629959 -0.212748185 -0.976961493
vn -1.39426102e-05 -0.0348945856 -0.999391019
vn -0.0168629959 -0.212748185 -0.976961493
vn -2.29767451e-07 -0.0348991305 -0.999390841
vn -1.39426102e-05 -0.0348945856 -0.999391019
vn -2.29767451e-07 -0.0348991305 -0.999390841
vn 2.36853271e-06 -0.034900438 -0.999390841
vn 0.0170462746 0.159170538 -0.987103939
vn 0.0350419022 0.365838856 -0.930018306
vn 2.36853271e-06 -0.034900438 -0.999390841
vn 0.0170462746 0.159170538 -0.987103939
vn 2.36853271e-06 -0.034900438 -0.999390841
vn -2.29767451e-07 -0.0348991305 -0.999390841
vn 0.0170462746 0.159170538 -0.987103939
vn -2.29767451e-07 -0.0348991305 -0.999390841
vn -0.0168526433 -0.212747455 -0.976961851
vn -2.29767451e-07 -0.0348991305 -0.999390841
vn 2.08080178e-06 -0.0349008702 -0.999390781
vn 2.75508637e-06 -0.0349006131 -0.999390841
vn -2.29767451e-07 -0.0348991305 -0.999390841
vn 2.75508637e-06 -0.0349006131 -0.999390841
vn -7.6310962e-06 -0.03489713 -0.9993909
vn -2.29767451e-07 -0.0348991305 -0.999390841
vn -7.6310962e-06 -0.03489713 -0.9993909
vn -0.0168371424 -0.212760702 -0.976959169
vn -2.29767451e-07 -0.0348991305 -0.999390841
vn -0.0168371424 -0.212760702 -0.976959169
vn 0.0169951562 0.159215003 -0.987097621
vn -2.29767451e-07 -0.0348991305 -0.999390841
vn 0.0169951562 0.159215003 -0.987097621
vn 0.0350489467 0.365841836 -0.930016816
vn -2.29767451e-07 -0.0348991305 -0.999390841
vn 0.0350489467 0.365841836 -0.930016816
vn 4.75746356e-06 -0.0349029042 -0.999390781
vn -2.29767451e-07 -0.0348991305 -0.999390841
vn 4.75746356e-06 -0.0349029042 -0.999390781
vn -1.41660246e-06 -0.0348974802 -0.9993909
vn -2.29767451e-07 -0.0348991305 -0.999390841
vn -1.41660246e-06 -0.0348974802 -0.9993909
vn -5.44872364e-06 -0.0348949358 -0.999391019
vn -2.29767451e-07 -0.0348991305 -0.999390841
vn -5.44872364e-06 -0.0348949358 -0.999391019
vn 8.41263386e-07 -0.0349003524 -0.999390841
vn -2.29767451e-07 -0.0348991305 -0.999390841
vn 8.41263386e-07 -0.0349003524 -0.999390841
vn 1.44025194e-06 -0.0349084176 -0.999390543
vn -2.29767451e-07 -0.0348991305 -0.999390841
vn 1.44025194e-06 -0.0349084176 -0.999390543
vn 4.54755281e-07 -0.0349015705 -0.999390781
vn -2.29767451e-07 -0.0348991305 -0.999390841
vn 4.54755281e-07 -0.0349015705 -0.999390781
vn 1.08337041e-07 -0.0348974466 -0.99939096
vn -2.29767451e-07 -0.0348991305 -0.999390841
vn 1.08337041e-07 -0.0348974466 -0.99939096
vn 8.59555428e-07 -0.0348966047 -0.99939096
vn -2.29767451e-07 -0.0348991305 -0.999390841
vn 8.59555428e-07 -0.0348966047 -0.99939096
vn 3.71274268e-07 -0.0348975584 -0.9993909
vn -2.29767451e-07 -0.0348991305 -0.999390841
vn 3.71274268e-07 -0.0348975584 -0.9993909
vn -0 -0.0348994322 -0.999390841
vn 3.71274268e-07 -0.0348975584 -0.9993909
vn 8.59555428e-07 -0.0348966047 -0.99939096
vn 3.12909629e-06 -0.0349032506 -0.999390721
vn 3.71274268e-07 -0.0348975584 -0.9993909
vn 3.12909629e-06 -0.0349032506 -0.999390721
vn 1.83208556e-06 -0.0349010453 -0.999390781
vn 3.71274268e-07 -0.0348975584 -0.9993909
vn 1.83208556e-06 -0.0349010453 -0.999390781
vn -9.9025165e-08 -0.0348984338 -0.999390841
vn 3.71274268e-07 -0.0348975584 -0.9993909
vn -9.9025165e-08 -0.0348984338 -0.999390841
vn -4.11759356e-06 -0.0348751917 -0.999391735
vn 3.71274268e-07 -0.0348975584 -0.9993909
vn -4.11759356e-06 -0.0348751917 -0.999391735
vn -1.138274e-06 -0.0348950289 -0.999391019
vn 3.71274268e-07 -0.0348975584 -0.9993909
vn -1.138274e-06 -0.0348950289 -0.999391019
vn 3.89856353e-07 -0.0349014439 -0.999390781
vn 3.71274268e-07 -0.0348975584 -0.9993909
vn 3.89856353e-07 -0.0349014439 -0.999390781
vn 1.03459718e-06 -0.0348959081 -0.999391019
vn 9.76823685e-06 -0.0349016376 -0.999390721
vn 4.20361948e-06 -0.0349014141 -0.999390721
vn 1.60013333e-05 -0.0349023789 -0.999390662
vn 1.60013333e-05 -0.0349023789 -0.999390662
vn 4.20361948e-06 -0.0349014141 -0.999390721
vn 5.61805791e-07 -0.0348999016 -0.999390841
vn 0.0170402396 0.159175068 -0.987103283
vn 0.0350407548 0.365836471 -0.930019259
vn -0.0168613102 -0.212744847 -0.976962209
vn -0.0168613102 -0.212744847 -0.976962209
vn 0.0350407548 0.365836471 -0.930019259
vn -0.0345643498 -0.398110896 -0.916685879
vn 0.017022064 0.159181058 -0.987102628
vn 0.0350502059 0.365831941 -0.93002075
vn -0.0168530643 -0.212748453 -0.976961672
vn -0.0168530643 -0.212748453 -0.976961672
vn 0.0350502059 0.365831941 -0.93002075
vn -0.0345431827 -0.398114502 -0.916685104
vn 0.0170439519 0.159176275 -0.987102985
vn 0.0350479521 0.365833759 -0.930020154
vn -0.0168553777 -0.212746829 -0.976961911
vn -0.0168553777 -0.212746829 -0.976961911
vn 0.0350479521 0.365833759 -0.930020154
vn -0.0345476717 -0.398116052 -0.91668427
vn 0.0170410145 0.159174025 -0.987103403
vn 0.0350398459 0.365838647 -0.930018485
vn -0.0168648288 -0.212744117 -0.976962388
vn -0.0168648288 -0.212744117 -0.976962388
vn 0.0350398459 0.365838647 -0.930018485
vn -0.0345623754 -0.398112178 -0.916685462
vn 0.017017588 0.159179062 -0.987103045
vn 0.0350399427 0.365839928 -0.930017889
vn -0.0168522801 -0.212748587 -0.976961672
vn -0.0168522801 -0.212748587 -0.976961672
vn 0.0350399427 0.365839928 -0.930017889
vn -0.0345619135 -0.398113042 -0.916685045
vn 0.0170216486 0.159181327 -0.987102628
vn 0.0350474082 0.365834951 -0.930019557
vn 1.48963127e-05 -0.0349036455 -0.999390662
vn 1.48963127e-05 -0.0349036455 -0.999390662
vn 0.0350474082 0.365834951 -0.930019557
vn -5.18767365e-07 -0.0349003635 -0.999390841
vn 0.000193327942 -0.0349478833 -0.999389052
vn -7.07456729e-06 -0.0348962322 -0.9993909
vn -0.0168689527 -0.212741524 -0.976962805
vn -0.0168689527 -0.212741524 -0.976962805
vn -7.07456729e-06 -0.0348962322 -0.9993909
vn -0.0345504433 -0.398115784 -0.91668433
vn 0.0170453936 0.159175411 -0.987103105
vn 0.0350475796 0.365835726 -0.930019259
vn 1.57592865e-06 -0.0349002369 -0.999390841
vn 1.57592865e-06 -0.0349002369 -0.999390841
vn 0.0350475796 0.365835726 -0.930019259
vn -5.18765717e-07 -0.0349003673 -0.999390841
vn -3.56761193e-05 -0.0348892771 -0.999391139
vn 5.57630983e-06 -0.0349015892 -0.999390781
vn -0.0168526433 -0.212747455 -0.976961851
vn -0.0168526433 -0.212747455 -0.976961851
vn 5.57630983e-06 -0.0349015892 -0.999390781
vn -0.0345493555 -0.398117065 -0.916683793
vn 0.0350483544 0.365833044 -0.930020392
vn 2.66453321e-06 -0.034901347 -0.999390662
vn 3.41114537e-06 -0.034905348 -0.999390602
vn 3.41114537e-06 -0.034905348 -0.999390602
vn 2.66453321e-06 -0.034901347 -0.999390662
vn 2.52021391e-06 -0.0349019915 -0.999390721
vn -0.995878875 0.0906937569 -2.08156976e-08
vn -0.995878756 0.090693742 2.08152606e-08
vn -0.995878816 0.0906935632 -8.83249299e-07
vn -0.995878875 0.0906937569 -2.08156976e-08
vn -0.995878816 0.0906935632 -8.83249299e-07
vn -0.995878875 0.0906935707 8.83252824e-07
vn -0.995878875 0.0906937569 -2.08156976e-08
vn -0.995878875 0.0906935707 8.83252824e-07
vn -0.995878875 0.0906936899 1.19981294e-07
vn -0.995878875 0.0906937569 -2.08156976e-08
vn -0.995878875 0.0906936899 1.19981294e-07
vn -0.995878816 0.0906942561 -8.22866332e-06
vn -0.995878875 0.0906937569 -2.08156976e-08
vn -0.995878816 0.0906942561 -8.22866332e-06
vn -0.995878875 0.0906936973 5.23992355e-07
vn -0.995878875 0.0906937569 -2.08156976e-08
vn -0.995878875 0.0906936973 5.23992355e-07
vn -0.995878875 0.0906937048 4.17315761e-07
vn -0.995878875 0.0906937569 -2.08156976e-08
vn -0.995878875 0.0906937048 4.17315761e-07
vn -0.995878875 0.0906936973 8.5043348e-07
vn -0.995878875 0.0906937569 -2.08156976e-08
vn -0.995878875 0.0906936973 8.5043348e-07
vn -0.995878816 0.0906939358 -1.82837903e-05
vn -0.995878875 0.0906937569 -2.08156976e-08
vn -0.995878816 0.0906939358 -1.82837903e-05
vn -0.995878875 0.0906937271 1.10843951e-06
vn -0.995878875 0.0906937569 -2.08156976e-08
vn -0.995878875 0.0906937271 1.10843951e-06
vn -0.995878875 0.0906937048 5.82423718e-06
vn -0.995878875 0.0906937569 -2.08156976e-08
vn -0.995878875 0.0906937048 5.82423718e-06
vn -0.995878875 0.0906938687 -8.23970026e-07
vn -0.995878875 0.0906937569 -2.08156976e-08
vn -0.995878875 0.0906938687 -8.23970026e-07
vn -0.995878816 0.0906940401 -2.01477306e-07
vn -0.995878756 0.090693742 2.08152606e-08
vn -0.995878756 0.0906940326 2.01477249e-07
vn -0.995878875 0.0906938687 8.23969856e-07
vn -0.995878756 0.090693742 2.08152606e-08
vn -0.995878875 0.0906938687 8.23969856e-07
vn -0.995878875 0.0906936973 -5.82423718e-06
vn -0.995878756 0.090693742 2.08152606e-08
vn -0.995878875 0.0906936973 -5.82423718e-06
vn -0.995878875 0.0906937271 -1.10843951e-06
vn -0.995878756 0.090693742 2.08152606e-08
vn -0.995878875 0.0906937271 -1.10843951e-06
vn -0.995878756 0.0906939507 1.82837884e-05
vn -0.995878756 0.090693742 2.08152606e-08
vn -0.995878756 0.0906939507 1.82837884e-05
vn -0.995878875 0.0906936899 -8.50433253e-07
vn -0.995878756 0.090693742 2.08152606e-08
vn -0.995878875 0.0906936899 -8.50433253e-07
vn -0.995878875 0.0906937048 -4.17310588e-07
vn -0.995878756 0.090693742 2.08152606e-08
vn -0.995878875 0.0906937048 -4.17310588e-07
vn -0.995878875 0.0906937197 -5.23992696e-07
vn -0.995878756 0.090693742 2.08152606e-08
vn -0.995878875 0.0906937197 -5.23992696e-07
vn -0.995878756 0.0906942636 8.2285942e-06
vn -0.995878756 0.090693742 2.08152606e-08
vn -0.995878756 0.0906942636 8.2285942e-06
vn -0.995878875 0.0906936824 -1.19981266e-07
vn -0.995878756 0.090693742 2.08152606e-08
vn -0.995878875 0.0906936824 -1.19981266e-07
vn -0.995878816 0.0906935632 -8.83249299e-07
vn -0.995878875 0.0906936824 -1.19981266e-07
vn -0.995878756 0.0906942636 8.2285942e-06
vn -0.995878875 0.0906936899 1.19981294e-07
vn -0.995878875 0.0906936899 1.19981294e-07
vn -0.995878756 0.0906942636 8.2285942e-06
vn -0.995878816 0.0906942561 -8.22866332e-06
vn -0.995878875 0.0906937197 -5.23992696e-07
vn -0.995878875 0.0906937048 -4.17310588e-07
vn -0.995878875 0.0906936973 5.23992355e-07
vn -0.995878875 0.0906936973 5.23992355e-07
vn -0.995878875 0.0906937048 -4.17310588e-07
vn -0.995878875 0.0906937048 4.17315761e-07
vn -0.995878875 0.0906936899 -8.50433253e-07
vn -0.995878756 0.0906939507 1.82837884e-05
vn -0.995878875 0.0906936973 8.5043348e-07
vn -0.995878875 0.0906936973 8.5043348e-07
vn -0.995878756 0.0906939507 1.82837884e-05
vn -0.995878816 0.0906939358 -1.82837903e-05
vn -0.995878875 0.0906937271 -1.10843951e-06
vn -0.995878875 0.0906936973 -5.82423718e-06
vn -0.995878875 0.0906937271 1.10843951e-06
vn -0.995878875 0.0906937271 1.10843951e-06
vn -0.995878875 0.0906936973 -5.82423718e-06
vn -0.995878875 0.0906937048 5.82423718e-06
vn -0.995878875 0.0906938687 8.23969856e-07
vn -0.995878756 0.0906940326 2.01477249e-07
vn -0.995878875 0.0906938687 -8.23970026e-07
vn -0.995878875 0.0906938687 -8.23970026e-07
vn -0.995878756 0.0906940326 2.01477249e-07
vn -0.995878816 0.0906940401 -2.01477306e-07
vn 4.25033058e-08 -0.0349027589 0.999390721
vn -1.35720074e-06 -0.0348944403 0.999391019
vn 3.88369131e-07 -0.0349015146 0.999390781
vn 1.05914421e-06 -0.0348981135 0.9993909
vn 1.09030839e-06 -0.0349001884 0.999390781
vn -1.60013215e-07 -0.0348985046 0.9993909
vn 1.44656013e-07 -0.0349014066 0.999390781
vn -6.27608142e-06 -0.0348943658 0.999391019
vn 1.02359297e-06 -0.0349007435 0.999390781
vn 3.08412467e-07 -0.0349001847 0.999390841
vn 0.0350488424 0.365834892 0.930019498
vn 2.87805983e-06 -0.0349014401 0.999390781
vn -0.034547437 -0.398102939 0.916689992
vn -7.60674993e-06 -0.0348955952 0.999391019
vn -0.0168539789 -0.212764367 0.976958215
vn 2.27542571e-07 -0.034901116 0.999390841
vn 0.0350422189 0.365843475 0.930016458
vn 3.62515675e-06 -0.0349016972 0.999390781
vn -0.0345621444 -0.398118913 0.916682541
vn 2.50210564e-06 -0.0349005051 0.999390841
vn -0.0168630164 -0.212747723 0.976961613
vn -2.29504323e-07 -0.034899164 0.999390841
vn -4.00110093e-06 -0.0348977968 0.9993909
vn 0.0170465186 0.15917033 0.987103939
vn -2.29504323e-07 -0.034899164 0.999390841
vn 0.0170465186 0.15917033 0.987103939
vn -0.0168520864 -0.212747514 0.976961911
vn -2.29504323e-07 -0.034899164 0.999390841
vn -0.0168520864 -0.212747514 0.976961911
vn -4.23119163e-05 -0.0348874778 0.999391198
vn -2.29504323e-07 -0.034899164 0.999390841
vn -4.23119163e-05 -0.0348874778 0.999391198
vn 3.31680917e-06 -0.034900941 0.999390781
vn -2.29504323e-07 -0.034899164 0.999390841
vn 3.31680917e-06 -0.034900941 0.999390781
vn 0.0170442779 0.159175456 0.987103164
vn -2.29504323e-07 -0.034899164 0.999390841
vn 0.0170442779 0.159175456 0.987103164
vn -0.0168500673 -0.212746352 0.976962209
vn -2.29504323e-07 -0.034899164 0.999390841
vn -0.0168500673 -0.212746352 0.976962209
vn -0.000177656359 -0.0348546132 0.999392331
vn -2.29504323e-07 -0.034899164 0.999390841
vn -0.000177656359 -0.0348546132 0.999392331
vn -7.26912822e-06 -0.0348978564 0.9993909
vn -2.29504323e-07 -0.034899164 0.999390841
vn -7.26912822e-06 -0.0348978564 0.9993909
vn 0.0170227047 0.159181058 0.987102628
vn -2.29504323e-07 -0.034899164 0.999390841
vn 0.0170227047 0.159181058 0.987102628
vn -0.0168634318 -0.212745652 0.976962149
vn -2.29504323e-07 -0.034899164 0.999390841
vn -0.0168634318 -0.212745652 0.976962149
vn 0.0170350894 0.159176096 0.987103224
vn -2.29504323e-07 -0.034899164 0.999390841
vn 0.0170350894 0.159176096 0.987103224
vn -0.0168635324 -0.212744147 0.976962388
vn -2.29504323e-07 -0.034899164 0.999390841
vn -0.0168635324 -0.212744147 0.976962388
vn 0.0170420688 0.159173742 0.987103403
vn -2.29504323e-07 -0.034899164 0.999390841
vn 0.0170420688 0.159173742 0.987103403
vn -0.016856797 -0.212746322 0.97696203
vn -2.29504323e-07 -0.034899164 0.999390841
vn -0.016856797 -0.212746322 0.97696203
vn 0.017046012 0.159175858 0.987102985
vn -2.29504323e-07 -0.034899164 0.999390841
vn 0.017046012 0.159175858 0.987102985
vn -0.0168514177 -0.212748721 0.976961613
vn -2.29504323e-07 -0.034899164 0.999390841
vn -0.0168514177 -0.212748721 0.976961613
vn 0.017042581 0.159177333 0.987102866
vn -2.29504323e-07 -0.034899164 0.999390841
vn 0.017042581 0.159177333 0.987102866
vn -0.0168927219 -0.21273829 0.976963162
vn -2.29504323e-07 -0.034899164 0.999390841
vn -0.0168927219 -0.21273829 0.976963162
vn 0.0170383938 0.159177125 0.987102926
vn -2.29504323e-07 -0.034899164 0.999390841
vn 0.0170383938 0.159177125 0.987102926
vn 1.84282235e-05 -0.0349027589 0.999390662
vn -2.29504323e-07 -0.034899164 0.999390841
vn 1.84282235e-05 -0.0349027589 0.999390662
vn 1.41550772e-05 -0.0349024311 0.999390721
vn -2.29504323e-07 -0.034899164 0.999390841
vn 1.41550772e-05 -0.0349024311 0.999390721
vn 8.8099074e-07 -0.0348997079 0.999390781
vn -2.29504323e-07 -0.034899164 0.999390841
vn 8.8099074e-07 -0.0348997079 0.999390781
vn -0 -0.03489957 0.999390841
vn 0.0170106869 0.159187838 0.987101734
vn -0.0168630164 -0.212747723 0.976961613
vn -2.29504323e-07 -0.034899164 0.999390841
vn 0.0170106869 0.159187838 0.987101734
vn -2.29504323e-07 -0.034899164 0.999390841
vn 3.62515675e-06 -0.0349016972 0.999390781
vn 0.0170106869 0.159187838 0.987101734
vn 3.62515675e-06 -0.0349016972 0.999390781
vn 0.0350422189 0.365843475 0.930016458
vn -1.50579444e-05 -0.0348943099 0.999391019
vn -4.00110093e-06 -0.0348977968 0.9993909
vn -2.29504323e-07 -0.034899164 0.999390841
vn -1.50579444e-05 -0.0348943099 0.999391019
vn -2.29504323e-07 -0.034899164 0.999390841
vn -0.0168630164 -0.212747723 0.976961613
vn -1.50579444e-05 -0.0348943099 0.999391019
vn -0.0168630164 -0.212747723 0.976961613
vn 2.50210564e-06 -0.0349005051 0.999390841
vn -2.29504323e-07 -0.034899164 0.999390841
vn -0 -0.0348995253 0.999390841
vn 3.62367189e-07 -0.0348975062 0.999390841
vn -2.29504323e-07 -0.034899164 0.999390841
vn 3.62367189e-07 -0.0348975062 0.999390841
vn 9.07168612e-07 -0.0348966978 0.99939096
vn -2.29504323e-07 -0.034899164 0.999390841
vn 9.07168612e-07 -0.0348966978 0.99939096
vn 1.08337041e-07 -0.0348974466 0.9993909
vn -2.29504323e-07 -0.034899164 0.999390841
vn 1.08337041e-07 -0.0348974466 0.9993909
vn 2.575417e-07 -0.0349005461 0.999390781
vn -2.29504323e-07 -0.034899164 0.999390841
vn 2.575417e-07 -0.0349005461 0.999390781
vn 9.32227806e-07 -0.0349052697 0.999390602
vn -2.29504323e-07 -0.034899164 0.999390841
vn 9.32227806e-07 -0.0349052697 0.999390602
vn 1.02359297e-06 -0.0349007435 0.999390781
vn -2.29504323e-07 -0.034899164 0.999390841
vn 1.02359297e-06 -0.0349007435 0.999390781
vn -6.27608142e-06 -0.0348943658 0.999391019
vn -2.29504323e-07 -0.034899164 0.999390841
vn -6.27608142e-06 -0.0348943658 0.999391019
vn -2.37191989e-06 -0.0348967165 0.99939096
vn -2.29504323e-07 -0.034899164 0.999390841
vn -2.37191989e-06 -0.0348967165 0.99939096
vn 2.87805983e-06 -0.0349014401 0.999390781
vn -2.29504323e-07 -0.034899164 0.999390841
vn 2.87805983e-06 -0.0349014401 0.999390781
vn 0.0350488424 0.365834892 0.930019498
vn -2.29504323e-07 -0.034899164 0.999390841
vn 0.0350488424 0.365834892 0.930019498
vn 0.0170794204 0.159166798 0.987103879
vn -2.29504323e-07 -0.034899164 0.999390841
vn 0.0170794204 0.159166798 0.987103879
vn -0.0168539789 -0.212764367 0.976958215
vn -2.29504323e-07 -0.034899164 0.999390841
vn -0.0168539789 -0.212764367 0.976958215
vn -7.60674993e-06 -0.0348955952 0.999391019
vn -2.29504323e-07 -0.034899164 0.999390841
vn -7.60674993e-06 -0.0348955952 0.999391019
vn 1.09339442e-06 -0.0348998196 0.999390781
vn -2.29504323e-07 -0.034899164 0.999390841
vn 1.09339442e-06 -0.0348998196 0.999390781
vn 3.62515675e-06 -0.0349016972 0.999390781
vn 3.62367189e-07 -0.0348975062 0.999390841
vn 9.6939084e-07 -0.0348957255 0.9993909
vn 3.88369131e-07 -0.0349015146 0.999390781
vn 3.62367189e-07 -0.0348975062 0.999390841
vn 3.88369131e-07 -0.0349015146 0.999390781
vn -1.35720074e-06 -0.0348944403 0.999391019
vn 3.62367189e-07 -0.0348975062 0.999390841
vn -1.35720074e-06 -0.0348944403 0.999391019
vn -4.7462604e-06 -0.0348718651 0.999391735
vn 3.62367189e-07 -0.0348975062 0.999390841
vn -4.7462604e-06 -0.0348718651 0.999391735
vn -1.60013215e-07 -0.0348985046 0.9993909
vn 3.62367189e-07 -0.0348975062 0.999390841
vn -1.60013215e-07 -0.0348985046 0.9993909
vn 1.09030839e-06 -0.0349001884 0.999390781
vn 3.62367189e-07 -0.0348975062 0.999390841
vn 1.09030839e-06 -0.0349001884 0.999390781
vn 2.59899571e-06 -0.0349026024 0.999390721
vn 3.62367189e-07 -0.0348975062 0.999390841
vn 2.59899571e-06 -0.0349026024 0.999390721
vn 9.07168612e-07 -0.0348966978 0.99939096
vn 0.0170396715 0.159179971 0.987102449
vn 3.88369131e-07 -0.0349015146 0.999390781
vn 9.6939084e-07 -0.0348957255 0.9993909
vn 0.0170396715 0.159179971 0.987102449
vn 9.6939084e-07 -0.0348957255 0.9993909
vn -2.93272052e-07 -0.0349028446 0.999390662
vn 0.0170396715 0.159179971 0.987102449
vn -2.93272052e-07 -0.0349028446 0.999390662
vn -2.82039059e-06 -0.0349088237 0.999390543
vn 0.0170396715 0.159179971 0.987102449
vn -2.82039059e-06 -0.0349088237 0.999390543
vn 2.18459672e-06 -0.0348919332 0.999391079
vn 0.0170396715 0.159179971 0.987102449
vn 2.18459672e-06 -0.0348919332 0.999391079
vn 5.48243179e-07 -0.034900289 0.999390781
vn 0.0170396715 0.159179971 0.987102449
vn 5.48243179e-07 -0.034900289 0.999390781
vn -8.45935858e-07 -0.0349088274 0.999390483
vn 0.0170396715 0.159179971 0.987102449
vn -8.45935858e-07 -0.0349088274 0.999390483
vn 6.41751797e-07 -0.0348843932 0.999391437
vn 0.0170396715 0.159179971 0.987102449
vn 6.41751797e-07 -0.0348843932 0.999391437
vn 0.0350487493 0.365832627 0.930020511
vn 1.41550772e-05 -0.0349024311 0.999390721
vn 1.84282235e-05 -0.0349027589 0.999390662
vn 4.83284066e-06 -0.0349016823 0.999390781
vn 4.83284066e-06 -0.0349016823 0.999390781
vn 1.84282235e-05 -0.0349027589 0.999390662
vn 5.61805791e-07 -0.0348999016 0.999390841
vn 0.0170383938 0.159177125 0.987102926
vn -0.0168927219 -0.21273829 0.976963162
vn 0.0350409746 0.365838498 0.930018365
vn 0.0350409746 0.365838498 0.930018365
vn -0.0168927219 -0.21273829 0.976963162
vn -0.0345489159 -0.398115426 0.916684568
vn 0.017042581 0.159177333 0.987102866
vn -0.0168514177 -0.212748721 0.976961613
vn 0.0350502692 0.365831852 0.93002063
vn 0.0350502692 0.365831852 0.93002063
vn -0.0168514177 -0.212748721 0.976961613
vn -0.0345425233 -0.3981148 0.916685104
vn 0.017046012 0.159175858 0.987102985
vn -0.016856797 -0.212746322 0.97696203
vn 0.0350479931 0.36583358 0.930020154
vn 0.0350479931 0.36583358 0.930020154
vn -0.016856797 -0.212746322 0.97696203
vn -0.0345469974 -0.398115933 0.91668433
vn 0.0170420688 0.159173742 0.987103403
vn -0.0168635324 -0.212744147 0.976962388
vn 0.0350400023 0.365838468 0.930018544
vn 0.0350400023 0.365838468 0.930018544
vn -0.0168635324 -0.212744147 0.976962388
vn -0.0345604233 -0.398112476 0.916685283
vn 0.0170350894 0.159176096 0.987103224
vn -0.0168634318 -0.212745652 0.976962149
vn 0.0350261256 0.365840793 0.930018187
vn 0.0350261256 0.365840793 0.930018187
vn -0.0168634318 -0.212745652 0.976962149
vn -0.0345599726 -0.398113191 0.916685045
vn 0.0170227047 0.159181058 0.987102628
vn -7.26912822e-06 -0.0348978564 0.9993909
vn 0.0350474939 0.365834862 0.930019617
vn 0.0350474939 0.365834862 0.930019617
vn -7.26912822e-06 -0.0348978564 0.9993909
vn 3.10867506e-07 -0.03490014 0.999390721
vn -0.000177656359 -0.0348546132 0.999392331
vn -0.0168500673 -0.212746352 0.976962209
vn 6.82509108e-06 -0.0349024311 0.999390662
vn 6.82509108e-06 -0.0349024311 0.999390662
vn -0.0168500673 -0.212746352 0.976962209
vn -0.0345491879 -0.398115635 0.916684449
vn 0.0170442779 0.159175456 0.987103164
vn 3.31680917e-06 -0.034900941 0.999390781
vn 0.0350476317 0.3658351 0.930019498
vn 0.0350476317 0.3658351 0.930019498
vn 3.31680917e-06 -0.034900941 0.999390781
vn 2.07653613e-07 -0.0349013209 0.999390841
vn -4.23119163e-05 -0.0348874778 0.999391198
vn -0.0168520864 -0.212747514 0.976961911
vn 5.67830466e-06 -0.0349019244 0.999390781
vn 5.67830466e-06 -0.0349019244 0.999390781
vn -0.0168520864 -0.212747514 0.976961911
vn -0.0345510244 -0.398116052 0.91668421
vn 0.0170465186 0.15917033 0.987103939
vn -4.00110093e-06 -0.0348977968 0.9993909
vn 0.0350370929 0.365839899 0.930018127
vn 0.0350370929 0.365839899 0.930018127
vn -4.00110093e-06 -0.0348977968 0.9993909
vn -1.79485778e-05 -0.0348925404 0.999391079
vn 2.33050241e-06 -0.034901306 0.999390781
vn 0.0350487493 0.365832627 0.930020511
vn 9.18048272e-07 -0.0348808654 0.999391496
vn 9.18048272e-07 -0.0348808654 0.999391496
vn 0.0350487493 0.365832627 0.930020511
vn 6.41751797e-07 -0.0348843932 0.999391437
vn -0.952148199 -0.305636764 0
vn -0.942173898 -0.335124284 0.000134281203
vn -0.952148199 -0.305636704 0
vn -0.952148199 -0.305636704 0
vn -0.942173898 -0.335124284 0.000134281203
vn -0.941356838 -0.337412864 0
vn 0 0.99999994 0
vn 0 1 0
vn 0 1 0
vn 0 1 0
vn 0 1 0
vn 0 1 0
vn 0 1 0
vn 0 1 0
vn 0 1 0
vn 0 1 0
vn 0 1 0
vn 0 1 0
vn 0 1 0
vn 0 1 0
vn 0 1 0
vn 0 1 0
vn 0 1 0
vn 0 1 0
vn 0 1 0
vn 0 1 0
vn 0 0.99999994 0
vn 0 0.99999994 0
vn 0 1 0
vn 0 1 0
vn 0 1 0
vn 0 1 0
vn 0 1 0
vn -0.995878816 0.0906935632 -8.83249299e-07
vn -0.995878875 0.0906936824 -1.19981266e-07
vn -0.995878875 0.0906936899 1.19981294e-07
vn -0.995878875 0.0906936973 5.23992355e-07
vn -0.995878756 0.0906942636 8.2285942e-06
vn -0.995878875 0.0906937197 -5.23992696e-07
vn -0.995878875 0.0906936973 8.5043348e-07
vn -0.995878875 0.0906937048 -4.17310588e-07
vn -0.995878875 0.0906936899 -8.50433253e-07
vn -0.995878875 0.0906937271 1.10843951e-06
vn -0.995878756 0.0906939507 1.82837884e-05
vn -0.995878875 0.0906937271 -1.10843951e-06
vn -0.995878875 0.0906938687 -8.23970026e-07
vn -0.995878875 0.0906936973 -5.82423718e-06
vn -0.995878875 0.0906938687 8.23969856e-07
vn 0 1 0
vn 0 1 0
vn 0 1 0
vn 0 1 0
vn 0 1 0
vn 0 1 0
vn -0.995878875 0.0906937048 5.82423718e-06
vn -0.995878875 0.0906936973 -5.82423718e-06
vn -0.995878875 0.0906938687 -8.23970026e-07
vn -0.995878816 0.0906939358 -1.82837903e-05
vn -0.995878756 0.0906939507 1.82837884e-05
vn -0.995878875 0.0906937271 1.10843951e-06
vn -0.995878875 0.0906937048 4.17315761e-07
vn -0.995878875 0.0906937048 -4.17310588e-07
vn -0.995878875 0.0906936973 8.5043348e-07
vn -0.995878816 0.0906942561 -8.22866332e-06
vn -0.995878756 0.0906942636 8.2285942e-06
vn -0.995878875 0.0906936973 5.23992355e-07
vn -0.995878816 0.0906935632 -8.83249299e-07
vn -0.995878875 0.0906936899 1.19981294e-07
vn -0.995878875 0.0906935707 8.83252824e-07
vn 0 1 0
vn 0 1 0
vn 0 1 0
g 
f 1//1 2//2 3//3
f 3//4 2//5 4//6
f 5//7 6//8 7//9
f 7//10 6//11 8//12
f 9//13 10//14 11//15
f 11//16 10//17 12//18
f 13//19 14//20 15//21
f 15//22 14//23 16//24
f 17//25 18//26 19//27
f 19//28 18//29 20//30
f 21//31 22//32 23//33
f 23//34 22//35 24//36
f 25//37 26//38 27//39
f 27//40 26//41 28//42
f 29//43 30//44 31//45
f 31//46 30//47 32//48
f 33//49 34//50 35//51
f 35//52 34//53 36//54
f 37//55 38//56 39//57
f 39//58 38//59 40//60
f 41//61 42//62 43//63
f 43//64 42//65 44//66
f 45//67 46//68 47//69
f 47//70 46//71 48//72
f 49//73 50//74 51//75
f 51//76 50//77 52//78
f 53//79 54//80 55//81
f 55//82 54//83 56//84
f 57//85 58//86 59//87
f 59//88 58//89 60//90
f 61//91 62//92 63//93
f 63//94 62//95 64//96
f 65//97 66//98 67//99
f 67//100 66//101 68//102
f 69//103 70//104 71//105
f 71//106 70//107 72//108
f 73//109 74//110 75//111
f 75//112 74//113 76//114
f 77//115 78//116 79//117
f 79//118 78//119 80//120
f 81//121 82//122 83//123
f 83//124 82//125 84//126
f 85//127 86//128 87//129
f 87//130 86//131 88//132
f 89//133 90//134 91//135
f 91//136 90//137 92//138
f 93//139 94//140 95//141
f 95//142 94//143 96//144
f 97//145 98//146 99//147
f 99//148 98//149 100//150
f 101//151 102//152 103//153
f 103//154 102//155 104//156
f 105//157 106//158 107//159
f 107//160 106//161 108//162
f 109//163 110//164 111//165
f 111//166 110//167 112//168
f 113//169 114//170 115//171
f 115//172 114//173 116//174
f 117//175 118//176 119//177
f 119//178 118//179 120//180
f 121//181 122//182 123//183
f 123//184 122//185 124//186
f 125//187 126//188 127//189
f 127//190 126//191 128//192
f 129//193 130//194 131//195
f 131//196 130//197 132//198
f 133//199 134//200 135//201
f 135//202 134//203 136//204
f 137//205 138//206 139//207
f 139//208 138//209 140//210
f 141//211 142//212 143//213
f 143//214 142//215 144//216
f 145//217 146//218 147//219
f 147//220 146//221 148//222
f 149//223 150//224 151//225
f 151//226 150//227 152//228
f 153//229 154//230 155//231
f 155//232 154//233 156//234
f 157//235 158//236 159//237
f 159//238 158//239 160//240
f 161//241 162//242 163//243
f 163//244 162//245 164//246
f 165//247 166//248 167//249
f 167//250 166//251 168//252
f 169//253 170//254 171//255
f 171//256 170//257 172//258
f 173//259 174//260 175//261
f 175//262 174//263 176//264
f 177//265 178//266 179//267
f 179//268 178//269 180//270
f 181//271 182//272 183//273
f 183//274 182//275 184//276
f 185//277 186//278 187//279
f 187//280 186//281 188//282
f 189//283 190//284 191//285
f 191//286 190//287 192//288
f 193//289 194//290 195//291
f 195//292 194//293 196//294
f 197//295 198//296 199//297
f 199//298 198//299 200//300
f 201//301 202//302 203//303
f 203//304 202//305 204//306
f 205//307 206//308 207//309
f 207//310 206//311 208//312
f 209//313 210//314 211//315
f 211//316 210//317 212//318
f 213//319 214//320 215//321
f 215//322 214//323 216//324
f 217//325 218//326 219//327
f 219//328 218//329 220//330
f 221//331 222//332 223//333
f 223//334 222//335 224//336
f 225//337 226//338 227//339
f 227//340 226//341 228//342
f 229//343 230//344 231//345
f 231//346 230//347 232//348
f 233//349 234//350 235//351
f 235//352 234//353 236//354
f 237//355 238//356 239//357
f 239//358 238//359 240//360
f 241//361 242//362 243//363
f 243//364 242//365 244//366
f 245//367 246//368 247//369
f 247//370 246//371 248//372
f 249//373 250//374 251//375
f 251//376 250//377 252//378
f 253//379 254//380 255//381
f 255//382 254//383 256//384
f 257//385 258//386 259//387
f 259//388 258//389 260//390
f 261//391 262//392 263//393
f 263//394 262//395 264//396
f 265//397 266//398 267//399
f 267//400 266//401 268//402
f 269//403 270//404 271//405
f 271//406 270//407 272//408
f 273//409 274//410 275//411
f 275//412 274//413 276//414
f 277//415 278//416 279//417
f 279//418 278//419 280//420
f 281//421 282//422 283//423
f 283//424 282//425 284//426
f 285//427 286//428 287//429
f 287//430 286//431 288//432
f 289//433 290//434 291//435
f 291//436 290//437 292//438
f 293//439 294//440 295//441
f 295//442 294//443 296//444
f 297//445 298//446 299//447
f 299//448 298//449 300//450
f 301//451 302//452 303//453
f 303//454 302//455 304//456
f 305//457 306//458 307//459
f 307//460 306//461 308//462
f 309//463 310//464 311//465
f 311//466 310//467 312//468
f 313//469 314//470 315//471
f 315//472 314//473 316//474
f 317//475 318//476 319//477
f 319//478 318//479 320//480
f 321//481 322//482 323//483
f 323//484 322//485 324//486
f 325//487 326//488 327//489
f 327//490 326//491 328//492
f 329//493 330//494 331//495
f 331//496 330//497 332//498
f 333//499 334//500 335//501
f 335//502 334//503 336//504
f 337//505 338//506 339//507
f 337//508 340//509 338//510
f 341//511 342//512 343//513
f 341//514 344//515 342//516
f 343//517 342//518 345//519
f 346//520 347//521 348//522
f 346//523 349//524 347//525
f 350//526 351//527 352//528
f 352//529 351//530 353//531
f 352//532 353//533 354//534
f 355//535 356//536 357//537
f 357//538 356//539 358//540
f 357//541 358//542 359//543
f 360//544 361//545 362//546
f 362//547 361//548 363//549
f 362//550 363//551 364//552
f 365//553 366//554 1//555
f 1//556 366//557 2//558
f 367//559 4//560 366//561
f 366//562 4//563 2//564
f 368//565 3//566 367//567
f 367//568 3//569 4//570
f 368//571 365//572 3//573
f 3//574 365//575 1//576
f 369//577 6//578 370//579
f 370//580 6//581 5//582
f 369//583 371//584 6//585
f 6//586 371//587 8//588
f 371//589 372//590 8//591
f 8//592 372//593 7//594
f 370//595 5//596 372//597
f 372//598 5//599 7//600
f 373//601 374//602 12//603
f 12//604 374//605 11//606
f 375//607 9//608 374//609
f 374//610 9//611 11//612
f 376//613 10//614 375//615
f 375//616 10//617 9//618
f 376//619 373//620 10//621
f 10//622 373//623 12//624
f 377//625 14//626 378//627
f 378//628 14//629 13//630
f 377//631 379//632 14//633
f 14//634 379//635 16//636
f 379//637 380//638 16//639
f 16//640 380//641 15//642
f 378//643 13//644 380//645
f 380//646 13//647 15//648
f 381//649 382//650 20//651
f 20//652 382//653 19//654
f 383//655 17//656 382//657
f 382//658 17//659 19//660
f 384//661 18//662 383//663
f 383//664 18//665 17//666
f 384//667 381//668 18//669
f 18//670 381//671 20//672
f 385//673 386//674 24//675
f 24//676 386//677 23//678
f 387//679 21//680 386//681
f 386//682 21//683 23//684
f 388//685 22//686 387//687
f 387//688 22//689 21//690
f 388//691 385//692 22//693
f 22//694 385//695 24//696
f 389//697 390//698 28//699
f 28//700 390//701 27//702
f 391//703 25//704 390//705
f 390//706 25//707 27//708
f 392//709 26//710 391//711
f 391//712 26//713 25//714
f 392//715 389//716 26//717
f 26//718 389//719 28//720
f 393//721 394//722 29//723
f 29//724 394//725 30//726
f 395//727 32//728 394//729
f 394//730 32//731 30//732
f 396//733 31//734 395//735
f 395//736 31//737 32//738
f 396//739 393//740 31//741
f 31//742 393//743 29//744
f 397//745 35//746 398//747
f 398//748 35//749 36//750
f 397//751 399//752 35//753
f 35//754 399//755 33//756
f 399//757 400//758 33//759
f 33//760 400//761 34//762
f 398//763 36//764 400//765
f 400//766 36//767 34//768
f 401//769 402//770 40//771
f 40//772 402//773 39//774
f 403//775 37//776 402//777
f 402//778 37//779 39//780
f 404//781 38//782 403//783
f 403//784 38//785 37//786
f 404//787 401//788 38//789
f 38//790 401//791 40//792
f 405//793 44//794 406//795
f 406//796 44//797 42//798
f 407//799 43//800 405//801
f 405//802 43//803 44//804
f 407//805 408//806 43//807
f 43//808 408//809 41//810
f 408//811 406//812 41//813
f 41//814 406//815 42//816
f 409//817 45//818 410//819
f 410//820 45//821 47//822
f 411//823 46//824 409//825
f 409//826 46//827 45//828
f 411//829 412//830 46//831
f 46//832 412//833 48//834
f 412//835 410//836 48//837
f 48//838 410//839 47//840
f 413//841 49//842 414//843
f 414//844 49//845 51//846
f 415//847 50//848 413//849
f 413//850 50//851 49//852
f 415//853 416//854 50//855
f 50//856 416//857 52//858
f 416//859 414//860 52//861
f 52//862 414//863 51//864
f 417//865 53//866 418//867
f 418//868 53//869 55//870
f 419//871 54//872 417//873
f 417//874 54//875 53//876
f 419//877 420//878 54//879
f 54//880 420//881 56//882
f 420//883 418//884 56//885
f 56//886 418//887 55//888
f 421//889 58//890 422//891
f 422//892 58//893 57//894
f 421//895 423//896 58//897
f 58//898 423//899 60//900
f 423//901 424//902 60//903
f 60//904 424//905 59//906
f 422//907 57//908 424//909
f 424//910 57//911 59//912
f 425//913 62//914 426//915
f 426//916 62//917 61//918
f 425//919 427//920 62//921
f 62//922 427//923 64//924
f 427//925 428//926 64//927
f 64//928 428//929 63//930
f 426//931 61//932 428//933
f 428//934 61//935 63//936
f 429//937 66//938 430//939
f 430//940 66//941 65//942
f 429//943 431//944 66//945
f 66//946 431//947 68//948
f 431//949 432//950 68//951
f 68//952 432//953 67//954
f 430//955 65//956 432//957
f 432//958 65//959 67//960
f 433//961 70//962 434//963
f 434//964 70//965 69//966
f 433//967 435//968 70//969
f 70//970 435//971 72//972
f 435//973 436//974 72//975
f 72//976 436//977 71//978
f 434//979 69//980 436//981
f 436//982 69//983 71//984
f 437//985 73//986 438//987
f 438//988 73//989 75//990
f 439//991 74//992 437//993
f 437//994 74//995 73//996
f 439//997 440//998 74//999
f 74//1000 440//1001 76//1002
f 440//1003 438//1004 76//1005
f 76//1006 438//1007 75//1008
f 441//1009 77//1010 442//1011
f 442//1012 77//1013 79//1014
f 443//1015 78//1016 441//1017
f 441//1018 78//1019 77//1020
f 443//1021 444//1022 78//1023
f 78//1024 444//1025 80//1026
f 444//1027 442//1028 80//1029
f 80//1030 442//1031 79//1032
f 445//1033 81//1034 446//1035
f 446//1036 81//1037 83//1038
f 447//1039 82//1040 445//1041
f 445//1042 82//1043 81//1044
f 447//1045 448//1046 82//1047
f 82//1048 448//1049 84//1050
f 448//1051 446//1052 84//1053
f 84//1054 446//1055 83//1056
f 449//1057 85//1058 450//1059
f 450//1060 85//1061 87//1062
f 451//1063 86//1064 449//1065
f 449//1066 86//1067 85//1068
f 451//1069 452//1070 86//1071
f 86//1072 452//1073 88//1074
f 452//1075 450//1076 88//1077
f 88//1078 450//1079 87//1080
f 453//1081 92//1082 454//1083
f 454//1084 92//1085 90//1086
f 455//1087 91//1088 453//1089
f 453//1090 91//1091 92//1092
f 455//1093 456//1094 91//1095
f 91//1096 456//1097 89//1098
f 456//1099 454//1100 89//1101
f 89//1102 454//1103 90//1104
f 457//1105 96//1106 458//1107
f 458//1108 96//1109 94//1110
f 459//1111 95//1112 457//1113
f 457//1114 95//1115 96//1116
f 459//1117 460//1118 95//1119
f 95//1120 460//1121 93//1122
f 460//1123 458//1124 93//1125
f 93//1126 458//1127 94//1128
f 461//1129 98//1130 462//1131
f 462//1132 98//1133 97//1134
f 461//1135 463//1136 98//1137
f 98//1138 463//1139 100//1140
f 463//1141 464//1142 100//1143
f 100//1144 464//1145 99//1146
f 462//1147 97//1148 464//1149
f 464//1150 97//1151 99//1152
f 465//1153 102//1154 466//1155
f 466//1156 102//1157 101//1158
f 465//1159 467//1160 102//1161
f 102//1162 467//1163 104//1164
f 467//1165 468//1166 104//1167
f 104//1168 468//1169 103//1170
f 466//1171 101//1172 468//1173
f 468//1174 101//1175 103//1176
f 469//1177 106//1178 470//1179
f 470//1180 106//1181 105//1182
f 469//1183 471//1184 106//1185
f 106//1186 471//1187 108//1188
f 471//1189 472//1190 108//1191
f 108//1192 472//1193 107//1194
f 470//1195 105//1196 472//1197
f 472//1198 105//1199 107//1200
f 473//1201 474//1202 112//1203
f 112//1204 474//1205 111//1206
f 475//1207 109//1208 474//1209
f 474//1210 109//1211 111//1212
f 476//1213 110//1214 475//1215
f 475//1216 110//1217 109//1218
f 476//1219 473//1220 110//1221
f 110//1222 473//1223 112//1224
f 477//1225 478//1226 113//1227
f 113//1228 478//1229 114//1230
f 479//1231 116//1232 478//1233
f 478//1234 116//1235 114//1236
f 480//1237 115//1238 479//1239
f 479//1240 115//1241 116//1242
f 480//1243 477//1244 115//1245
f 115//1246 477//1247 113//1248
f 481//1249 482//1250 117//1251
f 117//1252 482//1253 118//1254
f 483//1255 120//1256 482//1257
f 482//1258 120//1259 118//1260
f 484//1261 119//1262 483//1263
f 483//1264 119//1265 120//1266
f 484//1267 481//1268 119//1269
f 119//1270 481//1271 117//1272
f 485//1273 486//1274 121//1275
f 121//1276 486//1277 122//1278
f 487//1279 124//1280 486//1281
f 486//1282 124//1283 122//1284
f 488//1285 123//1286 487//1287
f 487//1288 123//1289 124//1290
f 488//1291 485//1292 123//1293
f 123//1294 485//1295 121//1296
f 489//1297 490//1298 125//1299
f 125//1300 490//1301 126//1302
f 491//1303 128//1304 490//1305
f 490//1306 128//1307 126//1308
f 492//1309 127//1310 491//1311
f 491//1312 127//1313 128//1314
f 492//1315 489//1316 127//1317
f 127//1318 489//1319 125//1320
f 493//1321 494//1322 129//1323
f 129//1324 494//1325 130//1326
f 495//1327 132//1328 494//1329
f 494//1330 132//1331 130//1332
f 496//1333 131//1334 495//1335
f 495//1336 131//1337 132//1338
f 496//1339 493//1340 131//1341
f 131//1342 493//1343 129//1344
f 497//1345 498//1346 133//1347
f 133//1348 498//1349 134//1350
f 499//1351 136//1352 498//1353
f 498//1354 136//1355 134//1356
f 500//1357 135//1358 499//1359
f 499//1360 135//1361 136//1362
f 500//1363 497//1364 135//1365
f 135//1366 497//1367 133//1368
f 501//1369 138//1370 502//1371
f 502//1372 138//1373 137//1374
f 501//1375 503//1376 138//1377
f 138//1378 503//1379 140//1380
f 503//1381 504//1382 140//1383
f 140//1384 504//1385 139//1386
f 502//1387 137//1388 504//1389
f 504//1390 137//1391 139//1392
f 505//1393 506//1394 144//1395
f 144//1396 506//1397 143//1398
f 507//1399 141//1400 506//1401
f 506//1402 141//1403 143//1404
f 508//1405 142//1406 507//1407
f 507//1408 142//1409 141//1410
f 508//1411 505//1412 142//1413
f 142//1414 505//1415 144//1416
f 509//1417 510//1418 148//1419
f 148//1420 510//1421 147//1422
f 511//1423 145//1424 510//1425
f 510//1426 145//1427 147//1428
f 512//1429 146//1430 511//1431
f 511//1432 146//1433 145//1434
f 512//1435 509//1436 146//1437
f 146//1438 509//1439 148//1440
f 513//1441 514//1442 152//1443
f 152//1444 514//1445 151//1446
f 515//1447 149//1448 514//1449
f 514//1450 149//1451 151//1452
f 516//1453 150//1454 515//1455
f 515//1456 150//1457 149//1458
f 516//1459 513//1460 150//1461
f 150//1462 513//1463 152//1464
f 517//1465 518//1466 156//1467
f 156//1468 518//1469 155//1470
f 519//1471 153//1472 518//1473
f 518//1474 153//1475 155//1476
f 520//1477 154//1478 519//1479
f 519//1480 154//1481 153//1482
f 520//1483 517//1484 154//1485
f 154//1486 517//1487 156//1488
f 521//1489 522//1490 157//1491
f 157//1492 522//1493 158//1494
f 523//1495 160//1496 522//1497
f 522//1498 160//1499 158//1500
f 524//1501 159//1502 523//1503
f 523//1504 159//1505 160//1506
f 524//1507 521//1508 159//1509
f 159//1510 521//1511 157//1512
f 525//1513 526//1514 161//1515
f 161//1516 526//1517 162//1518
f 527//1519 164//1520 526//1521
f 526//1522 164//1523 162//1524
f 528//1525 163//1526 527//1527
f 527//1528 163//1529 164//1530
f 528//1531 525//1532 163//1533
f 163//1534 525//1535 161//1536
f 529//1537 165//1538 530//1539
f 530//1540 165//1541 167//1542
f 531//1543 166//1544 529//1545
f 529//1546 166//1547 165//1548
f 531//1549 532//1550 166//1551
f 166//1552 532//1553 168//1554
f 532//1555 530//1556 168//1557
f 168//1558 530//1559 167//1560
f 533//1561 169//1562 534//1563
f 534//1564 169//1565 171//1566
f 535//1567 170//1568 533//1569
f 533//1570 170//1571 169//1572
f 535//1573 536//1574 170//1575
f 170//1576 536//1577 172//1578
f 536//1579 534//1580 172//1581
f 172//1582 534//1583 171//1584
f 537//1585 173//1586 538//1587
f 538//1588 173//1589 175//1590
f 539//1591 174//1592 537//1593
f 537//1594 174//1595 173//1596
f 539//1597 540//1598 174//1599
f 174//1600 540//1601 176//1602
f 540//1603 538//1604 176//1605
f 176//1606 538//1607 175//1608
f 541//1609 177//1610 542//1611
f 542//1612 177//1613 179//1614
f 543//1615 178//1616 541//1617
f 541//1618 178//1619 177//1620
f 543//1621 544//1622 178//1623
f 178//1624 544//1625 180//1626
f 544//1627 542//1628 180//1629
f 180//1630 542//1631 179//1632
f 545//1633 181//1634 546//1635
f 546//1636 181//1637 183//1638
f 547//1639 182//1640 545//1641
f 545//1642 182//1643 181//1644
f 547//1645 548//1646 182//1647
f 182//1648 548//1649 184//1650
f 548//1651 546//1652 184//1653
f 184//1654 546//1655 183//1656
f 549//1657 185//1658 550//1659
f 550//1660 185//1661 187//1662
f 551//1663 186//1664 549//1665
f 549//1666 186//1667 185//1668
f 551//1669 552//1670 186//1671
f 186//1672 552//1673 188//1674
f 552//1675 550//1676 188//1677
f 188//1678 550//1679 187//1680
f 553//1681 189//1682 554//1683
f 554//1684 189//1685 191//1686
f 555//1687 190//1688 553//1689
f 553//1690 190//1691 189//1692
f 555//1693 556//1694 190//1695
f 190//1696 556//1697 192//1698
f 556//1699 554//1700 192//1701
f 192//1702 554//1703 191//1704
f 557//1705 196//1706 558//1707
f 558//1708 196//1709 194//1710
f 559//1711 195//1712 557//1713
f 557//1714 195//1715 196//1716
f 559//1717 560//1718 195//1719
f 195//1720 560//1721 193//1722
f 560//1723 558//1724 193//1725
f 193//1726 558//1727 194//1728
f 561//1729 198//1730 562//1731
f 562//1732 198//1733 197//1734
f 561//1735 563//1736 198//1737
f 198//1738 563//1739 200//1740
f 563//1741 564//1742 200//1743
f 200//1744 564//1745 199//1746
f 562//1747 197//1748 564//1749
f 564//1750 197//1751 199//1752
f 565//1753 202//1754 566//1755
f 566//1756 202//1757 201//1758
f 565//1759 567//1760 202//1761
f 202//1762 567//1763 204//1764
f 567//1765 568//1766 204//1767
f 204//1768 568//1769 203//1770
f 566//1771 201//1772 568//1773
f 568//1774 201//1775 203//1776
f 569//1777 206//1778 570//1779
f 570//1780 206//1781 205//1782
f 569//1783 571//1784 206//1785
f 206//1786 571//1787 208//1788
f 571//1789 572//1790 208//1791
f 208//1792 572//1793 207//1794
f 570//1795 205//1796 572//1797
f 572//1798 205//1799 207//1800
f 573//1801 209//1802 574//1803
f 574//1804 209//1805 211//1806
f 575//1807 210//1808 573//1809
f 573//1810 210//1811 209//1812
f 575//1813 576//1814 210//1815
f 210//1816 576//1817 212//1818
f 576//1819 574//1820 212//1821
f 212//1822 574//1823 211//1824
f 577//1825 213//1826 578//1827
f 578//1828 213//1829 215//1830
f 579//1831 214//1832 577//1833
f 577//1834 214//1835 213//1836
f 579//1837 580//1838 214//1839
f 214//1840 580//1841 216//1842
f 580//1843 578//1844 216//1845
f 216//1846 578//1847 215//1848
f 581//1849 582//1850 220//1851
f 220//1852 582//1853 219//1854
f 583//1855 217//1856 582//1857
f 582//1858 217//1859 219//1860
f 584//1861 218//1862 583//1863
f 583//1864 218//1865 217//1866
f 584//1867 581//1868 218//1869
f 218//1870 581//1871 220//1872
f 585//1873 586//1874 224//1875
f 224//1876 586//1877 223//1878
f 587//1879 221//1880 586//1881
f 586//1882 221//1883 223//1884
f 588//1885 222//1886 587//1887
f 587//1888 222//1889 221//1890
f 588//1891 585//1892 222//1893
f 222//1894 585//1895 224//1896
f 589//1897 590//1898 228//1899
f 228//1900 590//1901 227//1902
f 591//1903 225//1904 590//1905
f 590//1906 225//1907 227//1908
f 592//1909 226//1910 591//1911
f 591//1912 226//1913 225//1914
f 592//1915 589//1916 226//1917
f 226//1918 589//1919 228//1920
f 593//1921 594//1922 232//1923
f 232//1924 594//1925 231//1926
f 595//1927 229//1928 594//1929
f 594//1930 229//1931 231//1932
f 596//1933 230//1934 595//1935
f 595//1936 230//1937 229//1938
f 596//1939 593//1940 230//1941
f 230//1942 593//1943 232//1944
f 597//1945 235//1946 598//1947
f 598//1948 235//1949 236//1950
f 597//1951 599//1952 235//1953
f 235//1954 599//1955 233//1956
f 599//1957 600//1958 233//1959
f 233//1960 600//1961 234//1962
f 598//1963 236//1964 600//1965
f 600//1966 236//1967 234//1968
f 601//1969 602//1970 237//1971
f 237//1972 602//1973 238//1974
f 603//1975 240//1976 602//1977
f 602//1978 240//1979 238//1980
f 604//1981 239//1982 603//1983
f 603//1984 239//1985 240//1986
f 604//1987 601//1988 239//1989
f 239//1990 601//1991 237//1992
f 605//1993 606//1994 244//1995
f 244//1996 606//1997 243//1998
f 607//1999 241//2000 606//2001
f 606//2002 241//2003 243//2004
f 608//2005 242//2006 607//2007
f 607//2008 242//2009 241//2010
f 608//2011 605//2012 242//2013
f 242//2014 605//2015 244//2016
f 609//2017 246//2018 610//2019
f 610//2020 246//2021 245//2022
f 609//2023 611//2024 246//2025
f 246//2026 611//2027 248//2028
f 611//2029 612//2030 248//2031
f 248//2032 612//2033 247//2034
f 610//2035 245//2036 612//2037
f 612//2038 245//2039 247//2040
f 613//2041 250//2042 614//2043
f 614//2044 250//2045 249//2046
f 613//2047 615//2048 250//2049
f 250//2050 615//2051 252//2052
f 615//2053 616//2054 252//2055
f 252//2056 616//2057 251//2058
f 614//2059 249//2060 616//2061
f 616//2062 249//2063 251//2064
f 617//2065 254//2066 618//2067
f 618//2068 254//2069 253//2070
f 617//2071 619//2072 254//2073
f 254//2074 619//2075 256//2076
f 619//2077 620//2078 256//2079
f 256//2080 620//2081 255//2082
f 618//2083 253//2084 620//2085
f 620//2086 253//2087 255//2088
f 621//2089 258//2090 622//2091
f 622//2092 258//2093 257//2094
f 621//2095 623//2096 258//2097
f 258//2098 623//2099 260//2100
f 623//2101 624//2102 260//2103
f 260//2104 624//2105 259//2106
f 622//2107 257//2108 624//2109
f 624//2110 257//2111 259//2112
f 625//2113 262//2114 626//2115
f 626//2116 262//2117 261//2118
f 625//2119 627//2120 262//2121
f 262//2122 627//2123 264//2124
f 627//2125 628//2126 264//2127
f 264//2128 628//2129 263//2130
f 626//2131 261//2132 628//2133
f 628//2134 261//2135 263//2136
f 629//2137 266//2138 630//2139
f 630//2140 266//2141 265//2142
f 629//2143 631//2144 266//2145
f 266//2146 631//2147 268//2148
f 631//2149 632//2150 268//2151
f 268//2152 632//2153 267//2154
f 630//2155 265//2156 632//2157
f 632//2158 265//2159 267//2160
f 633//2161 270//2162 634//2163
f 634//2164 270//2165 269//2166
f 633//2167 635//2168 270//2169
f 270//2170 635//2171 272//2172
f 635//2173 636//2174 272//2175
f 272//2176 636//2177 271//2178
f 634//2179 269//2180 636//2181
f 636//2182 269//2183 271//2184
f 637//2185 638//2186 276//2187
f 276//2188 638//2189 275//2190
f 639//2191 273//2192 638//2193
f 638//2194 273//2195 275//2196
f 640//2197 274//2198 639//2199
f 639//2200 274//2201 273//2202
f 640//2203 637//2204 274//2205
f 274//2206 637//2207 276//2208
f 641//2209 642//2210 280//2211
f 280//2212 642//2213 279//2214
f 643//2215 277//2216 642//2217
f 642//2218 277//2219 279//2220
f 644//2221 278//2222 643//2223
f 643//2224 278//2225 277//2226
f 644//2227 641//2228 278//2229
f 278//2230 641//2231 280//2232
f 645//2233 646//2234 284//2235
f 284//2236 646//2237 283//2238
f 647//2239 281//2240 646//2241
f 646//2242 281//2243 283//2244
f 648//2245 282//2246 647//2247
f 647//2248 282//2249 281//2250
f 648//2251 645//2252 282//2253
f 282//2254 645//2255 284//2256
f 649//2257 650//2258 288//2259
f 288//2260 650//2261 287//2262
f 651//2263 285//2264 650//2265
f 650//2266 285//2267 287//2268
f 652//2269 286//2270 651//2271
f 651//2272 286//2273 285//2274
f 652//2275 649//2276 286//2277
f 286//2278 649//2279 288//2280
f 653//2281 654//2282 289//2283
f 289//2284 654//2285 290//2286
f 655//2287 292//2288 654//2289
f 654//2290 292//2291 290//2292
f 656//2293 291//2294 655//2295
f 655//2296 291//2297 292//2298
f 656//2299 653//2300 291//2301
f 291//2302 653//2303 289//2304
f 657//2305 658//2306 296//2307
f 296//2308 658//2309 295//2310
f 659//2311 293//2312 658//2313
f 658//2314 293//2315 295//2316
f 660//2317 294//2318 659//2319
f 659//2320 294//2321 293//2322
f 660//2323 657//2324 294//2325
f 294//2326 657//2327 296//2328
f 661//2329 662//2330 300//2331
f 300//2332 662//2333 299//2334
f 663//2335 297//2336 662//2337
f 662//2338 297//2339 299//2340
f 664//2341 298//2342 663//2343
f 663//2344 298//2345 297//2346
f 664//2347 661//2348 298//2349
f 298//2350 661//2351 300//2352
f 665//2353 302//2354 666//2355
f 666//2356 302//2357 301//2358
f 665//2359 667//2360 302//2361
f 302//2362 667//2363 304//2364
f 667//2365 668//2366 304//2367
f 304//2368 668//2369 303//2370
f 666//2371 301//2372 668//2373
f 668//2374 301//2375 303//2376
f 669//2377 306//2378 670//2379
f 670//2380 306//2381 305//2382
f 669//2383 671//2384 306//2385
f 306//2386 671//2387 308//2388
f 671//2389 672//2390 308//2391
f 308//2392 672//2393 307//2394
f 670//2395 305//2396 672//2397
f 672//2398 305//2399 307//2400
f 673//2401 310//2402 674//2403
f 674//2404 310//2405 309//2406
f 673//2407 675//2408 310//2409
f 310//2410 675//2411 312//2412
f 675//2413 676//2414 312//2415
f 312//2416 676//2417 311//2418
f 674//2419 309//2420 676//2421
f 676//2422 309//2423 311//2424
f 677//2425 314//2426 678//2427
f 678//2428 314//2429 313//2430
f 677//2431 679//2432 314//2433
f 314//2434 679//2435 316//2436
f 679//2437 680//2438 316//2439
f 316//2440 680//2441 315//2442
f 678//2443 313//2444 680//2445
f 680//2446 313//2447 315//2448
f 681//2449 320//2450 682//2451
f 682//2452 320//2453 318//2454
f 683//2455 319//2456 681//2457
f 681//2458 319//2459 320//2460
f 683//2461 684//2462 319//2463
f 319//2464 684//2465 317//2466
f 684//2467 682//2468 317//2469
f 317//2470 682//2471 318//2472
f 685//2473 321//2474 686//2475
f 686//2476 321//2477 323//2478
f 687//2479 322//2480 685//2481
f 685//2482 322//2483 321//2484
f 687//2485 688//2486 322//2487
f 322//2488 688//2489 324//2490
f 688//2491 686//2492 324//2493
f 324//2494 686//2495 323//2496
f 689//2497 328//2498 690//2499
f 690//2500 328//2501 326//2502
f 691//2503 327//2504 689//2505
f 689//2506 327//2507 328//2508
f 691//2509 692//2510 327//2511
f 327//2512 692//2513 325//2514
f 692//2515 690//2516 325//2517
f 325//2518 690//2519 326//2520
f 693//2521 330//2522 694//2523
f 694//2524 330//2525 329//2526
f 693//2527 695//2528 330//2529
f 330//2530 695//2531 332//2532
f 695//2533 696//2534 332//2535
f 332//2536 696//2537 331//2538
f 694//2539 329//2540 696//2541
f 696//2542 329//2543 331//2544
f 697//2545 334//2546 698//2547
f 698//2548 334//2549 333//2550
f 697//2551 699//2552 334//2553
f 334//2554 699//2555 336//2556
f 699//2557 700//2558 336//2559
f 336//2560 700//2561 335//2562
f 698//2563 333//2564 700//2565
f 700//2566 333//2567 335//2568
f 701//2569 702//2570 703//2571
f 703//2572 702//2573 704//2574
f 705//2575 706//2576 701//2577
f 701//2578 706//2579 702//2580
f 707//2581 708//2582 709//2583
f 709//2584 708//2585 710//2586
f 711//2587 712//2588 713//2589
f 713//2590 712//2591 714//2592
f 715//2593 716//2594 711//2595
f 711//2596 716//2597 712//2598
f 717//2599 718//2600 719//2601
f 719//2602 718//2603 720//2604
f 721//2605 722//2606 717//2607
f 717//2608 722//2609 718//2610
f 723//2611 724//2612 725//2613
f 725//2614 724//2615 726//2616
f 727//2617 728//2618 723//2619
f 723//2620 728//2621 724//2622
f 729//2623 730//2624 731//2625
f 731//2626 730//2627 732//2628
f 733//2629 734//2630 729//2631
f 729//2632 734//2633 730//2634
f 735//2635 736//2636 737//2637
f 737//2638 736//2639 738//2640
f 739//2641 740//2642 735//2643
f 735//2644 740//2645 736//2646
f 741//2647 742//2648 743//2649
f 743//2650 742//2651 744//2652
f 745//2653 746//2654 741//2655
f 741//2656 746//2657 742//2658
f 747//2659 748//2660 749//2661
f 749//2662 748//2663 750//2664
f 751//2665 752//2666 747//2667
f 747//2668 752//2669 748//2670
f 753//2671 754//2672 755//2673
f 755//2674 754//2675 756//2676
f 757//2677 758//2678 753//2679
f 753//2680 758//2681 754//2682
f 759//2683 760//2684 761//2685
f 761//2686 760//2687 762//2688
f 763//2689 764//2690 348//2691
f 348//2692 764//2693 346//2694
f 765//2695 349//2696 764//2697
f 764//2698 349//2699 346//2700
f 766//2701 347//2702 765//2703
f 765//2704 347//2705 349//2706
f 767//2707 768//2708 341//2709
f 341//2710 768//2711 344//2712
f 768//2713 769//2714 344//2715
f 344//2716 769//2717 342//2718
f 770//2719 345//2720 769//2721
f 769//2722 345//2723 342//2724
f 771//2725 343//2726 770//2727
f 770//2728 343//2729 345//2730
f 772//2731 773//2732 338//2733
f 338//2734 773//2735 339//2736
f 773//2737 774//2738 339//2739
f 339//2740 774//2741 337//2742
f 775//2743 340//2744 774//2745
f 774//2746 340//2747 337//2748
f 776//2749 777//2750 778//2751
f 778//2752 777//2753 779//2754
f 780//2755 781//2756 782//2757
f 782//2758 781//2759 783//2760
f 781//2761 784//2762 783//2763
f 783//2764 784//2765 785//2766
f 786//2767 787//2768 788//2769
f 788//2770 787//2771 789//2772
f 787//2773 790//2774 789//2775
f 789//2776 790//2777 791//2778
f 792//2779 793//2780 794//2781
f 794//2782 793//2783 795//2784
f 793//2785 796//2786 795//2787
f 795//2788 796//2789 797//2790
f 798//2791 799//2792 800//2793
f 800//2794 799//2795 801//2796
f 799//2797 802//2798 801//2799
f 801//2800 802//2801 803//2802
f 804//2803 805//2804 806//2805
f 806//2806 805//2807 807//2808
f 805//2809 808//2810 807//2811
f 807//2812 808//2813 809//2814
f 810//2815 811//2816 812//2817
f 812//2818 811//2819 813//2820
f 814//2821 815//2822 816//2823
f 816//2824 815//2825 817//2826
f 815//2827 818//2828 817//2829
f 817//2830 818//2831 819//2832
f 820//2833 821//2834 822//2835
f 822//2836 821//2837 823//2838
f 821//2839 824//2840 823//2841
f 823//2842 824//2843 825//2844
f 826//2845 827//2846 828//2847
f 828//2848 827//2849 829//2850
f 830//2851 831//2852 832//2853
f 832//2854 831//2855 833//2856
f 831//2857 834//2858 833//2859
f 833//2860 834//2861 835//2862
f 836//2863 361//2864 837//2865
f 837//2866 361//2867 360//2868
f 838//2869 363//2870 836//2871
f 836//2872 363//2873 361//2874
f 838//2875 839//2876 363//2877
f 363//2878 839//2879 364//2880
f 839//2881 840//2882 364//2883
f 364//2884 840//2885 362//2886
f 841//2887 356//2888 842//2889
f 842//2890 356//2891 355//2892
f 843//2893 358//2894 841//2895
f 841//2896 358//2897 356//2898
f 843//2899 844//2900 358//2901
f 358//2902 844//2903 359//2904
f 844//2905 845//2906 359//2907
f 359//2908 845//2909 357//2910
f 846//2911 351//2912 847//2913
f 847//2914 351//2915 350//2916
f 848//2917 353//2918 846//2919
f 846//2920 353//2921 351//2922
f 848//2923 849//2924 353//2925
f 353//2926 849//2927 354//2928
f 849//2929 850//2930 354//2931
f 354//2932 850//2933 352//2934
f 811//2935 851//2936 813//2937
f 813//2938 851//2939 852//2940
f 857//2941 858//2942 859//2943
f 859//2944 858//2945 860//2946
f 721//2947 861//2948 722//2949
f 722//2950 861//2951 862//2952
f 862//2953 863//2954 722//2955
f 722//2956 863//2957 720//2958
f 722//2959 720//2960 718//2961
f 864//2962 719//2963 863//2964
f 863//2965 719//2966 720//2967
f 865//2968 866//2969 867//2970
f 867//2971 866//2972 868//2973
f 866//2974 869//2975 868//2976
f 867//2977 868//2978 870//2979
f 870//2980 868//2981 869//2982
f 715//2983 871//2984 716//2985
f 716//2986 871//2987 872//2988
f 872//2989 873//2990 716//2991
f 716//2992 873//2993 714//2994
f 716//2995 714//2996 712//2997
f 874//2998 713//2999 873//3000
f 873//3001 713//3002 714//3003
f 875//3004 876//3005 877//3006
f 877//3007 876//3008 878//3009
f 876//3010 879//3011 878//3012
f 877//3013 878//3014 880//3015
f 880//3016 878//3017 879//3018
f 881//3019 882//3020 883//3021
f 883//3022 882//3023 884//3024
f 882//3025 885//3026 884//3027
f 883//3028 884//3029 886//3030
f 886//3031 884//3032 885//3033
f 887//3034 888//3035 889//3036
f 889//3037 888//3038 890//3039
f 888//3040 891//3041 890//3042
f 889//3043 890//3044 892//3045
f 892//3046 890//3047 891//3048
f 893//3049 894//3050 895//3051
f 895//3052 894//3053 896//3054
f 896//3055 894//3056 897//3057
f 895//3058 896//3059 898//3060
f 898//3061 896//3062 897//3063
f 899//3064 900//3065 901//3066
f 901//3067 900//3068 902//3069
f 902//3070 900//3071 903//3072
f 901//3073 902//3074 904//3075
f 904//3076 902//3077 903//3078
f 905//3079 906//3080 707//3081
f 707//3082 906//3083 708//3084
f 906//3085 907//3086 708//3087
f 708//3088 907//3089 710//3090
f 908//3091 709//3092 907//3093
f 907//3094 709//3095 710//3096
f 705//3097 909//3098 706//3099
f 706//3100 909//3101 910//3102
f 704//3103 702//3104 911//3105
f 911//3106 702//3107 706//3108
f 911//3109 706//3110 910//3111
f 912//3112 913//3113 759//3114
f 759//3115 913//3116 760//3117
f 913//3118 914//3119 760//3120
f 760//3121 914//3122 762//3123
f 915//3124 761//3125 914//3126
f 914//3127 761//3128 762//3129
f 757//3130 916//3131 758//3132
f 758//3133 916//3134 917//3135
f 917//3136 918//3137 758//3138
f 758//3139 918//3140 756//3141
f 758//3142 756//3143 754//3144
f 919//3145 755//3146 918//3147
f 918//3148 755//3149 756//3150
f 751//3151 920//3152 752//3153
f 752//3154 920//3155 921//3156
f 921//3157 922//3158 752//3159
f 752//3160 922//3161 750//3162
f 752//3163 750//3164 748//3165
f 923//3166 749//3167 922//3168
f 922//3169 749//3170 750//3171
f 745//3172 924//3173 746//3174
f 746//3175 924//3176 925//3177
f 925//3178 926//3179 746//3180
f 746//3181 926//3182 744//3183
f 746//3184 744//3185 742//3186
f 927//3187 743//3188 926//3189
f 926//3190 743//3191 744//3192
f 739//3193 928//3194 740//3195
f 740//3196 928//3197 929//3198
f 929//3199 930//3200 740//3201
f 740//3202 930//3203 738//3204
f 740//3205 738//3206 736//3207
f 931//3208 737//3209 930//3210
f 930//3211 737//3212 738//3213
f 932//3214 933//3215 934//3216
f 934//3217 933//3218 935//3219
f 933//3220 936//3221 935//3222
f 934//3223 935//3224 937//3225
f 937//3226 935//3227 936//3228
f 733//3229 938//3230 734//3231
f 734//3232 938//3233 939//3234
f 939//3235 940//3236 734//3237
f 734//3238 940//3239 732//3240
f 734//3241 732//3242 730//3243
f 941//3244 731//3245 940//3246
f 940//3247 731//3248 732//3249
f 942//3250 943//3251 944//3252
f 944//3253 943//3254 945//3255
f 943//3256 946//3257 945//3258
f 944//3259 945//3260 947//3261
f 947//3262 945//3263 946//3264
f 727//3265 948//3266 728//3267
f 728//3268 948//3269 949//3270
f 949//3271 950//3272 728//3273
f 728//3274 950//3275 726//3276
f 728//3277 726//3278 724//3279
f 951//3280 725//3281 950//3282
f 950//3283 725//3284 726//3285
f 952//3286 953//3287 857//3288
f 857//3289 953//3290 858//3291
f 953//3292 860//3293 858//3294
f 974//3295 975//3296 852//3297
f 852//3298 975//3299 812//3300
f 852//3301 812//3302 813//3303
f 810//3304 812//3305 976//3306
f 976//3307 812//3308 975//3309
f 977//3310 978//3311 979//3312
f 979//3313 978//3314 980//3315
f 981//3316 979//3317 980//3318
f 982//3319 977//3320 981//3321
f 981//3322 977//3323 979//3324
f 983//3325 984//3326 808//3327
f 808//3328 984//3329 809//3330
f 984//3331 985//3332 809//3333
f 809//3334 985//3335 806//3336
f 809//3337 806//3338 807//3339
f 804//3340 806//3341 986//3342
f 986//3343 806//3344 985//3345
f 987//3346 988//3347 989//3348
f 989//3349 988//3350 990//3351
f 991//3352 989//3353 990//3354
f 992//3355 987//3356 991//3357
f 991//3358 987//3359 989//3360
f 993//3361 994//3362 802//3363
f 802//3364 994//3365 803//3366
f 994//3367 995//3368 803//3369
f 803//3370 995//3371 800//3372
f 803//3373 800//3374 801//3375
f 798//3376 800//3377 996//3378
f 996//3379 800//3380 995//3381
f 997//3382 998//3383 796//3384
f 796//3385 998//3386 797//3387
f 998//3388 999//3389 797//3390
f 797//3391 999//3392 794//3393
f 797//3394 794//3395 795//3396
f 792//3397 794//3398 1000//3399
f 1000//3400 794//3401 999//3402
f 1001//3403 1002//3404 790//3405
f 790//3406 1002//3407 791//3408
f 1002//3409 1003//3410 791//3411
f 791//3412 1003//3413 788//3414
f 791//3415 788//3416 789//3417
f 786//3418 788//3419 1004//3420
f 1004//3421 788//3422 1003//3423
f 1005//3424 1006//3425 784//3426
f 784//3427 1006//3428 785//3429
f 1006//3430 1007//3431 785//3432
f 785//3433 1007//3434 782//3435
f 785//3436 782//3437 783//3438
f 780//3439 782//3440 1008//3441
f 1008//3442 782//3443 1007//3444
f 1009//3445 1010//3446 777//3447
f 777//3448 1010//3449 779//3450
f 1011//3451 778//3452 1010//3453
f 1010//3454 778//3455 779//3456
f 1012//3457 776//3458 1011//3459
f 1011//3460 776//3461 778//3462
f 1013//3463 1014//3464 763//3465
f 1013//3466 763//3467 348//3468
f 1013//3469 348//3470 347//3471
f 1013//3472 347//3473 341//3474
f 1013//3475 341//3476 343//3477
f 1013//3478 343//3479 338//3480
f 1013//3481 338//3482 340//3483
f 1013//3484 340//3485 1015//3486
f 341//3487 347//3488 767//3489
f 767//3490 347//3491 766//3492
f 338//3493 343//3494 772//3495
f 772//3496 343//3497 771//3498
f 340//3499 775//3500 1015//3501
f 1015//3502 775//3503 1016//3504
f 850//3505 1017//3506 352//3507
f 835//3508 834//3509 856//3510
f 1018//3511 1019//3512 835//3513
f 1018//3514 835//3515 856//3516
f 1018//3517 856//3518 854//3519
f 1018//3520 854//3521 853//3522
f 1018//3523 853//3524 1020//3525
f 855//3526 856//3527 360//3528
f 855//3529 360//3530 362//3531
f 855//3532 362//3533 355//3534
f 855//3535 355//3536 357//3537
f 855//3538 357//3539 350//3540
f 855//3541 350//3542 352//3543
f 855//3544 352//3545 1017//3546
f 855//3547 1017//3548 703//3549
f 855//3550 703//3551 704//3552
f 855//3553 704//3554 911//3555
f 855//3556 911//3557 1020//3558
f 855//3559 1020//3560 853//3561
f 357//3562 845//3563 350//3564
f 350//3565 845//3566 847//3567
f 362//3568 840//3569 355//3570
f 355//3571 840//3572 842//3573
f 837//3574 360//3575 1021//3576
f 1021//3577 360//3578 856//3579
f 1021//3580 856//3581 834//3582
f 1019//3583 1022//3584 835//3585
f 835//3586 1022//3587 832//3588
f 835//3589 832//3590 833//3591
f 830//3592 832//3593 1023//3594
f 1023//3595 832//3596 1022//3597
f 1024//3598 1025//3599 827//3600
f 827//3601 1025//3602 829//3603
f 1026//3604 828//3605 1025//3606
f 1025//3607 828//3608 829//3609
f 1027//3610 826//3611 1026//3612
f 1026//3613 826//3614 828//3615
f 1028//3616 1029//3617 1030//3618
f 1030//3619 1029//3620 1031//3621
f 1030//3622 1031//3623 1032//3624
f 1033//3625 1028//3626 1032//3627
f 1032//3628 1028//3629 1030//3630
f 1034//3631 1035//3632 1036//3633
f 1036//3634 1035//3635 1037//3636
f 1036//3637 1037//3638 1038//3639
f 1039//3640 1034//3641 1038//3642
f 1038//3643 1034//3644 1036//3645
f 1040//3646 1041//3647 1042//3648
f 1042//3649 1041//3650 1043//3651
f 1044//3652 1042//3653 1043//3654
f 1045//3655 1040//3656 1044//3657
f 1044//3658 1040//3659 1042//3660
f 1046//3661 1047//3662 1048//3663
f 1048//3664 1047//3665 1049//3666
f 1050//3667 1048//3668 1049//3669
f 1051//3670 1046//3671 1050//3672
f 1050//3673 1046//3674 1048//3675
f 1052//3676 1053//3677 1054//3678
f 1054//3679 1053//3680 1055//3681
f 1056//3682 1054//3683 1055//3684
f 1057//3685 1052//3686 1056//3687
f 1056//3688 1052//3689 1054//3690
f 1058//3691 1059//3692 824//3693
f 824//3694 1059//3695 825//3696
f 1059//3697 1060//3698 825//3699
f 825//3700 1060//3701 822//3702
f 825//3703 822//3704 823//3705
f 820//3706 822//3707 1061//3708
f 1061//3709 822//3710 1060//3711
f 1062//3712 1063//3713 1064//3714
f 1064//3715 1063//3716 1065//3717
f 1066//3718 1064//3719 1065//3720
f 1067//3721 1062//3722 1066//3723
f 1066//3724 1062//3725 1064//3726
f 1068//3727 1069//3728 818//3729
f 818//3730 1069//3731 819//3732
f 1069//3733 1070//3734 819//3735
f 819//3736 1070//3737 816//3738
f 819//3739 816//3740 817//3741
f 814//3742 816//3743 1071//3744
f 1071//3745 816//3746 1070//3747
f 1072//3748 1073//3749 1074//3750
f 1074//3751 1073//3752 1075//3753
f 1076//3754 1074//3755 1075//3756
f 1077//3757 1072//3758 1076//3759
f 1076//3760 1072//3761 1074//3762
f 843//3763 841//3764 399//3765
f 838//3766 836//3767 497//3768
f 769//3769 768//3770 694//3771
f 737//3772 934//3773 619//3774
f 737//3775 931//3776 934//3777
f 881//3778 505//3779 880//3780
f 881//3781 883//3782 505//3783
f 887//3784 440//3785 886//3786
f 887//3787 889//3788 440//3789
f 687//3790 420//3791 681//3792
f 687//3793 685//3794 420//3795
f 673//3796 674//3797 671//3798
f 669//3799 667//3800 607//3801
f 669//3802 670//3803 667//3804
f 643//3805 628//3806 627//3807
f 625//3808 626//3809 623//3810
f 587//3811 564//3812 563//3813
f 555//3814 553//3815 552//3816
f 551//3817 548//3818 511//3819
f 551//3820 549//3821 548//3822
f 547//3823 544//3824 383//3825
f 547//3826 545//3827 544//3828
f 543//3829 540//3830 378//3831
f 543//3832 541//3833 540//3834
f 519//3835 386//3836 385//3837
f 491//3838 454//3839 456//3840
f 487//3841 450//3842 452//3843
f 483//3844 446//3845 448//3846
f 415//3847 413//3848 412//3849
f 405//3850 1039//3851 1041//3852
f 527//3853 1033//3854 1035//3855
f 375//3856 1045//3857 1047//3858
f 422//3859 1051//3860 1053//3861
f 418//3862 420//3863 685//3864
f 623//3865 626//3866 624//3867
f 934//3868 931//3869 932//3870
f 578//3871 580//3872 647//3873
f 534//3874 536//3875 591//3876
f 381//3877 511//3878 382//3879
f 506//3880 509//3881 507//3882
f 406//3883 408//3884 523//3885
f 458//3886 460//3887 495//3888
f 399//3889 397//3890 395//3891
f 399//3892 395//3893 394//3894
f 399//3895 394//3896 367//3897
f 412//3898 411//3899 391//3900
f 412//3901 391//3902 390//3903
f 412//3904 390//3905 370//3906
f 413//3907 414//3908 365//3909
f 413//3910 365//3911 368//3912
f 413//3913 368//3914 393//3915
f 413//3916 393//3917 410//3918
f 413//3919 410//3920 412//3921
f 430//3922 432//3923 385//3924
f 430//3925 385//3926 388//3927
f 430//3928 388//3929 373//3930
f 430//3931 373//3932 428//3933
f 430//3934 428//3935 427//3936
f 430//3937 427//3938 429//3939
f 466//3940 468//3941 379//3942
f 466//3943 379//3944 377//3945
f 466//3946 377//3947 401//3948
f 466//3949 401//3950 464//3951
f 466//3952 464//3953 463//3954
f 466//3955 463//3956 465//3957
f 470//3958 472//3959 381//3960
f 470//3961 381//3962 384//3963
f 470//3964 384//3965 379//3966
f 470//3967 379//3968 468//3969
f 470//3970 468//3971 467//3972
f 470//3973 467//3974 469//3975
f 475//3976 365//3977 414//3978
f 475//3979 414//3980 416//3981
f 475//3982 416//3983 476//3984
f 479//3985 448//3986 442//3987
f 479//3988 442//3989 444//3990
f 479//3991 444//3992 480//3993
f 481//3994 479//3995 478//3996
f 481//3997 478//3998 434//3999
f 481//4000 434//4001 392//4002
f 481//4003 392//4004 391//4005
f 481//4006 391//4007 482//4008
f 484//4009 483//4010 448//4011
f 484//4012 448//4013 479//4014
f 484//4015 479//4016 481//4017
f 485//4018 483//4019 482//4020
f 485//4021 482//4022 391//4023
f 485//4024 391//4025 411//4026
f 485//4027 411//4028 409//4029
f 485//4030 409//4031 486//4032
f 488//4033 487//4034 452//4035
f 488//4036 452//4037 483//4038
f 488//4039 483//4040 485//4041
f 489//4042 487//4043 486//4044
f 489//4045 486//4046 409//4047
f 489//4048 409//4049 396//4050
f 489//4051 396//4052 395//4053
f 489//4054 395//4055 490//4056
f 492//4057 491//4058 456//4059
f 492//4060 456//4061 487//4062
f 492//4063 487//4064 489//4065
f 493//4066 491//4067 490//4068
f 493//4069 490//4070 395//4071
f 493//4072 395//4073 397//4074
f 493//4075 397//4076 398//4077
f 493//4078 398//4079 494//4080
f 496//4081 495//4082 460//4083
f 496//4084 460//4085 491//4086
f 496//4087 491//4088 493//4089
f 497//4090 500//4091 495//4092
f 497//4093 495//4094 494//4095
f 497//4096 494//4097 398//4098
f 507//4099 381//4100 472//4101
f 507//4102 472//4103 471//4104
f 507//4105 471//4106 508//4107
f 512//4108 511//4109 381//4110
f 512//4111 381//4112 507//4113
f 512//4114 507//4115 509//4116
f 515//4117 385//4118 432//4119
f 515//4120 432//4121 431//4122
f 515//4123 431//4124 516//4125
f 517//4126 515//4127 514//4128
f 517//4129 514//4130 441//4131
f 517//4132 441//4133 447//4134
f 517//4135 447//4136 445//4137
f 517//4138 445//4139 518//4140
f 520//4141 519//4142 385//4143
f 520//4144 385//4145 515//4146
f 520//4147 515//4148 517//4149
f 521//4150 519//4151 518//4152
f 521//4153 518//4154 445//4155
f 521//4156 445//4157 451//4158
f 521//4159 451//4160 449//4161
f 521//4162 449//4163 522//4164
f 524//4165 523//4166 408//4167
f 524//4168 408//4169 519//4170
f 524//4171 519//4172 521//4173
f 525//4174 528//4175 523//4176
f 525//4177 523//4178 522//4179
f 525//4180 522//4181 449//4182
f 525//4183 449//4184 455//4185
f 525//4186 455//4187 453//4188
f 525//4189 453//4190 526//4191
f 540//4192 539//4193 403//4194
f 540//4195 403//4196 402//4197
f 540//4198 402//4199 378//4200
f 541//4201 542//4202 427//4203
f 541//4204 427//4205 425//4206
f 541//4207 425//4208 423//4209
f 541//4210 423//4211 538//4212
f 541//4213 538//4214 540//4215
f 544//4216 543//4217 378//4218
f 544//4219 378//4220 380//4221
f 544//4222 380//4223 383//4224
f 545//4225 546//4226 431//4227
f 545//4228 431//4229 429//4230
f 545//4231 429//4232 427//4233
f 545//4234 427//4235 542//4236
f 545//4237 542//4238 544//4239
f 548//4240 547//4241 383//4242
f 548//4243 383//4244 382//4245
f 548//4246 382//4247 511//4248
f 549//4249 550//4250 513//4251
f 549//4252 513//4253 516//4254
f 549//4255 516//4256 431//4257
f 549//4258 431//4259 546//4260
f 549//4261 546//4262 548//4263
f 552//4264 551//4265 511//4266
f 552//4267 511//4268 510//4269
f 552//4270 510//4271 437//4272
f 553//4273 554//4274 444//4275
f 553//4276 444//4277 443//4278
f 553//4279 443//4280 513//4281
f 553//4282 513//4283 550//4284
f 553//4285 550//4286 552//4287
f 557//4288 558//4289 477//4290
f 557//4291 477//4292 480//4293
f 557//4294 480//4295 444//4296
f 557//4297 444//4298 554//4299
f 557//4300 554//4301 556//4302
f 557//4303 556//4304 559//4305
f 570//4306 572//4307 467//4308
f 570//4309 467//4310 465//4311
f 570//4312 465//4313 463//4314
f 570//4315 463//4316 568//4317
f 570//4318 568//4319 567//4320
f 570//4321 567//4322 569//4323
f 583//4324 563//4325 530//4326
f 583//4327 530//4328 532//4329
f 583//4330 532//4331 584//4332
f 585//4333 583//4334 582//4335
f 585//4336 582//4337 502//4338
f 585//4339 502//4340 565//4341
f 585//4342 565//4343 566//4344
f 585//4345 566//4346 586//4347
f 588//4348 587//4349 563//4350
f 588//4351 563//4352 583//4353
f 588//4354 583//4355 585//4356
f 589//4357 587//4358 586//4359
f 589//4360 586//4361 566//4362
f 589//4363 566//4364 461//4365
f 589//4366 461//4367 462//4368
f 589//4369 462//4370 590//4371
f 592//4372 591//4373 536//4374
f 592//4375 536//4376 587//4377
f 592//4378 587//4379 589//4380
f 593//4381 596//4382 591//4383
f 593//4384 591//4385 590//4386
f 593//4387 590//4388 462//4389
f 593//4390 462//4391 404//4392
f 593//4393 404//4394 403//4395
f 593//4396 403//4397 594//4398
f 623//4399 621//4400 610//4401
f 623//4402 610//4403 612//4404
f 623//4405 612//4406 614//4407
f 634//4408 636//4409 581//4410
f 634//4411 581//4412 584//4413
f 634//4414 584//4415 532//4416
f 634//4417 532//4418 632//4419
f 634//4420 632//4421 631//4422
f 634//4423 631//4424 633//4425
f 639//4426 627//4427 616//4428
f 639//4429 616//4430 615//4431
f 639//4432 615//4433 640//4434
f 641//4435 639//4436 638//4437
f 641//4438 638//4439 618//4440
f 641//4441 618//4442 629//4443
f 641//4444 629//4445 630//4446
f 641//4447 630//4448 642//4449
f 644//4450 643//4451 627//4452
f 644//4453 627//4454 639//4455
f 644//4456 639//4457 641//4458
f 645//4459 643//4460 642//4461
f 645//4462 642//4463 630//4464
f 645//4465 630//4466 531//4467
f 645//4468 531//4469 529//4470
f 645//4471 529//4472 646//4473
f 648//4474 647//4475 580//4476
f 648//4477 580//4478 643//4479
f 648//4480 643//4481 645//4482
f 649//4483 652//4484 647//4485
f 649//4486 647//4487 646//4488
f 649//4489 646//4490 529//4491
f 649//4492 529//4493 561//4494
f 649//4495 561//4496 562//4497
f 649//4498 562//4499 650//4500
f 657//4501 660//4502 655//4503
f 657//4504 655//4505 654//4506
f 657//4507 654//4508 603//4509
f 657//4510 603//4511 608//4512
f 657//4513 608//4514 607//4515
f 657//4516 607//4517 658//4518
f 667//4519 665//4520 659//4521
f 667//4522 659//4523 658//4524
f 667//4525 658//4526 607//4527
f 670//4528 672//4529 611//4530
f 670//4531 611//4532 609//4533
f 670//4534 609//4535 661//4536
f 670//4537 661//4538 668//4539
f 670//4540 668//4541 667//4542
f 671//4543 669//4544 607//4545
f 671//4546 607//4547 606//4548
f 671//4549 606//4550 573//4551
f 674//4552 676//4553 615//4554
f 674//4555 615//4556 613//4557
f 674//4558 613//4559 611//4560
f 674//4561 611//4562 672//4563
f 674//4564 672//4565 671//4566
f 678//4567 680//4568 637//4569
f 678//4570 637//4571 640//4572
f 678//4573 640//4574 615//4575
f 678//4576 615//4577 676//4578
f 678//4579 676//4580 675//4581
f 678//4582 675//4583 677//4584
f 681//4585 420//4586 600//4587
f 681//4588 600//4589 599//4590
f 681//4591 599//4592 683//4593
f 688//4594 687//4595 681//4596
f 688//4597 681//4598 682//4599
f 688//4600 682//4601 655//4602
f 688//4603 655//4604 660//4605
f 688//4606 660//4607 659//4608
f 688//4609 659//4610 686//4611
f 692//4612 691//4613 685//4614
f 692//4615 685//4616 686//4617
f 692//4618 686//4619 659//4620
f 692//4621 659//4622 665//4623
f 692//4624 665//4625 666//4626
f 692//4627 666//4628 690//4629
f 694//4630 696//4631 684//4632
f 694//4633 684//4634 683//4635
f 694//4636 683//4637 599//4638
f 698//4639 700//4640 653//4641
f 698//4642 653//4643 656//4644
f 698//4645 656//4646 684//4647
f 698//4648 684//4649 696//4650
f 698//4651 696//4652 695//4653
f 698//4654 695//4655 697//4656
f 701//4657 703//4658 1017//4659
f 701//4660 1017//4661 474//4662
f 701//4663 474//4664 473//4665
f 705//4666 701//4667 473//4668
f 705//4669 473//4670 709//4671
f 705//4672 709//4673 908//4674
f 705//4675 908//4676 909//4677
f 707//4678 709//4679 473//4680
f 707//4681 473//4682 476//4683
f 707//4684 476//4685 416//4686
f 707//4687 416//4688 372//4689
f 707//4690 372//4691 371//4692
f 901//4693 904//4694 371//4695
f 901//4696 371//4697 369//4698
f 901//4699 369//4700 389//4701
f 901//4702 389//4703 436//4704
f 901//4705 436//4706 435//4707
f 895//4708 898//4709 435//4710
f 895//4711 435//4712 433//4713
f 895//4714 433//4715 477//4716
f 895//4717 477//4718 558//4719
f 895//4720 558//4721 560//4722
f 889//4723 892//4724 560//4725
f 889//4726 560//4727 559//4728
f 889//4729 559//4730 556//4731
f 889//4732 556//4733 438//4734
f 889//4735 438//4736 440//4737
f 883//4738 886//4739 440//4740
f 883//4741 440//4742 439//4743
f 883//4744 439//4745 509//4746
f 883//4747 509//4748 506//4749
f 883//4750 506//4751 505//4752
f 877//4753 880//4754 505//4755
f 877//4756 505//4757 508//4758
f 877//4759 508//4760 471//4761
f 877//4762 471//4763 713//4764
f 877//4765 713//4766 874//4767
f 877//4768 874//4769 875//4770
f 711//4771 713//4772 471//4773
f 711//4774 471//4775 469//4776
f 711//4777 469//4778 467//4779
f 711//4780 467//4781 572//4782
f 711//4783 572//4784 571//4785
f 711//4786 571//4787 715//4788
f 867//4789 870//4790 871//4791
f 867//4792 871//4793 715//4794
f 867//4795 715//4796 571//4797
f 867//4798 571//4799 719//4800
f 867//4801 719//4802 864//4803
f 867//4804 864//4805 865//4806
f 717//4807 719//4808 571//4809
f 717//4810 571//4811 569//4812
f 717//4813 569//4814 567//4815
f 717//4816 567//4817 504//4818
f 717//4819 504//4820 503//4821
f 717//4822 503//4823 721//4824
f 857//4825 859//4826 861//4827
f 857//4828 861//4829 721//4830
f 857//4831 721//4832 503//4833
f 857//4834 503//4835 725//4836
f 857//4837 725//4838 951//4839
f 857//4840 951//4841 952//4842
f 723//4843 725//4844 503//4845
f 723//4846 503//4847 501//4848
f 723//4849 501//4850 581//4851
f 723//4852 581//4853 636//4854
f 723//4855 636//4856 635//4857
f 723//4858 635//4859 727//4860
f 944//4861 947//4862 948//4863
f 944//4864 948//4865 727//4866
f 944//4867 727//4868 635//4869
f 944//4870 635//4871 731//4872
f 944//4873 731//4874 941//4875
f 944//4876 941//4877 942//4878
f 729//4879 731//4880 635//4881
f 729//4882 635//4883 633//4884
f 729//4885 633//4886 631//4887
f 729//4888 631//4889 620//4890
f 729//4891 620//4892 619//4893
f 733//4894 729//4895 619//4896
f 733//4897 619//4898 934//4899
f 733//4900 934//4901 937//4902
f 733//4903 937//4904 938//4905
f 735//4906 737//4907 619//4908
f 735//4909 619//4910 617//4911
f 735//4912 617//4913 637//4914
f 735//4915 637//4916 680//4917
f 735//4918 680//4919 679//4920
f 739//4921 735//4922 679//4923
f 739//4924 679//4925 743//4926
f 739//4927 743//4928 927//4929
f 739//4930 927//4931 928//4932
f 741//4933 743//4934 679//4935
f 741//4936 679//4937 677//4938
f 741//4939 677//4940 675//4941
f 741//4942 675//4943 574//4944
f 741//4945 574//4946 576//4947
f 745//4948 741//4949 576//4950
f 745//4951 576//4952 749//4953
f 745//4954 749//4955 923//4956
f 745//4957 923//4958 924//4959
f 747//4960 749//4961 576//4962
f 747//4963 576//4964 575//4965
f 747//4966 575//4967 605//4968
f 747//4969 605//4970 602//4971
f 747//4972 602//4973 601//4974
f 751//4975 747//4976 601//4977
f 751//4978 601//4979 755//4980
f 751//4981 755//4982 919//4983
f 751//4984 919//4985 920//4986
f 753//4987 755//4988 601//4989
f 753//4990 601//4991 604//4992
f 753//4993 604//4994 653//4995
f 753//4996 653//4997 700//4998
f 753//4999 700//5000 699//5001
f 757//5002 753//5003 699//5004
f 757//5005 699//5006 761//5007
f 757//5008 761//5009 915//5010
f 757//5011 915//5012 916//5013
f 759//5014 761//5015 699//5016
f 759//5017 699//5018 697//5019
f 759//5020 697//5021 695//5022
f 768//5023 767//5024 766//5025
f 768//5026 766//5027 765//5028
f 768//5029 765//5030 693//5031
f 768//5032 693//5033 694//5034
f 773//5035 772//5036 771//5037
f 773//5038 771//5039 770//5040
f 773//5041 770//5042 597//5043
f 773//5044 597//5045 598//5046
f 773//5047 598//5048 774//5049
f 776//5050 1012//5051 1016//5052
f 776//5053 1016//5054 775//5055
f 776//5056 775//5057 774//5058
f 776//5059 774//5060 598//5061
f 776//5062 598//5063 419//5064
f 776//5065 419//5066 417//5067
f 777//5068 776//5069 417//5070
f 777//5071 417//5072 780//5073
f 777//5074 780//5075 1008//5076
f 777//5077 1008//5078 1009//5079
f 781//5080 780//5081 417//5082
f 781//5083 417//5084 418//5085
f 781//5086 418//5087 685//5088
f 781//5089 685//5090 691//5091
f 781//5092 691//5093 689//5094
f 784//5095 781//5096 689//5097
f 784//5098 689//5099 786//5100
f 784//5101 786//5102 1004//5103
f 784//5104 1004//5105 1005//5106
f 787//5107 786//5108 689//5109
f 787//5110 689//5111 690//5112
f 787//5113 690//5114 666//5115
f 787//5116 666//5117 664//5118
f 787//5119 664//5120 663//5121
f 790//5122 787//5123 663//5124
f 790//5125 663//5126 792//5127
f 790//5128 792//5129 1000//5130
f 790//5131 1000//5132 1001//5133
f 793//5134 792//5135 663//5136
f 793//5137 663//5138 662//5139
f 793//5140 662//5141 610//5142
f 793//5143 610//5144 621//5145
f 793//5146 621//5147 622//5148
f 796//5149 793//5150 622//5151
f 796//5152 622//5153 798//5154
f 796//5155 798//5156 996//5157
f 796//5158 996//5159 997//5160
f 799//5161 798//5162 622//5163
f 799//5164 622//5165 624//5166
f 799//5167 624//5168 626//5169
f 799//5170 626//5171 579//5172
f 799//5173 579//5174 577//5175
f 799//5176 577//5177 802//5178
f 987//5179 992//5180 993//5181
f 987//5182 993//5183 802//5184
f 987//5185 802//5186 577//5187
f 987//5188 577//5189 804//5190
f 987//5191 804//5192 986//5193
f 987//5194 986//5195 988//5196
f 805//5197 804//5198 577//5199
f 805//5200 577//5201 578//5202
f 805//5203 578//5204 647//5205
f 805//5206 647//5207 652//5208
f 805//5209 652//5210 651//5211
f 805//5212 651//5213 808//5214
f 977//5215 982//5216 983//5217
f 977//5218 983//5219 808//5220
f 977//5221 808//5222 651//5223
f 977//5224 651//5225 810//5226
f 977//5227 810//5228 976//5229
f 977//5230 976//5231 978//5232
f 811//5233 810//5234 651//5235
f 811//5236 651//5237 650//5238
f 811//5239 650//5240 562//5241
f 811//5242 562//5243 535//5244
f 811//5245 535//5246 533//5247
f 811//5248 533//5249 851//5250
f 1072//5251 1077//5252 1078//5253
f 1072//5254 1078//5255 851//5256
f 1072//5257 851//5258 533//5259
f 1072//5260 533//5261 814//5262
f 1072//5263 814//5264 1071//5265
f 1072//5266 1071//5267 1073//5268
f 815//5269 814//5270 533//5271
f 815//5272 533//5273 534//5274
f 815//5275 534//5276 591//5277
f 815//5278 591//5279 596//5280
f 815//5281 596//5282 595//5283
f 815//5284 595//5285 818//5286
f 1062//5287 1067//5288 1068//5289
f 1062//5290 1068//5291 818//5292
f 1062//5293 818//5294 595//5295
f 1062//5296 595//5297 820//5298
f 1062//5299 820//5300 1061//5301
f 1062//5302 1061//5303 1063//5304
f 821//5305 820//5306 595//5307
f 821//5308 595//5309 594//5310
f 821//5311 594//5312 403//5313
f 821//5314 403//5315 539//5316
f 821//5317 539//5318 537//5319
f 821//5320 537//5321 824//5322
f 1052//5323 1057//5324 1058//5325
f 1052//5326 1058//5327 824//5328
f 1052//5329 824//5330 537//5331
f 1052//5332 537//5333 421//5334
f 1052//5335 421//5336 422//5337
f 1052//5338 422//5339 1053//5340
f 1046//5341 1051//5342 422//5343
f 1046//5344 422//5345 424//5346
f 1046//5347 424//5348 426//5349
f 1046//5350 426//5351 376//5352
f 1046//5353 376//5354 375//5355
f 1046//5356 375//5357 1047//5358
f 1040//5359 1045//5360 375//5361
f 1040//5362 375//5363 374//5364
f 1040//5365 374//5366 387//5367
f 1040//5368 387//5369 407//5370
f 1040//5371 407//5372 405//5373
f 1040//5374 405//5375 1041//5376
f 1034//5377 1039//5378 405//5379
f 1034//5380 405//5381 406//5382
f 1034//5383 406//5384 523//5385
f 1034//5386 523//5387 528//5388
f 1034//5389 528//5390 527//5391
f 1034//5392 527//5393 1035//5394
f 1028//5395 1033//5396 527//5397
f 1028//5398 527//5399 526//5400
f 1028//5401 526//5402 453//5403
f 1028//5404 453//5405 459//5406
f 1028//5407 459//5408 457//5409
f 1028//5410 457//5411 1029//5412
f 826//5413 1027//5414 1029//5415
f 826//5416 1029//5417 457//5418
f 826//5419 457//5420 458//5421
f 826//5422 458//5423 495//5424
f 826//5425 495//5426 500//5427
f 826//5428 500//5429 499//5430
f 827//5431 826//5432 499//5433
f 827//5434 499//5435 830//5436
f 827//5437 830//5438 1023//5439
f 827//5440 1023//5441 1024//5442
f 1021//5443 834//5444 831//5445
f 1021//5446 831//5447 498//5448
f 1021//5449 498//5450 497//5451
f 1021//5452 497//5453 836//5454
f 1021//5455 836//5456 837//5457
f 841//5458 842//5459 840//5460
f 841//5461 840//5462 839//5463
f 841//5464 839//5465 400//5466
f 841//5467 400//5468 399//5469
f 846//5470 847//5471 845//5472
f 846//5473 845//5474 844//5475
f 846//5476 844//5477 366//5478
f 846//5479 366//5480 365//5481
f 848//5482 846//5483 365//5484
f 848//5485 365//5486 475//5487
f 848//5488 475//5489 849//5490
f 366//5491 844//5492 367//5493
f 367//5494 844//5495 843//5496
f 367//5497 843//5498 399//5499
f 400//5500 839//5501 398//5502
f 398//5503 839//5504 838//5505
f 398//5506 838//5507 497//5508
f 498//5509 831//5510 499//5511
f 499//5512 831//5513 830//5514
f 597//5515 770//5516 599//5517
f 599//5518 770//5519 769//5520
f 599//5521 769//5522 694//5523
f 693//5524 765//5525 695//5526
f 695//5527 765//5528 764//5529
f 695//5530 764//5531 759//5532
f 892//5533 893//5534 560//5535
f 560//5536 893//5537 895//5538
f 898//5539 899//5540 435//5541
f 435//5542 899//5543 901//5544
f 904//5545 905//5546 371//5547
f 371//5548 905//5549 707//5550
f 682//5551 684//5552 655//5553
f 655//5554 684//5555 656//5556
f 574//5557 675//5558 573//5559
f 573//5560 675//5561 673//5562
f 573//5563 673//5564 671//5565
f 664//5566 666//5567 661//5568
f 661//5569 666//5570 668//5571
f 662//5572 661//5573 610//5574
f 610//5575 661//5576 609//5577
f 654//5578 653//5579 603//5580
f 603//5581 653//5582 604//5583
f 638//5584 637//5585 618//5586
f 618//5587 637//5588 617//5589
f 620//5590 631//5591 618//5592
f 618//5593 631//5594 629//5595
f 531//5596 630//5597 532//5598
f 532//5599 630//5600 632//5601
f 616//5602 627//5603 614//5604
f 614//5605 627//5606 625//5607
f 614//5608 625//5609 623//5610
f 579//5611 626//5612 580//5613
f 580//5614 626//5615 628//5616
f 580//5617 628//5618 643//5619
f 613//5620 614//5621 611//5622
f 611//5623 614//5624 612//5625
f 602//5626 605//5627 603//5628
f 603//5629 605//5630 608//5631
f 606//5632 605//5633 573//5634
f 573//5635 605//5636 575//5637
f 419//5638 598//5639 420//5640
f 420//5641 598//5642 600//5643
f 582//5644 581//5645 502//5646
f 502//5647 581//5648 501//5649
f 504//5650 567//5651 502//5652
f 502//5653 567//5654 565//5655
f 461//5656 566//5657 463//5658
f 463//5659 566//5660 568//5661
f 530//5662 563//5663 529//5664
f 529//5665 563//5666 561//5667
f 535//5668 562//5669 536//5670
f 536//5671 562//5672 564//5673
f 536//5674 564//5675 587//5676
f 438//5677 556//5678 437//5679
f 437//5680 556//5681 555//5682
f 437//5683 555//5684 552//5685
f 421//5686 537//5687 423//5688
f 423//5689 537//5690 538//5691
f 514//5692 513//5693 441//5694
f 441//5695 513//5696 443//5697
f 510//5698 509//5699 437//5700
f 437//5701 509//5702 439//5703
f 478//5704 477//5705 434//5706
f 434//5707 477//5708 433//5709
f 404//5710 462//5711 401//5712
f 401//5713 462//5714 464//5715
f 459//5716 453//5717 460//5718
f 460//5719 453//5720 454//5721
f 460//5722 454//5723 491//5724
f 455//5725 449//5726 456//5727
f 456//5728 449//5729 450//5730
f 456//5731 450//5732 487//5733
f 451//5734 445//5735 452//5736
f 452//5737 445//5738 446//5739
f 452//5740 446//5741 483//5742
f 442//5743 448//5744 441//5745
f 441//5746 448//5747 447//5748
f 392//5749 434//5750 389//5751
f 389//5752 434//5753 436//5754
f 376//5755 426//5756 373//5757
f 373//5758 426//5759 428//5760
f 425//5761 426//5762 423//5763
f 423//5764 426//5765 424//5766
f 372//5767 416//5768 370//5769
f 370//5770 416//5771 415//5772
f 370//5773 415//5774 412//5775
f 396//5776 409//5777 393//5778
f 393//5779 409//5780 410//5781
f 407//5782 387//5783 408//5784
f 408//5785 387//5786 386//5787
f 408//5788 386//5789 519//5790
f 402//5791 401//5792 378//5793
f 378//5794 401//5795 377//5796
f 394//5797 393//5798 367//5799
f 367//5800 393//5801 368//5802
f 390//5803 389//5804 370//5805
f 370//5806 389//5807 369//5808
f 388//5809 387//5810 373//5811
f 373//5812 387//5813 374//5814
f 384//5815 383//5816 379//5817
f 379//5818 383//5819 380//5820
f 1014//5821 912//5822 763//5823
f 763//5824 912//5825 759//5826
f 763//5827 759//5828 764//5829
f 475//5830 474//5831 849//5832
f 849//5833 474//5834 1017//5835
f 849//5836 1017//5837 850//5838
f 1078//5839 974//5840 851//5841
f 851//5842 974//5843 852//5844
f 1013//5845 1015//5846 1079//5847
f 1079//5848 1015//5849 1080//5850
f 1079//5851 1080//5852 1081//5853
f 1081//5854 1080//5855 1082//5856
f 1081//5857 1082//5858 1083//5859
f 1083//5860 1082//5861 1084//5862
f 1083//5863 1084//5864 1085//5865
f 1085//5866 1084//5867 1086//5868
f 1085//5869 1086//5870 1087//5871
f 1087//5872 1086//5873 1088//5874
f 1087//5875 1088//5876 1089//5877
f 1089//5878 1088//5879 1090//5880
f 1089//5881 1090//5882 1091//5883
f 1091//5884 1090//5885 1092//5886
f 1091//5887 1092//5888 1093//5889
f 1093//5890 1092//5891 1094//5892
f 914//5893 916//5894 915//5895
f 918//5896 920//5897 919//5898
f 926//5899 928//5900 927//5901
f 930//5902 932//5903 931//5904
f 936//5905 938//5906 937//5907
f 940//5908 942//5909 941//5910
f 946//5911 948//5912 947//5913
f 950//5914 952//5915 951//5916
f 1099//5917 1020//5918 911//5919
f 1099//5920 911//5921 910//5922
f 1099//5923 910//5924 907//5925
f 1099//5926 907//5927 906//5928
f 1099//5929 906//5930 903//5931
f 1099//5932 903//5933 900//5934
f 1099//5935 900//5936 897//5937
f 1099//5938 897//5939 894//5940
f 1099//5941 894//5942 891//5943
f 1099//5944 891//5945 888//5946
f 1099//5947 888//5948 885//5949
f 1099//5950 885//5951 882//5952
f 1099//5953 882//5954 879//5955
f 1099//5956 879//5957 876//5958
f 1099//5959 876//5960 873//5961
f 1099//5962 873//5963 872//5964
f 1099//5965 872//5966 869//5967
f 1099//5968 869//5969 866//5970
f 1099//5971 866//5972 863//5973
f 1099//5974 863//5975 862//5976
f 1099//5977 862//5978 860//5979
f 913//5980 912//5981 1079//5982
f 913//5983 1079//5984 1081//5985
f 913//5986 1081//5987 1083//5988
f 913//5989 1083//5990 1085//5991
f 913//5992 1085//5993 1087//5994
f 913//5995 1087//5996 1089//5997
f 913//5998 1089//5999 1091//6000
f 913//6001 1091//6002 914//6003
f 943//6004 942//6005 940//6006
f 943//6007 940//6008 1099//6009
f 943//6010 1099//6011 946//6012
f 949//6013 948//6014 946//6015
f 949//6016 946//6017 1099//6018
f 949//6019 1099//6020 950//6021
f 953//6022 952//6023 950//6024
f 953//6025 950//6026 1099//6027
f 953//6028 1099//6029 860//6030
f 1099//6031 940//6032 939//6033
f 1099//6034 939//6035 938//6036
f 1099//6037 938//6038 936//6039
f 1099//6040 936//6041 933//6042
f 1099//6043 933//6044 932//6045
f 1099//6046 932//6047 930//6048
f 1099//6049 930//6050 929//6051
f 1099//6052 929//6053 928//6054
f 1099//6055 928//6056 926//6057
f 1099//6058 926//6059 925//6060
f 1099//6061 925//6062 924//6063
f 1099//6064 924//6065 923//6066
f 1099//6067 923//6068 922//6069
f 1099//6070 922//6071 1093//6072
f 1099//6073 1093//6074 1100//6075
f 1093//6076 922//6077 921//6078
f 1093//6079 921//6080 920//6081
f 1093//6082 920//6083 918//6084
f 1093//6085 918//6086 917//6087
f 1093//6088 917//6089 916//6090
f 1093//6091 916//6092 914//6093
f 1093//6094 914//6095 1091//6096
f 910//6097 909//6098 907//6099
f 907//6100 909//6101 908//6102
f 906//6103 905//6104 903//6105
f 903//6106 905//6107 904//6108
f 900//6109 899//6110 897//6111
f 897//6112 899//6113 898//6114
f 894//6115 893//6116 891//6117
f 891//6118 893//6119 892//6120
f 888//6121 887//6122 885//6123
f 885//6124 887//6125 886//6126
f 882//6127 881//6128 879//6129
f 879//6130 881//6131 880//6132
f 876//6133 875//6134 873//6135
f 873//6136 875//6137 874//6138
f 872//6139 871//6140 869//6141
f 869//6142 871//6143 870//6144
f 866//6145 865//6146 863//6147
f 863//6148 865//6149 864//6150
f 862//6151 861//6152 860//6153
f 860//6154 861//6155 859//6156
f 912//6157 1014//6158 1079//6159
f 1079//6160 1014//6161 1013//6162
f 1099//6163 1101//6164 959//6165
f 1099//6166 959//6167 958//6168
f 1099//6169 958//6170 960//6171
f 1099//6172 960//6173 954//6174
f 1099//6175 954//6176 956//6177
f 1099//6178 956//6179 962//6180
f 1099//6181 962//6182 964//6183
f 1099//6184 964//6185 966//6186
f 1099//6187 966//6188 968//6189
f 1099//6190 968//6191 970//6192
f 1099//6193 970//6194 972//6195
f 1099//6196 972//6197 1020//6198
f 1101//6199 1018//6200 973//6201
f 1101//6202 973//6203 971//6204
f 1101//6205 971//6206 969//6207
f 1101//6208 969//6209 967//6210
f 1101//6211 967//6212 965//6213
f 1101//6214 965//6215 963//6216
f 1101//6217 963//6218 957//6219
f 1101//6220 957//6221 955//6222
f 1101//6223 955//6224 961//6225
f 1101//6226 961//6227 959//6228
f 961//6229 955//6230 960//6231
f 960//6232 955//6233 954//6234
f 957//6235 963//6236 956//6237
f 956//6238 963//6239 962//6240
f 965//6241 967//6242 964//6243
f 964//6244 967//6245 966//6246
f 969//6247 971//6248 968//6249
f 968//6250 971//6251 970//6252
f 973//6253 1018//6254 972//6255
f 972//6256 1018//6257 1020//6258
f 1009//6259 1008//6260 1010//6261
f 1005//6262 1004//6263 1006//6264
f 997//6265 996//6266 998//6267
f 993//6268 992//6269 994//6270
f 988//6271 986//6272 990//6273
f 983//6274 982//6275 984//6276
f 978//6277 976//6278 980//6279
f 1101//6280 974//6281 1076//6282
f 1101//6283 1076//6284 1075//6285
f 1101//6286 1075//6287 1070//6288
f 1101//6289 1070//6290 1069//6291
f 1101//6292 1069//6293 1066//6294
f 1101//6295 1066//6296 1065//6297
f 1101//6298 1065//6299 1060//6300
f 1101//6301 1060//6302 1059//6303
f 1101//6304 1059//6305 1056//6306
f 1101//6307 1056//6308 1055//6309
f 1101//6310 1055//6311 1050//6312
f 1101//6313 1050//6314 1049//6315
f 1101//6316 1049//6317 1044//6318
f 1101//6319 1044//6320 1043//6321
f 1101//6322 1043//6323 1038//6324
f 1101//6325 1038//6326 1037//6327
f 1101//6328 1037//6329 1032//6330
f 1101//6331 1032//6332 1031//6333
f 1101//6334 1031//6335 1026//6336
f 1101//6337 1026//6338 1025//6339
f 1101//6340 1025//6341 1022//6342
f 1101//6343 1022//6344 1019//6345
f 1101//6346 1019//6347 1018//6348
f 981//6349 980//6350 1101//6351
f 981//6352 1101//6353 984//6354
f 981//6355 984//6356 982//6357
f 975//6358 974//6359 1101//6360
f 975//6361 1101//6362 980//6363
f 975//6364 980//6365 976//6366
f 1101//6367 1102//6368 1094//6369
f 1101//6370 1094//6371 1002//6372
f 1101//6373 1002//6374 1001//6375
f 1101//6376 1001//6377 1000//6378
f 1101//6379 1000//6380 999//6381
f 1101//6382 999//6383 998//6384
f 1101//6385 998//6386 996//6387
f 1101//6388 996//6389 995//6390
f 1101//6391 995//6392 994//6393
f 1101//6394 994//6395 992//6396
f 1101//6397 992//6398 991//6399
f 1101//6400 991//6401 990//6402
f 1101//6403 990//6404 986//6405
f 1101//6406 986//6407 985//6408
f 1101//6409 985//6410 984//6411
f 1094//6412 1092//6413 1010//6414
f 1094//6415 1010//6416 1008//6417
f 1094//6418 1008//6419 1007//6420
f 1094//6421 1007//6422 1006//6423
f 1094//6424 1006//6425 1004//6426
f 1094//6427 1004//6428 1003//6429
f 1094//6430 1003//6431 1002//6432
f 1011//6433 1010//6434 1092//6435
f 1011//6436 1092//6437 1090//6438
f 1011//6439 1090//6440 1088//6441
f 1011//6442 1088//6443 1086//6444
f 1011//6445 1086//6446 1084//6447
f 1011//6448 1084//6449 1082//6450
f 1011//6451 1082//6452 1080//6453
f 1011//6454 1080//6455 1012//6456
f 1022//6457 1025//6458 1023//6459
f 1023//6460 1025//6461 1024//6462
f 1026//6463 1031//6464 1027//6465
f 1027//6466 1031//6467 1029//6468
f 1032//6469 1037//6470 1033//6471
f 1033//6472 1037//6473 1035//6474
f 1038//6475 1043//6476 1039//6477
f 1039//6478 1043//6479 1041//6480
f 1044//6481 1049//6482 1045//6483
f 1045//6484 1049//6485 1047//6486
f 1050//6487 1055//6488 1051//6489
f 1051//6490 1055//6491 1053//6492
f 1056//6493 1059//6494 1057//6495
f 1057//6496 1059//6497 1058//6498
f 1060//6499 1065//6500 1061//6501
f 1061//6502 1065//6503 1063//6504
f 1066//6505 1069//6506 1067//6507
f 1067//6508 1069//6509 1068//6510
f 1070//6511 1075//6512 1071//6513
f 1071//6514 1075//6515 1073//6516
f 1076//6517 974//6518 1077//6519
f 1077//6520 974//6521 1078//6522
f 1016//6523 1012//6524 1015//6525
f 1015//6526 1012//6527 1080//6528
f 1100//6529 1093//6530 1102//6531
f 1102//6532 1093//6533 1094//6534
f 1100//6535 1098//6536 1099//6537
f 1099//6538 1098//6539 1097//6540
f 1099//6541 1097//6542 1101//6543
f 1101//6544 1097//6545 1096//6546
f 1101//6547 1096//6548 1102//6549
f 1102//6550 1096//6551 1095//6552
f 1102//6553 1095//6554 1100//6555
f 1100//6556 1095//6557 1098//6558
f 854//6559 855//6560 853//6561
f 959//6562 961//6563 960//6564
f 956//6565 955//6566 957//6567
f 964//6568 963//6569 965//6570
f 968//6571 967//6572 969//6573
f 972//6574 971//6575 973//6576
f 1097//6577 1095//6578 1096//6579
f 1098//6580 1095//6581 1097//6582
f 970//6583 971//6584 972//6585
f 966//6586 967//6587 968//6588
f 962//6589 963//6590 964//6591
f 954//6592 955//6593 956//6594
f 959//6595 960//6596 958//6597
f 856//6598 855//6599 854//6600
