v -3.750000000000e-01 0.000000000000e+00 3.281250000000e-01
v -4.531250000000e-01 0.000000000000e+00 3.750000000000e-01
v -4.375000000000e-01 0.000000000000e+00 3.750000000000e-01
v -3.750000000000e-01 0.000000000000e+00 3.125000000000e-01
v -3.906250000000e-01 0.000000000000e+00 3.593750000000e-01
v -4.062500000000e-01 0.000000000000e+00 3.593750000000e-01
v -3.750000000000e-01 0.000000000000e+00 3.437500000000e-01
v -3.906250000000e-01 0.000000000000e+00 3.437500000000e-01
v -4.062500000000e-01 0.000000000000e+00 3.437500000000e-01
v -4.218750000000e-01 0.000000000000e+00 3.437500000000e-01
v -4.062500000000e-01 0.000000000000e+00 3.281250000000e-01
v -4.375000000000e-01 0.000000000000e+00 3.593750000000e-01
v -4.218750000000e-01 0.000000000000e+00 3.593750000000e-01
v -3.906250000000e-01 0.000000000000e+00 3.281250000000e-01
v -4.218750000000e-01 0.000000000000e+00 3.281250000000e-01
v -4.375000000000e-01 0.000000000000e+00 3.281250000000e-01
v -3.906250000000e-01 0.000000000000e+00 3.125000000000e-01
v -4.062500000000e-01 0.000000000000e+00 3.125000000000e-01
v -4.218750000000e-01 0.000000000000e+00 3.125000000000e-01
v -3.750000000000e-01 0.000000000000e+00 2.968750000000e-01
v -3.906250000000e-01 0.000000000000e+00 2.968750000000e-01
v -4.062500000000e-01 0.000000000000e+00 2.968750000000e-01
v -3.750000000000e-01 0.000000000000e+00 2.656250000000e-01
v -3.593750000000e-01 0.000000000000e+00 2.656250000000e-01
v -3.593750000000e-01 0.000000000000e+00 2.812500000000e-01
v -3.750000000000e-01 0.000000000000e+00 2.812500000000e-01
v -3.906250000000e-01 0.000000000000e+00 2.812500000000e-01
v -4.375000000000e-01 0.000000000000e+00 3.437500000000e-01
v -5.000000000000e-01 0.000000000000e+00 3.281250000000e-01
v -5.000000000000e-01 0.000000000000e+00 3.437500000000e-01
v -4.531250000000e-01 0.000000000000e+00 3.593750000000e-01
v -4.687500000000e-01 0.000000000000e+00 3.593750000000e-01
v -4.531250000000e-01 0.000000000000e+00 3.281250000000e-01
v -4.687500000000e-01 0.000000000000e+00 3.281250000000e-01
v -4.843750000000e-01 0.000000000000e+00 3.281250000000e-01
v -4.687500000000e-01 0.000000000000e+00 3.750000000000e-01
v -4.843750000000e-01 0.000000000000e+00 3.593750000000e-01
v -5.000000000000e-01 0.000000000000e+00 3.593750000000e-01
v -5.000000000000e-01 0.000000000000e+00 3.750000000000e-01
v -4.843750000000e-01 0.000000000000e+00 3.750000000000e-01
v -4.531250000000e-01 0.000000000000e+00 3.437500000000e-01
v -4.687500000000e-01 0.000000000000e+00 3.437500000000e-01
v -4.843750000000e-01 0.000000000000e+00 3.437500000000e-01
v -4.531250000000e-01 0.000000000000e+00 2.812500000000e-01
v -4.218750000000e-01 0.000000000000e+00 2.968750000000e-01
v -4.375000000000e-01 0.000000000000e+00 2.968750000000e-01
v -4.531250000000e-01 0.000000000000e+00 2.968750000000e-01
v -4.687500000000e-01 0.000000000000e+00 2.968750000000e-01
v -4.843750000000e-01 0.000000000000e+00 2.968750000000e-01
v -5.000000000000e-01 0.000000000000e+00 2.968750000000e-01
v -5.000000000000e-01 0.000000000000e+00 3.125000000000e-01
v -4.843750000000e-01 0.000000000000e+00 3.125000000000e-01
v -4.687500000000e-01 0.000000000000e+00 3.125000000000e-01
v -4.531250000000e-01 0.000000000000e+00 3.125000000000e-01
v -4.375000000000e-01 0.000000000000e+00 3.125000000000e-01
v -4.375000000000e-01 0.000000000000e+00 2.656250000000e-01
v -4.218750000000e-01 0.000000000000e+00 2.656250000000e-01
v -4.375000000000e-01 0.000000000000e+00 2.812500000000e-01
v -4.218750000000e-01 0.000000000000e+00 2.812500000000e-01
v -4.687500000000e-01 0.000000000000e+00 4.062500000000e-01
v -5.000000000000e-01 0.000000000000e+00 4.062500000000e-01
v -4.843750000000e-01 0.000000000000e+00 4.062500000000e-01
v -4.531250000000e-01 0.000000000000e+00 4.062500000000e-01
v -4.687500000000e-01 0.000000000000e+00 4.375000000000e-01
v -4.843750000000e-01 0.000000000000e+00 4.375000000000e-01
v -5.000000000000e-01 0.000000000000e+00 4.375000000000e-01
v -5.000000000000e-01 0.000000000000e+00 4.218750000000e-01
v -4.843750000000e-01 0.000000000000e+00 4.218750000000e-01
v -5.000000000000e-01 0.000000000000e+00 3.906250000000e-01
v -4.843750000000e-01 0.000000000000e+00 3.906250000000e-01
v -4.687500000000e-01 0.000000000000e+00 3.906250000000e-01
v -4.531250000000e-01 0.000000000000e+00 3.906250000000e-01
v -4.687500000000e-01 0.000000000000e+00 4.218750000000e-01
v -4.531250000000e-01 0.000000000000e+00 4.218750000000e-01
v -4.375000000000e-01 0.000000000000e+00 3.906250000000e-01
v -4.218750000000e-01 0.000000000000e+00 4.218750000000e-01
v -4.375000000000e-01 0.000000000000e+00 4.375000000000e-01
v -4.062500000000e-01 0.000000000000e+00 4.218750000000e-01
v -3.906250000000e-01 0.000000000000e+00 4.062500000000e-01
v -4.375000000000e-01 0.000000000000e+00 4.218750000000e-01
v -4.218750000000e-01 0.000000000000e+00 3.750000000000e-01
v -4.062500000000e-01 0.000000000000e+00 4.062500000000e-01
v -4.218750000000e-01 0.000000000000e+00 4.062500000000e-01
v -4.218750000000e-01 0.000000000000e+00 3.906250000000e-01
v -4.062500000000e-01 0.000000000000e+00 3.906250000000e-01
v -4.062500000000e-01 0.000000000000e+00 3.750000000000e-01
v -3.906250000000e-01 0.000000000000e+00 3.750000000000e-01
v -4.375000000000e-01 0.000000000000e+00 4.062500000000e-01
v -3.906250000000e-01 0.000000000000e+00 3.906250000000e-01
v -4.531250000000e-01 0.000000000000e+00 4.843750000000e-01
v -4.218750000000e-01 0.000000000000e+00 4.843750000000e-01
v -4.218750000000e-01 0.000000000000e+00 5.000000000000e-01
v -4.375000000000e-01 0.000000000000e+00 5.000000000000e-01
v -4.531250000000e-01 0.000000000000e+00 5.000000000000e-01
v -4.062500000000e-01 0.000000000000e+00 4.375000000000e-01
v -4.375000000000e-01 0.000000000000e+00 4.843750000000e-01
v -4.062500000000e-01 0.000000000000e+00 4.687500000000e-01
v -4.218750000000e-01 0.000000000000e+00 4.687500000000e-01
v -4.375000000000e-01 0.000000000000e+00 4.687500000000e-01
v -4.062500000000e-01 0.000000000000e+00 4.843750000000e-01
v -4.218750000000e-01 0.000000000000e+00 4.375000000000e-01
v -4.375000000000e-01 0.000000000000e+00 4.531250000000e-01
v -4.218750000000e-01 0.000000000000e+00 4.531250000000e-01
v -4.062500000000e-01 0.000000000000e+00 4.531250000000e-01
v -4.843750000000e-01 0.000000000000e+00 4.843750000000e-01
v -4.687500000000e-01 0.000000000000e+00 4.843750000000e-01
v -5.000000000000e-01 0.000000000000e+00 4.687500000000e-01
v -4.843750000000e-01 0.000000000000e+00 4.687500000000e-01
v -4.687500000000e-01 0.000000000000e+00 4.687500000000e-01
v -4.531250000000e-01 0.000000000000e+00 4.531250000000e-01
v -4.531250000000e-01 0.000000000000e+00 4.375000000000e-01
v -4.687500000000e-01 0.000000000000e+00 4.531250000000e-01
v -5.000000000000e-01 0.000000000000e+00 4.843750000000e-01
v -4.843750000000e-01 0.000000000000e+00 4.531250000000e-01
v -5.000000000000e-01 0.000000000000e+00 5.000000000000e-01
v -4.843750000000e-01 0.000000000000e+00 5.000000000000e-01
v -4.687500000000e-01 0.000000000000e+00 5.000000000000e-01
v -5.000000000000e-01 0.000000000000e+00 4.531250000000e-01
v -4.531250000000e-01 0.000000000000e+00 4.687500000000e-01
v -2.968750000000e-01 0.000000000000e+00 4.375000000000e-01
v -3.125000000000e-01 0.000000000000e+00 3.906250000000e-01
v -2.968750000000e-01 0.000000000000e+00 4.218750000000e-01
v -3.125000000000e-01 0.000000000000e+00 4.218750000000e-01
v -3.437500000000e-01 0.000000000000e+00 4.218750000000e-01
v -2.968750000000e-01 0.000000000000e+00 3.906250000000e-01
v -3.437500000000e-01 0.000000000000e+00 4.531250000000e-01
v -3.437500000000e-01 0.000000000000e+00 4.375000000000e-01
v -3.281250000000e-01 0.000000000000e+00 4.375000000000e-01
v -3.125000000000e-01 0.000000000000e+00 4.375000000000e-01
v -2.968750000000e-01 0.000000000000e+00 4.062500000000e-01
v -3.125000000000e-01 0.000000000000e+00 4.062500000000e-01
v -3.281250000000e-01 0.000000000000e+00 4.062500000000e-01
v -3.281250000000e-01 0.000000000000e+00 4.218750000000e-01
v -2.968750000000e-01 0.000000000000e+00 4.687500000000e-01
v -3.437500000000e-01 0.000000000000e+00 4.843750000000e-01
v -3.281250000000e-01 0.000000000000e+00 4.843750000000e-01
v -3.125000000000e-01 0.000000000000e+00 4.687500000000e-01
v -3.281250000000e-01 0.000000000000e+00 4.687500000000e-01
v -3.437500000000e-01 0.000000000000e+00 4.687500000000e-01
v -2.968750000000e-01 0.000000000000e+00 5.000000000000e-01
v -3.125000000000e-01 0.000000000000e+00 5.000000000000e-01
v -3.437500000000e-01 0.000000000000e+00 5.000000000000e-01
v -2.968750000000e-01 0.000000000000e+00 4.531250000000e-01
v -3.125000000000e-01 0.000000000000e+00 4.531250000000e-01
v -3.281250000000e-01 0.000000000000e+00 4.531250000000e-01
v -2.968750000000e-01 0.000000000000e+00 4.843750000000e-01
v -3.125000000000e-01 0.000000000000e+00 4.843750000000e-01
v -3.281250000000e-01 0.000000000000e+00 5.000000000000e-01
v -3.750000000000e-01 0.000000000000e+00 4.531250000000e-01
v -3.593750000000e-01 0.000000000000e+00 5.000000000000e-01
v -3.750000000000e-01 0.000000000000e+00 4.375000000000e-01
v -3.593750000000e-01 0.000000000000e+00 4.375000000000e-01
v -3.906250000000e-01 0.000000000000e+00 4.687500000000e-01
v -3.593750000000e-01 0.000000000000e+00 4.531250000000e-01
v -3.750000000000e-01 0.000000000000e+00 5.000000000000e-01
v -3.593750000000e-01 0.000000000000e+00 4.843750000000e-01
v -3.750000000000e-01 0.000000000000e+00 4.843750000000e-01
v -3.906250000000e-01 0.000000000000e+00 4.843750000000e-01
v -3.906250000000e-01 0.000000000000e+00 4.531250000000e-01
v -3.750000000000e-01 0.000000000000e+00 4.687500000000e-01
v -3.593750000000e-01 0.000000000000e+00 4.687500000000e-01
v -4.062500000000e-01 0.000000000000e+00 5.000000000000e-01
v -3.906250000000e-01 0.000000000000e+00 5.000000000000e-01
v -3.906250000000e-01 0.000000000000e+00 4.218750000000e-01
v -3.906250000000e-01 0.000000000000e+00 4.375000000000e-01
v -3.281250000000e-01 0.000000000000e+00 3.906250000000e-01
v -3.750000000000e-01 0.000000000000e+00 4.218750000000e-01
v -3.437500000000e-01 0.000000000000e+00 4.062500000000e-01
v -3.593750000000e-01 0.000000000000e+00 3.750000000000e-01
v -3.593750000000e-01 0.000000000000e+00 4.062500000000e-01
v -3.750000000000e-01 0.000000000000e+00 4.062500000000e-01
v -3.437500000000e-01 0.000000000000e+00 3.750000000000e-01
v -3.281250000000e-01 0.000000000000e+00 3.750000000000e-01
v -3.125000000000e-01 0.000000000000e+00 3.750000000000e-01
v -3.437500000000e-01 0.000000000000e+00 3.906250000000e-01
v -3.593750000000e-01 0.000000000000e+00 3.906250000000e-01
v -3.750000000000e-01 0.000000000000e+00 3.906250000000e-01
v -3.593750000000e-01 0.000000000000e+00 4.218750000000e-01
v -2.812500000000e-01 0.000000000000e+00 2.187500000000e-01
v -2.812500000000e-01 0.000000000000e+00 2.656250000000e-01
v -2.968750000000e-01 0.000000000000e+00 2.656250000000e-01
v -3.125000000000e-01 0.000000000000e+00 2.656250000000e-01
v -2.812500000000e-01 0.000000000000e+00 2.968750000000e-01
v -2.656250000000e-01 0.000000000000e+00 2.187500000000e-01
v -2.968750000000e-01 0.000000000000e+00 2.968750000000e-01
v -2.968750000000e-01 0.000000000000e+00 2.343750000000e-01
v -2.812500000000e-01 0.000000000000e+00 2.343750000000e-01
v -2.812500000000e-01 0.000000000000e+00 2.812500000000e-01
v -2.968750000000e-01 0.000000000000e+00 2.812500000000e-01
v -3.125000000000e-01 0.000000000000e+00 2.812500000000e-01
v -3.125000000000e-01 0.000000000000e+00 2.500000000000e-01
v -2.968750000000e-01 0.000000000000e+00 2.500000000000e-01
v -2.812500000000e-01 0.000000000000e+00 2.500000000000e-01
v -2.500000000000e-01 0.000000000000e+00 2.812500000000e-01
v -2.656250000000e-01 0.000000000000e+00 2.812500000000e-01
v -2.343750000000e-01 0.000000000000e+00 2.656250000000e-01
v -2.500000000000e-01 0.000000000000e+00 2.656250000000e-01
v -2.656250000000e-01 0.000000000000e+00 2.656250000000e-01
v -2.343750000000e-01 0.000000000000e+00 2.500000000000e-01
v -2.500000000000e-01 0.000000000000e+00 2.500000000000e-01
v -2.343750000000e-01 0.000000000000e+00 2.187500000000e-01
v -2.187500000000e-01 0.000000000000e+00 2.187500000000e-01
v -2.656250000000e-01 0.000000000000e+00 2.500000000000e-01
v -2.500000000000e-01 0.000000000000e+00 2.187500000000e-01
v -2.187500000000e-01 0.000000000000e+00 2.343750000000e-01
v -2.656250000000e-01 0.000000000000e+00 2.343750000000e-01
v -2.500000000000e-01 0.000000000000e+00 2.343750000000e-01
v -2.343750000000e-01 0.000000000000e+00 2.343750000000e-01
v -3.125000000000e-01 0.000000000000e+00 3.125000000000e-01
v -3.437500000000e-01 0.000000000000e+00 2.812500000000e-01
v -3.281250000000e-01 0.000000000000e+00 2.812500000000e-01
v -3.437500000000e-01 0.000000000000e+00 3.281250000000e-01
v -3.593750000000e-01 0.000000000000e+00 3.281250000000e-01
v -3.437500000000e-01 0.000000000000e+00 2.656250000000e-01
v -3.281250000000e-01 0.000000000000e+00 3.125000000000e-01
v -3.437500000000e-01 0.000000000000e+00 3.125000000000e-01
v -3.593750000000e-01 0.000000000000e+00 3.125000000000e-01
v -3.125000000000e-01 0.000000000000e+00 2.968750000000e-01
v -3.281250000000e-01 0.000000000000e+00 2.968750000000e-01
v -3.593750000000e-01 0.000000000000e+00 2.968750000000e-01
v -3.437500000000e-01 0.000000000000e+00 2.968750000000e-01
v -3.281250000000e-01 0.000000000000e+00 2.656250000000e-01
v -3.281250000000e-01 0.000000000000e+00 3.281250000000e-01
v -3.593750000000e-01 0.000000000000e+00 3.593750000000e-01
v -3.750000000000e-01 0.000000000000e+00 3.593750000000e-01
v -2.968750000000e-01 0.000000000000e+00 3.125000000000e-01
v -3.125000000000e-01 0.000000000000e+00 3.281250000000e-01
v -2.968750000000e-01 0.000000000000e+00 3.437500000000e-01
v -3.125000000000e-01 0.000000000000e+00 3.437500000000e-01
v -3.281250000000e-01 0.000000000000e+00 3.437500000000e-01
v -3.437500000000e-01 0.000000000000e+00 3.437500000000e-01
v -3.437500000000e-01 0.000000000000e+00 3.593750000000e-01
v -3.281250000000e-01 0.000000000000e+00 3.593750000000e-01
v -2.968750000000e-01 0.000000000000e+00 3.281250000000e-01
v -3.125000000000e-01 0.000000000000e+00 3.593750000000e-01
v -3.750000000000e-01 0.000000000000e+00 3.750000000000e-01
v -3.593750000000e-01 0.000000000000e+00 3.437500000000e-01
v -2.812500000000e-01 0.000000000000e+00 3.281250000000e-01
v -2.656250000000e-01 0.000000000000e+00 3.281250000000e-01
v -2.812500000000e-01 0.000000000000e+00 3.125000000000e-01
v -2.812500000000e-01 0.000000000000e+00 3.750000000000e-01
v -2.968750000000e-01 0.000000000000e+00 3.750000000000e-01
v -2.656250000000e-01 0.000000000000e+00 3.125000000000e-01
v -2.500000000000e-01 0.000000000000e+00 3.125000000000e-01
v -2.500000000000e-01 0.000000000000e+00 3.437500000000e-01
v -2.656250000000e-01 0.000000000000e+00 3.437500000000e-01
v -2.812500000000e-01 0.000000000000e+00 3.437500000000e-01
v -2.656250000000e-01 0.000000000000e+00 2.968750000000e-01
v -2.500000000000e-01 0.000000000000e+00 3.281250000000e-01
v -2.968750000000e-01 0.000000000000e+00 3.593750000000e-01
v -2.500000000000e-01 0.000000000000e+00 2.968750000000e-01
v -2.656250000000e-01 0.000000000000e+00 3.593750000000e-01
v -2.812500000000e-01 0.000000000000e+00 3.593750000000e-01
v -2.500000000000e-01 0.000000000000e+00 3.906250000000e-01
v -2.812500000000e-01 0.000000000000e+00 4.218750000000e-01
v -2.656250000000e-01 0.000000000000e+00 4.218750000000e-01
v -2.812500000000e-01 0.000000000000e+00 4.062500000000e-01
v -2.656250000000e-01 0.000000000000e+00 4.062500000000e-01
v -2.500000000000e-01 0.000000000000e+00 4.062500000000e-01
v -2.343750000000e-01 0.000000000000e+00 4.062500000000e-01
v -2.500000000000e-01 0.000000000000e+00 3.750000000000e-01
v -2.343750000000e-01 0.000000000000e+00 3.750000000000e-01
v -2.656250000000e-01 0.000000000000e+00 3.750000000000e-01
v -2.343750000000e-01 0.000000000000e+00 3.593750000000e-01
v -2.500000000000e-01 0.000000000000e+00 3.593750000000e-01
v -2.656250000000e-01 0.000000000000e+00 3.906250000000e-01
v -2.343750000000e-01 0.000000000000e+00 3.906250000000e-01
v -2.812500000000e-01 0.000000000000e+00 3.906250000000e-01
v -2.187500000000e-01 0.000000000000e+00 3.906250000000e-01
v -2.031250000000e-01 0.000000000000e+00 3.906250000000e-01
v -1.875000000000e-01 0.000000000000e+00 3.906250000000e-01
v -1.718750000000e-01 0.000000000000e+00 3.906250000000e-01
v -1.875000000000e-01 0.000000000000e+00 4.062500000000e-01
v -2.031250000000e-01 0.000000000000e+00 4.062500000000e-01
v -2.187500000000e-01 0.000000000000e+00 4.062500000000e-01
v -1.718750000000e-01 0.000000000000e+00 3.750000000000e-01
v -1.875000000000e-01 0.000000000000e+00 3.750000000000e-01
v -2.031250000000e-01 0.000000000000e+00 3.750000000000e-01
v -2.187500000000e-01 0.000000000000e+00 3.750000000000e-01
v -2.031250000000e-01 0.000000000000e+00 3.593750000000e-01
v -2.187500000000e-01 0.000000000000e+00 3.593750000000e-01
v -1.875000000000e-01 0.000000000000e+00 3.593750000000e-01
v -1.718750000000e-01 0.000000000000e+00 3.593750000000e-01
v -2.343750000000e-01 0.000000000000e+00 4.531250000000e-01
v -2.187500000000e-01 0.000000000000e+00 4.843750000000e-01
v -2.343750000000e-01 0.000000000000e+00 4.843750000000e-01
v -2.187500000000e-01 0.000000000000e+00 4.218750000000e-01
v -2.031250000000e-01 0.000000000000e+00 4.218750000000e-01
v -1.875000000000e-01 0.000000000000e+00 4.218750000000e-01
v -2.500000000000e-01 0.000000000000e+00 4.843750000000e-01
v -2.187500000000e-01 0.000000000000e+00 4.531250000000e-01
v -2.031250000000e-01 0.000000000000e+00 4.531250000000e-01
v -2.187500000000e-01 0.000000000000e+00 4.375000000000e-01
v -2.343750000000e-01 0.000000000000e+00 4.687500000000e-01
v -2.187500000000e-01 0.000000000000e+00 4.687500000000e-01
v -1.875000000000e-01 0.000000000000e+00 4.375000000000e-01
v -2.031250000000e-01 0.000000000000e+00 4.375000000000e-01
v -2.343750000000e-01 0.000000000000e+00 5.000000000000e-01
v -2.500000000000e-01 0.000000000000e+00 5.000000000000e-01
v -2.656250000000e-01 0.000000000000e+00 4.687500000000e-01
v -2.500000000000e-01 0.000000000000e+00 4.218750000000e-01
v -2.343750000000e-01 0.000000000000e+00 4.218750000000e-01
v -2.500000000000e-01 0.000000000000e+00 4.687500000000e-01
v -2.656250000000e-01 0.000000000000e+00 4.843750000000e-01
v -2.812500000000e-01 0.000000000000e+00 4.843750000000e-01
v -2.812500000000e-01 0.000000000000e+00 4.375000000000e-01
v -2.812500000000e-01 0.000000000000e+00 4.531250000000e-01
v -2.656250000000e-01 0.000000000000e+00 4.531250000000e-01
v -2.500000000000e-01 0.000000000000e+00 4.531250000000e-01
v -2.656250000000e-01 0.000000000000e+00 5.000000000000e-01
v -2.812500000000e-01 0.000000000000e+00 5.000000000000e-01
v -2.656250000000e-01 0.000000000000e+00 4.375000000000e-01
v -2.500000000000e-01 0.000000000000e+00 4.375000000000e-01
v -2.343750000000e-01 0.000000000000e+00 4.375000000000e-01
v -2.812500000000e-01 0.000000000000e+00 4.687500000000e-01
v -1.406250000000e-01 0.000000000000e+00 5.000000000000e-01
v -1.250000000000e-01 0.000000000000e+00 5.000000000000e-01
v -1.093750000000e-01 0.000000000000e+00 5.000000000000e-01
v -1.562500000000e-01 0.000000000000e+00 5.000000000000e-01
v -9.375000000000e-02 0.000000000000e+00 4.531250000000e-01
v -1.093750000000e-01 0.000000000000e+00 4.375000000000e-01
v -1.093750000000e-01 0.000000000000e+00 4.531250000000e-01
v -1.406250000000e-01 0.000000000000e+00 4.843750000000e-01
v -9.375000000000e-02 0.000000000000e+00 4.687500000000e-01
v -1.250000000000e-01 0.000000000000e+00 4.843750000000e-01
v -1.093750000000e-01 0.000000000000e+00 4.687500000000e-01
v -1.093750000000e-01 0.000000000000e+00 4.843750000000e-01
v -1.250000000000e-01 0.000000000000e+00 4.687500000000e-01
v -1.406250000000e-01 0.000000000000e+00 4.687500000000e-01
v -1.250000000000e-01 0.000000000000e+00 4.531250000000e-01
v -2.187500000000e-01 0.000000000000e+00 5.000000000000e-01
v -1.718750000000e-01 0.000000000000e+00 4.531250000000e-01
v -1.875000000000e-01 0.000000000000e+00 4.531250000000e-01
v -1.562500000000e-01 0.000000000000e+00 4.687500000000e-01
v -1.718750000000e-01 0.000000000000e+00 4.687500000000e-01
v -2.031250000000e-01 0.000000000000e+00 5.000000000000e-01
v -1.875000000000e-01 0.000000000000e+00 5.000000000000e-01
v -1.718750000000e-01 0.000000000000e+00 5.000000000000e-01
v -1.875000000000e-01 0.000000000000e+00 4.687500000000e-01
v -1.562500000000e-01 0.000000000000e+00 4.843750000000e-01
v -1.562500000000e-01 0.000000000000e+00 4.531250000000e-01
v -1.406250000000e-01 0.000000000000e+00 4.531250000000e-01
v -2.031250000000e-01 0.000000000000e+00 4.843750000000e-01
v -2.031250000000e-01 0.000000000000e+00 4.687500000000e-01
v -1.875000000000e-01 0.000000000000e+00 4.843750000000e-01
v -1.718750000000e-01 0.000000000000e+00 4.843750000000e-01
v -1.562500000000e-01 0.000000000000e+00 3.906250000000e-01
v -1.562500000000e-01 0.000000000000e+00 4.218750000000e-01
v -1.406250000000e-01 0.000000000000e+00 3.906250000000e-01
v -1.718750000000e-01 0.000000000000e+00 4.375000000000e-01
v -1.562500000000e-01 0.000000000000e+00 4.375000000000e-01
v -1.562500000000e-01 0.000000000000e+00 3.593750000000e-01
v -1.406250000000e-01 0.000000000000e+00 3.593750000000e-01
v -1.406250000000e-01 0.000000000000e+00 4.062500000000e-01
v -1.562500000000e-01 0.000000000000e+00 4.062500000000e-01
v -1.718750000000e-01 0.000000000000e+00 4.062500000000e-01
v -1.718750000000e-01 0.000000000000e+00 4.218750000000e-01
v -1.406250000000e-01 0.000000000000e+00 3.750000000000e-01
v -1.562500000000e-01 0.000000000000e+00 3.750000000000e-01
v -1.406250000000e-01 0.000000000000e+00 3.437500000000e-01
v -1.093750000000e-01 0.000000000000e+00 3.906250000000e-01
v -1.250000000000e-01 0.000000000000e+00 3.906250000000e-01
v -1.250000000000e-01 0.000000000000e+00 3.750000000000e-01
v -1.093750000000e-01 0.000000000000e+00 3.750000000000e-01
v -9.375000000000e-02 0.000000000000e+00 3.750000000000e-01
v -1.093750000000e-01 0.000000000000e+00 3.593750000000e-01
v -1.250000000000e-01 0.000000000000e+00 4.375000000000e-01
v -1.250000000000e-01 0.000000000000e+00 4.062500000000e-01
v -1.093750000000e-01 0.000000000000e+00 4.218750000000e-01
v -1.250000000000e-01 0.000000000000e+00 4.218750000000e-01
v -1.406250000000e-01 0.000000000000e+00 4.218750000000e-01
v -9.375000000000e-02 0.000000000000e+00 3.593750000000e-01
v -1.093750000000e-01 0.000000000000e+00 4.062500000000e-01
v -1.250000000000e-01 0.000000000000e+00 3.593750000000e-01
v -1.406250000000e-01 0.000000000000e+00 4.375000000000e-01
v -6.250000000000e-02 0.000000000000e+00 4.062500000000e-01
v -9.375000000000e-02 0.000000000000e+00 3.906250000000e-01
v -9.375000000000e-02 0.000000000000e+00 4.218750000000e-01
v -7.812500000000e-02 0.000000000000e+00 4.218750000000e-01
v -6.250000000000e-02 0.000000000000e+00 4.218750000000e-01
v -7.812500000000e-02 0.000000000000e+00 4.062500000000e-01
v -7.812500000000e-02 0.000000000000e+00 3.906250000000e-01
v -6.250000000000e-02 0.000000000000e+00 3.906250000000e-01
v -9.375000000000e-02 0.000000000000e+00 4.375000000000e-01
v -7.812500000000e-02 0.000000000000e+00 4.375000000000e-01
v -9.375000000000e-02 0.000000000000e+00 4.062500000000e-01
v -6.250000000000e-02 0.000000000000e+00 3.750000000000e-01
v -7.812500000000e-02 0.000000000000e+00 3.750000000000e-01
v -6.250000000000e-02 0.000000000000e+00 3.593750000000e-01
v -7.812500000000e-02 0.000000000000e+00 3.593750000000e-01
v -2.187500000000e-01 0.000000000000e+00 3.281250000000e-01
v -2.343750000000e-01 0.000000000000e+00 3.437500000000e-01
v -2.031250000000e-01 0.000000000000e+00 2.968750000000e-01
v -1.875000000000e-01 0.000000000000e+00 2.968750000000e-01
v -2.187500000000e-01 0.000000000000e+00 3.437500000000e-01
v -1.875000000000e-01 0.000000000000e+00 3.125000000000e-01
v -2.031250000000e-01 0.000000000000e+00 3.125000000000e-01
v -1.875000000000e-01 0.000000000000e+00 3.281250000000e-01
v -2.031250000000e-01 0.000000000000e+00 3.281250000000e-01
v -1.875000000000e-01 0.000000000000e+00 2.812500000000e-01
v -2.343750000000e-01 0.000000000000e+00 3.281250000000e-01
v -2.187500000000e-01 0.000000000000e+00 3.125000000000e-01
v -2.343750000000e-01 0.000000000000e+00 3.125000000000e-01
v -2.031250000000e-01 0.000000000000e+00 3.437500000000e-01
v -1.718750000000e-01 0.000000000000e+00 2.812500000000e-01
v -1.406250000000e-01 0.000000000000e+00 2.968750000000e-01
v -1.562500000000e-01 0.000000000000e+00 3.437500000000e-01
v -1.718750000000e-01 0.000000000000e+00 3.437500000000e-01
v -1.875000000000e-01 0.000000000000e+00 3.437500000000e-01
v -1.718750000000e-01 0.000000000000e+00 3.125000000000e-01
v -1.406250000000e-01 0.000000000000e+00 2.812500000000e-01
v -1.562500000000e-01 0.000000000000e+00 2.812500000000e-01
v -1.718750000000e-01 0.000000000000e+00 2.968750000000e-01
v -1.562500000000e-01 0.000000000000e+00 2.968750000000e-01
v -1.562500000000e-01 0.000000000000e+00 3.125000000000e-01
v -1.406250000000e-01 0.000000000000e+00 3.125000000000e-01
v -1.718750000000e-01 0.000000000000e+00 3.281250000000e-01
v -1.562500000000e-01 0.000000000000e+00 3.281250000000e-01
v -1.406250000000e-01 0.000000000000e+00 3.281250000000e-01
v -1.406250000000e-01 0.000000000000e+00 2.343750000000e-01
v -1.718750000000e-01 0.000000000000e+00 2.656250000000e-01
v -1.406250000000e-01 0.000000000000e+00 2.656250000000e-01
v -1.718750000000e-01 0.000000000000e+00 2.343750000000e-01
v -1.562500000000e-01 0.000000000000e+00 2.343750000000e-01
v -1.718750000000e-01 0.000000000000e+00 2.500000000000e-01
v -1.562500000000e-01 0.000000000000e+00 2.500000000000e-01
v -1.250000000000e-01 0.000000000000e+00 2.343750000000e-01
v -1.406250000000e-01 0.000000000000e+00 2.500000000000e-01
v -1.250000000000e-01 0.000000000000e+00 2.187500000000e-01
v -1.406250000000e-01 0.000000000000e+00 2.187500000000e-01
v -1.562500000000e-01 0.000000000000e+00 2.187500000000e-01
v -1.718750000000e-01 0.000000000000e+00 2.187500000000e-01
v -1.562500000000e-01 0.000000000000e+00 2.656250000000e-01
v -2.031250000000e-01 0.000000000000e+00 2.500000000000e-01
v -2.031250000000e-01 0.000000000000e+00 2.812500000000e-01
v -1.875000000000e-01 0.000000000000e+00 2.656250000000e-01
v -2.187500000000e-01 0.000000000000e+00 2.812500000000e-01
v -2.343750000000e-01 0.000000000000e+00 2.812500000000e-01
v -2.187500000000e-01 0.000000000000e+00 2.500000000000e-01
v -1.875000000000e-01 0.000000000000e+00 2.500000000000e-01
v -2.187500000000e-01 0.000000000000e+00 2.968750000000e-01
v -2.031250000000e-01 0.000000000000e+00 2.656250000000e-01
v -2.187500000000e-01 0.000000000000e+00 2.656250000000e-01
v -2.343750000000e-01 0.000000000000e+00 2.968750000000e-01
v -1.875000000000e-01 0.000000000000e+00 2.343750000000e-01
v -2.031250000000e-01 0.000000000000e+00 2.343750000000e-01
v -2.031250000000e-01 0.000000000000e+00 2.187500000000e-01
v -1.875000000000e-01 0.000000000000e+00 2.187500000000e-01
v -7.812500000000e-02 0.000000000000e+00 2.187500000000e-01
v -7.812500000000e-02 0.000000000000e+00 2.031250000000e-01
v -6.250000000000e-02 0.000000000000e+00 2.031250000000e-01
v -9.375000000000e-02 0.000000000000e+00 2.031250000000e-01
v -4.687500000000e-02 0.000000000000e+00 2.031250000000e-01
v -3.125000000000e-02 0.000000000000e+00 2.031250000000e-01
v -1.093750000000e-01 0.000000000000e+00 2.187500000000e-01
v -9.375000000000e-02 0.000000000000e+00 2.187500000000e-01
v -4.687500000000e-02 0.000000000000e+00 2.343750000000e-01
v -6.250000000000e-02 0.000000000000e+00 2.187500000000e-01
v -4.687500000000e-02 0.000000000000e+00 2.187500000000e-01
v -3.125000000000e-02 0.000000000000e+00 2.187500000000e-01
v -3.125000000000e-02 0.000000000000e+00 2.343750000000e-01
v -6.250000000000e-02 0.000000000000e+00 2.343750000000e-01
v -3.125000000000e-02 0.000000000000e+00 1.875000000000e-01
v -3.125000000000e-02 0.000000000000e+00 1.406250000000e-01
v -1.562500000000e-02 0.000000000000e+00 1.875000000000e-01
v -7.812500000000e-02 0.000000000000e+00 1.875000000000e-01
v -1.562500000000e-02 0.000000000000e+00 1.718750000000e-01
v -3.125000000000e-02 0.000000000000e+00 1.718750000000e-01
v -4.687500000000e-02 0.000000000000e+00 1.718750000000e-01
v -6.250000000000e-02 0.000000000000e+00 1.718750000000e-01
v -1.562500000000e-02 0.000000000000e+00 1.562500000000e-01
v -3.125000000000e-02 0.000000000000e+00 1.562500000000e-01
v -4.687500000000e-02 0.000000000000e+00 1.562500000000e-01
v -6.250000000000e-02 0.000000000000e+00 1.562500000000e-01
v -1.562500000000e-02 0.000000000000e+00 1.406250000000e-01
v -6.250000000000e-02 0.000000000000e+00 1.875000000000e-01
v -4.687500000000e-02 0.000000000000e+00 1.875000000000e-01
v -1.250000000000e-01 0.000000000000e+00 2.968750000000e-01
v -9.375000000000e-02 0.000000000000e+00 2.812500000000e-01
v -1.093750000000e-01 0.000000000000e+00 2.343750000000e-01
v -9.375000000000e-02 0.000000000000e+00 2.343750000000e-01
v -7.812500000000e-02 0.000000000000e+00 2.343750000000e-01
v -7.812500000000e-02 0.000000000000e+00 2.656250000000e-01
v -1.093750000000e-01 0.000000000000e+00 2.500000000000e-01
v -1.250000000000e-01 0.000000000000e+00 2.500000000000e-01
v -9.375000000000e-02 0.000000000000e+00 2.500000000000e-01
v -1.093750000000e-01 0.000000000000e+00 2.812500000000e-01
v -1.250000000000e-01 0.000000000000e+00 2.656250000000e-01
v -1.093750000000e-01 0.000000000000e+00 2.656250000000e-01
v -9.375000000000e-02 0.000000000000e+00 2.656250000000e-01
v -7.812500000000e-02 0.000000000000e+00 2.500000000000e-01
v -1.250000000000e-01 0.000000000000e+00 2.812500000000e-01
v -6.250000000000e-02 0.000000000000e+00 2.968750000000e-01
v -6.250000000000e-02 0.000000000000e+00 3.125000000000e-01
v -4.687500000000e-02 0.000000000000e+00 3.125000000000e-01
v -7.812500000000e-02 0.000000000000e+00 3.125000000000e-01
v -6.250000000000e-02 0.000000000000e+00 2.500000000000e-01
v -4.687500000000e-02 0.000000000000e+00 2.500000000000e-01
v -3.125000000000e-02 0.000000000000e+00 2.500000000000e-01
v -4.687500000000e-02 0.000000000000e+00 2.968750000000e-01
v -7.812500000000e-02 0.000000000000e+00 2.968750000000e-01
v -4.687500000000e-02 0.000000000000e+00 2.812500000000e-01
v -6.250000000000e-02 0.000000000000e+00 2.812500000000e-01
v -7.812500000000e-02 0.000000000000e+00 2.812500000000e-01
v -6.250000000000e-02 0.000000000000e+00 2.656250000000e-01
v -4.687500000000e-02 0.000000000000e+00 2.656250000000e-01
v -3.125000000000e-02 0.000000000000e+00 2.656250000000e-01
v -6.250000000000e-02 0.000000000000e+00 3.281250000000e-01
v -7.812500000000e-02 0.000000000000e+00 3.437500000000e-01
v -4.687500000000e-02 0.000000000000e+00 3.281250000000e-01
v -7.812500000000e-02 0.000000000000e+00 3.281250000000e-01
v -6.250000000000e-02 0.000000000000e+00 3.437500000000e-01
v -9.375000000000e-02 0.000000000000e+00 3.281250000000e-01
v -1.093750000000e-01 0.000000000000e+00 3.281250000000e-01
v -1.250000000000e-01 0.000000000000e+00 3.281250000000e-01
v -9.375000000000e-02 0.000000000000e+00 3.125000000000e-01
v -1.093750000000e-01 0.000000000000e+00 3.125000000000e-01
v -1.250000000000e-01 0.000000000000e+00 3.125000000000e-01
v -9.375000000000e-02 0.000000000000e+00 2.968750000000e-01
v -1.093750000000e-01 0.000000000000e+00 2.968750000000e-01
v -1.250000000000e-01 0.000000000000e+00 3.437500000000e-01
v -1.093750000000e-01 0.000000000000e+00 3.437500000000e-01
v -9.375000000000e-02 0.000000000000e+00 3.437500000000e-01
v -4.687500000000e-02 0.000000000000e+00 -1.562500000000e-02
v -1.562500000000e-02 0.000000000000e+00 -3.125000000000e-02
v -3.125000000000e-02 0.000000000000e+00 -3.125000000000e-02
v -4.687500000000e-02 0.000000000000e+00 -3.125000000000e-02
v -6.250000000000e-02 0.000000000000e+00 -1.562500000000e-02
v -6.250000000000e-02 0.000000000000e+00 -3.125000000000e-02
v -1.562500000000e-02 0.000000000000e+00 -4.687500000000e-02
v -3.125000000000e-02 0.000000000000e+00 -4.687500000000e-02
v -6.250000000000e-02 0.000000000000e+00 -4.687500000000e-02
v -4.687500000000e-02 0.000000000000e+00 -4.687500000000e-02
v -6.250000000000e-02 0.000000000000e+00 -6.250000000000e-02
v -4.687500000000e-02 0.000000000000e+00 -6.250000000000e-02
v -3.125000000000e-02 0.000000000000e+00 -6.250000000000e-02
v -1.562500000000e-02 0.000000000000e+00 -6.250000000000e-02
v -7.812500000000e-02 0.000000000000e+00 -4.687500000000e-02
v -1.250000000000e-01 0.000000000000e+00 1.562500000000e-02
v -7.812500000000e-02 0.000000000000e+00 0.000000000000e+00
v -9.375000000000e-02 0.000000000000e+00 0.000000000000e+00
v -1.093750000000e-01 0.000000000000e+00 0.000000000000e+00
v -1.250000000000e-01 0.000000000000e+00 0.000000000000e+00
v -1.093750000000e-01 0.000000000000e+00 1.562500000000e-02
v -9.375000000000e-02 0.000000000000e+00 1.562500000000e-02
v -9.375000000000e-02 0.000000000000e+00 -4.687500000000e-02
v -7.812500000000e-02 0.000000000000e+00 -1.562500000000e-02
v -9.375000000000e-02 0.000000000000e+00 -1.562500000000e-02
v -1.093750000000e-01 0.000000000000e+00 -1.562500000000e-02
v -1.250000000000e-01 0.000000000000e+00 -1.562500000000e-02
v -1.093750000000e-01 0.000000000000e+00 -3.125000000000e-02
v -9.375000000000e-02 0.000000000000e+00 -3.125000000000e-02
v -7.812500000000e-02 0.000000000000e+00 -3.125000000000e-02
v -6.250000000000e-02 0.000000000000e+00 1.562500000000e-02
v -1.562500000000e-02 0.000000000000e+00 0.000000000000e+00
v -4.687500000000e-02 0.000000000000e+00 1.562500000000e-02
v -3.125000000000e-02 0.000000000000e+00 1.562500000000e-02
v -7.812500000000e-02 0.000000000000e+00 3.125000000000e-02
v -6.250000000000e-02 0.000000000000e+00 3.125000000000e-02
v -4.687500000000e-02 0.000000000000e+00 3.125000000000e-02
v -6.250000000000e-02 0.000000000000e+00 4.687500000000e-02
v -3.125000000000e-02 0.000000000000e+00 0.000000000000e+00
v -4.687500000000e-02 0.000000000000e+00 0.000000000000e+00
v -7.812500000000e-02 0.000000000000e+00 1.562500000000e-02
v -6.250000000000e-02 0.000000000000e+00 0.000000000000e+00
v -1.562500000000e-02 0.000000000000e+00 -1.562500000000e-02
v -3.125000000000e-02 0.000000000000e+00 -1.562500000000e-02
v -1.093750000000e-01 0.000000000000e+00 7.812500000000e-02
v -9.375000000000e-02 0.000000000000e+00 7.812500000000e-02
v -7.812500000000e-02 0.000000000000e+00 6.250000000000e-02
v -9.375000000000e-02 0.000000000000e+00 6.250000000000e-02
v -1.093750000000e-01 0.000000000000e+00 6.250000000000e-02
v -1.250000000000e-01 0.000000000000e+00 6.250000000000e-02
v -1.406250000000e-01 0.000000000000e+00 6.250000000000e-02
v -1.250000000000e-01 0.000000000000e+00 7.812500000000e-02
v -7.812500000000e-02 0.000000000000e+00 4.687500000000e-02
v -9.375000000000e-02 0.000000000000e+00 4.687500000000e-02
v -1.093750000000e-01 0.000000000000e+00 4.687500000000e-02
v -1.250000000000e-01 0.000000000000e+00 4.687500000000e-02
v -9.375000000000e-02 0.000000000000e+00 3.125000000000e-02
v -1.093750000000e-01 0.000000000000e+00 3.125000000000e-02
v -1.250000000000e-01 0.000000000000e+00 3.125000000000e-02
v -1.562500000000e-02 0.000000000000e+00 6.250000000000e-02
v -7.812500000000e-02 0.000000000000e+00 7.812500000000e-02
v -6.250000000000e-02 0.000000000000e+00 7.812500000000e-02
v -4.687500000000e-02 0.000000000000e+00 7.812500000000e-02
v -3.125000000000e-02 0.000000000000e+00 7.812500000000e-02
v -1.562500000000e-02 0.000000000000e+00 1.562500000000e-02
v -3.125000000000e-02 0.000000000000e+00 3.125000000000e-02
v -1.562500000000e-02 0.000000000000e+00 3.125000000000e-02
v -6.250000000000e-02 0.000000000000e+00 6.250000000000e-02
v -4.687500000000e-02 0.000000000000e+00 6.250000000000e-02
v -4.687500000000e-02 0.000000000000e+00 4.687500000000e-02
v -3.125000000000e-02 0.000000000000e+00 4.687500000000e-02
v -1.562500000000e-02 0.000000000000e+00 4.687500000000e-02
v -3.125000000000e-02 0.000000000000e+00 6.250000000000e-02
v -6.250000000000e-02 0.000000000000e+00 9.375000000000e-02
v -4.687500000000e-02 0.000000000000e+00 9.375000000000e-02
v -1.562500000000e-02 0.000000000000e+00 7.812500000000e-02
v -4.687500000000e-02 0.000000000000e+00 1.406250000000e-01
v -6.250000000000e-02 0.000000000000e+00 1.406250000000e-01
v -7.812500000000e-02 0.000000000000e+00 1.406250000000e-01
v -1.562500000000e-02 0.000000000000e+00 1.250000000000e-01
v -3.125000000000e-02 0.000000000000e+00 1.250000000000e-01
v -4.687500000000e-02 0.000000000000e+00 1.250000000000e-01
v -6.250000000000e-02 0.000000000000e+00 1.250000000000e-01
v -1.562500000000e-02 0.000000000000e+00 1.093750000000e-01
v -3.125000000000e-02 0.000000000000e+00 1.093750000000e-01
v -4.687500000000e-02 0.000000000000e+00 1.093750000000e-01
v -6.250000000000e-02 0.000000000000e+00 1.093750000000e-01
v -1.562500000000e-02 0.000000000000e+00 9.375000000000e-02
v -3.125000000000e-02 0.000000000000e+00 9.375000000000e-02
v -1.250000000000e-01 0.000000000000e+00 2.031250000000e-01
v -1.093750000000e-01 0.000000000000e+00 2.031250000000e-01
v -1.406250000000e-01 0.000000000000e+00 2.031250000000e-01
v -9.375000000000e-02 0.000000000000e+00 1.875000000000e-01
v -1.093750000000e-01 0.000000000000e+00 1.875000000000e-01
v -1.250000000000e-01 0.000000000000e+00 1.875000000000e-01
v -1.406250000000e-01 0.000000000000e+00 1.875000000000e-01
v -7.812500000000e-02 0.000000000000e+00 1.718750000000e-01
v -9.375000000000e-02 0.000000000000e+00 1.718750000000e-01
v -1.093750000000e-01 0.000000000000e+00 1.718750000000e-01
v -1.250000000000e-01 0.000000000000e+00 1.718750000000e-01
v -1.406250000000e-01 0.000000000000e+00 1.718750000000e-01
v -7.812500000000e-02 0.000000000000e+00 1.562500000000e-01
v -9.375000000000e-02 0.000000000000e+00 1.562500000000e-01
v -1.093750000000e-01 0.000000000000e+00 1.562500000000e-01
v -1.250000000000e-01 0.000000000000e+00 1.562500000000e-01
v -9.375000000000e-02 0.000000000000e+00 1.406250000000e-01
v -7.812500000000e-02 0.000000000000e+00 1.093750000000e-01
v -9.375000000000e-02 0.000000000000e+00 1.093750000000e-01
v -1.093750000000e-01 0.000000000000e+00 1.093750000000e-01
v -1.250000000000e-01 0.000000000000e+00 1.093750000000e-01
v -1.250000000000e-01 0.000000000000e+00 9.375000000000e-02
v -1.250000000000e-01 0.000000000000e+00 1.406250000000e-01
v -1.093750000000e-01 0.000000000000e+00 9.375000000000e-02
v -9.375000000000e-02 0.000000000000e+00 9.375000000000e-02
v -7.812500000000e-02 0.000000000000e+00 9.375000000000e-02
v -7.812500000000e-02 0.000000000000e+00 1.250000000000e-01
v -9.375000000000e-02 0.000000000000e+00 1.250000000000e-01
v -1.093750000000e-01 0.000000000000e+00 1.250000000000e-01
v -1.250000000000e-01 0.000000000000e+00 1.250000000000e-01
v -1.093750000000e-01 0.000000000000e+00 1.406250000000e-01
v -1.875000000000e-01 0.000000000000e+00 -3.125000000000e-02
v -1.718750000000e-01 0.000000000000e+00 -3.125000000000e-02
v -1.562500000000e-01 0.000000000000e+00 -3.125000000000e-02
v -1.406250000000e-01 0.000000000000e+00 -3.125000000000e-02
v -1.406250000000e-01 0.000000000000e+00 0.000000000000e+00
v -1.875000000000e-01 0.000000000000e+00 -1.562500000000e-02
v -1.718750000000e-01 0.000000000000e+00 -1.562500000000e-02
v -1.562500000000e-01 0.000000000000e+00 -1.562500000000e-02
v -1.406250000000e-01 0.000000000000e+00 -1.562500000000e-02
v -1.718750000000e-01 0.000000000000e+00 0.000000000000e+00
v -1.562500000000e-01 0.000000000000e+00 0.000000000000e+00
v -1.875000000000e-01 0.000000000000e+00 0.000000000000e+00
v -1.562500000000e-01 0.000000000000e+00 1.562500000000e-02
v -1.718750000000e-01 0.000000000000e+00 1.562500000000e-02
v -1.875000000000e-01 0.000000000000e+00 1.562500000000e-02
v -1.406250000000e-01 0.000000000000e+00 4.687500000000e-02
v -1.562500000000e-01 0.000000000000e+00 4.687500000000e-02
v -1.718750000000e-01 0.000000000000e+00 4.687500000000e-02
v -1.875000000000e-01 0.000000000000e+00 4.687500000000e-02
v -1.875000000000e-01 0.000000000000e+00 7.812500000000e-02
v -1.875000000000e-01 0.000000000000e+00 3.125000000000e-02
v -1.718750000000e-01 0.000000000000e+00 3.125000000000e-02
v -1.562500000000e-01 0.000000000000e+00 3.125000000000e-02
v -1.406250000000e-01 0.000000000000e+00 3.125000000000e-02
v -2.031250000000e-01 0.000000000000e+00 4.687500000000e-02
v -1.406250000000e-01 0.000000000000e+00 1.562500000000e-02
v -1.562500000000e-01 0.000000000000e+00 6.250000000000e-02
v -1.718750000000e-01 0.000000000000e+00 6.250000000000e-02
v -1.875000000000e-01 0.000000000000e+00 6.250000000000e-02
v -2.031250000000e-01 0.000000000000e+00 7.812500000000e-02
v -2.031250000000e-01 0.000000000000e+00 6.250000000000e-02
v -2.656250000000e-01 0.000000000000e+00 6.250000000000e-02
v -2.500000000000e-01 0.000000000000e+00 6.250000000000e-02
v -2.343750000000e-01 0.000000000000e+00 6.250000000000e-02
v -2.343750000000e-01 0.000000000000e+00 7.812500000000e-02
v -2.187500000000e-01 0.000000000000e+00 7.812500000000e-02
v -2.343750000000e-01 0.000000000000e+00 9.375000000000e-02
v -2.187500000000e-01 0.000000000000e+00 6.250000000000e-02
v -2.812500000000e-01 0.000000000000e+00 7.812500000000e-02
v -2.656250000000e-01 0.000000000000e+00 7.812500000000e-02
v -2.500000000000e-01 0.000000000000e+00 7.812500000000e-02
v -2.812500000000e-01 0.000000000000e+00 1.093750000000e-01
v -2.812500000000e-01 0.000000000000e+00 9.375000000000e-02
v -2.656250000000e-01 0.000000000000e+00 9.375000000000e-02
v -2.500000000000e-01 0.000000000000e+00 9.375000000000e-02
v -2.187500000000e-01 0.000000000000e+00 3.125000000000e-02
v -2.031250000000e-01 0.000000000000e+00 1.562500000000e-02
v -2.187500000000e-01 0.000000000000e+00 1.562500000000e-02
v -2.031250000000e-01 0.000000000000e+00 -3.125000000000e-02
v -2.187500000000e-01 0.000000000000e+00 4.687500000000e-02
v -2.031250000000e-01 0.000000000000e+00 3.125000000000e-02
v -2.343750000000e-01 0.000000000000e+00 4.687500000000e-02
v -2.500000000000e-01 0.000000000000e+00 4.687500000000e-02
v -2.343750000000e-01 0.000000000000e+00 1.562500000000e-02
v -2.343750000000e-01 0.000000000000e+00 3.125000000000e-02
v -2.031250000000e-01 0.000000000000e+00 0.000000000000e+00
v -2.187500000000e-01 0.000000000000e+00 0.000000000000e+00
v -2.500000000000e-01 0.000000000000e+00 3.125000000000e-02
v -2.187500000000e-01 0.000000000000e+00 -3.125000000000e-02
v -2.031250000000e-01 0.000000000000e+00 -1.562500000000e-02
v -2.187500000000e-01 0.000000000000e+00 -1.562500000000e-02
v -2.656250000000e-01 0.000000000000e+00 1.093750000000e-01
v -2.031250000000e-01 0.000000000000e+00 1.093750000000e-01
v -2.187500000000e-01 0.000000000000e+00 1.093750000000e-01
v -2.343750000000e-01 0.000000000000e+00 1.093750000000e-01
v -2.500000000000e-01 0.000000000000e+00 1.093750000000e-01
v -2.343750000000e-01 0.000000000000e+00 1.250000000000e-01
v -2.500000000000e-01 0.000000000000e+00 1.250000000000e-01
v -2.187500000000e-01 0.000000000000e+00 1.250000000000e-01
v -2.656250000000e-01 0.000000000000e+00 1.250000000000e-01
v -2.031250000000e-01 0.000000000000e+00 9.375000000000e-02
v -2.187500000000e-01 0.000000000000e+00 9.375000000000e-02
v -2.812500000000e-01 0.000000000000e+00 1.562500000000e-01
v -2.812500000000e-01 0.000000000000e+00 1.250000000000e-01
v -2.812500000000e-01 0.000000000000e+00 1.406250000000e-01
v -2.656250000000e-01 0.000000000000e+00 1.406250000000e-01
v -2.500000000000e-01 0.000000000000e+00 1.718750000000e-01
v -2.812500000000e-01 0.000000000000e+00 1.718750000000e-01
v -2.500000000000e-01 0.000000000000e+00 1.875000000000e-01
v -2.656250000000e-01 0.000000000000e+00 1.875000000000e-01
v -2.812500000000e-01 0.000000000000e+00 1.875000000000e-01
v -2.812500000000e-01 0.000000000000e+00 2.031250000000e-01
v -2.656250000000e-01 0.000000000000e+00 2.031250000000e-01
v -2.500000000000e-01 0.000000000000e+00 2.031250000000e-01
v -2.656250000000e-01 0.000000000000e+00 1.718750000000e-01
v -2.343750000000e-01 0.000000000000e+00 1.562500000000e-01
v -2.500000000000e-01 0.000000000000e+00 1.562500000000e-01
v -2.656250000000e-01 0.000000000000e+00 1.562500000000e-01
v -2.500000000000e-01 0.000000000000e+00 1.406250000000e-01
v -2.343750000000e-01 0.000000000000e+00 1.406250000000e-01
v -2.187500000000e-01 0.000000000000e+00 1.406250000000e-01
v -1.875000000000e-01 0.000000000000e+00 1.250000000000e-01
v -1.406250000000e-01 0.000000000000e+00 7.812500000000e-02
v -2.031250000000e-01 0.000000000000e+00 1.250000000000e-01
v -1.406250000000e-01 0.000000000000e+00 1.093750000000e-01
v -1.718750000000e-01 0.000000000000e+00 1.250000000000e-01
v -1.562500000000e-01 0.000000000000e+00 1.250000000000e-01
v -1.875000000000e-01 0.000000000000e+00 1.093750000000e-01
v -1.718750000000e-01 0.000000000000e+00 1.093750000000e-01
v -1.562500000000e-01 0.000000000000e+00 1.093750000000e-01
v -1.718750000000e-01 0.000000000000e+00 7.812500000000e-02
v -1.875000000000e-01 0.000000000000e+00 9.375000000000e-02
v -1.718750000000e-01 0.000000000000e+00 9.375000000000e-02
v -1.406250000000e-01 0.000000000000e+00 9.375000000000e-02
v -1.562500000000e-01 0.000000000000e+00 9.375000000000e-02
v -1.562500000000e-01 0.000000000000e+00 7.812500000000e-02
v -1.718750000000e-01 0.000000000000e+00 1.406250000000e-01
v -2.187500000000e-01 0.000000000000e+00 1.718750000000e-01
v -2.031250000000e-01 0.000000000000e+00 1.718750000000e-01
v -2.187500000000e-01 0.000000000000e+00 1.562500000000e-01
v -2.343750000000e-01 0.000000000000e+00 2.031250000000e-01
v -2.187500000000e-01 0.000000000000e+00 2.031250000000e-01
v -2.031250000000e-01 0.000000000000e+00 2.031250000000e-01
v -2.031250000000e-01 0.000000000000e+00 1.875000000000e-01
v -2.343750000000e-01 0.000000000000e+00 1.718750000000e-01
v -2.031250000000e-01 0.000000000000e+00 1.562500000000e-01
v -1.875000000000e-01 0.000000000000e+00 1.562500000000e-01
v -2.343750000000e-01 0.000000000000e+00 1.875000000000e-01
v -2.187500000000e-01 0.000000000000e+00 1.875000000000e-01
v -1.875000000000e-01 0.000000000000e+00 1.406250000000e-01
v -2.031250000000e-01 0.000000000000e+00 1.406250000000e-01
v -1.718750000000e-01 0.000000000000e+00 1.562500000000e-01
v -1.562500000000e-01 0.000000000000e+00 1.562500000000e-01
v -1.406250000000e-01 0.000000000000e+00 1.562500000000e-01
v -1.718750000000e-01 0.000000000000e+00 1.875000000000e-01
v -1.562500000000e-01 0.000000000000e+00 1.875000000000e-01
v -1.875000000000e-01 0.000000000000e+00 1.875000000000e-01
v -1.875000000000e-01 0.000000000000e+00 1.718750000000e-01
v -1.562500000000e-01 0.000000000000e+00 1.406250000000e-01
v -1.406250000000e-01 0.000000000000e+00 1.406250000000e-01
v -1.562500000000e-01 0.000000000000e+00 2.031250000000e-01
v -1.718750000000e-01 0.000000000000e+00 2.031250000000e-01
v -1.875000000000e-01 0.000000000000e+00 2.031250000000e-01
v -1.718750000000e-01 0.000000000000e+00 1.718750000000e-01
v -1.562500000000e-01 0.000000000000e+00 1.718750000000e-01
v -1.406250000000e-01 0.000000000000e+00 1.250000000000e-01
v -3.593750000000e-01 0.000000000000e+00 2.187500000000e-01
v -3.750000000000e-01 0.000000000000e+00 2.187500000000e-01
v -3.750000000000e-01 0.000000000000e+00 2.031250000000e-01
v -4.062500000000e-01 0.000000000000e+00 2.812500000000e-01
v -4.062500000000e-01 0.000000000000e+00 2.656250000000e-01
v -3.906250000000e-01 0.000000000000e+00 2.656250000000e-01
v -3.593750000000e-01 0.000000000000e+00 2.031250000000e-01
v -4.062500000000e-01 0.000000000000e+00 2.500000000000e-01
v -3.906250000000e-01 0.000000000000e+00 2.500000000000e-01
v -3.593750000000e-01 0.000000000000e+00 2.343750000000e-01
v -3.906250000000e-01 0.000000000000e+00 2.343750000000e-01
v -3.750000000000e-01 0.000000000000e+00 2.343750000000e-01
v -3.750000000000e-01 0.000000000000e+00 2.500000000000e-01
v -3.593750000000e-01 0.000000000000e+00 2.500000000000e-01
v -2.968750000000e-01 0.000000000000e+00 1.875000000000e-01
v -3.125000000000e-01 0.000000000000e+00 1.875000000000e-01
v -3.281250000000e-01 0.000000000000e+00 2.343750000000e-01
v -3.125000000000e-01 0.000000000000e+00 2.343750000000e-01
v -3.281250000000e-01 0.000000000000e+00 2.500000000000e-01
v -3.437500000000e-01 0.000000000000e+00 2.500000000000e-01
v -3.125000000000e-01 0.000000000000e+00 2.187500000000e-01
v -3.437500000000e-01 0.000000000000e+00 2.343750000000e-01
v -3.281250000000e-01 0.000000000000e+00 2.031250000000e-01
v -3.125000000000e-01 0.000000000000e+00 2.031250000000e-01
v -2.968750000000e-01 0.000000000000e+00 2.031250000000e-01
v -3.437500000000e-01 0.000000000000e+00 2.031250000000e-01
v -2.968750000000e-01 0.000000000000e+00 2.187500000000e-01
v -3.281250000000e-01 0.000000000000e+00 2.187500000000e-01
v -3.437500000000e-01 0.000000000000e+00 2.187500000000e-01
v -3.281250000000e-01 0.000000000000e+00 1.875000000000e-01
v -2.968750000000e-01 0.000000000000e+00 1.562500000000e-01
v -3.125000000000e-01 0.000000000000e+00 1.562500000000e-01
v -3.281250000000e-01 0.000000000000e+00 1.562500000000e-01
v -3.281250000000e-01 0.000000000000e+00 1.093750000000e-01
v -3.281250000000e-01 0.000000000000e+00 1.718750000000e-01
v -2.968750000000e-01 0.000000000000e+00 1.406250000000e-01
v -2.968750000000e-01 0.000000000000e+00 1.718750000000e-01
v -3.125000000000e-01 0.000000000000e+00 1.718750000000e-01
v -3.281250000000e-01 0.000000000000e+00 1.250000000000e-01
v -3.125000000000e-01 0.000000000000e+00 1.093750000000e-01
v -2.968750000000e-01 0.000000000000e+00 1.093750000000e-01
v -2.968750000000e-01 0.000000000000e+00 1.250000000000e-01
v -3.125000000000e-01 0.000000000000e+00 1.406250000000e-01
v -3.281250000000e-01 0.000000000000e+00 1.406250000000e-01
v -3.125000000000e-01 0.000000000000e+00 1.250000000000e-01
v -3.593750000000e-01 0.000000000000e+00 1.406250000000e-01
v -3.593750000000e-01 0.000000000000e+00 1.250000000000e-01
v -3.437500000000e-01 0.000000000000e+00 1.250000000000e-01
v -3.593750000000e-01 0.000000000000e+00 1.093750000000e-01
v -3.437500000000e-01 0.000000000000e+00 1.093750000000e-01
v -3.750000000000e-01 0.000000000000e+00 1.562500000000e-01
v -3.593750000000e-01 0.000000000000e+00 1.562500000000e-01
v -3.437500000000e-01 0.000000000000e+00 1.562500000000e-01
v -3.437500000000e-01 0.000000000000e+00 1.718750000000e-01
v -3.593750000000e-01 0.000000000000e+00 1.718750000000e-01
v -3.750000000000e-01 0.000000000000e+00 1.718750000000e-01
v -3.750000000000e-01 0.000000000000e+00 1.875000000000e-01
v -3.593750000000e-01 0.000000000000e+00 1.875000000000e-01
v -3.437500000000e-01 0.000000000000e+00 1.875000000000e-01
v -3.437500000000e-01 0.000000000000e+00 1.406250000000e-01
v -4.062500000000e-01 0.000000000000e+00 1.406250000000e-01
v -4.218750000000e-01 0.000000000000e+00 1.718750000000e-01
v -4.218750000000e-01 0.000000000000e+00 1.562500000000e-01
v -4.062500000000e-01 0.000000000000e+00 1.562500000000e-01
v -4.062500000000e-01 0.000000000000e+00 1.093750000000e-01
v -3.906250000000e-01 0.000000000000e+00 1.093750000000e-01
v -3.750000000000e-01 0.000000000000e+00 1.093750000000e-01
v -3.906250000000e-01 0.000000000000e+00 1.562500000000e-01
v -3.750000000000e-01 0.000000000000e+00 1.250000000000e-01
v -3.750000000000e-01 0.000000000000e+00 1.406250000000e-01
v -3.906250000000e-01 0.000000000000e+00 1.406250000000e-01
v -4.218750000000e-01 0.000000000000e+00 1.406250000000e-01
v -4.218750000000e-01 0.000000000000e+00 1.250000000000e-01
v -4.062500000000e-01 0.000000000000e+00 1.250000000000e-01
v -3.906250000000e-01 0.000000000000e+00 1.250000000000e-01
v -4.375000000000e-01 0.000000000000e+00 1.562500000000e-01
v -4.375000000000e-01 0.000000000000e+00 1.406250000000e-01
v -4.375000000000e-01 0.000000000000e+00 1.718750000000e-01
v -4.531250000000e-01 0.000000000000e+00 1.718750000000e-01
v -4.687500000000e-01 0.000000000000e+00 1.718750000000e-01
v -4.843750000000e-01 0.000000000000e+00 1.718750000000e-01
v -5.000000000000e-01 0.000000000000e+00 1.718750000000e-01
v -4.531250000000e-01 0.000000000000e+00 1.406250000000e-01
v -4.687500000000e-01 0.000000000000e+00 1.406250000000e-01
v -4.843750000000e-01 0.000000000000e+00 1.406250000000e-01
v -5.000000000000e-01 0.000000000000e+00 1.562500000000e-01
v -4.687500000000e-01 0.000000000000e+00 1.250000000000e-01
v -4.531250000000e-01 0.000000000000e+00 1.562500000000e-01
v -4.687500000000e-01 0.000000000000e+00 1.562500000000e-01
v -4.843750000000e-01 0.000000000000e+00 1.562500000000e-01
v -4.218750000000e-01 0.000000000000e+00 2.343750000000e-01
v -4.218750000000e-01 0.000000000000e+00 2.187500000000e-01
v -4.062500000000e-01 0.000000000000e+00 2.187500000000e-01
v -3.906250000000e-01 0.000000000000e+00 2.187500000000e-01
v -3.906250000000e-01 0.000000000000e+00 2.031250000000e-01
v -4.062500000000e-01 0.000000000000e+00 2.031250000000e-01
v -4.218750000000e-01 0.000000000000e+00 2.031250000000e-01
v -4.062500000000e-01 0.000000000000e+00 1.718750000000e-01
v -3.906250000000e-01 0.000000000000e+00 1.718750000000e-01
v -4.375000000000e-01 0.000000000000e+00 2.031250000000e-01
v -4.062500000000e-01 0.000000000000e+00 2.343750000000e-01
v -4.218750000000e-01 0.000000000000e+00 2.500000000000e-01
v -4.218750000000e-01 0.000000000000e+00 1.875000000000e-01
v -3.906250000000e-01 0.000000000000e+00 1.875000000000e-01
v -4.062500000000e-01 0.000000000000e+00 1.875000000000e-01
v -4.375000000000e-01 0.000000000000e+00 1.875000000000e-01
v -5.000000000000e-01 0.000000000000e+00 2.500000000000e-01
v -4.843750000000e-01 0.000000000000e+00 2.343750000000e-01
v -4.531250000000e-01 0.000000000000e+00 2.031250000000e-01
v -4.687500000000e-01 0.000000000000e+00 2.187500000000e-01
v -4.687500000000e-01 0.000000000000e+00 2.031250000000e-01
v -4.843750000000e-01 0.000000000000e+00 2.031250000000e-01
v -5.000000000000e-01 0.000000000000e+00 2.031250000000e-01
v -5.000000000000e-01 0.000000000000e+00 2.343750000000e-01
v -4.843750000000e-01 0.000000000000e+00 2.187500000000e-01
v -5.000000000000e-01 0.000000000000e+00 2.187500000000e-01
v -5.000000000000e-01 0.000000000000e+00 1.875000000000e-01
v -4.843750000000e-01 0.000000000000e+00 1.875000000000e-01
v -4.687500000000e-01 0.000000000000e+00 1.875000000000e-01
v -4.531250000000e-01 0.000000000000e+00 1.875000000000e-01
v -4.531250000000e-01 0.000000000000e+00 2.187500000000e-01
v -4.375000000000e-01 0.000000000000e+00 2.187500000000e-01
v -4.531250000000e-01 0.000000000000e+00 2.500000000000e-01
v -4.687500000000e-01 0.000000000000e+00 2.500000000000e-01
v -5.000000000000e-01 0.000000000000e+00 2.656250000000e-01
v -4.687500000000e-01 0.000000000000e+00 2.343750000000e-01
v -4.843750000000e-01 0.000000000000e+00 2.656250000000e-01
v -4.687500000000e-01 0.000000000000e+00 2.656250000000e-01
v -4.843750000000e-01 0.000000000000e+00 2.500000000000e-01
v -4.375000000000e-01 0.000000000000e+00 2.500000000000e-01
v -4.531250000000e-01 0.000000000000e+00 2.343750000000e-01
v -4.375000000000e-01 0.000000000000e+00 2.343750000000e-01
v -5.000000000000e-01 0.000000000000e+00 2.812500000000e-01
v -4.843750000000e-01 0.000000000000e+00 2.812500000000e-01
v -4.531250000000e-01 0.000000000000e+00 2.656250000000e-01
v -4.687500000000e-01 0.000000000000e+00 2.812500000000e-01
v -3.906250000000e-01 0.000000000000e+00 3.125000000000e-02
v -3.906250000000e-01 0.000000000000e+00 1.562500000000e-02
v -4.062500000000e-01 0.000000000000e+00 1.562500000000e-02
v -4.218750000000e-01 0.000000000000e+00 1.562500000000e-02
v -3.750000000000e-01 0.000000000000e+00 1.562500000000e-02
v -4.062500000000e-01 0.000000000000e+00 3.125000000000e-02
v -4.218750000000e-01 0.000000000000e+00 3.125000000000e-02
v -4.375000000000e-01 0.000000000000e+00 3.125000000000e-02
v -4.218750000000e-01 0.000000000000e+00 4.687500000000e-02
v -4.375000000000e-01 0.000000000000e+00 4.687500000000e-02
v -3.750000000000e-01 0.000000000000e+00 -1.562500000000e-02
v -4.062500000000e-01 0.000000000000e+00 4.687500000000e-02
v -4.062500000000e-01 0.000000000000e+00 0.000000000000e+00
v -3.906250000000e-01 0.000000000000e+00 0.000000000000e+00
v -3.750000000000e-01 0.000000000000e+00 0.000000000000e+00
v -4.843750000000e-01 0.000000000000e+00 3.125000000000e-02
v -4.531250000000e-01 0.000000000000e+00 3.125000000000e-02
v -5.000000000000e-01 0.000000000000e+00 3.125000000000e-02
v -4.843750000000e-01 0.000000000000e+00 4.687500000000e-02
v -4.687500000000e-01 0.000000000000e+00 3.125000000000e-02
v -4.375000000000e-01 0.000000000000e+00 1.562500000000e-02
v -4.531250000000e-01 0.000000000000e+00 1.562500000000e-02
v -4.687500000000e-01 0.000000000000e+00 1.562500000000e-02
v -4.843750000000e-01 0.000000000000e+00 1.562500000000e-02
v -5.000000000000e-01 0.000000000000e+00 1.562500000000e-02
v -5.000000000000e-01 0.000000000000e+00 4.687500000000e-02
v -4.687500000000e-01 0.000000000000e+00 4.687500000000e-02
v -4.531250000000e-01 0.000000000000e+00 4.687500000000e-02
v -4.843750000000e-01 0.000000000000e+00 6.250000000000e-02
v -5.000000000000e-01 0.000000000000e+00 6.250000000000e-02
v -4.375000000000e-01 0.000000000000e+00 1.093750000000e-01
v -4.218750000000e-01 0.000000000000e+00 6.250000000000e-02
v -4.531250000000e-01 0.000000000000e+00 1.093750000000e-01
v -4.218750000000e-01 0.000000000000e+00 1.093750000000e-01
v -4.062500000000e-01 0.000000000000e+00 7.812500000000e-02
v -4.218750000000e-01 0.000000000000e+00 7.812500000000e-02
v -4.375000000000e-01 0.000000000000e+00 7.812500000000e-02
v -4.531250000000e-01 0.000000000000e+00 1.250000000000e-01
v -4.375000000000e-01 0.000000000000e+00 1.250000000000e-01
v -4.062500000000e-01 0.000000000000e+00 9.375000000000e-02
v -4.218750000000e-01 0.000000000000e+00 9.375000000000e-02
v -4.375000000000e-01 0.000000000000e+00 9.375000000000e-02
v -4.531250000000e-01 0.000000000000e+00 9.375000000000e-02
v -4.375000000000e-01 0.000000000000e+00 6.250000000000e-02
v -4.062500000000e-01 0.000000000000e+00 6.250000000000e-02
v -5.000000000000e-01 0.000000000000e+00 7.812500000000e-02
v -4.843750000000e-01 0.000000000000e+00 7.812500000000e-02
v -4.687500000000e-01 0.000000000000e+00 7.812500000000e-02
v -5.000000000000e-01 0.000000000000e+00 1.093750000000e-01
v -4.687500000000e-01 0.000000000000e+00 9.375000000000e-02
v -5.000000000000e-01 0.000000000000e+00 1.406250000000e-01
v -4.531250000000e-01 0.000000000000e+00 6.250000000000e-02
v -4.843750000000e-01 0.000000000000e+00 9.375000000000e-02
v -5.000000000000e-01 0.000000000000e+00 1.250000000000e-01
v -5.000000000000e-01 0.000000000000e+00 9.375000000000e-02
v -4.687500000000e-01 0.000000000000e+00 6.250000000000e-02
v -4.843750000000e-01 0.000000000000e+00 1.250000000000e-01
v -4.687500000000e-01 0.000000000000e+00 1.093750000000e-01
v -4.843750000000e-01 0.000000000000e+00 1.093750000000e-01
v -4.531250000000e-01 0.000000000000e+00 7.812500000000e-02
v -2.343750000000e-01 0.000000000000e+00 0.000000000000e+00
v -2.656250000000e-01 0.000000000000e+00 1.562500000000e-02
v -2.812500000000e-01 0.000000000000e+00 1.562500000000e-02
v -2.343750000000e-01 0.000000000000e+00 -3.125000000000e-02
v -2.500000000000e-01 0.000000000000e+00 -3.125000000000e-02
v -2.656250000000e-01 0.000000000000e+00 -3.125000000000e-02
v -2.343750000000e-01 0.000000000000e+00 -1.562500000000e-02
v -2.500000000000e-01 0.000000000000e+00 0.000000000000e+00
v -2.656250000000e-01 0.000000000000e+00 0.000000000000e+00
v -2.812500000000e-01 0.000000000000e+00 0.000000000000e+00
v -2.968750000000e-01 0.000000000000e+00 0.000000000000e+00
v -2.500000000000e-01 0.000000000000e+00 1.562500000000e-02
v -2.812500000000e-01 0.000000000000e+00 -1.562500000000e-02
v -2.656250000000e-01 0.000000000000e+00 -1.562500000000e-02
v -2.500000000000e-01 0.000000000000e+00 -1.562500000000e-02
v -2.968750000000e-01 0.000000000000e+00 9.375000000000e-02
v -2.656250000000e-01 0.000000000000e+00 3.125000000000e-02
v -2.812500000000e-01 0.000000000000e+00 3.125000000000e-02
v -2.656250000000e-01 0.000000000000e+00 4.687500000000e-02
v -3.125000000000e-01 0.000000000000e+00 6.250000000000e-02
v -2.968750000000e-01 0.000000000000e+00 6.250000000000e-02
v -3.281250000000e-01 0.000000000000e+00 7.812500000000e-02
v -3.125000000000e-01 0.000000000000e+00 7.812500000000e-02
v -2.968750000000e-01 0.000000000000e+00 7.812500000000e-02
v -3.125000000000e-01 0.000000000000e+00 9.375000000000e-02
v -3.281250000000e-01 0.000000000000e+00 9.375000000000e-02
v -2.812500000000e-01 0.000000000000e+00 6.250000000000e-02
v -2.968750000000e-01 0.000000000000e+00 4.687500000000e-02
v -2.812500000000e-01 0.000000000000e+00 4.687500000000e-02
v -3.437500000000e-01 0.000000000000e+00 -1.562500000000e-02
v -3.281250000000e-01 0.000000000000e+00 -1.562500000000e-02
v -2.968750000000e-01 0.000000000000e+00 -1.562500000000e-02
v -3.125000000000e-01 0.000000000000e+00 -1.562500000000e-02
v -2.968750000000e-01 0.000000000000e+00 -4.687500000000e-02
v -3.125000000000e-01 0.000000000000e+00 -3.125000000000e-02
v -3.125000000000e-01 0.000000000000e+00 0.000000000000e+00
v -3.281250000000e-01 0.000000000000e+00 0.000000000000e+00
v -3.437500000000e-01 0.000000000000e+00 0.000000000000e+00
v -3.593750000000e-01 0.000000000000e+00 0.000000000000e+00
v -3.281250000000e-01 0.000000000000e+00 -3.125000000000e-02
v -2.968750000000e-01 0.000000000000e+00 -3.125000000000e-02
v -2.812500000000e-01 0.000000000000e+00 -3.125000000000e-02
v -3.125000000000e-01 0.000000000000e+00 -4.687500000000e-02
v -2.812500000000e-01 0.000000000000e+00 -4.687500000000e-02
v -3.125000000000e-01 0.000000000000e+00 4.687500000000e-02
v -3.281250000000e-01 0.000000000000e+00 3.125000000000e-02
v -3.437500000000e-01 0.000000000000e+00 3.125000000000e-02
v -3.125000000000e-01 0.000000000000e+00 3.125000000000e-02
v -2.968750000000e-01 0.000000000000e+00 3.125000000000e-02
v -3.281250000000e-01 0.000000000000e+00 4.687500000000e-02
v -3.437500000000e-01 0.000000000000e+00 4.687500000000e-02
v -3.437500000000e-01 0.000000000000e+00 7.812500000000e-02
v -3.593750000000e-01 0.000000000000e+00 9.375000000000e-02
v -3.437500000000e-01 0.000000000000e+00 9.375000000000e-02
v -3.281250000000e-01 0.000000000000e+00 1.562500000000e-02
v -3.125000000000e-01 0.000000000000e+00 1.562500000000e-02
v -2.968750000000e-01 0.000000000000e+00 1.562500000000e-02
v -3.281250000000e-01 0.000000000000e+00 6.250000000000e-02
v -3.437500000000e-01 0.000000000000e+00 6.250000000000e-02
v -3.593750000000e-01 0.000000000000e+00 4.687500000000e-02
v -3.593750000000e-01 0.000000000000e+00 1.562500000000e-02
v -3.437500000000e-01 0.000000000000e+00 1.562500000000e-02
v -3.593750000000e-01 0.000000000000e+00 7.812500000000e-02
v -3.906250000000e-01 0.000000000000e+00 4.687500000000e-02
v -3.906250000000e-01 0.000000000000e+00 7.812500000000e-02
v -3.593750000000e-01 0.000000000000e+00 6.250000000000e-02
v -3.750000000000e-01 0.000000000000e+00 4.687500000000e-02
v -3.750000000000e-01 0.000000000000e+00 6.250000000000e-02
v -3.750000000000e-01 0.000000000000e+00 7.812500000000e-02
v -3.906250000000e-01 0.000000000000e+00 6.250000000000e-02
v -3.750000000000e-01 0.000000000000e+00 3.125000000000e-02
v -3.593750000000e-01 0.000000000000e+00 3.125000000000e-02
v -3.906250000000e-01 0.000000000000e+00 9.375000000000e-02
v -3.750000000000e-01 0.000000000000e+00 9.375000000000e-02
v -2.968750000000e-01 0.000000000000e+00 -1.875000000000e-01
v -2.500000000000e-01 0.000000000000e+00 -2.187500000000e-01
v -2.656250000000e-01 0.000000000000e+00 -2.187500000000e-01
v -2.656250000000e-01 0.000000000000e+00 -1.875000000000e-01
v -2.812500000000e-01 0.000000000000e+00 -1.875000000000e-01
v -2.812500000000e-01 0.000000000000e+00 -2.187500000000e-01
v -2.968750000000e-01 0.000000000000e+00 -2.187500000000e-01
v -2.968750000000e-01 0.000000000000e+00 -2.031250000000e-01
v -2.812500000000e-01 0.000000000000e+00 -2.031250000000e-01
v -2.656250000000e-01 0.000000000000e+00 -2.031250000000e-01
v -2.500000000000e-01 0.000000000000e+00 -2.031250000000e-01
v -2.812500000000e-01 0.000000000000e+00 -2.343750000000e-01
v -2.500000000000e-01 0.000000000000e+00 -2.343750000000e-01
v -2.656250000000e-01 0.000000000000e+00 -2.343750000000e-01
v -2.343750000000e-01 0.000000000000e+00 -3.125000000000e-01
v -2.343750000000e-01 0.000000000000e+00 -2.968750000000e-01
v -2.500000000000e-01 0.000000000000e+00 -2.968750000000e-01
v -2.656250000000e-01 0.000000000000e+00 -2.968750000000e-01
v -2.500000000000e-01 0.000000000000e+00 -3.125000000000e-01
v -2.812500000000e-01 0.000000000000e+00 -2.656250000000e-01
v -2.656250000000e-01 0.000000000000e+00 -2.656250000000e-01
v -2.500000000000e-01 0.000000000000e+00 -2.656250000000e-01
v -2.812500000000e-01 0.000000000000e+00 -2.812500000000e-01
v -2.656250000000e-01 0.000000000000e+00 -2.812500000000e-01
v -2.812500000000e-01 0.000000000000e+00 -2.500000000000e-01
v -2.500000000000e-01 0.000000000000e+00 -2.812500000000e-01
v -2.343750000000e-01 0.000000000000e+00 -2.812500000000e-01
v -2.500000000000e-01 0.000000000000e+00 -2.500000000000e-01
v -2.656250000000e-01 0.000000000000e+00 -2.500000000000e-01
v -3.437500000000e-01 0.000000000000e+00 -2.656250000000e-01
v -3.281250000000e-01 0.000000000000e+00 -2.656250000000e-01
v -3.125000000000e-01 0.000000000000e+00 -2.656250000000e-01
v -2.968750000000e-01 0.000000000000e+00 -2.656250000000e-01
v -3.281250000000e-01 0.000000000000e+00 -2.812500000000e-01
v -2.968750000000e-01 0.000000000000e+00 -2.812500000000e-01
v -3.125000000000e-01 0.000000000000e+00 -2.812500000000e-01
v -2.968750000000e-01 0.000000000000e+00 -2.343750000000e-01
v -3.125000000000e-01 0.000000000000e+00 -2.343750000000e-01
v -3.281250000000e-01 0.000000000000e+00 -2.343750000000e-01
v -3.437500000000e-01 0.000000000000e+00 -2.343750000000e-01
v -2.968750000000e-01 0.000000000000e+00 -2.500000000000e-01
v -3.125000000000e-01 0.000000000000e+00 -2.500000000000e-01
v -3.281250000000e-01 0.000000000000e+00 -2.500000000000e-01
v -3.437500000000e-01 0.000000000000e+00 -2.500000000000e-01
v -3.125000000000e-01 0.000000000000e+00 -1.875000000000e-01
v -3.437500000000e-01 0.000000000000e+00 -2.187500000000e-01
v -3.281250000000e-01 0.000000000000e+00 -2.187500000000e-01
v -3.125000000000e-01 0.000000000000e+00 -2.187500000000e-01
v -3.593750000000e-01 0.000000000000e+00 -2.031250000000e-01
v -3.437500000000e-01 0.000000000000e+00 -2.031250000000e-01
v -3.281250000000e-01 0.000000000000e+00 -2.031250000000e-01
v -3.593750000000e-01 0.000000000000e+00 -1.875000000000e-01
v -3.750000000000e-01 0.000000000000e+00 -1.718750000000e-01
v -3.593750000000e-01 0.000000000000e+00 -1.718750000000e-01
v -3.437500000000e-01 0.000000000000e+00 -1.718750000000e-01
v -3.281250000000e-01 0.000000000000e+00 -1.718750000000e-01
v -3.125000000000e-01 0.000000000000e+00 -2.031250000000e-01
v -3.437500000000e-01 0.000000000000e+00 -1.875000000000e-01
v -3.281250000000e-01 0.000000000000e+00 -1.875000000000e-01
v -4.218750000000e-01 0.000000000000e+00 -2.031250000000e-01
v -4.531250000000e-01 0.000000000000e+00 -1.718750000000e-01
v -4.375000000000e-01 0.000000000000e+00 -1.718750000000e-01
v -4.218750000000e-01 0.000000000000e+00 -2.187500000000e-01
v -4.375000000000e-01 0.000000000000e+00 -2.187500000000e-01
v -4.531250000000e-01 0.000000000000e+00 -2.187500000000e-01
v -4.375000000000e-01 0.000000000000e+00 -1.875000000000e-01
v -4.531250000000e-01 0.000000000000e+00 -1.875000000000e-01
v -4.375000000000e-01 0.000000000000e+00 -2.031250000000e-01
v -4.531250000000e-01 0.000000000000e+00 -2.031250000000e-01
v -4.218750000000e-01 0.000000000000e+00 -2.500000000000e-01
v -4.375000000000e-01 0.000000000000e+00 -2.500000000000e-01
v -4.531250000000e-01 0.000000000000e+00 -2.343750000000e-01
v -4.375000000000e-01 0.000000000000e+00 -2.343750000000e-01
v -4.218750000000e-01 0.000000000000e+00 -2.343750000000e-01
v -4.687500000000e-01 0.000000000000e+00 -1.718750000000e-01
v -4.687500000000e-01 0.000000000000e+00 -2.031250000000e-01
v -4.843750000000e-01 0.000000000000e+00 -2.031250000000e-01
v -5.000000000000e-01 0.000000000000e+00 -2.031250000000e-01
v -4.687500000000e-01 0.000000000000e+00 -2.187500000000e-01
v -4.843750000000e-01 0.000000000000e+00 -2.187500000000e-01
v -5.000000000000e-01 0.000000000000e+00 -2.187500000000e-01
v -5.000000000000e-01 0.000000000000e+00 -1.875000000000e-01
v -4.843750000000e-01 0.000000000000e+00 -1.875000000000e-01
v -4.687500000000e-01 0.000000000000e+00 -1.875000000000e-01
v -4.843750000000e-01 0.000000000000e+00 -1.718750000000e-01
v -5.000000000000e-01 0.000000000000e+00 -1.562500000000e-01
v -5.000000000000e-01 0.000000000000e+00 -1.718750000000e-01
v -4.687500000000e-01 0.000000000000e+00 -2.343750000000e-01
v -4.843750000000e-01 0.000000000000e+00 -2.343750000000e-01
v -3.593750000000e-01 0.000000000000e+00 -2.500000000000e-01
v -4.062500000000e-01 0.000000000000e+00 -2.187500000000e-01
v -3.437500000000e-01 0.000000000000e+00 -2.812500000000e-01
v -3.906250000000e-01 0.000000000000e+00 -2.812500000000e-01
v -3.750000000000e-01 0.000000000000e+00 -2.500000000000e-01
v -3.906250000000e-01 0.000000000000e+00 -2.500000000000e-01
v -4.062500000000e-01 0.000000000000e+00 -2.500000000000e-01
v -4.062500000000e-01 0.000000000000e+00 -2.656250000000e-01
v -3.906250000000e-01 0.000000000000e+00 -2.656250000000e-01
v -3.750000000000e-01 0.000000000000e+00 -2.656250000000e-01
v -3.593750000000e-01 0.000000000000e+00 -2.656250000000e-01
v -3.906250000000e-01 0.000000000000e+00 -2.343750000000e-01
v -4.062500000000e-01 0.000000000000e+00 -2.343750000000e-01
v -3.593750000000e-01 0.000000000000e+00 -2.812500000000e-01
v -3.750000000000e-01 0.000000000000e+00 -2.812500000000e-01
v -3.750000000000e-01 0.000000000000e+00 -2.343750000000e-01
v -4.218750000000e-01 0.000000000000e+00 -1.875000000000e-01
v -4.062500000000e-01 0.000000000000e+00 -1.875000000000e-01
v -3.906250000000e-01 0.000000000000e+00 -1.875000000000e-01
v -3.906250000000e-01 0.000000000000e+00 -2.187500000000e-01
v -3.750000000000e-01 0.000000000000e+00 -2.187500000000e-01
v -3.593750000000e-01 0.000000000000e+00 -2.187500000000e-01
v -4.062500000000e-01 0.000000000000e+00 -2.031250000000e-01
v -3.906250000000e-01 0.000000000000e+00 -2.031250000000e-01
v -3.750000000000e-01 0.000000000000e+00 -2.031250000000e-01
v -3.750000000000e-01 0.000000000000e+00 -1.875000000000e-01
v -3.906250000000e-01 0.000000000000e+00 -1.718750000000e-01
v -4.062500000000e-01 0.000000000000e+00 -1.718750000000e-01
v -4.218750000000e-01 0.000000000000e+00 -1.718750000000e-01
v -3.593750000000e-01 0.000000000000e+00 -2.343750000000e-01
v -3.906250000000e-01 0.000000000000e+00 -6.250000000000e-02
v -3.906250000000e-01 0.000000000000e+00 -3.125000000000e-02
v -3.593750000000e-01 0.000000000000e+00 -7.812500000000e-02
v -3.750000000000e-01 0.000000000000e+00 -7.812500000000e-02
v -3.906250000000e-01 0.000000000000e+00 -7.812500000000e-02
v -4.062500000000e-01 0.000000000000e+00 -1.562500000000e-02
v -3.906250000000e-01 0.000000000000e+00 -1.562500000000e-02
v -4.062500000000e-01 0.000000000000e+00 -3.125000000000e-02
v -3.750000000000e-01 0.000000000000e+00 -4.687500000000e-02
v -3.906250000000e-01 0.000000000000e+00 -4.687500000000e-02
v -4.062500000000e-01 0.000000000000e+00 -4.687500000000e-02
v -3.750000000000e-01 0.000000000000e+00 -3.125000000000e-02
v -3.593750000000e-01 0.000000000000e+00 -6.250000000000e-02
v -3.750000000000e-01 0.000000000000e+00 -6.250000000000e-02
v -4.062500000000e-01 0.000000000000e+00 -6.250000000000e-02
v -3.593750000000e-01 0.000000000000e+00 -1.562500000000e-02
v -3.593750000000e-01 0.000000000000e+00 -3.125000000000e-02
v -3.437500000000e-01 0.000000000000e+00 -3.125000000000e-02
v -3.437500000000e-01 0.000000000000e+00 -9.375000000000e-02
v -3.281250000000e-01 0.000000000000e+00 -9.375000000000e-02
v -3.125000000000e-01 0.000000000000e+00 -9.375000000000e-02
v -3.281250000000e-01 0.000000000000e+00 -7.812500000000e-02
v -3.125000000000e-01 0.000000000000e+00 -7.812500000000e-02
v -3.281250000000e-01 0.000000000000e+00 -4.687500000000e-02
v -3.437500000000e-01 0.000000000000e+00 -4.687500000000e-02
v -3.593750000000e-01 0.000000000000e+00 -4.687500000000e-02
v -3.437500000000e-01 0.000000000000e+00 -6.250000000000e-02
v -3.281250000000e-01 0.000000000000e+00 -6.250000000000e-02
v -3.125000000000e-01 0.000000000000e+00 -6.250000000000e-02
v -3.437500000000e-01 0.000000000000e+00 -7.812500000000e-02
v -2.812500000000e-01 0.000000000000e+00 -1.562500000000e-01
v -3.281250000000e-01 0.000000000000e+00 -1.093750000000e-01
v -3.125000000000e-01 0.000000000000e+00 -1.093750000000e-01
v -3.281250000000e-01 0.000000000000e+00 -1.406250000000e-01
v -3.125000000000e-01 0.000000000000e+00 -1.406250000000e-01
v -2.812500000000e-01 0.000000000000e+00 -1.718750000000e-01
v -2.968750000000e-01 0.000000000000e+00 -1.718750000000e-01
v -3.281250000000e-01 0.000000000000e+00 -1.562500000000e-01
v -3.125000000000e-01 0.000000000000e+00 -1.562500000000e-01
v -2.968750000000e-01 0.000000000000e+00 -1.562500000000e-01
v -2.968750000000e-01 0.000000000000e+00 -1.250000000000e-01
v -3.125000000000e-01 0.000000000000e+00 -1.250000000000e-01
v -3.281250000000e-01 0.000000000000e+00 -1.250000000000e-01
v -3.125000000000e-01 0.000000000000e+00 -1.718750000000e-01
v -2.968750000000e-01 0.000000000000e+00 -1.406250000000e-01
v -2.812500000000e-01 0.000000000000e+00 -1.406250000000e-01
v -3.437500000000e-01 0.000000000000e+00 -1.093750000000e-01
v -3.906250000000e-01 0.000000000000e+00 -1.093750000000e-01
v -3.750000000000e-01 0.000000000000e+00 -1.093750000000e-01
v -3.593750000000e-01 0.000000000000e+00 -1.093750000000e-01
v -3.906250000000e-01 0.000000000000e+00 -9.375000000000e-02
v -3.750000000000e-01 0.000000000000e+00 -9.375000000000e-02
v -3.593750000000e-01 0.000000000000e+00 -9.375000000000e-02
v -3.750000000000e-01 0.000000000000e+00 -1.406250000000e-01
v -3.593750000000e-01 0.000000000000e+00 -1.562500000000e-01
v -3.437500000000e-01 0.000000000000e+00 -1.562500000000e-01
v -3.437500000000e-01 0.000000000000e+00 -1.250000000000e-01
v -3.593750000000e-01 0.000000000000e+00 -1.250000000000e-01
v -3.750000000000e-01 0.000000000000e+00 -1.250000000000e-01
v -3.906250000000e-01 0.000000000000e+00 -1.250000000000e-01
v -3.437500000000e-01 0.000000000000e+00 -1.406250000000e-01
v -3.593750000000e-01 0.000000000000e+00 -1.406250000000e-01
v -5.000000000000e-01 0.000000000000e+00 -1.562500000000e-02
v -4.687500000000e-01 0.000000000000e+00 -3.125000000000e-02
v -4.843750000000e-01 0.000000000000e+00 0.000000000000e+00
v -4.687500000000e-01 0.000000000000e+00 0.000000000000e+00
v -4.843750000000e-01 0.000000000000e+00 -3.125000000000e-02
v -5.000000000000e-01 0.000000000000e+00 -3.125000000000e-02
v -4.687500000000e-01 0.000000000000e+00 -6.250000000000e-02
v -4.843750000000e-01 0.000000000000e+00 -6.250000000000e-02
v -4.843750000000e-01 0.000000000000e+00 -1.562500000000e-02
v -4.687500000000e-01 0.000000000000e+00 -1.562500000000e-02
v -5.000000000000e-01 0.000000000000e+00 -6.250000000000e-02
v -5.000000000000e-01 0.000000000000e+00 0.000000000000e+00
v -4.687500000000e-01 0.000000000000e+00 -4.687500000000e-02
v -4.843750000000e-01 0.000000000000e+00 -4.687500000000e-02
v -5.000000000000e-01 0.000000000000e+00 -4.687500000000e-02
v -4.218750000000e-01 0.000000000000e+00 -6.250000000000e-02
v -4.375000000000e-01 0.000000000000e+00 -6.250000000000e-02
v -4.531250000000e-01 0.000000000000e+00 -6.250000000000e-02
v -4.531250000000e-01 0.000000000000e+00 0.000000000000e+00
v -4.375000000000e-01 0.000000000000e+00 0.000000000000e+00
v -4.218750000000e-01 0.000000000000e+00 0.000000000000e+00
v -4.531250000000e-01 0.000000000000e+00 -1.562500000000e-02
v -4.218750000000e-01 0.000000000000e+00 -4.687500000000e-02
v -4.375000000000e-01 0.000000000000e+00 -4.687500000000e-02
v -4.531250000000e-01 0.000000000000e+00 -4.687500000000e-02
v -4.218750000000e-01 0.000000000000e+00 -3.125000000000e-02
v -4.375000000000e-01 0.000000000000e+00 -1.562500000000e-02
v -4.375000000000e-01 0.000000000000e+00 -3.125000000000e-02
v -4.531250000000e-01 0.000000000000e+00 -3.125000000000e-02
v -4.218750000000e-01 0.000000000000e+00 -1.562500000000e-02
v -4.843750000000e-01 0.000000000000e+00 -7.812500000000e-02
v -4.687500000000e-01 0.000000000000e+00 -1.562500000000e-01
v -5.000000000000e-01 0.000000000000e+00 -1.250000000000e-01
v -4.843750000000e-01 0.000000000000e+00 -1.250000000000e-01
v -4.687500000000e-01 0.000000000000e+00 -1.250000000000e-01
v -5.000000000000e-01 0.000000000000e+00 -1.406250000000e-01
v -4.843750000000e-01 0.000000000000e+00 -1.562500000000e-01
v -5.000000000000e-01 0.000000000000e+00 -7.812500000000e-02
v -4.687500000000e-01 0.000000000000e+00 -1.093750000000e-01
v -4.843750000000e-01 0.000000000000e+00 -1.093750000000e-01
v -5.000000000000e-01 0.000000000000e+00 -9.375000000000e-02
v -4.843750000000e-01 0.000000000000e+00 -9.375000000000e-02
v -5.000000000000e-01 0.000000000000e+00 -1.093750000000e-01
v -4.687500000000e-01 0.000000000000e+00 -1.406250000000e-01
v -4.843750000000e-01 0.000000000000e+00 -1.406250000000e-01
v -4.375000000000e-01 0.000000000000e+00 -9.375000000000e-02
v -4.375000000000e-01 0.000000000000e+00 -1.093750000000e-01
v -4.218750000000e-01 0.000000000000e+00 -1.093750000000e-01
v -4.062500000000e-01 0.000000000000e+00 -1.093750000000e-01
v -4.531250000000e-01 0.000000000000e+00 -1.093750000000e-01
v -4.218750000000e-01 0.000000000000e+00 -9.375000000000e-02
v -4.531250000000e-01 0.000000000000e+00 -9.375000000000e-02
v -4.687500000000e-01 0.000000000000e+00 -9.375000000000e-02
v -4.062500000000e-01 0.000000000000e+00 -9.375000000000e-02
v -4.062500000000e-01 0.000000000000e+00 -7.812500000000e-02
v -4.218750000000e-01 0.000000000000e+00 -7.812500000000e-02
v -4.375000000000e-01 0.000000000000e+00 -7.812500000000e-02
v -4.531250000000e-01 0.000000000000e+00 -7.812500000000e-02
v -4.687500000000e-01 0.000000000000e+00 -7.812500000000e-02
v -4.062500000000e-01 0.000000000000e+00 -1.406250000000e-01
v -4.218750000000e-01 0.000000000000e+00 -1.406250000000e-01
v -4.062500000000e-01 0.000000000000e+00 -1.250000000000e-01
v -4.218750000000e-01 0.000000000000e+00 -1.250000000000e-01
v -4.375000000000e-01 0.000000000000e+00 -1.250000000000e-01
v -4.531250000000e-01 0.000000000000e+00 -1.406250000000e-01
v -4.375000000000e-01 0.000000000000e+00 -1.406250000000e-01
v -3.906250000000e-01 0.000000000000e+00 -1.562500000000e-01
v -3.906250000000e-01 0.000000000000e+00 -1.406250000000e-01
v -4.531250000000e-01 0.000000000000e+00 -1.250000000000e-01
v -3.750000000000e-01 0.000000000000e+00 -1.562500000000e-01
v -4.531250000000e-01 0.000000000000e+00 -1.562500000000e-01
v -4.375000000000e-01 0.000000000000e+00 -1.562500000000e-01
v -4.218750000000e-01 0.000000000000e+00 -1.562500000000e-01
v -4.062500000000e-01 0.000000000000e+00 -1.562500000000e-01
v -4.531250000000e-01 0.000000000000e+00 -2.656250000000e-01
v -4.843750000000e-01 0.000000000000e+00 -2.500000000000e-01
v -5.000000000000e-01 0.000000000000e+00 -2.500000000000e-01
v -5.000000000000e-01 0.000000000000e+00 -2.343750000000e-01
v -4.687500000000e-01 0.000000000000e+00 -2.968750000000e-01
v -4.531250000000e-01 0.000000000000e+00 -2.968750000000e-01
v -4.687500000000e-01 0.000000000000e+00 -2.500000000000e-01
v -4.531250000000e-01 0.000000000000e+00 -2.500000000000e-01
v -4.687500000000e-01 0.000000000000e+00 -2.656250000000e-01
v -4.843750000000e-01 0.000000000000e+00 -2.656250000000e-01
v -5.000000000000e-01 0.000000000000e+00 -2.656250000000e-01
v -4.531250000000e-01 0.000000000000e+00 -2.812500000000e-01
v -4.687500000000e-01 0.000000000000e+00 -2.812500000000e-01
v -4.843750000000e-01 0.000000000000e+00 -2.812500000000e-01
v -5.000000000000e-01 0.000000000000e+00 -2.812500000000e-01
v -3.906250000000e-01 0.000000000000e+00 -3.125000000000e-01
v -4.218750000000e-01 0.000000000000e+00 -3.125000000000e-01
v -4.375000000000e-01 0.000000000000e+00 -3.125000000000e-01
v -4.062500000000e-01 0.000000000000e+00 -3.125000000000e-01
v -3.906250000000e-01 0.000000000000e+00 -2.968750000000e-01
v -4.375000000000e-01 0.000000000000e+00 -2.968750000000e-01
v -4.218750000000e-01 0.000000000000e+00 -2.968750000000e-01
v -4.062500000000e-01 0.000000000000e+00 -2.968750000000e-01
v -4.218750000000e-01 0.000000000000e+00 -3.281250000000e-01
v -4.062500000000e-01 0.000000000000e+00 -3.281250000000e-01
v -3.906250000000e-01 0.000000000000e+00 -3.281250000000e-01
v -4.062500000000e-01 0.000000000000e+00 -2.812500000000e-01
v -4.218750000000e-01 0.000000000000e+00 -2.812500000000e-01
v -4.375000000000e-01 0.000000000000e+00 -2.812500000000e-01
v -4.218750000000e-01 0.000000000000e+00 -2.656250000000e-01
v -4.375000000000e-01 0.000000000000e+00 -2.656250000000e-01
v -4.062500000000e-01 0.000000000000e+00 -3.750000000000e-01
v -4.375000000000e-01 0.000000000000e+00 -3.593750000000e-01
v -3.906250000000e-01 0.000000000000e+00 -3.593750000000e-01
v -4.062500000000e-01 0.000000000000e+00 -3.593750000000e-01
v -4.218750000000e-01 0.000000000000e+00 -3.593750000000e-01
v -3.906250000000e-01 0.000000000000e+00 -3.906250000000e-01
v -4.062500000000e-01 0.000000000000e+00 -3.906250000000e-01
v -4.218750000000e-01 0.000000000000e+00 -3.906250000000e-01
v -4.375000000000e-01 0.000000000000e+00 -3.750000000000e-01
v -4.218750000000e-01 0.000000000000e+00 -3.750000000000e-01
v -3.906250000000e-01 0.000000000000e+00 -3.437500000000e-01
v -4.062500000000e-01 0.000000000000e+00 -3.437500000000e-01
v -4.218750000000e-01 0.000000000000e+00 -3.437500000000e-01
v -3.906250000000e-01 0.000000000000e+00 -3.750000000000e-01
v -4.375000000000e-01 0.000000000000e+00 -3.437500000000e-01
v -4.687500000000e-01 0.000000000000e+00 -3.437500000000e-01
v -5.000000000000e-01 0.000000000000e+00 -3.281250000000e-01
v -4.531250000000e-01 0.000000000000e+00 -3.125000000000e-01
v -5.000000000000e-01 0.000000000000e+00 -2.968750000000e-01
v -4.843750000000e-01 0.000000000000e+00 -2.968750000000e-01
v -4.843750000000e-01 0.000000000000e+00 -3.281250000000e-01
v -4.687500000000e-01 0.000000000000e+00 -3.281250000000e-01
v -4.843750000000e-01 0.000000000000e+00 -3.437500000000e-01
v -4.531250000000e-01 0.000000000000e+00 -3.437500000000e-01
v -4.531250000000e-01 0.000000000000e+00 -3.281250000000e-01
v -4.375000000000e-01 0.000000000000e+00 -3.281250000000e-01
v -4.531250000000e-01 0.000000000000e+00 -3.593750000000e-01
v -4.687500000000e-01 0.000000000000e+00 -3.125000000000e-01
v -4.843750000000e-01 0.000000000000e+00 -3.125000000000e-01
v -5.000000000000e-01 0.000000000000e+00 -3.125000000000e-01
v -3.750000000000e-01 0.000000000000e+00 -4.218750000000e-01
v -3.750000000000e-01 0.000000000000e+00 -4.375000000000e-01
v -3.906250000000e-01 0.000000000000e+00 -4.375000000000e-01
v -3.750000000000e-01 0.000000000000e+00 -4.687500000000e-01
v -4.062500000000e-01 0.000000000000e+00 -4.375000000000e-01
v -4.218750000000e-01 0.000000000000e+00 -4.062500000000e-01
v -4.062500000000e-01 0.000000000000e+00 -4.062500000000e-01
v -3.906250000000e-01 0.000000000000e+00 -4.062500000000e-01
v -4.218750000000e-01 0.000000000000e+00 -4.375000000000e-01
v -3.906250000000e-01 0.000000000000e+00 -4.218750000000e-01
v -4.218750000000e-01 0.000000000000e+00 -4.218750000000e-01
v -4.062500000000e-01 0.000000000000e+00 -4.218750000000e-01
v -4.062500000000e-01 0.000000000000e+00 -4.531250000000e-01
v -3.906250000000e-01 0.000000000000e+00 -4.531250000000e-01
v -3.750000000000e-01 0.000000000000e+00 -4.531250000000e-01
v -4.687500000000e-01 0.000000000000e+00 -3.593750000000e-01
v -4.375000000000e-01 0.000000000000e+00 -4.062500000000e-01
v -4.531250000000e-01 0.000000000000e+00 -4.062500000000e-01
v -4.375000000000e-01 0.000000000000e+00 -4.218750000000e-01
v -5.000000000000e-01 0.000000000000e+00 -3.437500000000e-01
v -4.843750000000e-01 0.000000000000e+00 -3.906250000000e-01
v -4.687500000000e-01 0.000000000000e+00 -3.906250000000e-01
v -5.000000000000e-01 0.000000000000e+00 -3.593750000000e-01
v -4.843750000000e-01 0.000000000000e+00 -3.593750000000e-01
v -4.531250000000e-01 0.000000000000e+00 -3.750000000000e-01
v -4.687500000000e-01 0.000000000000e+00 -3.750000000000e-01
v -4.843750000000e-01 0.000000000000e+00 -3.750000000000e-01
v -5.000000000000e-01 0.000000000000e+00 -3.750000000000e-01
v -4.375000000000e-01 0.000000000000e+00 -3.906250000000e-01
v -4.531250000000e-01 0.000000000000e+00 -3.906250000000e-01
v -4.843750000000e-01 0.000000000000e+00 -4.843750000000e-01
v -5.000000000000e-01 0.000000000000e+00 -4.531250000000e-01
v -4.843750000000e-01 0.000000000000e+00 -4.531250000000e-01
v -4.531250000000e-01 0.000000000000e+00 -4.843750000000e-01
v -4.687500000000e-01 0.000000000000e+00 -4.843750000000e-01
v -5.000000000000e-01 0.000000000000e+00 -4.843750000000e-01
v -4.375000000000e-01 0.000000000000e+00 -5.000000000000e-01
v -5.000000000000e-01 0.000000000000e+00 -5.000000000000e-01
v -5.000000000000e-01 0.000000000000e+00 -4.375000000000e-01
v -4.687500000000e-01 0.000000000000e+00 -5.000000000000e-01
v -4.843750000000e-01 0.000000000000e+00 -5.000000000000e-01
v -5.000000000000e-01 0.000000000000e+00 -4.687500000000e-01
v -4.843750000000e-01 0.000000000000e+00 -4.687500000000e-01
v -4.531250000000e-01 0.000000000000e+00 -5.000000000000e-01
v -4.687500000000e-01 0.000000000000e+00 -4.687500000000e-01
v -4.531250000000e-01 0.000000000000e+00 -4.375000000000e-01
v -4.531250000000e-01 0.000000000000e+00 -4.687500000000e-01
v -4.375000000000e-01 0.000000000000e+00 -4.375000000000e-01
v -5.000000000000e-01 0.000000000000e+00 -4.218750000000e-01
v -4.843750000000e-01 0.000000000000e+00 -4.218750000000e-01
v -4.687500000000e-01 0.000000000000e+00 -4.218750000000e-01
v -4.531250000000e-01 0.000000000000e+00 -4.218750000000e-01
v -4.687500000000e-01 0.000000000000e+00 -4.062500000000e-01
v -4.843750000000e-01 0.000000000000e+00 -4.062500000000e-01
v -5.000000000000e-01 0.000000000000e+00 -4.062500000000e-01
v -4.687500000000e-01 0.000000000000e+00 -4.531250000000e-01
v -4.531250000000e-01 0.000000000000e+00 -4.531250000000e-01
v -4.843750000000e-01 0.000000000000e+00 -4.375000000000e-01
v -5.000000000000e-01 0.000000000000e+00 -3.906250000000e-01
v -4.687500000000e-01 0.000000000000e+00 -4.375000000000e-01
v -4.375000000000e-01 0.000000000000e+00 -4.531250000000e-01
v -4.218750000000e-01 0.000000000000e+00 -4.531250000000e-01
v -3.906250000000e-01 0.000000000000e+00 -4.687500000000e-01
v -3.906250000000e-01 0.000000000000e+00 -5.000000000000e-01
v -4.375000000000e-01 0.000000000000e+00 -4.687500000000e-01
v -4.218750000000e-01 0.000000000000e+00 -4.687500000000e-01
v -4.062500000000e-01 0.000000000000e+00 -4.687500000000e-01
v -4.218750000000e-01 0.000000000000e+00 -5.000000000000e-01
v -3.750000000000e-01 0.000000000000e+00 -4.843750000000e-01
v -3.750000000000e-01 0.000000000000e+00 -5.000000000000e-01
v -4.062500000000e-01 0.000000000000e+00 -5.000000000000e-01
v -3.906250000000e-01 0.000000000000e+00 -4.843750000000e-01
v -4.062500000000e-01 0.000000000000e+00 -4.843750000000e-01
v -4.218750000000e-01 0.000000000000e+00 -4.843750000000e-01
v -4.375000000000e-01 0.000000000000e+00 -4.843750000000e-01
v -2.968750000000e-01 0.000000000000e+00 -4.843750000000e-01
v -2.812500000000e-01 0.000000000000e+00 -4.687500000000e-01
v -3.281250000000e-01 0.000000000000e+00 -4.375000000000e-01
v -2.812500000000e-01 0.000000000000e+00 -4.843750000000e-01
v -3.437500000000e-01 0.000000000000e+00 -4.375000000000e-01
v -2.968750000000e-01 0.000000000000e+00 -4.687500000000e-01
v -3.125000000000e-01 0.000000000000e+00 -4.687500000000e-01
v -3.593750000000e-01 0.000000000000e+00 -4.218750000000e-01
v -3.437500000000e-01 0.000000000000e+00 -4.218750000000e-01
v -3.281250000000e-01 0.000000000000e+00 -4.218750000000e-01
v -3.281250000000e-01 0.000000000000e+00 -4.531250000000e-01
v -3.125000000000e-01 0.000000000000e+00 -4.531250000000e-01
v -2.812500000000e-01 0.000000000000e+00 -5.000000000000e-01
v -3.125000000000e-01 0.000000000000e+00 -4.375000000000e-01
v -2.968750000000e-01 0.000000000000e+00 -4.531250000000e-01
v -3.281250000000e-01 0.000000000000e+00 -4.687500000000e-01
v -3.593750000000e-01 0.000000000000e+00 -4.375000000000e-01
v -3.437500000000e-01 0.000000000000e+00 -4.687500000000e-01
v -3.593750000000e-01 0.000000000000e+00 -4.687500000000e-01
v -3.125000000000e-01 0.000000000000e+00 -5.000000000000e-01
v -3.593750000000e-01 0.000000000000e+00 -4.531250000000e-01
v -3.437500000000e-01 0.000000000000e+00 -4.531250000000e-01
v -3.125000000000e-01 0.000000000000e+00 -4.843750000000e-01
v -3.593750000000e-01 0.000000000000e+00 -5.000000000000e-01
v -3.437500000000e-01 0.000000000000e+00 -5.000000000000e-01
v -3.281250000000e-01 0.000000000000e+00 -5.000000000000e-01
v -3.281250000000e-01 0.000000000000e+00 -4.843750000000e-01
v -3.437500000000e-01 0.000000000000e+00 -4.843750000000e-01
v -3.593750000000e-01 0.000000000000e+00 -4.843750000000e-01
v -2.968750000000e-01 0.000000000000e+00 -5.000000000000e-01
v -2.656250000000e-01 0.000000000000e+00 -4.843750000000e-01
v -2.500000000000e-01 0.000000000000e+00 -4.843750000000e-01
v -2.187500000000e-01 0.000000000000e+00 -4.843750000000e-01
v -2.031250000000e-01 0.000000000000e+00 -4.843750000000e-01
v -2.343750000000e-01 0.000000000000e+00 -4.843750000000e-01
v -2.656250000000e-01 0.000000000000e+00 -4.687500000000e-01
v -2.343750000000e-01 0.000000000000e+00 -5.000000000000e-01
v -2.187500000000e-01 0.000000000000e+00 -5.000000000000e-01
v -2.500000000000e-01 0.000000000000e+00 -5.000000000000e-01
v -2.656250000000e-01 0.000000000000e+00 -5.000000000000e-01
v -2.031250000000e-01 0.000000000000e+00 -5.000000000000e-01
v -1.875000000000e-01 0.000000000000e+00 -5.000000000000e-01
v -2.187500000000e-01 0.000000000000e+00 -4.687500000000e-01
v -2.500000000000e-01 0.000000000000e+00 -4.687500000000e-01
v -2.343750000000e-01 0.000000000000e+00 -4.687500000000e-01
v -2.500000000000e-01 0.000000000000e+00 -4.218750000000e-01
v -2.500000000000e-01 0.000000000000e+00 -4.375000000000e-01
v -2.656250000000e-01 0.000000000000e+00 -4.375000000000e-01
v -2.343750000000e-01 0.000000000000e+00 -4.375000000000e-01
v -2.812500000000e-01 0.000000000000e+00 -4.531250000000e-01
v -2.656250000000e-01 0.000000000000e+00 -4.531250000000e-01
v -2.500000000000e-01 0.000000000000e+00 -4.531250000000e-01
v -2.343750000000e-01 0.000000000000e+00 -4.531250000000e-01
v -2.343750000000e-01 0.000000000000e+00 -4.218750000000e-01
v -2.968750000000e-01 0.000000000000e+00 -4.375000000000e-01
v -2.812500000000e-01 0.000000000000e+00 -4.375000000000e-01
v -3.125000000000e-01 0.000000000000e+00 -4.218750000000e-01
v -2.656250000000e-01 0.000000000000e+00 -4.218750000000e-01
v -2.968750000000e-01 0.000000000000e+00 -4.218750000000e-01
v -2.812500000000e-01 0.000000000000e+00 -4.218750000000e-01
v -2.343750000000e-01 0.000000000000e+00 -3.593750000000e-01
v -2.812500000000e-01 0.000000000000e+00 -3.281250000000e-01
v -2.343750000000e-01 0.000000000000e+00 -3.437500000000e-01
v -2.656250000000e-01 0.000000000000e+00 -3.281250000000e-01
v -2.500000000000e-01 0.000000000000e+00 -3.281250000000e-01
v -2.343750000000e-01 0.000000000000e+00 -3.281250000000e-01
v -3.125000000000e-01 0.000000000000e+00 -2.968750000000e-01
v -2.968750000000e-01 0.000000000000e+00 -2.968750000000e-01
v -2.812500000000e-01 0.000000000000e+00 -2.968750000000e-01
v -2.656250000000e-01 0.000000000000e+00 -3.125000000000e-01
v -2.812500000000e-01 0.000000000000e+00 -3.437500000000e-01
v -2.968750000000e-01 0.000000000000e+00 -3.125000000000e-01
v -2.812500000000e-01 0.000000000000e+00 -3.125000000000e-01
v -2.500000000000e-01 0.000000000000e+00 -3.437500000000e-01
v -2.656250000000e-01 0.000000000000e+00 -3.437500000000e-01
v -2.500000000000e-01 0.000000000000e+00 -3.750000000000e-01
v -2.343750000000e-01 0.000000000000e+00 -3.906250000000e-01
v -2.500000000000e-01 0.000000000000e+00 -3.906250000000e-01
v -2.656250000000e-01 0.000000000000e+00 -3.906250000000e-01
v -2.500000000000e-01 0.000000000000e+00 -3.593750000000e-01
v -2.812500000000e-01 0.000000000000e+00 -3.906250000000e-01
v -2.812500000000e-01 0.000000000000e+00 -3.750000000000e-01
v -2.343750000000e-01 0.000000000000e+00 -3.750000000000e-01
v -2.812500000000e-01 0.000000000000e+00 -3.593750000000e-01
v -2.656250000000e-01 0.000000000000e+00 -3.593750000000e-01
v -2.343750000000e-01 0.000000000000e+00 -4.062500000000e-01
v -2.500000000000e-01 0.000000000000e+00 -4.062500000000e-01
v -2.656250000000e-01 0.000000000000e+00 -4.062500000000e-01
v -2.812500000000e-01 0.000000000000e+00 -4.062500000000e-01
v -2.656250000000e-01 0.000000000000e+00 -3.750000000000e-01
v -3.125000000000e-01 0.000000000000e+00 -3.437500000000e-01
v -2.968750000000e-01 0.000000000000e+00 -3.437500000000e-01
v -3.593750000000e-01 0.000000000000e+00 -3.281250000000e-01
v -2.968750000000e-01 0.000000000000e+00 -3.281250000000e-01
v -3.125000000000e-01 0.000000000000e+00 -3.281250000000e-01
v -3.281250000000e-01 0.000000000000e+00 -3.125000000000e-01
v -3.125000000000e-01 0.000000000000e+00 -3.125000000000e-01
v -3.437500000000e-01 0.000000000000e+00 -3.125000000000e-01
v -3.593750000000e-01 0.000000000000e+00 -3.125000000000e-01
v -3.750000000000e-01 0.000000000000e+00 -3.125000000000e-01
v -3.281250000000e-01 0.000000000000e+00 -3.281250000000e-01
v -3.437500000000e-01 0.000000000000e+00 -3.281250000000e-01
v -3.281250000000e-01 0.000000000000e+00 -2.968750000000e-01
v -3.437500000000e-01 0.000000000000e+00 -2.968750000000e-01
v -3.750000000000e-01 0.000000000000e+00 -2.968750000000e-01
v -3.593750000000e-01 0.000000000000e+00 -2.968750000000e-01
v -3.750000000000e-01 0.000000000000e+00 -3.906250000000e-01
v -3.593750000000e-01 0.000000000000e+00 -3.593750000000e-01
v -3.750000000000e-01 0.000000000000e+00 -3.437500000000e-01
v -3.593750000000e-01 0.000000000000e+00 -3.437500000000e-01
v -3.750000000000e-01 0.000000000000e+00 -3.281250000000e-01
v -3.750000000000e-01 0.000000000000e+00 -3.593750000000e-01
v -3.750000000000e-01 0.000000000000e+00 -4.062500000000e-01
v -3.593750000000e-01 0.000000000000e+00 -4.062500000000e-01
v -3.437500000000e-01 0.000000000000e+00 -3.906250000000e-01
v -3.750000000000e-01 0.000000000000e+00 -3.750000000000e-01
v -3.593750000000e-01 0.000000000000e+00 -3.750000000000e-01
v -3.437500000000e-01 0.000000000000e+00 -3.750000000000e-01
v -3.593750000000e-01 0.000000000000e+00 -3.906250000000e-01
v -3.437500000000e-01 0.000000000000e+00 -4.062500000000e-01
v -3.437500000000e-01 0.000000000000e+00 -3.593750000000e-01
v -2.968750000000e-01 0.000000000000e+00 -3.750000000000e-01
v -3.281250000000e-01 0.000000000000e+00 -3.593750000000e-01
v -3.281250000000e-01 0.000000000000e+00 -3.750000000000e-01
v -2.968750000000e-01 0.000000000000e+00 -3.906250000000e-01
v -3.125000000000e-01 0.000000000000e+00 -3.906250000000e-01
v -3.281250000000e-01 0.000000000000e+00 -3.906250000000e-01
v -3.281250000000e-01 0.000000000000e+00 -4.062500000000e-01
v -3.125000000000e-01 0.000000000000e+00 -4.062500000000e-01
v -2.968750000000e-01 0.000000000000e+00 -4.062500000000e-01
v -3.125000000000e-01 0.000000000000e+00 -3.593750000000e-01
v -2.968750000000e-01 0.000000000000e+00 -3.593750000000e-01
v -3.281250000000e-01 0.000000000000e+00 -3.437500000000e-01
v -3.437500000000e-01 0.000000000000e+00 -3.437500000000e-01
v -3.125000000000e-01 0.000000000000e+00 -3.750000000000e-01
v -4.687500000000e-02 0.000000000000e+00 -4.531250000000e-01
v -4.687500000000e-02 0.000000000000e+00 -5.000000000000e-01
v -3.125000000000e-02 0.000000000000e+00 -4.843750000000e-01
v -1.562500000000e-02 0.000000000000e+00 -4.687500000000e-01
v -1.562500000000e-02 0.000000000000e+00 -5.000000000000e-01
v 0.000000000000e+00 0.000000000000e+00 -5.000000000000e-01
v -3.125000000000e-02 0.000000000000e+00 -4.687500000000e-01
v -4.687500000000e-02 0.000000000000e+00 -4.687500000000e-01
v -6.250000000000e-02 0.000000000000e+00 -4.687500000000e-01
v 1.562500000000e-02 0.000000000000e+00 -5.000000000000e-01
v -1.562500000000e-02 0.000000000000e+00 -4.843750000000e-01
v 0.000000000000e+00 0.000000000000e+00 -4.843750000000e-01
v -3.125000000000e-02 0.000000000000e+00 -5.000000000000e-01
v -4.687500000000e-02 0.000000000000e+00 -4.843750000000e-01
v -4.687500000000e-02 0.000000000000e+00 -4.062500000000e-01
v -6.250000000000e-02 0.000000000000e+00 -4.062500000000e-01
v -3.125000000000e-02 0.000000000000e+00 -4.375000000000e-01
v -3.125000000000e-02 0.000000000000e+00 -4.062500000000e-01
v -3.125000000000e-02 0.000000000000e+00 -4.531250000000e-01
v -1.562500000000e-02 0.000000000000e+00 -4.531250000000e-01
v -1.562500000000e-02 0.000000000000e+00 -4.375000000000e-01
v -4.687500000000e-02 0.000000000000e+00 -4.375000000000e-01
v -3.125000000000e-02 0.000000000000e+00 -3.906250000000e-01
v -4.687500000000e-02 0.000000000000e+00 -3.906250000000e-01
v -6.250000000000e-02 0.000000000000e+00 -3.906250000000e-01
v -1.562500000000e-02 0.000000000000e+00 -4.218750000000e-01
v -3.125000000000e-02 0.000000000000e+00 -4.218750000000e-01
v -4.687500000000e-02 0.000000000000e+00 -4.218750000000e-01
v -6.250000000000e-02 0.000000000000e+00 -4.218750000000e-01
v 1.562500000000e-02 0.000000000000e+00 -4.375000000000e-01
v 0.000000000000e+00 0.000000000000e+00 -3.906250000000e-01
v 3.125000000000e-02 0.000000000000e+00 -4.375000000000e-01
v 4.687500000000e-02 0.000000000000e+00 -4.375000000000e-01
v 4.687500000000e-02 0.000000000000e+00 -4.062500000000e-01
v 3.125000000000e-02 0.000000000000e+00 -4.062500000000e-01
v 1.562500000000e-02 0.000000000000e+00 -4.062500000000e-01
v 0.000000000000e+00 0.000000000000e+00 -4.062500000000e-01
v 0.000000000000e+00 0.000000000000e+00 -4.375000000000e-01
v -1.562500000000e-02 0.000000000000e+00 -4.062500000000e-01
v 0.000000000000e+00 0.000000000000e+00 -4.218750000000e-01
v 1.562500000000e-02 0.000000000000e+00 -4.218750000000e-01
v 3.125000000000e-02 0.000000000000e+00 -4.218750000000e-01
v 4.687500000000e-02 0.000000000000e+00 -4.218750000000e-01
v -1.562500000000e-02 0.000000000000e+00 -3.906250000000e-01
v 1.562500000000e-02 0.000000000000e+00 -4.843750000000e-01
v 4.687500000000e-02 0.000000000000e+00 -4.843750000000e-01
v 4.687500000000e-02 0.000000000000e+00 -4.531250000000e-01
v 3.125000000000e-02 0.000000000000e+00 -4.531250000000e-01
v 1.562500000000e-02 0.000000000000e+00 -4.531250000000e-01
v 0.000000000000e+00 0.000000000000e+00 -4.531250000000e-01
v 3.125000000000e-02 0.000000000000e+00 -5.000000000000e-01
v 4.687500000000e-02 0.000000000000e+00 -5.000000000000e-01
v 6.250000000000e-02 0.000000000000e+00 -5.000000000000e-01
v 4.687500000000e-02 0.000000000000e+00 -4.687500000000e-01
v 3.125000000000e-02 0.000000000000e+00 -4.687500000000e-01
v 1.562500000000e-02 0.000000000000e+00 -4.687500000000e-01
v 0.000000000000e+00 0.000000000000e+00 -4.687500000000e-01
v 3.125000000000e-02 0.000000000000e+00 -4.843750000000e-01
v 6.250000000000e-02 0.000000000000e+00 -4.843750000000e-01
v -1.093750000000e-01 0.000000000000e+00 -3.125000000000e-01
v -7.812500000000e-02 0.000000000000e+00 -2.812500000000e-01
v -6.250000000000e-02 0.000000000000e+00 -2.812500000000e-01
v -9.375000000000e-02 0.000000000000e+00 -3.125000000000e-01
v -7.812500000000e-02 0.000000000000e+00 -3.125000000000e-01
v -6.250000000000e-02 0.000000000000e+00 -3.125000000000e-01
v -1.250000000000e-01 0.000000000000e+00 -2.968750000000e-01
v -1.093750000000e-01 0.000000000000e+00 -2.968750000000e-01
v -9.375000000000e-02 0.000000000000e+00 -2.968750000000e-01
v -7.812500000000e-02 0.000000000000e+00 -2.968750000000e-01
v -6.250000000000e-02 0.000000000000e+00 -2.968750000000e-01
v -1.250000000000e-01 0.000000000000e+00 -2.812500000000e-01
v -1.093750000000e-01 0.000000000000e+00 -2.812500000000e-01
v -9.375000000000e-02 0.000000000000e+00 -2.812500000000e-01
v -3.125000000000e-02 0.000000000000e+00 -3.593750000000e-01
v -4.687500000000e-02 0.000000000000e+00 -3.593750000000e-01
v -6.250000000000e-02 0.000000000000e+00 -3.593750000000e-01
v -7.812500000000e-02 0.000000000000e+00 -3.593750000000e-01
v -6.250000000000e-02 0.000000000000e+00 -3.750000000000e-01
v -9.375000000000e-02 0.000000000000e+00 -3.437500000000e-01
v -7.812500000000e-02 0.000000000000e+00 -3.437500000000e-01
v -6.250000000000e-02 0.000000000000e+00 -3.437500000000e-01
v -4.687500000000e-02 0.000000000000e+00 -3.437500000000e-01
v -9.375000000000e-02 0.000000000000e+00 -3.281250000000e-01
v -7.812500000000e-02 0.000000000000e+00 -3.281250000000e-01
v -6.250000000000e-02 0.000000000000e+00 -3.281250000000e-01
v -4.687500000000e-02 0.000000000000e+00 -3.750000000000e-01
v -3.125000000000e-02 0.000000000000e+00 -3.750000000000e-01
v -1.562500000000e-02 0.000000000000e+00 -3.750000000000e-01
v -1.562500000000e-02 0.000000000000e+00 -3.281250000000e-01
v -1.562500000000e-02 0.000000000000e+00 -3.437500000000e-01
v -3.125000000000e-02 0.000000000000e+00 -3.437500000000e-01
v -4.687500000000e-02 0.000000000000e+00 -3.281250000000e-01
v -1.562500000000e-02 0.000000000000e+00 -2.968750000000e-01
v -3.125000000000e-02 0.000000000000e+00 -2.968750000000e-01
v -4.687500000000e-02 0.000000000000e+00 -2.968750000000e-01
v -4.687500000000e-02 0.000000000000e+00 -3.125000000000e-01
v -3.125000000000e-02 0.000000000000e+00 -3.125000000000e-01
v -3.125000000000e-02 0.000000000000e+00 -3.281250000000e-01
v -1.562500000000e-02 0.000000000000e+00 -3.125000000000e-01
v -4.687500000000e-02 0.000000000000e+00 -2.812500000000e-01
v -1.562500000000e-02 0.000000000000e+00 -3.593750000000e-01
v -3.125000000000e-02 0.000000000000e+00 -2.812500000000e-01
v -1.562500000000e-02 0.000000000000e+00 -2.812500000000e-01
v 1.562500000000e-02 0.000000000000e+00 -2.812500000000e-01
v 0.000000000000e+00 0.000000000000e+00 -2.812500000000e-01
v 3.125000000000e-02 0.000000000000e+00 -3.281250000000e-01
v 4.687500000000e-02 0.000000000000e+00 -3.281250000000e-01
v 4.687500000000e-02 0.000000000000e+00 -2.812500000000e-01
v 3.125000000000e-02 0.000000000000e+00 -2.812500000000e-01
v 4.687500000000e-02 0.000000000000e+00 -2.968750000000e-01
v 3.125000000000e-02 0.000000000000e+00 -2.968750000000e-01
v 4.687500000000e-02 0.000000000000e+00 -3.437500000000e-01
v 4.687500000000e-02 0.000000000000e+00 -3.125000000000e-01
v 3.125000000000e-02 0.000000000000e+00 -3.125000000000e-01
v 1.562500000000e-02 0.000000000000e+00 -2.968750000000e-01
v 1.562500000000e-02 0.000000000000e+00 -3.125000000000e-01
v 0.000000000000e+00 0.000000000000e+00 -2.968750000000e-01
v 0.000000000000e+00 0.000000000000e+00 -3.125000000000e-01
v 0.000000000000e+00 0.000000000000e+00 -3.437500000000e-01
v 0.000000000000e+00 0.000000000000e+00 -3.593750000000e-01
v 1.562500000000e-02 0.000000000000e+00 -3.593750000000e-01
v 3.125000000000e-02 0.000000000000e+00 -3.593750000000e-01
v 4.687500000000e-02 0.000000000000e+00 -3.593750000000e-01
v 1.562500000000e-02 0.000000000000e+00 -3.437500000000e-01
v 0.000000000000e+00 0.000000000000e+00 -3.281250000000e-01
v 1.562500000000e-02 0.000000000000e+00 -3.281250000000e-01
v 1.562500000000e-02 0.000000000000e+00 -3.750000000000e-01
v 3.125000000000e-02 0.000000000000e+00 -3.750000000000e-01
v 0.000000000000e+00 0.000000000000e+00 -3.750000000000e-01
v 1.562500000000e-02 0.000000000000e+00 -3.906250000000e-01
v 3.125000000000e-02 0.000000000000e+00 -3.906250000000e-01
v 4.687500000000e-02 0.000000000000e+00 -3.906250000000e-01
v 4.687500000000e-02 0.000000000000e+00 -3.750000000000e-01
v 3.125000000000e-02 0.000000000000e+00 -3.437500000000e-01
v -7.812500000000e-02 0.000000000000e+00 -3.906250000000e-01
v -1.562500000000e-01 0.000000000000e+00 -3.437500000000e-01
v -7.812500000000e-02 0.000000000000e+00 -4.062500000000e-01
v -9.375000000000e-02 0.000000000000e+00 -3.593750000000e-01
v -1.406250000000e-01 0.000000000000e+00 -3.437500000000e-01
v -1.250000000000e-01 0.000000000000e+00 -3.437500000000e-01
v -9.375000000000e-02 0.000000000000e+00 -3.906250000000e-01
v -1.093750000000e-01 0.000000000000e+00 -3.593750000000e-01
v -1.250000000000e-01 0.000000000000e+00 -3.593750000000e-01
v -1.406250000000e-01 0.000000000000e+00 -3.593750000000e-01
v -1.093750000000e-01 0.000000000000e+00 -3.437500000000e-01
v -1.406250000000e-01 0.000000000000e+00 -3.750000000000e-01
v -1.250000000000e-01 0.000000000000e+00 -3.750000000000e-01
v -1.093750000000e-01 0.000000000000e+00 -3.750000000000e-01
v -9.375000000000e-02 0.000000000000e+00 -3.750000000000e-01
v -7.812500000000e-02 0.000000000000e+00 -3.750000000000e-01
v -1.093750000000e-01 0.000000000000e+00 -3.281250000000e-01
v -1.250000000000e-01 0.000000000000e+00 -3.281250000000e-01
v -1.406250000000e-01 0.000000000000e+00 -3.281250000000e-01
v -1.562500000000e-01 0.000000000000e+00 -3.281250000000e-01
v -1.718750000000e-01 0.000000000000e+00 -2.812500000000e-01
v -1.562500000000e-01 0.000000000000e+00 -2.812500000000e-01
v -1.406250000000e-01 0.000000000000e+00 -2.812500000000e-01
v -1.718750000000e-01 0.000000000000e+00 -2.968750000000e-01
v -1.562500000000e-01 0.000000000000e+00 -2.968750000000e-01
v -1.406250000000e-01 0.000000000000e+00 -2.968750000000e-01
v -1.250000000000e-01 0.000000000000e+00 -3.125000000000e-01
v -1.406250000000e-01 0.000000000000e+00 -3.125000000000e-01
v -1.562500000000e-01 0.000000000000e+00 -3.125000000000e-01
v -1.718750000000e-01 0.000000000000e+00 -3.125000000000e-01
v -2.187500000000e-01 0.000000000000e+00 -3.125000000000e-01
v -2.187500000000e-01 0.000000000000e+00 -2.656250000000e-01
v -2.031250000000e-01 0.000000000000e+00 -3.125000000000e-01
v -1.875000000000e-01 0.000000000000e+00 -3.125000000000e-01
v -1.718750000000e-01 0.000000000000e+00 -3.281250000000e-01
v -1.875000000000e-01 0.000000000000e+00 -3.281250000000e-01
v -2.031250000000e-01 0.000000000000e+00 -3.281250000000e-01
v -2.343750000000e-01 0.000000000000e+00 -2.500000000000e-01
v -1.875000000000e-01 0.000000000000e+00 -2.968750000000e-01
v -2.031250000000e-01 0.000000000000e+00 -2.968750000000e-01
v -2.187500000000e-01 0.000000000000e+00 -2.968750000000e-01
v -2.343750000000e-01 0.000000000000e+00 -2.656250000000e-01
v -2.187500000000e-01 0.000000000000e+00 -2.812500000000e-01
v -1.875000000000e-01 0.000000000000e+00 -2.812500000000e-01
v -2.031250000000e-01 0.000000000000e+00 -2.812500000000e-01
v -1.718750000000e-01 0.000000000000e+00 -3.593750000000e-01
v -1.718750000000e-01 0.000000000000e+00 -3.437500000000e-01
v -2.187500000000e-01 0.000000000000e+00 -3.593750000000e-01
v -2.031250000000e-01 0.000000000000e+00 -3.593750000000e-01
v -1.875000000000e-01 0.000000000000e+00 -3.437500000000e-01
v -2.031250000000e-01 0.000000000000e+00 -3.437500000000e-01
v -2.187500000000e-01 0.000000000000e+00 -3.437500000000e-01
v -1.875000000000e-01 0.000000000000e+00 -3.593750000000e-01
v -2.187500000000e-01 0.000000000000e+00 -3.281250000000e-01
v -1.562500000000e-01 0.000000000000e+00 -3.593750000000e-01
v -2.187500000000e-01 0.000000000000e+00 -3.750000000000e-01
v -2.031250000000e-01 0.000000000000e+00 -3.750000000000e-01
v -1.875000000000e-01 0.000000000000e+00 -3.750000000000e-01
v -1.562500000000e-01 0.000000000000e+00 -3.750000000000e-01
v -1.718750000000e-01 0.000000000000e+00 -3.750000000000e-01
v -1.250000000000e-01 0.000000000000e+00 -4.531250000000e-01
v -9.375000000000e-02 0.000000000000e+00 -4.531250000000e-01
v -1.093750000000e-01 0.000000000000e+00 -5.000000000000e-01
v -1.093750000000e-01 0.000000000000e+00 -4.687500000000e-01
v -1.093750000000e-01 0.000000000000e+00 -4.531250000000e-01
v -9.375000000000e-02 0.000000000000e+00 -5.000000000000e-01
v -9.375000000000e-02 0.000000000000e+00 -4.687500000000e-01
v -7.812500000000e-02 0.000000000000e+00 -4.687500000000e-01
v -7.812500000000e-02 0.000000000000e+00 -5.000000000000e-01
v -6.250000000000e-02 0.000000000000e+00 -5.000000000000e-01
v -1.093750000000e-01 0.000000000000e+00 -4.843750000000e-01
v -9.375000000000e-02 0.000000000000e+00 -4.843750000000e-01
v -6.250000000000e-02 0.000000000000e+00 -4.843750000000e-01
v -7.812500000000e-02 0.000000000000e+00 -4.843750000000e-01
v -1.250000000000e-01 0.000000000000e+00 -4.375000000000e-01
v -6.250000000000e-02 0.000000000000e+00 -4.531250000000e-01
v -1.250000000000e-01 0.000000000000e+00 -3.906250000000e-01
v -1.093750000000e-01 0.000000000000e+00 -3.906250000000e-01
v -1.250000000000e-01 0.000000000000e+00 -4.218750000000e-01
v -1.093750000000e-01 0.000000000000e+00 -4.218750000000e-01
v -9.375000000000e-02 0.000000000000e+00 -4.218750000000e-01
v -7.812500000000e-02 0.000000000000e+00 -4.218750000000e-01
v -1.093750000000e-01 0.000000000000e+00 -4.375000000000e-01
v -9.375000000000e-02 0.000000000000e+00 -4.062500000000e-01
v -1.093750000000e-01 0.000000000000e+00 -4.062500000000e-01
v -1.250000000000e-01 0.000000000000e+00 -4.062500000000e-01
v -9.375000000000e-02 0.000000000000e+00 -4.375000000000e-01
v -7.812500000000e-02 0.000000000000e+00 -4.375000000000e-01
v -6.250000000000e-02 0.000000000000e+00 -4.375000000000e-01
v -7.812500000000e-02 0.000000000000e+00 -4.531250000000e-01
v -1.562500000000e-01 0.000000000000e+00 -3.906250000000e-01
v -1.406250000000e-01 0.000000000000e+00 -3.906250000000e-01
v -1.718750000000e-01 0.000000000000e+00 -3.906250000000e-01
v -1.875000000000e-01 0.000000000000e+00 -3.906250000000e-01
v -2.187500000000e-01 0.000000000000e+00 -3.906250000000e-01
v -2.031250000000e-01 0.000000000000e+00 -4.062500000000e-01
v -1.875000000000e-01 0.000000000000e+00 -4.062500000000e-01
v -1.718750000000e-01 0.000000000000e+00 -4.062500000000e-01
v -1.562500000000e-01 0.000000000000e+00 -4.062500000000e-01
v -1.406250000000e-01 0.000000000000e+00 -4.062500000000e-01
v -1.406250000000e-01 0.000000000000e+00 -4.218750000000e-01
v -2.031250000000e-01 0.000000000000e+00 -3.906250000000e-01
v -1.875000000000e-01 0.000000000000e+00 -4.218750000000e-01
v -1.718750000000e-01 0.000000000000e+00 -4.218750000000e-01
v -1.562500000000e-01 0.000000000000e+00 -4.218750000000e-01
v -1.406250000000e-01 0.000000000000e+00 -4.375000000000e-01
v -1.250000000000e-01 0.000000000000e+00 -4.687500000000e-01
v -1.406250000000e-01 0.000000000000e+00 -4.531250000000e-01
v -1.406250000000e-01 0.000000000000e+00 -4.843750000000e-01
v -1.562500000000e-01 0.000000000000e+00 -4.843750000000e-01
v -1.250000000000e-01 0.000000000000e+00 -4.843750000000e-01
v -1.406250000000e-01 0.000000000000e+00 -5.000000000000e-01
v -1.562500000000e-01 0.000000000000e+00 -4.375000000000e-01
v -1.718750000000e-01 0.000000000000e+00 -4.375000000000e-01
v -1.562500000000e-01 0.000000000000e+00 -4.531250000000e-01
v -1.718750000000e-01 0.000000000000e+00 -4.531250000000e-01
v -1.406250000000e-01 0.000000000000e+00 -4.687500000000e-01
v -1.562500000000e-01 0.000000000000e+00 -4.687500000000e-01
v -1.718750000000e-01 0.000000000000e+00 -4.687500000000e-01
v -1.250000000000e-01 0.000000000000e+00 -5.000000000000e-01
v -1.875000000000e-01 0.000000000000e+00 -4.687500000000e-01
v -2.031250000000e-01 0.000000000000e+00 -4.375000000000e-01
v -1.875000000000e-01 0.000000000000e+00 -4.375000000000e-01
v -2.187500000000e-01 0.000000000000e+00 -4.375000000000e-01
v -2.031250000000e-01 0.000000000000e+00 -4.218750000000e-01
v -2.187500000000e-01 0.000000000000e+00 -4.218750000000e-01
v -1.718750000000e-01 0.000000000000e+00 -5.000000000000e-01
v -1.562500000000e-01 0.000000000000e+00 -5.000000000000e-01
v -1.875000000000e-01 0.000000000000e+00 -4.531250000000e-01
v -2.031250000000e-01 0.000000000000e+00 -4.687500000000e-01
v -2.031250000000e-01 0.000000000000e+00 -4.531250000000e-01
v -1.718750000000e-01 0.000000000000e+00 -4.843750000000e-01
v -2.187500000000e-01 0.000000000000e+00 -4.531250000000e-01
v -2.187500000000e-01 0.000000000000e+00 -4.062500000000e-01
v -1.875000000000e-01 0.000000000000e+00 -4.843750000000e-01
v -4.687500000000e-02 0.000000000000e+00 -1.718750000000e-01
v -1.562500000000e-02 0.000000000000e+00 -2.187500000000e-01
v 1.562500000000e-02 0.000000000000e+00 -2.031250000000e-01
v 3.125000000000e-02 0.000000000000e+00 -2.187500000000e-01
v -3.125000000000e-02 0.000000000000e+00 -2.031250000000e-01
v -6.250000000000e-02 0.000000000000e+00 -1.718750000000e-01
v -4.687500000000e-02 0.000000000000e+00 -1.875000000000e-01
v 1.562500000000e-02 0.000000000000e+00 -2.187500000000e-01
v 0.000000000000e+00 0.000000000000e+00 -2.187500000000e-01
v 0.000000000000e+00 0.000000000000e+00 -2.031250000000e-01
v -1.562500000000e-02 0.000000000000e+00 -1.875000000000e-01
v 3.125000000000e-02 0.000000000000e+00 -2.343750000000e-01
v -3.125000000000e-02 0.000000000000e+00 -1.875000000000e-01
v -1.562500000000e-02 0.000000000000e+00 -2.031250000000e-01
v -3.125000000000e-02 0.000000000000e+00 -1.718750000000e-01
v 0.000000000000e+00 0.000000000000e+00 -2.500000000000e-01
v -3.125000000000e-02 0.000000000000e+00 -2.187500000000e-01
v -1.562500000000e-02 0.000000000000e+00 -2.500000000000e-01
v 1.562500000000e-02 0.000000000000e+00 -2.500000000000e-01
v 3.125000000000e-02 0.000000000000e+00 -2.500000000000e-01
v -3.125000000000e-02 0.000000000000e+00 -2.343750000000e-01
v -3.125000000000e-02 0.000000000000e+00 -2.500000000000e-01
v -3.125000000000e-02 0.000000000000e+00 -2.656250000000e-01
v 3.125000000000e-02 0.000000000000e+00 -2.656250000000e-01
v -1.562500000000e-02 0.000000000000e+00 -2.656250000000e-01
v 1.562500000000e-02 0.000000000000e+00 -2.656250000000e-01
v 0.000000000000e+00 0.000000000000e+00 -2.656250000000e-01
v -1.562500000000e-02 0.000000000000e+00 -2.343750000000e-01
v 0.000000000000e+00 0.000000000000e+00 -2.343750000000e-01
v 1.562500000000e-02 0.000000000000e+00 -2.343750000000e-01
v -1.093750000000e-01 0.000000000000e+00 -2.031250000000e-01
v -1.250000000000e-01 0.000000000000e+00 -1.875000000000e-01
v -4.687500000000e-02 0.000000000000e+00 -2.187500000000e-01
v -7.812500000000e-02 0.000000000000e+00 -1.718750000000e-01
v -9.375000000000e-02 0.000000000000e+00 -1.718750000000e-01
v -1.093750000000e-01 0.000000000000e+00 -1.718750000000e-01
v -1.250000000000e-01 0.000000000000e+00 -1.718750000000e-01
v -7.812500000000e-02 0.000000000000e+00 -2.031250000000e-01
v -9.375000000000e-02 0.000000000000e+00 -2.031250000000e-01
v -6.250000000000e-02 0.000000000000e+00 -1.875000000000e-01
v -7.812500000000e-02 0.000000000000e+00 -1.875000000000e-01
v -4.687500000000e-02 0.000000000000e+00 -2.031250000000e-01
v -9.375000000000e-02 0.000000000000e+00 -1.875000000000e-01
v -6.250000000000e-02 0.000000000000e+00 -2.031250000000e-01
v -1.093750000000e-01 0.000000000000e+00 -1.875000000000e-01
v -4.687500000000e-02 0.000000000000e+00 -2.500000000000e-01
v -6.250000000000e-02 0.000000000000e+00 -2.500000000000e-01
v -7.812500000000e-02 0.000000000000e+00 -2.500000000000e-01
v -9.375000000000e-02 0.000000000000e+00 -2.500000000000e-01
v -1.093750000000e-01 0.000000000000e+00 -2.187500000000e-01
v -9.375000000000e-02 0.000000000000e+00 -2.187500000000e-01
v -9.375000000000e-02 0.000000000000e+00 -2.343750000000e-01
v -1.093750000000e-01 0.000000000000e+00 -2.343750000000e-01
v -4.687500000000e-02 0.000000000000e+00 -2.656250000000e-01
v -6.250000000000e-02 0.000000000000e+00 -2.656250000000e-01
v -7.812500000000e-02 0.000000000000e+00 -2.656250000000e-01
v -7.812500000000e-02 0.000000000000e+00 -2.187500000000e-01
v -4.687500000000e-02 0.000000000000e+00 -2.343750000000e-01
v -6.250000000000e-02 0.000000000000e+00 -2.187500000000e-01
v -6.250000000000e-02 0.000000000000e+00 -2.343750000000e-01
v -7.812500000000e-02 0.000000000000e+00 -2.343750000000e-01
v -3.125000000000e-02 0.000000000000e+00 -1.562500000000e-01
v -1.562500000000e-02 0.000000000000e+00 -1.562500000000e-01
v 0.000000000000e+00 0.000000000000e+00 -1.562500000000e-01
v 1.562500000000e-02 0.000000000000e+00 -1.562500000000e-01
v 0.000000000000e+00 0.000000000000e+00 -1.718750000000e-01
v 1.562500000000e-02 0.000000000000e+00 -1.875000000000e-01
v 4.687500000000e-02 0.000000000000e+00 -1.875000000000e-01
v -1.562500000000e-02 0.000000000000e+00 -1.406250000000e-01
v -3.125000000000e-02 0.000000000000e+00 -1.406250000000e-01
v 1.562500000000e-02 0.000000000000e+00 -1.718750000000e-01
v 3.125000000000e-02 0.000000000000e+00 -1.875000000000e-01
v 3.125000000000e-02 0.000000000000e+00 -1.718750000000e-01
v -1.562500000000e-02 0.000000000000e+00 -1.718750000000e-01
v 3.125000000000e-02 0.000000000000e+00 -2.031250000000e-01
v 0.000000000000e+00 0.000000000000e+00 -1.875000000000e-01
v -3.125000000000e-02 0.000000000000e+00 -1.093750000000e-01
v -1.562500000000e-02 0.000000000000e+00 -1.250000000000e-01
v -3.125000000000e-02 0.000000000000e+00 -1.250000000000e-01
v -3.125000000000e-02 0.000000000000e+00 -7.812500000000e-02
v -4.687500000000e-02 0.000000000000e+00 -7.812500000000e-02
v -3.125000000000e-02 0.000000000000e+00 -9.375000000000e-02
v -4.687500000000e-02 0.000000000000e+00 -9.375000000000e-02
v -1.562500000000e-02 0.000000000000e+00 -7.812500000000e-02
v -4.687500000000e-02 0.000000000000e+00 -1.093750000000e-01
v -1.562500000000e-02 0.000000000000e+00 -1.093750000000e-01
v 0.000000000000e+00 0.000000000000e+00 -1.250000000000e-01
v 1.562500000000e-02 0.000000000000e+00 -1.406250000000e-01
v 0.000000000000e+00 0.000000000000e+00 -1.093750000000e-01
v 0.000000000000e+00 0.000000000000e+00 -1.406250000000e-01
v 0.000000000000e+00 0.000000000000e+00 -9.375000000000e-02
v -1.562500000000e-02 0.000000000000e+00 -9.375000000000e-02
v -1.250000000000e-01 0.000000000000e+00 -9.375000000000e-02
v -1.250000000000e-01 0.000000000000e+00 -4.687500000000e-02
v -1.093750000000e-01 0.000000000000e+00 -6.250000000000e-02
v -1.093750000000e-01 0.000000000000e+00 -9.375000000000e-02
v -1.250000000000e-01 0.000000000000e+00 -3.125000000000e-02
v -1.093750000000e-01 0.000000000000e+00 -4.687500000000e-02
v -1.250000000000e-01 0.000000000000e+00 -6.250000000000e-02
v -1.406250000000e-01 0.000000000000e+00 -6.250000000000e-02
v -1.562500000000e-01 0.000000000000e+00 -6.250000000000e-02
v -1.406250000000e-01 0.000000000000e+00 -7.812500000000e-02
v -1.250000000000e-01 0.000000000000e+00 -7.812500000000e-02
v -1.093750000000e-01 0.000000000000e+00 -7.812500000000e-02
v -1.718750000000e-01 0.000000000000e+00 -4.687500000000e-02
v -1.562500000000e-01 0.000000000000e+00 -4.687500000000e-02
v -1.406250000000e-01 0.000000000000e+00 -4.687500000000e-02
v -1.250000000000e-01 0.000000000000e+00 -1.093750000000e-01
v -1.250000000000e-01 0.000000000000e+00 -1.406250000000e-01
v -1.093750000000e-01 0.000000000000e+00 -1.406250000000e-01
v -7.812500000000e-02 0.000000000000e+00 -1.562500000000e-01
v -9.375000000000e-02 0.000000000000e+00 -1.406250000000e-01
v -7.812500000000e-02 0.000000000000e+00 -1.406250000000e-01
v -7.812500000000e-02 0.000000000000e+00 -1.250000000000e-01
v -9.375000000000e-02 0.000000000000e+00 -1.250000000000e-01
v -9.375000000000e-02 0.000000000000e+00 -1.562500000000e-01
v -1.093750000000e-01 0.000000000000e+00 -1.562500000000e-01
v -1.250000000000e-01 0.000000000000e+00 -1.562500000000e-01
v -1.093750000000e-01 0.000000000000e+00 -1.093750000000e-01
v -9.375000000000e-02 0.000000000000e+00 -1.093750000000e-01
v -1.093750000000e-01 0.000000000000e+00 -1.250000000000e-01
v -1.250000000000e-01 0.000000000000e+00 -1.250000000000e-01
v -6.250000000000e-02 0.000000000000e+00 -1.406250000000e-01
v -4.687500000000e-02 0.000000000000e+00 -1.406250000000e-01
v -7.812500000000e-02 0.000000000000e+00 -1.093750000000e-01
v -6.250000000000e-02 0.000000000000e+00 -1.093750000000e-01
v -6.250000000000e-02 0.000000000000e+00 -7.812500000000e-02
v -7.812500000000e-02 0.000000000000e+00 -7.812500000000e-02
v -7.812500000000e-02 0.000000000000e+00 -9.375000000000e-02
v -9.375000000000e-02 0.000000000000e+00 -9.375000000000e-02
v -6.250000000000e-02 0.000000000000e+00 -9.375000000000e-02
v -9.375000000000e-02 0.000000000000e+00 -7.812500000000e-02
v -6.250000000000e-02 0.000000000000e+00 -1.250000000000e-01
v -4.687500000000e-02 0.000000000000e+00 -1.250000000000e-01
v -7.812500000000e-02 0.000000000000e+00 -6.250000000000e-02
v -9.375000000000e-02 0.000000000000e+00 -6.250000000000e-02
v -4.687500000000e-02 0.000000000000e+00 -1.562500000000e-01
v -6.250000000000e-02 0.000000000000e+00 -1.562500000000e-01
v -1.718750000000e-01 0.000000000000e+00 -2.500000000000e-01
v -9.375000000000e-02 0.000000000000e+00 -2.656250000000e-01
v -1.093750000000e-01 0.000000000000e+00 -2.656250000000e-01
v -1.718750000000e-01 0.000000000000e+00 -2.343750000000e-01
v -1.562500000000e-01 0.000000000000e+00 -2.343750000000e-01
v -1.093750000000e-01 0.000000000000e+00 -2.500000000000e-01
v -1.250000000000e-01 0.000000000000e+00 -2.500000000000e-01
v -1.406250000000e-01 0.000000000000e+00 -2.500000000000e-01
v -1.250000000000e-01 0.000000000000e+00 -2.656250000000e-01
v -1.406250000000e-01 0.000000000000e+00 -2.343750000000e-01
v -1.562500000000e-01 0.000000000000e+00 -2.500000000000e-01
v -1.250000000000e-01 0.000000000000e+00 -2.343750000000e-01
v -1.406250000000e-01 0.000000000000e+00 -2.656250000000e-01
v -1.562500000000e-01 0.000000000000e+00 -2.656250000000e-01
v -1.718750000000e-01 0.000000000000e+00 -2.187500000000e-01
v -1.250000000000e-01 0.000000000000e+00 -2.031250000000e-01
v -1.406250000000e-01 0.000000000000e+00 -2.031250000000e-01
v -1.562500000000e-01 0.000000000000e+00 -2.187500000000e-01
v -1.875000000000e-01 0.000000000000e+00 -2.031250000000e-01
v -1.562500000000e-01 0.000000000000e+00 -2.031250000000e-01
v -1.718750000000e-01 0.000000000000e+00 -2.031250000000e-01
v -1.875000000000e-01 0.000000000000e+00 -1.718750000000e-01
v -1.718750000000e-01 0.000000000000e+00 -1.718750000000e-01
v -1.406250000000e-01 0.000000000000e+00 -1.875000000000e-01
v -1.562500000000e-01 0.000000000000e+00 -1.875000000000e-01
v -1.718750000000e-01 0.000000000000e+00 -1.875000000000e-01
v -1.875000000000e-01 0.000000000000e+00 -1.875000000000e-01
v -1.250000000000e-01 0.000000000000e+00 -2.187500000000e-01
v -1.406250000000e-01 0.000000000000e+00 -2.187500000000e-01
v -2.187500000000e-01 0.000000000000e+00 -2.500000000000e-01
v -2.031250000000e-01 0.000000000000e+00 -2.343750000000e-01
v -1.718750000000e-01 0.000000000000e+00 -2.656250000000e-01
v -2.187500000000e-01 0.000000000000e+00 -2.343750000000e-01
v -2.343750000000e-01 0.000000000000e+00 -2.343750000000e-01
v -1.875000000000e-01 0.000000000000e+00 -2.656250000000e-01
v -2.031250000000e-01 0.000000000000e+00 -2.656250000000e-01
v -2.031250000000e-01 0.000000000000e+00 -2.500000000000e-01
v -2.343750000000e-01 0.000000000000e+00 -2.187500000000e-01
v -2.187500000000e-01 0.000000000000e+00 -2.187500000000e-01
v -2.031250000000e-01 0.000000000000e+00 -2.187500000000e-01
v -1.875000000000e-01 0.000000000000e+00 -2.187500000000e-01
v -1.875000000000e-01 0.000000000000e+00 -2.500000000000e-01
v -1.875000000000e-01 0.000000000000e+00 -2.343750000000e-01
v -2.343750000000e-01 0.000000000000e+00 -1.718750000000e-01
v -2.500000000000e-01 0.000000000000e+00 -1.875000000000e-01
v -2.031250000000e-01 0.000000000000e+00 -2.031250000000e-01
v -2.500000000000e-01 0.000000000000e+00 -1.562500000000e-01
v -2.343750000000e-01 0.000000000000e+00 -1.562500000000e-01
v -2.343750000000e-01 0.000000000000e+00 -2.031250000000e-01
v -2.187500000000e-01 0.000000000000e+00 -2.031250000000e-01
v -2.656250000000e-01 0.000000000000e+00 -1.562500000000e-01
v -2.031250000000e-01 0.000000000000e+00 -1.718750000000e-01
v -2.187500000000e-01 0.000000000000e+00 -1.718750000000e-01
v -2.031250000000e-01 0.000000000000e+00 -1.875000000000e-01
v -2.500000000000e-01 0.000000000000e+00 -1.718750000000e-01
v -2.656250000000e-01 0.000000000000e+00 -1.718750000000e-01
v -2.343750000000e-01 0.000000000000e+00 -1.875000000000e-01
v -2.187500000000e-01 0.000000000000e+00 -1.875000000000e-01
v -1.406250000000e-01 0.000000000000e+00 -1.718750000000e-01
v -1.718750000000e-01 0.000000000000e+00 -1.093750000000e-01
v -1.875000000000e-01 0.000000000000e+00 -1.093750000000e-01
v -1.562500000000e-01 0.000000000000e+00 -1.562500000000e-01
v -1.718750000000e-01 0.000000000000e+00 -1.562500000000e-01
v -1.406250000000e-01 0.000000000000e+00 -1.562500000000e-01
v -1.406250000000e-01 0.000000000000e+00 -1.406250000000e-01
v -1.562500000000e-01 0.000000000000e+00 -1.406250000000e-01
v -1.718750000000e-01 0.000000000000e+00 -1.406250000000e-01
v -1.875000000000e-01 0.000000000000e+00 -1.406250000000e-01
v -1.875000000000e-01 0.000000000000e+00 -1.250000000000e-01
v -1.718750000000e-01 0.000000000000e+00 -1.250000000000e-01
v -1.562500000000e-01 0.000000000000e+00 -1.718750000000e-01
v -1.562500000000e-01 0.000000000000e+00 -1.250000000000e-01
v -1.875000000000e-01 0.000000000000e+00 -1.562500000000e-01
v -1.406250000000e-01 0.000000000000e+00 -9.375000000000e-02
v -1.562500000000e-01 0.000000000000e+00 -9.375000000000e-02
v -1.406250000000e-01 0.000000000000e+00 -1.250000000000e-01
v -1.718750000000e-01 0.000000000000e+00 -6.250000000000e-02
v -1.875000000000e-01 0.000000000000e+00 -6.250000000000e-02
v -2.031250000000e-01 0.000000000000e+00 -6.250000000000e-02
v -1.562500000000e-01 0.000000000000e+00 -1.093750000000e-01
v -1.406250000000e-01 0.000000000000e+00 -1.093750000000e-01
v -1.718750000000e-01 0.000000000000e+00 -9.375000000000e-02
v -2.031250000000e-01 0.000000000000e+00 -4.687500000000e-02
v -1.875000000000e-01 0.000000000000e+00 -4.687500000000e-02
v -1.875000000000e-01 0.000000000000e+00 -9.375000000000e-02
v -1.875000000000e-01 0.000000000000e+00 -7.812500000000e-02
v -1.718750000000e-01 0.000000000000e+00 -7.812500000000e-02
v -1.562500000000e-01 0.000000000000e+00 -7.812500000000e-02
v -2.968750000000e-01 0.000000000000e+00 -7.812500000000e-02
v -2.656250000000e-01 0.000000000000e+00 -1.093750000000e-01
v -2.812500000000e-01 0.000000000000e+00 -7.812500000000e-02
v -2.656250000000e-01 0.000000000000e+00 -9.375000000000e-02
v -2.968750000000e-01 0.000000000000e+00 -9.375000000000e-02
v -2.812500000000e-01 0.000000000000e+00 -9.375000000000e-02
v -2.812500000000e-01 0.000000000000e+00 -1.093750000000e-01
v -2.968750000000e-01 0.000000000000e+00 -1.093750000000e-01
v -2.812500000000e-01 0.000000000000e+00 -6.250000000000e-02
v -2.968750000000e-01 0.000000000000e+00 -6.250000000000e-02
v -2.656250000000e-01 0.000000000000e+00 -7.812500000000e-02
v -2.656250000000e-01 0.000000000000e+00 -1.250000000000e-01
v -2.812500000000e-01 0.000000000000e+00 -1.250000000000e-01
v -2.656250000000e-01 0.000000000000e+00 -1.406250000000e-01
v -2.656250000000e-01 0.000000000000e+00 -4.687500000000e-02
v -2.500000000000e-01 0.000000000000e+00 -4.687500000000e-02
v -2.343750000000e-01 0.000000000000e+00 -4.687500000000e-02
v -2.187500000000e-01 0.000000000000e+00 -4.687500000000e-02
v -2.031250000000e-01 0.000000000000e+00 -9.375000000000e-02
v -2.343750000000e-01 0.000000000000e+00 -9.375000000000e-02
v -2.187500000000e-01 0.000000000000e+00 -9.375000000000e-02
v -2.031250000000e-01 0.000000000000e+00 -7.812500000000e-02
v -2.500000000000e-01 0.000000000000e+00 -6.250000000000e-02
v -2.656250000000e-01 0.000000000000e+00 -6.250000000000e-02
v -2.500000000000e-01 0.000000000000e+00 -7.812500000000e-02
v -2.343750000000e-01 0.000000000000e+00 -7.812500000000e-02
v -2.343750000000e-01 0.000000000000e+00 -6.250000000000e-02
v -2.187500000000e-01 0.000000000000e+00 -6.250000000000e-02
v -2.187500000000e-01 0.000000000000e+00 -7.812500000000e-02
v -2.031250000000e-01 0.000000000000e+00 -1.250000000000e-01
v -2.187500000000e-01 0.000000000000e+00 -1.406250000000e-01
v -2.031250000000e-01 0.000000000000e+00 -1.406250000000e-01
v -2.500000000000e-01 0.000000000000e+00 -9.375000000000e-02
v -2.187500000000e-01 0.000000000000e+00 -1.250000000000e-01
v -2.343750000000e-01 0.000000000000e+00 -1.250000000000e-01
v -2.500000000000e-01 0.000000000000e+00 -1.250000000000e-01
v -2.031250000000e-01 0.000000000000e+00 -1.093750000000e-01
v -2.187500000000e-01 0.000000000000e+00 -1.093750000000e-01
v -2.343750000000e-01 0.000000000000e+00 -1.093750000000e-01
v -2.500000000000e-01 0.000000000000e+00 -1.093750000000e-01
v -2.343750000000e-01 0.000000000000e+00 -1.406250000000e-01
v -2.500000000000e-01 0.000000000000e+00 -1.406250000000e-01
v -2.031250000000e-01 0.000000000000e+00 -1.562500000000e-01
v -2.187500000000e-01 0.000000000000e+00 -1.562500000000e-01
v 4.843750000000e-01 0.000000000000e+00 -9.375000000000e-02
v 5.000000000000e-01 0.000000000000e+00 -1.093750000000e-01
v 5.000000000000e-01 0.000000000000e+00 -7.812500000000e-02
v 4.843750000000e-01 0.000000000000e+00 -7.812500000000e-02
v 5.000000000000e-01 0.000000000000e+00 -4.687500000000e-02
v 4.843750000000e-01 0.000000000000e+00 -4.687500000000e-02
v 4.687500000000e-01 0.000000000000e+00 -4.687500000000e-02
v 4.687500000000e-01 0.000000000000e+00 -7.812500000000e-02
v 4.687500000000e-01 0.000000000000e+00 -9.375000000000e-02
v 5.000000000000e-01 0.000000000000e+00 -9.375000000000e-02
v 5.000000000000e-01 0.000000000000e+00 -6.250000000000e-02
v 4.843750000000e-01 0.000000000000e+00 -6.250000000000e-02
v 4.687500000000e-01 0.000000000000e+00 -6.250000000000e-02
v 4.843750000000e-01 0.000000000000e+00 -1.093750000000e-01
v 4.218750000000e-01 0.000000000000e+00 -6.250000000000e-02
v 4.531250000000e-01 0.000000000000e+00 -3.125000000000e-02
v 4.375000000000e-01 0.000000000000e+00 -3.125000000000e-02
v 4.218750000000e-01 0.000000000000e+00 -3.125000000000e-02
v 4.062500000000e-01 0.000000000000e+00 -3.125000000000e-02
v 4.531250000000e-01 0.000000000000e+00 -9.375000000000e-02
v 4.531250000000e-01 0.000000000000e+00 -7.812500000000e-02
v 4.062500000000e-01 0.000000000000e+00 -4.687500000000e-02
v 4.218750000000e-01 0.000000000000e+00 -4.687500000000e-02
v 4.375000000000e-01 0.000000000000e+00 -4.687500000000e-02
v 4.531250000000e-01 0.000000000000e+00 -4.687500000000e-02
v 4.531250000000e-01 0.000000000000e+00 -6.250000000000e-02
v 4.375000000000e-01 0.000000000000e+00 -6.250000000000e-02
v 4.375000000000e-01 0.000000000000e+00 -7.812500000000e-02
v 4.531250000000e-01 0.000000000000e+00 1.562500000000e-02
v 4.687500000000e-01 0.000000000000e+00 1.562500000000e-02
v 4.687500000000e-01 0.000000000000e+00 3.125000000000e-02
v 4.843750000000e-01 0.000000000000e+00 1.562500000000e-02
v 5.000000000000e-01 0.000000000000e+00 0.000000000000e+00
v 5.000000000000e-01 0.000000000000e+00 1.562500000000e-02
v 4.843750000000e-01 0.000000000000e+00 -3.125000000000e-02
v 5.000000000000e-01 0.000000000000e+00 -1.562500000000e-02
v 4.843750000000e-01 0.000000000000e+00 -1.562500000000e-02
v 4.687500000000e-01 0.000000000000e+00 -1.562500000000e-02
v 5.000000000000e-01 0.000000000000e+00 -3.125000000000e-02
v 4.531250000000e-01 0.000000000000e+00 0.000000000000e+00
v 4.531250000000e-01 0.000000000000e+00 -1.562500000000e-02
v 4.687500000000e-01 0.000000000000e+00 0.000000000000e+00
v 4.687500000000e-01 0.000000000000e+00 -3.125000000000e-02
v 4.843750000000e-01 0.000000000000e+00 0.000000000000e+00
v 4.218750000000e-01 0.000000000000e+00 7.812500000000e-02
v 4.375000000000e-01 0.000000000000e+00 6.250000000000e-02
v 4.375000000000e-01 0.000000000000e+00 1.562500000000e-02
v 4.218750000000e-01 0.000000000000e+00 6.250000000000e-02
v 4.218750000000e-01 0.000000000000e+00 1.562500000000e-02
v 4.531250000000e-01 0.000000000000e+00 4.687500000000e-02
v 4.375000000000e-01 0.000000000000e+00 4.687500000000e-02
v 4.218750000000e-01 0.000000000000e+00 4.687500000000e-02
v 4.218750000000e-01 0.000000000000e+00 0.000000000000e+00
v 4.375000000000e-01 0.000000000000e+00 0.000000000000e+00
v 4.375000000000e-01 0.000000000000e+00 -1.562500000000e-02
v 4.218750000000e-01 0.000000000000e+00 -1.562500000000e-02
v 4.531250000000e-01 0.000000000000e+00 3.125000000000e-02
v 4.375000000000e-01 0.000000000000e+00 3.125000000000e-02
v 4.218750000000e-01 0.000000000000e+00 3.125000000000e-02
v 2.968750000000e-01 0.000000000000e+00 7.812500000000e-02
v 3.437500000000e-01 0.000000000000e+00 1.562500000000e-02
v 3.281250000000e-01 0.000000000000e+00 1.562500000000e-02
v 3.593750000000e-01 0.000000000000e+00 -1.562500000000e-02
v 3.125000000000e-01 0.000000000000e+00 3.125000000000e-02
v 3.437500000000e-01 0.000000000000e+00 3.125000000000e-02
v 3.281250000000e-01 0.000000000000e+00 3.125000000000e-02
v 3.125000000000e-01 0.000000000000e+00 6.250000000000e-02
v 2.968750000000e-01 0.000000000000e+00 6.250000000000e-02
v 3.281250000000e-01 0.000000000000e+00 4.687500000000e-02
v 3.125000000000e-01 0.000000000000e+00 4.687500000000e-02
v 3.593750000000e-01 0.000000000000e+00 0.000000000000e+00
v 3.437500000000e-01 0.000000000000e+00 0.000000000000e+00
v 2.968750000000e-01 0.000000000000e+00 4.687500000000e-02
v 3.593750000000e-01 0.000000000000e+00 1.562500000000e-02
v 3.906250000000e-01 0.000000000000e+00 3.125000000000e-02
v 3.750000000000e-01 0.000000000000e+00 1.562500000000e-02
v 3.906250000000e-01 0.000000000000e+00 1.562500000000e-02
v 4.062500000000e-01 0.000000000000e+00 1.562500000000e-02
v 3.906250000000e-01 0.000000000000e+00 -3.125000000000e-02
v 3.750000000000e-01 0.000000000000e+00 0.000000000000e+00
v 3.906250000000e-01 0.000000000000e+00 0.000000000000e+00
v 4.062500000000e-01 0.000000000000e+00 0.000000000000e+00
v 4.062500000000e-01 0.000000000000e+00 -1.562500000000e-02
v 3.906250000000e-01 0.000000000000e+00 -1.562500000000e-02
v 3.750000000000e-01 0.000000000000e+00 -1.562500000000e-02
v 4.062500000000e-01 0.000000000000e+00 3.125000000000e-02
v 3.593750000000e-01 0.000000000000e+00 3.125000000000e-02
v 3.750000000000e-01 0.000000000000e+00 3.125000000000e-02
v 3.750000000000e-01 0.000000000000e+00 4.687500000000e-02
v 3.750000000000e-01 0.000000000000e+00 1.093750000000e-01
v 3.593750000000e-01 0.000000000000e+00 1.093750000000e-01
v 3.593750000000e-01 0.000000000000e+00 7.812500000000e-02
v 3.750000000000e-01 0.000000000000e+00 6.250000000000e-02
v 3.593750000000e-01 0.000000000000e+00 9.375000000000e-02
v 4.062500000000e-01 0.000000000000e+00 4.687500000000e-02
v 4.062500000000e-01 0.000000000000e+00 6.250000000000e-02
v 3.906250000000e-01 0.000000000000e+00 4.687500000000e-02
v 3.750000000000e-01 0.000000000000e+00 9.375000000000e-02
v 3.750000000000e-01 0.000000000000e+00 7.812500000000e-02
v 3.906250000000e-01 0.000000000000e+00 6.250000000000e-02
v 3.906250000000e-01 0.000000000000e+00 9.375000000000e-02
v 4.062500000000e-01 0.000000000000e+00 7.812500000000e-02
v 3.906250000000e-01 0.000000000000e+00 7.812500000000e-02
v 3.281250000000e-01 0.000000000000e+00 9.375000000000e-02
v 3.437500000000e-01 0.000000000000e+00 1.093750000000e-01
v 3.437500000000e-01 0.000000000000e+00 6.250000000000e-02
v 3.281250000000e-01 0.000000000000e+00 1.093750000000e-01
v 3.593750000000e-01 0.000000000000e+00 4.687500000000e-02
v 3.125000000000e-01 0.000000000000e+00 7.812500000000e-02
v 3.281250000000e-01 0.000000000000e+00 7.812500000000e-02
v 3.437500000000e-01 0.000000000000e+00 7.812500000000e-02
v 3.437500000000e-01 0.000000000000e+00 4.687500000000e-02
v 3.593750000000e-01 0.000000000000e+00 6.250000000000e-02
v 3.281250000000e-01 0.000000000000e+00 6.250000000000e-02
v 3.437500000000e-01 0.000000000000e+00 9.375000000000e-02
v 2.968750000000e-01 0.000000000000e+00 1.093750000000e-01
v 3.125000000000e-01 0.000000000000e+00 1.093750000000e-01
v 2.968750000000e-01 0.000000000000e+00 9.375000000000e-02
v 3.125000000000e-01 0.000000000000e+00 9.375000000000e-02
v 3.906250000000e-01 0.000000000000e+00 2.500000000000e-01
v 3.750000000000e-01 0.000000000000e+00 2.500000000000e-01
v 3.750000000000e-01 0.000000000000e+00 2.031250000000e-01
v 3.593750000000e-01 0.000000000000e+00 2.031250000000e-01
v 3.593750000000e-01 0.000000000000e+00 2.500000000000e-01
v 3.437500000000e-01 0.000000000000e+00 2.500000000000e-01
v 4.062500000000e-01 0.000000000000e+00 2.187500000000e-01
v 3.906250000000e-01 0.000000000000e+00 2.187500000000e-01
v 3.750000000000e-01 0.000000000000e+00 2.187500000000e-01
v 3.593750000000e-01 0.000000000000e+00 2.187500000000e-01
v 3.906250000000e-01 0.000000000000e+00 2.343750000000e-01
v 3.750000000000e-01 0.000000000000e+00 2.343750000000e-01
v 4.062500000000e-01 0.000000000000e+00 2.343750000000e-01
v 3.750000000000e-01 0.000000000000e+00 1.875000000000e-01
v 3.593750000000e-01 0.000000000000e+00 2.343750000000e-01
v 3.281250000000e-01 0.000000000000e+00 2.500000000000e-01
v 2.968750000000e-01 0.000000000000e+00 2.656250000000e-01
v 2.968750000000e-01 0.000000000000e+00 2.187500000000e-01
v 3.125000000000e-01 0.000000000000e+00 2.187500000000e-01
v 3.281250000000e-01 0.000000000000e+00 2.187500000000e-01
v 3.437500000000e-01 0.000000000000e+00 2.187500000000e-01
v 3.125000000000e-01 0.000000000000e+00 2.031250000000e-01
v 3.281250000000e-01 0.000000000000e+00 2.031250000000e-01
v 2.968750000000e-01 0.000000000000e+00 2.500000000000e-01
v 3.125000000000e-01 0.000000000000e+00 2.500000000000e-01
v 3.437500000000e-01 0.000000000000e+00 2.031250000000e-01
v 3.437500000000e-01 0.000000000000e+00 2.343750000000e-01
v 3.281250000000e-01 0.000000000000e+00 2.343750000000e-01
v 3.125000000000e-01 0.000000000000e+00 2.343750000000e-01
v 2.968750000000e-01 0.000000000000e+00 2.343750000000e-01
v 3.125000000000e-01 0.000000000000e+00 1.718750000000e-01
v 2.968750000000e-01 0.000000000000e+00 1.718750000000e-01
v 3.281250000000e-01 0.000000000000e+00 1.562500000000e-01
v 3.125000000000e-01 0.000000000000e+00 1.562500000000e-01
v 2.968750000000e-01 0.000000000000e+00 1.562500000000e-01
v 3.281250000000e-01 0.000000000000e+00 1.250000000000e-01
v 2.968750000000e-01 0.000000000000e+00 1.250000000000e-01
v 2.968750000000e-01 0.000000000000e+00 2.031250000000e-01
v 2.968750000000e-01 0.000000000000e+00 1.875000000000e-01
v 3.125000000000e-01 0.000000000000e+00 1.250000000000e-01
v 3.125000000000e-01 0.000000000000e+00 1.875000000000e-01
v 3.281250000000e-01 0.000000000000e+00 1.406250000000e-01
v 3.125000000000e-01 0.000000000000e+00 1.406250000000e-01
v 2.812500000000e-01 0.000000000000e+00 1.406250000000e-01
v 2.968750000000e-01 0.000000000000e+00 1.406250000000e-01
v 3.750000000000e-01 0.000000000000e+00 1.562500000000e-01
v 3.437500000000e-01 0.000000000000e+00 1.406250000000e-01
v 3.281250000000e-01 0.000000000000e+00 1.875000000000e-01
v 3.593750000000e-01 0.000000000000e+00 1.562500000000e-01
v 3.437500000000e-01 0.000000000000e+00 1.562500000000e-01
v 3.593750000000e-01 0.000000000000e+00 1.406250000000e-01
v 3.750000000000e-01 0.000000000000e+00 1.406250000000e-01
v 3.593750000000e-01 0.000000000000e+00 1.875000000000e-01
v 3.437500000000e-01 0.000000000000e+00 1.875000000000e-01
v 3.437500000000e-01 0.000000000000e+00 1.250000000000e-01
v 3.281250000000e-01 0.000000000000e+00 1.718750000000e-01
v 3.593750000000e-01 0.000000000000e+00 1.250000000000e-01
v 3.437500000000e-01 0.000000000000e+00 1.718750000000e-01
v 3.593750000000e-01 0.000000000000e+00 1.718750000000e-01
v 3.750000000000e-01 0.000000000000e+00 1.718750000000e-01
v 3.750000000000e-01 0.000000000000e+00 1.250000000000e-01
v 4.375000000000e-01 0.000000000000e+00 1.875000000000e-01
v 4.062500000000e-01 0.000000000000e+00 1.718750000000e-01
v 4.531250000000e-01 0.000000000000e+00 1.562500000000e-01
v 4.218750000000e-01 0.000000000000e+00 2.187500000000e-01
v 4.375000000000e-01 0.000000000000e+00 2.031250000000e-01
v 4.218750000000e-01 0.000000000000e+00 2.031250000000e-01
v 4.062500000000e-01 0.000000000000e+00 2.031250000000e-01
v 3.906250000000e-01 0.000000000000e+00 2.031250000000e-01
v 4.218750000000e-01 0.000000000000e+00 1.875000000000e-01
v 4.062500000000e-01 0.000000000000e+00 1.875000000000e-01
v 4.218750000000e-01 0.000000000000e+00 1.562500000000e-01
v 4.375000000000e-01 0.000000000000e+00 1.562500000000e-01
v 3.906250000000e-01 0.000000000000e+00 1.875000000000e-01
v 4.218750000000e-01 0.000000000000e+00 1.718750000000e-01
v 4.375000000000e-01 0.000000000000e+00 1.718750000000e-01
v 4.531250000000e-01 0.000000000000e+00 1.718750000000e-01
v 4.687500000000e-01 0.000000000000e+00 2.031250000000e-01
v 5.000000000000e-01 0.000000000000e+00 1.562500000000e-01
v 4.843750000000e-01 0.000000000000e+00 1.562500000000e-01
v 4.687500000000e-01 0.000000000000e+00 1.562500000000e-01
v 5.000000000000e-01 0.000000000000e+00 1.406250000000e-01
v 4.843750000000e-01 0.000000000000e+00 1.406250000000e-01
v 5.000000000000e-01 0.000000000000e+00 1.875000000000e-01
v 4.687500000000e-01 0.000000000000e+00 1.718750000000e-01
v 4.843750000000e-01 0.000000000000e+00 1.718750000000e-01
v 5.000000000000e-01 0.000000000000e+00 1.718750000000e-01
v 4.687500000000e-01 0.000000000000e+00 1.875000000000e-01
v 4.843750000000e-01 0.000000000000e+00 1.875000000000e-01
v 4.531250000000e-01 0.000000000000e+00 1.875000000000e-01
v 4.843750000000e-01 0.000000000000e+00 2.031250000000e-01
v 4.531250000000e-01 0.000000000000e+00 2.031250000000e-01
v 4.375000000000e-01 0.000000000000e+00 1.093750000000e-01
v 3.906250000000e-01 0.000000000000e+00 1.562500000000e-01
v 3.906250000000e-01 0.000000000000e+00 1.093750000000e-01
v 4.062500000000e-01 0.000000000000e+00 1.093750000000e-01
v 4.218750000000e-01 0.000000000000e+00 9.375000000000e-02
v 3.906250000000e-01 0.000000000000e+00 1.718750000000e-01
v 3.906250000000e-01 0.000000000000e+00 1.250000000000e-01
v 4.062500000000e-01 0.000000000000e+00 1.250000000000e-01
v 4.218750000000e-01 0.000000000000e+00 1.250000000000e-01
v 4.062500000000e-01 0.000000000000e+00 9.375000000000e-02
v 3.906250000000e-01 0.000000000000e+00 1.406250000000e-01
v 4.062500000000e-01 0.000000000000e+00 1.406250000000e-01
v 4.218750000000e-01 0.000000000000e+00 1.093750000000e-01
v 4.218750000000e-01 0.000000000000e+00 1.406250000000e-01
v 4.062500000000e-01 0.000000000000e+00 1.562500000000e-01
v 4.531250000000e-01 0.000000000000e+00 1.250000000000e-01
v 5.000000000000e-01 0.000000000000e+00 1.093750000000e-01
v 4.843750000000e-01 0.000000000000e+00 1.093750000000e-01
v 4.687500000000e-01 0.000000000000e+00 1.093750000000e-01
v 4.531250000000e-01 0.000000000000e+00 1.093750000000e-01
v 4.375000000000e-01 0.000000000000e+00 1.406250000000e-01
v 4.375000000000e-01 0.000000000000e+00 1.250000000000e-01
v 4.531250000000e-01 0.000000000000e+00 1.406250000000e-01
v 5.000000000000e-01 0.000000000000e+00 7.812500000000e-02
v 4.687500000000e-01 0.000000000000e+00 1.250000000000e-01
v 4.843750000000e-01 0.000000000000e+00 1.250000000000e-01
v 5.000000000000e-01 0.000000000000e+00 1.250000000000e-01
v 5.000000000000e-01 0.000000000000e+00 9.375000000000e-02
v 4.843750000000e-01 0.000000000000e+00 9.375000000000e-02
v 4.687500000000e-01 0.000000000000e+00 1.406250000000e-01
v 4.687500000000e-01 0.000000000000e+00 6.250000000000e-02
v 4.531250000000e-01 0.000000000000e+00 9.375000000000e-02
v 4.531250000000e-01 0.000000000000e+00 6.250000000000e-02
v 4.687500000000e-01 0.000000000000e+00 7.812500000000e-02
v 5.000000000000e-01 0.000000000000e+00 3.125000000000e-02
v 4.843750000000e-01 0.000000000000e+00 3.125000000000e-02
v 4.531250000000e-01 0.000000000000e+00 7.812500000000e-02
v 4.375000000000e-01 0.000000000000e+00 7.812500000000e-02
v 4.843750000000e-01 0.000000000000e+00 6.250000000000e-02
v 5.000000000000e-01 0.000000000000e+00 6.250000000000e-02
v 4.375000000000e-01 0.000000000000e+00 9.375000000000e-02
v 5.000000000000e-01 0.000000000000e+00 4.687500000000e-02
v 4.687500000000e-01 0.000000000000e+00 9.375000000000e-02
v 4.843750000000e-01 0.000000000000e+00 7.812500000000e-02
v 4.687500000000e-01 0.000000000000e+00 4.687500000000e-02
v 4.843750000000e-01 0.000000000000e+00 4.687500000000e-02
v 4.531250000000e-01 0.000000000000e+00 3.906250000000e-01
v 4.218750000000e-01 0.000000000000e+00 4.375000000000e-01
v 4.375000000000e-01 0.000000000000e+00 4.062500000000e-01
v 4.531250000000e-01 0.000000000000e+00 4.062500000000e-01
v 4.531250000000e-01 0.000000000000e+00 4.531250000000e-01
v 4.375000000000e-01 0.000000000000e+00 4.531250000000e-01
v 4.218750000000e-01 0.000000000000e+00 4.531250000000e-01
v 4.062500000000e-01 0.000000000000e+00 4.531250000000e-01
v 4.531250000000e-01 0.000000000000e+00 4.375000000000e-01
v 4.375000000000e-01 0.000000000000e+00 4.375000000000e-01
v 4.062500000000e-01 0.000000000000e+00 4.375000000000e-01
v 4.375000000000e-01 0.000000000000e+00 3.906250000000e-01
v 4.531250000000e-01 0.000000000000e+00 4.218750000000e-01
v 4.375000000000e-01 0.000000000000e+00 4.218750000000e-01
v 4.218750000000e-01 0.000000000000e+00 4.218750000000e-01
v 5.000000000000e-01 0.000000000000e+00 4.218750000000e-01
v 4.843750000000e-01 0.000000000000e+00 4.218750000000e-01
v 4.687500000000e-01 0.000000000000e+00 3.750000000000e-01
v 4.687500000000e-01 0.000000000000e+00 4.218750000000e-01
v 5.000000000000e-01 0.000000000000e+00 4.062500000000e-01
v 4.843750000000e-01 0.000000000000e+00 4.062500000000e-01
v 4.687500000000e-01 0.000000000000e+00 4.062500000000e-01
v 5.000000000000e-01 0.000000000000e+00 3.437500000000e-01
v 4.843750000000e-01 0.000000000000e+00 3.593750000000e-01
v 5.000000000000e-01 0.000000000000e+00 3.593750000000e-01
v 4.843750000000e-01 0.000000000000e+00 3.750000000000e-01
v 5.000000000000e-01 0.000000000000e+00 3.750000000000e-01
v 5.000000000000e-01 0.000000000000e+00 3.906250000000e-01
v 4.687500000000e-01 0.000000000000e+00 3.906250000000e-01
v 4.843750000000e-01 0.000000000000e+00 3.906250000000e-01
v 4.062500000000e-01 0.000000000000e+00 4.687500000000e-01
v 4.531250000000e-01 0.000000000000e+00 5.000000000000e-01
v 4.375000000000e-01 0.000000000000e+00 5.000000000000e-01
v 4.218750000000e-01 0.000000000000e+00 5.000000000000e-01
v 4.062500000000e-01 0.000000000000e+00 5.000000000000e-01
v 3.906250000000e-01 0.000000000000e+00 5.000000000000e-01
v 4.531250000000e-01 0.000000000000e+00 4.843750000000e-01
v 4.375000000000e-01 0.000000000000e+00 4.843750000000e-01
v 4.218750000000e-01 0.000000000000e+00 4.843750000000e-01
v 4.062500000000e-01 0.000000000000e+00 4.843750000000e-01
v 3.906250000000e-01 0.000000000000e+00 4.843750000000e-01
v 4.531250000000e-01 0.000000000000e+00 4.687500000000e-01
v 4.375000000000e-01 0.000000000000e+00 4.687500000000e-01
v 4.218750000000e-01 0.000000000000e+00 4.687500000000e-01
v 5.000000000000e-01 0.000000000000e+00 4.375000000000e-01
v 5.000000000000e-01 0.000000000000e+00 5.000000000000e-01
v 4.687500000000e-01 0.000000000000e+00 4.375000000000e-01
v 4.843750000000e-01 0.000000000000e+00 4.375000000000e-01
v 4.843750000000e-01 0.000000000000e+00 5.000000000000e-01
v 4.687500000000e-01 0.000000000000e+00 4.531250000000e-01
v 4.843750000000e-01 0.000000000000e+00 4.531250000000e-01
v 5.000000000000e-01 0.000000000000e+00 4.531250000000e-01
v 4.687500000000e-01 0.000000000000e+00 4.687500000000e-01
v 4.843750000000e-01 0.000000000000e+00 4.687500000000e-01
v 5.000000000000e-01 0.000000000000e+00 4.687500000000e-01
v 4.687500000000e-01 0.000000000000e+00 4.843750000000e-01
v 4.843750000000e-01 0.000000000000e+00 4.843750000000e-01
v 5.000000000000e-01 0.000000000000e+00 4.843750000000e-01
v 4.687500000000e-01 0.000000000000e+00 5.000000000000e-01
v 3.125000000000e-01 0.000000000000e+00 4.687500000000e-01
v 2.500000000000e-01 0.000000000000e+00 4.843750000000e-01
v 2.656250000000e-01 0.000000000000e+00 4.843750000000e-01
v 2.812500000000e-01 0.000000000000e+00 4.843750000000e-01
v 2.968750000000e-01 0.000000000000e+00 4.843750000000e-01
v 2.968750000000e-01 0.000000000000e+00 4.531250000000e-01
v 3.125000000000e-01 0.000000000000e+00 4.531250000000e-01
v 2.343750000000e-01 0.000000000000e+00 5.000000000000e-01
v 2.500000000000e-01 0.000000000000e+00 5.000000000000e-01
v 2.656250000000e-01 0.000000000000e+00 5.000000000000e-01
v 2.812500000000e-01 0.000000000000e+00 5.000000000000e-01
v 2.968750000000e-01 0.000000000000e+00 5.000000000000e-01
v 2.656250000000e-01 0.000000000000e+00 4.687500000000e-01
v 2.968750000000e-01 0.000000000000e+00 4.687500000000e-01
v 2.812500000000e-01 0.000000000000e+00 4.687500000000e-01
v 3.125000000000e-01 0.000000000000e+00 4.062500000000e-01
v 2.656250000000e-01 0.000000000000e+00 4.531250000000e-01
v 2.500000000000e-01 0.000000000000e+00 4.531250000000e-01
v 2.812500000000e-01 0.000000000000e+00 4.531250000000e-01
v 3.125000000000e-01 0.000000000000e+00 4.375000000000e-01
v 2.968750000000e-01 0.000000000000e+00 4.375000000000e-01
v 2.812500000000e-01 0.000000000000e+00 4.375000000000e-01
v 2.656250000000e-01 0.000000000000e+00 4.375000000000e-01
v 2.500000000000e-01 0.000000000000e+00 4.375000000000e-01
v 2.968750000000e-01 0.000000000000e+00 4.062500000000e-01
v 2.656250000000e-01 0.000000000000e+00 4.218750000000e-01
v 2.812500000000e-01 0.000000000000e+00 4.218750000000e-01
v 2.968750000000e-01 0.000000000000e+00 4.218750000000e-01
v 3.125000000000e-01 0.000000000000e+00 4.218750000000e-01
v 2.500000000000e-01 0.000000000000e+00 4.687500000000e-01
v 3.437500000000e-01 0.000000000000e+00 4.687500000000e-01
v 3.281250000000e-01 0.000000000000e+00 4.687500000000e-01
v 3.750000000000e-01 0.000000000000e+00 4.687500000000e-01
v 3.593750000000e-01 0.000000000000e+00 4.687500000000e-01
v 3.906250000000e-01 0.000000000000e+00 4.687500000000e-01
v 3.125000000000e-01 0.000000000000e+00 4.843750000000e-01
v 3.281250000000e-01 0.000000000000e+00 4.843750000000e-01
v 3.125000000000e-01 0.000000000000e+00 5.000000000000e-01
v 3.281250000000e-01 0.000000000000e+00 5.000000000000e-01
v 3.437500000000e-01 0.000000000000e+00 5.000000000000e-01
v 3.593750000000e-01 0.000000000000e+00 5.000000000000e-01
v 3.750000000000e-01 0.000000000000e+00 5.000000000000e-01
v 3.437500000000e-01 0.000000000000e+00 4.843750000000e-01
v 3.593750000000e-01 0.000000000000e+00 4.843750000000e-01
v 3.750000000000e-01 0.000000000000e+00 4.843750000000e-01
v 3.281250000000e-01 0.000000000000e+00 4.375000000000e-01
v 3.593750000000e-01 0.000000000000e+00 4.531250000000e-01
v 3.437500000000e-01 0.000000000000e+00 4.531250000000e-01
v 3.281250000000e-01 0.000000000000e+00 4.531250000000e-01
v 3.593750000000e-01 0.000000000000e+00 4.375000000000e-01
v 3.437500000000e-01 0.000000000000e+00 4.375000000000e-01
v 3.281250000000e-01 0.000000000000e+00 4.062500000000e-01
v 3.593750000000e-01 0.000000000000e+00 4.218750000000e-01
v 3.437500000000e-01 0.000000000000e+00 4.218750000000e-01
v 3.281250000000e-01 0.000000000000e+00 4.218750000000e-01
v 3.437500000000e-01 0.000000000000e+00 3.906250000000e-01
v 3.593750000000e-01 0.000000000000e+00 3.906250000000e-01
v 3.593750000000e-01 0.000000000000e+00 4.062500000000e-01
v 3.437500000000e-01 0.000000000000e+00 4.062500000000e-01
v 3.906250000000e-01 0.000000000000e+00 4.531250000000e-01
v 3.750000000000e-01 0.000000000000e+00 4.375000000000e-01
v 4.062500000000e-01 0.000000000000e+00 4.218750000000e-01
v 3.906250000000e-01 0.000000000000e+00 4.218750000000e-01
v 4.218750000000e-01 0.000000000000e+00 3.906250000000e-01
v 4.062500000000e-01 0.000000000000e+00 3.906250000000e-01
v 3.906250000000e-01 0.000000000000e+00 3.906250000000e-01
v 3.750000000000e-01 0.000000000000e+00 4.062500000000e-01
v 3.750000000000e-01 0.000000000000e+00 3.906250000000e-01
v 3.906250000000e-01 0.000000000000e+00 4.062500000000e-01
v 4.062500000000e-01 0.000000000000e+00 4.062500000000e-01
v 3.750000000000e-01 0.000000000000e+00 4.531250000000e-01
v 3.906250000000e-01 0.000000000000e+00 4.375000000000e-01
v 3.750000000000e-01 0.000000000000e+00 4.218750000000e-01
v 4.218750000000e-01 0.000000000000e+00 4.062500000000e-01
v 3.437500000000e-01 0.000000000000e+00 3.750000000000e-01
v 3.593750000000e-01 0.000000000000e+00 3.750000000000e-01
v 3.437500000000e-01 0.000000000000e+00 3.437500000000e-01
v 3.281250000000e-01 0.000000000000e+00 3.750000000000e-01
v 3.281250000000e-01 0.000000000000e+00 3.437500000000e-01
v 3.750000000000e-01 0.000000000000e+00 3.437500000000e-01
v 3.593750000000e-01 0.000000000000e+00 3.437500000000e-01
v 3.593750000000e-01 0.000000000000e+00 3.593750000000e-01
v 3.750000000000e-01 0.000000000000e+00 3.281250000000e-01
v 3.281250000000e-01 0.000000000000e+00 3.593750000000e-01
v 3.281250000000e-01 0.000000000000e+00 3.906250000000e-01
v 3.125000000000e-01 0.000000000000e+00 3.906250000000e-01
v 3.750000000000e-01 0.000000000000e+00 3.593750000000e-01
v 3.593750000000e-01 0.000000000000e+00 3.281250000000e-01
v 3.437500000000e-01 0.000000000000e+00 3.593750000000e-01
v 3.125000000000e-01 0.000000000000e+00 3.593750000000e-01
v 3.125000000000e-01 0.000000000000e+00 3.437500000000e-01
v 2.968750000000e-01 0.000000000000e+00 3.437500000000e-01
v 2.812500000000e-01 0.000000000000e+00 3.906250000000e-01
v 2.968750000000e-01 0.000000000000e+00 3.906250000000e-01
v 2.656250000000e-01 0.000000000000e+00 3.750000000000e-01
v 2.812500000000e-01 0.000000000000e+00 3.750000000000e-01
v 2.968750000000e-01 0.000000000000e+00 3.750000000000e-01
v 3.125000000000e-01 0.000000000000e+00 3.750000000000e-01
v 2.968750000000e-01 0.000000000000e+00 3.593750000000e-01
v 2.812500000000e-01 0.000000000000e+00 3.593750000000e-01
v 2.656250000000e-01 0.000000000000e+00 4.062500000000e-01
v 2.812500000000e-01 0.000000000000e+00 4.062500000000e-01
v 2.812500000000e-01 0.000000000000e+00 3.437500000000e-01
v 2.656250000000e-01 0.000000000000e+00 3.593750000000e-01
v 2.656250000000e-01 0.000000000000e+00 3.906250000000e-01
v 3.906250000000e-01 0.000000000000e+00 2.656250000000e-01
v 3.750000000000e-01 0.000000000000e+00 2.812500000000e-01
v 3.593750000000e-01 0.000000000000e+00 2.968750000000e-01
v 3.750000000000e-01 0.000000000000e+00 2.968750000000e-01
v 3.906250000000e-01 0.000000000000e+00 2.968750000000e-01
v 3.750000000000e-01 0.000000000000e+00 3.125000000000e-01
v 3.593750000000e-01 0.000000000000e+00 3.125000000000e-01
v 3.593750000000e-01 0.000000000000e+00 2.812500000000e-01
v 3.906250000000e-01 0.000000000000e+00 2.812500000000e-01
v 3.750000000000e-01 0.000000000000e+00 2.656250000000e-01
v 3.593750000000e-01 0.000000000000e+00 2.656250000000e-01
v 3.437500000000e-01 0.000000000000e+00 2.968750000000e-01
v 3.437500000000e-01 0.000000000000e+00 3.281250000000e-01
v 3.437500000000e-01 0.000000000000e+00 3.125000000000e-01
v 3.281250000000e-01 0.000000000000e+00 3.281250000000e-01
v 2.968750000000e-01 0.000000000000e+00 2.968750000000e-01
v 2.968750000000e-01 0.000000000000e+00 2.812500000000e-01
v 3.125000000000e-01 0.000000000000e+00 2.812500000000e-01
v 3.281250000000e-01 0.000000000000e+00 2.812500000000e-01
v 3.437500000000e-01 0.000000000000e+00 2.812500000000e-01
v 2.968750000000e-01 0.000000000000e+00 3.281250000000e-01
v 3.125000000000e-01 0.000000000000e+00 3.281250000000e-01
v 2.968750000000e-01 0.000000000000e+00 3.125000000000e-01
v 3.125000000000e-01 0.000000000000e+00 3.125000000000e-01
v 3.281250000000e-01 0.000000000000e+00 3.125000000000e-01
v 3.125000000000e-01 0.000000000000e+00 2.656250000000e-01
v 3.125000000000e-01 0.000000000000e+00 2.968750000000e-01
v 3.281250000000e-01 0.000000000000e+00 2.968750000000e-01
v 3.281250000000e-01 0.000000000000e+00 2.656250000000e-01
v 3.437500000000e-01 0.000000000000e+00 2.656250000000e-01
v 5.000000000000e-01 0.000000000000e+00 2.343750000000e-01
v 4.687500000000e-01 0.000000000000e+00 2.187500000000e-01
v 5.000000000000e-01 0.000000000000e+00 2.500000000000e-01
v 4.843750000000e-01 0.000000000000e+00 2.500000000000e-01
v 4.843750000000e-01 0.000000000000e+00 2.187500000000e-01
v 5.000000000000e-01 0.000000000000e+00 2.187500000000e-01
v 4.687500000000e-01 0.000000000000e+00 2.500000000000e-01
v 4.843750000000e-01 0.000000000000e+00 2.343750000000e-01
v 4.687500000000e-01 0.000000000000e+00 2.343750000000e-01
v 4.687500000000e-01 0.000000000000e+00 2.812500000000e-01
v 4.531250000000e-01 0.000000000000e+00 2.812500000000e-01
v 4.843750000000e-01 0.000000000000e+00 2.656250000000e-01
v 4.531250000000e-01 0.000000000000e+00 2.656250000000e-01
v 4.687500000000e-01 0.000000000000e+00 2.656250000000e-01
v 5.000000000000e-01 0.000000000000e+00 2.031250000000e-01
v 4.375000000000e-01 0.000000000000e+00 2.187500000000e-01
v 4.062500000000e-01 0.000000000000e+00 2.500000000000e-01
v 4.062500000000e-01 0.000000000000e+00 2.656250000000e-01
v 4.531250000000e-01 0.000000000000e+00 2.343750000000e-01
v 4.375000000000e-01 0.000000000000e+00 2.343750000000e-01
v 4.531250000000e-01 0.000000000000e+00 2.187500000000e-01
v 4.218750000000e-01 0.000000000000e+00 2.343750000000e-01
v 4.062500000000e-01 0.000000000000e+00 2.812500000000e-01
v 4.218750000000e-01 0.000000000000e+00 2.812500000000e-01
v 4.375000000000e-01 0.000000000000e+00 2.812500000000e-01
v 4.531250000000e-01 0.000000000000e+00 2.500000000000e-01
v 4.375000000000e-01 0.000000000000e+00 2.500000000000e-01
v 4.218750000000e-01 0.000000000000e+00 2.500000000000e-01
v 4.218750000000e-01 0.000000000000e+00 2.656250000000e-01
v 4.375000000000e-01 0.000000000000e+00 2.656250000000e-01
v 4.843750000000e-01 0.000000000000e+00 3.281250000000e-01
v 5.000000000000e-01 0.000000000000e+00 3.125000000000e-01
v 4.687500000000e-01 0.000000000000e+00 3.281250000000e-01
v 5.000000000000e-01 0.000000000000e+00 2.968750000000e-01
v 4.687500000000e-01 0.000000000000e+00 3.593750000000e-01
v 4.843750000000e-01 0.000000000000e+00 3.125000000000e-01
v 4.687500000000e-01 0.000000000000e+00 3.125000000000e-01
v 4.687500000000e-01 0.000000000000e+00 2.968750000000e-01
v 4.843750000000e-01 0.000000000000e+00 2.968750000000e-01
v 5.000000000000e-01 0.000000000000e+00 2.656250000000e-01
v 4.843750000000e-01 0.000000000000e+00 2.812500000000e-01
v 5.000000000000e-01 0.000000000000e+00 2.812500000000e-01
v 4.843750000000e-01 0.000000000000e+00 3.437500000000e-01
v 4.687500000000e-01 0.000000000000e+00 3.437500000000e-01
v 5.000000000000e-01 0.000000000000e+00 3.281250000000e-01
v 3.906250000000e-01 0.000000000000e+00 3.125000000000e-01
v 4.062500000000e-01 0.000000000000e+00 3.125000000000e-01
v 4.218750000000e-01 0.000000000000e+00 3.125000000000e-01
v 4.218750000000e-01 0.000000000000e+00 2.968750000000e-01
v 4.062500000000e-01 0.000000000000e+00 2.968750000000e-01
v 4.062500000000e-01 0.000000000000e+00 3.437500000000e-01
v 4.218750000000e-01 0.000000000000e+00 3.281250000000e-01
v 3.906250000000e-01 0.000000000000e+00 3.437500000000e-01
v 4.218750000000e-01 0.000000000000e+00 3.437500000000e-01
v 4.062500000000e-01 0.000000000000e+00 3.281250000000e-01
v 3.750000000000e-01 0.000000000000e+00 3.750000000000e-01
v 3.906250000000e-01 0.000000000000e+00 3.750000000000e-01
v 3.906250000000e-01 0.000000000000e+00 3.593750000000e-01
v 3.906250000000e-01 0.000000000000e+00 3.281250000000e-01
v 4.062500000000e-01 0.000000000000e+00 3.593750000000e-01
v 4.375000000000e-01 0.000000000000e+00 3.593750000000e-01
v 4.531250000000e-01 0.000000000000e+00 3.593750000000e-01
v 4.531250000000e-01 0.000000000000e+00 3.437500000000e-01
v 4.531250000000e-01 0.000000000000e+00 3.125000000000e-01
v 4.375000000000e-01 0.000000000000e+00 3.125000000000e-01
v 4.531250000000e-01 0.000000000000e+00 2.968750000000e-01
v 4.375000000000e-01 0.000000000000e+00 2.968750000000e-01
v 4.375000000000e-01 0.000000000000e+00 3.437500000000e-01
v 4.531250000000e-01 0.000000000000e+00 3.281250000000e-01
v 4.375000000000e-01 0.000000000000e+00 3.281250000000e-01
v 4.062500000000e-01 0.000000000000e+00 3.750000000000e-01
v 4.218750000000e-01 0.000000000000e+00 3.750000000000e-01
v 4.375000000000e-01 0.000000000000e+00 3.750000000000e-01
v 4.531250000000e-01 0.000000000000e+00 3.750000000000e-01
v 4.218750000000e-01 0.000000000000e+00 3.593750000000e-01
v 2.187500000000e-01 0.000000000000e+00 3.437500000000e-01
v 2.187500000000e-01 0.000000000000e+00 3.906250000000e-01
v 2.031250000000e-01 0.000000000000e+00 3.906250000000e-01
v 1.875000000000e-01 0.000000000000e+00 3.906250000000e-01
v 1.718750000000e-01 0.000000000000e+00 3.906250000000e-01
v 1.718750000000e-01 0.000000000000e+00 4.062500000000e-01
v 2.187500000000e-01 0.000000000000e+00 3.593750000000e-01
v 2.031250000000e-01 0.000000000000e+00 3.593750000000e-01
v 1.875000000000e-01 0.000000000000e+00 3.593750000000e-01
v 2.031250000000e-01 0.000000000000e+00 3.750000000000e-01
v 2.187500000000e-01 0.000000000000e+00 3.750000000000e-01
v 1.875000000000e-01 0.000000000000e+00 3.750000000000e-01
v 2.031250000000e-01 0.000000000000e+00 4.062500000000e-01
v 1.875000000000e-01 0.000000000000e+00 4.062500000000e-01
v 1.718750000000e-01 0.000000000000e+00 3.750000000000e-01
v 1.562500000000e-01 0.000000000000e+00 3.593750000000e-01
v 1.406250000000e-01 0.000000000000e+00 3.593750000000e-01
v 1.406250000000e-01 0.000000000000e+00 3.750000000000e-01
v 1.562500000000e-01 0.000000000000e+00 3.750000000000e-01
v 1.406250000000e-01 0.000000000000e+00 3.437500000000e-01
v 2.187500000000e-01 0.000000000000e+00 3.281250000000e-01
v 2.031250000000e-01 0.000000000000e+00 3.281250000000e-01
v 1.875000000000e-01 0.000000000000e+00 3.281250000000e-01
v 1.718750000000e-01 0.000000000000e+00 3.281250000000e-01
v 1.718750000000e-01 0.000000000000e+00 3.437500000000e-01
v 1.562500000000e-01 0.000000000000e+00 3.437500000000e-01
v 1.562500000000e-01 0.000000000000e+00 3.281250000000e-01
v 1.718750000000e-01 0.000000000000e+00 3.593750000000e-01
v 1.875000000000e-01 0.000000000000e+00 3.437500000000e-01
v 2.031250000000e-01 0.000000000000e+00 3.437500000000e-01
v 2.031250000000e-01 0.000000000000e+00 4.218750000000e-01
v 2.031250000000e-01 0.000000000000e+00 4.375000000000e-01
v 2.187500000000e-01 0.000000000000e+00 4.062500000000e-01
v 2.187500000000e-01 0.000000000000e+00 4.375000000000e-01
v 2.343750000000e-01 0.000000000000e+00 4.375000000000e-01
v 2.500000000000e-01 0.000000000000e+00 4.218750000000e-01
v 2.343750000000e-01 0.000000000000e+00 4.062500000000e-01
v 2.500000000000e-01 0.000000000000e+00 4.062500000000e-01
v 2.343750000000e-01 0.000000000000e+00 3.750000000000e-01
v 2.500000000000e-01 0.000000000000e+00 3.750000000000e-01
v 2.343750000000e-01 0.000000000000e+00 4.218750000000e-01
v 2.187500000000e-01 0.000000000000e+00 4.218750000000e-01
v 2.343750000000e-01 0.000000000000e+00 3.906250000000e-01
v 2.500000000000e-01 0.000000000000e+00 3.906250000000e-01
v 2.656250000000e-01 0.000000000000e+00 3.281250000000e-01
v 2.500000000000e-01 0.000000000000e+00 3.437500000000e-01
v 2.812500000000e-01 0.000000000000e+00 3.281250000000e-01
v 2.343750000000e-01 0.000000000000e+00 3.593750000000e-01
v 2.343750000000e-01 0.000000000000e+00 3.437500000000e-01
v 2.500000000000e-01 0.000000000000e+00 3.593750000000e-01
v 2.656250000000e-01 0.000000000000e+00 2.968750000000e-01
v 2.812500000000e-01 0.000000000000e+00 2.968750000000e-01
v 2.812500000000e-01 0.000000000000e+00 2.812500000000e-01
v 2.500000000000e-01 0.000000000000e+00 3.125000000000e-01
v 2.656250000000e-01 0.000000000000e+00 3.437500000000e-01
v 2.500000000000e-01 0.000000000000e+00 3.281250000000e-01
v 2.656250000000e-01 0.000000000000e+00 3.125000000000e-01
v 2.812500000000e-01 0.000000000000e+00 3.125000000000e-01
v 2.343750000000e-01 0.000000000000e+00 3.281250000000e-01
v 1.406250000000e-01 0.000000000000e+00 3.906250000000e-01
v 1.093750000000e-01 0.000000000000e+00 4.218750000000e-01
v 1.250000000000e-01 0.000000000000e+00 4.375000000000e-01
v 1.093750000000e-01 0.000000000000e+00 4.375000000000e-01
v 1.250000000000e-01 0.000000000000e+00 3.906250000000e-01
v 1.562500000000e-01 0.000000000000e+00 3.906250000000e-01
v 1.406250000000e-01 0.000000000000e+00 4.375000000000e-01
v 1.250000000000e-01 0.000000000000e+00 4.218750000000e-01
v 1.406250000000e-01 0.000000000000e+00 4.218750000000e-01
v 1.562500000000e-01 0.000000000000e+00 4.062500000000e-01
v 1.406250000000e-01 0.000000000000e+00 4.062500000000e-01
v 1.250000000000e-01 0.000000000000e+00 4.062500000000e-01
v 1.093750000000e-01 0.000000000000e+00 4.062500000000e-01
v 1.562500000000e-01 0.000000000000e+00 4.218750000000e-01
v 1.250000000000e-01 0.000000000000e+00 4.843750000000e-01
v 7.812500000000e-02 0.000000000000e+00 4.687500000000e-01
v 1.250000000000e-01 0.000000000000e+00 4.687500000000e-01
v 1.093750000000e-01 0.000000000000e+00 4.687500000000e-01
v 9.375000000000e-02 0.000000000000e+00 4.687500000000e-01
v 1.093750000000e-01 0.000000000000e+00 4.843750000000e-01
v 1.250000000000e-01 0.000000000000e+00 4.531250000000e-01
v 1.093750000000e-01 0.000000000000e+00 4.531250000000e-01
v 9.375000000000e-02 0.000000000000e+00 4.531250000000e-01
v 1.250000000000e-01 0.000000000000e+00 5.000000000000e-01
v 7.812500000000e-02 0.000000000000e+00 4.843750000000e-01
v 9.375000000000e-02 0.000000000000e+00 4.843750000000e-01
v 1.093750000000e-01 0.000000000000e+00 5.000000000000e-01
v 9.375000000000e-02 0.000000000000e+00 5.000000000000e-01
v 7.812500000000e-02 0.000000000000e+00 5.000000000000e-01
v 2.343750000000e-01 0.000000000000e+00 4.687500000000e-01
v 2.187500000000e-01 0.000000000000e+00 5.000000000000e-01
v 2.031250000000e-01 0.000000000000e+00 5.000000000000e-01
v 2.187500000000e-01 0.000000000000e+00 4.687500000000e-01
v 2.031250000000e-01 0.000000000000e+00 4.687500000000e-01
v 1.875000000000e-01 0.000000000000e+00 4.687500000000e-01
v 1.718750000000e-01 0.000000000000e+00 5.000000000000e-01
v 1.875000000000e-01 0.000000000000e+00 5.000000000000e-01
v 2.343750000000e-01 0.000000000000e+00 4.843750000000e-01
v 2.187500000000e-01 0.000000000000e+00 4.843750000000e-01
v 2.031250000000e-01 0.000000000000e+00 4.531250000000e-01
v 2.187500000000e-01 0.000000000000e+00 4.531250000000e-01
v 2.343750000000e-01 0.000000000000e+00 4.531250000000e-01
v 2.031250000000e-01 0.000000000000e+00 4.843750000000e-01
v 1.875000000000e-01 0.000000000000e+00 4.843750000000e-01
v 1.718750000000e-01 0.000000000000e+00 4.843750000000e-01
v 1.562500000000e-01 0.000000000000e+00 4.375000000000e-01
v 1.718750000000e-01 0.000000000000e+00 4.375000000000e-01
v 1.875000000000e-01 0.000000000000e+00 4.375000000000e-01
v 1.406250000000e-01 0.000000000000e+00 4.531250000000e-01
v 1.562500000000e-01 0.000000000000e+00 4.531250000000e-01
v 1.718750000000e-01 0.000000000000e+00 4.531250000000e-01
v 1.875000000000e-01 0.000000000000e+00 4.531250000000e-01
v 1.718750000000e-01 0.000000000000e+00 4.218750000000e-01
v 1.406250000000e-01 0.000000000000e+00 4.843750000000e-01
v 1.406250000000e-01 0.000000000000e+00 5.000000000000e-01
v 1.718750000000e-01 0.000000000000e+00 4.687500000000e-01
v 1.562500000000e-01 0.000000000000e+00 4.687500000000e-01
v 1.406250000000e-01 0.000000000000e+00 4.687500000000e-01
v 1.875000000000e-01 0.000000000000e+00 4.218750000000e-01
v 1.562500000000e-01 0.000000000000e+00 4.843750000000e-01
v 1.562500000000e-01 0.000000000000e+00 5.000000000000e-01
v -4.687500000000e-02 0.000000000000e+00 4.687500000000e-01
v -3.125000000000e-02 0.000000000000e+00 4.687500000000e-01
v -1.562500000000e-02 0.000000000000e+00 4.687500000000e-01
v -1.562500000000e-02 0.000000000000e+00 4.375000000000e-01
v -1.562500000000e-02 0.000000000000e+00 4.843750000000e-01
v -6.250000000000e-02 0.000000000000e+00 5.000000000000e-01
v -3.125000000000e-02 0.000000000000e+00 4.843750000000e-01
v -4.687500000000e-02 0.000000000000e+00 4.843750000000e-01
v -6.250000000000e-02 0.000000000000e+00 4.843750000000e-01
v -4.687500000000e-02 0.000000000000e+00 5.000000000000e-01
v -3.125000000000e-02 0.000000000000e+00 5.000000000000e-01
v -1.562500000000e-02 0.000000000000e+00 5.000000000000e-01
v -3.125000000000e-02 0.000000000000e+00 4.531250000000e-01
v -1.562500000000e-02 0.000000000000e+00 4.531250000000e-01
v -4.687500000000e-02 0.000000000000e+00 4.375000000000e-01
v -3.125000000000e-02 0.000000000000e+00 4.375000000000e-01
v -6.250000000000e-02 0.000000000000e+00 4.375000000000e-01
v -3.125000000000e-02 0.000000000000e+00 4.218750000000e-01
v -4.687500000000e-02 0.000000000000e+00 4.218750000000e-01
v -7.812500000000e-02 0.000000000000e+00 4.687500000000e-01
v -1.562500000000e-02 0.000000000000e+00 4.218750000000e-01
v -7.812500000000e-02 0.000000000000e+00 4.531250000000e-01
v -6.250000000000e-02 0.000000000000e+00 4.687500000000e-01
v -9.375000000000e-02 0.000000000000e+00 5.000000000000e-01
v -7.812500000000e-02 0.000000000000e+00 5.000000000000e-01
v -6.250000000000e-02 0.000000000000e+00 4.531250000000e-01
v -7.812500000000e-02 0.000000000000e+00 4.843750000000e-01
v -9.375000000000e-02 0.000000000000e+00 4.843750000000e-01
v -4.687500000000e-02 0.000000000000e+00 4.531250000000e-01
v 0.000000000000e+00 0.000000000000e+00 3.906250000000e-01
v 1.562500000000e-02 0.000000000000e+00 3.906250000000e-01
v -1.562500000000e-02 0.000000000000e+00 3.906250000000e-01
v -3.125000000000e-02 0.000000000000e+00 3.906250000000e-01
v -4.687500000000e-02 0.000000000000e+00 3.906250000000e-01
v 0.000000000000e+00 0.000000000000e+00 4.062500000000e-01
v -1.562500000000e-02 0.000000000000e+00 4.062500000000e-01
v -3.125000000000e-02 0.000000000000e+00 4.062500000000e-01
v -4.687500000000e-02 0.000000000000e+00 4.062500000000e-01
v -1.562500000000e-02 0.000000000000e+00 3.750000000000e-01
v 1.562500000000e-02 0.000000000000e+00 3.750000000000e-01
v 0.000000000000e+00 0.000000000000e+00 3.750000000000e-01
v 1.562500000000e-02 0.000000000000e+00 3.593750000000e-01
v -3.125000000000e-02 0.000000000000e+00 3.750000000000e-01
v -4.687500000000e-02 0.000000000000e+00 3.750000000000e-01
v 0.000000000000e+00 0.000000000000e+00 3.593750000000e-01
v -3.125000000000e-02 0.000000000000e+00 3.281250000000e-01
v 0.000000000000e+00 0.000000000000e+00 3.437500000000e-01
v 1.562500000000e-02 0.000000000000e+00 3.125000000000e-01
v -3.125000000000e-02 0.000000000000e+00 3.437500000000e-01
v -4.687500000000e-02 0.000000000000e+00 3.437500000000e-01
v -1.562500000000e-02 0.000000000000e+00 3.281250000000e-01
v 0.000000000000e+00 0.000000000000e+00 3.281250000000e-01
v 1.562500000000e-02 0.000000000000e+00 3.281250000000e-01
v 3.125000000000e-02 0.000000000000e+00 3.281250000000e-01
v 1.562500000000e-02 0.000000000000e+00 3.437500000000e-01
v 3.125000000000e-02 0.000000000000e+00 3.125000000000e-01
v -1.562500000000e-02 0.000000000000e+00 3.593750000000e-01
v -3.125000000000e-02 0.000000000000e+00 3.593750000000e-01
v -1.562500000000e-02 0.000000000000e+00 3.437500000000e-01
v -4.687500000000e-02 0.000000000000e+00 3.593750000000e-01
v 1.250000000000e-01 0.000000000000e+00 3.437500000000e-01
v 1.406250000000e-01 0.000000000000e+00 3.281250000000e-01
v 1.250000000000e-01 0.000000000000e+00 3.281250000000e-01
v 1.250000000000e-01 0.000000000000e+00 3.750000000000e-01
v 7.812500000000e-02 0.000000000000e+00 3.906250000000e-01
v 9.375000000000e-02 0.000000000000e+00 3.906250000000e-01
v 1.093750000000e-01 0.000000000000e+00 3.906250000000e-01
v 1.093750000000e-01 0.000000000000e+00 3.437500000000e-01
v 1.093750000000e-01 0.000000000000e+00 3.281250000000e-01
v 1.250000000000e-01 0.000000000000e+00 3.593750000000e-01
v 1.093750000000e-01 0.000000000000e+00 3.593750000000e-01
v 1.093750000000e-01 0.000000000000e+00 3.750000000000e-01
v 9.375000000000e-02 0.000000000000e+00 3.750000000000e-01
v 9.375000000000e-02 0.000000000000e+00 3.593750000000e-01
v 7.812500000000e-02 0.000000000000e+00 3.750000000000e-01
v 3.125000000000e-02 0.000000000000e+00 3.437500000000e-01
v 6.250000000000e-02 0.000000000000e+00 3.437500000000e-01
v 9.375000000000e-02 0.000000000000e+00 3.437500000000e-01
v 7.812500000000e-02 0.000000000000e+00 3.437500000000e-01
v 3.125000000000e-02 0.000000000000e+00 3.593750000000e-01
v 4.687500000000e-02 0.000000000000e+00 3.593750000000e-01
v 4.687500000000e-02 0.000000000000e+00 3.281250000000e-01
v 6.250000000000e-02 0.000000000000e+00 3.281250000000e-01
v 7.812500000000e-02 0.000000000000e+00 3.281250000000e-01
v 9.375000000000e-02 0.000000000000e+00 3.281250000000e-01
v 7.812500000000e-02 0.000000000000e+00 3.593750000000e-01
v 6.250000000000e-02 0.000000000000e+00 3.593750000000e-01
v 4.687500000000e-02 0.000000000000e+00 3.437500000000e-01
v 3.125000000000e-02 0.000000000000e+00 3.750000000000e-01
v 4.687500000000e-02 0.000000000000e+00 3.750000000000e-01
v 6.250000000000e-02 0.000000000000e+00 3.750000000000e-01
v 4.687500000000e-02 0.000000000000e+00 5.000000000000e-01
v 6.250000000000e-02 0.000000000000e+00 5.000000000000e-01
v 0.000000000000e+00 0.000000000000e+00 4.843750000000e-01
v 1.562500000000e-02 0.000000000000e+00 4.843750000000e-01
v 3.125000000000e-02 0.000000000000e+00 5.000000000000e-01
v 1.562500000000e-02 0.000000000000e+00 5.000000000000e-01
v 3.125000000000e-02 0.000000000000e+00 4.843750000000e-01
v 4.687500000000e-02 0.000000000000e+00 4.843750000000e-01
v 6.250000000000e-02 0.000000000000e+00 4.843750000000e-01
v 1.562500000000e-02 0.000000000000e+00 4.687500000000e-01
v 3.125000000000e-02 0.000000000000e+00 4.687500000000e-01
v 0.000000000000e+00 0.000000000000e+00 5.000000000000e-01
v 4.687500000000e-02 0.000000000000e+00 4.687500000000e-01
v 6.250000000000e-02 0.000000000000e+00 4.687500000000e-01
v 6.250000000000e-02 0.000000000000e+00 4.062500000000e-01
v 4.687500000000e-02 0.000000000000e+00 4.375000000000e-01
v 6.250000000000e-02 0.000000000000e+00 4.375000000000e-01
v 7.812500000000e-02 0.000000000000e+00 4.375000000000e-01
v 9.375000000000e-02 0.000000000000e+00 4.375000000000e-01
v 3.125000000000e-02 0.000000000000e+00 4.531250000000e-01
v 9.375000000000e-02 0.000000000000e+00 4.062500000000e-01
v 4.687500000000e-02 0.000000000000e+00 4.531250000000e-01
v 9.375000000000e-02 0.000000000000e+00 4.218750000000e-01
v 7.812500000000e-02 0.000000000000e+00 4.218750000000e-01
v 6.250000000000e-02 0.000000000000e+00 4.218750000000e-01
v 4.687500000000e-02 0.000000000000e+00 4.218750000000e-01
v 7.812500000000e-02 0.000000000000e+00 4.531250000000e-01
v 6.250000000000e-02 0.000000000000e+00 4.531250000000e-01
v 7.812500000000e-02 0.000000000000e+00 4.062500000000e-01
v 0.000000000000e+00 0.000000000000e+00 4.218750000000e-01
v 0.000000000000e+00 0.000000000000e+00 4.375000000000e-01
v 1.562500000000e-02 0.000000000000e+00 4.375000000000e-01
v 3.125000000000e-02 0.000000000000e+00 4.375000000000e-01
v 0.000000000000e+00 0.000000000000e+00 4.687500000000e-01
v 1.562500000000e-02 0.000000000000e+00 4.062500000000e-01
v 3.125000000000e-02 0.000000000000e+00 4.062500000000e-01
v 4.687500000000e-02 0.000000000000e+00 4.062500000000e-01
v 1.562500000000e-02 0.000000000000e+00 4.531250000000e-01
v 0.000000000000e+00 0.000000000000e+00 4.531250000000e-01
v 3.125000000000e-02 0.000000000000e+00 4.218750000000e-01
v 3.125000000000e-02 0.000000000000e+00 3.906250000000e-01
v 4.687500000000e-02 0.000000000000e+00 3.906250000000e-01
v 6.250000000000e-02 0.000000000000e+00 3.906250000000e-01
v 1.562500000000e-02 0.000000000000e+00 4.218750000000e-01
v 1.718750000000e-01 0.000000000000e+00 1.406250000000e-01
v 2.187500000000e-01 0.000000000000e+00 1.250000000000e-01
v 1.875000000000e-01 0.000000000000e+00 1.406250000000e-01
v 2.031250000000e-01 0.000000000000e+00 1.406250000000e-01
v 2.187500000000e-01 0.000000000000e+00 1.406250000000e-01
v 1.562500000000e-01 0.000000000000e+00 1.562500000000e-01
v 1.718750000000e-01 0.000000000000e+00 1.562500000000e-01
v 1.875000000000e-01 0.000000000000e+00 1.562500000000e-01
v 2.031250000000e-01 0.000000000000e+00 1.562500000000e-01
v 2.187500000000e-01 0.000000000000e+00 1.562500000000e-01
v 2.031250000000e-01 0.000000000000e+00 1.250000000000e-01
v 1.875000000000e-01 0.000000000000e+00 1.250000000000e-01
v 1.718750000000e-01 0.000000000000e+00 1.718750000000e-01
v 1.875000000000e-01 0.000000000000e+00 1.718750000000e-01
v 2.031250000000e-01 0.000000000000e+00 1.718750000000e-01
v 2.031250000000e-01 0.000000000000e+00 1.093750000000e-01
v 1.875000000000e-01 0.000000000000e+00 1.093750000000e-01
v 1.875000000000e-01 0.000000000000e+00 9.375000000000e-02
v 1.718750000000e-01 0.000000000000e+00 1.093750000000e-01
v 2.500000000000e-01 0.000000000000e+00 9.375000000000e-02
v 2.343750000000e-01 0.000000000000e+00 9.375000000000e-02
v 2.187500000000e-01 0.000000000000e+00 9.375000000000e-02
v 2.031250000000e-01 0.000000000000e+00 9.375000000000e-02
v 2.187500000000e-01 0.000000000000e+00 1.093750000000e-01
v 2.343750000000e-01 0.000000000000e+00 1.093750000000e-01
v 1.718750000000e-01 0.000000000000e+00 1.250000000000e-01
v 2.500000000000e-01 0.000000000000e+00 7.812500000000e-02
v 2.343750000000e-01 0.000000000000e+00 7.812500000000e-02
v 2.187500000000e-01 0.000000000000e+00 7.812500000000e-02
v 2.031250000000e-01 0.000000000000e+00 7.812500000000e-02
v 2.187500000000e-01 0.000000000000e+00 2.031250000000e-01
v 2.187500000000e-01 0.000000000000e+00 1.718750000000e-01
v 2.343750000000e-01 0.000000000000e+00 2.031250000000e-01
v 2.812500000000e-01 0.000000000000e+00 1.562500000000e-01
v 2.343750000000e-01 0.000000000000e+00 1.562500000000e-01
v 2.500000000000e-01 0.000000000000e+00 1.562500000000e-01
v 2.656250000000e-01 0.000000000000e+00 1.562500000000e-01
v 2.812500000000e-01 0.000000000000e+00 1.718750000000e-01
v 2.656250000000e-01 0.000000000000e+00 1.718750000000e-01
v 2.656250000000e-01 0.000000000000e+00 1.875000000000e-01
v 2.500000000000e-01 0.000000000000e+00 1.875000000000e-01
v 2.343750000000e-01 0.000000000000e+00 1.875000000000e-01
v 2.187500000000e-01 0.000000000000e+00 1.875000000000e-01
v 2.500000000000e-01 0.000000000000e+00 1.718750000000e-01
v 2.343750000000e-01 0.000000000000e+00 1.718750000000e-01
v 2.500000000000e-01 0.000000000000e+00 1.406250000000e-01
v 2.500000000000e-01 0.000000000000e+00 1.093750000000e-01
v 2.656250000000e-01 0.000000000000e+00 1.406250000000e-01
v 2.812500000000e-01 0.000000000000e+00 1.093750000000e-01
v 2.656250000000e-01 0.000000000000e+00 1.093750000000e-01
v 2.812500000000e-01 0.000000000000e+00 9.375000000000e-02
v 2.343750000000e-01 0.000000000000e+00 1.406250000000e-01
v 2.812500000000e-01 0.000000000000e+00 1.250000000000e-01
v 2.656250000000e-01 0.000000000000e+00 1.250000000000e-01
v 2.500000000000e-01 0.000000000000e+00 1.250000000000e-01
v 2.343750000000e-01 0.000000000000e+00 1.250000000000e-01
v 2.656250000000e-01 0.000000000000e+00 6.250000000000e-02
v 2.812500000000e-01 0.000000000000e+00 7.812500000000e-02
v 2.656250000000e-01 0.000000000000e+00 9.375000000000e-02
v 2.656250000000e-01 0.000000000000e+00 7.812500000000e-02
v 2.812500000000e-01 0.000000000000e+00 6.250000000000e-02
v 2.812500000000e-01 0.000000000000e+00 2.500000000000e-01
v 2.343750000000e-01 0.000000000000e+00 2.656250000000e-01
v 2.500000000000e-01 0.000000000000e+00 2.656250000000e-01
v 2.656250000000e-01 0.000000000000e+00 2.656250000000e-01
v 2.812500000000e-01 0.000000000000e+00 2.656250000000e-01
v 2.031250000000e-01 0.000000000000e+00 3.125000000000e-01
v 2.187500000000e-01 0.000000000000e+00 3.125000000000e-01
v 2.343750000000e-01 0.000000000000e+00 3.125000000000e-01
v 2.656250000000e-01 0.000000000000e+00 2.812500000000e-01
v 2.187500000000e-01 0.000000000000e+00 2.812500000000e-01
v 2.343750000000e-01 0.000000000000e+00 2.812500000000e-01
v 2.500000000000e-01 0.000000000000e+00 2.968750000000e-01
v 2.343750000000e-01 0.000000000000e+00 2.968750000000e-01
v 2.187500000000e-01 0.000000000000e+00 2.968750000000e-01
v 2.500000000000e-01 0.000000000000e+00 2.812500000000e-01
v 2.500000000000e-01 0.000000000000e+00 2.343750000000e-01
v 2.343750000000e-01 0.000000000000e+00 2.343750000000e-01
v 2.656250000000e-01 0.000000000000e+00 2.343750000000e-01
v 2.812500000000e-01 0.000000000000e+00 2.343750000000e-01
v 2.343750000000e-01 0.000000000000e+00 2.500000000000e-01
v 2.812500000000e-01 0.000000000000e+00 2.031250000000e-01
v 2.656250000000e-01 0.000000000000e+00 2.031250000000e-01
v 2.500000000000e-01 0.000000000000e+00 2.031250000000e-01
v 2.812500000000e-01 0.000000000000e+00 2.187500000000e-01
v 2.500000000000e-01 0.000000000000e+00 2.500000000000e-01
v 2.656250000000e-01 0.000000000000e+00 2.500000000000e-01
v 2.656250000000e-01 0.000000000000e+00 2.187500000000e-01
v 2.500000000000e-01 0.000000000000e+00 2.187500000000e-01
v 2.343750000000e-01 0.000000000000e+00 2.187500000000e-01
v 2.812500000000e-01 0.000000000000e+00 1.875000000000e-01
v 1.562500000000e-01 0.000000000000e+00 2.187500000000e-01
v 2.031250000000e-01 0.000000000000e+00 2.187500000000e-01
v 1.875000000000e-01 0.000000000000e+00 2.187500000000e-01
v 1.718750000000e-01 0.000000000000e+00 2.187500000000e-01
v 1.562500000000e-01 0.000000000000e+00 2.343750000000e-01
v 1.875000000000e-01 0.000000000000e+00 2.343750000000e-01
v 1.718750000000e-01 0.000000000000e+00 2.343750000000e-01
v 2.031250000000e-01 0.000000000000e+00 1.875000000000e-01
v 1.875000000000e-01 0.000000000000e+00 1.875000000000e-01
v 2.031250000000e-01 0.000000000000e+00 2.031250000000e-01
v 1.875000000000e-01 0.000000000000e+00 2.031250000000e-01
v 1.718750000000e-01 0.000000000000e+00 2.031250000000e-01
v 1.562500000000e-01 0.000000000000e+00 2.031250000000e-01
v 1.718750000000e-01 0.000000000000e+00 1.875000000000e-01
v 1.562500000000e-01 0.000000000000e+00 2.968750000000e-01
v 1.718750000000e-01 0.000000000000e+00 2.656250000000e-01
v 1.562500000000e-01 0.000000000000e+00 2.656250000000e-01
v 1.406250000000e-01 0.000000000000e+00 2.656250000000e-01
v 1.718750000000e-01 0.000000000000e+00 2.500000000000e-01
v 1.562500000000e-01 0.000000000000e+00 2.500000000000e-01
v 1.406250000000e-01 0.000000000000e+00 2.812500000000e-01
v 1.562500000000e-01 0.000000000000e+00 2.812500000000e-01
v 1.718750000000e-01 0.000000000000e+00 2.812500000000e-01
v 1.250000000000e-01 0.000000000000e+00 3.125000000000e-01
v 1.406250000000e-01 0.000000000000e+00 3.125000000000e-01
v 1.562500000000e-01 0.000000000000e+00 3.125000000000e-01
v 1.406250000000e-01 0.000000000000e+00 2.968750000000e-01
v 1.718750000000e-01 0.000000000000e+00 2.968750000000e-01
v 2.187500000000e-01 0.000000000000e+00 2.187500000000e-01
v 1.718750000000e-01 0.000000000000e+00 3.125000000000e-01
v 2.031250000000e-01 0.000000000000e+00 2.343750000000e-01
v 2.187500000000e-01 0.000000000000e+00 2.343750000000e-01
v 1.875000000000e-01 0.000000000000e+00 2.812500000000e-01
v 1.875000000000e-01 0.000000000000e+00 2.656250000000e-01
v 2.031250000000e-01 0.000000000000e+00 2.656250000000e-01
v 2.187500000000e-01 0.000000000000e+00 2.656250000000e-01
v 1.875000000000e-01 0.000000000000e+00 3.125000000000e-01
v 2.031250000000e-01 0.000000000000e+00 2.812500000000e-01
v 1.875000000000e-01 0.000000000000e+00 2.500000000000e-01
v 2.031250000000e-01 0.000000000000e+00 2.968750000000e-01
v 1.875000000000e-01 0.000000000000e+00 2.968750000000e-01
v 2.031250000000e-01 0.000000000000e+00 2.500000000000e-01
v 2.187500000000e-01 0.000000000000e+00 2.500000000000e-01
v 1.406250000000e-01 0.000000000000e+00 2.500000000000e-01
v 1.250000000000e-01 0.000000000000e+00 2.500000000000e-01
v 1.093750000000e-01 0.000000000000e+00 2.500000000000e-01
v 9.375000000000e-02 0.000000000000e+00 2.500000000000e-01
v 7.812500000000e-02 0.000000000000e+00 2.500000000000e-01
v 9.375000000000e-02 0.000000000000e+00 2.343750000000e-01
v 1.093750000000e-01 0.000000000000e+00 2.343750000000e-01
v 9.375000000000e-02 0.000000000000e+00 2.656250000000e-01
v 1.406250000000e-01 0.000000000000e+00 2.343750000000e-01
v 1.250000000000e-01 0.000000000000e+00 2.656250000000e-01
v 1.250000000000e-01 0.000000000000e+00 2.187500000000e-01
v 1.406250000000e-01 0.000000000000e+00 2.187500000000e-01
v 1.093750000000e-01 0.000000000000e+00 2.656250000000e-01
v 7.812500000000e-02 0.000000000000e+00 2.656250000000e-01
v 1.250000000000e-01 0.000000000000e+00 2.343750000000e-01
v 9.375000000000e-02 0.000000000000e+00 2.812500000000e-01
v 1.250000000000e-01 0.000000000000e+00 2.968750000000e-01
v 1.093750000000e-01 0.000000000000e+00 2.812500000000e-01
v 1.250000000000e-01 0.000000000000e+00 2.812500000000e-01
v 6.250000000000e-02 0.000000000000e+00 2.968750000000e-01
v 7.812500000000e-02 0.000000000000e+00 2.968750000000e-01
v 9.375000000000e-02 0.000000000000e+00 2.968750000000e-01
v 1.093750000000e-01 0.000000000000e+00 3.125000000000e-01
v 1.093750000000e-01 0.000000000000e+00 2.968750000000e-01
v 7.812500000000e-02 0.000000000000e+00 2.812500000000e-01
v 7.812500000000e-02 0.000000000000e+00 3.125000000000e-01
v 6.250000000000e-02 0.000000000000e+00 3.125000000000e-01
v 4.687500000000e-02 0.000000000000e+00 3.125000000000e-01
v 9.375000000000e-02 0.000000000000e+00 3.125000000000e-01
v 7.812500000000e-02 0.000000000000e+00 2.187500000000e-01
v 1.406250000000e-01 0.000000000000e+00 2.031250000000e-01
v 1.250000000000e-01 0.000000000000e+00 2.031250000000e-01
v 1.406250000000e-01 0.000000000000e+00 1.875000000000e-01
v 1.250000000000e-01 0.000000000000e+00 1.875000000000e-01
v 1.093750000000e-01 0.000000000000e+00 1.875000000000e-01
v 7.812500000000e-02 0.000000000000e+00 2.343750000000e-01
v 9.375000000000e-02 0.000000000000e+00 2.187500000000e-01
v 1.093750000000e-01 0.000000000000e+00 2.187500000000e-01
v 1.093750000000e-01 0.000000000000e+00 2.031250000000e-01
v 9.375000000000e-02 0.000000000000e+00 2.031250000000e-01
v 1.562500000000e-01 0.000000000000e+00 1.718750000000e-01
v 1.406250000000e-01 0.000000000000e+00 1.718750000000e-01
v 1.562500000000e-01 0.000000000000e+00 1.875000000000e-01
v 1.562500000000e-01 0.000000000000e+00 1.406250000000e-01
v 1.562500000000e-01 0.000000000000e+00 1.250000000000e-01
v 1.093750000000e-01 0.000000000000e+00 1.406250000000e-01
v 1.250000000000e-01 0.000000000000e+00 1.718750000000e-01
v 1.093750000000e-01 0.000000000000e+00 1.718750000000e-01
v 1.250000000000e-01 0.000000000000e+00 1.406250000000e-01
v 1.250000000000e-01 0.000000000000e+00 1.093750000000e-01
v 1.406250000000e-01 0.000000000000e+00 1.562500000000e-01
v 1.250000000000e-01 0.000000000000e+00 1.562500000000e-01
v 1.093750000000e-01 0.000000000000e+00 1.562500000000e-01
v 1.406250000000e-01 0.000000000000e+00 1.093750000000e-01
v 1.562500000000e-01 0.000000000000e+00 1.093750000000e-01
v 1.250000000000e-01 0.000000000000e+00 1.250000000000e-01
v 1.406250000000e-01 0.000000000000e+00 1.250000000000e-01
v 1.406250000000e-01 0.000000000000e+00 1.406250000000e-01
v 3.125000000000e-02 0.000000000000e+00 2.968750000000e-01
v 4.687500000000e-02 0.000000000000e+00 2.968750000000e-01
v 6.250000000000e-02 0.000000000000e+00 2.656250000000e-01
v 3.125000000000e-02 0.000000000000e+00 2.812500000000e-01
v 1.562500000000e-02 0.000000000000e+00 2.500000000000e-01
v 3.125000000000e-02 0.000000000000e+00 2.656250000000e-01
v 6.250000000000e-02 0.000000000000e+00 2.343750000000e-01
v 6.250000000000e-02 0.000000000000e+00 2.500000000000e-01
v 4.687500000000e-02 0.000000000000e+00 2.500000000000e-01
v 3.125000000000e-02 0.000000000000e+00 2.500000000000e-01
v 6.250000000000e-02 0.000000000000e+00 2.812500000000e-01
v 4.687500000000e-02 0.000000000000e+00 2.812500000000e-01
v 4.687500000000e-02 0.000000000000e+00 2.656250000000e-01
v 3.125000000000e-02 0.000000000000e+00 2.343750000000e-01
v 4.687500000000e-02 0.000000000000e+00 2.343750000000e-01
v -3.125000000000e-02 0.000000000000e+00 2.812500000000e-01
v -1.562500000000e-02 0.000000000000e+00 2.812500000000e-01
v 0.000000000000e+00 0.000000000000e+00 3.125000000000e-01
v 1.562500000000e-02 0.000000000000e+00 2.812500000000e-01
v 0.000000000000e+00 0.000000000000e+00 2.812500000000e-01
v -1.562500000000e-02 0.000000000000e+00 2.656250000000e-01
v 0.000000000000e+00 0.000000000000e+00 2.656250000000e-01
v 1.562500000000e-02 0.000000000000e+00 2.656250000000e-01
v 1.562500000000e-02 0.000000000000e+00 2.968750000000e-01
v 0.000000000000e+00 0.000000000000e+00 2.968750000000e-01
v -1.562500000000e-02 0.000000000000e+00 2.968750000000e-01
v -3.125000000000e-02 0.000000000000e+00 2.968750000000e-01
v -1.562500000000e-02 0.000000000000e+00 3.125000000000e-01
v -3.125000000000e-02 0.000000000000e+00 3.125000000000e-01
v 3.125000000000e-02 0.000000000000e+00 1.875000000000e-01
v 1.562500000000e-02 0.000000000000e+00 2.031250000000e-01
v 0.000000000000e+00 0.000000000000e+00 2.500000000000e-01
v 0.000000000000e+00 0.000000000000e+00 2.031250000000e-01
v -1.562500000000e-02 0.000000000000e+00 2.031250000000e-01
v -1.562500000000e-02 0.000000000000e+00 2.500000000000e-01
v 1.562500000000e-02 0.000000000000e+00 1.875000000000e-01
v 1.562500000000e-02 0.000000000000e+00 1.718750000000e-01
v -1.562500000000e-02 0.000000000000e+00 2.187500000000e-01
v 0.000000000000e+00 0.000000000000e+00 2.187500000000e-01
v 1.562500000000e-02 0.000000000000e+00 2.187500000000e-01
v -1.562500000000e-02 0.000000000000e+00 2.343750000000e-01
v 0.000000000000e+00 0.000000000000e+00 2.343750000000e-01
v 1.562500000000e-02 0.000000000000e+00 2.343750000000e-01
v 0.000000000000e+00 0.000000000000e+00 1.875000000000e-01
v 4.687500000000e-02 0.000000000000e+00 1.875000000000e-01
v 6.250000000000e-02 0.000000000000e+00 2.031250000000e-01
v 4.687500000000e-02 0.000000000000e+00 2.031250000000e-01
v 3.125000000000e-02 0.000000000000e+00 2.031250000000e-01
v 3.125000000000e-02 0.000000000000e+00 2.187500000000e-01
v 7.812500000000e-02 0.000000000000e+00 2.031250000000e-01
v 4.687500000000e-02 0.000000000000e+00 2.187500000000e-01
v 9.375000000000e-02 0.000000000000e+00 1.875000000000e-01
v 6.250000000000e-02 0.000000000000e+00 1.875000000000e-01
v 9.375000000000e-02 0.000000000000e+00 1.718750000000e-01
v 9.375000000000e-02 0.000000000000e+00 1.562500000000e-01
v 7.812500000000e-02 0.000000000000e+00 1.562500000000e-01
v 7.812500000000e-02 0.000000000000e+00 1.718750000000e-01
v 6.250000000000e-02 0.000000000000e+00 1.718750000000e-01
v 6.250000000000e-02 0.000000000000e+00 2.187500000000e-01
v 7.812500000000e-02 0.000000000000e+00 1.875000000000e-01
v 1.093750000000e-01 0.000000000000e+00 1.250000000000e-01
v 6.250000000000e-02 0.000000000000e+00 1.562500000000e-01
v 4.687500000000e-02 0.000000000000e+00 1.718750000000e-01
v 4.687500000000e-02 0.000000000000e+00 1.406250000000e-01
v 9.375000000000e-02 0.000000000000e+00 1.250000000000e-01
v 7.812500000000e-02 0.000000000000e+00 1.250000000000e-01
v 6.250000000000e-02 0.000000000000e+00 1.250000000000e-01
v 4.687500000000e-02 0.000000000000e+00 1.562500000000e-01
v 1.093750000000e-01 0.000000000000e+00 1.093750000000e-01
v 3.125000000000e-02 0.000000000000e+00 1.562500000000e-01
v 9.375000000000e-02 0.000000000000e+00 1.093750000000e-01
v 7.812500000000e-02 0.000000000000e+00 1.093750000000e-01
v 3.125000000000e-02 0.000000000000e+00 1.718750000000e-01
v 9.375000000000e-02 0.000000000000e+00 1.406250000000e-01
v 6.250000000000e-02 0.000000000000e+00 1.406250000000e-01
v 7.812500000000e-02 0.000000000000e+00 1.406250000000e-01
v 4.218750000000e-01 0.000000000000e+00 -4.843750000000e-01
v 4.218750000000e-01 0.000000000000e+00 -5.000000000000e-01
v 3.750000000000e-01 0.000000000000e+00 -4.531250000000e-01
v 3.750000000000e-01 0.000000000000e+00 -4.687500000000e-01
v 3.906250000000e-01 0.000000000000e+00 -4.531250000000e-01
v 3.906250000000e-01 0.000000000000e+00 -4.687500000000e-01
v 4.062500000000e-01 0.000000000000e+00 -4.843750000000e-01
v 3.906250000000e-01 0.000000000000e+00 -4.843750000000e-01
v 3.750000000000e-01 0.000000000000e+00 -4.375000000000e-01
v 3.906250000000e-01 0.000000000000e+00 -4.375000000000e-01
v 3.750000000000e-01 0.000000000000e+00 -4.843750000000e-01
v 3.906250000000e-01 0.000000000000e+00 -5.000000000000e-01
v 4.062500000000e-01 0.000000000000e+00 -5.000000000000e-01
v 4.062500000000e-01 0.000000000000e+00 -4.687500000000e-01
v 3.125000000000e-01 0.000000000000e+00 -4.218750000000e-01
v 3.437500000000e-01 0.000000000000e+00 -4.687500000000e-01
v 3.437500000000e-01 0.000000000000e+00 -4.531250000000e-01
v 3.593750000000e-01 0.000000000000e+00 -4.531250000000e-01
v 3.593750000000e-01 0.000000000000e+00 -4.687500000000e-01
v 3.437500000000e-01 0.000000000000e+00 -4.843750000000e-01
v 3.593750000000e-01 0.000000000000e+00 -4.843750000000e-01
v 3.437500000000e-01 0.000000000000e+00 -4.218750000000e-01
v 3.281250000000e-01 0.000000000000e+00 -4.218750000000e-01
v 3.593750000000e-01 0.000000000000e+00 -4.375000000000e-01
v 3.437500000000e-01 0.000000000000e+00 -4.375000000000e-01
v 3.437500000000e-01 0.000000000000e+00 -5.000000000000e-01
v 3.593750000000e-01 0.000000000000e+00 -5.000000000000e-01
v 3.750000000000e-01 0.000000000000e+00 -5.000000000000e-01
v 3.281250000000e-01 0.000000000000e+00 -4.375000000000e-01
v 3.750000000000e-01 0.000000000000e+00 -3.906250000000e-01
v 3.593750000000e-01 0.000000000000e+00 -4.062500000000e-01
v 3.906250000000e-01 0.000000000000e+00 -4.218750000000e-01
v 3.750000000000e-01 0.000000000000e+00 -4.062500000000e-01
v 3.437500000000e-01 0.000000000000e+00 -3.593750000000e-01
v 3.593750000000e-01 0.000000000000e+00 -3.750000000000e-01
v 3.750000000000e-01 0.000000000000e+00 -3.750000000000e-01
v 3.906250000000e-01 0.000000000000e+00 -3.750000000000e-01
v 3.906250000000e-01 0.000000000000e+00 -4.062500000000e-01
v 3.593750000000e-01 0.000000000000e+00 -3.593750000000e-01
v 3.750000000000e-01 0.000000000000e+00 -3.593750000000e-01
v 3.593750000000e-01 0.000000000000e+00 -4.218750000000e-01
v 3.750000000000e-01 0.000000000000e+00 -4.218750000000e-01
v 3.593750000000e-01 0.000000000000e+00 -3.906250000000e-01
v 3.906250000000e-01 0.000000000000e+00 -3.906250000000e-01
v 3.125000000000e-01 0.000000000000e+00 -3.750000000000e-01
v 2.968750000000e-01 0.000000000000e+00 -3.750000000000e-01
v 3.281250000000e-01 0.000000000000e+00 -3.750000000000e-01
v 3.437500000000e-01 0.000000000000e+00 -3.750000000000e-01
v 3.437500000000e-01 0.000000000000e+00 -3.906250000000e-01
v 2.968750000000e-01 0.000000000000e+00 -3.906250000000e-01
v 2.968750000000e-01 0.000000000000e+00 -4.062500000000e-01
v 3.125000000000e-01 0.000000000000e+00 -4.062500000000e-01
v 3.281250000000e-01 0.000000000000e+00 -4.062500000000e-01
v 3.125000000000e-01 0.000000000000e+00 -3.906250000000e-01
v 3.281250000000e-01 0.000000000000e+00 -3.906250000000e-01
v 3.437500000000e-01 0.000000000000e+00 -4.062500000000e-01
v 3.281250000000e-01 0.000000000000e+00 -3.593750000000e-01
v 3.125000000000e-01 0.000000000000e+00 -3.593750000000e-01
v 2.968750000000e-01 0.000000000000e+00 -3.593750000000e-01
v 4.531250000000e-01 0.000000000000e+00 -4.687500000000e-01
v 4.687500000000e-01 0.000000000000e+00 -5.000000000000e-01
v 4.843750000000e-01 0.000000000000e+00 -5.000000000000e-01
v 5.000000000000e-01 0.000000000000e+00 -5.000000000000e-01
v 4.531250000000e-01 0.000000000000e+00 -4.375000000000e-01
v 4.687500000000e-01 0.000000000000e+00 -4.375000000000e-01
v 5.000000000000e-01 0.000000000000e+00 -4.687500000000e-01
v 4.843750000000e-01 0.000000000000e+00 -4.687500000000e-01
v 4.687500000000e-01 0.000000000000e+00 -4.687500000000e-01
v 4.531250000000e-01 0.000000000000e+00 -4.531250000000e-01
v 4.687500000000e-01 0.000000000000e+00 -4.531250000000e-01
v 4.843750000000e-01 0.000000000000e+00 -4.531250000000e-01
v 5.000000000000e-01 0.000000000000e+00 -4.843750000000e-01
v 4.843750000000e-01 0.000000000000e+00 -4.843750000000e-01
v 4.687500000000e-01 0.000000000000e+00 -4.843750000000e-01
v 4.062500000000e-01 0.000000000000e+00 -4.062500000000e-01
v 4.218750000000e-01 0.000000000000e+00 -4.531250000000e-01
v 4.375000000000e-01 0.000000000000e+00 -4.531250000000e-01
v 4.062500000000e-01 0.000000000000e+00 -4.531250000000e-01
v 4.062500000000e-01 0.000000000000e+00 -4.218750000000e-01
v 4.218750000000e-01 0.000000000000e+00 -4.218750000000e-01
v 4.375000000000e-01 0.000000000000e+00 -4.843750000000e-01
v 4.062500000000e-01 0.000000000000e+00 -4.375000000000e-01
v 4.218750000000e-01 0.000000000000e+00 -4.375000000000e-01
v 4.375000000000e-01 0.000000000000e+00 -4.375000000000e-01
v 4.375000000000e-01 0.000000000000e+00 -5.000000000000e-01
v 4.531250000000e-01 0.000000000000e+00 -5.000000000000e-01
v 4.375000000000e-01 0.000000000000e+00 -4.687500000000e-01
v 4.218750000000e-01 0.000000000000e+00 -4.687500000000e-01
v 4.531250000000e-01 0.000000000000e+00 -4.843750000000e-01
v 4.531250000000e-01 0.000000000000e+00 -3.906250000000e-01
v 4.218750000000e-01 0.000000000000e+00 -3.750000000000e-01
v 4.062500000000e-01 0.000000000000e+00 -3.906250000000e-01
v 4.218750000000e-01 0.000000000000e+00 -3.906250000000e-01
v 4.375000000000e-01 0.000000000000e+00 -3.906250000000e-01
v 4.531250000000e-01 0.000000000000e+00 -4.062500000000e-01
v 4.375000000000e-01 0.000000000000e+00 -4.062500000000e-01
v 4.218750000000e-01 0.000000000000e+00 -4.062500000000e-01
v 4.218750000000e-01 0.000000000000e+00 -3.593750000000e-01
v 4.062500000000e-01 0.000000000000e+00 -3.593750000000e-01
v 4.375000000000e-01 0.000000000000e+00 -4.218750000000e-01
v 4.531250000000e-01 0.000000000000e+00 -4.218750000000e-01
v 3.906250000000e-01 0.000000000000e+00 -3.593750000000e-01
v 4.062500000000e-01 0.000000000000e+00 -3.750000000000e-01
v 4.375000000000e-01 0.000000000000e+00 -3.750000000000e-01
v 4.687500000000e-01 0.000000000000e+00 -3.906250000000e-01
v 4.843750000000e-01 0.000000000000e+00 -4.375000000000e-01
v 5.000000000000e-01 0.000000000000e+00 -4.531250000000e-01
v 5.000000000000e-01 0.000000000000e+00 -4.375000000000e-01
v 5.000000000000e-01 0.000000000000e+00 -4.062500000000e-01
v 4.843750000000e-01 0.000000000000e+00 -4.062500000000e-01
v 4.687500000000e-01 0.000000000000e+00 -4.062500000000e-01
v 5.000000000000e-01 0.000000000000e+00 -3.906250000000e-01
v 4.843750000000e-01 0.000000000000e+00 -3.906250000000e-01
v 4.531250000000e-01 0.000000000000e+00 -3.750000000000e-01
v 4.687500000000e-01 0.000000000000e+00 -4.218750000000e-01
v 4.843750000000e-01 0.000000000000e+00 -4.218750000000e-01
v 5.000000000000e-01 0.000000000000e+00 -4.218750000000e-01
v 4.687500000000e-01 0.000000000000e+00 -3.750000000000e-01
v 4.843750000000e-01 0.000000000000e+00 -3.750000000000e-01
v 3.281250000000e-01 0.000000000000e+00 -2.656250000000e-01
v 3.125000000000e-01 0.000000000000e+00 -2.656250000000e-01
v 2.968750000000e-01 0.000000000000e+00 -2.656250000000e-01
v 2.812500000000e-01 0.000000000000e+00 -2.656250000000e-01
v 2.968750000000e-01 0.000000000000e+00 -2.812500000000e-01
v 2.812500000000e-01 0.000000000000e+00 -2.187500000000e-01
v 3.281250000000e-01 0.000000000000e+00 -2.968750000000e-01
v 2.812500000000e-01 0.000000000000e+00 -2.343750000000e-01
v 3.281250000000e-01 0.000000000000e+00 -2.500000000000e-01
v 3.125000000000e-01 0.000000000000e+00 -2.812500000000e-01
v 3.281250000000e-01 0.000000000000e+00 -2.812500000000e-01
v 2.968750000000e-01 0.000000000000e+00 -2.343750000000e-01
v 2.812500000000e-01 0.000000000000e+00 -2.500000000000e-01
v 2.968750000000e-01 0.000000000000e+00 -2.500000000000e-01
v 3.125000000000e-01 0.000000000000e+00 -2.500000000000e-01
v 2.343750000000e-01 0.000000000000e+00 -2.500000000000e-01
v 2.187500000000e-01 0.000000000000e+00 -2.500000000000e-01
v 2.500000000000e-01 0.000000000000e+00 -2.500000000000e-01
v 2.656250000000e-01 0.000000000000e+00 -2.500000000000e-01
v 2.656250000000e-01 0.000000000000e+00 -2.656250000000e-01
v 2.187500000000e-01 0.000000000000e+00 -2.343750000000e-01
v 2.343750000000e-01 0.000000000000e+00 -2.343750000000e-01
v 2.500000000000e-01 0.000000000000e+00 -2.343750000000e-01
v 2.656250000000e-01 0.000000000000e+00 -2.343750000000e-01
v 2.656250000000e-01 0.000000000000e+00 -2.187500000000e-01
v 2.500000000000e-01 0.000000000000e+00 -2.187500000000e-01
v 2.343750000000e-01 0.000000000000e+00 -2.187500000000e-01
v 2.187500000000e-01 0.000000000000e+00 -2.187500000000e-01
v 2.500000000000e-01 0.000000000000e+00 -2.656250000000e-01
v 2.343750000000e-01 0.000000000000e+00 -2.656250000000e-01
v 2.500000000000e-01 0.000000000000e+00 -2.968750000000e-01
v 2.812500000000e-01 0.000000000000e+00 -3.281250000000e-01
v 2.343750000000e-01 0.000000000000e+00 -2.968750000000e-01
v 2.500000000000e-01 0.000000000000e+00 -2.812500000000e-01
v 2.812500000000e-01 0.000000000000e+00 -3.125000000000e-01
v 2.656250000000e-01 0.000000000000e+00 -3.125000000000e-01
v 2.656250000000e-01 0.000000000000e+00 -2.812500000000e-01
v 2.500000000000e-01 0.000000000000e+00 -3.125000000000e-01
v 2.812500000000e-01 0.000000000000e+00 -3.593750000000e-01
v 2.343750000000e-01 0.000000000000e+00 -2.812500000000e-01
v 2.500000000000e-01 0.000000000000e+00 -3.281250000000e-01
v 2.656250000000e-01 0.000000000000e+00 -3.281250000000e-01
v 2.656250000000e-01 0.000000000000e+00 -2.968750000000e-01
v 2.656250000000e-01 0.000000000000e+00 -3.437500000000e-01
v 2.812500000000e-01 0.000000000000e+00 -3.437500000000e-01
v 2.812500000000e-01 0.000000000000e+00 -2.968750000000e-01
v 2.968750000000e-01 0.000000000000e+00 -2.968750000000e-01
v 3.125000000000e-01 0.000000000000e+00 -2.968750000000e-01
v 2.812500000000e-01 0.000000000000e+00 -2.812500000000e-01
v 2.968750000000e-01 0.000000000000e+00 -3.437500000000e-01
v 2.968750000000e-01 0.000000000000e+00 -3.281250000000e-01
v 3.281250000000e-01 0.000000000000e+00 -3.125000000000e-01
v 3.125000000000e-01 0.000000000000e+00 -3.125000000000e-01
v 2.968750000000e-01 0.000000000000e+00 -3.125000000000e-01
v 3.125000000000e-01 0.000000000000e+00 -3.437500000000e-01
v 3.281250000000e-01 0.000000000000e+00 -3.437500000000e-01
v 3.437500000000e-01 0.000000000000e+00 -3.281250000000e-01
v 3.125000000000e-01 0.000000000000e+00 -3.281250000000e-01
v 3.281250000000e-01 0.000000000000e+00 -3.281250000000e-01
v 3.437500000000e-01 0.000000000000e+00 -3.437500000000e-01
v 4.218750000000e-01 0.000000000000e+00 -2.656250000000e-01
v 4.531250000000e-01 0.000000000000e+00 -2.656250000000e-01
v 4.687500000000e-01 0.000000000000e+00 -2.656250000000e-01
v 4.843750000000e-01 0.000000000000e+00 -2.656250000000e-01
v 4.375000000000e-01 0.000000000000e+00 -2.968750000000e-01
v 4.375000000000e-01 0.000000000000e+00 -2.656250000000e-01
v 4.843750000000e-01 0.000000000000e+00 -2.968750000000e-01
v 5.000000000000e-01 0.000000000000e+00 -2.968750000000e-01
v 4.218750000000e-01 0.000000000000e+00 -2.812500000000e-01
v 4.375000000000e-01 0.000000000000e+00 -2.812500000000e-01
v 4.531250000000e-01 0.000000000000e+00 -2.812500000000e-01
v 4.687500000000e-01 0.000000000000e+00 -2.812500000000e-01
v 4.843750000000e-01 0.000000000000e+00 -2.812500000000e-01
v 5.000000000000e-01 0.000000000000e+00 -2.812500000000e-01
v 4.687500000000e-01 0.000000000000e+00 -2.968750000000e-01
v 4.531250000000e-01 0.000000000000e+00 -2.968750000000e-01
v 5.000000000000e-01 0.000000000000e+00 -3.437500000000e-01
v 4.843750000000e-01 0.000000000000e+00 -3.437500000000e-01
v 4.687500000000e-01 0.000000000000e+00 -3.437500000000e-01
v 5.000000000000e-01 0.000000000000e+00 -3.281250000000e-01
v 4.843750000000e-01 0.000000000000e+00 -3.281250000000e-01
v 4.687500000000e-01 0.000000000000e+00 -3.281250000000e-01
v 5.000000000000e-01 0.000000000000e+00 -3.593750000000e-01
v 4.843750000000e-01 0.000000000000e+00 -3.593750000000e-01
v 5.000000000000e-01 0.000000000000e+00 -3.750000000000e-01
v 5.000000000000e-01 0.000000000000e+00 -3.125000000000e-01
v 4.843750000000e-01 0.000000000000e+00 -3.125000000000e-01
v 4.687500000000e-01 0.000000000000e+00 -3.125000000000e-01
v 4.531250000000e-01 0.000000000000e+00 -3.125000000000e-01
v 4.218750000000e-01 0.000000000000e+00 -3.281250000000e-01
v 4.062500000000e-01 0.000000000000e+00 -3.125000000000e-01
v 4.218750000000e-01 0.000000000000e+00 -3.125000000000e-01
v 4.062500000000e-01 0.000000000000e+00 -3.437500000000e-01
v 4.218750000000e-01 0.000000000000e+00 -3.437500000000e-01
v 4.375000000000e-01 0.000000000000e+00 -3.437500000000e-01
v 4.531250000000e-01 0.000000000000e+00 -3.437500000000e-01
v 4.375000000000e-01 0.000000000000e+00 -3.125000000000e-01
v 4.375000000000e-01 0.000000000000e+00 -3.593750000000e-01
v 4.531250000000e-01 0.000000000000e+00 -3.593750000000e-01
v 4.218750000000e-01 0.000000000000e+00 -2.968750000000e-01
v 4.531250000000e-01 0.000000000000e+00 -3.281250000000e-01
v 4.687500000000e-01 0.000000000000e+00 -3.593750000000e-01
v 4.062500000000e-01 0.000000000000e+00 -3.281250000000e-01
v 4.375000000000e-01 0.000000000000e+00 -3.281250000000e-01
v 3.437500000000e-01 0.000000000000e+00 -2.500000000000e-01
v 4.062500000000e-01 0.000000000000e+00 -2.968750000000e-01
v 3.906250000000e-01 0.000000000000e+00 -2.968750000000e-01
v 3.593750000000e-01 0.000000000000e+00 -2.500000000000e-01
v 3.437500000000e-01 0.000000000000e+00 -2.656250000000e-01
v 3.593750000000e-01 0.000000000000e+00 -2.656250000000e-01
v 3.750000000000e-01 0.000000000000e+00 -2.656250000000e-01
v 3.906250000000e-01 0.000000000000e+00 -2.656250000000e-01
v 4.062500000000e-01 0.000000000000e+00 -2.656250000000e-01
v 4.062500000000e-01 0.000000000000e+00 -2.500000000000e-01
v 3.906250000000e-01 0.000000000000e+00 -2.500000000000e-01
v 3.906250000000e-01 0.000000000000e+00 -2.812500000000e-01
v 4.062500000000e-01 0.000000000000e+00 -2.812500000000e-01
v 3.750000000000e-01 0.000000000000e+00 -2.500000000000e-01
v 3.750000000000e-01 0.000000000000e+00 -2.812500000000e-01
v 3.750000000000e-01 0.000000000000e+00 -2.968750000000e-01
v 3.593750000000e-01 0.000000000000e+00 -2.968750000000e-01
v 3.437500000000e-01 0.000000000000e+00 -2.968750000000e-01
v 3.750000000000e-01 0.000000000000e+00 -3.281250000000e-01
v 3.593750000000e-01 0.000000000000e+00 -3.281250000000e-01
v 3.906250000000e-01 0.000000000000e+00 -3.125000000000e-01
v 3.750000000000e-01 0.000000000000e+00 -3.125000000000e-01
v 3.593750000000e-01 0.000000000000e+00 -3.125000000000e-01
v 3.437500000000e-01 0.000000000000e+00 -3.125000000000e-01
v 3.593750000000e-01 0.000000000000e+00 -2.812500000000e-01
v 3.750000000000e-01 0.000000000000e+00 -3.437500000000e-01
v 3.906250000000e-01 0.000000000000e+00 -3.437500000000e-01
v 3.906250000000e-01 0.000000000000e+00 -3.281250000000e-01
v 3.593750000000e-01 0.000000000000e+00 -3.437500000000e-01
v 3.437500000000e-01 0.000000000000e+00 -2.812500000000e-01
v 2.343750000000e-01 0.000000000000e+00 -4.687500000000e-01
v 2.343750000000e-01 0.000000000000e+00 -5.000000000000e-01
v 2.500000000000e-01 0.000000000000e+00 -5.000000000000e-01
v 2.656250000000e-01 0.000000000000e+00 -5.000000000000e-01
v 2.812500000000e-01 0.000000000000e+00 -5.000000000000e-01
v 2.343750000000e-01 0.000000000000e+00 -4.843750000000e-01
v 2.500000000000e-01 0.000000000000e+00 -4.843750000000e-01
v 2.656250000000e-01 0.000000000000e+00 -4.843750000000e-01
v 2.812500000000e-01 0.000000000000e+00 -4.843750000000e-01
v 2.500000000000e-01 0.000000000000e+00 -4.687500000000e-01
v 2.656250000000e-01 0.000000000000e+00 -4.687500000000e-01
v 2.343750000000e-01 0.000000000000e+00 -4.531250000000e-01
v 2.500000000000e-01 0.000000000000e+00 -4.531250000000e-01
v 2.343750000000e-01 0.000000000000e+00 -4.375000000000e-01
v 2.031250000000e-01 0.000000000000e+00 -4.531250000000e-01
v 2.187500000000e-01 0.000000000000e+00 -5.000000000000e-01
v 2.187500000000e-01 0.000000000000e+00 -4.062500000000e-01
v 2.031250000000e-01 0.000000000000e+00 -4.062500000000e-01
v 2.187500000000e-01 0.000000000000e+00 -4.218750000000e-01
v 2.031250000000e-01 0.000000000000e+00 -4.218750000000e-01
v 2.031250000000e-01 0.000000000000e+00 -5.000000000000e-01
v 1.875000000000e-01 0.000000000000e+00 -4.531250000000e-01
v 2.187500000000e-01 0.000000000000e+00 -4.531250000000e-01
v 2.187500000000e-01 0.000000000000e+00 -4.375000000000e-01
v 2.031250000000e-01 0.000000000000e+00 -4.687500000000e-01
v 1.875000000000e-01 0.000000000000e+00 -4.375000000000e-01
v 2.031250000000e-01 0.000000000000e+00 -4.375000000000e-01
v 2.187500000000e-01 0.000000000000e+00 -4.687500000000e-01
v 2.187500000000e-01 0.000000000000e+00 -4.843750000000e-01
v 2.031250000000e-01 0.000000000000e+00 -4.843750000000e-01
v 2.812500000000e-01 0.000000000000e+00 -4.687500000000e-01
v 3.125000000000e-01 0.000000000000e+00 -4.375000000000e-01
v 3.281250000000e-01 0.000000000000e+00 -4.843750000000e-01
v 2.968750000000e-01 0.000000000000e+00 -4.687500000000e-01
v 3.125000000000e-01 0.000000000000e+00 -4.687500000000e-01
v 3.281250000000e-01 0.000000000000e+00 -4.687500000000e-01
v 2.968750000000e-01 0.000000000000e+00 -4.843750000000e-01
v 3.125000000000e-01 0.000000000000e+00 -4.843750000000e-01
v 3.125000000000e-01 0.000000000000e+00 -5.000000000000e-01
v 2.968750000000e-01 0.000000000000e+00 -5.000000000000e-01
v 3.281250000000e-01 0.000000000000e+00 -5.000000000000e-01
v 3.281250000000e-01 0.000000000000e+00 -4.531250000000e-01
v 3.125000000000e-01 0.000000000000e+00 -4.531250000000e-01
v 2.968750000000e-01 0.000000000000e+00 -4.531250000000e-01
v 2.812500000000e-01 0.000000000000e+00 -4.531250000000e-01
v 2.656250000000e-01 0.000000000000e+00 -4.375000000000e-01
v 2.812500000000e-01 0.000000000000e+00 -4.375000000000e-01
v 2.812500000000e-01 0.000000000000e+00 -4.062500000000e-01
v 2.500000000000e-01 0.000000000000e+00 -4.218750000000e-01
v 2.343750000000e-01 0.000000000000e+00 -4.218750000000e-01
v 2.968750000000e-01 0.000000000000e+00 -4.375000000000e-01
v 2.500000000000e-01 0.000000000000e+00 -4.375000000000e-01
v 2.656250000000e-01 0.000000000000e+00 -4.531250000000e-01
v 2.968750000000e-01 0.000000000000e+00 -4.218750000000e-01
v 2.812500000000e-01 0.000000000000e+00 -4.218750000000e-01
v 2.656250000000e-01 0.000000000000e+00 -4.218750000000e-01
v 2.343750000000e-01 0.000000000000e+00 -4.062500000000e-01
v 2.500000000000e-01 0.000000000000e+00 -4.062500000000e-01
v 2.656250000000e-01 0.000000000000e+00 -4.062500000000e-01
v 1.718750000000e-01 0.000000000000e+00 -4.375000000000e-01
v 1.562500000000e-01 0.000000000000e+00 -4.218750000000e-01
v 1.406250000000e-01 0.000000000000e+00 -4.062500000000e-01
v 1.562500000000e-01 0.000000000000e+00 -4.062500000000e-01
v 1.718750000000e-01 0.000000000000e+00 -4.062500000000e-01
v 1.875000000000e-01 0.000000000000e+00 -4.062500000000e-01
v 1.406250000000e-01 0.000000000000e+00 -4.218750000000e-01
v 1.562500000000e-01 0.000000000000e+00 -4.375000000000e-01
v 1.718750000000e-01 0.000000000000e+00 -3.906250000000e-01
v 1.718750000000e-01 0.000000000000e+00 -4.218750000000e-01
v 1.562500000000e-01 0.000000000000e+00 -3.750000000000e-01
v 1.406250000000e-01 0.000000000000e+00 -3.750000000000e-01
v 1.562500000000e-01 0.000000000000e+00 -3.906250000000e-01
v 1.406250000000e-01 0.000000000000e+00 -3.906250000000e-01
v 1.875000000000e-01 0.000000000000e+00 -4.218750000000e-01
v 7.812500000000e-02 0.000000000000e+00 -3.750000000000e-01
v 6.250000000000e-02 0.000000000000e+00 -3.750000000000e-01
v 1.250000000000e-01 0.000000000000e+00 -4.218750000000e-01
v 6.250000000000e-02 0.000000000000e+00 -3.906250000000e-01
v 7.812500000000e-02 0.000000000000e+00 -3.906250000000e-01
v 9.375000000000e-02 0.000000000000e+00 -3.750000000000e-01
v 1.250000000000e-01 0.000000000000e+00 -3.906250000000e-01
v 6.250000000000e-02 0.000000000000e+00 -3.593750000000e-01
v 1.093750000000e-01 0.000000000000e+00 -3.906250000000e-01
v 1.093750000000e-01 0.000000000000e+00 -3.750000000000e-01
v 1.250000000000e-01 0.000000000000e+00 -3.750000000000e-01
v 9.375000000000e-02 0.000000000000e+00 -3.906250000000e-01
v 9.375000000000e-02 0.000000000000e+00 -4.062500000000e-01
v 1.093750000000e-01 0.000000000000e+00 -4.062500000000e-01
v 1.250000000000e-01 0.000000000000e+00 -4.062500000000e-01
v 1.875000000000e-01 0.000000000000e+00 -5.000000000000e-01
v 1.718750000000e-01 0.000000000000e+00 -5.000000000000e-01
v 1.562500000000e-01 0.000000000000e+00 -5.000000000000e-01
v 1.406250000000e-01 0.000000000000e+00 -4.375000000000e-01
v 1.406250000000e-01 0.000000000000e+00 -4.531250000000e-01
v 1.562500000000e-01 0.000000000000e+00 -4.531250000000e-01
v 1.406250000000e-01 0.000000000000e+00 -4.687500000000e-01
v 1.562500000000e-01 0.000000000000e+00 -4.687500000000e-01
v 1.718750000000e-01 0.000000000000e+00 -4.687500000000e-01
v 1.875000000000e-01 0.000000000000e+00 -4.687500000000e-01
v 1.875000000000e-01 0.000000000000e+00 -4.843750000000e-01
v 1.718750000000e-01 0.000000000000e+00 -4.843750000000e-01
v 1.562500000000e-01 0.000000000000e+00 -4.843750000000e-01
v 1.406250000000e-01 0.000000000000e+00 -4.843750000000e-01
v 1.718750000000e-01 0.000000000000e+00 -4.531250000000e-01
v 1.250000000000e-01 0.000000000000e+00 -4.843750000000e-01
v 1.093750000000e-01 0.000000000000e+00 -4.843750000000e-01
v 9.375000000000e-02 0.000000000000e+00 -4.843750000000e-01
v 7.812500000000e-02 0.000000000000e+00 -4.843750000000e-01
v 1.406250000000e-01 0.000000000000e+00 -5.000000000000e-01
v 1.250000000000e-01 0.000000000000e+00 -5.000000000000e-01
v 1.093750000000e-01 0.000000000000e+00 -5.000000000000e-01
v 9.375000000000e-02 0.000000000000e+00 -5.000000000000e-01
v 6.250000000000e-02 0.000000000000e+00 -4.531250000000e-01
v 7.812500000000e-02 0.000000000000e+00 -4.531250000000e-01
v 6.250000000000e-02 0.000000000000e+00 -4.375000000000e-01
v 7.812500000000e-02 0.000000000000e+00 -5.000000000000e-01
v 9.375000000000e-02 0.000000000000e+00 -4.687500000000e-01
v 6.250000000000e-02 0.000000000000e+00 -4.687500000000e-01
v 7.812500000000e-02 0.000000000000e+00 -4.687500000000e-01
v 1.093750000000e-01 0.000000000000e+00 -4.218750000000e-01
v 1.250000000000e-01 0.000000000000e+00 -4.531250000000e-01
v 1.093750000000e-01 0.000000000000e+00 -4.531250000000e-01
v 6.250000000000e-02 0.000000000000e+00 -4.062500000000e-01
v 7.812500000000e-02 0.000000000000e+00 -4.062500000000e-01
v 1.250000000000e-01 0.000000000000e+00 -4.687500000000e-01
v 1.093750000000e-01 0.000000000000e+00 -4.687500000000e-01
v 9.375000000000e-02 0.000000000000e+00 -4.531250000000e-01
v 9.375000000000e-02 0.000000000000e+00 -4.218750000000e-01
v 1.250000000000e-01 0.000000000000e+00 -4.375000000000e-01
v 1.093750000000e-01 0.000000000000e+00 -4.375000000000e-01
v 9.375000000000e-02 0.000000000000e+00 -4.375000000000e-01
v 7.812500000000e-02 0.000000000000e+00 -4.375000000000e-01
v 7.812500000000e-02 0.000000000000e+00 -4.218750000000e-01
v 6.250000000000e-02 0.000000000000e+00 -4.218750000000e-01
v 1.093750000000e-01 0.000000000000e+00 -2.812500000000e-01
v 1.250000000000e-01 0.000000000000e+00 -2.343750000000e-01
v 1.250000000000e-01 0.000000000000e+00 -2.656250000000e-01
v 1.093750000000e-01 0.000000000000e+00 -2.343750000000e-01
v 9.375000000000e-02 0.000000000000e+00 -2.343750000000e-01
v 1.250000000000e-01 0.000000000000e+00 -2.812500000000e-01
v 9.375000000000e-02 0.000000000000e+00 -2.187500000000e-01
v 1.093750000000e-01 0.000000000000e+00 -2.187500000000e-01
v 1.250000000000e-01 0.000000000000e+00 -2.187500000000e-01
v 1.093750000000e-01 0.000000000000e+00 -2.656250000000e-01
v 1.250000000000e-01 0.000000000000e+00 -2.500000000000e-01
v 1.093750000000e-01 0.000000000000e+00 -2.500000000000e-01
v 9.375000000000e-02 0.000000000000e+00 -2.500000000000e-01
v 9.375000000000e-02 0.000000000000e+00 -2.656250000000e-01
v 6.250000000000e-02 0.000000000000e+00 -2.031250000000e-01
v 7.812500000000e-02 0.000000000000e+00 -2.656250000000e-01
v 6.250000000000e-02 0.000000000000e+00 -2.343750000000e-01
v 4.687500000000e-02 0.000000000000e+00 -2.343750000000e-01
v 4.687500000000e-02 0.000000000000e+00 -2.500000000000e-01
v 7.812500000000e-02 0.000000000000e+00 -2.500000000000e-01
v 6.250000000000e-02 0.000000000000e+00 -2.500000000000e-01
v 4.687500000000e-02 0.000000000000e+00 -2.656250000000e-01
v 4.687500000000e-02 0.000000000000e+00 -2.031250000000e-01
v 7.812500000000e-02 0.000000000000e+00 -2.187500000000e-01
v 6.250000000000e-02 0.000000000000e+00 -2.187500000000e-01
v 4.687500000000e-02 0.000000000000e+00 -2.187500000000e-01
v 6.250000000000e-02 0.000000000000e+00 -2.812500000000e-01
v 7.812500000000e-02 0.000000000000e+00 -2.343750000000e-01
v 6.250000000000e-02 0.000000000000e+00 -2.656250000000e-01
v 9.375000000000e-02 0.000000000000e+00 -3.593750000000e-01
v 1.093750000000e-01 0.000000000000e+00 -3.593750000000e-01
v 1.250000000000e-01 0.000000000000e+00 -3.593750000000e-01
v 7.812500000000e-02 0.000000000000e+00 -3.593750000000e-01
v 1.093750000000e-01 0.000000000000e+00 -3.437500000000e-01
v 9.375000000000e-02 0.000000000000e+00 -3.437500000000e-01
v 7.812500000000e-02 0.000000000000e+00 -3.437500000000e-01
v 6.250000000000e-02 0.000000000000e+00 -3.437500000000e-01
v 7.812500000000e-02 0.000000000000e+00 -3.125000000000e-01
v 6.250000000000e-02 0.000000000000e+00 -3.281250000000e-01
v 7.812500000000e-02 0.000000000000e+00 -3.281250000000e-01
v 9.375000000000e-02 0.000000000000e+00 -3.281250000000e-01
v 6.250000000000e-02 0.000000000000e+00 -2.968750000000e-01
v 6.250000000000e-02 0.000000000000e+00 -3.125000000000e-01
v 1.250000000000e-01 0.000000000000e+00 -3.281250000000e-01
v 9.375000000000e-02 0.000000000000e+00 -3.125000000000e-01
v 1.093750000000e-01 0.000000000000e+00 -3.125000000000e-01
v 1.250000000000e-01 0.000000000000e+00 -3.125000000000e-01
v 1.406250000000e-01 0.000000000000e+00 -3.125000000000e-01
v 1.250000000000e-01 0.000000000000e+00 -3.437500000000e-01
v 1.406250000000e-01 0.000000000000e+00 -3.437500000000e-01
v 7.812500000000e-02 0.000000000000e+00 -2.968750000000e-01
v 9.375000000000e-02 0.000000000000e+00 -2.968750000000e-01
v 1.093750000000e-01 0.000000000000e+00 -2.968750000000e-01
v 1.250000000000e-01 0.000000000000e+00 -2.968750000000e-01
v 1.406250000000e-01 0.000000000000e+00 -3.593750000000e-01
v 7.812500000000e-02 0.000000000000e+00 -2.812500000000e-01
v 9.375000000000e-02 0.000000000000e+00 -2.812500000000e-01
v 1.406250000000e-01 0.000000000000e+00 -3.281250000000e-01
v 1.093750000000e-01 0.000000000000e+00 -3.281250000000e-01
v 2.656250000000e-01 0.000000000000e+00 -3.750000000000e-01
v 2.500000000000e-01 0.000000000000e+00 -3.437500000000e-01
v 2.343750000000e-01 0.000000000000e+00 -3.437500000000e-01
v 2.187500000000e-01 0.000000000000e+00 -3.437500000000e-01
v 2.187500000000e-01 0.000000000000e+00 -3.593750000000e-01
v 2.343750000000e-01 0.000000000000e+00 -3.593750000000e-01
v 2.500000000000e-01 0.000000000000e+00 -3.593750000000e-01
v 2.656250000000e-01 0.000000000000e+00 -3.593750000000e-01
v 2.500000000000e-01 0.000000000000e+00 -3.750000000000e-01
v 2.343750000000e-01 0.000000000000e+00 -3.750000000000e-01
v 2.343750000000e-01 0.000000000000e+00 -3.906250000000e-01
v 2.500000000000e-01 0.000000000000e+00 -3.906250000000e-01
v 2.812500000000e-01 0.000000000000e+00 -3.750000000000e-01
v 2.812500000000e-01 0.000000000000e+00 -3.906250000000e-01
v 2.656250000000e-01 0.000000000000e+00 -3.906250000000e-01
v 2.031250000000e-01 0.000000000000e+00 -3.593750000000e-01
v 2.031250000000e-01 0.000000000000e+00 -3.437500000000e-01
v 1.875000000000e-01 0.000000000000e+00 -3.437500000000e-01
v 1.718750000000e-01 0.000000000000e+00 -3.437500000000e-01
v 1.562500000000e-01 0.000000000000e+00 -3.437500000000e-01
v 1.562500000000e-01 0.000000000000e+00 -3.281250000000e-01
v 1.875000000000e-01 0.000000000000e+00 -3.593750000000e-01
v 2.187500000000e-01 0.000000000000e+00 -3.750000000000e-01
v 2.031250000000e-01 0.000000000000e+00 -3.906250000000e-01
v 1.875000000000e-01 0.000000000000e+00 -3.906250000000e-01
v 1.718750000000e-01 0.000000000000e+00 -3.750000000000e-01
v 2.187500000000e-01 0.000000000000e+00 -3.906250000000e-01
v 1.875000000000e-01 0.000000000000e+00 -3.750000000000e-01
v 2.031250000000e-01 0.000000000000e+00 -3.750000000000e-01
v 1.562500000000e-01 0.000000000000e+00 -3.593750000000e-01
v 1.718750000000e-01 0.000000000000e+00 -3.593750000000e-01
v 1.718750000000e-01 0.000000000000e+00 -2.500000000000e-01
v 2.031250000000e-01 0.000000000000e+00 -2.343750000000e-01
v 1.875000000000e-01 0.000000000000e+00 -2.343750000000e-01
v 1.718750000000e-01 0.000000000000e+00 -2.343750000000e-01
v 1.562500000000e-01 0.000000000000e+00 -2.343750000000e-01
v 1.406250000000e-01 0.000000000000e+00 -2.343750000000e-01
v 2.031250000000e-01 0.000000000000e+00 -2.187500000000e-01
v 2.031250000000e-01 0.000000000000e+00 -2.500000000000e-01
v 1.562500000000e-01 0.000000000000e+00 -2.500000000000e-01
v 1.875000000000e-01 0.000000000000e+00 -2.187500000000e-01
v 1.718750000000e-01 0.000000000000e+00 -2.187500000000e-01
v 1.562500000000e-01 0.000000000000e+00 -2.187500000000e-01
v 1.406250000000e-01 0.000000000000e+00 -2.187500000000e-01
v 1.875000000000e-01 0.000000000000e+00 -2.500000000000e-01
v 1.875000000000e-01 0.000000000000e+00 -2.812500000000e-01
v 2.187500000000e-01 0.000000000000e+00 -2.968750000000e-01
v 2.031250000000e-01 0.000000000000e+00 -2.968750000000e-01
v 2.187500000000e-01 0.000000000000e+00 -2.656250000000e-01
v 2.187500000000e-01 0.000000000000e+00 -3.281250000000e-01
v 2.031250000000e-01 0.000000000000e+00 -2.812500000000e-01
v 2.187500000000e-01 0.000000000000e+00 -2.812500000000e-01
v 1.875000000000e-01 0.000000000000e+00 -2.656250000000e-01
v 2.031250000000e-01 0.000000000000e+00 -2.656250000000e-01
v 1.875000000000e-01 0.000000000000e+00 -2.968750000000e-01
v 2.343750000000e-01 0.000000000000e+00 -3.281250000000e-01
v 2.343750000000e-01 0.000000000000e+00 -3.125000000000e-01
v 2.031250000000e-01 0.000000000000e+00 -3.125000000000e-01
v 2.187500000000e-01 0.000000000000e+00 -3.125000000000e-01
v 2.031250000000e-01 0.000000000000e+00 -3.281250000000e-01
v 1.718750000000e-01 0.000000000000e+00 -2.968750000000e-01
v 1.718750000000e-01 0.000000000000e+00 -2.656250000000e-01
v 1.562500000000e-01 0.000000000000e+00 -2.656250000000e-01
v 1.406250000000e-01 0.000000000000e+00 -2.656250000000e-01
v 1.406250000000e-01 0.000000000000e+00 -2.500000000000e-01
v 1.406250000000e-01 0.000000000000e+00 -2.968750000000e-01
v 1.562500000000e-01 0.000000000000e+00 -2.968750000000e-01
v 1.718750000000e-01 0.000000000000e+00 -2.812500000000e-01
v 1.875000000000e-01 0.000000000000e+00 -3.281250000000e-01
v 1.875000000000e-01 0.000000000000e+00 -3.125000000000e-01
v 1.562500000000e-01 0.000000000000e+00 -2.812500000000e-01
v 1.406250000000e-01 0.000000000000e+00 -2.812500000000e-01
v 1.718750000000e-01 0.000000000000e+00 -3.125000000000e-01
v 1.562500000000e-01 0.000000000000e+00 -3.125000000000e-01
v 1.718750000000e-01 0.000000000000e+00 -3.281250000000e-01
v 3.125000000000e-02 0.000000000000e+00 4.687500000000e-02
v 0.000000000000e+00 0.000000000000e+00 4.687500000000e-02
v 1.562500000000e-02 0.000000000000e+00 4.687500000000e-02
v 0.000000000000e+00 0.000000000000e+00 7.812500000000e-02
v 3.125000000000e-02 0.000000000000e+00 3.125000000000e-02
v 1.562500000000e-02 0.000000000000e+00 3.125000000000e-02
v 0.000000000000e+00 0.000000000000e+00 3.125000000000e-02
v 1.562500000000e-02 0.000000000000e+00 7.812500000000e-02
v 0.000000000000e+00 0.000000000000e+00 6.250000000000e-02
v 1.562500000000e-02 0.000000000000e+00 6.250000000000e-02
v 3.125000000000e-02 0.000000000000e+00 6.250000000000e-02
v 3.125000000000e-02 0.000000000000e+00 1.562500000000e-02
v 0.000000000000e+00 0.000000000000e+00 1.562500000000e-02
v 1.562500000000e-02 0.000000000000e+00 1.562500000000e-02
v 6.250000000000e-02 0.000000000000e+00 -1.562500000000e-02
v 4.687500000000e-02 0.000000000000e+00 3.125000000000e-02
v 9.375000000000e-02 0.000000000000e+00 0.000000000000e+00
v 7.812500000000e-02 0.000000000000e+00 0.000000000000e+00
v 6.250000000000e-02 0.000000000000e+00 0.000000000000e+00
v 4.687500000000e-02 0.000000000000e+00 0.000000000000e+00
v 7.812500000000e-02 0.000000000000e+00 3.125000000000e-02
v 9.375000000000e-02 0.000000000000e+00 -1.562500000000e-02
v 4.687500000000e-02 0.000000000000e+00 1.562500000000e-02
v 6.250000000000e-02 0.000000000000e+00 1.562500000000e-02
v 4.687500000000e-02 0.000000000000e+00 4.687500000000e-02
v 7.812500000000e-02 0.000000000000e+00 1.562500000000e-02
v 9.375000000000e-02 0.000000000000e+00 1.562500000000e-02
v 7.812500000000e-02 0.000000000000e+00 -1.562500000000e-02
v 6.250000000000e-02 0.000000000000e+00 3.125000000000e-02
v 1.562500000000e-02 0.000000000000e+00 1.562500000000e-01
v 0.000000000000e+00 0.000000000000e+00 1.250000000000e-01
v 1.562500000000e-02 0.000000000000e+00 1.250000000000e-01
v 3.125000000000e-02 0.000000000000e+00 1.250000000000e-01
v 0.000000000000e+00 0.000000000000e+00 1.562500000000e-01
v 0.000000000000e+00 0.000000000000e+00 1.093750000000e-01
v 0.000000000000e+00 0.000000000000e+00 1.406250000000e-01
v 3.125000000000e-02 0.000000000000e+00 9.375000000000e-02
v 1.562500000000e-02 0.000000000000e+00 1.093750000000e-01
v 3.125000000000e-02 0.000000000000e+00 1.093750000000e-01
v 1.562500000000e-02 0.000000000000e+00 9.375000000000e-02
v 0.000000000000e+00 0.000000000000e+00 9.375000000000e-02
v 1.562500000000e-02 0.000000000000e+00 1.406250000000e-01
v 3.125000000000e-02 0.000000000000e+00 1.406250000000e-01
v 0.000000000000e+00 0.000000000000e+00 1.718750000000e-01
v 6.250000000000e-02 0.000000000000e+00 9.375000000000e-02
v 4.687500000000e-02 0.000000000000e+00 1.093750000000e-01
v 6.250000000000e-02 0.000000000000e+00 1.093750000000e-01
v 4.687500000000e-02 0.000000000000e+00 6.250000000000e-02
v 6.250000000000e-02 0.000000000000e+00 6.250000000000e-02
v 6.250000000000e-02 0.000000000000e+00 4.687500000000e-02
v 7.812500000000e-02 0.000000000000e+00 4.687500000000e-02
v 4.687500000000e-02 0.000000000000e+00 1.250000000000e-01
v 7.812500000000e-02 0.000000000000e+00 6.250000000000e-02
v 7.812500000000e-02 0.000000000000e+00 7.812500000000e-02
v 6.250000000000e-02 0.000000000000e+00 7.812500000000e-02
v 4.687500000000e-02 0.000000000000e+00 7.812500000000e-02
v 7.812500000000e-02 0.000000000000e+00 9.375000000000e-02
v 3.125000000000e-02 0.000000000000e+00 7.812500000000e-02
v 4.687500000000e-02 0.000000000000e+00 9.375000000000e-02
v 1.562500000000e-01 0.000000000000e+00 -4.687500000000e-02
v 1.406250000000e-01 0.000000000000e+00 -6.250000000000e-02
v 1.406250000000e-01 0.000000000000e+00 -4.687500000000e-02
v 1.562500000000e-01 0.000000000000e+00 -6.250000000000e-02
v 1.093750000000e-01 0.000000000000e+00 -1.562500000000e-02
v 1.250000000000e-01 0.000000000000e+00 -4.687500000000e-02
v 1.250000000000e-01 0.000000000000e+00 -3.125000000000e-02
v 1.406250000000e-01 0.000000000000e+00 0.000000000000e+00
v 1.250000000000e-01 0.000000000000e+00 0.000000000000e+00
v 1.093750000000e-01 0.000000000000e+00 -3.125000000000e-02
v 1.562500000000e-01 0.000000000000e+00 -3.125000000000e-02
v 1.406250000000e-01 0.000000000000e+00 -3.125000000000e-02
v 1.093750000000e-01 0.000000000000e+00 0.000000000000e+00
v 1.250000000000e-01 0.000000000000e+00 -1.562500000000e-02
v 1.562500000000e-01 0.000000000000e+00 -1.562500000000e-02
v 1.406250000000e-01 0.000000000000e+00 -1.562500000000e-02
v 1.718750000000e-01 0.000000000000e+00 -6.250000000000e-02
v 1.718750000000e-01 0.000000000000e+00 -4.687500000000e-02
v 1.875000000000e-01 0.000000000000e+00 -4.687500000000e-02
v 2.031250000000e-01 0.000000000000e+00 -4.687500000000e-02
v 2.031250000000e-01 0.000000000000e+00 -9.375000000000e-02
v 2.031250000000e-01 0.000000000000e+00 -6.250000000000e-02
v 1.875000000000e-01 0.000000000000e+00 -9.375000000000e-02
v 1.875000000000e-01 0.000000000000e+00 -6.250000000000e-02
v 2.031250000000e-01 0.000000000000e+00 -3.125000000000e-02
v 1.718750000000e-01 0.000000000000e+00 -3.125000000000e-02
v 1.875000000000e-01 0.000000000000e+00 -3.125000000000e-02
v 2.031250000000e-01 0.000000000000e+00 -7.812500000000e-02
v 1.875000000000e-01 0.000000000000e+00 -7.812500000000e-02
v 1.718750000000e-01 0.000000000000e+00 -7.812500000000e-02
v 1.093750000000e-01 0.000000000000e+00 1.562500000000e-02
v 1.250000000000e-01 0.000000000000e+00 1.562500000000e-02
v 1.093750000000e-01 0.000000000000e+00 9.375000000000e-02
v 9.375000000000e-02 0.000000000000e+00 9.375000000000e-02
v 1.093750000000e-01 0.000000000000e+00 6.250000000000e-02
v 1.250000000000e-01 0.000000000000e+00 4.687500000000e-02
v 1.093750000000e-01 0.000000000000e+00 4.687500000000e-02
v 9.375000000000e-02 0.000000000000e+00 7.812500000000e-02
v 1.093750000000e-01 0.000000000000e+00 7.812500000000e-02
v 9.375000000000e-02 0.000000000000e+00 4.687500000000e-02
v 9.375000000000e-02 0.000000000000e+00 6.250000000000e-02
v 1.250000000000e-01 0.000000000000e+00 6.250000000000e-02
v 9.375000000000e-02 0.000000000000e+00 3.125000000000e-02
v 1.250000000000e-01 0.000000000000e+00 3.125000000000e-02
v 1.093750000000e-01 0.000000000000e+00 3.125000000000e-02
v 1.875000000000e-01 0.000000000000e+00 7.812500000000e-02
v 1.562500000000e-01 0.000000000000e+00 9.375000000000e-02
v 1.718750000000e-01 0.000000000000e+00 7.812500000000e-02
v 1.562500000000e-01 0.000000000000e+00 7.812500000000e-02
v 1.406250000000e-01 0.000000000000e+00 7.812500000000e-02
v 1.250000000000e-01 0.000000000000e+00 7.812500000000e-02
v 1.718750000000e-01 0.000000000000e+00 9.375000000000e-02
v 1.875000000000e-01 0.000000000000e+00 6.250000000000e-02
v 1.875000000000e-01 0.000000000000e+00 4.687500000000e-02
v 1.718750000000e-01 0.000000000000e+00 4.687500000000e-02
v 1.718750000000e-01 0.000000000000e+00 6.250000000000e-02
v 1.562500000000e-01 0.000000000000e+00 6.250000000000e-02
v 1.406250000000e-01 0.000000000000e+00 6.250000000000e-02
v 1.406250000000e-01 0.000000000000e+00 9.375000000000e-02
v 1.250000000000e-01 0.000000000000e+00 9.375000000000e-02
v 1.562500000000e-01 0.000000000000e+00 1.562500000000e-02
v 1.718750000000e-01 0.000000000000e+00 1.562500000000e-02
v 1.562500000000e-01 0.000000000000e+00 4.687500000000e-02
v 1.875000000000e-01 0.000000000000e+00 1.562500000000e-02
v 1.875000000000e-01 0.000000000000e+00 -1.562500000000e-02
v 1.718750000000e-01 0.000000000000e+00 -1.562500000000e-02
v 1.406250000000e-01 0.000000000000e+00 1.562500000000e-02
v 1.406250000000e-01 0.000000000000e+00 4.687500000000e-02
v 1.875000000000e-01 0.000000000000e+00 0.000000000000e+00
v 1.718750000000e-01 0.000000000000e+00 0.000000000000e+00
v 1.562500000000e-01 0.000000000000e+00 0.000000000000e+00
v 1.406250000000e-01 0.000000000000e+00 3.125000000000e-02
v 1.562500000000e-01 0.000000000000e+00 3.125000000000e-02
v 1.718750000000e-01 0.000000000000e+00 3.125000000000e-02
v 1.875000000000e-01 0.000000000000e+00 3.125000000000e-02
v 1.562500000000e-01 0.000000000000e+00 -1.250000000000e-01
v 1.718750000000e-01 0.000000000000e+00 -1.250000000000e-01
v 1.718750000000e-01 0.000000000000e+00 -1.406250000000e-01
v 2.031250000000e-01 0.000000000000e+00 -1.406250000000e-01
v 1.875000000000e-01 0.000000000000e+00 -1.406250000000e-01
v 2.187500000000e-01 0.000000000000e+00 -1.875000000000e-01
v 2.031250000000e-01 0.000000000000e+00 -1.875000000000e-01
v 2.187500000000e-01 0.000000000000e+00 -2.031250000000e-01
v 2.343750000000e-01 0.000000000000e+00 -2.031250000000e-01
v 2.031250000000e-01 0.000000000000e+00 -1.562500000000e-01
v 1.875000000000e-01 0.000000000000e+00 -1.562500000000e-01
v 1.718750000000e-01 0.000000000000e+00 -1.562500000000e-01
v 1.875000000000e-01 0.000000000000e+00 -1.718750000000e-01
v 2.031250000000e-01 0.000000000000e+00 -1.718750000000e-01
v 2.187500000000e-01 0.000000000000e+00 -1.718750000000e-01
v 1.406250000000e-01 0.000000000000e+00 -9.375000000000e-02
v 1.562500000000e-01 0.000000000000e+00 -1.093750000000e-01
v 1.562500000000e-01 0.000000000000e+00 -9.375000000000e-02
v 1.718750000000e-01 0.000000000000e+00 -9.375000000000e-02
v 1.250000000000e-01 0.000000000000e+00 -6.250000000000e-02
v 1.875000000000e-01 0.000000000000e+00 -1.250000000000e-01
v 2.031250000000e-01 0.000000000000e+00 -1.250000000000e-01
v 1.406250000000e-01 0.000000000000e+00 -1.093750000000e-01
v 1.718750000000e-01 0.000000000000e+00 -1.093750000000e-01
v 1.875000000000e-01 0.000000000000e+00 -1.093750000000e-01
v 2.031250000000e-01 0.000000000000e+00 -1.093750000000e-01
v 1.562500000000e-01 0.000000000000e+00 -7.812500000000e-02
v 1.406250000000e-01 0.000000000000e+00 -7.812500000000e-02
v 1.250000000000e-01 0.000000000000e+00 -7.812500000000e-02
v 1.250000000000e-01 0.000000000000e+00 -9.375000000000e-02
v 1.406250000000e-01 0.000000000000e+00 -1.562500000000e-01
v 1.250000000000e-01 0.000000000000e+00 -1.562500000000e-01
v 1.250000000000e-01 0.000000000000e+00 -1.250000000000e-01
v 1.406250000000e-01 0.000000000000e+00 -1.250000000000e-01
v 1.093750000000e-01 0.000000000000e+00 -1.406250000000e-01
v 1.093750000000e-01 0.000000000000e+00 -1.562500000000e-01
v 1.093750000000e-01 0.000000000000e+00 -1.093750000000e-01
v 1.250000000000e-01 0.000000000000e+00 -1.093750000000e-01
v 1.562500000000e-01 0.000000000000e+00 -1.718750000000e-01
v 1.406250000000e-01 0.000000000000e+00 -1.718750000000e-01
v 1.093750000000e-01 0.000000000000e+00 -1.250000000000e-01
v 1.250000000000e-01 0.000000000000e+00 -1.406250000000e-01
v 1.406250000000e-01 0.000000000000e+00 -1.406250000000e-01
v 1.562500000000e-01 0.000000000000e+00 -1.562500000000e-01
v 1.562500000000e-01 0.000000000000e+00 -1.406250000000e-01
v 1.093750000000e-01 0.000000000000e+00 -1.875000000000e-01
v 1.406250000000e-01 0.000000000000e+00 -1.875000000000e-01
v 2.031250000000e-01 0.000000000000e+00 -2.031250000000e-01
v 1.250000000000e-01 0.000000000000e+00 -1.875000000000e-01
v 1.250000000000e-01 0.000000000000e+00 -1.718750000000e-01
v 1.875000000000e-01 0.000000000000e+00 -2.031250000000e-01
v 1.718750000000e-01 0.000000000000e+00 -2.031250000000e-01
v 1.718750000000e-01 0.000000000000e+00 -1.718750000000e-01
v 1.250000000000e-01 0.000000000000e+00 -2.031250000000e-01
v 1.406250000000e-01 0.000000000000e+00 -2.031250000000e-01
v 1.562500000000e-01 0.000000000000e+00 -2.031250000000e-01
v 1.718750000000e-01 0.000000000000e+00 -1.875000000000e-01
v 1.562500000000e-01 0.000000000000e+00 -1.875000000000e-01
v 1.875000000000e-01 0.000000000000e+00 -1.875000000000e-01
v 1.093750000000e-01 0.000000000000e+00 -1.718750000000e-01
v 7.812500000000e-02 0.000000000000e+00 -1.875000000000e-01
v 4.687500000000e-02 0.000000000000e+00 -1.718750000000e-01
v 6.250000000000e-02 0.000000000000e+00 -1.718750000000e-01
v 9.375000000000e-02 0.000000000000e+00 -1.562500000000e-01
v 7.812500000000e-02 0.000000000000e+00 -2.031250000000e-01
v 7.812500000000e-02 0.000000000000e+00 -1.718750000000e-01
v 9.375000000000e-02 0.000000000000e+00 -1.718750000000e-01
v 7.812500000000e-02 0.000000000000e+00 -1.562500000000e-01
v 9.375000000000e-02 0.000000000000e+00 -2.031250000000e-01
v 6.250000000000e-02 0.000000000000e+00 -1.562500000000e-01
v 4.687500000000e-02 0.000000000000e+00 -1.562500000000e-01
v 1.093750000000e-01 0.000000000000e+00 -2.031250000000e-01
v 3.125000000000e-02 0.000000000000e+00 -1.562500000000e-01
v 9.375000000000e-02 0.000000000000e+00 -1.875000000000e-01
v 6.250000000000e-02 0.000000000000e+00 -1.875000000000e-01
v 7.812500000000e-02 0.000000000000e+00 -1.406250000000e-01
v 6.250000000000e-02 0.000000000000e+00 -1.406250000000e-01
v 4.687500000000e-02 0.000000000000e+00 -1.406250000000e-01
v 3.125000000000e-02 0.000000000000e+00 -1.406250000000e-01
v 9.375000000000e-02 0.000000000000e+00 -1.406250000000e-01
v 3.125000000000e-02 0.000000000000e+00 -1.093750000000e-01
v 3.125000000000e-02 0.000000000000e+00 -1.250000000000e-01
v 1.562500000000e-02 0.000000000000e+00 -1.250000000000e-01
v 4.687500000000e-02 0.000000000000e+00 -1.250000000000e-01
v 1.562500000000e-02 0.000000000000e+00 -1.093750000000e-01
v 4.687500000000e-02 0.000000000000e+00 -1.093750000000e-01
v 6.250000000000e-02 0.000000000000e+00 -1.093750000000e-01
v 6.250000000000e-02 0.000000000000e+00 -1.250000000000e-01
v 7.812500000000e-02 0.000000000000e+00 -1.093750000000e-01
v 7.812500000000e-02 0.000000000000e+00 -1.250000000000e-01
v 9.375000000000e-02 0.000000000000e+00 -1.250000000000e-01
v 9.375000000000e-02 0.000000000000e+00 -6.250000000000e-02
v 1.093750000000e-01 0.000000000000e+00 -9.375000000000e-02
v 9.375000000000e-02 0.000000000000e+00 -9.375000000000e-02
v 7.812500000000e-02 0.000000000000e+00 -9.375000000000e-02
v 7.812500000000e-02 0.000000000000e+00 -3.125000000000e-02
v 7.812500000000e-02 0.000000000000e+00 -7.812500000000e-02
v 9.375000000000e-02 0.000000000000e+00 -7.812500000000e-02
v 9.375000000000e-02 0.000000000000e+00 -3.125000000000e-02
v 1.093750000000e-01 0.000000000000e+00 -6.250000000000e-02
v 7.812500000000e-02 0.000000000000e+00 -4.687500000000e-02
v 7.812500000000e-02 0.000000000000e+00 -6.250000000000e-02
v 1.093750000000e-01 0.000000000000e+00 -7.812500000000e-02
v 9.375000000000e-02 0.000000000000e+00 -1.093750000000e-01
v 1.093750000000e-01 0.000000000000e+00 -4.687500000000e-02
v 9.375000000000e-02 0.000000000000e+00 -4.687500000000e-02
v 1.562500000000e-02 0.000000000000e+00 -1.562500000000e-02
v 4.687500000000e-02 0.000000000000e+00 -1.562500000000e-02
v 3.125000000000e-02 0.000000000000e+00 -1.562500000000e-02
v 0.000000000000e+00 0.000000000000e+00 -1.562500000000e-02
v 3.125000000000e-02 0.000000000000e+00 0.000000000000e+00
v 1.562500000000e-02 0.000000000000e+00 0.000000000000e+00
v 0.000000000000e+00 0.000000000000e+00 0.000000000000e+00
v 4.687500000000e-02 0.000000000000e+00 -6.250000000000e-02
v 6.250000000000e-02 0.000000000000e+00 -6.250000000000e-02
v 3.125000000000e-02 0.000000000000e+00 -4.687500000000e-02
v 4.687500000000e-02 0.000000000000e+00 -4.687500000000e-02
v 6.250000000000e-02 0.000000000000e+00 -4.687500000000e-02
v 1.562500000000e-02 0.000000000000e+00 -3.125000000000e-02
v 3.125000000000e-02 0.000000000000e+00 -3.125000000000e-02
v 4.687500000000e-02 0.000000000000e+00 -3.125000000000e-02
v 6.250000000000e-02 0.000000000000e+00 -3.125000000000e-02
v 4.687500000000e-02 0.000000000000e+00 -9.375000000000e-02
v 1.562500000000e-02 0.000000000000e+00 -6.250000000000e-02
v 3.125000000000e-02 0.000000000000e+00 -6.250000000000e-02
v 1.562500000000e-02 0.000000000000e+00 -9.375000000000e-02
v 3.125000000000e-02 0.000000000000e+00 -9.375000000000e-02
v 6.250000000000e-02 0.000000000000e+00 -7.812500000000e-02
v 4.687500000000e-02 0.000000000000e+00 -7.812500000000e-02
v 3.125000000000e-02 0.000000000000e+00 -7.812500000000e-02
v 1.562500000000e-02 0.000000000000e+00 -7.812500000000e-02
v 0.000000000000e+00 0.000000000000e+00 -7.812500000000e-02
v 6.250000000000e-02 0.000000000000e+00 -9.375000000000e-02
v 0.000000000000e+00 0.000000000000e+00 -6.250000000000e-02
v 0.000000000000e+00 0.000000000000e+00 -4.687500000000e-02
v 0.000000000000e+00 0.000000000000e+00 -3.125000000000e-02
v 1.562500000000e-02 0.000000000000e+00 -4.687500000000e-02
v 2.656250000000e-01 0.000000000000e+00 -1.718750000000e-01
v 2.343750000000e-01 0.000000000000e+00 -1.406250000000e-01
v 2.187500000000e-01 0.000000000000e+00 -1.406250000000e-01
v 2.500000000000e-01 0.000000000000e+00 -1.718750000000e-01
v 2.500000000000e-01 0.000000000000e+00 -1.562500000000e-01
v 2.500000000000e-01 0.000000000000e+00 -2.031250000000e-01
v 2.656250000000e-01 0.000000000000e+00 -2.031250000000e-01
v 2.812500000000e-01 0.000000000000e+00 -2.031250000000e-01
v 2.343750000000e-01 0.000000000000e+00 -1.718750000000e-01
v 2.812500000000e-01 0.000000000000e+00 -1.875000000000e-01
v 2.656250000000e-01 0.000000000000e+00 -1.875000000000e-01
v 2.500000000000e-01 0.000000000000e+00 -1.875000000000e-01
v 2.343750000000e-01 0.000000000000e+00 -1.875000000000e-01
v 2.343750000000e-01 0.000000000000e+00 -1.562500000000e-01
v 2.187500000000e-01 0.000000000000e+00 -1.562500000000e-01
v 2.968750000000e-01 0.000000000000e+00 -1.562500000000e-01
v 2.656250000000e-01 0.000000000000e+00 -1.250000000000e-01
v 2.500000000000e-01 0.000000000000e+00 -1.250000000000e-01
v 2.343750000000e-01 0.000000000000e+00 -1.250000000000e-01
v 2.968750000000e-01 0.000000000000e+00 -1.875000000000e-01
v 2.187500000000e-01 0.000000000000e+00 -1.250000000000e-01
v 2.656250000000e-01 0.000000000000e+00 -1.562500000000e-01
v 2.812500000000e-01 0.000000000000e+00 -1.562500000000e-01
v 2.968750000000e-01 0.000000000000e+00 -1.718750000000e-01
v 2.500000000000e-01 0.000000000000e+00 -1.406250000000e-01
v 2.187500000000e-01 0.000000000000e+00 -1.093750000000e-01
v 2.343750000000e-01 0.000000000000e+00 -1.093750000000e-01
v 2.500000000000e-01 0.000000000000e+00 -1.093750000000e-01
v 2.812500000000e-01 0.000000000000e+00 -1.406250000000e-01
v 2.656250000000e-01 0.000000000000e+00 -1.406250000000e-01
v 2.812500000000e-01 0.000000000000e+00 -1.718750000000e-01
v 2.187500000000e-01 0.000000000000e+00 -6.250000000000e-02
v 2.343750000000e-01 0.000000000000e+00 -6.250000000000e-02
v 2.500000000000e-01 0.000000000000e+00 -6.250000000000e-02
v 2.656250000000e-01 0.000000000000e+00 -6.250000000000e-02
v 2.656250000000e-01 0.000000000000e+00 -7.812500000000e-02
v 2.500000000000e-01 0.000000000000e+00 -4.687500000000e-02
v 2.343750000000e-01 0.000000000000e+00 -4.687500000000e-02
v 2.187500000000e-01 0.000000000000e+00 -4.687500000000e-02
v 2.500000000000e-01 0.000000000000e+00 -9.375000000000e-02
v 2.343750000000e-01 0.000000000000e+00 -9.375000000000e-02
v 2.187500000000e-01 0.000000000000e+00 -9.375000000000e-02
v 2.187500000000e-01 0.000000000000e+00 -7.812500000000e-02
v 2.343750000000e-01 0.000000000000e+00 -7.812500000000e-02
v 2.500000000000e-01 0.000000000000e+00 -7.812500000000e-02
v 3.125000000000e-01 0.000000000000e+00 -1.250000000000e-01
v 3.125000000000e-01 0.000000000000e+00 -1.406250000000e-01
v 2.968750000000e-01 0.000000000000e+00 -9.375000000000e-02
v 2.812500000000e-01 0.000000000000e+00 -9.375000000000e-02
v 2.656250000000e-01 0.000000000000e+00 -9.375000000000e-02
v 3.125000000000e-01 0.000000000000e+00 -1.093750000000e-01
v 2.968750000000e-01 0.000000000000e+00 -1.093750000000e-01
v 2.812500000000e-01 0.000000000000e+00 -1.093750000000e-01
v 2.656250000000e-01 0.000000000000e+00 -1.093750000000e-01
v 2.812500000000e-01 0.000000000000e+00 -7.812500000000e-02
v 3.281250000000e-01 0.000000000000e+00 -1.250000000000e-01
v 2.968750000000e-01 0.000000000000e+00 -1.406250000000e-01
v 3.281250000000e-01 0.000000000000e+00 -1.406250000000e-01
v 2.968750000000e-01 0.000000000000e+00 -1.250000000000e-01
v 2.812500000000e-01 0.000000000000e+00 -1.250000000000e-01
v 3.125000000000e-01 0.000000000000e+00 -6.250000000000e-02
v 2.968750000000e-01 0.000000000000e+00 -4.687500000000e-02
v 2.812500000000e-01 0.000000000000e+00 -4.687500000000e-02
v 2.656250000000e-01 0.000000000000e+00 -4.687500000000e-02
v 3.281250000000e-01 0.000000000000e+00 -9.375000000000e-02
v 3.437500000000e-01 0.000000000000e+00 -9.375000000000e-02
v 2.812500000000e-01 0.000000000000e+00 -6.250000000000e-02
v 3.437500000000e-01 0.000000000000e+00 -1.093750000000e-01
v 3.281250000000e-01 0.000000000000e+00 -1.093750000000e-01
v 2.968750000000e-01 0.000000000000e+00 -6.250000000000e-02
v 3.125000000000e-01 0.000000000000e+00 -9.375000000000e-02
v 2.968750000000e-01 0.000000000000e+00 -7.812500000000e-02
v 3.125000000000e-01 0.000000000000e+00 -7.812500000000e-02
v 3.281250000000e-01 0.000000000000e+00 -7.812500000000e-02
v 3.437500000000e-01 0.000000000000e+00 -1.250000000000e-01
v 3.281250000000e-01 0.000000000000e+00 -6.250000000000e-02
v 3.437500000000e-01 0.000000000000e+00 -3.125000000000e-02
v 3.281250000000e-01 0.000000000000e+00 -3.125000000000e-02
v 3.125000000000e-01 0.000000000000e+00 -3.125000000000e-02
v 2.968750000000e-01 0.000000000000e+00 -3.125000000000e-02
v 3.281250000000e-01 0.000000000000e+00 -4.687500000000e-02
v 3.437500000000e-01 0.000000000000e+00 -7.812500000000e-02
v 3.437500000000e-01 0.000000000000e+00 -1.562500000000e-02
v 3.281250000000e-01 0.000000000000e+00 0.000000000000e+00
v 3.437500000000e-01 0.000000000000e+00 -6.250000000000e-02
v 3.281250000000e-01 0.000000000000e+00 -1.562500000000e-02
v 3.125000000000e-01 0.000000000000e+00 -1.562500000000e-02
v 3.125000000000e-01 0.000000000000e+00 -4.687500000000e-02
v 3.437500000000e-01 0.000000000000e+00 -4.687500000000e-02
v 2.656250000000e-01 0.000000000000e+00 1.562500000000e-02
v 2.656250000000e-01 0.000000000000e+00 4.687500000000e-02
v 2.968750000000e-01 0.000000000000e+00 0.000000000000e+00
v 3.125000000000e-01 0.000000000000e+00 0.000000000000e+00
v 3.125000000000e-01 0.000000000000e+00 1.562500000000e-02
v 2.812500000000e-01 0.000000000000e+00 0.000000000000e+00
v 2.656250000000e-01 0.000000000000e+00 0.000000000000e+00
v 2.968750000000e-01 0.000000000000e+00 1.562500000000e-02
v 2.812500000000e-01 0.000000000000e+00 1.562500000000e-02
v 2.968750000000e-01 0.000000000000e+00 -1.562500000000e-02
v 2.968750000000e-01 0.000000000000e+00 3.125000000000e-02
v 2.812500000000e-01 0.000000000000e+00 3.125000000000e-02
v 2.656250000000e-01 0.000000000000e+00 3.125000000000e-02
v 2.812500000000e-01 0.000000000000e+00 4.687500000000e-02
v 2.812500000000e-01 0.000000000000e+00 -1.562500000000e-02
v 2.187500000000e-01 0.000000000000e+00 4.687500000000e-02
v 2.031250000000e-01 0.000000000000e+00 6.250000000000e-02
v 2.187500000000e-01 0.000000000000e+00 6.250000000000e-02
v 2.343750000000e-01 0.000000000000e+00 6.250000000000e-02
v 2.500000000000e-01 0.000000000000e+00 6.250000000000e-02
v 2.500000000000e-01 0.000000000000e+00 4.687500000000e-02
v 2.343750000000e-01 0.000000000000e+00 4.687500000000e-02
v 2.500000000000e-01 0.000000000000e+00 1.562500000000e-02
v 2.031250000000e-01 0.000000000000e+00 4.687500000000e-02
v 2.187500000000e-01 0.000000000000e+00 1.562500000000e-02
v 2.500000000000e-01 0.000000000000e+00 3.125000000000e-02
v 2.343750000000e-01 0.000000000000e+00 3.125000000000e-02
v 2.187500000000e-01 0.000000000000e+00 3.125000000000e-02
v 2.031250000000e-01 0.000000000000e+00 3.125000000000e-02
v 2.343750000000e-01 0.000000000000e+00 1.562500000000e-02
v 2.500000000000e-01 0.000000000000e+00 0.000000000000e+00
v 2.031250000000e-01 0.000000000000e+00 1.562500000000e-02
v 2.656250000000e-01 0.000000000000e+00 -1.562500000000e-02
v 2.500000000000e-01 0.000000000000e+00 -1.562500000000e-02
v 2.343750000000e-01 0.000000000000e+00 -1.562500000000e-02
v 2.187500000000e-01 0.000000000000e+00 -1.562500000000e-02
v 2.031250000000e-01 0.000000000000e+00 -1.562500000000e-02
v 2.031250000000e-01 0.000000000000e+00 0.000000000000e+00
v 2.187500000000e-01 0.000000000000e+00 0.000000000000e+00
v 2.343750000000e-01 0.000000000000e+00 0.000000000000e+00
v 2.187500000000e-01 0.000000000000e+00 -3.125000000000e-02
v 2.343750000000e-01 0.000000000000e+00 -3.125000000000e-02
v 2.500000000000e-01 0.000000000000e+00 -3.125000000000e-02
v 2.656250000000e-01 0.000000000000e+00 -3.125000000000e-02
v 2.812500000000e-01 0.000000000000e+00 -3.125000000000e-02
v 3.750000000000e-01 0.000000000000e+00 -2.187500000000e-01
v 3.593750000000e-01 0.000000000000e+00 -2.187500000000e-01
v 3.437500000000e-01 0.000000000000e+00 -2.187500000000e-01
v 3.281250000000e-01 0.000000000000e+00 -2.187500000000e-01
v 3.125000000000e-01 0.000000000000e+00 -2.187500000000e-01
v 2.968750000000e-01 0.000000000000e+00 -2.187500000000e-01
v 3.437500000000e-01 0.000000000000e+00 -2.343750000000e-01
v 2.968750000000e-01 0.000000000000e+00 -2.031250000000e-01
v 3.125000000000e-01 0.000000000000e+00 -2.031250000000e-01
v 3.281250000000e-01 0.000000000000e+00 -2.031250000000e-01
v 3.906250000000e-01 0.000000000000e+00 -2.343750000000e-01
v 3.750000000000e-01 0.000000000000e+00 -2.343750000000e-01
v 3.593750000000e-01 0.000000000000e+00 -2.343750000000e-01
v 3.281250000000e-01 0.000000000000e+00 -2.343750000000e-01
v 3.125000000000e-01 0.000000000000e+00 -2.343750000000e-01
v 3.593750000000e-01 0.000000000000e+00 -2.031250000000e-01
v 3.281250000000e-01 0.000000000000e+00 -1.718750000000e-01
v 3.125000000000e-01 0.000000000000e+00 -1.875000000000e-01
v 3.281250000000e-01 0.000000000000e+00 -1.875000000000e-01
v 3.437500000000e-01 0.000000000000e+00 -1.875000000000e-01
v 3.593750000000e-01 0.000000000000e+00 -1.875000000000e-01
v 3.437500000000e-01 0.000000000000e+00 -1.406250000000e-01
v 3.125000000000e-01 0.000000000000e+00 -1.718750000000e-01
v 3.125000000000e-01 0.000000000000e+00 -1.562500000000e-01
v 3.437500000000e-01 0.000000000000e+00 -1.718750000000e-01
v 3.593750000000e-01 0.000000000000e+00 -1.718750000000e-01
v 3.593750000000e-01 0.000000000000e+00 -1.562500000000e-01
v 3.437500000000e-01 0.000000000000e+00 -1.562500000000e-01
v 3.281250000000e-01 0.000000000000e+00 -1.562500000000e-01
v 3.437500000000e-01 0.000000000000e+00 -2.031250000000e-01
v 4.062500000000e-01 0.000000000000e+00 -1.718750000000e-01
v 3.750000000000e-01 0.000000000000e+00 -1.718750000000e-01
v 3.906250000000e-01 0.000000000000e+00 -1.718750000000e-01
v 3.593750000000e-01 0.000000000000e+00 -1.406250000000e-01
v 3.750000000000e-01 0.000000000000e+00 -1.406250000000e-01
v 4.218750000000e-01 0.000000000000e+00 -1.875000000000e-01
v 4.062500000000e-01 0.000000000000e+00 -1.875000000000e-01
v 3.906250000000e-01 0.000000000000e+00 -1.875000000000e-01
v 3.750000000000e-01 0.000000000000e+00 -1.875000000000e-01
v 3.906250000000e-01 0.000000000000e+00 -1.562500000000e-01
v 3.750000000000e-01 0.000000000000e+00 -1.562500000000e-01
v 3.593750000000e-01 0.000000000000e+00 -1.250000000000e-01
v 4.062500000000e-01 0.000000000000e+00 -2.031250000000e-01
v 3.906250000000e-01 0.000000000000e+00 -2.031250000000e-01
v 3.750000000000e-01 0.000000000000e+00 -2.031250000000e-01
v 4.531250000000e-01 0.000000000000e+00 -2.187500000000e-01
v 4.531250000000e-01 0.000000000000e+00 -2.500000000000e-01
v 4.375000000000e-01 0.000000000000e+00 -2.500000000000e-01
v 4.218750000000e-01 0.000000000000e+00 -2.500000000000e-01
v 4.687500000000e-01 0.000000000000e+00 -2.500000000000e-01
v 4.062500000000e-01 0.000000000000e+00 -2.343750000000e-01
v 4.218750000000e-01 0.000000000000e+00 -2.343750000000e-01
v 4.375000000000e-01 0.000000000000e+00 -2.343750000000e-01
v 4.531250000000e-01 0.000000000000e+00 -2.343750000000e-01
v 4.687500000000e-01 0.000000000000e+00 -2.343750000000e-01
v 3.906250000000e-01 0.000000000000e+00 -2.187500000000e-01
v 4.062500000000e-01 0.000000000000e+00 -2.187500000000e-01
v 4.218750000000e-01 0.000000000000e+00 -2.187500000000e-01
v 4.375000000000e-01 0.000000000000e+00 -2.187500000000e-01
v 4.375000000000e-01 0.000000000000e+00 -2.031250000000e-01
v 4.218750000000e-01 0.000000000000e+00 -2.031250000000e-01
v 3.593750000000e-01 0.000000000000e+00 -3.125000000000e-02
v 3.906250000000e-01 0.000000000000e+00 -4.687500000000e-02
v 3.593750000000e-01 0.000000000000e+00 -4.687500000000e-02
v 3.750000000000e-01 0.000000000000e+00 -4.687500000000e-02
v 4.062500000000e-01 0.000000000000e+00 -6.250000000000e-02
v 3.906250000000e-01 0.000000000000e+00 -6.250000000000e-02
v 3.750000000000e-01 0.000000000000e+00 -3.125000000000e-02
v 4.062500000000e-01 0.000000000000e+00 -9.375000000000e-02
v 3.750000000000e-01 0.000000000000e+00 -6.250000000000e-02
v 4.218750000000e-01 0.000000000000e+00 -9.375000000000e-02
v 4.218750000000e-01 0.000000000000e+00 -7.812500000000e-02
v 4.062500000000e-01 0.000000000000e+00 -7.812500000000e-02
v 3.906250000000e-01 0.000000000000e+00 -7.812500000000e-02
v 4.375000000000e-01 0.000000000000e+00 -9.375000000000e-02
v 3.593750000000e-01 0.000000000000e+00 -6.250000000000e-02
v 3.750000000000e-01 0.000000000000e+00 -9.375000000000e-02
v 3.593750000000e-01 0.000000000000e+00 -7.812500000000e-02
v 3.906250000000e-01 0.000000000000e+00 -1.250000000000e-01
v 3.593750000000e-01 0.000000000000e+00 -9.375000000000e-02
v 4.218750000000e-01 0.000000000000e+00 -1.093750000000e-01
v 4.062500000000e-01 0.000000000000e+00 -1.093750000000e-01
v 3.906250000000e-01 0.000000000000e+00 -1.093750000000e-01
v 3.750000000000e-01 0.000000000000e+00 -1.093750000000e-01
v 3.750000000000e-01 0.000000000000e+00 -7.812500000000e-02
v 3.906250000000e-01 0.000000000000e+00 -9.375000000000e-02
v 3.593750000000e-01 0.000000000000e+00 -1.093750000000e-01
v 4.218750000000e-01 0.000000000000e+00 -1.250000000000e-01
v 4.062500000000e-01 0.000000000000e+00 -1.250000000000e-01
v 3.750000000000e-01 0.000000000000e+00 -1.250000000000e-01
v 3.906250000000e-01 0.000000000000e+00 -1.406250000000e-01
v 4.843750000000e-01 0.000000000000e+00 -1.562500000000e-01
v 4.375000000000e-01 0.000000000000e+00 -1.093750000000e-01
v 4.531250000000e-01 0.000000000000e+00 -1.093750000000e-01
v 4.687500000000e-01 0.000000000000e+00 -1.093750000000e-01
v 4.687500000000e-01 0.000000000000e+00 -1.562500000000e-01
v 4.531250000000e-01 0.000000000000e+00 -1.406250000000e-01
v 5.000000000000e-01 0.000000000000e+00 -1.250000000000e-01
v 4.843750000000e-01 0.000000000000e+00 -1.250000000000e-01
v 4.687500000000e-01 0.000000000000e+00 -1.250000000000e-01
v 4.531250000000e-01 0.000000000000e+00 -1.250000000000e-01
v 4.375000000000e-01 0.000000000000e+00 -1.250000000000e-01
v 4.687500000000e-01 0.000000000000e+00 -1.406250000000e-01
v 4.843750000000e-01 0.000000000000e+00 -1.406250000000e-01
v 5.000000000000e-01 0.000000000000e+00 -1.562500000000e-01
v 5.000000000000e-01 0.000000000000e+00 -1.406250000000e-01
v 4.375000000000e-01 0.000000000000e+00 -1.718750000000e-01
v 4.531250000000e-01 0.000000000000e+00 -1.562500000000e-01
v 4.375000000000e-01 0.000000000000e+00 -1.562500000000e-01
v 4.218750000000e-01 0.000000000000e+00 -1.562500000000e-01
v 4.062500000000e-01 0.000000000000e+00 -1.562500000000e-01
v 4.218750000000e-01 0.000000000000e+00 -1.718750000000e-01
v 4.531250000000e-01 0.000000000000e+00 -2.031250000000e-01
v 4.531250000000e-01 0.000000000000e+00 -1.718750000000e-01
v 4.687500000000e-01 0.000000000000e+00 -1.718750000000e-01
v 4.687500000000e-01 0.000000000000e+00 -1.875000000000e-01
v 4.531250000000e-01 0.000000000000e+00 -1.875000000000e-01
v 4.375000000000e-01 0.000000000000e+00 -1.875000000000e-01
v 4.062500000000e-01 0.000000000000e+00 -1.406250000000e-01
v 4.218750000000e-01 0.000000000000e+00 -1.406250000000e-01
v 4.375000000000e-01 0.000000000000e+00 -1.406250000000e-01
v 5.000000000000e-01 0.000000000000e+00 -2.500000000000e-01
v 5.000000000000e-01 0.000000000000e+00 -2.656250000000e-01
v 4.843750000000e-01 0.000000000000e+00 -2.500000000000e-01
v 5.000000000000e-01 0.000000000000e+00 -1.718750000000e-01
v 4.843750000000e-01 0.000000000000e+00 -2.343750000000e-01
v 5.000000000000e-01 0.000000000000e+00 -2.343750000000e-01
v 4.687500000000e-01 0.000000000000e+00 -2.187500000000e-01
v 4.843750000000e-01 0.000000000000e+00 -2.187500000000e-01
v 5.000000000000e-01 0.000000000000e+00 -2.187500000000e-01
v 4.687500000000e-01 0.000000000000e+00 -2.031250000000e-01
v 4.843750000000e-01 0.000000000000e+00 -2.031250000000e-01
v 5.000000000000e-01 0.000000000000e+00 -2.031250000000e-01
v 4.843750000000e-01 0.000000000000e+00 -1.875000000000e-01
v 5.000000000000e-01 0.000000000000e+00 -1.875000000000e-01
v 4.843750000000e-01 0.000000000000e+00 -1.718750000000e-01
f 1403 1401 1406
f 1406 1401 1396
f 1406 1396 1405
f 1405 1396 1400
f 1405 1400 1409
f 1409 1400 1399
f 1409 1399 1402
f 1402 1399 1440
f 1402 1440 1433
f 1433 1440 1439
f 1433 1439 1436
f 1436 1439 1438
f 1436 1438 1429
f 1429 1438 1437
f 1429 1437 1435
f 1435 1437 1434
f 1435 1434 1464
f 1464 1434 1469
f 1464 1469 1465
f 1465 1469 1468
f 1465 1468 1466
f 1466 1468 1467
f 1466 1467 1460
f 1460 1467 1463
f 1460 1463 1470
f 1470 1463 1441
f 1470 1441 1453
f 1453 1441 1444
f 1453 1444 1480
f 1480 1444 1471
f 1480 1471 1479
f 1479 1471 1472
f 1479 1472 1477
f 1477 1472 1475
f 1477 1475 1478
f 1478 1475 1473
f 1478 1473 1481
f 1481 1473 1474
f 1481 1474 1482
f 1482 1474 1844
f 1482 1844 1836
f 1836 1844 1841
f 1836 1841 1837
f 1837 1841 1819
f 1837 1819 1821
f 1821 1819 1818
f 1821 1818 1829
f 1829 1818 1820
f 1829 1820 1772
f 1772 1820 1780
f 1772 1780 1775
f 1775 1780 1781
f 1775 1781 1778
f 1778 1781 1783
f 1778 1783 1779
f 1779 1783 1782
f 1779 1782 1577
f 1577 1782 1589
f 1577 1589 1588
f 1588 1589 1578
f 1588 1578 1580
f 1580 1578 1586
f 1580 1586 1581
f 1581 1586 1587
f 1581 1587 1585
f 1585 1587 1620
f 1585 1620 1626
f 1626 1620 1633
f 1626 1633 1627
f 1627 1633 1621
f 1627 1621 1628
f 1628 1621 1634
f 1628 1634 3532
f 3532 1634 3524
f 3532 3524 3528
f 3528 3524 3523
f 3528 3523 3527
f 3527 3523 3522
f 3527 3522 3526
f 3526 3522 3521
f 3526 3521 3525
f 3525 3521 3519
f 3525 3519 3508
f 3508 3519 3518
f 3508 3518 3507
f 3507 3518 3517
f 3507 3517 3506
f 3506 3517 3516
f 3506 3516 3437
f 3437 3516 3446
f 3437 3446 3432
f 3432 3446 3445
f 3432 3445 3418
f 3418 3445 3422
f 3418 3422 3419
f 3419 3422 3423
f 3419 3423 3420
f 3420 3423 3424
f 3420 3424 3421
f 3421 3424 3425
f 3421 3425 3456
f 3456 3425 3453
f 3456 3453 3455
f 3455 3453 3454
f 3455 3454 3457
f 3457 3454 3449
f 3457 3449 3189
f 3189 3449 3183
f 3189 3183 3190
f 3190 3183 3184
f 3190 3184 3191
f 3191 3184 3174
f 3191 3174 3175
f 3175 3174 3171
f 3175 3171 3176
f 3176 3171 3170
f 3176 3170 3165
f 3165 3170 3164
f 3165 3164 3248
f 3248 3164 3244
f 3248 3244 3249
f 3249 3244 3252
f 3249 3252 3224
f 3224 3252 3237
f 3224 3237 3225
f 3225 3237 3236
f 3225 3236 3226
f 3226 3236 3235
f 1401 1407 1396
f 1396 1407 1408
f 1396 1408 1400
f 1400 1408 1410
f 1400 1410 1399
f 1399 1410 1412
f 1399 1412 1440
f 1440 1412 1430
f 1440 1430 1439
f 1439 1430 1431
f 1439 1431 1438
f 1438 1431 1432
f 1438 1432 1437
f 1437 1432 1428
f 1437 1428 1434
f 1434 1428 1369
f 1434 1369 1469
f 1469 1369 1459
f 1469 1459 1468
f 1468 1459 1458
f 1468 1458 1467
f 1467 1458 1456
f 1467 1456 1463
f 1463 1456 1447
f 1463 1447 1441
f 1441 1447 1446
f 1441 1446 1444
f 1444 1446 1442
f 1444 1442 1471
f 1471 1442 1476
f 1471 1476 1472
f 1472 1476 1484
f 1472 1484 1475
f 1475 1484 1485
f 1475 1485 1473
f 1473 1485 1483
f 1473 1483 1474
f 1474 1483 1839
f 1474 1839 1844
f 1844 1839 1830
f 1844 1830 1841
f 1841 1830 1828
f 1841 1828 1819
f 1819 1828 1827
f 1819 1827 1818
f 1818 1827 1826
f 1818 1826 1820
f 1820 1826 1816
f 1820 1816 1780
f 1780 1816 1773
f 1780 1773 1781
f 1781 1773 1776
f 1781 1776 1783
f 1783 1776 1777
f 1783 1777 1782
f 1782 1777 1584
f 1782 1584 1589
f 1589 1584 1583
f 1589 1583 1578
f 1578 1583 1582
f 1578 1582 1586
f 1586 1582 1579
f 1586 1579 1587
f 1587 1579 1632
f 1587 1632 1620
f 1620 1632 1631
f 1620 1631 1633
f 1633 1631 1630
f 1633 1630 1621
f 1621 1630 1629
f 1621 1629 1634
f 1634 1629 3534
f 1634 3534 3524
f 3524 3534 3535
f 3524 3535 3523
f 3523 3535 3533
f 3523 3533 3522
f 3522 3533 3542
f 3522 3542 3521
f 3521 3542 3541
f 3521 3541 3519
f 3519 3541 3512
f 3519 3512 3518
f 3518 3512 3513
f 3518 3513 3517
f 3517 3513 3514
f 3517 3514 3516
f 3516 3514 3515
f 3516 3515 3446
f 3446 3515 3441
f 3446 3441 3445
f 3445 3441 3444
f 3445 3444 3422
f 3422 3444 3417
f 3422 3417 3423
f 3423 3417 3426
f 3423 3426 3424
f 3424 3426 3427
f 3424 3427 3425
f 3425 3427 3447
f 3425 3447 3453
f 3453 3447 3450
f 3453 3450 3454
f 3454 3450 3451
f 3454 3451 3449
f 3449 3451 3452
f 3449 3452 3183
f 3183 3452 3179
f 3183 3179 3184
f 3184 3179 3182
f 3184 3182 3174
f 3174 3182 3167
f 3174 3167 3171
f 3171 3167 3169
f 3171 3169 3170
f 3170 3169 3177
f 3170 3177 3164
f 3164 3177 3251
f 3164 3251 3244
f 3244 3251 3250
f 3244 3250 3252
f 3252 3250 3223
f 3252 3223 3237
f 3237 3223 3231
f 3237 3231 3236
f 3236 3231 3230
f 3236 3230 3235
f 3235 3230 3229
f 1407 1397 1408
f 1408 1397 1398
f 1408 1398 1410
f 1410 1398 1421
f 1410 1421 1412
f 1412 1421 1422
f 1412 1422 1430
f 1430 1422 1426
f 1430 1426 1431
f 1431 1426 1427
f 1431 1427 1432
f 1432 1427 1378
f 1432 1378 1428
f 1428 1378 1379
f 1428 1379 1369
f 1369 1379 1380
f 1369 1380 1459
f 1459 1380 1461
f 1459 1461 1458
f 1458 1461 1462
f 1458 1462 1456
f 1456 1462 1451
f 1456 1451 1447
f 1447 1451 1452
f 1447 1452 1446
f 1446 1452 1455
f 1446 1455 1442
f 1442 1455 1490
f 1442 1490 1476
f 1476 1490 1491
f 1476 1491 1484
f 1484 1491 1492
f 1484 1492 1485
f 1485 1492 1493
f 1485 1493 1483
f 1483 1493 1842
f 1483 1842 1839
f 1839 1842 1840
f 1839 1840 1830
f 1830 1840 1838
f 1830 1838 1828
f 1828 1838 1825
f 1828 1825 1827
f 1827 1825 1824
f 1827 1824 1826
f 1826 1824 1817
f 1826 1817 1816
f 1816 1817 1770
f 1816 1770 1773
f 1773 1770 1774
f 1773 1774 1776
f 1776 1774 1771
f 1776 1771 1777
f 1777 1771 1799
f 1777 1799 1584
f 1584 1799 1785
f 1584 1785 1583
f 1583 1785 1576
f 1583 1576 1582
f 1582 1576 1594
f 1582 1594 1579
f 1579 1594 1595
f 1579 1595 1632
f 1632 1595 1625
f 1632 1625 1631
f 1631 1625 1624
f 1631 1624 1630
f 1630 1624 1623
f 1630 1623 1629
f 1629 1623 1622
f 1629 1622 3534
f 3534 1622 3529
f 3534 3529 3535
f 3535 3529 3530
f 3535 3530 3533
f 3533 3530 3543
f 3533 3543 3542
f 3542 3543 3538
f 3542 3538 3541
f 3541 3538 3537
f 3541 3537 3512
f 3512 3537 3510
f 3512 3510 3513
f 3513 3510 3511
f 3513 3511 3514
f 3514 3511 3520
f 3514 3520 3515
f 3515 3520 3438
f 3515 3438 3441
f 3441 3438 3431
f 3441 3431 3444
f 3444 3431 3439
f 3444 3439 3417
f 3417 3439 3428
f 3417 3428 3426
f 3426 3428 3429
f 3426 3429 3427
f 3427 3429 3469
f 3427 3469 3447
f 3447 3469 3461
f 3447 3461 3450
f 3450 3461 3460
f 3450 3460 3451
f 3451 3460 3459
f 3451 3459 3452
f 3452 3459 3458
f 3452 3458 3179
f 3179 3458 3180
f 3179 3180 3182
f 3182 3180 3181
f 3182 3181 3167
f 3167 3181 3166
f 3167 3166 3169
f 3169 3166 3168
f 3169 3168 3177
f 3177 3168 3241
f 3177 3241 3251
f 3251 3241 3239
f 3251 3239 3250
f 3250 3239 3240
f 3250 3240 3223
f 3223 3240 3232
f 3223 3232 3231
f 3231 3232 3233
f 3231 3233 3230
f 3230 3233 3234
f 3230 3234 3229
f 3229 3234 3270
f 1397 1404 1398
f 1398 1404 1423
f 1398 1423 1421
f 1421 1423 1425
f 1421 1425 1422
f 1422 1425 1411
f 1422 1411 1426
f 1426 1411 1413
f 1426 1413 1427
f 1427 1413 1374
f 1427 1374 1378
f 1378 1374 1370
f 1378 1370 1379
f 1379 1370 1368
f 1379 1368 1380
f 1380 1368 1367
f 1380 1367 1461
f 1461 1367 1457
f 1461 1457 1462
f 1462 1457 1445
f 1462 1445 1451
f 1451 1445 1443
f 1451 1443 1452
f 1452 1443 1454
f 1452 1454 1455
f 1455 1454 1495
f 1455 1495 1490
f 1490 1495 1496
f 1490 1496 1491
f 1491 1496 1488
f 1491 1488 1492
f 1492 1488 1487
f 1492 1487 1493
f 1493 1487 1489
f 1493 1489 1842
f 1842 1489 1833
f 1842 1833 1840
f 1840 1833 1831
f 1840 1831 1838
f 1838 1831 1832
f 1838 1832 1825
f 1825 1832 1823
f 1825 1823 1824
f 1824 1823 1822
f 1824 1822 1817
f 1817 1822 1815
f 1817 1815 1770
f 1770 1815 1784
f 1770 1784 1774
f 1774 1784 1792
f 1774 1792 1771
f 1771 1792 1796
f 1771 1796 1799
f 1799 1796 1797
f 1799 1797 1785
f 1785 1797 1798
f 1785 1798 1576
f 1576 1798 1597
f 1576 1597 1594
f 1594 1597 1592
f 1594 1592 1595
f 1595 1592 1596
f 1595 1596 1625
f 1625 1596 1613
f 1625 1613 1624
f 1624 1613 1605
f 1624 1605 1623
f 1623 1605 1607
f 1623 1607 1622
f 1622 1607 1608
f 1622 1608 3529
f 3529 1608 3531
f 3529 3531 3530
f 3530 3531 3548
f 3530 3548 3543
f 3543 3548 3547
f 3543 3547 3538
f 3538 3547 3546
f 3538 3546 3537
f 3537 3546 3545
f 3537 3545 3510
f 3510 3545 3509
f 3510 3509 3511
f 3511 3509 3483
f 3511 3483 3520
f 3520 3483 3476
f 3520 3476 3438
f 3438 3476 3442
f 3438 3442 3431
f 3431 3442 3443
f 3431 3443 3439
f 3439 3443 3440
f 3439 3440 3428
f 3428 3440 3430
f 3428 3430 3429
f 3429 3430 3468
f 3429 3468 3469
f 3469 3468 3462
f 3469 3462 3461
f 3461 3462 3463
f 3461 3463 3460
f 3460 3463 3467
f 3460 3467 3459
f 3459 3467 3448
f 3459 3448 3458
f 3458 3448 3192
f 3458 3192 3180
f 3180 3192 3188
f 3180 3188 3181
f 3181 3188 3187
f 3181 3187 3166
f 3166 3187 3172
f 3166 3172 3168
f 3168 3172 3173
f 3168 3173 3241
f 3241 3173 3245
f 3241 3245 3239
f 3239 3245 3246
f 3239 3246 3240
f 3240 3246 3247
f 3240 3247 3232
f 3232 3247 3227
f 3232 3227 3233
f 3233 3227 3228
f 3233 3228 3234
f 3234 3228 3269
f 3234 3269 3270
f 3270 3269 3271
f 1404 1414 1423
f 1423 1414 1415
f 1423 1415 1425
f 1425 1415 1416
f 1425 1416 1411
f 1411 1416 1417
f 1411 1417 1413
f 1413 1417 1384
f 1413 1384 1374
f 1374 1384 1376
f 1374 1376 1370
f 1370 1376 1377
f 1370 1377 1368
f 1368 1377 1375
f 1368 1375 1367
f 1367 1375 1366
f 1367 1366 1457
f 1457 1366 1448
f 1457 1448 1445
f 1445 1448 1449
f 1445 1449 1443
f 1443 1449 1450
f 1443 1450 1454
f 1454 1450 1497
f 1454 1497 1495
f 1495 1497 1499
f 1495 1499 1496
f 1496 1499 1500
f 1496 1500 1488
f 1488 1500 1498
f 1488 1498 1487
f 1487 1498 1486
f 1487 1486 1489
f 1489 1486 1494
f 1489 1494 1833
f 1833 1494 1835
f 1833 1835 1831
f 1831 1835 1834
f 1831 1834 1832
f 1832 1834 1812
f 1832 1812 1823
f 1823 1812 1813
f 1823 1813 1822
f 1822 1813 1814
f 1822 1814 1815
f 1815 1814 1810
f 1815 1810 1784
f 1784 1810 1788
f 1784 1788 1792
f 1792 1788 1789
f 1792 1789 1796
f 1796 1789 1790
f 1796 1790 1797
f 1797 1790 1791
f 1797 1791 1798
f 1798 1791 1604
f 1798 1604 1597
f 1597 1604 1603
f 1597 1603 1592
f 1592 1603 1602
f 1592 1602 1596
f 1596 1602 1601
f 1596 1601 1613
f 1613 1601 1615
f 1613 1615 1605
f 1605 1615 1616
f 1605 1616 1607
f 1607 1616 1617
f 1607 1617 1608
f 1608 1617 1618
f 1608 1618 3531
f 3531 1618 3550
f 3531 3550 3548
f 3548 3550 3549
f 3548 3549 3547
f 3547 3549 3544
f 3547 3544 3546
f 3546 3544 3536
f 3546 3536 3545
f 3545 3536 3493
f 3545 3493 3509
f 3509 3493 3482
f 3509 3482 3483
f 3483 3482 3477
f 3483 3477 3476
f 3476 3477 3485
f 3476 3485 3442
f 3442 3485 3490
f 3442 3490 3443
f 3443 3490 3436
f 3443 3436 3440
f 3440 3436 3435
f 3440 3435 3430
f 3430 3435 3466
f 3430 3466 3468
f 3468 3466 3465
f 3468 3465 3462
f 3462 3465 3472
f 3462 3472 3463
f 3463 3472 3471
f 3463 3471 3467
f 3467 3471 3470
f 3467 3470 3448
f 3448 3470 3178
f 3448 3178 3192
f 3192 3178 3186
f 3192 3186 3188
f 3188 3186 3185
f 3188 3185 3187
f 3187 3185 3204
f 3187 3204 3172
f 3172 3204 3205
f 3172 3205 3173
f 3173 3205 3195
f 3173 3195 3245
f 3245 3195 3242
f 3245 3242 3246
f 3246 3242 3243
f 3246 3243 3247
f 3247 3243 3263
f 3247 3263 3227
f 3227 3263 3264
f 3227 3264 3228
f 3228 3264 3278
f 3228 3278 3269
f 3269 3278 3279
f 3269 3279 3271
f 3271 3279 3280
f 1414 1420 1415
f 1415 1420 1419
f 1415 1419 1416
f 1416 1419 1418
f 1416 1418 1417
f 1417 1418 1383
f 1417 1383 1384
f 1384 1383 1382
f 1384 1382 1376
f 1376 1382 1371
f 1376 1371 1377
f 1377 1371 1372
f 1377 1372 1375
f 1375 1372 1373
f 1375 1373 1366
f 1366 1373 1553
f 1366 1553 1448
f 1448 1553 1554
f 1448 1554 1449
f 1449 1554 1560
f 1449 1560 1450
f 1450 1560 1568
f 1450 1568 1497
f 1497 1568 1569
f 1497 1569 1499
f 1499 1569 1570
f 1499 1570 1500
f 1500 1570 1529
f 1500 1529 1498
f 1498 1529 1528
f 1498 1528 1486
f 1486 1528 1527
f 1486 1527 1494
f 1494 1527 1526
f 1494 1526 1835
f 1835 1526 1843
f 1835 1843 1834
f 1834 1843 1805
f 1834 1805 1812
f 1812 1805 1806
f 1812 1806 1813
f 1813 1806 1807
f 1813 1807 1814
f 1814 1807 1808
f 1814 1808 1810
f 1810 1808 1809
f 1810 1809 1788
f 1788 1809 1795
f 1788 1795 1789
f 1789 1795 1794
f 1789 1794 1790
f 1790 1794 1793
f 1790 1793 1791
f 1791 1793 1712
f 1791 1712 1604
f 1604 1712 1591
f 1604 1591 1603
f 1603 1591 1590
f 1603 1590 1602
f 1602 1590 1593
f 1602 1593 1601
f 1601 1593 1614
f 1601 1614 1615
f 1615 1614 1612
f 1615 1612 1616
f 1616 1612 1611
f 1616 1611 1617
f 1617 1611 1610
f 1617 1610 1618
f 1618 1610 1609
f 1618 1609 3550
f 3550 1609 3539
f 3550 3539 3549
f 3549 3539 3540
f 3549 3540 3544
f 3544 3540 3503
f 3544 3503 3536
f 3536 3503 3504
f 3536 3504 3493
f 3493 3504 3505
f 3493 3505 3482
f 3482 3505 3478
f 3482 3478 3477
f 3477 3478 3479
f 3477 3479 3485
f 3485 3479 3480
f 3485 3480 3490
f 3490 3480 3481
f 3490 3481 3436
f 3436 3481 3434
f 3436 3434 3435
f 3435 3434 3433
f 3435 3433 3466
f 3466 3433 3473
f 3466 3473 3465
f 3465 3473 3474
f 3465 3474 3472
f 3472 3474 3475
f 3472 3475 3471
f 3471 3475 3464
f 3471 3464 3470
f 3470 3464 3214
f 3470 3214 3178
f 3178 3214 3215
f 3178 3215 3186
f 3186 3215 3216
f 3186 3216 3185
f 3185 3216 3219
f 3185 3219 3204
f 3204 3219 3194
f 3204 3194 3205
f 3205 3194 3196
f 3205 3196 3195
f 3195 3196 3201
f 3195 3201 3242
f 3242 3201 3238
f 3242 3238 3243
f 3243 3238 3260
f 3243 3260 3263
f 3263 3260 3259
f 3263 3259 3264
f 3264 3259 3258
f 3264 3258 3278
f 3278 3258 3274
f 3278 3274 3279
f 3279 3274 3273
f 3279 3273 3280
f 3280 3273 3272
f 1420 1424 1419
f 1419 1424 1386
f 1419 1386 1418
f 1418 1386 1387
f 1418 1387 1383
f 1383 1387 1395
f 1383 1395 1382
f 1382 1395 1394
f 1382 1394 1371
f 1371 1394 1343
f 1371 1343 1372
f 1372 1343 1342
f 1372 1342 1373
f 1373 1342 1341
f 1373 1341 1553
f 1553 1341 1547
f 1553 1547 1554
f 1554 1547 1559
f 1554 1559 1560
f 1560 1559 1555
f 1560 1555 1568
f 1568 1555 1567
f 1568 1567 1569
f 1569 1567 1566
f 1569 1566 1570
f 1570 1566 1565
f 1570 1565 1529
f 1529 1565 1521
f 1529 1521 1528
f 1528 1521 1519
f 1528 1519 1527
f 1527 1519 1518
f 1527 1518 1526
f 1526 1518 1517
f 1526 1517 1843
f 1843 1517 1804
f 1843 1804 1805
f 1805 1804 1811
f 1805 1811 1806
f 1806 1811 1803
f 1806 1803 1807
f 1807 1803 1802
f 1807 1802 1808
f 1808 1802 1800
f 1808 1800 1809
f 1809 1800 1801
f 1809 1801 1795
f 1795 1801 1786
f 1795 1786 1794
f 1794 1786 1787
f 1794 1787 1793
f 1793 1787 1716
f 1793 1716 1712
f 1712 1716 1710
f 1712 1710 1591
f 1591 1710 1600
f 1591 1600 1590
f 1590 1600 1599
f 1590 1599 1593
f 1593 1599 1598
f 1593 1598 1614
f 1614 1598 1619
f 1614 1619 1612
f 1612 1619 1606
f 1612 1606 1611
f 1611 1606 1705
f 1611 1705 1610
f 1610 1705 1706
f 1610 1706 1609
f 1609 1706 1707
f 1609 1707 3539
f 3539 1707 3494
f 3539 3494 3540
f 3540 3494 3495
f 3540 3495 3503
f 3503 3495 3502
f 3503 3502 3504
f 3504 3502 3499
f 3504 3499 3505
f 3505 3499 3497
f 3505 3497 3478
f 3478 3497 3489
f 3478 3489 3479
f 3479 3489 3488
f 3479 3488 3480
f 3480 3488 3484
f 3480 3484 3481
f 3481 3484 3634
f 3481 3634 3434
f 3434 3634 3633
f 3434 3633 3433
f 3433 3633 3636
f 3433 3636 3473
f 3473 3636 3620
f 3473 3620 3474
f 3474 3620 3621
f 3474 3621 3475
f 3475 3621 3624
f 3475 3624 3464
f 3464 3624 3623
f 3464 3623 3214
f 3214 3623 3213
f 3214 3213 3215
f 3215 3213 3217
f 3215 3217 3216
f 3216 3217 3218
f 3216 3218 3219
f 3219 3218 3212
f 3219 3212 3194
f 3194 3212 3206
f 3194 3206 3196
f 3196 3206 3193
f 3196 3193 3201
f 3201 3193 3207
f 3201 3207 3238
f 3238 3207 3255
f 3238 3255 3260
f 3260 3255 3256
f 3260 3256 3259
f 3259 3256 3257
f 3259 3257 3258
f 3258 3257 3253
f 3258 3253 3274
f 3274 3253 3268
f 3274 3268 3273
f 3273 3268 3276
f 3273 3276 3272
f 3272 3276 3275
f 1424 1393 1386
f 1386 1393 1392
f 1386 1392 1387
f 1387 1392 1391
f 1387 1391 1395
f 1395 1391 1390
f 1395 1390 1394
f 1394 1390 1344
f 1394 1344 1343
f 1343 1344 1345
f 1343 1345 1342
f 1342 1345 1336
f 1342 1336 1341
f 1341 1336 1349
f 1341 1349 1547
f 1547 1349 1556
f 1547 1556 1559
f 1559 1556 1557
f 1559 1557 1555
f 1555 1557 1558
f 1555 1558 1567
f 1567 1558 1564
f 1567 1564 1566
f 1566 1564 1575
f 1566 1575 1565
f 1565 1575 1562
f 1565 1562 1521
f 1521 1562 1522
f 1521 1522 1519
f 1519 1522 1530
f 1519 1530 1518
f 1518 1530 1516
f 1518 1516 1517
f 1517 1516 1523
f 1517 1523 1804
f 1804 1523 1765
f 1804 1765 1811
f 1811 1765 1766
f 1811 1766 1803
f 1803 1766 1767
f 1803 1767 1802
f 1802 1767 1769
f 1802 1769 1800
f 1800 1769 1768
f 1800 1768 1801
f 1801 1768 1721
f 1801 1721 1786
f 1786 1721 1722
f 1786 1722 1787
f 1787 1722 1723
f 1787 1723 1716
f 1716 1723 1724
f 1716 1724 1710
f 1710 1724 1725
f 1710 1725 1600
f 1600 1725 1653
f 1600 1653 1599
f 1599 1653 1661
f 1599 1661 1598
f 1598 1661 1662
f 1598 1662 1619
f 1619 1662 1663
f 1619 1663 1606
f 1606 1663 1704
f 1606 1704 1705
f 1705 1704 1702
f 1705 1702 1706
f 1706 1702 1703
f 1706 1703 1707
f 1707 1703 1708
f 1707 1708 3494
f 3494 1708 3492
f 3494 3492 3495
f 3495 3492 3491
f 3495 3491 3502
f 3502 3491 3496
f 3502 3496 3499
f 3499 3496 3500
f 3499 3500 3497
f 3497 3500 3501
f 3497 3501 3489
f 3489 3501 3487
f 3489 3487 3488
f 3488 3487 3486
f 3488 3486 3484
f 3484 3486 3635
f 3484 3635 3634
f 3634 3635 3637
f 3634 3637 3633
f 3633 3637 3638
f 3633 3638 3636
f 3636 3638 3632
f 3636 3632 3620
f 3620 3632 3619
f 3620 3619 3621
f 3621 3619 3618
f 3621 3618 3624
f 3624 3618 3610
f 3624 3610 3623
f 3623 3610 3622
f 3623 3622 3213
f 3213 3622 3209
f 3213 3209 3217
f 3217 3209 3208
f 3217 3208 3218
f 3218 3208 3210
f 3218 3210 3212
f 3212 3210 3211
f 3212 3211 3206
f 3206 3211 3198
f 3206 3198 3193
f 3193 3198 3199
f 3193 3199 3207
f 3207 3199 3200
f 3207 3200 3255
f 3255 3200 3266
f 3255 3266 3256
f 3256 3266 3254
f 3256 3254 3257
f 3257 3254 3267
f 3257 3267 3253
f 3253 3267 3277
f 3253 3277 3268
f 3268 3277 3281
f 3268 3281 3276
f 3276 3281 3282
f 3276 3282 3275
f 3275 3282 3367
f 1393 1388 1392
f 1392 1388 1389
f 1392 1389 1391
f 1391 1389 1381
f 1391 1381 1390
f 1390 1381 1362
f 1390 1362 1344
f 1344 1362 1337
f 1344 1337 1345
f 1345 1337 1340
f 1345 1340 1336
f 1336 1340 1339
f 1336 1339 1349
f 1349 1339 1338
f 1349 1338 1556
f 1556 1338 1552
f 1556 1552 1557
f 1557 1552 1548
f 1557 1548 1558
f 1558 1548 1561
f 1558 1561 1564
f 1564 1561 1563
f 1564 1563 1575
f 1575 1563 1571
f 1575 1571 1562
f 1562 1571 1572
f 1562 1572 1522
f 1522 1572 1524
f 1522 1524 1530
f 1530 1524 1525
f 1530 1525 1516
f 1516 1525 1520
f 1516 1520 1523
f 1523 1520 1501
f 1523 1501 1765
f 1765 1501 1757
f 1765 1757 1766
f 1766 1757 1758
f 1766 1758 1767
f 1767 1758 1762
f 1767 1762 1769
f 1769 1762 1755
f 1769 1755 1768
f 1768 1755 1764
f 1768 1764 1721
f 1721 1764 1719
f 1721 1719 1722
f 1722 1719 1718
f 1722 1718 1723
f 1723 1718 1717
f 1723 1717 1724
f 1724 1717 1713
f 1724 1713 1725
f 1725 1713 1652
f 1725 1652 1653
f 1653 1652 1651
f 1653 1651 1661
f 1661 1651 1650
f 1661 1650 1662
f 1662 1650 1649
f 1662 1649 1663
f 1663 1649 1676
f 1663 1676 1704
f 1704 1676 1695
f 1704 1695 1702
f 1702 1695 1696
f 1702 1696 1703
f 1703 1696 1697
f 1703 1697 1708
f 1708 1697 1698
f 1708 1698 3492
f 3492 1698 3498
f 3492 3498 3491
f 3491 3498 3583
f 3491 3583 3496
f 3496 3583 3580
f 3496 3580 3500
f 3500 3580 3581
f 3500 3581 3501
f 3501 3581 3582
f 3501 3582 3487
f 3487 3582 3605
f 3487 3605 3486
f 3486 3605 3639
f 3486 3639 3635
f 3635 3639 3640
f 3635 3640 3637
f 3637 3640 3631
f 3637 3631 3638
f 3638 3631 3625
f 3638 3625 3632
f 3632 3625 3614
f 3632 3614 3619
f 3619 3614 3615
f 3619 3615 3618
f 3618 3615 3616
f 3618 3616 3610
f 3610 3616 3617
f 3610 3617 3622
f 3622 3617 3321
f 3622 3321 3209
f 3209 3321 3222
f 3209 3222 3208
f 3208 3222 3221
f 3208 3221 3210
f 3210 3221 3220
f 3210 3220 3211
f 3211 3220 3197
f 3211 3197 3198
f 3198 3197 3202
f 3198 3202 3199
f 3199 3202 3203
f 3199 3203 3200
f 3200 3203 3265
f 3200 3265 3266
f 3266 3265 3262
f 3266 3262 3254
f 3254 3262 3261
f 3254 3261 3267
f 3267 3261 3380
f 3267 3380 3277
f 3277 3380 3381
f 3277 3381 3281
f 3281 3381 3384
f 3281 3384 3282
f 3282 3384 3366
f 3282 3366 3367
f 3367 3366 3365
f 1388 1385 1389
f 1389 1385 1358
f 1389 1358 1381
f 1381 1358 1351
f 1381 1351 1362
f 1362 1351 1359
f 1362 1359 1337
f 1337 1359 1350
f 1337 1350 1340
f 1340 1350 1348
f 1340 1348 1339
f 1339 1348 1347
f 1339 1347 1338
f 1338 1347 1346
f 1338 1346 1552
f 1552 1346 1549
f 1552 1549 1548
f 1548 1549 1550
f 1548 1550 1561
f 1561 1550 1574
f 1561 1574 1563
f 1563 1574 1573
f 1563 1573 1571
f 1571 1573 1531
f 1571 1531 1572
f 1572 1531 1532
f 1572 1532 1524
f 1524 1532 1511
f 1524 1511 1525
f 1525 1511 1515
f 1525 1515 1520
f 1520 1515 1514
f 1520 1514 1501
f 1501 1514 1503
f 1501 1503 1757
f 1757 1503 1761
f 1757 1761 1758
f 1758 1761 1760
f 1758 1760 1762
f 1762 1760 1759
f 1762 1759 1755
f 1755 1759 1756
f 1755 1756 1764
f 1764 1756 1711
f 1764 1711 1719
f 1719 1711 1714
f 1719 1714 1718
f 1718 1714 1715
f 1718 1715 1717
f 1717 1715 1720
f 1717 1720 1713
f 1713 1720 1654
f 1713 1654 1652
f 1652 1654 1655
f 1652 1655 1651
f 1651 1655 1656
f 1651 1656 1650
f 1650 1656 1657
f 1650 1657 1649
f 1649 1657 1666
f 1649 1666 1676
f 1676 1666 1665
f 1676 1665 1695
f 1695 1665 1694
f 1695 1694 1696
f 1696 1694 1699
f 1696 1699 1697
f 1697 1699 1709
f 1697 1709 1698
f 1698 1709 1687
f 1698 1687 3498
f 3498 1687 3587
f 3498 3587 3583
f 3583 3587 3586
f 3583 3586 3580
f 3580 3586 3585
f 3580 3585 3581
f 3581 3585 3584
f 3581 3584 3582
f 3582 3584 3599
f 3582 3599 3605
f 3605 3599 3600
f 3605 3600 3639
f 3639 3600 3629
f 3639 3629 3640
f 3640 3629 3628
f 3640 3628 3631
f 3631 3628 3627
f 3631 3627 3625
f 3625 3627 3626
f 3625 3626 3614
f 3614 3626 3613
f 3614 3613 3615
f 3615 3613 3612
f 3615 3612 3616
f 3616 3612 3611
f 3616 3611 3617
f 3617 3611 3326
f 3617 3326 3321
f 3321 3326 3327
f 3321 3327 3222
f 3222 3327 3332
f 3222 3332 3221
f 3221 3332 3337
f 3221 3337 3220
f 3220 3337 3338
f 3220 3338 3197
f 3197 3338 3342
f 3197 3342 3202
f 3202 3342 3415
f 3202 3415 3203
f 3203 3415 3412
f 3203 3412 3265
f 3265 3412 3413
f 3265 3413 3262
f 3262 3413 3375
f 3262 3375 3261
f 3261 3375 3376
f 3261 3376 3380
f 3380 3376 3377
f 3380 3377 3381
f 3381 3377 3378
f 3381 3378 3384
f 3384 3378 3361
f 3384 3361 3366
f 3366 3361 3360
f 3366 3360 3365
f 3365 3360 3359
f 1385 1352 1358
f 1358 1352 1356
f 1358 1356 1351
f 1351 1356 1357
f 1351 1357 1359
f 1359 1357 1360
f 1359 1360 1350
f 1350 1360 1361
f 1350 1361 1348
f 1348 1361 1328
f 1348 1328 1347
f 1347 1328 1329
f 1347 1329 1346
f 1346 1329 1330
f 1346 1330 1549
f 1549 1330 1551
f 1549 1551 1550
f 1550 1551 1533
f 1550 1533 1574
f 1574 1533 1542
f 1574 1542 1573
f 1573 1542 1541
f 1573 1541 1531
f 1531 1541 1535
f 1531 1535 1532
f 1532 1535 1534
f 1532 1534 1511
f 1511 1534 1502
f 1511 1502 1515
f 1515 1502 1504
f 1515 1504 1514
f 1514 1504 1505
f 1514 1505 1503
f 1503 1505 1506
f 1503 1506 1761
f 1761 1506 1763
f 1761 1763 1760
f 1760 1763 1746
f 1760 1746 1759
f 1759 1746 1745
f 1759 1745 1756
f 1756 1745 1744
f 1756 1744 1711
f 1711 1744 1729
f 1711 1729 1714
f 1714 1729 1728
f 1714 1728 1715
f 1715 1728 1727
f 1715 1727 1720
f 1720 1727 1726
f 1720 1726 1654
f 1654 1726 1658
f 1654 1658 1655
f 1655 1658 1659
f 1655 1659 1656
f 1656 1659 1660
f 1656 1660 1657
f 1657 1660 1667
f 1657 1667 1666
f 1666 1667 1673
f 1666 1673 1665
f 1665 1673 1664
f 1665 1664 1694
f 1694 1664 1700
f 1694 1700 1699
f 1699 1700 1701
f 1699 1701 1709
f 1709 1701 1681
f 1709 1681 1687
f 1687 1681 1682
f 1687 1682 3587
f 3587 1682 3589
f 3587 3589 3586
f 3586 3589 3590
f 3586 3590 3585
f 3585 3590 3591
f 3585 3591 3584
f 3584 3591 3609
f 3584 3609 3599
f 3599 3609 3594
f 3599 3594 3600
f 3600 3594 3608
f 3600 3608 3629
f 3629 3608 3630
f 3629 3630 3628
f 3628 3630 3684
f 3628 3684 3627
f 3627 3684 3678
f 3627 3678 3626
f 3626 3678 3669
f 3626 3669 3613
f 3613 3669 3659
f 3613 3659 3612
f 3612 3659 3665
f 3612 3665 3611
f 3611 3665 3323
f 3611 3323 3326
f 3326 3323 3324
f 3326 3324 3327
f 3327 3324 3314
f 3327 3314 3332
f 3332 3314 3333
f 3332 3333 3337
f 3337 3333 3340
f 3337 3340 3338
f 3338 3340 3341
f 3338 3341 3342
f 3342 3341 3339
f 3342 3339 3415
f 3415 3339 3406
f 3415 3406 3412
f 3412 3406 3405
f 3412 3405 3413
f 3413 3405 3414
f 3413 3414 3375
f 3375 3414 3385
f 3375 3385 3376
f 3376 3385 3372
f 3376 3372 3377
f 3377 3372 3386
f 3377 3386 3378
f 3378 3386 3383
f 3378 3383 3361
f 3361 3383 3364
f 3361 3364 3360
f 3360 3364 3363
f 3360 3363 3359
f 3359 3363 3362
f 1352 1365 1356
f 1356 1365 1364
f 1356 1364 1357
f 1357 1364 1363
f 1357 1363 1360
f 1360 1363 1353
f 1360 1353 1361
f 1361 1353 1322
f 1361 1322 1328
f 1328 1322 1321
f 1328 1321 1329
f 1329 1321 1323
f 1329 1323 1330
f 1330 1323 1320
f 1330 1320 1551
f 1551 1320 1540
f 1551 1540 1533
f 1533 1540 1539
f 1533 1539 1542
f 1542 1539 1538
f 1542 1538 1541
f 1541 1538 1536
f 1541 1536 1535
f 1535 1536 1537
f 1535 1537 1534
f 1534 1537 1512
f 1534 1512 1502
f 1502 1512 1513
f 1502 1513 1504
f 1504 1513 1510
f 1504 1510 1505
f 1505 1510 1068
f 1505 1068 1506
f 1506 1068 1064
f 1506 1064 1763
f 1763 1064 1740
f 1763 1740 1746
f 1746 1740 1742
f 1746 1742 1745
f 1745 1742 1743
f 1745 1743 1744
f 1744 1743 1739
f 1744 1739 1729
f 1729 1739 1738
f 1729 1738 1728
f 1728 1738 1737
f 1728 1737 1727
f 1727 1737 1736
f 1727 1736 1726
f 1726 1736 1635
f 1726 1635 1658
f 1658 1635 1638
f 1658 1638 1659
f 1659 1638 1639
f 1659 1639 1660
f 1660 1639 1640
f 1660 1640 1667
f 1667 1640 1671
f 1667 1671 1673
f 1673 1671 1672
f 1673 1672 1664
f 1664 1672 1674
f 1664 1674 1700
f 1700 1674 1693
f 1700 1693 1701
f 1701 1693 1691
f 1701 1691 1681
f 1681 1691 1689
f 1681 1689 1682
f 1682 1689 1688
f 1682 1688 3589
f 3589 1688 3593
f 3589 3593 3590
f 3590 3593 3588
f 3590 3588 3591
f 3591 3588 3595
f 3591 3595 3609
f 3609 3595 3596
f 3609 3596 3594
f 3594 3596 3597
f 3594 3597 3608
f 3608 3597 3598
f 3608 3598 3630
f 3630 3598 3683
f 3630 3683 3684
f 3684 3683 3682
f 3684 3682 3678
f 3678 3682 3679
f 3678 3679 3669
f 3669 3679 3667
f 3669 3667 3659
f 3659 3667 3668
f 3659 3668 3665
f 3665 3668 3666
f 3665 3666 3323
f 3323 3666 3320
f 3323 3320 3324
f 3324 3320 3318
f 3324 3318 3314
f 3314 3318 3317
f 3314 3317 3333
f 3333 3317 3336
f 3333 3336 3340
f 3340 3336 3335
f 3340 3335 3341
f 3341 3335 3334
f 3341 3334 3339
f 3339 3334 3410
f 3339 3410 3406
f 3406 3410 3409
f 3406 3409 3405
f 3405 3409 3408
f 3405 3408 3414
f 3414 3408 3407
f 3414 3407 3385
f 3385 3407 3373
f 3385 3373 3372
f 3372 3373 3374
f 3372 3374 3386
f 3386 3374 3379
f 3386 3379 3383
f 3383 3379 3371
f 3383 3371 3364
f 3364 3371 3370
f 3364 3370 3363
f 3363 3370 3369
f 3363 3369 3362
f 3362 3369 3368
f 1365 1354 1364
f 1364 1354 1355
f 1364 1355 1363
f 1363 1355 1309
f 1363 1309 1353
f 1353 1309 1310
f 1353 1310 1322
f 1322 1310 1325
f 1322 1325 1321
f 1321 1325 1326
f 1321 1326 1323
f 1323 1326 1327
f 1323 1327 1320
f 1320 1327 1324
f 1320 1324 1540
f 1540 1324 1545
f 1540 1545 1539
f 1539 1545 1546
f 1539 1546 1538
f 1538 1546 1544
f 1538 1544 1536
f 1536 1544 1543
f 1536 1543 1537
f 1537 1543 1507
f 1537 1507 1512
f 1512 1507 1508
f 1512 1508 1513
f 1513 1508 1509
f 1513 1509 1510
f 1510 1509 1067
f 1510 1067 1068
f 1068 1067 1066
f 1068 1066 1064
f 1064 1066 1065
f 1064 1065 1740
f 1740 1065 1750
f 1740 1750 1742
f 1742 1750 1749
f 1742 1749 1743
f 1743 1749 1748
f 1743 1748 1739
f 1739 1748 1733
f 1739 1733 1738
f 1738 1733 1734
f 1738 1734 1737
f 1737 1734 1735
f 1737 1735 1736
f 1736 1735 1641
f 1736 1641 1635
f 1635 1641 1642
f 1635 1642 1638
f 1638 1642 1643
f 1638 1643 1639
f 1639 1643 1644
f 1639 1644 1640
f 1640 1644 1645
f 1640 1645 1671
f 1671 1645 1670
f 1671 1670 1672
f 1672 1670 1669
f 1672 1669 1674
f 1674 1669 1668
f 1674 1668 1693
f 1693 1668 1692
f 1693 1692 1691
f 1691 1692 1690
f 1691 1690 1689
f 1689 1690 1686
f 1689 1686 1688
f 1688 1686 1685
f 1688 1685 3593
f 3593 1685 3592
f 3593 3592 3588
f 3588 3592 3601
f 3588 3601 3595
f 3595 3601 3602
f 3595 3602 3596
f 3596 3602 3603
f 3596 3603 3597
f 3597 3603 3604
f 3597 3604 3598
f 3598 3604 3675
f 3598 3675 3683
f 3683 3675 3676
f 3683 3676 3682
f 3682 3676 3670
f 3682 3670 3679
f 3679 3670 3664
f 3679 3664 3667
f 3667 3664 3657
f 3667 3657 3668
f 3668 3657 3656
f 3668 3656 3666
f 3666 3656 3315
f 3666 3315 3320
f 3320 3315 3313
f 3320 3313 3318
f 3318 3313 3325
f 3318 3325 3317
f 3317 3325 3328
f 3317 3328 3336
f 3336 3328 3329
f 3336 3329 3335
f 3335 3329 3330
f 3335 3330 3334
f 3334 3330 3289
f 3334 3289 3410
f 3410 3289 3404
f 3410 3404 3409
f 3409 3404 3403
f 3409 3403 3408
f 3408 3403 3402
f 3408 3402 3407
f 3407 3402 3389
f 3407 3389 3373
f 3373 3389 3388
f 3373 3388 3374
f 3374 3388 3382
f 3374 3382 3379
f 3379 3382 3347
f 3379 3347 3371
f 3371 3347 3358
f 3371 3358 3370
f 3370 3358 3357
f 3370 3357 3369
f 3369 3357 3349
f 3369 3349 3368
f 3368 3349 3350
f 1354 1319 1355
f 1355 1319 1318
f 1355 1318 1309
f 1309 1318 1317
f 1309 1317 1310
f 1310 1317 1316
f 1310 1316 1325
f 1325 1316 1333
f 1325 1333 1326
f 1326 1333 1332
f 1326 1332 1327
f 1327 1332 1331
f 1327 1331 1324
f 1324 1331 1142
f 1324 1142 1545
f 1545 1142 1153
f 1545 1153 1546
f 1546 1153 1152
f 1546 1152 1544
f 1544 1152 1141
f 1544 1141 1543
f 1543 1141 1083
f 1543 1083 1507
f 1507 1083 1085
f 1507 1085 1508
f 1508 1085 1084
f 1508 1084 1509
f 1509 1084 1072
f 1509 1072 1067
f 1067 1072 1073
f 1067 1073 1066
f 1066 1073 1075
f 1066 1075 1065
f 1065 1075 1076
f 1065 1076 1750
f 1750 1076 1752
f 1750 1752 1749
f 1749 1752 1754
f 1749 1754 1748
f 1748 1754 1753
f 1748 1753 1733
f 1733 1753 1730
f 1733 1730 1734
f 1734 1730 1731
f 1734 1731 1735
f 1735 1731 1732
f 1735 1732 1641
f 1641 1732 1646
f 1641 1646 1642
f 1642 1646 1647
f 1642 1647 1643
f 1643 1647 1648
f 1643 1648 1644
f 1644 1648 1636
f 1644 1636 1645
f 1645 1636 1637
f 1645 1637 1670
f 1670 1637 1675
f 1670 1675 1669
f 1669 1675 1677
f 1669 1677 1668
f 1668 1677 1678
f 1668 1678 1692
f 1692 1678 1680
f 1692 1680 1690
f 1690 1680 1679
f 1690 1679 1686
f 1686 1679 1684
f 1686 1684 1685
f 1685 1684 1683
f 1685 1683 3592
f 3592 1683 3577
f 3592 3577 3601
f 3601 3577 3606
f 3601 3606 3602
f 3602 3606 3607
f 3602 3607 3603
f 3603 3607 3551
f 3603 3551 3604
f 3604 3551 3556
f 3604 3556 3675
f 3675 3556 3681
f 3675 3681 3676
f 3676 3681 3680
f 3676 3680 3670
f 3670 3680 3677
f 3670 3677 3664
f 3664 3677 3655
f 3664 3655 3657
f 3657 3655 3660
f 3657 3660 3656
f 3656 3660 3661
f 3656 3661 3315
f 3315 3661 3322
f 3315 3322 3313
f 3313 3322 3316
f 3313 3316 3325
f 3325 3316 3319
f 3325 3319 3328
f 3328 3319 3331
f 3328 3331 3329
f 3329 3331 3287
f 3329 3287 3330
f 3330 3287 3292
f 3330 3292 3289
f 3289 3292 3293
f 3289 3293 3404
f 3404 3293 3416
f 3404 3416 3403
f 3403 3416 3411
f 3403 3411 3402
f 3402 3411 3401
f 3402 3401 3389
f 3389 3401 3398
f 3389 3398 3388
f 3388 3398 3399
f 3388 3399 3382
f 3382 3399 3351
f 3382 3351 3347
f 3347 3351 3352
f 3347 3352 3358
f 3358 3352 3353
f 3358 3353 3357
f 3357 3353 3354
f 3357 3354 3349
f 3349 3354 3355
f 3349 3355 3350
f 3350 3355 3356
f 1319 1315 1318
f 1318 1315 1314
f 1318 1314 1317
f 1317 1314 1313
f 1317 1313 1316
f 1316 1313 1305
f 1316 1305 1333
f 1333 1305 1335
f 1333 1335 1332
f 1332 1335 1334
f 1332 1334 1331
f 1331 1334 1146
f 1331 1146 1142
f 1142 1146 1147
f 1142 1147 1153
f 1153 1147 1148
f 1153 1148 1152
f 1152 1148 1149
f 1152 1149 1141
f 1141 1149 1079
f 1141 1079 1083
f 1083 1079 1080
f 1083 1080 1085
f 1085 1080 1081
f 1085 1081 1084
f 1084 1081 1082
f 1084 1082 1072
f 1072 1082 1069
f 1072 1069 1073
f 1073 1069 1070
f 1073 1070 1075
f 1075 1070 1071
f 1075 1071 1076
f 1076 1071 1751
f 1076 1751 1752
f 1752 1751 1741
f 1752 1741 1754
f 1754 1741 2018
f 1754 2018 1753
f 1753 2018 2017
f 1753 2017 1730
f 1730 2017 2014
f 1730 2014 1731
f 1731 2014 1996
f 1731 1996 1732
f 1732 1996 1995
f 1732 1995 1646
f 1646 1995 1991
f 1646 1991 1647
f 1647 1991 1985
f 1647 1985 1648
f 1648 1985 1984
f 1648 1984 1636
f 1636 1984 1900
f 1636 1900 1637
f 1637 1900 1899
f 1637 1899 1675
f 1675 1899 1898
f 1675 1898 1677
f 1677 1898 1867
f 1677 1867 1678
f 1678 1867 1869
f 1678 1869 1680
f 1680 1869 1871
f 1680 1871 1679
f 1679 1871 1870
f 1679 1870 1684
f 1684 1870 1868
f 1684 1868 1683
f 1683 1868 3572
f 1683 3572 3577
f 3577 3572 3579
f 3577 3579 3606
f 3606 3579 3566
f 3606 3566 3607
f 3607 3566 3564
f 3607 3564 3551
f 3551 3564 3560
f 3551 3560 3556
f 3556 3560 3553
f 3556 3553 3681
f 3681 3553 3673
f 3681 3673 3680
f 3680 3673 3672
f 3680 3672 3677
f 3677 3672 3671
f 3677 3671 3655
f 3655 3671 3662
f 3655 3662 3660
f 3660 3662 3663
f 3660 3663 3661
f 3661 3663 3658
f 3661 3658 3322
f 3322 3658 3312
f 3322 3312 3316
f 3316 3312 3311
f 3316 3311 3319
f 3319 3311 3302
f 3319 3302 3331
f 3331 3302 3286
f 3331 3286 3287
f 3287 3286 3285
f 3287 3285 3292
f 3292 3285 3284
f 3292 3284 3293
f 3293 3284 3283
f 3293 3283 3416
f 3416 3283 3391
f 3416 3391 3411
f 3411 3391 3392
f 3411 3392 3401
f 3401 3392 3393
f 3401 3393 3398
f 3398 3393 3394
f 3398 3394 3399
f 3399 3394 3395
f 3399 3395 3351
f 3351 3395 3343
f 3351 3343 3352
f 3352 3343 3348
f 3352 3348 3353
f 3353 3348 3344
f 3353 3344 3354
f 3354 3344 3345
f 3354 3345 3355
f 3355 3345 3346
f 3355 3346 3356
f 3356 3346 4212
f 1315 1307 1314
f 1314 1307 1306
f 1314 1306 1313
f 1313 1306 1311
f 1313 1311 1305
f 1305 1311 1312
f 1305 1312 1335
f 1335 1312 1120
f 1335 1120 1334
f 1334 1120 1119
f 1334 1119 1146
f 1146 1119 1145
f 1146 1145 1147
f 1147 1145 1144
f 1147 1144 1148
f 1148 1144 1143
f 1148 1143 1149
f 1149 1143 1139
f 1149 1139 1079
f 1079 1139 1093
f 1079 1093 1080
f 1080 1093 1092
f 1080 1092 1081
f 1081 1092 1091
f 1081 1091 1082
f 1082 1091 1090
f 1082 1090 1069
f 1069 1090 1074
f 1069 1074 1070
f 1070 1074 1078
f 1070 1078 1071
f 1071 1078 1077
f 1071 1077 1751
f 1751 1077 1747
f 1751 1747 1741
f 1741 1747 2012
f 1741 2012 2018
f 2018 2012 2019
f 2018 2019 2017
f 2017 2019 2024
f 2017 2024 2014
f 2014 2024 1983
f 2014 1983 1996
f 1996 1983 1993
f 1996 1993 1995
f 1995 1993 1990
f 1995 1990 1991
f 1991 1990 1989
f 1991 1989 1985
f 1985 1989 1988
f 1985 1988 1984
f 1984 1988 1893
f 1984 1893 1900
f 1900 1893 1892
f 1900 1892 1899
f 1899 1892 1891
f 1899 1891 1898
f 1898 1891 1890
f 1898 1890 1867
f 1867 1890 1866
f 1867 1866 1869
f 1869 1866 1862
f 1869 1862 1871
f 1871 1862 1860
f 1871 1860 1870
f 1870 1860 1863
f 1870 1863 1868
f 1868 1863 1864
f 1868 1864 3572
f 3572 1864 3569
f 3572 3569 3579
f 3579 3569 3571
f 3579 3571 3566
f 3566 3571 3570
f 3566 3570 3564
f 3564 3570 3563
f 3564 3563 3560
f 3560 3563 3562
f 3560 3562 3553
f 3553 3562 3561
f 3553 3561 3673
f 3673 3561 3674
f 3673 3674 3672
f 3672 3674 3649
f 3672 3649 3671
f 3671 3649 3641
f 3671 3641 3662
f 3662 3641 3654
f 3662 3654 3663
f 3663 3654 3648
f 3663 3648 3658
f 3658 3648 3299
f 3658 3299 3312
f 3312 3299 3298
f 3312 3298 3311
f 3311 3298 3300
f 3311 3300 3302
f 3302 3300 3301
f 3302 3301 3286
f 3286 3301 3295
f 3286 3295 3285
f 3285 3295 3296
f 3285 3296 3284
f 3284 3296 3297
f 3284 3297 3283
f 3283 3297 3291
f 3283 3291 3391
f 3391 3291 3387
f 3391 3387 3392
f 3392 3387 3390
f 3392 3390 3393
f 3393 3390 3400
f 3393 3400 3394
f 3394 3400 3397
f 3394 3397 3395
f 3395 3397 3396
f 3395 3396 3343
f 3343 3396 4138
f 3343 4138 3348
f 3348 4138 4137
f 3348 4137 3344
f 3344 4137 4136
f 3344 4136 3345
f 3345 4136 4139
f 3345 4139 3346
f 3346 4139 4213
f 3346 4213 4212
f 4212 4213 4211
f 1307 1308 1306
f 1306 1308 1138
f 1306 1138 1311
f 1311 1138 1137
f 1311 1137 1312
f 1312 1137 1121
f 1312 1121 1120
f 1120 1121 1122
f 1120 1122 1119
f 1119 1122 1123
f 1119 1123 1145
f 1145 1123 1151
f 1145 1151 1144
f 1144 1151 1150
f 1144 1150 1143
f 1143 1150 1154
f 1143 1154 1139
f 1139 1154 1168
f 1139 1168 1093
f 1093 1168 1089
f 1093 1089 1092
f 1092 1089 1088
f 1092 1088 1091
f 1091 1088 1087
f 1091 1087 1090
f 1090 1087 1086
f 1090 1086 1074
f 1074 1086 1061
f 1074 1061 1078
f 1078 1061 1063
f 1078 1063 1077
f 1077 1063 1062
f 1077 1062 1747
f 1747 1062 2016
f 1747 2016 2012
f 2012 2016 2015
f 2012 2015 2019
f 2019 2015 2013
f 2019 2013 2024
f 2024 2013 2025
f 2024 2025 1983
f 1983 2025 1986
f 1983 1986 1993
f 1993 1986 1987
f 1993 1987 1990
f 1990 1987 1992
f 1990 1992 1989
f 1989 1992 1994
f 1989 1994 1988
f 1988 1994 1897
f 1988 1897 1893
f 1893 1897 1896
f 1893 1896 1892
f 1892 1896 1905
f 1892 1905 1891
f 1891 1905 1904
f 1891 1904 1890
f 1890 1904 1902
f 1890 1902 1866
f 1866 1902 1865
f 1866 1865 1862
f 1862 1865 1872
f 1862 1872 1860
f 1860 1872 1873
f 1860 1873 1863
f 1863 1873 1874
f 1863 1874 1864
f 1864 1874 1856
f 1864 1856 3569
f 3569 1856 3568
f 3569 3568 3571
f 3571 3568 3567
f 3571 3567 3570
f 3570 3567 3578
f 3570 3578 3563
f 3563 3578 3555
f 3563 3555 3562
f 3562 3555 3554
f 3562 3554 3561
f 3561 3554 3552
f 3561 3552 3674
f 3674 3552 3646
f 3674 3646 3649
f 3649 3646 3645
f 3649 3645 3641
f 3641 3645 3644
f 3641 3644 3654
f 3654 3644 3643
f 3654 3643 3648
f 3648 3643 3642
f 3648 3642 3299
f 3299 3642 3303
f 3299 3303 3298
f 3298 3303 3304
f 3298 3304 3300
f 3300 3304 3305
f 3300 3305 3301
f 3301 3305 3306
f 3301 3306 3295
f 3295 3306 3290
f 3295 3290 3296
f 3296 3290 3294
f 3296 3294 3297
f 3297 3294 4104
f 3297 4104 3291
f 3291 4104 4103
f 3291 4103 3387
f 3387 4103 4096
f 3387 4096 3390
f 3390 4096 4102
f 3390 4102 3400
f 3400 4102 4101
f 3400 4101 3397
f 3397 4101 4100
f 3397 4100 3396
f 3396 4100 4140
f 3396 4140 4138
f 4138 4140 4141
f 4138 4141 4137
f 4137 4141 4142
f 4137 4142 4136
f 4136 4142 4143
f 4136 4143 4139
f 4139 4143 4144
f 4139 4144 4213
f 4213 4144 4215
f 4213 4215 4211
f 4211 4215 4216
f 1308 1130 1138
f 1138 1130 1129
f 1138 1129 1137
f 1137 1129 1128
f 1137 1128 1121
f 1121 1128 1114
f 1121 1114 1122
f 1122 1114 1113
f 1122 1113 1123
f 1123 1113 1112
f 1123 1112 1151
f 1151 1112 1140
f 1151 1140 1150
f 1150 1140 1158
f 1150 1158 1154
f 1154 1158 1159
f 1154 1159 1168
f 1168 1159 1160
f 1168 1160 1089
f 1089 1160 1095
f 1089 1095 1088
f 1088 1095 1096
f 1088 1096 1087
f 1087 1096 1097
f 1087 1097 1086
f 1086 1097 1056
f 1086 1056 1061
f 1061 1056 1055
f 1061 1055 1063
f 1063 1055 1052
f 1063 1052 1062
f 1062 1052 1051
f 1062 1051 2016
f 2016 1051 2020
f 2016 2020 2015
f 2015 2020 2021
f 2015 2021 2013
f 2013 2021 2022
f 2013 2022 2025
f 2025 2022 2023
f 2025 2023 1986
f 1986 2023 1997
f 1986 1997 1987
f 1987 1997 2000
f 1987 2000 1992
f 1992 2000 2011
f 1992 2011 1994
f 1994 2011 2010
f 1994 2010 1897
f 1897 2010 1894
f 1897 1894 1896
f 1896 1894 1895
f 1896 1895 1905
f 1905 1895 1901
f 1905 1901 1904
f 1904 1901 1903
f 1904 1903 1902
f 1902 1903 1877
f 1902 1877 1865
f 1865 1877 1861
f 1865 1861 1872
f 1872 1861 1846
f 1872 1846 1873
f 1873 1846 1853
f 1873 1853 1874
f 1874 1853 1852
f 1874 1852 1856
f 1856 1852 1848
f 1856 1848 3568
f 3568 1848 3576
f 3568 3576 3567
f 3567 3576 3575
f 3567 3575 3578
f 3578 3575 3574
f 3578 3574 3555
f 3555 3574 3557
f 3555 3557 3554
f 3554 3557 3558
f 3554 3558 3552
f 3552 3558 3559
f 3552 3559 3646
f 3646 3559 3653
f 3646 3653 3645
f 3645 3653 3652
f 3645 3652 3644
f 3644 3652 3651
f 3644 3651 3643
f 3643 3651 3650
f 3643 3650 3642
f 3642 3650 3647
f 3642 3647 3303
f 3303 3647 3310
f 3303 3310 3304
f 3304 3310 3309
f 3304 3309 3305
f 3305 3309 3308
f 3305 3308 3306
f 3306 3308 3307
f 3306 3307 3290
f 3290 3307 3288
f 3290 3288 3294
f 3294 3288 4095
f 3294 4095 4104
f 4104 4095 4094
f 4104 4094 4103
f 4103 4094 4093
f 4103 4093 4096
f 4096 4093 4092
f 4096 4092 4102
f 4102 4092 4091
f 4102 4091 4101
f 4101 4091 4090
f 4101 4090 4100
f 4100 4090 4145
f 4100 4145 4140
f 4140 4145 4146
f 4140 4146 4141
f 4141 4146 4147
f 4141 4147 4142
f 4142 4147 4148
f 4142 4148 4143
f 4143 4148 4135
f 4143 4135 4144
f 4144 4135 4217
f 4144 4217 4215
f 4215 4217 4218
f 4215 4218 4216
f 4216 4218 4219
f 1130 1127 1129
f 1129 1127 1126
f 1129 1126 1128
f 1128 1126 1125
f 1128 1125 1114
f 1114 1125 1118
f 1114 1118 1113
f 1113 1118 1117
f 1113 1117 1112
f 1112 1117 1109
f 1112 1109 1140
f 1140 1109 1161
f 1140 1161 1158
f 1158 1161 1162
f 1158 1162 1159
f 1159 1162 1163
f 1159 1163 1160
f 1160 1163 1098
f 1160 1098 1095
f 1095 1098 1099
f 1095 1099 1096
f 1096 1099 1100
f 1096 1100 1097
f 1097 1100 1106
f 1097 1106 1056
f 1056 1106 1057
f 1056 1057 1055
f 1055 1057 1058
f 1055 1058 1052
f 1052 1058 1059
f 1052 1059 1051
f 1051 1059 1060
f 1051 1060 2020
f 2020 1060 2031
f 2020 2031 2021
f 2021 2031 2032
f 2021 2032 2022
f 2022 2032 2028
f 2022 2028 2023
f 2023 2028 2001
f 2023 2001 1997
f 1997 2001 2003
f 1997 2003 2000
f 2000 2003 2002
f 2000 2002 2011
f 2011 2002 1999
f 2011 1999 2010
f 2010 1999 1998
f 2010 1998 1894
f 1894 1998 1875
f 1894 1875 1895
f 1895 1875 1883
f 1895 1883 1901
f 1901 1883 1882
f 1901 1882 1903
f 1903 1882 1888
f 1903 1888 1877
f 1877 1888 1886
f 1877 1886 1861
f 1861 1886 1849
f 1861 1849 1846
f 1846 1849 1858
f 1846 1858 1853
f 1853 1858 1854
f 1853 1854 1852
f 1852 1854 1847
f 1852 1847 1848
f 1848 1847 1919
f 1848 1919 3576
f 3576 1919 3573
f 3576 3573 3575
f 3575 3573 3565
f 3575 3565 3574
f 3574 3565 3883
f 3574 3883 3557
f 3557 3883 3887
f 3557 3887 3558
f 3558 3887 3890
f 3558 3890 3559
f 3559 3890 3872
f 3559 3872 3653
f 3653 3872 3873
f 3653 3873 3652
f 3652 3873 3874
f 3652 3874 3651
f 3651 3874 3870
f 3651 3870 3650
f 3650 3870 3869
f 3650 3869 3647
f 3647 3869 3866
f 3647 3866 3310
f 3310 3866 3826
f 3310 3826 3309
f 3309 3826 3827
f 3309 3827 3308
f 3308 3827 3961
f 3308 3961 3307
f 3307 3961 3962
f 3307 3962 3288
f 3288 3962 3963
f 3288 3963 4095
f 4095 3963 4097
f 4095 4097 4094
f 4094 4097 4098
f 4094 4098 4093
f 4093 4098 4099
f 4093 4099 4092
f 4092 4099 4119
f 4092 4119 4091
f 4091 4119 4105
f 4091 4105 4090
f 4090 4105 4134
f 4090 4134 4145
f 4145 4134 4133
f 4145 4133 4146
f 4146 4133 4132
f 4146 4132 4147
f 4147 4132 4150
f 4147 4150 4148
f 4148 4150 4149
f 4148 4149 4135
f 4135 4149 4202
f 4135 4202 4217
f 4217 4202 4220
f 4217 4220 4218
f 4218 4220 4221
f 4218 4221 4219
f 4219 4221 4222
f 1127 1131 1126
f 1126 1131 1132
f 1126 1132 1125
f 1125 1132 1133
f 1125 1133 1118
f 1118 1133 1116
f 1118 1116 1117
f 1117 1116 1115
f 1117 1115 1109
f 1109 1115 1155
f 1109 1155 1161
f 1161 1155 1156
f 1161 1156 1162
f 1162 1156 1157
f 1162 1157 1163
f 1163 1157 1164
f 1163 1164 1098
f 1098 1164 1101
f 1098 1101 1099
f 1099 1101 1107
f 1099 1107 1100
f 1100 1107 1108
f 1100 1108 1106
f 1106 1108 1094
f 1106 1094 1057
f 1057 1094 1050
f 1057 1050 1058
f 1058 1050 1054
f 1058 1054 1059
f 1059 1054 1053
f 1059 1053 1060
f 1060 1053 2027
f 1060 2027 2031
f 2031 2027 2039
f 2031 2039 2032
f 2032 2039 2040
f 2032 2040 2028
f 2028 2040 2036
f 2028 2036 2001
f 2001 2036 2009
f 2001 2009 2003
f 2003 2009 2008
f 2003 2008 2002
f 2002 2008 2007
f 2002 2007 1999
f 1999 2007 2006
f 1999 2006 1998
f 1998 2006 1876
f 1998 1876 1875
f 1875 1876 1889
f 1875 1889 1883
f 1883 1889 1887
f 1883 1887 1882
f 1882 1887 1885
f 1882 1885 1888
f 1888 1885 1884
f 1888 1884 1886
f 1886 1884 1851
f 1886 1851 1849
f 1849 1851 1857
f 1849 1857 1858
f 1858 1857 1855
f 1858 1855 1854
f 1854 1855 1920
f 1854 1920 1847
f 1847 1920 1911
f 1847 1911 1919
f 1919 1911 1916
f 1919 1916 3573
f 3573 1916 1912
f 3573 1912 3565
f 3565 1912 3893
f 3565 3893 3883
f 3883 3893 3879
f 3883 3879 3887
f 3887 3879 3892
f 3887 3892 3890
f 3890 3892 3864
f 3890 3864 3872
f 3872 3864 3867
f 3872 3867 3873
f 3873 3867 3865
f 3873 3865 3874
f 3874 3865 3876
f 3874 3876 3870
f 3870 3876 3875
f 3870 3875 3869
f 3869 3875 3877
f 3869 3877 3866
f 3866 3877 3825
f 3866 3825 3826
f 3826 3825 3824
f 3826 3824 3827
f 3827 3824 3968
f 3827 3968 3961
f 3961 3968 3967
f 3961 3967 3962
f 3962 3967 3966
f 3962 3966 3963
f 3963 3966 3965
f 3963 3965 4097
f 4097 3965 3975
f 4097 3975 4098
f 4098 3975 4107
f 4098 4107 4099
f 4099 4107 4108
f 4099 4108 4119
f 4119 4108 4109
f 4119 4109 4105
f 4105 4109 4110
f 4105 4110 4134
f 4134 4110 4128
f 4134 4128 4133
f 4133 4128 4127
f 4133 4127 4132
f 4132 4127 4126
f 4132 4126 4150
f 4150 4126 4125
f 4150 4125 4149
f 4149 4125 4207
f 4149 4207 4202
f 4202 4207 4206
f 4202 4206 4220
f 4220 4206 4205
f 4220 4205 4221
f 4221 4205 4223
f 4221 4223 4222
f 4222 4223 4224
f 1131 1136 1132
f 1132 1136 1134
f 1132 1134 1133
f 1133 1134 1124
f 1133 1124 1116
f 1116 1124 1110
f 1116 1110 1115
f 1115 1110 1111
f 1115 1111 1155
f 1155 1111 1167
f 1155 1167 1156
f 1156 1167 1166
f 1156 1166 1157
f 1157 1166 1165
f 1157 1165 1164
f 1164 1165 1102
f 1164 1102 1101
f 1101 1102 1103
f 1101 1103 1107
f 1107 1103 1104
f 1107 1104 1108
f 1108 1104 1105
f 1108 1105 1094
f 1094 1105 1212
f 1094 1212 1050
f 1050 1212 1205
f 1050 1205 1054
f 1054 1205 1204
f 1054 1204 1053
f 1053 1204 2038
f 1053 2038 2027
f 2027 2038 2037
f 2027 2037 2039
f 2039 2037 2026
f 2039 2026 2040
f 2040 2026 2035
f 2040 2035 2036
f 2036 2035 2034
f 2036 2034 2009
f 2009 2034 2004
f 2009 2004 2008
f 2008 2004 2005
f 2008 2005 2007
f 2007 2005 2053
f 2007 2053 2006
f 2006 2053 2041
f 2006 2041 1876
f 1876 2041 1881
f 1876 1881 1889
f 1889 1881 1880
f 1889 1880 1887
f 1887 1880 1879
f 1887 1879 1885
f 1885 1879 1878
f 1885 1878 1884
f 1884 1878 1850
f 1884 1850 1851
f 1851 1850 1845
f 1851 1845 1857
f 1857 1845 1859
f 1857 1859 1855
f 1855 1859 1918
f 1855 1918 1920
f 1920 1918 1910
f 1920 1910 1911
f 1911 1910 1915
f 1911 1915 1916
f 1916 1915 1917
f 1916 1917 1912
f 1912 1917 3880
f 1912 3880 3893
f 3893 3880 3881
f 3893 3881 3879
f 3879 3881 3884
f 3879 3884 3892
f 3892 3884 3885
f 3892 3885 3864
f 3864 3885 3878
f 3864 3878 3867
f 3867 3878 3868
f 3867 3868 3865
f 3865 3868 3858
f 3865 3858 3876
f 3876 3858 3857
f 3876 3857 3875
f 3875 3857 3871
f 3875 3871 3877
f 3877 3871 3831
f 3877 3831 3825
f 3825 3831 3832
f 3825 3832 3824
f 3824 3832 3833
f 3824 3833 3968
f 3968 3833 3964
f 3968 3964 3967
f 3967 3964 3959
f 3967 3959 3966
f 3966 3959 3956
f 3966 3956 3965
f 3965 3956 3986
f 3965 3986 3975
f 3975 3986 3979
f 3975 3979 4107
f 4107 3979 4112
f 4107 4112 4108
f 4108 4112 4106
f 4108 4106 4109
f 4109 4106 4114
f 4109 4114 4110
f 4110 4114 4115
f 4110 4115 4128
f 4128 4115 4121
f 4128 4121 4127
f 4127 4121 4122
f 4127 4122 4126
f 4126 4122 4120
f 4126 4120 4125
f 4125 4120 4201
f 4125 4201 4207
f 4207 4201 4196
f 4207 4196 4206
f 4206 4196 4203
f 4206 4203 4205
f 4205 4203 4204
f 4205 4204 4223
f 4223 4204 4225
f 4223 4225 4224
f 4224 4225 4214
f 1136 1135 1134
f 1134 1135 1267
f 1134 1267 1124
f 1124 1267 1262
f 1124 1262 1110
f 1110 1262 1301
f 1110 1301 1111
f 1111 1301 1302
f 1111 1302 1167
f 1167 1302 1303
f 1167 1303 1166
f 1166 1303 1304
f 1166 1304 1165
f 1165 1304 1297
f 1165 1297 1102
f 1102 1297 1300
f 1102 1300 1103
f 1103 1300 1223
f 1103 1223 1104
f 1104 1223 1224
f 1104 1224 1105
f 1105 1224 1206
f 1105 1206 1212
f 1212 1206 1207
f 1212 1207 1205
f 1205 1207 1208
f 1205 1208 1204
f 1204 1208 1199
f 1204 1199 2038
f 2038 1199 2033
f 2038 2033 2037
f 2037 2033 2029
f 2037 2029 2026
f 2026 2029 2030
f 2026 2030 2035
f 2035 2030 2114
f 2035 2114 2034
f 2034 2114 2113
f 2034 2113 2004
f 2004 2113 2055
f 2004 2055 2005
f 2005 2055 2045
f 2005 2045 2053
f 2053 2045 2044
f 2053 2044 2041
f 2041 2044 2046
f 2041 2046 1881
f 1881 2046 1962
f 1881 1962 1880
f 1880 1962 1961
f 1880 1961 1879
f 1879 1961 1960
f 1879 1960 1878
f 1878 1960 1955
f 1878 1955 1850
f 1850 1955 1982
f 1850 1982 1845
f 1845 1982 1981
f 1845 1981 1859
f 1859 1981 1906
f 1859 1906 1918
f 1918 1906 1907
f 1918 1907 1910
f 1910 1907 1908
f 1910 1908 1915
f 1915 1908 1909
f 1915 1909 1917
f 1917 1909 3891
f 1917 3891 3880
f 3880 3891 3889
f 3880 3889 3881
f 3881 3889 3888
f 3881 3888 3884
f 3884 3888 3886
f 3884 3886 3885
f 3885 3886 3882
f 3885 3882 3878
f 3878 3882 3854
f 3878 3854 3868
f 3868 3854 3850
f 3868 3850 3858
f 3858 3850 3849
f 3858 3849 3857
f 3857 3849 3862
f 3857 3862 3871
f 3871 3862 3830
f 3871 3830 3831
f 3831 3830 3829
f 3831 3829 3832
f 3832 3829 3828
f 3832 3828 3833
f 3833 3828 3970
f 3833 3970 3964
f 3964 3970 3969
f 3964 3969 3959
f 3959 3969 3960
f 3959 3960 3956
f 3956 3960 3977
f 3956 3977 3986
f 3986 3977 3978
f 3986 3978 3979
f 3979 3978 3971
f 3979 3971 4112
f 4112 3971 4113
f 4112 4113 4106
f 4106 4113 4118
f 4106 4118 4114
f 4114 4118 4117
f 4114 4117 4115
f 4115 4117 4116
f 4115 4116 4121
f 4121 4116 4130
f 4121 4130 4122
f 4122 4130 4129
f 4122 4129 4120
f 4120 4129 4200
f 4120 4200 4201
f 4201 4200 4199
f 4201 4199 4196
f 4196 4199 4198
f 4196 4198 4203
f 4203 4198 4197
f 4203 4197 4204
f 4204 4197 4185
f 4204 4185 4225
f 4225 4185 4181
f 4225 4181 4214
f 4214 4181 4194
f 1135 1266 1267
f 1267 1266 1275
f 1267 1275 1262
f 1262 1275 1274
f 1262 1274 1301
f 1301 1274 1295
f 1301 1295 1302
f 1302 1295 1296
f 1302 1296 1303
f 1303 1296 1291
f 1303 1291 1304
f 1304 1291 1290
f 1304 1290 1297
f 1297 1290 1298
f 1297 1298 1300
f 1300 1298 1222
f 1300 1222 1223
f 1223 1222 1230
f 1223 1230 1224
f 1224 1230 1229
f 1224 1229 1206
f 1206 1229 1202
f 1206 1202 1207
f 1207 1202 1203
f 1207 1203 1208
f 1208 1203 1213
f 1208 1213 1199
f 1199 1213 1214
f 1199 1214 2033
f 2033 1214 2084
f 2033 2084 2029
f 2029 2084 2112
f 2029 2112 2030
f 2030 2112 2111
f 2030 2111 2114
f 2114 2111 2101
f 2114 2101 2113
f 2113 2101 2102
f 2113 2102 2055
f 2055 2102 2050
f 2055 2050 2045
f 2045 2050 2049
f 2045 2049 2044
f 2044 2049 2048
f 2044 2048 2046
f 2046 2048 2047
f 2046 2047 1962
f 1962 2047 1953
f 1962 1953 1961
f 1961 1953 1954
f 1961 1954 1960
f 1960 1954 1956
f 1960 1956 1955
f 1955 1956 1957
f 1955 1957 1982
f 1982 1957 1967
f 1982 1967 1981
f 1981 1967 1968
f 1981 1968 1906
f 1906 1968 1914
f 1906 1914 1907
f 1907 1914 1913
f 1907 1913 1908
f 1908 1913 1934
f 1908 1934 1909
f 1909 1934 1932
f 1909 1932 3891
f 3891 1932 3897
f 3891 3897 3889
f 3889 3897 3896
f 3889 3896 3888
f 3888 3896 3895
f 3888 3895 3886
f 3886 3895 3894
f 3886 3894 3882
f 3882 3894 3898
f 3882 3898 3854
f 3854 3898 3853
f 3854 3853 3850
f 3850 3853 3860
f 3850 3860 3849
f 3849 3860 3861
f 3849 3861 3862
f 3862 3861 3863
f 3862 3863 3830
f 3830 3863 3821
f 3830 3821 3829
f 3829 3821 3823
f 3829 3823 3828
f 3828 3823 3822
f 3828 3822 3970
f 3970 3822 3958
f 3970 3958 3969
f 3969 3958 3957
f 3969 3957 3960
f 3960 3957 3980
f 3960 3980 3977
f 3977 3980 3985
f 3977 3985 3978
f 3978 3985 3984
f 3978 3984 3971
f 3971 3984 4012
f 3971 4012 4113
f 4113 4012 4002
f 4113 4002 4118
f 4118 4002 4013
f 4118 4013 4117
f 4117 4013 4111
f 4117 4111 4116
f 4116 4111 4123
f 4116 4123 4130
f 4130 4123 4124
f 4130 4124 4129
f 4129 4124 4180
f 4129 4180 4200
f 4200 4180 4208
f 4200 4208 4199
f 4199 4208 4209
f 4199 4209 4198
f 4198 4209 4210
f 4198 4210 4197
f 4197 4210 4186
f 4197 4186 4185
f 4185 4186 4192
f 4185 4192 4181
f 4181 4192 4193
f 4181 4193 4194
f 4194 4193 4195
f 1266 1263 1275
f 1275 1263 1264
f 1275 1264 1274
f 1274 1264 1265
f 1274 1265 1295
f 1295 1265 1299
f 1295 1299 1296
f 1296 1299 1294
f 1296 1294 1291
f 1291 1294 1293
f 1291 1293 1290
f 1290 1293 1292
f 1290 1292 1298
f 1298 1292 1228
f 1298 1228 1222
f 1222 1228 1227
f 1222 1227 1230
f 1230 1227 1226
f 1230 1226 1229
f 1229 1226 1225
f 1229 1225 1202
f 1202 1225 1211
f 1202 1211 1203
f 1203 1211 1210
f 1203 1210 1213
f 1213 1210 1209
f 1213 1209 1214
f 1214 1209 2083
f 1214 2083 2084
f 2084 2083 2082
f 2084 2082 2112
f 2112 2082 2106
f 2112 2106 2111
f 2111 2106 2105
f 2111 2105 2101
f 2101 2105 2104
f 2101 2104 2102
f 2102 2104 2100
f 2102 2100 2050
f 2050 2100 2051
f 2050 2051 2049
f 2049 2051 2052
f 2049 2052 2048
f 2048 2052 2054
f 2048 2054 2047
f 2047 2054 2058
f 2047 2058 1953
f 1953 2058 1966
f 1953 1966 1954
f 1954 1966 1965
f 1954 1965 1956
f 1956 1965 1959
f 1956 1959 1957
f 1957 1959 1958
f 1957 1958 1967
f 1967 1958 1977
f 1967 1977 1968
f 1968 1977 1978
f 1968 1978 1914
f 1914 1978 1923
f 1914 1923 1913
f 1913 1923 1922
f 1913 1922 1934
f 1934 1922 1931
f 1934 1931 1932
f 1932 1931 3901
f 1932 3901 3897
f 3897 3901 3900
f 3897 3900 3896
f 3896 3900 3902
f 3896 3902 3895
f 3895 3902 3906
f 3895 3906 3894
f 3894 3906 3908
f 3894 3908 3898
f 3898 3908 3909
f 3898 3909 3853
f 3853 3909 3859
f 3853 3859 3860
f 3860 3859 3851
f 3860 3851 3861
f 3861 3851 3852
f 3861 3852 3863
f 3863 3852 3819
f 3863 3819 3821
f 3821 3819 3820
f 3821 3820 3823
f 3823 3820 3839
f 3823 3839 3822
f 3822 3839 3840
f 3822 3840 3958
f 3958 3840 3976
f 3958 3976 3957
f 3957 3976 3974
f 3957 3974 3980
f 3980 3974 3973
f 3980 3973 3985
f 3985 3973 3972
f 3985 3972 3984
f 3984 3972 4015
f 3984 4015 4012
f 4012 4015 4014
f 4012 4014 4002
f 4002 4014 4001
f 4002 4001 4013
f 4013 4001 4011
f 4013 4011 4111
f 4111 4011 4030
f 4111 4030 4123
f 4123 4030 4131
f 4123 4131 4124
f 4124 4131 4179
f 4124 4179 4180
f 4180 4179 4168
f 4180 4168 4208
f 4208 4168 4178
f 4208 4178 4209
f 4209 4178 4177
f 4209 4177 4210
f 4210 4177 4191
f 4210 4191 4186
f 4186 4191 4190
f 4186 4190 4192
f 4192 4190 4189
f 4192 4189 4193
f 4193 4189 4188
f 4193 4188 4195
f 4195 4188 4187
f 1263 1273 1264
f 1264 1273 1270
f 1264 1270 1265
f 1265 1270 1269
f 1265 1269 1299
f 1299 1269 1280
f 1299 1280 1294
f 1294 1280 1277
f 1294 1277 1293
f 1293 1277 1278
f 1293 1278 1292
f 1292 1278 1279
f 1292 1279 1228
f 1228 1279 1216
f 1228 1216 1227
f 1227 1216 1217
f 1227 1217 1226
f 1226 1217 1218
f 1226 1218 1225
f 1225 1218 1215
f 1225 1215 1211
f 1211 1215 1200
f 1211 1200 1210
f 1210 1200 1201
f 1210 1201 1209
f 1209 1201 2078
f 1209 2078 2083
f 2083 2078 2077
f 2083 2077 2082
f 2082 2077 2072
f 2082 2072 2106
f 2106 2072 2110
f 2106 2110 2105
f 2105 2110 2109
f 2105 2109 2104
f 2104 2109 2108
f 2104 2108 2100
f 2100 2108 2107
f 2100 2107 2051
f 2051 2107 2043
f 2051 2043 2052
f 2052 2043 2042
f 2052 2042 2054
f 2054 2042 2062
f 2054 2062 2058
f 2058 2062 2063
f 2058 2063 1966
f 1966 2063 1952
f 1966 1952 1965
f 1965 1952 1963
f 1965 1963 1959
f 1959 1963 1964
f 1959 1964 1958
f 1958 1964 1969
f 1958 1969 1977
f 1977 1969 1970
f 1977 1970 1978
f 1978 1970 1929
f 1978 1929 1923
f 1923 1929 1921
f 1923 1921 1922
f 1922 1921 1930
f 1922 1930 1931
f 1931 1930 1933
f 1931 1933 3901
f 3901 1933 3903
f 3901 3903 3900
f 3900 3903 3899
f 3900 3899 3902
f 3902 3899 3904
f 3902 3904 3906
f 3906 3904 3905
f 3906 3905 3908
f 3908 3905 3907
f 3908 3907 3909
f 3909 3907 3922
f 3909 3922 3859
f 3859 3922 3855
f 3859 3855 3851
f 3851 3855 3856
f 3851 3856 3852
f 3852 3856 3841
f 3852 3841 3819
f 3819 3841 3835
f 3819 3835 3820
f 3820 3835 3842
f 3820 3842 3839
f 3839 3842 3843
f 3839 3843 3840
f 3840 3843 3844
f 3840 3844 3976
f 3976 3844 3981
f 3976 3981 3974
f 3974 3981 3982
f 3974 3982 3973
f 3973 3982 3983
f 3973 3983 3972
f 3972 3983 4009
f 3972 4009 4015
f 4015 4009 4008
f 4015 4008 4014
f 4014 4008 4007
f 4014 4007 4001
f 4001 4007 4006
f 4001 4006 4011
f 4011 4006 4024
f 4011 4024 4030
f 4030 4024 4023
f 4030 4023 4131
f 4131 4023 4176
f 4131 4176 4179
f 4179 4176 4173
f 4179 4173 4168
f 4168 4173 4172
f 4168 4172 4178
f 4178 4172 4171
f 4178 4171 4177
f 4177 4171 4170
f 4177 4170 4191
f 4191 4170 4182
f 4191 4182 4190
f 4190 4182 4183
f 4190 4183 4189
f 4189 4183 4184
f 4189 4184 4188
f 4188 4184 2128
f 4188 2128 4187
f 4187 2128 2116
f 1273 1271 1270
f 1270 1271 1272
f 1270 1272 1269
f 1269 1272 1283
f 1269 1283 1280
f 1280 1283 1282
f 1280 1282 1277
f 1277 1282 1276
f 1277 1276 1278
f 1278 1276 1281
f 1278 1281 1279
f 1279 1281 1284
f 1279 1284 1216
f 1216 1284 1219
f 1216 1219 1217
f 1217 1219 1220
f 1217 1220 1218
f 1218 1220 1221
f 1218 1221 1215
f 1215 1221 1187
f 1215 1187 1200
f 1200 1187 1188
f 1200 1188 1201
f 1201 1188 1189
f 1201 1189 2078
f 2078 1189 2075
f 2078 2075 2077
f 2077 2075 2076
f 2077 2076 2072
f 2072 2076 2074
f 2072 2074 2110
f 2110 2074 2103
f 2110 2103 2109
f 2109 2103 2090
f 2109 2090 2108
f 2108 2090 2091
f 2108 2091 2107
f 2107 2091 2089
f 2107 2089 2043
f 2043 2089 2067
f 2043 2067 2042
f 2042 2067 2064
f 2042 2064 2062
f 2062 2064 2057
f 2062 2057 2063
f 2063 2057 2056
f 2063 2056 1952
f 1952 2056 1937
f 1952 1937 1963
f 1963 1937 1940
f 1963 1940 1964
f 1964 1940 1974
f 1964 1974 1969
f 1969 1974 1973
f 1969 1973 1970
f 1970 1973 1975
f 1970 1975 1929
f 1929 1975 1927
f 1929 1927 1921
f 1921 1927 1926
f 1921 1926 1930
f 1930 1926 1936
f 1930 1936 1933
f 1933 1936 1935
f 1933 1935 3903
f 3903 1935 3944
f 3903 3944 3899
f 3899 3944 3945
f 3899 3945 3904
f 3904 3945 3941
f 3904 3941 3905
f 3905 3941 3951
f 3905 3951 3907
f 3907 3951 3913
f 3907 3913 3922
f 3922 3913 3912
f 3922 3912 3855
f 3855 3912 3911
f 3855 3911 3856
f 3856 3911 3848
f 3856 3848 3841
f 3841 3848 3834
f 3841 3834 3835
f 3835 3834 3836
f 3835 3836 3842
f 3842 3836 3837
f 3842 3837 3843
f 3843 3837 3766
f 3843 3766 3844
f 3844 3766 3764
f 3844 3764 3981
f 3981 3764 3997
f 3981 3997 3982
f 3982 3997 3996
f 3982 3996 3983
f 3983 3996 3995
f 3983 3995 4009
f 4009 3995 4005
f 4009 4005 4008
f 4008 4005 4004
f 4008 4004 4007
f 4007 4004 4003
f 4007 4003 4006
f 4006 4003 4026
f 4006 4026 4024
f 4024 4026 4020
f 4024 4020 4023
f 4023 4020 4021
f 4023 4021 4176
f 4176 4021 4169
f 4176 4169 4173
f 4173 4169 4166
f 4173 4166 4172
f 4172 4166 4175
f 4172 4175 4171
f 4171 4175 4158
f 4171 4158 4170
f 4170 4158 4160
f 4170 4160 4182
f 4182 4160 4164
f 4182 4164 4183
f 4183 4164 2134
f 4183 2134 4184
f 4184 2134 2123
f 4184 2123 2128
f 2128 2123 2115
f 2128 2115 2116
f 2116 2115 2124
f 1271 1268 1272
f 1272 1268 1261
f 1272 1261 1283
f 1283 1261 1289
f 1283 1289 1282
f 1282 1289 1288
f 1282 1288 1276
f 1276 1288 1287
f 1276 1287 1281
f 1281 1287 1286
f 1281 1286 1284
f 1284 1286 1285
f 1284 1285 1219
f 1219 1285 1173
f 1219 1173 1220
f 1220 1173 1172
f 1220 1172 1221
f 1221 1172 1171
f 1221 1171 1187
f 1187 1171 1198
f 1187 1198 1188
f 1188 1198 1190
f 1188 1190 1189
f 1189 1190 1191
f 1189 1191 2075
f 2075 1191 2071
f 2075 2071 2076
f 2076 2071 2073
f 2076 2073 2074
f 2074 2073 2081
f 2074 2081 2103
f 2103 2081 2095
f 2103 2095 2090
f 2090 2095 2096
f 2090 2096 2091
f 2091 2096 2099
f 2091 2099 2089
f 2089 2099 2092
f 2089 2092 2067
f 2067 2092 2068
f 2067 2068 2064
f 2064 2068 2069
f 2064 2069 2057
f 2057 2069 2070
f 2057 2070 2056
f 2056 2070 1946
f 2056 1946 1937
f 1937 1946 1947
f 1937 1947 1940
f 1940 1947 1948
f 1940 1948 1974
f 1974 1948 1976
f 1974 1976 1973
f 1973 1976 1972
f 1973 1972 1975
f 1975 1972 1971
f 1975 1971 1927
f 1927 1971 1925
f 1927 1925 1926
f 1926 1925 1924
f 1926 1924 1936
f 1936 1924 1928
f 1936 1928 1935
f 1935 1928 3950
f 1935 3950 3944
f 3944 3950 3949
f 3944 3949 3945
f 3945 3949 3948
f 3945 3948 3941
f 3941 3948 3947
f 3941 3947 3951
f 3951 3947 3946
f 3951 3946 3913
f 3913 3946 3915
f 3913 3915 3912
f 3912 3915 3916
f 3912 3916 3911
f 3911 3916 3921
f 3911 3921 3848
f 3848 3921 3847
f 3848 3847 3834
f 3834 3847 3846
f 3834 3846 3836
f 3836 3846 3845
f 3836 3845 3837
f 3837 3845 3773
f 3837 3773 3766
f 3766 3773 3772
f 3766 3772 3764
f 3764 3772 3771
f 3764 3771 3997
f 3997 3771 3998
f 3997 3998 3996
f 3996 3998 3999
f 3996 3999 3995
f 3995 3999 4000
f 3995 4000 4005
f 4005 4000 3991
f 4005 3991 4004
f 4004 3991 4010
f 4004 4010 4003
f 4003 4010 4027
f 4003 4027 4026
f 4026 4027 4028
f 4026 4028 4020
f 4020 4028 4029
f 4020 4029 4021
f 4021 4029 4037
f 4021 4037 4169
f 4169 4037 4167
f 4169 4167 4166
f 4166 4167 4174
f 4166 4174 4175
f 4175 4174 4163
f 4175 4163 4158
f 4158 4163 4162
f 4158 4162 4160
f 4160 4162 4161
f 4160 4161 4164
f 4164 4161 2142
f 4164 2142 2134
f 2134 2142 2135
f 2134 2135 2123
f 2123 2135 2122
f 2123 2122 2115
f 2115 2122 2118
f 2115 2118 2124
f 2124 2118 2117
f 1268 1241 1261
f 1261 1241 1238
f 1261 1238 1289
f 1289 1238 1237
f 1289 1237 1288
f 1288 1237 1248
f 1288 1248 1287
f 1287 1248 1247
f 1287 1247 1286
f 1286 1247 1246
f 1286 1246 1285
f 1285 1246 1183
f 1285 1183 1173
f 1173 1183 1169
f 1173 1169 1172
f 1172 1169 1182
f 1172 1182 1171
f 1171 1182 1181
f 1171 1181 1198
f 1198 1181 1195
f 1198 1195 1190
f 1190 1195 1196
f 1190 1196 1191
f 1191 1196 1197
f 1191 1197 2071
f 2071 1197 2080
f 2071 2080 2073
f 2073 2080 2079
f 2073 2079 2081
f 2081 2079 2094
f 2081 2094 2095
f 2095 2094 2093
f 2095 2093 2096
f 2096 2093 2097
f 2096 2097 2099
f 2099 2097 2098
f 2099 2098 2092
f 2092 2098 2061
f 2092 2061 2068
f 2068 2061 2060
f 2068 2060 2069
f 2069 2060 2059
f 2069 2059 2070
f 2070 2059 1945
f 2070 1945 1946
f 1946 1945 1944
f 1946 1944 1947
f 1947 1944 1943
f 1947 1943 1948
f 1948 1943 1939
f 1948 1939 1976
f 1976 1939 1980
f 1976 1980 1972
f 1972 1980 1979
f 1972 1979 1971
f 1971 1979 534
f 1971 534 1925
f 1925 534 535
f 1925 535 1924
f 1924 535 536
f 1924 536 1928
f 1928 536 537
f 1928 537 3950
f 3950 537 3952
f 3950 3952 3949
f 3949 3952 3942
f 3949 3942 3948
f 3948 3942 3943
f 3948 3943 3947
f 3947 3943 3932
f 3947 3932 3946
f 3946 3932 3933
f 3946 3933 3915
f 3915 3933 3920
f 3915 3920 3916
f 3916 3920 3910
f 3916 3910 3921
f 3921 3910 3918
f 3921 3918 3847
f 3847 3918 3838
f 3847 3838 3846
f 3846 3838 3745
f 3846 3745 3845
f 3845 3745 3747
f 3845 3747 3773
f 3773 3747 3760
f 3773 3760 3772
f 3772 3760 3767
f 3772 3767 3771
f 3771 3767 3765
f 3771 3765 3998
f 3998 3765 3987
f 3998 3987 3999
f 3999 3987 3988
f 3999 3988 4000
f 4000 3988 3989
f 4000 3989 3991
f 3991 3989 3990
f 3991 3990 4010
f 4010 3990 4022
f 4010 4022 4027
f 4027 4022 4025
f 4027 4025 4028
f 4028 4025 4016
f 4028 4016 4029
f 4029 4016 4031
f 4029 4031 4037
f 4037 4031 4040
f 4037 4040 4167
f 4167 4040 4165
f 4167 4165 4174
f 4174 4165 4159
f 4174 4159 4163
f 4163 4159 4156
f 4163 4156 4162
f 4162 4156 4155
f 4162 4155 4161
f 4161 4155 2129
f 4161 2129 2142
f 2142 2129 2141
f 2142 2141 2135
f 2135 2141 2140
f 2135 2140 2122
f 2122 2140 2127
f 2122 2127 2118
f 2118 2127 2126
f 2118 2126 2117
f 2117 2126 2125
f 1241 1245 1238
f 1238 1245 1244
f 1238 1244 1237
f 1237 1244 1243
f 1237 1243 1248
f 1248 1243 1255
f 1248 1255 1247
f 1247 1255 1254
f 1247 1254 1246
f 1246 1254 1253
f 1246 1253 1183
f 1183 1253 1179
f 1183 1179 1169
f 1169 1179 1178
f 1169 1178 1182
f 1182 1178 1177
f 1182 1177 1181
f 1181 1177 1194
f 1181 1194 1195
f 1195 1194 1193
f 1195 1193 1196
f 1196 1193 1192
f 1196 1192 1197
f 1197 1192 1018
f 1197 1018 2080
f 2080 1018 1009
f 2080 1009 2079
f 2079 1009 1019
f 2079 1019 2094
f 2094 1019 2085
f 2094 2085 2093
f 2093 2085 2086
f 2093 2086 2097
f 2097 2086 2087
f 2097 2087 2098
f 2098 2087 2088
f 2098 2088 2061
f 2061 2088 2065
f 2061 2065 2060
f 2060 2065 2066
f 2060 2066 2059
f 2059 2066 1949
f 2059 1949 1945
f 1945 1949 1950
f 1945 1950 1944
f 1944 1950 1951
f 1944 1951 1943
f 1943 1951 1938
f 1943 1938 1939
f 1939 1938 1942
f 1939 1942 1980
f 1980 1942 546
f 1980 546 1979
f 1979 546 538
f 1979 538 534
f 534 538 532
f 534 532 535
f 535 532 533
f 535 533 536
f 536 533 531
f 536 531 537
f 537 531 530
f 537 530 3952
f 3952 530 3953
f 3952 3953 3942
f 3942 3953 3955
f 3942 3955 3943
f 3943 3955 3934
f 3943 3934 3932
f 3932 3934 3935
f 3932 3935 3933
f 3933 3935 3936
f 3933 3936 3920
f 3920 3936 3919
f 3920 3919 3910
f 3910 3919 3924
f 3910 3924 3918
f 3918 3924 3923
f 3918 3923 3838
f 3838 3923 3749
f 3838 3749 3745
f 3745 3749 3746
f 3745 3746 3747
f 3747 3746 3744
f 3747 3744 3760
f 3760 3744 3761
f 3760 3761 3767
f 3767 3761 3762
f 3767 3762 3765
f 3765 3762 3763
f 3765 3763 3987
f 3987 3763 3994
f 3987 3994 3988
f 3988 3994 3993
f 3988 3993 3989
f 3989 3993 3992
f 3989 3992 3990
f 3990 3992 4019
f 3990 4019 4022
f 4022 4019 4018
f 4022 4018 4025
f 4025 4018 4017
f 4025 4017 4016
f 4016 4017 4043
f 4016 4043 4031
f 4031 4043 4036
f 4031 4036 4040
f 4040 4036 4044
f 4040 4044 4165
f 4165 4044 4153
f 4165 4153 4159
f 4159 4153 4154
f 4159 4154 4156
f 4156 4154 4152
f 4156 4152 4155
f 4155 4152 2136
f 4155 2136 2129
f 2129 2136 2137
f 2129 2137 2141
f 2141 2137 2138
f 2141 2138 2140
f 2140 2138 2139
f 2140 2139 2127
f 2127 2139 2121
f 2127 2121 2126
f 2126 2121 2120
f 2126 2120 2125
f 2125 2120 2119
f 1245 1236 1244
f 1244 1236 1235
f 1244 1235 1243
f 1243 1235 1232
f 1243 1232 1255
f 1255 1232 1259
f 1255 1259 1254
f 1254 1259 1258
f 1254 1258 1253
f 1253 1258 1256
f 1253 1256 1179
f 1179 1256 1176
f 1179 1176 1178
f 1178 1176 1170
f 1178 1170 1177
f 1177 1170 1180
f 1177 1180 1194
f 1194 1180 1185
f 1194 1185 1193
f 1193 1185 1186
f 1193 1186 1192
f 1192 1186 1015
f 1192 1015 1018
f 1018 1015 1010
f 1018 1010 1009
f 1009 1010 1016
f 1009 1016 1019
f 1019 1016 1017
f 1019 1017 2085
f 2085 1017 981
f 2085 981 2086
f 2086 981 980
f 2086 980 2087
f 2087 980 979
f 2087 979 2088
f 2088 979 702
f 2088 702 2065
f 2065 702 692
f 2065 692 2066
f 2066 692 644
f 2066 644 1949
f 1949 644 645
f 1949 645 1950
f 1950 645 646
f 1950 646 1951
f 1951 646 647
f 1951 647 1938
f 1938 647 1941
f 1938 1941 1942
f 1942 1941 551
f 1942 551 546
f 546 551 552
f 546 552 538
f 538 552 553
f 538 553 532
f 532 553 529
f 532 529 533
f 533 529 527
f 533 527 531
f 531 527 526
f 531 526 530
f 530 526 525
f 530 525 3953
f 3953 525 3954
f 3953 3954 3955
f 3955 3954 3937
f 3955 3937 3934
f 3934 3937 3938
f 3934 3938 3935
f 3935 3938 3939
f 3935 3939 3936
f 3936 3939 3940
f 3936 3940 3919
f 3919 3940 3914
f 3919 3914 3924
f 3924 3914 3917
f 3924 3917 3923
f 3923 3917 3753
f 3923 3753 3749
f 3749 3753 3750
f 3749 3750 3746
f 3746 3750 3755
f 3746 3755 3744
f 3744 3755 3754
f 3744 3754 3761
f 3761 3754 3769
f 3761 3769 3762
f 3762 3769 3770
f 3762 3770 3763
f 3763 3770 3768
f 3763 3768 3994
f 3994 3768 4085
f 3994 4085 3993
f 3993 4085 4086
f 3993 4086 3992
f 3992 4086 4087
f 3992 4087 4019
f 4019 4087 4088
f 4019 4088 4018
f 4018 4088 4089
f 4018 4089 4017
f 4017 4089 4035
f 4017 4035 4043
f 4043 4035 4034
f 4043 4034 4036
f 4036 4034 4033
f 4036 4033 4044
f 4044 4033 4032
f 4044 4032 4153
f 4153 4032 4151
f 4153 4151 4154
f 4154 4151 4157
f 4154 4157 4152
f 4152 4157 2193
f 4152 2193 2136
f 2136 2193 2133
f 2136 2133 2137
f 2137 2133 2132
f 2137 2132 2138
f 2138 2132 2131
f 2138 2131 2139
f 2139 2131 2130
f 2139 2130 2121
f 2121 2130 2157
f 2121 2157 2120
f 2120 2157 2149
f 2120 2149 2119
f 2119 2149 2153
f 1236 1231 1235
f 1235 1231 1239
f 1235 1239 1232
f 1232 1239 1240
f 1232 1240 1259
f 1259 1240 1252
f 1259 1252 1258
f 1258 1252 1257
f 1258 1257 1256
f 1256 1257 1260
f 1256 1260 1176
f 1176 1260 1174
f 1176 1174 1170
f 1170 1174 1175
f 1170 1175 1180
f 1180 1175 926
f 1180 926 1185
f 1185 926 1184
f 1185 1184 1186
f 1186 1184 1005
f 1186 1005 1015
f 1015 1005 1006
f 1015 1006 1010
f 1010 1006 1008
f 1010 1008 1016
f 1016 1008 1007
f 1016 1007 1017
f 1017 1007 988
f 1017 988 981
f 981 988 989
f 981 989 980
f 980 989 990
f 980 990 979
f 979 990 982
f 979 982 702
f 702 982 704
f 702 704 692
f 692 704 703
f 692 703 644
f 644 703 649
f 644 649 645
f 645 649 650
f 645 650 646
f 646 650 651
f 646 651 647
f 647 651 652
f 647 652 1941
f 1941 652 550
f 1941 550 551
f 551 550 549
f 551 549 552
f 552 549 548
f 552 548 553
f 553 548 547
f 553 547 529
f 529 547 528
f 529 528 527
f 527 528 524
f 527 524 526
f 526 524 567
f 526 567 525
f 525 567 566
f 525 566 3954
f 3954 566 3928
f 3954 3928 3937
f 3937 3928 3925
f 3937 3925 3938
f 3938 3925 3927
f 3938 3927 3939
f 3939 3927 3926
f 3939 3926 3940
f 3940 3926 3699
f 3940 3699 3914
f 3914 3699 3712
f 3914 3712 3917
f 3917 3712 3706
f 3917 3706 3753
f 3753 3706 3748
f 3753 3748 3750
f 3750 3748 3757
f 3750 3757 3755
f 3755 3757 3759
f 3755 3759 3754
f 3754 3759 3758
f 3754 3758 3769
f 3769 3758 3809
f 3769 3809 3770
f 3770 3809 3808
f 3770 3808 3768
f 3768 3808 4081
f 3768 4081 4085
f 4085 4081 4080
f 4085 4080 4086
f 4086 4080 4079
f 4086 4079 4087
f 4087 4079 4078
f 4087 4078 4088
f 4088 4078 4077
f 4088 4077 4089
f 4089 4077 4059
f 4089 4059 4035
f 4035 4059 4054
f 4035 4054 4034
f 4034 4054 4042
f 4034 4042 4033
f 4033 4042 4041
f 4033 4041 4032
f 4032 4041 4038
f 4032 4038 4151
f 4151 4038 2177
f 4151 2177 4157
f 4157 2177 2199
f 4157 2199 2193
f 2193 2199 2198
f 2193 2198 2133
f 2133 2198 2197
f 2133 2197 2132
f 2132 2197 2170
f 2132 2170 2131
f 2131 2170 2169
f 2131 2169 2130
f 2130 2169 2155
f 2130 2155 2157
f 2157 2155 2152
f 2157 2152 2149
f 2149 2152 2151
f 2149 2151 2153
f 2153 2151 2150
f 1231 1242 1239
f 1239 1242 1233
f 1239 1233 1240
f 1240 1233 1234
f 1240 1234 1252
f 1252 1234 1249
f 1252 1249 1257
f 1257 1249 1250
f 1257 1250 1260
f 1260 1250 1251
f 1260 1251 1174
f 1174 1251 928
f 1174 928 1175
f 1175 928 929
f 1175 929 926
f 926 929 930
f 926 930 1184
f 1184 930 1014
f 1184 1014 1005
f 1005 1014 1013
f 1005 1013 1006
f 1006 1013 1012
f 1006 1012 1008
f 1008 1012 1011
f 1008 1011 1007
f 1007 1011 986
f 1007 986 988
f 988 986 985
f 988 985 989
f 989 985 984
f 989 984 990
f 990 984 983
f 990 983 982
f 982 983 976
f 982 976 704
f 704 976 700
f 704 700 703
f 703 700 699
f 703 699 649
f 649 699 655
f 649 655 650
f 650 655 653
f 650 653 651
f 651 653 654
f 651 654 652
f 652 654 648
f 652 648 550
f 550 648 543
f 550 543 549
f 549 543 542
f 549 542 548
f 548 542 541
f 548 541 547
f 547 541 540
f 547 540 528
f 528 540 565
f 528 565 524
f 524 565 563
f 524 563 567
f 567 563 562
f 567 562 566
f 566 562 555
f 566 555 3928
f 3928 555 3931
f 3928 3931 3925
f 3925 3931 3930
f 3925 3930 3927
f 3927 3930 3929
f 3927 3929 3926
f 3926 3929 3704
f 3926 3704 3699
f 3699 3704 3703
f 3699 3703 3712
f 3712 3703 3702
f 3712 3702 3706
f 3706 3702 3701
f 3706 3701 3748
f 3748 3701 3756
f 3748 3756 3757
f 3757 3756 3752
f 3757 3752 3759
f 3759 3752 3751
f 3759 3751 3758
f 3758 3751 3814
f 3758 3814 3809
f 3809 3814 3813
f 3809 3813 3808
f 3808 3813 3812
f 3808 3812 4081
f 4081 3812 4082
f 4081 4082 4080
f 4080 4082 4083
f 4080 4083 4079
f 4079 4083 4084
f 4079 4084 4078
f 4078 4084 4075
f 4078 4075 4077
f 4077 4075 4051
f 4077 4051 4059
f 4059 4051 4050
f 4059 4050 4054
f 4054 4050 4047
f 4054 4047 4042
f 4042 4047 4048
f 4042 4048 4041
f 4041 4048 4039
f 4041 4039 4038
f 4038 4039 2186
f 4038 2186 2177
f 2177 2186 2185
f 2177 2185 2199
f 2199 2185 2194
f 2199 2194 2198
f 2198 2194 2195
f 2198 2195 2197
f 2197 2195 2196
f 2197 2196 2170
f 2170 2196 2167
f 2170 2167 2169
f 2169 2167 2168
f 2169 2168 2155
f 2155 2168 2154
f 2155 2154 2152
f 2152 2154 2156
f 2152 2156 2151
f 2151 2156 2158
f 2151 2158 2150
f 2150 2158 2147
f 1242 940 1233
f 1233 940 939
f 1233 939 1234
f 1234 939 938
f 1234 938 1249
f 1249 938 937
f 1249 937 1250
f 1250 937 936
f 1250 936 1251
f 1251 936 919
f 1251 919 928
f 928 919 918
f 928 918 929
f 929 918 917
f 929 917 930
f 930 917 920
f 930 920 1014
f 1014 920 1036
f 1014 1036 1013
f 1013 1036 1037
f 1013 1037 1012
f 1012 1037 1030
f 1012 1030 1011
f 1011 1030 1031
f 1011 1031 986
f 986 1031 1032
f 986 1032 985
f 985 1032 978
f 985 978 984
f 984 978 977
f 984 977 983
f 983 977 987
f 983 987 976
f 976 987 697
f 976 697 700
f 700 697 691
f 700 691 699
f 699 691 690
f 699 690 655
f 655 690 658
f 655 658 653
f 653 658 657
f 653 657 654
f 654 657 656
f 654 656 648
f 648 656 669
f 648 669 543
f 543 669 539
f 543 539 542
f 542 539 544
f 542 544 541
f 541 544 545
f 541 545 540
f 540 545 564
f 540 564 565
f 565 564 554
f 565 554 563
f 563 554 556
f 563 556 562
f 562 556 557
f 562 557 555
f 555 557 588
f 555 588 3931
f 3931 588 3697
f 3931 3697 3930
f 3930 3697 3698
f 3930 3698 3929
f 3929 3698 3696
f 3929 3696 3704
f 3704 3696 3707
f 3704 3707 3703
f 3703 3707 3708
f 3703 3708 3702
f 3702 3708 3710
f 3702 3710 3701
f 3701 3710 3711
f 3701 3711 3756
f 3756 3711 3774
f 3756 3774 3752
f 3752 3774 3775
f 3752 3775 3751
f 3751 3775 3810
f 3751 3810 3814
f 3814 3810 3804
f 3814 3804 3813
f 3813 3804 3805
f 3813 3805 3812
f 3812 3805 3807
f 3812 3807 4082
f 4082 3807 4076
f 4082 4076 4083
f 4083 4076 4069
f 4083 4069 4084
f 4084 4069 4074
f 4084 4074 4075
f 4075 4074 4067
f 4075 4067 4051
f 4051 4067 4045
f 4051 4045 4050
f 4050 4045 4053
f 4050 4053 4047
f 4047 4053 4052
f 4047 4052 4048
f 4048 4052 4049
f 4048 4049 4039
f 4039 4049 2176
f 4039 2176 2186
f 2186 2176 2175
f 2186 2175 2185
f 2185 2175 2188
f 2185 2188 2194
f 2194 2188 2190
f 2194 2190 2195
f 2195 2190 2191
f 2195 2191 2196
f 2196 2191 2192
f 2196 2192 2167
f 2167 2192 2163
f 2167 2163 2168
f 2168 2163 2161
f 2168 2161 2154
f 2154 2161 2143
f 2154 2143 2156
f 2156 2143 2144
f 2156 2144 2158
f 2158 2144 2146
f 2158 2146 2147
f 2147 2146 2148
f 940 933 939
f 939 933 931
f 939 931 938
f 938 931 935
f 938 935 937
f 937 935 932
f 937 932 936
f 936 932 923
f 936 923 919
f 919 923 922
f 919 922 918
f 918 922 921
f 918 921 917
f 917 921 916
f 917 916 920
f 920 916 1046
f 920 1046 1036
f 1036 1046 1047
f 1036 1047 1037
f 1037 1047 1022
f 1037 1022 1030
f 1030 1022 1021
f 1030 1021 1031
f 1031 1021 1023
f 1031 1023 1032
f 1032 1023 1024
f 1032 1024 978
f 978 1024 993
f 978 993 977
f 977 993 992
f 977 992 987
f 987 992 701
f 987 701 697
f 697 701 698
f 697 698 691
f 691 698 689
f 691 689 690
f 690 689 694
f 690 694 658
f 658 694 664
f 658 664 657
f 657 664 665
f 657 665 656
f 656 665 666
f 656 666 669
f 669 666 667
f 669 667 539
f 539 667 582
f 539 582 544
f 544 582 581
f 544 581 545
f 545 581 580
f 545 580 564
f 564 580 558
f 564 558 554
f 554 558 559
f 554 559 556
f 556 559 560
f 556 560 557
f 557 560 589
f 557 589 588
f 588 589 590
f 588 590 3697
f 3697 590 3691
f 3697 3691 3698
f 3698 3691 3690
f 3698 3690 3696
f 3696 3690 3689
f 3696 3689 3707
f 3707 3689 3700
f 3707 3700 3708
f 3708 3700 3713
f 3708 3713 3710
f 3710 3713 3705
f 3710 3705 3711
f 3711 3705 3786
f 3711 3786 3774
f 3774 3786 3788
f 3774 3788 3775
f 3775 3788 3787
f 3775 3787 3810
f 3810 3787 3815
f 3810 3815 3804
f 3804 3815 3816
f 3804 3816 3805
f 3805 3816 3817
f 3805 3817 3807
f 3807 3817 3818
f 3807 3818 4076
f 4076 3818 4073
f 4076 4073 4069
f 4069 4073 4072
f 4069 4072 4074
f 4074 4072 4071
f 4074 4071 4067
f 4067 4071 4070
f 4067 4070 4045
f 4045 4070 4057
f 4045 4057 4053
f 4053 4057 4056
f 4053 4056 4052
f 4052 4056 4055
f 4052 4055 4049
f 4049 4055 2178
f 4049 2178 2176
f 2176 2178 2180
f 2176 2180 2175
f 2175 2180 2179
f 2175 2179 2188
f 2188 2179 2201
f 2188 2201 2190
f 2190 2201 2202
f 2190 2202 2191
f 2191 2202 2189
f 2191 2189 2192
f 2192 2189 2200
f 2192 2200 2163
f 2163 2200 2173
f 2163 2173 2161
f 2161 2173 2172
f 2161 2172 2143
f 2143 2172 2171
f 2143 2171 2144
f 2144 2171 2145
f 2144 2145 2146
f 2146 2145 2361
f 2146 2361 2148
f 2148 2361 2360
f 933 941 931
f 931 941 934
f 931 934 935
f 935 934 942
f 935 942 932
f 932 942 943
f 932 943 923
f 923 943 925
f 923 925 922
f 922 925 924
f 922 924 921
f 921 924 927
f 921 927 916
f 916 927 1039
f 916 1039 1046
f 1046 1039 1042
f 1046 1042 1047
f 1047 1042 1035
f 1047 1035 1022
f 1022 1035 1026
f 1022 1026 1021
f 1021 1026 1025
f 1021 1025 1023
f 1023 1025 1020
f 1023 1020 1024
f 1024 1020 1003
f 1024 1003 993
f 993 1003 1004
f 993 1004 992
f 992 1004 994
f 992 994 701
f 701 994 696
f 701 696 698
f 698 696 695
f 698 695 689
f 689 695 693
f 689 693 694
f 694 693 668
f 694 668 664
f 664 668 662
f 664 662 665
f 665 662 661
f 665 661 666
f 666 661 660
f 666 660 667
f 667 660 659
f 667 659 582
f 582 659 579
f 582 579 581
f 581 579 578
f 581 578 580
f 580 578 577
f 580 577 558
f 558 577 576
f 558 576 559
f 559 576 561
f 559 561 560
f 560 561 593
f 560 593 589
f 589 593 594
f 589 594 590
f 590 594 595
f 590 595 3691
f 3691 595 3686
f 3691 3686 3690
f 3690 3686 3687
f 3690 3687 3689
f 3689 3687 3685
f 3689 3685 3700
f 3700 3685 3709
f 3700 3709 3713
f 3713 3709 3734
f 3713 3734 3705
f 3705 3734 3735
f 3705 3735 3786
f 3786 3735 3783
f 3786 3783 3788
f 3788 3783 3780
f 3788 3780 3787
f 3787 3780 3779
f 3787 3779 3815
f 3815 3779 3811
f 3815 3811 3816
f 3816 3811 3806
f 3816 3806 3817
f 3817 3806 3798
f 3817 3798 3818
f 3818 3798 3797
f 3818 3797 4073
f 4073 3797 4068
f 4073 4068 4072
f 4072 4068 4060
f 4072 4060 4071
f 4071 4060 4066
f 4071 4066 4070
f 4070 4066 4065
f 4070 4065 4057
f 4057 4065 4046
f 4057 4046 4056
f 4056 4046 4058
f 4056 4058 4055
f 4055 4058 2187
f 4055 2187 2178
f 2178 2187 2184
f 2178 2184 2180
f 2180 2184 2183
f 2180 2183 2179
f 2179 2183 2226
f 2179 2226 2201
f 2201 2226 2222
f 2201 2222 2202
f 2202 2222 2203
f 2202 2203 2189
f 2189 2203 2211
f 2189 2211 2200
f 2200 2211 2209
f 2200 2209 2173
f 2173 2209 2166
f 2173 2166 2172
f 2172 2166 2165
f 2172 2165 2171
f 2171 2165 2164
f 2171 2164 2145
f 2145 2164 2370
f 2145 2370 2361
f 2361 2370 2371
f 2361 2371 2360
f 2360 2371 2367
f 941 945 934
f 934 945 944
f 934 944 942
f 942 944 971
f 942 971 943
f 943 971 967
f 943 967 925
f 925 967 959
f 925 959 924
f 924 959 947
f 924 947 927
f 927 947 960
f 927 960 1039
f 1039 960 1045
f 1039 1045 1042
f 1042 1045 1043
f 1042 1043 1035
f 1035 1043 1041
f 1035 1041 1026
f 1026 1041 1034
f 1026 1034 1025
f 1025 1034 1033
f 1025 1033 1020
f 1020 1033 995
f 1020 995 1003
f 1003 995 996
f 1003 996 1004
f 1004 996 1002
f 1004 1002 994
f 994 1002 675
f 994 675 696
f 696 675 676
f 696 676 695
f 695 676 677
f 695 677 693
f 693 677 681
f 693 681 668
f 668 681 674
f 668 674 662
f 662 674 672
f 662 672 661
f 661 672 671
f 661 671 660
f 660 671 670
f 660 670 659
f 659 670 574
f 659 574 579
f 579 574 573
f 579 573 578
f 578 573 572
f 578 572 577
f 577 572 571
f 577 571 576
f 576 571 570
f 576 570 561
f 561 570 591
f 561 591 593
f 593 591 592
f 593 592 594
f 594 592 596
f 594 596 595
f 595 596 583
f 595 583 3686
f 3686 583 3693
f 3686 3693 3687
f 3687 3693 3694
f 3687 3694 3685
f 3685 3694 3695
f 3685 3695 3709
f 3709 3695 3732
f 3709 3732 3734
f 3734 3732 3733
f 3734 3733 3735
f 3735 3733 3737
f 3735 3737 3783
f 3783 3737 3784
f 3783 3784 3780
f 3780 3784 3778
f 3780 3778 3779
f 3779 3778 3785
f 3779 3785 3811
f 3811 3785 3801
f 3811 3801 3806
f 3806 3801 3800
f 3806 3800 3798
f 3798 3800 3799
f 3798 3799 3797
f 3797 3799 3796
f 3797 3796 4068
f 4068 3796 4061
f 4068 4061 4060
f 4060 4061 4062
f 4060 4062 4066
f 4066 4062 4063
f 4066 4063 4065
f 4065 4063 4064
f 4065 4064 4046
f 4046 4064 2952
f 4046 2952 4058
f 4058 2952 2956
f 4058 2956 2187
f 2187 2956 2182
f 2187 2182 2184
f 2184 2182 2181
f 2184 2181 2183
f 2183 2181 2228
f 2183 2228 2226
f 2226 2228 2220
f 2226 2220 2222
f 2222 2220 2227
f 2222 2227 2203
f 2203 2227 2207
f 2203 2207 2211
f 2211 2207 2214
f 2211 2214 2209
f 2209 2214 2210
f 2209 2210 2166
f 2166 2210 2162
f 2166 2162 2165
f 2165 2162 2160
f 2165 2160 2164
f 2164 2160 2358
f 2164 2358 2370
f 2370 2358 2356
f 2370 2356 2371
f 2371 2356 2364
f 2371 2364 2367
f 2367 2364 2365
f 945 961 944
f 944 961 962
f 944 962 971
f 971 962 963
f 971 963 967
f 967 963 975
f 967 975 959
f 959 975 952
f 959 952 947
f 947 952 951
f 947 951 960
f 960 951 950
f 960 950 1045
f 1045 950 1040
f 1045 1040 1043
f 1043 1040 1044
f 1043 1044 1041
f 1041 1044 1038
f 1041 1038 1034
f 1034 1038 1027
f 1034 1027 1033
f 1033 1027 997
f 1033 997 995
f 995 997 998
f 995 998 996
f 996 998 999
f 996 999 1002
f 1002 999 682
f 1002 682 675
f 675 682 683
f 675 683 676
f 676 683 684
f 676 684 677
f 677 684 678
f 677 678 681
f 681 678 679
f 681 679 674
f 674 679 673
f 674 673 672
f 672 673 663
f 672 663 671
f 671 663 744
f 671 744 670
f 670 744 749
f 670 749 574
f 574 749 736
f 574 736 573
f 573 736 575
f 573 575 572
f 572 575 568
f 572 568 571
f 571 568 569
f 571 569 570
f 570 569 584
f 570 584 591
f 591 584 585
f 591 585 592
f 592 585 586
f 592 586 596
f 596 586 587
f 596 587 583
f 583 587 599
f 583 599 3693
f 3693 599 3688
f 3693 3688 3694
f 3694 3688 3692
f 3694 3692 3695
f 3695 3692 3742
f 3695 3742 3732
f 3732 3742 3740
f 3732 3740 3733
f 3733 3740 3739
f 3733 3739 3737
f 3737 3739 3738
f 3737 3738 3784
f 3784 3738 3781
f 3784 3781 3778
f 3778 3781 3782
f 3778 3782 3785
f 3785 3782 3794
f 3785 3794 3801
f 3801 3794 3793
f 3801 3793 3800
f 3800 3793 3792
f 3800 3792 3799
f 3799 3792 3791
f 3799 3791 3796
f 3796 3791 3789
f 3796 3789 4061
f 4061 3789 2925
f 4061 2925 4062
f 4062 2925 2924
f 4062 2924 4063
f 4063 2924 2923
f 4063 2923 4064
f 4064 2923 2922
f 4064 2922 2952
f 2952 2922 2955
f 2952 2955 2956
f 2956 2955 2953
f 2956 2953 2182
f 2182 2953 2174
f 2182 2174 2181
f 2181 2174 2223
f 2181 2223 2228
f 2228 2223 2224
f 2228 2224 2220
f 2220 2224 2225
f 2220 2225 2227
f 2227 2225 2206
f 2227 2206 2207
f 2207 2206 2213
f 2207 2213 2214
f 2214 2213 2217
f 2214 2217 2210
f 2210 2217 2216
f 2210 2216 2162
f 2162 2216 2159
f 2162 2159 2160
f 2160 2159 2363
f 2160 2363 2358
f 2358 2363 2362
f 2358 2362 2356
f 2356 2362 2359
f 2356 2359 2364
f 2364 2359 2369
f 2364 2369 2365
f 2365 2369 2349
f 961 970 962
f 962 970 968
f 962 968 963
f 963 968 965
f 963 965 975
f 975 965 958
f 975 958 952
f 952 958 957
f 952 957 951
f 951 957 956
f 951 956 950
f 950 956 955
f 950 955 1040
f 1040 955 1048
f 1040 1048 1044
f 1044 1048 1049
f 1044 1049 1038
f 1038 1049 1028
f 1038 1028 1027
f 1027 1028 1029
f 1027 1029 997
f 997 1029 1001
f 997 1001 998
f 998 1001 1000
f 998 1000 999
f 999 1000 991
f 999 991 682
f 682 991 686
f 682 686 683
f 683 686 687
f 683 687 684
f 684 687 688
f 684 688 678
f 678 688 680
f 678 680 679
f 679 680 715
f 679 715 673
f 673 715 714
f 673 714 663
f 663 714 745
f 663 745 744
f 744 745 746
f 744 746 749
f 749 746 748
f 749 748 736
f 736 748 747
f 736 747 575
f 575 747 634
f 575 634 568
f 568 634 636
f 568 636 569
f 569 636 637
f 569 637 584
f 584 637 638
f 584 638 585
f 585 638 597
f 585 597 586
f 586 597 598
f 586 598 587
f 587 598 612
f 587 612 599
f 599 612 611
f 599 611 3688
f 3688 611 3725
f 3688 3725 3692
f 3692 3725 3724
f 3692 3724 3742
f 3742 3724 3721
f 3742 3721 3740
f 3740 3721 3743
f 3740 3743 3739
f 3739 3743 3729
f 3739 3729 3738
f 3738 3729 3741
f 3738 3741 3781
f 3781 3741 3777
f 3781 3777 3782
f 3782 3777 3776
f 3782 3776 3794
f 3794 3776 3803
f 3794 3803 3793
f 3793 3803 3802
f 3793 3802 3792
f 3792 3802 3790
f 3792 3790 3791
f 3791 3790 3795
f 3791 3795 3789
f 3789 3795 2913
f 3789 2913 2925
f 2925 2913 2918
f 2925 2918 2924
f 2924 2918 2917
f 2924 2917 2923
f 2923 2917 2916
f 2923 2916 2922
f 2922 2916 2915
f 2922 2915 2955
f 2955 2915 2954
f 2955 2954 2953
f 2953 2954 2946
f 2953 2946 2174
f 2174 2946 2232
f 2174 2232 2223
f 2223 2232 2233
f 2223 2233 2224
f 2224 2233 2218
f 2224 2218 2225
f 2225 2218 2229
f 2225 2229 2206
f 2206 2229 2208
f 2206 2208 2213
f 2213 2208 2212
f 2213 2212 2217
f 2217 2212 2215
f 2217 2215 2216
f 2216 2215 2335
f 2216 2335 2159
f 2159 2335 2330
f 2159 2330 2363
f 2363 2330 2366
f 2363 2366 2362
f 2362 2366 2357
f 2362 2357 2359
f 2359 2357 2368
f 2359 2368 2369
f 2369 2368 2354
f 2369 2354 2349
f 2349 2354 2353
f 970 964 968
f 968 964 974
f 968 974 965
f 965 974 973
f 965 973 958
f 958 973 948
f 958 948 957
f 957 948 946
f 957 946 956
f 956 946 949
f 956 949 955
f 955 949 844
f 955 844 1048
f 1048 844 845
f 1048 845 1049
f 1049 845 846
f 1049 846 1028
f 1028 846 828
f 1028 828 1029
f 1029 828 829
f 1029 829 1001
f 1001 829 813
f 1001 813 1000
f 1000 813 819
f 1000 819 991
f 991 819 820
f 991 820 686
f 686 820 685
f 686 685 687
f 687 685 705
f 687 705 688
f 688 705 709
f 688 709 680
f 680 709 708
f 680 708 715
f 715 708 707
f 715 707 714
f 714 707 706
f 714 706 745
f 745 706 741
f 745 741 746
f 746 741 742
f 746 742 748
f 748 742 743
f 748 743 747
f 747 743 738
f 747 738 634
f 634 738 633
f 634 633 636
f 636 633 632
f 636 632 637
f 637 632 631
f 637 631 638
f 638 631 630
f 638 630 597
f 597 630 610
f 597 610 598
f 598 610 609
f 598 609 612
f 612 609 608
f 612 608 611
f 611 608 607
f 611 607 3725
f 3725 607 3719
f 3725 3719 3724
f 3724 3719 3722
f 3724 3722 3721
f 3721 3722 3723
f 3721 3723 3743
f 3743 3723 3730
f 3743 3730 3729
f 3729 3730 3731
f 3729 3731 3741
f 3741 3731 3159
f 3741 3159 3777
f 3777 3159 3158
f 3777 3158 3776
f 3776 3158 3156
f 3776 3156 3803
f 3803 3156 3079
f 3803 3079 3802
f 3802 3079 3083
f 3802 3083 3790
f 3790 3083 3084
f 3790 3084 3795
f 3795 3084 2914
f 3795 2914 2913
f 2913 2914 2912
f 2913 2912 2918
f 2918 2912 2911
f 2918 2911 2917
f 2917 2911 2919
f 2917 2919 2916
f 2916 2919 2920
f 2916 2920 2915
f 2915 2920 2942
f 2915 2942 2954
f 2954 2942 2945
f 2954 2945 2946
f 2946 2945 2944
f 2946 2944 2232
f 2232 2944 2230
f 2232 2230 2233
f 2233 2230 2231
f 2233 2231 2218
f 2218 2231 2221
f 2218 2221 2229
f 2229 2221 2219
f 2229 2219 2208
f 2208 2219 2205
f 2208 2205 2212
f 2212 2205 2204
f 2212 2204 2215
f 2215 2204 2328
f 2215 2328 2335
f 2335 2328 2329
f 2335 2329 2330
f 2330 2329 2338
f 2330 2338 2366
f 2366 2338 2326
f 2366 2326 2357
f 2357 2326 2345
f 2357 2345 2368
f 2368 2345 2344
f 2368 2344 2354
f 2354 2344 2343
f 2354 2343 2353
f 2353 2343 2342
f 964 969 974
f 974 969 972
f 974 972 973
f 973 972 866
f 973 866 948
f 948 866 953
f 948 953 946
f 946 953 954
f 946 954 949
f 949 954 852
f 949 852 844
f 844 852 853
f 844 853 845
f 845 853 854
f 845 854 846
f 846 854 848
f 846 848 828
f 828 848 826
f 828 826 829
f 829 826 827
f 829 827 813
f 813 827 818
f 813 818 819
f 819 818 824
f 819 824 820
f 820 824 821
f 820 821 685
f 685 821 717
f 685 717 705
f 705 717 713
f 705 713 709
f 709 713 711
f 709 711 708
f 708 711 710
f 708 710 707
f 707 710 712
f 707 712 706
f 706 712 737
f 706 737 741
f 741 737 735
f 741 735 742
f 742 735 739
f 742 739 743
f 743 739 740
f 743 740 738
f 738 740 779
f 738 779 633
f 633 779 642
f 633 642 632
f 632 642 641
f 632 641 631
f 631 641 640
f 631 640 630
f 630 640 639
f 630 639 610
f 610 639 606
f 610 606 609
f 609 606 605
f 609 605 608
f 608 605 604
f 608 604 607
f 607 604 603
f 607 603 3719
f 3719 603 3715
f 3719 3715 3722
f 3722 3715 3716
f 3722 3716 3723
f 3723 3716 3717
f 3723 3717 3730
f 3730 3717 3736
f 3730 3736 3731
f 3731 3736 3154
f 3731 3154 3159
f 3159 3154 3153
f 3159 3153 3158
f 3158 3153 3152
f 3158 3152 3156
f 3156 3152 3148
f 3156 3148 3079
f 3079 3148 3085
f 3079 3085 3083
f 3083 3085 3086
f 3083 3086 3084
f 3084 3086 3074
f 3084 3074 2914
f 2914 3074 2921
f 2914 2921 2912
f 2912 2921 2907
f 2912 2907 2911
f 2911 2907 2906
f 2911 2906 2919
f 2919 2906 2897
f 2919 2897 2920
f 2920 2897 2951
f 2920 2951 2942
f 2942 2951 2950
f 2942 2950 2945
f 2945 2950 2949
f 2945 2949 2944
f 2944 2949 2948
f 2944 2948 2230
f 2230 2948 2270
f 2230 2270 2231
f 2231 2270 2273
f 2231 2273 2221
f 2221 2273 2269
f 2221 2269 2219
f 2219 2269 2288
f 2219 2288 2205
f 2205 2288 2290
f 2205 2290 2204
f 2204 2290 2294
f 2204 2294 2328
f 2328 2294 2332
f 2328 2332 2329
f 2329 2332 2333
f 2329 2333 2338
f 2338 2333 2334
f 2338 2334 2326
f 2326 2334 2347
f 2326 2347 2345
f 2345 2347 2341
f 2345 2341 2344
f 2344 2341 2350
f 2344 2350 2343
f 2343 2350 2351
f 2343 2351 2342
f 2342 2351 2352
f 969 966 972
f 972 966 864
f 972 864 866
f 866 864 863
f 866 863 953
f 953 863 862
f 953 862 954
f 954 862 856
f 954 856 852
f 852 856 851
f 852 851 853
f 853 851 840
f 853 840 854
f 854 840 850
f 854 850 848
f 848 850 849
f 848 849 826
f 826 849 825
f 826 825 827
f 827 825 839
f 827 839 818
f 818 839 823
f 818 823 824
f 824 823 822
f 824 822 821
f 821 822 815
f 821 815 717
f 717 815 718
f 717 718 713
f 713 718 719
f 713 719 711
f 711 719 732
f 711 732 710
f 710 732 733
f 710 733 712
f 712 733 734
f 712 734 737
f 737 734 764
f 737 764 735
f 735 764 763
f 735 763 739
f 739 763 750
f 739 750 740
f 740 750 772
f 740 772 779
f 779 772 773
f 779 773 642
f 642 773 635
f 642 635 641
f 641 635 643
f 641 643 640
f 640 643 629
f 640 629 639
f 639 629 602
f 639 602 606
f 606 602 601
f 606 601 605
f 605 601 600
f 605 600 604
f 604 600 464
f 604 464 603
f 603 464 475
f 603 475 3715
f 3715 475 3720
f 3715 3720 3716
f 3716 3720 3726
f 3716 3726 3717
f 3717 3726 3727
f 3717 3727 3736
f 3736 3727 3151
f 3736 3151 3154
f 3154 3151 3162
f 3154 3162 3153
f 3153 3162 3163
f 3153 3163 3152
f 3152 3163 3161
f 3152 3161 3148
f 3148 3161 3075
f 3148 3075 3085
f 3085 3075 3078
f 3085 3078 3086
f 3086 3078 3087
f 3086 3087 3074
f 3074 3087 3073
f 3074 3073 2921
f 2921 3073 2896
f 2921 2896 2907
f 2907 2896 2898
f 2907 2898 2906
f 2906 2898 2899
f 2906 2899 2897
f 2897 2899 2900
f 2897 2900 2951
f 2951 2900 2947
f 2951 2947 2950
f 2950 2947 2941
f 2950 2941 2949
f 2949 2941 2943
f 2949 2943 2948
f 2948 2943 2277
f 2948 2277 2270
f 2270 2277 2278
f 2270 2278 2273
f 2273 2278 2276
f 2273 2276 2269
f 2269 2276 2275
f 2269 2275 2288
f 2288 2275 2280
f 2288 2280 2290
f 2290 2280 2284
f 2290 2284 2294
f 2294 2284 2285
f 2294 2285 2332
f 2332 2285 2336
f 2332 2336 2333
f 2333 2336 2337
f 2333 2337 2334
f 2334 2337 2339
f 2334 2339 2347
f 2347 2339 2346
f 2347 2346 2341
f 2341 2346 2348
f 2341 2348 2350
f 2350 2348 2355
f 2350 2355 2351
f 2351 2355 2316
f 2351 2316 2352
f 2352 2316 2315
f 966 865 864
f 864 865 869
f 864 869 863
f 863 869 868
f 863 868 862
f 862 868 867
f 862 867 856
f 856 867 855
f 856 855 851
f 851 855 842
f 851 842 840
f 840 842 843
f 840 843 850
f 850 843 847
f 850 847 849
f 849 847 830
f 849 830 825
f 825 830 831
f 825 831 839
f 839 831 832
f 839 832 823
f 823 832 812
f 823 812 822
f 822 812 811
f 822 811 815
f 815 811 810
f 815 810 718
f 718 810 716
f 718 716 719
f 719 716 731
f 719 731 732
f 732 731 730
f 732 730 733
f 733 730 729
f 733 729 734
f 734 729 753
f 734 753 764
f 764 753 759
f 764 759 763
f 763 759 760
f 763 760 750
f 750 760 765
f 750 765 772
f 772 765 766
f 772 766 773
f 773 766 767
f 773 767 635
f 635 767 628
f 635 628 643
f 643 628 627
f 643 627 629
f 629 627 626
f 629 626 602
f 602 626 625
f 602 625 601
f 601 625 474
f 601 474 600
f 600 474 473
f 600 473 464
f 464 473 472
f 464 472 475
f 475 472 471
f 475 471 3720
f 3720 471 3718
f 3720 3718 3726
f 3726 3718 3714
f 3726 3714 3727
f 3727 3714 3157
f 3727 3157 3151
f 3151 3157 3155
f 3151 3155 3162
f 3162 3155 3149
f 3162 3149 3163
f 3163 3149 3143
f 3163 3143 3161
f 3161 3143 3142
f 3161 3142 3075
f 3075 3142 3082
f 3075 3082 3078
f 3078 3082 3081
f 3078 3081 3087
f 3087 3081 3080
f 3087 3080 3073
f 3073 3080 2901
f 3073 2901 2896
f 2896 2901 2902
f 2896 2902 2898
f 2898 2902 2903
f 2898 2903 2899
f 2899 2903 2904
f 2899 2904 2900
f 2900 2904 2905
f 2900 2905 2947
f 2947 2905 2930
f 2947 2930 2941
f 2941 2930 2931
f 2941 2931 2943
f 2943 2931 2932
f 2943 2932 2277
f 2277 2932 2929
f 2277 2929 2278
f 2278 2929 2268
f 2278 2268 2276
f 2276 2268 2267
f 2276 2267 2275
f 2275 2267 2266
f 2275 2266 2280
f 2280 2266 2283
f 2280 2283 2284
f 2284 2283 2282
f 2284 2282 2285
f 2285 2282 2279
f 2285 2279 2336
f 2336 2279 2327
f 2336 2327 2337
f 2337 2327 2340
f 2337 2340 2339
f 2339 2340 2305
f 2339 2305 2346
f 2346 2305 2306
f 2346 2306 2348
f 2348 2306 2297
f 2348 2297 2355
f 2355 2297 2314
f 2355 2314 2316
f 2316 2314 2313
f 2316 2313 2315
f 2315 2313 2312
f 865 861 869
f 869 861 860
f 869 860 868
f 868 860 859
f 868 859 867
f 867 859 858
f 867 858 855
f 855 858 857
f 855 857 842
f 842 857 841
f 842 841 843
f 843 841 877
f 843 877 847
f 847 877 878
f 847 878 830
f 830 878 835
f 830 835 831
f 831 835 834
f 831 834 832
f 832 834 833
f 832 833 812
f 812 833 814
f 812 814 811
f 811 814 817
f 811 817 810
f 810 817 816
f 810 816 716
f 716 816 721
f 716 721 731
f 731 721 728
f 731 728 730
f 730 728 720
f 730 720 729
f 729 720 758
f 729 758 753
f 753 758 751
f 753 751 759
f 759 751 752
f 759 752 760
f 760 752 771
f 760 771 765
f 765 771 777
f 765 777 766
f 766 777 778
f 766 778 767
f 767 778 624
f 767 624 628
f 628 624 623
f 628 623 627
f 627 623 622
f 627 622 626
f 626 622 621
f 626 621 625
f 625 621 620
f 625 620 474
f 474 620 470
f 474 470 473
f 473 470 469
f 473 469 472
f 472 469 468
f 472 468 471
f 471 468 467
f 471 467 3718
f 3718 467 3728
f 3718 3728 3714
f 3714 3728 3124
f 3714 3124 3157
f 3157 3124 3160
f 3157 3160 3155
f 3155 3160 3150
f 3155 3150 3149
f 3149 3150 3145
f 3149 3145 3143
f 3143 3145 3144
f 3143 3144 3142
f 3142 3144 3141
f 3142 3141 3082
f 3082 3141 3077
f 3082 3077 3081
f 3081 3077 3076
f 3081 3076 3080
f 3080 3076 3071
f 3080 3071 2901
f 2901 3071 3070
f 2901 3070 2902
f 2902 3070 2908
f 2902 2908 2903
f 2903 2908 2909
f 2903 2909 2904
f 2904 2909 2910
f 2904 2910 2905
f 2905 2910 2927
f 2905 2927 2930
f 2930 2927 2940
f 2930 2940 2931
f 2931 2940 2939
f 2931 2939 2932
f 2932 2939 2934
f 2932 2934 2929
f 2929 2934 2933
f 2929 2933 2268
f 2268 2933 2265
f 2268 2265 2267
f 2267 2265 2264
f 2267 2264 2266
f 2266 2264 2289
f 2266 2289 2283
f 2283 2289 2291
f 2283 2291 2282
f 2282 2291 2292
f 2282 2292 2279
f 2279 2292 2293
f 2279 2293 2327
f 2327 2293 2331
f 2327 2331 2340
f 2340 2331 2296
f 2340 2296 2305
f 2305 2296 2308
f 2305 2308 2306
f 2306 2308 2309
f 2306 2309 2297
f 2297 2309 2310
f 2297 2310 2314
f 2314 2310 2318
f 2314 2318 2313
f 2313 2318 2319
f 2313 2319 2312
f 2312 2319 2320
f 861 896 860
f 860 896 897
f 860 897 859
f 859 897 898
f 859 898 858
f 858 898 899
f 858 899 857
f 857 899 885
f 857 885 841
f 841 885 882
f 841 882 877
f 877 882 884
f 877 884 878
f 878 884 883
f 878 883 835
f 835 883 836
f 835 836 834
f 834 836 837
f 834 837 833
f 833 837 838
f 833 838 814
f 814 838 809
f 814 809 817
f 817 809 795
f 817 795 816
f 816 795 794
f 816 794 721
f 721 794 724
f 721 724 728
f 728 724 723
f 728 723 720
f 720 723 722
f 720 722 758
f 758 722 761
f 758 761 751
f 751 761 762
f 751 762 752
f 752 762 757
f 752 757 771
f 771 757 770
f 771 770 777
f 777 770 768
f 777 768 778
f 778 768 769
f 778 769 624
f 624 769 619
f 624 619 623
f 623 619 618
f 623 618 622
f 622 618 617
f 622 617 621
f 621 617 616
f 621 616 620
f 620 616 466
f 620 466 470
f 470 466 476
f 470 476 469
f 469 476 477
f 469 477 468
f 468 477 463
f 468 463 467
f 467 463 465
f 467 465 3728
f 3728 465 3131
f 3728 3131 3124
f 3124 3131 3123
f 3124 3123 3160
f 3160 3123 3117
f 3160 3117 3150
f 3150 3117 3132
f 3150 3132 3145
f 3145 3132 3140
f 3145 3140 3144
f 3144 3140 3147
f 3144 3147 3141
f 3141 3147 3139
f 3141 3139 3077
f 3077 3139 3064
f 3077 3064 3076
f 3076 3064 3063
f 3076 3063 3071
f 3071 3063 3062
f 3071 3062 3070
f 3070 3062 3072
f 3070 3072 2908
f 2908 3072 3000
f 2908 3000 2909
f 2909 3000 2995
f 2909 2995 2910
f 2910 2995 2994
f 2910 2994 2927
f 2927 2994 2938
f 2927 2938 2940
f 2940 2938 2937
f 2940 2937 2939
f 2939 2937 2936
f 2939 2936 2934
f 2934 2936 2935
f 2934 2935 2933
f 2933 2935 2986
f 2933 2986 2265
f 2265 2986 2272
f 2265 2272 2264
f 2264 2272 2274
f 2264 2274 2289
f 2289 2274 2281
f 2289 2281 2291
f 2291 2281 2287
f 2291 2287 2292
f 2292 2287 2286
f 2292 2286 2293
f 2293 2286 2247
f 2293 2247 2331
f 2331 2247 2307
f 2331 2307 2296
f 2296 2307 2304
f 2296 2304 2308
f 2308 2304 2303
f 2308 2303 2309
f 2309 2303 2295
f 2309 2295 2310
f 2310 2295 2323
f 2310 2323 2318
f 2318 2323 2321
f 2318 2321 2319
f 2319 2321 2322
f 2319 2322 2320
f 2320 2322 2317
f 896 892 897
f 897 892 891
f 897 891 898
f 898 891 890
f 898 890 899
f 899 890 888
f 899 888 885
f 885 888 879
f 885 879 882
f 882 879 876
f 882 876 884
f 884 876 875
f 884 875 883
f 883 875 874
f 883 874 836
f 836 874 782
f 836 782 837
f 837 782 786
f 837 786 838
f 838 786 805
f 838 805 809
f 809 805 802
f 809 802 795
f 795 802 803
f 795 803 794
f 794 803 804
f 794 804 724
f 724 804 725
f 724 725 723
f 723 725 726
f 723 726 722
f 722 726 727
f 722 727 761
f 761 727 754
f 761 754 762
f 762 754 755
f 762 755 757
f 757 755 756
f 757 756 770
f 770 756 776
f 770 776 768
f 768 776 775
f 768 775 769
f 769 775 774
f 769 774 619
f 619 774 615
f 619 615 618
f 618 615 613
f 618 613 617
f 617 613 614
f 617 614 616
f 616 614 452
f 616 452 466
f 466 452 450
f 466 450 476
f 476 450 451
f 476 451 477
f 477 451 453
f 477 453 463
f 463 453 454
f 463 454 465
f 465 454 3121
f 465 3121 3131
f 3131 3121 3120
f 3131 3120 3123
f 3123 3120 3118
f 3123 3118 3117
f 3117 3118 3135
f 3117 3135 3132
f 3132 3135 3134
f 3132 3134 3140
f 3140 3134 3133
f 3140 3133 3147
f 3147 3133 3137
f 3147 3137 3139
f 3139 3137 3069
f 3139 3069 3064
f 3064 3069 3068
f 3064 3068 3063
f 3063 3068 3061
f 3063 3061 3062
f 3062 3061 3060
f 3062 3060 3072
f 3072 3060 2999
f 3072 2999 3000
f 3000 2999 2998
f 3000 2998 2995
f 2995 2998 2997
f 2995 2997 2994
f 2994 2997 2996
f 2994 2996 2938
f 2938 2996 2926
f 2938 2926 2937
f 2937 2926 2928
f 2937 2928 2936
f 2936 2928 2979
f 2936 2979 2935
f 2935 2979 2978
f 2935 2978 2986
f 2986 2978 2977
f 2986 2977 2272
f 2272 2977 2271
f 2272 2271 2274
f 2274 2271 2255
f 2274 2255 2281
f 2281 2255 2256
f 2281 2256 2287
f 2287 2256 2259
f 2287 2259 2286
f 2286 2259 2237
f 2286 2237 2247
f 2247 2237 2236
f 2247 2236 2307
f 2307 2236 2302
f 2307 2302 2304
f 2304 2302 2301
f 2304 2301 2303
f 2303 2301 2300
f 2303 2300 2295
f 2295 2300 2299
f 2295 2299 2323
f 2323 2299 2325
f 2323 2325 2321
f 2321 2325 2311
f 2321 2311 2322
f 2322 2311 2324
f 2322 2324 2317
f 2317 2324 2580
f 892 895 891
f 891 895 894
f 891 894 890
f 890 894 889
f 890 889 888
f 888 889 900
f 888 900 879
f 879 900 901
f 879 901 876
f 876 901 871
f 876 871 875
f 875 871 872
f 875 872 874
f 874 872 873
f 874 873 782
f 782 873 781
f 782 781 786
f 786 781 780
f 786 780 805
f 805 780 808
f 805 808 802
f 802 808 807
f 802 807 803
f 803 807 800
f 803 800 804
f 804 800 806
f 804 806 725
f 725 806 179
f 725 179 726
f 726 179 184
f 726 184 727
f 727 184 204
f 727 204 754
f 754 204 201
f 754 201 755
f 755 201 202
f 755 202 756
f 756 202 447
f 756 447 776
f 776 447 448
f 776 448 775
f 775 448 432
f 775 432 774
f 774 432 431
f 774 431 615
f 615 431 430
f 615 430 613
f 613 430 429
f 613 429 614
f 614 429 455
f 614 455 452
f 452 455 456
f 452 456 450
f 450 456 449
f 450 449 451
f 451 449 458
f 451 458 453
f 453 458 459
f 453 459 454
f 454 459 460
f 454 460 3121
f 3121 460 3125
f 3121 3125 3120
f 3120 3125 3126
f 3120 3126 3118
f 3118 3126 3127
f 3118 3127 3135
f 3135 3127 3136
f 3135 3136 3134
f 3134 3136 3138
f 3134 3138 3133
f 3133 3138 3146
f 3133 3146 3137
f 3137 3146 3059
f 3137 3059 3069
f 3069 3059 3066
f 3069 3066 3068
f 3068 3066 3067
f 3068 3067 3061
f 3061 3067 3040
f 3061 3040 3060
f 3060 3040 3041
f 3060 3041 2999
f 2999 3041 2987
f 2999 2987 2998
f 2998 2987 2990
f 2998 2990 2997
f 2997 2990 2989
f 2997 2989 2996
f 2996 2989 2988
f 2996 2988 2926
f 2926 2988 3015
f 2926 3015 2928
f 2928 3015 2985
f 2928 2985 2979
f 2979 2985 2984
f 2979 2984 2978
f 2978 2984 2983
f 2978 2983 2977
f 2977 2983 2980
f 2977 2980 2271
f 2271 2980 2251
f 2271 2251 2255
f 2255 2251 2252
f 2255 2252 2256
f 2256 2252 2253
f 2256 2253 2259
f 2259 2253 2254
f 2259 2254 2237
f 2237 2254 2243
f 2237 2243 2236
f 2236 2243 2242
f 2236 2242 2302
f 2302 2242 2241
f 2302 2241 2301
f 2301 2241 2240
f 2301 2240 2300
f 2300 2240 2298
f 2300 2298 2299
f 2299 2298 2581
f 2299 2581 2325
f 2325 2581 2586
f 2325 2586 2311
f 2311 2586 2567
f 2311 2567 2324
f 2324 2567 2570
f 2324 2570 2580
f 2580 2570 2571
f 895 893 894
f 894 893 887
f 894 887 889
f 889 887 905
f 889 905 900
f 900 905 910
f 900 910 901
f 901 910 911
f 901 911 871
f 871 911 870
f 871 870 872
f 872 870 880
f 872 880 873
f 873 880 790
f 873 790 781
f 781 790 791
f 781 791 780
f 780 791 789
f 780 789 808
f 808 789 801
f 808 801 807
f 807 801 796
f 807 796 800
f 800 796 797
f 800 797 806
f 806 797 186
f 806 186 179
f 179 186 187
f 179 187 184
f 184 187 206
f 184 206 204
f 204 206 207
f 204 207 201
f 201 207 208
f 201 208 202
f 202 208 205
f 202 205 447
f 447 205 446
f 447 446 448
f 448 446 445
f 448 445 432
f 432 445 423
f 432 423 431
f 431 423 424
f 431 424 430
f 430 424 420
f 430 420 429
f 429 420 427
f 429 427 455
f 455 427 480
f 455 480 456
f 456 480 481
f 456 481 449
f 449 481 482
f 449 482 458
f 458 482 462
f 458 462 459
f 459 462 457
f 459 457 460
f 460 457 461
f 460 461 3125
f 3125 461 3128
f 3125 3128 3126
f 3126 3128 3129
f 3126 3129 3127
f 3127 3129 3130
f 3127 3130 3136
f 3136 3130 3101
f 3136 3101 3138
f 3138 3101 3102
f 3138 3102 3146
f 3146 3102 3094
f 3146 3094 3059
f 3059 3094 3065
f 3059 3065 3066
f 3066 3065 3035
f 3066 3035 3067
f 3067 3035 3036
f 3067 3036 3040
f 3040 3036 3044
f 3040 3044 3041
f 3041 3044 3038
f 3041 3038 2987
f 2987 3038 2991
f 2987 2991 2990
f 2990 2991 2993
f 2990 2993 2989
f 2989 2993 2992
f 2989 2992 2988
f 2988 2992 3017
f 2988 3017 3015
f 3015 3017 3018
f 3015 3018 2985
f 2985 3018 2973
f 2985 2973 2984
f 2984 2973 2972
f 2984 2972 2983
f 2983 2972 2974
f 2983 2974 2980
f 2980 2974 2975
f 2980 2975 2251
f 2251 2975 2263
f 2251 2263 2252
f 2252 2263 2262
f 2252 2262 2253
f 2253 2262 2261
f 2253 2261 2254
f 2254 2261 2260
f 2254 2260 2243
f 2243 2260 2248
f 2243 2248 2242
f 2242 2248 2245
f 2242 2245 2241
f 2241 2245 2244
f 2241 2244 2240
f 2240 2244 2246
f 2240 2246 2298
f 2298 2246 2587
f 2298 2587 2581
f 2581 2587 2585
f 2581 2585 2586
f 2586 2585 2584
f 2586 2584 2567
f 2567 2584 2574
f 2567 2574 2570
f 2570 2574 2573
f 2570 2573 2571
f 2571 2573 2566
f 893 886 887
f 887 886 908
f 887 908 905
f 905 908 903
f 905 903 910
f 910 903 902
f 910 902 911
f 911 902 909
f 911 909 870
f 870 909 881
f 870 881 880
f 880 881 787
f 880 787 790
f 790 787 788
f 790 788 791
f 791 788 792
f 791 792 789
f 789 792 793
f 789 793 801
f 801 793 799
f 801 799 796
f 796 799 798
f 796 798 797
f 797 798 191
f 797 191 186
f 186 191 192
f 186 192 187
f 187 192 193
f 187 193 206
f 206 193 203
f 206 203 207
f 207 203 200
f 207 200 208
f 208 200 199
f 208 199 205
f 205 199 439
f 205 439 446
f 446 439 434
f 446 434 445
f 445 434 440
f 445 440 423
f 423 440 425
f 423 425 424
f 424 425 426
f 424 426 420
f 420 426 428
f 420 428 427
f 427 428 485
f 427 485 480
f 480 485 484
f 480 484 481
f 481 484 486
f 481 486 482
f 482 486 491
f 482 491 462
f 462 491 497
f 462 497 457
f 457 497 498
f 457 498 461
f 461 498 499
f 461 499 3128
f 3128 499 3122
f 3128 3122 3129
f 3129 3122 3119
f 3129 3119 3130
f 3130 3119 3092
f 3130 3092 3101
f 3101 3092 3097
f 3101 3097 3102
f 3102 3097 3096
f 3102 3096 3094
f 3094 3096 3095
f 3094 3095 3065
f 3065 3095 3034
f 3065 3034 3035
f 3035 3034 3033
f 3035 3033 3036
f 3036 3033 3032
f 3036 3032 3044
f 3044 3032 3031
f 3044 3031 3038
f 3038 3031 3030
f 3038 3030 2991
f 2991 3030 3006
f 2991 3006 2993
f 2993 3006 3005
f 2993 3005 2992
f 2992 3005 3025
f 2992 3025 3017
f 3017 3025 3028
f 3017 3028 3018
f 3018 3028 3029
f 3018 3029 2973
f 2973 3029 2976
f 2973 2976 2972
f 2972 2976 2981
f 2972 2981 2974
f 2974 2981 2982
f 2974 2982 2975
f 2975 2982 2957
f 2975 2957 2263
f 2263 2957 2257
f 2263 2257 2262
f 2262 2257 2258
f 2262 2258 2261
f 2261 2258 2249
f 2261 2249 2260
f 2260 2249 2239
f 2260 2239 2248
f 2248 2239 2238
f 2248 2238 2245
f 2245 2238 2235
f 2245 2235 2244
f 2244 2235 2234
f 2244 2234 2246
f 2246 2234 2582
f 2246 2582 2587
f 2587 2582 2593
f 2587 2593 2585
f 2585 2593 2592
f 2585 2592 2584
f 2584 2592 2591
f 2584 2591 2574
f 2574 2591 2572
f 2574 2572 2573
f 2573 2572 2569
f 2573 2569 2566
f 2566 2569 2568
f 886 904 908
f 908 904 906
f 908 906 903
f 903 906 907
f 903 907 902
f 902 907 914
f 902 914 909
f 909 914 56
f 909 56 881
f 881 56 57
f 881 57 787
f 787 57 784
f 787 784 788
f 788 784 785
f 788 785 792
f 792 785 23
f 792 23 793
f 793 23 24
f 793 24 799
f 799 24 214
f 799 214 798
f 798 214 222
f 798 222 191
f 191 222 182
f 191 182 192
f 192 182 181
f 192 181 193
f 193 181 180
f 193 180 203
f 203 180 198
f 203 198 200
f 200 198 197
f 200 197 199
f 199 197 196
f 199 196 439
f 439 196 443
f 439 443 434
f 434 443 442
f 434 442 440
f 440 442 436
f 440 436 425
f 425 436 421
f 425 421 426
f 426 421 433
f 426 433 428
f 428 433 422
f 428 422 485
f 485 422 488
f 485 488 484
f 484 488 489
f 484 489 486
f 486 489 490
f 486 490 491
f 491 490 483
f 491 483 497
f 497 483 505
f 497 505 498
f 498 505 506
f 498 506 499
f 499 506 507
f 499 507 3122
f 3122 507 3108
f 3122 3108 3119
f 3119 3108 3109
f 3119 3109 3092
f 3092 3109 3110
f 3092 3110 3097
f 3097 3110 3093
f 3097 3093 3096
f 3096 3093 3100
f 3096 3100 3095
f 3095 3100 3090
f 3095 3090 3034
f 3034 3090 3043
f 3034 3043 3033
f 3033 3043 3037
f 3033 3037 3032
f 3032 3037 3042
f 3032 3042 3031
f 3031 3042 3039
f 3031 3039 3030
f 3030 3039 3004
f 3030 3004 3006
f 3006 3004 3003
f 3006 3003 3005
f 3005 3003 3002
f 3005 3002 3025
f 3025 3002 3020
f 3025 3020 3028
f 3028 3020 3021
f 3028 3021 3029
f 3029 3021 3022
f 3029 3022 2976
f 2976 3022 2958
f 2976 2958 2981
f 2981 2958 2959
f 2981 2959 2982
f 2982 2959 2960
f 2982 2960 2957
f 2957 2960 2961
f 2957 2961 2257
f 2257 2961 2250
f 2257 2250 2258
f 2258 2250 2561
f 2258 2561 2249
f 2249 2561 2564
f 2249 2564 2239
f 2239 2564 2565
f 2239 2565 2238
f 2238 2565 2546
f 2238 2546 2235
f 2235 2546 2545
f 2235 2545 2234
f 2234 2545 2536
f 2234 2536 2582
f 2582 2536 2583
f 2582 2583 2593
f 2593 2583 2594
f 2593 2594 2592
f 2592 2594 2595
f 2592 2595 2591
f 2591 2595 2578
f 2591 2578 2572
f 2572 2578 2579
f 2572 2579 2569
f 2569 2579 2577
f 2569 2577 2568
f 2568 2577 2605
f 904 912 906
f 906 912 913
f 906 913 907
f 907 913 915
f 907 915 914
f 914 915 44
f 914 44 56
f 56 44 58
f 56 58 57
f 57 58 59
f 57 59 784
f 784 59 783
f 784 783 785
f 785 783 27
f 785 27 23
f 23 27 26
f 23 26 24
f 24 26 25
f 24 25 214
f 214 25 210
f 214 210 222
f 222 210 211
f 222 211 182
f 182 211 190
f 182 190 181
f 181 190 189
f 181 189 180
f 180 189 188
f 180 188 198
f 198 188 195
f 198 195 197
f 197 195 194
f 197 194 196
f 196 194 438
f 196 438 443
f 443 438 437
f 443 437 442
f 442 437 435
f 442 435 436
f 436 435 400
f 436 400 421
f 421 400 405
f 421 405 433
f 433 405 412
f 433 412 422
f 422 412 411
f 422 411 488
f 488 411 492
f 488 492 489
f 489 492 487
f 489 487 490
f 490 487 479
f 490 479 483
f 483 479 504
f 483 504 505
f 505 504 503
f 505 503 506
f 506 503 502
f 506 502 507
f 507 502 3103
f 507 3103 3108
f 3108 3103 3104
f 3108 3104 3109
f 3109 3104 3107
f 3109 3107 3110
f 3110 3107 3106
f 3110 3106 3093
f 3093 3106 3091
f 3093 3091 3100
f 3100 3091 3099
f 3100 3099 3090
f 3090 3099 3098
f 3090 3098 3043
f 3043 3098 3054
f 3043 3054 3037
f 3037 3054 3045
f 3037 3045 3042
f 3042 3045 3047
f 3042 3047 3039
f 3039 3047 3048
f 3039 3048 3004
f 3004 3048 3007
f 3004 3007 3003
f 3003 3007 3008
f 3003 3008 3002
f 3002 3008 3009
f 3002 3009 3020
f 3020 3009 3019
f 3020 3019 3021
f 3021 3019 3024
f 3021 3024 3022
f 3022 3024 2966
f 3022 2966 2958
f 2958 2966 2967
f 2958 2967 2959
f 2959 2967 2971
f 2959 2971 2960
f 2960 2971 2965
f 2960 2965 2961
f 2961 2965 2693
f 2961 2693 2250
f 2250 2693 2552
f 2250 2552 2561
f 2561 2552 2553
f 2561 2553 2564
f 2564 2553 2554
f 2564 2554 2565
f 2565 2554 2555
f 2565 2555 2546
f 2546 2555 2543
f 2546 2543 2545
f 2545 2543 2537
f 2545 2537 2536
f 2536 2537 2544
f 2536 2544 2583
f 2583 2544 2588
f 2583 2588 2594
f 2594 2588 2589
f 2594 2589 2595
f 2595 2589 2590
f 2595 2590 2578
f 2578 2590 2576
f 2578 2576 2579
f 2579 2576 2575
f 2579 2575 2577
f 2577 2575 2606
f 2577 2606 2605
f 2605 2606 2607
f 912 50 913
f 913 50 49
f 913 49 915
f 915 49 48
f 915 48 44
f 44 48 47
f 44 47 58
f 58 47 46
f 58 46 59
f 59 46 45
f 59 45 783
f 783 45 22
f 783 22 27
f 27 22 21
f 27 21 26
f 26 21 20
f 26 20 25
f 25 20 220
f 25 220 210
f 210 220 221
f 210 221 211
f 211 221 219
f 211 219 190
f 190 219 218
f 190 218 189
f 189 218 185
f 189 185 188
f 188 185 183
f 188 183 195
f 195 183 248
f 195 248 194
f 194 248 251
f 194 251 438
f 438 251 444
f 438 444 437
f 437 444 441
f 437 441 435
f 435 441 393
f 435 393 400
f 400 393 394
f 400 394 405
f 405 394 413
f 405 413 412
f 412 413 414
f 412 414 411
f 411 414 406
f 411 406 492
f 492 406 478
f 492 478 487
f 487 478 520
f 487 520 479
f 479 520 519
f 479 519 504
f 504 519 501
f 504 501 503
f 503 501 493
f 503 493 502
f 502 493 500
f 502 500 3103
f 3103 500 3114
f 3103 3114 3104
f 3104 3114 3113
f 3104 3113 3107
f 3107 3113 3112
f 3107 3112 3106
f 3106 3112 3111
f 3106 3111 3091
f 3091 3111 3088
f 3091 3088 3099
f 3099 3088 3089
f 3099 3089 3098
f 3098 3089 3049
f 3098 3049 3054
f 3054 3049 3050
f 3054 3050 3045
f 3045 3050 3051
f 3045 3051 3047
f 3047 3051 3053
f 3047 3053 3048
f 3048 3053 3046
f 3048 3046 3007
f 3007 3046 3013
f 3007 3013 3008
f 3008 3013 3001
f 3008 3001 3009
f 3009 3001 3014
f 3009 3014 3019
f 3019 3014 3027
f 3019 3027 3024
f 3024 3027 3026
f 3024 3026 2966
f 2966 3026 2970
f 2966 2970 2967
f 2967 2970 2969
f 2967 2969 2971
f 2971 2969 2968
f 2971 2968 2965
f 2965 2968 2691
f 2965 2691 2693
f 2693 2691 2692
f 2693 2692 2552
f 2552 2692 2551
f 2552 2551 2553
f 2553 2551 2562
f 2553 2562 2554
f 2554 2562 2563
f 2554 2563 2555
f 2555 2563 2547
f 2555 2547 2543
f 2543 2547 2538
f 2543 2538 2537
f 2537 2538 2539
f 2537 2539 2544
f 2544 2539 2540
f 2544 2540 2588
f 2588 2540 2615
f 2588 2615 2589
f 2589 2615 2614
f 2589 2614 2590
f 2590 2614 2632
f 2590 2632 2576
f 2576 2632 2631
f 2576 2631 2575
f 2575 2631 2603
f 2575 2603 2606
f 2606 2603 2604
f 2606 2604 2607
f 2607 2604 2599
f 50 51 49
f 49 51 52
f 49 52 48
f 48 52 53
f 48 53 47
f 47 53 54
f 47 54 46
f 46 54 55
f 46 55 45
f 45 55 19
f 45 19 22
f 22 19 18
f 22 18 21
f 21 18 17
f 21 17 20
f 20 17 4
f 20 4 220
f 220 4 217
f 220 217 221
f 221 217 216
f 221 216 219
f 219 216 215
f 219 215 218
f 218 215 209
f 218 209 185
f 185 209 226
f 185 226 183
f 183 226 240
f 183 240 248
f 248 240 243
f 248 243 251
f 251 243 244
f 251 244 444
f 444 244 403
f 444 403 441
f 441 403 402
f 441 402 393
f 393 402 397
f 393 397 394
f 394 397 396
f 394 396 413
f 413 396 410
f 413 410 414
f 414 410 415
f 414 415 406
f 406 415 416
f 406 416 478
f 478 416 518
f 478 518 520
f 520 518 517
f 520 517 519
f 519 517 516
f 519 516 501
f 501 516 496
f 501 496 493
f 493 496 494
f 493 494 500
f 500 494 495
f 500 495 3114
f 3114 495 3116
f 3114 3116 3113
f 3113 3116 3115
f 3113 3115 3112
f 3112 3115 3105
f 3112 3105 3111
f 3111 3105 2808
f 3111 2808 3088
f 3088 2808 2816
f 3088 2816 3089
f 3089 2816 3057
f 3089 3057 3049
f 3049 3057 3056
f 3049 3056 3050
f 3050 3056 3055
f 3050 3055 3051
f 3051 3055 3058
f 3051 3058 3053
f 3053 3058 3052
f 3053 3052 3046
f 3046 3052 3010
f 3046 3010 3013
f 3013 3010 3011
f 3013 3011 3001
f 3001 3011 3012
f 3001 3012 3014
f 3014 3012 3016
f 3014 3016 3027
f 3027 3016 3023
f 3027 3023 3026
f 3026 3023 2962
f 3026 2962 2970
f 2970 2962 2963
f 2970 2963 2969
f 2969 2963 2964
f 2969 2964 2968
f 2968 2964 2694
f 2968 2694 2691
f 2691 2694 2697
f 2691 2697 2692
f 2692 2697 2698
f 2692 2698 2551
f 2551 2698 2558
f 2551 2558 2562
f 2562 2558 2559
f 2562 2559 2563
f 2563 2559 2560
f 2563 2560 2547
f 2547 2560 2549
f 2547 2549 2538
f 2538 2549 2542
f 2538 2542 2539
f 2539 2542 2541
f 2539 2541 2540
f 2540 2541 2611
f 2540 2611 2615
f 2615 2611 2612
f 2615 2612 2614
f 2614 2612 2613
f 2614 2613 2632
f 2632 2613 2630
f 2632 2630 2631
f 2631 2630 2629
f 2631 2629 2603
f 2603 2629 2602
f 2603 2602 2604
f 2604 2602 2601
f 2604 2601 2599
f 2599 2601 2597
f 51 29 52
f 52 29 35
f 52 35 53
f 53 35 34
f 53 34 54
f 54 34 33
f 54 33 55
f 55 33 16
f 55 16 19
f 19 16 15
f 19 15 18
f 18 15 11
f 18 11 17
f 17 11 14
f 17 14 4
f 4 14 1
f 4 1 217
f 217 1 213
f 217 213 216
f 216 213 212
f 216 212 215
f 215 212 223
f 215 223 209
f 209 223 227
f 209 227 226
f 226 227 234
f 226 234 240
f 240 234 238
f 240 238 243
f 243 238 239
f 243 239 244
f 244 239 249
f 244 249 403
f 403 249 401
f 403 401 402
f 402 401 391
f 402 391 397
f 397 391 399
f 397 399 396
f 396 399 398
f 396 398 410
f 410 398 417
f 410 417 415
f 415 417 418
f 415 418 416
f 416 418 419
f 416 419 518
f 518 419 515
f 518 515 517
f 517 515 514
f 517 514 516
f 516 514 513
f 516 513 496
f 496 513 511
f 496 511 494
f 494 511 508
f 494 508 495
f 495 508 510
f 495 510 3116
f 3116 510 2806
f 3116 2806 3115
f 3115 2806 2811
f 3115 2811 3105
f 3105 2811 2812
f 3105 2812 2808
f 2808 2812 2813
f 2808 2813 2816
f 2816 2813 2814
f 2816 2814 3057
f 3057 2814 2842
f 3057 2842 3056
f 3056 2842 2843
f 3056 2843 3055
f 3055 2843 2844
f 3055 2844 3058
f 3058 2844 2845
f 3058 2845 3052
f 3052 2845 2829
f 3052 2829 3010
f 3010 2829 2823
f 3010 2823 3011
f 3011 2823 2822
f 3011 2822 3012
f 3012 2822 2667
f 3012 2667 3016
f 3016 2667 2664
f 3016 2664 3023
f 3023 2664 2663
f 3023 2663 2962
f 2962 2663 2662
f 2962 2662 2963
f 2963 2662 2661
f 2963 2661 2964
f 2964 2661 2699
f 2964 2699 2694
f 2694 2699 2696
f 2694 2696 2697
f 2697 2696 2685
f 2697 2685 2698
f 2698 2685 2687
f 2698 2687 2558
f 2558 2687 2556
f 2558 2556 2559
f 2559 2556 2557
f 2559 2557 2560
f 2560 2557 2550
f 2560 2550 2549
f 2549 2550 2548
f 2549 2548 2542
f 2542 2548 2518
f 2542 2518 2541
f 2541 2518 2513
f 2541 2513 2611
f 2611 2513 2624
f 2611 2624 2612
f 2612 2624 2620
f 2612 2620 2613
f 2613 2620 2617
f 2613 2617 2630
f 2630 2617 2635
f 2630 2635 2629
f 2629 2635 2634
f 2629 2634 2602
f 2602 2634 2598
f 2602 2598 2601
f 2601 2598 2596
f 2601 2596 2597
f 2597 2596 2610
f 29 30 35
f 35 30 43
f 35 43 34
f 34 43 42
f 34 42 33
f 33 42 41
f 33 41 16
f 16 41 28
f 16 28 15
f 15 28 10
f 15 10 11
f 11 10 9
f 11 9 14
f 14 9 8
f 14 8 1
f 1 8 7
f 1 7 213
f 213 7 237
f 213 237 212
f 212 237 231
f 212 231 223
f 223 231 230
f 223 230 227
f 227 230 229
f 227 229 234
f 234 229 228
f 234 228 238
f 238 228 247
f 238 247 239
f 239 247 246
f 239 246 249
f 249 246 245
f 249 245 401
f 401 245 392
f 401 392 391
f 391 392 395
f 391 395 399
f 399 395 404
f 399 404 398
f 398 404 409
f 398 409 417
f 417 409 408
f 417 408 418
f 418 408 407
f 418 407 419
f 419 407 360
f 419 360 515
f 515 360 521
f 515 521 514
f 514 521 522
f 514 522 513
f 513 522 523
f 513 523 511
f 511 523 509
f 511 509 508
f 508 509 512
f 508 512 510
f 510 512 2810
f 510 2810 2806
f 2806 2810 2809
f 2806 2809 2811
f 2811 2809 2819
f 2811 2819 2812
f 2812 2819 2807
f 2812 2807 2813
f 2813 2807 2815
f 2813 2815 2814
f 2814 2815 2836
f 2814 2836 2842
f 2842 2836 2848
f 2842 2848 2843
f 2843 2848 2837
f 2843 2837 2844
f 2844 2837 2839
f 2844 2839 2845
f 2845 2839 2838
f 2845 2838 2829
f 2829 2838 2828
f 2829 2828 2823
f 2823 2828 2821
f 2823 2821 2822
f 2822 2821 2660
f 2822 2660 2667
f 2667 2660 2666
f 2667 2666 2664
f 2664 2666 2665
f 2664 2665 2663
f 2663 2665 2669
f 2663 2669 2662
f 2662 2669 2670
f 2662 2670 2661
f 2661 2670 2641
f 2661 2641 2699
f 2699 2641 2689
f 2699 2689 2696
f 2696 2689 2686
f 2696 2686 2685
f 2685 2686 2695
f 2685 2695 2687
f 2687 2695 2533
f 2687 2533 2556
f 2556 2533 2522
f 2556 2522 2557
f 2557 2522 2521
f 2557 2521 2550
f 2550 2521 2509
f 2550 2509 2548
f 2548 2509 2507
f 2548 2507 2518
f 2518 2507 2511
f 2518 2511 2513
f 2513 2511 2510
f 2513 2510 2624
f 2624 2510 2618
f 2624 2618 2620
f 2620 2618 2616
f 2620 2616 2617
f 2617 2616 2619
f 2617 2619 2635
f 2635 2619 2633
f 2635 2633 2634
f 2634 2633 2628
f 2634 2628 2598
f 2598 2628 2609
f 2598 2609 2596
f 2596 2609 2608
f 2596 2608 2610
f 2610 2608 2394
f 30 38 43
f 43 38 37
f 43 37 42
f 42 37 32
f 42 32 41
f 41 32 31
f 41 31 28
f 28 31 12
f 28 12 10
f 10 12 13
f 10 13 9
f 9 13 6
f 9 6 8
f 8 6 5
f 8 5 7
f 7 5 225
f 7 225 237
f 237 225 224
f 237 224 231
f 231 224 232
f 231 232 230
f 230 232 233
f 230 233 229
f 229 233 235
f 229 235 228
f 228 235 250
f 228 250 247
f 247 250 253
f 247 253 246
f 246 253 252
f 246 252 245
f 245 252 265
f 245 265 392
f 392 265 264
f 392 264 395
f 395 264 281
f 395 281 404
f 404 281 280
f 404 280 409
f 409 280 282
f 409 282 408
f 408 282 283
f 408 283 407
f 407 283 352
f 407 352 360
f 360 352 353
f 360 353 521
f 521 353 374
f 521 374 522
f 522 374 366
f 522 366 523
f 523 366 372
f 523 372 509
f 509 372 390
f 509 390 512
f 512 390 389
f 512 389 2810
f 2810 389 2820
f 2810 2820 2809
f 2809 2820 2818
f 2809 2818 2819
f 2819 2818 2817
f 2819 2817 2807
f 2807 2817 2805
f 2807 2805 2815
f 2815 2805 2802
f 2815 2802 2836
f 2836 2802 2840
f 2836 2840 2848
f 2848 2840 2841
f 2848 2841 2837
f 2837 2841 2847
f 2837 2847 2839
f 2839 2847 2846
f 2839 2846 2838
f 2838 2846 2834
f 2838 2834 2828
f 2828 2834 2831
f 2828 2831 2821
f 2821 2831 2830
f 2821 2830 2660
f 2660 2830 2657
f 2660 2657 2666
f 2666 2657 2656
f 2666 2656 2665
f 2665 2656 2668
f 2665 2668 2669
f 2669 2668 2649
f 2669 2649 2670
f 2670 2649 2648
f 2670 2648 2641
f 2641 2648 2647
f 2641 2647 2689
f 2689 2647 2688
f 2689 2688 2686
f 2686 2688 2690
f 2686 2690 2695
f 2695 2690 2534
f 2695 2534 2533
f 2533 2534 2530
f 2533 2530 2522
f 2522 2530 2529
f 2522 2529 2521
f 2521 2529 2520
f 2521 2520 2509
f 2509 2520 2514
f 2509 2514 2507
f 2507 2514 2519
f 2507 2519 2511
f 2511 2519 2512
f 2511 2512 2510
f 2510 2512 2517
f 2510 2517 2618
f 2618 2517 2623
f 2618 2623 2616
f 2616 2623 2625
f 2616 2625 2619
f 2619 2625 2640
f 2619 2640 2633
f 2633 2640 2626
f 2633 2626 2628
f 2628 2626 2627
f 2628 2627 2609
f 2609 2627 2600
f 2609 2600 2608
f 2608 2600 2395
f 2608 2395 2394
f 2394 2395 2396
f 38 39 37
f 37 39 40
f 37 40 32
f 32 40 36
f 32 36 31
f 31 36 2
f 31 2 12
f 12 2 3
f 12 3 13
f 13 3 81
f 13 81 6
f 6 81 86
f 6 86 5
f 5 86 87
f 5 87 225
f 225 87 236
f 225 236 224
f 224 236 169
f 224 169 232
f 232 169 172
f 232 172 233
f 233 172 173
f 233 173 235
f 235 173 174
f 235 174 250
f 250 174 242
f 250 242 253
f 253 242 241
f 253 241 252
f 252 241 263
f 252 263 265
f 265 263 261
f 265 261 264
f 264 261 262
f 264 262 281
f 281 262 279
f 281 279 280
f 280 279 278
f 280 278 282
f 282 278 277
f 282 277 283
f 283 277 276
f 283 276 352
f 352 276 359
f 352 359 353
f 353 359 358
f 353 358 374
f 374 358 363
f 374 363 366
f 366 363 364
f 366 364 372
f 372 364 365
f 372 365 390
f 390 365 388
f 390 388 389
f 389 388 387
f 389 387 2820
f 2820 387 2804
f 2820 2804 2818
f 2818 2804 2803
f 2818 2803 2817
f 2817 2803 2799
f 2817 2799 2805
f 2805 2799 2801
f 2805 2801 2802
f 2802 2801 2800
f 2802 2800 2840
f 2840 2800 2849
f 2840 2849 2841
f 2841 2849 2850
f 2841 2850 2847
f 2847 2850 2851
f 2847 2851 2846
f 2846 2851 2835
f 2846 2835 2834
f 2834 2835 2833
f 2834 2833 2831
f 2831 2833 2832
f 2831 2832 2830
f 2830 2832 2824
f 2830 2824 2657
f 2657 2824 2658
f 2657 2658 2656
f 2656 2658 2659
f 2656 2659 2668
f 2668 2659 2655
f 2668 2655 2649
f 2649 2655 2652
f 2649 2652 2648
f 2648 2652 2650
f 2648 2650 2647
f 2647 2650 2651
f 2647 2651 2688
f 2688 2651 2679
f 2688 2679 2690
f 2690 2679 2680
f 2690 2680 2534
f 2534 2680 2525
f 2534 2525 2530
f 2530 2525 2526
f 2530 2526 2529
f 2529 2526 2527
f 2529 2527 2520
f 2520 2527 2528
f 2520 2528 2514
f 2514 2528 2508
f 2514 2508 2519
f 2519 2508 2505
f 2519 2505 2512
f 2512 2505 2506
f 2512 2506 2517
f 2517 2506 2621
f 2517 2621 2623
f 2623 2621 2622
f 2623 2622 2625
f 2625 2622 2636
f 2625 2636 2640
f 2640 2636 2637
f 2640 2637 2626
f 2626 2637 2638
f 2626 2638 2627
f 2627 2638 2639
f 2627 2639 2600
f 2600 2639 2389
f 2600 2389 2395
f 2395 2389 2397
f 2395 2397 2396
f 2396 2397 2398
f 39 69 40
f 40 69 70
f 40 70 36
f 36 70 71
f 36 71 2
f 2 71 72
f 2 72 3
f 3 72 75
f 3 75 81
f 81 75 84
f 81 84 86
f 86 84 85
f 86 85 87
f 87 85 89
f 87 89 236
f 236 89 177
f 236 177 169
f 169 177 176
f 169 176 172
f 172 176 175
f 172 175 173
f 173 175 166
f 173 166 174
f 174 166 121
f 174 121 242
f 242 121 125
f 242 125 241
f 241 125 268
f 241 268 263
f 263 268 266
f 263 266 261
f 261 266 254
f 261 254 262
f 262 254 267
f 262 267 279
f 279 267 269
f 279 269 278
f 278 269 270
f 278 270 277
f 277 270 271
f 277 271 276
f 276 271 272
f 276 272 359
f 359 272 347
f 359 347 358
f 358 347 349
f 358 349 363
f 363 349 362
f 363 362 364
f 364 362 361
f 364 361 365
f 365 361 377
f 365 377 388
f 388 377 382
f 388 382 387
f 387 382 383
f 387 383 2804
f 2804 383 2794
f 2804 2794 2803
f 2803 2794 2793
f 2803 2793 2799
f 2799 2793 2792
f 2799 2792 2801
f 2801 2792 2790
f 2801 2790 2800
f 2800 2790 2791
f 2800 2791 2849
f 2849 2791 2892
f 2849 2892 2850
f 2850 2892 2893
f 2850 2893 2851
f 2851 2893 2894
f 2851 2894 2835
f 2835 2894 2825
f 2835 2825 2833
f 2833 2825 2826
f 2833 2826 2832
f 2832 2826 2827
f 2832 2827 2824
f 2824 2827 2704
f 2824 2704 2658
f 2658 2704 2700
f 2658 2700 2659
f 2659 2700 2705
f 2659 2705 2655
f 2655 2705 2645
f 2655 2645 2652
f 2652 2645 2644
f 2652 2644 2650
f 2650 2644 2643
f 2650 2643 2651
f 2651 2643 2642
f 2651 2642 2679
f 2679 2642 2683
f 2679 2683 2680
f 2680 2683 2684
f 2680 2684 2525
f 2525 2684 2535
f 2525 2535 2526
f 2526 2535 2523
f 2526 2523 2527
f 2527 2523 2524
f 2527 2524 2528
f 2528 2524 2516
f 2528 2516 2508
f 2508 2516 2515
f 2508 2515 2505
f 2505 2515 2486
f 2505 2486 2506
f 2506 2486 2487
f 2506 2487 2621
f 2621 2487 2498
f 2621 2498 2622
f 2622 2498 2496
f 2622 2496 2636
f 2636 2496 2495
f 2636 2495 2637
f 2637 2495 2494
f 2637 2494 2638
f 2638 2494 2383
f 2638 2383 2639
f 2639 2383 2372
f 2639 2372 2389
f 2389 2372 2400
f 2389 2400 2397
f 2397 2400 2401
f 2397 2401 2398
f 2398 2401 2399
f 69 61 70
f 70 61 62
f 70 62 71
f 71 62 60
f 71 60 72
f 72 60 63
f 72 63 75
f 75 63 88
f 75 88 84
f 84 88 83
f 84 83 85
f 85 83 82
f 85 82 89
f 89 82 79
f 89 79 177
f 177 79 171
f 177 171 176
f 176 171 170
f 176 170 175
f 175 170 168
f 175 168 166
f 166 168 132
f 166 132 121
f 121 132 131
f 121 131 125
f 125 131 130
f 125 130 268
f 268 130 257
f 268 257 266
f 266 257 258
f 266 258 254
f 254 258 259
f 254 259 267
f 267 259 260
f 267 260 269
f 269 260 275
f 269 275 270
f 270 275 274
f 270 274 271
f 271 274 273
f 271 273 272
f 272 273 356
f 272 356 347
f 347 356 355
f 347 355 349
f 349 355 354
f 349 354 362
f 362 354 368
f 362 368 361
f 361 368 373
f 361 373 377
f 377 373 386
f 377 386 382
f 382 386 381
f 382 381 383
f 383 381 376
f 383 376 2794
f 2794 376 2798
f 2794 2798 2793
f 2793 2798 2797
f 2793 2797 2792
f 2792 2797 2796
f 2792 2796 2790
f 2790 2796 2795
f 2790 2795 2791
f 2791 2795 2886
f 2791 2886 2892
f 2892 2886 2887
f 2892 2887 2893
f 2893 2887 2888
f 2893 2888 2894
f 2894 2888 2866
f 2894 2866 2825
f 2825 2866 2880
f 2825 2880 2826
f 2826 2880 2872
f 2826 2872 2827
f 2827 2872 2712
f 2827 2712 2704
f 2704 2712 2711
f 2704 2711 2700
f 2700 2711 2710
f 2700 2710 2705
f 2705 2710 2709
f 2705 2709 2645
f 2645 2709 2646
f 2645 2646 2644
f 2644 2646 2654
f 2644 2654 2643
f 2643 2654 2653
f 2643 2653 2642
f 2642 2653 2673
f 2642 2673 2683
f 2683 2673 2677
f 2683 2677 2684
f 2684 2677 2678
f 2684 2678 2535
f 2535 2678 2531
f 2535 2531 2523
f 2523 2531 2532
f 2523 2532 2524
f 2524 2532 2455
f 2524 2455 2516
f 2516 2455 2446
f 2516 2446 2515
f 2515 2446 2482
f 2515 2482 2486
f 2486 2482 2489
f 2486 2489 2487
f 2487 2489 2488
f 2487 2488 2498
f 2498 2488 2497
f 2498 2497 2496
f 2496 2497 2499
f 2496 2499 2495
f 2495 2499 2500
f 2495 2500 2494
f 2494 2500 2504
f 2494 2504 2383
f 2383 2504 2374
f 2383 2374 2372
f 2372 2374 2375
f 2372 2375 2400
f 2400 2375 2393
f 2400 2393 2401
f 2401 2393 2392
f 2401 2392 2399
f 2399 2392 2391
f 61 67 62
f 62 67 68
f 62 68 60
f 60 68 73
f 60 73 63
f 63 73 74
f 63 74 88
f 88 74 80
f 88 80 83
f 83 80 76
f 83 76 82
f 82 76 78
f 82 78 79
f 79 78 164
f 79 164 171
f 171 164 167
f 171 167 170
f 170 167 178
f 170 178 168
f 168 178 124
f 168 124 132
f 132 124 133
f 132 133 131
f 131 133 123
f 131 123 130
f 130 123 122
f 130 122 257
f 257 122 255
f 257 255 258
f 258 255 256
f 258 256 259
f 259 256 301
f 259 301 260
f 260 301 302
f 260 302 275
f 275 302 287
f 275 287 274
f 274 287 288
f 274 288 273
f 273 288 289
f 273 289 356
f 356 289 357
f 356 357 355
f 355 357 348
f 355 348 354
f 354 348 371
f 354 371 368
f 368 371 370
f 368 370 373
f 373 370 369
f 373 369 386
f 386 369 378
f 386 378 381
f 381 378 379
f 381 379 376
f 376 379 380
f 376 380 2798
f 2798 380 2779
f 2798 2779 2797
f 2797 2779 2778
f 2797 2778 2796
f 2796 2778 2781
f 2796 2781 2795
f 2795 2781 2881
f 2795 2881 2886
f 2886 2881 2895
f 2886 2895 2887
f 2887 2895 2891
f 2887 2891 2888
f 2888 2891 2877
f 2888 2877 2866
f 2866 2877 2876
f 2866 2876 2880
f 2880 2876 2875
f 2880 2875 2872
f 2872 2875 2874
f 2872 2874 2712
f 2712 2874 2701
f 2712 2701 2711
f 2711 2701 2707
f 2711 2707 2710
f 2710 2707 2708
f 2710 2708 2709
f 2709 2708 2713
f 2709 2713 2646
f 2646 2713 2752
f 2646 2752 2654
f 2654 2752 2758
f 2654 2758 2653
f 2653 2758 2671
f 2653 2671 2673
f 2673 2671 2682
f 2673 2682 2677
f 2677 2682 2681
f 2677 2681 2678
f 2678 2681 2676
f 2678 2676 2531
f 2531 2676 2456
f 2531 2456 2532
f 2532 2456 2457
f 2532 2457 2455
f 2455 2457 2458
f 2455 2458 2446
f 2446 2458 2459
f 2446 2459 2482
f 2482 2459 2485
f 2482 2485 2489
f 2489 2485 2484
f 2489 2484 2488
f 2488 2484 2483
f 2488 2483 2497
f 2497 2483 2503
f 2497 2503 2499
f 2499 2503 2493
f 2499 2493 2500
f 2500 2493 2492
f 2500 2492 2504
f 2504 2492 2386
f 2504 2386 2374
f 2374 2386 2385
f 2374 2385 2375
f 2375 2385 2384
f 2375 2384 2393
f 2393 2384 2390
f 2393 2390 2392
f 2392 2390 2388
f 2392 2388 2391
f 2391 2388 2387
f 67 66 68
f 68 66 65
f 68 65 73
f 73 65 64
f 73 64 74
f 74 64 111
f 74 111 80
f 80 111 77
f 80 77 76
f 76 77 101
f 76 101 78
f 78 101 95
f 78 95 164
f 164 95 165
f 164 165 167
f 167 165 151
f 167 151 178
f 178 151 152
f 178 152 124
f 124 152 127
f 124 127 133
f 133 127 128
f 133 128 123
f 123 128 129
f 123 129 122
f 122 129 120
f 122 120 255
f 255 120 306
f 255 306 256
f 256 306 312
f 256 312 301
f 301 312 313
f 301 313 302
f 302 313 314
f 302 314 287
f 287 314 293
f 287 293 288
f 288 293 297
f 288 297 289
f 289 297 296
f 289 296 357
f 357 296 350
f 357 350 348
f 348 350 351
f 348 351 371
f 371 351 375
f 371 375 370
f 370 375 367
f 370 367 369
f 369 367 321
f 369 321 378
f 378 321 384
f 378 384 379
f 379 384 385
f 379 385 380
f 380 385 2777
f 380 2777 2779
f 2779 2777 2775
f 2779 2775 2778
f 2778 2775 2776
f 2778 2776 2781
f 2781 2776 2764
f 2781 2764 2881
f 2881 2764 2882
f 2881 2882 2895
f 2895 2882 2883
f 2895 2883 2891
f 2891 2883 2884
f 2891 2884 2877
f 2877 2884 2867
f 2877 2867 2876
f 2876 2867 2868
f 2876 2868 2875
f 2875 2868 2869
f 2875 2869 2874
f 2874 2869 2870
f 2874 2870 2701
f 2701 2870 2703
f 2701 2703 2707
f 2707 2703 2702
f 2707 2702 2708
f 2708 2702 2706
f 2708 2706 2713
f 2713 2706 2745
f 2713 2745 2752
f 2752 2745 2746
f 2752 2746 2758
f 2758 2746 2747
f 2758 2747 2671
f 2671 2747 2672
f 2671 2672 2682
f 2682 2672 2674
f 2682 2674 2681
f 2681 2674 2675
f 2681 2675 2676
f 2676 2675 2454
f 2676 2454 2456
f 2456 2454 2453
f 2456 2453 2457
f 2457 2453 2452
f 2457 2452 2458
f 2458 2452 2451
f 2458 2451 2459
f 2459 2451 2450
f 2459 2450 2485
f 2485 2450 2476
f 2485 2476 2484
f 2484 2476 2481
f 2484 2481 2483
f 2483 2481 2480
f 2483 2480 2503
f 2503 2480 2491
f 2503 2491 2493
f 2493 2491 2502
f 2493 2502 2492
f 2492 2502 2382
f 2492 2382 2386
f 2386 2382 2373
f 2386 2373 2385
f 2385 2373 2381
f 2385 2381 2384
f 2384 2381 2380
f 2384 2380 2390
f 2390 2380 2418
f 2390 2418 2388
f 2388 2418 2419
f 2388 2419 2387
f 2387 2419 2416
f 66 118 65
f 65 118 114
f 65 114 64
f 64 114 112
f 64 112 111
f 111 112 110
f 111 110 77
f 77 110 102
f 77 102 101
f 101 102 103
f 101 103 95
f 95 103 104
f 95 104 165
f 165 104 159
f 165 159 151
f 151 159 149
f 151 149 152
f 152 149 154
f 152 154 127
f 127 154 126
f 127 126 128
f 128 126 145
f 128 145 129
f 129 145 144
f 129 144 120
f 120 144 143
f 120 143 306
f 306 143 307
f 306 307 312
f 312 307 308
f 312 308 313
f 313 308 309
f 313 309 314
f 314 309 284
f 314 284 293
f 293 284 291
f 293 291 297
f 297 291 292
f 297 292 296
f 296 292 333
f 296 333 350
f 350 333 332
f 350 332 351
f 351 332 341
f 351 341 375
f 375 341 342
f 375 342 367
f 367 342 330
f 367 330 321
f 321 330 322
f 321 322 384
f 384 322 320
f 384 320 385
f 385 320 2782
f 385 2782 2777
f 2777 2782 2786
f 2777 2786 2775
f 2775 2786 2789
f 2775 2789 2776
f 2776 2789 2773
f 2776 2773 2764
f 2764 2773 2774
f 2764 2774 2882
f 2882 2774 2890
f 2882 2890 2883
f 2883 2890 2889
f 2883 2889 2884
f 2884 2889 2871
f 2884 2871 2867
f 2867 2871 2873
f 2867 2873 2868
f 2868 2873 2879
f 2868 2879 2869
f 2869 2879 2878
f 2869 2878 2870
f 2870 2878 2722
f 2870 2722 2703
f 2703 2722 2721
f 2703 2721 2702
f 2702 2721 2720
f 2702 2720 2706
f 2706 2720 2748
f 2706 2748 2745
f 2745 2748 2749
f 2745 2749 2746
f 2746 2749 2750
f 2746 2750 2747
f 2747 2750 2751
f 2747 2751 2672
f 2672 2751 2739
f 2672 2739 2674
f 2674 2739 2740
f 2674 2740 2675
f 2675 2740 2741
f 2675 2741 2454
f 2454 2741 2448
f 2454 2448 2453
f 2453 2448 2447
f 2453 2447 2452
f 2452 2447 2449
f 2452 2449 2451
f 2451 2449 2436
f 2451 2436 2450
f 2450 2436 2437
f 2450 2437 2476
f 2476 2437 2479
f 2476 2479 2481
f 2481 2479 2478
f 2481 2478 2480
f 2480 2478 2477
f 2480 2477 2491
f 2491 2477 2501
f 2491 2501 2502
f 2502 2501 2490
f 2502 2490 2382
f 2382 2490 2379
f 2382 2379 2373
f 2373 2379 2378
f 2373 2378 2381
f 2381 2378 2377
f 2381 2377 2380
f 2380 2377 2376
f 2380 2376 2418
f 2418 2376 2421
f 2418 2421 2419
f 2419 2421 2422
f 2419 2422 2416
f 2416 2422 2423
f 118 107 114
f 114 107 108
f 114 108 112
f 112 108 109
f 112 109 110
f 110 109 119
f 110 119 102
f 102 119 99
f 102 99 103
f 103 99 98
f 103 98 104
f 104 98 97
f 104 97 159
f 159 97 153
f 159 153 149
f 149 153 160
f 149 160 154
f 154 160 161
f 154 161 126
f 126 161 139
f 126 139 145
f 145 139 138
f 145 138 144
f 144 138 137
f 144 137 143
f 143 137 134
f 143 134 307
f 307 134 315
f 307 315 308
f 308 315 300
f 308 300 309
f 309 300 303
f 309 303 284
f 284 303 294
f 284 294 291
f 291 294 295
f 291 295 292
f 292 295 344
f 292 344 333
f 333 344 339
f 333 339 332
f 332 339 335
f 332 335 341
f 341 335 334
f 341 334 342
f 342 334 329
f 342 329 330
f 330 329 328
f 330 328 322
f 322 328 326
f 322 326 320
f 320 326 324
f 320 324 2782
f 2782 324 2780
f 2782 2780 2786
f 2786 2780 2783
f 2786 2783 2789
f 2789 2783 2761
f 2789 2761 2773
f 2773 2761 2762
f 2773 2762 2774
f 2774 2762 2763
f 2774 2763 2890
f 2890 2763 2885
f 2890 2885 2889
f 2889 2885 2861
f 2889 2861 2871
f 2871 2861 2862
f 2871 2862 2873
f 2873 2862 2864
f 2873 2864 2879
f 2879 2864 2865
f 2879 2865 2878
f 2878 2865 2715
f 2878 2715 2722
f 2722 2715 2718
f 2722 2718 2721
f 2721 2718 2717
f 2721 2717 2720
f 2720 2717 2716
f 2720 2716 2748
f 2748 2716 2757
f 2748 2757 2749
f 2749 2757 2756
f 2749 2756 2750
f 2750 2756 2755
f 2750 2755 2751
f 2751 2755 2734
f 2751 2734 2739
f 2739 2734 2733
f 2739 2733 2740
f 2740 2733 2732
f 2740 2732 2741
f 2741 2732 2729
f 2741 2729 2448
f 2448 2729 2460
f 2448 2460 2447
f 2447 2460 2443
f 2447 2443 2449
f 2449 2443 2445
f 2449 2445 2436
f 2436 2445 2444
f 2436 2444 2437
f 2437 2444 2431
f 2437 2431 2479
f 2479 2431 2462
f 2479 2462 2478
f 2478 2462 2461
f 2478 2461 2477
f 2477 2461 2464
f 2477 2464 2501
f 2501 2464 2463
f 2501 2463 2490
f 2490 2463 2465
f 2490 2465 2379
f 2379 2465 2402
f 2379 2402 2378
f 2378 2402 2415
f 2378 2415 2377
f 2377 2415 2414
f 2377 2414 2376
f 2376 2414 2413
f 2376 2413 2421
f 2421 2413 2424
f 2421 2424 2422
f 2422 2424 2425
f 2422 2425 2423
f 2423 2425 2426
f 107 113 108
f 108 113 105
f 108 105 109
f 109 105 106
f 109 106 119
f 119 106 90
f 119 90 99
f 99 90 96
f 99 96 98
f 98 96 91
f 98 91 97
f 97 91 100
f 97 100 153
f 153 100 158
f 153 158 160
f 160 158 157
f 160 157 161
f 161 157 156
f 161 156 139
f 139 156 135
f 139 135 138
f 138 135 136
f 138 136 137
f 137 136 147
f 137 147 134
f 134 147 146
f 134 146 315
f 315 146 305
f 315 305 300
f 300 305 304
f 300 304 303
f 303 304 290
f 303 290 294
f 294 290 286
f 294 286 295
f 295 286 285
f 295 285 344
f 344 285 343
f 344 343 339
f 339 343 345
f 339 345 335
f 335 345 346
f 335 346 334
f 334 346 340
f 334 340 329
f 329 340 323
f 329 323 328
f 328 323 325
f 328 325 326
f 326 325 327
f 326 327 324
f 324 327 2788
f 324 2788 2780
f 2780 2788 2787
f 2780 2787 2783
f 2783 2787 2769
f 2783 2769 2761
f 2761 2769 2768
f 2761 2768 2762
f 2762 2768 2767
f 2762 2767 2763
f 2763 2767 2765
f 2763 2765 2885
f 2885 2765 2854
f 2885 2854 2861
f 2861 2854 2855
f 2861 2855 2862
f 2862 2855 2858
f 2862 2858 2864
f 2864 2858 2859
f 2864 2859 2865
f 2865 2859 2860
f 2865 2860 2715
f 2715 2860 2724
f 2715 2724 2718
f 2718 2724 2725
f 2718 2725 2717
f 2717 2725 2719
f 2717 2719 2716
f 2716 2719 2714
f 2716 2714 2757
f 2757 2714 2753
f 2757 2753 2756
f 2756 2753 2759
f 2756 2759 2755
f 2755 2759 2744
f 2755 2744 2734
f 2734 2744 2743
f 2734 2743 2733
f 2733 2743 2742
f 2733 2742 2732
f 2732 2742 2738
f 2732 2738 2729
f 2729 2738 2737
f 2729 2737 2460
f 2460 2737 2432
f 2460 2432 2443
f 2443 2432 2433
f 2443 2433 2445
f 2445 2433 2434
f 2445 2434 2444
f 2444 2434 2435
f 2444 2435 2431
f 2431 2435 2466
f 2431 2466 2462
f 2462 2466 2467
f 2462 2467 2461
f 2461 2467 2473
f 2461 2473 2464
f 2464 2473 2474
f 2464 2474 2463
f 2463 2474 2475
f 2463 2475 2465
f 2465 2475 2412
f 2465 2412 2402
f 2402 2412 2411
f 2402 2411 2415
f 2415 2411 2410
f 2415 2410 2414
f 2414 2410 2409
f 2414 2409 2413
f 2413 2409 2408
f 2413 2408 2424
f 2424 2408 2427
f 2424 2427 2425
f 2425 2427 2428
f 2425 2428 2426
f 2426 2428 2429
f 113 115 105
f 105 115 116
f 105 116 106
f 106 116 117
f 106 117 90
f 90 117 94
f 90 94 96
f 96 94 93
f 96 93 91
f 91 93 92
f 91 92 100
f 100 92 162
f 100 162 158
f 158 162 163
f 158 163 157
f 157 163 155
f 157 155 156
f 156 155 150
f 156 150 135
f 135 150 142
f 135 142 136
f 136 142 148
f 136 148 147
f 147 148 141
f 147 141 146
f 146 141 140
f 146 140 305
f 305 140 311
f 305 311 304
f 304 311 310
f 304 310 290
f 290 310 299
f 290 299 286
f 286 299 298
f 286 298 285
f 285 298 331
f 285 331 343
f 343 331 336
f 343 336 345
f 345 336 337
f 345 337 346
f 346 337 338
f 346 338 340
f 340 338 319
f 340 319 323
f 323 319 316
f 323 316 325
f 325 316 317
f 325 317 327
f 327 317 318
f 327 318 2788
f 2788 318 2784
f 2788 2784 2787
f 2787 2784 2785
f 2787 2785 2769
f 2769 2785 2766
f 2769 2766 2768
f 2768 2766 2770
f 2768 2770 2767
f 2767 2770 2771
f 2767 2771 2765
f 2765 2771 2772
f 2765 2772 2854
f 2854 2772 2863
f 2854 2863 2855
f 2855 2863 2857
f 2855 2857 2858
f 2858 2857 2856
f 2858 2856 2859
f 2859 2856 2852
f 2859 2852 2860
f 2860 2852 2853
f 2860 2853 2724
f 2724 2853 2728
f 2724 2728 2725
f 2725 2728 2727
f 2725 2727 2719
f 2719 2727 2726
f 2719 2726 2714
f 2714 2726 2723
f 2714 2723 2753
f 2753 2723 2754
f 2753 2754 2759
f 2759 2754 2760
f 2759 2760 2744
f 2744 2760 2735
f 2744 2735 2743
f 2743 2735 2736
f 2743 2736 2742
f 2742 2736 2731
f 2742 2731 2738
f 2738 2731 2730
f 2738 2730 2737
f 2737 2730 2438
f 2737 2438 2432
f 2432 2438 2439
f 2432 2439 2433
f 2433 2439 2440
f 2433 2440 2434
f 2434 2440 2441
f 2434 2441 2435
f 2435 2441 2442
f 2435 2442 2466
f 2466 2442 2468
f 2466 2468 2467
f 2467 2468 2469
f 2467 2469 2473
f 2473 2469 2470
f 2473 2470 2474
f 2474 2470 2471
f 2474 2471 2475
f 2475 2471 2472
f 2475 2472 2412
f 2412 2472 2407
f 2412 2407 2411
f 2411 2407 2406
f 2411 2406 2410
f 2410 2406 2405
f 2410 2405 2409
f 2409 2405 2404
f 2409 2404 2408
f 2408 2404 2403
f 2408 2403 2427
f 2427 2403 2430
f 2427 2430 2428
f 2428 2430 2420
f 2428 2420 2429
f 2429 2420 2417
