v 3.700000000000e-01 0.000000000000e+00 -2.300000000000e-01
v 3.700000000000e-01 0.000000000000e+00 -2.100000000000e-01
v 3.600000000000e-01 0.000000000000e+00 -2.100000000000e-01
v 3.600000000000e-01 0.000000000000e+00 -2.400000000000e-01
v 3.700000000000e-01 0.000000000000e+00 -2.400000000000e-01
v 3.800000000000e-01 0.000000000000e+00 -2.400000000000e-01
v 3.900000000000e-01 0.000000000000e+00 -2.400000000000e-01
v 3.800000000000e-01 0.000000000000e+00 -2.300000000000e-01
v 3.600000000000e-01 0.000000000000e+00 -2.200000000000e-01
v 3.600000000000e-01 0.000000000000e+00 -2.300000000000e-01
v 3.700000000000e-01 0.000000000000e+00 -2.200000000000e-01
v 3.800000000000e-01 0.000000000000e+00 -2.200000000000e-01
v 3.800000000000e-01 0.000000000000e+00 -2.500000000000e-01
v 3.700000000000e-01 0.000000000000e+00 -2.500000000000e-01
v 3.600000000000e-01 0.000000000000e+00 -2.000000000000e-01
v 3.300000000000e-01 0.000000000000e+00 -2.000000000000e-01
v 3.300000000000e-01 0.000000000000e+00 -1.900000000000e-01
v 3.300000000000e-01 0.000000000000e+00 -2.100000000000e-01
v 3.400000000000e-01 0.000000000000e+00 -2.100000000000e-01
v 3.400000000000e-01 0.000000000000e+00 -2.000000000000e-01
v 3.500000000000e-01 0.000000000000e+00 -2.000000000000e-01
v 3.500000000000e-01 0.000000000000e+00 -2.400000000000e-01
v 3.500000000000e-01 0.000000000000e+00 -2.100000000000e-01
v 3.500000000000e-01 0.000000000000e+00 -2.300000000000e-01
v 3.400000000000e-01 0.000000000000e+00 -2.300000000000e-01
v 3.500000000000e-01 0.000000000000e+00 -1.900000000000e-01
v 3.400000000000e-01 0.000000000000e+00 -1.900000000000e-01
v 3.300000000000e-01 0.000000000000e+00 -2.200000000000e-01
v 3.500000000000e-01 0.000000000000e+00 -2.200000000000e-01
v 3.400000000000e-01 0.000000000000e+00 -2.200000000000e-01
v 3.800000000000e-01 0.000000000000e+00 -2.100000000000e-01
v 3.900000000000e-01 0.000000000000e+00 -2.000000000000e-01
v 3.800000000000e-01 0.000000000000e+00 -2.000000000000e-01
v 4.000000000000e-01 0.000000000000e+00 -2.000000000000e-01
v 4.100000000000e-01 0.000000000000e+00 -2.200000000000e-01
v 4.000000000000e-01 0.000000000000e+00 -2.200000000000e-01
v 3.900000000000e-01 0.000000000000e+00 -2.200000000000e-01
v 3.900000000000e-01 0.000000000000e+00 -2.300000000000e-01
v 4.000000000000e-01 0.000000000000e+00 -2.300000000000e-01
v 4.100000000000e-01 0.000000000000e+00 -2.300000000000e-01
v 4.100000000000e-01 0.000000000000e+00 -2.100000000000e-01
v 4.100000000000e-01 0.000000000000e+00 -2.400000000000e-01
v 4.000000000000e-01 0.000000000000e+00 -2.400000000000e-01
v 4.000000000000e-01 0.000000000000e+00 -2.100000000000e-01
v 3.900000000000e-01 0.000000000000e+00 -2.100000000000e-01
v 3.800000000000e-01 0.000000000000e+00 -1.700000000000e-01
v 4.100000000000e-01 0.000000000000e+00 -2.000000000000e-01
v 3.900000000000e-01 0.000000000000e+00 -1.700000000000e-01
v 4.000000000000e-01 0.000000000000e+00 -1.700000000000e-01
v 3.900000000000e-01 0.000000000000e+00 -1.900000000000e-01
v 4.000000000000e-01 0.000000000000e+00 -1.900000000000e-01
v 4.100000000000e-01 0.000000000000e+00 -1.900000000000e-01
v 4.100000000000e-01 0.000000000000e+00 -1.600000000000e-01
v 4.100000000000e-01 0.000000000000e+00 -1.700000000000e-01
v 4.000000000000e-01 0.000000000000e+00 -1.600000000000e-01
v 3.900000000000e-01 0.000000000000e+00 -1.600000000000e-01
v 3.800000000000e-01 0.000000000000e+00 -1.600000000000e-01
v 3.900000000000e-01 0.000000000000e+00 -1.800000000000e-01
v 4.000000000000e-01 0.000000000000e+00 -1.800000000000e-01
v 4.100000000000e-01 0.000000000000e+00 -1.800000000000e-01
v 3.800000000000e-01 0.000000000000e+00 -1.800000000000e-01
v 3.600000000000e-01 0.000000000000e+00 -1.900000000000e-01
v 3.800000000000e-01 0.000000000000e+00 -1.900000000000e-01
v 3.700000000000e-01 0.000000000000e+00 -1.700000000000e-01
v 3.600000000000e-01 0.000000000000e+00 -1.500000000000e-01
v 3.600000000000e-01 0.000000000000e+00 -1.600000000000e-01
v 3.600000000000e-01 0.000000000000e+00 -1.700000000000e-01
v 3.500000000000e-01 0.000000000000e+00 -1.700000000000e-01
v 3.700000000000e-01 0.000000000000e+00 -1.600000000000e-01
v 3.700000000000e-01 0.000000000000e+00 -1.900000000000e-01
v 3.700000000000e-01 0.000000000000e+00 -1.800000000000e-01
v 3.600000000000e-01 0.000000000000e+00 -1.800000000000e-01
v 3.500000000000e-01 0.000000000000e+00 -1.800000000000e-01
v 3.700000000000e-01 0.000000000000e+00 -2.000000000000e-01
v 4.700000000000e-01 0.000000000000e+00 -2.200000000000e-01
v 5.000000000000e-01 0.000000000000e+00 -2.000000000000e-01
v 4.900000000000e-01 0.000000000000e+00 -2.000000000000e-01
v 4.800000000000e-01 0.000000000000e+00 -2.100000000000e-01
v 4.900000000000e-01 0.000000000000e+00 -2.100000000000e-01
v 4.700000000000e-01 0.000000000000e+00 -2.100000000000e-01
v 5.000000000000e-01 0.000000000000e+00 -2.300000000000e-01
v 4.900000000000e-01 0.000000000000e+00 -2.300000000000e-01
v 4.800000000000e-01 0.000000000000e+00 -2.300000000000e-01
v 5.000000000000e-01 0.000000000000e+00 -2.100000000000e-01
v 4.800000000000e-01 0.000000000000e+00 -2.000000000000e-01
v 4.700000000000e-01 0.000000000000e+00 -2.000000000000e-01
v 5.000000000000e-01 0.000000000000e+00 -2.200000000000e-01
v 4.900000000000e-01 0.000000000000e+00 -2.200000000000e-01
v 4.800000000000e-01 0.000000000000e+00 -2.200000000000e-01
v 4.800000000000e-01 0.000000000000e+00 -2.700000000000e-01
v 4.900000000000e-01 0.000000000000e+00 -2.700000000000e-01
v 5.000000000000e-01 0.000000000000e+00 -2.700000000000e-01
v 4.900000000000e-01 0.000000000000e+00 -2.800000000000e-01
v 5.000000000000e-01 0.000000000000e+00 -2.800000000000e-01
v 4.800000000000e-01 0.000000000000e+00 -2.500000000000e-01
v 4.800000000000e-01 0.000000000000e+00 -2.600000000000e-01
v 4.900000000000e-01 0.000000000000e+00 -2.600000000000e-01
v 5.000000000000e-01 0.000000000000e+00 -2.600000000000e-01
v 4.900000000000e-01 0.000000000000e+00 -2.500000000000e-01
v 5.000000000000e-01 0.000000000000e+00 -2.500000000000e-01
v 4.800000000000e-01 0.000000000000e+00 -2.400000000000e-01
v 5.000000000000e-01 0.000000000000e+00 -2.400000000000e-01
v 4.900000000000e-01 0.000000000000e+00 -2.400000000000e-01
v 4.600000000000e-01 0.000000000000e+00 -1.900000000000e-01
v 4.500000000000e-01 0.000000000000e+00 -1.800000000000e-01
v 4.200000000000e-01 0.000000000000e+00 -1.800000000000e-01
v 4.300000000000e-01 0.000000000000e+00 -1.800000000000e-01
v 4.400000000000e-01 0.000000000000e+00 -1.800000000000e-01
v 4.200000000000e-01 0.000000000000e+00 -1.600000000000e-01
v 4.300000000000e-01 0.000000000000e+00 -1.700000000000e-01
v 4.200000000000e-01 0.000000000000e+00 -1.700000000000e-01
v 4.500000000000e-01 0.000000000000e+00 -1.900000000000e-01
v 4.400000000000e-01 0.000000000000e+00 -1.900000000000e-01
v 4.300000000000e-01 0.000000000000e+00 -1.900000000000e-01
v 4.200000000000e-01 0.000000000000e+00 -1.900000000000e-01
v 4.400000000000e-01 0.000000000000e+00 -2.000000000000e-01
v 4.500000000000e-01 0.000000000000e+00 -2.000000000000e-01
v 4.600000000000e-01 0.000000000000e+00 -2.000000000000e-01
v 4.200000000000e-01 0.000000000000e+00 -2.100000000000e-01
v 4.400000000000e-01 0.000000000000e+00 -2.500000000000e-01
v 4.300000000000e-01 0.000000000000e+00 -2.500000000000e-01
v 4.400000000000e-01 0.000000000000e+00 -2.100000000000e-01
v 4.300000000000e-01 0.000000000000e+00 -2.100000000000e-01
v 4.200000000000e-01 0.000000000000e+00 -2.400000000000e-01
v 4.300000000000e-01 0.000000000000e+00 -2.400000000000e-01
v 4.400000000000e-01 0.000000000000e+00 -2.400000000000e-01
v 4.200000000000e-01 0.000000000000e+00 -2.300000000000e-01
v 4.200000000000e-01 0.000000000000e+00 -2.000000000000e-01
v 4.300000000000e-01 0.000000000000e+00 -2.000000000000e-01
v 4.300000000000e-01 0.000000000000e+00 -2.300000000000e-01
v 4.400000000000e-01 0.000000000000e+00 -2.300000000000e-01
v 4.200000000000e-01 0.000000000000e+00 -2.200000000000e-01
v 4.300000000000e-01 0.000000000000e+00 -2.200000000000e-01
v 4.400000000000e-01 0.000000000000e+00 -2.200000000000e-01
v 4.600000000000e-01 0.000000000000e+00 -2.600000000000e-01
v 4.600000000000e-01 0.000000000000e+00 -2.100000000000e-01
v 4.500000000000e-01 0.000000000000e+00 -2.100000000000e-01
v 4.700000000000e-01 0.000000000000e+00 -2.600000000000e-01
v 4.600000000000e-01 0.000000000000e+00 -2.200000000000e-01
v 4.500000000000e-01 0.000000000000e+00 -2.200000000000e-01
v 4.700000000000e-01 0.000000000000e+00 -2.300000000000e-01
v 4.600000000000e-01 0.000000000000e+00 -2.300000000000e-01
v 4.500000000000e-01 0.000000000000e+00 -2.300000000000e-01
v 4.700000000000e-01 0.000000000000e+00 -2.400000000000e-01
v 4.600000000000e-01 0.000000000000e+00 -2.400000000000e-01
v 4.500000000000e-01 0.000000000000e+00 -2.400000000000e-01
v 4.700000000000e-01 0.000000000000e+00 -2.500000000000e-01
v 4.600000000000e-01 0.000000000000e+00 -2.500000000000e-01
v 4.500000000000e-01 0.000000000000e+00 -2.500000000000e-01
v 3.600000000000e-01 0.000000000000e+00 -1.300000000000e-01
v 3.800000000000e-01 0.000000000000e+00 -1.500000000000e-01
v 3.900000000000e-01 0.000000000000e+00 -1.500000000000e-01
v 4.000000000000e-01 0.000000000000e+00 -1.500000000000e-01
v 4.100000000000e-01 0.000000000000e+00 -1.500000000000e-01
v 4.200000000000e-01 0.000000000000e+00 -1.500000000000e-01
v 3.600000000000e-01 0.000000000000e+00 -1.400000000000e-01
v 3.700000000000e-01 0.000000000000e+00 -1.400000000000e-01
v 3.800000000000e-01 0.000000000000e+00 -1.400000000000e-01
v 3.700000000000e-01 0.000000000000e+00 -1.300000000000e-01
v 3.800000000000e-01 0.000000000000e+00 -1.300000000000e-01
v 4.100000000000e-01 0.000000000000e+00 -1.400000000000e-01
v 3.900000000000e-01 0.000000000000e+00 -1.400000000000e-01
v 4.000000000000e-01 0.000000000000e+00 -1.400000000000e-01
v 3.700000000000e-01 0.000000000000e+00 -1.500000000000e-01
v 3.700000000000e-01 0.000000000000e+00 -1.000000000000e-01
v 3.600000000000e-01 0.000000000000e+00 -1.200000000000e-01
v 3.600000000000e-01 0.000000000000e+00 -1.000000000000e-01
v 3.700000000000e-01 0.000000000000e+00 -1.200000000000e-01
v 3.800000000000e-01 0.000000000000e+00 -1.200000000000e-01
v 3.900000000000e-01 0.000000000000e+00 -1.200000000000e-01
v 3.600000000000e-01 0.000000000000e+00 -1.100000000000e-01
v 3.800000000000e-01 0.000000000000e+00 -1.000000000000e-01
v 4.000000000000e-01 0.000000000000e+00 -1.200000000000e-01
v 4.000000000000e-01 0.000000000000e+00 -1.300000000000e-01
v 3.600000000000e-01 0.000000000000e+00 -9.000000000000e-02
v 3.700000000000e-01 0.000000000000e+00 -1.100000000000e-01
v 3.800000000000e-01 0.000000000000e+00 -1.100000000000e-01
v 3.900000000000e-01 0.000000000000e+00 -1.100000000000e-01
v 3.900000000000e-01 0.000000000000e+00 -1.300000000000e-01
v 4.100000000000e-01 0.000000000000e+00 -1.200000000000e-01
v 4.200000000000e-01 0.000000000000e+00 -1.200000000000e-01
v 4.300000000000e-01 0.000000000000e+00 -1.000000000000e-01
v 4.200000000000e-01 0.000000000000e+00 -1.000000000000e-01
v 4.100000000000e-01 0.000000000000e+00 -1.000000000000e-01
v 4.200000000000e-01 0.000000000000e+00 -1.400000000000e-01
v 4.300000000000e-01 0.000000000000e+00 -1.400000000000e-01
v 4.300000000000e-01 0.000000000000e+00 -1.200000000000e-01
v 4.400000000000e-01 0.000000000000e+00 -1.200000000000e-01
v 4.300000000000e-01 0.000000000000e+00 -1.300000000000e-01
v 4.200000000000e-01 0.000000000000e+00 -1.300000000000e-01
v 4.100000000000e-01 0.000000000000e+00 -1.300000000000e-01
v 4.300000000000e-01 0.000000000000e+00 -1.100000000000e-01
v 4.100000000000e-01 0.000000000000e+00 -1.100000000000e-01
v 4.200000000000e-01 0.000000000000e+00 -1.100000000000e-01
v 3.900000000000e-01 0.000000000000e+00 -1.000000000000e-01
v 4.000000000000e-01 0.000000000000e+00 -1.000000000000e-01
v 4.000000000000e-01 0.000000000000e+00 -1.100000000000e-01
v 3.600000000000e-01 0.000000000000e+00 -7.000000000000e-02
v 3.600000000000e-01 0.000000000000e+00 -6.000000000000e-02
v 3.900000000000e-01 0.000000000000e+00 -8.000000000000e-02
v 4.000000000000e-01 0.000000000000e+00 -9.000000000000e-02
v 3.900000000000e-01 0.000000000000e+00 -9.000000000000e-02
v 3.800000000000e-01 0.000000000000e+00 -9.000000000000e-02
v 3.700000000000e-01 0.000000000000e+00 -9.000000000000e-02
v 3.800000000000e-01 0.000000000000e+00 -7.000000000000e-02
v 3.800000000000e-01 0.000000000000e+00 -8.000000000000e-02
v 3.700000000000e-01 0.000000000000e+00 -8.000000000000e-02
v 3.700000000000e-01 0.000000000000e+00 -7.000000000000e-02
v 3.600000000000e-01 0.000000000000e+00 -8.000000000000e-02
v 3.700000000000e-01 0.000000000000e+00 -5.000000000000e-02
v 3.800000000000e-01 0.000000000000e+00 -5.000000000000e-02
v 3.900000000000e-01 0.000000000000e+00 -5.000000000000e-02
v 3.600000000000e-01 0.000000000000e+00 -5.000000000000e-02
v 3.600000000000e-01 0.000000000000e+00 -4.000000000000e-02
v 4.000000000000e-01 0.000000000000e+00 -8.000000000000e-02
v 4.100000000000e-01 0.000000000000e+00 -8.000000000000e-02
v 4.000000000000e-01 0.000000000000e+00 -6.000000000000e-02
v 3.900000000000e-01 0.000000000000e+00 -6.000000000000e-02
v 3.800000000000e-01 0.000000000000e+00 -6.000000000000e-02
v 3.700000000000e-01 0.000000000000e+00 -6.000000000000e-02
v 3.900000000000e-01 0.000000000000e+00 -7.000000000000e-02
v 4.000000000000e-01 0.000000000000e+00 -7.000000000000e-02
v 4.100000000000e-01 0.000000000000e+00 -9.000000000000e-02
v 4.200000000000e-01 0.000000000000e+00 -9.000000000000e-02
v 5.000000000000e-01 0.000000000000e+00 -1.300000000000e-01
v 5.000000000000e-01 0.000000000000e+00 -1.600000000000e-01
v 4.900000000000e-01 0.000000000000e+00 -1.600000000000e-01
v 5.000000000000e-01 0.000000000000e+00 -1.700000000000e-01
v 4.700000000000e-01 0.000000000000e+00 -1.400000000000e-01
v 4.800000000000e-01 0.000000000000e+00 -1.400000000000e-01
v 4.800000000000e-01 0.000000000000e+00 -1.500000000000e-01
v 5.000000000000e-01 0.000000000000e+00 -1.400000000000e-01
v 5.000000000000e-01 0.000000000000e+00 -1.500000000000e-01
v 4.900000000000e-01 0.000000000000e+00 -1.300000000000e-01
v 4.900000000000e-01 0.000000000000e+00 -1.400000000000e-01
v 4.900000000000e-01 0.000000000000e+00 -1.500000000000e-01
v 4.800000000000e-01 0.000000000000e+00 -1.300000000000e-01
v 4.700000000000e-01 0.000000000000e+00 -1.300000000000e-01
v 4.600000000000e-01 0.000000000000e+00 -1.300000000000e-01
v 4.400000000000e-01 0.000000000000e+00 -1.400000000000e-01
v 4.300000000000e-01 0.000000000000e+00 -1.500000000000e-01
v 4.400000000000e-01 0.000000000000e+00 -1.500000000000e-01
v 4.600000000000e-01 0.000000000000e+00 -1.500000000000e-01
v 4.300000000000e-01 0.000000000000e+00 -1.600000000000e-01
v 4.500000000000e-01 0.000000000000e+00 -1.500000000000e-01
v 4.500000000000e-01 0.000000000000e+00 -1.300000000000e-01
v 4.500000000000e-01 0.000000000000e+00 -1.400000000000e-01
v 4.600000000000e-01 0.000000000000e+00 -1.400000000000e-01
v 4.400000000000e-01 0.000000000000e+00 -1.600000000000e-01
v 4.500000000000e-01 0.000000000000e+00 -1.700000000000e-01
v 4.400000000000e-01 0.000000000000e+00 -1.700000000000e-01
v 4.600000000000e-01 0.000000000000e+00 -1.700000000000e-01
v 4.400000000000e-01 0.000000000000e+00 -1.300000000000e-01
v 4.600000000000e-01 0.000000000000e+00 -1.600000000000e-01
v 4.500000000000e-01 0.000000000000e+00 -1.600000000000e-01
v 4.600000000000e-01 0.000000000000e+00 -1.800000000000e-01
v 4.700000000000e-01 0.000000000000e+00 -1.800000000000e-01
v 4.800000000000e-01 0.000000000000e+00 -1.800000000000e-01
v 4.900000000000e-01 0.000000000000e+00 -1.800000000000e-01
v 5.000000000000e-01 0.000000000000e+00 -1.800000000000e-01
v 4.700000000000e-01 0.000000000000e+00 -1.500000000000e-01
v 5.000000000000e-01 0.000000000000e+00 -1.900000000000e-01
v 4.900000000000e-01 0.000000000000e+00 -1.900000000000e-01
v 4.800000000000e-01 0.000000000000e+00 -1.900000000000e-01
v 4.700000000000e-01 0.000000000000e+00 -1.900000000000e-01
v 4.800000000000e-01 0.000000000000e+00 -1.600000000000e-01
v 4.900000000000e-01 0.000000000000e+00 -1.700000000000e-01
v 4.800000000000e-01 0.000000000000e+00 -1.700000000000e-01
v 4.700000000000e-01 0.000000000000e+00 -1.700000000000e-01
v 4.700000000000e-01 0.000000000000e+00 -1.600000000000e-01
v 4.900000000000e-01 0.000000000000e+00 -1.000000000000e-01
v 4.800000000000e-01 0.000000000000e+00 -1.000000000000e-01
v 4.800000000000e-01 0.000000000000e+00 -9.000000000000e-02
v 5.000000000000e-01 0.000000000000e+00 -1.000000000000e-01
v 4.900000000000e-01 0.000000000000e+00 -9.000000000000e-02
v 4.700000000000e-01 0.000000000000e+00 -8.000000000000e-02
v 5.000000000000e-01 0.000000000000e+00 -9.000000000000e-02
v 5.000000000000e-01 0.000000000000e+00 -1.100000000000e-01
v 4.900000000000e-01 0.000000000000e+00 -1.100000000000e-01
v 4.800000000000e-01 0.000000000000e+00 -1.100000000000e-01
v 4.800000000000e-01 0.000000000000e+00 -1.200000000000e-01
v 4.900000000000e-01 0.000000000000e+00 -1.200000000000e-01
v 5.000000000000e-01 0.000000000000e+00 -1.200000000000e-01
v 4.900000000000e-01 0.000000000000e+00 -8.000000000000e-02
v 4.800000000000e-01 0.000000000000e+00 -8.000000000000e-02
v 4.200000000000e-01 0.000000000000e+00 -8.000000000000e-02
v 4.500000000000e-01 0.000000000000e+00 -8.000000000000e-02
v 4.100000000000e-01 0.000000000000e+00 -6.000000000000e-02
v 4.200000000000e-01 0.000000000000e+00 -6.000000000000e-02
v 4.500000000000e-01 0.000000000000e+00 -7.000000000000e-02
v 4.400000000000e-01 0.000000000000e+00 -7.000000000000e-02
v 4.300000000000e-01 0.000000000000e+00 -7.000000000000e-02
v 4.200000000000e-01 0.000000000000e+00 -7.000000000000e-02
v 4.100000000000e-01 0.000000000000e+00 -7.000000000000e-02
v 4.300000000000e-01 0.000000000000e+00 -9.000000000000e-02
v 4.300000000000e-01 0.000000000000e+00 -6.000000000000e-02
v 4.400000000000e-01 0.000000000000e+00 -6.000000000000e-02
v 4.400000000000e-01 0.000000000000e+00 -9.000000000000e-02
v 4.400000000000e-01 0.000000000000e+00 -8.000000000000e-02
v 4.300000000000e-01 0.000000000000e+00 -8.000000000000e-02
v 4.500000000000e-01 0.000000000000e+00 -9.000000000000e-02
v 4.600000000000e-01 0.000000000000e+00 -9.000000000000e-02
v 4.700000000000e-01 0.000000000000e+00 -9.000000000000e-02
v 4.600000000000e-01 0.000000000000e+00 -8.000000000000e-02
v 4.700000000000e-01 0.000000000000e+00 -1.000000000000e-01
v 4.700000000000e-01 0.000000000000e+00 -1.100000000000e-01
v 4.600000000000e-01 0.000000000000e+00 -1.000000000000e-01
v 4.500000000000e-01 0.000000000000e+00 -1.000000000000e-01
v 4.400000000000e-01 0.000000000000e+00 -1.000000000000e-01
v 4.600000000000e-01 0.000000000000e+00 -1.100000000000e-01
v 4.500000000000e-01 0.000000000000e+00 -1.100000000000e-01
v 4.400000000000e-01 0.000000000000e+00 -1.100000000000e-01
v 4.700000000000e-01 0.000000000000e+00 -1.200000000000e-01
v 4.600000000000e-01 0.000000000000e+00 -1.200000000000e-01
v 4.500000000000e-01 0.000000000000e+00 -1.200000000000e-01
v 2.900000000000e-01 0.000000000000e+00 -2.000000000000e-02
v 3.000000000000e-01 0.000000000000e+00 -4.000000000000e-02
v 2.900000000000e-01 0.000000000000e+00 -4.000000000000e-02
v 2.700000000000e-01 0.000000000000e+00 -3.000000000000e-02
v 2.800000000000e-01 0.000000000000e+00 -3.000000000000e-02
v 2.900000000000e-01 0.000000000000e+00 -3.000000000000e-02
v 3.000000000000e-01 0.000000000000e+00 -3.000000000000e-02
v 2.700000000000e-01 0.000000000000e+00 -2.000000000000e-02
v 2.800000000000e-01 0.000000000000e+00 -2.000000000000e-02
v 2.900000000000e-01 0.000000000000e+00 -5.000000000000e-02
v 3.000000000000e-01 0.000000000000e+00 -5.000000000000e-02
v 2.800000000000e-01 0.000000000000e+00 -4.000000000000e-02
v 2.700000000000e-01 0.000000000000e+00 -4.000000000000e-02
v 2.800000000000e-01 0.000000000000e+00 -5.000000000000e-02
v 3.000000000000e-01 0.000000000000e+00 -6.000000000000e-02
v 2.700000000000e-01 0.000000000000e+00 -7.000000000000e-02
v 2.900000000000e-01 0.000000000000e+00 -6.000000000000e-02
v 2.600000000000e-01 0.000000000000e+00 -4.000000000000e-02
v 2.500000000000e-01 0.000000000000e+00 -4.000000000000e-02
v 2.800000000000e-01 0.000000000000e+00 -7.000000000000e-02
v 3.000000000000e-01 0.000000000000e+00 -8.000000000000e-02
v 2.900000000000e-01 0.000000000000e+00 -8.000000000000e-02
v 2.900000000000e-01 0.000000000000e+00 -7.000000000000e-02
v 3.000000000000e-01 0.000000000000e+00 -7.000000000000e-02
v 2.600000000000e-01 0.000000000000e+00 -6.000000000000e-02
v 2.700000000000e-01 0.000000000000e+00 -6.000000000000e-02
v 2.800000000000e-01 0.000000000000e+00 -6.000000000000e-02
v 2.500000000000e-01 0.000000000000e+00 -5.000000000000e-02
v 2.600000000000e-01 0.000000000000e+00 -5.000000000000e-02
v 2.700000000000e-01 0.000000000000e+00 -5.000000000000e-02
v 3.300000000000e-01 0.000000000000e+00 -9.000000000000e-02
v 3.100000000000e-01 0.000000000000e+00 -8.000000000000e-02
v 3.200000000000e-01 0.000000000000e+00 -9.000000000000e-02
v 3.200000000000e-01 0.000000000000e+00 -8.000000000000e-02
v 3.300000000000e-01 0.000000000000e+00 -8.000000000000e-02
v 3.400000000000e-01 0.000000000000e+00 -7.000000000000e-02
v 3.300000000000e-01 0.000000000000e+00 -7.000000000000e-02
v 3.200000000000e-01 0.000000000000e+00 -7.000000000000e-02
v 3.400000000000e-01 0.000000000000e+00 -9.000000000000e-02
v 3.100000000000e-01 0.000000000000e+00 -7.000000000000e-02
v 3.400000000000e-01 0.000000000000e+00 -8.000000000000e-02
v 3.500000000000e-01 0.000000000000e+00 -8.000000000000e-02
v 3.500000000000e-01 0.000000000000e+00 -1.000000000000e-01
v 3.100000000000e-01 0.000000000000e+00 -6.000000000000e-02
v 3.500000000000e-01 0.000000000000e+00 -9.000000000000e-02
v 3.500000000000e-01 0.000000000000e+00 -4.000000000000e-02
v 3.500000000000e-01 0.000000000000e+00 -7.000000000000e-02
v 3.500000000000e-01 0.000000000000e+00 -6.000000000000e-02
v 3.300000000000e-01 0.000000000000e+00 -4.000000000000e-02
v 3.400000000000e-01 0.000000000000e+00 -4.000000000000e-02
v 3.200000000000e-01 0.000000000000e+00 -5.000000000000e-02
v 3.500000000000e-01 0.000000000000e+00 -5.000000000000e-02
v 3.200000000000e-01 0.000000000000e+00 -6.000000000000e-02
v 3.100000000000e-01 0.000000000000e+00 -4.000000000000e-02
v 3.300000000000e-01 0.000000000000e+00 -6.000000000000e-02
v 3.400000000000e-01 0.000000000000e+00 -6.000000000000e-02
v 3.400000000000e-01 0.000000000000e+00 -5.000000000000e-02
v 3.200000000000e-01 0.000000000000e+00 -4.000000000000e-02
v 3.300000000000e-01 0.000000000000e+00 -5.000000000000e-02
v 3.100000000000e-01 0.000000000000e+00 -5.000000000000e-02
v 3.200000000000e-01 0.000000000000e+00 -3.000000000000e-02
v 3.300000000000e-01 0.000000000000e+00 -3.000000000000e-02
v 3.400000000000e-01 0.000000000000e+00 -3.000000000000e-02
v 3.000000000000e-01 0.000000000000e+00 1.000000000000e-02
v 3.100000000000e-01 0.000000000000e+00 0.000000000000e+00
v 3.100000000000e-01 0.000000000000e+00 -3.000000000000e-02
v 3.000000000000e-01 0.000000000000e+00 0.000000000000e+00
v 3.300000000000e-01 0.000000000000e+00 -2.000000000000e-02
v 3.000000000000e-01 0.000000000000e+00 -2.000000000000e-02
v 3.200000000000e-01 0.000000000000e+00 -1.000000000000e-02
v 3.100000000000e-01 0.000000000000e+00 -1.000000000000e-02
v 3.000000000000e-01 0.000000000000e+00 -1.000000000000e-02
v 3.100000000000e-01 0.000000000000e+00 -2.000000000000e-02
v 3.200000000000e-01 0.000000000000e+00 -2.000000000000e-02
v 2.500000000000e-01 0.000000000000e+00 5.000000000000e-02
v 2.400000000000e-01 0.000000000000e+00 5.000000000000e-02
v 2.300000000000e-01 0.000000000000e+00 5.000000000000e-02
v 2.900000000000e-01 0.000000000000e+00 1.000000000000e-02
v 2.500000000000e-01 0.000000000000e+00 3.000000000000e-02
v 2.600000000000e-01 0.000000000000e+00 3.000000000000e-02
v 2.700000000000e-01 0.000000000000e+00 3.000000000000e-02
v 2.800000000000e-01 0.000000000000e+00 2.000000000000e-02
v 2.400000000000e-01 0.000000000000e+00 4.000000000000e-02
v 2.500000000000e-01 0.000000000000e+00 4.000000000000e-02
v 2.900000000000e-01 0.000000000000e+00 2.000000000000e-02
v 2.800000000000e-01 0.000000000000e+00 3.000000000000e-02
v 2.700000000000e-01 0.000000000000e+00 4.000000000000e-02
v 2.600000000000e-01 0.000000000000e+00 4.000000000000e-02
v 2.700000000000e-01 0.000000000000e+00 -1.000000000000e-02
v 2.800000000000e-01 0.000000000000e+00 0.000000000000e+00
v 2.800000000000e-01 0.000000000000e+00 1.000000000000e-02
v 2.700000000000e-01 0.000000000000e+00 1.000000000000e-02
v 2.600000000000e-01 0.000000000000e+00 1.000000000000e-02
v 2.500000000000e-01 0.000000000000e+00 1.000000000000e-02
v 2.800000000000e-01 0.000000000000e+00 -1.000000000000e-02
v 2.700000000000e-01 0.000000000000e+00 0.000000000000e+00
v 2.500000000000e-01 0.000000000000e+00 2.000000000000e-02
v 2.900000000000e-01 0.000000000000e+00 -1.000000000000e-02
v 2.600000000000e-01 0.000000000000e+00 2.000000000000e-02
v 2.700000000000e-01 0.000000000000e+00 2.000000000000e-02
v 2.600000000000e-01 0.000000000000e+00 0.000000000000e+00
v 2.900000000000e-01 0.000000000000e+00 0.000000000000e+00
v 2.500000000000e-01 0.000000000000e+00 -3.000000000000e-02
v 2.600000000000e-01 0.000000000000e+00 -3.000000000000e-02
v 2.500000000000e-01 0.000000000000e+00 0.000000000000e+00
v 2.400000000000e-01 0.000000000000e+00 -4.000000000000e-02
v 2.400000000000e-01 0.000000000000e+00 -1.000000000000e-02
v 2.500000000000e-01 0.000000000000e+00 -1.000000000000e-02
v 2.600000000000e-01 0.000000000000e+00 -1.000000000000e-02
v 2.600000000000e-01 0.000000000000e+00 -2.000000000000e-02
v 2.500000000000e-01 0.000000000000e+00 -2.000000000000e-02
v 2.400000000000e-01 0.000000000000e+00 0.000000000000e+00
v 2.400000000000e-01 0.000000000000e+00 -2.000000000000e-02
v 2.300000000000e-01 0.000000000000e+00 -2.000000000000e-02
v 2.200000000000e-01 0.000000000000e+00 -2.000000000000e-02
v 2.400000000000e-01 0.000000000000e+00 -3.000000000000e-02
v 2.300000000000e-01 0.000000000000e+00 -3.000000000000e-02
v 2.000000000000e-01 0.000000000000e+00 3.000000000000e-02
v 2.300000000000e-01 0.000000000000e+00 1.000000000000e-02
v 2.300000000000e-01 0.000000000000e+00 -1.000000000000e-02
v 2.100000000000e-01 0.000000000000e+00 0.000000000000e+00
v 2.000000000000e-01 0.000000000000e+00 0.000000000000e+00
v 2.200000000000e-01 0.000000000000e+00 0.000000000000e+00
v 2.000000000000e-01 0.000000000000e+00 1.000000000000e-02
v 2.100000000000e-01 0.000000000000e+00 1.000000000000e-02
v 2.200000000000e-01 0.000000000000e+00 1.000000000000e-02
v 2.300000000000e-01 0.000000000000e+00 0.000000000000e+00
v 2.000000000000e-01 0.000000000000e+00 2.000000000000e-02
v 2.200000000000e-01 0.000000000000e+00 -1.000000000000e-02
v 2.100000000000e-01 0.000000000000e+00 -1.000000000000e-02
v 2.100000000000e-01 0.000000000000e+00 2.000000000000e-02
v 2.200000000000e-01 0.000000000000e+00 2.000000000000e-02
v 2.400000000000e-01 0.000000000000e+00 2.000000000000e-02
v 2.300000000000e-01 0.000000000000e+00 4.000000000000e-02
v 2.200000000000e-01 0.000000000000e+00 4.000000000000e-02
v 2.100000000000e-01 0.000000000000e+00 4.000000000000e-02
v 2.000000000000e-01 0.000000000000e+00 5.000000000000e-02
v 2.100000000000e-01 0.000000000000e+00 5.000000000000e-02
v 2.200000000000e-01 0.000000000000e+00 5.000000000000e-02
v 2.000000000000e-01 0.000000000000e+00 6.000000000000e-02
v 2.100000000000e-01 0.000000000000e+00 6.000000000000e-02
v 2.300000000000e-01 0.000000000000e+00 2.000000000000e-02
v 2.000000000000e-01 0.000000000000e+00 4.000000000000e-02
v 2.100000000000e-01 0.000000000000e+00 3.000000000000e-02
v 2.200000000000e-01 0.000000000000e+00 3.000000000000e-02
v 2.300000000000e-01 0.000000000000e+00 3.000000000000e-02
v 2.400000000000e-01 0.000000000000e+00 1.000000000000e-02
v 2.400000000000e-01 0.000000000000e+00 3.000000000000e-02
v 2.500000000000e-01 0.000000000000e+00 -9.000000000000e-02
v 2.600000000000e-01 0.000000000000e+00 -1.100000000000e-01
v 2.600000000000e-01 0.000000000000e+00 -1.000000000000e-01
v 2.200000000000e-01 0.000000000000e+00 -8.000000000000e-02
v 2.600000000000e-01 0.000000000000e+00 -9.000000000000e-02
v 2.400000000000e-01 0.000000000000e+00 -8.000000000000e-02
v 2.500000000000e-01 0.000000000000e+00 -1.000000000000e-01
v 2.400000000000e-01 0.000000000000e+00 -9.000000000000e-02
v 2.300000000000e-01 0.000000000000e+00 -9.000000000000e-02
v 2.400000000000e-01 0.000000000000e+00 -7.000000000000e-02
v 2.300000000000e-01 0.000000000000e+00 -7.000000000000e-02
v 2.200000000000e-01 0.000000000000e+00 -7.000000000000e-02
v 2.600000000000e-01 0.000000000000e+00 -8.000000000000e-02
v 2.500000000000e-01 0.000000000000e+00 -8.000000000000e-02
v 2.300000000000e-01 0.000000000000e+00 -8.000000000000e-02
v 2.500000000000e-01 0.000000000000e+00 -1.300000000000e-01
v 2.200000000000e-01 0.000000000000e+00 -1.100000000000e-01
v 2.300000000000e-01 0.000000000000e+00 -1.100000000000e-01
v 2.400000000000e-01 0.000000000000e+00 -1.100000000000e-01
v 2.500000000000e-01 0.000000000000e+00 -1.100000000000e-01
v 2.200000000000e-01 0.000000000000e+00 -9.000000000000e-02
v 2.500000000000e-01 0.000000000000e+00 -1.400000000000e-01
v 2.100000000000e-01 0.000000000000e+00 -1.000000000000e-01
v 2.200000000000e-01 0.000000000000e+00 -1.000000000000e-01
v 2.500000000000e-01 0.000000000000e+00 -1.200000000000e-01
v 2.400000000000e-01 0.000000000000e+00 -1.200000000000e-01
v 2.300000000000e-01 0.000000000000e+00 -1.200000000000e-01
v 2.300000000000e-01 0.000000000000e+00 -1.000000000000e-01
v 2.400000000000e-01 0.000000000000e+00 -1.000000000000e-01
v 2.400000000000e-01 0.000000000000e+00 -1.300000000000e-01
v 2.000000000000e-01 0.000000000000e+00 -6.000000000000e-02
v 1.700000000000e-01 0.000000000000e+00 -6.000000000000e-02
v 1.700000000000e-01 0.000000000000e+00 -5.000000000000e-02
v 1.800000000000e-01 0.000000000000e+00 -7.000000000000e-02
v 1.900000000000e-01 0.000000000000e+00 -8.000000000000e-02
v 2.100000000000e-01 0.000000000000e+00 -9.000000000000e-02
v 2.100000000000e-01 0.000000000000e+00 -7.000000000000e-02
v 1.900000000000e-01 0.000000000000e+00 -7.000000000000e-02
v 1.800000000000e-01 0.000000000000e+00 -5.000000000000e-02
v 2.000000000000e-01 0.000000000000e+00 -7.000000000000e-02
v 1.900000000000e-01 0.000000000000e+00 -6.000000000000e-02
v 1.800000000000e-01 0.000000000000e+00 -6.000000000000e-02
v 2.000000000000e-01 0.000000000000e+00 -9.000000000000e-02
v 2.000000000000e-01 0.000000000000e+00 -8.000000000000e-02
v 2.100000000000e-01 0.000000000000e+00 -8.000000000000e-02
v 1.900000000000e-01 0.000000000000e+00 -2.000000000000e-02
v 1.800000000000e-01 0.000000000000e+00 -3.000000000000e-02
v 1.900000000000e-01 0.000000000000e+00 -3.000000000000e-02
v 2.000000000000e-01 0.000000000000e+00 -3.000000000000e-02
v 2.100000000000e-01 0.000000000000e+00 -3.000000000000e-02
v 2.000000000000e-01 0.000000000000e+00 -5.000000000000e-02
v 2.000000000000e-01 0.000000000000e+00 -2.000000000000e-02
v 2.100000000000e-01 0.000000000000e+00 -2.000000000000e-02
v 1.900000000000e-01 0.000000000000e+00 -5.000000000000e-02
v 1.800000000000e-01 0.000000000000e+00 -4.000000000000e-02
v 1.800000000000e-01 0.000000000000e+00 -2.000000000000e-02
v 1.900000000000e-01 0.000000000000e+00 -4.000000000000e-02
v 2.000000000000e-01 0.000000000000e+00 -4.000000000000e-02
v 2.000000000000e-01 0.000000000000e+00 -1.000000000000e-02
v 1.900000000000e-01 0.000000000000e+00 -1.000000000000e-02
v 2.100000000000e-01 0.000000000000e+00 -5.000000000000e-02
v 2.400000000000e-01 0.000000000000e+00 -5.000000000000e-02
v 2.600000000000e-01 0.000000000000e+00 -7.000000000000e-02
v 2.100000000000e-01 0.000000000000e+00 -6.000000000000e-02
v 2.500000000000e-01 0.000000000000e+00 -6.000000000000e-02
v 2.200000000000e-01 0.000000000000e+00 -3.000000000000e-02
v 2.300000000000e-01 0.000000000000e+00 -4.000000000000e-02
v 2.200000000000e-01 0.000000000000e+00 -4.000000000000e-02
v 2.400000000000e-01 0.000000000000e+00 -6.000000000000e-02
v 2.300000000000e-01 0.000000000000e+00 -6.000000000000e-02
v 2.200000000000e-01 0.000000000000e+00 -5.000000000000e-02
v 2.500000000000e-01 0.000000000000e+00 -7.000000000000e-02
v 2.100000000000e-01 0.000000000000e+00 -4.000000000000e-02
v 2.300000000000e-01 0.000000000000e+00 -5.000000000000e-02
v 2.200000000000e-01 0.000000000000e+00 -6.000000000000e-02
v 3.000000000000e-01 0.000000000000e+00 -1.300000000000e-01
v 2.700000000000e-01 0.000000000000e+00 -1.000000000000e-01
v 2.700000000000e-01 0.000000000000e+00 -9.000000000000e-02
v 2.700000000000e-01 0.000000000000e+00 -8.000000000000e-02
v 2.800000000000e-01 0.000000000000e+00 -8.000000000000e-02
v 2.700000000000e-01 0.000000000000e+00 -1.100000000000e-01
v 2.800000000000e-01 0.000000000000e+00 -1.100000000000e-01
v 2.900000000000e-01 0.000000000000e+00 -1.100000000000e-01
v 3.000000000000e-01 0.000000000000e+00 -1.100000000000e-01
v 3.000000000000e-01 0.000000000000e+00 -1.000000000000e-01
v 2.900000000000e-01 0.000000000000e+00 -1.000000000000e-01
v 2.800000000000e-01 0.000000000000e+00 -1.000000000000e-01
v 2.800000000000e-01 0.000000000000e+00 -9.000000000000e-02
v 2.900000000000e-01 0.000000000000e+00 -9.000000000000e-02
v 2.900000000000e-01 0.000000000000e+00 -1.200000000000e-01
v 3.000000000000e-01 0.000000000000e+00 -1.200000000000e-01
v 3.100000000000e-01 0.000000000000e+00 -9.000000000000e-02
v 3.500000000000e-01 0.000000000000e+00 -1.200000000000e-01
v 3.400000000000e-01 0.000000000000e+00 -1.200000000000e-01
v 3.300000000000e-01 0.000000000000e+00 -1.200000000000e-01
v 3.500000000000e-01 0.000000000000e+00 -1.300000000000e-01
v 3.100000000000e-01 0.000000000000e+00 -1.000000000000e-01
v 3.200000000000e-01 0.000000000000e+00 -1.000000000000e-01
v 3.300000000000e-01 0.000000000000e+00 -1.000000000000e-01
v 3.000000000000e-01 0.000000000000e+00 -9.000000000000e-02
v 3.500000000000e-01 0.000000000000e+00 -1.100000000000e-01
v 3.100000000000e-01 0.000000000000e+00 -1.100000000000e-01
v 3.400000000000e-01 0.000000000000e+00 -1.000000000000e-01
v 3.200000000000e-01 0.000000000000e+00 -1.100000000000e-01
v 3.300000000000e-01 0.000000000000e+00 -1.100000000000e-01
v 3.400000000000e-01 0.000000000000e+00 -1.100000000000e-01
v 3.300000000000e-01 0.000000000000e+00 -1.400000000000e-01
v 3.100000000000e-01 0.000000000000e+00 -1.200000000000e-01
v 3.200000000000e-01 0.000000000000e+00 -1.200000000000e-01
v 3.500000000000e-01 0.000000000000e+00 -1.400000000000e-01
v 3.400000000000e-01 0.000000000000e+00 -1.400000000000e-01
v 3.300000000000e-01 0.000000000000e+00 -1.500000000000e-01
v 3.400000000000e-01 0.000000000000e+00 -1.500000000000e-01
v 3.100000000000e-01 0.000000000000e+00 -1.300000000000e-01
v 3.400000000000e-01 0.000000000000e+00 -1.600000000000e-01
v 3.200000000000e-01 0.000000000000e+00 -1.300000000000e-01
v 3.300000000000e-01 0.000000000000e+00 -1.300000000000e-01
v 3.500000000000e-01 0.000000000000e+00 -1.600000000000e-01
v 3.200000000000e-01 0.000000000000e+00 -1.400000000000e-01
v 3.400000000000e-01 0.000000000000e+00 -1.300000000000e-01
v 3.500000000000e-01 0.000000000000e+00 -1.500000000000e-01
v 3.000000000000e-01 0.000000000000e+00 -1.500000000000e-01
v 3.400000000000e-01 0.000000000000e+00 -1.800000000000e-01
v 3.100000000000e-01 0.000000000000e+00 -1.500000000000e-01
v 3.200000000000e-01 0.000000000000e+00 -1.500000000000e-01
v 3.100000000000e-01 0.000000000000e+00 -1.700000000000e-01
v 3.300000000000e-01 0.000000000000e+00 -1.800000000000e-01
v 3.100000000000e-01 0.000000000000e+00 -1.400000000000e-01
v 3.200000000000e-01 0.000000000000e+00 -1.700000000000e-01
v 3.000000000000e-01 0.000000000000e+00 -1.400000000000e-01
v 3.300000000000e-01 0.000000000000e+00 -1.700000000000e-01
v 3.200000000000e-01 0.000000000000e+00 -1.600000000000e-01
v 3.200000000000e-01 0.000000000000e+00 -1.800000000000e-01
v 3.300000000000e-01 0.000000000000e+00 -1.600000000000e-01
v 3.000000000000e-01 0.000000000000e+00 -1.600000000000e-01
v 3.100000000000e-01 0.000000000000e+00 -1.600000000000e-01
v 3.400000000000e-01 0.000000000000e+00 -1.700000000000e-01
v 3.200000000000e-01 0.000000000000e+00 -2.100000000000e-01
v 3.000000000000e-01 0.000000000000e+00 -1.800000000000e-01
v 2.900000000000e-01 0.000000000000e+00 -1.800000000000e-01
v 3.100000000000e-01 0.000000000000e+00 -1.800000000000e-01
v 2.800000000000e-01 0.000000000000e+00 -1.700000000000e-01
v 3.200000000000e-01 0.000000000000e+00 -2.000000000000e-01
v 2.900000000000e-01 0.000000000000e+00 -1.700000000000e-01
v 3.000000000000e-01 0.000000000000e+00 -1.700000000000e-01
v 2.700000000000e-01 0.000000000000e+00 -1.600000000000e-01
v 3.100000000000e-01 0.000000000000e+00 -2.000000000000e-01
v 2.800000000000e-01 0.000000000000e+00 -1.600000000000e-01
v 2.900000000000e-01 0.000000000000e+00 -1.600000000000e-01
v 3.000000000000e-01 0.000000000000e+00 -1.900000000000e-01
v 3.100000000000e-01 0.000000000000e+00 -1.900000000000e-01
v 3.200000000000e-01 0.000000000000e+00 -1.900000000000e-01
v 2.700000000000e-01 0.000000000000e+00 -1.300000000000e-01
v 2.800000000000e-01 0.000000000000e+00 -1.200000000000e-01
v 2.600000000000e-01 0.000000000000e+00 -1.200000000000e-01
v 2.700000000000e-01 0.000000000000e+00 -1.200000000000e-01
v 2.600000000000e-01 0.000000000000e+00 -1.300000000000e-01
v 2.600000000000e-01 0.000000000000e+00 -1.400000000000e-01
v 2.800000000000e-01 0.000000000000e+00 -1.300000000000e-01
v 2.900000000000e-01 0.000000000000e+00 -1.400000000000e-01
v 2.900000000000e-01 0.000000000000e+00 -1.300000000000e-01
v 2.800000000000e-01 0.000000000000e+00 -1.400000000000e-01
v 2.700000000000e-01 0.000000000000e+00 -1.400000000000e-01
v 2.900000000000e-01 0.000000000000e+00 -1.500000000000e-01
v 2.600000000000e-01 0.000000000000e+00 -1.500000000000e-01
v 2.700000000000e-01 0.000000000000e+00 -1.500000000000e-01
v 2.800000000000e-01 0.000000000000e+00 -1.500000000000e-01
v 3.100000000000e-01 0.000000000000e+00 5.000000000000e-02
v 3.000000000000e-01 0.000000000000e+00 9.000000000000e-02
v 2.900000000000e-01 0.000000000000e+00 9.000000000000e-02
v 3.000000000000e-01 0.000000000000e+00 8.000000000000e-02
v 2.900000000000e-01 0.000000000000e+00 8.000000000000e-02
v 3.100000000000e-01 0.000000000000e+00 6.000000000000e-02
v 3.200000000000e-01 0.000000000000e+00 6.000000000000e-02
v 3.100000000000e-01 0.000000000000e+00 8.000000000000e-02
v 3.300000000000e-01 0.000000000000e+00 5.000000000000e-02
v 3.200000000000e-01 0.000000000000e+00 5.000000000000e-02
v 3.200000000000e-01 0.000000000000e+00 7.000000000000e-02
v 3.100000000000e-01 0.000000000000e+00 7.000000000000e-02
v 3.000000000000e-01 0.000000000000e+00 7.000000000000e-02
v 2.900000000000e-01 0.000000000000e+00 1.000000000000e-01
v 3.200000000000e-01 0.000000000000e+00 9.000000000000e-02
v 3.300000000000e-01 0.000000000000e+00 9.000000000000e-02
v 3.400000000000e-01 0.000000000000e+00 9.000000000000e-02
v 3.300000000000e-01 0.000000000000e+00 7.000000000000e-02
v 3.200000000000e-01 0.000000000000e+00 8.000000000000e-02
v 3.300000000000e-01 0.000000000000e+00 8.000000000000e-02
v 3.400000000000e-01 0.000000000000e+00 8.000000000000e-02
v 3.500000000000e-01 0.000000000000e+00 8.000000000000e-02
v 3.300000000000e-01 0.000000000000e+00 6.000000000000e-02
v 3.400000000000e-01 0.000000000000e+00 6.000000000000e-02
v 3.500000000000e-01 0.000000000000e+00 6.000000000000e-02
v 3.400000000000e-01 0.000000000000e+00 7.000000000000e-02
v 3.400000000000e-01 0.000000000000e+00 5.000000000000e-02
v 3.500000000000e-01 0.000000000000e+00 5.000000000000e-02
v 3.500000000000e-01 0.000000000000e+00 7.000000000000e-02
v 2.900000000000e-01 0.000000000000e+00 5.000000000000e-02
v 2.800000000000e-01 0.000000000000e+00 6.000000000000e-02
v 2.800000000000e-01 0.000000000000e+00 5.000000000000e-02
v 2.900000000000e-01 0.000000000000e+00 6.000000000000e-02
v 3.000000000000e-01 0.000000000000e+00 6.000000000000e-02
v 2.900000000000e-01 0.000000000000e+00 3.000000000000e-02
v 3.000000000000e-01 0.000000000000e+00 5.000000000000e-02
v 3.000000000000e-01 0.000000000000e+00 3.000000000000e-02
v 2.900000000000e-01 0.000000000000e+00 4.000000000000e-02
v 2.800000000000e-01 0.000000000000e+00 7.000000000000e-02
v 2.900000000000e-01 0.000000000000e+00 7.000000000000e-02
v 3.000000000000e-01 0.000000000000e+00 2.000000000000e-02
v 3.000000000000e-01 0.000000000000e+00 4.000000000000e-02
v 2.800000000000e-01 0.000000000000e+00 4.000000000000e-02
v 3.500000000000e-01 0.000000000000e+00 1.000000000000e-02
v 3.500000000000e-01 0.000000000000e+00 2.000000000000e-02
v 3.400000000000e-01 0.000000000000e+00 2.000000000000e-02
v 3.300000000000e-01 0.000000000000e+00 2.000000000000e-02
v 3.200000000000e-01 0.000000000000e+00 2.000000000000e-02
v 3.200000000000e-01 0.000000000000e+00 3.000000000000e-02
v 3.300000000000e-01 0.000000000000e+00 3.000000000000e-02
v 3.400000000000e-01 0.000000000000e+00 3.000000000000e-02
v 3.500000000000e-01 0.000000000000e+00 3.000000000000e-02
v 3.100000000000e-01 0.000000000000e+00 3.000000000000e-02
v 3.100000000000e-01 0.000000000000e+00 4.000000000000e-02
v 3.200000000000e-01 0.000000000000e+00 4.000000000000e-02
v 3.500000000000e-01 0.000000000000e+00 4.000000000000e-02
v 3.300000000000e-01 0.000000000000e+00 4.000000000000e-02
v 3.400000000000e-01 0.000000000000e+00 4.000000000000e-02
v 3.100000000000e-01 0.000000000000e+00 1.000000000000e-02
v 3.200000000000e-01 0.000000000000e+00 0.000000000000e+00
v 3.200000000000e-01 0.000000000000e+00 1.000000000000e-02
v 3.300000000000e-01 0.000000000000e+00 1.000000000000e-02
v 3.400000000000e-01 0.000000000000e+00 1.000000000000e-02
v 3.300000000000e-01 0.000000000000e+00 0.000000000000e+00
v 3.400000000000e-01 0.000000000000e+00 0.000000000000e+00
v 3.500000000000e-01 0.000000000000e+00 0.000000000000e+00
v 3.500000000000e-01 0.000000000000e+00 -3.000000000000e-02
v 3.100000000000e-01 0.000000000000e+00 2.000000000000e-02
v 3.500000000000e-01 0.000000000000e+00 -2.000000000000e-02
v 3.500000000000e-01 0.000000000000e+00 -1.000000000000e-02
v 3.400000000000e-01 0.000000000000e+00 -1.000000000000e-02
v 3.300000000000e-01 0.000000000000e+00 -1.000000000000e-02
v 3.400000000000e-01 0.000000000000e+00 -2.000000000000e-02
v 2.400000000000e-01 0.000000000000e+00 8.000000000000e-02
v 2.500000000000e-01 0.000000000000e+00 8.000000000000e-02
v 2.600000000000e-01 0.000000000000e+00 8.000000000000e-02
v 2.600000000000e-01 0.000000000000e+00 6.000000000000e-02
v 2.700000000000e-01 0.000000000000e+00 7.000000000000e-02
v 2.400000000000e-01 0.000000000000e+00 9.000000000000e-02
v 2.600000000000e-01 0.000000000000e+00 7.000000000000e-02
v 2.500000000000e-01 0.000000000000e+00 7.000000000000e-02
v 2.400000000000e-01 0.000000000000e+00 7.000000000000e-02
v 2.700000000000e-01 0.000000000000e+00 6.000000000000e-02
v 2.500000000000e-01 0.000000000000e+00 6.000000000000e-02
v 2.400000000000e-01 0.000000000000e+00 6.000000000000e-02
v 2.500000000000e-01 0.000000000000e+00 9.000000000000e-02
v 2.700000000000e-01 0.000000000000e+00 5.000000000000e-02
v 2.600000000000e-01 0.000000000000e+00 5.000000000000e-02
v 2.600000000000e-01 0.000000000000e+00 1.000000000000e-01
v 2.700000000000e-01 0.000000000000e+00 8.000000000000e-02
v 2.500000000000e-01 0.000000000000e+00 1.200000000000e-01
v 2.700000000000e-01 0.000000000000e+00 1.100000000000e-01
v 2.800000000000e-01 0.000000000000e+00 1.000000000000e-01
v 2.700000000000e-01 0.000000000000e+00 1.000000000000e-01
v 2.400000000000e-01 0.000000000000e+00 1.100000000000e-01
v 2.500000000000e-01 0.000000000000e+00 1.100000000000e-01
v 2.400000000000e-01 0.000000000000e+00 1.000000000000e-01
v 2.600000000000e-01 0.000000000000e+00 1.100000000000e-01
v 2.500000000000e-01 0.000000000000e+00 1.000000000000e-01
v 2.800000000000e-01 0.000000000000e+00 8.000000000000e-02
v 2.800000000000e-01 0.000000000000e+00 9.000000000000e-02
v 2.700000000000e-01 0.000000000000e+00 9.000000000000e-02
v 2.600000000000e-01 0.000000000000e+00 9.000000000000e-02
v 2.000000000000e-01 0.000000000000e+00 1.000000000000e-01
v 2.000000000000e-01 0.000000000000e+00 9.000000000000e-02
v 2.100000000000e-01 0.000000000000e+00 9.000000000000e-02
v 2.200000000000e-01 0.000000000000e+00 9.000000000000e-02
v 2.300000000000e-01 0.000000000000e+00 9.000000000000e-02
v 2.100000000000e-01 0.000000000000e+00 7.000000000000e-02
v 2.200000000000e-01 0.000000000000e+00 7.000000000000e-02
v 2.300000000000e-01 0.000000000000e+00 7.000000000000e-02
v 2.200000000000e-01 0.000000000000e+00 1.000000000000e-01
v 2.300000000000e-01 0.000000000000e+00 6.000000000000e-02
v 2.200000000000e-01 0.000000000000e+00 6.000000000000e-02
v 2.100000000000e-01 0.000000000000e+00 1.000000000000e-01
v 2.000000000000e-01 0.000000000000e+00 8.000000000000e-02
v 2.100000000000e-01 0.000000000000e+00 8.000000000000e-02
v 2.200000000000e-01 0.000000000000e+00 8.000000000000e-02
v 2.300000000000e-01 0.000000000000e+00 8.000000000000e-02
v 1.800000000000e-01 0.000000000000e+00 1.400000000000e-01
v 2.100000000000e-01 0.000000000000e+00 1.200000000000e-01
v 2.000000000000e-01 0.000000000000e+00 1.200000000000e-01
v 1.900000000000e-01 0.000000000000e+00 1.700000000000e-01
v 1.900000000000e-01 0.000000000000e+00 1.400000000000e-01
v 2.000000000000e-01 0.000000000000e+00 1.300000000000e-01
v 1.900000000000e-01 0.000000000000e+00 1.300000000000e-01
v 2.000000000000e-01 0.000000000000e+00 1.600000000000e-01
v 2.000000000000e-01 0.000000000000e+00 1.400000000000e-01
v 2.000000000000e-01 0.000000000000e+00 1.100000000000e-01
v 2.100000000000e-01 0.000000000000e+00 1.100000000000e-01
v 1.900000000000e-01 0.000000000000e+00 1.200000000000e-01
v 1.900000000000e-01 0.000000000000e+00 1.600000000000e-01
v 2.000000000000e-01 0.000000000000e+00 1.500000000000e-01
v 1.900000000000e-01 0.000000000000e+00 1.500000000000e-01
v 2.100000000000e-01 0.000000000000e+00 1.400000000000e-01
v 2.200000000000e-01 0.000000000000e+00 1.400000000000e-01
v 2.300000000000e-01 0.000000000000e+00 1.400000000000e-01
v 2.300000000000e-01 0.000000000000e+00 1.000000000000e-01
v 2.200000000000e-01 0.000000000000e+00 1.200000000000e-01
v 2.300000000000e-01 0.000000000000e+00 1.200000000000e-01
v 2.400000000000e-01 0.000000000000e+00 1.200000000000e-01
v 2.300000000000e-01 0.000000000000e+00 1.300000000000e-01
v 2.100000000000e-01 0.000000000000e+00 1.500000000000e-01
v 2.400000000000e-01 0.000000000000e+00 1.300000000000e-01
v 2.200000000000e-01 0.000000000000e+00 1.300000000000e-01
v 2.300000000000e-01 0.000000000000e+00 1.100000000000e-01
v 2.200000000000e-01 0.000000000000e+00 1.500000000000e-01
v 2.200000000000e-01 0.000000000000e+00 1.100000000000e-01
v 2.100000000000e-01 0.000000000000e+00 1.300000000000e-01
v 1.900000000000e-01 0.000000000000e+00 2.000000000000e-01
v 1.900000000000e-01 0.000000000000e+00 1.900000000000e-01
v 1.800000000000e-01 0.000000000000e+00 1.900000000000e-01
v 1.700000000000e-01 0.000000000000e+00 2.000000000000e-01
v 2.000000000000e-01 0.000000000000e+00 1.900000000000e-01
v 1.900000000000e-01 0.000000000000e+00 1.800000000000e-01
v 2.000000000000e-01 0.000000000000e+00 1.800000000000e-01
v 1.800000000000e-01 0.000000000000e+00 2.100000000000e-01
v 1.900000000000e-01 0.000000000000e+00 2.100000000000e-01
v 2.000000000000e-01 0.000000000000e+00 1.700000000000e-01
v 1.600000000000e-01 0.000000000000e+00 2.200000000000e-01
v 1.700000000000e-01 0.000000000000e+00 2.200000000000e-01
v 1.800000000000e-01 0.000000000000e+00 2.000000000000e-01
v 1.600000000000e-01 0.000000000000e+00 2.100000000000e-01
v 1.700000000000e-01 0.000000000000e+00 2.100000000000e-01
v 2.000000000000e-01 0.000000000000e+00 2.000000000000e-01
v 2.100000000000e-01 0.000000000000e+00 2.100000000000e-01
v 2.200000000000e-01 0.000000000000e+00 1.800000000000e-01
v 2.100000000000e-01 0.000000000000e+00 1.800000000000e-01
v 2.100000000000e-01 0.000000000000e+00 2.000000000000e-01
v 2.200000000000e-01 0.000000000000e+00 2.100000000000e-01
v 2.000000000000e-01 0.000000000000e+00 2.100000000000e-01
v 2.200000000000e-01 0.000000000000e+00 2.000000000000e-01
v 2.200000000000e-01 0.000000000000e+00 1.900000000000e-01
v 2.100000000000e-01 0.000000000000e+00 1.600000000000e-01
v 2.100000000000e-01 0.000000000000e+00 1.700000000000e-01
v 2.200000000000e-01 0.000000000000e+00 1.700000000000e-01
v 2.100000000000e-01 0.000000000000e+00 1.900000000000e-01
v 2.300000000000e-01 0.000000000000e+00 1.600000000000e-01
v 2.200000000000e-01 0.000000000000e+00 1.600000000000e-01
v 2.300000000000e-01 0.000000000000e+00 1.700000000000e-01
v 2.600000000000e-01 0.000000000000e+00 2.100000000000e-01
v 2.500000000000e-01 0.000000000000e+00 1.900000000000e-01
v 2.500000000000e-01 0.000000000000e+00 2.100000000000e-01
v 2.400000000000e-01 0.000000000000e+00 2.100000000000e-01
v 2.500000000000e-01 0.000000000000e+00 2.000000000000e-01
v 2.600000000000e-01 0.000000000000e+00 2.000000000000e-01
v 2.700000000000e-01 0.000000000000e+00 2.000000000000e-01
v 2.300000000000e-01 0.000000000000e+00 2.100000000000e-01
v 2.300000000000e-01 0.000000000000e+00 2.000000000000e-01
v 2.400000000000e-01 0.000000000000e+00 2.000000000000e-01
v 2.700000000000e-01 0.000000000000e+00 1.700000000000e-01
v 2.600000000000e-01 0.000000000000e+00 1.800000000000e-01
v 2.700000000000e-01 0.000000000000e+00 1.800000000000e-01
v 2.700000000000e-01 0.000000000000e+00 1.900000000000e-01
v 2.600000000000e-01 0.000000000000e+00 1.900000000000e-01
v 2.400000000000e-01 0.000000000000e+00 1.400000000000e-01
v 2.500000000000e-01 0.000000000000e+00 1.400000000000e-01
v 2.600000000000e-01 0.000000000000e+00 1.400000000000e-01
v 2.800000000000e-01 0.000000000000e+00 1.100000000000e-01
v 2.700000000000e-01 0.000000000000e+00 1.400000000000e-01
v 2.400000000000e-01 0.000000000000e+00 1.500000000000e-01
v 2.300000000000e-01 0.000000000000e+00 1.500000000000e-01
v 2.800000000000e-01 0.000000000000e+00 1.300000000000e-01
v 2.700000000000e-01 0.000000000000e+00 1.300000000000e-01
v 2.600000000000e-01 0.000000000000e+00 1.300000000000e-01
v 2.500000000000e-01 0.000000000000e+00 1.300000000000e-01
v 2.600000000000e-01 0.000000000000e+00 1.200000000000e-01
v 2.700000000000e-01 0.000000000000e+00 1.200000000000e-01
v 2.500000000000e-01 0.000000000000e+00 1.500000000000e-01
v 2.800000000000e-01 0.000000000000e+00 1.200000000000e-01
v 2.400000000000e-01 0.000000000000e+00 1.600000000000e-01
v 2.500000000000e-01 0.000000000000e+00 1.600000000000e-01
v 2.600000000000e-01 0.000000000000e+00 1.600000000000e-01
v 2.700000000000e-01 0.000000000000e+00 1.600000000000e-01
v 2.400000000000e-01 0.000000000000e+00 1.700000000000e-01
v 2.600000000000e-01 0.000000000000e+00 1.700000000000e-01
v 2.500000000000e-01 0.000000000000e+00 1.700000000000e-01
v 2.300000000000e-01 0.000000000000e+00 1.900000000000e-01
v 2.400000000000e-01 0.000000000000e+00 1.900000000000e-01
v 2.300000000000e-01 0.000000000000e+00 1.800000000000e-01
v 2.400000000000e-01 0.000000000000e+00 1.800000000000e-01
v 2.500000000000e-01 0.000000000000e+00 1.800000000000e-01
v 2.800000000000e-01 0.000000000000e+00 1.400000000000e-01
v 2.800000000000e-01 0.000000000000e+00 1.500000000000e-01
v 2.700000000000e-01 0.000000000000e+00 1.500000000000e-01
v 2.600000000000e-01 0.000000000000e+00 1.500000000000e-01
v 3.600000000000e-01 0.000000000000e+00 1.800000000000e-01
v 3.500000000000e-01 0.000000000000e+00 1.600000000000e-01
v 3.600000000000e-01 0.000000000000e+00 1.700000000000e-01
v 3.400000000000e-01 0.000000000000e+00 1.600000000000e-01
v 3.500000000000e-01 0.000000000000e+00 1.800000000000e-01
v 3.400000000000e-01 0.000000000000e+00 1.800000000000e-01
v 3.300000000000e-01 0.000000000000e+00 1.700000000000e-01
v 3.400000000000e-01 0.000000000000e+00 1.700000000000e-01
v 3.500000000000e-01 0.000000000000e+00 1.700000000000e-01
v 3.600000000000e-01 0.000000000000e+00 1.500000000000e-01
v 3.500000000000e-01 0.000000000000e+00 1.500000000000e-01
v 3.400000000000e-01 0.000000000000e+00 1.900000000000e-01
v 3.300000000000e-01 0.000000000000e+00 1.900000000000e-01
v 3.300000000000e-01 0.000000000000e+00 1.800000000000e-01
v 3.600000000000e-01 0.000000000000e+00 1.600000000000e-01
v 3.200000000000e-01 0.000000000000e+00 1.600000000000e-01
v 3.300000000000e-01 0.000000000000e+00 1.600000000000e-01
v 3.100000000000e-01 0.000000000000e+00 1.900000000000e-01
v 3.100000000000e-01 0.000000000000e+00 1.600000000000e-01
v 3.100000000000e-01 0.000000000000e+00 1.800000000000e-01
v 3.200000000000e-01 0.000000000000e+00 1.800000000000e-01
v 3.000000000000e-01 0.000000000000e+00 2.000000000000e-01
v 3.200000000000e-01 0.000000000000e+00 1.500000000000e-01
v 3.000000000000e-01 0.000000000000e+00 1.900000000000e-01
v 3.200000000000e-01 0.000000000000e+00 1.900000000000e-01
v 3.300000000000e-01 0.000000000000e+00 1.500000000000e-01
v 3.000000000000e-01 0.000000000000e+00 1.800000000000e-01
v 3.400000000000e-01 0.000000000000e+00 1.500000000000e-01
v 3.100000000000e-01 0.000000000000e+00 1.700000000000e-01
v 3.200000000000e-01 0.000000000000e+00 1.700000000000e-01
v 2.800000000000e-01 0.000000000000e+00 2.000000000000e-01
v 2.900000000000e-01 0.000000000000e+00 1.600000000000e-01
v 3.000000000000e-01 0.000000000000e+00 1.600000000000e-01
v 2.800000000000e-01 0.000000000000e+00 1.600000000000e-01
v 2.800000000000e-01 0.000000000000e+00 1.900000000000e-01
v 2.700000000000e-01 0.000000000000e+00 2.100000000000e-01
v 2.900000000000e-01 0.000000000000e+00 1.800000000000e-01
v 2.900000000000e-01 0.000000000000e+00 2.000000000000e-01
v 3.000000000000e-01 0.000000000000e+00 1.700000000000e-01
v 2.900000000000e-01 0.000000000000e+00 1.700000000000e-01
v 2.800000000000e-01 0.000000000000e+00 1.700000000000e-01
v 2.800000000000e-01 0.000000000000e+00 1.800000000000e-01
v 2.900000000000e-01 0.000000000000e+00 1.900000000000e-01
v 2.800000000000e-01 0.000000000000e+00 2.100000000000e-01
v 2.900000000000e-01 0.000000000000e+00 2.100000000000e-01
v 3.400000000000e-01 0.000000000000e+00 1.100000000000e-01
v 3.500000000000e-01 0.000000000000e+00 1.100000000000e-01
v 3.500000000000e-01 0.000000000000e+00 1.000000000000e-01
v 3.600000000000e-01 0.000000000000e+00 1.000000000000e-01
v 3.600000000000e-01 0.000000000000e+00 1.100000000000e-01
v 3.400000000000e-01 0.000000000000e+00 1.300000000000e-01
v 3.500000000000e-01 0.000000000000e+00 1.300000000000e-01
v 3.600000000000e-01 0.000000000000e+00 1.300000000000e-01
v 3.600000000000e-01 0.000000000000e+00 1.200000000000e-01
v 3.500000000000e-01 0.000000000000e+00 1.200000000000e-01
v 3.400000000000e-01 0.000000000000e+00 1.000000000000e-01
v 3.500000000000e-01 0.000000000000e+00 9.000000000000e-02
v 3.600000000000e-01 0.000000000000e+00 9.000000000000e-02
v 3.400000000000e-01 0.000000000000e+00 1.200000000000e-01
v 3.400000000000e-01 0.000000000000e+00 1.400000000000e-01
v 3.500000000000e-01 0.000000000000e+00 1.400000000000e-01
v 3.000000000000e-01 0.000000000000e+00 1.000000000000e-01
v 2.900000000000e-01 0.000000000000e+00 1.200000000000e-01
v 3.100000000000e-01 0.000000000000e+00 1.000000000000e-01
v 3.000000000000e-01 0.000000000000e+00 1.200000000000e-01
v 3.200000000000e-01 0.000000000000e+00 1.000000000000e-01
v 3.300000000000e-01 0.000000000000e+00 1.000000000000e-01
v 3.100000000000e-01 0.000000000000e+00 1.200000000000e-01
v 2.900000000000e-01 0.000000000000e+00 1.300000000000e-01
v 3.100000000000e-01 0.000000000000e+00 9.000000000000e-02
v 2.900000000000e-01 0.000000000000e+00 1.100000000000e-01
v 3.000000000000e-01 0.000000000000e+00 1.100000000000e-01
v 3.100000000000e-01 0.000000000000e+00 1.100000000000e-01
v 3.200000000000e-01 0.000000000000e+00 1.100000000000e-01
v 3.300000000000e-01 0.000000000000e+00 1.100000000000e-01
v 3.200000000000e-01 0.000000000000e+00 1.200000000000e-01
v 2.900000000000e-01 0.000000000000e+00 1.500000000000e-01
v 3.000000000000e-01 0.000000000000e+00 1.500000000000e-01
v 3.100000000000e-01 0.000000000000e+00 1.500000000000e-01
v 2.900000000000e-01 0.000000000000e+00 1.400000000000e-01
v 3.300000000000e-01 0.000000000000e+00 1.400000000000e-01
v 3.200000000000e-01 0.000000000000e+00 1.400000000000e-01
v 3.100000000000e-01 0.000000000000e+00 1.400000000000e-01
v 3.000000000000e-01 0.000000000000e+00 1.400000000000e-01
v 3.300000000000e-01 0.000000000000e+00 1.300000000000e-01
v 3.200000000000e-01 0.000000000000e+00 1.300000000000e-01
v 3.100000000000e-01 0.000000000000e+00 1.300000000000e-01
v 3.000000000000e-01 0.000000000000e+00 1.300000000000e-01
v 3.300000000000e-01 0.000000000000e+00 1.200000000000e-01
v 4.500000000000e-01 0.000000000000e+00 4.000000000000e-02
v 4.600000000000e-01 0.000000000000e+00 1.000000000000e-02
v 4.600000000000e-01 0.000000000000e+00 3.000000000000e-02
v 4.500000000000e-01 0.000000000000e+00 3.000000000000e-02
v 4.700000000000e-01 0.000000000000e+00 2.000000000000e-02
v 4.600000000000e-01 0.000000000000e+00 2.000000000000e-02
v 4.500000000000e-01 0.000000000000e+00 2.000000000000e-02
v 4.800000000000e-01 0.000000000000e+00 1.000000000000e-02
v 4.700000000000e-01 0.000000000000e+00 1.000000000000e-02
v 4.500000000000e-01 0.000000000000e+00 1.000000000000e-02
v 4.600000000000e-01 0.000000000000e+00 0.000000000000e+00
v 4.700000000000e-01 0.000000000000e+00 0.000000000000e+00
v 4.800000000000e-01 0.000000000000e+00 0.000000000000e+00
v 4.900000000000e-01 0.000000000000e+00 0.000000000000e+00
v 4.300000000000e-01 0.000000000000e+00 2.000000000000e-02
v 4.400000000000e-01 0.000000000000e+00 -1.000000000000e-02
v 4.500000000000e-01 0.000000000000e+00 -1.000000000000e-02
v 4.600000000000e-01 0.000000000000e+00 -1.000000000000e-02
v 4.300000000000e-01 0.000000000000e+00 0.000000000000e+00
v 4.400000000000e-01 0.000000000000e+00 0.000000000000e+00
v 4.500000000000e-01 0.000000000000e+00 0.000000000000e+00
v 4.300000000000e-01 0.000000000000e+00 1.000000000000e-02
v 4.400000000000e-01 0.000000000000e+00 1.000000000000e-02
v 4.400000000000e-01 0.000000000000e+00 4.000000000000e-02
v 4.300000000000e-01 0.000000000000e+00 4.000000000000e-02
v 4.400000000000e-01 0.000000000000e+00 2.000000000000e-02
v 4.400000000000e-01 0.000000000000e+00 3.000000000000e-02
v 4.300000000000e-01 0.000000000000e+00 3.000000000000e-02
v 4.700000000000e-01 0.000000000000e+00 -1.000000000000e-02
v 5.000000000000e-01 0.000000000000e+00 -4.000000000000e-02
v 5.000000000000e-01 0.000000000000e+00 -5.000000000000e-02
v 4.900000000000e-01 0.000000000000e+00 -5.000000000000e-02
v 4.900000000000e-01 0.000000000000e+00 -4.000000000000e-02
v 4.800000000000e-01 0.000000000000e+00 -4.000000000000e-02
v 4.700000000000e-01 0.000000000000e+00 -2.000000000000e-02
v 4.800000000000e-01 0.000000000000e+00 -2.000000000000e-02
v 4.900000000000e-01 0.000000000000e+00 -2.000000000000e-02
v 5.000000000000e-01 0.000000000000e+00 -2.000000000000e-02
v 4.900000000000e-01 0.000000000000e+00 -3.000000000000e-02
v 4.800000000000e-01 0.000000000000e+00 -1.000000000000e-02
v 4.900000000000e-01 0.000000000000e+00 -1.000000000000e-02
v 5.000000000000e-01 0.000000000000e+00 -1.000000000000e-02
v 4.800000000000e-01 0.000000000000e+00 -3.000000000000e-02
v 5.000000000000e-01 0.000000000000e+00 -3.000000000000e-02
v 4.400000000000e-01 0.000000000000e+00 -2.000000000000e-02
v 4.700000000000e-01 0.000000000000e+00 -4.000000000000e-02
v 4.600000000000e-01 0.000000000000e+00 -4.000000000000e-02
v 4.500000000000e-01 0.000000000000e+00 -4.000000000000e-02
v 4.400000000000e-01 0.000000000000e+00 -4.000000000000e-02
v 4.300000000000e-01 0.000000000000e+00 -2.000000000000e-02
v 4.500000000000e-01 0.000000000000e+00 -2.000000000000e-02
v 4.600000000000e-01 0.000000000000e+00 -2.000000000000e-02
v 4.300000000000e-01 0.000000000000e+00 -1.000000000000e-02
v 4.300000000000e-01 0.000000000000e+00 -3.000000000000e-02
v 4.400000000000e-01 0.000000000000e+00 -3.000000000000e-02
v 4.500000000000e-01 0.000000000000e+00 -3.000000000000e-02
v 4.600000000000e-01 0.000000000000e+00 -3.000000000000e-02
v 4.700000000000e-01 0.000000000000e+00 -3.000000000000e-02
v 4.500000000000e-01 0.000000000000e+00 -5.000000000000e-02
v 4.800000000000e-01 0.000000000000e+00 -5.000000000000e-02
v 5.000000000000e-01 0.000000000000e+00 -7.000000000000e-02
v 4.900000000000e-01 0.000000000000e+00 -7.000000000000e-02
v 4.800000000000e-01 0.000000000000e+00 -7.000000000000e-02
v 4.700000000000e-01 0.000000000000e+00 -7.000000000000e-02
v 4.600000000000e-01 0.000000000000e+00 -7.000000000000e-02
v 5.000000000000e-01 0.000000000000e+00 -8.000000000000e-02
v 4.500000000000e-01 0.000000000000e+00 -6.000000000000e-02
v 4.600000000000e-01 0.000000000000e+00 -6.000000000000e-02
v 4.700000000000e-01 0.000000000000e+00 -6.000000000000e-02
v 4.800000000000e-01 0.000000000000e+00 -6.000000000000e-02
v 4.900000000000e-01 0.000000000000e+00 -6.000000000000e-02
v 5.000000000000e-01 0.000000000000e+00 -6.000000000000e-02
v 4.600000000000e-01 0.000000000000e+00 -5.000000000000e-02
v 4.700000000000e-01 0.000000000000e+00 -5.000000000000e-02
v 4.000000000000e-01 0.000000000000e+00 0.000000000000e+00
v 4.000000000000e-01 0.000000000000e+00 -2.000000000000e-02
v 4.100000000000e-01 0.000000000000e+00 -2.000000000000e-02
v 4.200000000000e-01 0.000000000000e+00 -2.000000000000e-02
v 4.400000000000e-01 0.000000000000e+00 -5.000000000000e-02
v 4.300000000000e-01 0.000000000000e+00 -5.000000000000e-02
v 4.200000000000e-01 0.000000000000e+00 -5.000000000000e-02
v 4.000000000000e-01 0.000000000000e+00 -1.000000000000e-02
v 4.100000000000e-01 0.000000000000e+00 -1.000000000000e-02
v 4.200000000000e-01 0.000000000000e+00 -1.000000000000e-02
v 4.100000000000e-01 0.000000000000e+00 0.000000000000e+00
v 4.100000000000e-01 0.000000000000e+00 -3.000000000000e-02
v 4.100000000000e-01 0.000000000000e+00 -4.000000000000e-02
v 4.200000000000e-01 0.000000000000e+00 -4.000000000000e-02
v 4.300000000000e-01 0.000000000000e+00 -4.000000000000e-02
v 4.200000000000e-01 0.000000000000e+00 -3.000000000000e-02
v 3.900000000000e-01 0.000000000000e+00 -3.000000000000e-02
v 3.700000000000e-01 0.000000000000e+00 -4.000000000000e-02
v 3.600000000000e-01 0.000000000000e+00 -3.000000000000e-02
v 3.700000000000e-01 0.000000000000e+00 -3.000000000000e-02
v 4.100000000000e-01 0.000000000000e+00 -5.000000000000e-02
v 3.800000000000e-01 0.000000000000e+00 -3.000000000000e-02
v 4.000000000000e-01 0.000000000000e+00 -3.000000000000e-02
v 4.000000000000e-01 0.000000000000e+00 -5.000000000000e-02
v 3.900000000000e-01 0.000000000000e+00 -2.000000000000e-02
v 3.800000000000e-01 0.000000000000e+00 -2.000000000000e-02
v 3.700000000000e-01 0.000000000000e+00 -2.000000000000e-02
v 3.800000000000e-01 0.000000000000e+00 -4.000000000000e-02
v 3.600000000000e-01 0.000000000000e+00 -2.000000000000e-02
v 3.900000000000e-01 0.000000000000e+00 -4.000000000000e-02
v 4.000000000000e-01 0.000000000000e+00 -4.000000000000e-02
v 3.800000000000e-01 0.000000000000e+00 2.000000000000e-02
v 3.600000000000e-01 0.000000000000e+00 1.000000000000e-02
v 3.700000000000e-01 0.000000000000e+00 1.000000000000e-02
v 3.800000000000e-01 0.000000000000e+00 1.000000000000e-02
v 3.900000000000e-01 0.000000000000e+00 1.000000000000e-02
v 3.600000000000e-01 0.000000000000e+00 2.000000000000e-02
v 3.700000000000e-01 0.000000000000e+00 2.000000000000e-02
v 3.600000000000e-01 0.000000000000e+00 -1.000000000000e-02
v 3.900000000000e-01 0.000000000000e+00 0.000000000000e+00
v 3.800000000000e-01 0.000000000000e+00 0.000000000000e+00
v 3.700000000000e-01 0.000000000000e+00 0.000000000000e+00
v 3.600000000000e-01 0.000000000000e+00 0.000000000000e+00
v 3.900000000000e-01 0.000000000000e+00 -1.000000000000e-02
v 3.800000000000e-01 0.000000000000e+00 -1.000000000000e-02
v 3.700000000000e-01 0.000000000000e+00 -1.000000000000e-02
v 3.900000000000e-01 0.000000000000e+00 7.000000000000e-02
v 4.000000000000e-01 0.000000000000e+00 6.000000000000e-02
v 3.900000000000e-01 0.000000000000e+00 6.000000000000e-02
v 3.800000000000e-01 0.000000000000e+00 6.000000000000e-02
v 3.700000000000e-01 0.000000000000e+00 6.000000000000e-02
v 3.600000000000e-01 0.000000000000e+00 6.000000000000e-02
v 3.700000000000e-01 0.000000000000e+00 9.000000000000e-02
v 3.900000000000e-01 0.000000000000e+00 8.000000000000e-02
v 3.800000000000e-01 0.000000000000e+00 8.000000000000e-02
v 3.700000000000e-01 0.000000000000e+00 8.000000000000e-02
v 3.600000000000e-01 0.000000000000e+00 8.000000000000e-02
v 4.000000000000e-01 0.000000000000e+00 7.000000000000e-02
v 3.800000000000e-01 0.000000000000e+00 7.000000000000e-02
v 3.700000000000e-01 0.000000000000e+00 7.000000000000e-02
v 3.600000000000e-01 0.000000000000e+00 7.000000000000e-02
v 4.100000000000e-01 0.000000000000e+00 2.000000000000e-02
v 4.100000000000e-01 0.000000000000e+00 1.000000000000e-02
v 4.200000000000e-01 0.000000000000e+00 5.000000000000e-02
v 4.100000000000e-01 0.000000000000e+00 5.000000000000e-02
v 4.000000000000e-01 0.000000000000e+00 5.000000000000e-02
v 4.200000000000e-01 0.000000000000e+00 1.000000000000e-02
v 4.200000000000e-01 0.000000000000e+00 4.000000000000e-02
v 4.100000000000e-01 0.000000000000e+00 4.000000000000e-02
v 4.000000000000e-01 0.000000000000e+00 4.000000000000e-02
v 4.200000000000e-01 0.000000000000e+00 3.000000000000e-02
v 4.000000000000e-01 0.000000000000e+00 3.000000000000e-02
v 4.200000000000e-01 0.000000000000e+00 2.000000000000e-02
v 4.100000000000e-01 0.000000000000e+00 3.000000000000e-02
v 4.100000000000e-01 0.000000000000e+00 6.000000000000e-02
v 4.200000000000e-01 0.000000000000e+00 0.000000000000e+00
v 4.000000000000e-01 0.000000000000e+00 1.000000000000e-02
v 3.800000000000e-01 0.000000000000e+00 3.000000000000e-02
v 3.900000000000e-01 0.000000000000e+00 3.000000000000e-02
v 3.900000000000e-01 0.000000000000e+00 5.000000000000e-02
v 3.800000000000e-01 0.000000000000e+00 5.000000000000e-02
v 3.700000000000e-01 0.000000000000e+00 5.000000000000e-02
v 3.700000000000e-01 0.000000000000e+00 3.000000000000e-02
v 3.600000000000e-01 0.000000000000e+00 3.000000000000e-02
v 3.600000000000e-01 0.000000000000e+00 5.000000000000e-02
v 3.900000000000e-01 0.000000000000e+00 2.000000000000e-02
v 3.900000000000e-01 0.000000000000e+00 4.000000000000e-02
v 3.800000000000e-01 0.000000000000e+00 4.000000000000e-02
v 3.700000000000e-01 0.000000000000e+00 4.000000000000e-02
v 3.600000000000e-01 0.000000000000e+00 4.000000000000e-02
v 4.000000000000e-01 0.000000000000e+00 2.000000000000e-02
v 3.900000000000e-01 0.000000000000e+00 1.300000000000e-01
v 3.900000000000e-01 0.000000000000e+00 1.400000000000e-01
v 3.900000000000e-01 0.000000000000e+00 1.500000000000e-01
v 3.600000000000e-01 0.000000000000e+00 1.400000000000e-01
v 3.700000000000e-01 0.000000000000e+00 1.400000000000e-01
v 3.800000000000e-01 0.000000000000e+00 1.500000000000e-01
v 3.700000000000e-01 0.000000000000e+00 1.500000000000e-01
v 3.800000000000e-01 0.000000000000e+00 1.400000000000e-01
v 4.000000000000e-01 0.000000000000e+00 1.300000000000e-01
v 3.800000000000e-01 0.000000000000e+00 1.700000000000e-01
v 3.700000000000e-01 0.000000000000e+00 1.700000000000e-01
v 3.900000000000e-01 0.000000000000e+00 1.600000000000e-01
v 3.800000000000e-01 0.000000000000e+00 1.600000000000e-01
v 3.700000000000e-01 0.000000000000e+00 1.600000000000e-01
v 3.800000000000e-01 0.000000000000e+00 1.300000000000e-01
v 3.700000000000e-01 0.000000000000e+00 1.300000000000e-01
v 4.300000000000e-01 0.000000000000e+00 1.300000000000e-01
v 4.100000000000e-01 0.000000000000e+00 1.300000000000e-01
v 4.300000000000e-01 0.000000000000e+00 1.600000000000e-01
v 4.200000000000e-01 0.000000000000e+00 1.600000000000e-01
v 4.100000000000e-01 0.000000000000e+00 1.600000000000e-01
v 4.000000000000e-01 0.000000000000e+00 1.600000000000e-01
v 4.000000000000e-01 0.000000000000e+00 1.500000000000e-01
v 4.200000000000e-01 0.000000000000e+00 1.300000000000e-01
v 4.300000000000e-01 0.000000000000e+00 1.500000000000e-01
v 4.300000000000e-01 0.000000000000e+00 1.400000000000e-01
v 4.200000000000e-01 0.000000000000e+00 1.400000000000e-01
v 4.100000000000e-01 0.000000000000e+00 1.400000000000e-01
v 4.000000000000e-01 0.000000000000e+00 1.400000000000e-01
v 4.200000000000e-01 0.000000000000e+00 1.500000000000e-01
v 4.100000000000e-01 0.000000000000e+00 1.500000000000e-01
v 4.000000000000e-01 0.000000000000e+00 1.200000000000e-01
v 3.900000000000e-01 0.000000000000e+00 1.100000000000e-01
v 3.900000000000e-01 0.000000000000e+00 1.000000000000e-01
v 4.000000000000e-01 0.000000000000e+00 1.000000000000e-01
v 3.800000000000e-01 0.000000000000e+00 1.000000000000e-01
v 3.700000000000e-01 0.000000000000e+00 1.000000000000e-01
v 3.800000000000e-01 0.000000000000e+00 9.000000000000e-02
v 3.700000000000e-01 0.000000000000e+00 1.100000000000e-01
v 3.800000000000e-01 0.000000000000e+00 1.100000000000e-01
v 4.000000000000e-01 0.000000000000e+00 1.100000000000e-01
v 3.900000000000e-01 0.000000000000e+00 9.000000000000e-02
v 4.000000000000e-01 0.000000000000e+00 9.000000000000e-02
v 3.700000000000e-01 0.000000000000e+00 1.200000000000e-01
v 3.800000000000e-01 0.000000000000e+00 1.200000000000e-01
v 3.900000000000e-01 0.000000000000e+00 1.200000000000e-01
v 4.300000000000e-01 0.000000000000e+00 1.000000000000e-01
v 4.200000000000e-01 0.000000000000e+00 1.200000000000e-01
v 4.300000000000e-01 0.000000000000e+00 1.200000000000e-01
v 4.400000000000e-01 0.000000000000e+00 1.200000000000e-01
v 4.400000000000e-01 0.000000000000e+00 9.000000000000e-02
v 4.300000000000e-01 0.000000000000e+00 9.000000000000e-02
v 4.100000000000e-01 0.000000000000e+00 1.000000000000e-01
v 4.200000000000e-01 0.000000000000e+00 1.000000000000e-01
v 4.400000000000e-01 0.000000000000e+00 8.000000000000e-02
v 4.400000000000e-01 0.000000000000e+00 1.000000000000e-01
v 4.100000000000e-01 0.000000000000e+00 1.100000000000e-01
v 4.200000000000e-01 0.000000000000e+00 1.100000000000e-01
v 4.300000000000e-01 0.000000000000e+00 1.100000000000e-01
v 4.400000000000e-01 0.000000000000e+00 1.100000000000e-01
v 4.100000000000e-01 0.000000000000e+00 1.200000000000e-01
v 4.200000000000e-01 0.000000000000e+00 7.000000000000e-02
v 4.100000000000e-01 0.000000000000e+00 9.000000000000e-02
v 4.100000000000e-01 0.000000000000e+00 7.000000000000e-02
v 4.300000000000e-01 0.000000000000e+00 7.000000000000e-02
v 4.000000000000e-01 0.000000000000e+00 8.000000000000e-02
v 4.400000000000e-01 0.000000000000e+00 6.000000000000e-02
v 4.100000000000e-01 0.000000000000e+00 8.000000000000e-02
v 4.300000000000e-01 0.000000000000e+00 6.000000000000e-02
v 4.200000000000e-01 0.000000000000e+00 6.000000000000e-02
v 4.300000000000e-01 0.000000000000e+00 5.000000000000e-02
v 4.400000000000e-01 0.000000000000e+00 5.000000000000e-02
v 4.300000000000e-01 0.000000000000e+00 8.000000000000e-02
v 4.400000000000e-01 0.000000000000e+00 7.000000000000e-02
v 4.200000000000e-01 0.000000000000e+00 9.000000000000e-02
v 4.200000000000e-01 0.000000000000e+00 8.000000000000e-02
v 4.900000000000e-01 0.000000000000e+00 7.000000000000e-02
v 4.600000000000e-01 0.000000000000e+00 1.000000000000e-01
v 4.500000000000e-01 0.000000000000e+00 1.100000000000e-01
v 5.000000000000e-01 0.000000000000e+00 6.000000000000e-02
v 4.600000000000e-01 0.000000000000e+00 9.000000000000e-02
v 5.000000000000e-01 0.000000000000e+00 7.000000000000e-02
v 4.500000000000e-01 0.000000000000e+00 1.000000000000e-01
v 4.500000000000e-01 0.000000000000e+00 8.000000000000e-02
v 4.600000000000e-01 0.000000000000e+00 8.000000000000e-02
v 4.700000000000e-01 0.000000000000e+00 8.000000000000e-02
v 4.800000000000e-01 0.000000000000e+00 8.000000000000e-02
v 4.900000000000e-01 0.000000000000e+00 8.000000000000e-02
v 4.800000000000e-01 0.000000000000e+00 9.000000000000e-02
v 4.700000000000e-01 0.000000000000e+00 9.000000000000e-02
v 4.500000000000e-01 0.000000000000e+00 9.000000000000e-02
v 4.600000000000e-01 0.000000000000e+00 5.000000000000e-02
v 4.800000000000e-01 0.000000000000e+00 5.000000000000e-02
v 4.900000000000e-01 0.000000000000e+00 5.000000000000e-02
v 5.000000000000e-01 0.000000000000e+00 5.000000000000e-02
v 4.500000000000e-01 0.000000000000e+00 6.000000000000e-02
v 4.600000000000e-01 0.000000000000e+00 6.000000000000e-02
v 4.700000000000e-01 0.000000000000e+00 6.000000000000e-02
v 4.800000000000e-01 0.000000000000e+00 6.000000000000e-02
v 4.900000000000e-01 0.000000000000e+00 6.000000000000e-02
v 4.700000000000e-01 0.000000000000e+00 5.000000000000e-02
v 4.500000000000e-01 0.000000000000e+00 7.000000000000e-02
v 4.600000000000e-01 0.000000000000e+00 7.000000000000e-02
v 4.700000000000e-01 0.000000000000e+00 7.000000000000e-02
v 4.800000000000e-01 0.000000000000e+00 7.000000000000e-02
v 4.500000000000e-01 0.000000000000e+00 5.000000000000e-02
v 4.700000000000e-01 0.000000000000e+00 3.000000000000e-02
v 5.000000000000e-01 0.000000000000e+00 0.000000000000e+00
v 4.800000000000e-01 0.000000000000e+00 2.000000000000e-02
v 4.900000000000e-01 0.000000000000e+00 2.000000000000e-02
v 5.000000000000e-01 0.000000000000e+00 2.000000000000e-02
v 5.000000000000e-01 0.000000000000e+00 1.000000000000e-02
v 5.000000000000e-01 0.000000000000e+00 4.000000000000e-02
v 4.900000000000e-01 0.000000000000e+00 4.000000000000e-02
v 4.800000000000e-01 0.000000000000e+00 4.000000000000e-02
v 4.700000000000e-01 0.000000000000e+00 4.000000000000e-02
v 4.600000000000e-01 0.000000000000e+00 4.000000000000e-02
v 4.900000000000e-01 0.000000000000e+00 1.000000000000e-02
v 5.000000000000e-01 0.000000000000e+00 3.000000000000e-02
v 4.900000000000e-01 0.000000000000e+00 3.000000000000e-02
v 4.800000000000e-01 0.000000000000e+00 3.000000000000e-02
v 4.900000000000e-01 0.000000000000e+00 1.200000000000e-01
v 5.000000000000e-01 0.000000000000e+00 8.000000000000e-02
v 4.900000000000e-01 0.000000000000e+00 9.000000000000e-02
v 5.000000000000e-01 0.000000000000e+00 9.000000000000e-02
v 4.700000000000e-01 0.000000000000e+00 1.000000000000e-01
v 5.000000000000e-01 0.000000000000e+00 1.200000000000e-01
v 4.800000000000e-01 0.000000000000e+00 1.200000000000e-01
v 5.000000000000e-01 0.000000000000e+00 1.000000000000e-01
v 4.800000000000e-01 0.000000000000e+00 1.000000000000e-01
v 5.000000000000e-01 0.000000000000e+00 1.100000000000e-01
v 4.900000000000e-01 0.000000000000e+00 1.100000000000e-01
v 4.800000000000e-01 0.000000000000e+00 1.100000000000e-01
v 4.700000000000e-01 0.000000000000e+00 1.100000000000e-01
v 4.600000000000e-01 0.000000000000e+00 1.100000000000e-01
v 4.900000000000e-01 0.000000000000e+00 1.000000000000e-01
v 4.900000000000e-01 0.000000000000e+00 1.600000000000e-01
v 5.000000000000e-01 0.000000000000e+00 1.300000000000e-01
v 4.800000000000e-01 0.000000000000e+00 1.600000000000e-01
v 4.700000000000e-01 0.000000000000e+00 1.600000000000e-01
v 5.000000000000e-01 0.000000000000e+00 1.500000000000e-01
v 4.600000000000e-01 0.000000000000e+00 1.600000000000e-01
v 4.700000000000e-01 0.000000000000e+00 1.400000000000e-01
v 4.800000000000e-01 0.000000000000e+00 1.400000000000e-01
v 4.900000000000e-01 0.000000000000e+00 1.400000000000e-01
v 5.000000000000e-01 0.000000000000e+00 1.400000000000e-01
v 4.800000000000e-01 0.000000000000e+00 1.300000000000e-01
v 4.900000000000e-01 0.000000000000e+00 1.300000000000e-01
v 4.900000000000e-01 0.000000000000e+00 1.500000000000e-01
v 4.800000000000e-01 0.000000000000e+00 1.500000000000e-01
v 4.700000000000e-01 0.000000000000e+00 1.500000000000e-01
v 4.400000000000e-01 0.000000000000e+00 1.500000000000e-01
v 4.500000000000e-01 0.000000000000e+00 1.200000000000e-01
v 4.600000000000e-01 0.000000000000e+00 1.200000000000e-01
v 4.700000000000e-01 0.000000000000e+00 1.200000000000e-01
v 4.400000000000e-01 0.000000000000e+00 1.600000000000e-01
v 4.500000000000e-01 0.000000000000e+00 1.600000000000e-01
v 4.600000000000e-01 0.000000000000e+00 1.500000000000e-01
v 4.500000000000e-01 0.000000000000e+00 1.500000000000e-01
v 4.400000000000e-01 0.000000000000e+00 1.300000000000e-01
v 4.500000000000e-01 0.000000000000e+00 1.300000000000e-01
v 4.600000000000e-01 0.000000000000e+00 1.300000000000e-01
v 4.700000000000e-01 0.000000000000e+00 1.300000000000e-01
v 4.600000000000e-01 0.000000000000e+00 1.400000000000e-01
v 4.500000000000e-01 0.000000000000e+00 1.400000000000e-01
v 4.400000000000e-01 0.000000000000e+00 1.400000000000e-01
v 1.700000000000e-01 0.000000000000e+00 4.900000000000e-01
v 1.800000000000e-01 0.000000000000e+00 4.900000000000e-01
v 1.700000000000e-01 0.000000000000e+00 5.000000000000e-01
v 1.600000000000e-01 0.000000000000e+00 4.900000000000e-01
v 1.500000000000e-01 0.000000000000e+00 4.900000000000e-01
v 1.400000000000e-01 0.000000000000e+00 4.900000000000e-01
v 1.500000000000e-01 0.000000000000e+00 4.700000000000e-01
v 1.600000000000e-01 0.000000000000e+00 4.700000000000e-01
v 1.500000000000e-01 0.000000000000e+00 4.800000000000e-01
v 1.600000000000e-01 0.000000000000e+00 4.800000000000e-01
v 1.700000000000e-01 0.000000000000e+00 4.800000000000e-01
v 1.800000000000e-01 0.000000000000e+00 4.800000000000e-01
v 1.600000000000e-01 0.000000000000e+00 5.000000000000e-01
v 1.400000000000e-01 0.000000000000e+00 5.000000000000e-01
v 1.500000000000e-01 0.000000000000e+00 5.000000000000e-01
v 1.900000000000e-01 0.000000000000e+00 4.400000000000e-01
v 1.700000000000e-01 0.000000000000e+00 4.500000000000e-01
v 2.000000000000e-01 0.000000000000e+00 4.400000000000e-01
v 2.000000000000e-01 0.000000000000e+00 4.500000000000e-01
v 1.900000000000e-01 0.000000000000e+00 4.500000000000e-01
v 1.900000000000e-01 0.000000000000e+00 4.600000000000e-01
v 1.800000000000e-01 0.000000000000e+00 4.600000000000e-01
v 1.700000000000e-01 0.000000000000e+00 4.600000000000e-01
v 1.600000000000e-01 0.000000000000e+00 4.600000000000e-01
v 1.500000000000e-01 0.000000000000e+00 4.600000000000e-01
v 1.700000000000e-01 0.000000000000e+00 4.700000000000e-01
v 1.800000000000e-01 0.000000000000e+00 4.700000000000e-01
v 1.800000000000e-01 0.000000000000e+00 4.500000000000e-01
v 1.600000000000e-01 0.000000000000e+00 4.500000000000e-01
v 2.000000000000e-01 0.000000000000e+00 4.100000000000e-01
v 1.900000000000e-01 0.000000000000e+00 4.000000000000e-01
v 1.900000000000e-01 0.000000000000e+00 4.100000000000e-01
v 1.800000000000e-01 0.000000000000e+00 4.100000000000e-01
v 2.000000000000e-01 0.000000000000e+00 4.000000000000e-01
v 2.100000000000e-01 0.000000000000e+00 4.000000000000e-01
v 2.100000000000e-01 0.000000000000e+00 3.800000000000e-01
v 2.000000000000e-01 0.000000000000e+00 3.800000000000e-01
v 1.900000000000e-01 0.000000000000e+00 3.800000000000e-01
v 2.100000000000e-01 0.000000000000e+00 3.900000000000e-01
v 2.100000000000e-01 0.000000000000e+00 3.700000000000e-01
v 2.000000000000e-01 0.000000000000e+00 3.700000000000e-01
v 1.900000000000e-01 0.000000000000e+00 3.700000000000e-01
v 2.000000000000e-01 0.000000000000e+00 3.900000000000e-01
v 1.900000000000e-01 0.000000000000e+00 3.900000000000e-01
v 1.500000000000e-01 0.000000000000e+00 4.200000000000e-01
v 1.500000000000e-01 0.000000000000e+00 4.000000000000e-01
v 1.600000000000e-01 0.000000000000e+00 3.900000000000e-01
v 1.600000000000e-01 0.000000000000e+00 4.000000000000e-01
v 1.700000000000e-01 0.000000000000e+00 4.000000000000e-01
v 1.600000000000e-01 0.000000000000e+00 4.100000000000e-01
v 1.700000000000e-01 0.000000000000e+00 4.100000000000e-01
v 1.600000000000e-01 0.000000000000e+00 4.200000000000e-01
v 1.500000000000e-01 0.000000000000e+00 4.100000000000e-01
v 1.700000000000e-01 0.000000000000e+00 3.800000000000e-01
v 1.800000000000e-01 0.000000000000e+00 3.700000000000e-01
v 1.800000000000e-01 0.000000000000e+00 3.800000000000e-01
v 1.700000000000e-01 0.000000000000e+00 3.900000000000e-01
v 1.800000000000e-01 0.000000000000e+00 3.900000000000e-01
v 1.800000000000e-01 0.000000000000e+00 4.000000000000e-01
v 1.500000000000e-01 0.000000000000e+00 4.400000000000e-01
v 1.500000000000e-01 0.000000000000e+00 4.500000000000e-01
v 2.000000000000e-01 0.000000000000e+00 4.200000000000e-01
v 1.900000000000e-01 0.000000000000e+00 4.200000000000e-01
v 1.800000000000e-01 0.000000000000e+00 4.200000000000e-01
v 1.500000000000e-01 0.000000000000e+00 4.300000000000e-01
v 1.600000000000e-01 0.000000000000e+00 4.300000000000e-01
v 1.700000000000e-01 0.000000000000e+00 4.200000000000e-01
v 1.700000000000e-01 0.000000000000e+00 4.400000000000e-01
v 1.600000000000e-01 0.000000000000e+00 4.400000000000e-01
v 1.800000000000e-01 0.000000000000e+00 4.400000000000e-01
v 2.000000000000e-01 0.000000000000e+00 4.300000000000e-01
v 1.900000000000e-01 0.000000000000e+00 4.300000000000e-01
v 1.800000000000e-01 0.000000000000e+00 4.300000000000e-01
v 1.700000000000e-01 0.000000000000e+00 4.300000000000e-01
v 1.300000000000e-01 0.000000000000e+00 4.300000000000e-01
v 1.100000000000e-01 0.000000000000e+00 4.500000000000e-01
v 1.100000000000e-01 0.000000000000e+00 4.400000000000e-01
v 1.200000000000e-01 0.000000000000e+00 4.500000000000e-01
v 1.200000000000e-01 0.000000000000e+00 4.400000000000e-01
v 1.200000000000e-01 0.000000000000e+00 4.300000000000e-01
v 1.400000000000e-01 0.000000000000e+00 4.200000000000e-01
v 1.300000000000e-01 0.000000000000e+00 4.200000000000e-01
v 1.200000000000e-01 0.000000000000e+00 4.200000000000e-01
v 1.300000000000e-01 0.000000000000e+00 4.400000000000e-01
v 1.200000000000e-01 0.000000000000e+00 4.100000000000e-01
v 1.300000000000e-01 0.000000000000e+00 4.100000000000e-01
v 1.400000000000e-01 0.000000000000e+00 4.100000000000e-01
v 1.400000000000e-01 0.000000000000e+00 4.300000000000e-01
v 1.400000000000e-01 0.000000000000e+00 4.400000000000e-01
v 8.000000000000e-02 0.000000000000e+00 4.300000000000e-01
v 1.000000000000e-01 0.000000000000e+00 4.100000000000e-01
v 9.000000000000e-02 0.000000000000e+00 4.200000000000e-01
v 1.000000000000e-01 0.000000000000e+00 4.200000000000e-01
v 1.100000000000e-01 0.000000000000e+00 4.200000000000e-01
v 1.100000000000e-01 0.000000000000e+00 4.100000000000e-01
v 1.000000000000e-01 0.000000000000e+00 4.300000000000e-01
v 8.000000000000e-02 0.000000000000e+00 4.500000000000e-01
v 9.000000000000e-02 0.000000000000e+00 4.500000000000e-01
v 1.100000000000e-01 0.000000000000e+00 4.300000000000e-01
v 9.000000000000e-02 0.000000000000e+00 4.300000000000e-01
v 8.000000000000e-02 0.000000000000e+00 4.400000000000e-01
v 9.000000000000e-02 0.000000000000e+00 4.400000000000e-01
v 1.000000000000e-01 0.000000000000e+00 4.400000000000e-01
v 1.000000000000e-01 0.000000000000e+00 4.500000000000e-01
v 8.000000000000e-02 0.000000000000e+00 5.000000000000e-01
v 8.000000000000e-02 0.000000000000e+00 4.700000000000e-01
v 7.000000000000e-02 0.000000000000e+00 4.700000000000e-01
v 7.000000000000e-02 0.000000000000e+00 5.000000000000e-01
v 6.000000000000e-02 0.000000000000e+00 5.000000000000e-01
v 7.000000000000e-02 0.000000000000e+00 4.600000000000e-01
v 6.000000000000e-02 0.000000000000e+00 4.700000000000e-01
v 8.000000000000e-02 0.000000000000e+00 4.600000000000e-01
v 9.000000000000e-02 0.000000000000e+00 4.600000000000e-01
v 6.000000000000e-02 0.000000000000e+00 4.900000000000e-01
v 7.000000000000e-02 0.000000000000e+00 4.900000000000e-01
v 8.000000000000e-02 0.000000000000e+00 4.900000000000e-01
v 6.000000000000e-02 0.000000000000e+00 4.800000000000e-01
v 7.000000000000e-02 0.000000000000e+00 4.800000000000e-01
v 8.000000000000e-02 0.000000000000e+00 4.800000000000e-01
v 1.300000000000e-01 0.000000000000e+00 5.000000000000e-01
v 1.200000000000e-01 0.000000000000e+00 5.000000000000e-01
v 1.400000000000e-01 0.000000000000e+00 4.500000000000e-01
v 1.200000000000e-01 0.000000000000e+00 4.600000000000e-01
v 1.300000000000e-01 0.000000000000e+00 4.600000000000e-01
v 1.400000000000e-01 0.000000000000e+00 4.600000000000e-01
v 1.200000000000e-01 0.000000000000e+00 4.900000000000e-01
v 1.300000000000e-01 0.000000000000e+00 4.900000000000e-01
v 1.300000000000e-01 0.000000000000e+00 4.500000000000e-01
v 1.200000000000e-01 0.000000000000e+00 4.800000000000e-01
v 1.300000000000e-01 0.000000000000e+00 4.800000000000e-01
v 1.400000000000e-01 0.000000000000e+00 4.800000000000e-01
v 1.200000000000e-01 0.000000000000e+00 4.700000000000e-01
v 1.300000000000e-01 0.000000000000e+00 4.700000000000e-01
v 1.400000000000e-01 0.000000000000e+00 4.700000000000e-01
v 1.100000000000e-01 0.000000000000e+00 4.800000000000e-01
v 1.000000000000e-01 0.000000000000e+00 4.800000000000e-01
v 9.000000000000e-02 0.000000000000e+00 4.900000000000e-01
v 9.000000000000e-02 0.000000000000e+00 4.800000000000e-01
v 1.100000000000e-01 0.000000000000e+00 5.000000000000e-01
v 1.100000000000e-01 0.000000000000e+00 4.900000000000e-01
v 1.000000000000e-01 0.000000000000e+00 4.900000000000e-01
v 1.000000000000e-01 0.000000000000e+00 5.000000000000e-01
v 1.100000000000e-01 0.000000000000e+00 4.700000000000e-01
v 1.000000000000e-01 0.000000000000e+00 4.700000000000e-01
v 9.000000000000e-02 0.000000000000e+00 4.700000000000e-01
v 1.000000000000e-01 0.000000000000e+00 4.600000000000e-01
v 9.000000000000e-02 0.000000000000e+00 5.000000000000e-01
v 1.100000000000e-01 0.000000000000e+00 4.600000000000e-01
v 3.000000000000e-01 0.000000000000e+00 4.500000000000e-01
v 3.000000000000e-01 0.000000000000e+00 4.600000000000e-01
v 3.000000000000e-01 0.000000000000e+00 4.400000000000e-01
v 2.900000000000e-01 0.000000000000e+00 4.400000000000e-01
v 2.800000000000e-01 0.000000000000e+00 4.400000000000e-01
v 2.800000000000e-01 0.000000000000e+00 4.300000000000e-01
v 2.900000000000e-01 0.000000000000e+00 4.600000000000e-01
v 2.900000000000e-01 0.000000000000e+00 4.300000000000e-01
v 3.000000000000e-01 0.000000000000e+00 4.300000000000e-01
v 2.700000000000e-01 0.000000000000e+00 4.500000000000e-01
v 2.800000000000e-01 0.000000000000e+00 4.500000000000e-01
v 2.900000000000e-01 0.000000000000e+00 4.500000000000e-01
v 2.600000000000e-01 0.000000000000e+00 4.600000000000e-01
v 2.700000000000e-01 0.000000000000e+00 4.600000000000e-01
v 2.800000000000e-01 0.000000000000e+00 4.600000000000e-01
v 2.800000000000e-01 0.000000000000e+00 5.000000000000e-01
v 2.900000000000e-01 0.000000000000e+00 4.800000000000e-01
v 2.600000000000e-01 0.000000000000e+00 4.800000000000e-01
v 2.700000000000e-01 0.000000000000e+00 4.800000000000e-01
v 2.800000000000e-01 0.000000000000e+00 4.800000000000e-01
v 2.600000000000e-01 0.000000000000e+00 4.700000000000e-01
v 2.700000000000e-01 0.000000000000e+00 4.700000000000e-01
v 2.800000000000e-01 0.000000000000e+00 4.700000000000e-01
v 2.700000000000e-01 0.000000000000e+00 5.000000000000e-01
v 2.600000000000e-01 0.000000000000e+00 5.000000000000e-01
v 2.900000000000e-01 0.000000000000e+00 4.700000000000e-01
v 2.600000000000e-01 0.000000000000e+00 4.900000000000e-01
v 2.700000000000e-01 0.000000000000e+00 4.900000000000e-01
v 2.900000000000e-01 0.000000000000e+00 4.900000000000e-01
v 2.800000000000e-01 0.000000000000e+00 4.900000000000e-01
v 2.100000000000e-01 0.000000000000e+00 4.500000000000e-01
v 2.000000000000e-01 0.000000000000e+00 4.700000000000e-01
v 2.000000000000e-01 0.000000000000e+00 4.900000000000e-01
v 1.900000000000e-01 0.000000000000e+00 4.900000000000e-01
v 2.000000000000e-01 0.000000000000e+00 4.600000000000e-01
v 1.900000000000e-01 0.000000000000e+00 4.700000000000e-01
v 2.100000000000e-01 0.000000000000e+00 4.600000000000e-01
v 2.200000000000e-01 0.000000000000e+00 4.500000000000e-01
v 1.800000000000e-01 0.000000000000e+00 5.000000000000e-01
v 1.900000000000e-01 0.000000000000e+00 5.000000000000e-01
v 2.000000000000e-01 0.000000000000e+00 5.000000000000e-01
v 1.900000000000e-01 0.000000000000e+00 4.800000000000e-01
v 2.000000000000e-01 0.000000000000e+00 4.800000000000e-01
v 2.100000000000e-01 0.000000000000e+00 4.800000000000e-01
v 2.100000000000e-01 0.000000000000e+00 4.700000000000e-01
v 2.600000000000e-01 0.000000000000e+00 4.300000000000e-01
v 2.500000000000e-01 0.000000000000e+00 4.400000000000e-01
v 2.600000000000e-01 0.000000000000e+00 4.400000000000e-01
v 2.700000000000e-01 0.000000000000e+00 4.400000000000e-01
v 2.600000000000e-01 0.000000000000e+00 4.500000000000e-01
v 2.500000000000e-01 0.000000000000e+00 4.500000000000e-01
v 2.400000000000e-01 0.000000000000e+00 4.500000000000e-01
v 2.300000000000e-01 0.000000000000e+00 4.500000000000e-01
v 2.500000000000e-01 0.000000000000e+00 4.600000000000e-01
v 2.400000000000e-01 0.000000000000e+00 4.600000000000e-01
v 2.200000000000e-01 0.000000000000e+00 4.600000000000e-01
v 2.300000000000e-01 0.000000000000e+00 4.600000000000e-01
v 2.700000000000e-01 0.000000000000e+00 4.300000000000e-01
v 2.200000000000e-01 0.000000000000e+00 4.700000000000e-01
v 2.300000000000e-01 0.000000000000e+00 4.700000000000e-01
v 2.200000000000e-01 0.000000000000e+00 4.800000000000e-01
v 2.500000000000e-01 0.000000000000e+00 5.000000000000e-01
v 2.400000000000e-01 0.000000000000e+00 5.000000000000e-01
v 2.300000000000e-01 0.000000000000e+00 5.000000000000e-01
v 2.200000000000e-01 0.000000000000e+00 5.000000000000e-01
v 2.100000000000e-01 0.000000000000e+00 5.000000000000e-01
v 2.500000000000e-01 0.000000000000e+00 4.800000000000e-01
v 2.400000000000e-01 0.000000000000e+00 4.800000000000e-01
v 2.300000000000e-01 0.000000000000e+00 4.800000000000e-01
v 2.100000000000e-01 0.000000000000e+00 4.900000000000e-01
v 2.200000000000e-01 0.000000000000e+00 4.900000000000e-01
v 2.300000000000e-01 0.000000000000e+00 4.900000000000e-01
v 2.400000000000e-01 0.000000000000e+00 4.900000000000e-01
v 2.500000000000e-01 0.000000000000e+00 4.700000000000e-01
v 2.400000000000e-01 0.000000000000e+00 4.700000000000e-01
v 2.500000000000e-01 0.000000000000e+00 4.900000000000e-01
v 3.000000000000e-01 0.000000000000e+00 3.700000000000e-01
v 3.100000000000e-01 0.000000000000e+00 3.500000000000e-01
v 2.900000000000e-01 0.000000000000e+00 3.700000000000e-01
v 3.100000000000e-01 0.000000000000e+00 3.700000000000e-01
v 2.800000000000e-01 0.000000000000e+00 3.700000000000e-01
v 3.100000000000e-01 0.000000000000e+00 3.600000000000e-01
v 2.900000000000e-01 0.000000000000e+00 3.600000000000e-01
v 2.800000000000e-01 0.000000000000e+00 3.600000000000e-01
v 3.000000000000e-01 0.000000000000e+00 3.600000000000e-01
v 2.700000000000e-01 0.000000000000e+00 3.700000000000e-01
v 3.100000000000e-01 0.000000000000e+00 3.400000000000e-01
v 3.100000000000e-01 0.000000000000e+00 3.300000000000e-01
v 3.000000000000e-01 0.000000000000e+00 3.500000000000e-01
v 3.000000000000e-01 0.000000000000e+00 3.400000000000e-01
v 2.900000000000e-01 0.000000000000e+00 3.500000000000e-01
v 2.800000000000e-01 0.000000000000e+00 3.900000000000e-01
v 2.700000000000e-01 0.000000000000e+00 4.100000000000e-01
v 2.600000000000e-01 0.000000000000e+00 4.100000000000e-01
v 2.800000000000e-01 0.000000000000e+00 4.100000000000e-01
v 2.600000000000e-01 0.000000000000e+00 3.800000000000e-01
v 2.700000000000e-01 0.000000000000e+00 3.800000000000e-01
v 2.800000000000e-01 0.000000000000e+00 3.800000000000e-01
v 2.600000000000e-01 0.000000000000e+00 4.000000000000e-01
v 2.700000000000e-01 0.000000000000e+00 4.000000000000e-01
v 2.600000000000e-01 0.000000000000e+00 3.900000000000e-01
v 2.600000000000e-01 0.000000000000e+00 4.200000000000e-01
v 2.700000000000e-01 0.000000000000e+00 3.900000000000e-01
v 2.700000000000e-01 0.000000000000e+00 4.200000000000e-01
v 2.800000000000e-01 0.000000000000e+00 4.000000000000e-01
v 3.100000000000e-01 0.000000000000e+00 4.100000000000e-01
v 3.000000000000e-01 0.000000000000e+00 4.100000000000e-01
v 2.900000000000e-01 0.000000000000e+00 4.100000000000e-01
v 3.100000000000e-01 0.000000000000e+00 4.000000000000e-01
v 3.000000000000e-01 0.000000000000e+00 4.000000000000e-01
v 2.900000000000e-01 0.000000000000e+00 4.000000000000e-01
v 2.900000000000e-01 0.000000000000e+00 3.800000000000e-01
v 3.000000000000e-01 0.000000000000e+00 3.800000000000e-01
v 3.100000000000e-01 0.000000000000e+00 3.800000000000e-01
v 3.100000000000e-01 0.000000000000e+00 3.900000000000e-01
v 3.000000000000e-01 0.000000000000e+00 4.200000000000e-01
v 2.900000000000e-01 0.000000000000e+00 4.200000000000e-01
v 2.800000000000e-01 0.000000000000e+00 4.200000000000e-01
v 2.900000000000e-01 0.000000000000e+00 3.900000000000e-01
v 3.000000000000e-01 0.000000000000e+00 3.900000000000e-01
v 2.600000000000e-01 0.000000000000e+00 3.500000000000e-01
v 2.200000000000e-01 0.000000000000e+00 3.800000000000e-01
v 2.800000000000e-01 0.000000000000e+00 3.500000000000e-01
v 2.400000000000e-01 0.000000000000e+00 3.600000000000e-01
v 2.300000000000e-01 0.000000000000e+00 3.600000000000e-01
v 2.400000000000e-01 0.000000000000e+00 3.500000000000e-01
v 2.500000000000e-01 0.000000000000e+00 3.500000000000e-01
v 2.200000000000e-01 0.000000000000e+00 3.700000000000e-01
v 2.600000000000e-01 0.000000000000e+00 3.700000000000e-01
v 2.500000000000e-01 0.000000000000e+00 3.700000000000e-01
v 2.400000000000e-01 0.000000000000e+00 3.700000000000e-01
v 2.300000000000e-01 0.000000000000e+00 3.700000000000e-01
v 2.600000000000e-01 0.000000000000e+00 3.600000000000e-01
v 2.500000000000e-01 0.000000000000e+00 3.600000000000e-01
v 2.700000000000e-01 0.000000000000e+00 3.600000000000e-01
v 2.700000000000e-01 0.000000000000e+00 3.500000000000e-01
v 2.100000000000e-01 0.000000000000e+00 4.200000000000e-01
v 2.300000000000e-01 0.000000000000e+00 3.800000000000e-01
v 2.200000000000e-01 0.000000000000e+00 3.900000000000e-01
v 2.400000000000e-01 0.000000000000e+00 3.800000000000e-01
v 2.500000000000e-01 0.000000000000e+00 3.800000000000e-01
v 2.300000000000e-01 0.000000000000e+00 4.100000000000e-01
v 2.200000000000e-01 0.000000000000e+00 4.100000000000e-01
v 2.300000000000e-01 0.000000000000e+00 3.900000000000e-01
v 2.100000000000e-01 0.000000000000e+00 4.100000000000e-01
v 2.400000000000e-01 0.000000000000e+00 4.000000000000e-01
v 2.300000000000e-01 0.000000000000e+00 4.000000000000e-01
v 2.400000000000e-01 0.000000000000e+00 3.900000000000e-01
v 2.500000000000e-01 0.000000000000e+00 3.900000000000e-01
v 2.200000000000e-01 0.000000000000e+00 4.000000000000e-01
v 2.200000000000e-01 0.000000000000e+00 4.200000000000e-01
v 2.500000000000e-01 0.000000000000e+00 4.000000000000e-01
v 2.500000000000e-01 0.000000000000e+00 4.200000000000e-01
v 2.400000000000e-01 0.000000000000e+00 4.100000000000e-01
v 2.400000000000e-01 0.000000000000e+00 4.400000000000e-01
v 2.300000000000e-01 0.000000000000e+00 4.400000000000e-01
v 2.200000000000e-01 0.000000000000e+00 4.400000000000e-01
v 2.100000000000e-01 0.000000000000e+00 4.400000000000e-01
v 2.500000000000e-01 0.000000000000e+00 4.300000000000e-01
v 2.400000000000e-01 0.000000000000e+00 4.300000000000e-01
v 2.300000000000e-01 0.000000000000e+00 4.300000000000e-01
v 2.200000000000e-01 0.000000000000e+00 4.300000000000e-01
v 2.500000000000e-01 0.000000000000e+00 4.100000000000e-01
v 2.300000000000e-01 0.000000000000e+00 4.200000000000e-01
v 2.100000000000e-01 0.000000000000e+00 4.300000000000e-01
v 2.400000000000e-01 0.000000000000e+00 4.200000000000e-01
v 1.200000000000e-01 0.000000000000e+00 3.800000000000e-01
v 1.200000000000e-01 0.000000000000e+00 4.000000000000e-01
v 1.100000000000e-01 0.000000000000e+00 4.000000000000e-01
v 1.000000000000e-01 0.000000000000e+00 4.000000000000e-01
v 8.000000000000e-02 0.000000000000e+00 4.000000000000e-01
v 9.000000000000e-02 0.000000000000e+00 4.000000000000e-01
v 9.000000000000e-02 0.000000000000e+00 3.900000000000e-01
v 1.200000000000e-01 0.000000000000e+00 3.900000000000e-01
v 1.200000000000e-01 0.000000000000e+00 3.700000000000e-01
v 1.100000000000e-01 0.000000000000e+00 3.800000000000e-01
v 8.000000000000e-02 0.000000000000e+00 4.200000000000e-01
v 1.100000000000e-01 0.000000000000e+00 3.900000000000e-01
v 1.000000000000e-01 0.000000000000e+00 3.900000000000e-01
v 9.000000000000e-02 0.000000000000e+00 4.100000000000e-01
v 8.000000000000e-02 0.000000000000e+00 4.100000000000e-01
v 1.400000000000e-01 0.000000000000e+00 4.000000000000e-01
v 1.500000000000e-01 0.000000000000e+00 3.900000000000e-01
v 1.300000000000e-01 0.000000000000e+00 4.000000000000e-01
v 1.300000000000e-01 0.000000000000e+00 3.700000000000e-01
v 1.400000000000e-01 0.000000000000e+00 3.700000000000e-01
v 1.500000000000e-01 0.000000000000e+00 3.700000000000e-01
v 1.600000000000e-01 0.000000000000e+00 3.700000000000e-01
v 1.700000000000e-01 0.000000000000e+00 3.700000000000e-01
v 1.500000000000e-01 0.000000000000e+00 3.600000000000e-01
v 1.300000000000e-01 0.000000000000e+00 3.800000000000e-01
v 1.400000000000e-01 0.000000000000e+00 3.800000000000e-01
v 1.500000000000e-01 0.000000000000e+00 3.800000000000e-01
v 1.600000000000e-01 0.000000000000e+00 3.800000000000e-01
v 1.300000000000e-01 0.000000000000e+00 3.900000000000e-01
v 1.400000000000e-01 0.000000000000e+00 3.900000000000e-01
v 8.000000000000e-02 0.000000000000e+00 3.900000000000e-01
v 9.000000000000e-02 0.000000000000e+00 3.700000000000e-01
v 8.000000000000e-02 0.000000000000e+00 3.800000000000e-01
v 9.000000000000e-02 0.000000000000e+00 3.800000000000e-01
v 1.000000000000e-01 0.000000000000e+00 3.800000000000e-01
v 9.000000000000e-02 0.000000000000e+00 3.400000000000e-01
v 8.000000000000e-02 0.000000000000e+00 3.600000000000e-01
v 9.000000000000e-02 0.000000000000e+00 3.600000000000e-01
v 1.000000000000e-01 0.000000000000e+00 3.600000000000e-01
v 8.000000000000e-02 0.000000000000e+00 3.700000000000e-01
v 1.000000000000e-01 0.000000000000e+00 3.500000000000e-01
v 9.000000000000e-02 0.000000000000e+00 3.500000000000e-01
v 8.000000000000e-02 0.000000000000e+00 3.500000000000e-01
v 1.100000000000e-01 0.000000000000e+00 3.700000000000e-01
v 1.000000000000e-01 0.000000000000e+00 3.700000000000e-01
v 1.500000000000e-01 0.000000000000e+00 3.500000000000e-01
v 1.400000000000e-01 0.000000000000e+00 3.500000000000e-01
v 1.300000000000e-01 0.000000000000e+00 3.500000000000e-01
v 1.400000000000e-01 0.000000000000e+00 3.300000000000e-01
v 1.400000000000e-01 0.000000000000e+00 3.600000000000e-01
v 1.200000000000e-01 0.000000000000e+00 3.400000000000e-01
v 1.500000000000e-01 0.000000000000e+00 3.300000000000e-01
v 1.200000000000e-01 0.000000000000e+00 3.500000000000e-01
v 1.100000000000e-01 0.000000000000e+00 3.500000000000e-01
v 1.100000000000e-01 0.000000000000e+00 3.600000000000e-01
v 1.200000000000e-01 0.000000000000e+00 3.600000000000e-01
v 1.300000000000e-01 0.000000000000e+00 3.600000000000e-01
v 1.500000000000e-01 0.000000000000e+00 3.400000000000e-01
v 1.400000000000e-01 0.000000000000e+00 3.400000000000e-01
v 1.300000000000e-01 0.000000000000e+00 3.400000000000e-01
v 1.400000000000e-01 0.000000000000e+00 2.900000000000e-01
v 1.300000000000e-01 0.000000000000e+00 3.300000000000e-01
v 1.300000000000e-01 0.000000000000e+00 3.200000000000e-01
v 1.400000000000e-01 0.000000000000e+00 3.100000000000e-01
v 1.300000000000e-01 0.000000000000e+00 3.100000000000e-01
v 1.200000000000e-01 0.000000000000e+00 3.100000000000e-01
v 1.000000000000e-01 0.000000000000e+00 3.400000000000e-01
v 1.100000000000e-01 0.000000000000e+00 3.400000000000e-01
v 1.400000000000e-01 0.000000000000e+00 3.200000000000e-01
v 1.100000000000e-01 0.000000000000e+00 3.200000000000e-01
v 1.000000000000e-01 0.000000000000e+00 3.300000000000e-01
v 1.400000000000e-01 0.000000000000e+00 3.000000000000e-01
v 1.300000000000e-01 0.000000000000e+00 3.000000000000e-01
v 1.200000000000e-01 0.000000000000e+00 3.200000000000e-01
v 1.100000000000e-01 0.000000000000e+00 3.300000000000e-01
v 1.200000000000e-01 0.000000000000e+00 3.300000000000e-01
v 1.700000000000e-01 0.000000000000e+00 3.400000000000e-01
v 1.600000000000e-01 0.000000000000e+00 3.400000000000e-01
v 1.800000000000e-01 0.000000000000e+00 3.300000000000e-01
v 1.900000000000e-01 0.000000000000e+00 3.100000000000e-01
v 1.800000000000e-01 0.000000000000e+00 3.100000000000e-01
v 2.000000000000e-01 0.000000000000e+00 3.000000000000e-01
v 1.900000000000e-01 0.000000000000e+00 3.000000000000e-01
v 1.900000000000e-01 0.000000000000e+00 3.200000000000e-01
v 2.000000000000e-01 0.000000000000e+00 3.100000000000e-01
v 1.700000000000e-01 0.000000000000e+00 3.200000000000e-01
v 1.800000000000e-01 0.000000000000e+00 3.200000000000e-01
v 2.000000000000e-01 0.000000000000e+00 2.900000000000e-01
v 2.100000000000e-01 0.000000000000e+00 2.900000000000e-01
v 1.700000000000e-01 0.000000000000e+00 3.300000000000e-01
v 1.600000000000e-01 0.000000000000e+00 3.300000000000e-01
v 1.800000000000e-01 0.000000000000e+00 3.000000000000e-01
v 1.500000000000e-01 0.000000000000e+00 3.100000000000e-01
v 1.600000000000e-01 0.000000000000e+00 3.100000000000e-01
v 1.700000000000e-01 0.000000000000e+00 3.100000000000e-01
v 1.500000000000e-01 0.000000000000e+00 3.200000000000e-01
v 1.900000000000e-01 0.000000000000e+00 2.900000000000e-01
v 1.700000000000e-01 0.000000000000e+00 3.000000000000e-01
v 1.600000000000e-01 0.000000000000e+00 3.000000000000e-01
v 1.500000000000e-01 0.000000000000e+00 3.000000000000e-01
v 1.500000000000e-01 0.000000000000e+00 2.900000000000e-01
v 1.600000000000e-01 0.000000000000e+00 2.900000000000e-01
v 1.700000000000e-01 0.000000000000e+00 2.900000000000e-01
v 1.800000000000e-01 0.000000000000e+00 2.900000000000e-01
v 1.600000000000e-01 0.000000000000e+00 3.200000000000e-01
v 1.700000000000e-01 0.000000000000e+00 3.600000000000e-01
v 1.800000000000e-01 0.000000000000e+00 3.600000000000e-01
v 1.900000000000e-01 0.000000000000e+00 3.600000000000e-01
v 1.600000000000e-01 0.000000000000e+00 3.600000000000e-01
v 2.000000000000e-01 0.000000000000e+00 3.300000000000e-01
v 1.900000000000e-01 0.000000000000e+00 3.300000000000e-01
v 1.800000000000e-01 0.000000000000e+00 3.400000000000e-01
v 1.900000000000e-01 0.000000000000e+00 3.500000000000e-01
v 2.000000000000e-01 0.000000000000e+00 3.500000000000e-01
v 1.900000000000e-01 0.000000000000e+00 3.400000000000e-01
v 2.000000000000e-01 0.000000000000e+00 3.400000000000e-01
v 1.600000000000e-01 0.000000000000e+00 3.500000000000e-01
v 2.000000000000e-01 0.000000000000e+00 3.600000000000e-01
v 1.700000000000e-01 0.000000000000e+00 3.500000000000e-01
v 1.800000000000e-01 0.000000000000e+00 3.500000000000e-01
v 2.300000000000e-01 0.000000000000e+00 3.400000000000e-01
v 2.400000000000e-01 0.000000000000e+00 3.300000000000e-01
v 2.300000000000e-01 0.000000000000e+00 3.300000000000e-01
v 2.200000000000e-01 0.000000000000e+00 3.300000000000e-01
v 2.100000000000e-01 0.000000000000e+00 3.500000000000e-01
v 2.200000000000e-01 0.000000000000e+00 3.500000000000e-01
v 2.300000000000e-01 0.000000000000e+00 3.500000000000e-01
v 2.100000000000e-01 0.000000000000e+00 3.400000000000e-01
v 2.200000000000e-01 0.000000000000e+00 3.400000000000e-01
v 2.300000000000e-01 0.000000000000e+00 3.200000000000e-01
v 2.400000000000e-01 0.000000000000e+00 3.400000000000e-01
v 2.400000000000e-01 0.000000000000e+00 3.200000000000e-01
v 2.200000000000e-01 0.000000000000e+00 3.600000000000e-01
v 2.100000000000e-01 0.000000000000e+00 3.600000000000e-01
v 2.200000000000e-01 0.000000000000e+00 3.100000000000e-01
v 2.100000000000e-01 0.000000000000e+00 3.300000000000e-01
v 2.300000000000e-01 0.000000000000e+00 3.000000000000e-01
v 2.400000000000e-01 0.000000000000e+00 3.000000000000e-01
v 2.200000000000e-01 0.000000000000e+00 3.000000000000e-01
v 2.100000000000e-01 0.000000000000e+00 3.000000000000e-01
v 2.100000000000e-01 0.000000000000e+00 3.100000000000e-01
v 2.400000000000e-01 0.000000000000e+00 3.100000000000e-01
v 2.300000000000e-01 0.000000000000e+00 3.100000000000e-01
v 2.000000000000e-01 0.000000000000e+00 3.200000000000e-01
v 2.100000000000e-01 0.000000000000e+00 3.200000000000e-01
v 2.200000000000e-01 0.000000000000e+00 3.200000000000e-01
v 2.400000000000e-01 0.000000000000e+00 2.900000000000e-01
v 2.300000000000e-01 0.000000000000e+00 2.900000000000e-01
v 2.200000000000e-01 0.000000000000e+00 2.900000000000e-01
v 2.300000000000e-01 0.000000000000e+00 2.200000000000e-01
v 2.200000000000e-01 0.000000000000e+00 2.200000000000e-01
v 2.400000000000e-01 0.000000000000e+00 2.200000000000e-01
v 2.200000000000e-01 0.000000000000e+00 2.500000000000e-01
v 2.500000000000e-01 0.000000000000e+00 2.200000000000e-01
v 2.300000000000e-01 0.000000000000e+00 2.300000000000e-01
v 2.100000000000e-01 0.000000000000e+00 2.500000000000e-01
v 2.100000000000e-01 0.000000000000e+00 2.400000000000e-01
v 2.200000000000e-01 0.000000000000e+00 2.300000000000e-01
v 2.400000000000e-01 0.000000000000e+00 2.400000000000e-01
v 2.400000000000e-01 0.000000000000e+00 2.300000000000e-01
v 2.300000000000e-01 0.000000000000e+00 2.400000000000e-01
v 2.200000000000e-01 0.000000000000e+00 2.400000000000e-01
v 2.500000000000e-01 0.000000000000e+00 2.300000000000e-01
v 2.100000000000e-01 0.000000000000e+00 2.700000000000e-01
v 2.300000000000e-01 0.000000000000e+00 2.800000000000e-01
v 2.200000000000e-01 0.000000000000e+00 2.700000000000e-01
v 2.300000000000e-01 0.000000000000e+00 2.700000000000e-01
v 2.400000000000e-01 0.000000000000e+00 2.700000000000e-01
v 2.000000000000e-01 0.000000000000e+00 2.800000000000e-01
v 2.100000000000e-01 0.000000000000e+00 2.800000000000e-01
v 2.400000000000e-01 0.000000000000e+00 2.500000000000e-01
v 2.300000000000e-01 0.000000000000e+00 2.500000000000e-01
v 2.200000000000e-01 0.000000000000e+00 2.800000000000e-01
v 2.400000000000e-01 0.000000000000e+00 2.600000000000e-01
v 2.000000000000e-01 0.000000000000e+00 2.700000000000e-01
v 2.300000000000e-01 0.000000000000e+00 2.600000000000e-01
v 2.100000000000e-01 0.000000000000e+00 2.600000000000e-01
v 2.200000000000e-01 0.000000000000e+00 2.600000000000e-01
v 2.000000000000e-01 0.000000000000e+00 2.600000000000e-01
v 2.000000000000e-01 0.000000000000e+00 2.500000000000e-01
v 1.900000000000e-01 0.000000000000e+00 2.500000000000e-01
v 1.800000000000e-01 0.000000000000e+00 2.500000000000e-01
v 1.900000000000e-01 0.000000000000e+00 2.600000000000e-01
v 1.800000000000e-01 0.000000000000e+00 2.600000000000e-01
v 1.700000000000e-01 0.000000000000e+00 2.600000000000e-01
v 1.600000000000e-01 0.000000000000e+00 2.700000000000e-01
v 1.700000000000e-01 0.000000000000e+00 2.700000000000e-01
v 1.900000000000e-01 0.000000000000e+00 2.800000000000e-01
v 1.800000000000e-01 0.000000000000e+00 2.700000000000e-01
v 1.900000000000e-01 0.000000000000e+00 2.700000000000e-01
v 1.800000000000e-01 0.000000000000e+00 2.800000000000e-01
v 1.700000000000e-01 0.000000000000e+00 2.800000000000e-01
v 1.600000000000e-01 0.000000000000e+00 2.800000000000e-01
v 1.500000000000e-01 0.000000000000e+00 2.300000000000e-01
v 1.600000000000e-01 0.000000000000e+00 2.500000000000e-01
v 1.500000000000e-01 0.000000000000e+00 2.500000000000e-01
v 1.400000000000e-01 0.000000000000e+00 2.800000000000e-01
v 1.500000000000e-01 0.000000000000e+00 2.800000000000e-01
v 1.600000000000e-01 0.000000000000e+00 2.300000000000e-01
v 1.400000000000e-01 0.000000000000e+00 2.600000000000e-01
v 1.500000000000e-01 0.000000000000e+00 2.600000000000e-01
v 1.600000000000e-01 0.000000000000e+00 2.600000000000e-01
v 1.600000000000e-01 0.000000000000e+00 2.400000000000e-01
v 1.500000000000e-01 0.000000000000e+00 2.400000000000e-01
v 1.400000000000e-01 0.000000000000e+00 2.400000000000e-01
v 1.400000000000e-01 0.000000000000e+00 2.700000000000e-01
v 1.400000000000e-01 0.000000000000e+00 2.500000000000e-01
v 1.500000000000e-01 0.000000000000e+00 2.700000000000e-01
v 1.700000000000e-01 0.000000000000e+00 2.400000000000e-01
v 2.000000000000e-01 0.000000000000e+00 2.300000000000e-01
v 1.800000000000e-01 0.000000000000e+00 2.400000000000e-01
v 2.100000000000e-01 0.000000000000e+00 2.300000000000e-01
v 1.900000000000e-01 0.000000000000e+00 2.400000000000e-01
v 2.000000000000e-01 0.000000000000e+00 2.400000000000e-01
v 1.800000000000e-01 0.000000000000e+00 2.200000000000e-01
v 1.700000000000e-01 0.000000000000e+00 2.300000000000e-01
v 1.900000000000e-01 0.000000000000e+00 2.300000000000e-01
v 1.700000000000e-01 0.000000000000e+00 2.500000000000e-01
v 1.900000000000e-01 0.000000000000e+00 2.200000000000e-01
v 2.000000000000e-01 0.000000000000e+00 2.200000000000e-01
v 2.100000000000e-01 0.000000000000e+00 2.200000000000e-01
v 1.800000000000e-01 0.000000000000e+00 2.300000000000e-01
v 2.900000000000e-01 0.000000000000e+00 2.400000000000e-01
v 3.100000000000e-01 0.000000000000e+00 2.500000000000e-01
v 3.100000000000e-01 0.000000000000e+00 2.400000000000e-01
v 3.000000000000e-01 0.000000000000e+00 2.400000000000e-01
v 3.000000000000e-01 0.000000000000e+00 2.500000000000e-01
v 2.900000000000e-01 0.000000000000e+00 2.500000000000e-01
v 3.000000000000e-01 0.000000000000e+00 2.100000000000e-01
v 3.100000000000e-01 0.000000000000e+00 2.300000000000e-01
v 3.100000000000e-01 0.000000000000e+00 2.000000000000e-01
v 3.200000000000e-01 0.000000000000e+00 2.000000000000e-01
v 3.000000000000e-01 0.000000000000e+00 2.200000000000e-01
v 3.100000000000e-01 0.000000000000e+00 2.200000000000e-01
v 3.100000000000e-01 0.000000000000e+00 2.100000000000e-01
v 2.900000000000e-01 0.000000000000e+00 2.600000000000e-01
v 3.000000000000e-01 0.000000000000e+00 2.600000000000e-01
v 3.000000000000e-01 0.000000000000e+00 2.300000000000e-01
v 2.800000000000e-01 0.000000000000e+00 2.200000000000e-01
v 2.600000000000e-01 0.000000000000e+00 2.400000000000e-01
v 2.500000000000e-01 0.000000000000e+00 2.500000000000e-01
v 2.700000000000e-01 0.000000000000e+00 2.200000000000e-01
v 2.600000000000e-01 0.000000000000e+00 2.200000000000e-01
v 2.600000000000e-01 0.000000000000e+00 2.500000000000e-01
v 2.800000000000e-01 0.000000000000e+00 2.400000000000e-01
v 2.700000000000e-01 0.000000000000e+00 2.400000000000e-01
v 2.500000000000e-01 0.000000000000e+00 2.400000000000e-01
v 2.600000000000e-01 0.000000000000e+00 2.300000000000e-01
v 2.700000000000e-01 0.000000000000e+00 2.300000000000e-01
v 2.900000000000e-01 0.000000000000e+00 2.200000000000e-01
v 2.900000000000e-01 0.000000000000e+00 2.300000000000e-01
v 2.500000000000e-01 0.000000000000e+00 2.600000000000e-01
v 2.800000000000e-01 0.000000000000e+00 2.300000000000e-01
v 2.700000000000e-01 0.000000000000e+00 2.700000000000e-01
v 2.600000000000e-01 0.000000000000e+00 2.600000000000e-01
v 2.800000000000e-01 0.000000000000e+00 2.700000000000e-01
v 2.700000000000e-01 0.000000000000e+00 2.600000000000e-01
v 2.600000000000e-01 0.000000000000e+00 2.700000000000e-01
v 2.500000000000e-01 0.000000000000e+00 2.700000000000e-01
v 2.800000000000e-01 0.000000000000e+00 2.500000000000e-01
v 2.700000000000e-01 0.000000000000e+00 2.500000000000e-01
v 2.700000000000e-01 0.000000000000e+00 2.800000000000e-01
v 2.600000000000e-01 0.000000000000e+00 2.800000000000e-01
v 2.500000000000e-01 0.000000000000e+00 2.800000000000e-01
v 2.400000000000e-01 0.000000000000e+00 2.800000000000e-01
v 2.800000000000e-01 0.000000000000e+00 2.600000000000e-01
v 2.600000000000e-01 0.000000000000e+00 2.900000000000e-01
v 2.500000000000e-01 0.000000000000e+00 2.900000000000e-01
v 2.800000000000e-01 0.000000000000e+00 3.400000000000e-01
v 2.900000000000e-01 0.000000000000e+00 3.400000000000e-01
v 3.100000000000e-01 0.000000000000e+00 3.100000000000e-01
v 3.000000000000e-01 0.000000000000e+00 3.000000000000e-01
v 3.100000000000e-01 0.000000000000e+00 3.000000000000e-01
v 3.000000000000e-01 0.000000000000e+00 3.100000000000e-01
v 2.900000000000e-01 0.000000000000e+00 3.100000000000e-01
v 3.100000000000e-01 0.000000000000e+00 3.200000000000e-01
v 3.000000000000e-01 0.000000000000e+00 3.200000000000e-01
v 2.900000000000e-01 0.000000000000e+00 3.200000000000e-01
v 2.800000000000e-01 0.000000000000e+00 3.200000000000e-01
v 3.000000000000e-01 0.000000000000e+00 3.300000000000e-01
v 3.100000000000e-01 0.000000000000e+00 2.900000000000e-01
v 2.900000000000e-01 0.000000000000e+00 3.300000000000e-01
v 2.800000000000e-01 0.000000000000e+00 3.300000000000e-01
v 2.500000000000e-01 0.000000000000e+00 3.300000000000e-01
v 2.600000000000e-01 0.000000000000e+00 3.000000000000e-01
v 2.500000000000e-01 0.000000000000e+00 3.000000000000e-01
v 2.500000000000e-01 0.000000000000e+00 3.100000000000e-01
v 2.700000000000e-01 0.000000000000e+00 3.300000000000e-01
v 2.600000000000e-01 0.000000000000e+00 3.100000000000e-01
v 2.700000000000e-01 0.000000000000e+00 3.100000000000e-01
v 2.500000000000e-01 0.000000000000e+00 3.200000000000e-01
v 2.600000000000e-01 0.000000000000e+00 3.200000000000e-01
v 2.700000000000e-01 0.000000000000e+00 3.400000000000e-01
v 2.600000000000e-01 0.000000000000e+00 3.400000000000e-01
v 2.500000000000e-01 0.000000000000e+00 3.400000000000e-01
v 2.700000000000e-01 0.000000000000e+00 3.200000000000e-01
v 2.600000000000e-01 0.000000000000e+00 3.300000000000e-01
v 2.800000000000e-01 0.000000000000e+00 3.100000000000e-01
v 2.800000000000e-01 0.000000000000e+00 3.000000000000e-01
v 2.800000000000e-01 0.000000000000e+00 2.800000000000e-01
v 3.100000000000e-01 0.000000000000e+00 2.600000000000e-01
v 3.100000000000e-01 0.000000000000e+00 2.700000000000e-01
v 3.000000000000e-01 0.000000000000e+00 2.700000000000e-01
v 2.900000000000e-01 0.000000000000e+00 2.800000000000e-01
v 3.000000000000e-01 0.000000000000e+00 2.800000000000e-01
v 3.100000000000e-01 0.000000000000e+00 2.800000000000e-01
v 2.700000000000e-01 0.000000000000e+00 3.000000000000e-01
v 2.900000000000e-01 0.000000000000e+00 3.000000000000e-01
v 2.900000000000e-01 0.000000000000e+00 2.700000000000e-01
v 2.700000000000e-01 0.000000000000e+00 2.900000000000e-01
v 2.800000000000e-01 0.000000000000e+00 2.900000000000e-01
v 2.900000000000e-01 0.000000000000e+00 2.900000000000e-01
v 3.000000000000e-01 0.000000000000e+00 2.900000000000e-01
v 4.300000000000e-01 0.000000000000e+00 2.400000000000e-01
v 4.400000000000e-01 0.000000000000e+00 2.400000000000e-01
v 4.600000000000e-01 0.000000000000e+00 2.300000000000e-01
v 4.500000000000e-01 0.000000000000e+00 2.600000000000e-01
v 4.500000000000e-01 0.000000000000e+00 2.400000000000e-01
v 4.200000000000e-01 0.000000000000e+00 2.400000000000e-01
v 4.100000000000e-01 0.000000000000e+00 2.400000000000e-01
v 4.600000000000e-01 0.000000000000e+00 2.500000000000e-01
v 4.500000000000e-01 0.000000000000e+00 2.300000000000e-01
v 4.400000000000e-01 0.000000000000e+00 2.300000000000e-01
v 4.300000000000e-01 0.000000000000e+00 2.300000000000e-01
v 4.200000000000e-01 0.000000000000e+00 2.300000000000e-01
v 4.600000000000e-01 0.000000000000e+00 2.400000000000e-01
v 4.100000000000e-01 0.000000000000e+00 2.500000000000e-01
v 4.500000000000e-01 0.000000000000e+00 2.500000000000e-01
v 5.000000000000e-01 0.000000000000e+00 2.400000000000e-01
v 4.900000000000e-01 0.000000000000e+00 2.200000000000e-01
v 4.700000000000e-01 0.000000000000e+00 2.300000000000e-01
v 4.800000000000e-01 0.000000000000e+00 2.300000000000e-01
v 4.900000000000e-01 0.000000000000e+00 2.300000000000e-01
v 5.000000000000e-01 0.000000000000e+00 2.300000000000e-01
v 4.900000000000e-01 0.000000000000e+00 2.500000000000e-01
v 4.800000000000e-01 0.000000000000e+00 2.500000000000e-01
v 4.700000000000e-01 0.000000000000e+00 2.500000000000e-01
v 4.700000000000e-01 0.000000000000e+00 2.200000000000e-01
v 4.800000000000e-01 0.000000000000e+00 2.200000000000e-01
v 5.000000000000e-01 0.000000000000e+00 2.200000000000e-01
v 4.700000000000e-01 0.000000000000e+00 2.400000000000e-01
v 4.900000000000e-01 0.000000000000e+00 2.400000000000e-01
v 4.800000000000e-01 0.000000000000e+00 2.400000000000e-01
v 5.000000000000e-01 0.000000000000e+00 1.800000000000e-01
v 4.900000000000e-01 0.000000000000e+00 1.700000000000e-01
v 4.800000000000e-01 0.000000000000e+00 2.000000000000e-01
v 4.900000000000e-01 0.000000000000e+00 2.000000000000e-01
v 5.000000000000e-01 0.000000000000e+00 1.600000000000e-01
v 5.000000000000e-01 0.000000000000e+00 2.100000000000e-01
v 4.900000000000e-01 0.000000000000e+00 1.800000000000e-01
v 4.800000000000e-01 0.000000000000e+00 1.900000000000e-01
v 4.900000000000e-01 0.000000000000e+00 1.900000000000e-01
v 5.000000000000e-01 0.000000000000e+00 1.900000000000e-01
v 4.800000000000e-01 0.000000000000e+00 1.800000000000e-01
v 5.000000000000e-01 0.000000000000e+00 1.700000000000e-01
v 5.000000000000e-01 0.000000000000e+00 2.000000000000e-01
v 4.800000000000e-01 0.000000000000e+00 2.100000000000e-01
v 4.900000000000e-01 0.000000000000e+00 2.100000000000e-01
v 4.300000000000e-01 0.000000000000e+00 2.200000000000e-01
v 4.600000000000e-01 0.000000000000e+00 2.200000000000e-01
v 4.500000000000e-01 0.000000000000e+00 2.000000000000e-01
v 4.500000000000e-01 0.000000000000e+00 2.200000000000e-01
v 4.700000000000e-01 0.000000000000e+00 2.000000000000e-01
v 4.600000000000e-01 0.000000000000e+00 2.000000000000e-01
v 4.400000000000e-01 0.000000000000e+00 2.200000000000e-01
v 4.700000000000e-01 0.000000000000e+00 2.100000000000e-01
v 4.600000000000e-01 0.000000000000e+00 2.100000000000e-01
v 4.500000000000e-01 0.000000000000e+00 2.100000000000e-01
v 4.400000000000e-01 0.000000000000e+00 2.100000000000e-01
v 4.300000000000e-01 0.000000000000e+00 2.100000000000e-01
v 4.700000000000e-01 0.000000000000e+00 1.900000000000e-01
v 4.600000000000e-01 0.000000000000e+00 1.900000000000e-01
v 4.200000000000e-01 0.000000000000e+00 2.200000000000e-01
v 4.400000000000e-01 0.000000000000e+00 1.800000000000e-01
v 4.400000000000e-01 0.000000000000e+00 1.700000000000e-01
v 4.400000000000e-01 0.000000000000e+00 2.000000000000e-01
v 4.300000000000e-01 0.000000000000e+00 2.000000000000e-01
v 4.500000000000e-01 0.000000000000e+00 1.700000000000e-01
v 4.600000000000e-01 0.000000000000e+00 1.700000000000e-01
v 4.700000000000e-01 0.000000000000e+00 1.700000000000e-01
v 4.300000000000e-01 0.000000000000e+00 1.800000000000e-01
v 4.500000000000e-01 0.000000000000e+00 1.900000000000e-01
v 4.600000000000e-01 0.000000000000e+00 1.800000000000e-01
v 4.700000000000e-01 0.000000000000e+00 1.800000000000e-01
v 4.500000000000e-01 0.000000000000e+00 1.800000000000e-01
v 4.300000000000e-01 0.000000000000e+00 1.900000000000e-01
v 4.400000000000e-01 0.000000000000e+00 1.900000000000e-01
v 4.800000000000e-01 0.000000000000e+00 1.700000000000e-01
v 4.300000000000e-01 0.000000000000e+00 2.700000000000e-01
v 4.100000000000e-01 0.000000000000e+00 2.700000000000e-01
v 4.200000000000e-01 0.000000000000e+00 2.700000000000e-01
v 4.400000000000e-01 0.000000000000e+00 2.600000000000e-01
v 4.300000000000e-01 0.000000000000e+00 2.600000000000e-01
v 4.200000000000e-01 0.000000000000e+00 2.600000000000e-01
v 4.200000000000e-01 0.000000000000e+00 2.500000000000e-01
v 4.300000000000e-01 0.000000000000e+00 2.500000000000e-01
v 4.400000000000e-01 0.000000000000e+00 2.500000000000e-01
v 4.100000000000e-01 0.000000000000e+00 2.600000000000e-01
v 4.400000000000e-01 0.000000000000e+00 2.700000000000e-01
v 4.400000000000e-01 0.000000000000e+00 2.800000000000e-01
v 4.300000000000e-01 0.000000000000e+00 2.800000000000e-01
v 4.200000000000e-01 0.000000000000e+00 2.800000000000e-01
v 4.100000000000e-01 0.000000000000e+00 2.800000000000e-01
v 4.100000000000e-01 0.000000000000e+00 2.900000000000e-01
v 4.200000000000e-01 0.000000000000e+00 2.900000000000e-01
v 4.300000000000e-01 0.000000000000e+00 2.900000000000e-01
v 4.300000000000e-01 0.000000000000e+00 3.100000000000e-01
v 4.200000000000e-01 0.000000000000e+00 3.100000000000e-01
v 4.100000000000e-01 0.000000000000e+00 3.100000000000e-01
v 4.300000000000e-01 0.000000000000e+00 3.000000000000e-01
v 4.200000000000e-01 0.000000000000e+00 3.000000000000e-01
v 4.100000000000e-01 0.000000000000e+00 3.000000000000e-01
v 4.100000000000e-01 0.000000000000e+00 3.300000000000e-01
v 4.100000000000e-01 0.000000000000e+00 3.200000000000e-01
v 4.200000000000e-01 0.000000000000e+00 3.200000000000e-01
v 4.300000000000e-01 0.000000000000e+00 3.200000000000e-01
v 4.200000000000e-01 0.000000000000e+00 3.300000000000e-01
v 4.700000000000e-01 0.000000000000e+00 3.100000000000e-01
v 5.000000000000e-01 0.000000000000e+00 2.900000000000e-01
v 4.900000000000e-01 0.000000000000e+00 2.900000000000e-01
v 5.000000000000e-01 0.000000000000e+00 2.800000000000e-01
v 4.800000000000e-01 0.000000000000e+00 2.900000000000e-01
v 5.000000000000e-01 0.000000000000e+00 3.000000000000e-01
v 4.900000000000e-01 0.000000000000e+00 3.200000000000e-01
v 4.800000000000e-01 0.000000000000e+00 3.200000000000e-01
v 5.000000000000e-01 0.000000000000e+00 3.100000000000e-01
v 4.900000000000e-01 0.000000000000e+00 3.100000000000e-01
v 4.800000000000e-01 0.000000000000e+00 3.100000000000e-01
v 4.700000000000e-01 0.000000000000e+00 3.200000000000e-01
v 4.600000000000e-01 0.000000000000e+00 3.200000000000e-01
v 4.900000000000e-01 0.000000000000e+00 3.000000000000e-01
v 4.800000000000e-01 0.000000000000e+00 3.000000000000e-01
v 4.600000000000e-01 0.000000000000e+00 3.100000000000e-01
v 4.400000000000e-01 0.000000000000e+00 3.000000000000e-01
v 4.500000000000e-01 0.000000000000e+00 3.000000000000e-01
v 4.400000000000e-01 0.000000000000e+00 2.900000000000e-01
v 4.500000000000e-01 0.000000000000e+00 2.900000000000e-01
v 4.600000000000e-01 0.000000000000e+00 2.900000000000e-01
v 4.400000000000e-01 0.000000000000e+00 3.200000000000e-01
v 4.700000000000e-01 0.000000000000e+00 2.900000000000e-01
v 4.600000000000e-01 0.000000000000e+00 3.000000000000e-01
v 4.700000000000e-01 0.000000000000e+00 3.000000000000e-01
v 4.600000000000e-01 0.000000000000e+00 2.800000000000e-01
v 4.500000000000e-01 0.000000000000e+00 2.800000000000e-01
v 4.500000000000e-01 0.000000000000e+00 3.200000000000e-01
v 4.400000000000e-01 0.000000000000e+00 3.100000000000e-01
v 4.500000000000e-01 0.000000000000e+00 3.100000000000e-01
v 4.500000000000e-01 0.000000000000e+00 2.700000000000e-01
v 5.000000000000e-01 0.000000000000e+00 2.500000000000e-01
v 4.700000000000e-01 0.000000000000e+00 2.600000000000e-01
v 4.600000000000e-01 0.000000000000e+00 2.600000000000e-01
v 5.000000000000e-01 0.000000000000e+00 2.700000000000e-01
v 4.800000000000e-01 0.000000000000e+00 2.600000000000e-01
v 4.900000000000e-01 0.000000000000e+00 2.600000000000e-01
v 5.000000000000e-01 0.000000000000e+00 2.600000000000e-01
v 4.900000000000e-01 0.000000000000e+00 2.700000000000e-01
v 4.700000000000e-01 0.000000000000e+00 2.800000000000e-01
v 4.800000000000e-01 0.000000000000e+00 2.700000000000e-01
v 4.700000000000e-01 0.000000000000e+00 2.700000000000e-01
v 4.800000000000e-01 0.000000000000e+00 2.800000000000e-01
v 4.900000000000e-01 0.000000000000e+00 2.800000000000e-01
v 4.600000000000e-01 0.000000000000e+00 2.700000000000e-01
v 3.900000000000e-01 0.000000000000e+00 2.700000000000e-01
v 3.900000000000e-01 0.000000000000e+00 2.900000000000e-01
v 3.800000000000e-01 0.000000000000e+00 3.000000000000e-01
v 3.900000000000e-01 0.000000000000e+00 3.000000000000e-01
v 4.000000000000e-01 0.000000000000e+00 2.900000000000e-01
v 3.800000000000e-01 0.000000000000e+00 2.900000000000e-01
v 3.800000000000e-01 0.000000000000e+00 2.800000000000e-01
v 3.900000000000e-01 0.000000000000e+00 2.800000000000e-01
v 4.000000000000e-01 0.000000000000e+00 2.800000000000e-01
v 4.000000000000e-01 0.000000000000e+00 2.600000000000e-01
v 3.700000000000e-01 0.000000000000e+00 3.000000000000e-01
v 3.700000000000e-01 0.000000000000e+00 2.900000000000e-01
v 3.700000000000e-01 0.000000000000e+00 3.100000000000e-01
v 4.000000000000e-01 0.000000000000e+00 2.700000000000e-01
v 3.700000000000e-01 0.000000000000e+00 3.200000000000e-01
v 3.800000000000e-01 0.000000000000e+00 3.200000000000e-01
v 3.900000000000e-01 0.000000000000e+00 3.200000000000e-01
v 4.000000000000e-01 0.000000000000e+00 3.200000000000e-01
v 4.000000000000e-01 0.000000000000e+00 3.000000000000e-01
v 3.700000000000e-01 0.000000000000e+00 3.300000000000e-01
v 3.800000000000e-01 0.000000000000e+00 3.300000000000e-01
v 4.000000000000e-01 0.000000000000e+00 3.300000000000e-01
v 3.900000000000e-01 0.000000000000e+00 3.400000000000e-01
v 4.000000000000e-01 0.000000000000e+00 3.100000000000e-01
v 3.900000000000e-01 0.000000000000e+00 3.100000000000e-01
v 3.800000000000e-01 0.000000000000e+00 3.100000000000e-01
v 3.800000000000e-01 0.000000000000e+00 3.400000000000e-01
v 3.700000000000e-01 0.000000000000e+00 3.400000000000e-01
v 3.900000000000e-01 0.000000000000e+00 3.300000000000e-01
v 3.600000000000e-01 0.000000000000e+00 3.400000000000e-01
v 3.500000000000e-01 0.000000000000e+00 3.400000000000e-01
v 3.400000000000e-01 0.000000000000e+00 3.400000000000e-01
v 3.300000000000e-01 0.000000000000e+00 3.400000000000e-01
v 3.200000000000e-01 0.000000000000e+00 3.600000000000e-01
v 3.300000000000e-01 0.000000000000e+00 3.600000000000e-01
v 3.600000000000e-01 0.000000000000e+00 3.300000000000e-01
v 3.500000000000e-01 0.000000000000e+00 3.300000000000e-01
v 3.400000000000e-01 0.000000000000e+00 3.300000000000e-01
v 3.500000000000e-01 0.000000000000e+00 3.500000000000e-01
v 3.200000000000e-01 0.000000000000e+00 3.500000000000e-01
v 3.300000000000e-01 0.000000000000e+00 3.500000000000e-01
v 3.400000000000e-01 0.000000000000e+00 3.500000000000e-01
v 3.600000000000e-01 0.000000000000e+00 3.200000000000e-01
v 3.200000000000e-01 0.000000000000e+00 3.700000000000e-01
v 3.200000000000e-01 0.000000000000e+00 2.900000000000e-01
v 3.300000000000e-01 0.000000000000e+00 2.900000000000e-01
v 3.400000000000e-01 0.000000000000e+00 2.900000000000e-01
v 3.500000000000e-01 0.000000000000e+00 2.900000000000e-01
v 3.600000000000e-01 0.000000000000e+00 2.900000000000e-01
v 3.200000000000e-01 0.000000000000e+00 3.000000000000e-01
v 3.300000000000e-01 0.000000000000e+00 3.000000000000e-01
v 3.700000000000e-01 0.000000000000e+00 2.800000000000e-01
v 3.600000000000e-01 0.000000000000e+00 2.800000000000e-01
v 3.500000000000e-01 0.000000000000e+00 2.800000000000e-01
v 3.400000000000e-01 0.000000000000e+00 2.800000000000e-01
v 3.300000000000e-01 0.000000000000e+00 2.800000000000e-01
v 3.200000000000e-01 0.000000000000e+00 2.800000000000e-01
v 3.800000000000e-01 0.000000000000e+00 2.700000000000e-01
v 3.700000000000e-01 0.000000000000e+00 2.700000000000e-01
v 3.200000000000e-01 0.000000000000e+00 3.400000000000e-01
v 3.200000000000e-01 0.000000000000e+00 3.300000000000e-01
v 3.300000000000e-01 0.000000000000e+00 3.300000000000e-01
v 3.500000000000e-01 0.000000000000e+00 3.200000000000e-01
v 3.400000000000e-01 0.000000000000e+00 3.200000000000e-01
v 3.400000000000e-01 0.000000000000e+00 3.000000000000e-01
v 3.200000000000e-01 0.000000000000e+00 3.200000000000e-01
v 3.300000000000e-01 0.000000000000e+00 3.200000000000e-01
v 3.600000000000e-01 0.000000000000e+00 3.100000000000e-01
v 3.500000000000e-01 0.000000000000e+00 3.100000000000e-01
v 3.400000000000e-01 0.000000000000e+00 3.100000000000e-01
v 3.300000000000e-01 0.000000000000e+00 3.100000000000e-01
v 3.200000000000e-01 0.000000000000e+00 3.100000000000e-01
v 3.600000000000e-01 0.000000000000e+00 3.000000000000e-01
v 3.500000000000e-01 0.000000000000e+00 3.000000000000e-01
v 3.400000000000e-01 0.000000000000e+00 2.100000000000e-01
v 3.500000000000e-01 0.000000000000e+00 2.200000000000e-01
v 3.400000000000e-01 0.000000000000e+00 2.200000000000e-01
v 3.300000000000e-01 0.000000000000e+00 2.200000000000e-01
v 3.200000000000e-01 0.000000000000e+00 2.200000000000e-01
v 3.600000000000e-01 0.000000000000e+00 2.100000000000e-01
v 3.500000000000e-01 0.000000000000e+00 2.100000000000e-01
v 3.300000000000e-01 0.000000000000e+00 2.100000000000e-01
v 3.200000000000e-01 0.000000000000e+00 2.100000000000e-01
v 3.500000000000e-01 0.000000000000e+00 1.900000000000e-01
v 3.600000000000e-01 0.000000000000e+00 1.900000000000e-01
v 3.300000000000e-01 0.000000000000e+00 2.000000000000e-01
v 3.400000000000e-01 0.000000000000e+00 2.000000000000e-01
v 3.500000000000e-01 0.000000000000e+00 2.000000000000e-01
v 3.600000000000e-01 0.000000000000e+00 2.000000000000e-01
v 3.200000000000e-01 0.000000000000e+00 2.300000000000e-01
v 3.300000000000e-01 0.000000000000e+00 2.300000000000e-01
v 3.400000000000e-01 0.000000000000e+00 2.300000000000e-01
v 3.200000000000e-01 0.000000000000e+00 2.400000000000e-01
v 3.300000000000e-01 0.000000000000e+00 2.400000000000e-01
v 3.400000000000e-01 0.000000000000e+00 2.400000000000e-01
v 3.200000000000e-01 0.000000000000e+00 2.600000000000e-01
v 3.200000000000e-01 0.000000000000e+00 2.700000000000e-01
v 3.200000000000e-01 0.000000000000e+00 2.500000000000e-01
v 3.300000000000e-01 0.000000000000e+00 2.500000000000e-01
v 3.400000000000e-01 0.000000000000e+00 2.500000000000e-01
v 3.300000000000e-01 0.000000000000e+00 2.600000000000e-01
v 3.400000000000e-01 0.000000000000e+00 2.700000000000e-01
v 3.300000000000e-01 0.000000000000e+00 2.700000000000e-01
v 3.400000000000e-01 0.000000000000e+00 2.600000000000e-01
v 3.600000000000e-01 0.000000000000e+00 2.300000000000e-01
v 3.600000000000e-01 0.000000000000e+00 2.700000000000e-01
v 3.500000000000e-01 0.000000000000e+00 2.700000000000e-01
v 3.600000000000e-01 0.000000000000e+00 2.200000000000e-01
v 3.700000000000e-01 0.000000000000e+00 2.500000000000e-01
v 3.600000000000e-01 0.000000000000e+00 2.500000000000e-01
v 3.500000000000e-01 0.000000000000e+00 2.500000000000e-01
v 3.500000000000e-01 0.000000000000e+00 2.300000000000e-01
v 3.700000000000e-01 0.000000000000e+00 2.300000000000e-01
v 3.500000000000e-01 0.000000000000e+00 2.600000000000e-01
v 3.600000000000e-01 0.000000000000e+00 2.600000000000e-01
v 3.700000000000e-01 0.000000000000e+00 2.600000000000e-01
v 3.500000000000e-01 0.000000000000e+00 2.400000000000e-01
v 3.600000000000e-01 0.000000000000e+00 2.400000000000e-01
v 3.700000000000e-01 0.000000000000e+00 2.400000000000e-01
v 3.900000000000e-01 0.000000000000e+00 2.400000000000e-01
v 4.000000000000e-01 0.000000000000e+00 2.400000000000e-01
v 3.800000000000e-01 0.000000000000e+00 2.600000000000e-01
v 3.900000000000e-01 0.000000000000e+00 2.600000000000e-01
v 4.000000000000e-01 0.000000000000e+00 2.500000000000e-01
v 3.900000000000e-01 0.000000000000e+00 2.500000000000e-01
v 3.800000000000e-01 0.000000000000e+00 2.500000000000e-01
v 3.900000000000e-01 0.000000000000e+00 2.200000000000e-01
v 4.000000000000e-01 0.000000000000e+00 2.200000000000e-01
v 4.100000000000e-01 0.000000000000e+00 2.200000000000e-01
v 3.800000000000e-01 0.000000000000e+00 2.300000000000e-01
v 3.900000000000e-01 0.000000000000e+00 2.300000000000e-01
v 4.000000000000e-01 0.000000000000e+00 2.300000000000e-01
v 4.100000000000e-01 0.000000000000e+00 2.300000000000e-01
v 3.800000000000e-01 0.000000000000e+00 2.400000000000e-01
v 3.800000000000e-01 0.000000000000e+00 1.800000000000e-01
v 3.900000000000e-01 0.000000000000e+00 1.800000000000e-01
v 3.700000000000e-01 0.000000000000e+00 2.100000000000e-01
v 3.700000000000e-01 0.000000000000e+00 1.900000000000e-01
v 3.800000000000e-01 0.000000000000e+00 1.900000000000e-01
v 3.900000000000e-01 0.000000000000e+00 1.900000000000e-01
v 3.900000000000e-01 0.000000000000e+00 2.000000000000e-01
v 3.800000000000e-01 0.000000000000e+00 2.000000000000e-01
v 3.700000000000e-01 0.000000000000e+00 2.000000000000e-01
v 3.800000000000e-01 0.000000000000e+00 2.200000000000e-01
v 3.700000000000e-01 0.000000000000e+00 2.200000000000e-01
v 3.900000000000e-01 0.000000000000e+00 1.700000000000e-01
v 3.900000000000e-01 0.000000000000e+00 2.100000000000e-01
v 3.800000000000e-01 0.000000000000e+00 2.100000000000e-01
v 3.700000000000e-01 0.000000000000e+00 1.800000000000e-01
v 4.100000000000e-01 0.000000000000e+00 1.900000000000e-01
v 4.100000000000e-01 0.000000000000e+00 2.000000000000e-01
v 4.000000000000e-01 0.000000000000e+00 2.000000000000e-01
v 4.200000000000e-01 0.000000000000e+00 2.100000000000e-01
v 4.100000000000e-01 0.000000000000e+00 2.100000000000e-01
v 4.000000000000e-01 0.000000000000e+00 2.100000000000e-01
v 4.200000000000e-01 0.000000000000e+00 1.900000000000e-01
v 4.000000000000e-01 0.000000000000e+00 1.900000000000e-01
v 4.200000000000e-01 0.000000000000e+00 2.000000000000e-01
v 4.000000000000e-01 0.000000000000e+00 1.700000000000e-01
v 4.100000000000e-01 0.000000000000e+00 1.700000000000e-01
v 4.200000000000e-01 0.000000000000e+00 1.700000000000e-01
v 4.200000000000e-01 0.000000000000e+00 1.800000000000e-01
v 4.100000000000e-01 0.000000000000e+00 1.800000000000e-01
v 4.000000000000e-01 0.000000000000e+00 1.800000000000e-01
v 4.300000000000e-01 0.000000000000e+00 1.700000000000e-01
v 3.500000000000e-01 0.000000000000e+00 4.600000000000e-01
v 3.400000000000e-01 0.000000000000e+00 4.500000000000e-01
v 3.500000000000e-01 0.000000000000e+00 4.500000000000e-01
v 3.300000000000e-01 0.000000000000e+00 4.800000000000e-01
v 3.400000000000e-01 0.000000000000e+00 4.800000000000e-01
v 3.500000000000e-01 0.000000000000e+00 4.800000000000e-01
v 3.300000000000e-01 0.000000000000e+00 4.600000000000e-01
v 3.400000000000e-01 0.000000000000e+00 4.600000000000e-01
v 3.500000000000e-01 0.000000000000e+00 4.700000000000e-01
v 3.500000000000e-01 0.000000000000e+00 4.400000000000e-01
v 3.400000000000e-01 0.000000000000e+00 4.700000000000e-01
v 3.300000000000e-01 0.000000000000e+00 4.700000000000e-01
v 3.300000000000e-01 0.000000000000e+00 5.000000000000e-01
v 3.400000000000e-01 0.000000000000e+00 4.900000000000e-01
v 3.300000000000e-01 0.000000000000e+00 4.900000000000e-01
v 3.200000000000e-01 0.000000000000e+00 4.700000000000e-01
v 2.900000000000e-01 0.000000000000e+00 5.000000000000e-01
v 3.100000000000e-01 0.000000000000e+00 4.700000000000e-01
v 3.000000000000e-01 0.000000000000e+00 4.700000000000e-01
v 3.200000000000e-01 0.000000000000e+00 5.000000000000e-01
v 3.100000000000e-01 0.000000000000e+00 5.000000000000e-01
v 3.000000000000e-01 0.000000000000e+00 5.000000000000e-01
v 3.000000000000e-01 0.000000000000e+00 4.900000000000e-01
v 3.100000000000e-01 0.000000000000e+00 4.900000000000e-01
v 3.200000000000e-01 0.000000000000e+00 4.900000000000e-01
v 3.000000000000e-01 0.000000000000e+00 4.800000000000e-01
v 3.200000000000e-01 0.000000000000e+00 4.800000000000e-01
v 3.100000000000e-01 0.000000000000e+00 4.600000000000e-01
v 3.200000000000e-01 0.000000000000e+00 4.600000000000e-01
v 3.100000000000e-01 0.000000000000e+00 4.800000000000e-01
v 4.000000000000e-01 0.000000000000e+00 4.300000000000e-01
v 3.900000000000e-01 0.000000000000e+00 4.300000000000e-01
v 3.800000000000e-01 0.000000000000e+00 4.400000000000e-01
v 4.100000000000e-01 0.000000000000e+00 4.300000000000e-01
v 3.900000000000e-01 0.000000000000e+00 4.400000000000e-01
v 4.000000000000e-01 0.000000000000e+00 4.400000000000e-01
v 3.700000000000e-01 0.000000000000e+00 4.400000000000e-01
v 3.600000000000e-01 0.000000000000e+00 4.400000000000e-01
v 4.000000000000e-01 0.000000000000e+00 4.500000000000e-01
v 3.900000000000e-01 0.000000000000e+00 4.500000000000e-01
v 4.100000000000e-01 0.000000000000e+00 4.200000000000e-01
v 3.800000000000e-01 0.000000000000e+00 4.500000000000e-01
v 3.700000000000e-01 0.000000000000e+00 4.500000000000e-01
v 3.600000000000e-01 0.000000000000e+00 4.500000000000e-01
v 4.100000000000e-01 0.000000000000e+00 4.400000000000e-01
v 3.800000000000e-01 0.000000000000e+00 4.700000000000e-01
v 3.700000000000e-01 0.000000000000e+00 5.000000000000e-01
v 3.700000000000e-01 0.000000000000e+00 4.800000000000e-01
v 3.600000000000e-01 0.000000000000e+00 4.800000000000e-01
v 3.600000000000e-01 0.000000000000e+00 4.700000000000e-01
v 3.700000000000e-01 0.000000000000e+00 4.700000000000e-01
v 3.400000000000e-01 0.000000000000e+00 5.000000000000e-01
v 3.500000000000e-01 0.000000000000e+00 4.900000000000e-01
v 3.600000000000e-01 0.000000000000e+00 4.900000000000e-01
v 3.700000000000e-01 0.000000000000e+00 4.900000000000e-01
v 3.500000000000e-01 0.000000000000e+00 5.000000000000e-01
v 3.600000000000e-01 0.000000000000e+00 5.000000000000e-01
v 3.800000000000e-01 0.000000000000e+00 4.600000000000e-01
v 3.700000000000e-01 0.000000000000e+00 4.600000000000e-01
v 3.600000000000e-01 0.000000000000e+00 4.600000000000e-01
v 4.100000000000e-01 0.000000000000e+00 4.800000000000e-01
v 4.100000000000e-01 0.000000000000e+00 4.600000000000e-01
v 4.000000000000e-01 0.000000000000e+00 4.600000000000e-01
v 3.900000000000e-01 0.000000000000e+00 4.600000000000e-01
v 4.100000000000e-01 0.000000000000e+00 4.500000000000e-01
v 4.100000000000e-01 0.000000000000e+00 4.700000000000e-01
v 4.000000000000e-01 0.000000000000e+00 4.700000000000e-01
v 3.900000000000e-01 0.000000000000e+00 4.700000000000e-01
v 3.800000000000e-01 0.000000000000e+00 4.900000000000e-01
v 3.900000000000e-01 0.000000000000e+00 4.900000000000e-01
v 4.000000000000e-01 0.000000000000e+00 4.900000000000e-01
v 3.900000000000e-01 0.000000000000e+00 5.000000000000e-01
v 3.800000000000e-01 0.000000000000e+00 5.000000000000e-01
v 3.800000000000e-01 0.000000000000e+00 4.800000000000e-01
v 3.900000000000e-01 0.000000000000e+00 4.800000000000e-01
v 4.000000000000e-01 0.000000000000e+00 4.800000000000e-01
v 4.000000000000e-01 0.000000000000e+00 3.800000000000e-01
v 4.000000000000e-01 0.000000000000e+00 3.400000000000e-01
v 4.100000000000e-01 0.000000000000e+00 3.400000000000e-01
v 3.900000000000e-01 0.000000000000e+00 3.600000000000e-01
v 3.800000000000e-01 0.000000000000e+00 3.600000000000e-01
v 4.000000000000e-01 0.000000000000e+00 3.600000000000e-01
v 3.800000000000e-01 0.000000000000e+00 3.700000000000e-01
v 3.900000000000e-01 0.000000000000e+00 3.700000000000e-01
v 4.000000000000e-01 0.000000000000e+00 3.700000000000e-01
v 4.100000000000e-01 0.000000000000e+00 3.700000000000e-01
v 4.100000000000e-01 0.000000000000e+00 3.600000000000e-01
v 4.100000000000e-01 0.000000000000e+00 3.500000000000e-01
v 3.800000000000e-01 0.000000000000e+00 3.500000000000e-01
v 3.900000000000e-01 0.000000000000e+00 3.500000000000e-01
v 4.000000000000e-01 0.000000000000e+00 3.500000000000e-01
v 3.900000000000e-01 0.000000000000e+00 3.900000000000e-01
v 3.900000000000e-01 0.000000000000e+00 3.800000000000e-01
v 3.700000000000e-01 0.000000000000e+00 4.200000000000e-01
v 3.600000000000e-01 0.000000000000e+00 4.100000000000e-01
v 3.600000000000e-01 0.000000000000e+00 4.300000000000e-01
v 3.600000000000e-01 0.000000000000e+00 4.200000000000e-01
v 3.700000000000e-01 0.000000000000e+00 4.100000000000e-01
v 3.600000000000e-01 0.000000000000e+00 3.900000000000e-01
v 3.700000000000e-01 0.000000000000e+00 3.900000000000e-01
v 3.800000000000e-01 0.000000000000e+00 3.900000000000e-01
v 3.700000000000e-01 0.000000000000e+00 3.800000000000e-01
v 3.800000000000e-01 0.000000000000e+00 3.800000000000e-01
v 3.800000000000e-01 0.000000000000e+00 4.000000000000e-01
v 3.700000000000e-01 0.000000000000e+00 4.000000000000e-01
v 3.600000000000e-01 0.000000000000e+00 4.000000000000e-01
v 3.900000000000e-01 0.000000000000e+00 4.100000000000e-01
v 4.000000000000e-01 0.000000000000e+00 4.200000000000e-01
v 3.900000000000e-01 0.000000000000e+00 4.200000000000e-01
v 3.800000000000e-01 0.000000000000e+00 4.200000000000e-01
v 4.100000000000e-01 0.000000000000e+00 4.000000000000e-01
v 4.000000000000e-01 0.000000000000e+00 4.000000000000e-01
v 3.900000000000e-01 0.000000000000e+00 4.000000000000e-01
v 4.100000000000e-01 0.000000000000e+00 3.800000000000e-01
v 3.700000000000e-01 0.000000000000e+00 4.300000000000e-01
v 3.800000000000e-01 0.000000000000e+00 4.300000000000e-01
v 4.000000000000e-01 0.000000000000e+00 3.900000000000e-01
v 4.100000000000e-01 0.000000000000e+00 3.900000000000e-01
v 4.100000000000e-01 0.000000000000e+00 4.100000000000e-01
v 4.000000000000e-01 0.000000000000e+00 4.100000000000e-01
v 3.800000000000e-01 0.000000000000e+00 4.100000000000e-01
v 3.700000000000e-01 0.000000000000e+00 3.500000000000e-01
v 3.400000000000e-01 0.000000000000e+00 3.800000000000e-01
v 3.500000000000e-01 0.000000000000e+00 3.800000000000e-01
v 3.400000000000e-01 0.000000000000e+00 3.700000000000e-01
v 3.600000000000e-01 0.000000000000e+00 3.800000000000e-01
v 3.300000000000e-01 0.000000000000e+00 3.700000000000e-01
v 3.500000000000e-01 0.000000000000e+00 3.700000000000e-01
v 3.200000000000e-01 0.000000000000e+00 3.800000000000e-01
v 3.600000000000e-01 0.000000000000e+00 3.500000000000e-01
v 3.700000000000e-01 0.000000000000e+00 3.600000000000e-01
v 3.600000000000e-01 0.000000000000e+00 3.600000000000e-01
v 3.500000000000e-01 0.000000000000e+00 3.600000000000e-01
v 3.400000000000e-01 0.000000000000e+00 3.600000000000e-01
v 3.600000000000e-01 0.000000000000e+00 3.700000000000e-01
v 3.700000000000e-01 0.000000000000e+00 3.700000000000e-01
v 3.300000000000e-01 0.000000000000e+00 3.800000000000e-01
v 3.500000000000e-01 0.000000000000e+00 3.900000000000e-01
v 3.200000000000e-01 0.000000000000e+00 3.900000000000e-01
v 3.500000000000e-01 0.000000000000e+00 4.000000000000e-01
v 3.400000000000e-01 0.000000000000e+00 4.000000000000e-01
v 3.300000000000e-01 0.000000000000e+00 4.000000000000e-01
v 3.200000000000e-01 0.000000000000e+00 4.000000000000e-01
v 3.400000000000e-01 0.000000000000e+00 3.900000000000e-01
v 3.100000000000e-01 0.000000000000e+00 4.200000000000e-01
v 3.200000000000e-01 0.000000000000e+00 4.200000000000e-01
v 3.300000000000e-01 0.000000000000e+00 4.200000000000e-01
v 3.300000000000e-01 0.000000000000e+00 3.900000000000e-01
v 3.200000000000e-01 0.000000000000e+00 4.100000000000e-01
v 3.300000000000e-01 0.000000000000e+00 4.100000000000e-01
v 3.400000000000e-01 0.000000000000e+00 4.100000000000e-01
v 3.200000000000e-01 0.000000000000e+00 4.300000000000e-01
v 3.100000000000e-01 0.000000000000e+00 4.300000000000e-01
v 3.300000000000e-01 0.000000000000e+00 4.300000000000e-01
v 3.400000000000e-01 0.000000000000e+00 4.300000000000e-01
v 3.300000000000e-01 0.000000000000e+00 4.500000000000e-01
v 3.200000000000e-01 0.000000000000e+00 4.500000000000e-01
v 3.100000000000e-01 0.000000000000e+00 4.500000000000e-01
v 3.500000000000e-01 0.000000000000e+00 4.300000000000e-01
v 3.400000000000e-01 0.000000000000e+00 4.400000000000e-01
v 3.300000000000e-01 0.000000000000e+00 4.400000000000e-01
v 3.200000000000e-01 0.000000000000e+00 4.400000000000e-01
v 3.100000000000e-01 0.000000000000e+00 4.400000000000e-01
v 3.500000000000e-01 0.000000000000e+00 4.200000000000e-01
v 3.400000000000e-01 0.000000000000e+00 4.200000000000e-01
v 3.500000000000e-01 0.000000000000e+00 4.100000000000e-01
v 4.200000000000e-01 0.000000000000e+00 4.700000000000e-01
v 4.500000000000e-01 0.000000000000e+00 4.300000000000e-01
v 4.400000000000e-01 0.000000000000e+00 4.400000000000e-01
v 4.500000000000e-01 0.000000000000e+00 4.400000000000e-01
v 4.500000000000e-01 0.000000000000e+00 4.700000000000e-01
v 4.400000000000e-01 0.000000000000e+00 4.700000000000e-01
v 4.300000000000e-01 0.000000000000e+00 4.700000000000e-01
v 4.200000000000e-01 0.000000000000e+00 4.500000000000e-01
v 4.300000000000e-01 0.000000000000e+00 4.500000000000e-01
v 4.400000000000e-01 0.000000000000e+00 4.500000000000e-01
v 4.500000000000e-01 0.000000000000e+00 4.600000000000e-01
v 4.400000000000e-01 0.000000000000e+00 4.600000000000e-01
v 4.500000000000e-01 0.000000000000e+00 4.500000000000e-01
v 4.300000000000e-01 0.000000000000e+00 4.600000000000e-01
v 4.200000000000e-01 0.000000000000e+00 4.600000000000e-01
v 4.400000000000e-01 0.000000000000e+00 4.900000000000e-01
v 4.200000000000e-01 0.000000000000e+00 4.900000000000e-01
v 4.500000000000e-01 0.000000000000e+00 4.800000000000e-01
v 4.400000000000e-01 0.000000000000e+00 4.800000000000e-01
v 4.300000000000e-01 0.000000000000e+00 4.800000000000e-01
v 4.200000000000e-01 0.000000000000e+00 4.800000000000e-01
v 4.100000000000e-01 0.000000000000e+00 4.900000000000e-01
v 4.300000000000e-01 0.000000000000e+00 4.900000000000e-01
v 4.500000000000e-01 0.000000000000e+00 4.900000000000e-01
v 4.400000000000e-01 0.000000000000e+00 5.000000000000e-01
v 4.300000000000e-01 0.000000000000e+00 5.000000000000e-01
v 4.000000000000e-01 0.000000000000e+00 5.000000000000e-01
v 4.100000000000e-01 0.000000000000e+00 5.000000000000e-01
v 4.200000000000e-01 0.000000000000e+00 5.000000000000e-01
v 4.900000000000e-01 0.000000000000e+00 4.300000000000e-01
v 4.600000000000e-01 0.000000000000e+00 4.300000000000e-01
v 4.700000000000e-01 0.000000000000e+00 4.300000000000e-01
v 4.800000000000e-01 0.000000000000e+00 4.300000000000e-01
v 4.600000000000e-01 0.000000000000e+00 4.500000000000e-01
v 5.000000000000e-01 0.000000000000e+00 4.300000000000e-01
v 4.600000000000e-01 0.000000000000e+00 4.400000000000e-01
v 4.700000000000e-01 0.000000000000e+00 4.400000000000e-01
v 4.800000000000e-01 0.000000000000e+00 4.400000000000e-01
v 4.900000000000e-01 0.000000000000e+00 4.400000000000e-01
v 5.000000000000e-01 0.000000000000e+00 4.400000000000e-01
v 4.900000000000e-01 0.000000000000e+00 4.200000000000e-01
v 5.000000000000e-01 0.000000000000e+00 4.200000000000e-01
v 4.800000000000e-01 0.000000000000e+00 4.200000000000e-01
v 4.700000000000e-01 0.000000000000e+00 4.200000000000e-01
v 4.600000000000e-01 0.000000000000e+00 4.800000000000e-01
v 4.900000000000e-01 0.000000000000e+00 4.700000000000e-01
v 4.800000000000e-01 0.000000000000e+00 4.700000000000e-01
v 4.700000000000e-01 0.000000000000e+00 4.700000000000e-01
v 4.600000000000e-01 0.000000000000e+00 4.700000000000e-01
v 4.700000000000e-01 0.000000000000e+00 4.800000000000e-01
v 4.700000000000e-01 0.000000000000e+00 4.500000000000e-01
v 5.000000000000e-01 0.000000000000e+00 4.600000000000e-01
v 4.900000000000e-01 0.000000000000e+00 4.600000000000e-01
v 5.000000000000e-01 0.000000000000e+00 4.500000000000e-01
v 4.600000000000e-01 0.000000000000e+00 4.600000000000e-01
v 4.800000000000e-01 0.000000000000e+00 4.500000000000e-01
v 4.700000000000e-01 0.000000000000e+00 4.600000000000e-01
v 4.800000000000e-01 0.000000000000e+00 4.600000000000e-01
v 4.900000000000e-01 0.000000000000e+00 4.500000000000e-01
v 5.000000000000e-01 0.000000000000e+00 4.800000000000e-01
v 5.000000000000e-01 0.000000000000e+00 4.700000000000e-01
v 5.000000000000e-01 0.000000000000e+00 4.900000000000e-01
v 4.900000000000e-01 0.000000000000e+00 4.900000000000e-01
v 4.800000000000e-01 0.000000000000e+00 4.900000000000e-01
v 4.800000000000e-01 0.000000000000e+00 4.800000000000e-01
v 4.900000000000e-01 0.000000000000e+00 4.800000000000e-01
v 4.700000000000e-01 0.000000000000e+00 4.900000000000e-01
v 4.600000000000e-01 0.000000000000e+00 4.900000000000e-01
v 4.500000000000e-01 0.000000000000e+00 5.000000000000e-01
v 4.600000000000e-01 0.000000000000e+00 5.000000000000e-01
v 4.700000000000e-01 0.000000000000e+00 5.000000000000e-01
v 4.800000000000e-01 0.000000000000e+00 5.000000000000e-01
v 4.900000000000e-01 0.000000000000e+00 5.000000000000e-01
v 5.000000000000e-01 0.000000000000e+00 5.000000000000e-01
v 5.000000000000e-01 0.000000000000e+00 3.700000000000e-01
v 5.000000000000e-01 0.000000000000e+00 3.800000000000e-01
v 4.900000000000e-01 0.000000000000e+00 3.800000000000e-01
v 4.800000000000e-01 0.000000000000e+00 3.800000000000e-01
v 5.000000000000e-01 0.000000000000e+00 3.600000000000e-01
v 4.800000000000e-01 0.000000000000e+00 4.000000000000e-01
v 5.000000000000e-01 0.000000000000e+00 4.000000000000e-01
v 4.800000000000e-01 0.000000000000e+00 4.100000000000e-01
v 4.900000000000e-01 0.000000000000e+00 4.100000000000e-01
v 5.000000000000e-01 0.000000000000e+00 4.100000000000e-01
v 4.900000000000e-01 0.000000000000e+00 3.700000000000e-01
v 4.800000000000e-01 0.000000000000e+00 3.900000000000e-01
v 4.900000000000e-01 0.000000000000e+00 3.900000000000e-01
v 5.000000000000e-01 0.000000000000e+00 3.900000000000e-01
v 4.900000000000e-01 0.000000000000e+00 4.000000000000e-01
v 4.200000000000e-01 0.000000000000e+00 4.200000000000e-01
v 4.300000000000e-01 0.000000000000e+00 4.200000000000e-01
v 4.400000000000e-01 0.000000000000e+00 4.200000000000e-01
v 4.300000000000e-01 0.000000000000e+00 4.000000000000e-01
v 4.300000000000e-01 0.000000000000e+00 4.400000000000e-01
v 4.200000000000e-01 0.000000000000e+00 4.400000000000e-01
v 4.400000000000e-01 0.000000000000e+00 4.100000000000e-01
v 4.200000000000e-01 0.000000000000e+00 4.100000000000e-01
v 4.300000000000e-01 0.000000000000e+00 4.100000000000e-01
v 4.200000000000e-01 0.000000000000e+00 4.000000000000e-01
v 4.200000000000e-01 0.000000000000e+00 4.300000000000e-01
v 4.300000000000e-01 0.000000000000e+00 4.300000000000e-01
v 4.400000000000e-01 0.000000000000e+00 4.300000000000e-01
v 4.400000000000e-01 0.000000000000e+00 4.000000000000e-01
v 4.600000000000e-01 0.000000000000e+00 3.900000000000e-01
v 4.700000000000e-01 0.000000000000e+00 4.100000000000e-01
v 4.600000000000e-01 0.000000000000e+00 4.100000000000e-01
v 4.500000000000e-01 0.000000000000e+00 3.900000000000e-01
v 4.700000000000e-01 0.000000000000e+00 3.900000000000e-01
v 4.700000000000e-01 0.000000000000e+00 3.700000000000e-01
v 4.800000000000e-01 0.000000000000e+00 3.700000000000e-01
v 4.700000000000e-01 0.000000000000e+00 4.000000000000e-01
v 4.500000000000e-01 0.000000000000e+00 4.100000000000e-01
v 4.500000000000e-01 0.000000000000e+00 4.200000000000e-01
v 4.600000000000e-01 0.000000000000e+00 4.200000000000e-01
v 4.600000000000e-01 0.000000000000e+00 3.800000000000e-01
v 4.700000000000e-01 0.000000000000e+00 3.800000000000e-01
v 4.600000000000e-01 0.000000000000e+00 4.000000000000e-01
v 4.500000000000e-01 0.000000000000e+00 4.000000000000e-01
v 5.000000000000e-01 0.000000000000e+00 3.500000000000e-01
v 4.700000000000e-01 0.000000000000e+00 3.400000000000e-01
v 5.000000000000e-01 0.000000000000e+00 3.200000000000e-01
v 4.800000000000e-01 0.000000000000e+00 3.400000000000e-01
v 4.900000000000e-01 0.000000000000e+00 3.400000000000e-01
v 5.000000000000e-01 0.000000000000e+00 3.400000000000e-01
v 4.700000000000e-01 0.000000000000e+00 3.600000000000e-01
v 4.800000000000e-01 0.000000000000e+00 3.600000000000e-01
v 4.900000000000e-01 0.000000000000e+00 3.600000000000e-01
v 5.000000000000e-01 0.000000000000e+00 3.300000000000e-01
v 4.900000000000e-01 0.000000000000e+00 3.300000000000e-01
v 4.800000000000e-01 0.000000000000e+00 3.300000000000e-01
v 4.700000000000e-01 0.000000000000e+00 3.500000000000e-01
v 4.900000000000e-01 0.000000000000e+00 3.500000000000e-01
v 4.800000000000e-01 0.000000000000e+00 3.500000000000e-01
v 4.600000000000e-01 0.000000000000e+00 3.300000000000e-01
v 4.200000000000e-01 0.000000000000e+00 3.500000000000e-01
v 4.300000000000e-01 0.000000000000e+00 3.400000000000e-01
v 4.300000000000e-01 0.000000000000e+00 3.500000000000e-01
v 4.400000000000e-01 0.000000000000e+00 3.500000000000e-01
v 4.200000000000e-01 0.000000000000e+00 3.400000000000e-01
v 4.600000000000e-01 0.000000000000e+00 3.400000000000e-01
v 4.400000000000e-01 0.000000000000e+00 3.400000000000e-01
v 4.300000000000e-01 0.000000000000e+00 3.300000000000e-01
v 4.400000000000e-01 0.000000000000e+00 3.300000000000e-01
v 4.500000000000e-01 0.000000000000e+00 3.300000000000e-01
v 4.700000000000e-01 0.000000000000e+00 3.300000000000e-01
v 4.500000000000e-01 0.000000000000e+00 3.400000000000e-01
v 4.500000000000e-01 0.000000000000e+00 3.500000000000e-01
v 4.300000000000e-01 0.000000000000e+00 3.600000000000e-01
v 4.200000000000e-01 0.000000000000e+00 3.600000000000e-01
v 4.400000000000e-01 0.000000000000e+00 3.900000000000e-01
v 4.600000000000e-01 0.000000000000e+00 3.500000000000e-01
v 4.300000000000e-01 0.000000000000e+00 3.800000000000e-01
v 4.200000000000e-01 0.000000000000e+00 3.900000000000e-01
v 4.300000000000e-01 0.000000000000e+00 3.900000000000e-01
v 4.200000000000e-01 0.000000000000e+00 3.700000000000e-01
v 4.300000000000e-01 0.000000000000e+00 3.700000000000e-01
v 4.400000000000e-01 0.000000000000e+00 3.700000000000e-01
v 4.600000000000e-01 0.000000000000e+00 3.700000000000e-01
v 4.400000000000e-01 0.000000000000e+00 3.800000000000e-01
v 4.200000000000e-01 0.000000000000e+00 3.800000000000e-01
v 4.400000000000e-01 0.000000000000e+00 3.600000000000e-01
v 4.600000000000e-01 0.000000000000e+00 3.600000000000e-01
v 4.500000000000e-01 0.000000000000e+00 3.700000000000e-01
v 4.500000000000e-01 0.000000000000e+00 3.600000000000e-01
v 4.500000000000e-01 0.000000000000e+00 3.800000000000e-01
v -4.000000000000e-01 0.000000000000e+00 3.400000000000e-01
v -4.100000000000e-01 0.000000000000e+00 3.300000000000e-01
v -4.100000000000e-01 0.000000000000e+00 3.400000000000e-01
v -4.200000000000e-01 0.000000000000e+00 3.400000000000e-01
v -4.000000000000e-01 0.000000000000e+00 3.500000000000e-01
v -4.300000000000e-01 0.000000000000e+00 3.400000000000e-01
v -4.200000000000e-01 0.000000000000e+00 3.600000000000e-01
v -4.300000000000e-01 0.000000000000e+00 3.600000000000e-01
v -4.100000000000e-01 0.000000000000e+00 3.500000000000e-01
v -4.000000000000e-01 0.000000000000e+00 3.300000000000e-01
v -4.200000000000e-01 0.000000000000e+00 3.300000000000e-01
v -4.300000000000e-01 0.000000000000e+00 3.300000000000e-01
v -4.200000000000e-01 0.000000000000e+00 3.500000000000e-01
v -4.300000000000e-01 0.000000000000e+00 3.500000000000e-01
v -4.100000000000e-01 0.000000000000e+00 3.200000000000e-01
v -4.300000000000e-01 0.000000000000e+00 3.800000000000e-01
v -4.100000000000e-01 0.000000000000e+00 3.700000000000e-01
v -4.000000000000e-01 0.000000000000e+00 3.700000000000e-01
v -4.300000000000e-01 0.000000000000e+00 3.700000000000e-01
v -4.200000000000e-01 0.000000000000e+00 3.700000000000e-01
v -4.400000000000e-01 0.000000000000e+00 3.800000000000e-01
v -4.500000000000e-01 0.000000000000e+00 3.900000000000e-01
v -4.000000000000e-01 0.000000000000e+00 3.800000000000e-01
v -4.400000000000e-01 0.000000000000e+00 3.900000000000e-01
v -4.300000000000e-01 0.000000000000e+00 3.900000000000e-01
v -4.100000000000e-01 0.000000000000e+00 3.800000000000e-01
v -4.200000000000e-01 0.000000000000e+00 3.800000000000e-01
v -4.200000000000e-01 0.000000000000e+00 3.900000000000e-01
v -4.000000000000e-01 0.000000000000e+00 3.600000000000e-01
v -4.100000000000e-01 0.000000000000e+00 3.600000000000e-01
v -4.100000000000e-01 0.000000000000e+00 3.900000000000e-01
v -5.000000000000e-01 0.000000000000e+00 3.700000000000e-01
v -4.800000000000e-01 0.000000000000e+00 3.600000000000e-01
v -5.000000000000e-01 0.000000000000e+00 3.500000000000e-01
v -4.800000000000e-01 0.000000000000e+00 3.500000000000e-01
v -4.900000000000e-01 0.000000000000e+00 3.500000000000e-01
v -4.700000000000e-01 0.000000000000e+00 3.500000000000e-01
v -4.900000000000e-01 0.000000000000e+00 3.600000000000e-01
v -5.000000000000e-01 0.000000000000e+00 3.600000000000e-01
v -4.700000000000e-01 0.000000000000e+00 3.300000000000e-01
v -4.600000000000e-01 0.000000000000e+00 3.300000000000e-01
v -4.500000000000e-01 0.000000000000e+00 3.300000000000e-01
v -4.900000000000e-01 0.000000000000e+00 3.400000000000e-01
v -4.800000000000e-01 0.000000000000e+00 3.400000000000e-01
v -4.700000000000e-01 0.000000000000e+00 3.400000000000e-01
v -4.600000000000e-01 0.000000000000e+00 3.400000000000e-01
v -4.700000000000e-01 0.000000000000e+00 3.900000000000e-01
v -4.700000000000e-01 0.000000000000e+00 3.600000000000e-01
v -4.800000000000e-01 0.000000000000e+00 3.900000000000e-01
v -4.700000000000e-01 0.000000000000e+00 3.800000000000e-01
v -4.800000000000e-01 0.000000000000e+00 3.800000000000e-01
v -4.700000000000e-01 0.000000000000e+00 3.700000000000e-01
v -4.800000000000e-01 0.000000000000e+00 3.700000000000e-01
v -4.900000000000e-01 0.000000000000e+00 3.700000000000e-01
v -4.800000000000e-01 0.000000000000e+00 4.000000000000e-01
v -4.900000000000e-01 0.000000000000e+00 4.000000000000e-01
v -5.000000000000e-01 0.000000000000e+00 4.000000000000e-01
v -4.900000000000e-01 0.000000000000e+00 3.800000000000e-01
v -5.000000000000e-01 0.000000000000e+00 3.800000000000e-01
v -5.000000000000e-01 0.000000000000e+00 3.900000000000e-01
v -4.900000000000e-01 0.000000000000e+00 3.900000000000e-01
v -4.400000000000e-01 0.000000000000e+00 3.500000000000e-01
v -4.400000000000e-01 0.000000000000e+00 3.700000000000e-01
v -4.500000000000e-01 0.000000000000e+00 3.700000000000e-01
v -4.600000000000e-01 0.000000000000e+00 3.700000000000e-01
v -4.400000000000e-01 0.000000000000e+00 3.300000000000e-01
v -4.400000000000e-01 0.000000000000e+00 3.400000000000e-01
v -4.600000000000e-01 0.000000000000e+00 3.600000000000e-01
v -4.500000000000e-01 0.000000000000e+00 3.600000000000e-01
v -4.400000000000e-01 0.000000000000e+00 3.600000000000e-01
v -4.500000000000e-01 0.000000000000e+00 3.400000000000e-01
v -4.600000000000e-01 0.000000000000e+00 3.800000000000e-01
v -4.600000000000e-01 0.000000000000e+00 3.900000000000e-01
v -4.600000000000e-01 0.000000000000e+00 3.500000000000e-01
v -4.500000000000e-01 0.000000000000e+00 3.500000000000e-01
v -4.500000000000e-01 0.000000000000e+00 3.800000000000e-01
v -5.000000000000e-01 0.000000000000e+00 4.700000000000e-01
v -4.900000000000e-01 0.000000000000e+00 4.700000000000e-01
v -4.900000000000e-01 0.000000000000e+00 4.600000000000e-01
v -4.800000000000e-01 0.000000000000e+00 4.600000000000e-01
v -5.000000000000e-01 0.000000000000e+00 4.600000000000e-01
v -4.900000000000e-01 0.000000000000e+00 5.000000000000e-01
v -5.000000000000e-01 0.000000000000e+00 5.000000000000e-01
v -5.000000000000e-01 0.000000000000e+00 4.800000000000e-01
v -4.900000000000e-01 0.000000000000e+00 4.800000000000e-01
v -4.800000000000e-01 0.000000000000e+00 4.800000000000e-01
v -4.800000000000e-01 0.000000000000e+00 4.700000000000e-01
v -4.800000000000e-01 0.000000000000e+00 4.900000000000e-01
v -5.000000000000e-01 0.000000000000e+00 4.900000000000e-01
v -4.900000000000e-01 0.000000000000e+00 4.900000000000e-01
v -4.400000000000e-01 0.000000000000e+00 4.600000000000e-01
v -4.800000000000e-01 0.000000000000e+00 5.000000000000e-01
v -4.600000000000e-01 0.000000000000e+00 4.900000000000e-01
v -4.700000000000e-01 0.000000000000e+00 4.900000000000e-01
v -4.700000000000e-01 0.000000000000e+00 4.700000000000e-01
v -4.500000000000e-01 0.000000000000e+00 4.800000000000e-01
v -4.600000000000e-01 0.000000000000e+00 4.800000000000e-01
v -4.700000000000e-01 0.000000000000e+00 4.800000000000e-01
v -4.700000000000e-01 0.000000000000e+00 4.600000000000e-01
v -4.600000000000e-01 0.000000000000e+00 4.600000000000e-01
v -4.500000000000e-01 0.000000000000e+00 4.600000000000e-01
v -4.600000000000e-01 0.000000000000e+00 5.000000000000e-01
v -4.600000000000e-01 0.000000000000e+00 4.700000000000e-01
v -4.500000000000e-01 0.000000000000e+00 4.700000000000e-01
v -4.700000000000e-01 0.000000000000e+00 5.000000000000e-01
v -5.000000000000e-01 0.000000000000e+00 4.400000000000e-01
v -5.000000000000e-01 0.000000000000e+00 4.500000000000e-01
v -4.600000000000e-01 0.000000000000e+00 4.000000000000e-01
v -4.700000000000e-01 0.000000000000e+00 4.000000000000e-01
v -5.000000000000e-01 0.000000000000e+00 4.100000000000e-01
v -4.900000000000e-01 0.000000000000e+00 4.100000000000e-01
v -4.900000000000e-01 0.000000000000e+00 4.400000000000e-01
v -4.800000000000e-01 0.000000000000e+00 4.100000000000e-01
v -4.700000000000e-01 0.000000000000e+00 4.100000000000e-01
v -4.800000000000e-01 0.000000000000e+00 4.300000000000e-01
v -4.900000000000e-01 0.000000000000e+00 4.200000000000e-01
v -4.800000000000e-01 0.000000000000e+00 4.200000000000e-01
v -5.000000000000e-01 0.000000000000e+00 4.300000000000e-01
v -4.900000000000e-01 0.000000000000e+00 4.300000000000e-01
v -5.000000000000e-01 0.000000000000e+00 4.200000000000e-01
v -4.400000000000e-01 0.000000000000e+00 4.500000000000e-01
v -4.300000000000e-01 0.000000000000e+00 4.400000000000e-01
v -4.400000000000e-01 0.000000000000e+00 4.400000000000e-01
v -4.500000000000e-01 0.000000000000e+00 4.400000000000e-01
v -4.600000000000e-01 0.000000000000e+00 4.400000000000e-01
v -4.700000000000e-01 0.000000000000e+00 4.400000000000e-01
v -4.800000000000e-01 0.000000000000e+00 4.400000000000e-01
v -4.900000000000e-01 0.000000000000e+00 4.500000000000e-01
v -4.800000000000e-01 0.000000000000e+00 4.500000000000e-01
v -4.700000000000e-01 0.000000000000e+00 4.500000000000e-01
v -4.500000000000e-01 0.000000000000e+00 4.300000000000e-01
v -4.400000000000e-01 0.000000000000e+00 4.300000000000e-01
v -4.600000000000e-01 0.000000000000e+00 4.500000000000e-01
v -4.500000000000e-01 0.000000000000e+00 4.500000000000e-01
v -4.300000000000e-01 0.000000000000e+00 4.300000000000e-01
v -4.300000000000e-01 0.000000000000e+00 4.000000000000e-01
v -4.400000000000e-01 0.000000000000e+00 4.000000000000e-01
v -4.200000000000e-01 0.000000000000e+00 4.100000000000e-01
v -4.200000000000e-01 0.000000000000e+00 4.000000000000e-01
v -4.500000000000e-01 0.000000000000e+00 4.000000000000e-01
v -4.700000000000e-01 0.000000000000e+00 4.200000000000e-01
v -4.600000000000e-01 0.000000000000e+00 4.200000000000e-01
v -4.500000000000e-01 0.000000000000e+00 4.200000000000e-01
v -4.400000000000e-01 0.000000000000e+00 4.200000000000e-01
v -4.300000000000e-01 0.000000000000e+00 4.200000000000e-01
v -4.600000000000e-01 0.000000000000e+00 4.100000000000e-01
v -4.500000000000e-01 0.000000000000e+00 4.100000000000e-01
v -4.400000000000e-01 0.000000000000e+00 4.100000000000e-01
v -4.300000000000e-01 0.000000000000e+00 4.100000000000e-01
v -4.600000000000e-01 0.000000000000e+00 4.300000000000e-01
v -4.700000000000e-01 0.000000000000e+00 4.300000000000e-01
v -3.500000000000e-01 0.000000000000e+00 3.900000000000e-01
v -3.200000000000e-01 0.000000000000e+00 3.800000000000e-01
v -3.400000000000e-01 0.000000000000e+00 4.200000000000e-01
v -3.300000000000e-01 0.000000000000e+00 4.100000000000e-01
v -3.200000000000e-01 0.000000000000e+00 4.000000000000e-01
v -3.300000000000e-01 0.000000000000e+00 4.000000000000e-01
v -3.400000000000e-01 0.000000000000e+00 4.100000000000e-01
v -3.400000000000e-01 0.000000000000e+00 4.000000000000e-01
v -3.500000000000e-01 0.000000000000e+00 4.000000000000e-01
v -3.600000000000e-01 0.000000000000e+00 4.000000000000e-01
v -3.600000000000e-01 0.000000000000e+00 3.900000000000e-01
v -3.200000000000e-01 0.000000000000e+00 3.900000000000e-01
v -3.300000000000e-01 0.000000000000e+00 3.900000000000e-01
v -3.400000000000e-01 0.000000000000e+00 3.900000000000e-01
v -3.200000000000e-01 0.000000000000e+00 3.500000000000e-01
v -3.100000000000e-01 0.000000000000e+00 3.500000000000e-01
v -3.300000000000e-01 0.000000000000e+00 3.500000000000e-01
v -3.500000000000e-01 0.000000000000e+00 3.700000000000e-01
v -3.300000000000e-01 0.000000000000e+00 3.700000000000e-01
v -3.300000000000e-01 0.000000000000e+00 3.800000000000e-01
v -3.400000000000e-01 0.000000000000e+00 3.800000000000e-01
v -3.500000000000e-01 0.000000000000e+00 3.800000000000e-01
v -3.600000000000e-01 0.000000000000e+00 3.800000000000e-01
v -3.400000000000e-01 0.000000000000e+00 3.700000000000e-01
v -3.200000000000e-01 0.000000000000e+00 3.700000000000e-01
v -3.400000000000e-01 0.000000000000e+00 3.600000000000e-01
v -3.300000000000e-01 0.000000000000e+00 3.600000000000e-01
v -3.200000000000e-01 0.000000000000e+00 3.600000000000e-01
v -3.100000000000e-01 0.000000000000e+00 3.600000000000e-01
v -3.300000000000e-01 0.000000000000e+00 3.300000000000e-01
v -3.000000000000e-01 0.000000000000e+00 3.200000000000e-01
v -3.100000000000e-01 0.000000000000e+00 3.200000000000e-01
v -3.200000000000e-01 0.000000000000e+00 3.200000000000e-01
v -3.100000000000e-01 0.000000000000e+00 3.300000000000e-01
v -3.000000000000e-01 0.000000000000e+00 3.100000000000e-01
v -3.300000000000e-01 0.000000000000e+00 3.200000000000e-01
v -3.100000000000e-01 0.000000000000e+00 3.100000000000e-01
v -3.200000000000e-01 0.000000000000e+00 3.100000000000e-01
v -3.300000000000e-01 0.000000000000e+00 3.100000000000e-01
v -3.300000000000e-01 0.000000000000e+00 3.400000000000e-01
v -3.200000000000e-01 0.000000000000e+00 3.400000000000e-01
v -3.100000000000e-01 0.000000000000e+00 3.400000000000e-01
v -3.200000000000e-01 0.000000000000e+00 3.300000000000e-01
v -3.000000000000e-01 0.000000000000e+00 3.300000000000e-01
v -3.400000000000e-01 0.000000000000e+00 3.400000000000e-01
v -3.500000000000e-01 0.000000000000e+00 3.400000000000e-01
v -3.600000000000e-01 0.000000000000e+00 3.400000000000e-01
v -3.400000000000e-01 0.000000000000e+00 3.100000000000e-01
v -3.500000000000e-01 0.000000000000e+00 3.200000000000e-01
v -3.400000000000e-01 0.000000000000e+00 3.200000000000e-01
v -3.400000000000e-01 0.000000000000e+00 3.500000000000e-01
v -3.500000000000e-01 0.000000000000e+00 3.500000000000e-01
v -3.600000000000e-01 0.000000000000e+00 3.500000000000e-01
v -3.600000000000e-01 0.000000000000e+00 3.700000000000e-01
v -3.500000000000e-01 0.000000000000e+00 3.300000000000e-01
v -3.500000000000e-01 0.000000000000e+00 3.600000000000e-01
v -3.600000000000e-01 0.000000000000e+00 3.600000000000e-01
v -3.400000000000e-01 0.000000000000e+00 3.300000000000e-01
v -3.600000000000e-01 0.000000000000e+00 3.300000000000e-01
v -3.900000000000e-01 0.000000000000e+00 3.400000000000e-01
v -3.800000000000e-01 0.000000000000e+00 3.700000000000e-01
v -3.700000000000e-01 0.000000000000e+00 3.700000000000e-01
v -3.700000000000e-01 0.000000000000e+00 3.500000000000e-01
v -3.800000000000e-01 0.000000000000e+00 3.500000000000e-01
v -3.900000000000e-01 0.000000000000e+00 3.500000000000e-01
v -3.900000000000e-01 0.000000000000e+00 3.600000000000e-01
v -3.700000000000e-01 0.000000000000e+00 3.300000000000e-01
v -3.800000000000e-01 0.000000000000e+00 3.300000000000e-01
v -3.700000000000e-01 0.000000000000e+00 3.600000000000e-01
v -3.800000000000e-01 0.000000000000e+00 3.600000000000e-01
v -3.900000000000e-01 0.000000000000e+00 3.300000000000e-01
v -3.900000000000e-01 0.000000000000e+00 3.700000000000e-01
v -3.700000000000e-01 0.000000000000e+00 3.400000000000e-01
v -3.800000000000e-01 0.000000000000e+00 3.400000000000e-01
v -4.200000000000e-01 0.000000000000e+00 4.600000000000e-01
v -4.400000000000e-01 0.000000000000e+00 4.900000000000e-01
v -4.300000000000e-01 0.000000000000e+00 5.000000000000e-01
v -4.300000000000e-01 0.000000000000e+00 4.900000000000e-01
v -4.400000000000e-01 0.000000000000e+00 4.800000000000e-01
v -4.300000000000e-01 0.000000000000e+00 4.800000000000e-01
v -4.200000000000e-01 0.000000000000e+00 4.800000000000e-01
v -4.500000000000e-01 0.000000000000e+00 4.900000000000e-01
v -4.200000000000e-01 0.000000000000e+00 4.700000000000e-01
v -4.300000000000e-01 0.000000000000e+00 4.700000000000e-01
v -4.400000000000e-01 0.000000000000e+00 4.700000000000e-01
v -4.500000000000e-01 0.000000000000e+00 5.000000000000e-01
v -4.200000000000e-01 0.000000000000e+00 4.900000000000e-01
v -4.300000000000e-01 0.000000000000e+00 4.600000000000e-01
v -4.400000000000e-01 0.000000000000e+00 5.000000000000e-01
v -3.800000000000e-01 0.000000000000e+00 4.800000000000e-01
v -4.000000000000e-01 0.000000000000e+00 5.000000000000e-01
v -4.100000000000e-01 0.000000000000e+00 5.000000000000e-01
v -3.900000000000e-01 0.000000000000e+00 5.000000000000e-01
v -3.800000000000e-01 0.000000000000e+00 5.000000000000e-01
v -3.800000000000e-01 0.000000000000e+00 4.700000000000e-01
v -3.700000000000e-01 0.000000000000e+00 4.700000000000e-01
v -3.700000000000e-01 0.000000000000e+00 4.800000000000e-01
v -3.900000000000e-01 0.000000000000e+00 4.800000000000e-01
v -4.000000000000e-01 0.000000000000e+00 4.800000000000e-01
v -4.200000000000e-01 0.000000000000e+00 5.000000000000e-01
v -3.800000000000e-01 0.000000000000e+00 4.900000000000e-01
v -3.900000000000e-01 0.000000000000e+00 4.900000000000e-01
v -4.000000000000e-01 0.000000000000e+00 4.900000000000e-01
v -4.100000000000e-01 0.000000000000e+00 4.900000000000e-01
v -3.900000000000e-01 0.000000000000e+00 4.600000000000e-01
v -3.700000000000e-01 0.000000000000e+00 4.500000000000e-01
v -3.800000000000e-01 0.000000000000e+00 4.500000000000e-01
v -3.600000000000e-01 0.000000000000e+00 4.500000000000e-01
v -3.900000000000e-01 0.000000000000e+00 4.500000000000e-01
v -4.000000000000e-01 0.000000000000e+00 4.500000000000e-01
v -3.800000000000e-01 0.000000000000e+00 4.600000000000e-01
v -4.100000000000e-01 0.000000000000e+00 4.700000000000e-01
v -4.000000000000e-01 0.000000000000e+00 4.700000000000e-01
v -3.700000000000e-01 0.000000000000e+00 4.600000000000e-01
v -3.900000000000e-01 0.000000000000e+00 4.700000000000e-01
v -3.600000000000e-01 0.000000000000e+00 4.600000000000e-01
v -4.000000000000e-01 0.000000000000e+00 4.600000000000e-01
v -4.100000000000e-01 0.000000000000e+00 4.800000000000e-01
v -4.100000000000e-01 0.000000000000e+00 4.600000000000e-01
v -3.900000000000e-01 0.000000000000e+00 4.400000000000e-01
v -3.700000000000e-01 0.000000000000e+00 4.300000000000e-01
v -3.500000000000e-01 0.000000000000e+00 4.300000000000e-01
v -3.600000000000e-01 0.000000000000e+00 4.300000000000e-01
v -3.800000000000e-01 0.000000000000e+00 4.300000000000e-01
v -3.500000000000e-01 0.000000000000e+00 4.200000000000e-01
v -3.600000000000e-01 0.000000000000e+00 4.200000000000e-01
v -3.700000000000e-01 0.000000000000e+00 4.200000000000e-01
v -3.800000000000e-01 0.000000000000e+00 4.200000000000e-01
v -3.500000000000e-01 0.000000000000e+00 4.100000000000e-01
v -3.600000000000e-01 0.000000000000e+00 4.100000000000e-01
v -3.700000000000e-01 0.000000000000e+00 4.100000000000e-01
v -3.600000000000e-01 0.000000000000e+00 4.400000000000e-01
v -3.700000000000e-01 0.000000000000e+00 4.400000000000e-01
v -3.800000000000e-01 0.000000000000e+00 4.400000000000e-01
v -3.900000000000e-01 0.000000000000e+00 4.100000000000e-01
v -3.900000000000e-01 0.000000000000e+00 3.800000000000e-01
v -3.800000000000e-01 0.000000000000e+00 3.800000000000e-01
v -3.700000000000e-01 0.000000000000e+00 3.800000000000e-01
v -3.700000000000e-01 0.000000000000e+00 4.000000000000e-01
v -4.100000000000e-01 0.000000000000e+00 4.100000000000e-01
v -4.000000000000e-01 0.000000000000e+00 4.100000000000e-01
v -3.800000000000e-01 0.000000000000e+00 4.100000000000e-01
v -3.800000000000e-01 0.000000000000e+00 4.000000000000e-01
v -3.900000000000e-01 0.000000000000e+00 4.000000000000e-01
v -4.100000000000e-01 0.000000000000e+00 4.000000000000e-01
v -4.000000000000e-01 0.000000000000e+00 3.900000000000e-01
v -3.900000000000e-01 0.000000000000e+00 3.900000000000e-01
v -3.800000000000e-01 0.000000000000e+00 3.900000000000e-01
v -3.700000000000e-01 0.000000000000e+00 3.900000000000e-01
v -4.000000000000e-01 0.000000000000e+00 4.000000000000e-01
v -4.100000000000e-01 0.000000000000e+00 4.500000000000e-01
v -4.000000000000e-01 0.000000000000e+00 4.300000000000e-01
v -4.100000000000e-01 0.000000000000e+00 4.300000000000e-01
v -4.200000000000e-01 0.000000000000e+00 4.300000000000e-01
v -4.100000000000e-01 0.000000000000e+00 4.200000000000e-01
v -4.200000000000e-01 0.000000000000e+00 4.200000000000e-01
v -3.900000000000e-01 0.000000000000e+00 4.300000000000e-01
v -4.300000000000e-01 0.000000000000e+00 4.500000000000e-01
v -4.200000000000e-01 0.000000000000e+00 4.500000000000e-01
v -4.200000000000e-01 0.000000000000e+00 4.400000000000e-01
v -4.100000000000e-01 0.000000000000e+00 4.400000000000e-01
v -4.000000000000e-01 0.000000000000e+00 4.400000000000e-01
v -4.000000000000e-01 0.000000000000e+00 4.200000000000e-01
v -3.900000000000e-01 0.000000000000e+00 4.200000000000e-01
v -2.200000000000e-01 0.000000000000e+00 4.600000000000e-01
v -2.300000000000e-01 0.000000000000e+00 4.900000000000e-01
v -2.300000000000e-01 0.000000000000e+00 4.600000000000e-01
v -2.200000000000e-01 0.000000000000e+00 4.800000000000e-01
v -2.100000000000e-01 0.000000000000e+00 4.600000000000e-01
v -2.200000000000e-01 0.000000000000e+00 5.000000000000e-01
v -2.200000000000e-01 0.000000000000e+00 4.900000000000e-01
v -2.300000000000e-01 0.000000000000e+00 5.000000000000e-01
v -2.300000000000e-01 0.000000000000e+00 4.700000000000e-01
v -2.300000000000e-01 0.000000000000e+00 4.800000000000e-01
v -2.300000000000e-01 0.000000000000e+00 4.500000000000e-01
v -2.200000000000e-01 0.000000000000e+00 4.700000000000e-01
v -2.200000000000e-01 0.000000000000e+00 4.500000000000e-01
v -2.100000000000e-01 0.000000000000e+00 4.500000000000e-01
v -2.400000000000e-01 0.000000000000e+00 5.000000000000e-01
v -2.500000000000e-01 0.000000000000e+00 5.000000000000e-01
v -2.800000000000e-01 0.000000000000e+00 5.000000000000e-01
v -2.700000000000e-01 0.000000000000e+00 5.000000000000e-01
v -2.400000000000e-01 0.000000000000e+00 4.600000000000e-01
v -2.500000000000e-01 0.000000000000e+00 4.700000000000e-01
v -2.600000000000e-01 0.000000000000e+00 5.000000000000e-01
v -2.400000000000e-01 0.000000000000e+00 4.700000000000e-01
v -2.400000000000e-01 0.000000000000e+00 4.800000000000e-01
v -2.700000000000e-01 0.000000000000e+00 4.900000000000e-01
v -2.600000000000e-01 0.000000000000e+00 4.800000000000e-01
v -2.500000000000e-01 0.000000000000e+00 4.800000000000e-01
v -2.600000000000e-01 0.000000000000e+00 4.900000000000e-01
v -2.500000000000e-01 0.000000000000e+00 4.900000000000e-01
v -2.400000000000e-01 0.000000000000e+00 4.900000000000e-01
v -2.700000000000e-01 0.000000000000e+00 4.800000000000e-01
v -2.800000000000e-01 0.000000000000e+00 4.700000000000e-01
v -2.900000000000e-01 0.000000000000e+00 4.700000000000e-01
v -3.000000000000e-01 0.000000000000e+00 5.000000000000e-01
v -2.800000000000e-01 0.000000000000e+00 4.600000000000e-01
v -3.000000000000e-01 0.000000000000e+00 4.900000000000e-01
v -2.900000000000e-01 0.000000000000e+00 5.000000000000e-01
v -2.700000000000e-01 0.000000000000e+00 4.600000000000e-01
v -3.100000000000e-01 0.000000000000e+00 5.000000000000e-01
v -2.800000000000e-01 0.000000000000e+00 4.900000000000e-01
v -2.700000000000e-01 0.000000000000e+00 4.700000000000e-01
v -2.900000000000e-01 0.000000000000e+00 4.900000000000e-01
v -2.900000000000e-01 0.000000000000e+00 4.800000000000e-01
v -2.700000000000e-01 0.000000000000e+00 4.500000000000e-01
v -2.800000000000e-01 0.000000000000e+00 4.800000000000e-01
v -2.600000000000e-01 0.000000000000e+00 4.500000000000e-01
v -2.400000000000e-01 0.000000000000e+00 4.100000000000e-01
v -2.500000000000e-01 0.000000000000e+00 4.300000000000e-01
v -2.400000000000e-01 0.000000000000e+00 4.300000000000e-01
v -2.500000000000e-01 0.000000000000e+00 4.500000000000e-01
v -2.400000000000e-01 0.000000000000e+00 4.400000000000e-01
v -2.400000000000e-01 0.000000000000e+00 4.500000000000e-01
v -2.500000000000e-01 0.000000000000e+00 4.200000000000e-01
v -2.400000000000e-01 0.000000000000e+00 4.200000000000e-01
v -2.600000000000e-01 0.000000000000e+00 4.400000000000e-01
v -2.500000000000e-01 0.000000000000e+00 4.400000000000e-01
v -2.300000000000e-01 0.000000000000e+00 4.100000000000e-01
v -2.600000000000e-01 0.000000000000e+00 4.700000000000e-01
v -2.600000000000e-01 0.000000000000e+00 4.600000000000e-01
v -2.500000000000e-01 0.000000000000e+00 4.600000000000e-01
v -2.200000000000e-01 0.000000000000e+00 4.100000000000e-01
v -2.100000000000e-01 0.000000000000e+00 4.100000000000e-01
v -2.300000000000e-01 0.000000000000e+00 4.200000000000e-01
v -2.200000000000e-01 0.000000000000e+00 4.200000000000e-01
v -2.100000000000e-01 0.000000000000e+00 4.200000000000e-01
v -2.000000000000e-01 0.000000000000e+00 4.200000000000e-01
v -2.000000000000e-01 0.000000000000e+00 4.400000000000e-01
v -2.200000000000e-01 0.000000000000e+00 4.300000000000e-01
v -2.300000000000e-01 0.000000000000e+00 4.300000000000e-01
v -2.100000000000e-01 0.000000000000e+00 4.300000000000e-01
v -2.000000000000e-01 0.000000000000e+00 4.300000000000e-01
v -2.300000000000e-01 0.000000000000e+00 4.400000000000e-01
v -2.200000000000e-01 0.000000000000e+00 4.400000000000e-01
v -2.100000000000e-01 0.000000000000e+00 4.400000000000e-01
v -2.700000000000e-01 0.000000000000e+00 4.400000000000e-01
v -2.800000000000e-01 0.000000000000e+00 4.400000000000e-01
v -2.500000000000e-01 0.000000000000e+00 4.100000000000e-01
v -2.600000000000e-01 0.000000000000e+00 4.100000000000e-01
v -2.700000000000e-01 0.000000000000e+00 4.100000000000e-01
v -2.600000000000e-01 0.000000000000e+00 4.200000000000e-01
v -2.700000000000e-01 0.000000000000e+00 4.200000000000e-01
v -2.900000000000e-01 0.000000000000e+00 4.400000000000e-01
v -2.800000000000e-01 0.000000000000e+00 4.500000000000e-01
v -2.900000000000e-01 0.000000000000e+00 4.500000000000e-01
v -2.900000000000e-01 0.000000000000e+00 4.600000000000e-01
v -3.000000000000e-01 0.000000000000e+00 4.600000000000e-01
v -2.800000000000e-01 0.000000000000e+00 4.300000000000e-01
v -2.700000000000e-01 0.000000000000e+00 4.300000000000e-01
v -2.600000000000e-01 0.000000000000e+00 4.300000000000e-01
v -3.000000000000e-01 0.000000000000e+00 4.500000000000e-01
v -3.100000000000e-01 0.000000000000e+00 4.500000000000e-01
v -3.100000000000e-01 0.000000000000e+00 4.400000000000e-01
v -3.100000000000e-01 0.000000000000e+00 4.300000000000e-01
v -3.000000000000e-01 0.000000000000e+00 4.300000000000e-01
v -2.900000000000e-01 0.000000000000e+00 4.300000000000e-01
v -3.100000000000e-01 0.000000000000e+00 4.200000000000e-01
v -2.800000000000e-01 0.000000000000e+00 4.100000000000e-01
v -2.900000000000e-01 0.000000000000e+00 4.100000000000e-01
v -3.000000000000e-01 0.000000000000e+00 4.100000000000e-01
v -3.000000000000e-01 0.000000000000e+00 4.200000000000e-01
v -2.900000000000e-01 0.000000000000e+00 4.200000000000e-01
v -3.100000000000e-01 0.000000000000e+00 4.600000000000e-01
v -3.000000000000e-01 0.000000000000e+00 4.400000000000e-01
v -2.800000000000e-01 0.000000000000e+00 4.200000000000e-01
v -3.200000000000e-01 0.000000000000e+00 4.300000000000e-01
v -3.300000000000e-01 0.000000000000e+00 4.200000000000e-01
v -3.200000000000e-01 0.000000000000e+00 4.200000000000e-01
v -3.300000000000e-01 0.000000000000e+00 4.500000000000e-01
v -3.400000000000e-01 0.000000000000e+00 4.400000000000e-01
v -3.500000000000e-01 0.000000000000e+00 4.400000000000e-01
v -3.300000000000e-01 0.000000000000e+00 4.400000000000e-01
v -3.400000000000e-01 0.000000000000e+00 4.300000000000e-01
v -3.200000000000e-01 0.000000000000e+00 4.500000000000e-01
v -3.300000000000e-01 0.000000000000e+00 4.300000000000e-01
v -3.200000000000e-01 0.000000000000e+00 4.400000000000e-01
v -3.200000000000e-01 0.000000000000e+00 4.100000000000e-01
v -3.100000000000e-01 0.000000000000e+00 4.100000000000e-01
v -3.400000000000e-01 0.000000000000e+00 4.500000000000e-01
v -3.500000000000e-01 0.000000000000e+00 4.500000000000e-01
v -3.600000000000e-01 0.000000000000e+00 5.000000000000e-01
v -3.600000000000e-01 0.000000000000e+00 4.800000000000e-01
v -3.500000000000e-01 0.000000000000e+00 4.800000000000e-01
v -3.700000000000e-01 0.000000000000e+00 5.000000000000e-01
v -3.400000000000e-01 0.000000000000e+00 4.700000000000e-01
v -3.500000000000e-01 0.000000000000e+00 4.700000000000e-01
v -3.600000000000e-01 0.000000000000e+00 4.700000000000e-01
v -3.500000000000e-01 0.000000000000e+00 4.600000000000e-01
v -3.400000000000e-01 0.000000000000e+00 4.600000000000e-01
v -3.300000000000e-01 0.000000000000e+00 4.600000000000e-01
v -3.200000000000e-01 0.000000000000e+00 4.600000000000e-01
v -3.300000000000e-01 0.000000000000e+00 4.700000000000e-01
v -3.700000000000e-01 0.000000000000e+00 4.900000000000e-01
v -3.600000000000e-01 0.000000000000e+00 4.900000000000e-01
v -3.500000000000e-01 0.000000000000e+00 4.900000000000e-01
v -3.400000000000e-01 0.000000000000e+00 4.800000000000e-01
v -3.100000000000e-01 0.000000000000e+00 4.800000000000e-01
v -3.300000000000e-01 0.000000000000e+00 4.900000000000e-01
v -3.000000000000e-01 0.000000000000e+00 4.800000000000e-01
v -3.100000000000e-01 0.000000000000e+00 4.900000000000e-01
v -3.000000000000e-01 0.000000000000e+00 4.700000000000e-01
v -3.100000000000e-01 0.000000000000e+00 4.700000000000e-01
v -3.200000000000e-01 0.000000000000e+00 4.700000000000e-01
v -3.200000000000e-01 0.000000000000e+00 4.800000000000e-01
v -3.300000000000e-01 0.000000000000e+00 4.800000000000e-01
v -3.500000000000e-01 0.000000000000e+00 5.000000000000e-01
v -3.200000000000e-01 0.000000000000e+00 5.000000000000e-01
v -3.300000000000e-01 0.000000000000e+00 5.000000000000e-01
v -3.400000000000e-01 0.000000000000e+00 5.000000000000e-01
v -3.400000000000e-01 0.000000000000e+00 4.900000000000e-01
v -3.200000000000e-01 0.000000000000e+00 4.900000000000e-01
v -2.500000000000e-01 0.000000000000e+00 3.700000000000e-01
v -2.600000000000e-01 0.000000000000e+00 3.700000000000e-01
v -2.500000000000e-01 0.000000000000e+00 3.900000000000e-01
v -2.700000000000e-01 0.000000000000e+00 3.700000000000e-01
v -2.700000000000e-01 0.000000000000e+00 3.900000000000e-01
v -2.600000000000e-01 0.000000000000e+00 3.900000000000e-01
v -2.500000000000e-01 0.000000000000e+00 3.800000000000e-01
v -2.800000000000e-01 0.000000000000e+00 4.000000000000e-01
v -2.700000000000e-01 0.000000000000e+00 4.000000000000e-01
v -2.400000000000e-01 0.000000000000e+00 3.800000000000e-01
v -2.600000000000e-01 0.000000000000e+00 3.800000000000e-01
v -2.700000000000e-01 0.000000000000e+00 3.800000000000e-01
v -2.600000000000e-01 0.000000000000e+00 4.000000000000e-01
v -2.500000000000e-01 0.000000000000e+00 4.000000000000e-01
v -2.400000000000e-01 0.000000000000e+00 3.700000000000e-01
v -3.100000000000e-01 0.000000000000e+00 3.900000000000e-01
v -2.800000000000e-01 0.000000000000e+00 3.900000000000e-01
v -3.000000000000e-01 0.000000000000e+00 3.900000000000e-01
v -2.900000000000e-01 0.000000000000e+00 3.700000000000e-01
v -2.800000000000e-01 0.000000000000e+00 3.700000000000e-01
v -3.100000000000e-01 0.000000000000e+00 3.800000000000e-01
v -3.000000000000e-01 0.000000000000e+00 4.000000000000e-01
v -2.900000000000e-01 0.000000000000e+00 4.000000000000e-01
v -3.100000000000e-01 0.000000000000e+00 4.000000000000e-01
v -3.000000000000e-01 0.000000000000e+00 3.800000000000e-01
v -2.900000000000e-01 0.000000000000e+00 3.900000000000e-01
v -3.000000000000e-01 0.000000000000e+00 3.700000000000e-01
v -3.100000000000e-01 0.000000000000e+00 3.700000000000e-01
v -2.800000000000e-01 0.000000000000e+00 3.800000000000e-01
v -2.900000000000e-01 0.000000000000e+00 3.800000000000e-01
v -2.300000000000e-01 0.000000000000e+00 3.300000000000e-01
v -2.600000000000e-01 0.000000000000e+00 3.400000000000e-01
v -2.500000000000e-01 0.000000000000e+00 3.400000000000e-01
v -2.400000000000e-01 0.000000000000e+00 3.400000000000e-01
v -2.300000000000e-01 0.000000000000e+00 3.400000000000e-01
v -2.500000000000e-01 0.000000000000e+00 3.600000000000e-01
v -2.600000000000e-01 0.000000000000e+00 3.600000000000e-01
v -2.300000000000e-01 0.000000000000e+00 3.500000000000e-01
v -2.300000000000e-01 0.000000000000e+00 3.600000000000e-01
v -2.300000000000e-01 0.000000000000e+00 3.200000000000e-01
v -2.400000000000e-01 0.000000000000e+00 3.600000000000e-01
v -2.400000000000e-01 0.000000000000e+00 3.300000000000e-01
v -2.400000000000e-01 0.000000000000e+00 3.500000000000e-01
v -2.600000000000e-01 0.000000000000e+00 3.500000000000e-01
v -2.500000000000e-01 0.000000000000e+00 3.500000000000e-01
v -2.800000000000e-01 0.000000000000e+00 3.400000000000e-01
v -2.700000000000e-01 0.000000000000e+00 3.600000000000e-01
v -2.800000000000e-01 0.000000000000e+00 3.600000000000e-01
v -2.900000000000e-01 0.000000000000e+00 3.600000000000e-01
v -3.000000000000e-01 0.000000000000e+00 3.600000000000e-01
v -2.700000000000e-01 0.000000000000e+00 3.400000000000e-01
v -2.900000000000e-01 0.000000000000e+00 3.300000000000e-01
v -2.700000000000e-01 0.000000000000e+00 3.500000000000e-01
v -2.800000000000e-01 0.000000000000e+00 3.500000000000e-01
v -2.900000000000e-01 0.000000000000e+00 3.500000000000e-01
v -3.000000000000e-01 0.000000000000e+00 3.500000000000e-01
v -2.700000000000e-01 0.000000000000e+00 3.300000000000e-01
v -3.000000000000e-01 0.000000000000e+00 3.400000000000e-01
v -2.900000000000e-01 0.000000000000e+00 3.400000000000e-01
v -2.800000000000e-01 0.000000000000e+00 3.300000000000e-01
v -2.300000000000e-01 0.000000000000e+00 3.100000000000e-01
v -2.400000000000e-01 0.000000000000e+00 3.100000000000e-01
v -2.500000000000e-01 0.000000000000e+00 3.100000000000e-01
v -2.600000000000e-01 0.000000000000e+00 3.100000000000e-01
v -2.700000000000e-01 0.000000000000e+00 3.100000000000e-01
v -2.800000000000e-01 0.000000000000e+00 3.100000000000e-01
v -2.900000000000e-01 0.000000000000e+00 3.100000000000e-01
v -2.900000000000e-01 0.000000000000e+00 3.200000000000e-01
v -2.500000000000e-01 0.000000000000e+00 3.300000000000e-01
v -2.600000000000e-01 0.000000000000e+00 3.300000000000e-01
v -2.600000000000e-01 0.000000000000e+00 3.200000000000e-01
v -2.500000000000e-01 0.000000000000e+00 3.200000000000e-01
v -2.400000000000e-01 0.000000000000e+00 3.200000000000e-01
v -2.800000000000e-01 0.000000000000e+00 3.200000000000e-01
v -2.700000000000e-01 0.000000000000e+00 3.200000000000e-01
v -1.400000000000e-01 0.000000000000e+00 3.200000000000e-01
v -1.600000000000e-01 0.000000000000e+00 3.100000000000e-01
v -1.500000000000e-01 0.000000000000e+00 3.000000000000e-01
v -1.400000000000e-01 0.000000000000e+00 3.000000000000e-01
v -1.700000000000e-01 0.000000000000e+00 3.300000000000e-01
v -1.600000000000e-01 0.000000000000e+00 3.300000000000e-01
v -1.500000000000e-01 0.000000000000e+00 3.300000000000e-01
v -1.700000000000e-01 0.000000000000e+00 3.400000000000e-01
v -1.500000000000e-01 0.000000000000e+00 3.100000000000e-01
v -1.400000000000e-01 0.000000000000e+00 3.100000000000e-01
v -1.700000000000e-01 0.000000000000e+00 3.200000000000e-01
v -1.600000000000e-01 0.000000000000e+00 3.200000000000e-01
v -1.500000000000e-01 0.000000000000e+00 3.200000000000e-01
v -1.600000000000e-01 0.000000000000e+00 3.400000000000e-01
v -2.100000000000e-01 0.000000000000e+00 3.100000000000e-01
v -2.200000000000e-01 0.000000000000e+00 3.100000000000e-01
v -2.000000000000e-01 0.000000000000e+00 3.100000000000e-01
v -2.200000000000e-01 0.000000000000e+00 3.300000000000e-01
v -2.000000000000e-01 0.000000000000e+00 3.200000000000e-01
v -2.100000000000e-01 0.000000000000e+00 3.200000000000e-01
v -2.200000000000e-01 0.000000000000e+00 3.200000000000e-01
v -2.200000000000e-01 0.000000000000e+00 3.400000000000e-01
v -2.100000000000e-01 0.000000000000e+00 3.400000000000e-01
v -1.900000000000e-01 0.000000000000e+00 3.000000000000e-01
v -2.000000000000e-01 0.000000000000e+00 3.000000000000e-01
v -2.100000000000e-01 0.000000000000e+00 3.000000000000e-01
v -2.100000000000e-01 0.000000000000e+00 3.300000000000e-01
v -2.200000000000e-01 0.000000000000e+00 3.500000000000e-01
v -1.700000000000e-01 0.000000000000e+00 3.100000000000e-01
v -2.000000000000e-01 0.000000000000e+00 3.400000000000e-01
v -1.900000000000e-01 0.000000000000e+00 3.300000000000e-01
v -1.800000000000e-01 0.000000000000e+00 3.300000000000e-01
v -1.800000000000e-01 0.000000000000e+00 3.000000000000e-01
v -1.700000000000e-01 0.000000000000e+00 3.000000000000e-01
v -1.600000000000e-01 0.000000000000e+00 3.000000000000e-01
v -1.800000000000e-01 0.000000000000e+00 3.400000000000e-01
v -2.000000000000e-01 0.000000000000e+00 3.300000000000e-01
v -1.900000000000e-01 0.000000000000e+00 3.400000000000e-01
v -1.800000000000e-01 0.000000000000e+00 3.200000000000e-01
v -1.900000000000e-01 0.000000000000e+00 3.200000000000e-01
v -1.900000000000e-01 0.000000000000e+00 3.100000000000e-01
v -1.800000000000e-01 0.000000000000e+00 3.100000000000e-01
v -2.200000000000e-01 0.000000000000e+00 4.000000000000e-01
v -2.400000000000e-01 0.000000000000e+00 4.000000000000e-01
v -2.300000000000e-01 0.000000000000e+00 4.000000000000e-01
v -2.300000000000e-01 0.000000000000e+00 3.900000000000e-01
v -2.300000000000e-01 0.000000000000e+00 3.700000000000e-01
v -2.100000000000e-01 0.000000000000e+00 3.800000000000e-01
v -2.200000000000e-01 0.000000000000e+00 3.800000000000e-01
v -2.300000000000e-01 0.000000000000e+00 3.800000000000e-01
v -2.200000000000e-01 0.000000000000e+00 3.700000000000e-01
v -2.400000000000e-01 0.000000000000e+00 3.900000000000e-01
v -2.100000000000e-01 0.000000000000e+00 3.700000000000e-01
v -2.200000000000e-01 0.000000000000e+00 3.900000000000e-01
v -2.200000000000e-01 0.000000000000e+00 3.600000000000e-01
v -2.100000000000e-01 0.000000000000e+00 3.600000000000e-01
v -2.100000000000e-01 0.000000000000e+00 3.500000000000e-01
v -1.600000000000e-01 0.000000000000e+00 3.600000000000e-01
v -2.000000000000e-01 0.000000000000e+00 3.600000000000e-01
v -1.700000000000e-01 0.000000000000e+00 3.700000000000e-01
v -1.800000000000e-01 0.000000000000e+00 3.700000000000e-01
v -1.900000000000e-01 0.000000000000e+00 3.600000000000e-01
v -1.800000000000e-01 0.000000000000e+00 3.600000000000e-01
v -2.000000000000e-01 0.000000000000e+00 3.500000000000e-01
v -1.900000000000e-01 0.000000000000e+00 3.500000000000e-01
v -1.800000000000e-01 0.000000000000e+00 3.500000000000e-01
v -1.700000000000e-01 0.000000000000e+00 3.500000000000e-01
v -1.600000000000e-01 0.000000000000e+00 3.500000000000e-01
v -1.900000000000e-01 0.000000000000e+00 3.700000000000e-01
v -2.000000000000e-01 0.000000000000e+00 3.700000000000e-01
v -1.700000000000e-01 0.000000000000e+00 3.600000000000e-01
v -1.900000000000e-01 0.000000000000e+00 3.800000000000e-01
v -2.000000000000e-01 0.000000000000e+00 3.900000000000e-01
v -1.700000000000e-01 0.000000000000e+00 3.800000000000e-01
v -1.800000000000e-01 0.000000000000e+00 3.800000000000e-01
v -2.000000000000e-01 0.000000000000e+00 3.800000000000e-01
v -1.900000000000e-01 0.000000000000e+00 4.100000000000e-01
v -2.000000000000e-01 0.000000000000e+00 4.100000000000e-01
v -2.100000000000e-01 0.000000000000e+00 3.900000000000e-01
v -1.900000000000e-01 0.000000000000e+00 3.900000000000e-01
v -1.800000000000e-01 0.000000000000e+00 3.900000000000e-01
v -1.700000000000e-01 0.000000000000e+00 3.900000000000e-01
v -2.100000000000e-01 0.000000000000e+00 4.000000000000e-01
v -1.800000000000e-01 0.000000000000e+00 4.000000000000e-01
v -1.900000000000e-01 0.000000000000e+00 4.000000000000e-01
v -2.000000000000e-01 0.000000000000e+00 4.000000000000e-01
v -5.000000000000e-01 0.000000000000e+00 2.900000000000e-01
v -4.700000000000e-01 0.000000000000e+00 2.400000000000e-01
v -4.900000000000e-01 0.000000000000e+00 2.500000000000e-01
v -4.800000000000e-01 0.000000000000e+00 2.500000000000e-01
v -4.700000000000e-01 0.000000000000e+00 2.500000000000e-01
v -5.000000000000e-01 0.000000000000e+00 2.600000000000e-01
v -4.900000000000e-01 0.000000000000e+00 2.600000000000e-01
v -4.800000000000e-01 0.000000000000e+00 2.600000000000e-01
v -4.700000000000e-01 0.000000000000e+00 2.600000000000e-01
v -5.000000000000e-01 0.000000000000e+00 2.700000000000e-01
v -4.900000000000e-01 0.000000000000e+00 2.700000000000e-01
v -4.800000000000e-01 0.000000000000e+00 2.700000000000e-01
v -5.000000000000e-01 0.000000000000e+00 2.800000000000e-01
v -4.900000000000e-01 0.000000000000e+00 2.800000000000e-01
v -4.800000000000e-01 0.000000000000e+00 2.300000000000e-01
v -5.000000000000e-01 0.000000000000e+00 2.200000000000e-01
v -4.600000000000e-01 0.000000000000e+00 2.100000000000e-01
v -4.900000000000e-01 0.000000000000e+00 2.200000000000e-01
v -4.800000000000e-01 0.000000000000e+00 2.200000000000e-01
v -4.700000000000e-01 0.000000000000e+00 2.200000000000e-01
v -4.800000000000e-01 0.000000000000e+00 2.400000000000e-01
v -4.900000000000e-01 0.000000000000e+00 2.400000000000e-01
v -5.000000000000e-01 0.000000000000e+00 2.400000000000e-01
v -4.900000000000e-01 0.000000000000e+00 2.300000000000e-01
v -5.000000000000e-01 0.000000000000e+00 2.300000000000e-01
v -4.700000000000e-01 0.000000000000e+00 2.300000000000e-01
v -4.700000000000e-01 0.000000000000e+00 2.100000000000e-01
v -4.800000000000e-01 0.000000000000e+00 2.100000000000e-01
v -5.000000000000e-01 0.000000000000e+00 2.500000000000e-01
v -4.500000000000e-01 0.000000000000e+00 2.400000000000e-01
v -4.300000000000e-01 0.000000000000e+00 2.000000000000e-01
v -4.300000000000e-01 0.000000000000e+00 2.100000000000e-01
v -4.400000000000e-01 0.000000000000e+00 2.100000000000e-01
v -4.500000000000e-01 0.000000000000e+00 2.100000000000e-01
v -4.600000000000e-01 0.000000000000e+00 2.200000000000e-01
v -4.500000000000e-01 0.000000000000e+00 2.200000000000e-01
v -4.400000000000e-01 0.000000000000e+00 2.200000000000e-01
v -4.300000000000e-01 0.000000000000e+00 2.200000000000e-01
v -4.400000000000e-01 0.000000000000e+00 2.400000000000e-01
v -4.500000000000e-01 0.000000000000e+00 2.300000000000e-01
v -4.600000000000e-01 0.000000000000e+00 2.400000000000e-01
v -4.500000000000e-01 0.000000000000e+00 2.500000000000e-01
v -4.600000000000e-01 0.000000000000e+00 2.500000000000e-01
v -4.600000000000e-01 0.000000000000e+00 2.300000000000e-01
v -4.400000000000e-01 0.000000000000e+00 2.300000000000e-01
v -4.000000000000e-01 0.000000000000e+00 1.800000000000e-01
v -4.100000000000e-01 0.000000000000e+00 1.800000000000e-01
v -3.900000000000e-01 0.000000000000e+00 2.000000000000e-01
v -4.100000000000e-01 0.000000000000e+00 2.100000000000e-01
v -4.000000000000e-01 0.000000000000e+00 2.100000000000e-01
v -3.900000000000e-01 0.000000000000e+00 2.100000000000e-01
v -3.900000000000e-01 0.000000000000e+00 1.800000000000e-01
v -4.000000000000e-01 0.000000000000e+00 2.000000000000e-01
v -4.100000000000e-01 0.000000000000e+00 2.000000000000e-01
v -4.200000000000e-01 0.000000000000e+00 2.000000000000e-01
v -4.200000000000e-01 0.000000000000e+00 2.100000000000e-01
v -4.100000000000e-01 0.000000000000e+00 1.900000000000e-01
v -4.200000000000e-01 0.000000000000e+00 1.900000000000e-01
v -4.000000000000e-01 0.000000000000e+00 1.900000000000e-01
v -3.900000000000e-01 0.000000000000e+00 1.900000000000e-01
v -4.000000000000e-01 0.000000000000e+00 2.400000000000e-01
v -3.900000000000e-01 0.000000000000e+00 2.400000000000e-01
v -4.100000000000e-01 0.000000000000e+00 2.300000000000e-01
v -4.200000000000e-01 0.000000000000e+00 2.300000000000e-01
v -4.300000000000e-01 0.000000000000e+00 2.300000000000e-01
v -4.100000000000e-01 0.000000000000e+00 2.500000000000e-01
v -4.000000000000e-01 0.000000000000e+00 2.300000000000e-01
v -3.900000000000e-01 0.000000000000e+00 2.300000000000e-01
v -4.300000000000e-01 0.000000000000e+00 2.400000000000e-01
v -4.200000000000e-01 0.000000000000e+00 2.400000000000e-01
v -3.900000000000e-01 0.000000000000e+00 2.200000000000e-01
v -4.100000000000e-01 0.000000000000e+00 2.200000000000e-01
v -4.000000000000e-01 0.000000000000e+00 2.200000000000e-01
v -4.200000000000e-01 0.000000000000e+00 2.200000000000e-01
v -4.100000000000e-01 0.000000000000e+00 2.400000000000e-01
v -4.600000000000e-01 0.000000000000e+00 2.900000000000e-01
v -4.700000000000e-01 0.000000000000e+00 2.900000000000e-01
v -4.800000000000e-01 0.000000000000e+00 2.900000000000e-01
v -4.900000000000e-01 0.000000000000e+00 2.900000000000e-01
v -4.800000000000e-01 0.000000000000e+00 3.000000000000e-01
v -4.900000000000e-01 0.000000000000e+00 3.000000000000e-01
v -5.000000000000e-01 0.000000000000e+00 3.100000000000e-01
v -5.000000000000e-01 0.000000000000e+00 3.000000000000e-01
v -4.700000000000e-01 0.000000000000e+00 2.700000000000e-01
v -4.800000000000e-01 0.000000000000e+00 2.800000000000e-01
v -4.600000000000e-01 0.000000000000e+00 2.600000000000e-01
v -4.700000000000e-01 0.000000000000e+00 2.800000000000e-01
v -4.600000000000e-01 0.000000000000e+00 2.800000000000e-01
v -4.600000000000e-01 0.000000000000e+00 2.700000000000e-01
v -5.000000000000e-01 0.000000000000e+00 3.200000000000e-01
v -5.000000000000e-01 0.000000000000e+00 3.300000000000e-01
v -4.900000000000e-01 0.000000000000e+00 3.300000000000e-01
v -4.800000000000e-01 0.000000000000e+00 3.300000000000e-01
v -4.700000000000e-01 0.000000000000e+00 3.000000000000e-01
v -4.800000000000e-01 0.000000000000e+00 3.100000000000e-01
v -4.600000000000e-01 0.000000000000e+00 3.100000000000e-01
v -4.900000000000e-01 0.000000000000e+00 3.100000000000e-01
v -4.900000000000e-01 0.000000000000e+00 3.200000000000e-01
v -4.600000000000e-01 0.000000000000e+00 3.000000000000e-01
v -4.800000000000e-01 0.000000000000e+00 3.200000000000e-01
v -5.000000000000e-01 0.000000000000e+00 3.400000000000e-01
v -4.700000000000e-01 0.000000000000e+00 3.200000000000e-01
v -4.600000000000e-01 0.000000000000e+00 3.200000000000e-01
v -4.700000000000e-01 0.000000000000e+00 3.100000000000e-01
v -4.500000000000e-01 0.000000000000e+00 2.800000000000e-01
v -4.500000000000e-01 0.000000000000e+00 2.700000000000e-01
v -4.300000000000e-01 0.000000000000e+00 2.800000000000e-01
v -4.400000000000e-01 0.000000000000e+00 2.800000000000e-01
v -4.400000000000e-01 0.000000000000e+00 2.500000000000e-01
v -4.300000000000e-01 0.000000000000e+00 2.500000000000e-01
v -4.200000000000e-01 0.000000000000e+00 2.500000000000e-01
v -4.400000000000e-01 0.000000000000e+00 2.900000000000e-01
v -4.400000000000e-01 0.000000000000e+00 2.600000000000e-01
v -4.500000000000e-01 0.000000000000e+00 2.600000000000e-01
v -4.400000000000e-01 0.000000000000e+00 2.700000000000e-01
v -4.300000000000e-01 0.000000000000e+00 2.700000000000e-01
v -4.500000000000e-01 0.000000000000e+00 2.900000000000e-01
v -4.300000000000e-01 0.000000000000e+00 2.600000000000e-01
v -4.200000000000e-01 0.000000000000e+00 2.600000000000e-01
v -3.900000000000e-01 0.000000000000e+00 2.800000000000e-01
v -3.900000000000e-01 0.000000000000e+00 2.500000000000e-01
v -4.000000000000e-01 0.000000000000e+00 2.500000000000e-01
v -4.000000000000e-01 0.000000000000e+00 2.800000000000e-01
v -4.100000000000e-01 0.000000000000e+00 2.600000000000e-01
v -4.000000000000e-01 0.000000000000e+00 2.600000000000e-01
v -4.200000000000e-01 0.000000000000e+00 2.800000000000e-01
v -3.900000000000e-01 0.000000000000e+00 2.700000000000e-01
v -4.000000000000e-01 0.000000000000e+00 2.700000000000e-01
v -4.100000000000e-01 0.000000000000e+00 2.800000000000e-01
v -4.100000000000e-01 0.000000000000e+00 2.700000000000e-01
v -4.200000000000e-01 0.000000000000e+00 2.700000000000e-01
v -4.000000000000e-01 0.000000000000e+00 2.900000000000e-01
v -4.100000000000e-01 0.000000000000e+00 2.900000000000e-01
v -3.900000000000e-01 0.000000000000e+00 2.600000000000e-01
v -4.100000000000e-01 0.000000000000e+00 3.100000000000e-01
v -4.200000000000e-01 0.000000000000e+00 3.100000000000e-01
v -4.300000000000e-01 0.000000000000e+00 3.100000000000e-01
v -4.400000000000e-01 0.000000000000e+00 3.000000000000e-01
v -4.500000000000e-01 0.000000000000e+00 3.100000000000e-01
v -4.400000000000e-01 0.000000000000e+00 3.100000000000e-01
v -4.300000000000e-01 0.000000000000e+00 3.000000000000e-01
v -4.200000000000e-01 0.000000000000e+00 3.000000000000e-01
v -4.100000000000e-01 0.000000000000e+00 3.000000000000e-01
v -4.200000000000e-01 0.000000000000e+00 3.200000000000e-01
v -4.300000000000e-01 0.000000000000e+00 3.200000000000e-01
v -4.400000000000e-01 0.000000000000e+00 3.200000000000e-01
v -4.500000000000e-01 0.000000000000e+00 3.200000000000e-01
v -4.500000000000e-01 0.000000000000e+00 3.000000000000e-01
v -4.200000000000e-01 0.000000000000e+00 2.900000000000e-01
v -4.300000000000e-01 0.000000000000e+00 2.900000000000e-01
v -3.300000000000e-01 0.000000000000e+00 2.800000000000e-01
v -3.200000000000e-01 0.000000000000e+00 2.800000000000e-01
v -3.100000000000e-01 0.000000000000e+00 3.000000000000e-01
v -3.100000000000e-01 0.000000000000e+00 2.800000000000e-01
v -3.000000000000e-01 0.000000000000e+00 2.800000000000e-01
v -3.300000000000e-01 0.000000000000e+00 3.000000000000e-01
v -3.200000000000e-01 0.000000000000e+00 3.000000000000e-01
v -3.200000000000e-01 0.000000000000e+00 2.700000000000e-01
v -3.000000000000e-01 0.000000000000e+00 2.900000000000e-01
v -3.100000000000e-01 0.000000000000e+00 2.700000000000e-01
v -3.000000000000e-01 0.000000000000e+00 2.700000000000e-01
v -3.300000000000e-01 0.000000000000e+00 2.700000000000e-01
v -3.100000000000e-01 0.000000000000e+00 2.900000000000e-01
v -3.200000000000e-01 0.000000000000e+00 2.900000000000e-01
v -3.300000000000e-01 0.000000000000e+00 2.900000000000e-01
v -2.900000000000e-01 0.000000000000e+00 2.400000000000e-01
v -3.200000000000e-01 0.000000000000e+00 2.500000000000e-01
v -3.300000000000e-01 0.000000000000e+00 2.500000000000e-01
v -3.300000000000e-01 0.000000000000e+00 2.600000000000e-01
v -3.200000000000e-01 0.000000000000e+00 2.600000000000e-01
v -3.100000000000e-01 0.000000000000e+00 2.600000000000e-01
v -3.000000000000e-01 0.000000000000e+00 2.600000000000e-01
v -2.900000000000e-01 0.000000000000e+00 2.600000000000e-01
v -3.000000000000e-01 0.000000000000e+00 2.400000000000e-01
v -3.100000000000e-01 0.000000000000e+00 2.400000000000e-01
v -2.900000000000e-01 0.000000000000e+00 2.500000000000e-01
v -3.000000000000e-01 0.000000000000e+00 2.300000000000e-01
v -2.900000000000e-01 0.000000000000e+00 2.300000000000e-01
v -3.100000000000e-01 0.000000000000e+00 2.500000000000e-01
v -3.000000000000e-01 0.000000000000e+00 2.500000000000e-01
v -3.800000000000e-01 0.000000000000e+00 2.900000000000e-01
v -3.900000000000e-01 0.000000000000e+00 3.100000000000e-01
v -4.000000000000e-01 0.000000000000e+00 3.100000000000e-01
v -3.800000000000e-01 0.000000000000e+00 3.100000000000e-01
v -3.700000000000e-01 0.000000000000e+00 3.100000000000e-01
v -4.000000000000e-01 0.000000000000e+00 3.200000000000e-01
v -4.000000000000e-01 0.000000000000e+00 3.000000000000e-01
v -3.900000000000e-01 0.000000000000e+00 3.000000000000e-01
v -3.800000000000e-01 0.000000000000e+00 3.000000000000e-01
v -3.700000000000e-01 0.000000000000e+00 3.000000000000e-01
v -3.900000000000e-01 0.000000000000e+00 3.200000000000e-01
v -3.800000000000e-01 0.000000000000e+00 3.200000000000e-01
v -3.700000000000e-01 0.000000000000e+00 3.200000000000e-01
v -3.700000000000e-01 0.000000000000e+00 2.900000000000e-01
v -3.900000000000e-01 0.000000000000e+00 2.900000000000e-01
v -3.500000000000e-01 0.000000000000e+00 2.700000000000e-01
v -3.600000000000e-01 0.000000000000e+00 3.200000000000e-01
v -3.400000000000e-01 0.000000000000e+00 2.700000000000e-01
v -3.400000000000e-01 0.000000000000e+00 3.000000000000e-01
v -3.500000000000e-01 0.000000000000e+00 2.800000000000e-01
v -3.600000000000e-01 0.000000000000e+00 2.800000000000e-01
v -3.400000000000e-01 0.000000000000e+00 2.900000000000e-01
v -3.500000000000e-01 0.000000000000e+00 2.900000000000e-01
v -3.600000000000e-01 0.000000000000e+00 2.900000000000e-01
v -3.500000000000e-01 0.000000000000e+00 3.100000000000e-01
v -3.600000000000e-01 0.000000000000e+00 3.000000000000e-01
v -3.400000000000e-01 0.000000000000e+00 2.800000000000e-01
v -3.500000000000e-01 0.000000000000e+00 3.000000000000e-01
v -3.600000000000e-01 0.000000000000e+00 3.100000000000e-01
v -3.700000000000e-01 0.000000000000e+00 2.700000000000e-01
v -3.600000000000e-01 0.000000000000e+00 2.600000000000e-01
v -3.700000000000e-01 0.000000000000e+00 2.800000000000e-01
v -3.800000000000e-01 0.000000000000e+00 2.800000000000e-01
v -3.700000000000e-01 0.000000000000e+00 2.600000000000e-01
v -3.800000000000e-01 0.000000000000e+00 2.700000000000e-01
v -3.500000000000e-01 0.000000000000e+00 2.600000000000e-01
v -3.600000000000e-01 0.000000000000e+00 2.700000000000e-01
v -3.800000000000e-01 0.000000000000e+00 2.600000000000e-01
v -3.400000000000e-01 0.000000000000e+00 2.600000000000e-01
v -3.400000000000e-01 0.000000000000e+00 2.500000000000e-01
v -3.600000000000e-01 0.000000000000e+00 2.500000000000e-01
v -3.500000000000e-01 0.000000000000e+00 2.500000000000e-01
v -3.700000000000e-01 0.000000000000e+00 2.500000000000e-01
v -3.800000000000e-01 0.000000000000e+00 2.500000000000e-01
v -3.500000000000e-01 0.000000000000e+00 2.400000000000e-01
v -3.600000000000e-01 0.000000000000e+00 2.400000000000e-01
v -3.700000000000e-01 0.000000000000e+00 2.400000000000e-01
v -3.800000000000e-01 0.000000000000e+00 2.400000000000e-01
v -3.800000000000e-01 0.000000000000e+00 2.200000000000e-01
v -3.700000000000e-01 0.000000000000e+00 2.200000000000e-01
v -3.600000000000e-01 0.000000000000e+00 2.200000000000e-01
v -3.500000000000e-01 0.000000000000e+00 2.200000000000e-01
v -3.400000000000e-01 0.000000000000e+00 2.200000000000e-01
v -3.500000000000e-01 0.000000000000e+00 2.300000000000e-01
v -3.600000000000e-01 0.000000000000e+00 2.300000000000e-01
v -3.800000000000e-01 0.000000000000e+00 2.300000000000e-01
v -3.400000000000e-01 0.000000000000e+00 2.100000000000e-01
v -3.700000000000e-01 0.000000000000e+00 2.300000000000e-01
v -3.500000000000e-01 0.000000000000e+00 2.100000000000e-01
v -3.700000000000e-01 0.000000000000e+00 1.600000000000e-01
v -3.400000000000e-01 0.000000000000e+00 1.600000000000e-01
v -3.500000000000e-01 0.000000000000e+00 1.600000000000e-01
v -3.800000000000e-01 0.000000000000e+00 2.000000000000e-01
v -3.800000000000e-01 0.000000000000e+00 1.800000000000e-01
v -3.700000000000e-01 0.000000000000e+00 1.800000000000e-01
v -3.500000000000e-01 0.000000000000e+00 1.700000000000e-01
v -3.600000000000e-01 0.000000000000e+00 1.700000000000e-01
v -3.700000000000e-01 0.000000000000e+00 1.700000000000e-01
v -3.800000000000e-01 0.000000000000e+00 1.700000000000e-01
v -3.600000000000e-01 0.000000000000e+00 1.800000000000e-01
v -3.800000000000e-01 0.000000000000e+00 1.900000000000e-01
v -3.700000000000e-01 0.000000000000e+00 1.900000000000e-01
v -3.600000000000e-01 0.000000000000e+00 1.600000000000e-01
v -3.700000000000e-01 0.000000000000e+00 2.000000000000e-01
v -3.600000000000e-01 0.000000000000e+00 2.000000000000e-01
v -3.500000000000e-01 0.000000000000e+00 2.000000000000e-01
v -3.500000000000e-01 0.000000000000e+00 1.800000000000e-01
v -3.400000000000e-01 0.000000000000e+00 1.800000000000e-01
v -3.300000000000e-01 0.000000000000e+00 1.800000000000e-01
v -3.300000000000e-01 0.000000000000e+00 1.700000000000e-01
v -3.300000000000e-01 0.000000000000e+00 1.600000000000e-01
v -3.400000000000e-01 0.000000000000e+00 1.700000000000e-01
v -3.400000000000e-01 0.000000000000e+00 1.900000000000e-01
v -3.600000000000e-01 0.000000000000e+00 1.900000000000e-01
v -3.500000000000e-01 0.000000000000e+00 1.900000000000e-01
v -3.400000000000e-01 0.000000000000e+00 2.000000000000e-01
v -3.800000000000e-01 0.000000000000e+00 2.100000000000e-01
v -3.700000000000e-01 0.000000000000e+00 2.100000000000e-01
v -3.600000000000e-01 0.000000000000e+00 2.100000000000e-01
v -2.900000000000e-01 0.000000000000e+00 1.600000000000e-01
v -2.900000000000e-01 0.000000000000e+00 1.500000000000e-01
v -3.000000000000e-01 0.000000000000e+00 1.500000000000e-01
v -3.100000000000e-01 0.000000000000e+00 1.500000000000e-01
v -3.200000000000e-01 0.000000000000e+00 1.500000000000e-01
v -3.100000000000e-01 0.000000000000e+00 1.600000000000e-01
v -3.000000000000e-01 0.000000000000e+00 1.600000000000e-01
v -3.200000000000e-01 0.000000000000e+00 1.600000000000e-01
v -3.200000000000e-01 0.000000000000e+00 1.700000000000e-01
v -3.100000000000e-01 0.000000000000e+00 1.700000000000e-01
v -3.000000000000e-01 0.000000000000e+00 1.700000000000e-01
v -2.900000000000e-01 0.000000000000e+00 1.700000000000e-01
v -3.000000000000e-01 0.000000000000e+00 1.400000000000e-01
v -3.100000000000e-01 0.000000000000e+00 1.400000000000e-01
v -2.900000000000e-01 0.000000000000e+00 1.400000000000e-01
v -3.200000000000e-01 0.000000000000e+00 2.100000000000e-01
v -3.000000000000e-01 0.000000000000e+00 1.800000000000e-01
v -3.100000000000e-01 0.000000000000e+00 1.800000000000e-01
v -3.200000000000e-01 0.000000000000e+00 1.800000000000e-01
v -2.900000000000e-01 0.000000000000e+00 1.900000000000e-01
v -3.300000000000e-01 0.000000000000e+00 2.000000000000e-01
v -3.200000000000e-01 0.000000000000e+00 2.000000000000e-01
v -3.100000000000e-01 0.000000000000e+00 2.000000000000e-01
v -3.000000000000e-01 0.000000000000e+00 2.000000000000e-01
v -2.900000000000e-01 0.000000000000e+00 2.000000000000e-01
v -2.900000000000e-01 0.000000000000e+00 1.800000000000e-01
v -3.300000000000e-01 0.000000000000e+00 2.100000000000e-01
v -3.100000000000e-01 0.000000000000e+00 1.900000000000e-01
v -3.300000000000e-01 0.000000000000e+00 1.900000000000e-01
v -3.000000000000e-01 0.000000000000e+00 1.900000000000e-01
v -3.200000000000e-01 0.000000000000e+00 1.900000000000e-01
v -2.900000000000e-01 0.000000000000e+00 2.200000000000e-01
v -3.200000000000e-01 0.000000000000e+00 2.400000000000e-01
v -3.300000000000e-01 0.000000000000e+00 2.400000000000e-01
v -3.400000000000e-01 0.000000000000e+00 2.400000000000e-01
v -3.000000000000e-01 0.000000000000e+00 2.200000000000e-01
v -3.100000000000e-01 0.000000000000e+00 2.200000000000e-01
v -3.200000000000e-01 0.000000000000e+00 2.200000000000e-01
v -3.300000000000e-01 0.000000000000e+00 2.200000000000e-01
v -3.100000000000e-01 0.000000000000e+00 2.300000000000e-01
v -3.200000000000e-01 0.000000000000e+00 2.300000000000e-01
v -2.900000000000e-01 0.000000000000e+00 2.100000000000e-01
v -3.000000000000e-01 0.000000000000e+00 2.100000000000e-01
v -3.100000000000e-01 0.000000000000e+00 2.100000000000e-01
v -3.300000000000e-01 0.000000000000e+00 2.300000000000e-01
v -3.400000000000e-01 0.000000000000e+00 2.300000000000e-01
v -1.200000000000e-01 0.000000000000e+00 1.200000000000e-01
v -1.300000000000e-01 0.000000000000e+00 1.200000000000e-01
v -1.400000000000e-01 0.000000000000e+00 1.200000000000e-01
v -1.100000000000e-01 0.000000000000e+00 1.100000000000e-01
v -1.500000000000e-01 0.000000000000e+00 1.200000000000e-01
v -1.200000000000e-01 0.000000000000e+00 1.100000000000e-01
v -1.300000000000e-01 0.000000000000e+00 1.100000000000e-01
v -1.400000000000e-01 0.000000000000e+00 1.100000000000e-01
v -1.500000000000e-01 0.000000000000e+00 1.100000000000e-01
v -1.500000000000e-01 0.000000000000e+00 1.400000000000e-01
v -1.400000000000e-01 0.000000000000e+00 1.400000000000e-01
v -1.300000000000e-01 0.000000000000e+00 1.300000000000e-01
v -1.400000000000e-01 0.000000000000e+00 1.300000000000e-01
v -1.500000000000e-01 0.000000000000e+00 1.300000000000e-01
v -1.100000000000e-01 0.000000000000e+00 1.200000000000e-01
v -1.300000000000e-01 0.000000000000e+00 1.400000000000e-01
v -1.200000000000e-01 0.000000000000e+00 1.400000000000e-01
v -1.100000000000e-01 0.000000000000e+00 1.500000000000e-01
v -1.400000000000e-01 0.000000000000e+00 1.600000000000e-01
v -1.300000000000e-01 0.000000000000e+00 1.600000000000e-01
v -1.200000000000e-01 0.000000000000e+00 1.600000000000e-01
v -1.200000000000e-01 0.000000000000e+00 1.500000000000e-01
v -1.100000000000e-01 0.000000000000e+00 1.400000000000e-01
v -1.300000000000e-01 0.000000000000e+00 1.500000000000e-01
v -1.400000000000e-01 0.000000000000e+00 1.800000000000e-01
v -1.100000000000e-01 0.000000000000e+00 1.300000000000e-01
v -1.400000000000e-01 0.000000000000e+00 1.500000000000e-01
v -1.200000000000e-01 0.000000000000e+00 1.300000000000e-01
v -1.300000000000e-01 0.000000000000e+00 1.700000000000e-01
v -1.400000000000e-01 0.000000000000e+00 1.700000000000e-01
v -1.700000000000e-01 0.000000000000e+00 1.400000000000e-01
v -1.700000000000e-01 0.000000000000e+00 1.200000000000e-01
v -1.800000000000e-01 0.000000000000e+00 1.400000000000e-01
v -1.800000000000e-01 0.000000000000e+00 1.200000000000e-01
v -1.900000000000e-01 0.000000000000e+00 1.400000000000e-01
v -2.000000000000e-01 0.000000000000e+00 1.400000000000e-01
v -1.600000000000e-01 0.000000000000e+00 1.200000000000e-01
v -1.900000000000e-01 0.000000000000e+00 1.200000000000e-01
v -2.000000000000e-01 0.000000000000e+00 1.500000000000e-01
v -1.900000000000e-01 0.000000000000e+00 1.500000000000e-01
v -1.800000000000e-01 0.000000000000e+00 1.500000000000e-01
v -1.600000000000e-01 0.000000000000e+00 1.300000000000e-01
v -1.700000000000e-01 0.000000000000e+00 1.300000000000e-01
v -1.800000000000e-01 0.000000000000e+00 1.300000000000e-01
v -1.900000000000e-01 0.000000000000e+00 1.300000000000e-01
v -2.000000000000e-01 0.000000000000e+00 1.700000000000e-01
v -1.800000000000e-01 0.000000000000e+00 1.900000000000e-01
v -1.900000000000e-01 0.000000000000e+00 1.900000000000e-01
v -1.800000000000e-01 0.000000000000e+00 2.000000000000e-01
v -1.900000000000e-01 0.000000000000e+00 2.000000000000e-01
v -2.000000000000e-01 0.000000000000e+00 1.800000000000e-01
v -1.900000000000e-01 0.000000000000e+00 1.800000000000e-01
v -1.800000000000e-01 0.000000000000e+00 1.800000000000e-01
v -2.000000000000e-01 0.000000000000e+00 2.000000000000e-01
v -1.900000000000e-01 0.000000000000e+00 1.700000000000e-01
v -2.000000000000e-01 0.000000000000e+00 1.900000000000e-01
v -1.800000000000e-01 0.000000000000e+00 1.600000000000e-01
v -1.800000000000e-01 0.000000000000e+00 1.700000000000e-01
v -1.900000000000e-01 0.000000000000e+00 1.600000000000e-01
v -2.000000000000e-01 0.000000000000e+00 1.600000000000e-01
v -1.600000000000e-01 0.000000000000e+00 1.900000000000e-01
v -1.700000000000e-01 0.000000000000e+00 1.600000000000e-01
v -1.600000000000e-01 0.000000000000e+00 1.600000000000e-01
v -1.500000000000e-01 0.000000000000e+00 1.600000000000e-01
v -1.500000000000e-01 0.000000000000e+00 1.900000000000e-01
v -1.700000000000e-01 0.000000000000e+00 1.500000000000e-01
v -1.600000000000e-01 0.000000000000e+00 1.500000000000e-01
v -1.500000000000e-01 0.000000000000e+00 1.500000000000e-01
v -1.700000000000e-01 0.000000000000e+00 1.700000000000e-01
v -1.600000000000e-01 0.000000000000e+00 1.400000000000e-01
v -1.600000000000e-01 0.000000000000e+00 1.700000000000e-01
v -1.500000000000e-01 0.000000000000e+00 1.700000000000e-01
v -1.500000000000e-01 0.000000000000e+00 1.800000000000e-01
v -1.600000000000e-01 0.000000000000e+00 1.800000000000e-01
v -1.700000000000e-01 0.000000000000e+00 1.800000000000e-01
v -1.700000000000e-01 0.000000000000e+00 1.900000000000e-01
v -2.000000000000e-01 0.000000000000e+00 1.200000000000e-01
v -2.300000000000e-01 0.000000000000e+00 1.400000000000e-01
v -2.300000000000e-01 0.000000000000e+00 1.500000000000e-01
v -2.100000000000e-01 0.000000000000e+00 1.600000000000e-01
v -2.200000000000e-01 0.000000000000e+00 1.600000000000e-01
v -2.300000000000e-01 0.000000000000e+00 1.600000000000e-01
v -2.300000000000e-01 0.000000000000e+00 1.300000000000e-01
v -2.200000000000e-01 0.000000000000e+00 1.300000000000e-01
v -2.100000000000e-01 0.000000000000e+00 1.300000000000e-01
v -2.000000000000e-01 0.000000000000e+00 1.300000000000e-01
v -2.200000000000e-01 0.000000000000e+00 1.200000000000e-01
v -2.100000000000e-01 0.000000000000e+00 1.500000000000e-01
v -2.200000000000e-01 0.000000000000e+00 1.500000000000e-01
v -2.100000000000e-01 0.000000000000e+00 1.200000000000e-01
v -2.100000000000e-01 0.000000000000e+00 1.400000000000e-01
v -2.200000000000e-01 0.000000000000e+00 1.400000000000e-01
v -2.700000000000e-01 0.000000000000e+00 1.600000000000e-01
v -2.400000000000e-01 0.000000000000e+00 1.700000000000e-01
v -2.500000000000e-01 0.000000000000e+00 1.700000000000e-01
v -2.600000000000e-01 0.000000000000e+00 1.700000000000e-01
v -2.400000000000e-01 0.000000000000e+00 1.500000000000e-01
v -2.700000000000e-01 0.000000000000e+00 1.700000000000e-01
v -2.800000000000e-01 0.000000000000e+00 1.700000000000e-01
v -2.500000000000e-01 0.000000000000e+00 1.500000000000e-01
v -2.500000000000e-01 0.000000000000e+00 1.800000000000e-01
v -2.600000000000e-01 0.000000000000e+00 1.600000000000e-01
v -2.600000000000e-01 0.000000000000e+00 1.800000000000e-01
v -2.700000000000e-01 0.000000000000e+00 1.800000000000e-01
v -2.800000000000e-01 0.000000000000e+00 1.800000000000e-01
v -2.400000000000e-01 0.000000000000e+00 1.600000000000e-01
v -2.500000000000e-01 0.000000000000e+00 1.600000000000e-01
v -2.700000000000e-01 0.000000000000e+00 1.500000000000e-01
v -2.700000000000e-01 0.000000000000e+00 1.300000000000e-01
v -2.600000000000e-01 0.000000000000e+00 1.300000000000e-01
v -2.500000000000e-01 0.000000000000e+00 1.300000000000e-01
v -2.800000000000e-01 0.000000000000e+00 1.300000000000e-01
v -2.800000000000e-01 0.000000000000e+00 1.500000000000e-01
v -2.400000000000e-01 0.000000000000e+00 1.300000000000e-01
v -2.600000000000e-01 0.000000000000e+00 1.500000000000e-01
v -2.800000000000e-01 0.000000000000e+00 1.600000000000e-01
v -2.800000000000e-01 0.000000000000e+00 1.400000000000e-01
v -2.400000000000e-01 0.000000000000e+00 1.400000000000e-01
v -2.500000000000e-01 0.000000000000e+00 1.400000000000e-01
v -2.700000000000e-01 0.000000000000e+00 1.400000000000e-01
v -2.600000000000e-01 0.000000000000e+00 1.400000000000e-01
v -2.700000000000e-01 0.000000000000e+00 2.100000000000e-01
v -2.800000000000e-01 0.000000000000e+00 2.000000000000e-01
v -2.700000000000e-01 0.000000000000e+00 2.400000000000e-01
v -2.600000000000e-01 0.000000000000e+00 1.900000000000e-01
v -2.800000000000e-01 0.000000000000e+00 2.200000000000e-01
v -2.700000000000e-01 0.000000000000e+00 2.200000000000e-01
v -2.800000000000e-01 0.000000000000e+00 2.400000000000e-01
v -2.800000000000e-01 0.000000000000e+00 2.100000000000e-01
v -2.700000000000e-01 0.000000000000e+00 2.000000000000e-01
v -2.700000000000e-01 0.000000000000e+00 2.300000000000e-01
v -2.600000000000e-01 0.000000000000e+00 2.100000000000e-01
v -2.800000000000e-01 0.000000000000e+00 2.300000000000e-01
v -2.700000000000e-01 0.000000000000e+00 1.900000000000e-01
v -2.800000000000e-01 0.000000000000e+00 1.900000000000e-01
v -2.800000000000e-01 0.000000000000e+00 2.500000000000e-01
v -2.600000000000e-01 0.000000000000e+00 2.000000000000e-01
v -2.500000000000e-01 0.000000000000e+00 2.300000000000e-01
v -2.600000000000e-01 0.000000000000e+00 2.300000000000e-01
v -2.200000000000e-01 0.000000000000e+00 2.000000000000e-01
v -2.100000000000e-01 0.000000000000e+00 2.000000000000e-01
v -2.600000000000e-01 0.000000000000e+00 2.200000000000e-01
v -2.200000000000e-01 0.000000000000e+00 2.200000000000e-01
v -2.300000000000e-01 0.000000000000e+00 2.200000000000e-01
v -2.400000000000e-01 0.000000000000e+00 2.300000000000e-01
v -2.400000000000e-01 0.000000000000e+00 2.200000000000e-01
v -2.100000000000e-01 0.000000000000e+00 2.100000000000e-01
v -2.200000000000e-01 0.000000000000e+00 2.100000000000e-01
v -2.300000000000e-01 0.000000000000e+00 2.100000000000e-01
v -2.400000000000e-01 0.000000000000e+00 2.100000000000e-01
v -2.500000000000e-01 0.000000000000e+00 2.200000000000e-01
v -2.500000000000e-01 0.000000000000e+00 2.100000000000e-01
v -2.300000000000e-01 0.000000000000e+00 2.000000000000e-01
v -2.400000000000e-01 0.000000000000e+00 2.000000000000e-01
v -2.500000000000e-01 0.000000000000e+00 2.000000000000e-01
v -2.300000000000e-01 0.000000000000e+00 1.900000000000e-01
v -2.100000000000e-01 0.000000000000e+00 1.900000000000e-01
v -2.200000000000e-01 0.000000000000e+00 1.900000000000e-01
v -2.400000000000e-01 0.000000000000e+00 1.900000000000e-01
v -2.500000000000e-01 0.000000000000e+00 1.900000000000e-01
v -2.100000000000e-01 0.000000000000e+00 1.700000000000e-01
v -2.200000000000e-01 0.000000000000e+00 1.700000000000e-01
v -2.300000000000e-01 0.000000000000e+00 1.700000000000e-01
v -2.100000000000e-01 0.000000000000e+00 1.800000000000e-01
v -2.200000000000e-01 0.000000000000e+00 1.800000000000e-01
v -2.400000000000e-01 0.000000000000e+00 1.800000000000e-01
v -2.300000000000e-01 0.000000000000e+00 1.800000000000e-01
v -2.900000000000e-01 0.000000000000e+00 2.800000000000e-01
v -2.900000000000e-01 0.000000000000e+00 2.700000000000e-01
v -2.800000000000e-01 0.000000000000e+00 2.600000000000e-01
v -2.700000000000e-01 0.000000000000e+00 2.600000000000e-01
v -2.600000000000e-01 0.000000000000e+00 2.600000000000e-01
v -2.500000000000e-01 0.000000000000e+00 2.600000000000e-01
v -2.500000000000e-01 0.000000000000e+00 2.500000000000e-01
v -2.800000000000e-01 0.000000000000e+00 2.700000000000e-01
v -2.500000000000e-01 0.000000000000e+00 2.400000000000e-01
v -2.600000000000e-01 0.000000000000e+00 2.400000000000e-01
v -2.700000000000e-01 0.000000000000e+00 2.700000000000e-01
v -2.600000000000e-01 0.000000000000e+00 2.700000000000e-01
v -2.700000000000e-01 0.000000000000e+00 2.500000000000e-01
v -2.800000000000e-01 0.000000000000e+00 2.800000000000e-01
v -2.600000000000e-01 0.000000000000e+00 2.500000000000e-01
v -2.500000000000e-01 0.000000000000e+00 3.000000000000e-01
v -2.500000000000e-01 0.000000000000e+00 2.800000000000e-01
v -3.000000000000e-01 0.000000000000e+00 3.000000000000e-01
v -2.600000000000e-01 0.000000000000e+00 2.800000000000e-01
v -2.600000000000e-01 0.000000000000e+00 3.000000000000e-01
v -2.700000000000e-01 0.000000000000e+00 2.800000000000e-01
v -2.700000000000e-01 0.000000000000e+00 3.000000000000e-01
v -2.900000000000e-01 0.000000000000e+00 3.000000000000e-01
v -2.900000000000e-01 0.000000000000e+00 2.900000000000e-01
v -2.800000000000e-01 0.000000000000e+00 2.900000000000e-01
v -2.700000000000e-01 0.000000000000e+00 2.900000000000e-01
v -2.800000000000e-01 0.000000000000e+00 3.000000000000e-01
v -2.600000000000e-01 0.000000000000e+00 2.900000000000e-01
v -2.500000000000e-01 0.000000000000e+00 2.900000000000e-01
v -2.200000000000e-01 0.000000000000e+00 2.700000000000e-01
v -2.100000000000e-01 0.000000000000e+00 2.700000000000e-01
v -2.000000000000e-01 0.000000000000e+00 2.700000000000e-01
v -2.200000000000e-01 0.000000000000e+00 3.000000000000e-01
v -2.300000000000e-01 0.000000000000e+00 2.800000000000e-01
v -2.000000000000e-01 0.000000000000e+00 2.800000000000e-01
v -2.400000000000e-01 0.000000000000e+00 2.900000000000e-01
v -2.100000000000e-01 0.000000000000e+00 2.800000000000e-01
v -2.200000000000e-01 0.000000000000e+00 2.800000000000e-01
v -2.300000000000e-01 0.000000000000e+00 2.900000000000e-01
v -2.400000000000e-01 0.000000000000e+00 2.800000000000e-01
v -2.200000000000e-01 0.000000000000e+00 2.900000000000e-01
v -2.100000000000e-01 0.000000000000e+00 2.900000000000e-01
v -2.300000000000e-01 0.000000000000e+00 3.000000000000e-01
v -2.400000000000e-01 0.000000000000e+00 3.000000000000e-01
v -2.200000000000e-01 0.000000000000e+00 2.300000000000e-01
v -2.300000000000e-01 0.000000000000e+00 2.300000000000e-01
v -2.200000000000e-01 0.000000000000e+00 2.400000000000e-01
v -2.400000000000e-01 0.000000000000e+00 2.500000000000e-01
v -2.300000000000e-01 0.000000000000e+00 2.400000000000e-01
v -2.500000000000e-01 0.000000000000e+00 2.700000000000e-01
v -2.400000000000e-01 0.000000000000e+00 2.700000000000e-01
v -2.300000000000e-01 0.000000000000e+00 2.700000000000e-01
v -2.400000000000e-01 0.000000000000e+00 2.400000000000e-01
v -2.200000000000e-01 0.000000000000e+00 2.500000000000e-01
v -2.300000000000e-01 0.000000000000e+00 2.500000000000e-01
v -2.400000000000e-01 0.000000000000e+00 2.600000000000e-01
v -2.300000000000e-01 0.000000000000e+00 2.600000000000e-01
v -2.200000000000e-01 0.000000000000e+00 2.600000000000e-01
v -2.000000000000e-01 0.000000000000e+00 2.100000000000e-01
v -2.000000000000e-01 0.000000000000e+00 2.500000000000e-01
v -1.900000000000e-01 0.000000000000e+00 2.500000000000e-01
v -2.100000000000e-01 0.000000000000e+00 2.500000000000e-01
v -1.900000000000e-01 0.000000000000e+00 2.100000000000e-01
v -1.900000000000e-01 0.000000000000e+00 2.300000000000e-01
v -1.900000000000e-01 0.000000000000e+00 2.400000000000e-01
v -2.000000000000e-01 0.000000000000e+00 2.400000000000e-01
v -2.100000000000e-01 0.000000000000e+00 2.400000000000e-01
v -2.000000000000e-01 0.000000000000e+00 2.300000000000e-01
v -2.100000000000e-01 0.000000000000e+00 2.300000000000e-01
v -2.100000000000e-01 0.000000000000e+00 2.200000000000e-01
v -2.000000000000e-01 0.000000000000e+00 2.200000000000e-01
v -1.900000000000e-01 0.000000000000e+00 2.200000000000e-01
v -2.100000000000e-01 0.000000000000e+00 2.600000000000e-01
v -2.000000000000e-01 0.000000000000e+00 2.600000000000e-01
v -1.700000000000e-01 0.000000000000e+00 2.300000000000e-01
v -1.800000000000e-01 0.000000000000e+00 2.300000000000e-01
v -1.600000000000e-01 0.000000000000e+00 2.300000000000e-01
v -1.700000000000e-01 0.000000000000e+00 2.100000000000e-01
v -1.600000000000e-01 0.000000000000e+00 2.100000000000e-01
v -1.800000000000e-01 0.000000000000e+00 2.100000000000e-01
v -1.600000000000e-01 0.000000000000e+00 2.400000000000e-01
v -1.800000000000e-01 0.000000000000e+00 2.400000000000e-01
v -1.700000000000e-01 0.000000000000e+00 2.400000000000e-01
v -1.700000000000e-01 0.000000000000e+00 2.000000000000e-01
v -1.600000000000e-01 0.000000000000e+00 2.000000000000e-01
v -1.600000000000e-01 0.000000000000e+00 2.200000000000e-01
v -1.800000000000e-01 0.000000000000e+00 2.200000000000e-01
v -1.700000000000e-01 0.000000000000e+00 2.200000000000e-01
v -1.500000000000e-01 0.000000000000e+00 2.200000000000e-01
v -1.100000000000e-01 0.000000000000e+00 2.300000000000e-01
v -1.100000000000e-01 0.000000000000e+00 2.200000000000e-01
v -1.200000000000e-01 0.000000000000e+00 2.300000000000e-01
v -1.300000000000e-01 0.000000000000e+00 2.300000000000e-01
v -1.400000000000e-01 0.000000000000e+00 2.300000000000e-01
v -1.500000000000e-01 0.000000000000e+00 2.300000000000e-01
v -1.400000000000e-01 0.000000000000e+00 2.200000000000e-01
v -1.300000000000e-01 0.000000000000e+00 2.200000000000e-01
v -1.200000000000e-01 0.000000000000e+00 2.200000000000e-01
v -1.100000000000e-01 0.000000000000e+00 2.100000000000e-01
v -1.200000000000e-01 0.000000000000e+00 2.100000000000e-01
v -1.300000000000e-01 0.000000000000e+00 2.100000000000e-01
v -1.100000000000e-01 0.000000000000e+00 2.000000000000e-01
v -1.300000000000e-01 0.000000000000e+00 2.400000000000e-01
v -1.200000000000e-01 0.000000000000e+00 1.900000000000e-01
v -1.200000000000e-01 0.000000000000e+00 2.000000000000e-01
v -1.400000000000e-01 0.000000000000e+00 2.100000000000e-01
v -1.300000000000e-01 0.000000000000e+00 2.000000000000e-01
v -1.100000000000e-01 0.000000000000e+00 1.800000000000e-01
v -1.200000000000e-01 0.000000000000e+00 1.800000000000e-01
v -1.300000000000e-01 0.000000000000e+00 1.800000000000e-01
v -1.400000000000e-01 0.000000000000e+00 2.000000000000e-01
v -1.500000000000e-01 0.000000000000e+00 2.000000000000e-01
v -1.400000000000e-01 0.000000000000e+00 1.900000000000e-01
v -1.300000000000e-01 0.000000000000e+00 1.900000000000e-01
v -1.500000000000e-01 0.000000000000e+00 2.100000000000e-01
v -1.200000000000e-01 0.000000000000e+00 1.700000000000e-01
v -1.100000000000e-01 0.000000000000e+00 1.900000000000e-01
v -1.100000000000e-01 0.000000000000e+00 1.700000000000e-01
v -1.700000000000e-01 0.000000000000e+00 2.900000000000e-01
v -1.800000000000e-01 0.000000000000e+00 2.900000000000e-01
v -1.900000000000e-01 0.000000000000e+00 2.900000000000e-01
v -2.000000000000e-01 0.000000000000e+00 2.900000000000e-01
v -1.900000000000e-01 0.000000000000e+00 2.700000000000e-01
v -1.800000000000e-01 0.000000000000e+00 2.700000000000e-01
v -1.700000000000e-01 0.000000000000e+00 2.700000000000e-01
v -1.700000000000e-01 0.000000000000e+00 2.800000000000e-01
v -1.800000000000e-01 0.000000000000e+00 2.800000000000e-01
v -1.900000000000e-01 0.000000000000e+00 2.800000000000e-01
v -1.700000000000e-01 0.000000000000e+00 2.500000000000e-01
v -1.800000000000e-01 0.000000000000e+00 2.500000000000e-01
v -1.700000000000e-01 0.000000000000e+00 2.600000000000e-01
v -1.800000000000e-01 0.000000000000e+00 2.600000000000e-01
v -1.900000000000e-01 0.000000000000e+00 2.600000000000e-01
v -1.500000000000e-01 0.000000000000e+00 2.900000000000e-01
v -1.400000000000e-01 0.000000000000e+00 2.500000000000e-01
v -1.500000000000e-01 0.000000000000e+00 2.800000000000e-01
v -1.600000000000e-01 0.000000000000e+00 2.800000000000e-01
v -1.600000000000e-01 0.000000000000e+00 2.600000000000e-01
v -1.500000000000e-01 0.000000000000e+00 2.600000000000e-01
v -1.600000000000e-01 0.000000000000e+00 2.500000000000e-01
v -1.600000000000e-01 0.000000000000e+00 2.900000000000e-01
v -1.500000000000e-01 0.000000000000e+00 2.500000000000e-01
v -1.600000000000e-01 0.000000000000e+00 2.700000000000e-01
v -1.500000000000e-01 0.000000000000e+00 2.700000000000e-01
v -1.400000000000e-01 0.000000000000e+00 2.400000000000e-01
v -1.500000000000e-01 0.000000000000e+00 2.400000000000e-01
v -1.400000000000e-01 0.000000000000e+00 2.600000000000e-01
v -1.400000000000e-01 0.000000000000e+00 2.700000000000e-01
v -1.100000000000e-01 0.000000000000e+00 2.600000000000e-01
v -1.200000000000e-01 0.000000000000e+00 2.400000000000e-01
v -1.100000000000e-01 0.000000000000e+00 2.400000000000e-01
v -1.300000000000e-01 0.000000000000e+00 2.600000000000e-01
v -1.200000000000e-01 0.000000000000e+00 2.600000000000e-01
v -1.100000000000e-01 0.000000000000e+00 2.500000000000e-01
v -1.200000000000e-01 0.000000000000e+00 2.500000000000e-01
v -1.300000000000e-01 0.000000000000e+00 2.500000000000e-01
v -1.100000000000e-01 0.000000000000e+00 2.700000000000e-01
v -1.200000000000e-01 0.000000000000e+00 2.800000000000e-01
v -1.200000000000e-01 0.000000000000e+00 2.700000000000e-01
v -1.300000000000e-01 0.000000000000e+00 2.700000000000e-01
v -1.300000000000e-01 0.000000000000e+00 2.900000000000e-01
v -1.400000000000e-01 0.000000000000e+00 2.900000000000e-01
v -1.300000000000e-01 0.000000000000e+00 2.800000000000e-01
v -1.400000000000e-01 0.000000000000e+00 2.800000000000e-01
v 1.000000000000e-02 0.000000000000e+00 2.700000000000e-01
v 1.000000000000e-02 0.000000000000e+00 3.100000000000e-01
v 2.000000000000e-02 0.000000000000e+00 2.700000000000e-01
v 2.000000000000e-02 0.000000000000e+00 3.000000000000e-01
v 1.000000000000e-02 0.000000000000e+00 3.000000000000e-01
v 0.000000000000e+00 0.000000000000e+00 3.000000000000e-01
v 0.000000000000e+00 0.000000000000e+00 2.900000000000e-01
v 1.000000000000e-02 0.000000000000e+00 2.900000000000e-01
v 2.000000000000e-02 0.000000000000e+00 2.900000000000e-01
v 0.000000000000e+00 0.000000000000e+00 3.100000000000e-01
v 2.000000000000e-02 0.000000000000e+00 2.600000000000e-01
v 1.000000000000e-02 0.000000000000e+00 2.800000000000e-01
v 2.000000000000e-02 0.000000000000e+00 2.800000000000e-01
v -1.000000000000e-02 0.000000000000e+00 3.000000000000e-01
v 3.000000000000e-02 0.000000000000e+00 2.800000000000e-01
v 4.000000000000e-02 0.000000000000e+00 2.800000000000e-01
v 5.000000000000e-02 0.000000000000e+00 2.800000000000e-01
v 3.000000000000e-02 0.000000000000e+00 2.600000000000e-01
v 4.000000000000e-02 0.000000000000e+00 2.600000000000e-01
v 5.000000000000e-02 0.000000000000e+00 2.600000000000e-01
v 5.000000000000e-02 0.000000000000e+00 2.900000000000e-01
v 4.000000000000e-02 0.000000000000e+00 2.900000000000e-01
v 3.000000000000e-02 0.000000000000e+00 2.900000000000e-01
v 3.000000000000e-02 0.000000000000e+00 3.000000000000e-01
v 4.000000000000e-02 0.000000000000e+00 3.000000000000e-01
v 3.000000000000e-02 0.000000000000e+00 2.700000000000e-01
v 5.000000000000e-02 0.000000000000e+00 2.700000000000e-01
v 4.000000000000e-02 0.000000000000e+00 2.700000000000e-01
v 3.000000000000e-02 0.000000000000e+00 3.100000000000e-01
v 0.000000000000e+00 0.000000000000e+00 3.400000000000e-01
v 1.000000000000e-02 0.000000000000e+00 3.400000000000e-01
v 4.000000000000e-02 0.000000000000e+00 3.100000000000e-01
v 4.000000000000e-02 0.000000000000e+00 3.200000000000e-01
v 3.000000000000e-02 0.000000000000e+00 3.200000000000e-01
v 2.000000000000e-02 0.000000000000e+00 3.400000000000e-01
v 0.000000000000e+00 0.000000000000e+00 3.200000000000e-01
v 3.000000000000e-02 0.000000000000e+00 3.300000000000e-01
v 2.000000000000e-02 0.000000000000e+00 3.300000000000e-01
v 1.000000000000e-02 0.000000000000e+00 3.200000000000e-01
v 2.000000000000e-02 0.000000000000e+00 3.200000000000e-01
v 2.000000000000e-02 0.000000000000e+00 3.100000000000e-01
v 1.000000000000e-02 0.000000000000e+00 3.300000000000e-01
v 0.000000000000e+00 0.000000000000e+00 3.300000000000e-01
v 2.000000000000e-02 0.000000000000e+00 3.600000000000e-01
v 4.000000000000e-02 0.000000000000e+00 3.500000000000e-01
v 4.000000000000e-02 0.000000000000e+00 3.400000000000e-01
v 4.000000000000e-02 0.000000000000e+00 3.600000000000e-01
v 3.000000000000e-02 0.000000000000e+00 3.600000000000e-01
v 3.000000000000e-02 0.000000000000e+00 3.800000000000e-01
v 2.000000000000e-02 0.000000000000e+00 3.800000000000e-01
v 1.000000000000e-02 0.000000000000e+00 3.800000000000e-01
v 3.000000000000e-02 0.000000000000e+00 3.500000000000e-01
v 2.000000000000e-02 0.000000000000e+00 3.700000000000e-01
v 2.000000000000e-02 0.000000000000e+00 3.500000000000e-01
v 3.000000000000e-02 0.000000000000e+00 3.700000000000e-01
v 4.000000000000e-02 0.000000000000e+00 3.700000000000e-01
v 1.000000000000e-02 0.000000000000e+00 3.700000000000e-01
v 3.000000000000e-02 0.000000000000e+00 3.400000000000e-01
v -1.000000000000e-02 0.000000000000e+00 3.500000000000e-01
v 0.000000000000e+00 0.000000000000e+00 3.500000000000e-01
v 0.000000000000e+00 0.000000000000e+00 3.600000000000e-01
v 0.000000000000e+00 0.000000000000e+00 3.700000000000e-01
v -1.000000000000e-02 0.000000000000e+00 3.700000000000e-01
v -2.000000000000e-02 0.000000000000e+00 3.700000000000e-01
v -3.000000000000e-02 0.000000000000e+00 3.800000000000e-01
v -3.000000000000e-02 0.000000000000e+00 3.700000000000e-01
v -2.000000000000e-02 0.000000000000e+00 3.800000000000e-01
v -1.000000000000e-02 0.000000000000e+00 3.800000000000e-01
v 0.000000000000e+00 0.000000000000e+00 3.800000000000e-01
v -2.000000000000e-02 0.000000000000e+00 3.600000000000e-01
v 1.000000000000e-02 0.000000000000e+00 3.600000000000e-01
v 1.000000000000e-02 0.000000000000e+00 3.500000000000e-01
v -1.000000000000e-02 0.000000000000e+00 3.600000000000e-01
v 8.000000000000e-02 0.000000000000e+00 3.200000000000e-01
v 4.000000000000e-02 0.000000000000e+00 3.300000000000e-01
v 5.000000000000e-02 0.000000000000e+00 3.300000000000e-01
v 6.000000000000e-02 0.000000000000e+00 3.300000000000e-01
v 1.100000000000e-01 0.000000000000e+00 3.100000000000e-01
v 1.000000000000e-01 0.000000000000e+00 3.100000000000e-01
v 9.000000000000e-02 0.000000000000e+00 3.100000000000e-01
v 5.000000000000e-02 0.000000000000e+00 3.200000000000e-01
v 6.000000000000e-02 0.000000000000e+00 3.200000000000e-01
v 7.000000000000e-02 0.000000000000e+00 3.200000000000e-01
v 9.000000000000e-02 0.000000000000e+00 3.200000000000e-01
v 1.000000000000e-01 0.000000000000e+00 3.200000000000e-01
v 9.000000000000e-02 0.000000000000e+00 3.300000000000e-01
v 7.000000000000e-02 0.000000000000e+00 3.100000000000e-01
v 8.000000000000e-02 0.000000000000e+00 3.100000000000e-01
v 7.000000000000e-02 0.000000000000e+00 3.700000000000e-01
v 7.000000000000e-02 0.000000000000e+00 3.400000000000e-01
v 6.000000000000e-02 0.000000000000e+00 3.600000000000e-01
v 6.000000000000e-02 0.000000000000e+00 3.400000000000e-01
v 7.000000000000e-02 0.000000000000e+00 3.300000000000e-01
v 5.000000000000e-02 0.000000000000e+00 3.400000000000e-01
v 7.000000000000e-02 0.000000000000e+00 3.600000000000e-01
v 8.000000000000e-02 0.000000000000e+00 3.300000000000e-01
v 5.000000000000e-02 0.000000000000e+00 3.600000000000e-01
v 6.000000000000e-02 0.000000000000e+00 3.700000000000e-01
v 5.000000000000e-02 0.000000000000e+00 3.700000000000e-01
v 5.000000000000e-02 0.000000000000e+00 3.500000000000e-01
v 6.000000000000e-02 0.000000000000e+00 3.500000000000e-01
v 7.000000000000e-02 0.000000000000e+00 3.500000000000e-01
v 8.000000000000e-02 0.000000000000e+00 3.400000000000e-01
v 6.000000000000e-02 0.000000000000e+00 2.900000000000e-01
v 6.000000000000e-02 0.000000000000e+00 2.700000000000e-01
v 7.000000000000e-02 0.000000000000e+00 2.700000000000e-01
v 8.000000000000e-02 0.000000000000e+00 2.700000000000e-01
v 7.000000000000e-02 0.000000000000e+00 3.000000000000e-01
v 6.000000000000e-02 0.000000000000e+00 3.000000000000e-01
v 5.000000000000e-02 0.000000000000e+00 3.000000000000e-01
v 6.000000000000e-02 0.000000000000e+00 3.100000000000e-01
v 5.000000000000e-02 0.000000000000e+00 3.100000000000e-01
v 6.000000000000e-02 0.000000000000e+00 2.800000000000e-01
v 8.000000000000e-02 0.000000000000e+00 2.600000000000e-01
v 7.000000000000e-02 0.000000000000e+00 2.600000000000e-01
v 6.000000000000e-02 0.000000000000e+00 2.600000000000e-01
v 7.000000000000e-02 0.000000000000e+00 2.800000000000e-01
v 7.000000000000e-02 0.000000000000e+00 2.900000000000e-01
v 1.000000000000e-01 0.000000000000e+00 2.600000000000e-01
v 8.000000000000e-02 0.000000000000e+00 3.000000000000e-01
v 8.000000000000e-02 0.000000000000e+00 2.800000000000e-01
v 9.000000000000e-02 0.000000000000e+00 2.800000000000e-01
v 9.000000000000e-02 0.000000000000e+00 2.700000000000e-01
v 1.000000000000e-01 0.000000000000e+00 2.800000000000e-01
v 8.000000000000e-02 0.000000000000e+00 2.900000000000e-01
v 9.000000000000e-02 0.000000000000e+00 3.000000000000e-01
v 1.000000000000e-01 0.000000000000e+00 2.500000000000e-01
v 1.100000000000e-01 0.000000000000e+00 2.500000000000e-01
v 1.000000000000e-01 0.000000000000e+00 2.700000000000e-01
v 1.100000000000e-01 0.000000000000e+00 2.700000000000e-01
v 9.000000000000e-02 0.000000000000e+00 2.900000000000e-01
v 9.000000000000e-02 0.000000000000e+00 2.600000000000e-01
v 1.100000000000e-01 0.000000000000e+00 2.600000000000e-01
v 1.000000000000e-01 0.000000000000e+00 3.000000000000e-01
v 1.300000000000e-01 0.000000000000e+00 2.600000000000e-01
v 1.000000000000e-01 0.000000000000e+00 2.900000000000e-01
v 1.200000000000e-01 0.000000000000e+00 2.900000000000e-01
v 1.300000000000e-01 0.000000000000e+00 2.800000000000e-01
v 1.200000000000e-01 0.000000000000e+00 2.800000000000e-01
v 1.100000000000e-01 0.000000000000e+00 2.800000000000e-01
v 1.200000000000e-01 0.000000000000e+00 2.600000000000e-01
v 1.300000000000e-01 0.000000000000e+00 2.900000000000e-01
v 1.100000000000e-01 0.000000000000e+00 2.900000000000e-01
v 1.100000000000e-01 0.000000000000e+00 3.000000000000e-01
v 1.200000000000e-01 0.000000000000e+00 3.000000000000e-01
v 1.300000000000e-01 0.000000000000e+00 2.500000000000e-01
v 1.200000000000e-01 0.000000000000e+00 2.700000000000e-01
v 1.300000000000e-01 0.000000000000e+00 2.700000000000e-01
v -3.000000000000e-02 0.000000000000e+00 4.700000000000e-01
v -4.000000000000e-02 0.000000000000e+00 5.000000000000e-01
v -2.000000000000e-02 0.000000000000e+00 4.700000000000e-01
v -5.000000000000e-02 0.000000000000e+00 4.800000000000e-01
v -4.000000000000e-02 0.000000000000e+00 4.800000000000e-01
v -3.000000000000e-02 0.000000000000e+00 4.800000000000e-01
v -2.000000000000e-02 0.000000000000e+00 4.800000000000e-01
v -4.000000000000e-02 0.000000000000e+00 4.700000000000e-01
v -5.000000000000e-02 0.000000000000e+00 4.700000000000e-01
v -5.000000000000e-02 0.000000000000e+00 5.000000000000e-01
v -3.000000000000e-02 0.000000000000e+00 5.000000000000e-01
v -3.000000000000e-02 0.000000000000e+00 4.900000000000e-01
v -4.000000000000e-02 0.000000000000e+00 4.900000000000e-01
v -5.000000000000e-02 0.000000000000e+00 4.900000000000e-01
v -8.000000000000e-02 0.000000000000e+00 4.900000000000e-01
v -7.000000000000e-02 0.000000000000e+00 4.900000000000e-01
v -6.000000000000e-02 0.000000000000e+00 4.900000000000e-01
v -9.000000000000e-02 0.000000000000e+00 4.900000000000e-01
v -7.000000000000e-02 0.000000000000e+00 4.800000000000e-01
v -6.000000000000e-02 0.000000000000e+00 5.000000000000e-01
v -9.000000000000e-02 0.000000000000e+00 4.800000000000e-01
v -8.000000000000e-02 0.000000000000e+00 4.800000000000e-01
v -6.000000000000e-02 0.000000000000e+00 4.800000000000e-01
v -8.000000000000e-02 0.000000000000e+00 4.700000000000e-01
v -7.000000000000e-02 0.000000000000e+00 4.700000000000e-01
v -6.000000000000e-02 0.000000000000e+00 4.700000000000e-01
v -8.000000000000e-02 0.000000000000e+00 5.000000000000e-01
v -7.000000000000e-02 0.000000000000e+00 5.000000000000e-01
v -9.000000000000e-02 0.000000000000e+00 5.000000000000e-01
v -4.000000000000e-02 0.000000000000e+00 4.500000000000e-01
v -5.000000000000e-02 0.000000000000e+00 4.600000000000e-01
v -6.000000000000e-02 0.000000000000e+00 4.500000000000e-01
v -7.000000000000e-02 0.000000000000e+00 4.600000000000e-01
v -6.000000000000e-02 0.000000000000e+00 4.600000000000e-01
v -1.000000000000e-02 0.000000000000e+00 4.500000000000e-01
v -2.000000000000e-02 0.000000000000e+00 4.500000000000e-01
v -3.000000000000e-02 0.000000000000e+00 4.500000000000e-01
v -2.000000000000e-02 0.000000000000e+00 4.600000000000e-01
v -3.000000000000e-02 0.000000000000e+00 4.600000000000e-01
v -4.000000000000e-02 0.000000000000e+00 4.600000000000e-01
v -5.000000000000e-02 0.000000000000e+00 4.500000000000e-01
v -3.000000000000e-02 0.000000000000e+00 4.400000000000e-01
v -1.000000000000e-02 0.000000000000e+00 4.400000000000e-01
v -2.000000000000e-02 0.000000000000e+00 4.400000000000e-01
v -2.000000000000e-02 0.000000000000e+00 4.200000000000e-01
v 0.000000000000e+00 0.000000000000e+00 4.200000000000e-01
v -1.000000000000e-02 0.000000000000e+00 4.200000000000e-01
v -2.000000000000e-02 0.000000000000e+00 4.100000000000e-01
v -1.000000000000e-02 0.000000000000e+00 4.100000000000e-01
v 0.000000000000e+00 0.000000000000e+00 4.100000000000e-01
v -2.000000000000e-02 0.000000000000e+00 4.300000000000e-01
v -1.000000000000e-02 0.000000000000e+00 4.300000000000e-01
v 1.000000000000e-02 0.000000000000e+00 3.900000000000e-01
v 0.000000000000e+00 0.000000000000e+00 3.900000000000e-01
v -1.000000000000e-02 0.000000000000e+00 3.900000000000e-01
v 1.000000000000e-02 0.000000000000e+00 4.000000000000e-01
v 0.000000000000e+00 0.000000000000e+00 4.000000000000e-01
v -1.000000000000e-02 0.000000000000e+00 4.000000000000e-01
v 0.000000000000e+00 0.000000000000e+00 4.300000000000e-01
v -5.000000000000e-02 0.000000000000e+00 4.300000000000e-01
v -3.000000000000e-02 0.000000000000e+00 4.300000000000e-01
v -4.000000000000e-02 0.000000000000e+00 4.300000000000e-01
v -4.000000000000e-02 0.000000000000e+00 4.200000000000e-01
v -5.000000000000e-02 0.000000000000e+00 4.400000000000e-01
v -4.000000000000e-02 0.000000000000e+00 4.400000000000e-01
v -2.000000000000e-02 0.000000000000e+00 4.000000000000e-01
v -3.000000000000e-02 0.000000000000e+00 3.900000000000e-01
v -2.000000000000e-02 0.000000000000e+00 3.900000000000e-01
v -3.000000000000e-02 0.000000000000e+00 4.100000000000e-01
v -4.000000000000e-02 0.000000000000e+00 4.100000000000e-01
v -3.000000000000e-02 0.000000000000e+00 4.000000000000e-01
v -4.000000000000e-02 0.000000000000e+00 4.000000000000e-01
v -5.000000000000e-02 0.000000000000e+00 4.200000000000e-01
v -3.000000000000e-02 0.000000000000e+00 4.200000000000e-01
v 4.000000000000e-02 0.000000000000e+00 5.000000000000e-01
v 5.000000000000e-02 0.000000000000e+00 5.000000000000e-01
v 3.000000000000e-02 0.000000000000e+00 5.000000000000e-01
v 2.000000000000e-02 0.000000000000e+00 5.000000000000e-01
v 4.000000000000e-02 0.000000000000e+00 4.900000000000e-01
v 5.000000000000e-02 0.000000000000e+00 4.600000000000e-01
v 5.000000000000e-02 0.000000000000e+00 4.900000000000e-01
v 6.000000000000e-02 0.000000000000e+00 4.600000000000e-01
v 3.000000000000e-02 0.000000000000e+00 4.900000000000e-01
v 2.000000000000e-02 0.000000000000e+00 4.900000000000e-01
v 4.000000000000e-02 0.000000000000e+00 4.700000000000e-01
v 5.000000000000e-02 0.000000000000e+00 4.700000000000e-01
v 3.000000000000e-02 0.000000000000e+00 4.800000000000e-01
v 4.000000000000e-02 0.000000000000e+00 4.800000000000e-01
v 5.000000000000e-02 0.000000000000e+00 4.800000000000e-01
v 0.000000000000e+00 0.000000000000e+00 4.400000000000e-01
v 0.000000000000e+00 0.000000000000e+00 4.500000000000e-01
v 3.000000000000e-02 0.000000000000e+00 4.600000000000e-01
v -1.000000000000e-02 0.000000000000e+00 4.700000000000e-01
v 0.000000000000e+00 0.000000000000e+00 4.700000000000e-01
v 1.000000000000e-02 0.000000000000e+00 4.400000000000e-01
v 2.000000000000e-02 0.000000000000e+00 4.400000000000e-01
v 3.000000000000e-02 0.000000000000e+00 4.400000000000e-01
v 3.000000000000e-02 0.000000000000e+00 4.500000000000e-01
v 2.000000000000e-02 0.000000000000e+00 4.500000000000e-01
v 1.000000000000e-02 0.000000000000e+00 4.500000000000e-01
v -1.000000000000e-02 0.000000000000e+00 4.600000000000e-01
v 2.000000000000e-02 0.000000000000e+00 4.600000000000e-01
v 1.000000000000e-02 0.000000000000e+00 4.600000000000e-01
v 0.000000000000e+00 0.000000000000e+00 4.600000000000e-01
v 1.000000000000e-02 0.000000000000e+00 4.700000000000e-01
v 3.000000000000e-02 0.000000000000e+00 4.700000000000e-01
v -1.000000000000e-02 0.000000000000e+00 5.000000000000e-01
v 0.000000000000e+00 0.000000000000e+00 5.000000000000e-01
v 1.000000000000e-02 0.000000000000e+00 5.000000000000e-01
v -2.000000000000e-02 0.000000000000e+00 4.900000000000e-01
v -1.000000000000e-02 0.000000000000e+00 4.900000000000e-01
v 0.000000000000e+00 0.000000000000e+00 4.900000000000e-01
v 1.000000000000e-02 0.000000000000e+00 4.900000000000e-01
v 2.000000000000e-02 0.000000000000e+00 4.700000000000e-01
v -2.000000000000e-02 0.000000000000e+00 5.000000000000e-01
v 2.000000000000e-02 0.000000000000e+00 4.800000000000e-01
v 1.000000000000e-02 0.000000000000e+00 4.800000000000e-01
v 0.000000000000e+00 0.000000000000e+00 4.800000000000e-01
v -1.000000000000e-02 0.000000000000e+00 4.800000000000e-01
v 4.000000000000e-02 0.000000000000e+00 4.500000000000e-01
v 6.000000000000e-02 0.000000000000e+00 4.200000000000e-01
v 7.000000000000e-02 0.000000000000e+00 4.200000000000e-01
v 4.000000000000e-02 0.000000000000e+00 4.600000000000e-01
v 5.000000000000e-02 0.000000000000e+00 4.400000000000e-01
v 4.000000000000e-02 0.000000000000e+00 4.400000000000e-01
v 7.000000000000e-02 0.000000000000e+00 4.300000000000e-01
v 6.000000000000e-02 0.000000000000e+00 4.300000000000e-01
v 5.000000000000e-02 0.000000000000e+00 4.200000000000e-01
v 5.000000000000e-02 0.000000000000e+00 4.500000000000e-01
v 7.000000000000e-02 0.000000000000e+00 4.400000000000e-01
v 6.000000000000e-02 0.000000000000e+00 4.400000000000e-01
v 4.000000000000e-02 0.000000000000e+00 4.300000000000e-01
v 6.000000000000e-02 0.000000000000e+00 4.500000000000e-01
v 5.000000000000e-02 0.000000000000e+00 4.300000000000e-01
v 7.000000000000e-02 0.000000000000e+00 4.500000000000e-01
v 4.000000000000e-02 0.000000000000e+00 4.000000000000e-01
v 7.000000000000e-02 0.000000000000e+00 3.900000000000e-01
v 4.000000000000e-02 0.000000000000e+00 3.900000000000e-01
v 5.000000000000e-02 0.000000000000e+00 3.900000000000e-01
v 6.000000000000e-02 0.000000000000e+00 3.900000000000e-01
v 6.000000000000e-02 0.000000000000e+00 4.000000000000e-01
v 5.000000000000e-02 0.000000000000e+00 4.100000000000e-01
v 6.000000000000e-02 0.000000000000e+00 4.100000000000e-01
v 7.000000000000e-02 0.000000000000e+00 4.100000000000e-01
v 5.000000000000e-02 0.000000000000e+00 4.000000000000e-01
v 4.000000000000e-02 0.000000000000e+00 3.800000000000e-01
v 7.000000000000e-02 0.000000000000e+00 3.800000000000e-01
v 6.000000000000e-02 0.000000000000e+00 3.800000000000e-01
v 5.000000000000e-02 0.000000000000e+00 3.800000000000e-01
v 7.000000000000e-02 0.000000000000e+00 4.000000000000e-01
v 3.000000000000e-02 0.000000000000e+00 4.300000000000e-01
v 4.000000000000e-02 0.000000000000e+00 4.100000000000e-01
v 2.000000000000e-02 0.000000000000e+00 3.900000000000e-01
v 3.000000000000e-02 0.000000000000e+00 3.900000000000e-01
v 3.000000000000e-02 0.000000000000e+00 4.200000000000e-01
v 2.000000000000e-02 0.000000000000e+00 4.000000000000e-01
v 3.000000000000e-02 0.000000000000e+00 4.000000000000e-01
v 1.000000000000e-02 0.000000000000e+00 4.300000000000e-01
v 2.000000000000e-02 0.000000000000e+00 4.300000000000e-01
v 4.000000000000e-02 0.000000000000e+00 4.200000000000e-01
v 3.000000000000e-02 0.000000000000e+00 4.100000000000e-01
v 2.000000000000e-02 0.000000000000e+00 4.200000000000e-01
v 1.000000000000e-02 0.000000000000e+00 4.200000000000e-01
v 1.000000000000e-02 0.000000000000e+00 4.100000000000e-01
v 2.000000000000e-02 0.000000000000e+00 4.100000000000e-01
v -7.000000000000e-02 0.000000000000e+00 3.100000000000e-01
v -8.000000000000e-02 0.000000000000e+00 3.100000000000e-01
v -7.000000000000e-02 0.000000000000e+00 2.900000000000e-01
v -9.000000000000e-02 0.000000000000e+00 3.100000000000e-01
v -1.000000000000e-01 0.000000000000e+00 3.100000000000e-01
v -8.000000000000e-02 0.000000000000e+00 2.900000000000e-01
v -1.000000000000e-01 0.000000000000e+00 3.200000000000e-01
v -7.000000000000e-02 0.000000000000e+00 2.700000000000e-01
v -9.000000000000e-02 0.000000000000e+00 2.900000000000e-01
v -8.000000000000e-02 0.000000000000e+00 2.700000000000e-01
v -7.000000000000e-02 0.000000000000e+00 3.000000000000e-01
v -8.000000000000e-02 0.000000000000e+00 3.000000000000e-01
v -9.000000000000e-02 0.000000000000e+00 3.000000000000e-01
v -7.000000000000e-02 0.000000000000e+00 2.800000000000e-01
v -8.000000000000e-02 0.000000000000e+00 2.800000000000e-01
v -9.000000000000e-02 0.000000000000e+00 2.800000000000e-01
v -1.200000000000e-01 0.000000000000e+00 2.900000000000e-01
v -1.000000000000e-01 0.000000000000e+00 3.000000000000e-01
v -1.000000000000e-01 0.000000000000e+00 2.800000000000e-01
v -1.100000000000e-01 0.000000000000e+00 2.800000000000e-01
v -1.200000000000e-01 0.000000000000e+00 3.100000000000e-01
v -1.100000000000e-01 0.000000000000e+00 3.100000000000e-01
v -1.100000000000e-01 0.000000000000e+00 2.900000000000e-01
v -1.000000000000e-01 0.000000000000e+00 2.900000000000e-01
v -1.300000000000e-01 0.000000000000e+00 3.100000000000e-01
v -1.000000000000e-01 0.000000000000e+00 2.700000000000e-01
v -9.000000000000e-02 0.000000000000e+00 2.700000000000e-01
v -1.300000000000e-01 0.000000000000e+00 3.000000000000e-01
v -1.200000000000e-01 0.000000000000e+00 3.000000000000e-01
v -1.100000000000e-01 0.000000000000e+00 3.000000000000e-01
v -9.000000000000e-02 0.000000000000e+00 3.400000000000e-01
v -1.000000000000e-01 0.000000000000e+00 3.400000000000e-01
v -1.000000000000e-01 0.000000000000e+00 3.700000000000e-01
v -8.000000000000e-02 0.000000000000e+00 3.400000000000e-01
v -1.000000000000e-01 0.000000000000e+00 3.300000000000e-01
v -9.000000000000e-02 0.000000000000e+00 3.300000000000e-01
v -8.000000000000e-02 0.000000000000e+00 3.300000000000e-01
v -8.000000000000e-02 0.000000000000e+00 3.500000000000e-01
v -1.000000000000e-01 0.000000000000e+00 3.500000000000e-01
v -1.100000000000e-01 0.000000000000e+00 3.500000000000e-01
v -1.000000000000e-01 0.000000000000e+00 3.600000000000e-01
v -9.000000000000e-02 0.000000000000e+00 3.500000000000e-01
v -9.000000000000e-02 0.000000000000e+00 3.200000000000e-01
v -8.000000000000e-02 0.000000000000e+00 3.200000000000e-01
v -9.000000000000e-02 0.000000000000e+00 3.600000000000e-01
v -1.300000000000e-01 0.000000000000e+00 3.800000000000e-01
v -1.500000000000e-01 0.000000000000e+00 3.600000000000e-01
v -1.400000000000e-01 0.000000000000e+00 3.600000000000e-01
v -1.300000000000e-01 0.000000000000e+00 3.600000000000e-01
v -1.500000000000e-01 0.000000000000e+00 3.800000000000e-01
v -1.400000000000e-01 0.000000000000e+00 3.800000000000e-01
v -1.600000000000e-01 0.000000000000e+00 3.800000000000e-01
v -1.100000000000e-01 0.000000000000e+00 3.600000000000e-01
v -1.200000000000e-01 0.000000000000e+00 3.600000000000e-01
v -1.100000000000e-01 0.000000000000e+00 3.700000000000e-01
v -1.200000000000e-01 0.000000000000e+00 3.700000000000e-01
v -1.300000000000e-01 0.000000000000e+00 3.700000000000e-01
v -1.400000000000e-01 0.000000000000e+00 3.700000000000e-01
v -1.500000000000e-01 0.000000000000e+00 3.700000000000e-01
v -1.600000000000e-01 0.000000000000e+00 3.700000000000e-01
v -1.200000000000e-01 0.000000000000e+00 3.800000000000e-01
v -1.100000000000e-01 0.000000000000e+00 3.400000000000e-01
v -1.300000000000e-01 0.000000000000e+00 3.500000000000e-01
v -1.100000000000e-01 0.000000000000e+00 3.200000000000e-01
v -1.300000000000e-01 0.000000000000e+00 3.200000000000e-01
v -1.200000000000e-01 0.000000000000e+00 3.200000000000e-01
v -1.400000000000e-01 0.000000000000e+00 3.500000000000e-01
v -1.500000000000e-01 0.000000000000e+00 3.500000000000e-01
v -1.200000000000e-01 0.000000000000e+00 3.400000000000e-01
v -1.300000000000e-01 0.000000000000e+00 3.400000000000e-01
v -1.400000000000e-01 0.000000000000e+00 3.400000000000e-01
v -1.500000000000e-01 0.000000000000e+00 3.400000000000e-01
v -1.100000000000e-01 0.000000000000e+00 3.300000000000e-01
v -1.200000000000e-01 0.000000000000e+00 3.300000000000e-01
v -1.300000000000e-01 0.000000000000e+00 3.300000000000e-01
v -1.400000000000e-01 0.000000000000e+00 3.300000000000e-01
v -1.200000000000e-01 0.000000000000e+00 3.500000000000e-01
v -5.000000000000e-02 0.000000000000e+00 2.800000000000e-01
v -3.000000000000e-02 0.000000000000e+00 2.600000000000e-01
v -6.000000000000e-02 0.000000000000e+00 3.000000000000e-01
v -5.000000000000e-02 0.000000000000e+00 3.000000000000e-01
v -3.000000000000e-02 0.000000000000e+00 2.700000000000e-01
v -4.000000000000e-02 0.000000000000e+00 2.700000000000e-01
v -5.000000000000e-02 0.000000000000e+00 2.700000000000e-01
v -6.000000000000e-02 0.000000000000e+00 2.700000000000e-01
v -2.000000000000e-02 0.000000000000e+00 2.600000000000e-01
v -4.000000000000e-02 0.000000000000e+00 3.000000000000e-01
v -6.000000000000e-02 0.000000000000e+00 2.900000000000e-01
v -5.000000000000e-02 0.000000000000e+00 2.900000000000e-01
v -4.000000000000e-02 0.000000000000e+00 2.900000000000e-01
v -4.000000000000e-02 0.000000000000e+00 2.800000000000e-01
v -6.000000000000e-02 0.000000000000e+00 2.800000000000e-01
v -1.000000000000e-02 0.000000000000e+00 2.600000000000e-01
v -3.000000000000e-02 0.000000000000e+00 3.000000000000e-01
v -2.000000000000e-02 0.000000000000e+00 3.000000000000e-01
v -2.000000000000e-02 0.000000000000e+00 2.900000000000e-01
v -1.000000000000e-02 0.000000000000e+00 2.800000000000e-01
v -3.000000000000e-02 0.000000000000e+00 2.800000000000e-01
v -1.000000000000e-02 0.000000000000e+00 2.900000000000e-01
v -2.000000000000e-02 0.000000000000e+00 2.800000000000e-01
v -3.000000000000e-02 0.000000000000e+00 2.900000000000e-01
v 0.000000000000e+00 0.000000000000e+00 2.800000000000e-01
v 0.000000000000e+00 0.000000000000e+00 2.600000000000e-01
v -2.000000000000e-02 0.000000000000e+00 2.700000000000e-01
v -1.000000000000e-02 0.000000000000e+00 2.700000000000e-01
v 0.000000000000e+00 0.000000000000e+00 2.700000000000e-01
v 1.000000000000e-02 0.000000000000e+00 2.600000000000e-01
v -2.000000000000e-02 0.000000000000e+00 3.200000000000e-01
v -3.000000000000e-02 0.000000000000e+00 3.600000000000e-01
v -3.000000000000e-02 0.000000000000e+00 3.200000000000e-01
v -1.000000000000e-02 0.000000000000e+00 3.200000000000e-01
v -3.000000000000e-02 0.000000000000e+00 3.100000000000e-01
v -2.000000000000e-02 0.000000000000e+00 3.100000000000e-01
v -1.000000000000e-02 0.000000000000e+00 3.100000000000e-01
v -3.000000000000e-02 0.000000000000e+00 3.500000000000e-01
v -2.000000000000e-02 0.000000000000e+00 3.500000000000e-01
v -3.000000000000e-02 0.000000000000e+00 3.400000000000e-01
v -1.000000000000e-02 0.000000000000e+00 3.300000000000e-01
v -3.000000000000e-02 0.000000000000e+00 3.300000000000e-01
v -2.000000000000e-02 0.000000000000e+00 3.300000000000e-01
v -2.000000000000e-02 0.000000000000e+00 3.400000000000e-01
v -1.000000000000e-02 0.000000000000e+00 3.400000000000e-01
v -5.000000000000e-02 0.000000000000e+00 3.500000000000e-01
v -6.000000000000e-02 0.000000000000e+00 3.500000000000e-01
v -7.000000000000e-02 0.000000000000e+00 3.500000000000e-01
v -4.000000000000e-02 0.000000000000e+00 3.500000000000e-01
v -4.000000000000e-02 0.000000000000e+00 3.600000000000e-01
v -4.000000000000e-02 0.000000000000e+00 3.700000000000e-01
v -9.000000000000e-02 0.000000000000e+00 3.700000000000e-01
v -5.000000000000e-02 0.000000000000e+00 3.600000000000e-01
v -8.000000000000e-02 0.000000000000e+00 3.700000000000e-01
v -8.000000000000e-02 0.000000000000e+00 3.600000000000e-01
v -7.000000000000e-02 0.000000000000e+00 3.600000000000e-01
v -6.000000000000e-02 0.000000000000e+00 3.600000000000e-01
v -7.000000000000e-02 0.000000000000e+00 3.700000000000e-01
v -6.000000000000e-02 0.000000000000e+00 3.700000000000e-01
v -5.000000000000e-02 0.000000000000e+00 3.700000000000e-01
v -4.000000000000e-02 0.000000000000e+00 3.100000000000e-01
v -7.000000000000e-02 0.000000000000e+00 3.200000000000e-01
v -7.000000000000e-02 0.000000000000e+00 3.400000000000e-01
v -4.000000000000e-02 0.000000000000e+00 3.400000000000e-01
v -7.000000000000e-02 0.000000000000e+00 3.300000000000e-01
v -5.000000000000e-02 0.000000000000e+00 3.100000000000e-01
v -6.000000000000e-02 0.000000000000e+00 3.100000000000e-01
v -6.000000000000e-02 0.000000000000e+00 3.300000000000e-01
v -5.000000000000e-02 0.000000000000e+00 3.400000000000e-01
v -4.000000000000e-02 0.000000000000e+00 3.200000000000e-01
v -5.000000000000e-02 0.000000000000e+00 3.300000000000e-01
v -4.000000000000e-02 0.000000000000e+00 3.300000000000e-01
v -6.000000000000e-02 0.000000000000e+00 3.400000000000e-01
v -5.000000000000e-02 0.000000000000e+00 3.200000000000e-01
v -6.000000000000e-02 0.000000000000e+00 3.200000000000e-01
v -1.800000000000e-01 0.000000000000e+00 4.200000000000e-01
v -1.900000000000e-01 0.000000000000e+00 4.200000000000e-01
v -1.700000000000e-01 0.000000000000e+00 4.300000000000e-01
v -1.600000000000e-01 0.000000000000e+00 4.000000000000e-01
v -1.800000000000e-01 0.000000000000e+00 4.100000000000e-01
v -1.700000000000e-01 0.000000000000e+00 4.100000000000e-01
v -1.600000000000e-01 0.000000000000e+00 4.100000000000e-01
v -1.800000000000e-01 0.000000000000e+00 4.400000000000e-01
v -1.900000000000e-01 0.000000000000e+00 4.400000000000e-01
v -1.700000000000e-01 0.000000000000e+00 4.000000000000e-01
v -1.700000000000e-01 0.000000000000e+00 4.200000000000e-01
v -1.600000000000e-01 0.000000000000e+00 3.900000000000e-01
v -1.800000000000e-01 0.000000000000e+00 4.300000000000e-01
v -1.500000000000e-01 0.000000000000e+00 3.900000000000e-01
v -1.900000000000e-01 0.000000000000e+00 4.300000000000e-01
v -1.500000000000e-01 0.000000000000e+00 4.000000000000e-01
v -1.400000000000e-01 0.000000000000e+00 4.000000000000e-01
v -1.300000000000e-01 0.000000000000e+00 4.000000000000e-01
v -1.500000000000e-01 0.000000000000e+00 4.100000000000e-01
v -1.600000000000e-01 0.000000000000e+00 4.300000000000e-01
v -1.500000000000e-01 0.000000000000e+00 4.300000000000e-01
v -1.400000000000e-01 0.000000000000e+00 3.900000000000e-01
v -1.400000000000e-01 0.000000000000e+00 4.300000000000e-01
v -1.300000000000e-01 0.000000000000e+00 3.900000000000e-01
v -1.400000000000e-01 0.000000000000e+00 4.100000000000e-01
v -1.300000000000e-01 0.000000000000e+00 4.100000000000e-01
v -1.400000000000e-01 0.000000000000e+00 4.200000000000e-01
v -1.500000000000e-01 0.000000000000e+00 4.200000000000e-01
v -1.600000000000e-01 0.000000000000e+00 4.200000000000e-01
v -1.300000000000e-01 0.000000000000e+00 4.200000000000e-01
v -2.100000000000e-01 0.000000000000e+00 4.800000000000e-01
v -2.100000000000e-01 0.000000000000e+00 4.900000000000e-01
v -2.000000000000e-01 0.000000000000e+00 5.000000000000e-01
v -1.900000000000e-01 0.000000000000e+00 4.600000000000e-01
v -2.000000000000e-01 0.000000000000e+00 4.600000000000e-01
v -2.100000000000e-01 0.000000000000e+00 5.000000000000e-01
v -1.900000000000e-01 0.000000000000e+00 4.500000000000e-01
v -2.000000000000e-01 0.000000000000e+00 4.700000000000e-01
v -2.000000000000e-01 0.000000000000e+00 4.500000000000e-01
v -1.900000000000e-01 0.000000000000e+00 4.700000000000e-01
v -2.000000000000e-01 0.000000000000e+00 4.900000000000e-01
v -1.900000000000e-01 0.000000000000e+00 4.900000000000e-01
v -1.900000000000e-01 0.000000000000e+00 4.800000000000e-01
v -2.000000000000e-01 0.000000000000e+00 4.800000000000e-01
v -2.100000000000e-01 0.000000000000e+00 4.700000000000e-01
v -1.700000000000e-01 0.000000000000e+00 4.600000000000e-01
v -1.800000000000e-01 0.000000000000e+00 4.500000000000e-01
v -1.500000000000e-01 0.000000000000e+00 4.600000000000e-01
v -1.700000000000e-01 0.000000000000e+00 4.500000000000e-01
v -1.600000000000e-01 0.000000000000e+00 4.500000000000e-01
v -1.500000000000e-01 0.000000000000e+00 4.500000000000e-01
v -1.400000000000e-01 0.000000000000e+00 4.500000000000e-01
v -1.600000000000e-01 0.000000000000e+00 4.600000000000e-01
v -1.800000000000e-01 0.000000000000e+00 4.600000000000e-01
v -1.400000000000e-01 0.000000000000e+00 4.400000000000e-01
v -1.500000000000e-01 0.000000000000e+00 4.400000000000e-01
v -1.600000000000e-01 0.000000000000e+00 4.400000000000e-01
v -1.700000000000e-01 0.000000000000e+00 4.400000000000e-01
v -1.700000000000e-01 0.000000000000e+00 4.700000000000e-01
v -1.800000000000e-01 0.000000000000e+00 4.700000000000e-01
v -1.600000000000e-01 0.000000000000e+00 4.800000000000e-01
v -1.600000000000e-01 0.000000000000e+00 4.900000000000e-01
v -1.700000000000e-01 0.000000000000e+00 4.900000000000e-01
v -1.800000000000e-01 0.000000000000e+00 4.900000000000e-01
v -1.800000000000e-01 0.000000000000e+00 4.800000000000e-01
v -1.700000000000e-01 0.000000000000e+00 4.800000000000e-01
v -1.900000000000e-01 0.000000000000e+00 5.000000000000e-01
v -1.800000000000e-01 0.000000000000e+00 5.000000000000e-01
v -1.500000000000e-01 0.000000000000e+00 4.700000000000e-01
v -1.600000000000e-01 0.000000000000e+00 4.700000000000e-01
v -1.700000000000e-01 0.000000000000e+00 5.000000000000e-01
v -1.600000000000e-01 0.000000000000e+00 5.000000000000e-01
v -1.500000000000e-01 0.000000000000e+00 5.000000000000e-01
v -1.500000000000e-01 0.000000000000e+00 4.800000000000e-01
v -1.500000000000e-01 0.000000000000e+00 4.900000000000e-01
v -7.000000000000e-02 0.000000000000e+00 4.300000000000e-01
v -8.000000000000e-02 0.000000000000e+00 4.300000000000e-01
v -9.000000000000e-02 0.000000000000e+00 4.300000000000e-01
v -6.000000000000e-02 0.000000000000e+00 4.300000000000e-01
v -1.000000000000e-01 0.000000000000e+00 4.500000000000e-01
v -9.000000000000e-02 0.000000000000e+00 4.500000000000e-01
v -8.000000000000e-02 0.000000000000e+00 4.500000000000e-01
v -6.000000000000e-02 0.000000000000e+00 4.400000000000e-01
v -7.000000000000e-02 0.000000000000e+00 4.400000000000e-01
v -7.000000000000e-02 0.000000000000e+00 4.500000000000e-01
v -8.000000000000e-02 0.000000000000e+00 4.400000000000e-01
v -1.000000000000e-01 0.000000000000e+00 4.600000000000e-01
v -9.000000000000e-02 0.000000000000e+00 4.600000000000e-01
v -9.000000000000e-02 0.000000000000e+00 4.400000000000e-01
v -8.000000000000e-02 0.000000000000e+00 4.600000000000e-01
v -1.000000000000e-01 0.000000000000e+00 4.400000000000e-01
v -1.400000000000e-01 0.000000000000e+00 4.800000000000e-01
v -1.400000000000e-01 0.000000000000e+00 4.600000000000e-01
v -1.300000000000e-01 0.000000000000e+00 4.800000000000e-01
v -1.400000000000e-01 0.000000000000e+00 4.900000000000e-01
v -1.100000000000e-01 0.000000000000e+00 4.500000000000e-01
v -1.200000000000e-01 0.000000000000e+00 4.400000000000e-01
v -1.300000000000e-01 0.000000000000e+00 4.700000000000e-01
v -1.200000000000e-01 0.000000000000e+00 4.700000000000e-01
v -1.100000000000e-01 0.000000000000e+00 4.600000000000e-01
v -1.200000000000e-01 0.000000000000e+00 4.600000000000e-01
v -1.100000000000e-01 0.000000000000e+00 4.400000000000e-01
v -1.400000000000e-01 0.000000000000e+00 4.700000000000e-01
v -1.200000000000e-01 0.000000000000e+00 4.500000000000e-01
v -1.300000000000e-01 0.000000000000e+00 4.500000000000e-01
v -1.300000000000e-01 0.000000000000e+00 4.600000000000e-01
v -1.100000000000e-01 0.000000000000e+00 4.800000000000e-01
v -1.300000000000e-01 0.000000000000e+00 4.900000000000e-01
v -1.200000000000e-01 0.000000000000e+00 4.800000000000e-01
v -1.000000000000e-01 0.000000000000e+00 4.900000000000e-01
v -1.100000000000e-01 0.000000000000e+00 4.900000000000e-01
v -1.200000000000e-01 0.000000000000e+00 4.900000000000e-01
v -1.200000000000e-01 0.000000000000e+00 5.000000000000e-01
v -1.100000000000e-01 0.000000000000e+00 4.700000000000e-01
v -1.000000000000e-01 0.000000000000e+00 4.700000000000e-01
v -9.000000000000e-02 0.000000000000e+00 4.700000000000e-01
v -1.400000000000e-01 0.000000000000e+00 5.000000000000e-01
v -1.300000000000e-01 0.000000000000e+00 5.000000000000e-01
v -1.000000000000e-01 0.000000000000e+00 4.800000000000e-01
v -1.000000000000e-01 0.000000000000e+00 5.000000000000e-01
v -1.100000000000e-01 0.000000000000e+00 5.000000000000e-01
v -5.000000000000e-02 0.000000000000e+00 3.800000000000e-01
v -4.000000000000e-02 0.000000000000e+00 3.800000000000e-01
v -6.000000000000e-02 0.000000000000e+00 3.800000000000e-01
v -5.000000000000e-02 0.000000000000e+00 4.100000000000e-01
v -6.000000000000e-02 0.000000000000e+00 4.100000000000e-01
v -7.000000000000e-02 0.000000000000e+00 4.100000000000e-01
v -4.000000000000e-02 0.000000000000e+00 3.900000000000e-01
v -6.000000000000e-02 0.000000000000e+00 4.200000000000e-01
v -7.000000000000e-02 0.000000000000e+00 3.900000000000e-01
v -6.000000000000e-02 0.000000000000e+00 3.900000000000e-01
v -5.000000000000e-02 0.000000000000e+00 3.900000000000e-01
v -5.000000000000e-02 0.000000000000e+00 4.000000000000e-01
v -7.000000000000e-02 0.000000000000e+00 4.000000000000e-01
v -6.000000000000e-02 0.000000000000e+00 4.000000000000e-01
v -7.000000000000e-02 0.000000000000e+00 4.200000000000e-01
v -1.300000000000e-01 0.000000000000e+00 4.400000000000e-01
v -1.000000000000e-01 0.000000000000e+00 4.200000000000e-01
v -1.100000000000e-01 0.000000000000e+00 4.200000000000e-01
v -1.200000000000e-01 0.000000000000e+00 4.200000000000e-01
v -1.000000000000e-01 0.000000000000e+00 4.300000000000e-01
v -1.300000000000e-01 0.000000000000e+00 4.300000000000e-01
v -1.200000000000e-01 0.000000000000e+00 4.300000000000e-01
v -1.100000000000e-01 0.000000000000e+00 4.300000000000e-01
v -9.000000000000e-02 0.000000000000e+00 4.200000000000e-01
v -8.000000000000e-02 0.000000000000e+00 4.200000000000e-01
v -9.000000000000e-02 0.000000000000e+00 4.000000000000e-01
v -1.000000000000e-01 0.000000000000e+00 4.100000000000e-01
v -9.000000000000e-02 0.000000000000e+00 4.100000000000e-01
v -8.000000000000e-02 0.000000000000e+00 4.100000000000e-01
v -8.000000000000e-02 0.000000000000e+00 4.000000000000e-01
v -1.000000000000e-01 0.000000000000e+00 3.900000000000e-01
v -1.100000000000e-01 0.000000000000e+00 4.000000000000e-01
v -1.000000000000e-01 0.000000000000e+00 4.000000000000e-01
v -1.200000000000e-01 0.000000000000e+00 4.000000000000e-01
v -1.200000000000e-01 0.000000000000e+00 4.100000000000e-01
v -1.000000000000e-01 0.000000000000e+00 3.800000000000e-01
v -1.100000000000e-01 0.000000000000e+00 4.100000000000e-01
v -9.000000000000e-02 0.000000000000e+00 3.900000000000e-01
v -1.100000000000e-01 0.000000000000e+00 3.900000000000e-01
v -9.000000000000e-02 0.000000000000e+00 3.800000000000e-01
v -8.000000000000e-02 0.000000000000e+00 3.800000000000e-01
v -1.100000000000e-01 0.000000000000e+00 3.800000000000e-01
v -7.000000000000e-02 0.000000000000e+00 3.800000000000e-01
v -1.200000000000e-01 0.000000000000e+00 3.900000000000e-01
v -8.000000000000e-02 0.000000000000e+00 3.900000000000e-01
v 4.000000000000e-02 0.000000000000e+00 8.000000000000e-02
v 2.000000000000e-02 0.000000000000e+00 1.000000000000e-01
v 4.000000000000e-02 0.000000000000e+00 1.200000000000e-01
v 3.000000000000e-02 0.000000000000e+00 1.200000000000e-01
v 5.000000000000e-02 0.000000000000e+00 8.000000000000e-02
v 3.000000000000e-02 0.000000000000e+00 1.000000000000e-01
v 5.000000000000e-02 0.000000000000e+00 1.000000000000e-01
v 2.000000000000e-02 0.000000000000e+00 9.000000000000e-02
v 4.000000000000e-02 0.000000000000e+00 1.000000000000e-01
v 3.000000000000e-02 0.000000000000e+00 9.000000000000e-02
v 4.000000000000e-02 0.000000000000e+00 9.000000000000e-02
v 5.000000000000e-02 0.000000000000e+00 9.000000000000e-02
v 5.000000000000e-02 0.000000000000e+00 7.000000000000e-02
v 5.000000000000e-02 0.000000000000e+00 1.100000000000e-01
v 4.000000000000e-02 0.000000000000e+00 1.100000000000e-01
v 3.000000000000e-02 0.000000000000e+00 1.100000000000e-01
v 5.000000000000e-02 0.000000000000e+00 6.000000000000e-02
v 2.000000000000e-02 0.000000000000e+00 7.000000000000e-02
v 4.000000000000e-02 0.000000000000e+00 4.000000000000e-02
v 5.000000000000e-02 0.000000000000e+00 4.000000000000e-02
v 4.000000000000e-02 0.000000000000e+00 6.000000000000e-02
v 5.000000000000e-02 0.000000000000e+00 3.000000000000e-02
v 3.000000000000e-02 0.000000000000e+00 6.000000000000e-02
v 2.000000000000e-02 0.000000000000e+00 6.000000000000e-02
v 5.000000000000e-02 0.000000000000e+00 5.000000000000e-02
v 4.000000000000e-02 0.000000000000e+00 7.000000000000e-02
v 3.000000000000e-02 0.000000000000e+00 5.000000000000e-02
v 3.000000000000e-02 0.000000000000e+00 7.000000000000e-02
v 2.000000000000e-02 0.000000000000e+00 8.000000000000e-02
v 4.000000000000e-02 0.000000000000e+00 5.000000000000e-02
v 3.000000000000e-02 0.000000000000e+00 8.000000000000e-02
v -2.000000000000e-02 0.000000000000e+00 1.000000000000e-01
v -1.000000000000e-02 0.000000000000e+00 8.000000000000e-02
v 0.000000000000e+00 0.000000000000e+00 8.000000000000e-02
v 1.000000000000e-02 0.000000000000e+00 7.000000000000e-02
v -1.000000000000e-02 0.000000000000e+00 1.000000000000e-01
v 1.000000000000e-02 0.000000000000e+00 9.000000000000e-02
v 1.000000000000e-02 0.000000000000e+00 8.000000000000e-02
v -3.000000000000e-02 0.000000000000e+00 9.000000000000e-02
v -2.000000000000e-02 0.000000000000e+00 9.000000000000e-02
v -2.000000000000e-02 0.000000000000e+00 8.000000000000e-02
v -1.000000000000e-02 0.000000000000e+00 9.000000000000e-02
v 0.000000000000e+00 0.000000000000e+00 9.000000000000e-02
v -3.000000000000e-02 0.000000000000e+00 1.000000000000e-01
v 0.000000000000e+00 0.000000000000e+00 7.000000000000e-02
v -1.000000000000e-02 0.000000000000e+00 7.000000000000e-02
v 0.000000000000e+00 0.000000000000e+00 1.000000000000e-01
v 1.000000000000e-02 0.000000000000e+00 1.000000000000e-01
v 2.000000000000e-02 0.000000000000e+00 1.100000000000e-01
v -3.000000000000e-02 0.000000000000e+00 1.200000000000e-01
v -2.000000000000e-02 0.000000000000e+00 1.200000000000e-01
v -1.000000000000e-02 0.000000000000e+00 1.200000000000e-01
v 0.000000000000e+00 0.000000000000e+00 1.200000000000e-01
v 1.000000000000e-02 0.000000000000e+00 1.300000000000e-01
v 1.000000000000e-02 0.000000000000e+00 1.100000000000e-01
v 0.000000000000e+00 0.000000000000e+00 1.100000000000e-01
v -1.000000000000e-02 0.000000000000e+00 1.100000000000e-01
v 1.000000000000e-02 0.000000000000e+00 1.200000000000e-01
v -2.000000000000e-02 0.000000000000e+00 1.100000000000e-01
v -3.000000000000e-02 0.000000000000e+00 1.100000000000e-01
v 2.000000000000e-02 0.000000000000e+00 1.200000000000e-01
v 0.000000000000e+00 0.000000000000e+00 1.400000000000e-01
v -2.000000000000e-02 0.000000000000e+00 1.300000000000e-01
v -3.000000000000e-02 0.000000000000e+00 1.300000000000e-01
v -3.000000000000e-02 0.000000000000e+00 1.500000000000e-01
v -3.000000000000e-02 0.000000000000e+00 1.700000000000e-01
v -2.000000000000e-02 0.000000000000e+00 1.500000000000e-01
v -1.000000000000e-02 0.000000000000e+00 1.300000000000e-01
v -3.000000000000e-02 0.000000000000e+00 1.600000000000e-01
v -2.000000000000e-02 0.000000000000e+00 1.600000000000e-01
v 0.000000000000e+00 0.000000000000e+00 1.300000000000e-01
v -1.000000000000e-02 0.000000000000e+00 1.500000000000e-01
v -1.000000000000e-02 0.000000000000e+00 1.400000000000e-01
v -2.000000000000e-02 0.000000000000e+00 1.400000000000e-01
v -3.000000000000e-02 0.000000000000e+00 1.400000000000e-01
v -4.000000000000e-02 0.000000000000e+00 1.400000000000e-01
v -4.000000000000e-02 0.000000000000e+00 1.600000000000e-01
v -4.000000000000e-02 0.000000000000e+00 1.800000000000e-01
v -5.000000000000e-02 0.000000000000e+00 1.700000000000e-01
v -4.000000000000e-02 0.000000000000e+00 1.500000000000e-01
v -7.000000000000e-02 0.000000000000e+00 1.600000000000e-01
v -6.000000000000e-02 0.000000000000e+00 1.600000000000e-01
v -6.000000000000e-02 0.000000000000e+00 1.900000000000e-01
v -5.000000000000e-02 0.000000000000e+00 1.900000000000e-01
v -5.000000000000e-02 0.000000000000e+00 1.800000000000e-01
v -6.000000000000e-02 0.000000000000e+00 1.800000000000e-01
v -4.000000000000e-02 0.000000000000e+00 1.700000000000e-01
v -5.000000000000e-02 0.000000000000e+00 1.600000000000e-01
v -7.000000000000e-02 0.000000000000e+00 1.700000000000e-01
v -6.000000000000e-02 0.000000000000e+00 1.700000000000e-01
v -6.000000000000e-02 0.000000000000e+00 1.500000000000e-01
v -5.000000000000e-02 0.000000000000e+00 1.500000000000e-01
v -8.000000000000e-02 0.000000000000e+00 1.800000000000e-01
v -9.000000000000e-02 0.000000000000e+00 1.900000000000e-01
v -1.000000000000e-01 0.000000000000e+00 1.900000000000e-01
v -9.000000000000e-02 0.000000000000e+00 1.800000000000e-01
v -1.000000000000e-01 0.000000000000e+00 2.000000000000e-01
v -9.000000000000e-02 0.000000000000e+00 2.000000000000e-01
v -8.000000000000e-02 0.000000000000e+00 2.000000000000e-01
v -7.000000000000e-02 0.000000000000e+00 2.000000000000e-01
v -8.000000000000e-02 0.000000000000e+00 1.900000000000e-01
v -7.000000000000e-02 0.000000000000e+00 1.900000000000e-01
v -7.000000000000e-02 0.000000000000e+00 1.800000000000e-01
v -8.000000000000e-02 0.000000000000e+00 2.100000000000e-01
v -8.000000000000e-02 0.000000000000e+00 1.700000000000e-01
v -9.000000000000e-02 0.000000000000e+00 2.100000000000e-01
v -1.000000000000e-01 0.000000000000e+00 2.100000000000e-01
v -8.000000000000e-02 0.000000000000e+00 1.600000000000e-01
v -9.000000000000e-02 0.000000000000e+00 1.600000000000e-01
v -1.000000000000e-01 0.000000000000e+00 1.600000000000e-01
v -1.100000000000e-01 0.000000000000e+00 1.600000000000e-01
v -1.000000000000e-01 0.000000000000e+00 1.400000000000e-01
v -1.000000000000e-01 0.000000000000e+00 1.800000000000e-01
v -7.000000000000e-02 0.000000000000e+00 1.400000000000e-01
v -8.000000000000e-02 0.000000000000e+00 1.400000000000e-01
v -9.000000000000e-02 0.000000000000e+00 1.400000000000e-01
v -1.000000000000e-01 0.000000000000e+00 1.500000000000e-01
v -9.000000000000e-02 0.000000000000e+00 1.500000000000e-01
v -1.000000000000e-01 0.000000000000e+00 1.700000000000e-01
v -9.000000000000e-02 0.000000000000e+00 1.700000000000e-01
v -8.000000000000e-02 0.000000000000e+00 1.500000000000e-01
v -7.000000000000e-02 0.000000000000e+00 1.500000000000e-01
v -5.000000000000e-02 0.000000000000e+00 1.100000000000e-01
v -4.000000000000e-02 0.000000000000e+00 1.300000000000e-01
v -5.000000000000e-02 0.000000000000e+00 1.300000000000e-01
v -6.000000000000e-02 0.000000000000e+00 1.300000000000e-01
v -6.000000000000e-02 0.000000000000e+00 1.000000000000e-01
v -5.000000000000e-02 0.000000000000e+00 1.000000000000e-01
v -4.000000000000e-02 0.000000000000e+00 1.000000000000e-01
v -4.000000000000e-02 0.000000000000e+00 9.000000000000e-02
v -5.000000000000e-02 0.000000000000e+00 9.000000000000e-02
v -6.000000000000e-02 0.000000000000e+00 1.400000000000e-01
v -5.000000000000e-02 0.000000000000e+00 1.400000000000e-01
v -6.000000000000e-02 0.000000000000e+00 1.100000000000e-01
v -4.000000000000e-02 0.000000000000e+00 1.100000000000e-01
v -6.000000000000e-02 0.000000000000e+00 1.200000000000e-01
v -5.000000000000e-02 0.000000000000e+00 1.200000000000e-01
v -4.000000000000e-02 0.000000000000e+00 1.200000000000e-01
v -9.000000000000e-02 0.000000000000e+00 1.000000000000e-01
v -8.000000000000e-02 0.000000000000e+00 1.200000000000e-01
v -7.000000000000e-02 0.000000000000e+00 1.100000000000e-01
v -8.000000000000e-02 0.000000000000e+00 1.100000000000e-01
v -9.000000000000e-02 0.000000000000e+00 1.100000000000e-01
v -1.000000000000e-01 0.000000000000e+00 1.100000000000e-01
v -1.000000000000e-01 0.000000000000e+00 1.200000000000e-01
v -9.000000000000e-02 0.000000000000e+00 1.200000000000e-01
v -7.000000000000e-02 0.000000000000e+00 1.200000000000e-01
v -7.000000000000e-02 0.000000000000e+00 1.000000000000e-01
v -1.000000000000e-01 0.000000000000e+00 1.300000000000e-01
v -8.000000000000e-02 0.000000000000e+00 1.000000000000e-01
v -9.000000000000e-02 0.000000000000e+00 1.300000000000e-01
v -8.000000000000e-02 0.000000000000e+00 1.300000000000e-01
v -7.000000000000e-02 0.000000000000e+00 1.300000000000e-01
v -5.000000000000e-02 0.000000000000e+00 2.000000000000e-01
v -6.000000000000e-02 0.000000000000e+00 2.000000000000e-01
v -7.000000000000e-02 0.000000000000e+00 2.300000000000e-01
v -7.000000000000e-02 0.000000000000e+00 2.200000000000e-01
v -6.000000000000e-02 0.000000000000e+00 2.200000000000e-01
v -5.000000000000e-02 0.000000000000e+00 2.200000000000e-01
v -4.000000000000e-02 0.000000000000e+00 2.200000000000e-01
v -6.000000000000e-02 0.000000000000e+00 2.300000000000e-01
v -5.000000000000e-02 0.000000000000e+00 2.300000000000e-01
v -7.000000000000e-02 0.000000000000e+00 2.400000000000e-01
v -4.000000000000e-02 0.000000000000e+00 2.100000000000e-01
v -5.000000000000e-02 0.000000000000e+00 2.100000000000e-01
v -6.000000000000e-02 0.000000000000e+00 2.100000000000e-01
v -7.000000000000e-02 0.000000000000e+00 2.100000000000e-01
v -6.000000000000e-02 0.000000000000e+00 2.400000000000e-01
v -1.000000000000e-01 0.000000000000e+00 2.600000000000e-01
v -8.000000000000e-02 0.000000000000e+00 2.300000000000e-01
v -9.000000000000e-02 0.000000000000e+00 2.600000000000e-01
v -8.000000000000e-02 0.000000000000e+00 2.600000000000e-01
v -1.000000000000e-01 0.000000000000e+00 2.500000000000e-01
v -9.000000000000e-02 0.000000000000e+00 2.500000000000e-01
v -8.000000000000e-02 0.000000000000e+00 2.500000000000e-01
v -1.000000000000e-01 0.000000000000e+00 2.400000000000e-01
v -9.000000000000e-02 0.000000000000e+00 2.400000000000e-01
v -1.000000000000e-01 0.000000000000e+00 2.300000000000e-01
v -9.000000000000e-02 0.000000000000e+00 2.300000000000e-01
v -8.000000000000e-02 0.000000000000e+00 2.400000000000e-01
v -1.000000000000e-01 0.000000000000e+00 2.200000000000e-01
v -9.000000000000e-02 0.000000000000e+00 2.200000000000e-01
v -8.000000000000e-02 0.000000000000e+00 2.200000000000e-01
v -2.000000000000e-02 0.000000000000e+00 2.000000000000e-01
v -1.000000000000e-02 0.000000000000e+00 1.700000000000e-01
v -3.000000000000e-02 0.000000000000e+00 2.100000000000e-01
v -2.000000000000e-02 0.000000000000e+00 2.100000000000e-01
v -1.000000000000e-02 0.000000000000e+00 1.900000000000e-01
v -2.000000000000e-02 0.000000000000e+00 1.900000000000e-01
v -3.000000000000e-02 0.000000000000e+00 1.900000000000e-01
v -4.000000000000e-02 0.000000000000e+00 1.900000000000e-01
v -2.000000000000e-02 0.000000000000e+00 1.700000000000e-01
v -1.000000000000e-02 0.000000000000e+00 1.800000000000e-01
v -1.000000000000e-02 0.000000000000e+00 2.000000000000e-01
v -2.000000000000e-02 0.000000000000e+00 1.800000000000e-01
v -3.000000000000e-02 0.000000000000e+00 1.800000000000e-01
v -3.000000000000e-02 0.000000000000e+00 2.000000000000e-01
v -4.000000000000e-02 0.000000000000e+00 2.000000000000e-01
v -6.000000000000e-02 0.000000000000e+00 2.600000000000e-01
v -3.000000000000e-02 0.000000000000e+00 2.500000000000e-01
v -4.000000000000e-02 0.000000000000e+00 2.300000000000e-01
v -3.000000000000e-02 0.000000000000e+00 2.200000000000e-01
v -3.000000000000e-02 0.000000000000e+00 2.300000000000e-01
v -4.000000000000e-02 0.000000000000e+00 2.500000000000e-01
v -7.000000000000e-02 0.000000000000e+00 2.600000000000e-01
v -3.000000000000e-02 0.000000000000e+00 2.400000000000e-01
v -5.000000000000e-02 0.000000000000e+00 2.600000000000e-01
v -4.000000000000e-02 0.000000000000e+00 2.600000000000e-01
v -4.000000000000e-02 0.000000000000e+00 2.400000000000e-01
v -7.000000000000e-02 0.000000000000e+00 2.500000000000e-01
v -5.000000000000e-02 0.000000000000e+00 2.400000000000e-01
v -5.000000000000e-02 0.000000000000e+00 2.500000000000e-01
v -6.000000000000e-02 0.000000000000e+00 2.500000000000e-01
v -1.000000000000e-02 0.000000000000e+00 2.500000000000e-01
v -2.000000000000e-02 0.000000000000e+00 2.500000000000e-01
v 0.000000000000e+00 0.000000000000e+00 2.200000000000e-01
v 0.000000000000e+00 0.000000000000e+00 2.500000000000e-01
v -1.000000000000e-02 0.000000000000e+00 2.200000000000e-01
v -2.000000000000e-02 0.000000000000e+00 2.200000000000e-01
v 0.000000000000e+00 0.000000000000e+00 2.300000000000e-01
v -1.000000000000e-02 0.000000000000e+00 2.100000000000e-01
v -2.000000000000e-02 0.000000000000e+00 2.300000000000e-01
v -1.000000000000e-02 0.000000000000e+00 2.300000000000e-01
v 0.000000000000e+00 0.000000000000e+00 2.100000000000e-01
v -1.000000000000e-02 0.000000000000e+00 2.400000000000e-01
v 0.000000000000e+00 0.000000000000e+00 2.400000000000e-01
v -2.000000000000e-02 0.000000000000e+00 2.400000000000e-01
v 4.000000000000e-02 0.000000000000e+00 1.800000000000e-01
v 5.000000000000e-02 0.000000000000e+00 1.700000000000e-01
v 4.000000000000e-02 0.000000000000e+00 2.000000000000e-01
v 3.000000000000e-02 0.000000000000e+00 1.900000000000e-01
v 6.000000000000e-02 0.000000000000e+00 1.700000000000e-01
v 4.000000000000e-02 0.000000000000e+00 1.900000000000e-01
v 7.000000000000e-02 0.000000000000e+00 1.800000000000e-01
v 6.000000000000e-02 0.000000000000e+00 1.800000000000e-01
v 5.000000000000e-02 0.000000000000e+00 1.800000000000e-01
v 5.000000000000e-02 0.000000000000e+00 2.000000000000e-01
v 7.000000000000e-02 0.000000000000e+00 1.700000000000e-01
v 7.000000000000e-02 0.000000000000e+00 1.600000000000e-01
v 5.000000000000e-02 0.000000000000e+00 1.900000000000e-01
v 6.000000000000e-02 0.000000000000e+00 1.900000000000e-01
v 6.000000000000e-02 0.000000000000e+00 2.000000000000e-01
v 2.000000000000e-02 0.000000000000e+00 2.300000000000e-01
v 1.000000000000e-02 0.000000000000e+00 2.300000000000e-01
v 3.000000000000e-02 0.000000000000e+00 2.100000000000e-01
v 1.000000000000e-02 0.000000000000e+00 2.200000000000e-01
v 4.000000000000e-02 0.000000000000e+00 2.100000000000e-01
v 2.000000000000e-02 0.000000000000e+00 2.000000000000e-01
v 3.000000000000e-02 0.000000000000e+00 2.000000000000e-01
v 2.000000000000e-02 0.000000000000e+00 2.100000000000e-01
v 1.000000000000e-02 0.000000000000e+00 2.100000000000e-01
v 1.000000000000e-02 0.000000000000e+00 2.400000000000e-01
v 2.000000000000e-02 0.000000000000e+00 2.400000000000e-01
v 2.000000000000e-02 0.000000000000e+00 2.500000000000e-01
v 1.000000000000e-02 0.000000000000e+00 2.500000000000e-01
v 3.000000000000e-02 0.000000000000e+00 2.200000000000e-01
v 2.000000000000e-02 0.000000000000e+00 2.200000000000e-01
v 3.000000000000e-02 0.000000000000e+00 2.300000000000e-01
v 4.000000000000e-02 0.000000000000e+00 2.300000000000e-01
v 6.000000000000e-02 0.000000000000e+00 2.300000000000e-01
v 5.000000000000e-02 0.000000000000e+00 2.300000000000e-01
v 4.000000000000e-02 0.000000000000e+00 2.400000000000e-01
v 6.000000000000e-02 0.000000000000e+00 2.100000000000e-01
v 5.000000000000e-02 0.000000000000e+00 2.100000000000e-01
v 5.000000000000e-02 0.000000000000e+00 2.500000000000e-01
v 4.000000000000e-02 0.000000000000e+00 2.500000000000e-01
v 4.000000000000e-02 0.000000000000e+00 2.200000000000e-01
v 5.000000000000e-02 0.000000000000e+00 2.200000000000e-01
v 6.000000000000e-02 0.000000000000e+00 2.200000000000e-01
v 3.000000000000e-02 0.000000000000e+00 2.500000000000e-01
v 6.000000000000e-02 0.000000000000e+00 2.400000000000e-01
v 5.000000000000e-02 0.000000000000e+00 2.400000000000e-01
v 3.000000000000e-02 0.000000000000e+00 2.400000000000e-01
v 1.000000000000e-02 0.000000000000e+00 2.000000000000e-01
v 0.000000000000e+00 0.000000000000e+00 2.000000000000e-01
v 1.000000000000e-02 0.000000000000e+00 1.900000000000e-01
v 3.000000000000e-02 0.000000000000e+00 1.600000000000e-01
v 0.000000000000e+00 0.000000000000e+00 1.800000000000e-01
v 0.000000000000e+00 0.000000000000e+00 1.700000000000e-01
v 1.000000000000e-02 0.000000000000e+00 1.700000000000e-01
v 1.000000000000e-02 0.000000000000e+00 1.800000000000e-01
v 2.000000000000e-02 0.000000000000e+00 1.700000000000e-01
v 2.000000000000e-02 0.000000000000e+00 1.800000000000e-01
v 3.000000000000e-02 0.000000000000e+00 1.800000000000e-01
v 3.000000000000e-02 0.000000000000e+00 1.700000000000e-01
v 4.000000000000e-02 0.000000000000e+00 1.700000000000e-01
v 0.000000000000e+00 0.000000000000e+00 1.900000000000e-01
v 2.000000000000e-02 0.000000000000e+00 1.900000000000e-01
v 7.000000000000e-02 0.000000000000e+00 1.400000000000e-01
v 5.000000000000e-02 0.000000000000e+00 1.300000000000e-01
v 6.000000000000e-02 0.000000000000e+00 1.400000000000e-01
v 6.000000000000e-02 0.000000000000e+00 1.300000000000e-01
v 5.000000000000e-02 0.000000000000e+00 1.200000000000e-01
v 6.000000000000e-02 0.000000000000e+00 1.200000000000e-01
v 5.000000000000e-02 0.000000000000e+00 1.500000000000e-01
v 4.000000000000e-02 0.000000000000e+00 1.500000000000e-01
v 7.000000000000e-02 0.000000000000e+00 1.500000000000e-01
v 4.000000000000e-02 0.000000000000e+00 1.600000000000e-01
v 5.000000000000e-02 0.000000000000e+00 1.600000000000e-01
v 6.000000000000e-02 0.000000000000e+00 1.500000000000e-01
v 5.000000000000e-02 0.000000000000e+00 1.400000000000e-01
v 6.000000000000e-02 0.000000000000e+00 1.100000000000e-01
v 6.000000000000e-02 0.000000000000e+00 1.600000000000e-01
v 1.000000000000e-02 0.000000000000e+00 1.400000000000e-01
v 2.000000000000e-02 0.000000000000e+00 1.400000000000e-01
v 1.000000000000e-02 0.000000000000e+00 1.500000000000e-01
v 1.000000000000e-02 0.000000000000e+00 1.600000000000e-01
v 3.000000000000e-02 0.000000000000e+00 1.400000000000e-01
v 4.000000000000e-02 0.000000000000e+00 1.400000000000e-01
v 4.000000000000e-02 0.000000000000e+00 1.300000000000e-01
v 0.000000000000e+00 0.000000000000e+00 1.600000000000e-01
v 2.000000000000e-02 0.000000000000e+00 1.300000000000e-01
v -1.000000000000e-02 0.000000000000e+00 1.600000000000e-01
v 3.000000000000e-02 0.000000000000e+00 1.300000000000e-01
v 3.000000000000e-02 0.000000000000e+00 1.500000000000e-01
v 2.000000000000e-02 0.000000000000e+00 1.500000000000e-01
v 0.000000000000e+00 0.000000000000e+00 1.500000000000e-01
v 2.000000000000e-02 0.000000000000e+00 1.600000000000e-01
v 1.400000000000e-01 0.000000000000e+00 0.000000000000e+00
v 1.300000000000e-01 0.000000000000e+00 1.000000000000e-02
v 1.400000000000e-01 0.000000000000e+00 1.000000000000e-02
v 1.700000000000e-01 0.000000000000e+00 -3.000000000000e-02
v 1.500000000000e-01 0.000000000000e+00 -2.000000000000e-02
v 1.500000000000e-01 0.000000000000e+00 0.000000000000e+00
v 1.600000000000e-01 0.000000000000e+00 -2.000000000000e-02
v 1.700000000000e-01 0.000000000000e+00 -2.000000000000e-02
v 1.400000000000e-01 0.000000000000e+00 -1.000000000000e-02
v 1.600000000000e-01 0.000000000000e+00 -3.000000000000e-02
v 1.300000000000e-01 0.000000000000e+00 0.000000000000e+00
v 1.300000000000e-01 0.000000000000e+00 2.000000000000e-02
v 1.600000000000e-01 0.000000000000e+00 -1.000000000000e-02
v 1.500000000000e-01 0.000000000000e+00 -1.000000000000e-02
v 1.700000000000e-01 0.000000000000e+00 -4.000000000000e-02
v 1.600000000000e-01 0.000000000000e+00 -4.000000000000e-02
v 1.400000000000e-01 0.000000000000e+00 -2.000000000000e-02
v 1.300000000000e-01 0.000000000000e+00 -2.000000000000e-02
v 1.600000000000e-01 0.000000000000e+00 -5.000000000000e-02
v 1.200000000000e-01 0.000000000000e+00 -2.000000000000e-02
v 1.100000000000e-01 0.000000000000e+00 -2.000000000000e-02
v 1.200000000000e-01 0.000000000000e+00 -3.000000000000e-02
v 1.300000000000e-01 0.000000000000e+00 -1.000000000000e-02
v 1.200000000000e-01 0.000000000000e+00 -1.000000000000e-02
v 1.300000000000e-01 0.000000000000e+00 -3.000000000000e-02
v 1.400000000000e-01 0.000000000000e+00 -3.000000000000e-02
v 1.500000000000e-01 0.000000000000e+00 -3.000000000000e-02
v 1.300000000000e-01 0.000000000000e+00 -4.000000000000e-02
v 1.400000000000e-01 0.000000000000e+00 -4.000000000000e-02
v 1.500000000000e-01 0.000000000000e+00 -4.000000000000e-02
v 6.000000000000e-02 0.000000000000e+00 4.000000000000e-02
v 7.000000000000e-02 0.000000000000e+00 4.000000000000e-02
v 8.000000000000e-02 0.000000000000e+00 4.000000000000e-02
v 8.000000000000e-02 0.000000000000e+00 6.000000000000e-02
v 7.000000000000e-02 0.000000000000e+00 6.000000000000e-02
v 6.000000000000e-02 0.000000000000e+00 8.000000000000e-02
v 6.000000000000e-02 0.000000000000e+00 3.000000000000e-02
v 6.000000000000e-02 0.000000000000e+00 7.000000000000e-02
v 7.000000000000e-02 0.000000000000e+00 7.000000000000e-02
v 8.000000000000e-02 0.000000000000e+00 5.000000000000e-02
v 7.000000000000e-02 0.000000000000e+00 5.000000000000e-02
v 6.000000000000e-02 0.000000000000e+00 5.000000000000e-02
v 6.000000000000e-02 0.000000000000e+00 6.000000000000e-02
v 8.000000000000e-02 0.000000000000e+00 3.000000000000e-02
v 7.000000000000e-02 0.000000000000e+00 3.000000000000e-02
v 1.200000000000e-01 0.000000000000e+00 1.000000000000e-02
v 1.100000000000e-01 0.000000000000e+00 1.000000000000e-02
v 1.000000000000e-01 0.000000000000e+00 5.000000000000e-02
v 1.100000000000e-01 0.000000000000e+00 4.000000000000e-02
v 1.000000000000e-01 0.000000000000e+00 4.000000000000e-02
v 9.000000000000e-02 0.000000000000e+00 4.000000000000e-02
v 1.000000000000e-01 0.000000000000e+00 2.000000000000e-02
v 1.100000000000e-01 0.000000000000e+00 2.000000000000e-02
v 1.200000000000e-01 0.000000000000e+00 2.000000000000e-02
v 9.000000000000e-02 0.000000000000e+00 5.000000000000e-02
v 1.200000000000e-01 0.000000000000e+00 3.000000000000e-02
v 1.100000000000e-01 0.000000000000e+00 3.000000000000e-02
v 1.000000000000e-01 0.000000000000e+00 3.000000000000e-02
v 9.000000000000e-02 0.000000000000e+00 3.000000000000e-02
v 1.200000000000e-01 0.000000000000e+00 0.000000000000e+00
v 9.000000000000e-02 0.000000000000e+00 -1.000000000000e-02
v 1.000000000000e-01 0.000000000000e+00 -1.000000000000e-02
v 1.100000000000e-01 0.000000000000e+00 -1.000000000000e-02
v 8.000000000000e-02 0.000000000000e+00 0.000000000000e+00
v 9.000000000000e-02 0.000000000000e+00 1.000000000000e-02
v 8.000000000000e-02 0.000000000000e+00 1.000000000000e-02
v 9.000000000000e-02 0.000000000000e+00 2.000000000000e-02
v 7.000000000000e-02 0.000000000000e+00 1.000000000000e-02
v 8.000000000000e-02 0.000000000000e+00 2.000000000000e-02
v 1.000000000000e-01 0.000000000000e+00 1.000000000000e-02
v 6.000000000000e-02 0.000000000000e+00 2.000000000000e-02
v 7.000000000000e-02 0.000000000000e+00 2.000000000000e-02
v 9.000000000000e-02 0.000000000000e+00 0.000000000000e+00
v 1.100000000000e-01 0.000000000000e+00 0.000000000000e+00
v 1.000000000000e-01 0.000000000000e+00 0.000000000000e+00
v 1.600000000000e-01 0.000000000000e+00 6.000000000000e-02
v 1.600000000000e-01 0.000000000000e+00 7.000000000000e-02
v 1.500000000000e-01 0.000000000000e+00 7.000000000000e-02
v 1.400000000000e-01 0.000000000000e+00 7.000000000000e-02
v 1.700000000000e-01 0.000000000000e+00 4.000000000000e-02
v 1.700000000000e-01 0.000000000000e+00 6.000000000000e-02
v 1.800000000000e-01 0.000000000000e+00 4.000000000000e-02
v 1.800000000000e-01 0.000000000000e+00 5.000000000000e-02
v 1.700000000000e-01 0.000000000000e+00 5.000000000000e-02
v 1.600000000000e-01 0.000000000000e+00 5.000000000000e-02
v 1.900000000000e-01 0.000000000000e+00 4.000000000000e-02
v 1.500000000000e-01 0.000000000000e+00 8.000000000000e-02
v 1.400000000000e-01 0.000000000000e+00 8.000000000000e-02
v 1.400000000000e-01 0.000000000000e+00 6.000000000000e-02
v 1.500000000000e-01 0.000000000000e+00 6.000000000000e-02
v 1.300000000000e-01 0.000000000000e+00 3.000000000000e-02
v 1.500000000000e-01 0.000000000000e+00 2.000000000000e-02
v 1.400000000000e-01 0.000000000000e+00 2.000000000000e-02
v 1.600000000000e-01 0.000000000000e+00 2.000000000000e-02
v 1.300000000000e-01 0.000000000000e+00 4.000000000000e-02
v 1.400000000000e-01 0.000000000000e+00 4.000000000000e-02
v 1.500000000000e-01 0.000000000000e+00 4.000000000000e-02
v 1.400000000000e-01 0.000000000000e+00 3.000000000000e-02
v 1.500000000000e-01 0.000000000000e+00 3.000000000000e-02
v 1.600000000000e-01 0.000000000000e+00 3.000000000000e-02
v 1.600000000000e-01 0.000000000000e+00 4.000000000000e-02
v 1.400000000000e-01 0.000000000000e+00 5.000000000000e-02
v 1.500000000000e-01 0.000000000000e+00 5.000000000000e-02
v 1.500000000000e-01 0.000000000000e+00 1.000000000000e-02
v 1.600000000000e-01 0.000000000000e+00 1.000000000000e-02
v 1.700000000000e-01 0.000000000000e+00 2.000000000000e-02
v 1.900000000000e-01 0.000000000000e+00 0.000000000000e+00
v 1.900000000000e-01 0.000000000000e+00 2.000000000000e-02
v 1.800000000000e-01 0.000000000000e+00 2.000000000000e-02
v 1.600000000000e-01 0.000000000000e+00 0.000000000000e+00
v 1.700000000000e-01 0.000000000000e+00 0.000000000000e+00
v 1.800000000000e-01 0.000000000000e+00 0.000000000000e+00
v 1.900000000000e-01 0.000000000000e+00 1.000000000000e-02
v 1.700000000000e-01 0.000000000000e+00 -1.000000000000e-02
v 1.800000000000e-01 0.000000000000e+00 -1.000000000000e-02
v 1.700000000000e-01 0.000000000000e+00 3.000000000000e-02
v 1.800000000000e-01 0.000000000000e+00 3.000000000000e-02
v 1.900000000000e-01 0.000000000000e+00 3.000000000000e-02
v 1.700000000000e-01 0.000000000000e+00 1.000000000000e-02
v 1.800000000000e-01 0.000000000000e+00 1.000000000000e-02
v 1.300000000000e-01 0.000000000000e+00 6.000000000000e-02
v 1.200000000000e-01 0.000000000000e+00 6.000000000000e-02
v 1.100000000000e-01 0.000000000000e+00 6.000000000000e-02
v 1.100000000000e-01 0.000000000000e+00 9.000000000000e-02
v 1.200000000000e-01 0.000000000000e+00 9.000000000000e-02
v 1.200000000000e-01 0.000000000000e+00 4.000000000000e-02
v 1.300000000000e-01 0.000000000000e+00 5.000000000000e-02
v 1.100000000000e-01 0.000000000000e+00 8.000000000000e-02
v 1.200000000000e-01 0.000000000000e+00 8.000000000000e-02
v 1.300000000000e-01 0.000000000000e+00 8.000000000000e-02
v 1.200000000000e-01 0.000000000000e+00 5.000000000000e-02
v 1.100000000000e-01 0.000000000000e+00 5.000000000000e-02
v 1.300000000000e-01 0.000000000000e+00 7.000000000000e-02
v 1.100000000000e-01 0.000000000000e+00 7.000000000000e-02
v 1.200000000000e-01 0.000000000000e+00 7.000000000000e-02
v 9.000000000000e-02 0.000000000000e+00 6.000000000000e-02
v 6.000000000000e-02 0.000000000000e+00 9.000000000000e-02
v 7.000000000000e-02 0.000000000000e+00 9.000000000000e-02
v 8.000000000000e-02 0.000000000000e+00 9.000000000000e-02
v 9.000000000000e-02 0.000000000000e+00 9.000000000000e-02
v 1.000000000000e-01 0.000000000000e+00 6.000000000000e-02
v 1.000000000000e-01 0.000000000000e+00 7.000000000000e-02
v 9.000000000000e-02 0.000000000000e+00 7.000000000000e-02
v 8.000000000000e-02 0.000000000000e+00 7.000000000000e-02
v 7.000000000000e-02 0.000000000000e+00 1.000000000000e-01
v 6.000000000000e-02 0.000000000000e+00 1.000000000000e-01
v 1.000000000000e-01 0.000000000000e+00 8.000000000000e-02
v 7.000000000000e-02 0.000000000000e+00 8.000000000000e-02
v 9.000000000000e-02 0.000000000000e+00 8.000000000000e-02
v 8.000000000000e-02 0.000000000000e+00 8.000000000000e-02
v 1.000000000000e-01 0.000000000000e+00 9.000000000000e-02
v 8.000000000000e-02 0.000000000000e+00 1.300000000000e-01
v 7.000000000000e-02 0.000000000000e+00 1.200000000000e-01
v 8.000000000000e-02 0.000000000000e+00 1.200000000000e-01
v 9.000000000000e-02 0.000000000000e+00 1.200000000000e-01
v 7.000000000000e-02 0.000000000000e+00 1.300000000000e-01
v 9.000000000000e-02 0.000000000000e+00 1.100000000000e-01
v 8.000000000000e-02 0.000000000000e+00 1.100000000000e-01
v 7.000000000000e-02 0.000000000000e+00 1.100000000000e-01
v 8.000000000000e-02 0.000000000000e+00 1.000000000000e-01
v 9.000000000000e-02 0.000000000000e+00 1.000000000000e-01
v 1.000000000000e-01 0.000000000000e+00 1.100000000000e-01
v 1.000000000000e-01 0.000000000000e+00 1.000000000000e-01
v 1.100000000000e-01 0.000000000000e+00 1.000000000000e-01
v 1.800000000000e-01 0.000000000000e+00 6.000000000000e-02
v 1.900000000000e-01 0.000000000000e+00 6.000000000000e-02
v 1.900000000000e-01 0.000000000000e+00 9.000000000000e-02
v 1.800000000000e-01 0.000000000000e+00 9.000000000000e-02
v 1.700000000000e-01 0.000000000000e+00 9.000000000000e-02
v 1.900000000000e-01 0.000000000000e+00 5.000000000000e-02
v 1.600000000000e-01 0.000000000000e+00 9.000000000000e-02
v 1.900000000000e-01 0.000000000000e+00 8.000000000000e-02
v 1.600000000000e-01 0.000000000000e+00 1.000000000000e-01
v 2.000000000000e-01 0.000000000000e+00 7.000000000000e-02
v 1.700000000000e-01 0.000000000000e+00 7.000000000000e-02
v 1.900000000000e-01 0.000000000000e+00 7.000000000000e-02
v 1.800000000000e-01 0.000000000000e+00 7.000000000000e-02
v 1.600000000000e-01 0.000000000000e+00 8.000000000000e-02
v 1.700000000000e-01 0.000000000000e+00 8.000000000000e-02
v 1.800000000000e-01 0.000000000000e+00 8.000000000000e-02
v 1.600000000000e-01 0.000000000000e+00 1.300000000000e-01
v 1.700000000000e-01 0.000000000000e+00 1.200000000000e-01
v 1.600000000000e-01 0.000000000000e+00 1.200000000000e-01
v 1.600000000000e-01 0.000000000000e+00 1.100000000000e-01
v 1.700000000000e-01 0.000000000000e+00 1.100000000000e-01
v 1.600000000000e-01 0.000000000000e+00 1.400000000000e-01
v 1.700000000000e-01 0.000000000000e+00 1.000000000000e-01
v 1.700000000000e-01 0.000000000000e+00 1.300000000000e-01
v 1.800000000000e-01 0.000000000000e+00 1.300000000000e-01
v 1.700000000000e-01 0.000000000000e+00 1.400000000000e-01
v 1.800000000000e-01 0.000000000000e+00 1.100000000000e-01
v 1.900000000000e-01 0.000000000000e+00 1.000000000000e-01
v 1.800000000000e-01 0.000000000000e+00 1.200000000000e-01
v 1.900000000000e-01 0.000000000000e+00 1.100000000000e-01
v 1.800000000000e-01 0.000000000000e+00 1.000000000000e-01
v 9.000000000000e-02 0.000000000000e+00 1.300000000000e-01
v 9.000000000000e-02 0.000000000000e+00 1.400000000000e-01
v 1.000000000000e-01 0.000000000000e+00 1.200000000000e-01
v 9.000000000000e-02 0.000000000000e+00 1.500000000000e-01
v 8.000000000000e-02 0.000000000000e+00 1.500000000000e-01
v 9.000000000000e-02 0.000000000000e+00 1.700000000000e-01
v 8.000000000000e-02 0.000000000000e+00 1.600000000000e-01
v 1.000000000000e-01 0.000000000000e+00 1.300000000000e-01
v 1.100000000000e-01 0.000000000000e+00 1.300000000000e-01
v 8.000000000000e-02 0.000000000000e+00 1.700000000000e-01
v 8.000000000000e-02 0.000000000000e+00 1.400000000000e-01
v 1.000000000000e-01 0.000000000000e+00 1.500000000000e-01
v 1.000000000000e-01 0.000000000000e+00 1.600000000000e-01
v 9.000000000000e-02 0.000000000000e+00 1.600000000000e-01
v 1.000000000000e-01 0.000000000000e+00 1.400000000000e-01
v 1.500000000000e-01 0.000000000000e+00 1.300000000000e-01
v 1.400000000000e-01 0.000000000000e+00 1.300000000000e-01
v 1.300000000000e-01 0.000000000000e+00 1.300000000000e-01
v 1.500000000000e-01 0.000000000000e+00 1.400000000000e-01
v 1.400000000000e-01 0.000000000000e+00 1.400000000000e-01
v 1.100000000000e-01 0.000000000000e+00 1.400000000000e-01
v 1.200000000000e-01 0.000000000000e+00 1.400000000000e-01
v 1.300000000000e-01 0.000000000000e+00 1.400000000000e-01
v 1.500000000000e-01 0.000000000000e+00 1.500000000000e-01
v 1.400000000000e-01 0.000000000000e+00 1.500000000000e-01
v 1.300000000000e-01 0.000000000000e+00 1.500000000000e-01
v 1.200000000000e-01 0.000000000000e+00 1.500000000000e-01
v 1.100000000000e-01 0.000000000000e+00 1.500000000000e-01
v 1.500000000000e-01 0.000000000000e+00 1.200000000000e-01
v 1.400000000000e-01 0.000000000000e+00 1.200000000000e-01
v 1.200000000000e-01 0.000000000000e+00 1.300000000000e-01
v 1.500000000000e-01 0.000000000000e+00 1.100000000000e-01
v 1.500000000000e-01 0.000000000000e+00 1.000000000000e-01
v 1.300000000000e-01 0.000000000000e+00 1.100000000000e-01
v 1.300000000000e-01 0.000000000000e+00 9.000000000000e-02
v 1.300000000000e-01 0.000000000000e+00 1.200000000000e-01
v 1.400000000000e-01 0.000000000000e+00 9.000000000000e-02
v 1.500000000000e-01 0.000000000000e+00 9.000000000000e-02
v 1.200000000000e-01 0.000000000000e+00 1.200000000000e-01
v 1.100000000000e-01 0.000000000000e+00 1.200000000000e-01
v 1.100000000000e-01 0.000000000000e+00 1.100000000000e-01
v 1.200000000000e-01 0.000000000000e+00 1.100000000000e-01
v 1.400000000000e-01 0.000000000000e+00 1.000000000000e-01
v 1.400000000000e-01 0.000000000000e+00 1.100000000000e-01
v 1.200000000000e-01 0.000000000000e+00 1.000000000000e-01
v 1.300000000000e-01 0.000000000000e+00 1.000000000000e-01
v 1.300000000000e-01 0.000000000000e+00 2.100000000000e-01
v 1.200000000000e-01 0.000000000000e+00 2.100000000000e-01
v 1.400000000000e-01 0.000000000000e+00 2.100000000000e-01
v 1.500000000000e-01 0.000000000000e+00 2.100000000000e-01
v 1.100000000000e-01 0.000000000000e+00 2.400000000000e-01
v 1.200000000000e-01 0.000000000000e+00 2.200000000000e-01
v 1.500000000000e-01 0.000000000000e+00 2.200000000000e-01
v 1.200000000000e-01 0.000000000000e+00 2.500000000000e-01
v 1.400000000000e-01 0.000000000000e+00 2.200000000000e-01
v 1.300000000000e-01 0.000000000000e+00 2.200000000000e-01
v 1.200000000000e-01 0.000000000000e+00 2.300000000000e-01
v 1.300000000000e-01 0.000000000000e+00 2.300000000000e-01
v 1.400000000000e-01 0.000000000000e+00 2.300000000000e-01
v 1.200000000000e-01 0.000000000000e+00 2.400000000000e-01
v 1.300000000000e-01 0.000000000000e+00 2.400000000000e-01
v 1.600000000000e-01 0.000000000000e+00 1.600000000000e-01
v 1.600000000000e-01 0.000000000000e+00 1.500000000000e-01
v 1.700000000000e-01 0.000000000000e+00 1.500000000000e-01
v 1.800000000000e-01 0.000000000000e+00 1.500000000000e-01
v 1.600000000000e-01 0.000000000000e+00 1.900000000000e-01
v 1.700000000000e-01 0.000000000000e+00 1.900000000000e-01
v 1.800000000000e-01 0.000000000000e+00 1.700000000000e-01
v 1.700000000000e-01 0.000000000000e+00 1.700000000000e-01
v 1.800000000000e-01 0.000000000000e+00 1.600000000000e-01
v 1.700000000000e-01 0.000000000000e+00 1.600000000000e-01
v 1.800000000000e-01 0.000000000000e+00 1.800000000000e-01
v 1.600000000000e-01 0.000000000000e+00 2.000000000000e-01
v 1.600000000000e-01 0.000000000000e+00 1.800000000000e-01
v 1.700000000000e-01 0.000000000000e+00 1.800000000000e-01
v 1.600000000000e-01 0.000000000000e+00 1.700000000000e-01
v 1.300000000000e-01 0.000000000000e+00 2.000000000000e-01
v 1.300000000000e-01 0.000000000000e+00 1.600000000000e-01
v 1.500000000000e-01 0.000000000000e+00 2.000000000000e-01
v 1.500000000000e-01 0.000000000000e+00 1.600000000000e-01
v 1.400000000000e-01 0.000000000000e+00 1.600000000000e-01
v 1.400000000000e-01 0.000000000000e+00 2.000000000000e-01
v 1.500000000000e-01 0.000000000000e+00 1.900000000000e-01
v 1.500000000000e-01 0.000000000000e+00 1.800000000000e-01
v 1.300000000000e-01 0.000000000000e+00 1.900000000000e-01
v 1.300000000000e-01 0.000000000000e+00 1.800000000000e-01
v 1.500000000000e-01 0.000000000000e+00 1.700000000000e-01
v 1.400000000000e-01 0.000000000000e+00 1.800000000000e-01
v 1.400000000000e-01 0.000000000000e+00 1.700000000000e-01
v 1.300000000000e-01 0.000000000000e+00 1.700000000000e-01
v 1.400000000000e-01 0.000000000000e+00 1.900000000000e-01
v 8.000000000000e-02 0.000000000000e+00 2.300000000000e-01
v 9.000000000000e-02 0.000000000000e+00 2.300000000000e-01
v 7.000000000000e-02 0.000000000000e+00 2.400000000000e-01
v 1.000000000000e-01 0.000000000000e+00 2.300000000000e-01
v 6.000000000000e-02 0.000000000000e+00 2.500000000000e-01
v 7.000000000000e-02 0.000000000000e+00 2.500000000000e-01
v 8.000000000000e-02 0.000000000000e+00 2.500000000000e-01
v 1.100000000000e-01 0.000000000000e+00 2.200000000000e-01
v 1.000000000000e-01 0.000000000000e+00 2.200000000000e-01
v 9.000000000000e-02 0.000000000000e+00 2.200000000000e-01
v 1.100000000000e-01 0.000000000000e+00 2.300000000000e-01
v 8.000000000000e-02 0.000000000000e+00 2.400000000000e-01
v 9.000000000000e-02 0.000000000000e+00 2.500000000000e-01
v 9.000000000000e-02 0.000000000000e+00 2.400000000000e-01
v 1.000000000000e-01 0.000000000000e+00 2.400000000000e-01
v 1.200000000000e-01 0.000000000000e+00 1.700000000000e-01
v 1.100000000000e-01 0.000000000000e+00 1.700000000000e-01
v 1.100000000000e-01 0.000000000000e+00 2.100000000000e-01
v 1.000000000000e-01 0.000000000000e+00 1.900000000000e-01
v 1.200000000000e-01 0.000000000000e+00 1.800000000000e-01
v 1.200000000000e-01 0.000000000000e+00 1.900000000000e-01
v 1.200000000000e-01 0.000000000000e+00 1.600000000000e-01
v 1.100000000000e-01 0.000000000000e+00 1.600000000000e-01
v 1.100000000000e-01 0.000000000000e+00 1.900000000000e-01
v 1.100000000000e-01 0.000000000000e+00 1.800000000000e-01
v 1.000000000000e-01 0.000000000000e+00 1.800000000000e-01
v 1.000000000000e-01 0.000000000000e+00 2.100000000000e-01
v 1.200000000000e-01 0.000000000000e+00 2.000000000000e-01
v 1.100000000000e-01 0.000000000000e+00 2.000000000000e-01
v 1.000000000000e-01 0.000000000000e+00 2.000000000000e-01
v 1.000000000000e-01 0.000000000000e+00 1.700000000000e-01
v 9.000000000000e-02 0.000000000000e+00 1.800000000000e-01
v 9.000000000000e-02 0.000000000000e+00 2.000000000000e-01
v 8.000000000000e-02 0.000000000000e+00 2.000000000000e-01
v 7.000000000000e-02 0.000000000000e+00 2.000000000000e-01
v 8.000000000000e-02 0.000000000000e+00 1.800000000000e-01
v 7.000000000000e-02 0.000000000000e+00 1.900000000000e-01
v 7.000000000000e-02 0.000000000000e+00 2.300000000000e-01
v 9.000000000000e-02 0.000000000000e+00 1.900000000000e-01
v 8.000000000000e-02 0.000000000000e+00 1.900000000000e-01
v 9.000000000000e-02 0.000000000000e+00 2.100000000000e-01
v 8.000000000000e-02 0.000000000000e+00 2.100000000000e-01
v 8.000000000000e-02 0.000000000000e+00 2.200000000000e-01
v 7.000000000000e-02 0.000000000000e+00 2.200000000000e-01
v 7.000000000000e-02 0.000000000000e+00 2.100000000000e-01
v -4.500000000000e-01 0.000000000000e+00 1.200000000000e-01
v -4.300000000000e-01 0.000000000000e+00 1.100000000000e-01
v -4.100000000000e-01 0.000000000000e+00 9.000000000000e-02
v -4.200000000000e-01 0.000000000000e+00 9.000000000000e-02
v -4.300000000000e-01 0.000000000000e+00 9.000000000000e-02
v -4.200000000000e-01 0.000000000000e+00 1.100000000000e-01
v -4.100000000000e-01 0.000000000000e+00 1.100000000000e-01
v -4.200000000000e-01 0.000000000000e+00 1.200000000000e-01
v -4.400000000000e-01 0.000000000000e+00 1.200000000000e-01
v -4.300000000000e-01 0.000000000000e+00 1.200000000000e-01
v -4.100000000000e-01 0.000000000000e+00 1.000000000000e-01
v -4.200000000000e-01 0.000000000000e+00 1.000000000000e-01
v -4.300000000000e-01 0.000000000000e+00 1.000000000000e-01
v -4.100000000000e-01 0.000000000000e+00 1.200000000000e-01
v -4.400000000000e-01 0.000000000000e+00 1.100000000000e-01
v -4.000000000000e-01 0.000000000000e+00 1.000000000000e-01
v -3.800000000000e-01 0.000000000000e+00 1.200000000000e-01
v -3.700000000000e-01 0.000000000000e+00 9.000000000000e-02
v -3.800000000000e-01 0.000000000000e+00 9.000000000000e-02
v -3.900000000000e-01 0.000000000000e+00 9.000000000000e-02
v -4.000000000000e-01 0.000000000000e+00 9.000000000000e-02
v -3.700000000000e-01 0.000000000000e+00 1.100000000000e-01
v -3.800000000000e-01 0.000000000000e+00 1.100000000000e-01
v -3.900000000000e-01 0.000000000000e+00 1.100000000000e-01
v -4.000000000000e-01 0.000000000000e+00 1.100000000000e-01
v -3.900000000000e-01 0.000000000000e+00 1.200000000000e-01
v -4.000000000000e-01 0.000000000000e+00 1.200000000000e-01
v -3.700000000000e-01 0.000000000000e+00 1.000000000000e-01
v -3.900000000000e-01 0.000000000000e+00 1.000000000000e-01
v -3.800000000000e-01 0.000000000000e+00 1.000000000000e-01
v -3.800000000000e-01 0.000000000000e+00 1.400000000000e-01
v -4.000000000000e-01 0.000000000000e+00 1.500000000000e-01
v -3.900000000000e-01 0.000000000000e+00 1.500000000000e-01
v -3.800000000000e-01 0.000000000000e+00 1.500000000000e-01
v -3.700000000000e-01 0.000000000000e+00 1.500000000000e-01
v -3.700000000000e-01 0.000000000000e+00 1.200000000000e-01
v -4.000000000000e-01 0.000000000000e+00 1.600000000000e-01
v -4.000000000000e-01 0.000000000000e+00 1.700000000000e-01
v -3.700000000000e-01 0.000000000000e+00 1.300000000000e-01
v -3.900000000000e-01 0.000000000000e+00 1.600000000000e-01
v -3.800000000000e-01 0.000000000000e+00 1.600000000000e-01
v -3.900000000000e-01 0.000000000000e+00 1.700000000000e-01
v -3.700000000000e-01 0.000000000000e+00 1.400000000000e-01
v -3.800000000000e-01 0.000000000000e+00 1.300000000000e-01
v -3.900000000000e-01 0.000000000000e+00 1.400000000000e-01
v -4.200000000000e-01 0.000000000000e+00 1.400000000000e-01
v -4.300000000000e-01 0.000000000000e+00 1.300000000000e-01
v -4.200000000000e-01 0.000000000000e+00 1.300000000000e-01
v -4.100000000000e-01 0.000000000000e+00 1.300000000000e-01
v -4.000000000000e-01 0.000000000000e+00 1.300000000000e-01
v -4.400000000000e-01 0.000000000000e+00 1.500000000000e-01
v -4.000000000000e-01 0.000000000000e+00 1.400000000000e-01
v -4.300000000000e-01 0.000000000000e+00 1.500000000000e-01
v -4.200000000000e-01 0.000000000000e+00 1.500000000000e-01
v -4.100000000000e-01 0.000000000000e+00 1.400000000000e-01
v -4.400000000000e-01 0.000000000000e+00 1.300000000000e-01
v -4.400000000000e-01 0.000000000000e+00 1.400000000000e-01
v -4.300000000000e-01 0.000000000000e+00 1.400000000000e-01
v -3.900000000000e-01 0.000000000000e+00 1.300000000000e-01
v -4.100000000000e-01 0.000000000000e+00 1.500000000000e-01
v -4.400000000000e-01 0.000000000000e+00 1.800000000000e-01
v -4.300000000000e-01 0.000000000000e+00 1.700000000000e-01
v -4.300000000000e-01 0.000000000000e+00 1.900000000000e-01
v -4.400000000000e-01 0.000000000000e+00 1.900000000000e-01
v -4.200000000000e-01 0.000000000000e+00 1.700000000000e-01
v -4.100000000000e-01 0.000000000000e+00 1.700000000000e-01
v -4.400000000000e-01 0.000000000000e+00 2.000000000000e-01
v -4.400000000000e-01 0.000000000000e+00 1.700000000000e-01
v -4.500000000000e-01 0.000000000000e+00 2.000000000000e-01
v -4.300000000000e-01 0.000000000000e+00 1.800000000000e-01
v -4.200000000000e-01 0.000000000000e+00 1.800000000000e-01
v -4.100000000000e-01 0.000000000000e+00 1.600000000000e-01
v -4.200000000000e-01 0.000000000000e+00 1.600000000000e-01
v -4.300000000000e-01 0.000000000000e+00 1.600000000000e-01
v -4.400000000000e-01 0.000000000000e+00 1.600000000000e-01
v -4.800000000000e-01 0.000000000000e+00 1.800000000000e-01
v -5.000000000000e-01 0.000000000000e+00 1.900000000000e-01
v -4.900000000000e-01 0.000000000000e+00 1.700000000000e-01
v -5.000000000000e-01 0.000000000000e+00 1.700000000000e-01
v -5.000000000000e-01 0.000000000000e+00 1.800000000000e-01
v -4.900000000000e-01 0.000000000000e+00 1.800000000000e-01
v -5.000000000000e-01 0.000000000000e+00 2.100000000000e-01
v -4.800000000000e-01 0.000000000000e+00 2.000000000000e-01
v -4.900000000000e-01 0.000000000000e+00 2.000000000000e-01
v -5.000000000000e-01 0.000000000000e+00 2.000000000000e-01
v -4.900000000000e-01 0.000000000000e+00 2.100000000000e-01
v -4.900000000000e-01 0.000000000000e+00 1.900000000000e-01
v -4.800000000000e-01 0.000000000000e+00 1.900000000000e-01
v -4.800000000000e-01 0.000000000000e+00 1.700000000000e-01
v -4.700000000000e-01 0.000000000000e+00 1.700000000000e-01
v -4.500000000000e-01 0.000000000000e+00 1.800000000000e-01
v -4.700000000000e-01 0.000000000000e+00 1.900000000000e-01
v -4.600000000000e-01 0.000000000000e+00 1.600000000000e-01
v -4.500000000000e-01 0.000000000000e+00 1.600000000000e-01
v -4.600000000000e-01 0.000000000000e+00 1.900000000000e-01
v -4.500000000000e-01 0.000000000000e+00 1.900000000000e-01
v -4.600000000000e-01 0.000000000000e+00 1.700000000000e-01
v -4.700000000000e-01 0.000000000000e+00 2.000000000000e-01
v -4.600000000000e-01 0.000000000000e+00 2.000000000000e-01
v -4.500000000000e-01 0.000000000000e+00 1.700000000000e-01
v -4.500000000000e-01 0.000000000000e+00 1.500000000000e-01
v -4.700000000000e-01 0.000000000000e+00 1.800000000000e-01
v -4.600000000000e-01 0.000000000000e+00 1.800000000000e-01
v -4.600000000000e-01 0.000000000000e+00 1.300000000000e-01
v -4.800000000000e-01 0.000000000000e+00 1.500000000000e-01
v -4.500000000000e-01 0.000000000000e+00 1.400000000000e-01
v -4.600000000000e-01 0.000000000000e+00 1.500000000000e-01
v -4.900000000000e-01 0.000000000000e+00 1.500000000000e-01
v -5.000000000000e-01 0.000000000000e+00 1.600000000000e-01
v -4.900000000000e-01 0.000000000000e+00 1.600000000000e-01
v -4.800000000000e-01 0.000000000000e+00 1.600000000000e-01
v -4.700000000000e-01 0.000000000000e+00 1.600000000000e-01
v -5.000000000000e-01 0.000000000000e+00 1.500000000000e-01
v -4.700000000000e-01 0.000000000000e+00 1.300000000000e-01
v -4.500000000000e-01 0.000000000000e+00 1.300000000000e-01
v -4.600000000000e-01 0.000000000000e+00 1.400000000000e-01
v -4.800000000000e-01 0.000000000000e+00 1.400000000000e-01
v -4.700000000000e-01 0.000000000000e+00 1.500000000000e-01
v -4.700000000000e-01 0.000000000000e+00 1.400000000000e-01
v -5.000000000000e-01 0.000000000000e+00 1.100000000000e-01
v -5.000000000000e-01 0.000000000000e+00 1.400000000000e-01
v -4.900000000000e-01 0.000000000000e+00 1.400000000000e-01
v -4.800000000000e-01 0.000000000000e+00 9.000000000000e-02
v -4.900000000000e-01 0.000000000000e+00 9.000000000000e-02
v -5.000000000000e-01 0.000000000000e+00 1.300000000000e-01
v -4.800000000000e-01 0.000000000000e+00 1.000000000000e-01
v -4.900000000000e-01 0.000000000000e+00 1.100000000000e-01
v -5.000000000000e-01 0.000000000000e+00 1.200000000000e-01
v -4.900000000000e-01 0.000000000000e+00 1.300000000000e-01
v -4.800000000000e-01 0.000000000000e+00 1.300000000000e-01
v -5.000000000000e-01 0.000000000000e+00 9.000000000000e-02
v -4.900000000000e-01 0.000000000000e+00 1.200000000000e-01
v -5.000000000000e-01 0.000000000000e+00 1.000000000000e-01
v -4.900000000000e-01 0.000000000000e+00 1.000000000000e-01
v -4.800000000000e-01 0.000000000000e+00 1.200000000000e-01
v -4.700000000000e-01 0.000000000000e+00 1.200000000000e-01
v -4.700000000000e-01 0.000000000000e+00 1.100000000000e-01
v -4.600000000000e-01 0.000000000000e+00 1.200000000000e-01
v -4.500000000000e-01 0.000000000000e+00 1.000000000000e-01
v -4.400000000000e-01 0.000000000000e+00 1.000000000000e-01
v -4.400000000000e-01 0.000000000000e+00 9.000000000000e-02
v -4.500000000000e-01 0.000000000000e+00 9.000000000000e-02
v -4.600000000000e-01 0.000000000000e+00 9.000000000000e-02
v -4.700000000000e-01 0.000000000000e+00 9.000000000000e-02
v -4.800000000000e-01 0.000000000000e+00 1.100000000000e-01
v -4.600000000000e-01 0.000000000000e+00 1.100000000000e-01
v -4.600000000000e-01 0.000000000000e+00 1.000000000000e-01
v -4.700000000000e-01 0.000000000000e+00 1.000000000000e-01
v -4.500000000000e-01 0.000000000000e+00 1.100000000000e-01
v -4.700000000000e-01 0.000000000000e+00 2.000000000000e-02
v -5.000000000000e-01 0.000000000000e+00 3.000000000000e-02
v -4.900000000000e-01 0.000000000000e+00 3.000000000000e-02
v -4.800000000000e-01 0.000000000000e+00 3.000000000000e-02
v -4.700000000000e-01 0.000000000000e+00 3.000000000000e-02
v -4.700000000000e-01 0.000000000000e+00 1.000000000000e-02
v -4.800000000000e-01 0.000000000000e+00 1.000000000000e-02
v -4.800000000000e-01 0.000000000000e+00 2.000000000000e-02
v -4.900000000000e-01 0.000000000000e+00 2.000000000000e-02
v -5.000000000000e-01 0.000000000000e+00 2.000000000000e-02
v -4.900000000000e-01 0.000000000000e+00 1.000000000000e-02
v -5.000000000000e-01 0.000000000000e+00 1.000000000000e-02
v -4.800000000000e-01 0.000000000000e+00 4.000000000000e-02
v -4.900000000000e-01 0.000000000000e+00 4.000000000000e-02
v -5.000000000000e-01 0.000000000000e+00 4.000000000000e-02
v -4.700000000000e-01 0.000000000000e+00 7.000000000000e-02
v -4.700000000000e-01 0.000000000000e+00 5.000000000000e-02
v -5.000000000000e-01 0.000000000000e+00 8.000000000000e-02
v -5.000000000000e-01 0.000000000000e+00 7.000000000000e-02
v -4.900000000000e-01 0.000000000000e+00 7.000000000000e-02
v -4.800000000000e-01 0.000000000000e+00 7.000000000000e-02
v -4.700000000000e-01 0.000000000000e+00 6.000000000000e-02
v -4.800000000000e-01 0.000000000000e+00 6.000000000000e-02
v -5.000000000000e-01 0.000000000000e+00 5.000000000000e-02
v -4.900000000000e-01 0.000000000000e+00 5.000000000000e-02
v -4.800000000000e-01 0.000000000000e+00 5.000000000000e-02
v -4.900000000000e-01 0.000000000000e+00 6.000000000000e-02
v -4.900000000000e-01 0.000000000000e+00 8.000000000000e-02
v -4.800000000000e-01 0.000000000000e+00 8.000000000000e-02
v -5.000000000000e-01 0.000000000000e+00 6.000000000000e-02
v -4.400000000000e-01 0.000000000000e+00 1.000000000000e-02
v -4.600000000000e-01 0.000000000000e+00 3.000000000000e-02
v -4.500000000000e-01 0.000000000000e+00 3.000000000000e-02
v -4.500000000000e-01 0.000000000000e+00 2.000000000000e-02
v -4.600000000000e-01 0.000000000000e+00 2.000000000000e-02
v -4.400000000000e-01 0.000000000000e+00 2.000000000000e-02
v -4.600000000000e-01 0.000000000000e+00 4.000000000000e-02
v -4.300000000000e-01 0.000000000000e+00 1.000000000000e-02
v -4.500000000000e-01 0.000000000000e+00 1.000000000000e-02
v -4.700000000000e-01 0.000000000000e+00 4.000000000000e-02
v -4.200000000000e-01 0.000000000000e+00 0.000000000000e+00
v -4.600000000000e-01 0.000000000000e+00 1.000000000000e-02
v -4.300000000000e-01 0.000000000000e+00 0.000000000000e+00
v -4.400000000000e-01 0.000000000000e+00 0.000000000000e+00
v -4.500000000000e-01 0.000000000000e+00 0.000000000000e+00
v -4.400000000000e-01 0.000000000000e+00 6.000000000000e-02
v -4.300000000000e-01 0.000000000000e+00 5.000000000000e-02
v -4.200000000000e-01 0.000000000000e+00 5.000000000000e-02
v -4.300000000000e-01 0.000000000000e+00 8.000000000000e-02
v -4.300000000000e-01 0.000000000000e+00 7.000000000000e-02
v -4.400000000000e-01 0.000000000000e+00 7.000000000000e-02
v -4.500000000000e-01 0.000000000000e+00 7.000000000000e-02
v -4.600000000000e-01 0.000000000000e+00 7.000000000000e-02
v -4.400000000000e-01 0.000000000000e+00 8.000000000000e-02
v -4.500000000000e-01 0.000000000000e+00 8.000000000000e-02
v -4.600000000000e-01 0.000000000000e+00 8.000000000000e-02
v -4.700000000000e-01 0.000000000000e+00 8.000000000000e-02
v -4.200000000000e-01 0.000000000000e+00 6.000000000000e-02
v -4.300000000000e-01 0.000000000000e+00 6.000000000000e-02
v -4.600000000000e-01 0.000000000000e+00 6.000000000000e-02
v -4.400000000000e-01 0.000000000000e+00 3.000000000000e-02
v -4.300000000000e-01 0.000000000000e+00 3.000000000000e-02
v -4.600000000000e-01 0.000000000000e+00 5.000000000000e-02
v -4.500000000000e-01 0.000000000000e+00 6.000000000000e-02
v -4.200000000000e-01 0.000000000000e+00 3.000000000000e-02
v -4.200000000000e-01 0.000000000000e+00 4.000000000000e-02
v -4.300000000000e-01 0.000000000000e+00 4.000000000000e-02
v -4.200000000000e-01 0.000000000000e+00 2.000000000000e-02
v -4.300000000000e-01 0.000000000000e+00 2.000000000000e-02
v -4.200000000000e-01 0.000000000000e+00 1.000000000000e-02
v -4.500000000000e-01 0.000000000000e+00 4.000000000000e-02
v -4.400000000000e-01 0.000000000000e+00 4.000000000000e-02
v -4.400000000000e-01 0.000000000000e+00 5.000000000000e-02
v -4.500000000000e-01 0.000000000000e+00 5.000000000000e-02
v -4.000000000000e-01 0.000000000000e+00 5.000000000000e-02
v -4.000000000000e-01 0.000000000000e+00 4.000000000000e-02
v -4.200000000000e-01 0.000000000000e+00 7.000000000000e-02
v -4.100000000000e-01 0.000000000000e+00 7.000000000000e-02
v -4.000000000000e-01 0.000000000000e+00 7.000000000000e-02
v -4.100000000000e-01 0.000000000000e+00 5.000000000000e-02
v -4.100000000000e-01 0.000000000000e+00 6.000000000000e-02
v -4.200000000000e-01 0.000000000000e+00 8.000000000000e-02
v -4.100000000000e-01 0.000000000000e+00 8.000000000000e-02
v -4.000000000000e-01 0.000000000000e+00 8.000000000000e-02
v -4.100000000000e-01 0.000000000000e+00 4.000000000000e-02
v -4.000000000000e-01 0.000000000000e+00 6.000000000000e-02
v -3.900000000000e-01 0.000000000000e+00 6.000000000000e-02
v -4.100000000000e-01 0.000000000000e+00 3.000000000000e-02
v -4.000000000000e-01 0.000000000000e+00 3.000000000000e-02
v -3.700000000000e-01 0.000000000000e+00 4.000000000000e-02
v -3.900000000000e-01 0.000000000000e+00 3.000000000000e-02
v -3.900000000000e-01 0.000000000000e+00 5.000000000000e-02
v -3.800000000000e-01 0.000000000000e+00 5.000000000000e-02
v -3.800000000000e-01 0.000000000000e+00 3.000000000000e-02
v -3.700000000000e-01 0.000000000000e+00 3.000000000000e-02
v -3.600000000000e-01 0.000000000000e+00 3.000000000000e-02
v -3.500000000000e-01 0.000000000000e+00 3.000000000000e-02
v -3.600000000000e-01 0.000000000000e+00 2.000000000000e-02
v -3.700000000000e-01 0.000000000000e+00 2.000000000000e-02
v -3.800000000000e-01 0.000000000000e+00 2.000000000000e-02
v -3.900000000000e-01 0.000000000000e+00 4.000000000000e-02
v -3.800000000000e-01 0.000000000000e+00 4.000000000000e-02
v -3.500000000000e-01 0.000000000000e+00 2.000000000000e-02
v -3.600000000000e-01 0.000000000000e+00 4.000000000000e-02
v -3.900000000000e-01 0.000000000000e+00 7.000000000000e-02
v -3.600000000000e-01 0.000000000000e+00 7.000000000000e-02
v -3.700000000000e-01 0.000000000000e+00 8.000000000000e-02
v -3.800000000000e-01 0.000000000000e+00 8.000000000000e-02
v -3.500000000000e-01 0.000000000000e+00 6.000000000000e-02
v -3.600000000000e-01 0.000000000000e+00 6.000000000000e-02
v -3.700000000000e-01 0.000000000000e+00 6.000000000000e-02
v -3.800000000000e-01 0.000000000000e+00 6.000000000000e-02
v -3.900000000000e-01 0.000000000000e+00 8.000000000000e-02
v -3.800000000000e-01 0.000000000000e+00 7.000000000000e-02
v -3.700000000000e-01 0.000000000000e+00 7.000000000000e-02
v -3.500000000000e-01 0.000000000000e+00 4.000000000000e-02
v -3.700000000000e-01 0.000000000000e+00 5.000000000000e-02
v -3.600000000000e-01 0.000000000000e+00 5.000000000000e-02
v -3.500000000000e-01 0.000000000000e+00 5.000000000000e-02
v -4.000000000000e-01 0.000000000000e+00 2.000000000000e-02
v -3.900000000000e-01 0.000000000000e+00 2.000000000000e-02
v -4.100000000000e-01 0.000000000000e+00 1.000000000000e-02
v -4.000000000000e-01 0.000000000000e+00 1.000000000000e-02
v -3.900000000000e-01 0.000000000000e+00 1.000000000000e-02
v -3.900000000000e-01 0.000000000000e+00 0.000000000000e+00
v -4.000000000000e-01 0.000000000000e+00 0.000000000000e+00
v -4.100000000000e-01 0.000000000000e+00 0.000000000000e+00
v -4.000000000000e-01 0.000000000000e+00 -2.000000000000e-02
v -3.900000000000e-01 0.000000000000e+00 -2.000000000000e-02
v -4.100000000000e-01 0.000000000000e+00 -1.000000000000e-02
v -4.000000000000e-01 0.000000000000e+00 -1.000000000000e-02
v -3.900000000000e-01 0.000000000000e+00 -1.000000000000e-02
v -4.100000000000e-01 0.000000000000e+00 2.000000000000e-02
v -3.700000000000e-01 0.000000000000e+00 1.000000000000e-02
v -3.800000000000e-01 0.000000000000e+00 1.000000000000e-02
v -3.600000000000e-01 0.000000000000e+00 1.000000000000e-02
v -3.500000000000e-01 0.000000000000e+00 1.000000000000e-02
v -3.500000000000e-01 0.000000000000e+00 -1.000000000000e-02
v -3.500000000000e-01 0.000000000000e+00 0.000000000000e+00
v -3.700000000000e-01 0.000000000000e+00 -2.000000000000e-02
v -3.600000000000e-01 0.000000000000e+00 -1.000000000000e-02
v -3.700000000000e-01 0.000000000000e+00 -1.000000000000e-02
v -3.800000000000e-01 0.000000000000e+00 -1.000000000000e-02
v -3.500000000000e-01 0.000000000000e+00 -2.000000000000e-02
v -3.600000000000e-01 0.000000000000e+00 -2.000000000000e-02
v -3.800000000000e-01 0.000000000000e+00 0.000000000000e+00
v -3.700000000000e-01 0.000000000000e+00 0.000000000000e+00
v -3.600000000000e-01 0.000000000000e+00 0.000000000000e+00
v -3.800000000000e-01 0.000000000000e+00 -2.000000000000e-02
v -3.400000000000e-01 0.000000000000e+00 -6.000000000000e-02
v -3.800000000000e-01 0.000000000000e+00 -3.000000000000e-02
v -3.400000000000e-01 0.000000000000e+00 -4.000000000000e-02
v -3.500000000000e-01 0.000000000000e+00 -4.000000000000e-02
v -3.600000000000e-01 0.000000000000e+00 -4.000000000000e-02
v -3.700000000000e-01 0.000000000000e+00 -4.000000000000e-02
v -3.700000000000e-01 0.000000000000e+00 -3.000000000000e-02
v -3.600000000000e-01 0.000000000000e+00 -3.000000000000e-02
v -3.500000000000e-01 0.000000000000e+00 -3.000000000000e-02
v -3.500000000000e-01 0.000000000000e+00 -6.000000000000e-02
v -3.600000000000e-01 0.000000000000e+00 -5.000000000000e-02
v -3.500000000000e-01 0.000000000000e+00 -5.000000000000e-02
v -3.400000000000e-01 0.000000000000e+00 -5.000000000000e-02
v -3.300000000000e-01 0.000000000000e+00 -5.000000000000e-02
v -2.000000000000e-01 0.000000000000e+00 6.000000000000e-02
v -1.900000000000e-01 0.000000000000e+00 4.000000000000e-02
v -1.800000000000e-01 0.000000000000e+00 4.000000000000e-02
v -2.200000000000e-01 0.000000000000e+00 7.000000000000e-02
v -2.100000000000e-01 0.000000000000e+00 7.000000000000e-02
v -2.000000000000e-01 0.000000000000e+00 7.000000000000e-02
v -1.900000000000e-01 0.000000000000e+00 7.000000000000e-02
v -1.800000000000e-01 0.000000000000e+00 3.000000000000e-02
v -1.800000000000e-01 0.000000000000e+00 6.000000000000e-02
v -1.900000000000e-01 0.000000000000e+00 6.000000000000e-02
v -2.100000000000e-01 0.000000000000e+00 6.000000000000e-02
v -1.800000000000e-01 0.000000000000e+00 5.000000000000e-02
v -1.900000000000e-01 0.000000000000e+00 5.000000000000e-02
v -2.000000000000e-01 0.000000000000e+00 5.000000000000e-02
v -2.100000000000e-01 0.000000000000e+00 4.000000000000e-02
v -1.900000000000e-01 0.000000000000e+00 3.000000000000e-02
v -2.000000000000e-01 0.000000000000e+00 3.000000000000e-02
v -2.100000000000e-01 0.000000000000e+00 3.000000000000e-02
v -2.100000000000e-01 0.000000000000e+00 5.000000000000e-02
v -2.200000000000e-01 0.000000000000e+00 5.000000000000e-02
v -2.300000000000e-01 0.000000000000e+00 5.000000000000e-02
v -2.000000000000e-01 0.000000000000e+00 4.000000000000e-02
v -2.200000000000e-01 0.000000000000e+00 4.000000000000e-02
v -1.800000000000e-01 0.000000000000e+00 2.000000000000e-02
v -1.900000000000e-01 0.000000000000e+00 2.000000000000e-02
v -1.800000000000e-01 0.000000000000e+00 1.000000000000e-02
v -2.300000000000e-01 0.000000000000e+00 6.000000000000e-02
v -2.200000000000e-01 0.000000000000e+00 6.000000000000e-02
v -2.000000000000e-01 0.000000000000e+00 9.000000000000e-02
v -2.200000000000e-01 0.000000000000e+00 9.000000000000e-02
v -2.200000000000e-01 0.000000000000e+00 1.000000000000e-01
v -2.200000000000e-01 0.000000000000e+00 1.100000000000e-01
v -2.100000000000e-01 0.000000000000e+00 9.000000000000e-02
v -1.900000000000e-01 0.000000000000e+00 9.000000000000e-02
v -2.100000000000e-01 0.000000000000e+00 1.100000000000e-01
v -2.000000000000e-01 0.000000000000e+00 1.100000000000e-01
v -2.000000000000e-01 0.000000000000e+00 8.000000000000e-02
v -2.100000000000e-01 0.000000000000e+00 8.000000000000e-02
v -1.900000000000e-01 0.000000000000e+00 8.000000000000e-02
v -2.200000000000e-01 0.000000000000e+00 8.000000000000e-02
v -2.100000000000e-01 0.000000000000e+00 1.000000000000e-01
v -2.000000000000e-01 0.000000000000e+00 1.000000000000e-01
v -1.900000000000e-01 0.000000000000e+00 1.000000000000e-01
v -2.600000000000e-01 0.000000000000e+00 1.000000000000e-01
v -2.500000000000e-01 0.000000000000e+00 1.000000000000e-01
v -2.400000000000e-01 0.000000000000e+00 1.000000000000e-01
v -2.300000000000e-01 0.000000000000e+00 1.000000000000e-01
v -2.400000000000e-01 0.000000000000e+00 1.200000000000e-01
v -2.500000000000e-01 0.000000000000e+00 1.200000000000e-01
v -2.700000000000e-01 0.000000000000e+00 1.200000000000e-01
v -2.400000000000e-01 0.000000000000e+00 1.100000000000e-01
v -2.300000000000e-01 0.000000000000e+00 1.100000000000e-01
v -2.600000000000e-01 0.000000000000e+00 1.200000000000e-01
v -2.700000000000e-01 0.000000000000e+00 1.100000000000e-01
v -2.600000000000e-01 0.000000000000e+00 1.100000000000e-01
v -2.500000000000e-01 0.000000000000e+00 1.100000000000e-01
v -2.300000000000e-01 0.000000000000e+00 9.000000000000e-02
v -2.300000000000e-01 0.000000000000e+00 1.200000000000e-01
v -2.600000000000e-01 0.000000000000e+00 9.000000000000e-02
v -2.300000000000e-01 0.000000000000e+00 7.000000000000e-02
v -2.400000000000e-01 0.000000000000e+00 7.000000000000e-02
v -2.700000000000e-01 0.000000000000e+00 1.000000000000e-01
v -2.300000000000e-01 0.000000000000e+00 8.000000000000e-02
v -2.400000000000e-01 0.000000000000e+00 8.000000000000e-02
v -2.500000000000e-01 0.000000000000e+00 8.000000000000e-02
v -2.600000000000e-01 0.000000000000e+00 7.000000000000e-02
v -2.600000000000e-01 0.000000000000e+00 8.000000000000e-02
v -2.700000000000e-01 0.000000000000e+00 8.000000000000e-02
v -2.500000000000e-01 0.000000000000e+00 9.000000000000e-02
v -2.500000000000e-01 0.000000000000e+00 7.000000000000e-02
v -2.400000000000e-01 0.000000000000e+00 6.000000000000e-02
v -2.700000000000e-01 0.000000000000e+00 9.000000000000e-02
v -2.400000000000e-01 0.000000000000e+00 9.000000000000e-02
v -2.500000000000e-01 0.000000000000e+00 1.000000000000e-02
v -2.600000000000e-01 0.000000000000e+00 2.000000000000e-02
v -2.300000000000e-01 0.000000000000e+00 0.000000000000e+00
v -2.400000000000e-01 0.000000000000e+00 0.000000000000e+00
v -2.500000000000e-01 0.000000000000e+00 0.000000000000e+00
v -2.400000000000e-01 0.000000000000e+00 2.000000000000e-02
v -2.600000000000e-01 0.000000000000e+00 1.000000000000e-02
v -2.700000000000e-01 0.000000000000e+00 2.000000000000e-02
v -2.400000000000e-01 0.000000000000e+00 1.000000000000e-02
v -2.300000000000e-01 0.000000000000e+00 1.000000000000e-02
v -2.700000000000e-01 0.000000000000e+00 3.000000000000e-02
v -2.600000000000e-01 0.000000000000e+00 3.000000000000e-02
v -2.500000000000e-01 0.000000000000e+00 3.000000000000e-02
v -2.500000000000e-01 0.000000000000e+00 2.000000000000e-02
v -2.300000000000e-01 0.000000000000e+00 2.000000000000e-02
v -2.700000000000e-01 0.000000000000e+00 5.000000000000e-02
v -2.500000000000e-01 0.000000000000e+00 6.000000000000e-02
v -2.600000000000e-01 0.000000000000e+00 6.000000000000e-02
v -2.700000000000e-01 0.000000000000e+00 7.000000000000e-02
v -2.700000000000e-01 0.000000000000e+00 4.000000000000e-02
v -2.400000000000e-01 0.000000000000e+00 3.000000000000e-02
v -2.300000000000e-01 0.000000000000e+00 3.000000000000e-02
v -2.600000000000e-01 0.000000000000e+00 4.000000000000e-02
v -2.500000000000e-01 0.000000000000e+00 4.000000000000e-02
v -2.400000000000e-01 0.000000000000e+00 4.000000000000e-02
v -2.300000000000e-01 0.000000000000e+00 4.000000000000e-02
v -2.600000000000e-01 0.000000000000e+00 5.000000000000e-02
v -2.500000000000e-01 0.000000000000e+00 5.000000000000e-02
v -2.700000000000e-01 0.000000000000e+00 6.000000000000e-02
v -2.400000000000e-01 0.000000000000e+00 5.000000000000e-02
v -2.500000000000e-01 0.000000000000e+00 -3.000000000000e-02
v -2.500000000000e-01 0.000000000000e+00 -1.000000000000e-02
v -2.300000000000e-01 0.000000000000e+00 -2.000000000000e-02
v -2.400000000000e-01 0.000000000000e+00 -2.000000000000e-02
v -2.500000000000e-01 0.000000000000e+00 -2.000000000000e-02
v -2.300000000000e-01 0.000000000000e+00 -3.000000000000e-02
v -2.200000000000e-01 0.000000000000e+00 -3.000000000000e-02
v -2.100000000000e-01 0.000000000000e+00 -4.000000000000e-02
v -2.300000000000e-01 0.000000000000e+00 -1.000000000000e-02
v -2.400000000000e-01 0.000000000000e+00 -3.000000000000e-02
v -2.400000000000e-01 0.000000000000e+00 -1.000000000000e-02
v -2.400000000000e-01 0.000000000000e+00 -4.000000000000e-02
v -2.300000000000e-01 0.000000000000e+00 -4.000000000000e-02
v -2.200000000000e-01 0.000000000000e+00 -4.000000000000e-02
v -2.600000000000e-01 0.000000000000e+00 -1.000000000000e-02
v -2.000000000000e-01 0.000000000000e+00 -1.000000000000e-02
v -2.100000000000e-01 0.000000000000e+00 -1.000000000000e-02
v -2.200000000000e-01 0.000000000000e+00 -1.000000000000e-02
v -1.900000000000e-01 0.000000000000e+00 -4.000000000000e-02
v -2.000000000000e-01 0.000000000000e+00 -4.000000000000e-02
v -2.000000000000e-01 0.000000000000e+00 -2.000000000000e-02
v -2.100000000000e-01 0.000000000000e+00 -2.000000000000e-02
v -2.200000000000e-01 0.000000000000e+00 -2.000000000000e-02
v -1.800000000000e-01 0.000000000000e+00 -4.000000000000e-02
v -2.200000000000e-01 0.000000000000e+00 0.000000000000e+00
v -2.100000000000e-01 0.000000000000e+00 0.000000000000e+00
v -2.200000000000e-01 0.000000000000e+00 1.000000000000e-02
v -2.100000000000e-01 0.000000000000e+00 -3.000000000000e-02
v -2.000000000000e-01 0.000000000000e+00 -3.000000000000e-02
v -1.900000000000e-01 0.000000000000e+00 -3.000000000000e-02
v -1.800000000000e-01 0.000000000000e+00 0.000000000000e+00
v -1.900000000000e-01 0.000000000000e+00 1.000000000000e-02
v -2.000000000000e-01 0.000000000000e+00 1.000000000000e-02
v -2.100000000000e-01 0.000000000000e+00 1.000000000000e-02
v -2.000000000000e-01 0.000000000000e+00 2.000000000000e-02
v -1.800000000000e-01 0.000000000000e+00 -3.000000000000e-02
v -1.900000000000e-01 0.000000000000e+00 -1.000000000000e-02
v -1.800000000000e-01 0.000000000000e+00 -1.000000000000e-02
v -1.900000000000e-01 0.000000000000e+00 0.000000000000e+00
v -1.800000000000e-01 0.000000000000e+00 -2.000000000000e-02
v -2.000000000000e-01 0.000000000000e+00 0.000000000000e+00
v -2.100000000000e-01 0.000000000000e+00 2.000000000000e-02
v -2.200000000000e-01 0.000000000000e+00 2.000000000000e-02
v -2.200000000000e-01 0.000000000000e+00 3.000000000000e-02
v -1.900000000000e-01 0.000000000000e+00 -2.000000000000e-02
v -2.700000000000e-01 0.000000000000e+00 1.000000000000e-02
v -3.000000000000e-01 0.000000000000e+00 3.000000000000e-02
v -3.000000000000e-01 0.000000000000e+00 1.000000000000e-02
v -3.000000000000e-01 0.000000000000e+00 2.000000000000e-02
v -2.900000000000e-01 0.000000000000e+00 2.000000000000e-02
v -2.800000000000e-01 0.000000000000e+00 2.000000000000e-02
v -2.900000000000e-01 0.000000000000e+00 1.000000000000e-02
v -2.800000000000e-01 0.000000000000e+00 1.000000000000e-02
v -3.100000000000e-01 0.000000000000e+00 2.000000000000e-02
v -3.100000000000e-01 0.000000000000e+00 3.000000000000e-02
v -2.600000000000e-01 0.000000000000e+00 0.000000000000e+00
v -2.700000000000e-01 0.000000000000e+00 0.000000000000e+00
v -2.800000000000e-01 0.000000000000e+00 0.000000000000e+00
v -3.000000000000e-01 0.000000000000e+00 0.000000000000e+00
v -2.900000000000e-01 0.000000000000e+00 0.000000000000e+00
v -3.200000000000e-01 0.000000000000e+00 2.000000000000e-02
v -3.300000000000e-01 0.000000000000e+00 2.000000000000e-02
v -3.400000000000e-01 0.000000000000e+00 4.000000000000e-02
v -3.100000000000e-01 0.000000000000e+00 1.000000000000e-02
v -3.400000000000e-01 0.000000000000e+00 2.000000000000e-02
v -3.200000000000e-01 0.000000000000e+00 0.000000000000e+00
v -3.100000000000e-01 0.000000000000e+00 0.000000000000e+00
v -3.300000000000e-01 0.000000000000e+00 4.000000000000e-02
v -3.200000000000e-01 0.000000000000e+00 4.000000000000e-02
v -3.200000000000e-01 0.000000000000e+00 1.000000000000e-02
v -3.300000000000e-01 0.000000000000e+00 1.000000000000e-02
v -3.300000000000e-01 0.000000000000e+00 5.000000000000e-02
v -3.400000000000e-01 0.000000000000e+00 5.000000000000e-02
v -3.400000000000e-01 0.000000000000e+00 3.000000000000e-02
v -3.300000000000e-01 0.000000000000e+00 3.000000000000e-02
v -3.200000000000e-01 0.000000000000e+00 3.000000000000e-02
v -3.300000000000e-01 0.000000000000e+00 -1.000000000000e-02
v -3.200000000000e-01 0.000000000000e+00 -1.000000000000e-02
v -3.400000000000e-01 0.000000000000e+00 -1.000000000000e-02
v -3.300000000000e-01 0.000000000000e+00 -4.000000000000e-02
v -3.300000000000e-01 0.000000000000e+00 0.000000000000e+00
v -3.200000000000e-01 0.000000000000e+00 -2.000000000000e-02
v -3.400000000000e-01 0.000000000000e+00 0.000000000000e+00
v -3.200000000000e-01 0.000000000000e+00 -4.000000000000e-02
v -3.200000000000e-01 0.000000000000e+00 -5.000000000000e-02
v -3.400000000000e-01 0.000000000000e+00 -2.000000000000e-02
v -3.400000000000e-01 0.000000000000e+00 -3.000000000000e-02
v -3.300000000000e-01 0.000000000000e+00 -3.000000000000e-02
v -3.200000000000e-01 0.000000000000e+00 -3.000000000000e-02
v -3.400000000000e-01 0.000000000000e+00 1.000000000000e-02
v -3.300000000000e-01 0.000000000000e+00 -2.000000000000e-02
v -2.800000000000e-01 0.000000000000e+00 -2.000000000000e-02
v -2.700000000000e-01 0.000000000000e+00 -3.000000000000e-02
v -2.700000000000e-01 0.000000000000e+00 -2.000000000000e-02
v -2.600000000000e-01 0.000000000000e+00 -2.000000000000e-02
v -2.600000000000e-01 0.000000000000e+00 -3.000000000000e-02
v -2.500000000000e-01 0.000000000000e+00 -5.000000000000e-02
v -2.800000000000e-01 0.000000000000e+00 -3.000000000000e-02
v -2.600000000000e-01 0.000000000000e+00 -5.000000000000e-02
v -2.500000000000e-01 0.000000000000e+00 -4.000000000000e-02
v -2.600000000000e-01 0.000000000000e+00 -4.000000000000e-02
v -2.700000000000e-01 0.000000000000e+00 -4.000000000000e-02
v -2.800000000000e-01 0.000000000000e+00 -4.000000000000e-02
v -2.800000000000e-01 0.000000000000e+00 -1.000000000000e-02
v -2.700000000000e-01 0.000000000000e+00 -5.000000000000e-02
v -2.700000000000e-01 0.000000000000e+00 -1.000000000000e-02
v -3.100000000000e-01 0.000000000000e+00 -2.000000000000e-02
v -3.100000000000e-01 0.000000000000e+00 -4.000000000000e-02
v -3.000000000000e-01 0.000000000000e+00 -4.000000000000e-02
v -2.900000000000e-01 0.000000000000e+00 -4.000000000000e-02
v -3.100000000000e-01 0.000000000000e+00 -1.000000000000e-02
v -3.000000000000e-01 0.000000000000e+00 -1.000000000000e-02
v -2.900000000000e-01 0.000000000000e+00 -1.000000000000e-02
v -3.000000000000e-01 0.000000000000e+00 -2.000000000000e-02
v -2.900000000000e-01 0.000000000000e+00 -2.000000000000e-02
v -3.100000000000e-01 0.000000000000e+00 -5.000000000000e-02
v -3.000000000000e-01 0.000000000000e+00 -5.000000000000e-02
v -2.900000000000e-01 0.000000000000e+00 -5.000000000000e-02
v -3.100000000000e-01 0.000000000000e+00 -3.000000000000e-02
v -3.000000000000e-01 0.000000000000e+00 -3.000000000000e-02
v -2.900000000000e-01 0.000000000000e+00 -3.000000000000e-02
v -3.500000000000e-01 0.000000000000e+00 7.000000000000e-02
v -3.200000000000e-01 0.000000000000e+00 6.000000000000e-02
v -3.400000000000e-01 0.000000000000e+00 6.000000000000e-02
v -3.300000000000e-01 0.000000000000e+00 6.000000000000e-02
v -3.400000000000e-01 0.000000000000e+00 7.000000000000e-02
v -3.300000000000e-01 0.000000000000e+00 7.000000000000e-02
v -3.600000000000e-01 0.000000000000e+00 9.000000000000e-02
v -3.500000000000e-01 0.000000000000e+00 9.000000000000e-02
v -3.400000000000e-01 0.000000000000e+00 9.000000000000e-02
v -3.300000000000e-01 0.000000000000e+00 9.000000000000e-02
v -3.600000000000e-01 0.000000000000e+00 8.000000000000e-02
v -3.500000000000e-01 0.000000000000e+00 8.000000000000e-02
v -3.400000000000e-01 0.000000000000e+00 8.000000000000e-02
v -3.300000000000e-01 0.000000000000e+00 8.000000000000e-02
v -3.200000000000e-01 0.000000000000e+00 7.000000000000e-02
v -2.900000000000e-01 0.000000000000e+00 7.000000000000e-02
v -2.800000000000e-01 0.000000000000e+00 7.000000000000e-02
v -3.100000000000e-01 0.000000000000e+00 7.000000000000e-02
v -3.100000000000e-01 0.000000000000e+00 8.000000000000e-02
v -3.200000000000e-01 0.000000000000e+00 8.000000000000e-02
v -3.000000000000e-01 0.000000000000e+00 9.000000000000e-02
v -2.900000000000e-01 0.000000000000e+00 9.000000000000e-02
v -2.800000000000e-01 0.000000000000e+00 9.000000000000e-02
v -3.000000000000e-01 0.000000000000e+00 8.000000000000e-02
v -2.900000000000e-01 0.000000000000e+00 8.000000000000e-02
v -2.800000000000e-01 0.000000000000e+00 8.000000000000e-02
v -3.200000000000e-01 0.000000000000e+00 9.000000000000e-02
v -3.100000000000e-01 0.000000000000e+00 9.000000000000e-02
v -3.000000000000e-01 0.000000000000e+00 7.000000000000e-02
v -2.800000000000e-01 0.000000000000e+00 3.000000000000e-02
v -3.200000000000e-01 0.000000000000e+00 5.000000000000e-02
v -2.800000000000e-01 0.000000000000e+00 4.000000000000e-02
v -2.900000000000e-01 0.000000000000e+00 4.000000000000e-02
v -3.000000000000e-01 0.000000000000e+00 4.000000000000e-02
v -3.100000000000e-01 0.000000000000e+00 4.000000000000e-02
v -3.100000000000e-01 0.000000000000e+00 5.000000000000e-02
v -3.000000000000e-01 0.000000000000e+00 5.000000000000e-02
v -2.800000000000e-01 0.000000000000e+00 6.000000000000e-02
v -2.900000000000e-01 0.000000000000e+00 6.000000000000e-02
v -3.000000000000e-01 0.000000000000e+00 6.000000000000e-02
v -3.100000000000e-01 0.000000000000e+00 6.000000000000e-02
v -2.800000000000e-01 0.000000000000e+00 5.000000000000e-02
v -2.900000000000e-01 0.000000000000e+00 5.000000000000e-02
v -2.900000000000e-01 0.000000000000e+00 3.000000000000e-02
v -2.800000000000e-01 0.000000000000e+00 1.200000000000e-01
v -2.800000000000e-01 0.000000000000e+00 1.000000000000e-01
v -2.900000000000e-01 0.000000000000e+00 1.200000000000e-01
v -3.000000000000e-01 0.000000000000e+00 1.200000000000e-01
v -3.100000000000e-01 0.000000000000e+00 1.300000000000e-01
v -2.800000000000e-01 0.000000000000e+00 1.100000000000e-01
v -3.000000000000e-01 0.000000000000e+00 1.000000000000e-01
v -2.900000000000e-01 0.000000000000e+00 1.000000000000e-01
v -2.900000000000e-01 0.000000000000e+00 1.100000000000e-01
v -3.100000000000e-01 0.000000000000e+00 1.200000000000e-01
v -3.000000000000e-01 0.000000000000e+00 1.100000000000e-01
v -3.100000000000e-01 0.000000000000e+00 1.100000000000e-01
v -3.000000000000e-01 0.000000000000e+00 1.300000000000e-01
v -2.900000000000e-01 0.000000000000e+00 1.300000000000e-01
v -3.200000000000e-01 0.000000000000e+00 1.100000000000e-01
v -3.400000000000e-01 0.000000000000e+00 1.200000000000e-01
v -3.500000000000e-01 0.000000000000e+00 1.200000000000e-01
v -3.600000000000e-01 0.000000000000e+00 1.300000000000e-01
v -3.500000000000e-01 0.000000000000e+00 1.100000000000e-01
v -3.600000000000e-01 0.000000000000e+00 1.200000000000e-01
v -3.600000000000e-01 0.000000000000e+00 1.100000000000e-01
v -3.400000000000e-01 0.000000000000e+00 1.100000000000e-01
v -3.300000000000e-01 0.000000000000e+00 1.100000000000e-01
v -3.100000000000e-01 0.000000000000e+00 1.000000000000e-01
v -3.200000000000e-01 0.000000000000e+00 1.000000000000e-01
v -3.300000000000e-01 0.000000000000e+00 1.000000000000e-01
v -3.400000000000e-01 0.000000000000e+00 1.000000000000e-01
v -3.500000000000e-01 0.000000000000e+00 1.000000000000e-01
v -3.600000000000e-01 0.000000000000e+00 1.000000000000e-01
v -3.500000000000e-01 0.000000000000e+00 1.500000000000e-01
v -3.600000000000e-01 0.000000000000e+00 1.500000000000e-01
v -3.200000000000e-01 0.000000000000e+00 1.300000000000e-01
v -3.300000000000e-01 0.000000000000e+00 1.500000000000e-01
v -3.400000000000e-01 0.000000000000e+00 1.500000000000e-01
v -3.300000000000e-01 0.000000000000e+00 1.200000000000e-01
v -3.200000000000e-01 0.000000000000e+00 1.200000000000e-01
v -3.200000000000e-01 0.000000000000e+00 1.400000000000e-01
v -3.300000000000e-01 0.000000000000e+00 1.400000000000e-01
v -3.400000000000e-01 0.000000000000e+00 1.400000000000e-01
v -3.500000000000e-01 0.000000000000e+00 1.400000000000e-01
v -3.600000000000e-01 0.000000000000e+00 1.400000000000e-01
v -3.500000000000e-01 0.000000000000e+00 1.300000000000e-01
v -3.400000000000e-01 0.000000000000e+00 1.300000000000e-01
v -3.300000000000e-01 0.000000000000e+00 1.300000000000e-01
v -4.100000000000e-01 0.000000000000e+00 -6.000000000000e-02
v -4.200000000000e-01 0.000000000000e+00 -6.000000000000e-02
v -4.300000000000e-01 0.000000000000e+00 -6.000000000000e-02
v -4.400000000000e-01 0.000000000000e+00 -6.000000000000e-02
v -4.300000000000e-01 0.000000000000e+00 -5.000000000000e-02
v -4.400000000000e-01 0.000000000000e+00 -5.000000000000e-02
v -4.100000000000e-01 0.000000000000e+00 -5.000000000000e-02
v -4.100000000000e-01 0.000000000000e+00 -7.000000000000e-02
v -4.200000000000e-01 0.000000000000e+00 -7.000000000000e-02
v -4.300000000000e-01 0.000000000000e+00 -7.000000000000e-02
v -4.500000000000e-01 0.000000000000e+00 -4.000000000000e-02
v -4.400000000000e-01 0.000000000000e+00 -4.000000000000e-02
v -4.300000000000e-01 0.000000000000e+00 -4.000000000000e-02
v -4.200000000000e-01 0.000000000000e+00 -5.000000000000e-02
v -4.500000000000e-01 0.000000000000e+00 -3.000000000000e-02
v -4.300000000000e-01 0.000000000000e+00 -3.000000000000e-02
v -4.200000000000e-01 0.000000000000e+00 -3.000000000000e-02
v -4.100000000000e-01 0.000000000000e+00 -3.000000000000e-02
v -4.400000000000e-01 0.000000000000e+00 -3.000000000000e-02
v -4.500000000000e-01 0.000000000000e+00 -2.000000000000e-02
v -4.400000000000e-01 0.000000000000e+00 -2.000000000000e-02
v -4.300000000000e-01 0.000000000000e+00 -2.000000000000e-02
v -4.200000000000e-01 0.000000000000e+00 -2.000000000000e-02
v -4.100000000000e-01 0.000000000000e+00 -2.000000000000e-02
v -4.500000000000e-01 0.000000000000e+00 -1.000000000000e-02
v -4.400000000000e-01 0.000000000000e+00 -1.000000000000e-02
v -4.300000000000e-01 0.000000000000e+00 -1.000000000000e-02
v -4.200000000000e-01 0.000000000000e+00 -1.000000000000e-02
v -4.100000000000e-01 0.000000000000e+00 -4.000000000000e-02
v -4.200000000000e-01 0.000000000000e+00 -4.000000000000e-02
v -5.000000000000e-01 0.000000000000e+00 0.000000000000e+00
v -4.800000000000e-01 0.000000000000e+00 -2.000000000000e-02
v -4.700000000000e-01 0.000000000000e+00 -2.000000000000e-02
v -4.600000000000e-01 0.000000000000e+00 -2.000000000000e-02
v -5.000000000000e-01 0.000000000000e+00 -1.000000000000e-02
v -4.600000000000e-01 0.000000000000e+00 0.000000000000e+00
v -4.700000000000e-01 0.000000000000e+00 0.000000000000e+00
v -4.800000000000e-01 0.000000000000e+00 0.000000000000e+00
v -4.900000000000e-01 0.000000000000e+00 0.000000000000e+00
v -4.900000000000e-01 0.000000000000e+00 -1.000000000000e-02
v -4.700000000000e-01 0.000000000000e+00 -3.000000000000e-02
v -4.600000000000e-01 0.000000000000e+00 -3.000000000000e-02
v -4.800000000000e-01 0.000000000000e+00 -1.000000000000e-02
v -4.700000000000e-01 0.000000000000e+00 -1.000000000000e-02
v -4.600000000000e-01 0.000000000000e+00 -1.000000000000e-02
v -4.600000000000e-01 0.000000000000e+00 -7.000000000000e-02
v -4.700000000000e-01 0.000000000000e+00 -4.000000000000e-02
v -4.600000000000e-01 0.000000000000e+00 -4.000000000000e-02
v -4.300000000000e-01 0.000000000000e+00 -9.000000000000e-02
v -4.400000000000e-01 0.000000000000e+00 -9.000000000000e-02
v -4.300000000000e-01 0.000000000000e+00 -8.000000000000e-02
v -4.400000000000e-01 0.000000000000e+00 -8.000000000000e-02
v -4.500000000000e-01 0.000000000000e+00 -7.000000000000e-02
v -4.400000000000e-01 0.000000000000e+00 -7.000000000000e-02
v -4.500000000000e-01 0.000000000000e+00 -8.000000000000e-02
v -4.700000000000e-01 0.000000000000e+00 -6.000000000000e-02
v -4.500000000000e-01 0.000000000000e+00 -5.000000000000e-02
v -4.500000000000e-01 0.000000000000e+00 -6.000000000000e-02
v -4.600000000000e-01 0.000000000000e+00 -6.000000000000e-02
v -4.700000000000e-01 0.000000000000e+00 -5.000000000000e-02
v -4.600000000000e-01 0.000000000000e+00 -5.000000000000e-02
v -4.900000000000e-01 0.000000000000e+00 -2.000000000000e-02
v -4.800000000000e-01 0.000000000000e+00 -6.000000000000e-02
v -5.000000000000e-01 0.000000000000e+00 -2.000000000000e-02
v -5.000000000000e-01 0.000000000000e+00 -3.000000000000e-02
v -4.900000000000e-01 0.000000000000e+00 -3.000000000000e-02
v -4.800000000000e-01 0.000000000000e+00 -3.000000000000e-02
v -4.800000000000e-01 0.000000000000e+00 -5.000000000000e-02
v -5.000000000000e-01 0.000000000000e+00 -4.000000000000e-02
v -4.900000000000e-01 0.000000000000e+00 -4.000000000000e-02
v -4.800000000000e-01 0.000000000000e+00 -4.000000000000e-02
v -4.900000000000e-01 0.000000000000e+00 -5.000000000000e-02
v -5.000000000000e-01 0.000000000000e+00 -5.000000000000e-02
v -5.000000000000e-01 0.000000000000e+00 -6.000000000000e-02
v -4.900000000000e-01 0.000000000000e+00 -6.000000000000e-02
v -3.600000000000e-01 0.000000000000e+00 -9.000000000000e-02
v -3.500000000000e-01 0.000000000000e+00 -7.000000000000e-02
v -3.600000000000e-01 0.000000000000e+00 -7.000000000000e-02
v -3.700000000000e-01 0.000000000000e+00 -8.000000000000e-02
v -3.600000000000e-01 0.000000000000e+00 -8.000000000000e-02
v -3.700000000000e-01 0.000000000000e+00 -7.000000000000e-02
v -3.500000000000e-01 0.000000000000e+00 -8.000000000000e-02
v -3.800000000000e-01 0.000000000000e+00 -8.000000000000e-02
v -3.600000000000e-01 0.000000000000e+00 -6.000000000000e-02
v -3.700000000000e-01 0.000000000000e+00 -9.000000000000e-02
v -3.500000000000e-01 0.000000000000e+00 -9.000000000000e-02
v -3.400000000000e-01 0.000000000000e+00 -1.000000000000e-01
v -3.500000000000e-01 0.000000000000e+00 -1.000000000000e-01
v -3.600000000000e-01 0.000000000000e+00 -1.000000000000e-01
v -3.400000000000e-01 0.000000000000e+00 -9.000000000000e-02
v -4.000000000000e-01 0.000000000000e+00 -4.000000000000e-02
v -3.800000000000e-01 0.000000000000e+00 -4.000000000000e-02
v -4.000000000000e-01 0.000000000000e+00 -5.000000000000e-02
v -3.900000000000e-01 0.000000000000e+00 -5.000000000000e-02
v -3.800000000000e-01 0.000000000000e+00 -7.000000000000e-02
v -3.800000000000e-01 0.000000000000e+00 -5.000000000000e-02
v -3.700000000000e-01 0.000000000000e+00 -5.000000000000e-02
v -3.900000000000e-01 0.000000000000e+00 -7.000000000000e-02
v -4.000000000000e-01 0.000000000000e+00 -6.000000000000e-02
v -3.900000000000e-01 0.000000000000e+00 -4.000000000000e-02
v -3.900000000000e-01 0.000000000000e+00 -6.000000000000e-02
v -3.700000000000e-01 0.000000000000e+00 -6.000000000000e-02
v -3.900000000000e-01 0.000000000000e+00 -3.000000000000e-02
v -4.000000000000e-01 0.000000000000e+00 -3.000000000000e-02
v -3.800000000000e-01 0.000000000000e+00 -6.000000000000e-02
v -3.400000000000e-01 0.000000000000e+00 -1.300000000000e-01
v -3.500000000000e-01 0.000000000000e+00 -1.300000000000e-01
v -3.500000000000e-01 0.000000000000e+00 -1.500000000000e-01
v -3.500000000000e-01 0.000000000000e+00 -1.400000000000e-01
v -3.400000000000e-01 0.000000000000e+00 -1.400000000000e-01
v -3.500000000000e-01 0.000000000000e+00 -1.600000000000e-01
v -3.400000000000e-01 0.000000000000e+00 -1.100000000000e-01
v -3.500000000000e-01 0.000000000000e+00 -1.100000000000e-01
v -3.700000000000e-01 0.000000000000e+00 -1.400000000000e-01
v -3.600000000000e-01 0.000000000000e+00 -1.400000000000e-01
v -3.500000000000e-01 0.000000000000e+00 -1.200000000000e-01
v -3.600000000000e-01 0.000000000000e+00 -1.500000000000e-01
v -3.400000000000e-01 0.000000000000e+00 -1.600000000000e-01
v -3.400000000000e-01 0.000000000000e+00 -1.500000000000e-01
v -3.400000000000e-01 0.000000000000e+00 -1.200000000000e-01
v -3.700000000000e-01 0.000000000000e+00 -1.100000000000e-01
v -3.700000000000e-01 0.000000000000e+00 -1.000000000000e-01
v -3.800000000000e-01 0.000000000000e+00 -1.000000000000e-01
v -3.800000000000e-01 0.000000000000e+00 -1.200000000000e-01
v -3.600000000000e-01 0.000000000000e+00 -1.100000000000e-01
v -3.700000000000e-01 0.000000000000e+00 -1.200000000000e-01
v -4.000000000000e-01 0.000000000000e+00 -7.000000000000e-02
v -3.800000000000e-01 0.000000000000e+00 -1.100000000000e-01
v -3.600000000000e-01 0.000000000000e+00 -1.300000000000e-01
v -3.700000000000e-01 0.000000000000e+00 -1.300000000000e-01
v -3.600000000000e-01 0.000000000000e+00 -1.200000000000e-01
v -3.900000000000e-01 0.000000000000e+00 -8.000000000000e-02
v -3.900000000000e-01 0.000000000000e+00 -9.000000000000e-02
v -4.000000000000e-01 0.000000000000e+00 -8.000000000000e-02
v -3.800000000000e-01 0.000000000000e+00 -9.000000000000e-02
v -4.100000000000e-01 0.000000000000e+00 -8.000000000000e-02
v -4.100000000000e-01 0.000000000000e+00 -1.000000000000e-01
v -4.200000000000e-01 0.000000000000e+00 -1.000000000000e-01
v -4.100000000000e-01 0.000000000000e+00 -9.000000000000e-02
v -4.000000000000e-01 0.000000000000e+00 -1.200000000000e-01
v -4.200000000000e-01 0.000000000000e+00 -9.000000000000e-02
v -4.000000000000e-01 0.000000000000e+00 -9.000000000000e-02
v -3.900000000000e-01 0.000000000000e+00 -1.100000000000e-01
v -4.000000000000e-01 0.000000000000e+00 -1.100000000000e-01
v -4.100000000000e-01 0.000000000000e+00 -1.100000000000e-01
v -4.200000000000e-01 0.000000000000e+00 -8.000000000000e-02
v -3.900000000000e-01 0.000000000000e+00 -1.200000000000e-01
v -3.800000000000e-01 0.000000000000e+00 -1.300000000000e-01
v -3.900000000000e-01 0.000000000000e+00 -1.300000000000e-01
v -4.000000000000e-01 0.000000000000e+00 -1.000000000000e-01
v -3.900000000000e-01 0.000000000000e+00 -1.000000000000e-01
v -3.600000000000e-01 0.000000000000e+00 -2.000000000000e-01
v -3.600000000000e-01 0.000000000000e+00 -1.800000000000e-01
v -3.600000000000e-01 0.000000000000e+00 -1.900000000000e-01
v -3.300000000000e-01 0.000000000000e+00 -1.900000000000e-01
v -3.400000000000e-01 0.000000000000e+00 -1.900000000000e-01
v -3.300000000000e-01 0.000000000000e+00 -2.000000000000e-01
v -3.400000000000e-01 0.000000000000e+00 -2.000000000000e-01
v -3.500000000000e-01 0.000000000000e+00 -1.700000000000e-01
v -3.300000000000e-01 0.000000000000e+00 -1.800000000000e-01
v -3.500000000000e-01 0.000000000000e+00 -2.000000000000e-01
v -3.400000000000e-01 0.000000000000e+00 -1.800000000000e-01
v -3.500000000000e-01 0.000000000000e+00 -1.900000000000e-01
v -3.400000000000e-01 0.000000000000e+00 -1.700000000000e-01
v -3.500000000000e-01 0.000000000000e+00 -1.800000000000e-01
v -3.400000000000e-01 0.000000000000e+00 -2.100000000000e-01
v -3.600000000000e-01 0.000000000000e+00 -1.600000000000e-01
v -3.700000000000e-01 0.000000000000e+00 -1.700000000000e-01
v -3.800000000000e-01 0.000000000000e+00 -1.700000000000e-01
v -3.800000000000e-01 0.000000000000e+00 -1.500000000000e-01
v -3.700000000000e-01 0.000000000000e+00 -1.900000000000e-01
v -3.800000000000e-01 0.000000000000e+00 -1.900000000000e-01
v -3.700000000000e-01 0.000000000000e+00 -1.500000000000e-01
v -3.800000000000e-01 0.000000000000e+00 -1.400000000000e-01
v -3.700000000000e-01 0.000000000000e+00 -1.600000000000e-01
v -3.700000000000e-01 0.000000000000e+00 -1.800000000000e-01
v -3.800000000000e-01 0.000000000000e+00 -1.800000000000e-01
v -3.700000000000e-01 0.000000000000e+00 -2.000000000000e-01
v -3.800000000000e-01 0.000000000000e+00 -2.000000000000e-01
v -3.600000000000e-01 0.000000000000e+00 -1.700000000000e-01
v -3.800000000000e-01 0.000000000000e+00 -1.600000000000e-01
v -4.000000000000e-01 0.000000000000e+00 -1.700000000000e-01
v -4.000000000000e-01 0.000000000000e+00 -2.000000000000e-01
v -4.200000000000e-01 0.000000000000e+00 -1.900000000000e-01
v -4.200000000000e-01 0.000000000000e+00 -2.000000000000e-01
v -3.900000000000e-01 0.000000000000e+00 -1.800000000000e-01
v -4.100000000000e-01 0.000000000000e+00 -2.000000000000e-01
v -4.200000000000e-01 0.000000000000e+00 -1.700000000000e-01
v -4.100000000000e-01 0.000000000000e+00 -1.700000000000e-01
v -4.000000000000e-01 0.000000000000e+00 -1.800000000000e-01
v -4.100000000000e-01 0.000000000000e+00 -1.800000000000e-01
v -4.200000000000e-01 0.000000000000e+00 -1.800000000000e-01
v -4.100000000000e-01 0.000000000000e+00 -1.900000000000e-01
v -4.000000000000e-01 0.000000000000e+00 -1.900000000000e-01
v -3.900000000000e-01 0.000000000000e+00 -1.900000000000e-01
v -3.900000000000e-01 0.000000000000e+00 -2.000000000000e-01
v -4.100000000000e-01 0.000000000000e+00 -1.200000000000e-01
v -4.000000000000e-01 0.000000000000e+00 -1.300000000000e-01
v -4.100000000000e-01 0.000000000000e+00 -1.300000000000e-01
v -4.200000000000e-01 0.000000000000e+00 -1.300000000000e-01
v -4.300000000000e-01 0.000000000000e+00 -1.300000000000e-01
v -4.400000000000e-01 0.000000000000e+00 -1.100000000000e-01
v -4.300000000000e-01 0.000000000000e+00 -1.100000000000e-01
v -4.200000000000e-01 0.000000000000e+00 -1.100000000000e-01
v -4.500000000000e-01 0.000000000000e+00 -1.000000000000e-01
v -4.400000000000e-01 0.000000000000e+00 -1.000000000000e-01
v -4.300000000000e-01 0.000000000000e+00 -1.000000000000e-01
v -4.400000000000e-01 0.000000000000e+00 -1.200000000000e-01
v -4.200000000000e-01 0.000000000000e+00 -1.200000000000e-01
v -4.300000000000e-01 0.000000000000e+00 -1.200000000000e-01
v -4.000000000000e-01 0.000000000000e+00 -1.500000000000e-01
v -4.200000000000e-01 0.000000000000e+00 -1.500000000000e-01
v -4.100000000000e-01 0.000000000000e+00 -1.500000000000e-01
v -4.300000000000e-01 0.000000000000e+00 -1.400000000000e-01
v -4.200000000000e-01 0.000000000000e+00 -1.400000000000e-01
v -4.100000000000e-01 0.000000000000e+00 -1.400000000000e-01
v -4.000000000000e-01 0.000000000000e+00 -1.400000000000e-01
v -3.900000000000e-01 0.000000000000e+00 -1.400000000000e-01
v -3.900000000000e-01 0.000000000000e+00 -1.500000000000e-01
v -4.200000000000e-01 0.000000000000e+00 -1.600000000000e-01
v -4.300000000000e-01 0.000000000000e+00 -1.500000000000e-01
v -4.100000000000e-01 0.000000000000e+00 -1.600000000000e-01
v -4.000000000000e-01 0.000000000000e+00 -1.600000000000e-01
v -3.900000000000e-01 0.000000000000e+00 -1.600000000000e-01
v -3.900000000000e-01 0.000000000000e+00 -1.700000000000e-01
v -4.900000000000e-01 0.000000000000e+00 -1.600000000000e-01
v -5.000000000000e-01 0.000000000000e+00 -1.600000000000e-01
v -4.800000000000e-01 0.000000000000e+00 -2.000000000000e-01
v -4.900000000000e-01 0.000000000000e+00 -2.000000000000e-01
v -4.800000000000e-01 0.000000000000e+00 -1.900000000000e-01
v -5.000000000000e-01 0.000000000000e+00 -1.500000000000e-01
v -5.000000000000e-01 0.000000000000e+00 -1.900000000000e-01
v -5.000000000000e-01 0.000000000000e+00 -1.400000000000e-01
v -4.900000000000e-01 0.000000000000e+00 -1.500000000000e-01
v -5.000000000000e-01 0.000000000000e+00 -1.800000000000e-01
v -4.900000000000e-01 0.000000000000e+00 -1.800000000000e-01
v -4.800000000000e-01 0.000000000000e+00 -1.800000000000e-01
v -4.900000000000e-01 0.000000000000e+00 -1.900000000000e-01
v -4.800000000000e-01 0.000000000000e+00 -1.700000000000e-01
v -4.900000000000e-01 0.000000000000e+00 -1.700000000000e-01
v -5.000000000000e-01 0.000000000000e+00 -1.700000000000e-01
v -4.500000000000e-01 0.000000000000e+00 -1.900000000000e-01
v -4.300000000000e-01 0.000000000000e+00 -2.000000000000e-01
v -4.400000000000e-01 0.000000000000e+00 -2.000000000000e-01
v -4.500000000000e-01 0.000000000000e+00 -2.000000000000e-01
v -4.700000000000e-01 0.000000000000e+00 -2.000000000000e-01
v -4.600000000000e-01 0.000000000000e+00 -2.000000000000e-01
v -4.300000000000e-01 0.000000000000e+00 -1.800000000000e-01
v -4.300000000000e-01 0.000000000000e+00 -1.900000000000e-01
v -4.400000000000e-01 0.000000000000e+00 -1.800000000000e-01
v -4.400000000000e-01 0.000000000000e+00 -1.900000000000e-01
v -4.600000000000e-01 0.000000000000e+00 -1.900000000000e-01
v -4.700000000000e-01 0.000000000000e+00 -1.900000000000e-01
v -4.500000000000e-01 0.000000000000e+00 -1.800000000000e-01
v -4.700000000000e-01 0.000000000000e+00 -1.800000000000e-01
v -4.600000000000e-01 0.000000000000e+00 -1.800000000000e-01
v -4.300000000000e-01 0.000000000000e+00 -1.700000000000e-01
v -4.500000000000e-01 0.000000000000e+00 -1.500000000000e-01
v -4.600000000000e-01 0.000000000000e+00 -1.500000000000e-01
v -4.700000000000e-01 0.000000000000e+00 -1.500000000000e-01
v -4.400000000000e-01 0.000000000000e+00 -1.700000000000e-01
v -4.800000000000e-01 0.000000000000e+00 -1.500000000000e-01
v -4.400000000000e-01 0.000000000000e+00 -1.500000000000e-01
v -4.500000000000e-01 0.000000000000e+00 -1.700000000000e-01
v -4.600000000000e-01 0.000000000000e+00 -1.700000000000e-01
v -4.700000000000e-01 0.000000000000e+00 -1.700000000000e-01
v -4.300000000000e-01 0.000000000000e+00 -1.600000000000e-01
v -4.400000000000e-01 0.000000000000e+00 -1.600000000000e-01
v -4.500000000000e-01 0.000000000000e+00 -1.600000000000e-01
v -4.600000000000e-01 0.000000000000e+00 -1.600000000000e-01
v -4.700000000000e-01 0.000000000000e+00 -1.600000000000e-01
v -4.800000000000e-01 0.000000000000e+00 -1.600000000000e-01
v -4.700000000000e-01 0.000000000000e+00 -1.300000000000e-01
v -4.800000000000e-01 0.000000000000e+00 -1.300000000000e-01
v -5.000000000000e-01 0.000000000000e+00 -1.200000000000e-01
v -4.600000000000e-01 0.000000000000e+00 -1.400000000000e-01
v -4.900000000000e-01 0.000000000000e+00 -1.300000000000e-01
v -4.900000000000e-01 0.000000000000e+00 -1.100000000000e-01
v -4.700000000000e-01 0.000000000000e+00 -1.400000000000e-01
v -4.800000000000e-01 0.000000000000e+00 -1.400000000000e-01
v -4.900000000000e-01 0.000000000000e+00 -1.400000000000e-01
v -5.000000000000e-01 0.000000000000e+00 -1.100000000000e-01
v -5.000000000000e-01 0.000000000000e+00 -1.300000000000e-01
v -4.900000000000e-01 0.000000000000e+00 -1.200000000000e-01
v -4.900000000000e-01 0.000000000000e+00 -1.000000000000e-01
v -5.000000000000e-01 0.000000000000e+00 -1.000000000000e-01
v -4.800000000000e-01 0.000000000000e+00 -1.200000000000e-01
v -4.700000000000e-01 0.000000000000e+00 -1.200000000000e-01
v -4.600000000000e-01 0.000000000000e+00 -1.300000000000e-01
v -4.400000000000e-01 0.000000000000e+00 -1.400000000000e-01
v -4.500000000000e-01 0.000000000000e+00 -1.100000000000e-01
v -4.600000000000e-01 0.000000000000e+00 -1.100000000000e-01
v -4.400000000000e-01 0.000000000000e+00 -1.300000000000e-01
v -4.700000000000e-01 0.000000000000e+00 -1.100000000000e-01
v -4.500000000000e-01 0.000000000000e+00 -1.300000000000e-01
v -4.800000000000e-01 0.000000000000e+00 -1.100000000000e-01
v -4.500000000000e-01 0.000000000000e+00 -1.400000000000e-01
v -4.600000000000e-01 0.000000000000e+00 -1.200000000000e-01
v -4.800000000000e-01 0.000000000000e+00 -1.000000000000e-01
v -4.700000000000e-01 0.000000000000e+00 -1.000000000000e-01
v -4.600000000000e-01 0.000000000000e+00 -1.000000000000e-01
v -4.500000000000e-01 0.000000000000e+00 -1.200000000000e-01
v -4.700000000000e-01 0.000000000000e+00 -8.000000000000e-02
v -5.000000000000e-01 0.000000000000e+00 -8.000000000000e-02
v -4.800000000000e-01 0.000000000000e+00 -8.000000000000e-02
v -4.900000000000e-01 0.000000000000e+00 -8.000000000000e-02
v -4.900000000000e-01 0.000000000000e+00 -7.000000000000e-02
v -4.700000000000e-01 0.000000000000e+00 -7.000000000000e-02
v -4.800000000000e-01 0.000000000000e+00 -7.000000000000e-02
v -4.600000000000e-01 0.000000000000e+00 -8.000000000000e-02
v -5.000000000000e-01 0.000000000000e+00 -7.000000000000e-02
v -5.000000000000e-01 0.000000000000e+00 -9.000000000000e-02
v -4.900000000000e-01 0.000000000000e+00 -9.000000000000e-02
v -4.800000000000e-01 0.000000000000e+00 -9.000000000000e-02
v -4.700000000000e-01 0.000000000000e+00 -9.000000000000e-02
v -4.600000000000e-01 0.000000000000e+00 -9.000000000000e-02
v -4.500000000000e-01 0.000000000000e+00 -9.000000000000e-02
v -3.300000000000e-01 0.000000000000e+00 -7.000000000000e-02
v -3.300000000000e-01 0.000000000000e+00 -6.000000000000e-02
v -3.200000000000e-01 0.000000000000e+00 -6.000000000000e-02
v -3.100000000000e-01 0.000000000000e+00 -1.000000000000e-01
v -3.300000000000e-01 0.000000000000e+00 -9.000000000000e-02
v -3.200000000000e-01 0.000000000000e+00 -1.000000000000e-01
v -3.300000000000e-01 0.000000000000e+00 -1.000000000000e-01
v -3.200000000000e-01 0.000000000000e+00 -7.000000000000e-02
v -3.200000000000e-01 0.000000000000e+00 -8.000000000000e-02
v -3.300000000000e-01 0.000000000000e+00 -8.000000000000e-02
v -3.400000000000e-01 0.000000000000e+00 -8.000000000000e-02
v -3.200000000000e-01 0.000000000000e+00 -9.000000000000e-02
v -3.100000000000e-01 0.000000000000e+00 -9.000000000000e-02
v -3.400000000000e-01 0.000000000000e+00 -7.000000000000e-02
v -3.100000000000e-01 0.000000000000e+00 -7.000000000000e-02
v -3.000000000000e-01 0.000000000000e+00 -7.000000000000e-02
v -3.000000000000e-01 0.000000000000e+00 -1.000000000000e-01
v -3.100000000000e-01 0.000000000000e+00 -6.000000000000e-02
v -2.900000000000e-01 0.000000000000e+00 -1.000000000000e-01
v -2.900000000000e-01 0.000000000000e+00 -7.000000000000e-02
v -2.800000000000e-01 0.000000000000e+00 -9.000000000000e-02
v -3.000000000000e-01 0.000000000000e+00 -6.000000000000e-02
v -2.900000000000e-01 0.000000000000e+00 -6.000000000000e-02
v -2.800000000000e-01 0.000000000000e+00 -8.000000000000e-02
v -2.900000000000e-01 0.000000000000e+00 -8.000000000000e-02
v -3.000000000000e-01 0.000000000000e+00 -8.000000000000e-02
v -3.100000000000e-01 0.000000000000e+00 -8.000000000000e-02
v -3.000000000000e-01 0.000000000000e+00 -9.000000000000e-02
v -2.900000000000e-01 0.000000000000e+00 -9.000000000000e-02
v -2.500000000000e-01 0.000000000000e+00 -1.200000000000e-01
v -2.600000000000e-01 0.000000000000e+00 -1.200000000000e-01
v -2.700000000000e-01 0.000000000000e+00 -1.200000000000e-01
v -2.700000000000e-01 0.000000000000e+00 -1.000000000000e-01
v -2.600000000000e-01 0.000000000000e+00 -1.300000000000e-01
v -2.500000000000e-01 0.000000000000e+00 -1.300000000000e-01
v -2.400000000000e-01 0.000000000000e+00 -1.200000000000e-01
v -2.800000000000e-01 0.000000000000e+00 -1.000000000000e-01
v -2.400000000000e-01 0.000000000000e+00 -1.400000000000e-01
v -2.500000000000e-01 0.000000000000e+00 -1.400000000000e-01
v -2.400000000000e-01 0.000000000000e+00 -1.300000000000e-01
v -2.800000000000e-01 0.000000000000e+00 -1.100000000000e-01
v -2.700000000000e-01 0.000000000000e+00 -1.100000000000e-01
v -2.600000000000e-01 0.000000000000e+00 -1.100000000000e-01
v -2.500000000000e-01 0.000000000000e+00 -1.100000000000e-01
v -2.800000000000e-01 0.000000000000e+00 -1.500000000000e-01
v -2.700000000000e-01 0.000000000000e+00 -1.500000000000e-01
v -2.900000000000e-01 0.000000000000e+00 -1.500000000000e-01
v -2.800000000000e-01 0.000000000000e+00 -1.400000000000e-01
v -3.000000000000e-01 0.000000000000e+00 -1.200000000000e-01
v -2.900000000000e-01 0.000000000000e+00 -1.200000000000e-01
v -2.800000000000e-01 0.000000000000e+00 -1.200000000000e-01
v -2.900000000000e-01 0.000000000000e+00 -1.400000000000e-01
v -2.700000000000e-01 0.000000000000e+00 -1.400000000000e-01
v -2.700000000000e-01 0.000000000000e+00 -1.300000000000e-01
v -2.800000000000e-01 0.000000000000e+00 -1.300000000000e-01
v -2.900000000000e-01 0.000000000000e+00 -1.300000000000e-01
v -3.000000000000e-01 0.000000000000e+00 -1.300000000000e-01
v -2.900000000000e-01 0.000000000000e+00 -1.100000000000e-01
v -3.000000000000e-01 0.000000000000e+00 -1.100000000000e-01
v -3.100000000000e-01 0.000000000000e+00 -1.500000000000e-01
v -3.300000000000e-01 0.000000000000e+00 -1.200000000000e-01
v -3.200000000000e-01 0.000000000000e+00 -1.300000000000e-01
v -3.000000000000e-01 0.000000000000e+00 -1.500000000000e-01
v -3.200000000000e-01 0.000000000000e+00 -1.200000000000e-01
v -3.100000000000e-01 0.000000000000e+00 -1.200000000000e-01
v -3.300000000000e-01 0.000000000000e+00 -1.400000000000e-01
v -3.200000000000e-01 0.000000000000e+00 -1.400000000000e-01
v -3.100000000000e-01 0.000000000000e+00 -1.400000000000e-01
v -3.000000000000e-01 0.000000000000e+00 -1.400000000000e-01
v -3.100000000000e-01 0.000000000000e+00 -1.300000000000e-01
v -3.100000000000e-01 0.000000000000e+00 -1.100000000000e-01
v -3.200000000000e-01 0.000000000000e+00 -1.100000000000e-01
v -3.300000000000e-01 0.000000000000e+00 -1.100000000000e-01
v -3.300000000000e-01 0.000000000000e+00 -1.300000000000e-01
v -2.600000000000e-01 0.000000000000e+00 -1.600000000000e-01
v -2.200000000000e-01 0.000000000000e+00 -1.600000000000e-01
v -2.300000000000e-01 0.000000000000e+00 -1.600000000000e-01
v -2.300000000000e-01 0.000000000000e+00 -1.500000000000e-01
v -2.400000000000e-01 0.000000000000e+00 -1.500000000000e-01
v -2.500000000000e-01 0.000000000000e+00 -1.500000000000e-01
v -2.600000000000e-01 0.000000000000e+00 -1.500000000000e-01
v -2.400000000000e-01 0.000000000000e+00 -1.600000000000e-01
v -2.500000000000e-01 0.000000000000e+00 -1.600000000000e-01
v -2.500000000000e-01 0.000000000000e+00 -1.700000000000e-01
v -2.100000000000e-01 0.000000000000e+00 -1.700000000000e-01
v -2.300000000000e-01 0.000000000000e+00 -1.700000000000e-01
v -2.200000000000e-01 0.000000000000e+00 -1.700000000000e-01
v -2.600000000000e-01 0.000000000000e+00 -1.400000000000e-01
v -2.400000000000e-01 0.000000000000e+00 -1.700000000000e-01
v -2.300000000000e-01 0.000000000000e+00 -2.200000000000e-01
v -2.400000000000e-01 0.000000000000e+00 -1.800000000000e-01
v -2.400000000000e-01 0.000000000000e+00 -1.900000000000e-01
v -2.300000000000e-01 0.000000000000e+00 -2.100000000000e-01
v -2.500000000000e-01 0.000000000000e+00 -1.900000000000e-01
v -2.400000000000e-01 0.000000000000e+00 -2.100000000000e-01
v -2.300000000000e-01 0.000000000000e+00 -2.000000000000e-01
v -2.400000000000e-01 0.000000000000e+00 -2.000000000000e-01
v -2.500000000000e-01 0.000000000000e+00 -2.000000000000e-01
v -2.400000000000e-01 0.000000000000e+00 -2.200000000000e-01
v -2.300000000000e-01 0.000000000000e+00 -1.900000000000e-01
v -2.500000000000e-01 0.000000000000e+00 -2.100000000000e-01
v -2.500000000000e-01 0.000000000000e+00 -2.200000000000e-01
v -2.500000000000e-01 0.000000000000e+00 -1.800000000000e-01
v -2.300000000000e-01 0.000000000000e+00 -1.800000000000e-01
v -2.000000000000e-01 0.000000000000e+00 -2.000000000000e-01
v -2.200000000000e-01 0.000000000000e+00 -1.800000000000e-01
v -2.000000000000e-01 0.000000000000e+00 -2.100000000000e-01
v -2.200000000000e-01 0.000000000000e+00 -2.000000000000e-01
v -2.100000000000e-01 0.000000000000e+00 -2.000000000000e-01
v -2.000000000000e-01 0.000000000000e+00 -2.200000000000e-01
v -2.100000000000e-01 0.000000000000e+00 -1.800000000000e-01
v -2.100000000000e-01 0.000000000000e+00 -2.200000000000e-01
v -1.900000000000e-01 0.000000000000e+00 -2.200000000000e-01
v -2.200000000000e-01 0.000000000000e+00 -2.200000000000e-01
v -2.100000000000e-01 0.000000000000e+00 -2.100000000000e-01
v -2.000000000000e-01 0.000000000000e+00 -1.900000000000e-01
v -2.200000000000e-01 0.000000000000e+00 -1.900000000000e-01
v -2.200000000000e-01 0.000000000000e+00 -2.100000000000e-01
v -2.100000000000e-01 0.000000000000e+00 -1.900000000000e-01
v -3.100000000000e-01 0.000000000000e+00 -1.700000000000e-01
v -3.300000000000e-01 0.000000000000e+00 -1.700000000000e-01
v -3.000000000000e-01 0.000000000000e+00 -1.800000000000e-01
v -3.200000000000e-01 0.000000000000e+00 -2.000000000000e-01
v -3.100000000000e-01 0.000000000000e+00 -2.000000000000e-01
v -3.300000000000e-01 0.000000000000e+00 -1.500000000000e-01
v -3.200000000000e-01 0.000000000000e+00 -1.500000000000e-01
v -3.200000000000e-01 0.000000000000e+00 -1.700000000000e-01
v -3.200000000000e-01 0.000000000000e+00 -1.900000000000e-01
v -3.100000000000e-01 0.000000000000e+00 -1.900000000000e-01
v -3.100000000000e-01 0.000000000000e+00 -1.600000000000e-01
v -3.200000000000e-01 0.000000000000e+00 -1.600000000000e-01
v -3.300000000000e-01 0.000000000000e+00 -1.600000000000e-01
v -3.200000000000e-01 0.000000000000e+00 -1.800000000000e-01
v -3.100000000000e-01 0.000000000000e+00 -1.800000000000e-01
v -2.800000000000e-01 0.000000000000e+00 -2.100000000000e-01
v -2.800000000000e-01 0.000000000000e+00 -1.900000000000e-01
v -2.600000000000e-01 0.000000000000e+00 -2.100000000000e-01
v -2.700000000000e-01 0.000000000000e+00 -2.100000000000e-01
v -2.600000000000e-01 0.000000000000e+00 -2.200000000000e-01
v -2.900000000000e-01 0.000000000000e+00 -2.100000000000e-01
v -2.800000000000e-01 0.000000000000e+00 -2.200000000000e-01
v -2.700000000000e-01 0.000000000000e+00 -2.200000000000e-01
v -2.900000000000e-01 0.000000000000e+00 -1.900000000000e-01
v -3.000000000000e-01 0.000000000000e+00 -1.900000000000e-01
v -3.000000000000e-01 0.000000000000e+00 -2.000000000000e-01
v -2.900000000000e-01 0.000000000000e+00 -2.000000000000e-01
v -2.800000000000e-01 0.000000000000e+00 -2.000000000000e-01
v -2.700000000000e-01 0.000000000000e+00 -2.000000000000e-01
v -2.600000000000e-01 0.000000000000e+00 -2.000000000000e-01
v -2.900000000000e-01 0.000000000000e+00 -1.700000000000e-01
v -2.700000000000e-01 0.000000000000e+00 -1.800000000000e-01
v -2.600000000000e-01 0.000000000000e+00 -1.800000000000e-01
v -2.800000000000e-01 0.000000000000e+00 -1.800000000000e-01
v -2.600000000000e-01 0.000000000000e+00 -1.900000000000e-01
v -2.700000000000e-01 0.000000000000e+00 -1.600000000000e-01
v -2.600000000000e-01 0.000000000000e+00 -1.700000000000e-01
v -2.700000000000e-01 0.000000000000e+00 -1.700000000000e-01
v -2.800000000000e-01 0.000000000000e+00 -1.700000000000e-01
v -2.800000000000e-01 0.000000000000e+00 -1.600000000000e-01
v -2.900000000000e-01 0.000000000000e+00 -1.600000000000e-01
v -3.000000000000e-01 0.000000000000e+00 -1.700000000000e-01
v -2.700000000000e-01 0.000000000000e+00 -1.900000000000e-01
v -3.000000000000e-01 0.000000000000e+00 -1.600000000000e-01
v -2.900000000000e-01 0.000000000000e+00 -1.800000000000e-01
v -1.600000000000e-01 0.000000000000e+00 -1.900000000000e-01
v -1.500000000000e-01 0.000000000000e+00 -1.900000000000e-01
v -1.400000000000e-01 0.000000000000e+00 -1.900000000000e-01
v -1.400000000000e-01 0.000000000000e+00 -2.200000000000e-01
v -1.700000000000e-01 0.000000000000e+00 -1.900000000000e-01
v -1.500000000000e-01 0.000000000000e+00 -1.800000000000e-01
v -1.600000000000e-01 0.000000000000e+00 -1.800000000000e-01
v -1.700000000000e-01 0.000000000000e+00 -1.800000000000e-01
v -1.300000000000e-01 0.000000000000e+00 -2.200000000000e-01
v -1.600000000000e-01 0.000000000000e+00 -2.000000000000e-01
v -1.500000000000e-01 0.000000000000e+00 -2.000000000000e-01
v -1.400000000000e-01 0.000000000000e+00 -2.000000000000e-01
v -1.300000000000e-01 0.000000000000e+00 -2.100000000000e-01
v -1.400000000000e-01 0.000000000000e+00 -2.100000000000e-01
v -1.500000000000e-01 0.000000000000e+00 -2.100000000000e-01
v -1.900000000000e-01 0.000000000000e+00 -2.000000000000e-01
v -1.700000000000e-01 0.000000000000e+00 -2.000000000000e-01
v -1.600000000000e-01 0.000000000000e+00 -2.100000000000e-01
v -1.700000000000e-01 0.000000000000e+00 -2.100000000000e-01
v -1.800000000000e-01 0.000000000000e+00 -2.100000000000e-01
v -1.900000000000e-01 0.000000000000e+00 -1.900000000000e-01
v -1.800000000000e-01 0.000000000000e+00 -1.900000000000e-01
v -1.900000000000e-01 0.000000000000e+00 -2.100000000000e-01
v -2.000000000000e-01 0.000000000000e+00 -1.800000000000e-01
v -1.800000000000e-01 0.000000000000e+00 -2.000000000000e-01
v -1.600000000000e-01 0.000000000000e+00 -2.200000000000e-01
v -1.700000000000e-01 0.000000000000e+00 -2.200000000000e-01
v -1.800000000000e-01 0.000000000000e+00 -2.200000000000e-01
v -1.900000000000e-01 0.000000000000e+00 -1.800000000000e-01
v -1.800000000000e-01 0.000000000000e+00 -1.800000000000e-01
v -1.600000000000e-01 0.000000000000e+00 -1.500000000000e-01
v -1.400000000000e-01 0.000000000000e+00 -1.500000000000e-01
v -1.600000000000e-01 0.000000000000e+00 -1.300000000000e-01
v -1.500000000000e-01 0.000000000000e+00 -1.500000000000e-01
v -1.500000000000e-01 0.000000000000e+00 -1.300000000000e-01
v -1.400000000000e-01 0.000000000000e+00 -1.800000000000e-01
v -1.600000000000e-01 0.000000000000e+00 -1.600000000000e-01
v -1.500000000000e-01 0.000000000000e+00 -1.600000000000e-01
v -1.400000000000e-01 0.000000000000e+00 -1.600000000000e-01
v -1.400000000000e-01 0.000000000000e+00 -1.400000000000e-01
v -1.500000000000e-01 0.000000000000e+00 -1.400000000000e-01
v -1.600000000000e-01 0.000000000000e+00 -1.400000000000e-01
v -1.400000000000e-01 0.000000000000e+00 -1.700000000000e-01
v -1.500000000000e-01 0.000000000000e+00 -1.700000000000e-01
v -2.100000000000e-01 0.000000000000e+00 -1.500000000000e-01
v -2.000000000000e-01 0.000000000000e+00 -1.500000000000e-01
v -2.200000000000e-01 0.000000000000e+00 -1.400000000000e-01
v -2.200000000000e-01 0.000000000000e+00 -1.500000000000e-01
v -2.100000000000e-01 0.000000000000e+00 -1.400000000000e-01
v -2.000000000000e-01 0.000000000000e+00 -1.400000000000e-01
v -2.100000000000e-01 0.000000000000e+00 -1.600000000000e-01
v -2.100000000000e-01 0.000000000000e+00 -1.300000000000e-01
v -2.000000000000e-01 0.000000000000e+00 -1.600000000000e-01
v -1.900000000000e-01 0.000000000000e+00 -1.600000000000e-01
v -2.300000000000e-01 0.000000000000e+00 -1.300000000000e-01
v -2.200000000000e-01 0.000000000000e+00 -1.300000000000e-01
v -1.900000000000e-01 0.000000000000e+00 -1.700000000000e-01
v -2.300000000000e-01 0.000000000000e+00 -1.400000000000e-01
v -2.000000000000e-01 0.000000000000e+00 -1.700000000000e-01
v -1.900000000000e-01 0.000000000000e+00 -1.400000000000e-01
v -1.700000000000e-01 0.000000000000e+00 -1.700000000000e-01
v -1.800000000000e-01 0.000000000000e+00 -1.400000000000e-01
v -1.800000000000e-01 0.000000000000e+00 -1.600000000000e-01
v -1.700000000000e-01 0.000000000000e+00 -1.600000000000e-01
v -1.600000000000e-01 0.000000000000e+00 -1.700000000000e-01
v -1.800000000000e-01 0.000000000000e+00 -1.700000000000e-01
v -1.800000000000e-01 0.000000000000e+00 -1.300000000000e-01
v -1.700000000000e-01 0.000000000000e+00 -1.300000000000e-01
v -1.900000000000e-01 0.000000000000e+00 -1.300000000000e-01
v -2.000000000000e-01 0.000000000000e+00 -1.300000000000e-01
v -1.700000000000e-01 0.000000000000e+00 -1.400000000000e-01
v -1.900000000000e-01 0.000000000000e+00 -1.500000000000e-01
v -1.800000000000e-01 0.000000000000e+00 -1.500000000000e-01
v -1.700000000000e-01 0.000000000000e+00 -1.500000000000e-01
v -2.700000000000e-01 0.000000000000e+00 -6.000000000000e-02
v -2.500000000000e-01 0.000000000000e+00 -9.000000000000e-02
v -2.800000000000e-01 0.000000000000e+00 -6.000000000000e-02
v -2.700000000000e-01 0.000000000000e+00 -8.000000000000e-02
v -2.600000000000e-01 0.000000000000e+00 -8.000000000000e-02
v -2.500000000000e-01 0.000000000000e+00 -8.000000000000e-02
v -2.800000000000e-01 0.000000000000e+00 -5.000000000000e-02
v -2.500000000000e-01 0.000000000000e+00 -1.000000000000e-01
v -2.600000000000e-01 0.000000000000e+00 -1.000000000000e-01
v -2.500000000000e-01 0.000000000000e+00 -7.000000000000e-02
v -2.600000000000e-01 0.000000000000e+00 -9.000000000000e-02
v -2.700000000000e-01 0.000000000000e+00 -9.000000000000e-02
v -2.600000000000e-01 0.000000000000e+00 -6.000000000000e-02
v -2.600000000000e-01 0.000000000000e+00 -7.000000000000e-02
v -2.700000000000e-01 0.000000000000e+00 -7.000000000000e-02
v -2.800000000000e-01 0.000000000000e+00 -7.000000000000e-02
v -2.300000000000e-01 0.000000000000e+00 -8.000000000000e-02
v -2.500000000000e-01 0.000000000000e+00 -6.000000000000e-02
v -2.400000000000e-01 0.000000000000e+00 -6.000000000000e-02
v -2.300000000000e-01 0.000000000000e+00 -6.000000000000e-02
v -2.400000000000e-01 0.000000000000e+00 -8.000000000000e-02
v -2.400000000000e-01 0.000000000000e+00 -5.000000000000e-02
v -2.200000000000e-01 0.000000000000e+00 -8.000000000000e-02
v -2.200000000000e-01 0.000000000000e+00 -7.000000000000e-02
v -2.300000000000e-01 0.000000000000e+00 -7.000000000000e-02
v -2.400000000000e-01 0.000000000000e+00 -7.000000000000e-02
v -2.300000000000e-01 0.000000000000e+00 -9.000000000000e-02
v -2.400000000000e-01 0.000000000000e+00 -9.000000000000e-02
v -2.200000000000e-01 0.000000000000e+00 -9.000000000000e-02
v -2.100000000000e-01 0.000000000000e+00 -9.000000000000e-02
v -2.300000000000e-01 0.000000000000e+00 -5.000000000000e-02
v -2.200000000000e-01 0.000000000000e+00 -1.100000000000e-01
v -2.100000000000e-01 0.000000000000e+00 -1.000000000000e-01
v -2.000000000000e-01 0.000000000000e+00 -1.000000000000e-01
v -2.100000000000e-01 0.000000000000e+00 -1.100000000000e-01
v -2.000000000000e-01 0.000000000000e+00 -1.100000000000e-01
v -2.400000000000e-01 0.000000000000e+00 -1.000000000000e-01
v -2.300000000000e-01 0.000000000000e+00 -1.000000000000e-01
v -2.200000000000e-01 0.000000000000e+00 -1.000000000000e-01
v -2.300000000000e-01 0.000000000000e+00 -1.200000000000e-01
v -2.200000000000e-01 0.000000000000e+00 -1.200000000000e-01
v -2.100000000000e-01 0.000000000000e+00 -1.200000000000e-01
v -2.000000000000e-01 0.000000000000e+00 -1.200000000000e-01
v -2.300000000000e-01 0.000000000000e+00 -1.100000000000e-01
v -2.400000000000e-01 0.000000000000e+00 -1.100000000000e-01
v -1.600000000000e-01 0.000000000000e+00 -1.200000000000e-01
v -1.700000000000e-01 0.000000000000e+00 -1.200000000000e-01
v -1.400000000000e-01 0.000000000000e+00 -1.200000000000e-01
v -1.900000000000e-01 0.000000000000e+00 -1.100000000000e-01
v -1.800000000000e-01 0.000000000000e+00 -1.200000000000e-01
v -1.500000000000e-01 0.000000000000e+00 -1.200000000000e-01
v -1.800000000000e-01 0.000000000000e+00 -1.100000000000e-01
v -1.700000000000e-01 0.000000000000e+00 -1.000000000000e-01
v -1.400000000000e-01 0.000000000000e+00 -1.300000000000e-01
v -1.600000000000e-01 0.000000000000e+00 -1.000000000000e-01
v -1.500000000000e-01 0.000000000000e+00 -1.000000000000e-01
v -1.700000000000e-01 0.000000000000e+00 -1.100000000000e-01
v -1.600000000000e-01 0.000000000000e+00 -1.100000000000e-01
v -1.500000000000e-01 0.000000000000e+00 -1.100000000000e-01
v -1.900000000000e-01 0.000000000000e+00 -1.200000000000e-01
v -1.900000000000e-01 0.000000000000e+00 -6.000000000000e-02
v -1.800000000000e-01 0.000000000000e+00 -6.000000000000e-02
v -1.700000000000e-01 0.000000000000e+00 -6.000000000000e-02
v -1.500000000000e-01 0.000000000000e+00 -9.000000000000e-02
v -1.600000000000e-01 0.000000000000e+00 -9.000000000000e-02
v -1.700000000000e-01 0.000000000000e+00 -9.000000000000e-02
v -1.900000000000e-01 0.000000000000e+00 -5.000000000000e-02
v -1.900000000000e-01 0.000000000000e+00 -7.000000000000e-02
v -1.800000000000e-01 0.000000000000e+00 -7.000000000000e-02
v -1.700000000000e-01 0.000000000000e+00 -7.000000000000e-02
v -1.800000000000e-01 0.000000000000e+00 -5.000000000000e-02
v -2.000000000000e-01 0.000000000000e+00 -5.000000000000e-02
v -1.600000000000e-01 0.000000000000e+00 -7.000000000000e-02
v -1.700000000000e-01 0.000000000000e+00 -8.000000000000e-02
v -1.600000000000e-01 0.000000000000e+00 -8.000000000000e-02
v -1.800000000000e-01 0.000000000000e+00 -8.000000000000e-02
v -1.800000000000e-01 0.000000000000e+00 -1.000000000000e-01
v -2.200000000000e-01 0.000000000000e+00 -6.000000000000e-02
v -1.800000000000e-01 0.000000000000e+00 -9.000000000000e-02
v -1.900000000000e-01 0.000000000000e+00 -9.000000000000e-02
v -2.100000000000e-01 0.000000000000e+00 -6.000000000000e-02
v -2.000000000000e-01 0.000000000000e+00 -6.000000000000e-02
v -2.000000000000e-01 0.000000000000e+00 -7.000000000000e-02
v -1.900000000000e-01 0.000000000000e+00 -1.000000000000e-01
v -2.100000000000e-01 0.000000000000e+00 -7.000000000000e-02
v -1.900000000000e-01 0.000000000000e+00 -8.000000000000e-02
v -2.000000000000e-01 0.000000000000e+00 -8.000000000000e-02
v -2.100000000000e-01 0.000000000000e+00 -8.000000000000e-02
v -2.100000000000e-01 0.000000000000e+00 -5.000000000000e-02
v -2.000000000000e-01 0.000000000000e+00 -9.000000000000e-02
v -2.200000000000e-01 0.000000000000e+00 -5.000000000000e-02
v -1.000000000000e-01 0.000000000000e+00 -4.900000000000e-01
v -1.000000000000e-01 0.000000000000e+00 -5.000000000000e-01
v -9.000000000000e-02 0.000000000000e+00 -5.000000000000e-01
v -1.100000000000e-01 0.000000000000e+00 -5.000000000000e-01
v -9.000000000000e-02 0.000000000000e+00 -4.800000000000e-01
v -1.000000000000e-01 0.000000000000e+00 -4.800000000000e-01
v -1.100000000000e-01 0.000000000000e+00 -4.800000000000e-01
v -9.000000000000e-02 0.000000000000e+00 -4.900000000000e-01
v -1.100000000000e-01 0.000000000000e+00 -4.900000000000e-01
v -1.100000000000e-01 0.000000000000e+00 -4.700000000000e-01
v -1.000000000000e-01 0.000000000000e+00 -4.700000000000e-01
v -9.000000000000e-02 0.000000000000e+00 -4.700000000000e-01
v -1.000000000000e-01 0.000000000000e+00 -4.600000000000e-01
v -1.100000000000e-01 0.000000000000e+00 -4.600000000000e-01
v -6.000000000000e-02 0.000000000000e+00 -4.900000000000e-01
v -5.000000000000e-02 0.000000000000e+00 -4.900000000000e-01
v -8.000000000000e-02 0.000000000000e+00 -4.800000000000e-01
v -7.000000000000e-02 0.000000000000e+00 -4.800000000000e-01
v -6.000000000000e-02 0.000000000000e+00 -4.800000000000e-01
v -8.000000000000e-02 0.000000000000e+00 -4.600000000000e-01
v -8.000000000000e-02 0.000000000000e+00 -4.700000000000e-01
v -7.000000000000e-02 0.000000000000e+00 -4.700000000000e-01
v -9.000000000000e-02 0.000000000000e+00 -4.600000000000e-01
v -7.000000000000e-02 0.000000000000e+00 -4.900000000000e-01
v -5.000000000000e-02 0.000000000000e+00 -5.000000000000e-01
v -6.000000000000e-02 0.000000000000e+00 -5.000000000000e-01
v -7.000000000000e-02 0.000000000000e+00 -5.000000000000e-01
v -8.000000000000e-02 0.000000000000e+00 -5.000000000000e-01
v -8.000000000000e-02 0.000000000000e+00 -4.900000000000e-01
v -1.500000000000e-01 0.000000000000e+00 -4.700000000000e-01
v -1.500000000000e-01 0.000000000000e+00 -5.000000000000e-01
v -1.400000000000e-01 0.000000000000e+00 -4.700000000000e-01
v -1.200000000000e-01 0.000000000000e+00 -4.800000000000e-01
v -1.200000000000e-01 0.000000000000e+00 -4.900000000000e-01
v -1.300000000000e-01 0.000000000000e+00 -4.900000000000e-01
v -1.400000000000e-01 0.000000000000e+00 -4.900000000000e-01
v -1.500000000000e-01 0.000000000000e+00 -4.900000000000e-01
v -1.300000000000e-01 0.000000000000e+00 -4.800000000000e-01
v -1.400000000000e-01 0.000000000000e+00 -4.800000000000e-01
v -1.500000000000e-01 0.000000000000e+00 -4.800000000000e-01
v -1.400000000000e-01 0.000000000000e+00 -5.000000000000e-01
v -1.200000000000e-01 0.000000000000e+00 -5.000000000000e-01
v -1.300000000000e-01 0.000000000000e+00 -5.000000000000e-01
v -1.500000000000e-01 0.000000000000e+00 -4.600000000000e-01
v -1.500000000000e-01 0.000000000000e+00 -4.400000000000e-01
v -1.200000000000e-01 0.000000000000e+00 -4.500000000000e-01
v -1.300000000000e-01 0.000000000000e+00 -4.500000000000e-01
v -1.500000000000e-01 0.000000000000e+00 -4.300000000000e-01
v -1.400000000000e-01 0.000000000000e+00 -4.300000000000e-01
v -1.500000000000e-01 0.000000000000e+00 -4.200000000000e-01
v -1.200000000000e-01 0.000000000000e+00 -4.600000000000e-01
v -1.400000000000e-01 0.000000000000e+00 -4.500000000000e-01
v -1.300000000000e-01 0.000000000000e+00 -4.600000000000e-01
v -1.400000000000e-01 0.000000000000e+00 -4.400000000000e-01
v -1.200000000000e-01 0.000000000000e+00 -4.700000000000e-01
v -1.300000000000e-01 0.000000000000e+00 -4.700000000000e-01
v -1.300000000000e-01 0.000000000000e+00 -4.400000000000e-01
v -1.400000000000e-01 0.000000000000e+00 -4.600000000000e-01
v -1.500000000000e-01 0.000000000000e+00 -4.500000000000e-01
v -1.400000000000e-01 0.000000000000e+00 -4.200000000000e-01
v -1.000000000000e-01 0.000000000000e+00 -4.400000000000e-01
v -1.000000000000e-01 0.000000000000e+00 -4.500000000000e-01
v -1.300000000000e-01 0.000000000000e+00 -4.200000000000e-01
v -1.200000000000e-01 0.000000000000e+00 -4.200000000000e-01
v -1.100000000000e-01 0.000000000000e+00 -4.200000000000e-01
v -1.100000000000e-01 0.000000000000e+00 -4.400000000000e-01
v -1.200000000000e-01 0.000000000000e+00 -4.400000000000e-01
v -9.000000000000e-02 0.000000000000e+00 -4.500000000000e-01
v -9.000000000000e-02 0.000000000000e+00 -4.400000000000e-01
v -1.100000000000e-01 0.000000000000e+00 -4.500000000000e-01
v -1.300000000000e-01 0.000000000000e+00 -4.300000000000e-01
v -1.000000000000e-01 0.000000000000e+00 -4.300000000000e-01
v -1.100000000000e-01 0.000000000000e+00 -4.300000000000e-01
v -1.200000000000e-01 0.000000000000e+00 -4.300000000000e-01
v -1.000000000000e-01 0.000000000000e+00 -4.000000000000e-01
v -8.000000000000e-02 0.000000000000e+00 -4.100000000000e-01
v -9.000000000000e-02 0.000000000000e+00 -4.100000000000e-01
v -1.000000000000e-01 0.000000000000e+00 -4.100000000000e-01
v -1.100000000000e-01 0.000000000000e+00 -4.100000000000e-01
v -1.000000000000e-01 0.000000000000e+00 -4.200000000000e-01
v -9.000000000000e-02 0.000000000000e+00 -4.200000000000e-01
v -8.000000000000e-02 0.000000000000e+00 -4.200000000000e-01
v -7.000000000000e-02 0.000000000000e+00 -4.200000000000e-01
v -1.100000000000e-01 0.000000000000e+00 -4.000000000000e-01
v -7.000000000000e-02 0.000000000000e+00 -4.300000000000e-01
v -8.000000000000e-02 0.000000000000e+00 -4.300000000000e-01
v -9.000000000000e-02 0.000000000000e+00 -4.300000000000e-01
v -9.000000000000e-02 0.000000000000e+00 -4.000000000000e-01
v -7.000000000000e-02 0.000000000000e+00 -4.100000000000e-01
v -6.000000000000e-02 0.000000000000e+00 -4.100000000000e-01
v -5.000000000000e-02 0.000000000000e+00 -4.100000000000e-01
v -6.000000000000e-02 0.000000000000e+00 -4.200000000000e-01
v -8.000000000000e-02 0.000000000000e+00 -4.000000000000e-01
v -7.000000000000e-02 0.000000000000e+00 -4.000000000000e-01
v -6.000000000000e-02 0.000000000000e+00 -4.000000000000e-01
v -6.000000000000e-02 0.000000000000e+00 -4.300000000000e-01
v -5.000000000000e-02 0.000000000000e+00 -4.300000000000e-01
v -4.000000000000e-02 0.000000000000e+00 -4.200000000000e-01
v -4.000000000000e-02 0.000000000000e+00 -4.300000000000e-01
v -3.000000000000e-02 0.000000000000e+00 -4.300000000000e-01
v -5.000000000000e-02 0.000000000000e+00 -4.200000000000e-01
v -7.000000000000e-02 0.000000000000e+00 -3.900000000000e-01
v 0.000000000000e+00 0.000000000000e+00 -4.700000000000e-01
v -2.000000000000e-02 0.000000000000e+00 -4.700000000000e-01
v -1.000000000000e-02 0.000000000000e+00 -4.700000000000e-01
v -1.000000000000e-02 0.000000000000e+00 -5.000000000000e-01
v -2.000000000000e-02 0.000000000000e+00 -4.600000000000e-01
v -1.000000000000e-02 0.000000000000e+00 -4.600000000000e-01
v 0.000000000000e+00 0.000000000000e+00 -5.000000000000e-01
v 1.000000000000e-02 0.000000000000e+00 -5.000000000000e-01
v 1.000000000000e-02 0.000000000000e+00 -4.800000000000e-01
v -2.000000000000e-02 0.000000000000e+00 -4.800000000000e-01
v -1.000000000000e-02 0.000000000000e+00 -4.800000000000e-01
v -1.000000000000e-02 0.000000000000e+00 -4.900000000000e-01
v 1.000000000000e-02 0.000000000000e+00 -4.900000000000e-01
v 0.000000000000e+00 0.000000000000e+00 -4.900000000000e-01
v 0.000000000000e+00 0.000000000000e+00 -4.800000000000e-01
v -6.000000000000e-02 0.000000000000e+00 -4.500000000000e-01
v -4.000000000000e-02 0.000000000000e+00 -4.500000000000e-01
v -7.000000000000e-02 0.000000000000e+00 -4.500000000000e-01
v -6.000000000000e-02 0.000000000000e+00 -4.700000000000e-01
v -8.000000000000e-02 0.000000000000e+00 -4.500000000000e-01
v -3.000000000000e-02 0.000000000000e+00 -4.400000000000e-01
v -4.000000000000e-02 0.000000000000e+00 -4.400000000000e-01
v -5.000000000000e-02 0.000000000000e+00 -4.400000000000e-01
v -6.000000000000e-02 0.000000000000e+00 -4.400000000000e-01
v -7.000000000000e-02 0.000000000000e+00 -4.400000000000e-01
v -8.000000000000e-02 0.000000000000e+00 -4.400000000000e-01
v -5.000000000000e-02 0.000000000000e+00 -4.500000000000e-01
v -3.000000000000e-02 0.000000000000e+00 -4.500000000000e-01
v -6.000000000000e-02 0.000000000000e+00 -4.600000000000e-01
v -7.000000000000e-02 0.000000000000e+00 -4.600000000000e-01
v -3.000000000000e-02 0.000000000000e+00 -5.000000000000e-01
v -4.000000000000e-02 0.000000000000e+00 -4.800000000000e-01
v -3.000000000000e-02 0.000000000000e+00 -4.800000000000e-01
v -3.000000000000e-02 0.000000000000e+00 -4.600000000000e-01
v -4.000000000000e-02 0.000000000000e+00 -4.600000000000e-01
v -5.000000000000e-02 0.000000000000e+00 -4.600000000000e-01
v -2.000000000000e-02 0.000000000000e+00 -5.000000000000e-01
v -4.000000000000e-02 0.000000000000e+00 -4.900000000000e-01
v -2.000000000000e-02 0.000000000000e+00 -4.900000000000e-01
v -4.000000000000e-02 0.000000000000e+00 -5.000000000000e-01
v -5.000000000000e-02 0.000000000000e+00 -4.700000000000e-01
v -4.000000000000e-02 0.000000000000e+00 -4.700000000000e-01
v -3.000000000000e-02 0.000000000000e+00 -4.700000000000e-01
v -3.000000000000e-02 0.000000000000e+00 -4.900000000000e-01
v -5.000000000000e-02 0.000000000000e+00 -4.800000000000e-01
v -2.100000000000e-01 0.000000000000e+00 -4.600000000000e-01
v -2.000000000000e-01 0.000000000000e+00 -4.600000000000e-01
v -1.900000000000e-01 0.000000000000e+00 -4.800000000000e-01
v -2.000000000000e-01 0.000000000000e+00 -4.800000000000e-01
v -2.100000000000e-01 0.000000000000e+00 -4.800000000000e-01
v -1.900000000000e-01 0.000000000000e+00 -4.900000000000e-01
v -2.000000000000e-01 0.000000000000e+00 -4.900000000000e-01
v -2.100000000000e-01 0.000000000000e+00 -4.900000000000e-01
v -1.800000000000e-01 0.000000000000e+00 -5.000000000000e-01
v -1.900000000000e-01 0.000000000000e+00 -5.000000000000e-01
v -2.000000000000e-01 0.000000000000e+00 -4.700000000000e-01
v -2.100000000000e-01 0.000000000000e+00 -4.700000000000e-01
v -2.000000000000e-01 0.000000000000e+00 -5.000000000000e-01
v -2.100000000000e-01 0.000000000000e+00 -5.000000000000e-01
v -2.200000000000e-01 0.000000000000e+00 -4.600000000000e-01
v -1.700000000000e-01 0.000000000000e+00 -5.000000000000e-01
v -1.600000000000e-01 0.000000000000e+00 -5.000000000000e-01
v -1.800000000000e-01 0.000000000000e+00 -4.900000000000e-01
v -1.800000000000e-01 0.000000000000e+00 -4.800000000000e-01
v -1.700000000000e-01 0.000000000000e+00 -4.800000000000e-01
v -1.700000000000e-01 0.000000000000e+00 -4.600000000000e-01
v -1.700000000000e-01 0.000000000000e+00 -4.900000000000e-01
v -1.900000000000e-01 0.000000000000e+00 -4.700000000000e-01
v -1.800000000000e-01 0.000000000000e+00 -4.700000000000e-01
v -1.700000000000e-01 0.000000000000e+00 -4.700000000000e-01
v -1.600000000000e-01 0.000000000000e+00 -4.700000000000e-01
v -1.600000000000e-01 0.000000000000e+00 -4.800000000000e-01
v -1.600000000000e-01 0.000000000000e+00 -4.900000000000e-01
v -1.900000000000e-01 0.000000000000e+00 -4.600000000000e-01
v -1.800000000000e-01 0.000000000000e+00 -4.600000000000e-01
v -1.700000000000e-01 0.000000000000e+00 -4.300000000000e-01
v -1.600000000000e-01 0.000000000000e+00 -4.600000000000e-01
v -1.600000000000e-01 0.000000000000e+00 -4.300000000000e-01
v -1.600000000000e-01 0.000000000000e+00 -4.100000000000e-01
v -1.700000000000e-01 0.000000000000e+00 -4.100000000000e-01
v -1.700000000000e-01 0.000000000000e+00 -4.400000000000e-01
v -1.600000000000e-01 0.000000000000e+00 -4.400000000000e-01
v -1.800000000000e-01 0.000000000000e+00 -4.200000000000e-01
v -1.700000000000e-01 0.000000000000e+00 -4.200000000000e-01
v -1.800000000000e-01 0.000000000000e+00 -4.100000000000e-01
v -1.900000000000e-01 0.000000000000e+00 -4.100000000000e-01
v -1.600000000000e-01 0.000000000000e+00 -4.200000000000e-01
v -1.600000000000e-01 0.000000000000e+00 -4.500000000000e-01
v -1.700000000000e-01 0.000000000000e+00 -4.500000000000e-01
v -2.000000000000e-01 0.000000000000e+00 -4.200000000000e-01
v -2.200000000000e-01 0.000000000000e+00 -4.300000000000e-01
v -2.300000000000e-01 0.000000000000e+00 -3.900000000000e-01
v -2.000000000000e-01 0.000000000000e+00 -4.000000000000e-01
v -2.300000000000e-01 0.000000000000e+00 -4.200000000000e-01
v -2.100000000000e-01 0.000000000000e+00 -4.000000000000e-01
v -2.200000000000e-01 0.000000000000e+00 -4.000000000000e-01
v -2.300000000000e-01 0.000000000000e+00 -4.000000000000e-01
v -2.200000000000e-01 0.000000000000e+00 -4.200000000000e-01
v -2.100000000000e-01 0.000000000000e+00 -4.200000000000e-01
v -2.200000000000e-01 0.000000000000e+00 -4.100000000000e-01
v -2.000000000000e-01 0.000000000000e+00 -4.100000000000e-01
v -2.100000000000e-01 0.000000000000e+00 -4.100000000000e-01
v -2.300000000000e-01 0.000000000000e+00 -4.300000000000e-01
v -2.300000000000e-01 0.000000000000e+00 -4.100000000000e-01
v -1.800000000000e-01 0.000000000000e+00 -4.500000000000e-01
v -2.200000000000e-01 0.000000000000e+00 -4.500000000000e-01
v -2.200000000000e-01 0.000000000000e+00 -4.400000000000e-01
v -2.100000000000e-01 0.000000000000e+00 -4.400000000000e-01
v -2.000000000000e-01 0.000000000000e+00 -4.400000000000e-01
v -1.900000000000e-01 0.000000000000e+00 -4.400000000000e-01
v -1.800000000000e-01 0.000000000000e+00 -4.400000000000e-01
v -2.100000000000e-01 0.000000000000e+00 -4.300000000000e-01
v -2.000000000000e-01 0.000000000000e+00 -4.300000000000e-01
v -1.800000000000e-01 0.000000000000e+00 -4.300000000000e-01
v -1.900000000000e-01 0.000000000000e+00 -4.500000000000e-01
v -2.000000000000e-01 0.000000000000e+00 -4.500000000000e-01
v -2.100000000000e-01 0.000000000000e+00 -4.500000000000e-01
v -1.900000000000e-01 0.000000000000e+00 -4.300000000000e-01
v -1.900000000000e-01 0.000000000000e+00 -4.200000000000e-01
v -2.600000000000e-01 0.000000000000e+00 -4.300000000000e-01
v -2.700000000000e-01 0.000000000000e+00 -4.300000000000e-01
v -2.300000000000e-01 0.000000000000e+00 -4.500000000000e-01
v -2.600000000000e-01 0.000000000000e+00 -4.400000000000e-01
v -2.500000000000e-01 0.000000000000e+00 -4.400000000000e-01
v -2.400000000000e-01 0.000000000000e+00 -4.400000000000e-01
v -2.300000000000e-01 0.000000000000e+00 -4.400000000000e-01
v -2.500000000000e-01 0.000000000000e+00 -4.500000000000e-01
v -2.500000000000e-01 0.000000000000e+00 -4.300000000000e-01
v -2.400000000000e-01 0.000000000000e+00 -4.300000000000e-01
v -2.800000000000e-01 0.000000000000e+00 -4.300000000000e-01
v -2.400000000000e-01 0.000000000000e+00 -4.500000000000e-01
v -2.900000000000e-01 0.000000000000e+00 -4.200000000000e-01
v -2.800000000000e-01 0.000000000000e+00 -4.200000000000e-01
v -2.700000000000e-01 0.000000000000e+00 -4.200000000000e-01
v -2.600000000000e-01 0.000000000000e+00 -4.200000000000e-01
v -2.900000000000e-01 0.000000000000e+00 -3.900000000000e-01
v -2.800000000000e-01 0.000000000000e+00 -3.700000000000e-01
v -2.900000000000e-01 0.000000000000e+00 -3.800000000000e-01
v -2.800000000000e-01 0.000000000000e+00 -3.800000000000e-01
v -2.700000000000e-01 0.000000000000e+00 -3.800000000000e-01
v -2.900000000000e-01 0.000000000000e+00 -4.100000000000e-01
v -2.800000000000e-01 0.000000000000e+00 -3.900000000000e-01
v -2.700000000000e-01 0.000000000000e+00 -4.000000000000e-01
v -2.800000000000e-01 0.000000000000e+00 -4.000000000000e-01
v -2.900000000000e-01 0.000000000000e+00 -3.700000000000e-01
v -2.700000000000e-01 0.000000000000e+00 -3.700000000000e-01
v -2.700000000000e-01 0.000000000000e+00 -3.900000000000e-01
v -2.900000000000e-01 0.000000000000e+00 -4.000000000000e-01
v -2.700000000000e-01 0.000000000000e+00 -4.100000000000e-01
v -2.800000000000e-01 0.000000000000e+00 -4.100000000000e-01
v -2.600000000000e-01 0.000000000000e+00 -3.900000000000e-01
v -2.500000000000e-01 0.000000000000e+00 -4.200000000000e-01
v -2.400000000000e-01 0.000000000000e+00 -4.200000000000e-01
v -2.400000000000e-01 0.000000000000e+00 -3.900000000000e-01
v -2.400000000000e-01 0.000000000000e+00 -4.000000000000e-01
v -2.500000000000e-01 0.000000000000e+00 -4.000000000000e-01
v -2.500000000000e-01 0.000000000000e+00 -3.900000000000e-01
v -2.600000000000e-01 0.000000000000e+00 -3.800000000000e-01
v -2.500000000000e-01 0.000000000000e+00 -3.800000000000e-01
v -2.400000000000e-01 0.000000000000e+00 -3.800000000000e-01
v -2.600000000000e-01 0.000000000000e+00 -4.000000000000e-01
v -2.600000000000e-01 0.000000000000e+00 -3.700000000000e-01
v -2.500000000000e-01 0.000000000000e+00 -3.700000000000e-01
v -2.400000000000e-01 0.000000000000e+00 -4.100000000000e-01
v -2.500000000000e-01 0.000000000000e+00 -4.100000000000e-01
v -2.600000000000e-01 0.000000000000e+00 -4.100000000000e-01
v -2.300000000000e-01 0.000000000000e+00 -4.600000000000e-01
v -2.400000000000e-01 0.000000000000e+00 -4.600000000000e-01
v -2.300000000000e-01 0.000000000000e+00 -4.900000000000e-01
v -2.200000000000e-01 0.000000000000e+00 -5.000000000000e-01
v -2.300000000000e-01 0.000000000000e+00 -5.000000000000e-01
v -2.400000000000e-01 0.000000000000e+00 -4.900000000000e-01
v -2.200000000000e-01 0.000000000000e+00 -4.900000000000e-01
v -2.200000000000e-01 0.000000000000e+00 -4.700000000000e-01
v -2.300000000000e-01 0.000000000000e+00 -4.700000000000e-01
v -2.400000000000e-01 0.000000000000e+00 -4.700000000000e-01
v -2.400000000000e-01 0.000000000000e+00 -5.000000000000e-01
v -2.200000000000e-01 0.000000000000e+00 -4.800000000000e-01
v -2.300000000000e-01 0.000000000000e+00 -4.800000000000e-01
v -2.400000000000e-01 0.000000000000e+00 -4.800000000000e-01
v -2.800000000000e-01 0.000000000000e+00 -4.900000000000e-01
v -2.500000000000e-01 0.000000000000e+00 -5.000000000000e-01
v -2.600000000000e-01 0.000000000000e+00 -5.000000000000e-01
v -2.700000000000e-01 0.000000000000e+00 -5.000000000000e-01
v -2.800000000000e-01 0.000000000000e+00 -5.000000000000e-01
v -2.800000000000e-01 0.000000000000e+00 -4.800000000000e-01
v -2.700000000000e-01 0.000000000000e+00 -4.900000000000e-01
v -2.600000000000e-01 0.000000000000e+00 -4.900000000000e-01
v -2.500000000000e-01 0.000000000000e+00 -4.900000000000e-01
v -2.700000000000e-01 0.000000000000e+00 -4.700000000000e-01
v -2.800000000000e-01 0.000000000000e+00 -4.700000000000e-01
v -2.500000000000e-01 0.000000000000e+00 -4.800000000000e-01
v -2.600000000000e-01 0.000000000000e+00 -4.800000000000e-01
v -2.700000000000e-01 0.000000000000e+00 -4.800000000000e-01
v -2.900000000000e-01 0.000000000000e+00 -4.400000000000e-01
v -2.600000000000e-01 0.000000000000e+00 -4.500000000000e-01
v -2.800000000000e-01 0.000000000000e+00 -4.600000000000e-01
v -2.700000000000e-01 0.000000000000e+00 -4.600000000000e-01
v -2.900000000000e-01 0.000000000000e+00 -4.300000000000e-01
v -2.600000000000e-01 0.000000000000e+00 -4.700000000000e-01
v -2.500000000000e-01 0.000000000000e+00 -4.700000000000e-01
v -2.900000000000e-01 0.000000000000e+00 -4.600000000000e-01
v -2.700000000000e-01 0.000000000000e+00 -4.500000000000e-01
v -2.800000000000e-01 0.000000000000e+00 -4.500000000000e-01
v -2.600000000000e-01 0.000000000000e+00 -4.600000000000e-01
v -2.500000000000e-01 0.000000000000e+00 -4.600000000000e-01
v -2.700000000000e-01 0.000000000000e+00 -4.400000000000e-01
v -2.800000000000e-01 0.000000000000e+00 -4.400000000000e-01
v -2.900000000000e-01 0.000000000000e+00 -4.500000000000e-01
v -2.300000000000e-01 0.000000000000e+00 -3.300000000000e-01
v -2.400000000000e-01 0.000000000000e+00 -3.300000000000e-01
v -2.500000000000e-01 0.000000000000e+00 -3.300000000000e-01
v -2.600000000000e-01 0.000000000000e+00 -3.300000000000e-01
v -2.400000000000e-01 0.000000000000e+00 -3.200000000000e-01
v -2.400000000000e-01 0.000000000000e+00 -3.500000000000e-01
v -2.500000000000e-01 0.000000000000e+00 -3.500000000000e-01
v -2.600000000000e-01 0.000000000000e+00 -3.500000000000e-01
v -2.600000000000e-01 0.000000000000e+00 -3.400000000000e-01
v -2.500000000000e-01 0.000000000000e+00 -3.400000000000e-01
v -2.400000000000e-01 0.000000000000e+00 -3.400000000000e-01
v -2.300000000000e-01 0.000000000000e+00 -3.400000000000e-01
v -2.500000000000e-01 0.000000000000e+00 -3.600000000000e-01
v -2.500000000000e-01 0.000000000000e+00 -3.200000000000e-01
v -2.600000000000e-01 0.000000000000e+00 -3.200000000000e-01
v -2.900000000000e-01 0.000000000000e+00 -3.600000000000e-01
v -2.800000000000e-01 0.000000000000e+00 -3.500000000000e-01
v -2.700000000000e-01 0.000000000000e+00 -3.500000000000e-01
v -2.700000000000e-01 0.000000000000e+00 -3.400000000000e-01
v -2.700000000000e-01 0.000000000000e+00 -3.200000000000e-01
v -2.800000000000e-01 0.000000000000e+00 -3.400000000000e-01
v -2.900000000000e-01 0.000000000000e+00 -3.400000000000e-01
v -2.900000000000e-01 0.000000000000e+00 -3.500000000000e-01
v -2.800000000000e-01 0.000000000000e+00 -3.600000000000e-01
v -2.800000000000e-01 0.000000000000e+00 -3.200000000000e-01
v -2.700000000000e-01 0.000000000000e+00 -3.600000000000e-01
v -2.900000000000e-01 0.000000000000e+00 -3.300000000000e-01
v -2.800000000000e-01 0.000000000000e+00 -3.300000000000e-01
v -2.700000000000e-01 0.000000000000e+00 -3.300000000000e-01
v -2.600000000000e-01 0.000000000000e+00 -3.600000000000e-01
v -1.800000000000e-01 0.000000000000e+00 -3.400000000000e-01
v -2.200000000000e-01 0.000000000000e+00 -3.400000000000e-01
v -2.100000000000e-01 0.000000000000e+00 -3.400000000000e-01
v -1.900000000000e-01 0.000000000000e+00 -3.400000000000e-01
v -2.000000000000e-01 0.000000000000e+00 -3.400000000000e-01
v -1.800000000000e-01 0.000000000000e+00 -3.600000000000e-01
v -2.200000000000e-01 0.000000000000e+00 -3.300000000000e-01
v -2.100000000000e-01 0.000000000000e+00 -3.300000000000e-01
v -2.300000000000e-01 0.000000000000e+00 -3.200000000000e-01
v -2.200000000000e-01 0.000000000000e+00 -3.200000000000e-01
v -2.100000000000e-01 0.000000000000e+00 -3.500000000000e-01
v -2.000000000000e-01 0.000000000000e+00 -3.300000000000e-01
v -1.900000000000e-01 0.000000000000e+00 -3.300000000000e-01
v -2.000000000000e-01 0.000000000000e+00 -3.500000000000e-01
v -1.900000000000e-01 0.000000000000e+00 -3.500000000000e-01
v -1.800000000000e-01 0.000000000000e+00 -3.500000000000e-01
v -1.700000000000e-01 0.000000000000e+00 -4.000000000000e-01
v -1.800000000000e-01 0.000000000000e+00 -4.000000000000e-01
v -1.900000000000e-01 0.000000000000e+00 -4.000000000000e-01
v -1.900000000000e-01 0.000000000000e+00 -3.700000000000e-01
v -2.000000000000e-01 0.000000000000e+00 -3.800000000000e-01
v -1.900000000000e-01 0.000000000000e+00 -3.800000000000e-01
v -1.800000000000e-01 0.000000000000e+00 -3.800000000000e-01
v -1.700000000000e-01 0.000000000000e+00 -3.800000000000e-01
v -1.700000000000e-01 0.000000000000e+00 -3.900000000000e-01
v -1.800000000000e-01 0.000000000000e+00 -3.900000000000e-01
v -1.900000000000e-01 0.000000000000e+00 -3.900000000000e-01
v -2.000000000000e-01 0.000000000000e+00 -3.900000000000e-01
v -1.900000000000e-01 0.000000000000e+00 -3.600000000000e-01
v -2.000000000000e-01 0.000000000000e+00 -3.600000000000e-01
v -2.000000000000e-01 0.000000000000e+00 -3.700000000000e-01
v -1.800000000000e-01 0.000000000000e+00 -3.700000000000e-01
v -2.200000000000e-01 0.000000000000e+00 -3.900000000000e-01
v -2.100000000000e-01 0.000000000000e+00 -3.900000000000e-01
v -2.400000000000e-01 0.000000000000e+00 -3.700000000000e-01
v -2.300000000000e-01 0.000000000000e+00 -3.700000000000e-01
v -2.300000000000e-01 0.000000000000e+00 -3.800000000000e-01
v -2.200000000000e-01 0.000000000000e+00 -3.800000000000e-01
v -2.100000000000e-01 0.000000000000e+00 -3.800000000000e-01
v -2.200000000000e-01 0.000000000000e+00 -3.700000000000e-01
v -2.100000000000e-01 0.000000000000e+00 -3.700000000000e-01
v -2.300000000000e-01 0.000000000000e+00 -3.500000000000e-01
v -2.200000000000e-01 0.000000000000e+00 -3.500000000000e-01
v -2.100000000000e-01 0.000000000000e+00 -3.600000000000e-01
v -2.200000000000e-01 0.000000000000e+00 -3.600000000000e-01
v -2.300000000000e-01 0.000000000000e+00 -3.600000000000e-01
v -2.400000000000e-01 0.000000000000e+00 -3.600000000000e-01
v -2.500000000000e-01 0.000000000000e+00 -2.400000000000e-01
v -2.600000000000e-01 0.000000000000e+00 -2.600000000000e-01
v -2.500000000000e-01 0.000000000000e+00 -2.600000000000e-01
v -2.700000000000e-01 0.000000000000e+00 -2.600000000000e-01
v -2.800000000000e-01 0.000000000000e+00 -2.500000000000e-01
v -2.700000000000e-01 0.000000000000e+00 -2.500000000000e-01
v -2.600000000000e-01 0.000000000000e+00 -2.500000000000e-01
v -2.800000000000e-01 0.000000000000e+00 -2.400000000000e-01
v -2.700000000000e-01 0.000000000000e+00 -2.400000000000e-01
v -2.600000000000e-01 0.000000000000e+00 -2.400000000000e-01
v -2.500000000000e-01 0.000000000000e+00 -2.500000000000e-01
v -2.500000000000e-01 0.000000000000e+00 -2.300000000000e-01
v -2.600000000000e-01 0.000000000000e+00 -2.300000000000e-01
v -2.800000000000e-01 0.000000000000e+00 -2.300000000000e-01
v -2.700000000000e-01 0.000000000000e+00 -2.300000000000e-01
v -2.400000000000e-01 0.000000000000e+00 -2.500000000000e-01
v -2.400000000000e-01 0.000000000000e+00 -2.300000000000e-01
v -2.400000000000e-01 0.000000000000e+00 -2.600000000000e-01
v -2.300000000000e-01 0.000000000000e+00 -2.600000000000e-01
v -2.200000000000e-01 0.000000000000e+00 -2.600000000000e-01
v -2.100000000000e-01 0.000000000000e+00 -2.600000000000e-01
v -2.300000000000e-01 0.000000000000e+00 -2.300000000000e-01
v -2.300000000000e-01 0.000000000000e+00 -2.700000000000e-01
v -2.200000000000e-01 0.000000000000e+00 -2.500000000000e-01
v -2.200000000000e-01 0.000000000000e+00 -2.700000000000e-01
v -2.100000000000e-01 0.000000000000e+00 -2.700000000000e-01
v -2.300000000000e-01 0.000000000000e+00 -2.500000000000e-01
v -2.400000000000e-01 0.000000000000e+00 -2.400000000000e-01
v -2.300000000000e-01 0.000000000000e+00 -2.400000000000e-01
v -2.200000000000e-01 0.000000000000e+00 -2.400000000000e-01
v -1.900000000000e-01 0.000000000000e+00 -3.200000000000e-01
v -2.200000000000e-01 0.000000000000e+00 -3.100000000000e-01
v -2.100000000000e-01 0.000000000000e+00 -3.100000000000e-01
v -2.000000000000e-01 0.000000000000e+00 -3.100000000000e-01
v -1.900000000000e-01 0.000000000000e+00 -3.100000000000e-01
v -2.000000000000e-01 0.000000000000e+00 -3.000000000000e-01
v -2.000000000000e-01 0.000000000000e+00 -3.200000000000e-01
v -2.100000000000e-01 0.000000000000e+00 -3.200000000000e-01
v -2.100000000000e-01 0.000000000000e+00 -3.000000000000e-01
v -2.200000000000e-01 0.000000000000e+00 -3.000000000000e-01
v -2.000000000000e-01 0.000000000000e+00 -2.900000000000e-01
v -2.100000000000e-01 0.000000000000e+00 -2.900000000000e-01
v -2.200000000000e-01 0.000000000000e+00 -2.900000000000e-01
v -2.200000000000e-01 0.000000000000e+00 -2.800000000000e-01
v -2.100000000000e-01 0.000000000000e+00 -2.800000000000e-01
v -2.800000000000e-01 0.000000000000e+00 -2.800000000000e-01
v -2.700000000000e-01 0.000000000000e+00 -2.800000000000e-01
v -2.700000000000e-01 0.000000000000e+00 -2.700000000000e-01
v -2.600000000000e-01 0.000000000000e+00 -2.900000000000e-01
v -2.700000000000e-01 0.000000000000e+00 -2.900000000000e-01
v -2.800000000000e-01 0.000000000000e+00 -2.900000000000e-01
v -2.800000000000e-01 0.000000000000e+00 -3.100000000000e-01
v -2.700000000000e-01 0.000000000000e+00 -3.100000000000e-01
v -2.600000000000e-01 0.000000000000e+00 -3.100000000000e-01
v -2.500000000000e-01 0.000000000000e+00 -3.100000000000e-01
v -2.800000000000e-01 0.000000000000e+00 -3.000000000000e-01
v -2.700000000000e-01 0.000000000000e+00 -3.000000000000e-01
v -2.600000000000e-01 0.000000000000e+00 -3.000000000000e-01
v -2.800000000000e-01 0.000000000000e+00 -2.600000000000e-01
v -2.800000000000e-01 0.000000000000e+00 -2.700000000000e-01
v -2.300000000000e-01 0.000000000000e+00 -3.000000000000e-01
v -2.400000000000e-01 0.000000000000e+00 -3.000000000000e-01
v -2.500000000000e-01 0.000000000000e+00 -3.000000000000e-01
v -2.400000000000e-01 0.000000000000e+00 -2.700000000000e-01
v -2.300000000000e-01 0.000000000000e+00 -2.800000000000e-01
v -2.500000000000e-01 0.000000000000e+00 -2.900000000000e-01
v -2.300000000000e-01 0.000000000000e+00 -3.100000000000e-01
v -2.400000000000e-01 0.000000000000e+00 -3.100000000000e-01
v -2.500000000000e-01 0.000000000000e+00 -2.700000000000e-01
v -2.300000000000e-01 0.000000000000e+00 -2.900000000000e-01
v -2.400000000000e-01 0.000000000000e+00 -2.800000000000e-01
v -2.500000000000e-01 0.000000000000e+00 -2.800000000000e-01
v -2.600000000000e-01 0.000000000000e+00 -2.800000000000e-01
v -2.600000000000e-01 0.000000000000e+00 -2.700000000000e-01
v -2.400000000000e-01 0.000000000000e+00 -2.900000000000e-01
v -1.200000000000e-01 0.000000000000e+00 -3.400000000000e-01
v -1.100000000000e-01 0.000000000000e+00 -3.400000000000e-01
v -1.300000000000e-01 0.000000000000e+00 -3.400000000000e-01
v -1.000000000000e-01 0.000000000000e+00 -3.400000000000e-01
v -1.200000000000e-01 0.000000000000e+00 -3.600000000000e-01
v -1.100000000000e-01 0.000000000000e+00 -3.600000000000e-01
v -9.000000000000e-02 0.000000000000e+00 -3.600000000000e-01
v -1.000000000000e-01 0.000000000000e+00 -3.600000000000e-01
v -1.200000000000e-01 0.000000000000e+00 -3.300000000000e-01
v -1.100000000000e-01 0.000000000000e+00 -3.300000000000e-01
v -1.300000000000e-01 0.000000000000e+00 -3.500000000000e-01
v -1.200000000000e-01 0.000000000000e+00 -3.500000000000e-01
v -1.100000000000e-01 0.000000000000e+00 -3.500000000000e-01
v -1.300000000000e-01 0.000000000000e+00 -3.300000000000e-01
v -1.000000000000e-01 0.000000000000e+00 -3.500000000000e-01
v -9.000000000000e-02 0.000000000000e+00 -3.500000000000e-01
v -8.000000000000e-02 0.000000000000e+00 -3.800000000000e-01
v -1.200000000000e-01 0.000000000000e+00 -3.800000000000e-01
v -9.000000000000e-02 0.000000000000e+00 -3.700000000000e-01
v -1.100000000000e-01 0.000000000000e+00 -3.800000000000e-01
v -1.000000000000e-01 0.000000000000e+00 -3.800000000000e-01
v -9.000000000000e-02 0.000000000000e+00 -3.800000000000e-01
v -1.200000000000e-01 0.000000000000e+00 -3.700000000000e-01
v -1.100000000000e-01 0.000000000000e+00 -3.700000000000e-01
v -8.000000000000e-02 0.000000000000e+00 -3.700000000000e-01
v -1.000000000000e-01 0.000000000000e+00 -3.700000000000e-01
v -8.000000000000e-02 0.000000000000e+00 -3.900000000000e-01
v -9.000000000000e-02 0.000000000000e+00 -3.900000000000e-01
v -1.000000000000e-01 0.000000000000e+00 -3.900000000000e-01
v -1.100000000000e-01 0.000000000000e+00 -3.900000000000e-01
v -1.700000000000e-01 0.000000000000e+00 -3.200000000000e-01
v -1.400000000000e-01 0.000000000000e+00 -3.300000000000e-01
v -1.500000000000e-01 0.000000000000e+00 -3.100000000000e-01
v -1.400000000000e-01 0.000000000000e+00 -3.200000000000e-01
v -1.500000000000e-01 0.000000000000e+00 -3.200000000000e-01
v -1.600000000000e-01 0.000000000000e+00 -3.200000000000e-01
v -1.500000000000e-01 0.000000000000e+00 -3.300000000000e-01
v -1.400000000000e-01 0.000000000000e+00 -3.400000000000e-01
v -1.500000000000e-01 0.000000000000e+00 -3.400000000000e-01
v -1.600000000000e-01 0.000000000000e+00 -3.400000000000e-01
v -1.700000000000e-01 0.000000000000e+00 -3.400000000000e-01
v -1.600000000000e-01 0.000000000000e+00 -3.300000000000e-01
v -1.700000000000e-01 0.000000000000e+00 -3.300000000000e-01
v -1.800000000000e-01 0.000000000000e+00 -3.300000000000e-01
v -1.800000000000e-01 0.000000000000e+00 -3.200000000000e-01
v -1.300000000000e-01 0.000000000000e+00 -4.100000000000e-01
v -1.300000000000e-01 0.000000000000e+00 -4.000000000000e-01
v -1.400000000000e-01 0.000000000000e+00 -4.000000000000e-01
v -1.200000000000e-01 0.000000000000e+00 -4.000000000000e-01
v -1.300000000000e-01 0.000000000000e+00 -3.800000000000e-01
v -1.400000000000e-01 0.000000000000e+00 -3.800000000000e-01
v -1.600000000000e-01 0.000000000000e+00 -3.900000000000e-01
v -1.200000000000e-01 0.000000000000e+00 -3.900000000000e-01
v -1.500000000000e-01 0.000000000000e+00 -4.100000000000e-01
v -1.400000000000e-01 0.000000000000e+00 -4.100000000000e-01
v -1.200000000000e-01 0.000000000000e+00 -4.100000000000e-01
v -1.300000000000e-01 0.000000000000e+00 -3.900000000000e-01
v -1.400000000000e-01 0.000000000000e+00 -3.900000000000e-01
v -1.500000000000e-01 0.000000000000e+00 -3.900000000000e-01
v -1.500000000000e-01 0.000000000000e+00 -4.000000000000e-01
v -1.600000000000e-01 0.000000000000e+00 -4.000000000000e-01
v -1.500000000000e-01 0.000000000000e+00 -3.600000000000e-01
v -1.700000000000e-01 0.000000000000e+00 -3.700000000000e-01
v -1.600000000000e-01 0.000000000000e+00 -3.700000000000e-01
v -1.500000000000e-01 0.000000000000e+00 -3.700000000000e-01
v -1.500000000000e-01 0.000000000000e+00 -3.800000000000e-01
v -1.400000000000e-01 0.000000000000e+00 -3.700000000000e-01
v -1.300000000000e-01 0.000000000000e+00 -3.600000000000e-01
v -1.400000000000e-01 0.000000000000e+00 -3.600000000000e-01
v -1.600000000000e-01 0.000000000000e+00 -3.600000000000e-01
v -1.700000000000e-01 0.000000000000e+00 -3.600000000000e-01
v -1.300000000000e-01 0.000000000000e+00 -3.700000000000e-01
v -1.700000000000e-01 0.000000000000e+00 -3.500000000000e-01
v -1.600000000000e-01 0.000000000000e+00 -3.500000000000e-01
v -1.500000000000e-01 0.000000000000e+00 -3.500000000000e-01
v -1.400000000000e-01 0.000000000000e+00 -3.500000000000e-01
v -1.600000000000e-01 0.000000000000e+00 -3.800000000000e-01
v -1.300000000000e-01 0.000000000000e+00 -3.100000000000e-01
v -1.100000000000e-01 0.000000000000e+00 -3.000000000000e-01
v -1.200000000000e-01 0.000000000000e+00 -3.100000000000e-01
v -1.200000000000e-01 0.000000000000e+00 -3.000000000000e-01
v -1.300000000000e-01 0.000000000000e+00 -3.000000000000e-01
v -1.400000000000e-01 0.000000000000e+00 -3.000000000000e-01
v -1.400000000000e-01 0.000000000000e+00 -2.800000000000e-01
v -1.100000000000e-01 0.000000000000e+00 -3.100000000000e-01
v -1.400000000000e-01 0.000000000000e+00 -3.100000000000e-01
v -1.300000000000e-01 0.000000000000e+00 -3.200000000000e-01
v -1.200000000000e-01 0.000000000000e+00 -3.200000000000e-01
v -1.100000000000e-01 0.000000000000e+00 -3.200000000000e-01
v -1.300000000000e-01 0.000000000000e+00 -2.800000000000e-01
v -1.200000000000e-01 0.000000000000e+00 -2.900000000000e-01
v -1.300000000000e-01 0.000000000000e+00 -2.900000000000e-01
v -1.400000000000e-01 0.000000000000e+00 -2.900000000000e-01
v -1.100000000000e-01 0.000000000000e+00 -2.800000000000e-01
v -1.300000000000e-01 0.000000000000e+00 -2.700000000000e-01
v -1.300000000000e-01 0.000000000000e+00 -2.300000000000e-01
v -1.200000000000e-01 0.000000000000e+00 -2.700000000000e-01
v -1.200000000000e-01 0.000000000000e+00 -2.400000000000e-01
v -1.300000000000e-01 0.000000000000e+00 -2.400000000000e-01
v -1.200000000000e-01 0.000000000000e+00 -2.500000000000e-01
v -1.300000000000e-01 0.000000000000e+00 -2.500000000000e-01
v -1.100000000000e-01 0.000000000000e+00 -2.700000000000e-01
v -1.200000000000e-01 0.000000000000e+00 -2.300000000000e-01
v -1.300000000000e-01 0.000000000000e+00 -2.600000000000e-01
v -1.200000000000e-01 0.000000000000e+00 -2.600000000000e-01
v -1.100000000000e-01 0.000000000000e+00 -2.900000000000e-01
v -1.200000000000e-01 0.000000000000e+00 -2.800000000000e-01
v -1.500000000000e-01 0.000000000000e+00 -2.600000000000e-01
v -1.500000000000e-01 0.000000000000e+00 -2.200000000000e-01
v -1.500000000000e-01 0.000000000000e+00 -2.400000000000e-01
v -1.600000000000e-01 0.000000000000e+00 -2.400000000000e-01
v -1.400000000000e-01 0.000000000000e+00 -2.700000000000e-01
v -1.700000000000e-01 0.000000000000e+00 -2.400000000000e-01
v -1.400000000000e-01 0.000000000000e+00 -2.400000000000e-01
v -1.400000000000e-01 0.000000000000e+00 -2.300000000000e-01
v -1.400000000000e-01 0.000000000000e+00 -2.500000000000e-01
v -1.500000000000e-01 0.000000000000e+00 -2.500000000000e-01
v -1.600000000000e-01 0.000000000000e+00 -2.500000000000e-01
v -1.500000000000e-01 0.000000000000e+00 -2.300000000000e-01
v -1.600000000000e-01 0.000000000000e+00 -2.300000000000e-01
v -1.700000000000e-01 0.000000000000e+00 -2.300000000000e-01
v -1.400000000000e-01 0.000000000000e+00 -2.600000000000e-01
v -2.000000000000e-01 0.000000000000e+00 -2.600000000000e-01
v -1.900000000000e-01 0.000000000000e+00 -2.600000000000e-01
v -1.800000000000e-01 0.000000000000e+00 -2.300000000000e-01
v -1.900000000000e-01 0.000000000000e+00 -2.300000000000e-01
v -2.000000000000e-01 0.000000000000e+00 -2.300000000000e-01
v -2.100000000000e-01 0.000000000000e+00 -2.300000000000e-01
v -2.200000000000e-01 0.000000000000e+00 -2.300000000000e-01
v -1.900000000000e-01 0.000000000000e+00 -2.400000000000e-01
v -2.000000000000e-01 0.000000000000e+00 -2.400000000000e-01
v -2.100000000000e-01 0.000000000000e+00 -2.400000000000e-01
v -1.800000000000e-01 0.000000000000e+00 -2.400000000000e-01
v -2.100000000000e-01 0.000000000000e+00 -2.500000000000e-01
v -2.000000000000e-01 0.000000000000e+00 -2.500000000000e-01
v -1.900000000000e-01 0.000000000000e+00 -2.500000000000e-01
v -1.800000000000e-01 0.000000000000e+00 -2.500000000000e-01
v -1.600000000000e-01 0.000000000000e+00 -3.100000000000e-01
v -1.700000000000e-01 0.000000000000e+00 -3.100000000000e-01
v -1.800000000000e-01 0.000000000000e+00 -3.100000000000e-01
v -2.000000000000e-01 0.000000000000e+00 -2.700000000000e-01
v -1.600000000000e-01 0.000000000000e+00 -3.000000000000e-01
v -1.700000000000e-01 0.000000000000e+00 -3.000000000000e-01
v -1.800000000000e-01 0.000000000000e+00 -3.000000000000e-01
v -1.900000000000e-01 0.000000000000e+00 -3.000000000000e-01
v -1.700000000000e-01 0.000000000000e+00 -2.900000000000e-01
v -1.800000000000e-01 0.000000000000e+00 -2.900000000000e-01
v -1.900000000000e-01 0.000000000000e+00 -2.700000000000e-01
v -2.000000000000e-01 0.000000000000e+00 -2.800000000000e-01
v -1.900000000000e-01 0.000000000000e+00 -2.800000000000e-01
v -1.800000000000e-01 0.000000000000e+00 -2.800000000000e-01
v -1.900000000000e-01 0.000000000000e+00 -2.900000000000e-01
v -1.700000000000e-01 0.000000000000e+00 -2.800000000000e-01
v -1.800000000000e-01 0.000000000000e+00 -2.700000000000e-01
v -1.600000000000e-01 0.000000000000e+00 -2.800000000000e-01
v -1.600000000000e-01 0.000000000000e+00 -2.900000000000e-01
v -1.500000000000e-01 0.000000000000e+00 -3.000000000000e-01
v -1.500000000000e-01 0.000000000000e+00 -2.800000000000e-01
v -1.700000000000e-01 0.000000000000e+00 -2.700000000000e-01
v -1.600000000000e-01 0.000000000000e+00 -2.700000000000e-01
v -1.500000000000e-01 0.000000000000e+00 -2.700000000000e-01
v -1.700000000000e-01 0.000000000000e+00 -2.500000000000e-01
v -1.600000000000e-01 0.000000000000e+00 -2.600000000000e-01
v -1.800000000000e-01 0.000000000000e+00 -2.600000000000e-01
v -1.700000000000e-01 0.000000000000e+00 -2.600000000000e-01
v -1.500000000000e-01 0.000000000000e+00 -2.900000000000e-01
v -3.200000000000e-01 0.000000000000e+00 -5.000000000000e-01
v -3.500000000000e-01 0.000000000000e+00 -4.800000000000e-01
v -3.200000000000e-01 0.000000000000e+00 -4.900000000000e-01
v -3.300000000000e-01 0.000000000000e+00 -4.900000000000e-01
v -3.400000000000e-01 0.000000000000e+00 -4.900000000000e-01
v -3.500000000000e-01 0.000000000000e+00 -4.900000000000e-01
v -3.600000000000e-01 0.000000000000e+00 -4.900000000000e-01
v -3.100000000000e-01 0.000000000000e+00 -5.000000000000e-01
v -3.400000000000e-01 0.000000000000e+00 -5.000000000000e-01
v -3.500000000000e-01 0.000000000000e+00 -5.000000000000e-01
v -3.300000000000e-01 0.000000000000e+00 -4.800000000000e-01
v -3.400000000000e-01 0.000000000000e+00 -4.800000000000e-01
v -3.300000000000e-01 0.000000000000e+00 -5.000000000000e-01
v -3.400000000000e-01 0.000000000000e+00 -4.700000000000e-01
v -3.500000000000e-01 0.000000000000e+00 -4.700000000000e-01
v -3.200000000000e-01 0.000000000000e+00 -4.600000000000e-01
v -3.000000000000e-01 0.000000000000e+00 -5.000000000000e-01
v -2.900000000000e-01 0.000000000000e+00 -5.000000000000e-01
v -3.000000000000e-01 0.000000000000e+00 -4.800000000000e-01
v -2.900000000000e-01 0.000000000000e+00 -4.800000000000e-01
v -3.200000000000e-01 0.000000000000e+00 -4.700000000000e-01
v -3.100000000000e-01 0.000000000000e+00 -4.700000000000e-01
v -3.100000000000e-01 0.000000000000e+00 -4.600000000000e-01
v -3.000000000000e-01 0.000000000000e+00 -4.600000000000e-01
v -2.900000000000e-01 0.000000000000e+00 -4.700000000000e-01
v -3.100000000000e-01 0.000000000000e+00 -4.900000000000e-01
v -3.000000000000e-01 0.000000000000e+00 -4.900000000000e-01
v -2.900000000000e-01 0.000000000000e+00 -4.900000000000e-01
v -3.000000000000e-01 0.000000000000e+00 -4.700000000000e-01
v -3.200000000000e-01 0.000000000000e+00 -4.800000000000e-01
v -3.100000000000e-01 0.000000000000e+00 -4.800000000000e-01
v -3.700000000000e-01 0.000000000000e+00 -4.200000000000e-01
v -3.500000000000e-01 0.000000000000e+00 -4.600000000000e-01
v -3.400000000000e-01 0.000000000000e+00 -4.600000000000e-01
v -3.300000000000e-01 0.000000000000e+00 -4.600000000000e-01
v -3.600000000000e-01 0.000000000000e+00 -4.200000000000e-01
v -3.300000000000e-01 0.000000000000e+00 -4.700000000000e-01
v -3.600000000000e-01 0.000000000000e+00 -4.400000000000e-01
v -3.500000000000e-01 0.000000000000e+00 -4.400000000000e-01
v -3.400000000000e-01 0.000000000000e+00 -4.400000000000e-01
v -3.700000000000e-01 0.000000000000e+00 -4.300000000000e-01
v -3.600000000000e-01 0.000000000000e+00 -4.300000000000e-01
v -3.500000000000e-01 0.000000000000e+00 -4.300000000000e-01
v -3.300000000000e-01 0.000000000000e+00 -4.500000000000e-01
v -3.400000000000e-01 0.000000000000e+00 -4.500000000000e-01
v -3.500000000000e-01 0.000000000000e+00 -4.500000000000e-01
v -3.100000000000e-01 0.000000000000e+00 -4.400000000000e-01
v -3.200000000000e-01 0.000000000000e+00 -4.200000000000e-01
v -3.000000000000e-01 0.000000000000e+00 -4.400000000000e-01
v -3.200000000000e-01 0.000000000000e+00 -4.300000000000e-01
v -3.100000000000e-01 0.000000000000e+00 -4.300000000000e-01
v -3.000000000000e-01 0.000000000000e+00 -4.300000000000e-01
v -3.200000000000e-01 0.000000000000e+00 -4.000000000000e-01
v -3.200000000000e-01 0.000000000000e+00 -4.400000000000e-01
v -3.100000000000e-01 0.000000000000e+00 -4.100000000000e-01
v -3.000000000000e-01 0.000000000000e+00 -4.200000000000e-01
v -3.200000000000e-01 0.000000000000e+00 -4.100000000000e-01
v -3.000000000000e-01 0.000000000000e+00 -4.500000000000e-01
v -3.100000000000e-01 0.000000000000e+00 -4.500000000000e-01
v -3.200000000000e-01 0.000000000000e+00 -4.500000000000e-01
v -3.100000000000e-01 0.000000000000e+00 -4.200000000000e-01
v -3.500000000000e-01 0.000000000000e+00 -4.100000000000e-01
v -3.300000000000e-01 0.000000000000e+00 -4.100000000000e-01
v -3.500000000000e-01 0.000000000000e+00 -4.200000000000e-01
v -3.400000000000e-01 0.000000000000e+00 -4.200000000000e-01
v -3.600000000000e-01 0.000000000000e+00 -4.100000000000e-01
v -3.400000000000e-01 0.000000000000e+00 -4.100000000000e-01
v -3.300000000000e-01 0.000000000000e+00 -4.400000000000e-01
v -3.300000000000e-01 0.000000000000e+00 -4.200000000000e-01
v -3.400000000000e-01 0.000000000000e+00 -4.300000000000e-01
v -3.300000000000e-01 0.000000000000e+00 -4.300000000000e-01
v -3.600000000000e-01 0.000000000000e+00 -4.000000000000e-01
v -3.500000000000e-01 0.000000000000e+00 -4.000000000000e-01
v -3.400000000000e-01 0.000000000000e+00 -4.000000000000e-01
v -3.300000000000e-01 0.000000000000e+00 -4.000000000000e-01
v -3.800000000000e-01 0.000000000000e+00 -3.800000000000e-01
v -3.700000000000e-01 0.000000000000e+00 -4.100000000000e-01
v -3.800000000000e-01 0.000000000000e+00 -4.100000000000e-01
v -3.900000000000e-01 0.000000000000e+00 -4.100000000000e-01
v -4.000000000000e-01 0.000000000000e+00 -4.100000000000e-01
v -4.100000000000e-01 0.000000000000e+00 -4.000000000000e-01
v -4.100000000000e-01 0.000000000000e+00 -3.900000000000e-01
v -3.800000000000e-01 0.000000000000e+00 -3.900000000000e-01
v -3.900000000000e-01 0.000000000000e+00 -4.200000000000e-01
v -3.800000000000e-01 0.000000000000e+00 -4.200000000000e-01
v -3.700000000000e-01 0.000000000000e+00 -3.900000000000e-01
v -4.000000000000e-01 0.000000000000e+00 -4.000000000000e-01
v -3.900000000000e-01 0.000000000000e+00 -4.000000000000e-01
v -3.800000000000e-01 0.000000000000e+00 -4.000000000000e-01
v -3.700000000000e-01 0.000000000000e+00 -4.000000000000e-01
v -4.200000000000e-01 0.000000000000e+00 -3.700000000000e-01
v -4.100000000000e-01 0.000000000000e+00 -3.700000000000e-01
v -3.900000000000e-01 0.000000000000e+00 -3.900000000000e-01
v -3.900000000000e-01 0.000000000000e+00 -3.800000000000e-01
v -4.000000000000e-01 0.000000000000e+00 -3.900000000000e-01
v -4.100000000000e-01 0.000000000000e+00 -3.800000000000e-01
v -4.000000000000e-01 0.000000000000e+00 -3.800000000000e-01
v -4.200000000000e-01 0.000000000000e+00 -3.600000000000e-01
v -4.100000000000e-01 0.000000000000e+00 -3.600000000000e-01
v -4.000000000000e-01 0.000000000000e+00 -3.600000000000e-01
v -4.200000000000e-01 0.000000000000e+00 -3.500000000000e-01
v -4.100000000000e-01 0.000000000000e+00 -3.500000000000e-01
v -4.200000000000e-01 0.000000000000e+00 -3.400000000000e-01
v -3.900000000000e-01 0.000000000000e+00 -3.700000000000e-01
v -4.000000000000e-01 0.000000000000e+00 -3.700000000000e-01
v -4.000000000000e-01 0.000000000000e+00 -5.000000000000e-01
v -3.900000000000e-01 0.000000000000e+00 -4.800000000000e-01
v -4.000000000000e-01 0.000000000000e+00 -4.800000000000e-01
v -3.800000000000e-01 0.000000000000e+00 -4.900000000000e-01
v -3.700000000000e-01 0.000000000000e+00 -4.900000000000e-01
v -3.800000000000e-01 0.000000000000e+00 -4.800000000000e-01
v -4.100000000000e-01 0.000000000000e+00 -4.700000000000e-01
v -3.900000000000e-01 0.000000000000e+00 -4.700000000000e-01
v -3.600000000000e-01 0.000000000000e+00 -5.000000000000e-01
v -3.700000000000e-01 0.000000000000e+00 -5.000000000000e-01
v -3.800000000000e-01 0.000000000000e+00 -5.000000000000e-01
v -3.900000000000e-01 0.000000000000e+00 -4.900000000000e-01
v -4.000000000000e-01 0.000000000000e+00 -4.900000000000e-01
v -3.900000000000e-01 0.000000000000e+00 -5.000000000000e-01
v -4.000000000000e-01 0.000000000000e+00 -4.700000000000e-01
v -4.100000000000e-01 0.000000000000e+00 -4.100000000000e-01
v -3.900000000000e-01 0.000000000000e+00 -4.400000000000e-01
v -4.000000000000e-01 0.000000000000e+00 -4.400000000000e-01
v -4.100000000000e-01 0.000000000000e+00 -4.400000000000e-01
v -4.100000000000e-01 0.000000000000e+00 -4.600000000000e-01
v -4.000000000000e-01 0.000000000000e+00 -4.600000000000e-01
v -3.900000000000e-01 0.000000000000e+00 -4.600000000000e-01
v -4.100000000000e-01 0.000000000000e+00 -4.500000000000e-01
v -4.000000000000e-01 0.000000000000e+00 -4.500000000000e-01
v -3.900000000000e-01 0.000000000000e+00 -4.500000000000e-01
v -4.100000000000e-01 0.000000000000e+00 -4.300000000000e-01
v -4.000000000000e-01 0.000000000000e+00 -4.300000000000e-01
v -3.900000000000e-01 0.000000000000e+00 -4.300000000000e-01
v -4.100000000000e-01 0.000000000000e+00 -4.200000000000e-01
v -4.000000000000e-01 0.000000000000e+00 -4.200000000000e-01
v -3.800000000000e-01 0.000000000000e+00 -4.500000000000e-01
v -3.600000000000e-01 0.000000000000e+00 -4.700000000000e-01
v -3.800000000000e-01 0.000000000000e+00 -4.600000000000e-01
v -3.700000000000e-01 0.000000000000e+00 -4.600000000000e-01
v -3.600000000000e-01 0.000000000000e+00 -4.600000000000e-01
v -3.700000000000e-01 0.000000000000e+00 -4.400000000000e-01
v -3.800000000000e-01 0.000000000000e+00 -4.700000000000e-01
v -3.700000000000e-01 0.000000000000e+00 -4.700000000000e-01
v -3.600000000000e-01 0.000000000000e+00 -4.800000000000e-01
v -3.700000000000e-01 0.000000000000e+00 -4.800000000000e-01
v -3.700000000000e-01 0.000000000000e+00 -4.500000000000e-01
v -3.600000000000e-01 0.000000000000e+00 -4.500000000000e-01
v -3.800000000000e-01 0.000000000000e+00 -4.300000000000e-01
v -3.800000000000e-01 0.000000000000e+00 -4.400000000000e-01
v -4.700000000000e-01 0.000000000000e+00 -4.900000000000e-01
v -4.600000000000e-01 0.000000000000e+00 -5.000000000000e-01
v -4.700000000000e-01 0.000000000000e+00 -5.000000000000e-01
v -4.500000000000e-01 0.000000000000e+00 -5.000000000000e-01
v -4.800000000000e-01 0.000000000000e+00 -4.700000000000e-01
v -4.800000000000e-01 0.000000000000e+00 -5.000000000000e-01
v -4.800000000000e-01 0.000000000000e+00 -4.600000000000e-01
v -4.700000000000e-01 0.000000000000e+00 -4.700000000000e-01
v -4.500000000000e-01 0.000000000000e+00 -4.900000000000e-01
v -4.600000000000e-01 0.000000000000e+00 -4.900000000000e-01
v -4.800000000000e-01 0.000000000000e+00 -4.900000000000e-01
v -4.600000000000e-01 0.000000000000e+00 -4.800000000000e-01
v -4.700000000000e-01 0.000000000000e+00 -4.800000000000e-01
v -4.800000000000e-01 0.000000000000e+00 -4.800000000000e-01
v -4.900000000000e-01 0.000000000000e+00 -5.000000000000e-01
v -5.000000000000e-01 0.000000000000e+00 -5.000000000000e-01
v -4.900000000000e-01 0.000000000000e+00 -4.400000000000e-01
v -5.000000000000e-01 0.000000000000e+00 -4.400000000000e-01
v -5.000000000000e-01 0.000000000000e+00 -4.300000000000e-01
v -4.900000000000e-01 0.000000000000e+00 -4.500000000000e-01
v -5.000000000000e-01 0.000000000000e+00 -4.500000000000e-01
v -4.900000000000e-01 0.000000000000e+00 -4.600000000000e-01
v -5.000000000000e-01 0.000000000000e+00 -4.600000000000e-01
v -4.900000000000e-01 0.000000000000e+00 -4.700000000000e-01
v -5.000000000000e-01 0.000000000000e+00 -4.700000000000e-01
v -4.900000000000e-01 0.000000000000e+00 -4.800000000000e-01
v -5.000000000000e-01 0.000000000000e+00 -4.800000000000e-01
v -5.000000000000e-01 0.000000000000e+00 -4.900000000000e-01
v -4.900000000000e-01 0.000000000000e+00 -4.900000000000e-01
v -4.300000000000e-01 0.000000000000e+00 -4.700000000000e-01
v -4.200000000000e-01 0.000000000000e+00 -5.000000000000e-01
v -4.100000000000e-01 0.000000000000e+00 -5.000000000000e-01
v -4.100000000000e-01 0.000000000000e+00 -4.900000000000e-01
v -4.200000000000e-01 0.000000000000e+00 -4.700000000000e-01
v -4.300000000000e-01 0.000000000000e+00 -5.000000000000e-01
v -4.400000000000e-01 0.000000000000e+00 -5.000000000000e-01
v -4.400000000000e-01 0.000000000000e+00 -4.900000000000e-01
v -4.300000000000e-01 0.000000000000e+00 -4.900000000000e-01
v -4.100000000000e-01 0.000000000000e+00 -4.800000000000e-01
v -4.200000000000e-01 0.000000000000e+00 -4.800000000000e-01
v -4.300000000000e-01 0.000000000000e+00 -4.800000000000e-01
v -4.400000000000e-01 0.000000000000e+00 -4.800000000000e-01
v -4.500000000000e-01 0.000000000000e+00 -4.800000000000e-01
v -4.200000000000e-01 0.000000000000e+00 -4.900000000000e-01
v -4.800000000000e-01 0.000000000000e+00 -4.400000000000e-01
v -4.700000000000e-01 0.000000000000e+00 -4.400000000000e-01
v -4.600000000000e-01 0.000000000000e+00 -4.600000000000e-01
v -4.900000000000e-01 0.000000000000e+00 -4.300000000000e-01
v -4.800000000000e-01 0.000000000000e+00 -4.300000000000e-01
v -4.700000000000e-01 0.000000000000e+00 -4.300000000000e-01
v -4.700000000000e-01 0.000000000000e+00 -4.500000000000e-01
v -4.800000000000e-01 0.000000000000e+00 -4.500000000000e-01
v -5.000000000000e-01 0.000000000000e+00 -4.200000000000e-01
v -4.900000000000e-01 0.000000000000e+00 -4.200000000000e-01
v -4.700000000000e-01 0.000000000000e+00 -4.600000000000e-01
v -4.800000000000e-01 0.000000000000e+00 -4.200000000000e-01
v -4.700000000000e-01 0.000000000000e+00 -4.200000000000e-01
v -5.000000000000e-01 0.000000000000e+00 -4.100000000000e-01
v -4.600000000000e-01 0.000000000000e+00 -4.700000000000e-01
v -4.600000000000e-01 0.000000000000e+00 -4.300000000000e-01
v -4.500000000000e-01 0.000000000000e+00 -4.300000000000e-01
v -4.400000000000e-01 0.000000000000e+00 -4.400000000000e-01
v -4.600000000000e-01 0.000000000000e+00 -4.400000000000e-01
v -4.500000000000e-01 0.000000000000e+00 -4.400000000000e-01
v -4.600000000000e-01 0.000000000000e+00 -4.500000000000e-01
v -4.500000000000e-01 0.000000000000e+00 -4.600000000000e-01
v -4.400000000000e-01 0.000000000000e+00 -4.600000000000e-01
v -4.400000000000e-01 0.000000000000e+00 -4.700000000000e-01
v -4.300000000000e-01 0.000000000000e+00 -4.600000000000e-01
v -4.200000000000e-01 0.000000000000e+00 -4.600000000000e-01
v -4.500000000000e-01 0.000000000000e+00 -4.700000000000e-01
v -4.500000000000e-01 0.000000000000e+00 -4.500000000000e-01
v -4.200000000000e-01 0.000000000000e+00 -4.500000000000e-01
v -4.400000000000e-01 0.000000000000e+00 -4.500000000000e-01
v -4.300000000000e-01 0.000000000000e+00 -4.500000000000e-01
v -4.900000000000e-01 0.000000000000e+00 -3.300000000000e-01
v -4.800000000000e-01 0.000000000000e+00 -3.400000000000e-01
v -4.900000000000e-01 0.000000000000e+00 -3.400000000000e-01
v -5.000000000000e-01 0.000000000000e+00 -3.400000000000e-01
v -5.000000000000e-01 0.000000000000e+00 -3.300000000000e-01
v -5.000000000000e-01 0.000000000000e+00 -3.600000000000e-01
v -4.900000000000e-01 0.000000000000e+00 -3.600000000000e-01
v -4.800000000000e-01 0.000000000000e+00 -3.700000000000e-01
v -4.900000000000e-01 0.000000000000e+00 -3.700000000000e-01
v -4.800000000000e-01 0.000000000000e+00 -3.600000000000e-01
v -5.000000000000e-01 0.000000000000e+00 -3.100000000000e-01
v -4.900000000000e-01 0.000000000000e+00 -3.200000000000e-01
v -5.000000000000e-01 0.000000000000e+00 -3.200000000000e-01
v -4.900000000000e-01 0.000000000000e+00 -3.500000000000e-01
v -5.000000000000e-01 0.000000000000e+00 -3.500000000000e-01
v -4.800000000000e-01 0.000000000000e+00 -3.500000000000e-01
v -4.500000000000e-01 0.000000000000e+00 -3.200000000000e-01
v -4.700000000000e-01 0.000000000000e+00 -3.300000000000e-01
v -4.800000000000e-01 0.000000000000e+00 -3.300000000000e-01
v -4.600000000000e-01 0.000000000000e+00 -3.300000000000e-01
v -4.700000000000e-01 0.000000000000e+00 -3.400000000000e-01
v -4.700000000000e-01 0.000000000000e+00 -3.200000000000e-01
v -4.600000000000e-01 0.000000000000e+00 -3.200000000000e-01
v -4.800000000000e-01 0.000000000000e+00 -3.200000000000e-01
v -4.600000000000e-01 0.000000000000e+00 -3.400000000000e-01
v -4.500000000000e-01 0.000000000000e+00 -3.400000000000e-01
v -4.500000000000e-01 0.000000000000e+00 -3.300000000000e-01
v -4.400000000000e-01 0.000000000000e+00 -3.300000000000e-01
v -4.400000000000e-01 0.000000000000e+00 -3.400000000000e-01
v -4.300000000000e-01 0.000000000000e+00 -3.400000000000e-01
v -4.300000000000e-01 0.000000000000e+00 -3.500000000000e-01
v -4.700000000000e-01 0.000000000000e+00 -3.500000000000e-01
v -4.700000000000e-01 0.000000000000e+00 -3.700000000000e-01
v -4.400000000000e-01 0.000000000000e+00 -3.500000000000e-01
v -4.600000000000e-01 0.000000000000e+00 -3.700000000000e-01
v -4.500000000000e-01 0.000000000000e+00 -3.700000000000e-01
v -4.400000000000e-01 0.000000000000e+00 -3.700000000000e-01
v -4.300000000000e-01 0.000000000000e+00 -3.700000000000e-01
v -4.600000000000e-01 0.000000000000e+00 -3.500000000000e-01
v -4.700000000000e-01 0.000000000000e+00 -3.600000000000e-01
v -4.600000000000e-01 0.000000000000e+00 -3.600000000000e-01
v -4.500000000000e-01 0.000000000000e+00 -3.600000000000e-01
v -4.400000000000e-01 0.000000000000e+00 -3.600000000000e-01
v -4.300000000000e-01 0.000000000000e+00 -3.600000000000e-01
v -4.500000000000e-01 0.000000000000e+00 -3.500000000000e-01
v -5.000000000000e-01 0.000000000000e+00 -3.900000000000e-01
v -4.900000000000e-01 0.000000000000e+00 -4.100000000000e-01
v -4.800000000000e-01 0.000000000000e+00 -4.100000000000e-01
v -4.700000000000e-01 0.000000000000e+00 -4.100000000000e-01
v -5.000000000000e-01 0.000000000000e+00 -4.000000000000e-01
v -4.900000000000e-01 0.000000000000e+00 -4.000000000000e-01
v -4.800000000000e-01 0.000000000000e+00 -4.000000000000e-01
v -4.700000000000e-01 0.000000000000e+00 -4.000000000000e-01
v -5.000000000000e-01 0.000000000000e+00 -3.700000000000e-01
v -4.700000000000e-01 0.000000000000e+00 -3.800000000000e-01
v -4.800000000000e-01 0.000000000000e+00 -3.800000000000e-01
v -4.900000000000e-01 0.000000000000e+00 -3.800000000000e-01
v -5.000000000000e-01 0.000000000000e+00 -3.800000000000e-01
v -4.800000000000e-01 0.000000000000e+00 -3.900000000000e-01
v -4.900000000000e-01 0.000000000000e+00 -3.900000000000e-01
v -4.700000000000e-01 0.000000000000e+00 -3.900000000000e-01
v -4.300000000000e-01 0.000000000000e+00 -4.000000000000e-01
v -4.200000000000e-01 0.000000000000e+00 -4.100000000000e-01
v -4.600000000000e-01 0.000000000000e+00 -3.900000000000e-01
v -4.500000000000e-01 0.000000000000e+00 -3.900000000000e-01
v -4.400000000000e-01 0.000000000000e+00 -3.900000000000e-01
v -4.300000000000e-01 0.000000000000e+00 -3.900000000000e-01
v -4.500000000000e-01 0.000000000000e+00 -4.000000000000e-01
v -4.400000000000e-01 0.000000000000e+00 -4.000000000000e-01
v -4.200000000000e-01 0.000000000000e+00 -4.000000000000e-01
v -4.200000000000e-01 0.000000000000e+00 -3.800000000000e-01
v -4.300000000000e-01 0.000000000000e+00 -3.800000000000e-01
v -4.400000000000e-01 0.000000000000e+00 -3.800000000000e-01
v -4.500000000000e-01 0.000000000000e+00 -3.800000000000e-01
v -4.600000000000e-01 0.000000000000e+00 -3.800000000000e-01
v -4.200000000000e-01 0.000000000000e+00 -3.900000000000e-01
v -4.400000000000e-01 0.000000000000e+00 -4.300000000000e-01
v -4.600000000000e-01 0.000000000000e+00 -4.100000000000e-01
v -4.500000000000e-01 0.000000000000e+00 -4.100000000000e-01
v -4.300000000000e-01 0.000000000000e+00 -4.400000000000e-01
v -4.200000000000e-01 0.000000000000e+00 -4.400000000000e-01
v -4.200000000000e-01 0.000000000000e+00 -4.200000000000e-01
v -4.400000000000e-01 0.000000000000e+00 -4.100000000000e-01
v -4.300000000000e-01 0.000000000000e+00 -4.100000000000e-01
v -4.600000000000e-01 0.000000000000e+00 -4.200000000000e-01
v -4.200000000000e-01 0.000000000000e+00 -4.300000000000e-01
v -4.300000000000e-01 0.000000000000e+00 -4.300000000000e-01
v -4.600000000000e-01 0.000000000000e+00 -4.000000000000e-01
v -4.300000000000e-01 0.000000000000e+00 -4.200000000000e-01
v -4.400000000000e-01 0.000000000000e+00 -4.200000000000e-01
v -4.500000000000e-01 0.000000000000e+00 -4.200000000000e-01
v -3.700000000000e-01 0.000000000000e+00 -3.600000000000e-01
v -3.500000000000e-01 0.000000000000e+00 -3.600000000000e-01
v -3.600000000000e-01 0.000000000000e+00 -3.500000000000e-01
v -3.600000000000e-01 0.000000000000e+00 -3.600000000000e-01
v -3.400000000000e-01 0.000000000000e+00 -3.700000000000e-01
v -3.500000000000e-01 0.000000000000e+00 -3.700000000000e-01
v -3.600000000000e-01 0.000000000000e+00 -3.700000000000e-01
v -3.700000000000e-01 0.000000000000e+00 -3.700000000000e-01
v -3.400000000000e-01 0.000000000000e+00 -3.800000000000e-01
v -3.500000000000e-01 0.000000000000e+00 -3.800000000000e-01
v -3.600000000000e-01 0.000000000000e+00 -3.800000000000e-01
v -3.700000000000e-01 0.000000000000e+00 -3.800000000000e-01
v -3.600000000000e-01 0.000000000000e+00 -3.900000000000e-01
v -3.500000000000e-01 0.000000000000e+00 -3.900000000000e-01
v -3.400000000000e-01 0.000000000000e+00 -3.900000000000e-01
v -3.800000000000e-01 0.000000000000e+00 -3.300000000000e-01
v -3.800000000000e-01 0.000000000000e+00 -3.400000000000e-01
v -3.900000000000e-01 0.000000000000e+00 -3.500000000000e-01
v -4.000000000000e-01 0.000000000000e+00 -3.500000000000e-01
v -3.800000000000e-01 0.000000000000e+00 -3.500000000000e-01
v -3.700000000000e-01 0.000000000000e+00 -3.500000000000e-01
v -3.900000000000e-01 0.000000000000e+00 -3.300000000000e-01
v -4.000000000000e-01 0.000000000000e+00 -3.300000000000e-01
v -3.700000000000e-01 0.000000000000e+00 -3.400000000000e-01
v -4.100000000000e-01 0.000000000000e+00 -3.400000000000e-01
v -4.000000000000e-01 0.000000000000e+00 -3.400000000000e-01
v -3.900000000000e-01 0.000000000000e+00 -3.400000000000e-01
v -3.800000000000e-01 0.000000000000e+00 -3.600000000000e-01
v -3.900000000000e-01 0.000000000000e+00 -3.600000000000e-01
v -3.800000000000e-01 0.000000000000e+00 -3.700000000000e-01
v -3.500000000000e-01 0.000000000000e+00 -3.100000000000e-01
v -3.500000000000e-01 0.000000000000e+00 -3.200000000000e-01
v -3.600000000000e-01 0.000000000000e+00 -3.200000000000e-01
v -3.400000000000e-01 0.000000000000e+00 -3.200000000000e-01
v -3.700000000000e-01 0.000000000000e+00 -3.200000000000e-01
v -3.700000000000e-01 0.000000000000e+00 -3.300000000000e-01
v -3.600000000000e-01 0.000000000000e+00 -3.300000000000e-01
v -3.400000000000e-01 0.000000000000e+00 -3.400000000000e-01
v -3.500000000000e-01 0.000000000000e+00 -3.400000000000e-01
v -3.600000000000e-01 0.000000000000e+00 -3.400000000000e-01
v -3.500000000000e-01 0.000000000000e+00 -3.300000000000e-01
v -3.400000000000e-01 0.000000000000e+00 -3.300000000000e-01
v -3.600000000000e-01 0.000000000000e+00 -3.100000000000e-01
v -3.500000000000e-01 0.000000000000e+00 -3.500000000000e-01
v -3.400000000000e-01 0.000000000000e+00 -3.500000000000e-01
v -3.100000000000e-01 0.000000000000e+00 -3.700000000000e-01
v -3.000000000000e-01 0.000000000000e+00 -4.100000000000e-01
v -3.100000000000e-01 0.000000000000e+00 -4.000000000000e-01
v -3.300000000000e-01 0.000000000000e+00 -3.600000000000e-01
v -3.400000000000e-01 0.000000000000e+00 -3.600000000000e-01
v -3.000000000000e-01 0.000000000000e+00 -4.000000000000e-01
v -3.300000000000e-01 0.000000000000e+00 -3.900000000000e-01
v -3.200000000000e-01 0.000000000000e+00 -3.900000000000e-01
v -3.100000000000e-01 0.000000000000e+00 -3.900000000000e-01
v -3.000000000000e-01 0.000000000000e+00 -3.900000000000e-01
v -3.300000000000e-01 0.000000000000e+00 -3.800000000000e-01
v -3.200000000000e-01 0.000000000000e+00 -3.800000000000e-01
v -3.100000000000e-01 0.000000000000e+00 -3.800000000000e-01
v -3.000000000000e-01 0.000000000000e+00 -3.800000000000e-01
v -3.300000000000e-01 0.000000000000e+00 -3.700000000000e-01
v -3.200000000000e-01 0.000000000000e+00 -3.700000000000e-01
v -3.200000000000e-01 0.000000000000e+00 -3.300000000000e-01
v -3.100000000000e-01 0.000000000000e+00 -3.300000000000e-01
v -3.000000000000e-01 0.000000000000e+00 -3.600000000000e-01
v -3.300000000000e-01 0.000000000000e+00 -3.300000000000e-01
v -3.100000000000e-01 0.000000000000e+00 -3.400000000000e-01
v -3.100000000000e-01 0.000000000000e+00 -3.500000000000e-01
v -3.100000000000e-01 0.000000000000e+00 -3.600000000000e-01
v -3.200000000000e-01 0.000000000000e+00 -3.600000000000e-01
v -3.000000000000e-01 0.000000000000e+00 -3.700000000000e-01
v -3.300000000000e-01 0.000000000000e+00 -3.500000000000e-01
v -3.200000000000e-01 0.000000000000e+00 -3.500000000000e-01
v -3.000000000000e-01 0.000000000000e+00 -3.500000000000e-01
v -3.300000000000e-01 0.000000000000e+00 -3.400000000000e-01
v -3.200000000000e-01 0.000000000000e+00 -3.400000000000e-01
v -3.000000000000e-01 0.000000000000e+00 -3.400000000000e-01
v -2.900000000000e-01 0.000000000000e+00 -3.200000000000e-01
v -2.900000000000e-01 0.000000000000e+00 -2.900000000000e-01
v -3.100000000000e-01 0.000000000000e+00 -3.100000000000e-01
v -3.000000000000e-01 0.000000000000e+00 -3.100000000000e-01
v -2.900000000000e-01 0.000000000000e+00 -3.100000000000e-01
v -3.100000000000e-01 0.000000000000e+00 -2.800000000000e-01
v -3.000000000000e-01 0.000000000000e+00 -2.800000000000e-01
v -3.000000000000e-01 0.000000000000e+00 -3.200000000000e-01
v -3.000000000000e-01 0.000000000000e+00 -3.300000000000e-01
v -3.100000000000e-01 0.000000000000e+00 -2.900000000000e-01
v -2.900000000000e-01 0.000000000000e+00 -3.000000000000e-01
v -3.000000000000e-01 0.000000000000e+00 -3.000000000000e-01
v -3.000000000000e-01 0.000000000000e+00 -2.900000000000e-01
v -3.100000000000e-01 0.000000000000e+00 -3.000000000000e-01
v -3.100000000000e-01 0.000000000000e+00 -3.200000000000e-01
v -3.600000000000e-01 0.000000000000e+00 -2.900000000000e-01
v -3.200000000000e-01 0.000000000000e+00 -3.200000000000e-01
v -3.400000000000e-01 0.000000000000e+00 -3.100000000000e-01
v -3.300000000000e-01 0.000000000000e+00 -3.100000000000e-01
v -3.200000000000e-01 0.000000000000e+00 -3.100000000000e-01
v -3.600000000000e-01 0.000000000000e+00 -3.000000000000e-01
v -3.500000000000e-01 0.000000000000e+00 -3.000000000000e-01
v -3.400000000000e-01 0.000000000000e+00 -3.000000000000e-01
v -3.300000000000e-01 0.000000000000e+00 -3.000000000000e-01
v -3.200000000000e-01 0.000000000000e+00 -3.000000000000e-01
v -3.200000000000e-01 0.000000000000e+00 -2.900000000000e-01
v -3.300000000000e-01 0.000000000000e+00 -2.900000000000e-01
v -3.400000000000e-01 0.000000000000e+00 -2.900000000000e-01
v -3.500000000000e-01 0.000000000000e+00 -2.900000000000e-01
v -3.300000000000e-01 0.000000000000e+00 -3.200000000000e-01
v -3.200000000000e-01 0.000000000000e+00 -2.800000000000e-01
v -3.200000000000e-01 0.000000000000e+00 -2.700000000000e-01
v -3.300000000000e-01 0.000000000000e+00 -2.700000000000e-01
v -3.400000000000e-01 0.000000000000e+00 -2.700000000000e-01
v -3.600000000000e-01 0.000000000000e+00 -2.600000000000e-01
v -3.500000000000e-01 0.000000000000e+00 -2.600000000000e-01
v -3.400000000000e-01 0.000000000000e+00 -2.600000000000e-01
v -3.300000000000e-01 0.000000000000e+00 -2.800000000000e-01
v -3.400000000000e-01 0.000000000000e+00 -2.800000000000e-01
v -3.500000000000e-01 0.000000000000e+00 -2.700000000000e-01
v -3.300000000000e-01 0.000000000000e+00 -2.600000000000e-01
v -3.600000000000e-01 0.000000000000e+00 -2.700000000000e-01
v -3.500000000000e-01 0.000000000000e+00 -2.800000000000e-01
v -3.600000000000e-01 0.000000000000e+00 -2.800000000000e-01
v -3.600000000000e-01 0.000000000000e+00 -2.500000000000e-01
v -3.500000000000e-01 0.000000000000e+00 -2.400000000000e-01
v -3.300000000000e-01 0.000000000000e+00 -2.300000000000e-01
v -3.400000000000e-01 0.000000000000e+00 -2.300000000000e-01
v -3.500000000000e-01 0.000000000000e+00 -2.300000000000e-01
v -3.600000000000e-01 0.000000000000e+00 -2.300000000000e-01
v -3.400000000000e-01 0.000000000000e+00 -2.200000000000e-01
v -3.300000000000e-01 0.000000000000e+00 -2.500000000000e-01
v -3.400000000000e-01 0.000000000000e+00 -2.500000000000e-01
v -3.500000000000e-01 0.000000000000e+00 -2.500000000000e-01
v -3.600000000000e-01 0.000000000000e+00 -2.400000000000e-01
v -3.400000000000e-01 0.000000000000e+00 -2.400000000000e-01
v -3.300000000000e-01 0.000000000000e+00 -2.400000000000e-01
v -3.500000000000e-01 0.000000000000e+00 -2.100000000000e-01
v -3.600000000000e-01 0.000000000000e+00 -2.100000000000e-01
v -3.600000000000e-01 0.000000000000e+00 -2.200000000000e-01
v -3.500000000000e-01 0.000000000000e+00 -2.200000000000e-01
v -2.900000000000e-01 0.000000000000e+00 -2.700000000000e-01
v -3.100000000000e-01 0.000000000000e+00 -2.500000000000e-01
v -3.000000000000e-01 0.000000000000e+00 -2.500000000000e-01
v -3.200000000000e-01 0.000000000000e+00 -2.500000000000e-01
v -2.900000000000e-01 0.000000000000e+00 -2.500000000000e-01
v -2.900000000000e-01 0.000000000000e+00 -2.800000000000e-01
v -3.100000000000e-01 0.000000000000e+00 -2.700000000000e-01
v -3.000000000000e-01 0.000000000000e+00 -2.700000000000e-01
v -3.200000000000e-01 0.000000000000e+00 -2.400000000000e-01
v -3.100000000000e-01 0.000000000000e+00 -2.400000000000e-01
v -2.900000000000e-01 0.000000000000e+00 -2.600000000000e-01
v -3.000000000000e-01 0.000000000000e+00 -2.600000000000e-01
v -3.100000000000e-01 0.000000000000e+00 -2.600000000000e-01
v -3.200000000000e-01 0.000000000000e+00 -2.600000000000e-01
v -3.000000000000e-01 0.000000000000e+00 -2.100000000000e-01
v -3.200000000000e-01 0.000000000000e+00 -2.200000000000e-01
v -3.100000000000e-01 0.000000000000e+00 -2.200000000000e-01
v -3.000000000000e-01 0.000000000000e+00 -2.200000000000e-01
v -2.900000000000e-01 0.000000000000e+00 -2.400000000000e-01
v -3.000000000000e-01 0.000000000000e+00 -2.400000000000e-01
v -3.000000000000e-01 0.000000000000e+00 -2.300000000000e-01
v -3.100000000000e-01 0.000000000000e+00 -2.100000000000e-01
v -3.200000000000e-01 0.000000000000e+00 -2.100000000000e-01
v -3.300000000000e-01 0.000000000000e+00 -2.100000000000e-01
v -2.900000000000e-01 0.000000000000e+00 -2.200000000000e-01
v -3.300000000000e-01 0.000000000000e+00 -2.200000000000e-01
v -3.200000000000e-01 0.000000000000e+00 -2.300000000000e-01
v -3.100000000000e-01 0.000000000000e+00 -2.300000000000e-01
v -2.900000000000e-01 0.000000000000e+00 -2.300000000000e-01
v -4.600000000000e-01 0.000000000000e+00 -2.300000000000e-01
v -4.700000000000e-01 0.000000000000e+00 -2.200000000000e-01
v -4.700000000000e-01 0.000000000000e+00 -2.100000000000e-01
v -4.800000000000e-01 0.000000000000e+00 -2.100000000000e-01
v -4.800000000000e-01 0.000000000000e+00 -2.200000000000e-01
v -4.900000000000e-01 0.000000000000e+00 -2.200000000000e-01
v -5.000000000000e-01 0.000000000000e+00 -2.200000000000e-01
v -4.700000000000e-01 0.000000000000e+00 -2.400000000000e-01
v -4.600000000000e-01 0.000000000000e+00 -2.400000000000e-01
v -4.900000000000e-01 0.000000000000e+00 -2.100000000000e-01
v -4.900000000000e-01 0.000000000000e+00 -2.300000000000e-01
v -5.000000000000e-01 0.000000000000e+00 -2.100000000000e-01
v -5.000000000000e-01 0.000000000000e+00 -2.000000000000e-01
v -4.800000000000e-01 0.000000000000e+00 -2.300000000000e-01
v -4.700000000000e-01 0.000000000000e+00 -2.300000000000e-01
v -5.000000000000e-01 0.000000000000e+00 -2.500000000000e-01
v -5.000000000000e-01 0.000000000000e+00 -2.400000000000e-01
v -4.800000000000e-01 0.000000000000e+00 -2.500000000000e-01
v -4.900000000000e-01 0.000000000000e+00 -2.500000000000e-01
v -4.700000000000e-01 0.000000000000e+00 -2.500000000000e-01
v -4.600000000000e-01 0.000000000000e+00 -2.500000000000e-01
v -4.500000000000e-01 0.000000000000e+00 -2.500000000000e-01
v -4.500000000000e-01 0.000000000000e+00 -2.600000000000e-01
v -4.600000000000e-01 0.000000000000e+00 -2.600000000000e-01
v -4.700000000000e-01 0.000000000000e+00 -2.600000000000e-01
v -4.800000000000e-01 0.000000000000e+00 -2.600000000000e-01
v -4.900000000000e-01 0.000000000000e+00 -2.600000000000e-01
v -5.000000000000e-01 0.000000000000e+00 -2.300000000000e-01
v -4.800000000000e-01 0.000000000000e+00 -2.400000000000e-01
v -4.900000000000e-01 0.000000000000e+00 -2.400000000000e-01
v -4.900000000000e-01 0.000000000000e+00 -3.100000000000e-01
v -4.800000000000e-01 0.000000000000e+00 -3.100000000000e-01
v -5.000000000000e-01 0.000000000000e+00 -2.800000000000e-01
v -4.900000000000e-01 0.000000000000e+00 -2.800000000000e-01
v -4.800000000000e-01 0.000000000000e+00 -2.800000000000e-01
v -4.800000000000e-01 0.000000000000e+00 -2.700000000000e-01
v -5.000000000000e-01 0.000000000000e+00 -3.000000000000e-01
v -4.900000000000e-01 0.000000000000e+00 -3.000000000000e-01
v -4.800000000000e-01 0.000000000000e+00 -3.000000000000e-01
v -5.000000000000e-01 0.000000000000e+00 -2.700000000000e-01
v -4.900000000000e-01 0.000000000000e+00 -2.700000000000e-01
v -5.000000000000e-01 0.000000000000e+00 -2.900000000000e-01
v -4.900000000000e-01 0.000000000000e+00 -2.900000000000e-01
v -4.800000000000e-01 0.000000000000e+00 -2.900000000000e-01
v -5.000000000000e-01 0.000000000000e+00 -2.600000000000e-01
v -4.500000000000e-01 0.000000000000e+00 -2.700000000000e-01
v -4.600000000000e-01 0.000000000000e+00 -2.700000000000e-01
v -4.700000000000e-01 0.000000000000e+00 -2.700000000000e-01
v -4.700000000000e-01 0.000000000000e+00 -2.900000000000e-01
v -4.400000000000e-01 0.000000000000e+00 -2.800000000000e-01
v -4.600000000000e-01 0.000000000000e+00 -2.900000000000e-01
v -4.700000000000e-01 0.000000000000e+00 -3.100000000000e-01
v -4.600000000000e-01 0.000000000000e+00 -2.800000000000e-01
v -4.700000000000e-01 0.000000000000e+00 -2.800000000000e-01
v -4.700000000000e-01 0.000000000000e+00 -3.000000000000e-01
v -4.600000000000e-01 0.000000000000e+00 -3.000000000000e-01
v -4.600000000000e-01 0.000000000000e+00 -3.100000000000e-01
v -4.400000000000e-01 0.000000000000e+00 -2.900000000000e-01
v -4.500000000000e-01 0.000000000000e+00 -2.900000000000e-01
v -4.500000000000e-01 0.000000000000e+00 -2.800000000000e-01
v -4.200000000000e-01 0.000000000000e+00 -3.300000000000e-01
v -4.400000000000e-01 0.000000000000e+00 -3.200000000000e-01
v -4.100000000000e-01 0.000000000000e+00 -3.300000000000e-01
v -4.300000000000e-01 0.000000000000e+00 -3.200000000000e-01
v -4.200000000000e-01 0.000000000000e+00 -3.200000000000e-01
v -4.100000000000e-01 0.000000000000e+00 -3.200000000000e-01
v -4.300000000000e-01 0.000000000000e+00 -3.000000000000e-01
v -4.400000000000e-01 0.000000000000e+00 -3.000000000000e-01
v -4.300000000000e-01 0.000000000000e+00 -3.300000000000e-01
v -4.500000000000e-01 0.000000000000e+00 -3.000000000000e-01
v -4.500000000000e-01 0.000000000000e+00 -3.100000000000e-01
v -4.200000000000e-01 0.000000000000e+00 -3.100000000000e-01
v -4.300000000000e-01 0.000000000000e+00 -3.100000000000e-01
v -4.400000000000e-01 0.000000000000e+00 -3.100000000000e-01
v -4.400000000000e-01 0.000000000000e+00 -2.300000000000e-01
v -4.500000000000e-01 0.000000000000e+00 -2.200000000000e-01
v -4.400000000000e-01 0.000000000000e+00 -2.200000000000e-01
v -4.400000000000e-01 0.000000000000e+00 -2.100000000000e-01
v -4.500000000000e-01 0.000000000000e+00 -2.100000000000e-01
v -4.600000000000e-01 0.000000000000e+00 -2.100000000000e-01
v -4.500000000000e-01 0.000000000000e+00 -2.300000000000e-01
v -4.300000000000e-01 0.000000000000e+00 -2.200000000000e-01
v -4.600000000000e-01 0.000000000000e+00 -2.200000000000e-01
v -4.200000000000e-01 0.000000000000e+00 -2.400000000000e-01
v -4.300000000000e-01 0.000000000000e+00 -2.400000000000e-01
v -4.400000000000e-01 0.000000000000e+00 -2.400000000000e-01
v -4.500000000000e-01 0.000000000000e+00 -2.400000000000e-01
v -4.200000000000e-01 0.000000000000e+00 -2.300000000000e-01
v -4.300000000000e-01 0.000000000000e+00 -2.300000000000e-01
v -3.700000000000e-01 0.000000000000e+00 -2.600000000000e-01
v -3.700000000000e-01 0.000000000000e+00 -2.700000000000e-01
v -3.700000000000e-01 0.000000000000e+00 -2.300000000000e-01
v -3.800000000000e-01 0.000000000000e+00 -2.300000000000e-01
v -3.800000000000e-01 0.000000000000e+00 -2.600000000000e-01
v -3.800000000000e-01 0.000000000000e+00 -2.500000000000e-01
v -3.700000000000e-01 0.000000000000e+00 -2.500000000000e-01
v -3.900000000000e-01 0.000000000000e+00 -2.100000000000e-01
v -3.800000000000e-01 0.000000000000e+00 -2.100000000000e-01
v -3.700000000000e-01 0.000000000000e+00 -2.100000000000e-01
v -3.700000000000e-01 0.000000000000e+00 -2.200000000000e-01
v -3.800000000000e-01 0.000000000000e+00 -2.200000000000e-01
v -3.700000000000e-01 0.000000000000e+00 -2.400000000000e-01
v -3.800000000000e-01 0.000000000000e+00 -2.400000000000e-01
v -3.900000000000e-01 0.000000000000e+00 -2.200000000000e-01
v -4.300000000000e-01 0.000000000000e+00 -2.100000000000e-01
v -4.200000000000e-01 0.000000000000e+00 -2.200000000000e-01
v -4.100000000000e-01 0.000000000000e+00 -2.200000000000e-01
v -4.000000000000e-01 0.000000000000e+00 -2.300000000000e-01
v -4.000000000000e-01 0.000000000000e+00 -2.200000000000e-01
v -3.900000000000e-01 0.000000000000e+00 -2.300000000000e-01
v -4.100000000000e-01 0.000000000000e+00 -2.300000000000e-01
v -4.100000000000e-01 0.000000000000e+00 -2.100000000000e-01
v -4.200000000000e-01 0.000000000000e+00 -2.100000000000e-01
v -4.000000000000e-01 0.000000000000e+00 -2.500000000000e-01
v -3.900000000000e-01 0.000000000000e+00 -2.500000000000e-01
v -4.000000000000e-01 0.000000000000e+00 -2.100000000000e-01
v -4.100000000000e-01 0.000000000000e+00 -2.400000000000e-01
v -4.000000000000e-01 0.000000000000e+00 -2.400000000000e-01
v -3.900000000000e-01 0.000000000000e+00 -2.400000000000e-01
v -3.900000000000e-01 0.000000000000e+00 -2.600000000000e-01
v -3.700000000000e-01 0.000000000000e+00 -3.000000000000e-01
v -3.800000000000e-01 0.000000000000e+00 -2.700000000000e-01
v -3.900000000000e-01 0.000000000000e+00 -3.000000000000e-01
v -3.800000000000e-01 0.000000000000e+00 -3.000000000000e-01
v -3.800000000000e-01 0.000000000000e+00 -2.800000000000e-01
v -3.900000000000e-01 0.000000000000e+00 -2.700000000000e-01
v -3.700000000000e-01 0.000000000000e+00 -3.100000000000e-01
v -3.800000000000e-01 0.000000000000e+00 -3.100000000000e-01
v -3.700000000000e-01 0.000000000000e+00 -2.800000000000e-01
v -3.900000000000e-01 0.000000000000e+00 -2.900000000000e-01
v -3.800000000000e-01 0.000000000000e+00 -2.900000000000e-01
v -3.700000000000e-01 0.000000000000e+00 -2.900000000000e-01
v -3.900000000000e-01 0.000000000000e+00 -2.800000000000e-01
v -4.200000000000e-01 0.000000000000e+00 -2.900000000000e-01
v -4.100000000000e-01 0.000000000000e+00 -3.000000000000e-01
v -4.000000000000e-01 0.000000000000e+00 -3.000000000000e-01
v -4.000000000000e-01 0.000000000000e+00 -3.200000000000e-01
v -3.900000000000e-01 0.000000000000e+00 -3.200000000000e-01
v -3.800000000000e-01 0.000000000000e+00 -3.200000000000e-01
v -4.200000000000e-01 0.000000000000e+00 -2.800000000000e-01
v -4.200000000000e-01 0.000000000000e+00 -3.000000000000e-01
v -4.300000000000e-01 0.000000000000e+00 -2.800000000000e-01
v -4.100000000000e-01 0.000000000000e+00 -3.100000000000e-01
v -4.000000000000e-01 0.000000000000e+00 -3.100000000000e-01
v -4.000000000000e-01 0.000000000000e+00 -2.900000000000e-01
v -4.300000000000e-01 0.000000000000e+00 -2.900000000000e-01
v -3.900000000000e-01 0.000000000000e+00 -3.100000000000e-01
v -4.100000000000e-01 0.000000000000e+00 -2.900000000000e-01
v -4.300000000000e-01 0.000000000000e+00 -2.600000000000e-01
v -4.400000000000e-01 0.000000000000e+00 -2.600000000000e-01
v -4.200000000000e-01 0.000000000000e+00 -2.600000000000e-01
v -4.100000000000e-01 0.000000000000e+00 -2.600000000000e-01
v -4.000000000000e-01 0.000000000000e+00 -2.600000000000e-01
v -4.100000000000e-01 0.000000000000e+00 -2.500000000000e-01
v -4.200000000000e-01 0.000000000000e+00 -2.500000000000e-01
v -4.300000000000e-01 0.000000000000e+00 -2.500000000000e-01
v -4.400000000000e-01 0.000000000000e+00 -2.500000000000e-01
v -4.000000000000e-01 0.000000000000e+00 -2.700000000000e-01
v -4.100000000000e-01 0.000000000000e+00 -2.700000000000e-01
v -4.400000000000e-01 0.000000000000e+00 -2.700000000000e-01
v -4.200000000000e-01 0.000000000000e+00 -2.700000000000e-01
v -4.100000000000e-01 0.000000000000e+00 -2.800000000000e-01
v -4.000000000000e-01 0.000000000000e+00 -2.800000000000e-01
v -4.300000000000e-01 0.000000000000e+00 -2.700000000000e-01
v -1.300000000000e-01 0.000000000000e+00 -1.200000000000e-01
v -1.200000000000e-01 0.000000000000e+00 -1.100000000000e-01
v -1.300000000000e-01 0.000000000000e+00 -1.100000000000e-01
v -1.400000000000e-01 0.000000000000e+00 -1.100000000000e-01
v -1.100000000000e-01 0.000000000000e+00 -1.100000000000e-01
v -1.000000000000e-01 0.000000000000e+00 -1.200000000000e-01
v -1.100000000000e-01 0.000000000000e+00 -1.200000000000e-01
v -1.200000000000e-01 0.000000000000e+00 -1.200000000000e-01
v -1.200000000000e-01 0.000000000000e+00 -1.300000000000e-01
v -1.100000000000e-01 0.000000000000e+00 -1.300000000000e-01
v -1.000000000000e-01 0.000000000000e+00 -1.300000000000e-01
v -1.400000000000e-01 0.000000000000e+00 -1.000000000000e-01
v -1.300000000000e-01 0.000000000000e+00 -1.000000000000e-01
v -1.200000000000e-01 0.000000000000e+00 -1.000000000000e-01
v -1.100000000000e-01 0.000000000000e+00 -1.000000000000e-01
v -1.000000000000e-01 0.000000000000e+00 -1.600000000000e-01
v -1.300000000000e-01 0.000000000000e+00 -1.400000000000e-01
v -1.200000000000e-01 0.000000000000e+00 -1.400000000000e-01
v -1.100000000000e-01 0.000000000000e+00 -1.400000000000e-01
v -1.000000000000e-01 0.000000000000e+00 -1.400000000000e-01
v -9.000000000000e-02 0.000000000000e+00 -1.400000000000e-01
v -1.200000000000e-01 0.000000000000e+00 -1.500000000000e-01
v -1.300000000000e-01 0.000000000000e+00 -1.500000000000e-01
v -1.100000000000e-01 0.000000000000e+00 -1.500000000000e-01
v -1.000000000000e-01 0.000000000000e+00 -1.500000000000e-01
v -9.000000000000e-02 0.000000000000e+00 -1.500000000000e-01
v -1.300000000000e-01 0.000000000000e+00 -1.300000000000e-01
v -1.200000000000e-01 0.000000000000e+00 -1.600000000000e-01
v -9.000000000000e-02 0.000000000000e+00 -1.600000000000e-01
v -1.100000000000e-01 0.000000000000e+00 -1.600000000000e-01
v -4.000000000000e-02 0.000000000000e+00 -1.200000000000e-01
v -5.000000000000e-02 0.000000000000e+00 -1.200000000000e-01
v -4.000000000000e-02 0.000000000000e+00 -1.400000000000e-01
v -6.000000000000e-02 0.000000000000e+00 -1.200000000000e-01
v -4.000000000000e-02 0.000000000000e+00 -1.100000000000e-01
v -4.000000000000e-02 0.000000000000e+00 -1.300000000000e-01
v -5.000000000000e-02 0.000000000000e+00 -1.300000000000e-01
v -6.000000000000e-02 0.000000000000e+00 -1.300000000000e-01
v -5.000000000000e-02 0.000000000000e+00 -1.100000000000e-01
v -6.000000000000e-02 0.000000000000e+00 -1.100000000000e-01
v -7.000000000000e-02 0.000000000000e+00 -1.100000000000e-01
v -7.000000000000e-02 0.000000000000e+00 -1.000000000000e-01
v -6.000000000000e-02 0.000000000000e+00 -1.000000000000e-01
v -5.000000000000e-02 0.000000000000e+00 -1.000000000000e-01
v -4.000000000000e-02 0.000000000000e+00 -1.000000000000e-01
v -1.000000000000e-01 0.000000000000e+00 -1.000000000000e-01
v -8.000000000000e-02 0.000000000000e+00 -1.300000000000e-01
v -7.000000000000e-02 0.000000000000e+00 -1.300000000000e-01
v -9.000000000000e-02 0.000000000000e+00 -1.300000000000e-01
v -9.000000000000e-02 0.000000000000e+00 -1.200000000000e-01
v -8.000000000000e-02 0.000000000000e+00 -1.200000000000e-01
v -7.000000000000e-02 0.000000000000e+00 -1.200000000000e-01
v -1.000000000000e-01 0.000000000000e+00 -1.100000000000e-01
v -9.000000000000e-02 0.000000000000e+00 -1.100000000000e-01
v -8.000000000000e-02 0.000000000000e+00 -1.100000000000e-01
v -7.000000000000e-02 0.000000000000e+00 -1.400000000000e-01
v -8.000000000000e-02 0.000000000000e+00 -1.400000000000e-01
v -9.000000000000e-02 0.000000000000e+00 -1.000000000000e-01
v -8.000000000000e-02 0.000000000000e+00 -1.000000000000e-01
v -8.000000000000e-02 0.000000000000e+00 -1.500000000000e-01
v -5.000000000000e-02 0.000000000000e+00 -1.600000000000e-01
v -6.000000000000e-02 0.000000000000e+00 -1.600000000000e-01
v -7.000000000000e-02 0.000000000000e+00 -1.600000000000e-01
v -8.000000000000e-02 0.000000000000e+00 -1.600000000000e-01
v -6.000000000000e-02 0.000000000000e+00 -1.400000000000e-01
v -5.000000000000e-02 0.000000000000e+00 -1.400000000000e-01
v -4.000000000000e-02 0.000000000000e+00 -1.500000000000e-01
v -5.000000000000e-02 0.000000000000e+00 -1.500000000000e-01
v -6.000000000000e-02 0.000000000000e+00 -1.500000000000e-01
v -7.000000000000e-02 0.000000000000e+00 -1.500000000000e-01
v -7.000000000000e-02 0.000000000000e+00 -1.700000000000e-01
v -6.000000000000e-02 0.000000000000e+00 -1.700000000000e-01
v -4.000000000000e-02 0.000000000000e+00 -1.600000000000e-01
v -5.000000000000e-02 0.000000000000e+00 -1.700000000000e-01
v -4.000000000000e-02 0.000000000000e+00 -1.700000000000e-01
v -9.000000000000e-02 0.000000000000e+00 -6.000000000000e-02
v -1.000000000000e-01 0.000000000000e+00 -6.000000000000e-02
v -9.000000000000e-02 0.000000000000e+00 -5.000000000000e-02
v -1.000000000000e-01 0.000000000000e+00 -5.000000000000e-02
v -1.100000000000e-01 0.000000000000e+00 -4.000000000000e-02
v -1.100000000000e-01 0.000000000000e+00 -5.000000000000e-02
v -1.200000000000e-01 0.000000000000e+00 -4.000000000000e-02
v -1.000000000000e-01 0.000000000000e+00 -4.000000000000e-02
v -9.000000000000e-02 0.000000000000e+00 -9.000000000000e-02
v -1.000000000000e-01 0.000000000000e+00 -7.000000000000e-02
v -8.000000000000e-02 0.000000000000e+00 -9.000000000000e-02
v -9.000000000000e-02 0.000000000000e+00 -7.000000000000e-02
v -1.000000000000e-01 0.000000000000e+00 -8.000000000000e-02
v -9.000000000000e-02 0.000000000000e+00 -8.000000000000e-02
v -8.000000000000e-02 0.000000000000e+00 -8.000000000000e-02
v -6.000000000000e-02 0.000000000000e+00 -6.000000000000e-02
v -7.000000000000e-02 0.000000000000e+00 -7.000000000000e-02
v -8.000000000000e-02 0.000000000000e+00 -7.000000000000e-02
v -6.000000000000e-02 0.000000000000e+00 -7.000000000000e-02
v -7.000000000000e-02 0.000000000000e+00 -8.000000000000e-02
v -6.000000000000e-02 0.000000000000e+00 -8.000000000000e-02
v -5.000000000000e-02 0.000000000000e+00 -8.000000000000e-02
v -7.000000000000e-02 0.000000000000e+00 -6.000000000000e-02
v -8.000000000000e-02 0.000000000000e+00 -6.000000000000e-02
v -8.000000000000e-02 0.000000000000e+00 -5.000000000000e-02
v -7.000000000000e-02 0.000000000000e+00 -5.000000000000e-02
v -6.000000000000e-02 0.000000000000e+00 -5.000000000000e-02
v -5.000000000000e-02 0.000000000000e+00 -9.000000000000e-02
v -6.000000000000e-02 0.000000000000e+00 -9.000000000000e-02
v -7.000000000000e-02 0.000000000000e+00 -9.000000000000e-02
v -1.500000000000e-01 0.000000000000e+00 -3.000000000000e-02
v -1.500000000000e-01 0.000000000000e+00 -1.000000000000e-02
v -1.300000000000e-01 0.000000000000e+00 -3.000000000000e-02
v -1.700000000000e-01 0.000000000000e+00 0.000000000000e+00
v -1.600000000000e-01 0.000000000000e+00 -1.000000000000e-02
v -1.700000000000e-01 0.000000000000e+00 -1.000000000000e-02
v -1.400000000000e-01 0.000000000000e+00 -3.000000000000e-02
v -1.600000000000e-01 0.000000000000e+00 -3.000000000000e-02
v -1.700000000000e-01 0.000000000000e+00 -3.000000000000e-02
v -1.400000000000e-01 0.000000000000e+00 -2.000000000000e-02
v -1.500000000000e-01 0.000000000000e+00 -2.000000000000e-02
v -1.600000000000e-01 0.000000000000e+00 -2.000000000000e-02
v -1.700000000000e-01 0.000000000000e+00 -2.000000000000e-02
v -1.300000000000e-01 0.000000000000e+00 -4.000000000000e-02
v -1.400000000000e-01 0.000000000000e+00 -4.000000000000e-02
v -1.600000000000e-01 0.000000000000e+00 -5.000000000000e-02
v -1.700000000000e-01 0.000000000000e+00 -5.000000000000e-02
v -1.500000000000e-01 0.000000000000e+00 -5.000000000000e-02
v -1.400000000000e-01 0.000000000000e+00 -5.000000000000e-02
v -1.500000000000e-01 0.000000000000e+00 -6.000000000000e-02
v -1.400000000000e-01 0.000000000000e+00 -7.000000000000e-02
v -1.400000000000e-01 0.000000000000e+00 -8.000000000000e-02
v -1.400000000000e-01 0.000000000000e+00 -9.000000000000e-02
v -1.500000000000e-01 0.000000000000e+00 -7.000000000000e-02
v -1.500000000000e-01 0.000000000000e+00 -8.000000000000e-02
v -1.400000000000e-01 0.000000000000e+00 -6.000000000000e-02
v -1.700000000000e-01 0.000000000000e+00 -4.000000000000e-02
v -1.600000000000e-01 0.000000000000e+00 -6.000000000000e-02
v -1.500000000000e-01 0.000000000000e+00 -4.000000000000e-02
v -1.600000000000e-01 0.000000000000e+00 -4.000000000000e-02
v -1.100000000000e-01 0.000000000000e+00 -7.000000000000e-02
v -1.100000000000e-01 0.000000000000e+00 -6.000000000000e-02
v -1.300000000000e-01 0.000000000000e+00 -7.000000000000e-02
v -1.100000000000e-01 0.000000000000e+00 -8.000000000000e-02
v -1.200000000000e-01 0.000000000000e+00 -8.000000000000e-02
v -1.300000000000e-01 0.000000000000e+00 -8.000000000000e-02
v -1.200000000000e-01 0.000000000000e+00 -7.000000000000e-02
v -1.300000000000e-01 0.000000000000e+00 -6.000000000000e-02
v -1.300000000000e-01 0.000000000000e+00 -9.000000000000e-02
v -1.200000000000e-01 0.000000000000e+00 -9.000000000000e-02
v -1.300000000000e-01 0.000000000000e+00 -5.000000000000e-02
v -1.200000000000e-01 0.000000000000e+00 -5.000000000000e-02
v -1.100000000000e-01 0.000000000000e+00 -9.000000000000e-02
v -1.000000000000e-01 0.000000000000e+00 -9.000000000000e-02
v -1.200000000000e-01 0.000000000000e+00 -6.000000000000e-02
v 3.000000000000e-02 0.000000000000e+00 -7.000000000000e-02
v 2.000000000000e-02 0.000000000000e+00 -6.000000000000e-02
v 5.000000000000e-02 0.000000000000e+00 -1.100000000000e-01
v 3.000000000000e-02 0.000000000000e+00 -9.000000000000e-02
v 4.000000000000e-02 0.000000000000e+00 -9.000000000000e-02
v 5.000000000000e-02 0.000000000000e+00 -9.000000000000e-02
v 2.000000000000e-02 0.000000000000e+00 -7.000000000000e-02
v 4.000000000000e-02 0.000000000000e+00 -7.000000000000e-02
v 4.000000000000e-02 0.000000000000e+00 -1.000000000000e-01
v 2.000000000000e-02 0.000000000000e+00 -8.000000000000e-02
v 3.000000000000e-02 0.000000000000e+00 -8.000000000000e-02
v 4.000000000000e-02 0.000000000000e+00 -8.000000000000e-02
v 5.000000000000e-02 0.000000000000e+00 -8.000000000000e-02
v 5.000000000000e-02 0.000000000000e+00 -1.000000000000e-01
v 3.000000000000e-02 0.000000000000e+00 -6.000000000000e-02
v 6.000000000000e-02 0.000000000000e+00 -8.000000000000e-02
v 6.000000000000e-02 0.000000000000e+00 -1.100000000000e-01
v 7.000000000000e-02 0.000000000000e+00 -1.100000000000e-01
v 8.000000000000e-02 0.000000000000e+00 -1.100000000000e-01
v 8.000000000000e-02 0.000000000000e+00 -1.000000000000e-01
v 7.000000000000e-02 0.000000000000e+00 -1.000000000000e-01
v 6.000000000000e-02 0.000000000000e+00 -9.000000000000e-02
v 7.000000000000e-02 0.000000000000e+00 -9.000000000000e-02
v 8.000000000000e-02 0.000000000000e+00 -9.000000000000e-02
v 6.000000000000e-02 0.000000000000e+00 -1.200000000000e-01
v 7.000000000000e-02 0.000000000000e+00 -1.200000000000e-01
v 6.000000000000e-02 0.000000000000e+00 -1.000000000000e-01
v 8.000000000000e-02 0.000000000000e+00 -1.200000000000e-01
v 8.000000000000e-02 0.000000000000e+00 -8.000000000000e-02
v 7.000000000000e-02 0.000000000000e+00 -8.000000000000e-02
v -2.000000000000e-02 0.000000000000e+00 -9.000000000000e-02
v -2.000000000000e-02 0.000000000000e+00 -1.000000000000e-01
v -3.000000000000e-02 0.000000000000e+00 -9.000000000000e-02
v -3.000000000000e-02 0.000000000000e+00 -1.000000000000e-01
v -5.000000000000e-02 0.000000000000e+00 -5.000000000000e-02
v -4.000000000000e-02 0.000000000000e+00 -9.000000000000e-02
v -5.000000000000e-02 0.000000000000e+00 -6.000000000000e-02
v -4.000000000000e-02 0.000000000000e+00 -6.000000000000e-02
v -3.000000000000e-02 0.000000000000e+00 -6.000000000000e-02
v -3.000000000000e-02 0.000000000000e+00 -7.000000000000e-02
v -4.000000000000e-02 0.000000000000e+00 -5.000000000000e-02
v -3.000000000000e-02 0.000000000000e+00 -5.000000000000e-02
v -4.000000000000e-02 0.000000000000e+00 -7.000000000000e-02
v -4.000000000000e-02 0.000000000000e+00 -8.000000000000e-02
v -3.000000000000e-02 0.000000000000e+00 -8.000000000000e-02
v -5.000000000000e-02 0.000000000000e+00 -7.000000000000e-02
v 1.000000000000e-02 0.000000000000e+00 -7.000000000000e-02
v -2.000000000000e-02 0.000000000000e+00 -7.000000000000e-02
v -2.000000000000e-02 0.000000000000e+00 -6.000000000000e-02
v -1.000000000000e-02 0.000000000000e+00 -6.000000000000e-02
v 0.000000000000e+00 0.000000000000e+00 -6.000000000000e-02
v -1.000000000000e-02 0.000000000000e+00 -7.000000000000e-02
v 0.000000000000e+00 0.000000000000e+00 -7.000000000000e-02
v 1.000000000000e-02 0.000000000000e+00 -8.000000000000e-02
v 0.000000000000e+00 0.000000000000e+00 -8.000000000000e-02
v -1.000000000000e-02 0.000000000000e+00 -8.000000000000e-02
v -2.000000000000e-02 0.000000000000e+00 -8.000000000000e-02
v 1.000000000000e-02 0.000000000000e+00 -6.000000000000e-02
v 0.000000000000e+00 0.000000000000e+00 -5.000000000000e-02
v -1.000000000000e-02 0.000000000000e+00 -5.000000000000e-02
v -2.000000000000e-02 0.000000000000e+00 -5.000000000000e-02
v 2.000000000000e-02 0.000000000000e+00 -9.000000000000e-02
v 2.000000000000e-02 0.000000000000e+00 -1.000000000000e-01
v -1.000000000000e-02 0.000000000000e+00 -9.000000000000e-02
v 0.000000000000e+00 0.000000000000e+00 -9.000000000000e-02
v 1.000000000000e-02 0.000000000000e+00 -9.000000000000e-02
v 3.000000000000e-02 0.000000000000e+00 -1.000000000000e-01
v 1.000000000000e-02 0.000000000000e+00 -1.000000000000e-01
v 0.000000000000e+00 0.000000000000e+00 -1.000000000000e-01
v -1.000000000000e-02 0.000000000000e+00 -1.000000000000e-01
v 1.000000000000e-02 0.000000000000e+00 -1.200000000000e-01
v 3.000000000000e-02 0.000000000000e+00 -1.100000000000e-01
v 2.000000000000e-02 0.000000000000e+00 -1.100000000000e-01
v 1.000000000000e-02 0.000000000000e+00 -1.100000000000e-01
v 0.000000000000e+00 0.000000000000e+00 -1.100000000000e-01
v 6.000000000000e-02 0.000000000000e+00 -1.700000000000e-01
v 5.000000000000e-02 0.000000000000e+00 -1.800000000000e-01
v 8.000000000000e-02 0.000000000000e+00 -1.900000000000e-01
v 7.000000000000e-02 0.000000000000e+00 -1.900000000000e-01
v 5.000000000000e-02 0.000000000000e+00 -1.700000000000e-01
v 4.000000000000e-02 0.000000000000e+00 -1.700000000000e-01
v 3.000000000000e-02 0.000000000000e+00 -1.700000000000e-01
v 5.000000000000e-02 0.000000000000e+00 -1.900000000000e-01
v 6.000000000000e-02 0.000000000000e+00 -1.900000000000e-01
v 4.000000000000e-02 0.000000000000e+00 -1.800000000000e-01
v 6.000000000000e-02 0.000000000000e+00 -1.800000000000e-01
v 5.000000000000e-02 0.000000000000e+00 -1.600000000000e-01
v 4.000000000000e-02 0.000000000000e+00 -1.600000000000e-01
v 3.000000000000e-02 0.000000000000e+00 -1.600000000000e-01
v 7.000000000000e-02 0.000000000000e+00 -1.800000000000e-01
v 3.000000000000e-02 0.000000000000e+00 -1.300000000000e-01
v 4.000000000000e-02 0.000000000000e+00 -1.300000000000e-01
v 5.000000000000e-02 0.000000000000e+00 -1.300000000000e-01
v 2.000000000000e-02 0.000000000000e+00 -1.300000000000e-01
v 3.000000000000e-02 0.000000000000e+00 -1.200000000000e-01
v 2.000000000000e-02 0.000000000000e+00 -1.200000000000e-01
v 3.000000000000e-02 0.000000000000e+00 -1.500000000000e-01
v 4.000000000000e-02 0.000000000000e+00 -1.200000000000e-01
v 5.000000000000e-02 0.000000000000e+00 -1.200000000000e-01
v 5.000000000000e-02 0.000000000000e+00 -1.400000000000e-01
v 4.000000000000e-02 0.000000000000e+00 -1.400000000000e-01
v 3.000000000000e-02 0.000000000000e+00 -1.400000000000e-01
v 4.000000000000e-02 0.000000000000e+00 -1.100000000000e-01
v 5.000000000000e-02 0.000000000000e+00 -1.500000000000e-01
v 4.000000000000e-02 0.000000000000e+00 -1.500000000000e-01
v 7.000000000000e-02 0.000000000000e+00 -1.700000000000e-01
v 8.000000000000e-02 0.000000000000e+00 -1.700000000000e-01
v 8.000000000000e-02 0.000000000000e+00 -1.800000000000e-01
v 7.000000000000e-02 0.000000000000e+00 -1.500000000000e-01
v 6.000000000000e-02 0.000000000000e+00 -1.400000000000e-01
v 7.000000000000e-02 0.000000000000e+00 -1.400000000000e-01
v 8.000000000000e-02 0.000000000000e+00 -1.400000000000e-01
v 8.000000000000e-02 0.000000000000e+00 -1.500000000000e-01
v 6.000000000000e-02 0.000000000000e+00 -1.500000000000e-01
v 8.000000000000e-02 0.000000000000e+00 -1.300000000000e-01
v 7.000000000000e-02 0.000000000000e+00 -1.300000000000e-01
v 6.000000000000e-02 0.000000000000e+00 -1.300000000000e-01
v 8.000000000000e-02 0.000000000000e+00 -1.600000000000e-01
v 7.000000000000e-02 0.000000000000e+00 -1.600000000000e-01
v 6.000000000000e-02 0.000000000000e+00 -1.600000000000e-01
v -1.000000000000e-02 0.000000000000e+00 -1.100000000000e-01
v -2.000000000000e-02 0.000000000000e+00 -1.200000000000e-01
v 2.000000000000e-02 0.000000000000e+00 -1.400000000000e-01
v 1.000000000000e-02 0.000000000000e+00 -1.400000000000e-01
v 0.000000000000e+00 0.000000000000e+00 -1.400000000000e-01
v -1.000000000000e-02 0.000000000000e+00 -1.400000000000e-01
v -1.000000000000e-02 0.000000000000e+00 -1.200000000000e-01
v 0.000000000000e+00 0.000000000000e+00 -1.200000000000e-01
v -3.000000000000e-02 0.000000000000e+00 -1.100000000000e-01
v -2.000000000000e-02 0.000000000000e+00 -1.100000000000e-01
v 1.000000000000e-02 0.000000000000e+00 -1.300000000000e-01
v 0.000000000000e+00 0.000000000000e+00 -1.300000000000e-01
v -1.000000000000e-02 0.000000000000e+00 -1.300000000000e-01
v 2.000000000000e-02 0.000000000000e+00 -1.500000000000e-01
v -3.000000000000e-02 0.000000000000e+00 -1.200000000000e-01
v -2.000000000000e-02 0.000000000000e+00 -1.300000000000e-01
v -3.000000000000e-02 0.000000000000e+00 -1.700000000000e-01
v -1.000000000000e-02 0.000000000000e+00 -1.700000000000e-01
v -2.000000000000e-02 0.000000000000e+00 -1.700000000000e-01
v -2.000000000000e-02 0.000000000000e+00 -1.800000000000e-01
v -3.000000000000e-02 0.000000000000e+00 -1.300000000000e-01
v -1.000000000000e-02 0.000000000000e+00 -1.800000000000e-01
v -3.000000000000e-02 0.000000000000e+00 -1.800000000000e-01
v -1.000000000000e-02 0.000000000000e+00 -1.600000000000e-01
v -2.000000000000e-02 0.000000000000e+00 -1.600000000000e-01
v -3.000000000000e-02 0.000000000000e+00 -1.600000000000e-01
v -2.000000000000e-02 0.000000000000e+00 -1.400000000000e-01
v -3.000000000000e-02 0.000000000000e+00 -1.400000000000e-01
v -1.000000000000e-02 0.000000000000e+00 -1.500000000000e-01
v -2.000000000000e-02 0.000000000000e+00 -1.500000000000e-01
v -3.000000000000e-02 0.000000000000e+00 -1.500000000000e-01
v 2.000000000000e-02 0.000000000000e+00 -1.800000000000e-01
v 1.000000000000e-02 0.000000000000e+00 -1.500000000000e-01
v 4.000000000000e-02 0.000000000000e+00 -1.900000000000e-01
v 3.000000000000e-02 0.000000000000e+00 -1.900000000000e-01
v 2.000000000000e-02 0.000000000000e+00 -1.900000000000e-01
v 0.000000000000e+00 0.000000000000e+00 -1.500000000000e-01
v 2.000000000000e-02 0.000000000000e+00 -1.600000000000e-01
v 0.000000000000e+00 0.000000000000e+00 -1.800000000000e-01
v 1.000000000000e-02 0.000000000000e+00 -1.800000000000e-01
v 3.000000000000e-02 0.000000000000e+00 -1.800000000000e-01
v 0.000000000000e+00 0.000000000000e+00 -1.700000000000e-01
v 1.000000000000e-02 0.000000000000e+00 -1.700000000000e-01
v 2.000000000000e-02 0.000000000000e+00 -1.700000000000e-01
v 0.000000000000e+00 0.000000000000e+00 -1.600000000000e-01
v 1.000000000000e-02 0.000000000000e+00 -1.600000000000e-01
v -1.800000000000e-01 0.000000000000e+00 9.000000000000e-02
v -1.500000000000e-01 0.000000000000e+00 6.000000000000e-02
v -1.600000000000e-01 0.000000000000e+00 8.000000000000e-02
v -1.700000000000e-01 0.000000000000e+00 8.000000000000e-02
v -1.800000000000e-01 0.000000000000e+00 8.000000000000e-02
v -1.500000000000e-01 0.000000000000e+00 7.000000000000e-02
v -1.600000000000e-01 0.000000000000e+00 7.000000000000e-02
v -1.700000000000e-01 0.000000000000e+00 7.000000000000e-02
v -1.800000000000e-01 0.000000000000e+00 7.000000000000e-02
v -1.400000000000e-01 0.000000000000e+00 6.000000000000e-02
v -1.600000000000e-01 0.000000000000e+00 5.000000000000e-02
v -1.500000000000e-01 0.000000000000e+00 5.000000000000e-02
v -1.400000000000e-01 0.000000000000e+00 5.000000000000e-02
v -1.700000000000e-01 0.000000000000e+00 6.000000000000e-02
v -1.600000000000e-01 0.000000000000e+00 6.000000000000e-02
v -1.700000000000e-01 0.000000000000e+00 1.100000000000e-01
v -1.500000000000e-01 0.000000000000e+00 8.000000000000e-02
v -1.800000000000e-01 0.000000000000e+00 1.000000000000e-01
v -1.700000000000e-01 0.000000000000e+00 1.000000000000e-01
v -1.600000000000e-01 0.000000000000e+00 1.000000000000e-01
v -1.400000000000e-01 0.000000000000e+00 7.000000000000e-02
v -1.500000000000e-01 0.000000000000e+00 1.000000000000e-01
v -1.400000000000e-01 0.000000000000e+00 8.000000000000e-02
v -1.500000000000e-01 0.000000000000e+00 9.000000000000e-02
v -1.900000000000e-01 0.000000000000e+00 1.100000000000e-01
v -1.600000000000e-01 0.000000000000e+00 1.100000000000e-01
v -1.800000000000e-01 0.000000000000e+00 1.100000000000e-01
v -1.700000000000e-01 0.000000000000e+00 9.000000000000e-02
v -1.600000000000e-01 0.000000000000e+00 9.000000000000e-02
v -1.200000000000e-01 0.000000000000e+00 7.000000000000e-02
v -1.100000000000e-01 0.000000000000e+00 6.000000000000e-02
v -1.200000000000e-01 0.000000000000e+00 6.000000000000e-02
v -1.300000000000e-01 0.000000000000e+00 6.000000000000e-02
v -1.400000000000e-01 0.000000000000e+00 9.000000000000e-02
v -1.400000000000e-01 0.000000000000e+00 1.000000000000e-01
v -1.300000000000e-01 0.000000000000e+00 7.000000000000e-02
v -1.200000000000e-01 0.000000000000e+00 8.000000000000e-02
v -1.100000000000e-01 0.000000000000e+00 5.000000000000e-02
v -1.000000000000e-01 0.000000000000e+00 5.000000000000e-02
v -1.200000000000e-01 0.000000000000e+00 5.000000000000e-02
v -1.300000000000e-01 0.000000000000e+00 5.000000000000e-02
v -1.300000000000e-01 0.000000000000e+00 1.000000000000e-01
v -1.300000000000e-01 0.000000000000e+00 9.000000000000e-02
v -1.300000000000e-01 0.000000000000e+00 8.000000000000e-02
v -6.000000000000e-02 0.000000000000e+00 6.000000000000e-02
v -7.000000000000e-02 0.000000000000e+00 5.000000000000e-02
v -6.000000000000e-02 0.000000000000e+00 9.000000000000e-02
v -8.000000000000e-02 0.000000000000e+00 6.000000000000e-02
v -7.000000000000e-02 0.000000000000e+00 6.000000000000e-02
v -7.000000000000e-02 0.000000000000e+00 9.000000000000e-02
v -8.000000000000e-02 0.000000000000e+00 9.000000000000e-02
v -8.000000000000e-02 0.000000000000e+00 7.000000000000e-02
v -7.000000000000e-02 0.000000000000e+00 7.000000000000e-02
v -6.000000000000e-02 0.000000000000e+00 7.000000000000e-02
v -8.000000000000e-02 0.000000000000e+00 8.000000000000e-02
v -7.000000000000e-02 0.000000000000e+00 8.000000000000e-02
v -6.000000000000e-02 0.000000000000e+00 8.000000000000e-02
v -8.000000000000e-02 0.000000000000e+00 5.000000000000e-02
v -1.000000000000e-01 0.000000000000e+00 6.000000000000e-02
v -9.000000000000e-02 0.000000000000e+00 8.000000000000e-02
v -1.000000000000e-01 0.000000000000e+00 8.000000000000e-02
v -1.100000000000e-01 0.000000000000e+00 7.000000000000e-02
v -1.100000000000e-01 0.000000000000e+00 9.000000000000e-02
v -1.000000000000e-01 0.000000000000e+00 9.000000000000e-02
v -1.000000000000e-01 0.000000000000e+00 7.000000000000e-02
v -9.000000000000e-02 0.000000000000e+00 7.000000000000e-02
v -9.000000000000e-02 0.000000000000e+00 9.000000000000e-02
v -9.000000000000e-02 0.000000000000e+00 6.000000000000e-02
v -1.100000000000e-01 0.000000000000e+00 8.000000000000e-02
v -1.200000000000e-01 0.000000000000e+00 9.000000000000e-02
v -1.100000000000e-01 0.000000000000e+00 1.000000000000e-01
v -1.200000000000e-01 0.000000000000e+00 1.000000000000e-01
v -9.000000000000e-02 0.000000000000e+00 5.000000000000e-02
v -1.000000000000e-01 0.000000000000e+00 1.000000000000e-01
v -1.500000000000e-01 0.000000000000e+00 0.000000000000e+00
v -1.200000000000e-01 0.000000000000e+00 -3.000000000000e-02
v -1.600000000000e-01 0.000000000000e+00 0.000000000000e+00
v -1.300000000000e-01 0.000000000000e+00 -1.000000000000e-02
v -1.200000000000e-01 0.000000000000e+00 -1.000000000000e-02
v -1.400000000000e-01 0.000000000000e+00 0.000000000000e+00
v -1.300000000000e-01 0.000000000000e+00 0.000000000000e+00
v -1.100000000000e-01 0.000000000000e+00 -3.000000000000e-02
v -1.400000000000e-01 0.000000000000e+00 1.000000000000e-02
v -1.500000000000e-01 0.000000000000e+00 1.000000000000e-02
v -1.600000000000e-01 0.000000000000e+00 1.000000000000e-02
v -1.300000000000e-01 0.000000000000e+00 -2.000000000000e-02
v -1.200000000000e-01 0.000000000000e+00 -2.000000000000e-02
v -1.700000000000e-01 0.000000000000e+00 1.000000000000e-02
v -1.400000000000e-01 0.000000000000e+00 -1.000000000000e-02
v -1.700000000000e-01 0.000000000000e+00 2.000000000000e-02
v -1.300000000000e-01 0.000000000000e+00 1.000000000000e-02
v -1.600000000000e-01 0.000000000000e+00 2.000000000000e-02
v -1.500000000000e-01 0.000000000000e+00 2.000000000000e-02
v -1.400000000000e-01 0.000000000000e+00 2.000000000000e-02
v -1.300000000000e-01 0.000000000000e+00 2.000000000000e-02
v -1.700000000000e-01 0.000000000000e+00 5.000000000000e-02
v -1.700000000000e-01 0.000000000000e+00 4.000000000000e-02
v -1.700000000000e-01 0.000000000000e+00 3.000000000000e-02
v -1.600000000000e-01 0.000000000000e+00 3.000000000000e-02
v -1.500000000000e-01 0.000000000000e+00 3.000000000000e-02
v -1.500000000000e-01 0.000000000000e+00 4.000000000000e-02
v -1.400000000000e-01 0.000000000000e+00 4.000000000000e-02
v -1.400000000000e-01 0.000000000000e+00 3.000000000000e-02
v -1.600000000000e-01 0.000000000000e+00 4.000000000000e-02
v -8.000000000000e-02 0.000000000000e+00 -3.000000000000e-02
v -9.000000000000e-02 0.000000000000e+00 -3.000000000000e-02
v -8.000000000000e-02 0.000000000000e+00 -4.000000000000e-02
v -1.000000000000e-01 0.000000000000e+00 -3.000000000000e-02
v -7.000000000000e-02 0.000000000000e+00 -4.000000000000e-02
v -6.000000000000e-02 0.000000000000e+00 -4.000000000000e-02
v -1.000000000000e-01 0.000000000000e+00 -2.000000000000e-02
v -9.000000000000e-02 0.000000000000e+00 -2.000000000000e-02
v -8.000000000000e-02 0.000000000000e+00 -2.000000000000e-02
v -1.100000000000e-01 0.000000000000e+00 -2.000000000000e-02
v -7.000000000000e-02 0.000000000000e+00 -3.000000000000e-02
v -9.000000000000e-02 0.000000000000e+00 -4.000000000000e-02
v -1.100000000000e-01 0.000000000000e+00 -1.000000000000e-02
v -1.000000000000e-01 0.000000000000e+00 -1.000000000000e-02
v -9.000000000000e-02 0.000000000000e+00 -1.000000000000e-02
v -1.100000000000e-01 0.000000000000e+00 3.000000000000e-02
v -1.000000000000e-01 0.000000000000e+00 0.000000000000e+00
v -1.200000000000e-01 0.000000000000e+00 0.000000000000e+00
v -1.000000000000e-01 0.000000000000e+00 1.000000000000e-02
v -1.100000000000e-01 0.000000000000e+00 1.000000000000e-02
v -1.200000000000e-01 0.000000000000e+00 3.000000000000e-02
v -1.300000000000e-01 0.000000000000e+00 3.000000000000e-02
v -1.100000000000e-01 0.000000000000e+00 0.000000000000e+00
v -1.200000000000e-01 0.000000000000e+00 1.000000000000e-02
v -1.000000000000e-01 0.000000000000e+00 3.000000000000e-02
v -1.100000000000e-01 0.000000000000e+00 4.000000000000e-02
v -1.000000000000e-01 0.000000000000e+00 2.000000000000e-02
v -1.300000000000e-01 0.000000000000e+00 4.000000000000e-02
v -1.200000000000e-01 0.000000000000e+00 4.000000000000e-02
v -1.200000000000e-01 0.000000000000e+00 2.000000000000e-02
v -1.100000000000e-01 0.000000000000e+00 2.000000000000e-02
v -8.000000000000e-02 0.000000000000e+00 3.000000000000e-02
v -8.000000000000e-02 0.000000000000e+00 0.000000000000e+00
v -7.000000000000e-02 0.000000000000e+00 0.000000000000e+00
v -9.000000000000e-02 0.000000000000e+00 1.000000000000e-02
v -9.000000000000e-02 0.000000000000e+00 0.000000000000e+00
v -8.000000000000e-02 0.000000000000e+00 1.000000000000e-02
v -7.000000000000e-02 0.000000000000e+00 1.000000000000e-02
v -9.000000000000e-02 0.000000000000e+00 3.000000000000e-02
v -1.000000000000e-01 0.000000000000e+00 4.000000000000e-02
v -9.000000000000e-02 0.000000000000e+00 4.000000000000e-02
v -7.000000000000e-02 0.000000000000e+00 2.000000000000e-02
v -7.000000000000e-02 0.000000000000e+00 -1.000000000000e-02
v -8.000000000000e-02 0.000000000000e+00 -1.000000000000e-02
v -8.000000000000e-02 0.000000000000e+00 2.000000000000e-02
v -9.000000000000e-02 0.000000000000e+00 2.000000000000e-02
v -6.000000000000e-02 0.000000000000e+00 0.000000000000e+00
v -4.000000000000e-02 0.000000000000e+00 -3.000000000000e-02
v -5.000000000000e-02 0.000000000000e+00 -3.000000000000e-02
v -6.000000000000e-02 0.000000000000e+00 -3.000000000000e-02
v -4.000000000000e-02 0.000000000000e+00 -4.000000000000e-02
v -6.000000000000e-02 0.000000000000e+00 1.000000000000e-02
v -5.000000000000e-02 0.000000000000e+00 1.000000000000e-02
v -4.000000000000e-02 0.000000000000e+00 -2.000000000000e-02
v -5.000000000000e-02 0.000000000000e+00 -2.000000000000e-02
v -6.000000000000e-02 0.000000000000e+00 -2.000000000000e-02
v -7.000000000000e-02 0.000000000000e+00 -2.000000000000e-02
v -6.000000000000e-02 0.000000000000e+00 -1.000000000000e-02
v -5.000000000000e-02 0.000000000000e+00 -1.000000000000e-02
v -5.000000000000e-02 0.000000000000e+00 -4.000000000000e-02
v -5.000000000000e-02 0.000000000000e+00 0.000000000000e+00
v -1.000000000000e-02 0.000000000000e+00 -4.000000000000e-02
v -3.000000000000e-02 0.000000000000e+00 0.000000000000e+00
v -2.000000000000e-02 0.000000000000e+00 -4.000000000000e-02
v -3.000000000000e-02 0.000000000000e+00 -4.000000000000e-02
v -4.000000000000e-02 0.000000000000e+00 0.000000000000e+00
v -3.000000000000e-02 0.000000000000e+00 -2.000000000000e-02
v -2.000000000000e-02 0.000000000000e+00 -1.000000000000e-02
v -2.000000000000e-02 0.000000000000e+00 -2.000000000000e-02
v -3.000000000000e-02 0.000000000000e+00 -3.000000000000e-02
v -2.000000000000e-02 0.000000000000e+00 -3.000000000000e-02
v -1.000000000000e-02 0.000000000000e+00 -3.000000000000e-02
v -1.000000000000e-02 0.000000000000e+00 -2.000000000000e-02
v -4.000000000000e-02 0.000000000000e+00 -1.000000000000e-02
v -3.000000000000e-02 0.000000000000e+00 -1.000000000000e-02
v -4.000000000000e-02 0.000000000000e+00 1.000000000000e-02
v -3.000000000000e-02 0.000000000000e+00 6.000000000000e-02
v -4.000000000000e-02 0.000000000000e+00 6.000000000000e-02
v -4.000000000000e-02 0.000000000000e+00 8.000000000000e-02
v -2.000000000000e-02 0.000000000000e+00 6.000000000000e-02
v -2.000000000000e-02 0.000000000000e+00 7.000000000000e-02
v -3.000000000000e-02 0.000000000000e+00 7.000000000000e-02
v -2.000000000000e-02 0.000000000000e+00 5.000000000000e-02
v -5.000000000000e-02 0.000000000000e+00 6.000000000000e-02
v -3.000000000000e-02 0.000000000000e+00 8.000000000000e-02
v -5.000000000000e-02 0.000000000000e+00 8.000000000000e-02
v -4.000000000000e-02 0.000000000000e+00 7.000000000000e-02
v -5.000000000000e-02 0.000000000000e+00 7.000000000000e-02
v -3.000000000000e-02 0.000000000000e+00 5.000000000000e-02
v -4.000000000000e-02 0.000000000000e+00 5.000000000000e-02
v -2.000000000000e-02 0.000000000000e+00 0.000000000000e+00
v -1.000000000000e-02 0.000000000000e+00 0.000000000000e+00
v -3.000000000000e-02 0.000000000000e+00 4.000000000000e-02
v -1.000000000000e-02 0.000000000000e+00 3.000000000000e-02
v -2.000000000000e-02 0.000000000000e+00 3.000000000000e-02
v -3.000000000000e-02 0.000000000000e+00 3.000000000000e-02
v -1.000000000000e-02 0.000000000000e+00 2.000000000000e-02
v -2.000000000000e-02 0.000000000000e+00 2.000000000000e-02
v -3.000000000000e-02 0.000000000000e+00 2.000000000000e-02
v -1.000000000000e-02 0.000000000000e+00 -1.000000000000e-02
v -1.000000000000e-02 0.000000000000e+00 1.000000000000e-02
v -2.000000000000e-02 0.000000000000e+00 4.000000000000e-02
v -1.000000000000e-02 0.000000000000e+00 4.000000000000e-02
v -2.000000000000e-02 0.000000000000e+00 1.000000000000e-02
v -3.000000000000e-02 0.000000000000e+00 1.000000000000e-02
v -4.000000000000e-02 0.000000000000e+00 4.000000000000e-02
v -4.000000000000e-02 0.000000000000e+00 3.000000000000e-02
v -5.000000000000e-02 0.000000000000e+00 3.000000000000e-02
v -6.000000000000e-02 0.000000000000e+00 3.000000000000e-02
v -7.000000000000e-02 0.000000000000e+00 3.000000000000e-02
v -6.000000000000e-02 0.000000000000e+00 5.000000000000e-02
v -5.000000000000e-02 0.000000000000e+00 5.000000000000e-02
v -8.000000000000e-02 0.000000000000e+00 4.000000000000e-02
v -4.000000000000e-02 0.000000000000e+00 2.000000000000e-02
v -5.000000000000e-02 0.000000000000e+00 2.000000000000e-02
v -6.000000000000e-02 0.000000000000e+00 2.000000000000e-02
v -6.000000000000e-02 0.000000000000e+00 4.000000000000e-02
v -5.000000000000e-02 0.000000000000e+00 4.000000000000e-02
v -7.000000000000e-02 0.000000000000e+00 4.000000000000e-02
v 5.000000000000e-02 0.000000000000e+00 -2.000000000000e-02
v 4.000000000000e-02 0.000000000000e+00 0.000000000000e+00
v 5.000000000000e-02 0.000000000000e+00 0.000000000000e+00
v 6.000000000000e-02 0.000000000000e+00 0.000000000000e+00
v 7.000000000000e-02 0.000000000000e+00 0.000000000000e+00
v 7.000000000000e-02 0.000000000000e+00 -1.000000000000e-02
v 6.000000000000e-02 0.000000000000e+00 -1.000000000000e-02
v 5.000000000000e-02 0.000000000000e+00 -1.000000000000e-02
v 4.000000000000e-02 0.000000000000e+00 -1.000000000000e-02
v 4.000000000000e-02 0.000000000000e+00 1.000000000000e-02
v 5.000000000000e-02 0.000000000000e+00 1.000000000000e-02
v 6.000000000000e-02 0.000000000000e+00 1.000000000000e-02
v 8.000000000000e-02 0.000000000000e+00 -1.000000000000e-02
v 6.000000000000e-02 0.000000000000e+00 -2.000000000000e-02
v 7.000000000000e-02 0.000000000000e+00 -2.000000000000e-02
v 8.000000000000e-02 0.000000000000e+00 -2.000000000000e-02
v -1.000000000000e-02 0.000000000000e+00 6.000000000000e-02
v 0.000000000000e+00 0.000000000000e+00 4.000000000000e-02
v 1.000000000000e-02 0.000000000000e+00 4.000000000000e-02
v 2.000000000000e-02 0.000000000000e+00 4.000000000000e-02
v 3.000000000000e-02 0.000000000000e+00 4.000000000000e-02
v 1.000000000000e-02 0.000000000000e+00 6.000000000000e-02
v 3.000000000000e-02 0.000000000000e+00 3.000000000000e-02
v 4.000000000000e-02 0.000000000000e+00 3.000000000000e-02
v 0.000000000000e+00 0.000000000000e+00 6.000000000000e-02
v 5.000000000000e-02 0.000000000000e+00 2.000000000000e-02
v -1.000000000000e-02 0.000000000000e+00 5.000000000000e-02
v 0.000000000000e+00 0.000000000000e+00 5.000000000000e-02
v 1.000000000000e-02 0.000000000000e+00 5.000000000000e-02
v 2.000000000000e-02 0.000000000000e+00 5.000000000000e-02
v 4.000000000000e-02 0.000000000000e+00 2.000000000000e-02
v 3.000000000000e-02 0.000000000000e+00 -1.000000000000e-02
v 3.000000000000e-02 0.000000000000e+00 0.000000000000e+00
v 1.000000000000e-02 0.000000000000e+00 0.000000000000e+00
v 0.000000000000e+00 0.000000000000e+00 3.000000000000e-02
v 1.000000000000e-02 0.000000000000e+00 3.000000000000e-02
v 2.000000000000e-02 0.000000000000e+00 0.000000000000e+00
v 2.000000000000e-02 0.000000000000e+00 3.000000000000e-02
v 0.000000000000e+00 0.000000000000e+00 2.000000000000e-02
v 0.000000000000e+00 0.000000000000e+00 1.000000000000e-02
v 1.000000000000e-02 0.000000000000e+00 1.000000000000e-02
v 2.000000000000e-02 0.000000000000e+00 1.000000000000e-02
v 3.000000000000e-02 0.000000000000e+00 1.000000000000e-02
v 3.000000000000e-02 0.000000000000e+00 2.000000000000e-02
v 2.000000000000e-02 0.000000000000e+00 2.000000000000e-02
v 1.000000000000e-02 0.000000000000e+00 2.000000000000e-02
v 2.000000000000e-02 0.000000000000e+00 -1.000000000000e-02
v 1.000000000000e-02 0.000000000000e+00 -1.000000000000e-02
v 1.000000000000e-02 0.000000000000e+00 -3.000000000000e-02
v 2.000000000000e-02 0.000000000000e+00 -3.000000000000e-02
v 0.000000000000e+00 0.000000000000e+00 -1.000000000000e-02
v 2.000000000000e-02 0.000000000000e+00 -2.000000000000e-02
v 1.000000000000e-02 0.000000000000e+00 -2.000000000000e-02
v 0.000000000000e+00 0.000000000000e+00 0.000000000000e+00
v 0.000000000000e+00 0.000000000000e+00 -2.000000000000e-02
v 0.000000000000e+00 0.000000000000e+00 -3.000000000000e-02
v 1.000000000000e-02 0.000000000000e+00 -5.000000000000e-02
v 2.000000000000e-02 0.000000000000e+00 -5.000000000000e-02
v 0.000000000000e+00 0.000000000000e+00 -4.000000000000e-02
v 1.000000000000e-02 0.000000000000e+00 -4.000000000000e-02
v 2.000000000000e-02 0.000000000000e+00 -4.000000000000e-02
v 8.000000000000e-02 0.000000000000e+00 -5.000000000000e-02
v 7.000000000000e-02 0.000000000000e+00 -4.000000000000e-02
v 8.000000000000e-02 0.000000000000e+00 -4.000000000000e-02
v 8.000000000000e-02 0.000000000000e+00 -6.000000000000e-02
v 6.000000000000e-02 0.000000000000e+00 -3.000000000000e-02
v 7.000000000000e-02 0.000000000000e+00 -3.000000000000e-02
v 8.000000000000e-02 0.000000000000e+00 -3.000000000000e-02
v 7.000000000000e-02 0.000000000000e+00 -6.000000000000e-02
v 6.000000000000e-02 0.000000000000e+00 -6.000000000000e-02
v 6.000000000000e-02 0.000000000000e+00 -4.000000000000e-02
v 8.000000000000e-02 0.000000000000e+00 -7.000000000000e-02
v 7.000000000000e-02 0.000000000000e+00 -7.000000000000e-02
v 6.000000000000e-02 0.000000000000e+00 -7.000000000000e-02
v 6.000000000000e-02 0.000000000000e+00 -5.000000000000e-02
v 7.000000000000e-02 0.000000000000e+00 -5.000000000000e-02
v 5.000000000000e-02 0.000000000000e+00 -4.000000000000e-02
v 4.000000000000e-02 0.000000000000e+00 -4.000000000000e-02
v 4.000000000000e-02 0.000000000000e+00 -6.000000000000e-02
v 5.000000000000e-02 0.000000000000e+00 -6.000000000000e-02
v 3.000000000000e-02 0.000000000000e+00 -4.000000000000e-02
v 5.000000000000e-02 0.000000000000e+00 -7.000000000000e-02
v 4.000000000000e-02 0.000000000000e+00 -5.000000000000e-02
v 3.000000000000e-02 0.000000000000e+00 -5.000000000000e-02
v 5.000000000000e-02 0.000000000000e+00 -5.000000000000e-02
v 3.000000000000e-02 0.000000000000e+00 -3.000000000000e-02
v 4.000000000000e-02 0.000000000000e+00 -3.000000000000e-02
v 4.000000000000e-02 0.000000000000e+00 -2.000000000000e-02
v 3.000000000000e-02 0.000000000000e+00 -2.000000000000e-02
v 5.000000000000e-02 0.000000000000e+00 -3.000000000000e-02
v -7.000000000000e-02 0.000000000000e+00 -1.900000000000e-01
v -4.000000000000e-02 0.000000000000e+00 -1.900000000000e-01
v -4.000000000000e-02 0.000000000000e+00 -1.800000000000e-01
v -5.000000000000e-02 0.000000000000e+00 -1.900000000000e-01
v -6.000000000000e-02 0.000000000000e+00 -1.900000000000e-01
v -7.000000000000e-02 0.000000000000e+00 -2.100000000000e-01
v -6.000000000000e-02 0.000000000000e+00 -2.000000000000e-01
v -5.000000000000e-02 0.000000000000e+00 -1.800000000000e-01
v -7.000000000000e-02 0.000000000000e+00 -2.000000000000e-01
v -6.000000000000e-02 0.000000000000e+00 -2.100000000000e-01
v -6.000000000000e-02 0.000000000000e+00 -1.800000000000e-01
v -7.000000000000e-02 0.000000000000e+00 -1.800000000000e-01
v -5.000000000000e-02 0.000000000000e+00 -2.000000000000e-01
v -5.000000000000e-02 0.000000000000e+00 -2.100000000000e-01
v -1.000000000000e-02 0.000000000000e+00 -1.900000000000e-01
v -3.000000000000e-02 0.000000000000e+00 -2.000000000000e-01
v -4.000000000000e-02 0.000000000000e+00 -2.000000000000e-01
v -2.000000000000e-02 0.000000000000e+00 -2.000000000000e-01
v -1.000000000000e-02 0.000000000000e+00 -2.000000000000e-01
v -1.000000000000e-02 0.000000000000e+00 -2.200000000000e-01
v -2.000000000000e-02 0.000000000000e+00 -2.200000000000e-01
v -3.000000000000e-02 0.000000000000e+00 -2.200000000000e-01
v -4.000000000000e-02 0.000000000000e+00 -2.200000000000e-01
v -3.000000000000e-02 0.000000000000e+00 -1.900000000000e-01
v -1.000000000000e-02 0.000000000000e+00 -2.100000000000e-01
v -3.000000000000e-02 0.000000000000e+00 -2.100000000000e-01
v -4.000000000000e-02 0.000000000000e+00 -2.100000000000e-01
v -2.000000000000e-02 0.000000000000e+00 -1.900000000000e-01
v -2.000000000000e-02 0.000000000000e+00 -2.100000000000e-01
v -7.000000000000e-02 0.000000000000e+00 -2.200000000000e-01
v -6.000000000000e-02 0.000000000000e+00 -2.200000000000e-01
v -5.000000000000e-02 0.000000000000e+00 -2.200000000000e-01
v -5.000000000000e-02 0.000000000000e+00 -2.600000000000e-01
v -4.000000000000e-02 0.000000000000e+00 -2.600000000000e-01
v -4.000000000000e-02 0.000000000000e+00 -2.400000000000e-01
v -6.000000000000e-02 0.000000000000e+00 -2.500000000000e-01
v -6.000000000000e-02 0.000000000000e+00 -2.400000000000e-01
v -5.000000000000e-02 0.000000000000e+00 -2.400000000000e-01
v -5.000000000000e-02 0.000000000000e+00 -2.500000000000e-01
v -4.000000000000e-02 0.000000000000e+00 -2.500000000000e-01
v -6.000000000000e-02 0.000000000000e+00 -2.300000000000e-01
v -7.000000000000e-02 0.000000000000e+00 -2.300000000000e-01
v -5.000000000000e-02 0.000000000000e+00 -2.300000000000e-01
v -4.000000000000e-02 0.000000000000e+00 -2.300000000000e-01
v -4.000000000000e-02 0.000000000000e+00 -2.800000000000e-01
v -2.000000000000e-02 0.000000000000e+00 -3.000000000000e-01
v -3.000000000000e-02 0.000000000000e+00 -3.000000000000e-01
v -4.000000000000e-02 0.000000000000e+00 -3.000000000000e-01
v -1.000000000000e-02 0.000000000000e+00 -3.000000000000e-01
v -5.000000000000e-02 0.000000000000e+00 -2.700000000000e-01
v -4.000000000000e-02 0.000000000000e+00 -2.700000000000e-01
v -3.000000000000e-02 0.000000000000e+00 -2.700000000000e-01
v -5.000000000000e-02 0.000000000000e+00 -2.800000000000e-01
v -2.000000000000e-02 0.000000000000e+00 -2.800000000000e-01
v -3.000000000000e-02 0.000000000000e+00 -2.800000000000e-01
v -2.000000000000e-02 0.000000000000e+00 -2.900000000000e-01
v -3.000000000000e-02 0.000000000000e+00 -2.900000000000e-01
v -4.000000000000e-02 0.000000000000e+00 -2.900000000000e-01
v -1.000000000000e-02 0.000000000000e+00 -2.900000000000e-01
v -2.000000000000e-02 0.000000000000e+00 -2.500000000000e-01
v -3.000000000000e-02 0.000000000000e+00 -2.500000000000e-01
v -1.000000000000e-02 0.000000000000e+00 -2.800000000000e-01
v -1.000000000000e-02 0.000000000000e+00 -2.500000000000e-01
v -3.000000000000e-02 0.000000000000e+00 -2.600000000000e-01
v -2.000000000000e-02 0.000000000000e+00 -2.600000000000e-01
v -1.000000000000e-02 0.000000000000e+00 -2.600000000000e-01
v -1.000000000000e-02 0.000000000000e+00 -2.300000000000e-01
v -1.000000000000e-02 0.000000000000e+00 -2.400000000000e-01
v -2.000000000000e-02 0.000000000000e+00 -2.400000000000e-01
v -3.000000000000e-02 0.000000000000e+00 -2.400000000000e-01
v -2.000000000000e-02 0.000000000000e+00 -2.700000000000e-01
v -1.000000000000e-02 0.000000000000e+00 -2.700000000000e-01
v -2.000000000000e-02 0.000000000000e+00 -2.300000000000e-01
v -3.000000000000e-02 0.000000000000e+00 -2.300000000000e-01
v -1.000000000000e-01 0.000000000000e+00 -2.900000000000e-01
v -1.000000000000e-01 0.000000000000e+00 -2.700000000000e-01
v -9.000000000000e-02 0.000000000000e+00 -2.700000000000e-01
v -9.000000000000e-02 0.000000000000e+00 -2.900000000000e-01
v -9.000000000000e-02 0.000000000000e+00 -2.600000000000e-01
v -1.000000000000e-01 0.000000000000e+00 -2.600000000000e-01
v -1.100000000000e-01 0.000000000000e+00 -2.500000000000e-01
v -1.000000000000e-01 0.000000000000e+00 -2.500000000000e-01
v -1.000000000000e-01 0.000000000000e+00 -2.800000000000e-01
v -9.000000000000e-02 0.000000000000e+00 -2.800000000000e-01
v -9.000000000000e-02 0.000000000000e+00 -2.500000000000e-01
v -1.000000000000e-01 0.000000000000e+00 -2.400000000000e-01
v -1.100000000000e-01 0.000000000000e+00 -2.400000000000e-01
v -1.100000000000e-01 0.000000000000e+00 -2.600000000000e-01
v -5.000000000000e-02 0.000000000000e+00 -3.000000000000e-01
v -6.000000000000e-02 0.000000000000e+00 -3.000000000000e-01
v -6.000000000000e-02 0.000000000000e+00 -2.800000000000e-01
v -7.000000000000e-02 0.000000000000e+00 -2.800000000000e-01
v -8.000000000000e-02 0.000000000000e+00 -2.800000000000e-01
v -6.000000000000e-02 0.000000000000e+00 -2.700000000000e-01
v -7.000000000000e-02 0.000000000000e+00 -2.700000000000e-01
v -8.000000000000e-02 0.000000000000e+00 -2.700000000000e-01
v -8.000000000000e-02 0.000000000000e+00 -2.600000000000e-01
v -7.000000000000e-02 0.000000000000e+00 -3.000000000000e-01
v -5.000000000000e-02 0.000000000000e+00 -2.900000000000e-01
v -6.000000000000e-02 0.000000000000e+00 -2.900000000000e-01
v -8.000000000000e-02 0.000000000000e+00 -2.900000000000e-01
v -7.000000000000e-02 0.000000000000e+00 -2.900000000000e-01
v -7.000000000000e-02 0.000000000000e+00 -2.600000000000e-01
v -6.000000000000e-02 0.000000000000e+00 -2.600000000000e-01
v -8.000000000000e-02 0.000000000000e+00 -2.500000000000e-01
v -7.000000000000e-02 0.000000000000e+00 -2.500000000000e-01
v -1.200000000000e-01 0.000000000000e+00 -2.200000000000e-01
v -8.000000000000e-02 0.000000000000e+00 -2.200000000000e-01
v -9.000000000000e-02 0.000000000000e+00 -2.200000000000e-01
v -1.000000000000e-01 0.000000000000e+00 -2.200000000000e-01
v -1.100000000000e-01 0.000000000000e+00 -2.200000000000e-01
v -8.000000000000e-02 0.000000000000e+00 -2.300000000000e-01
v -9.000000000000e-02 0.000000000000e+00 -2.300000000000e-01
v -9.000000000000e-02 0.000000000000e+00 -2.400000000000e-01
v -7.000000000000e-02 0.000000000000e+00 -2.400000000000e-01
v -1.000000000000e-01 0.000000000000e+00 -2.300000000000e-01
v -1.100000000000e-01 0.000000000000e+00 -2.300000000000e-01
v -8.000000000000e-02 0.000000000000e+00 -2.400000000000e-01
v -1.000000000000e-01 0.000000000000e+00 -1.800000000000e-01
v -9.000000000000e-02 0.000000000000e+00 -1.900000000000e-01
v -9.000000000000e-02 0.000000000000e+00 -1.800000000000e-01
v -8.000000000000e-02 0.000000000000e+00 -2.000000000000e-01
v -9.000000000000e-02 0.000000000000e+00 -2.000000000000e-01
v -1.000000000000e-01 0.000000000000e+00 -2.000000000000e-01
v -8.000000000000e-02 0.000000000000e+00 -1.700000000000e-01
v -9.000000000000e-02 0.000000000000e+00 -1.700000000000e-01
v -8.000000000000e-02 0.000000000000e+00 -1.800000000000e-01
v -1.000000000000e-01 0.000000000000e+00 -1.700000000000e-01
v -8.000000000000e-02 0.000000000000e+00 -2.100000000000e-01
v -1.000000000000e-01 0.000000000000e+00 -2.100000000000e-01
v -9.000000000000e-02 0.000000000000e+00 -2.100000000000e-01
v -8.000000000000e-02 0.000000000000e+00 -1.900000000000e-01
v -1.000000000000e-01 0.000000000000e+00 -1.900000000000e-01
v -1.300000000000e-01 0.000000000000e+00 -1.800000000000e-01
v -1.200000000000e-01 0.000000000000e+00 -1.800000000000e-01
v -1.100000000000e-01 0.000000000000e+00 -1.800000000000e-01
v -1.100000000000e-01 0.000000000000e+00 -2.000000000000e-01
v -1.300000000000e-01 0.000000000000e+00 -1.600000000000e-01
v -1.300000000000e-01 0.000000000000e+00 -1.700000000000e-01
v -1.100000000000e-01 0.000000000000e+00 -1.900000000000e-01
v -1.200000000000e-01 0.000000000000e+00 -1.900000000000e-01
v -1.300000000000e-01 0.000000000000e+00 -1.900000000000e-01
v -1.200000000000e-01 0.000000000000e+00 -1.700000000000e-01
v -1.300000000000e-01 0.000000000000e+00 -2.000000000000e-01
v -1.200000000000e-01 0.000000000000e+00 -2.000000000000e-01
v -1.100000000000e-01 0.000000000000e+00 -2.100000000000e-01
v -1.200000000000e-01 0.000000000000e+00 -2.100000000000e-01
v -1.100000000000e-01 0.000000000000e+00 -1.700000000000e-01
v 1.000000000000e-01 0.000000000000e+00 -3.200000000000e-01
v 9.000000000000e-02 0.000000000000e+00 -3.400000000000e-01
v 9.000000000000e-02 0.000000000000e+00 -3.500000000000e-01
v 1.100000000000e-01 0.000000000000e+00 -3.200000000000e-01
v 1.000000000000e-01 0.000000000000e+00 -3.300000000000e-01
v 1.000000000000e-01 0.000000000000e+00 -3.500000000000e-01
v 1.100000000000e-01 0.000000000000e+00 -3.500000000000e-01
v 9.000000000000e-02 0.000000000000e+00 -3.200000000000e-01
v 1.100000000000e-01 0.000000000000e+00 -3.400000000000e-01
v 1.000000000000e-01 0.000000000000e+00 -3.400000000000e-01
v 1.100000000000e-01 0.000000000000e+00 -3.100000000000e-01
v 1.000000000000e-01 0.000000000000e+00 -3.100000000000e-01
v 9.000000000000e-02 0.000000000000e+00 -3.100000000000e-01
v 1.100000000000e-01 0.000000000000e+00 -3.300000000000e-01
v 9.000000000000e-02 0.000000000000e+00 -3.300000000000e-01
v 6.000000000000e-02 0.000000000000e+00 -3.200000000000e-01
v 7.000000000000e-02 0.000000000000e+00 -3.200000000000e-01
v 8.000000000000e-02 0.000000000000e+00 -3.200000000000e-01
v 8.000000000000e-02 0.000000000000e+00 -3.000000000000e-01
v 7.000000000000e-02 0.000000000000e+00 -3.000000000000e-01
v 6.000000000000e-02 0.000000000000e+00 -3.000000000000e-01
v 8.000000000000e-02 0.000000000000e+00 -3.300000000000e-01
v 7.000000000000e-02 0.000000000000e+00 -3.300000000000e-01
v 6.000000000000e-02 0.000000000000e+00 -3.100000000000e-01
v 7.000000000000e-02 0.000000000000e+00 -3.100000000000e-01
v 8.000000000000e-02 0.000000000000e+00 -3.100000000000e-01
v 6.000000000000e-02 0.000000000000e+00 -2.900000000000e-01
v 7.000000000000e-02 0.000000000000e+00 -2.900000000000e-01
v 8.000000000000e-02 0.000000000000e+00 -3.400000000000e-01
v -1.000000000000e-02 0.000000000000e+00 -3.100000000000e-01
v 1.000000000000e-02 0.000000000000e+00 -3.100000000000e-01
v 2.000000000000e-02 0.000000000000e+00 -3.100000000000e-01
v 3.000000000000e-02 0.000000000000e+00 -3.100000000000e-01
v 0.000000000000e+00 0.000000000000e+00 -3.100000000000e-01
v 0.000000000000e+00 0.000000000000e+00 -3.000000000000e-01
v 0.000000000000e+00 0.000000000000e+00 -2.800000000000e-01
v 0.000000000000e+00 0.000000000000e+00 -2.900000000000e-01
v 1.000000000000e-02 0.000000000000e+00 -2.900000000000e-01
v 0.000000000000e+00 0.000000000000e+00 -3.200000000000e-01
v 1.000000000000e-02 0.000000000000e+00 -3.200000000000e-01
v 2.000000000000e-02 0.000000000000e+00 -3.200000000000e-01
v 3.000000000000e-02 0.000000000000e+00 -3.200000000000e-01
v 1.000000000000e-02 0.000000000000e+00 -3.000000000000e-01
v 2.000000000000e-02 0.000000000000e+00 -3.000000000000e-01
v 2.000000000000e-02 0.000000000000e+00 -2.600000000000e-01
v 1.000000000000e-02 0.000000000000e+00 -2.800000000000e-01
v 2.000000000000e-02 0.000000000000e+00 -2.800000000000e-01
v 3.000000000000e-02 0.000000000000e+00 -2.800000000000e-01
v 3.000000000000e-02 0.000000000000e+00 -2.700000000000e-01
v 2.000000000000e-02 0.000000000000e+00 -2.700000000000e-01
v 1.000000000000e-02 0.000000000000e+00 -2.700000000000e-01
v 0.000000000000e+00 0.000000000000e+00 -2.600000000000e-01
v 1.000000000000e-02 0.000000000000e+00 -2.600000000000e-01
v 2.000000000000e-02 0.000000000000e+00 -2.900000000000e-01
v 3.000000000000e-02 0.000000000000e+00 -2.600000000000e-01
v 3.000000000000e-02 0.000000000000e+00 -2.900000000000e-01
v 0.000000000000e+00 0.000000000000e+00 -2.700000000000e-01
v 0.000000000000e+00 0.000000000000e+00 -2.500000000000e-01
v 1.000000000000e-02 0.000000000000e+00 -2.500000000000e-01
v 5.000000000000e-02 0.000000000000e+00 -3.100000000000e-01
v 4.000000000000e-02 0.000000000000e+00 -3.100000000000e-01
v 4.000000000000e-02 0.000000000000e+00 -2.700000000000e-01
v 5.000000000000e-02 0.000000000000e+00 -2.900000000000e-01
v 5.000000000000e-02 0.000000000000e+00 -3.200000000000e-01
v 4.000000000000e-02 0.000000000000e+00 -3.000000000000e-01
v 4.000000000000e-02 0.000000000000e+00 -3.200000000000e-01
v 5.000000000000e-02 0.000000000000e+00 -2.700000000000e-01
v 5.000000000000e-02 0.000000000000e+00 -3.000000000000e-01
v 6.000000000000e-02 0.000000000000e+00 -2.800000000000e-01
v 4.000000000000e-02 0.000000000000e+00 -2.600000000000e-01
v 3.000000000000e-02 0.000000000000e+00 -3.000000000000e-01
v 5.000000000000e-02 0.000000000000e+00 -2.800000000000e-01
v 4.000000000000e-02 0.000000000000e+00 -2.800000000000e-01
v 4.000000000000e-02 0.000000000000e+00 -2.900000000000e-01
v 7.000000000000e-02 0.000000000000e+00 -2.100000000000e-01
v 7.000000000000e-02 0.000000000000e+00 -2.200000000000e-01
v 1.000000000000e-01 0.000000000000e+00 -2.300000000000e-01
v 8.000000000000e-02 0.000000000000e+00 -2.100000000000e-01
v 9.000000000000e-02 0.000000000000e+00 -2.100000000000e-01
v 7.000000000000e-02 0.000000000000e+00 -2.300000000000e-01
v 8.000000000000e-02 0.000000000000e+00 -2.200000000000e-01
v 8.000000000000e-02 0.000000000000e+00 -2.300000000000e-01
v 9.000000000000e-02 0.000000000000e+00 -2.200000000000e-01
v 1.000000000000e-01 0.000000000000e+00 -2.200000000000e-01
v 1.100000000000e-01 0.000000000000e+00 -2.400000000000e-01
v 1.000000000000e-01 0.000000000000e+00 -2.400000000000e-01
v 9.000000000000e-02 0.000000000000e+00 -2.300000000000e-01
v 8.000000000000e-02 0.000000000000e+00 -2.000000000000e-01
v 7.000000000000e-02 0.000000000000e+00 -2.000000000000e-01
v 8.000000000000e-02 0.000000000000e+00 -2.400000000000e-01
v 1.100000000000e-01 0.000000000000e+00 -2.500000000000e-01
v 1.000000000000e-01 0.000000000000e+00 -2.500000000000e-01
v 9.000000000000e-02 0.000000000000e+00 -2.500000000000e-01
v 8.000000000000e-02 0.000000000000e+00 -2.500000000000e-01
v 7.000000000000e-02 0.000000000000e+00 -2.500000000000e-01
v 1.100000000000e-01 0.000000000000e+00 -2.700000000000e-01
v 1.000000000000e-01 0.000000000000e+00 -2.700000000000e-01
v 1.100000000000e-01 0.000000000000e+00 -2.600000000000e-01
v 1.000000000000e-01 0.000000000000e+00 -2.600000000000e-01
v 9.000000000000e-02 0.000000000000e+00 -2.700000000000e-01
v 9.000000000000e-02 0.000000000000e+00 -2.600000000000e-01
v 8.000000000000e-02 0.000000000000e+00 -2.600000000000e-01
v 7.000000000000e-02 0.000000000000e+00 -2.400000000000e-01
v 9.000000000000e-02 0.000000000000e+00 -2.400000000000e-01
v 1.000000000000e-01 0.000000000000e+00 -2.800000000000e-01
v 9.000000000000e-02 0.000000000000e+00 -2.800000000000e-01
v 8.000000000000e-02 0.000000000000e+00 -2.800000000000e-01
v 7.000000000000e-02 0.000000000000e+00 -2.800000000000e-01
v 1.100000000000e-01 0.000000000000e+00 -2.800000000000e-01
v 1.100000000000e-01 0.000000000000e+00 -2.900000000000e-01
v 1.000000000000e-01 0.000000000000e+00 -2.900000000000e-01
v 9.000000000000e-02 0.000000000000e+00 -2.900000000000e-01
v 8.000000000000e-02 0.000000000000e+00 -2.900000000000e-01
v 8.000000000000e-02 0.000000000000e+00 -2.700000000000e-01
v 7.000000000000e-02 0.000000000000e+00 -2.600000000000e-01
v 1.100000000000e-01 0.000000000000e+00 -3.000000000000e-01
v 1.000000000000e-01 0.000000000000e+00 -3.000000000000e-01
v 9.000000000000e-02 0.000000000000e+00 -3.000000000000e-01
v 7.000000000000e-02 0.000000000000e+00 -2.700000000000e-01
v 1.000000000000e-02 0.000000000000e+00 -2.200000000000e-01
v 2.000000000000e-02 0.000000000000e+00 -2.300000000000e-01
v 1.000000000000e-02 0.000000000000e+00 -2.300000000000e-01
v 0.000000000000e+00 0.000000000000e+00 -2.300000000000e-01
v 1.000000000000e-02 0.000000000000e+00 -2.100000000000e-01
v 0.000000000000e+00 0.000000000000e+00 -2.100000000000e-01
v 2.000000000000e-02 0.000000000000e+00 -2.200000000000e-01
v 3.000000000000e-02 0.000000000000e+00 -2.400000000000e-01
v 2.000000000000e-02 0.000000000000e+00 -2.400000000000e-01
v 1.000000000000e-02 0.000000000000e+00 -2.400000000000e-01
v 0.000000000000e+00 0.000000000000e+00 -2.400000000000e-01
v 3.000000000000e-02 0.000000000000e+00 -2.500000000000e-01
v 0.000000000000e+00 0.000000000000e+00 -2.200000000000e-01
v 2.000000000000e-02 0.000000000000e+00 -2.500000000000e-01
v 0.000000000000e+00 0.000000000000e+00 -2.000000000000e-01
v 6.000000000000e-02 0.000000000000e+00 -2.200000000000e-01
v 2.000000000000e-02 0.000000000000e+00 -2.100000000000e-01
v 3.000000000000e-02 0.000000000000e+00 -2.100000000000e-01
v 4.000000000000e-02 0.000000000000e+00 -2.100000000000e-01
v 5.000000000000e-02 0.000000000000e+00 -2.100000000000e-01
v 6.000000000000e-02 0.000000000000e+00 -2.100000000000e-01
v 5.000000000000e-02 0.000000000000e+00 -2.200000000000e-01
v 0.000000000000e+00 0.000000000000e+00 -1.900000000000e-01
v 1.000000000000e-02 0.000000000000e+00 -1.900000000000e-01
v 6.000000000000e-02 0.000000000000e+00 -2.000000000000e-01
v 5.000000000000e-02 0.000000000000e+00 -2.000000000000e-01
v 4.000000000000e-02 0.000000000000e+00 -2.000000000000e-01
v 1.000000000000e-02 0.000000000000e+00 -2.000000000000e-01
v 3.000000000000e-02 0.000000000000e+00 -2.000000000000e-01
v 2.000000000000e-02 0.000000000000e+00 -2.000000000000e-01
v 5.000000000000e-02 0.000000000000e+00 -2.500000000000e-01
v 4.000000000000e-02 0.000000000000e+00 -2.200000000000e-01
v 3.000000000000e-02 0.000000000000e+00 -2.200000000000e-01
v 4.000000000000e-02 0.000000000000e+00 -2.400000000000e-01
v 5.000000000000e-02 0.000000000000e+00 -2.300000000000e-01
v 6.000000000000e-02 0.000000000000e+00 -2.700000000000e-01
v 6.000000000000e-02 0.000000000000e+00 -2.600000000000e-01
v 5.000000000000e-02 0.000000000000e+00 -2.600000000000e-01
v 6.000000000000e-02 0.000000000000e+00 -2.300000000000e-01
v 4.000000000000e-02 0.000000000000e+00 -2.500000000000e-01
v 4.000000000000e-02 0.000000000000e+00 -2.300000000000e-01
v 3.000000000000e-02 0.000000000000e+00 -2.300000000000e-01
v 6.000000000000e-02 0.000000000000e+00 -2.400000000000e-01
v 5.000000000000e-02 0.000000000000e+00 -2.400000000000e-01
v 6.000000000000e-02 0.000000000000e+00 -2.500000000000e-01
v 6.000000000000e-02 0.000000000000e+00 -4.600000000000e-01
v 7.000000000000e-02 0.000000000000e+00 -4.600000000000e-01
v 8.000000000000e-02 0.000000000000e+00 -4.600000000000e-01
v 6.000000000000e-02 0.000000000000e+00 -4.500000000000e-01
v 5.000000000000e-02 0.000000000000e+00 -4.500000000000e-01
v 7.000000000000e-02 0.000000000000e+00 -4.400000000000e-01
v 6.000000000000e-02 0.000000000000e+00 -4.400000000000e-01
v 7.000000000000e-02 0.000000000000e+00 -4.500000000000e-01
v 5.000000000000e-02 0.000000000000e+00 -4.400000000000e-01
v 7.000000000000e-02 0.000000000000e+00 -4.300000000000e-01
v 4.000000000000e-02 0.000000000000e+00 -4.300000000000e-01
v 6.000000000000e-02 0.000000000000e+00 -4.300000000000e-01
v 5.000000000000e-02 0.000000000000e+00 -4.200000000000e-01
v 5.000000000000e-02 0.000000000000e+00 -4.300000000000e-01
v 6.000000000000e-02 0.000000000000e+00 -4.200000000000e-01
v 7.000000000000e-02 0.000000000000e+00 -4.700000000000e-01
v 7.000000000000e-02 0.000000000000e+00 -4.900000000000e-01
v 8.000000000000e-02 0.000000000000e+00 -4.900000000000e-01
v 9.000000000000e-02 0.000000000000e+00 -4.900000000000e-01
v 8.000000000000e-02 0.000000000000e+00 -4.700000000000e-01
v 6.000000000000e-02 0.000000000000e+00 -4.700000000000e-01
v 1.000000000000e-01 0.000000000000e+00 -4.900000000000e-01
v 6.000000000000e-02 0.000000000000e+00 -4.800000000000e-01
v 7.000000000000e-02 0.000000000000e+00 -4.800000000000e-01
v 8.000000000000e-02 0.000000000000e+00 -4.800000000000e-01
v 8.000000000000e-02 0.000000000000e+00 -5.000000000000e-01
v 9.000000000000e-02 0.000000000000e+00 -5.000000000000e-01
v 1.000000000000e-01 0.000000000000e+00 -5.000000000000e-01
v 9.000000000000e-02 0.000000000000e+00 -4.800000000000e-01
v 3.000000000000e-02 0.000000000000e+00 -5.000000000000e-01
v 5.000000000000e-02 0.000000000000e+00 -4.800000000000e-01
v 6.000000000000e-02 0.000000000000e+00 -4.900000000000e-01
v 5.000000000000e-02 0.000000000000e+00 -4.900000000000e-01
v 4.000000000000e-02 0.000000000000e+00 -4.900000000000e-01
v 4.000000000000e-02 0.000000000000e+00 -4.800000000000e-01
v 3.000000000000e-02 0.000000000000e+00 -4.800000000000e-01
v 2.000000000000e-02 0.000000000000e+00 -4.800000000000e-01
v 6.000000000000e-02 0.000000000000e+00 -5.000000000000e-01
v 5.000000000000e-02 0.000000000000e+00 -5.000000000000e-01
v 3.000000000000e-02 0.000000000000e+00 -4.900000000000e-01
v 2.000000000000e-02 0.000000000000e+00 -4.900000000000e-01
v 4.000000000000e-02 0.000000000000e+00 -5.000000000000e-01
v 7.000000000000e-02 0.000000000000e+00 -5.000000000000e-01
v 2.000000000000e-02 0.000000000000e+00 -5.000000000000e-01
v 4.000000000000e-02 0.000000000000e+00 -4.400000000000e-01
v 2.000000000000e-02 0.000000000000e+00 -4.400000000000e-01
v 3.000000000000e-02 0.000000000000e+00 -4.400000000000e-01
v 2.000000000000e-02 0.000000000000e+00 -4.500000000000e-01
v 3.000000000000e-02 0.000000000000e+00 -4.500000000000e-01
v 5.000000000000e-02 0.000000000000e+00 -4.700000000000e-01
v 4.000000000000e-02 0.000000000000e+00 -4.700000000000e-01
v 3.000000000000e-02 0.000000000000e+00 -4.700000000000e-01
v 2.000000000000e-02 0.000000000000e+00 -4.700000000000e-01
v 2.000000000000e-02 0.000000000000e+00 -4.300000000000e-01
v 3.000000000000e-02 0.000000000000e+00 -4.300000000000e-01
v 4.000000000000e-02 0.000000000000e+00 -4.500000000000e-01
v 5.000000000000e-02 0.000000000000e+00 -4.600000000000e-01
v 2.000000000000e-02 0.000000000000e+00 -4.600000000000e-01
v 4.000000000000e-02 0.000000000000e+00 -4.600000000000e-01
v 3.000000000000e-02 0.000000000000e+00 -4.600000000000e-01
v -1.000000000000e-02 0.000000000000e+00 -4.500000000000e-01
v 1.000000000000e-02 0.000000000000e+00 -4.500000000000e-01
v 0.000000000000e+00 0.000000000000e+00 -4.500000000000e-01
v 1.000000000000e-02 0.000000000000e+00 -4.400000000000e-01
v -2.000000000000e-02 0.000000000000e+00 -4.500000000000e-01
v 0.000000000000e+00 0.000000000000e+00 -4.300000000000e-01
v 0.000000000000e+00 0.000000000000e+00 -4.400000000000e-01
v 1.000000000000e-02 0.000000000000e+00 -4.600000000000e-01
v 0.000000000000e+00 0.000000000000e+00 -4.600000000000e-01
v -2.000000000000e-02 0.000000000000e+00 -4.400000000000e-01
v -1.000000000000e-02 0.000000000000e+00 -4.400000000000e-01
v -2.000000000000e-02 0.000000000000e+00 -4.300000000000e-01
v 1.000000000000e-02 0.000000000000e+00 -4.300000000000e-01
v -1.000000000000e-02 0.000000000000e+00 -4.300000000000e-01
v 1.000000000000e-02 0.000000000000e+00 -4.700000000000e-01
v 7.000000000000e-02 0.000000000000e+00 -4.200000000000e-01
v 8.000000000000e-02 0.000000000000e+00 -4.200000000000e-01
v 1.000000000000e-01 0.000000000000e+00 -4.000000000000e-01
v 9.000000000000e-02 0.000000000000e+00 -4.200000000000e-01
v 1.000000000000e-01 0.000000000000e+00 -4.200000000000e-01
v 9.000000000000e-02 0.000000000000e+00 -4.000000000000e-01
v 9.000000000000e-02 0.000000000000e+00 -3.900000000000e-01
v 8.000000000000e-02 0.000000000000e+00 -3.900000000000e-01
v 8.000000000000e-02 0.000000000000e+00 -4.000000000000e-01
v 7.000000000000e-02 0.000000000000e+00 -4.100000000000e-01
v 8.000000000000e-02 0.000000000000e+00 -4.100000000000e-01
v 9.000000000000e-02 0.000000000000e+00 -4.100000000000e-01
v 1.000000000000e-01 0.000000000000e+00 -4.100000000000e-01
v 6.000000000000e-02 0.000000000000e+00 -4.100000000000e-01
v 1.100000000000e-01 0.000000000000e+00 -3.600000000000e-01
v 1.000000000000e-01 0.000000000000e+00 -3.800000000000e-01
v 1.100000000000e-01 0.000000000000e+00 -3.800000000000e-01
v 1.200000000000e-01 0.000000000000e+00 -3.800000000000e-01
v 1.200000000000e-01 0.000000000000e+00 -3.700000000000e-01
v 9.000000000000e-02 0.000000000000e+00 -3.800000000000e-01
v 1.100000000000e-01 0.000000000000e+00 -3.700000000000e-01
v 1.000000000000e-01 0.000000000000e+00 -3.700000000000e-01
v 1.000000000000e-01 0.000000000000e+00 -3.600000000000e-01
v 9.000000000000e-02 0.000000000000e+00 -3.600000000000e-01
v 1.200000000000e-01 0.000000000000e+00 -3.900000000000e-01
v 1.100000000000e-01 0.000000000000e+00 -3.900000000000e-01
v 1.000000000000e-01 0.000000000000e+00 -3.900000000000e-01
v 9.000000000000e-02 0.000000000000e+00 -3.700000000000e-01
v 8.000000000000e-02 0.000000000000e+00 -3.700000000000e-01
v 1.100000000000e-01 0.000000000000e+00 -4.100000000000e-01
v 1.200000000000e-01 0.000000000000e+00 -4.100000000000e-01
v 1.300000000000e-01 0.000000000000e+00 -4.100000000000e-01
v 1.100000000000e-01 0.000000000000e+00 -4.200000000000e-01
v 1.200000000000e-01 0.000000000000e+00 -4.200000000000e-01
v 1.300000000000e-01 0.000000000000e+00 -4.200000000000e-01
v 1.200000000000e-01 0.000000000000e+00 -4.000000000000e-01
v 1.100000000000e-01 0.000000000000e+00 -4.000000000000e-01
v 1.400000000000e-01 0.000000000000e+00 -4.300000000000e-01
v 1.300000000000e-01 0.000000000000e+00 -4.400000000000e-01
v 1.400000000000e-01 0.000000000000e+00 -4.400000000000e-01
v 1.200000000000e-01 0.000000000000e+00 -4.400000000000e-01
v 1.300000000000e-01 0.000000000000e+00 -4.300000000000e-01
v 1.200000000000e-01 0.000000000000e+00 -4.300000000000e-01
v 1.100000000000e-01 0.000000000000e+00 -4.300000000000e-01
v 1.400000000000e-01 0.000000000000e+00 -4.800000000000e-01
v 1.300000000000e-01 0.000000000000e+00 -4.700000000000e-01
v 1.400000000000e-01 0.000000000000e+00 -4.700000000000e-01
v 1.700000000000e-01 0.000000000000e+00 -5.000000000000e-01
v 1.400000000000e-01 0.000000000000e+00 -4.600000000000e-01
v 1.500000000000e-01 0.000000000000e+00 -4.700000000000e-01
v 1.300000000000e-01 0.000000000000e+00 -4.600000000000e-01
v 1.500000000000e-01 0.000000000000e+00 -4.800000000000e-01
v 1.400000000000e-01 0.000000000000e+00 -4.900000000000e-01
v 1.400000000000e-01 0.000000000000e+00 -4.500000000000e-01
v 1.300000000000e-01 0.000000000000e+00 -4.500000000000e-01
v 1.600000000000e-01 0.000000000000e+00 -4.900000000000e-01
v 1.500000000000e-01 0.000000000000e+00 -4.900000000000e-01
v 1.600000000000e-01 0.000000000000e+00 -5.000000000000e-01
v 1.500000000000e-01 0.000000000000e+00 -5.000000000000e-01
v 1.300000000000e-01 0.000000000000e+00 -4.900000000000e-01
v 1.200000000000e-01 0.000000000000e+00 -4.900000000000e-01
v 1.000000000000e-01 0.000000000000e+00 -4.800000000000e-01
v 1.100000000000e-01 0.000000000000e+00 -4.800000000000e-01
v 1.200000000000e-01 0.000000000000e+00 -4.800000000000e-01
v 1.400000000000e-01 0.000000000000e+00 -5.000000000000e-01
v 1.300000000000e-01 0.000000000000e+00 -5.000000000000e-01
v 1.200000000000e-01 0.000000000000e+00 -5.000000000000e-01
v 1.100000000000e-01 0.000000000000e+00 -5.000000000000e-01
v 1.300000000000e-01 0.000000000000e+00 -4.800000000000e-01
v 1.100000000000e-01 0.000000000000e+00 -4.900000000000e-01
v 9.000000000000e-02 0.000000000000e+00 -4.700000000000e-01
v 1.000000000000e-01 0.000000000000e+00 -4.700000000000e-01
v 1.100000000000e-01 0.000000000000e+00 -4.700000000000e-01
v 1.200000000000e-01 0.000000000000e+00 -4.700000000000e-01
v 8.000000000000e-02 0.000000000000e+00 -4.300000000000e-01
v 8.000000000000e-02 0.000000000000e+00 -4.400000000000e-01
v 9.000000000000e-02 0.000000000000e+00 -4.400000000000e-01
v 1.200000000000e-01 0.000000000000e+00 -4.500000000000e-01
v 1.100000000000e-01 0.000000000000e+00 -4.500000000000e-01
v 1.000000000000e-01 0.000000000000e+00 -4.500000000000e-01
v 9.000000000000e-02 0.000000000000e+00 -4.500000000000e-01
v 8.000000000000e-02 0.000000000000e+00 -4.500000000000e-01
v 1.000000000000e-01 0.000000000000e+00 -4.400000000000e-01
v 1.100000000000e-01 0.000000000000e+00 -4.400000000000e-01
v 9.000000000000e-02 0.000000000000e+00 -4.600000000000e-01
v 1.200000000000e-01 0.000000000000e+00 -4.600000000000e-01
v 1.100000000000e-01 0.000000000000e+00 -4.600000000000e-01
v 1.000000000000e-01 0.000000000000e+00 -4.600000000000e-01
v 1.000000000000e-01 0.000000000000e+00 -4.300000000000e-01
v 9.000000000000e-02 0.000000000000e+00 -4.300000000000e-01
v 0.000000000000e+00 0.000000000000e+00 -3.600000000000e-01
v 1.000000000000e-02 0.000000000000e+00 -3.600000000000e-01
v 2.000000000000e-02 0.000000000000e+00 -3.800000000000e-01
v 1.000000000000e-02 0.000000000000e+00 -3.800000000000e-01
v 0.000000000000e+00 0.000000000000e+00 -3.800000000000e-01
v 4.000000000000e-02 0.000000000000e+00 -3.900000000000e-01
v 3.000000000000e-02 0.000000000000e+00 -3.900000000000e-01
v 2.000000000000e-02 0.000000000000e+00 -3.900000000000e-01
v 1.000000000000e-02 0.000000000000e+00 -3.900000000000e-01
v 0.000000000000e+00 0.000000000000e+00 -3.900000000000e-01
v 3.000000000000e-02 0.000000000000e+00 -3.800000000000e-01
v 1.000000000000e-02 0.000000000000e+00 -3.700000000000e-01
v 2.000000000000e-02 0.000000000000e+00 -3.700000000000e-01
v 0.000000000000e+00 0.000000000000e+00 -3.700000000000e-01
v 1.000000000000e-02 0.000000000000e+00 -4.200000000000e-01
v 2.000000000000e-02 0.000000000000e+00 -4.100000000000e-01
v 3.000000000000e-02 0.000000000000e+00 -4.100000000000e-01
v 4.000000000000e-02 0.000000000000e+00 -4.200000000000e-01
v 4.000000000000e-02 0.000000000000e+00 -4.000000000000e-01
v 3.000000000000e-02 0.000000000000e+00 -4.200000000000e-01
v 2.000000000000e-02 0.000000000000e+00 -4.200000000000e-01
v 3.000000000000e-02 0.000000000000e+00 -4.000000000000e-01
v 1.000000000000e-02 0.000000000000e+00 -4.100000000000e-01
v 5.000000000000e-02 0.000000000000e+00 -4.000000000000e-01
v 2.000000000000e-02 0.000000000000e+00 -4.000000000000e-01
v 1.000000000000e-02 0.000000000000e+00 -4.000000000000e-01
v 0.000000000000e+00 0.000000000000e+00 -4.000000000000e-01
v 4.000000000000e-02 0.000000000000e+00 -4.100000000000e-01
v 5.000000000000e-02 0.000000000000e+00 -4.100000000000e-01
v 3.000000000000e-02 0.000000000000e+00 -3.400000000000e-01
v 2.000000000000e-02 0.000000000000e+00 -3.400000000000e-01
v 3.000000000000e-02 0.000000000000e+00 -3.600000000000e-01
v 3.000000000000e-02 0.000000000000e+00 -3.700000000000e-01
v 1.000000000000e-02 0.000000000000e+00 -3.400000000000e-01
v 2.000000000000e-02 0.000000000000e+00 -3.300000000000e-01
v 0.000000000000e+00 0.000000000000e+00 -3.500000000000e-01
v 1.000000000000e-02 0.000000000000e+00 -3.500000000000e-01
v 2.000000000000e-02 0.000000000000e+00 -3.500000000000e-01
v 3.000000000000e-02 0.000000000000e+00 -3.500000000000e-01
v 3.000000000000e-02 0.000000000000e+00 -3.300000000000e-01
v 0.000000000000e+00 0.000000000000e+00 -3.400000000000e-01
v 1.000000000000e-02 0.000000000000e+00 -3.300000000000e-01
v 2.000000000000e-02 0.000000000000e+00 -3.600000000000e-01
v 0.000000000000e+00 0.000000000000e+00 -3.300000000000e-01
v 6.000000000000e-02 0.000000000000e+00 -3.700000000000e-01
v 7.000000000000e-02 0.000000000000e+00 -3.900000000000e-01
v 6.000000000000e-02 0.000000000000e+00 -3.900000000000e-01
v 6.000000000000e-02 0.000000000000e+00 -4.000000000000e-01
v 7.000000000000e-02 0.000000000000e+00 -4.000000000000e-01
v 4.000000000000e-02 0.000000000000e+00 -3.700000000000e-01
v 5.000000000000e-02 0.000000000000e+00 -3.700000000000e-01
v 4.000000000000e-02 0.000000000000e+00 -3.800000000000e-01
v 7.000000000000e-02 0.000000000000e+00 -3.700000000000e-01
v 4.000000000000e-02 0.000000000000e+00 -3.600000000000e-01
v 5.000000000000e-02 0.000000000000e+00 -3.900000000000e-01
v 8.000000000000e-02 0.000000000000e+00 -3.800000000000e-01
v 7.000000000000e-02 0.000000000000e+00 -3.800000000000e-01
v 6.000000000000e-02 0.000000000000e+00 -3.800000000000e-01
v 5.000000000000e-02 0.000000000000e+00 -3.800000000000e-01
v 4.000000000000e-02 0.000000000000e+00 -3.300000000000e-01
v 5.000000000000e-02 0.000000000000e+00 -3.300000000000e-01
v 7.000000000000e-02 0.000000000000e+00 -3.400000000000e-01
v 6.000000000000e-02 0.000000000000e+00 -3.400000000000e-01
v 6.000000000000e-02 0.000000000000e+00 -3.300000000000e-01
v 6.000000000000e-02 0.000000000000e+00 -3.600000000000e-01
v 8.000000000000e-02 0.000000000000e+00 -3.600000000000e-01
v 8.000000000000e-02 0.000000000000e+00 -3.500000000000e-01
v 5.000000000000e-02 0.000000000000e+00 -3.600000000000e-01
v 5.000000000000e-02 0.000000000000e+00 -3.400000000000e-01
v 7.000000000000e-02 0.000000000000e+00 -3.600000000000e-01
v 4.000000000000e-02 0.000000000000e+00 -3.400000000000e-01
v 5.000000000000e-02 0.000000000000e+00 -3.500000000000e-01
v 6.000000000000e-02 0.000000000000e+00 -3.500000000000e-01
v 7.000000000000e-02 0.000000000000e+00 -3.500000000000e-01
v 4.000000000000e-02 0.000000000000e+00 -3.500000000000e-01
v -7.000000000000e-02 0.000000000000e+00 -3.500000000000e-01
v -6.000000000000e-02 0.000000000000e+00 -3.900000000000e-01
v -6.000000000000e-02 0.000000000000e+00 -3.500000000000e-01
v -5.000000000000e-02 0.000000000000e+00 -3.800000000000e-01
v -6.000000000000e-02 0.000000000000e+00 -3.800000000000e-01
v -7.000000000000e-02 0.000000000000e+00 -3.800000000000e-01
v -5.000000000000e-02 0.000000000000e+00 -3.900000000000e-01
v -5.000000000000e-02 0.000000000000e+00 -3.600000000000e-01
v -6.000000000000e-02 0.000000000000e+00 -3.600000000000e-01
v -7.000000000000e-02 0.000000000000e+00 -3.600000000000e-01
v -8.000000000000e-02 0.000000000000e+00 -3.600000000000e-01
v -8.000000000000e-02 0.000000000000e+00 -3.500000000000e-01
v -5.000000000000e-02 0.000000000000e+00 -3.700000000000e-01
v -6.000000000000e-02 0.000000000000e+00 -3.700000000000e-01
v -7.000000000000e-02 0.000000000000e+00 -3.700000000000e-01
v -3.000000000000e-02 0.000000000000e+00 -4.100000000000e-01
v -1.000000000000e-02 0.000000000000e+00 -4.000000000000e-01
v -2.000000000000e-02 0.000000000000e+00 -4.000000000000e-01
v -2.000000000000e-02 0.000000000000e+00 -4.100000000000e-01
v -1.000000000000e-02 0.000000000000e+00 -4.100000000000e-01
v 0.000000000000e+00 0.000000000000e+00 -4.100000000000e-01
v -4.000000000000e-02 0.000000000000e+00 -4.100000000000e-01
v -4.000000000000e-02 0.000000000000e+00 -4.000000000000e-01
v -4.000000000000e-02 0.000000000000e+00 -3.900000000000e-01
v -5.000000000000e-02 0.000000000000e+00 -4.000000000000e-01
v -3.000000000000e-02 0.000000000000e+00 -4.200000000000e-01
v -2.000000000000e-02 0.000000000000e+00 -4.200000000000e-01
v -3.000000000000e-02 0.000000000000e+00 -4.000000000000e-01
v -1.000000000000e-02 0.000000000000e+00 -4.200000000000e-01
v 0.000000000000e+00 0.000000000000e+00 -4.200000000000e-01
v -1.000000000000e-02 0.000000000000e+00 -3.800000000000e-01
v -2.000000000000e-02 0.000000000000e+00 -3.900000000000e-01
v -3.000000000000e-02 0.000000000000e+00 -3.900000000000e-01
v -1.000000000000e-02 0.000000000000e+00 -3.900000000000e-01
v -2.000000000000e-02 0.000000000000e+00 -3.700000000000e-01
v -4.000000000000e-02 0.000000000000e+00 -3.800000000000e-01
v -3.000000000000e-02 0.000000000000e+00 -3.800000000000e-01
v -2.000000000000e-02 0.000000000000e+00 -3.800000000000e-01
v -1.000000000000e-02 0.000000000000e+00 -3.600000000000e-01
v -2.000000000000e-02 0.000000000000e+00 -3.600000000000e-01
v -3.000000000000e-02 0.000000000000e+00 -3.600000000000e-01
v -4.000000000000e-02 0.000000000000e+00 -3.600000000000e-01
v -1.000000000000e-02 0.000000000000e+00 -3.700000000000e-01
v -4.000000000000e-02 0.000000000000e+00 -3.700000000000e-01
v -3.000000000000e-02 0.000000000000e+00 -3.700000000000e-01
v -9.000000000000e-02 0.000000000000e+00 -3.400000000000e-01
v -9.000000000000e-02 0.000000000000e+00 -3.200000000000e-01
v -1.000000000000e-01 0.000000000000e+00 -3.000000000000e-01
v -9.000000000000e-02 0.000000000000e+00 -3.000000000000e-01
v -8.000000000000e-02 0.000000000000e+00 -3.000000000000e-01
v -9.000000000000e-02 0.000000000000e+00 -3.100000000000e-01
v -1.000000000000e-01 0.000000000000e+00 -3.100000000000e-01
v -7.000000000000e-02 0.000000000000e+00 -3.400000000000e-01
v -8.000000000000e-02 0.000000000000e+00 -3.400000000000e-01
v -1.000000000000e-01 0.000000000000e+00 -3.200000000000e-01
v -8.000000000000e-02 0.000000000000e+00 -3.200000000000e-01
v -1.000000000000e-01 0.000000000000e+00 -3.300000000000e-01
v -9.000000000000e-02 0.000000000000e+00 -3.300000000000e-01
v -8.000000000000e-02 0.000000000000e+00 -3.300000000000e-01
v -7.000000000000e-02 0.000000000000e+00 -3.300000000000e-01
v -8.000000000000e-02 0.000000000000e+00 -3.100000000000e-01
v -5.000000000000e-02 0.000000000000e+00 -3.200000000000e-01
v -6.000000000000e-02 0.000000000000e+00 -3.100000000000e-01
v -7.000000000000e-02 0.000000000000e+00 -3.100000000000e-01
v -4.000000000000e-02 0.000000000000e+00 -3.300000000000e-01
v -3.000000000000e-02 0.000000000000e+00 -3.500000000000e-01
v -4.000000000000e-02 0.000000000000e+00 -3.500000000000e-01
v -5.000000000000e-02 0.000000000000e+00 -3.500000000000e-01
v -6.000000000000e-02 0.000000000000e+00 -3.200000000000e-01
v -7.000000000000e-02 0.000000000000e+00 -3.200000000000e-01
v -6.000000000000e-02 0.000000000000e+00 -3.400000000000e-01
v -5.000000000000e-02 0.000000000000e+00 -3.400000000000e-01
v -4.000000000000e-02 0.000000000000e+00 -3.400000000000e-01
v -6.000000000000e-02 0.000000000000e+00 -3.300000000000e-01
v -5.000000000000e-02 0.000000000000e+00 -3.300000000000e-01
v -5.000000000000e-02 0.000000000000e+00 -3.100000000000e-01
v -1.000000000000e-02 0.000000000000e+00 -3.200000000000e-01
v -2.000000000000e-02 0.000000000000e+00 -3.200000000000e-01
v -3.000000000000e-02 0.000000000000e+00 -3.200000000000e-01
v -4.000000000000e-02 0.000000000000e+00 -3.200000000000e-01
v -2.000000000000e-02 0.000000000000e+00 -3.500000000000e-01
v -3.000000000000e-02 0.000000000000e+00 -3.400000000000e-01
v -3.000000000000e-02 0.000000000000e+00 -3.300000000000e-01
v -1.000000000000e-02 0.000000000000e+00 -3.500000000000e-01
v -2.000000000000e-02 0.000000000000e+00 -3.300000000000e-01
v -1.000000000000e-02 0.000000000000e+00 -3.300000000000e-01
v -2.000000000000e-02 0.000000000000e+00 -3.100000000000e-01
v -3.000000000000e-02 0.000000000000e+00 -3.100000000000e-01
v -4.000000000000e-02 0.000000000000e+00 -3.100000000000e-01
v -1.000000000000e-02 0.000000000000e+00 -3.400000000000e-01
v -2.000000000000e-02 0.000000000000e+00 -3.400000000000e-01
v 1.000000000000e-01 0.000000000000e+00 -2.100000000000e-01
v 1.100000000000e-01 0.000000000000e+00 -2.100000000000e-01
v 1.100000000000e-01 0.000000000000e+00 -2.300000000000e-01
v 1.200000000000e-01 0.000000000000e+00 -2.100000000000e-01
v 1.200000000000e-01 0.000000000000e+00 -2.200000000000e-01
v 1.100000000000e-01 0.000000000000e+00 -2.200000000000e-01
v 1.200000000000e-01 0.000000000000e+00 -2.300000000000e-01
v 1.200000000000e-01 0.000000000000e+00 -2.400000000000e-01
v 1.100000000000e-01 0.000000000000e+00 -1.900000000000e-01
v 1.000000000000e-01 0.000000000000e+00 -1.900000000000e-01
v 9.000000000000e-02 0.000000000000e+00 -1.900000000000e-01
v 9.000000000000e-02 0.000000000000e+00 -2.000000000000e-01
v 1.000000000000e-01 0.000000000000e+00 -2.000000000000e-01
v 1.100000000000e-01 0.000000000000e+00 -2.000000000000e-01
v 1.200000000000e-01 0.000000000000e+00 -2.000000000000e-01
v 1.600000000000e-01 0.000000000000e+00 -2.300000000000e-01
v 1.500000000000e-01 0.000000000000e+00 -2.300000000000e-01
v 1.400000000000e-01 0.000000000000e+00 -2.300000000000e-01
v 1.300000000000e-01 0.000000000000e+00 -2.200000000000e-01
v 1.400000000000e-01 0.000000000000e+00 -2.200000000000e-01
v 1.500000000000e-01 0.000000000000e+00 -2.200000000000e-01
v 1.300000000000e-01 0.000000000000e+00 -2.300000000000e-01
v 1.300000000000e-01 0.000000000000e+00 -2.100000000000e-01
v 1.600000000000e-01 0.000000000000e+00 -2.200000000000e-01
v 1.600000000000e-01 0.000000000000e+00 -2.400000000000e-01
v 1.500000000000e-01 0.000000000000e+00 -2.400000000000e-01
v 1.400000000000e-01 0.000000000000e+00 -2.400000000000e-01
v 1.400000000000e-01 0.000000000000e+00 -2.100000000000e-01
v 1.500000000000e-01 0.000000000000e+00 -2.100000000000e-01
v 1.300000000000e-01 0.000000000000e+00 -2.400000000000e-01
v 1.400000000000e-01 0.000000000000e+00 -2.000000000000e-01
v 1.500000000000e-01 0.000000000000e+00 -1.800000000000e-01
v 1.400000000000e-01 0.000000000000e+00 -1.800000000000e-01
v 1.300000000000e-01 0.000000000000e+00 -1.800000000000e-01
v 1.200000000000e-01 0.000000000000e+00 -1.800000000000e-01
v 1.500000000000e-01 0.000000000000e+00 -1.700000000000e-01
v 1.400000000000e-01 0.000000000000e+00 -1.700000000000e-01
v 1.300000000000e-01 0.000000000000e+00 -1.700000000000e-01
v 1.200000000000e-01 0.000000000000e+00 -1.700000000000e-01
v 1.500000000000e-01 0.000000000000e+00 -1.900000000000e-01
v 1.400000000000e-01 0.000000000000e+00 -1.900000000000e-01
v 1.300000000000e-01 0.000000000000e+00 -1.900000000000e-01
v 1.200000000000e-01 0.000000000000e+00 -1.900000000000e-01
v 1.300000000000e-01 0.000000000000e+00 -2.000000000000e-01
v 1.500000000000e-01 0.000000000000e+00 -2.000000000000e-01
v 9.000000000000e-02 0.000000000000e+00 -1.800000000000e-01
v 1.000000000000e-01 0.000000000000e+00 -1.800000000000e-01
v 9.000000000000e-02 0.000000000000e+00 -1.700000000000e-01
v 1.000000000000e-01 0.000000000000e+00 -1.700000000000e-01
v 1.100000000000e-01 0.000000000000e+00 -1.700000000000e-01
v 9.000000000000e-02 0.000000000000e+00 -1.600000000000e-01
v 1.000000000000e-01 0.000000000000e+00 -1.600000000000e-01
v 1.100000000000e-01 0.000000000000e+00 -1.600000000000e-01
v 9.000000000000e-02 0.000000000000e+00 -1.500000000000e-01
v 1.000000000000e-01 0.000000000000e+00 -1.500000000000e-01
v 1.100000000000e-01 0.000000000000e+00 -1.500000000000e-01
v 9.000000000000e-02 0.000000000000e+00 -1.400000000000e-01
v 1.000000000000e-01 0.000000000000e+00 -1.400000000000e-01
v 9.000000000000e-02 0.000000000000e+00 -1.300000000000e-01
v 1.100000000000e-01 0.000000000000e+00 -1.800000000000e-01
v 1.100000000000e-01 0.000000000000e+00 -1.300000000000e-01
v 1.200000000000e-01 0.000000000000e+00 -1.600000000000e-01
v 1.300000000000e-01 0.000000000000e+00 -1.600000000000e-01
v 1.400000000000e-01 0.000000000000e+00 -1.600000000000e-01
v 1.500000000000e-01 0.000000000000e+00 -1.600000000000e-01
v 1.200000000000e-01 0.000000000000e+00 -1.500000000000e-01
v 1.300000000000e-01 0.000000000000e+00 -1.500000000000e-01
v 1.400000000000e-01 0.000000000000e+00 -1.500000000000e-01
v 1.500000000000e-01 0.000000000000e+00 -1.500000000000e-01
v 1.100000000000e-01 0.000000000000e+00 -1.400000000000e-01
v 1.300000000000e-01 0.000000000000e+00 -1.400000000000e-01
v 1.200000000000e-01 0.000000000000e+00 -1.400000000000e-01
v 1.200000000000e-01 0.000000000000e+00 -1.300000000000e-01
v 1.400000000000e-01 0.000000000000e+00 -1.400000000000e-01
v 1.000000000000e-01 0.000000000000e+00 -1.300000000000e-01
v 2.400000000000e-01 0.000000000000e+00 -2.600000000000e-01
v 2.500000000000e-01 0.000000000000e+00 -2.600000000000e-01
v 2.300000000000e-01 0.000000000000e+00 -2.600000000000e-01
v 2.200000000000e-01 0.000000000000e+00 -2.600000000000e-01
v 2.500000000000e-01 0.000000000000e+00 -2.700000000000e-01
v 2.400000000000e-01 0.000000000000e+00 -2.500000000000e-01
v 2.500000000000e-01 0.000000000000e+00 -2.800000000000e-01
v 2.400000000000e-01 0.000000000000e+00 -2.800000000000e-01
v 2.400000000000e-01 0.000000000000e+00 -2.700000000000e-01
v 2.300000000000e-01 0.000000000000e+00 -2.700000000000e-01
v 2.100000000000e-01 0.000000000000e+00 -2.500000000000e-01
v 2.100000000000e-01 0.000000000000e+00 -2.400000000000e-01
v 2.200000000000e-01 0.000000000000e+00 -2.400000000000e-01
v 2.300000000000e-01 0.000000000000e+00 -2.400000000000e-01
v 2.200000000000e-01 0.000000000000e+00 -2.500000000000e-01
v 2.300000000000e-01 0.000000000000e+00 -2.500000000000e-01
v 2.400000000000e-01 0.000000000000e+00 -2.400000000000e-01
v 2.400000000000e-01 0.000000000000e+00 -2.300000000000e-01
v 2.300000000000e-01 0.000000000000e+00 -2.200000000000e-01
v 2.400000000000e-01 0.000000000000e+00 -2.200000000000e-01
v 2.500000000000e-01 0.000000000000e+00 -2.200000000000e-01
v 2.600000000000e-01 0.000000000000e+00 -2.200000000000e-01
v 2.600000000000e-01 0.000000000000e+00 -2.500000000000e-01
v 2.500000000000e-01 0.000000000000e+00 -2.500000000000e-01
v 2.500000000000e-01 0.000000000000e+00 -2.300000000000e-01
v 2.600000000000e-01 0.000000000000e+00 -2.300000000000e-01
v 2.600000000000e-01 0.000000000000e+00 -2.400000000000e-01
v 2.500000000000e-01 0.000000000000e+00 -2.400000000000e-01
v 2.500000000000e-01 0.000000000000e+00 -2.100000000000e-01
v 2.400000000000e-01 0.000000000000e+00 -2.100000000000e-01
v 2.300000000000e-01 0.000000000000e+00 -2.100000000000e-01
v 2.300000000000e-01 0.000000000000e+00 -2.300000000000e-01
v 1.800000000000e-01 0.000000000000e+00 -2.000000000000e-01
v 1.600000000000e-01 0.000000000000e+00 -1.900000000000e-01
v 1.700000000000e-01 0.000000000000e+00 -1.900000000000e-01
v 1.900000000000e-01 0.000000000000e+00 -1.900000000000e-01
v 1.700000000000e-01 0.000000000000e+00 -1.600000000000e-01
v 1.700000000000e-01 0.000000000000e+00 -2.000000000000e-01
v 1.800000000000e-01 0.000000000000e+00 -1.900000000000e-01
v 1.600000000000e-01 0.000000000000e+00 -1.600000000000e-01
v 1.900000000000e-01 0.000000000000e+00 -1.800000000000e-01
v 1.800000000000e-01 0.000000000000e+00 -1.800000000000e-01
v 1.700000000000e-01 0.000000000000e+00 -1.800000000000e-01
v 1.600000000000e-01 0.000000000000e+00 -1.800000000000e-01
v 1.800000000000e-01 0.000000000000e+00 -1.700000000000e-01
v 1.700000000000e-01 0.000000000000e+00 -1.700000000000e-01
v 1.600000000000e-01 0.000000000000e+00 -1.700000000000e-01
v 2.200000000000e-01 0.000000000000e+00 -2.100000000000e-01
v 2.200000000000e-01 0.000000000000e+00 -2.300000000000e-01
v 2.100000000000e-01 0.000000000000e+00 -2.300000000000e-01
v 2.000000000000e-01 0.000000000000e+00 -2.000000000000e-01
v 2.100000000000e-01 0.000000000000e+00 -2.000000000000e-01
v 2.200000000000e-01 0.000000000000e+00 -2.000000000000e-01
v 1.900000000000e-01 0.000000000000e+00 -2.000000000000e-01
v 2.100000000000e-01 0.000000000000e+00 -2.100000000000e-01
v 2.000000000000e-01 0.000000000000e+00 -1.900000000000e-01
v 2.200000000000e-01 0.000000000000e+00 -2.200000000000e-01
v 2.000000000000e-01 0.000000000000e+00 -2.100000000000e-01
v 2.100000000000e-01 0.000000000000e+00 -2.200000000000e-01
v 2.000000000000e-01 0.000000000000e+00 -2.200000000000e-01
v 1.900000000000e-01 0.000000000000e+00 -2.100000000000e-01
v 1.900000000000e-01 0.000000000000e+00 -2.300000000000e-01
v 2.000000000000e-01 0.000000000000e+00 -2.300000000000e-01
v 1.800000000000e-01 0.000000000000e+00 -2.100000000000e-01
v 1.700000000000e-01 0.000000000000e+00 -2.100000000000e-01
v 1.600000000000e-01 0.000000000000e+00 -2.100000000000e-01
v 1.800000000000e-01 0.000000000000e+00 -2.300000000000e-01
v 1.700000000000e-01 0.000000000000e+00 -2.300000000000e-01
v 1.900000000000e-01 0.000000000000e+00 -2.200000000000e-01
v 1.800000000000e-01 0.000000000000e+00 -2.200000000000e-01
v 1.700000000000e-01 0.000000000000e+00 -2.200000000000e-01
v 1.800000000000e-01 0.000000000000e+00 -2.400000000000e-01
v 1.600000000000e-01 0.000000000000e+00 -2.000000000000e-01
v 1.700000000000e-01 0.000000000000e+00 -2.400000000000e-01
v 2.000000000000e-01 0.000000000000e+00 -2.400000000000e-01
v 1.900000000000e-01 0.000000000000e+00 -2.400000000000e-01
v 2.700000000000e-01 0.000000000000e+00 -1.800000000000e-01
v 2.300000000000e-01 0.000000000000e+00 -1.500000000000e-01
v 2.400000000000e-01 0.000000000000e+00 -1.500000000000e-01
v 2.500000000000e-01 0.000000000000e+00 -1.500000000000e-01
v 2.400000000000e-01 0.000000000000e+00 -1.400000000000e-01
v 2.300000000000e-01 0.000000000000e+00 -1.400000000000e-01
v 2.300000000000e-01 0.000000000000e+00 -1.600000000000e-01
v 2.300000000000e-01 0.000000000000e+00 -1.700000000000e-01
v 2.400000000000e-01 0.000000000000e+00 -1.700000000000e-01
v 2.400000000000e-01 0.000000000000e+00 -1.600000000000e-01
v 2.500000000000e-01 0.000000000000e+00 -1.700000000000e-01
v 2.600000000000e-01 0.000000000000e+00 -1.700000000000e-01
v 2.700000000000e-01 0.000000000000e+00 -1.700000000000e-01
v 2.600000000000e-01 0.000000000000e+00 -1.600000000000e-01
v 2.500000000000e-01 0.000000000000e+00 -1.600000000000e-01
v 2.400000000000e-01 0.000000000000e+00 -1.800000000000e-01
v 2.400000000000e-01 0.000000000000e+00 -2.000000000000e-01
v 2.300000000000e-01 0.000000000000e+00 -1.800000000000e-01
v 2.600000000000e-01 0.000000000000e+00 -2.100000000000e-01
v 2.300000000000e-01 0.000000000000e+00 -1.900000000000e-01
v 2.400000000000e-01 0.000000000000e+00 -1.900000000000e-01
v 2.500000000000e-01 0.000000000000e+00 -1.900000000000e-01
v 2.600000000000e-01 0.000000000000e+00 -1.900000000000e-01
v 2.700000000000e-01 0.000000000000e+00 -1.900000000000e-01
v 2.600000000000e-01 0.000000000000e+00 -1.800000000000e-01
v 2.500000000000e-01 0.000000000000e+00 -1.800000000000e-01
v 2.300000000000e-01 0.000000000000e+00 -2.000000000000e-01
v 2.700000000000e-01 0.000000000000e+00 -2.000000000000e-01
v 2.600000000000e-01 0.000000000000e+00 -2.000000000000e-01
v 2.500000000000e-01 0.000000000000e+00 -2.000000000000e-01
v 2.100000000000e-01 0.000000000000e+00 -1.200000000000e-01
v 1.800000000000e-01 0.000000000000e+00 -8.000000000000e-02
v 1.900000000000e-01 0.000000000000e+00 -1.100000000000e-01
v 2.200000000000e-01 0.000000000000e+00 -1.200000000000e-01
v 1.800000000000e-01 0.000000000000e+00 -9.000000000000e-02
v 1.900000000000e-01 0.000000000000e+00 -9.000000000000e-02
v 2.000000000000e-01 0.000000000000e+00 -1.200000000000e-01
v 2.200000000000e-01 0.000000000000e+00 -1.300000000000e-01
v 2.300000000000e-01 0.000000000000e+00 -1.300000000000e-01
v 2.000000000000e-01 0.000000000000e+00 -1.000000000000e-01
v 1.900000000000e-01 0.000000000000e+00 -1.000000000000e-01
v 1.800000000000e-01 0.000000000000e+00 -1.000000000000e-01
v 2.100000000000e-01 0.000000000000e+00 -1.100000000000e-01
v 2.000000000000e-01 0.000000000000e+00 -1.100000000000e-01
v 1.800000000000e-01 0.000000000000e+00 -1.100000000000e-01
v 2.000000000000e-01 0.000000000000e+00 -1.800000000000e-01
v 2.200000000000e-01 0.000000000000e+00 -1.800000000000e-01
v 1.900000000000e-01 0.000000000000e+00 -1.700000000000e-01
v 2.100000000000e-01 0.000000000000e+00 -1.800000000000e-01
v 2.100000000000e-01 0.000000000000e+00 -1.700000000000e-01
v 2.000000000000e-01 0.000000000000e+00 -1.700000000000e-01
v 2.200000000000e-01 0.000000000000e+00 -1.700000000000e-01
v 1.800000000000e-01 0.000000000000e+00 -1.600000000000e-01
v 1.900000000000e-01 0.000000000000e+00 -1.600000000000e-01
v 2.000000000000e-01 0.000000000000e+00 -1.600000000000e-01
v 1.800000000000e-01 0.000000000000e+00 -1.500000000000e-01
v 2.100000000000e-01 0.000000000000e+00 -1.600000000000e-01
v 2.200000000000e-01 0.000000000000e+00 -1.900000000000e-01
v 2.100000000000e-01 0.000000000000e+00 -1.900000000000e-01
v 2.200000000000e-01 0.000000000000e+00 -1.600000000000e-01
v 2.000000000000e-01 0.000000000000e+00 -1.500000000000e-01
v 2.100000000000e-01 0.000000000000e+00 -1.300000000000e-01
v 2.000000000000e-01 0.000000000000e+00 -1.300000000000e-01
v 1.800000000000e-01 0.000000000000e+00 -1.200000000000e-01
v 1.900000000000e-01 0.000000000000e+00 -1.200000000000e-01
v 1.800000000000e-01 0.000000000000e+00 -1.400000000000e-01
v 2.100000000000e-01 0.000000000000e+00 -1.500000000000e-01
v 1.900000000000e-01 0.000000000000e+00 -1.500000000000e-01
v 2.200000000000e-01 0.000000000000e+00 -1.400000000000e-01
v 2.100000000000e-01 0.000000000000e+00 -1.400000000000e-01
v 1.800000000000e-01 0.000000000000e+00 -1.300000000000e-01
v 2.000000000000e-01 0.000000000000e+00 -1.400000000000e-01
v 1.900000000000e-01 0.000000000000e+00 -1.400000000000e-01
v 1.900000000000e-01 0.000000000000e+00 -1.300000000000e-01
v 2.200000000000e-01 0.000000000000e+00 -1.500000000000e-01
v 1.600000000000e-01 0.000000000000e+00 -7.000000000000e-02
v 1.700000000000e-01 0.000000000000e+00 -7.000000000000e-02
v 1.600000000000e-01 0.000000000000e+00 -1.000000000000e-01
v 1.700000000000e-01 0.000000000000e+00 -1.000000000000e-01
v 1.600000000000e-01 0.000000000000e+00 -9.000000000000e-02
v 1.700000000000e-01 0.000000000000e+00 -8.000000000000e-02
v 1.600000000000e-01 0.000000000000e+00 -8.000000000000e-02
v 1.500000000000e-01 0.000000000000e+00 -8.000000000000e-02
v 1.500000000000e-01 0.000000000000e+00 -6.000000000000e-02
v 1.600000000000e-01 0.000000000000e+00 -6.000000000000e-02
v 1.500000000000e-01 0.000000000000e+00 -7.000000000000e-02
v 1.500000000000e-01 0.000000000000e+00 -9.000000000000e-02
v 1.700000000000e-01 0.000000000000e+00 -9.000000000000e-02
v 1.500000000000e-01 0.000000000000e+00 -5.000000000000e-02
v 1.400000000000e-01 0.000000000000e+00 -5.000000000000e-02
v 1.400000000000e-01 0.000000000000e+00 -6.000000000000e-02
v 1.300000000000e-01 0.000000000000e+00 -5.000000000000e-02
v 1.200000000000e-01 0.000000000000e+00 -5.000000000000e-02
v 1.100000000000e-01 0.000000000000e+00 -5.000000000000e-02
v 1.400000000000e-01 0.000000000000e+00 -9.000000000000e-02
v 1.300000000000e-01 0.000000000000e+00 -8.000000000000e-02
v 1.400000000000e-01 0.000000000000e+00 -8.000000000000e-02
v 1.200000000000e-01 0.000000000000e+00 -7.000000000000e-02
v 1.200000000000e-01 0.000000000000e+00 -6.000000000000e-02
v 1.300000000000e-01 0.000000000000e+00 -6.000000000000e-02
v 1.300000000000e-01 0.000000000000e+00 -7.000000000000e-02
v 1.400000000000e-01 0.000000000000e+00 -7.000000000000e-02
v 1.200000000000e-01 0.000000000000e+00 -4.000000000000e-02
v 1.100000000000e-01 0.000000000000e+00 -4.000000000000e-02
v 9.000000000000e-02 0.000000000000e+00 -6.000000000000e-02
v 9.000000000000e-02 0.000000000000e+00 -7.000000000000e-02
v 1.000000000000e-01 0.000000000000e+00 -7.000000000000e-02
v 1.100000000000e-01 0.000000000000e+00 -7.000000000000e-02
v 1.000000000000e-01 0.000000000000e+00 -4.000000000000e-02
v 9.000000000000e-02 0.000000000000e+00 -4.000000000000e-02
v 9.000000000000e-02 0.000000000000e+00 -3.000000000000e-02
v 1.000000000000e-01 0.000000000000e+00 -3.000000000000e-02
v 1.100000000000e-01 0.000000000000e+00 -3.000000000000e-02
v 1.000000000000e-01 0.000000000000e+00 -6.000000000000e-02
v 1.100000000000e-01 0.000000000000e+00 -6.000000000000e-02
v 9.000000000000e-02 0.000000000000e+00 -5.000000000000e-02
v 1.000000000000e-01 0.000000000000e+00 -5.000000000000e-02
v 9.000000000000e-02 0.000000000000e+00 -2.000000000000e-02
v 1.000000000000e-01 0.000000000000e+00 -2.000000000000e-02
v 1.000000000000e-01 0.000000000000e+00 -1.100000000000e-01
v 1.100000000000e-01 0.000000000000e+00 -1.100000000000e-01
v 1.100000000000e-01 0.000000000000e+00 -8.000000000000e-02
v 1.000000000000e-01 0.000000000000e+00 -8.000000000000e-02
v 9.000000000000e-02 0.000000000000e+00 -8.000000000000e-02
v 1.100000000000e-01 0.000000000000e+00 -9.000000000000e-02
v 1.000000000000e-01 0.000000000000e+00 -9.000000000000e-02
v 9.000000000000e-02 0.000000000000e+00 -1.200000000000e-01
v 1.000000000000e-01 0.000000000000e+00 -1.200000000000e-01
v 9.000000000000e-02 0.000000000000e+00 -9.000000000000e-02
v 1.100000000000e-01 0.000000000000e+00 -1.200000000000e-01
v 1.100000000000e-01 0.000000000000e+00 -1.000000000000e-01
v 1.000000000000e-01 0.000000000000e+00 -1.000000000000e-01
v 9.000000000000e-02 0.000000000000e+00 -1.100000000000e-01
v 9.000000000000e-02 0.000000000000e+00 -1.000000000000e-01
v 1.700000000000e-01 0.000000000000e+00 -1.100000000000e-01
v 1.600000000000e-01 0.000000000000e+00 -1.500000000000e-01
v 1.700000000000e-01 0.000000000000e+00 -1.500000000000e-01
v 1.600000000000e-01 0.000000000000e+00 -1.200000000000e-01
v 1.700000000000e-01 0.000000000000e+00 -1.200000000000e-01
v 1.700000000000e-01 0.000000000000e+00 -1.300000000000e-01
v 1.500000000000e-01 0.000000000000e+00 -1.100000000000e-01
v 1.600000000000e-01 0.000000000000e+00 -1.100000000000e-01
v 1.600000000000e-01 0.000000000000e+00 -1.300000000000e-01
v 1.500000000000e-01 0.000000000000e+00 -1.300000000000e-01
v 1.700000000000e-01 0.000000000000e+00 -1.400000000000e-01
v 1.600000000000e-01 0.000000000000e+00 -1.400000000000e-01
v 1.500000000000e-01 0.000000000000e+00 -1.400000000000e-01
v 1.500000000000e-01 0.000000000000e+00 -1.000000000000e-01
v 1.500000000000e-01 0.000000000000e+00 -1.200000000000e-01
v 1.400000000000e-01 0.000000000000e+00 -1.300000000000e-01
v 1.300000000000e-01 0.000000000000e+00 -1.300000000000e-01
v 1.200000000000e-01 0.000000000000e+00 -8.000000000000e-02
v 1.300000000000e-01 0.000000000000e+00 -9.000000000000e-02
v 1.200000000000e-01 0.000000000000e+00 -9.000000000000e-02
v 1.200000000000e-01 0.000000000000e+00 -1.100000000000e-01
v 1.200000000000e-01 0.000000000000e+00 -1.000000000000e-01
v 1.400000000000e-01 0.000000000000e+00 -1.200000000000e-01
v 1.300000000000e-01 0.000000000000e+00 -1.100000000000e-01
v 1.300000000000e-01 0.000000000000e+00 -1.200000000000e-01
v 1.200000000000e-01 0.000000000000e+00 -1.200000000000e-01
v 1.400000000000e-01 0.000000000000e+00 -1.000000000000e-01
v 1.300000000000e-01 0.000000000000e+00 -1.000000000000e-01
v 1.400000000000e-01 0.000000000000e+00 -1.100000000000e-01
v 1.300000000000e-01 0.000000000000e+00 -2.600000000000e-01
v 1.300000000000e-01 0.000000000000e+00 -2.500000000000e-01
v 1.200000000000e-01 0.000000000000e+00 -2.500000000000e-01
v 1.400000000000e-01 0.000000000000e+00 -2.600000000000e-01
v 1.200000000000e-01 0.000000000000e+00 -2.700000000000e-01
v 1.500000000000e-01 0.000000000000e+00 -2.700000000000e-01
v 1.300000000000e-01 0.000000000000e+00 -2.700000000000e-01
v 1.200000000000e-01 0.000000000000e+00 -2.600000000000e-01
v 1.500000000000e-01 0.000000000000e+00 -2.900000000000e-01
v 1.500000000000e-01 0.000000000000e+00 -2.800000000000e-01
v 1.400000000000e-01 0.000000000000e+00 -2.800000000000e-01
v 1.300000000000e-01 0.000000000000e+00 -2.800000000000e-01
v 1.200000000000e-01 0.000000000000e+00 -2.800000000000e-01
v 1.400000000000e-01 0.000000000000e+00 -2.700000000000e-01
v 1.600000000000e-01 0.000000000000e+00 -2.500000000000e-01
v 1.700000000000e-01 0.000000000000e+00 -2.800000000000e-01
v 1.600000000000e-01 0.000000000000e+00 -2.800000000000e-01
v 1.600000000000e-01 0.000000000000e+00 -2.700000000000e-01
v 1.400000000000e-01 0.000000000000e+00 -2.500000000000e-01
v 1.500000000000e-01 0.000000000000e+00 -2.500000000000e-01
v 1.700000000000e-01 0.000000000000e+00 -2.500000000000e-01
v 1.700000000000e-01 0.000000000000e+00 -2.700000000000e-01
v 1.700000000000e-01 0.000000000000e+00 -2.600000000000e-01
v 1.600000000000e-01 0.000000000000e+00 -2.600000000000e-01
v 1.500000000000e-01 0.000000000000e+00 -2.600000000000e-01
v 1.600000000000e-01 0.000000000000e+00 -3.000000000000e-01
v 1.700000000000e-01 0.000000000000e+00 -3.000000000000e-01
v 1.600000000000e-01 0.000000000000e+00 -2.900000000000e-01
v 1.700000000000e-01 0.000000000000e+00 -2.900000000000e-01
v 2.000000000000e-01 0.000000000000e+00 -2.600000000000e-01
v 1.900000000000e-01 0.000000000000e+00 -2.800000000000e-01
v 2.000000000000e-01 0.000000000000e+00 -2.800000000000e-01
v 2.100000000000e-01 0.000000000000e+00 -2.800000000000e-01
v 2.000000000000e-01 0.000000000000e+00 -2.500000000000e-01
v 1.800000000000e-01 0.000000000000e+00 -2.700000000000e-01
v 1.900000000000e-01 0.000000000000e+00 -2.700000000000e-01
v 2.000000000000e-01 0.000000000000e+00 -2.700000000000e-01
v 2.100000000000e-01 0.000000000000e+00 -2.700000000000e-01
v 2.200000000000e-01 0.000000000000e+00 -2.700000000000e-01
v 1.900000000000e-01 0.000000000000e+00 -2.500000000000e-01
v 1.800000000000e-01 0.000000000000e+00 -2.500000000000e-01
v 1.800000000000e-01 0.000000000000e+00 -2.600000000000e-01
v 1.900000000000e-01 0.000000000000e+00 -2.600000000000e-01
v 2.100000000000e-01 0.000000000000e+00 -2.600000000000e-01
v 2.100000000000e-01 0.000000000000e+00 -3.100000000000e-01
v 1.800000000000e-01 0.000000000000e+00 -2.900000000000e-01
v 1.900000000000e-01 0.000000000000e+00 -2.900000000000e-01
v 2.000000000000e-01 0.000000000000e+00 -2.900000000000e-01
v 2.100000000000e-01 0.000000000000e+00 -2.900000000000e-01
v 1.800000000000e-01 0.000000000000e+00 -2.800000000000e-01
v 2.100000000000e-01 0.000000000000e+00 -3.000000000000e-01
v 2.000000000000e-01 0.000000000000e+00 -3.000000000000e-01
v 1.900000000000e-01 0.000000000000e+00 -3.000000000000e-01
v 1.800000000000e-01 0.000000000000e+00 -3.000000000000e-01
v 2.000000000000e-01 0.000000000000e+00 -3.100000000000e-01
v 1.900000000000e-01 0.000000000000e+00 -3.100000000000e-01
v 1.800000000000e-01 0.000000000000e+00 -3.100000000000e-01
v 2.100000000000e-01 0.000000000000e+00 -3.200000000000e-01
v 2.000000000000e-01 0.000000000000e+00 -3.200000000000e-01
v 1.900000000000e-01 0.000000000000e+00 -3.200000000000e-01
v 2.200000000000e-01 0.000000000000e+00 -3.100000000000e-01
v 2.200000000000e-01 0.000000000000e+00 -3.200000000000e-01
v 2.300000000000e-01 0.000000000000e+00 -3.200000000000e-01
v 2.200000000000e-01 0.000000000000e+00 -3.000000000000e-01
v 2.300000000000e-01 0.000000000000e+00 -3.000000000000e-01
v 2.200000000000e-01 0.000000000000e+00 -2.900000000000e-01
v 2.300000000000e-01 0.000000000000e+00 -2.900000000000e-01
v 2.400000000000e-01 0.000000000000e+00 -3.100000000000e-01
v 2.300000000000e-01 0.000000000000e+00 -3.100000000000e-01
v 2.400000000000e-01 0.000000000000e+00 -3.000000000000e-01
v 2.400000000000e-01 0.000000000000e+00 -3.200000000000e-01
v 2.400000000000e-01 0.000000000000e+00 -3.300000000000e-01
v 2.300000000000e-01 0.000000000000e+00 -3.300000000000e-01
v 2.200000000000e-01 0.000000000000e+00 -2.800000000000e-01
v 2.400000000000e-01 0.000000000000e+00 -2.900000000000e-01
v 2.300000000000e-01 0.000000000000e+00 -2.800000000000e-01
v 1.300000000000e-01 0.000000000000e+00 -3.200000000000e-01
v 1.400000000000e-01 0.000000000000e+00 -3.200000000000e-01
v 1.200000000000e-01 0.000000000000e+00 -2.900000000000e-01
v 1.300000000000e-01 0.000000000000e+00 -2.900000000000e-01
v 1.400000000000e-01 0.000000000000e+00 -2.900000000000e-01
v 1.500000000000e-01 0.000000000000e+00 -3.000000000000e-01
v 1.400000000000e-01 0.000000000000e+00 -3.000000000000e-01
v 1.300000000000e-01 0.000000000000e+00 -3.000000000000e-01
v 1.200000000000e-01 0.000000000000e+00 -3.000000000000e-01
v 1.600000000000e-01 0.000000000000e+00 -3.100000000000e-01
v 1.500000000000e-01 0.000000000000e+00 -3.100000000000e-01
v 1.400000000000e-01 0.000000000000e+00 -3.100000000000e-01
v 1.300000000000e-01 0.000000000000e+00 -3.100000000000e-01
v 1.200000000000e-01 0.000000000000e+00 -3.100000000000e-01
v 1.700000000000e-01 0.000000000000e+00 -3.700000000000e-01
v 1.600000000000e-01 0.000000000000e+00 -3.700000000000e-01
v 1.500000000000e-01 0.000000000000e+00 -3.600000000000e-01
v 1.500000000000e-01 0.000000000000e+00 -3.500000000000e-01
v 1.600000000000e-01 0.000000000000e+00 -3.500000000000e-01
v 1.700000000000e-01 0.000000000000e+00 -3.500000000000e-01
v 1.500000000000e-01 0.000000000000e+00 -3.400000000000e-01
v 1.600000000000e-01 0.000000000000e+00 -3.400000000000e-01
v 1.400000000000e-01 0.000000000000e+00 -3.300000000000e-01
v 1.500000000000e-01 0.000000000000e+00 -3.300000000000e-01
v 1.600000000000e-01 0.000000000000e+00 -3.300000000000e-01
v 1.600000000000e-01 0.000000000000e+00 -3.200000000000e-01
v 1.500000000000e-01 0.000000000000e+00 -3.200000000000e-01
v 1.600000000000e-01 0.000000000000e+00 -3.600000000000e-01
v 1.700000000000e-01 0.000000000000e+00 -3.600000000000e-01
v 1.200000000000e-01 0.000000000000e+00 -3.500000000000e-01
v 1.300000000000e-01 0.000000000000e+00 -3.500000000000e-01
v 1.400000000000e-01 0.000000000000e+00 -3.500000000000e-01
v 1.200000000000e-01 0.000000000000e+00 -3.200000000000e-01
v 1.200000000000e-01 0.000000000000e+00 -3.400000000000e-01
v 1.300000000000e-01 0.000000000000e+00 -3.400000000000e-01
v 1.400000000000e-01 0.000000000000e+00 -3.400000000000e-01
v 1.200000000000e-01 0.000000000000e+00 -3.300000000000e-01
v 1.300000000000e-01 0.000000000000e+00 -3.300000000000e-01
v 1.300000000000e-01 0.000000000000e+00 -3.700000000000e-01
v 1.400000000000e-01 0.000000000000e+00 -3.700000000000e-01
v 1.400000000000e-01 0.000000000000e+00 -3.600000000000e-01
v 1.300000000000e-01 0.000000000000e+00 -3.600000000000e-01
v 1.200000000000e-01 0.000000000000e+00 -3.600000000000e-01
v 1.700000000000e-01 0.000000000000e+00 -3.300000000000e-01
v 1.800000000000e-01 0.000000000000e+00 -3.600000000000e-01
v 1.900000000000e-01 0.000000000000e+00 -3.600000000000e-01
v 1.700000000000e-01 0.000000000000e+00 -3.100000000000e-01
v 1.800000000000e-01 0.000000000000e+00 -3.300000000000e-01
v 1.900000000000e-01 0.000000000000e+00 -3.300000000000e-01
v 1.900000000000e-01 0.000000000000e+00 -3.400000000000e-01
v 1.800000000000e-01 0.000000000000e+00 -3.400000000000e-01
v 1.700000000000e-01 0.000000000000e+00 -3.400000000000e-01
v 1.700000000000e-01 0.000000000000e+00 -3.200000000000e-01
v 1.800000000000e-01 0.000000000000e+00 -3.200000000000e-01
v 1.900000000000e-01 0.000000000000e+00 -3.700000000000e-01
v 1.800000000000e-01 0.000000000000e+00 -3.700000000000e-01
v 1.800000000000e-01 0.000000000000e+00 -3.500000000000e-01
v 1.900000000000e-01 0.000000000000e+00 -3.500000000000e-01
v 2.000000000000e-01 0.000000000000e+00 -3.700000000000e-01
v 2.000000000000e-01 0.000000000000e+00 -3.500000000000e-01
v 2.000000000000e-01 0.000000000000e+00 -3.600000000000e-01
v 2.100000000000e-01 0.000000000000e+00 -3.600000000000e-01
v 2.200000000000e-01 0.000000000000e+00 -3.600000000000e-01
v 2.200000000000e-01 0.000000000000e+00 -3.400000000000e-01
v 2.100000000000e-01 0.000000000000e+00 -3.400000000000e-01
v 2.000000000000e-01 0.000000000000e+00 -3.400000000000e-01
v 2.200000000000e-01 0.000000000000e+00 -3.800000000000e-01
v 2.100000000000e-01 0.000000000000e+00 -3.500000000000e-01
v 2.200000000000e-01 0.000000000000e+00 -3.500000000000e-01
v 2.200000000000e-01 0.000000000000e+00 -3.700000000000e-01
v 2.100000000000e-01 0.000000000000e+00 -3.700000000000e-01
v 2.000000000000e-01 0.000000000000e+00 -3.300000000000e-01
v 2.100000000000e-01 0.000000000000e+00 -3.300000000000e-01
v 2.200000000000e-01 0.000000000000e+00 -3.300000000000e-01
v 2.400000000000e-01 0.000000000000e+00 -3.600000000000e-01
v 2.300000000000e-01 0.000000000000e+00 -3.700000000000e-01
v 2.300000000000e-01 0.000000000000e+00 -3.500000000000e-01
v 2.400000000000e-01 0.000000000000e+00 -3.500000000000e-01
v 2.400000000000e-01 0.000000000000e+00 -3.400000000000e-01
v 2.300000000000e-01 0.000000000000e+00 -3.400000000000e-01
v 2.500000000000e-01 0.000000000000e+00 -3.800000000000e-01
v 2.400000000000e-01 0.000000000000e+00 -3.800000000000e-01
v 2.500000000000e-01 0.000000000000e+00 -3.600000000000e-01
v 2.300000000000e-01 0.000000000000e+00 -3.600000000000e-01
v 2.300000000000e-01 0.000000000000e+00 -3.800000000000e-01
v 2.500000000000e-01 0.000000000000e+00 -3.500000000000e-01
v 2.500000000000e-01 0.000000000000e+00 -3.700000000000e-01
v 2.400000000000e-01 0.000000000000e+00 -3.700000000000e-01
v 2.800000000000e-01 0.000000000000e+00 -4.700000000000e-01
v 2.600000000000e-01 0.000000000000e+00 -4.800000000000e-01
v 2.700000000000e-01 0.000000000000e+00 -4.800000000000e-01
v 2.800000000000e-01 0.000000000000e+00 -4.800000000000e-01
v 2.800000000000e-01 0.000000000000e+00 -4.900000000000e-01
v 2.700000000000e-01 0.000000000000e+00 -4.900000000000e-01
v 2.600000000000e-01 0.000000000000e+00 -4.900000000000e-01
v 2.700000000000e-01 0.000000000000e+00 -4.700000000000e-01
v 2.700000000000e-01 0.000000000000e+00 -5.000000000000e-01
v 2.600000000000e-01 0.000000000000e+00 -5.000000000000e-01
v 2.600000000000e-01 0.000000000000e+00 -4.700000000000e-01
v 2.800000000000e-01 0.000000000000e+00 -5.000000000000e-01
v 2.700000000000e-01 0.000000000000e+00 -4.600000000000e-01
v 2.600000000000e-01 0.000000000000e+00 -4.600000000000e-01
v 2.500000000000e-01 0.000000000000e+00 -4.600000000000e-01
v 2.400000000000e-01 0.000000000000e+00 -4.800000000000e-01
v 2.400000000000e-01 0.000000000000e+00 -4.900000000000e-01
v 2.500000000000e-01 0.000000000000e+00 -4.900000000000e-01
v 2.400000000000e-01 0.000000000000e+00 -5.000000000000e-01
v 2.500000000000e-01 0.000000000000e+00 -5.000000000000e-01
v 2.500000000000e-01 0.000000000000e+00 -4.700000000000e-01
v 2.400000000000e-01 0.000000000000e+00 -4.700000000000e-01
v 2.500000000000e-01 0.000000000000e+00 -4.800000000000e-01
v 2.300000000000e-01 0.000000000000e+00 -4.700000000000e-01
v 2.400000000000e-01 0.000000000000e+00 -4.600000000000e-01
v 2.200000000000e-01 0.000000000000e+00 -4.500000000000e-01
v 2.300000000000e-01 0.000000000000e+00 -4.500000000000e-01
v 2.300000000000e-01 0.000000000000e+00 -4.600000000000e-01
v 2.200000000000e-01 0.000000000000e+00 -4.400000000000e-01
v 2.000000000000e-01 0.000000000000e+00 -4.000000000000e-01
v 2.200000000000e-01 0.000000000000e+00 -4.200000000000e-01
v 2.100000000000e-01 0.000000000000e+00 -4.200000000000e-01
v 2.000000000000e-01 0.000000000000e+00 -4.100000000000e-01
v 2.100000000000e-01 0.000000000000e+00 -4.100000000000e-01
v 2.200000000000e-01 0.000000000000e+00 -4.100000000000e-01
v 2.200000000000e-01 0.000000000000e+00 -4.300000000000e-01
v 1.900000000000e-01 0.000000000000e+00 -3.900000000000e-01
v 2.100000000000e-01 0.000000000000e+00 -4.000000000000e-01
v 2.200000000000e-01 0.000000000000e+00 -4.000000000000e-01
v 2.000000000000e-01 0.000000000000e+00 -3.900000000000e-01
v 2.200000000000e-01 0.000000000000e+00 -3.900000000000e-01
v 2.100000000000e-01 0.000000000000e+00 -3.800000000000e-01
v 2.000000000000e-01 0.000000000000e+00 -3.800000000000e-01
v 1.900000000000e-01 0.000000000000e+00 -3.800000000000e-01
v 2.100000000000e-01 0.000000000000e+00 -3.900000000000e-01
v 2.600000000000e-01 0.000000000000e+00 -4.300000000000e-01
v 2.500000000000e-01 0.000000000000e+00 -4.200000000000e-01
v 2.600000000000e-01 0.000000000000e+00 -4.200000000000e-01
v 2.700000000000e-01 0.000000000000e+00 -4.200000000000e-01
v 2.500000000000e-01 0.000000000000e+00 -3.900000000000e-01
v 2.600000000000e-01 0.000000000000e+00 -4.000000000000e-01
v 2.700000000000e-01 0.000000000000e+00 -4.300000000000e-01
v 2.400000000000e-01 0.000000000000e+00 -4.100000000000e-01
v 2.500000000000e-01 0.000000000000e+00 -4.100000000000e-01
v 2.500000000000e-01 0.000000000000e+00 -4.000000000000e-01
v 2.600000000000e-01 0.000000000000e+00 -4.100000000000e-01
v 2.700000000000e-01 0.000000000000e+00 -4.100000000000e-01
v 2.400000000000e-01 0.000000000000e+00 -4.000000000000e-01
v 2.300000000000e-01 0.000000000000e+00 -4.000000000000e-01
v 2.400000000000e-01 0.000000000000e+00 -3.900000000000e-01
v 2.300000000000e-01 0.000000000000e+00 -3.900000000000e-01
v 2.500000000000e-01 0.000000000000e+00 -4.300000000000e-01
v 2.300000000000e-01 0.000000000000e+00 -4.100000000000e-01
v 2.400000000000e-01 0.000000000000e+00 -4.200000000000e-01
v 2.300000000000e-01 0.000000000000e+00 -4.200000000000e-01
v 2.700000000000e-01 0.000000000000e+00 -4.500000000000e-01
v 2.300000000000e-01 0.000000000000e+00 -4.300000000000e-01
v 2.400000000000e-01 0.000000000000e+00 -4.300000000000e-01
v 2.700000000000e-01 0.000000000000e+00 -4.400000000000e-01
v 2.600000000000e-01 0.000000000000e+00 -4.500000000000e-01
v 2.600000000000e-01 0.000000000000e+00 -4.400000000000e-01
v 2.500000000000e-01 0.000000000000e+00 -4.400000000000e-01
v 2.400000000000e-01 0.000000000000e+00 -4.400000000000e-01
v 2.300000000000e-01 0.000000000000e+00 -4.400000000000e-01
v 2.500000000000e-01 0.000000000000e+00 -4.500000000000e-01
v 2.400000000000e-01 0.000000000000e+00 -4.500000000000e-01
v 1.500000000000e-01 0.000000000000e+00 -3.900000000000e-01
v 1.400000000000e-01 0.000000000000e+00 -3.900000000000e-01
v 1.400000000000e-01 0.000000000000e+00 -3.800000000000e-01
v 1.300000000000e-01 0.000000000000e+00 -3.800000000000e-01
v 1.500000000000e-01 0.000000000000e+00 -4.300000000000e-01
v 1.300000000000e-01 0.000000000000e+00 -3.900000000000e-01
v 1.600000000000e-01 0.000000000000e+00 -4.300000000000e-01
v 1.500000000000e-01 0.000000000000e+00 -4.000000000000e-01
v 1.300000000000e-01 0.000000000000e+00 -4.000000000000e-01
v 1.400000000000e-01 0.000000000000e+00 -4.100000000000e-01
v 1.500000000000e-01 0.000000000000e+00 -4.100000000000e-01
v 1.600000000000e-01 0.000000000000e+00 -4.100000000000e-01
v 1.400000000000e-01 0.000000000000e+00 -4.200000000000e-01
v 1.500000000000e-01 0.000000000000e+00 -4.200000000000e-01
v 1.400000000000e-01 0.000000000000e+00 -4.000000000000e-01
v 1.600000000000e-01 0.000000000000e+00 -4.200000000000e-01
v 1.700000000000e-01 0.000000000000e+00 -3.800000000000e-01
v 1.600000000000e-01 0.000000000000e+00 -3.900000000000e-01
v 1.700000000000e-01 0.000000000000e+00 -3.900000000000e-01
v 1.800000000000e-01 0.000000000000e+00 -3.900000000000e-01
v 1.700000000000e-01 0.000000000000e+00 -4.100000000000e-01
v 1.800000000000e-01 0.000000000000e+00 -4.100000000000e-01
v 1.900000000000e-01 0.000000000000e+00 -4.100000000000e-01
v 1.800000000000e-01 0.000000000000e+00 -3.800000000000e-01
v 1.600000000000e-01 0.000000000000e+00 -3.800000000000e-01
v 1.500000000000e-01 0.000000000000e+00 -3.800000000000e-01
v 1.500000000000e-01 0.000000000000e+00 -3.700000000000e-01
v 1.900000000000e-01 0.000000000000e+00 -4.000000000000e-01
v 1.800000000000e-01 0.000000000000e+00 -4.000000000000e-01
v 1.700000000000e-01 0.000000000000e+00 -4.000000000000e-01
v 1.600000000000e-01 0.000000000000e+00 -4.000000000000e-01
v 1.700000000000e-01 0.000000000000e+00 -4.400000000000e-01
v 1.900000000000e-01 0.000000000000e+00 -4.400000000000e-01
v 1.800000000000e-01 0.000000000000e+00 -4.400000000000e-01
v 1.800000000000e-01 0.000000000000e+00 -4.300000000000e-01
v 2.000000000000e-01 0.000000000000e+00 -4.400000000000e-01
v 2.100000000000e-01 0.000000000000e+00 -4.400000000000e-01
v 1.700000000000e-01 0.000000000000e+00 -4.300000000000e-01
v 1.900000000000e-01 0.000000000000e+00 -4.300000000000e-01
v 2.000000000000e-01 0.000000000000e+00 -4.300000000000e-01
v 2.100000000000e-01 0.000000000000e+00 -4.300000000000e-01
v 1.700000000000e-01 0.000000000000e+00 -4.200000000000e-01
v 1.800000000000e-01 0.000000000000e+00 -4.200000000000e-01
v 1.900000000000e-01 0.000000000000e+00 -4.200000000000e-01
v 2.000000000000e-01 0.000000000000e+00 -4.200000000000e-01
v 1.600000000000e-01 0.000000000000e+00 -4.500000000000e-01
v 1.700000000000e-01 0.000000000000e+00 -4.800000000000e-01
v 1.600000000000e-01 0.000000000000e+00 -4.700000000000e-01
v 1.700000000000e-01 0.000000000000e+00 -4.700000000000e-01
v 1.700000000000e-01 0.000000000000e+00 -4.900000000000e-01
v 1.800000000000e-01 0.000000000000e+00 -4.900000000000e-01
v 1.700000000000e-01 0.000000000000e+00 -4.500000000000e-01
v 1.500000000000e-01 0.000000000000e+00 -4.500000000000e-01
v 1.800000000000e-01 0.000000000000e+00 -5.000000000000e-01
v 1.600000000000e-01 0.000000000000e+00 -4.800000000000e-01
v 1.600000000000e-01 0.000000000000e+00 -4.400000000000e-01
v 1.500000000000e-01 0.000000000000e+00 -4.600000000000e-01
v 1.700000000000e-01 0.000000000000e+00 -4.600000000000e-01
v 1.600000000000e-01 0.000000000000e+00 -4.600000000000e-01
v 1.500000000000e-01 0.000000000000e+00 -4.400000000000e-01
v 2.000000000000e-01 0.000000000000e+00 -4.700000000000e-01
v 1.800000000000e-01 0.000000000000e+00 -4.800000000000e-01
v 1.900000000000e-01 0.000000000000e+00 -4.800000000000e-01
v 2.000000000000e-01 0.000000000000e+00 -4.800000000000e-01
v 1.800000000000e-01 0.000000000000e+00 -4.500000000000e-01
v 1.900000000000e-01 0.000000000000e+00 -4.600000000000e-01
v 2.000000000000e-01 0.000000000000e+00 -4.600000000000e-01
v 1.900000000000e-01 0.000000000000e+00 -4.500000000000e-01
v 1.800000000000e-01 0.000000000000e+00 -4.700000000000e-01
v 1.900000000000e-01 0.000000000000e+00 -4.700000000000e-01
v 1.800000000000e-01 0.000000000000e+00 -4.600000000000e-01
v 1.900000000000e-01 0.000000000000e+00 -4.900000000000e-01
v 2.000000000000e-01 0.000000000000e+00 -4.900000000000e-01
v 2.000000000000e-01 0.000000000000e+00 -5.000000000000e-01
v 1.900000000000e-01 0.000000000000e+00 -5.000000000000e-01
v 2.000000000000e-01 0.000000000000e+00 -4.500000000000e-01
v 2.300000000000e-01 0.000000000000e+00 -4.800000000000e-01
v 2.100000000000e-01 0.000000000000e+00 -4.600000000000e-01
v 2.100000000000e-01 0.000000000000e+00 -4.900000000000e-01
v 2.200000000000e-01 0.000000000000e+00 -4.900000000000e-01
v 2.300000000000e-01 0.000000000000e+00 -4.900000000000e-01
v 2.100000000000e-01 0.000000000000e+00 -4.500000000000e-01
v 2.100000000000e-01 0.000000000000e+00 -4.800000000000e-01
v 2.200000000000e-01 0.000000000000e+00 -4.800000000000e-01
v 2.100000000000e-01 0.000000000000e+00 -4.700000000000e-01
v 2.200000000000e-01 0.000000000000e+00 -4.700000000000e-01
v 2.200000000000e-01 0.000000000000e+00 -4.600000000000e-01
v 2.300000000000e-01 0.000000000000e+00 -5.000000000000e-01
v 2.200000000000e-01 0.000000000000e+00 -5.000000000000e-01
v 2.100000000000e-01 0.000000000000e+00 -5.000000000000e-01
v 3.000000000000e-01 0.000000000000e+00 -2.800000000000e-01
v 3.200000000000e-01 0.000000000000e+00 -2.800000000000e-01
v 3.100000000000e-01 0.000000000000e+00 -3.100000000000e-01
v 3.100000000000e-01 0.000000000000e+00 -2.800000000000e-01
v 3.000000000000e-01 0.000000000000e+00 -3.100000000000e-01
v 3.000000000000e-01 0.000000000000e+00 -2.900000000000e-01
v 3.100000000000e-01 0.000000000000e+00 -2.900000000000e-01
v 3.200000000000e-01 0.000000000000e+00 -2.900000000000e-01
v 3.100000000000e-01 0.000000000000e+00 -3.000000000000e-01
v 3.000000000000e-01 0.000000000000e+00 -3.000000000000e-01
v 2.900000000000e-01 0.000000000000e+00 -3.000000000000e-01
v 3.100000000000e-01 0.000000000000e+00 -3.200000000000e-01
v 3.200000000000e-01 0.000000000000e+00 -2.700000000000e-01
v 3.000000000000e-01 0.000000000000e+00 -2.700000000000e-01
v 3.100000000000e-01 0.000000000000e+00 -2.700000000000e-01
v 2.800000000000e-01 0.000000000000e+00 -2.500000000000e-01
v 2.800000000000e-01 0.000000000000e+00 -2.600000000000e-01
v 2.900000000000e-01 0.000000000000e+00 -2.800000000000e-01
v 2.900000000000e-01 0.000000000000e+00 -2.600000000000e-01
v 2.600000000000e-01 0.000000000000e+00 -2.600000000000e-01
v 2.700000000000e-01 0.000000000000e+00 -2.600000000000e-01
v 2.700000000000e-01 0.000000000000e+00 -2.800000000000e-01
v 2.700000000000e-01 0.000000000000e+00 -2.500000000000e-01
v 2.800000000000e-01 0.000000000000e+00 -2.800000000000e-01
v 2.900000000000e-01 0.000000000000e+00 -2.700000000000e-01
v 2.800000000000e-01 0.000000000000e+00 -2.700000000000e-01
v 2.700000000000e-01 0.000000000000e+00 -2.700000000000e-01
v 2.600000000000e-01 0.000000000000e+00 -2.700000000000e-01
v 2.800000000000e-01 0.000000000000e+00 -2.900000000000e-01
v 2.900000000000e-01 0.000000000000e+00 -2.900000000000e-01
v 2.900000000000e-01 0.000000000000e+00 -2.100000000000e-01
v 2.900000000000e-01 0.000000000000e+00 -2.000000000000e-01
v 2.800000000000e-01 0.000000000000e+00 -2.200000000000e-01
v 2.700000000000e-01 0.000000000000e+00 -2.200000000000e-01
v 2.700000000000e-01 0.000000000000e+00 -2.100000000000e-01
v 2.800000000000e-01 0.000000000000e+00 -2.100000000000e-01
v 3.000000000000e-01 0.000000000000e+00 -2.100000000000e-01
v 2.900000000000e-01 0.000000000000e+00 -2.200000000000e-01
v 3.100000000000e-01 0.000000000000e+00 -2.100000000000e-01
v 2.800000000000e-01 0.000000000000e+00 -2.000000000000e-01
v 3.000000000000e-01 0.000000000000e+00 -2.000000000000e-01
v 2.800000000000e-01 0.000000000000e+00 -1.800000000000e-01
v 2.800000000000e-01 0.000000000000e+00 -1.900000000000e-01
v 2.900000000000e-01 0.000000000000e+00 -1.900000000000e-01
v 3.000000000000e-01 0.000000000000e+00 -2.200000000000e-01
v 3.300000000000e-01 0.000000000000e+00 -2.700000000000e-01
v 3.400000000000e-01 0.000000000000e+00 -2.400000000000e-01
v 3.300000000000e-01 0.000000000000e+00 -2.400000000000e-01
v 3.200000000000e-01 0.000000000000e+00 -2.400000000000e-01
v 3.200000000000e-01 0.000000000000e+00 -2.200000000000e-01
v 3.300000000000e-01 0.000000000000e+00 -2.300000000000e-01
v 3.200000000000e-01 0.000000000000e+00 -2.300000000000e-01
v 3.100000000000e-01 0.000000000000e+00 -2.300000000000e-01
v 3.400000000000e-01 0.000000000000e+00 -2.500000000000e-01
v 3.300000000000e-01 0.000000000000e+00 -2.500000000000e-01
v 3.200000000000e-01 0.000000000000e+00 -2.500000000000e-01
v 3.400000000000e-01 0.000000000000e+00 -2.600000000000e-01
v 3.300000000000e-01 0.000000000000e+00 -2.600000000000e-01
v 3.200000000000e-01 0.000000000000e+00 -2.600000000000e-01
v 3.100000000000e-01 0.000000000000e+00 -2.200000000000e-01
v 3.400000000000e-01 0.000000000000e+00 -2.700000000000e-01
v 2.700000000000e-01 0.000000000000e+00 -2.300000000000e-01
v 2.900000000000e-01 0.000000000000e+00 -2.500000000000e-01
v 3.000000000000e-01 0.000000000000e+00 -2.500000000000e-01
v 3.100000000000e-01 0.000000000000e+00 -2.500000000000e-01
v 2.700000000000e-01 0.000000000000e+00 -2.400000000000e-01
v 3.000000000000e-01 0.000000000000e+00 -2.600000000000e-01
v 3.000000000000e-01 0.000000000000e+00 -2.300000000000e-01
v 2.900000000000e-01 0.000000000000e+00 -2.300000000000e-01
v 2.800000000000e-01 0.000000000000e+00 -2.300000000000e-01
v 2.800000000000e-01 0.000000000000e+00 -2.400000000000e-01
v 2.900000000000e-01 0.000000000000e+00 -2.400000000000e-01
v 3.000000000000e-01 0.000000000000e+00 -2.400000000000e-01
v 3.100000000000e-01 0.000000000000e+00 -2.400000000000e-01
v 3.100000000000e-01 0.000000000000e+00 -2.600000000000e-01
v 3.600000000000e-01 0.000000000000e+00 -3.000000000000e-01
v 3.500000000000e-01 0.000000000000e+00 -2.900000000000e-01
v 3.500000000000e-01 0.000000000000e+00 -3.100000000000e-01
v 3.600000000000e-01 0.000000000000e+00 -3.100000000000e-01
v 3.700000000000e-01 0.000000000000e+00 -3.100000000000e-01
v 3.800000000000e-01 0.000000000000e+00 -3.100000000000e-01
v 3.700000000000e-01 0.000000000000e+00 -3.000000000000e-01
v 3.500000000000e-01 0.000000000000e+00 -2.800000000000e-01
v 3.400000000000e-01 0.000000000000e+00 -2.800000000000e-01
v 3.300000000000e-01 0.000000000000e+00 -2.800000000000e-01
v 3.500000000000e-01 0.000000000000e+00 -3.000000000000e-01
v 3.400000000000e-01 0.000000000000e+00 -3.000000000000e-01
v 3.300000000000e-01 0.000000000000e+00 -2.900000000000e-01
v 3.400000000000e-01 0.000000000000e+00 -2.900000000000e-01
v 3.600000000000e-01 0.000000000000e+00 -2.900000000000e-01
v 3.700000000000e-01 0.000000000000e+00 -2.900000000000e-01
v 3.600000000000e-01 0.000000000000e+00 -2.800000000000e-01
v 3.700000000000e-01 0.000000000000e+00 -2.800000000000e-01
v 3.800000000000e-01 0.000000000000e+00 -3.000000000000e-01
v 3.800000000000e-01 0.000000000000e+00 -2.800000000000e-01
v 3.800000000000e-01 0.000000000000e+00 -2.900000000000e-01
v 3.600000000000e-01 0.000000000000e+00 -2.500000000000e-01
v 3.500000000000e-01 0.000000000000e+00 -2.500000000000e-01
v 3.700000000000e-01 0.000000000000e+00 -2.600000000000e-01
v 3.500000000000e-01 0.000000000000e+00 -2.700000000000e-01
v 3.600000000000e-01 0.000000000000e+00 -2.700000000000e-01
v 3.700000000000e-01 0.000000000000e+00 -2.700000000000e-01
v 3.500000000000e-01 0.000000000000e+00 -2.600000000000e-01
v 3.600000000000e-01 0.000000000000e+00 -2.600000000000e-01
v 3.400000000000e-01 0.000000000000e+00 -3.200000000000e-01
v 3.300000000000e-01 0.000000000000e+00 -3.200000000000e-01
v 3.300000000000e-01 0.000000000000e+00 -3.300000000000e-01
v 3.200000000000e-01 0.000000000000e+00 -3.300000000000e-01
v 3.400000000000e-01 0.000000000000e+00 -3.500000000000e-01
v 3.200000000000e-01 0.000000000000e+00 -3.200000000000e-01
v 3.400000000000e-01 0.000000000000e+00 -3.400000000000e-01
v 3.300000000000e-01 0.000000000000e+00 -3.400000000000e-01
v 3.200000000000e-01 0.000000000000e+00 -3.000000000000e-01
v 3.300000000000e-01 0.000000000000e+00 -3.000000000000e-01
v 3.200000000000e-01 0.000000000000e+00 -3.100000000000e-01
v 3.300000000000e-01 0.000000000000e+00 -3.100000000000e-01
v 3.400000000000e-01 0.000000000000e+00 -3.100000000000e-01
v 3.400000000000e-01 0.000000000000e+00 -3.300000000000e-01
v 3.800000000000e-01 0.000000000000e+00 -3.400000000000e-01
v 3.900000000000e-01 0.000000000000e+00 -3.600000000000e-01
v 4.000000000000e-01 0.000000000000e+00 -3.800000000000e-01
v 3.900000000000e-01 0.000000000000e+00 -3.400000000000e-01
v 3.900000000000e-01 0.000000000000e+00 -3.800000000000e-01
v 4.000000000000e-01 0.000000000000e+00 -3.700000000000e-01
v 3.900000000000e-01 0.000000000000e+00 -3.700000000000e-01
v 3.800000000000e-01 0.000000000000e+00 -3.600000000000e-01
v 3.800000000000e-01 0.000000000000e+00 -3.700000000000e-01
v 3.800000000000e-01 0.000000000000e+00 -3.500000000000e-01
v 3.900000000000e-01 0.000000000000e+00 -3.500000000000e-01
v 3.900000000000e-01 0.000000000000e+00 -3.300000000000e-01
v 4.000000000000e-01 0.000000000000e+00 -3.600000000000e-01
v 3.800000000000e-01 0.000000000000e+00 -3.300000000000e-01
v 3.800000000000e-01 0.000000000000e+00 -3.200000000000e-01
v 3.500000000000e-01 0.000000000000e+00 -3.200000000000e-01
v 3.700000000000e-01 0.000000000000e+00 -3.600000000000e-01
v 3.600000000000e-01 0.000000000000e+00 -3.600000000000e-01
v 3.500000000000e-01 0.000000000000e+00 -3.600000000000e-01
v 3.500000000000e-01 0.000000000000e+00 -3.300000000000e-01
v 3.600000000000e-01 0.000000000000e+00 -3.300000000000e-01
v 3.700000000000e-01 0.000000000000e+00 -3.300000000000e-01
v 3.600000000000e-01 0.000000000000e+00 -3.500000000000e-01
v 3.500000000000e-01 0.000000000000e+00 -3.500000000000e-01
v 3.700000000000e-01 0.000000000000e+00 -3.200000000000e-01
v 3.600000000000e-01 0.000000000000e+00 -3.200000000000e-01
v 3.700000000000e-01 0.000000000000e+00 -3.400000000000e-01
v 3.700000000000e-01 0.000000000000e+00 -3.500000000000e-01
v 3.500000000000e-01 0.000000000000e+00 -3.400000000000e-01
v 3.600000000000e-01 0.000000000000e+00 -3.400000000000e-01
v 5.000000000000e-01 0.000000000000e+00 -4.100000000000e-01
v 4.800000000000e-01 0.000000000000e+00 -4.100000000000e-01
v 4.900000000000e-01 0.000000000000e+00 -4.100000000000e-01
v 4.800000000000e-01 0.000000000000e+00 -3.900000000000e-01
v 4.700000000000e-01 0.000000000000e+00 -4.100000000000e-01
v 4.800000000000e-01 0.000000000000e+00 -4.000000000000e-01
v 4.700000000000e-01 0.000000000000e+00 -3.900000000000e-01
v 5.000000000000e-01 0.000000000000e+00 -3.900000000000e-01
v 4.900000000000e-01 0.000000000000e+00 -3.900000000000e-01
v 4.900000000000e-01 0.000000000000e+00 -3.800000000000e-01
v 4.800000000000e-01 0.000000000000e+00 -3.800000000000e-01
v 4.900000000000e-01 0.000000000000e+00 -4.000000000000e-01
v 5.000000000000e-01 0.000000000000e+00 -4.000000000000e-01
v 4.700000000000e-01 0.000000000000e+00 -3.800000000000e-01
v 4.700000000000e-01 0.000000000000e+00 -4.000000000000e-01
v 5.000000000000e-01 0.000000000000e+00 -3.800000000000e-01
v 4.700000000000e-01 0.000000000000e+00 -3.400000000000e-01
v 4.600000000000e-01 0.000000000000e+00 -3.400000000000e-01
v 4.800000000000e-01 0.000000000000e+00 -3.500000000000e-01
v 4.800000000000e-01 0.000000000000e+00 -3.700000000000e-01
v 4.700000000000e-01 0.000000000000e+00 -3.700000000000e-01
v 5.000000000000e-01 0.000000000000e+00 -3.700000000000e-01
v 4.700000000000e-01 0.000000000000e+00 -3.600000000000e-01
v 4.800000000000e-01 0.000000000000e+00 -3.600000000000e-01
v 4.900000000000e-01 0.000000000000e+00 -3.600000000000e-01
v 5.000000000000e-01 0.000000000000e+00 -3.600000000000e-01
v 4.900000000000e-01 0.000000000000e+00 -3.700000000000e-01
v 4.700000000000e-01 0.000000000000e+00 -3.500000000000e-01
v 4.600000000000e-01 0.000000000000e+00 -3.500000000000e-01
v 4.600000000000e-01 0.000000000000e+00 -3.600000000000e-01
v 4.300000000000e-01 0.000000000000e+00 -3.800000000000e-01
v 4.600000000000e-01 0.000000000000e+00 -4.000000000000e-01
v 4.400000000000e-01 0.000000000000e+00 -4.000000000000e-01
v 4.500000000000e-01 0.000000000000e+00 -4.000000000000e-01
v 4.500000000000e-01 0.000000000000e+00 -3.800000000000e-01
v 4.400000000000e-01 0.000000000000e+00 -3.800000000000e-01
v 4.200000000000e-01 0.000000000000e+00 -3.800000000000e-01
v 4.100000000000e-01 0.000000000000e+00 -3.800000000000e-01
v 4.600000000000e-01 0.000000000000e+00 -4.100000000000e-01
v 4.500000000000e-01 0.000000000000e+00 -4.100000000000e-01
v 4.200000000000e-01 0.000000000000e+00 -3.900000000000e-01
v 4.300000000000e-01 0.000000000000e+00 -3.900000000000e-01
v 4.400000000000e-01 0.000000000000e+00 -3.900000000000e-01
v 4.500000000000e-01 0.000000000000e+00 -3.900000000000e-01
v 4.600000000000e-01 0.000000000000e+00 -3.900000000000e-01
v 4.200000000000e-01 0.000000000000e+00 -3.600000000000e-01
v 4.100000000000e-01 0.000000000000e+00 -3.400000000000e-01
v 4.300000000000e-01 0.000000000000e+00 -3.600000000000e-01
v 4.100000000000e-01 0.000000000000e+00 -3.700000000000e-01
v 4.200000000000e-01 0.000000000000e+00 -3.700000000000e-01
v 4.300000000000e-01 0.000000000000e+00 -3.700000000000e-01
v 4.100000000000e-01 0.000000000000e+00 -3.600000000000e-01
v 4.200000000000e-01 0.000000000000e+00 -3.400000000000e-01
v 4.000000000000e-01 0.000000000000e+00 -3.500000000000e-01
v 4.100000000000e-01 0.000000000000e+00 -3.500000000000e-01
v 4.200000000000e-01 0.000000000000e+00 -3.500000000000e-01
v 4.300000000000e-01 0.000000000000e+00 -3.500000000000e-01
v 4.100000000000e-01 0.000000000000e+00 -3.300000000000e-01
v 4.000000000000e-01 0.000000000000e+00 -3.300000000000e-01
v 4.000000000000e-01 0.000000000000e+00 -3.400000000000e-01
v 4.300000000000e-01 0.000000000000e+00 -3.400000000000e-01
v 4.600000000000e-01 0.000000000000e+00 -3.800000000000e-01
v 4.400000000000e-01 0.000000000000e+00 -3.400000000000e-01
v 4.500000000000e-01 0.000000000000e+00 -3.400000000000e-01
v 4.400000000000e-01 0.000000000000e+00 -3.600000000000e-01
v 4.500000000000e-01 0.000000000000e+00 -3.600000000000e-01
v 4.600000000000e-01 0.000000000000e+00 -3.700000000000e-01
v 4.500000000000e-01 0.000000000000e+00 -3.300000000000e-01
v 4.400000000000e-01 0.000000000000e+00 -3.300000000000e-01
v 4.300000000000e-01 0.000000000000e+00 -3.300000000000e-01
v 4.400000000000e-01 0.000000000000e+00 -3.700000000000e-01
v 4.500000000000e-01 0.000000000000e+00 -3.700000000000e-01
v 4.500000000000e-01 0.000000000000e+00 -3.500000000000e-01
v 4.200000000000e-01 0.000000000000e+00 -3.300000000000e-01
v 4.400000000000e-01 0.000000000000e+00 -3.500000000000e-01
v 5.000000000000e-01 0.000000000000e+00 -3.300000000000e-01
v 4.800000000000e-01 0.000000000000e+00 -3.400000000000e-01
v 4.900000000000e-01 0.000000000000e+00 -3.500000000000e-01
v 5.000000000000e-01 0.000000000000e+00 -3.500000000000e-01
v 4.800000000000e-01 0.000000000000e+00 -3.200000000000e-01
v 4.900000000000e-01 0.000000000000e+00 -3.400000000000e-01
v 5.000000000000e-01 0.000000000000e+00 -3.400000000000e-01
v 4.900000000000e-01 0.000000000000e+00 -3.200000000000e-01
v 4.600000000000e-01 0.000000000000e+00 -3.300000000000e-01
v 4.700000000000e-01 0.000000000000e+00 -3.300000000000e-01
v 4.800000000000e-01 0.000000000000e+00 -3.300000000000e-01
v 4.500000000000e-01 0.000000000000e+00 -3.200000000000e-01
v 4.600000000000e-01 0.000000000000e+00 -3.200000000000e-01
v 4.700000000000e-01 0.000000000000e+00 -3.200000000000e-01
v 4.900000000000e-01 0.000000000000e+00 -3.300000000000e-01
v 4.700000000000e-01 0.000000000000e+00 -2.700000000000e-01
v 4.900000000000e-01 0.000000000000e+00 -2.900000000000e-01
v 5.000000000000e-01 0.000000000000e+00 -3.200000000000e-01
v 4.700000000000e-01 0.000000000000e+00 -3.000000000000e-01
v 4.900000000000e-01 0.000000000000e+00 -3.100000000000e-01
v 5.000000000000e-01 0.000000000000e+00 -3.100000000000e-01
v 5.000000000000e-01 0.000000000000e+00 -2.900000000000e-01
v 4.700000000000e-01 0.000000000000e+00 -2.800000000000e-01
v 5.000000000000e-01 0.000000000000e+00 -3.000000000000e-01
v 4.900000000000e-01 0.000000000000e+00 -3.000000000000e-01
v 4.800000000000e-01 0.000000000000e+00 -3.000000000000e-01
v 4.800000000000e-01 0.000000000000e+00 -3.100000000000e-01
v 4.800000000000e-01 0.000000000000e+00 -2.800000000000e-01
v 4.700000000000e-01 0.000000000000e+00 -2.900000000000e-01
v 4.800000000000e-01 0.000000000000e+00 -2.900000000000e-01
v 4.400000000000e-01 0.000000000000e+00 -2.800000000000e-01
v 4.500000000000e-01 0.000000000000e+00 -3.100000000000e-01
v 4.600000000000e-01 0.000000000000e+00 -2.800000000000e-01
v 4.500000000000e-01 0.000000000000e+00 -2.800000000000e-01
v 4.600000000000e-01 0.000000000000e+00 -2.900000000000e-01
v 4.500000000000e-01 0.000000000000e+00 -2.900000000000e-01
v 4.400000000000e-01 0.000000000000e+00 -2.900000000000e-01
v 4.600000000000e-01 0.000000000000e+00 -3.100000000000e-01
v 4.700000000000e-01 0.000000000000e+00 -3.100000000000e-01
v 4.500000000000e-01 0.000000000000e+00 -3.000000000000e-01
v 4.500000000000e-01 0.000000000000e+00 -2.700000000000e-01
v 4.400000000000e-01 0.000000000000e+00 -2.600000000000e-01
v 4.600000000000e-01 0.000000000000e+00 -2.700000000000e-01
v 4.400000000000e-01 0.000000000000e+00 -2.700000000000e-01
v 4.500000000000e-01 0.000000000000e+00 -2.600000000000e-01
v 4.600000000000e-01 0.000000000000e+00 -3.000000000000e-01
v 4.000000000000e-01 0.000000000000e+00 -2.500000000000e-01
v 4.300000000000e-01 0.000000000000e+00 -2.700000000000e-01
v 3.900000000000e-01 0.000000000000e+00 -2.500000000000e-01
v 3.900000000000e-01 0.000000000000e+00 -2.600000000000e-01
v 4.000000000000e-01 0.000000000000e+00 -2.600000000000e-01
v 4.100000000000e-01 0.000000000000e+00 -2.600000000000e-01
v 4.100000000000e-01 0.000000000000e+00 -2.500000000000e-01
v 4.200000000000e-01 0.000000000000e+00 -2.500000000000e-01
v 4.200000000000e-01 0.000000000000e+00 -2.700000000000e-01
v 4.100000000000e-01 0.000000000000e+00 -2.700000000000e-01
v 4.000000000000e-01 0.000000000000e+00 -2.700000000000e-01
v 4.200000000000e-01 0.000000000000e+00 -2.600000000000e-01
v 4.300000000000e-01 0.000000000000e+00 -2.800000000000e-01
v 4.300000000000e-01 0.000000000000e+00 -2.600000000000e-01
v 4.100000000000e-01 0.000000000000e+00 -3.000000000000e-01
v 4.400000000000e-01 0.000000000000e+00 -3.100000000000e-01
v 4.300000000000e-01 0.000000000000e+00 -3.100000000000e-01
v 4.200000000000e-01 0.000000000000e+00 -3.100000000000e-01
v 4.400000000000e-01 0.000000000000e+00 -3.000000000000e-01
v 4.300000000000e-01 0.000000000000e+00 -3.000000000000e-01
v 4.200000000000e-01 0.000000000000e+00 -3.000000000000e-01
v 4.200000000000e-01 0.000000000000e+00 -3.200000000000e-01
v 4.300000000000e-01 0.000000000000e+00 -3.200000000000e-01
v 4.400000000000e-01 0.000000000000e+00 -3.200000000000e-01
v 4.100000000000e-01 0.000000000000e+00 -2.900000000000e-01
v 4.200000000000e-01 0.000000000000e+00 -2.900000000000e-01
v 4.100000000000e-01 0.000000000000e+00 -2.800000000000e-01
v 4.200000000000e-01 0.000000000000e+00 -2.800000000000e-01
v 4.300000000000e-01 0.000000000000e+00 -2.900000000000e-01
v 3.800000000000e-01 0.000000000000e+00 -2.700000000000e-01
v 3.900000000000e-01 0.000000000000e+00 -3.000000000000e-01
v 4.100000000000e-01 0.000000000000e+00 -3.100000000000e-01
v 4.000000000000e-01 0.000000000000e+00 -3.100000000000e-01
v 3.900000000000e-01 0.000000000000e+00 -3.100000000000e-01
v 3.900000000000e-01 0.000000000000e+00 -3.200000000000e-01
v 4.000000000000e-01 0.000000000000e+00 -3.200000000000e-01
v 4.100000000000e-01 0.000000000000e+00 -3.200000000000e-01
v 3.800000000000e-01 0.000000000000e+00 -2.600000000000e-01
v 4.000000000000e-01 0.000000000000e+00 -2.800000000000e-01
v 3.900000000000e-01 0.000000000000e+00 -2.800000000000e-01
v 4.000000000000e-01 0.000000000000e+00 -3.000000000000e-01
v 4.000000000000e-01 0.000000000000e+00 -2.900000000000e-01
v 3.900000000000e-01 0.000000000000e+00 -2.900000000000e-01
v 3.900000000000e-01 0.000000000000e+00 -2.700000000000e-01
v 3.200000000000e-01 0.000000000000e+00 -4.400000000000e-01
v 3.500000000000e-01 0.000000000000e+00 -4.400000000000e-01
v 3.400000000000e-01 0.000000000000e+00 -4.400000000000e-01
v 3.300000000000e-01 0.000000000000e+00 -4.400000000000e-01
v 3.200000000000e-01 0.000000000000e+00 -4.300000000000e-01
v 3.300000000000e-01 0.000000000000e+00 -4.300000000000e-01
v 3.400000000000e-01 0.000000000000e+00 -4.300000000000e-01
v 3.500000000000e-01 0.000000000000e+00 -4.300000000000e-01
v 3.400000000000e-01 0.000000000000e+00 -4.200000000000e-01
v 3.300000000000e-01 0.000000000000e+00 -4.200000000000e-01
v 3.200000000000e-01 0.000000000000e+00 -4.200000000000e-01
v 3.300000000000e-01 0.000000000000e+00 -4.500000000000e-01
v 3.400000000000e-01 0.000000000000e+00 -4.500000000000e-01
v 3.500000000000e-01 0.000000000000e+00 -4.500000000000e-01
v 3.400000000000e-01 0.000000000000e+00 -4.600000000000e-01
v 3.500000000000e-01 0.000000000000e+00 -4.600000000000e-01
v 2.900000000000e-01 0.000000000000e+00 -4.100000000000e-01
v 3.100000000000e-01 0.000000000000e+00 -4.200000000000e-01
v 3.000000000000e-01 0.000000000000e+00 -4.200000000000e-01
v 2.900000000000e-01 0.000000000000e+00 -4.200000000000e-01
v 2.800000000000e-01 0.000000000000e+00 -4.200000000000e-01
v 3.100000000000e-01 0.000000000000e+00 -4.300000000000e-01
v 3.000000000000e-01 0.000000000000e+00 -4.300000000000e-01
v 2.900000000000e-01 0.000000000000e+00 -4.300000000000e-01
v 2.800000000000e-01 0.000000000000e+00 -4.300000000000e-01
v 2.800000000000e-01 0.000000000000e+00 -4.100000000000e-01
v 3.000000000000e-01 0.000000000000e+00 -4.100000000000e-01
v 2.900000000000e-01 0.000000000000e+00 -4.400000000000e-01
v 3.000000000000e-01 0.000000000000e+00 -4.400000000000e-01
v 3.100000000000e-01 0.000000000000e+00 -4.400000000000e-01
v 3.700000000000e-01 0.000000000000e+00 -4.900000000000e-01
v 3.300000000000e-01 0.000000000000e+00 -4.600000000000e-01
v 3.500000000000e-01 0.000000000000e+00 -5.000000000000e-01
v 3.600000000000e-01 0.000000000000e+00 -4.800000000000e-01
v 3.500000000000e-01 0.000000000000e+00 -4.800000000000e-01
v 3.400000000000e-01 0.000000000000e+00 -4.800000000000e-01
v 3.300000000000e-01 0.000000000000e+00 -4.800000000000e-01
v 3.400000000000e-01 0.000000000000e+00 -4.900000000000e-01
v 3.700000000000e-01 0.000000000000e+00 -5.000000000000e-01
v 3.300000000000e-01 0.000000000000e+00 -4.700000000000e-01
v 3.400000000000e-01 0.000000000000e+00 -4.700000000000e-01
v 3.500000000000e-01 0.000000000000e+00 -4.700000000000e-01
v 3.500000000000e-01 0.000000000000e+00 -4.900000000000e-01
v 3.600000000000e-01 0.000000000000e+00 -4.900000000000e-01
v 3.600000000000e-01 0.000000000000e+00 -5.000000000000e-01
v 3.300000000000e-01 0.000000000000e+00 -5.000000000000e-01
v 2.900000000000e-01 0.000000000000e+00 -4.900000000000e-01
v 3.000000000000e-01 0.000000000000e+00 -4.900000000000e-01
v 2.900000000000e-01 0.000000000000e+00 -4.800000000000e-01
v 3.100000000000e-01 0.000000000000e+00 -4.900000000000e-01
v 3.200000000000e-01 0.000000000000e+00 -4.900000000000e-01
v 3.300000000000e-01 0.000000000000e+00 -4.900000000000e-01
v 3.000000000000e-01 0.000000000000e+00 -4.800000000000e-01
v 3.100000000000e-01 0.000000000000e+00 -4.800000000000e-01
v 3.200000000000e-01 0.000000000000e+00 -4.800000000000e-01
v 3.100000000000e-01 0.000000000000e+00 -5.000000000000e-01
v 3.200000000000e-01 0.000000000000e+00 -5.000000000000e-01
v 3.400000000000e-01 0.000000000000e+00 -5.000000000000e-01
v 3.000000000000e-01 0.000000000000e+00 -5.000000000000e-01
v 2.900000000000e-01 0.000000000000e+00 -5.000000000000e-01
v 2.900000000000e-01 0.000000000000e+00 -4.600000000000e-01
v 3.200000000000e-01 0.000000000000e+00 -4.700000000000e-01
v 3.100000000000e-01 0.000000000000e+00 -4.700000000000e-01
v 3.000000000000e-01 0.000000000000e+00 -4.700000000000e-01
v 2.900000000000e-01 0.000000000000e+00 -4.700000000000e-01
v 2.800000000000e-01 0.000000000000e+00 -4.500000000000e-01
v 2.800000000000e-01 0.000000000000e+00 -4.400000000000e-01
v 2.800000000000e-01 0.000000000000e+00 -4.600000000000e-01
v 3.000000000000e-01 0.000000000000e+00 -4.600000000000e-01
v 3.100000000000e-01 0.000000000000e+00 -4.600000000000e-01
v 3.200000000000e-01 0.000000000000e+00 -4.600000000000e-01
v 2.900000000000e-01 0.000000000000e+00 -4.500000000000e-01
v 3.000000000000e-01 0.000000000000e+00 -4.500000000000e-01
v 3.100000000000e-01 0.000000000000e+00 -4.500000000000e-01
v 3.200000000000e-01 0.000000000000e+00 -4.500000000000e-01
v 3.100000000000e-01 0.000000000000e+00 -3.300000000000e-01
v 3.300000000000e-01 0.000000000000e+00 -3.600000000000e-01
v 3.200000000000e-01 0.000000000000e+00 -3.600000000000e-01
v 3.400000000000e-01 0.000000000000e+00 -3.600000000000e-01
v 3.200000000000e-01 0.000000000000e+00 -3.500000000000e-01
v 3.100000000000e-01 0.000000000000e+00 -3.600000000000e-01
v 3.100000000000e-01 0.000000000000e+00 -3.500000000000e-01
v 3.000000000000e-01 0.000000000000e+00 -3.500000000000e-01
v 3.200000000000e-01 0.000000000000e+00 -3.400000000000e-01
v 3.100000000000e-01 0.000000000000e+00 -3.400000000000e-01
v 3.000000000000e-01 0.000000000000e+00 -3.400000000000e-01
v 3.300000000000e-01 0.000000000000e+00 -3.500000000000e-01
v 2.900000000000e-01 0.000000000000e+00 -3.400000000000e-01
v 2.900000000000e-01 0.000000000000e+00 -3.300000000000e-01
v 3.000000000000e-01 0.000000000000e+00 -3.300000000000e-01
v 2.500000000000e-01 0.000000000000e+00 -3.400000000000e-01
v 2.600000000000e-01 0.000000000000e+00 -3.400000000000e-01
v 2.700000000000e-01 0.000000000000e+00 -3.300000000000e-01
v 2.500000000000e-01 0.000000000000e+00 -3.200000000000e-01
v 2.600000000000e-01 0.000000000000e+00 -3.200000000000e-01
v 2.700000000000e-01 0.000000000000e+00 -3.200000000000e-01
v 2.500000000000e-01 0.000000000000e+00 -3.300000000000e-01
v 2.600000000000e-01 0.000000000000e+00 -3.300000000000e-01
v 2.600000000000e-01 0.000000000000e+00 -3.500000000000e-01
v 2.800000000000e-01 0.000000000000e+00 -3.300000000000e-01
v 2.800000000000e-01 0.000000000000e+00 -3.400000000000e-01
v 2.700000000000e-01 0.000000000000e+00 -3.400000000000e-01
v 2.700000000000e-01 0.000000000000e+00 -3.500000000000e-01
v 2.800000000000e-01 0.000000000000e+00 -3.500000000000e-01
v 2.500000000000e-01 0.000000000000e+00 -3.100000000000e-01
v 3.000000000000e-01 0.000000000000e+00 -3.200000000000e-01
v 2.800000000000e-01 0.000000000000e+00 -3.000000000000e-01
v 2.700000000000e-01 0.000000000000e+00 -3.000000000000e-01
v 2.600000000000e-01 0.000000000000e+00 -3.000000000000e-01
v 2.500000000000e-01 0.000000000000e+00 -3.000000000000e-01
v 2.600000000000e-01 0.000000000000e+00 -2.800000000000e-01
v 2.600000000000e-01 0.000000000000e+00 -3.100000000000e-01
v 2.900000000000e-01 0.000000000000e+00 -3.100000000000e-01
v 2.700000000000e-01 0.000000000000e+00 -2.900000000000e-01
v 2.600000000000e-01 0.000000000000e+00 -2.900000000000e-01
v 2.800000000000e-01 0.000000000000e+00 -3.100000000000e-01
v 2.700000000000e-01 0.000000000000e+00 -3.100000000000e-01
v 2.500000000000e-01 0.000000000000e+00 -2.900000000000e-01
v 2.800000000000e-01 0.000000000000e+00 -3.200000000000e-01
v 2.900000000000e-01 0.000000000000e+00 -3.200000000000e-01
v 2.600000000000e-01 0.000000000000e+00 -3.700000000000e-01
v 2.700000000000e-01 0.000000000000e+00 -3.700000000000e-01
v 2.800000000000e-01 0.000000000000e+00 -3.700000000000e-01
v 2.900000000000e-01 0.000000000000e+00 -3.900000000000e-01
v 2.900000000000e-01 0.000000000000e+00 -4.000000000000e-01
v 2.800000000000e-01 0.000000000000e+00 -4.000000000000e-01
v 2.700000000000e-01 0.000000000000e+00 -4.000000000000e-01
v 2.700000000000e-01 0.000000000000e+00 -3.900000000000e-01
v 2.800000000000e-01 0.000000000000e+00 -3.900000000000e-01
v 2.600000000000e-01 0.000000000000e+00 -3.900000000000e-01
v 2.800000000000e-01 0.000000000000e+00 -3.800000000000e-01
v 2.700000000000e-01 0.000000000000e+00 -3.800000000000e-01
v 2.600000000000e-01 0.000000000000e+00 -3.800000000000e-01
v 2.700000000000e-01 0.000000000000e+00 -3.600000000000e-01
v 2.600000000000e-01 0.000000000000e+00 -3.600000000000e-01
v 2.800000000000e-01 0.000000000000e+00 -3.600000000000e-01
v 3.000000000000e-01 0.000000000000e+00 -3.600000000000e-01
v 3.100000000000e-01 0.000000000000e+00 -4.000000000000e-01
v 3.100000000000e-01 0.000000000000e+00 -3.700000000000e-01
v 3.000000000000e-01 0.000000000000e+00 -3.700000000000e-01
v 2.900000000000e-01 0.000000000000e+00 -3.700000000000e-01
v 3.100000000000e-01 0.000000000000e+00 -4.100000000000e-01
v 3.100000000000e-01 0.000000000000e+00 -3.800000000000e-01
v 3.000000000000e-01 0.000000000000e+00 -3.900000000000e-01
v 3.100000000000e-01 0.000000000000e+00 -3.900000000000e-01
v 3.000000000000e-01 0.000000000000e+00 -3.800000000000e-01
v 3.000000000000e-01 0.000000000000e+00 -4.000000000000e-01
v 2.900000000000e-01 0.000000000000e+00 -3.800000000000e-01
v 2.900000000000e-01 0.000000000000e+00 -3.500000000000e-01
v 2.900000000000e-01 0.000000000000e+00 -3.600000000000e-01
v 3.300000000000e-01 0.000000000000e+00 -4.000000000000e-01
v 3.200000000000e-01 0.000000000000e+00 -4.100000000000e-01
v 3.300000000000e-01 0.000000000000e+00 -4.100000000000e-01
v 3.400000000000e-01 0.000000000000e+00 -4.100000000000e-01
v 3.400000000000e-01 0.000000000000e+00 -3.900000000000e-01
v 3.300000000000e-01 0.000000000000e+00 -3.900000000000e-01
v 3.200000000000e-01 0.000000000000e+00 -3.900000000000e-01
v 3.200000000000e-01 0.000000000000e+00 -4.000000000000e-01
v 3.400000000000e-01 0.000000000000e+00 -3.800000000000e-01
v 3.400000000000e-01 0.000000000000e+00 -4.000000000000e-01
v 3.200000000000e-01 0.000000000000e+00 -3.700000000000e-01
v 3.300000000000e-01 0.000000000000e+00 -3.700000000000e-01
v 3.300000000000e-01 0.000000000000e+00 -3.800000000000e-01
v 3.400000000000e-01 0.000000000000e+00 -3.700000000000e-01
v 3.200000000000e-01 0.000000000000e+00 -3.800000000000e-01
v 4.600000000000e-01 0.000000000000e+00 -4.700000000000e-01
v 4.700000000000e-01 0.000000000000e+00 -4.700000000000e-01
v 4.800000000000e-01 0.000000000000e+00 -4.700000000000e-01
v 5.000000000000e-01 0.000000000000e+00 -5.000000000000e-01
v 4.900000000000e-01 0.000000000000e+00 -5.000000000000e-01
v 4.800000000000e-01 0.000000000000e+00 -5.000000000000e-01
v 4.600000000000e-01 0.000000000000e+00 -4.600000000000e-01
v 5.000000000000e-01 0.000000000000e+00 -4.900000000000e-01
v 4.900000000000e-01 0.000000000000e+00 -4.900000000000e-01
v 4.800000000000e-01 0.000000000000e+00 -4.900000000000e-01
v 4.700000000000e-01 0.000000000000e+00 -4.900000000000e-01
v 4.900000000000e-01 0.000000000000e+00 -4.800000000000e-01
v 4.800000000000e-01 0.000000000000e+00 -4.800000000000e-01
v 4.700000000000e-01 0.000000000000e+00 -4.800000000000e-01
v 4.600000000000e-01 0.000000000000e+00 -4.800000000000e-01
v 4.500000000000e-01 0.000000000000e+00 -4.900000000000e-01
v 4.500000000000e-01 0.000000000000e+00 -4.700000000000e-01
v 4.400000000000e-01 0.000000000000e+00 -4.700000000000e-01
v 4.700000000000e-01 0.000000000000e+00 -5.000000000000e-01
v 4.600000000000e-01 0.000000000000e+00 -5.000000000000e-01
v 4.500000000000e-01 0.000000000000e+00 -5.000000000000e-01
v 4.400000000000e-01 0.000000000000e+00 -5.000000000000e-01
v 4.500000000000e-01 0.000000000000e+00 -4.800000000000e-01
v 4.300000000000e-01 0.000000000000e+00 -4.700000000000e-01
v 4.400000000000e-01 0.000000000000e+00 -4.800000000000e-01
v 4.500000000000e-01 0.000000000000e+00 -4.600000000000e-01
v 4.300000000000e-01 0.000000000000e+00 -4.600000000000e-01
v 4.400000000000e-01 0.000000000000e+00 -4.600000000000e-01
v 4.400000000000e-01 0.000000000000e+00 -4.900000000000e-01
v 4.600000000000e-01 0.000000000000e+00 -4.900000000000e-01
v 4.300000000000e-01 0.000000000000e+00 -4.300000000000e-01
v 4.300000000000e-01 0.000000000000e+00 -4.000000000000e-01
v 4.200000000000e-01 0.000000000000e+00 -4.000000000000e-01
v 4.400000000000e-01 0.000000000000e+00 -4.200000000000e-01
v 4.300000000000e-01 0.000000000000e+00 -4.200000000000e-01
v 4.200000000000e-01 0.000000000000e+00 -4.200000000000e-01
v 4.400000000000e-01 0.000000000000e+00 -4.300000000000e-01
v 4.400000000000e-01 0.000000000000e+00 -4.100000000000e-01
v 4.300000000000e-01 0.000000000000e+00 -4.100000000000e-01
v 4.200000000000e-01 0.000000000000e+00 -4.100000000000e-01
v 4.300000000000e-01 0.000000000000e+00 -4.500000000000e-01
v 4.400000000000e-01 0.000000000000e+00 -4.500000000000e-01
v 4.500000000000e-01 0.000000000000e+00 -4.500000000000e-01
v 4.300000000000e-01 0.000000000000e+00 -4.400000000000e-01
v 4.400000000000e-01 0.000000000000e+00 -4.400000000000e-01
v 4.500000000000e-01 0.000000000000e+00 -4.200000000000e-01
v 4.600000000000e-01 0.000000000000e+00 -4.300000000000e-01
v 4.500000000000e-01 0.000000000000e+00 -4.300000000000e-01
v 5.000000000000e-01 0.000000000000e+00 -4.800000000000e-01
v 4.500000000000e-01 0.000000000000e+00 -4.400000000000e-01
v 4.600000000000e-01 0.000000000000e+00 -4.400000000000e-01
v 4.700000000000e-01 0.000000000000e+00 -4.400000000000e-01
v 4.700000000000e-01 0.000000000000e+00 -4.600000000000e-01
v 4.900000000000e-01 0.000000000000e+00 -4.700000000000e-01
v 5.000000000000e-01 0.000000000000e+00 -4.700000000000e-01
v 4.800000000000e-01 0.000000000000e+00 -4.500000000000e-01
v 4.700000000000e-01 0.000000000000e+00 -4.500000000000e-01
v 4.600000000000e-01 0.000000000000e+00 -4.500000000000e-01
v 4.800000000000e-01 0.000000000000e+00 -4.600000000000e-01
v 4.900000000000e-01 0.000000000000e+00 -4.600000000000e-01
v 5.000000000000e-01 0.000000000000e+00 -4.300000000000e-01
v 4.900000000000e-01 0.000000000000e+00 -4.300000000000e-01
v 4.800000000000e-01 0.000000000000e+00 -4.300000000000e-01
v 4.700000000000e-01 0.000000000000e+00 -4.300000000000e-01
v 5.000000000000e-01 0.000000000000e+00 -4.600000000000e-01
v 4.800000000000e-01 0.000000000000e+00 -4.400000000000e-01
v 4.900000000000e-01 0.000000000000e+00 -4.400000000000e-01
v 5.000000000000e-01 0.000000000000e+00 -4.400000000000e-01
v 5.000000000000e-01 0.000000000000e+00 -4.500000000000e-01
v 4.900000000000e-01 0.000000000000e+00 -4.200000000000e-01
v 4.900000000000e-01 0.000000000000e+00 -4.500000000000e-01
v 5.000000000000e-01 0.000000000000e+00 -4.200000000000e-01
v 4.800000000000e-01 0.000000000000e+00 -4.200000000000e-01
v 4.700000000000e-01 0.000000000000e+00 -4.200000000000e-01
v 4.600000000000e-01 0.000000000000e+00 -4.200000000000e-01
v 4.300000000000e-01 0.000000000000e+00 -5.000000000000e-01
v 4.300000000000e-01 0.000000000000e+00 -4.800000000000e-01
v 4.200000000000e-01 0.000000000000e+00 -4.800000000000e-01
v 4.100000000000e-01 0.000000000000e+00 -4.800000000000e-01
v 4.100000000000e-01 0.000000000000e+00 -4.700000000000e-01
v 4.200000000000e-01 0.000000000000e+00 -4.700000000000e-01
v 4.200000000000e-01 0.000000000000e+00 -4.500000000000e-01
v 4.100000000000e-01 0.000000000000e+00 -4.500000000000e-01
v 4.100000000000e-01 0.000000000000e+00 -5.000000000000e-01
v 4.200000000000e-01 0.000000000000e+00 -5.000000000000e-01
v 4.300000000000e-01 0.000000000000e+00 -4.900000000000e-01
v 4.200000000000e-01 0.000000000000e+00 -4.600000000000e-01
v 4.100000000000e-01 0.000000000000e+00 -4.600000000000e-01
v 4.200000000000e-01 0.000000000000e+00 -4.900000000000e-01
v 4.100000000000e-01 0.000000000000e+00 -4.900000000000e-01
v 4.000000000000e-01 0.000000000000e+00 -4.900000000000e-01
v 3.700000000000e-01 0.000000000000e+00 -4.600000000000e-01
v 3.600000000000e-01 0.000000000000e+00 -4.600000000000e-01
v 3.800000000000e-01 0.000000000000e+00 -5.000000000000e-01
v 3.800000000000e-01 0.000000000000e+00 -4.700000000000e-01
v 3.700000000000e-01 0.000000000000e+00 -4.700000000000e-01
v 3.600000000000e-01 0.000000000000e+00 -4.700000000000e-01
v 3.900000000000e-01 0.000000000000e+00 -5.000000000000e-01
v 3.900000000000e-01 0.000000000000e+00 -4.900000000000e-01
v 3.700000000000e-01 0.000000000000e+00 -4.800000000000e-01
v 3.800000000000e-01 0.000000000000e+00 -4.800000000000e-01
v 3.900000000000e-01 0.000000000000e+00 -4.800000000000e-01
v 4.000000000000e-01 0.000000000000e+00 -4.800000000000e-01
v 3.800000000000e-01 0.000000000000e+00 -4.900000000000e-01
v 4.000000000000e-01 0.000000000000e+00 -5.000000000000e-01
v 3.900000000000e-01 0.000000000000e+00 -4.500000000000e-01
v 3.800000000000e-01 0.000000000000e+00 -4.500000000000e-01
v 3.900000000000e-01 0.000000000000e+00 -4.700000000000e-01
v 3.700000000000e-01 0.000000000000e+00 -4.500000000000e-01
v 3.600000000000e-01 0.000000000000e+00 -4.400000000000e-01
v 3.600000000000e-01 0.000000000000e+00 -4.500000000000e-01
v 4.000000000000e-01 0.000000000000e+00 -4.500000000000e-01
v 3.900000000000e-01 0.000000000000e+00 -4.600000000000e-01
v 3.800000000000e-01 0.000000000000e+00 -4.600000000000e-01
v 4.000000000000e-01 0.000000000000e+00 -4.700000000000e-01
v 3.800000000000e-01 0.000000000000e+00 -4.400000000000e-01
v 3.700000000000e-01 0.000000000000e+00 -4.400000000000e-01
v 4.000000000000e-01 0.000000000000e+00 -4.400000000000e-01
v 3.900000000000e-01 0.000000000000e+00 -4.400000000000e-01
v 4.000000000000e-01 0.000000000000e+00 -4.600000000000e-01
v 4.100000000000e-01 0.000000000000e+00 -4.000000000000e-01
v 3.900000000000e-01 0.000000000000e+00 -3.900000000000e-01
v 4.000000000000e-01 0.000000000000e+00 -3.900000000000e-01
v 4.200000000000e-01 0.000000000000e+00 -4.300000000000e-01
v 4.100000000000e-01 0.000000000000e+00 -4.300000000000e-01
v 4.000000000000e-01 0.000000000000e+00 -4.300000000000e-01
v 4.000000000000e-01 0.000000000000e+00 -4.000000000000e-01
v 4.100000000000e-01 0.000000000000e+00 -4.200000000000e-01
v 4.000000000000e-01 0.000000000000e+00 -4.200000000000e-01
v 4.200000000000e-01 0.000000000000e+00 -4.400000000000e-01
v 4.100000000000e-01 0.000000000000e+00 -3.900000000000e-01
v 4.100000000000e-01 0.000000000000e+00 -4.100000000000e-01
v 4.000000000000e-01 0.000000000000e+00 -4.100000000000e-01
v 3.900000000000e-01 0.000000000000e+00 -4.100000000000e-01
v 4.100000000000e-01 0.000000000000e+00 -4.400000000000e-01
v 3.900000000000e-01 0.000000000000e+00 -4.000000000000e-01
v 3.800000000000e-01 0.000000000000e+00 -4.200000000000e-01
v 3.900000000000e-01 0.000000000000e+00 -4.200000000000e-01
v 3.500000000000e-01 0.000000000000e+00 -4.000000000000e-01
v 3.700000000000e-01 0.000000000000e+00 -4.200000000000e-01
v 3.600000000000e-01 0.000000000000e+00 -4.200000000000e-01
v 3.500000000000e-01 0.000000000000e+00 -4.200000000000e-01
v 3.500000000000e-01 0.000000000000e+00 -4.100000000000e-01
v 3.600000000000e-01 0.000000000000e+00 -4.100000000000e-01
v 3.700000000000e-01 0.000000000000e+00 -4.100000000000e-01
v 3.600000000000e-01 0.000000000000e+00 -4.300000000000e-01
v 3.800000000000e-01 0.000000000000e+00 -4.100000000000e-01
v 3.700000000000e-01 0.000000000000e+00 -4.300000000000e-01
v 3.800000000000e-01 0.000000000000e+00 -4.300000000000e-01
v 3.900000000000e-01 0.000000000000e+00 -4.300000000000e-01
v 3.700000000000e-01 0.000000000000e+00 -3.700000000000e-01
v 3.600000000000e-01 0.000000000000e+00 -3.700000000000e-01
v 3.500000000000e-01 0.000000000000e+00 -3.700000000000e-01
v 3.500000000000e-01 0.000000000000e+00 -3.900000000000e-01
v 3.800000000000e-01 0.000000000000e+00 -3.900000000000e-01
v 3.800000000000e-01 0.000000000000e+00 -4.000000000000e-01
v 3.700000000000e-01 0.000000000000e+00 -4.000000000000e-01
v 3.600000000000e-01 0.000000000000e+00 -4.000000000000e-01
v 3.600000000000e-01 0.000000000000e+00 -3.900000000000e-01
v 3.700000000000e-01 0.000000000000e+00 -3.900000000000e-01
v 3.800000000000e-01 0.000000000000e+00 -3.800000000000e-01
v 3.700000000000e-01 0.000000000000e+00 -3.800000000000e-01
v 3.600000000000e-01 0.000000000000e+00 -3.800000000000e-01
v 3.500000000000e-01 0.000000000000e+00 -3.800000000000e-01
f 7163 7175 7162
f 7162 7175 7176
f 7162 7176 7153
f 7153 7176 7158
f 7153 7158 7150
f 7150 7158 7148
f 7150 7148 7149
f 7149 7148 7157
f 7149 7157 7151
f 7151 7157 7156
f 7151 7156 7183
f 7183 7156 7184
f 7183 7184 7182
f 7182 7184 7185
f 7182 7185 7178
f 7178 7185 7191
f 7178 7191 7179
f 7179 7191 7180
f 7179 7180 7104
f 7104 7180 7116
f 7104 7116 7117
f 7117 7116 7115
f 7117 7115 7114
f 7114 7115 7107
f 7114 7107 7113
f 7113 7107 7108
f 7113 7108 7112
f 7112 7108 7005
f 7112 7005 7008
f 7008 7005 7004
f 7008 7004 7007
f 7007 7004 7003
f 7007 7003 7011
f 7011 7003 7002
f 7011 7002 6999
f 6999 7002 7001
f 6999 7001 7006
f 7006 7001 7024
f 7006 7024 7015
f 7015 7024 7025
f 7015 7025 7016
f 7016 7025 7026
f 7016 7026 6656
f 6656 7026 6652
f 6656 6652 6655
f 6655 6652 6658
f 6655 6658 6654
f 6654 6658 6659
f 6654 6659 6653
f 6653 6659 6660
f 6653 6660 6648
f 6648 6660 6643
f 6648 6643 6642
f 6642 6643 6640
f 6642 6640 6641
f 6641 6640 6644
f 6641 6644 6530
f 6530 6644 6524
f 6530 6524 6529
f 6529 6524 6523
f 6529 6523 6526
f 6526 6523 6522
f 6526 6522 6525
f 6525 6522 6534
f 6525 6534 6532
f 6532 6534 6538
f 6532 6538 6533
f 6533 6538 6544
f 6533 6544 6400
f 6400 6544 6406
f 6400 6406 6410
f 6410 6406 6405
f 6410 6405 6412
f 6412 6405 6404
f 6412 6404 6411
f 6411 6404 6403
f 6411 6403 6373
f 6373 6403 6378
f 6373 6378 6371
f 6371 6378 6370
f 6371 6370 6372
f 6372 6370 6377
f 6372 6377 6397
f 6397 6377 6398
f 6397 6398 6396
f 6396 6398 6393
f 6396 6393 6395
f 6395 6393 6384
f 6395 6384 6394
f 6394 6384 6385
f 6394 6385 6511
f 6511 6385 6509
f 6511 6509 6502
f 6502 6509 6515
f 6502 6515 6508
f 6508 6515 6510
f 6508 6510 6475
f 6475 6510 6483
f 6475 6483 6478
f 6478 6483 6485
f 6478 6485 6479
f 6479 6485 6484
f 6479 6484 8628
f 8628 6484 8625
f 8628 8625 8614
f 8614 8625 8624
f 8614 8624 8626
f 8626 8624 8618
f 8626 8618 8623
f 8623 8618 8617
f 8623 8617 8622
f 8622 8617 8616
f 8622 8616 8627
f 8627 8616 8601
f 8627 8601 8610
f 8610 8601 8602
f 8610 8602 8611
f 8611 8602 8603
f 8611 8603 8612
f 8612 8603 8606
f 8612 8606 8727
f 8727 8606 8729
f 8727 8729 8726
f 8726 8729 8720
f 8726 8720 8725
f 8725 8720 8719
f 8725 8719 8724
f 8724 8719 8712
f 8724 8712 8718
f 8718 8712 8716
f 8718 8716 8717
f 8717 8716 8715
f 8717 8715 8707
f 8707 8715 9519
f 8707 9519 9523
f 9523 9519 9520
f 9523 9520 9544
f 9544 9520 9541
f 9544 9541 9543
f 9543 9541 9542
f 9543 9542 9559
f 9559 9542 9548
f 9559 9548 9558
f 9558 9548 9549
f 9558 9549 9557
f 9557 9549 9550
f 9557 9550 9412
f 9412 9550 9410
f 9412 9410 9413
f 9413 9410 9411
f 9413 9411 9403
f 9403 9411 9400
f 9403 9400 9402
f 9402 9400 9399
f 9402 9399 9405
f 9405 9399 9398
f 9405 9398 9932
f 9932 9398 9919
f 9932 9919 9931
f 9931 9919 9920
f 9931 9920 9928
f 9928 9920 9922
f 9928 9922 9929
f 9929 9922 9923
f 9929 9923 9918
f 9918 9923 9924
f 9918 9924 9930
f 9930 9924 9910
f 9930 9910 9905
f 9905 9910 9915
f 9905 9915 9917
f 9917 9915 9916
f 9917 9916 9911
f 9911 9916 9903
f 9911 9903 10131
f 10131 9903 10141
f 10131 10141 10135
f 10135 10141 10136
f 10135 10136 10142
f 10142 10136 10128
f 10142 10128 10121
f 10121 10128 10127
f 10121 10127 10122
f 10122 10127 10126
f 10122 10126 10113
f 10113 10126 10123
f 10113 10123 10059
f 10059 10123 10066
f 10059 10066 10058
f 10058 10066 10053
f 10058 10053 10057
f 10057 10053 10067
f 10057 10067 10056
f 10056 10067 10048
f 10056 10048 10043
f 10043 10048 10047
f 10043 10047 10042
f 10042 10047 10046
f 10042 10046 10041
f 10041 10046 10045
f 7175 7174 7176
f 7176 7174 7173
f 7176 7173 7158
f 7158 7173 7161
f 7158 7161 7148
f 7148 7161 7160
f 7148 7160 7157
f 7157 7160 7159
f 7157 7159 7156
f 7156 7159 7190
f 7156 7190 7184
f 7184 7190 7189
f 7184 7189 7185
f 7185 7189 7188
f 7185 7188 7191
f 7191 7188 7187
f 7191 7187 7180
f 7180 7187 7186
f 7180 7186 7116
f 7116 7186 7106
f 7116 7106 7115
f 7115 7106 7105
f 7115 7105 7107
f 7107 7105 7109
f 7107 7109 7108
f 7108 7109 7143
f 7108 7143 7005
f 7005 7143 7142
f 7005 7142 7004
f 7004 7142 7000
f 7004 7000 7003
f 7003 7000 7010
f 7003 7010 7002
f 7002 7010 7009
f 7002 7009 7001
f 7001 7009 7028
f 7001 7028 7024
f 7024 7028 7029
f 7024 7029 7025
f 7025 7029 7017
f 7025 7017 7026
f 7026 7017 7018
f 7026 7018 6652
f 6652 7018 6657
f 6652 6657 6658
f 6658 6657 6665
f 6658 6665 6659
f 6659 6665 6664
f 6659 6664 6660
f 6660 6664 6663
f 6660 6663 6643
f 6643 6663 6651
f 6643 6651 6640
f 6640 6651 6650
f 6640 6650 6644
f 6644 6650 6649
f 6644 6649 6524
f 6524 6649 6521
f 6524 6521 6523
f 6523 6521 6520
f 6523 6520 6522
f 6522 6520 6519
f 6522 6519 6534
f 6534 6519 6535
f 6534 6535 6538
f 6538 6535 6536
f 6538 6536 6544
f 6544 6536 6543
f 6544 6543 6406
f 6406 6543 6409
f 6406 6409 6405
f 6405 6409 6408
f 6405 6408 6404
f 6404 6408 6407
f 6404 6407 6403
f 6403 6407 6402
f 6403 6402 6378
f 6378 6402 6376
f 6378 6376 6370
f 6370 6376 6375
f 6370 6375 6377
f 6377 6375 6374
f 6377 6374 6398
f 6398 6374 6386
f 6398 6386 6393
f 6393 6386 6387
f 6393 6387 6384
f 6384 6387 6388
f 6384 6388 6385
f 6385 6388 6516
f 6385 6516 6509
f 6509 6516 6503
f 6509 6503 6515
f 6515 6503 6504
f 6515 6504 6510
f 6510 6504 6481
f 6510 6481 6483
f 6483 6481 6482
f 6483 6482 6485
f 6485 6482 6486
f 6485 6486 6484
f 6484 6486 6480
f 6484 6480 8625
f 8625 6480 8621
f 8625 8621 8624
f 8624 8621 8620
f 8624 8620 8618
f 8618 8620 8619
f 8618 8619 8617
f 8617 8619 8615
f 8617 8615 8616
f 8616 8615 8607
f 8616 8607 8601
f 8601 8607 8608
f 8601 8608 8602
f 8602 8608 8609
f 8602 8609 8603
f 8603 8609 8613
f 8603 8613 8606
f 8606 8613 8721
f 8606 8721 8729
f 8729 8721 8722
f 8729 8722 8720
f 8720 8722 8723
f 8720 8723 8719
f 8719 8723 8728
f 8719 8728 8712
f 8712 8728 8704
f 8712 8704 8716
f 8716 8704 8711
f 8716 8711 8715
f 8715 8711 9524
f 8715 9524 9519
f 9519 9524 9516
f 9519 9516 9520
f 9520 9516 9531
f 9520 9531 9541
f 9541 9531 9532
f 9541 9532 9542
f 9542 9532 9533
f 9542 9533 9548
f 9548 9533 9552
f 9548 9552 9549
f 9549 9552 9553
f 9549 9553 9550
f 9550 9553 9546
f 9550 9546 9410
f 9410 9546 9409
f 9410 9409 9411
f 9411 9409 9416
f 9411 9416 9400
f 9400 9416 9395
f 9400 9395 9399
f 9399 9395 9396
f 9399 9396 9398
f 9398 9396 9397
f 9398 9397 9919
f 9919 9397 9921
f 9919 9921 9920
f 9920 9921 9925
f 9920 9925 9922
f 9922 9925 9926
f 9922 9926 9923
f 9923 9926 9927
f 9923 9927 9924
f 9924 9927 9909
f 9924 9909 9910
f 9910 9909 9908
f 9910 9908 9915
f 9915 9908 9907
f 9915 9907 9916
f 9916 9907 9906
f 9916 9906 9903
f 9903 9906 10137
f 9903 10137 10141
f 10141 10137 10138
f 10141 10138 10136
f 10136 10138 10139
f 10136 10139 10128
f 10128 10139 10140
f 10128 10140 10127
f 10127 10140 10116
f 10127 10116 10126
f 10126 10116 10115
f 10126 10115 10123
f 10123 10115 10114
f 10123 10114 10066
f 10066 10114 10062
f 10066 10062 10053
f 10053 10062 10060
f 10053 10060 10067
f 10067 10060 10052
f 10067 10052 10048
f 10048 10052 10051
f 10048 10051 10047
f 10047 10051 10050
f 10047 10050 10046
f 10046 10050 10049
f 10046 10049 10045
f 10045 10049 10086
f 7174 7172 7173
f 7173 7172 7171
f 7173 7171 7161
f 7161 7171 7152
f 7161 7152 7160
f 7160 7152 7155
f 7160 7155 7159
f 7159 7155 7206
f 7159 7206 7190
f 7190 7206 7218
f 7190 7218 7189
f 7189 7218 7215
f 7189 7215 7188
f 7188 7215 7177
f 7188 7177 7187
f 7187 7177 7181
f 7187 7181 7186
f 7186 7181 7110
f 7186 7110 7106
f 7106 7110 7118
f 7106 7118 7105
f 7105 7118 7111
f 7105 7111 7109
f 7109 7111 7140
f 7109 7140 7143
f 7143 7140 7141
f 7143 7141 7142
f 7142 7141 7135
f 7142 7135 7000
f 7000 7135 7013
f 7000 7013 7010
f 7010 7013 7012
f 7010 7012 7009
f 7009 7012 7035
f 7009 7035 7028
f 7028 7035 7019
f 7028 7019 7029
f 7029 7019 7020
f 7029 7020 7017
f 7017 7020 7027
f 7017 7027 7018
f 7018 7027 7023
f 7018 7023 6657
f 6657 7023 6662
f 6657 6662 6665
f 6665 6662 6661
f 6665 6661 6664
f 6664 6661 6671
f 6664 6671 6663
f 6663 6671 6672
f 6663 6672 6651
f 6651 6672 6647
f 6651 6647 6650
f 6650 6647 6646
f 6650 6646 6649
f 6649 6646 6645
f 6649 6645 6521
f 6521 6645 6528
f 6521 6528 6520
f 6520 6528 6527
f 6520 6527 6519
f 6519 6527 6539
f 6519 6539 6535
f 6535 6539 6540
f 6535 6540 6536
f 6536 6540 6541
f 6536 6541 6543
f 6543 6541 6542
f 6543 6542 6409
f 6409 6542 6399
f 6409 6399 6408
f 6408 6399 6401
f 6408 6401 6407
f 6407 6401 6425
f 6407 6425 6402
f 6402 6425 6424
f 6402 6424 6376
f 6376 6424 6379
f 6376 6379 6375
f 6375 6379 6380
f 6375 6380 6374
f 6374 6380 6381
f 6374 6381 6386
f 6386 6381 6390
f 6386 6390 6387
f 6387 6390 6391
f 6387 6391 6388
f 6388 6391 6490
f 6388 6490 6516
f 6516 6490 6512
f 6516 6512 6503
f 6503 6512 6513
f 6503 6513 6504
f 6504 6513 6514
f 6504 6514 6481
f 6481 6514 6473
f 6481 6473 6482
f 6482 6473 6474
f 6482 6474 6486
f 6486 6474 6472
f 6486 6472 6480
f 6480 6472 8659
f 6480 8659 8621
f 8621 8659 8637
f 8621 8637 8620
f 8620 8637 8636
f 8620 8636 8619
f 8619 8636 8635
f 8619 8635 8615
f 8615 8635 8634
f 8615 8634 8607
f 8607 8634 8605
f 8607 8605 8608
f 8608 8605 8600
f 8608 8600 8609
f 8609 8600 8604
f 8609 8604 8613
f 8613 8604 8730
f 8613 8730 8721
f 8721 8730 8731
f 8721 8731 8722
f 8722 8731 8732
f 8722 8732 8723
f 8723 8732 8733
f 8723 8733 8728
f 8728 8733 8705
f 8728 8705 8704
f 8704 8705 8706
f 8704 8706 8711
f 8711 8706 8709
f 8711 8709 9524
f 9524 8709 9517
f 9524 9517 9516
f 9516 9517 9518
f 9516 9518 9531
f 9531 9518 9538
f 9531 9538 9532
f 9532 9538 9539
f 9532 9539 9533
f 9533 9539 9530
f 9533 9530 9552
f 9552 9530 9554
f 9552 9554 9553
f 9553 9554 9555
f 9553 9555 9546
f 9546 9555 9417
f 9546 9417 9409
f 9409 9417 9415
f 9409 9415 9416
f 9416 9415 9414
f 9416 9414 9395
f 9395 9414 9404
f 9395 9404 9396
f 9396 9404 9401
f 9396 9401 9397
f 9397 9401 9394
f 9397 9394 9921
f 9921 9394 9937
f 9921 9937 9925
f 9925 9937 9936
f 9925 9936 9926
f 9926 9936 9935
f 9926 9935 9927
f 9927 9935 9934
f 9927 9934 9909
f 9909 9934 9912
f 9909 9912 9908
f 9908 9912 9913
f 9908 9913 9907
f 9907 9913 9914
f 9907 9914 9906
f 9906 9914 10134
f 9906 10134 10137
f 10137 10134 10133
f 10137 10133 10138
f 10138 10133 10132
f 10138 10132 10139
f 10139 10132 10145
f 10139 10145 10140
f 10140 10145 10152
f 10140 10152 10116
f 10116 10152 10117
f 10116 10117 10115
f 10115 10117 10118
f 10115 10118 10114
f 10114 10118 10061
f 10114 10061 10062
f 10062 10061 10055
f 10062 10055 10060
f 10060 10055 10054
f 10060 10054 10052
f 10052 10054 10038
f 10052 10038 10051
f 10051 10038 10039
f 10051 10039 10050
f 10050 10039 10040
f 10050 10040 10049
f 10049 10040 10091
f 10049 10091 10086
f 10086 10091 10092
f 7172 7170 7171
f 7171 7170 7169
f 7171 7169 7152
f 7152 7169 7154
f 7152 7154 7155
f 7155 7154 7202
f 7155 7202 7206
f 7206 7202 7194
f 7206 7194 7218
f 7218 7194 7213
f 7218 7213 7215
f 7215 7213 7214
f 7215 7214 7177
f 7177 7214 7216
f 7177 7216 7181
f 7181 7216 7217
f 7181 7217 7110
f 7110 7217 7123
f 7110 7123 7118
f 7118 7123 7124
f 7118 7124 7111
f 7111 7124 7125
f 7111 7125 7140
f 7140 7125 7136
f 7140 7136 7141
f 7141 7136 7137
f 7141 7137 7135
f 7135 7137 7138
f 7135 7138 7013
f 7013 7138 7031
f 7013 7031 7012
f 7012 7031 7032
f 7012 7032 7035
f 7035 7032 7033
f 7035 7033 7019
f 7019 7033 7014
f 7019 7014 7020
f 7020 7014 7021
f 7020 7021 7027
f 7027 7021 7022
f 7027 7022 7023
f 7023 7022 6673
f 7023 6673 6662
f 6662 6673 6668
f 6662 6668 6661
f 6661 6668 6669
f 6661 6669 6671
f 6671 6669 6676
f 6671 6676 6672
f 6672 6676 6677
f 6672 6677 6647
f 6647 6677 6639
f 6647 6639 6646
f 6646 6639 6638
f 6646 6638 6645
f 6645 6638 6531
f 6645 6531 6528
f 6528 6531 6517
f 6528 6517 6527
f 6527 6517 6518
f 6527 6518 6539
f 6539 6518 6545
f 6539 6545 6540
f 6540 6545 6546
f 6540 6546 6541
f 6541 6546 6537
f 6541 6537 6542
f 6542 6537 6548
f 6542 6548 6399
f 6399 6548 6413
f 6399 6413 6401
f 6401 6413 6427
f 6401 6427 6425
f 6425 6427 6422
f 6425 6422 6424
f 6424 6422 6420
f 6424 6420 6379
f 6379 6420 6383
f 6379 6383 6380
f 6380 6383 6382
f 6380 6382 6381
f 6381 6382 6392
f 6381 6392 6390
f 6390 6392 6389
f 6390 6389 6391
f 6391 6389 6501
f 6391 6501 6490
f 6490 6501 6500
f 6490 6500 6512
f 6512 6500 6507
f 6512 6507 6513
f 6513 6507 6506
f 6513 6506 6514
f 6514 6506 6505
f 6514 6505 6473
f 6473 6505 6476
f 6473 6476 6474
f 6474 6476 6477
f 6474 6477 6472
f 6472 6477 8653
f 6472 8653 8659
f 8659 8653 8652
f 8659 8652 8637
f 8637 8652 8642
f 8637 8642 8636
f 8636 8642 8644
f 8636 8644 8635
f 8635 8644 8643
f 8635 8643 8634
f 8634 8643 8641
f 8634 8641 8605
f 8605 8641 8585
f 8605 8585 8600
f 8600 8585 8586
f 8600 8586 8604
f 8604 8586 8587
f 8604 8587 8730
f 8730 8587 8744
f 8730 8744 8731
f 8731 8744 8747
f 8731 8747 8732
f 8732 8747 8746
f 8732 8746 8733
f 8733 8746 8745
f 8733 8745 8705
f 8705 8745 8710
f 8705 8710 8706
f 8706 8710 8708
f 8706 8708 8709
f 8709 8708 9526
f 8709 9526 9517
f 9517 9526 9528
f 9517 9528 9518
f 9518 9528 9527
f 9518 9527 9538
f 9538 9527 9540
f 9538 9540 9539
f 9539 9540 9535
f 9539 9535 9530
f 9530 9535 9536
f 9530 9536 9554
f 9554 9536 9547
f 9554 9547 9555
f 9555 9547 9556
f 9555 9556 9417
f 9417 9556 9421
f 9417 9421 9415
f 9415 9421 9418
f 9415 9418 9414
f 9414 9418 9408
f 9414 9408 9404
f 9404 9408 9407
f 9404 9407 9401
f 9401 9407 9406
f 9401 9406 9394
f 9394 9406 9940
f 9394 9940 9937
f 9937 9940 9933
f 9937 9933 9936
f 9936 9933 9941
f 9936 9941 9935
f 9935 9941 9942
f 9935 9942 9934
f 9934 9942 9943
f 9934 9943 9912
f 9912 9943 9904
f 9912 9904 9913
f 9913 9904 9887
f 9913 9887 9914
f 9914 9887 9888
f 9914 9888 10134
f 10134 9888 10130
f 10134 10130 10133
f 10133 10130 10129
f 10133 10129 10132
f 10132 10129 10151
f 10132 10151 10145
f 10145 10151 10150
f 10145 10150 10152
f 10152 10150 10157
f 10152 10157 10117
f 10117 10157 10125
f 10117 10125 10118
f 10118 10125 10124
f 10118 10124 10061
f 10061 10124 10064
f 10061 10064 10055
f 10055 10064 10065
f 10055 10065 10054
f 10054 10065 10063
f 10054 10063 10038
f 10038 10063 10044
f 10038 10044 10039
f 10039 10044 10090
f 10039 10090 10040
f 10040 10090 10096
f 10040 10096 10091
f 10091 10096 10097
f 10091 10097 10092
f 10092 10097 10102
f 7170 7168 7169
f 7169 7168 7167
f 7169 7167 7154
f 7154 7167 7199
f 7154 7199 7202
f 7202 7199 7198
f 7202 7198 7194
f 7194 7198 7212
f 7194 7212 7213
f 7213 7212 7219
f 7213 7219 7214
f 7214 7219 7221
f 7214 7221 7216
f 7216 7221 7222
f 7216 7222 7217
f 7217 7222 7220
f 7217 7220 7123
f 7123 7220 7126
f 7123 7126 7124
f 7124 7126 7127
f 7124 7127 7125
f 7125 7127 7128
f 7125 7128 7136
f 7136 7128 7134
f 7136 7134 7137
f 7137 7134 7144
f 7137 7144 7138
f 7138 7144 7145
f 7138 7145 7031
f 7031 7145 7044
f 7031 7044 7032
f 7032 7044 7043
f 7032 7043 7033
f 7033 7043 7042
f 7033 7042 7014
f 7014 7042 7058
f 7014 7058 7021
f 7021 7058 7057
f 7021 7057 7022
f 7022 7057 7056
f 7022 7056 6673
f 6673 7056 6680
f 6673 6680 6668
f 6668 6680 6675
f 6668 6675 6669
f 6669 6675 6674
f 6669 6674 6676
f 6676 6674 6667
f 6676 6667 6677
f 6677 6667 6598
f 6677 6598 6639
f 6639 6598 6602
f 6639 6602 6638
f 6638 6602 6593
f 6638 6593 6531
f 6531 6593 6577
f 6531 6577 6517
f 6517 6577 6588
f 6517 6588 6518
f 6518 6588 6587
f 6518 6587 6545
f 6545 6587 6586
f 6545 6586 6546
f 6546 6586 6576
f 6546 6576 6537
f 6537 6576 6560
f 6537 6560 6548
f 6548 6560 6559
f 6548 6559 6413
f 6413 6559 6428
f 6413 6428 6427
f 6427 6428 6421
f 6427 6421 6422
f 6422 6421 6416
f 6422 6416 6420
f 6420 6416 6415
f 6420 6415 6383
f 6383 6415 6439
f 6383 6439 6382
f 6382 6439 6431
f 6382 6431 6392
f 6392 6431 6437
f 6392 6437 6389
f 6389 6437 6491
f 6389 6491 6501
f 6501 6491 6489
f 6501 6489 6500
f 6500 6489 6487
f 6500 6487 6507
f 6507 6487 6498
f 6507 6498 6506
f 6506 6498 6488
f 6506 6488 6505
f 6505 6488 6499
f 6505 6499 6476
f 6476 6499 8649
f 6476 8649 6477
f 6477 8649 8645
f 6477 8645 8653
f 8653 8645 8647
f 8653 8647 8652
f 8652 8647 8646
f 8652 8646 8642
f 8642 8646 8632
f 8642 8632 8644
f 8644 8632 8633
f 8644 8633 8643
f 8643 8633 8640
f 8643 8640 8641
f 8641 8640 8589
f 8641 8589 8585
f 8585 8589 8588
f 8585 8588 8586
f 8586 8588 8592
f 8586 8592 8587
f 8587 8592 8741
f 8587 8741 8744
f 8744 8741 8740
f 8744 8740 8747
f 8747 8740 8739
f 8747 8739 8746
f 8746 8739 8738
f 8746 8738 8745
f 8745 8738 8737
f 8745 8737 8710
f 8710 8737 8714
f 8710 8714 8708
f 8708 8714 8713
f 8708 8713 9526
f 9526 8713 9522
f 9526 9522 9528
f 9528 9522 9515
f 9528 9515 9527
f 9527 9515 9521
f 9527 9521 9540
f 9540 9521 9534
f 9540 9534 9535
f 9535 9534 9537
f 9535 9537 9536
f 9536 9537 9545
f 9536 9545 9547
f 9547 9545 9551
f 9547 9551 9556
f 9556 9551 9419
f 9556 9419 9421
f 9421 9419 9420
f 9421 9420 9418
f 9418 9420 9469
f 9418 9469 9408
f 9408 9469 9468
f 9408 9468 9407
f 9407 9468 9463
f 9407 9463 9406
f 9406 9463 9459
f 9406 9459 9940
f 9940 9459 9938
f 9940 9938 9933
f 9933 9938 9944
f 9933 9944 9941
f 9941 9944 9945
f 9941 9945 9942
f 9942 9945 9946
f 9942 9946 9943
f 9943 9946 9947
f 9943 9947 9904
f 9904 9947 9884
f 9904 9884 9887
f 9887 9884 9885
f 9887 9885 9888
f 9888 9885 9886
f 9888 9886 10130
f 10130 9886 10148
f 10130 10148 10129
f 10129 10148 10146
f 10129 10146 10151
f 10151 10146 10144
f 10151 10144 10150
f 10150 10144 10143
f 10150 10143 10157
f 10157 10143 10149
f 10157 10149 10125
f 10125 10149 10120
f 10125 10120 10124
f 10124 10120 10119
f 10124 10119 10064
f 10064 10119 10078
f 10064 10078 10065
f 10065 10078 10079
f 10065 10079 10063
f 10063 10079 10080
f 10063 10080 10044
f 10044 10080 10095
f 10044 10095 10090
f 10090 10095 10094
f 10090 10094 10096
f 10096 10094 10093
f 10096 10093 10097
f 10097 10093 10108
f 10097 10108 10102
f 10102 10108 10106
f 7168 7165 7167
f 7167 7165 7164
f 7167 7164 7199
f 7199 7164 7192
f 7199 7192 7198
f 7198 7192 7193
f 7198 7193 7212
f 7212 7193 7210
f 7212 7210 7219
f 7219 7210 7211
f 7219 7211 7221
f 7221 7211 7209
f 7221 7209 7222
f 7222 7209 7302
f 7222 7302 7220
f 7220 7302 7303
f 7220 7303 7126
f 7126 7303 7122
f 7126 7122 7127
f 7127 7122 7121
f 7127 7121 7128
f 7128 7121 7120
f 7128 7120 7134
f 7134 7120 7147
f 7134 7147 7144
f 7144 7147 7139
f 7144 7139 7145
f 7145 7139 7036
f 7145 7036 7044
f 7044 7036 7037
f 7044 7037 7043
f 7043 7037 7038
f 7043 7038 7042
f 7042 7038 7066
f 7042 7066 7058
f 7058 7066 7052
f 7058 7052 7057
f 7057 7052 7045
f 7057 7045 7056
f 7056 7045 7047
f 7056 7047 6680
f 6680 7047 6666
f 6680 6666 6675
f 6675 6666 6679
f 6675 6679 6674
f 6674 6679 6678
f 6674 6678 6667
f 6667 6678 6594
f 6667 6594 6598
f 6598 6594 6595
f 6598 6595 6602
f 6602 6595 6596
f 6602 6596 6593
f 6593 6596 6597
f 6593 6597 6577
f 6577 6597 6578
f 6577 6578 6588
f 6588 6578 6579
f 6588 6579 6587
f 6587 6579 6580
f 6587 6580 6586
f 6586 6580 6581
f 6586 6581 6576
f 6576 6581 6582
f 6576 6582 6560
f 6560 6582 6552
f 6560 6552 6559
f 6559 6552 6553
f 6559 6553 6428
f 6428 6553 6414
f 6428 6414 6421
f 6421 6414 6423
f 6421 6423 6416
f 6416 6423 6426
f 6416 6426 6415
f 6415 6426 6436
f 6415 6436 6439
f 6439 6436 6435
f 6439 6435 6431
f 6431 6435 6430
f 6431 6430 6437
f 6437 6430 6438
f 6437 6438 6491
f 6491 6438 6497
f 6491 6497 6489
f 6489 6497 6496
f 6489 6496 6487
f 6487 6496 6495
f 6487 6495 6498
f 6498 6495 6494
f 6498 6494 6488
f 6488 6494 6493
f 6488 6493 6499
f 6499 6493 6492
f 6499 6492 8649
f 8649 6492 8654
f 8649 8654 8645
f 8645 8654 8655
f 8645 8655 8647
f 8647 8655 8651
f 8647 8651 8646
f 8646 8651 8648
f 8646 8648 8632
f 8632 8648 8630
f 8632 8630 8633
f 8633 8630 8631
f 8633 8631 8640
f 8640 8631 8629
f 8640 8629 8589
f 8589 8629 8593
f 8589 8593 8588
f 8588 8593 8591
f 8588 8591 8592
f 8592 8591 8590
f 8592 8590 8741
f 8741 8590 8735
f 8741 8735 8740
f 8740 8735 8736
f 8740 8736 8739
f 8739 8736 8742
f 8739 8742 8738
f 8738 8742 8743
f 8738 8743 8737
f 8737 8743 8700
f 8737 8700 8714
f 8714 8700 8698
f 8714 8698 8713
f 8713 8698 8699
f 8713 8699 9522
f 9522 8699 9529
f 9522 9529 9515
f 9515 9529 9525
f 9515 9525 9521
f 9521 9525 9501
f 9521 9501 9534
f 9534 9501 9503
f 9534 9503 9537
f 9537 9503 9502
f 9537 9502 9545
f 9545 9502 9505
f 9545 9505 9551
f 9551 9505 9506
f 9551 9506 9419
f 9419 9506 9422
f 9419 9422 9420
f 9420 9422 9467
f 9420 9467 9469
f 9469 9467 9466
f 9469 9466 9468
f 9468 9466 9465
f 9468 9465 9463
f 9463 9465 9464
f 9463 9464 9459
f 9459 9464 9462
f 9459 9462 9938
f 9938 9462 9939
f 9938 9939 9944
f 9944 9939 9900
f 9944 9900 9945
f 9945 9900 9901
f 9945 9901 9946
f 9946 9901 9902
f 9946 9902 9947
f 9947 9902 9873
f 9947 9873 9884
f 9884 9873 9876
f 9884 9876 9885
f 9885 9876 9875
f 9885 9875 9886
f 9886 9875 9874
f 9886 9874 10148
f 10148 9874 10147
f 10148 10147 10146
f 10146 10147 10154
f 10146 10154 10144
f 10144 10154 10153
f 10144 10153 10143
f 10143 10153 10156
f 10143 10156 10149
f 10149 10156 10155
f 10149 10155 10120
f 10120 10155 10172
f 10120 10172 10119
f 10119 10172 10167
f 10119 10167 10078
f 10078 10167 10081
f 10078 10081 10079
f 10079 10081 10082
f 10079 10082 10080
f 10080 10082 10087
f 10080 10087 10095
f 10095 10087 10088
f 10095 10088 10094
f 10094 10088 10089
f 10094 10089 10093
f 10093 10089 10103
f 10093 10103 10108
f 10108 10103 10104
f 10108 10104 10106
f 10106 10104 10105
f 7165 7166 7164
f 7164 7166 7195
f 7164 7195 7192
f 7192 7195 7196
f 7192 7196 7193
f 7193 7196 7197
f 7193 7197 7210
f 7210 7197 7207
f 7210 7207 7211
f 7211 7207 7208
f 7211 7208 7209
f 7209 7208 7299
f 7209 7299 7302
f 7302 7299 7309
f 7302 7309 7303
f 7303 7309 7308
f 7303 7308 7122
f 7122 7308 7129
f 7122 7129 7121
f 7121 7129 7130
f 7121 7130 7120
f 7120 7130 7131
f 7120 7131 7147
f 7147 7131 7146
f 7147 7146 7139
f 7139 7146 7039
f 7139 7039 7036
f 7036 7039 7040
f 7036 7040 7037
f 7037 7040 7041
f 7037 7041 7038
f 7038 7041 7068
f 7038 7068 7066
f 7066 7068 7069
f 7066 7069 7052
f 7052 7069 7048
f 7052 7048 7045
f 7045 7048 7049
f 7045 7049 7047
f 7047 7049 7050
f 7047 7050 6666
f 6666 7050 6670
f 6666 6670 6679
f 6679 6670 6601
f 6679 6601 6678
f 6678 6601 6592
f 6678 6592 6594
f 6594 6592 6591
f 6594 6591 6595
f 6595 6591 6599
f 6595 6599 6596
f 6596 6599 6600
f 6596 6600 6597
f 6597 6600 6574
f 6597 6574 6578
f 6578 6574 6562
f 6578 6562 6579
f 6579 6562 6583
f 6579 6583 6580
f 6580 6583 6584
f 6580 6584 6581
f 6581 6584 6589
f 6581 6589 6582
f 6582 6589 6585
f 6582 6585 6552
f 6552 6585 6547
f 6552 6547 6553
f 6553 6547 6549
f 6553 6549 6414
f 6414 6549 6417
f 6414 6417 6423
f 6423 6417 6418
f 6423 6418 6426
f 6426 6418 6440
f 6426 6440 6436
f 6436 6440 6443
f 6436 6443 6435
f 6435 6443 6442
f 6435 6442 6430
f 6430 6442 6441
f 6430 6441 6438
f 6438 6441 6456
f 6438 6456 6497
f 6497 6456 6455
f 6497 6455 6496
f 6496 6455 6454
f 6496 6454 6495
f 6495 6454 6465
f 6495 6465 6494
f 6494 6465 6466
f 6494 6466 6493
f 6493 6466 6468
f 6493 6468 6492
f 6492 6468 6469
f 6492 6469 8654
f 8654 6469 8656
f 8654 8656 8655
f 8655 8656 8658
f 8655 8658 8651
f 8651 8658 8650
f 8651 8650 8648
f 8648 8650 8657
f 8648 8657 8630
f 8630 8657 8638
f 8630 8638 8631
f 8631 8638 8639
f 8631 8639 8629
f 8629 8639 8595
f 8629 8595 8593
f 8593 8595 8598
f 8593 8598 8591
f 8591 8598 8596
f 8591 8596 8590
f 8590 8596 8594
f 8590 8594 8735
f 8735 8594 8734
f 8735 8734 8736
f 8736 8734 8749
f 8736 8749 8742
f 8742 8749 8748
f 8742 8748 8743
f 8743 8748 8703
f 8743 8703 8700
f 8700 8703 8702
f 8700 8702 8698
f 8698 8702 8701
f 8698 8701 8699
f 8699 8701 8697
f 8699 8697 9529
f 9529 8697 9474
f 9529 9474 9525
f 9525 9474 9476
f 9525 9476 9501
f 9501 9476 9507
f 9501 9507 9503
f 9503 9507 9504
f 9503 9504 9502
f 9502 9504 9508
f 9502 9508 9505
f 9505 9508 9509
f 9505 9509 9506
f 9506 9509 9510
f 9506 9510 9422
f 9422 9510 9429
f 9422 9429 9467
f 9467 9429 9460
f 9467 9460 9466
f 9466 9460 9461
f 9466 9461 9465
f 9465 9461 9455
f 9465 9455 9464
f 9464 9455 9439
f 9464 9439 9462
f 9462 9439 9445
f 9462 9445 9939
f 9939 9445 9897
f 9939 9897 9900
f 9900 9897 9896
f 9900 9896 9901
f 9901 9896 9895
f 9901 9895 9902
f 9902 9895 9894
f 9902 9894 9873
f 9873 9894 9877
f 9873 9877 9876
f 9876 9877 9878
f 9876 9878 9875
f 9875 9878 9879
f 9875 9879 9874
f 9874 9879 9880
f 9874 9880 10147
f 10147 9880 10183
f 10147 10183 10154
f 10154 10183 10185
f 10154 10185 10153
f 10153 10185 10186
f 10153 10186 10156
f 10156 10186 10187
f 10156 10187 10155
f 10155 10187 10163
f 10155 10163 10172
f 10172 10163 10162
f 10172 10162 10167
f 10167 10162 10161
f 10167 10161 10081
f 10081 10161 10068
f 10081 10068 10082
f 10082 10068 10074
f 10082 10074 10087
f 10087 10074 10085
f 10087 10085 10088
f 10088 10085 10084
f 10088 10084 10089
f 10089 10084 10101
f 10089 10101 10103
f 10103 10101 10100
f 10103 10100 10104
f 10104 10100 10099
f 10104 10099 10105
f 10105 10099 10098
f 7166 7200 7195
f 7195 7200 7201
f 7195 7201 7196
f 7196 7201 7203
f 7196 7203 7197
f 7197 7203 7204
f 7197 7204 7207
f 7207 7204 7307
f 7207 7307 7208
f 7208 7307 7313
f 7208 7313 7299
f 7299 7313 7312
f 7299 7312 7309
f 7309 7312 7311
f 7309 7311 7308
f 7308 7311 7304
f 7308 7304 7129
f 7129 7304 7132
f 7129 7132 7130
f 7130 7132 7133
f 7130 7133 7131
f 7131 7133 7082
f 7131 7082 7146
f 7146 7082 7083
f 7146 7083 7039
f 7039 7083 7030
f 7039 7030 7040
f 7040 7030 7034
f 7040 7034 7041
f 7041 7034 7062
f 7041 7062 7068
f 7068 7062 7063
f 7068 7063 7069
f 7069 7063 7067
f 7069 7067 7048
f 7048 7067 7046
f 7048 7046 7049
f 7049 7046 7059
f 7049 7059 7050
f 7050 7059 7054
f 7050 7054 6670
f 6670 7054 6603
f 6670 6603 6601
f 6601 6603 6604
f 6601 6604 6592
f 6592 6604 6605
f 6592 6605 6591
f 6591 6605 6606
f 6591 6606 6599
f 6599 6606 6623
f 6599 6623 6600
f 6600 6623 6624
f 6600 6624 6574
f 6574 6624 6565
f 6574 6565 6562
f 6562 6565 6569
f 6562 6569 6583
f 6583 6569 6570
f 6583 6570 6584
f 6584 6570 6561
f 6584 6561 6589
f 6589 6561 6590
f 6589 6590 6585
f 6585 6590 6554
f 6585 6554 6547
f 6547 6554 6555
f 6547 6555 6549
f 6549 6555 6558
f 6549 6558 6417
f 6417 6558 6419
f 6417 6419 6418
f 6418 6419 6429
f 6418 6429 6440
f 6440 6429 6432
f 6440 6432 6443
f 6443 6432 6433
f 6443 6433 6442
f 6442 6433 6434
f 6442 6434 6441
f 6441 6434 6449
f 6441 6449 6456
f 6456 6449 6450
f 6456 6450 6455
f 6455 6450 6451
f 6455 6451 6454
f 6454 6451 6452
f 6454 6452 6465
f 6465 6452 6461
f 6465 6461 6466
f 6466 6461 6470
f 6466 6470 6468
f 6468 6470 6467
f 6468 6467 6469
f 6469 6467 8850
f 6469 8850 8656
f 8656 8850 8851
f 8656 8851 8658
f 8658 8851 8853
f 8658 8853 8650
f 8650 8853 8854
f 8650 8854 8657
f 8657 8854 8764
f 8657 8764 8638
f 8638 8764 8770
f 8638 8770 8639
f 8639 8770 8769
f 8639 8769 8595
f 8595 8769 8767
f 8595 8767 8598
f 8598 8767 8597
f 8598 8597 8596
f 8596 8597 8599
f 8596 8599 8594
f 8594 8599 8660
f 8594 8660 8734
f 8734 8660 8661
f 8734 8661 8749
f 8749 8661 8663
f 8749 8663 8748
f 8748 8663 8664
f 8748 8664 8703
f 8703 8664 8692
f 8703 8692 8702
f 8702 8692 8693
f 8702 8693 8701
f 8701 8693 8694
f 8701 8694 8697
f 8697 8694 9482
f 8697 9482 9474
f 9474 9482 9483
f 9474 9483 9476
f 9476 9483 9485
f 9476 9485 9507
f 9507 9485 9511
f 9507 9511 9504
f 9504 9511 9512
f 9504 9512 9508
f 9508 9512 9513
f 9508 9513 9509
f 9509 9513 9514
f 9509 9514 9510
f 9510 9514 9425
f 9510 9425 9429
f 9429 9425 9424
f 9429 9424 9460
f 9460 9424 9458
f 9460 9458 9461
f 9461 9458 9457
f 9461 9457 9455
f 9455 9457 9440
f 9455 9440 9439
f 9439 9440 9441
f 9439 9441 9445
f 9445 9441 9442
f 9445 9442 9897
f 9897 9442 9893
f 9897 9893 9896
f 9896 9893 9892
f 9896 9892 9895
f 9895 9892 9891
f 9895 9891 9894
f 9894 9891 9890
f 9894 9890 9877
f 9877 9890 9883
f 9877 9883 9878
f 9878 9883 9882
f 9878 9882 9879
f 9879 9882 9881
f 9879 9881 9880
f 9880 9881 10179
f 9880 10179 10183
f 10183 10179 10178
f 10183 10178 10185
f 10185 10178 10177
f 10185 10177 10186
f 10186 10177 10174
f 10186 10174 10187
f 10187 10174 10175
f 10187 10175 10163
f 10163 10175 10166
f 10163 10166 10162
f 10162 10166 10165
f 10162 10165 10161
f 10161 10165 10073
f 10161 10073 10068
f 10068 10073 10072
f 10068 10072 10074
f 10074 10072 10071
f 10074 10071 10085
f 10085 10071 10083
f 10085 10083 10084
f 10084 10083 10112
f 10084 10112 10101
f 10101 10112 10111
f 10101 10111 10100
f 10100 10111 10110
f 10100 10110 10099
f 10099 10110 10107
f 10099 10107 10098
f 10098 10107 10109
f 7200 7205 7201
f 7201 7205 7269
f 7201 7269 7203
f 7203 7269 7270
f 7203 7270 7204
f 7204 7270 7271
f 7204 7271 7307
f 7307 7271 7300
f 7307 7300 7313
f 7313 7300 7301
f 7313 7301 7312
f 7312 7301 7305
f 7312 7305 7311
f 7311 7305 7306
f 7311 7306 7304
f 7304 7306 7285
f 7304 7285 7132
f 7132 7285 7119
f 7132 7119 7133
f 7133 7119 7078
f 7133 7078 7082
f 7082 7078 7077
f 7082 7077 7083
f 7083 7077 7076
f 7083 7076 7030
f 7030 7076 7075
f 7030 7075 7034
f 7034 7075 7064
f 7034 7064 7062
f 7062 7064 7060
f 7062 7060 7063
f 7063 7060 7065
f 7063 7065 7067
f 7067 7065 7061
f 7067 7061 7046
f 7046 7061 7055
f 7046 7055 7059
f 7059 7055 7053
f 7059 7053 7054
f 7054 7053 7360
f 7054 7360 6603
f 6603 7360 6612
f 6603 6612 6604
f 6604 6612 6621
f 6604 6621 6605
f 6605 6621 6620
f 6605 6620 6606
f 6606 6620 6637
f 6606 6637 6623
f 6623 6637 6636
f 6623 6636 6624
f 6624 6636 6635
f 6624 6635 6565
f 6565 6635 6575
f 6565 6575 6569
f 6569 6575 6571
f 6569 6571 6570
f 6570 6571 6573
f 6570 6573 6561
f 6561 6573 6572
f 6561 6572 6590
f 6590 6572 6557
f 6590 6557 6554
f 6554 6557 6556
f 6554 6556 6555
f 6555 6556 6551
f 6555 6551 6558
f 6558 6551 6550
f 6558 6550 6419
f 6419 6550 6886
f 6419 6886 6429
f 6429 6886 6887
f 6429 6887 6432
f 6432 6887 6878
f 6432 6878 6433
f 6433 6878 6888
f 6433 6888 6434
f 6434 6888 6448
f 6434 6448 6449
f 6449 6448 6447
f 6449 6447 6450
f 6450 6447 6446
f 6450 6446 6451
f 6451 6446 6445
f 6451 6445 6452
f 6452 6445 6458
f 6452 6458 6461
f 6461 6458 6459
f 6461 6459 6470
f 6470 6459 6460
f 6470 6460 6467
f 6467 6460 8846
f 6467 8846 8850
f 8850 8846 8840
f 8850 8840 8851
f 8851 8840 8843
f 8851 8843 8853
f 8853 8843 8844
f 8853 8844 8854
f 8854 8844 8845
f 8854 8845 8764
f 8764 8845 8772
f 8764 8772 8770
f 8770 8772 8765
f 8770 8765 8769
f 8769 8765 8766
f 8769 8766 8767
f 8767 8766 8777
f 8767 8777 8597
f 8597 8777 8778
f 8597 8778 8599
f 8599 8778 8673
f 8599 8673 8660
f 8660 8673 8669
f 8660 8669 8661
f 8661 8669 8670
f 8661 8670 8663
f 8663 8670 8671
f 8663 8671 8664
f 8664 8671 8672
f 8664 8672 8692
f 8692 8672 8689
f 8692 8689 8693
f 8693 8689 8690
f 8693 8690 8694
f 8694 8690 8691
f 8694 8691 9482
f 9482 8691 9479
f 9482 9479 9483
f 9483 9479 9480
f 9483 9480 9485
f 9485 9480 9481
f 9485 9481 9511
f 9511 9481 9490
f 9511 9490 9512
f 9512 9490 9491
f 9512 9491 9513
f 9513 9491 9492
f 9513 9492 9514
f 9514 9492 9426
f 9514 9426 9425
f 9425 9426 9427
f 9425 9427 9424
f 9424 9427 9428
f 9424 9428 9458
f 9458 9428 9456
f 9458 9456 9457
f 9457 9456 9446
f 9457 9446 9440
f 9440 9446 9447
f 9440 9447 9441
f 9441 9447 9449
f 9441 9449 9442
f 9442 9449 9450
f 9442 9450 9893
f 9893 9450 9898
f 9893 9898 9892
f 9892 9898 9889
f 9892 9889 9891
f 9891 9889 9899
f 9891 9899 9890
f 9890 9899 10014
f 9890 10014 9883
f 9883 10014 10024
f 9883 10024 9882
f 9882 10024 10025
f 9882 10025 9881
f 9881 10025 10026
f 9881 10026 10179
f 10179 10026 10180
f 10179 10180 10178
f 10178 10180 10181
f 10178 10181 10177
f 10177 10181 10182
f 10177 10182 10174
f 10174 10182 10184
f 10174 10184 10175
f 10175 10184 10171
f 10175 10171 10166
f 10166 10171 10170
f 10166 10170 10165
f 10165 10170 10169
f 10165 10169 10073
f 10073 10169 10077
f 10073 10077 10072
f 10072 10077 10076
f 10072 10076 10071
f 10071 10076 10075
f 10071 10075 10083
f 10083 10075 9747
f 10083 9747 10112
f 10112 9747 9746
f 10112 9746 10111
f 10111 9746 9712
f 10111 9712 10110
f 10110 9712 9709
f 10110 9709 10107
f 10107 9709 9710
f 10107 9710 10109
f 10109 9710 9708
f 7205 7272 7269
f 7269 7272 7273
f 7269 7273 7270
f 7270 7273 7274
f 7270 7274 7271
f 7271 7274 7275
f 7271 7275 7300
f 7300 7275 7310
f 7300 7310 7301
f 7301 7310 7290
f 7301 7290 7305
f 7305 7290 7291
f 7305 7291 7306
f 7306 7291 7284
f 7306 7284 7285
f 7285 7284 7292
f 7285 7292 7119
f 7119 7292 7079
f 7119 7079 7078
f 7078 7079 7085
f 7078 7085 7077
f 7077 7085 7086
f 7077 7086 7076
f 7076 7086 7087
f 7076 7087 7075
f 7075 7087 7088
f 7075 7088 7064
f 7064 7088 7070
f 7064 7070 7060
f 7060 7070 7071
f 7060 7071 7065
f 7065 7071 7072
f 7065 7072 7061
f 7061 7072 7073
f 7061 7073 7055
f 7055 7073 7051
f 7055 7051 7053
f 7053 7051 7361
f 7053 7361 7360
f 7360 7361 7364
f 7360 7364 6612
f 6612 7364 6619
f 6612 6619 6621
f 6621 6619 6615
f 6621 6615 6620
f 6620 6615 6614
f 6620 6614 6637
f 6637 6614 6632
f 6637 6632 6636
f 6636 6632 6627
f 6636 6627 6635
f 6635 6627 6626
f 6635 6626 6575
f 6575 6626 6568
f 6575 6568 6571
f 6571 6568 6567
f 6571 6567 6573
f 6573 6567 6566
f 6573 6566 6572
f 6572 6566 6564
f 6572 6564 6557
f 6557 6564 6729
f 6557 6729 6556
f 6556 6729 6728
f 6556 6728 6551
f 6551 6728 6727
f 6551 6727 6550
f 6550 6727 6893
f 6550 6893 6886
f 6886 6893 6892
f 6886 6892 6887
f 6887 6892 6880
f 6887 6880 6878
f 6878 6880 6879
f 6878 6879 6888
f 6888 6879 6881
f 6888 6881 6448
f 6448 6881 6453
f 6448 6453 6447
f 6447 6453 6444
f 6447 6444 6446
f 6446 6444 6457
f 6446 6457 6445
f 6445 6457 6462
f 6445 6462 6458
f 6458 6462 6463
f 6458 6463 6459
f 6459 6463 6464
f 6459 6464 6460
f 6460 6464 8849
f 6460 8849 8846
f 8846 8849 8847
f 8846 8847 8840
f 8840 8847 8852
f 8840 8852 8843
f 8843 8852 8842
f 8843 8842 8844
f 8844 8842 8841
f 8844 8841 8845
f 8845 8841 8776
f 8845 8776 8772
f 8772 8776 8775
f 8772 8775 8765
f 8765 8775 8774
f 8765 8774 8766
f 8766 8774 8771
f 8766 8771 8777
f 8777 8771 8768
f 8777 8768 8778
f 8778 8768 8773
f 8778 8773 8673
f 8673 8773 8797
f 8673 8797 8669
f 8669 8797 8798
f 8669 8798 8670
f 8670 8798 8668
f 8670 8668 8671
f 8671 8668 8665
f 8671 8665 8672
f 8672 8665 8662
f 8672 8662 8689
f 8689 8662 8696
f 8689 8696 8690
f 8690 8696 8695
f 8690 8695 8691
f 8691 8695 9478
f 8691 9478 9479
f 9479 9478 9484
f 9479 9484 9480
f 9480 9484 9477
f 9480 9477 9481
f 9481 9477 9500
f 9481 9500 9490
f 9490 9500 9499
f 9490 9499 9491
f 9491 9499 9498
f 9491 9498 9492
f 9492 9498 9497
f 9492 9497 9426
f 9426 9497 9423
f 9426 9423 9427
f 9427 9423 9431
f 9427 9431 9428
f 9428 9431 9432
f 9428 9432 9456
f 9456 9432 9452
f 9456 9452 9446
f 9446 9452 9451
f 9446 9451 9447
f 9447 9451 9448
f 9447 9448 9449
f 9449 9448 9444
f 9449 9444 9450
f 9450 9444 9999
f 9450 9999 9898
f 9898 9999 9998
f 9898 9998 9889
f 9889 9998 9997
f 9889 9997 9899
f 9899 9997 10019
f 9899 10019 10014
f 10014 10019 10010
f 10014 10010 10024
f 10024 10010 10030
f 10024 10030 10025
f 10025 10030 10023
f 10025 10023 10026
f 10026 10023 10032
f 10026 10032 10180
f 10180 10032 10176
f 10180 10176 10181
f 10181 10176 10195
f 10181 10195 10182
f 10182 10195 10194
f 10182 10194 10184
f 10184 10194 10193
f 10184 10193 10171
f 10171 10193 10173
f 10171 10173 10170
f 10170 10173 10164
f 10170 10164 10169
f 10169 10164 10158
f 10169 10158 10077
f 10077 10158 10070
f 10077 10070 10076
f 10076 10070 10069
f 10076 10069 10075
f 10075 10069 9740
f 10075 9740 9747
f 9747 9740 9741
f 9747 9741 9746
f 9746 9741 9739
f 9746 9739 9712
f 9712 9739 9722
f 9712 9722 9709
f 9709 9722 9713
f 9709 9713 9710
f 9710 9713 9719
f 9710 9719 9708
f 9708 9719 9720
f 7272 7268 7273
f 7273 7268 7282
f 7273 7282 7274
f 7274 7282 7281
f 7274 7281 7275
f 7275 7281 7283
f 7275 7283 7310
f 7310 7283 7286
f 7310 7286 7290
f 7290 7286 7287
f 7290 7287 7291
f 7291 7287 7288
f 7291 7288 7284
f 7284 7288 7289
f 7284 7289 7292
f 7292 7289 7298
f 7292 7298 7079
f 7079 7298 7080
f 7079 7080 7085
f 7085 7080 7093
f 7085 7093 7086
f 7086 7093 7091
f 7086 7091 7087
f 7087 7091 7081
f 7087 7081 7088
f 7088 7081 7084
f 7088 7084 7070
f 7070 7084 7326
f 7070 7326 7071
f 7071 7326 7327
f 7071 7327 7072
f 7072 7327 7328
f 7072 7328 7073
f 7073 7328 7365
f 7073 7365 7051
f 7051 7365 7366
f 7051 7366 7361
f 7361 7366 7367
f 7361 7367 7364
f 7364 7367 7368
f 7364 7368 6619
f 6619 7368 6607
f 6619 6607 6615
f 6615 6607 6613
f 6615 6613 6614
f 6614 6613 6618
f 6614 6618 6632
f 6632 6618 6622
f 6632 6622 6627
f 6627 6622 6628
f 6627 6628 6626
f 6626 6628 6625
f 6626 6625 6568
f 6568 6625 6563
f 6568 6563 6567
f 6567 6563 6743
f 6567 6743 6566
f 6566 6743 6744
f 6566 6744 6564
f 6564 6744 6738
f 6564 6738 6729
f 6729 6738 6737
f 6729 6737 6728
f 6728 6737 6736
f 6728 6736 6727
f 6727 6736 6735
f 6727 6735 6893
f 6893 6735 6884
f 6893 6884 6892
f 6892 6884 6891
f 6892 6891 6880
f 6880 6891 6890
f 6880 6890 6879
f 6879 6890 6889
f 6879 6889 6881
f 6881 6889 6885
f 6881 6885 6453
f 6453 6885 6862
f 6453 6862 6444
f 6444 6862 6861
f 6444 6861 6457
f 6457 6861 6860
f 6457 6860 6462
f 6462 6860 6859
f 6462 6859 6463
f 6463 6859 6471
f 6463 6471 6464
f 6464 6471 8826
f 6464 8826 8849
f 8849 8826 8831
f 8849 8831 8847
f 8847 8831 8848
f 8847 8848 8852
f 8852 8848 8857
f 8852 8857 8842
f 8842 8857 8856
f 8842 8856 8841
f 8841 8856 8858
f 8841 8858 8776
f 8776 8858 8759
f 8776 8759 8775
f 8775 8759 8758
f 8775 8758 8774
f 8774 8758 8757
f 8774 8757 8771
f 8771 8757 8756
f 8771 8756 8768
f 8768 8756 8755
f 8768 8755 8773
f 8773 8755 8804
f 8773 8804 8797
f 8797 8804 8796
f 8797 8796 8798
f 8798 8796 8795
f 8798 8795 8668
f 8668 8795 8667
f 8668 8667 8665
f 8665 8667 8666
f 8665 8666 8662
f 8662 8666 8686
f 8662 8686 8696
f 8696 8686 8685
f 8696 8685 8695
f 8695 8685 8684
f 8695 8684 9478
f 9478 8684 9475
f 9478 9475 9484
f 9484 9475 9471
f 9484 9471 9477
f 9477 9471 9470
f 9477 9470 9500
f 9500 9470 9487
f 9500 9487 9499
f 9499 9487 9488
f 9499 9488 9498
f 9498 9488 9489
f 9498 9489 9497
f 9497 9489 9430
f 9497 9430 9423
f 9423 9430 9433
f 9423 9433 9431
f 9431 9433 9438
f 9431 9438 9432
f 9432 9438 9434
f 9432 9434 9452
f 9452 9434 9454
f 9452 9454 9451
f 9451 9454 9453
f 9451 9453 9448
f 9448 9453 9443
f 9448 9443 9444
f 9444 9443 10002
f 9444 10002 9999
f 9999 10002 10000
f 9999 10000 9998
f 9998 10000 10001
f 9998 10001 9997
f 9997 10001 9996
f 9997 9996 10019
f 10019 9996 10016
f 10019 10016 10010
f 10010 10016 10017
f 10010 10017 10030
f 10030 10017 10029
f 10030 10029 10023
f 10023 10029 10028
f 10023 10028 10032
f 10032 10028 10027
f 10032 10027 10176
f 10176 10027 10191
f 10176 10191 10195
f 10195 10191 10196
f 10195 10196 10194
f 10194 10196 10197
f 10194 10197 10193
f 10193 10197 10192
f 10193 10192 10173
f 10173 10192 10159
f 10173 10159 10164
f 10164 10159 10160
f 10164 10160 10158
f 10158 10160 10168
f 10158 10168 10070
f 10070 10168 9748
f 10070 9748 10069
f 10069 9748 9749
f 10069 9749 9740
f 9740 9749 9750
f 9740 9750 9741
f 9741 9750 9751
f 9741 9751 9739
f 9739 9751 9752
f 9739 9752 9722
f 9722 9752 9714
f 9722 9714 9713
f 9713 9714 9711
f 9713 9711 9719
f 9719 9711 9716
f 9719 9716 9720
f 9720 9716 9715
f 7268 7280 7282
f 7282 7280 7279
f 7282 7279 7281
f 7281 7279 7278
f 7281 7278 7283
f 7283 7278 7277
f 7283 7277 7286
f 7286 7277 7297
f 7286 7297 7287
f 7287 7297 7296
f 7287 7296 7288
f 7288 7296 7295
f 7288 7295 7289
f 7289 7295 7294
f 7289 7294 7298
f 7298 7294 7293
f 7298 7293 7080
f 7080 7293 7094
f 7080 7094 7093
f 7093 7094 7095
f 7093 7095 7091
f 7091 7095 7092
f 7091 7092 7081
f 7081 7092 7074
f 7081 7074 7084
f 7084 7074 7325
f 7084 7325 7326
f 7326 7325 7324
f 7326 7324 7327
f 7327 7324 7323
f 7327 7323 7328
f 7328 7323 7322
f 7328 7322 7365
f 7365 7322 7369
f 7365 7369 7366
f 7366 7369 7370
f 7366 7370 7367
f 7367 7370 7371
f 7367 7371 7368
f 7368 7371 7372
f 7368 7372 6607
f 6607 7372 6609
f 6607 6609 6613
f 6613 6609 6610
f 6613 6610 6618
f 6618 6610 6611
f 6618 6611 6622
f 6622 6611 6629
f 6622 6629 6628
f 6628 6629 6630
f 6628 6630 6625
f 6625 6630 6631
f 6625 6631 6563
f 6563 6631 6747
f 6563 6747 6743
f 6743 6747 6748
f 6743 6748 6744
f 6744 6748 6749
f 6744 6749 6738
f 6738 6749 6731
f 6738 6731 6737
f 6737 6731 6732
f 6737 6732 6736
f 6736 6732 6733
f 6736 6733 6735
f 6735 6733 6734
f 6735 6734 6884
f 6884 6734 6909
f 6884 6909 6891
f 6891 6909 6898
f 6891 6898 6890
f 6890 6898 6883
f 6890 6883 6889
f 6889 6883 6882
f 6889 6882 6885
f 6885 6882 6850
f 6885 6850 6862
f 6862 6850 6852
f 6862 6852 6861
f 6861 6852 6853
f 6861 6853 6860
f 6860 6853 6854
f 6860 6854 6859
f 6859 6854 6849
f 6859 6849 6471
f 6471 6849 8830
f 6471 8830 8826
f 8826 8830 8829
f 8826 8829 8831
f 8831 8829 8828
f 8831 8828 8848
f 8848 8828 8860
f 8848 8860 8857
f 8857 8860 8861
f 8857 8861 8856
f 8856 8861 8862
f 8856 8862 8858
f 8858 8862 8855
f 8858 8855 8759
f 8759 8855 8754
f 8759 8754 8758
f 8758 8754 8753
f 8758 8753 8757
f 8757 8753 8752
f 8757 8752 8756
f 8756 8752 8760
f 8756 8760 8755
f 8755 8760 8801
f 8755 8801 8804
f 8804 8801 8808
f 8804 8808 8796
f 8796 8808 8807
f 8796 8807 8795
f 8795 8807 8806
f 8795 8806 8667
f 8667 8806 8805
f 8667 8805 8666
f 8666 8805 8679
f 8666 8679 8686
f 8686 8679 8675
f 8686 8675 8685
f 8685 8675 8676
f 8685 8676 8684
f 8684 8676 8677
f 8684 8677 9475
f 9475 8677 9473
f 9475 9473 9471
f 9471 9473 9472
f 9471 9472 9470
f 9470 9472 9495
f 9470 9495 9487
f 9487 9495 9494
f 9487 9494 9488
f 9488 9494 9486
f 9488 9486 9489
f 9489 9486 9493
f 9489 9493 9430
f 9430 9493 9437
f 9430 9437 9433
f 9433 9437 9436
f 9433 9436 9438
f 9438 9436 9435
f 9438 9435 9434
f 9434 9435 9372
f 9434 9372 9454
f 9454 9372 9390
f 9454 9390 9453
f 9453 9390 9387
f 9453 9387 9443
f 9443 9387 9386
f 9443 9386 10002
f 10002 9386 10005
f 10002 10005 10000
f 10000 10005 10004
f 10000 10004 10001
f 10001 10004 10003
f 10001 10003 9996
f 9996 10003 10020
f 9996 10020 10016
f 10016 10020 10018
f 10016 10018 10017
f 10017 10018 10015
f 10017 10015 10029
f 10029 10015 10037
f 10029 10037 10028
f 10028 10037 10035
f 10028 10035 10027
f 10027 10035 10031
f 10027 10031 10191
f 10191 10031 10201
f 10191 10201 10196
f 10196 10201 10200
f 10196 10200 10197
f 10197 10200 10199
f 10197 10199 10192
f 10192 10199 10198
f 10192 10198 10159
f 10159 10198 9682
f 10159 9682 10160
f 10160 9682 9680
f 10160 9680 10168
f 10168 9680 9745
f 10168 9745 9748
f 9748 9745 9744
f 9748 9744 9749
f 9749 9744 9738
f 9749 9738 9750
f 9750 9738 9743
f 9750 9743 9751
f 9751 9743 9742
f 9751 9742 9752
f 9752 9742 9769
f 9752 9769 9714
f 9714 9769 9721
f 9714 9721 9711
f 9711 9721 9718
f 9711 9718 9716
f 9716 9718 9717
f 9716 9717 9715
f 9715 9717 9723
f 7280 7276 7279
f 7279 7276 7231
f 7279 7231 7278
f 7278 7231 7230
f 7278 7230 7277
f 7277 7230 7255
f 7277 7255 7297
f 7297 7255 7257
f 7297 7257 7296
f 7296 7257 7258
f 7296 7258 7295
f 7295 7258 7259
f 7295 7259 7294
f 7294 7259 7260
f 7294 7260 7293
f 7293 7260 7089
f 7293 7089 7094
f 7094 7089 7090
f 7094 7090 7095
f 7095 7090 7103
f 7095 7103 7092
f 7092 7103 7102
f 7092 7102 7074
f 7074 7102 7343
f 7074 7343 7325
f 7325 7343 7321
f 7325 7321 7324
f 7324 7321 7320
f 7324 7320 7323
f 7323 7320 7319
f 7323 7319 7322
f 7322 7319 7318
f 7322 7318 7369
f 7369 7318 7373
f 7369 7373 7370
f 7370 7373 7374
f 7370 7374 7371
f 7371 7374 7359
f 7371 7359 7372
f 7372 7359 7383
f 7372 7383 6609
f 6609 7383 6616
f 6609 6616 6610
f 6610 6616 6608
f 6610 6608 6611
f 6611 6608 6617
f 6611 6617 6629
f 6629 6617 6633
f 6629 6633 6630
f 6630 6633 6634
f 6630 6634 6631
f 6631 6634 6745
f 6631 6745 6747
f 6747 6745 6746
f 6747 6746 6748
f 6748 6746 6750
f 6748 6750 6749
f 6749 6750 6751
f 6749 6751 6731
f 6731 6751 6741
f 6731 6741 6732
f 6732 6741 6730
f 6732 6730 6733
f 6733 6730 6742
f 6733 6742 6734
f 6734 6742 6895
f 6734 6895 6909
f 6909 6895 6896
f 6909 6896 6898
f 6898 6896 6897
f 6898 6897 6883
f 6883 6897 6899
f 6883 6899 6882
f 6882 6899 6904
f 6882 6904 6850
f 6850 6904 6855
f 6850 6855 6852
f 6852 6855 6856
f 6852 6856 6853
f 6853 6856 6858
f 6853 6858 6854
f 6854 6858 6851
f 6854 6851 6849
f 6849 6851 6857
f 6849 6857 8830
f 8830 6857 8839
f 8830 8839 8829
f 8829 8839 8838
f 8829 8838 8828
f 8828 8838 8837
f 8828 8837 8860
f 8860 8837 8868
f 8860 8868 8861
f 8861 8868 8869
f 8861 8869 8862
f 8862 8869 8859
f 8862 8859 8855
f 8855 8859 8867
f 8855 8867 8754
f 8754 8867 8763
f 8754 8763 8753
f 8753 8763 8761
f 8753 8761 8752
f 8752 8761 8762
f 8752 8762 8760
f 8760 8762 8782
f 8760 8782 8801
f 8801 8782 8799
f 8801 8799 8808
f 8808 8799 8800
f 8808 8800 8807
f 8807 8800 8794
f 8807 8794 8806
f 8806 8794 8802
f 8806 8802 8805
f 8805 8802 8688
f 8805 8688 8679
f 8679 8688 8687
f 8679 8687 8675
f 8675 8687 8681
f 8675 8681 8676
f 8676 8681 8680
f 8676 8680 8677
f 8677 8680 8678
f 8677 8678 9473
f 9473 8678 9344
f 9473 9344 9472
f 9472 9344 9345
f 9472 9345 9495
f 9495 9345 9496
f 9495 9496 9494
f 9494 9496 9321
f 9494 9321 9486
f 9486 9321 9320
f 9486 9320 9493
f 9493 9320 9361
f 9493 9361 9437
f 9437 9361 9360
f 9437 9360 9436
f 9436 9360 9364
f 9436 9364 9435
f 9435 9364 9376
f 9435 9376 9372
f 9372 9376 9375
f 9372 9375 9390
f 9390 9375 9381
f 9390 9381 9387
f 9387 9381 9393
f 9387 9393 9386
f 9386 9393 9392
f 9386 9392 10005
f 10005 9392 9993
f 10005 9993 10004
f 10004 9993 9994
f 10004 9994 10003
f 10003 9994 9995
f 10003 9995 10020
f 10020 9995 10013
f 10020 10013 10018
f 10018 10013 10012
f 10018 10012 10015
f 10015 10012 10011
f 10015 10011 10037
f 10037 10011 10033
f 10037 10033 10035
f 10035 10033 10034
f 10035 10034 10031
f 10031 10034 10036
f 10031 10036 10201
f 10201 10036 10190
f 10201 10190 10200
f 10200 10190 10189
f 10200 10189 10199
f 10199 10189 10188
f 10199 10188 10198
f 10198 10188 9686
f 10198 9686 9682
f 9682 9686 9684
f 9682 9684 9680
f 9680 9684 9683
f 9680 9683 9745
f 9745 9683 9756
f 9745 9756 9744
f 9744 9756 9757
f 9744 9757 9738
f 9738 9757 9758
f 9738 9758 9743
f 9743 9758 9778
f 9743 9778 9742
f 9742 9778 9779
f 9742 9779 9769
f 9769 9779 9774
f 9769 9774 9721
f 9721 9774 9728
f 9721 9728 9718
f 9718 9728 9727
f 9718 9727 9717
f 9717 9727 9734
f 9717 9734 9723
f 9723 9734 9729
f 7276 7228 7231
f 7231 7228 7229
f 7231 7229 7230
f 7230 7229 7232
f 7230 7232 7255
f 7255 7232 7262
f 7255 7262 7257
f 7257 7262 7263
f 7257 7263 7258
f 7258 7263 7264
f 7258 7264 7259
f 7259 7264 7265
f 7259 7265 7260
f 7260 7265 7266
f 7260 7266 7089
f 7089 7266 7096
f 7089 7096 7090
f 7090 7096 7097
f 7090 7097 7103
f 7103 7097 7098
f 7103 7098 7102
f 7102 7098 7342
f 7102 7342 7343
f 7343 7342 7341
f 7343 7341 7321
f 7321 7341 7314
f 7321 7314 7320
f 7320 7314 7317
f 7320 7317 7319
f 7319 7317 7315
f 7319 7315 7318
f 7318 7315 7363
f 7318 7363 7373
f 7373 7363 7362
f 7373 7362 7374
f 7374 7362 7382
f 7374 7382 7359
f 7359 7382 7381
f 7359 7381 7383
f 7383 7381 7377
f 7383 7377 6616
f 6616 7377 6696
f 6616 6696 6608
f 6608 6696 6704
f 6608 6704 6617
f 6617 6704 6706
f 6617 6706 6633
f 6633 6706 6710
f 6633 6710 6634
f 6634 6710 6693
f 6634 6693 6745
f 6745 6693 6757
f 6745 6757 6746
f 6746 6757 6756
f 6746 6756 6750
f 6750 6756 6755
f 6750 6755 6751
f 6751 6755 6754
f 6751 6754 6741
f 6741 6754 6740
f 6741 6740 6730
f 6730 6740 6739
f 6730 6739 6742
f 6742 6739 6716
f 6742 6716 6895
f 6895 6716 6903
f 6895 6903 6896
f 6896 6903 6902
f 6896 6902 6897
f 6897 6902 6894
f 6897 6894 6899
f 6899 6894 6901
f 6899 6901 6904
f 6904 6901 6900
f 6904 6900 6855
f 6855 6900 6837
f 6855 6837 6856
f 6856 6837 6838
f 6856 6838 6858
f 6858 6838 6840
f 6858 6840 6851
f 6851 6840 6839
f 6851 6839 6857
f 6857 6839 8835
f 6857 8835 8839
f 8839 8835 8834
f 8839 8834 8838
f 8838 8834 8833
f 8838 8833 8837
f 8837 8833 8832
f 8837 8832 8868
f 8868 8832 8866
f 8868 8866 8869
f 8869 8866 8865
f 8869 8865 8859
f 8859 8865 8864
f 8859 8864 8867
f 8867 8864 8863
f 8867 8863 8763
f 8763 8863 8750
f 8763 8750 8761
f 8761 8750 8751
f 8761 8751 8762
f 8762 8751 8792
f 8762 8792 8782
f 8782 8792 8781
f 8782 8781 8799
f 8799 8781 8803
f 8799 8803 8800
f 8800 8803 8817
f 8800 8817 8794
f 8794 8817 8814
f 8794 8814 8802
f 8802 8814 8819
f 8802 8819 8688
f 8688 8819 8815
f 8688 8815 8687
f 8687 8815 8683
f 8687 8683 8681
f 8681 8683 8682
f 8681 8682 8680
f 8680 8682 8674
f 8680 8674 8678
f 8678 8674 9348
f 8678 9348 9344
f 9344 9348 9347
f 9344 9347 9345
f 9345 9347 9346
f 9345 9346 9496
f 9496 9346 9322
f 9496 9322 9321
f 9321 9322 9333
f 9321 9333 9320
f 9320 9333 9334
f 9320 9334 9361
f 9361 9334 9350
f 9361 9350 9360
f 9360 9350 9351
f 9360 9351 9364
f 9364 9351 9366
f 9364 9366 9376
f 9376 9366 9367
f 9376 9367 9375
f 9375 9367 9368
f 9375 9368 9381
f 9381 9368 9389
f 9381 9389 9393
f 9393 9389 9380
f 9393 9380 9392
f 9392 9380 9388
f 9392 9388 9993
f 9993 9388 10007
f 9993 10007 9994
f 9994 10007 10006
f 9994 10006 9995
f 9995 10006 10008
f 9995 10008 10013
f 10013 10008 10022
f 10013 10022 10012
f 10012 10022 10009
f 10012 10009 10011
f 10011 10009 9953
f 10011 9953 10033
f 10033 9953 9950
f 10033 9950 10034
f 10034 9950 9949
f 10034 9949 10036
f 10036 9949 9951
f 10036 9951 10190
f 10190 9951 9696
f 10190 9696 10189
f 10189 9696 9695
f 10189 9695 10188
f 10188 9695 9694
f 10188 9694 9686
f 9686 9694 9685
f 9686 9685 9684
f 9684 9685 9679
f 9684 9679 9683
f 9683 9679 9690
f 9683 9690 9756
f 9756 9690 9759
f 9756 9759 9757
f 9757 9759 9753
f 9757 9753 9758
f 9758 9753 9755
f 9758 9755 9778
f 9778 9755 9772
f 9778 9772 9779
f 9779 9772 9773
f 9779 9773 9774
f 9774 9773 9737
f 9774 9737 9728
f 9728 9737 9730
f 9728 9730 9727
f 9727 9730 9731
f 9727 9731 9734
f 9734 9731 9732
f 9734 9732 9729
f 9729 9732 9733
f 7228 7237 7229
f 7229 7237 7236
f 7229 7236 7232
f 7232 7236 7238
f 7232 7238 7262
f 7262 7238 7254
f 7262 7254 7263
f 7263 7254 7261
f 7263 7261 7264
f 7264 7261 7267
f 7264 7267 7265
f 7265 7267 7256
f 7265 7256 7266
f 7266 7256 7253
f 7266 7253 7096
f 7096 7253 7099
f 7096 7099 7097
f 7097 7099 7100
f 7097 7100 7098
f 7098 7100 7332
f 7098 7332 7342
f 7342 7332 7331
f 7342 7331 7341
f 7341 7331 7333
f 7341 7333 7314
f 7314 7333 7334
f 7314 7334 7317
f 7317 7334 7316
f 7317 7316 7315
f 7315 7316 7357
f 7315 7357 7363
f 7363 7357 7358
f 7363 7358 7362
f 7362 7358 7384
f 7362 7384 7382
f 7382 7384 7385
f 7382 7385 7381
f 7381 7385 7380
f 7381 7380 7377
f 7377 7380 7386
f 7377 7386 6696
f 6696 7386 6703
f 6696 6703 6704
f 6704 6703 6697
f 6704 6697 6706
f 6706 6697 6698
f 6706 6698 6710
f 6710 6698 6688
f 6710 6688 6693
f 6693 6688 6687
f 6693 6687 6757
f 6757 6687 6686
f 6757 6686 6756
f 6756 6686 6752
f 6756 6752 6755
f 6755 6752 6753
f 6755 6753 6754
f 6754 6753 6721
f 6754 6721 6740
f 6740 6721 6724
f 6740 6724 6739
f 6739 6724 6725
f 6739 6725 6716
f 6716 6725 6726
f 6716 6726 6903
f 6903 6726 6905
f 6903 6905 6902
f 6902 6905 6906
f 6902 6906 6894
f 6894 6906 6907
f 6894 6907 6901
f 6901 6907 6908
f 6901 6908 6900
f 6900 6908 6843
f 6900 6843 6837
f 6837 6843 6844
f 6837 6844 6838
f 6838 6844 6845
f 6838 6845 6840
f 6840 6845 6847
f 6840 6847 6839
f 6839 6847 6848
f 6839 6848 8835
f 8835 6848 8836
f 8835 8836 8834
f 8834 8836 8825
f 8834 8825 8833
f 8833 8825 8827
f 8833 8827 8832
f 8832 8827 8892
f 8832 8892 8866
f 8866 8892 8891
f 8866 8891 8865
f 8865 8891 8890
f 8865 8890 8864
f 8864 8890 8905
f 8864 8905 8863
f 8863 8905 8908
f 8863 8908 8750
f 8750 8908 8785
f 8750 8785 8751
f 8751 8785 8786
f 8751 8786 8792
f 8792 8786 8787
f 8792 8787 8781
f 8781 8787 8788
f 8781 8788 8803
f 8803 8788 8824
f 8803 8824 8817
f 8817 8824 8821
f 8817 8821 8814
f 8814 8821 8822
f 8814 8822 8819
f 8819 8822 8823
f 8819 8823 8815
f 8815 8823 8816
f 8815 8816 8683
f 8683 8816 8423
f 8683 8423 8682
f 8682 8423 8426
f 8682 8426 8674
f 8674 8426 8427
f 8674 8427 9348
f 9348 8427 9335
f 9348 9335 9347
f 9347 9335 9336
f 9347 9336 9346
f 9346 9336 9337
f 9346 9337 9322
f 9322 9337 9323
f 9322 9323 9333
f 9333 9323 9324
f 9333 9324 9334
f 9334 9324 9325
f 9334 9325 9350
f 9350 9325 9362
f 9350 9362 9351
f 9351 9362 9363
f 9351 9363 9366
f 9366 9363 9365
f 9366 9365 9367
f 9367 9365 9373
f 9367 9373 9368
f 9368 9373 9374
f 9368 9374 9389
f 9389 9374 9382
f 9389 9382 9380
f 9380 9382 9383
f 9380 9383 9388
f 9388 9383 9391
f 9388 9391 10007
f 10007 9391 9971
f 10007 9971 10006
f 10006 9971 9975
f 10006 9975 10008
f 10008 9975 9976
f 10008 9976 10022
f 10022 9976 10021
f 10022 10021 10009
f 10009 10021 9955
f 10009 9955 9953
f 9953 9955 9954
f 9953 9954 9950
f 9950 9954 9952
f 9950 9952 9949
f 9949 9952 9959
f 9949 9959 9951
f 9951 9959 9668
f 9951 9668 9696
f 9696 9668 9701
f 9696 9701 9695
f 9695 9701 9700
f 9695 9700 9694
f 9694 9700 9705
f 9694 9705 9685
f 9685 9705 9687
f 9685 9687 9679
f 9679 9687 9688
f 9679 9688 9690
f 9690 9688 9761
f 9690 9761 9759
f 9759 9761 9762
f 9759 9762 9753
f 9753 9762 9763
f 9753 9763 9755
f 9755 9763 9764
f 9755 9764 9772
f 9772 9764 9782
f 9772 9782 9773
f 9773 9782 9780
f 9773 9780 9737
f 9737 9780 9736
f 9737 9736 9730
f 9730 9736 9735
f 9730 9735 9731
f 9731 9735 9726
f 9731 9726 9732
f 9732 9726 9785
f 9732 9785 9733
f 9733 9785 9786
f 7237 7226 7236
f 7236 7226 7225
f 7236 7225 7238
f 7238 7225 7224
f 7238 7224 7254
f 7254 7224 7243
f 7254 7243 7261
f 7261 7243 7247
f 7261 7247 7267
f 7267 7247 7248
f 7267 7248 7256
f 7256 7248 7251
f 7256 7251 7253
f 7253 7251 7252
f 7253 7252 7099
f 7099 7252 7101
f 7099 7101 7100
f 7100 7101 7338
f 7100 7338 7332
f 7332 7338 7339
f 7332 7339 7331
f 7331 7339 7340
f 7331 7340 7333
f 7333 7340 7330
f 7333 7330 7334
f 7334 7330 7337
f 7334 7337 7316
f 7316 7337 7353
f 7316 7353 7357
f 7357 7353 7352
f 7357 7352 7358
f 7358 7352 7351
f 7358 7351 7384
f 7384 7351 7387
f 7384 7387 7385
f 7385 7387 7388
f 7385 7388 7380
f 7380 7388 7379
f 7380 7379 7386
f 7386 7379 7389
f 7386 7389 6703
f 6703 7389 6702
f 6703 6702 6697
f 6697 6702 6701
f 6697 6701 6698
f 6698 6701 6699
f 6698 6699 6688
f 6688 6699 6689
f 6688 6689 6687
f 6687 6689 6690
f 6687 6690 6686
f 6686 6690 6691
f 6686 6691 6752
f 6752 6691 6692
f 6752 6692 6753
f 6753 6692 6712
f 6753 6712 6721
f 6721 6712 6713
f 6721 6713 6724
f 6724 6713 6715
f 6724 6715 6725
f 6725 6715 6714
f 6725 6714 6726
f 6726 6714 6711
f 6726 6711 6905
f 6905 6711 6873
f 6905 6873 6906
f 6906 6873 6872
f 6906 6872 6907
f 6907 6872 6871
f 6907 6871 6908
f 6908 6871 6870
f 6908 6870 6843
f 6843 6870 6835
f 6843 6835 6844
f 6844 6835 6833
f 6844 6833 6845
f 6845 6833 6834
f 6845 6834 6847
f 6847 6834 6836
f 6847 6836 6848
f 6848 6836 8870
f 6848 8870 8836
f 8836 8870 8878
f 8836 8878 8825
f 8825 8878 8877
f 8825 8877 8827
f 8827 8877 8895
f 8827 8895 8892
f 8892 8895 8896
f 8892 8896 8891
f 8891 8896 8897
f 8891 8897 8890
f 8890 8897 8906
f 8890 8906 8905
f 8905 8906 8915
f 8905 8915 8908
f 8908 8915 8914
f 8908 8914 8785
f 8785 8914 8790
f 8785 8790 8786
f 8786 8790 8783
f 8786 8783 8787
f 8787 8783 8780
f 8787 8780 8788
f 8788 8780 8779
f 8788 8779 8824
f 8824 8779 8820
f 8824 8820 8821
f 8821 8820 8818
f 8821 8818 8822
f 8822 8818 8812
f 8822 8812 8823
f 8823 8812 8811
f 8823 8811 8816
f 8816 8811 8449
f 8816 8449 8423
f 8423 8449 8422
f 8423 8422 8426
f 8426 8422 8430
f 8426 8430 8427
f 8427 8430 8429
f 8427 8429 9335
f 9335 8429 9339
f 9335 9339 9336
f 9336 9339 9340
f 9336 9340 9337
f 9337 9340 9341
f 9337 9341 9323
f 9323 9341 9326
f 9323 9326 9324
f 9324 9326 9327
f 9324 9327 9325
f 9325 9327 9357
f 9325 9357 9362
f 9362 9357 9356
f 9362 9356 9363
f 9363 9356 9355
f 9363 9355 9365
f 9365 9355 9371
f 9365 9371 9373
f 9373 9371 9370
f 9373 9370 9374
f 9374 9370 9369
f 9374 9369 9382
f 9382 9369 9385
f 9382 9385 9383
f 9383 9385 9384
f 9383 9384 9391
f 9391 9384 9963
f 9391 9963 9971
f 9971 9963 9964
f 9971 9964 9975
f 9975 9964 9974
f 9975 9974 9976
f 9976 9974 9973
f 9976 9973 10021
f 10021 9973 9960
f 10021 9960 9955
f 9955 9960 9958
f 9955 9958 9954
f 9954 9958 9957
f 9954 9957 9952
f 9952 9957 9956
f 9952 9956 9959
f 9959 9956 9671
f 9959 9671 9668
f 9668 9671 9670
f 9668 9670 9701
f 9701 9670 9706
f 9701 9706 9700
f 9700 9706 9707
f 9700 9707 9705
f 9705 9707 9704
f 9705 9704 9687
f 9687 9704 9678
f 9687 9678 9688
f 9688 9678 9681
f 9688 9681 9761
f 9761 9681 9767
f 9761 9767 9762
f 9762 9767 9754
f 9762 9754 9763
f 9763 9754 9760
f 9763 9760 9764
f 9764 9760 9768
f 9764 9768 9782
f 9782 9768 9770
f 9782 9770 9780
f 9780 9770 9771
f 9780 9771 9736
f 9736 9771 9725
f 9736 9725 9735
f 9735 9725 9724
f 9735 9724 9726
f 9726 9724 9784
f 9726 9784 9785
f 9785 9784 9788
f 9785 9788 9786
f 9786 9788 9789
f 7226 7227 7225
f 7225 7227 7223
f 7225 7223 7224
f 7224 7223 7241
f 7224 7241 7243
f 7243 7241 7240
f 7243 7240 7247
f 7247 7240 7242
f 7247 7242 7248
f 7248 7242 7249
f 7248 7249 7251
f 7251 7249 7250
f 7251 7250 7252
f 7252 7250 7548
f 7252 7548 7101
f 7101 7548 7540
f 7101 7540 7338
f 7338 7540 7542
f 7338 7542 7339
f 7339 7542 7336
f 7339 7336 7340
f 7340 7336 7335
f 7340 7335 7330
f 7330 7335 7329
f 7330 7329 7337
f 7337 7329 7349
f 7337 7349 7353
f 7353 7349 7350
f 7353 7350 7352
f 7352 7350 7354
f 7352 7354 7351
f 7351 7354 7355
f 7351 7355 7387
f 7387 7355 7378
f 7387 7378 7388
f 7388 7378 7375
f 7388 7375 7379
f 7379 7375 7376
f 7379 7376 7389
f 7389 7376 7398
f 7389 7398 6702
f 6702 7398 6707
f 6702 6707 6701
f 6701 6707 6708
f 6701 6708 6699
f 6699 6708 6709
f 6699 6709 6689
f 6689 6709 6684
f 6689 6684 6690
f 6690 6684 6683
f 6690 6683 6691
f 6691 6683 6682
f 6691 6682 6692
f 6692 6682 6681
f 6692 6681 6712
f 6712 6681 6717
f 6712 6717 6713
f 6713 6717 6718
f 6713 6718 6715
f 6715 6718 6722
f 6715 6722 6714
f 6714 6722 6723
f 6714 6723 6711
f 6711 6723 6876
f 6711 6876 6873
f 6873 6876 6875
f 6873 6875 6872
f 6872 6875 6874
f 6872 6874 6871
f 6871 6874 6869
f 6871 6869 6870
f 6870 6869 6864
f 6870 6864 6835
f 6835 6864 6846
f 6835 6846 6833
f 6833 6846 6841
f 6833 6841 6834
f 6834 6841 6842
f 6834 6842 6836
f 6836 6842 8881
f 6836 8881 8870
f 8870 8881 8882
f 8870 8882 8878
f 8878 8882 8883
f 8878 8883 8877
f 8877 8883 8884
f 8877 8884 8895
f 8895 8884 8898
f 8895 8898 8896
f 8896 8898 8899
f 8896 8899 8897
f 8897 8899 8889
f 8897 8889 8906
f 8906 8889 8907
f 8906 8907 8915
f 8915 8907 8909
f 8915 8909 8914
f 8914 8909 8910
f 8914 8910 8790
f 8790 8910 8793
f 8790 8793 8783
f 8783 8793 8791
f 8783 8791 8780
f 8780 8791 8784
f 8780 8784 8779
f 8779 8784 8789
f 8779 8789 8820
f 8820 8789 8809
f 8820 8809 8818
f 8818 8809 8810
f 8818 8810 8812
f 8812 8810 8813
f 8812 8813 8811
f 8811 8813 8443
f 8811 8443 8449
f 8449 8443 8442
f 8449 8442 8422
f 8422 8442 8435
f 8422 8435 8430
f 8430 8435 8425
f 8430 8425 8429
f 8429 8425 8434
f 8429 8434 9339
f 9339 8434 9342
f 9339 9342 9340
f 9340 9342 9343
f 9340 9343 9341
f 9341 9343 9328
f 9341 9328 9326
f 9326 9328 9329
f 9326 9329 9327
f 9327 9329 9330
f 9327 9330 9357
f 9357 9330 9349
f 9357 9349 9356
f 9356 9349 9353
f 9356 9353 9355
f 9355 9353 9354
f 9355 9354 9371
f 9371 9354 9377
f 9371 9377 9370
f 9370 9377 9378
f 9370 9378 9369
f 9369 9378 9379
f 9369 9379 9385
f 9385 9379 9302
f 9385 9302 9384
f 9384 9302 9301
f 9384 9301 9963
f 9963 9301 9969
f 9963 9969 9964
f 9964 9969 9970
f 9964 9970 9974
f 9974 9970 9965
f 9974 9965 9973
f 9973 9965 9972
f 9973 9972 9960
f 9960 9972 9961
f 9960 9961 9958
f 9958 9961 9962
f 9958 9962 9957
f 9957 9962 9948
f 9957 9948 9956
f 9956 9948 9667
f 9956 9667 9671
f 9671 9667 9666
f 9671 9666 9670
f 9670 9666 9677
f 9670 9677 9706
f 9706 9677 9697
f 9706 9697 9707
f 9707 9697 9698
f 9707 9698 9704
f 9704 9698 9699
f 9704 9699 9678
f 9678 9699 9691
f 9678 9691 9681
f 9681 9691 9689
f 9681 9689 9767
f 9767 9689 9766
f 9767 9766 9754
f 9754 9766 9765
f 9754 9765 9760
f 9760 9765 9781
f 9760 9781 9768
f 9768 9781 9777
f 9768 9777 9770
f 9770 9777 9776
f 9770 9776 9771
f 9771 9776 9775
f 9771 9775 9725
f 9725 9775 9791
f 9725 9791 9724
f 9724 9791 9792
f 9724 9792 9784
f 9784 9792 9793
f 9784 9793 9788
f 9788 9793 9797
f 9788 9797 9789
f 9789 9797 9783
f 7227 7235 7223
f 7223 7235 7234
f 7223 7234 7241
f 7241 7234 7246
f 7241 7246 7240
f 7240 7246 7244
f 7240 7244 7242
f 7242 7244 7245
f 7242 7245 7249
f 7249 7245 7239
f 7249 7239 7250
f 7250 7239 7541
f 7250 7541 7548
f 7548 7541 7543
f 7548 7543 7540
f 7540 7543 7544
f 7540 7544 7542
f 7542 7544 7545
f 7542 7545 7336
f 7336 7545 7616
f 7336 7616 7335
f 7335 7616 7617
f 7335 7617 7329
f 7329 7617 7618
f 7329 7618 7349
f 7349 7618 7348
f 7349 7348 7350
f 7350 7348 7346
f 7350 7346 7354
f 7354 7346 7345
f 7354 7345 7355
f 7355 7345 7347
f 7355 7347 7378
f 7378 7347 7419
f 7378 7419 7375
f 7375 7419 7406
f 7375 7406 7376
f 7376 7406 7404
f 7376 7404 7398
f 7398 7404 7397
f 7398 7397 6707
f 6707 7397 7390
f 6707 7390 6708
f 6708 7390 6705
f 6708 6705 6709
f 6709 6705 6700
f 6709 6700 6684
f 6684 6700 6695
f 6684 6695 6683
f 6683 6695 6694
f 6683 6694 6682
f 6682 6694 6685
f 6682 6685 6681
f 6681 6685 6719
f 6681 6719 6717
f 6717 6719 6720
f 6717 6720 6718
f 6718 6720 6795
f 6718 6795 6722
f 6722 6795 6794
f 6722 6794 6723
f 6723 6794 6788
f 6723 6788 6876
f 6876 6788 6877
f 6876 6877 6875
f 6875 6877 6863
f 6875 6863 6874
f 6874 6863 6868
f 6874 6868 6869
f 6869 6868 6867
f 6869 6867 6864
f 6864 6867 6866
f 6864 6866 6846
f 6846 6866 6919
f 6846 6919 6841
f 6841 6919 6920
f 6841 6920 6842
f 6842 6920 6921
f 6842 6921 8881
f 8881 6921 8879
f 8881 8879 8882
f 8882 8879 8871
f 8882 8871 8883
f 8883 8871 8880
f 8883 8880 8884
f 8884 8880 8894
f 8884 8894 8898
f 8898 8894 8893
f 8898 8893 8899
f 8899 8893 8886
f 8899 8886 8889
f 8889 8886 8904
f 8889 8904 8907
f 8907 8904 8903
f 8907 8903 8909
f 8909 8903 8902
f 8909 8902 8910
f 8910 8902 8901
f 8910 8901 8793
f 8793 8901 8459
f 8793 8459 8791
f 8791 8459 8460
f 8791 8460 8784
f 8784 8460 8461
f 8784 8461 8789
f 8789 8461 8462
f 8789 8462 8809
f 8809 8462 8486
f 8809 8486 8810
f 8810 8486 8484
f 8810 8484 8813
f 8813 8484 8436
f 8813 8436 8443
f 8443 8436 8437
f 8443 8437 8442
f 8442 8437 8438
f 8442 8438 8435
f 8435 8438 8428
f 8435 8428 8425
f 8425 8428 8421
f 8425 8421 8434
f 8434 8421 8424
f 8434 8424 9342
f 9342 8424 9338
f 9342 9338 9343
f 9343 9338 9306
f 9343 9306 9328
f 9328 9306 9307
f 9328 9307 9329
f 9329 9307 9332
f 9329 9332 9330
f 9330 9332 9331
f 9330 9331 9349
f 9349 9331 9358
f 9349 9358 9353
f 9353 9358 9359
f 9353 9359 9354
f 9354 9359 9289
f 9354 9289 9377
f 9377 9289 9288
f 9377 9288 9378
f 9378 9288 9287
f 9378 9287 9379
f 9379 9287 9291
f 9379 9291 9302
f 9302 9291 9292
f 9302 9292 9301
f 9301 9292 9300
f 9301 9300 9969
f 9969 9300 9966
f 9969 9966 9970
f 9970 9966 9967
f 9970 9967 9965
f 9965 9967 9968
f 9965 9968 9972
f 9972 9968 9991
f 9972 9991 9961
f 9961 9991 9992
f 9961 9992 9962
f 9962 9992 9978
f 9962 9978 9948
f 9948 9978 9571
f 9948 9571 9667
f 9667 9571 9669
f 9667 9669 9666
f 9666 9669 9665
f 9666 9665 9677
f 9677 9665 9664
f 9677 9664 9697
f 9697 9664 9693
f 9697 9693 9698
f 9698 9693 9703
f 9698 9703 9699
f 9699 9703 9702
f 9699 9702 9691
f 9691 9702 9692
f 9691 9692 9689
f 9689 9692 9863
f 9689 9863 9766
f 9766 9863 9864
f 9766 9864 9765
f 9765 9864 9865
f 9765 9865 9781
f 9781 9865 9850
f 9781 9850 9777
f 9777 9850 9851
f 9777 9851 9776
f 9776 9851 9852
f 9776 9852 9775
f 9775 9852 9794
f 9775 9794 9791
f 9791 9794 9795
f 9791 9795 9792
f 9792 9795 9796
f 9792 9796 9793
f 9793 9796 9787
f 9793 9787 9797
f 9797 9787 9790
f 9797 9790 9783
f 9783 9790 9800
f 7235 7233 7234
f 7234 7233 7510
f 7234 7510 7246
f 7246 7510 7511
f 7246 7511 7244
f 7244 7511 7531
f 7244 7531 7245
f 7245 7531 7536
f 7245 7536 7239
f 7239 7536 7550
f 7239 7550 7541
f 7541 7550 7553
f 7541 7553 7543
f 7543 7553 7552
f 7543 7552 7544
f 7544 7552 7551
f 7544 7551 7545
f 7545 7551 7622
f 7545 7622 7616
f 7616 7622 7623
f 7616 7623 7617
f 7617 7623 7626
f 7617 7626 7618
f 7618 7626 7607
f 7618 7607 7348
f 7348 7607 7606
f 7348 7606 7346
f 7346 7606 7356
f 7346 7356 7345
f 7345 7356 7344
f 7345 7344 7347
f 7347 7344 7407
f 7347 7407 7419
f 7419 7407 7408
f 7419 7408 7406
f 7406 7408 7409
f 7406 7409 7404
f 7404 7409 7392
f 7404 7392 7397
f 7397 7392 7393
f 7397 7393 7390
f 7390 7393 7394
f 7390 7394 6705
f 6705 7394 6809
f 6705 6809 6700
f 6700 6809 6810
f 6700 6810 6695
f 6695 6810 6811
f 6695 6811 6694
f 6694 6811 6812
f 6694 6812 6685
f 6685 6812 6825
f 6685 6825 6719
f 6719 6825 6824
f 6719 6824 6720
f 6720 6824 6789
f 6720 6789 6795
f 6795 6789 6790
f 6795 6790 6794
f 6794 6790 6791
f 6794 6791 6788
f 6788 6791 6792
f 6788 6792 6877
f 6877 6792 6972
f 6877 6972 6863
f 6863 6972 6971
f 6863 6971 6868
f 6868 6971 6970
f 6868 6970 6867
f 6867 6970 6865
f 6867 6865 6866
f 6866 6865 6918
f 6866 6918 6919
f 6919 6918 6910
f 6919 6910 6920
f 6920 6910 6912
f 6920 6912 6921
f 6921 6912 6917
f 6921 6917 8879
f 8879 6917 8876
f 8879 8876 8871
f 8871 8876 8875
f 8871 8875 8880
f 8880 8875 8885
f 8880 8885 8894
f 8894 8885 8888
f 8894 8888 8893
f 8893 8888 8887
f 8893 8887 8886
f 8886 8887 8900
f 8886 8900 8904
f 8904 8900 8913
f 8904 8913 8903
f 8903 8913 8912
f 8903 8912 8902
f 8902 8912 8911
f 8902 8911 8901
f 8901 8911 8450
f 8901 8450 8459
f 8459 8450 8454
f 8459 8454 8460
f 8460 8454 8451
f 8460 8451 8461
f 8461 8451 8452
f 8461 8452 8462
f 8462 8452 8453
f 8462 8453 8486
f 8486 8453 8481
f 8486 8481 8484
f 8484 8481 8480
f 8484 8480 8436
f 8436 8480 8444
f 8436 8444 8437
f 8437 8444 8445
f 8437 8445 8438
f 8438 8445 8446
f 8438 8446 8428
f 8428 8446 8433
f 8428 8433 8421
f 8421 8433 8432
f 8421 8432 8424
f 8424 8432 8431
f 8424 8431 9338
f 9338 8431 9319
f 9338 9319 9306
f 9306 9319 9318
f 9306 9318 9307
f 9307 9318 9317
f 9307 9317 9332
f 9332 9317 9316
f 9332 9316 9331
f 9331 9316 9315
f 9331 9315 9358
f 9358 9315 9352
f 9358 9352 9359
f 9359 9352 9286
f 9359 9286 9289
f 9289 9286 9285
f 9289 9285 9288
f 9288 9285 9284
f 9288 9284 9287
f 9287 9284 9274
f 9287 9274 9291
f 9291 9274 9290
f 9291 9290 9292
f 9292 9290 9298
f 9292 9298 9300
f 9300 9298 9297
f 9300 9297 9966
f 9966 9297 9977
f 9966 9977 9967
f 9967 9977 9984
f 9967 9984 9968
f 9968 9984 9989
f 9968 9989 9991
f 9991 9989 9988
f 9991 9988 9992
f 9992 9988 9985
f 9992 9985 9978
f 9978 9985 9564
f 9978 9564 9571
f 9571 9564 9562
f 9571 9562 9669
f 9669 9562 9674
f 9669 9674 9665
f 9665 9674 9675
f 9665 9675 9664
f 9664 9675 9676
f 9664 9676 9693
f 9693 9676 9637
f 9693 9637 9703
f 9703 9637 9638
f 9703 9638 9702
f 9702 9638 9639
f 9702 9639 9692
f 9692 9639 9640
f 9692 9640 9863
f 9863 9640 9862
f 9863 9862 9864
f 9864 9862 9861
f 9864 9861 9865
f 9865 9861 9860
f 9865 9860 9850
f 9850 9860 9846
f 9850 9846 9851
f 9851 9846 9845
f 9851 9845 9852
f 9852 9845 9844
f 9852 9844 9794
f 9794 9844 9814
f 9794 9814 9795
f 9795 9814 9820
f 9795 9820 9796
f 9796 9820 9821
f 9796 9821 9787
f 9787 9821 9809
f 9787 9809 9790
f 9790 9809 9802
f 9790 9802 9800
f 9800 9802 9803
f 7233 7516 7510
f 7510 7516 7517
f 7510 7517 7511
f 7511 7517 7518
f 7511 7518 7531
f 7531 7518 7534
f 7531 7534 7536
f 7536 7534 7535
f 7536 7535 7550
f 7550 7535 7549
f 7550 7549 7553
f 7553 7549 7547
f 7553 7547 7552
f 7552 7547 7546
f 7552 7546 7551
f 7551 7546 7620
f 7551 7620 7622
f 7622 7620 7614
f 7622 7614 7623
f 7623 7614 7615
f 7623 7615 7626
f 7626 7615 7602
f 7626 7602 7607
f 7607 7602 7603
f 7607 7603 7606
f 7606 7603 7600
f 7606 7600 7356
f 7356 7600 7410
f 7356 7410 7344
f 7344 7410 7411
f 7344 7411 7407
f 7407 7411 7412
f 7407 7412 7408
f 7408 7412 7413
f 7408 7413 7409
f 7409 7413 7414
f 7409 7414 7392
f 7392 7414 7403
f 7392 7403 7393
f 7393 7403 7401
f 7393 7401 7394
f 7394 7401 7400
f 7394 7400 6809
f 6809 7400 6813
f 6809 6813 6810
f 6810 6813 6814
f 6810 6814 6811
f 6811 6814 6815
f 6811 6815 6812
f 6812 6815 6820
f 6812 6820 6825
f 6825 6820 6819
f 6825 6819 6824
f 6824 6819 6818
f 6824 6818 6789
f 6789 6818 6797
f 6789 6797 6790
f 6790 6797 6796
f 6790 6796 6791
f 6791 6796 6793
f 6791 6793 6792
f 6792 6793 6977
f 6792 6977 6972
f 6972 6977 6976
f 6972 6976 6971
f 6971 6976 6975
f 6971 6975 6970
f 6970 6975 6974
f 6970 6974 6865
f 6865 6974 6989
f 6865 6989 6918
f 6918 6989 6915
f 6918 6915 6910
f 6910 6915 6914
f 6910 6914 6912
f 6912 6914 6913
f 6912 6913 6917
f 6917 6913 6911
f 6917 6911 8876
f 8876 6911 8872
f 8876 8872 8875
f 8875 8872 8873
f 8875 8873 8885
f 8885 8873 8874
f 8885 8874 8888
f 8888 8874 8370
f 8888 8370 8887
f 8887 8370 8362
f 8887 8362 8900
f 8900 8362 8361
f 8900 8361 8913
f 8913 8361 8320
f 8913 8320 8912
f 8912 8320 8319
f 8912 8319 8911
f 8911 8319 8318
f 8911 8318 8450
f 8450 8318 8321
f 8450 8321 8454
f 8454 8321 8455
f 8454 8455 8451
f 8451 8455 8463
f 8451 8463 8452
f 8452 8463 8464
f 8452 8464 8453
f 8453 8464 8491
f 8453 8491 8481
f 8481 8491 8485
f 8481 8485 8480
f 8480 8485 8488
f 8480 8488 8444
f 8444 8488 8441
f 8444 8441 8445
f 8445 8441 8440
f 8445 8440 8446
f 8446 8440 8439
f 8446 8439 8433
f 8433 8439 8538
f 8433 8538 8432
f 8432 8538 8537
f 8432 8537 8431
f 8431 8537 8536
f 8431 8536 9319
f 9319 8536 9314
f 9319 9314 9318
f 9318 9314 9313
f 9318 9313 9317
f 9317 9313 9312
f 9317 9312 9316
f 9316 9312 9311
f 9316 9311 9315
f 9315 9311 9255
f 9315 9255 9352
f 9352 9255 9256
f 9352 9256 9286
f 9286 9256 9283
f 9286 9283 9285
f 9285 9283 9282
f 9285 9282 9284
f 9284 9282 9281
f 9284 9281 9274
f 9274 9281 9280
f 9274 9280 9290
f 9290 9280 9293
f 9290 9293 9298
f 9298 9293 9294
f 9298 9294 9297
f 9297 9294 9299
f 9297 9299 9977
f 9977 9299 9982
f 9977 9982 9984
f 9984 9982 9981
f 9984 9981 9989
f 9989 9981 9980
f 9989 9980 9988
f 9988 9980 9979
f 9988 9979 9985
f 9985 9979 9570
f 9985 9570 9564
f 9564 9570 9569
f 9564 9569 9562
f 9562 9569 9568
f 9562 9568 9674
f 9674 9568 9672
f 9674 9672 9675
f 9675 9672 9673
f 9675 9673 9676
f 9676 9673 9646
f 9676 9646 9637
f 9637 9646 9645
f 9637 9645 9638
f 9638 9645 9635
f 9638 9635 9639
f 9639 9635 9641
f 9639 9641 9640
f 9640 9641 9653
f 9640 9653 9862
f 9862 9653 9859
f 9862 9859 9861
f 9861 9859 9869
f 9861 9869 9860
f 9860 9869 9843
f 9860 9843 9846
f 9846 9843 9849
f 9846 9849 9845
f 9845 9849 9848
f 9845 9848 9844
f 9844 9848 9847
f 9844 9847 9814
f 9814 9847 9822
f 9814 9822 9820
f 9820 9822 9828
f 9820 9828 9821
f 9821 9828 9801
f 9821 9801 9809
f 9809 9801 9808
f 9809 9808 9802
f 9802 9808 9807
f 9802 9807 9803
f 9803 9807 9806
f 7516 7521 7517
f 7517 7521 7522
f 7517 7522 7518
f 7518 7522 7523
f 7518 7523 7534
f 7534 7523 7528
f 7534 7528 7535
f 7535 7528 7530
f 7535 7530 7549
f 7549 7530 7538
f 7549 7538 7547
f 7547 7538 7537
f 7547 7537 7546
f 7546 7537 7625
f 7546 7625 7620
f 7620 7625 7613
f 7620 7613 7614
f 7614 7613 7627
f 7614 7627 7615
f 7615 7627 7624
f 7615 7624 7602
f 7602 7624 7609
f 7602 7609 7603
f 7603 7609 7610
f 7603 7610 7600
f 7600 7610 7611
f 7600 7611 7410
f 7410 7611 7405
f 7410 7405 7411
f 7411 7405 7418
f 7411 7418 7412
f 7412 7418 7417
f 7412 7417 7413
f 7413 7417 7416
f 7413 7416 7414
f 7414 7416 7415
f 7414 7415 7403
f 7403 7415 7399
f 7403 7399 7401
f 7401 7399 7402
f 7401 7402 7400
f 7400 7402 7391
f 7400 7391 6813
f 6813 7391 6808
f 6813 6808 6814
f 6814 6808 6807
f 6814 6807 6815
f 6815 6807 6806
f 6815 6806 6820
f 6820 6806 6823
f 6820 6823 6819
f 6819 6823 6832
f 6819 6832 6818
f 6818 6832 6827
f 6818 6827 6797
f 6797 6827 6800
f 6797 6800 6796
f 6796 6800 6799
f 6796 6799 6793
f 6793 6799 6798
f 6793 6798 6977
f 6977 6798 6984
f 6977 6984 6976
f 6976 6984 6979
f 6976 6979 6975
f 6975 6979 6978
f 6975 6978 6974
f 6974 6978 6988
f 6974 6988 6989
f 6989 6988 6998
f 6989 6998 6915
f 6915 6998 6925
f 6915 6925 6914
f 6914 6925 6924
f 6914 6924 6913
f 6913 6924 6923
f 6913 6923 6911
f 6911 6923 6938
f 6911 6938 8872
f 8872 6938 8347
f 8872 8347 8873
f 8873 8347 8350
f 8873 8350 8874
f 8874 8350 8373
f 8874 8373 8370
f 8370 8373 8374
f 8370 8374 8362
f 8362 8374 8372
f 8362 8372 8361
f 8361 8372 8371
f 8361 8371 8320
f 8320 8371 8330
f 8320 8330 8319
f 8319 8330 8329
f 8319 8329 8318
f 8318 8329 8328
f 8318 8328 8321
f 8321 8328 8331
f 8321 8331 8455
f 8455 8331 8457
f 8455 8457 8463
f 8463 8457 8458
f 8463 8458 8464
f 8464 8458 8474
f 8464 8474 8491
f 8491 8474 8476
f 8491 8476 8485
f 8485 8476 8494
f 8485 8494 8488
f 8488 8494 8483
f 8488 8483 8441
f 8441 8483 8447
f 8441 8447 8440
f 8440 8447 8448
f 8440 8448 8439
f 8439 8448 8533
f 8439 8533 8538
f 8538 8533 8532
f 8538 8532 8537
f 8537 8532 8531
f 8537 8531 8536
f 8536 8531 8530
f 8536 8530 9314
f 9314 8530 9308
f 9314 9308 9313
f 9313 9308 9309
f 9313 9309 9312
f 9312 9309 9310
f 9312 9310 9311
f 9311 9310 9238
f 9311 9238 9255
f 9255 9238 9257
f 9255 9257 9256
f 9256 9257 9258
f 9256 9258 9283
f 9283 9258 9275
f 9283 9275 9282
f 9282 9275 9276
f 9282 9276 9281
f 9281 9276 9277
f 9281 9277 9280
f 9280 9277 9278
f 9280 9278 9293
f 9293 9278 9295
f 9293 9295 9294
f 9294 9295 9296
f 9294 9296 9299
f 9299 9296 9304
f 9299 9304 9982
f 9982 9304 9990
f 9982 9990 9981
f 9981 9990 9987
f 9981 9987 9980
f 9980 9987 9986
f 9980 9986 9979
f 9979 9986 9588
f 9979 9588 9570
f 9570 9588 9589
f 9570 9589 9569
f 9569 9589 9565
f 9569 9565 9568
f 9568 9565 9566
f 9568 9566 9672
f 9672 9566 9567
f 9672 9567 9673
f 9673 9567 9647
f 9673 9647 9646
f 9646 9647 9648
f 9646 9648 9645
f 9645 9648 9636
f 9645 9636 9635
f 9635 9636 9649
f 9635 9649 9641
f 9641 9649 9650
f 9641 9650 9653
f 9653 9650 9655
f 9653 9655 9859
f 9859 9655 9871
f 9859 9871 9869
f 9869 9871 9870
f 9869 9870 9843
f 9843 9870 9853
f 9843 9853 9849
f 9849 9853 9854
f 9849 9854 9848
f 9848 9854 9857
f 9848 9857 9847
f 9847 9857 9819
f 9847 9819 9822
f 9822 9819 9818
f 9822 9818 9828
f 9828 9818 9817
f 9828 9817 9801
f 9801 9817 9811
f 9801 9811 9808
f 9808 9811 9812
f 9808 9812 9807
f 9807 9812 9799
f 9807 9799 9806
f 9806 9799 9804
f 7521 7512 7522
f 7522 7512 7513
f 7522 7513 7523
f 7523 7513 7514
f 7523 7514 7528
f 7528 7514 7533
f 7528 7533 7530
f 7530 7533 7532
f 7530 7532 7538
f 7538 7532 7539
f 7538 7539 7537
f 7537 7539 7529
f 7537 7529 7625
f 7625 7529 7621
f 7625 7621 7613
f 7613 7621 7619
f 7613 7619 7627
f 7627 7619 7641
f 7627 7641 7624
f 7624 7641 7642
f 7624 7642 7609
f 7609 7642 7612
f 7609 7612 7610
f 7610 7612 7604
f 7610 7604 7611
f 7611 7604 7608
f 7611 7608 7405
f 7405 7608 7433
f 7405 7433 7418
f 7418 7433 7432
f 7418 7432 7417
f 7417 7432 7428
f 7417 7428 7416
f 7416 7428 7427
f 7416 7427 7415
f 7415 7427 7420
f 7415 7420 7399
f 7399 7420 7395
f 7399 7395 7402
f 7402 7395 7396
f 7402 7396 7391
f 7391 7396 7456
f 7391 7456 6808
f 6808 7456 6803
f 6808 6803 6807
f 6807 6803 6804
f 6807 6804 6806
f 6806 6804 6830
f 6806 6830 6823
f 6823 6830 6829
f 6823 6829 6832
f 6832 6829 6828
f 6832 6828 6827
f 6827 6828 6822
f 6827 6822 6800
f 6800 6822 6801
f 6800 6801 6799
f 6799 6801 6802
f 6799 6802 6798
f 6798 6802 6981
f 6798 6981 6984
f 6984 6981 6982
f 6984 6982 6979
f 6979 6982 6983
f 6979 6983 6978
f 6978 6983 6985
f 6978 6985 6988
f 6988 6985 6987
f 6988 6987 6998
f 6998 6987 6990
f 6998 6990 6925
f 6925 6990 6916
f 6925 6916 6924
f 6924 6916 6922
f 6924 6922 6923
f 6923 6922 6939
f 6923 6939 6938
f 6938 6939 6926
f 6938 6926 8347
f 8347 6926 8355
f 8347 8355 8350
f 8350 8355 8356
f 8350 8356 8373
f 8373 8356 8365
f 8373 8365 8374
f 8374 8365 8364
f 8374 8364 8372
f 8372 8364 8363
f 8372 8363 8371
f 8371 8363 8325
f 8371 8325 8330
f 8330 8325 8317
f 8330 8317 8329
f 8329 8317 8327
f 8329 8327 8328
f 8328 8327 8326
f 8328 8326 8331
f 8331 8326 8334
f 8331 8334 8457
f 8457 8334 8456
f 8457 8456 8458
f 8458 8456 8466
f 8458 8466 8474
f 8474 8466 8467
f 8474 8467 8476
f 8476 8467 8468
f 8476 8468 8494
f 8494 8468 8493
f 8494 8493 8483
f 8483 8493 8492
f 8483 8492 8447
f 8447 8492 8489
f 8447 8489 8448
f 8448 8489 8528
f 8448 8528 8533
f 8533 8528 8527
f 8533 8527 8532
f 8532 8527 8526
f 8532 8526 8531
f 8531 8526 8525
f 8531 8525 8530
f 8530 8525 8529
f 8530 8529 9308
f 9308 8529 9242
f 9308 9242 9309
f 9309 9242 9241
f 9309 9241 9310
f 9310 9241 9240
f 9310 9240 9238
f 9238 9240 9239
f 9238 9239 9257
f 9257 9239 9246
f 9257 9246 9258
f 9258 9246 9245
f 9258 9245 9275
f 9275 9245 9279
f 9275 9279 9276
f 9276 9279 9260
f 9276 9260 9277
f 9277 9260 9261
f 9277 9261 9278
f 9278 9261 9262
f 9278 9262 9295
f 9295 9262 9303
f 9295 9303 9296
f 9296 9303 9305
f 9296 9305 9304
f 9304 9305 8998
f 9304 8998 9990
f 9990 8998 8997
f 9990 8997 9987
f 9987 8997 9983
f 9987 9983 9986
f 9986 9983 9581
f 9986 9581 9588
f 9588 9581 9583
f 9588 9583 9589
f 9589 9583 9577
f 9589 9577 9565
f 9565 9577 9560
f 9565 9560 9566
f 9566 9560 9563
f 9566 9563 9567
f 9567 9563 9561
f 9567 9561 9647
f 9647 9561 9644
f 9647 9644 9648
f 9648 9644 9643
f 9648 9643 9636
f 9636 9643 9642
f 9636 9642 9649
f 9649 9642 9651
f 9649 9651 9650
f 9650 9651 9652
f 9650 9652 9655
f 9655 9652 9654
f 9655 9654 9871
f 9871 9654 9868
f 9871 9868 9870
f 9870 9868 9867
f 9870 9867 9853
f 9853 9867 9855
f 9853 9855 9854
f 9854 9855 9856
f 9854 9856 9857
f 9857 9856 9841
f 9857 9841 9819
f 9819 9841 9813
f 9819 9813 9818
f 9818 9813 9816
f 9818 9816 9817
f 9817 9816 9815
f 9817 9815 9811
f 9811 9815 9805
f 9811 9805 9812
f 9812 9805 9810
f 9812 9810 9799
f 9799 9810 93
f 9799 93 9804
f 9804 93 94
f 7512 7519 7513
f 7513 7519 7520
f 7513 7520 7514
f 7514 7520 7515
f 7514 7515 7533
f 7533 7515 7527
f 7533 7527 7532
f 7532 7527 7526
f 7532 7526 7539
f 7539 7526 7525
f 7539 7525 7529
f 7529 7525 7639
f 7529 7639 7621
f 7621 7639 7643
f 7621 7643 7619
f 7619 7643 7640
f 7619 7640 7641
f 7641 7640 7638
f 7641 7638 7642
f 7642 7638 7637
f 7642 7637 7612
f 7612 7637 7605
f 7612 7605 7604
f 7604 7605 7601
f 7604 7601 7608
f 7608 7601 7570
f 7608 7570 7433
f 7433 7570 7431
f 7433 7431 7432
f 7432 7431 7429
f 7432 7429 7428
f 7428 7429 7423
f 7428 7423 7427
f 7427 7423 7422
f 7427 7422 7420
f 7420 7422 7421
f 7420 7421 7395
f 7395 7421 7457
f 7395 7457 7396
f 7396 7457 7458
f 7396 7458 7456
f 7456 7458 7451
f 7456 7451 6803
f 6803 7451 6817
f 6803 6817 6804
f 6804 6817 6805
f 6804 6805 6830
f 6830 6805 6831
f 6830 6831 6829
f 6829 6831 6826
f 6829 6826 6828
f 6828 6826 6821
f 6828 6821 6822
f 6822 6821 6780
f 6822 6780 6801
f 6801 6780 6782
f 6801 6782 6802
f 6802 6782 6783
f 6802 6783 6981
f 6981 6783 6973
f 6981 6973 6982
f 6982 6973 6980
f 6982 6980 6983
f 6983 6980 6986
f 6983 6986 6985
f 6985 6986 6991
f 6985 6991 6987
f 6987 6991 6992
f 6987 6992 6990
f 6990 6992 6993
f 6990 6993 6916
f 6916 6993 6944
f 6916 6944 6922
f 6922 6944 6927
f 6922 6927 6939
f 6939 6927 6929
f 6939 6929 6926
f 6926 6929 6934
f 6926 6934 8355
f 8355 6934 8348
f 8355 8348 8356
f 8356 8348 8349
f 8356 8349 8365
f 8365 8349 8368
f 8365 8368 8364
f 8364 8368 8367
f 8364 8367 8363
f 8363 8367 8366
f 8363 8366 8325
f 8325 8366 8322
f 8325 8322 8317
f 8317 8322 8323
f 8317 8323 8327
f 8327 8323 8324
f 8327 8324 8326
f 8326 8324 8343
f 8326 8343 8334
f 8334 8343 8344
f 8334 8344 8456
f 8456 8344 8477
f 8456 8477 8466
f 8466 8477 8471
f 8466 8471 8467
f 8467 8471 8470
f 8467 8470 8468
f 8468 8470 8469
f 8468 8469 8493
f 8493 8469 8482
f 8493 8482 8492
f 8492 8482 8487
f 8492 8487 8489
f 8489 8487 8575
f 8489 8575 8528
f 8528 8575 8539
f 8528 8539 8527
f 8527 8539 8534
f 8527 8534 8526
f 8526 8534 8520
f 8526 8520 8525
f 8525 8520 8517
f 8525 8517 8529
f 8529 8517 8516
f 8529 8516 9242
f 9242 8516 9234
f 9242 9234 9241
f 9241 9234 9236
f 9241 9236 9240
f 9240 9236 9243
f 9240 9243 9239
f 9239 9243 9235
f 9239 9235 9246
f 9246 9235 9247
f 9246 9247 9245
f 9245 9247 9251
f 9245 9251 9279
f 9279 9251 9264
f 9279 9264 9260
f 9260 9264 9265
f 9260 9265 9261
f 9261 9265 9266
f 9261 9266 9262
f 9262 9266 9267
f 9262 9267 9303
f 9303 9267 9268
f 9303 9268 9305
f 9305 9268 9000
f 9305 9000 8998
f 8998 9000 8999
f 8998 8999 8997
f 8997 8999 8995
f 8997 8995 9983
f 9983 8995 9587
f 9983 9587 9581
f 9581 9587 9586
f 9581 9586 9583
f 9583 9586 9585
f 9583 9585 9577
f 9577 9585 9584
f 9577 9584 9560
f 9560 9584 9573
f 9560 9573 9563
f 9563 9573 9574
f 9563 9574 9561
f 9561 9574 9572
f 9561 9572 9644
f 9644 9572 9605
f 9644 9605 9643
f 9643 9605 9620
f 9643 9620 9642
f 9642 9620 9659
f 9642 9659 9651
f 9651 9659 9660
f 9651 9660 9652
f 9652 9660 9661
f 9652 9661 9654
f 9654 9661 9858
f 9654 9858 9868
f 9868 9858 9872
f 9868 9872 9867
f 9867 9872 9839
f 9867 9839 9855
f 9855 9839 9838
f 9855 9838 9856
f 9856 9838 9837
f 9856 9837 9841
f 9841 9837 9830
f 9841 9830 9813
f 9813 9830 9826
f 9813 9826 9816
f 9816 9826 9823
f 9816 9823 9815
f 9815 9823 9825
f 9815 9825 9805
f 9805 9825 9798
f 9805 9798 9810
f 9810 9798 90
f 9810 90 93
f 93 90 91
f 93 91 94
f 94 91 92
f 7519 7524 7520
f 7520 7524 7506
f 7520 7506 7515
f 7515 7506 7505
f 7515 7505 7527
f 7527 7505 7504
f 7527 7504 7526
f 7526 7504 7503
f 7526 7503 7525
f 7525 7503 7502
f 7525 7502 7639
f 7639 7502 7629
f 7639 7629 7643
f 7643 7629 7628
f 7643 7628 7640
f 7640 7628 7630
f 7640 7630 7638
f 7638 7630 7631
f 7638 7631 7637
f 7637 7631 7632
f 7637 7632 7605
f 7605 7632 7599
f 7605 7599 7601
f 7601 7599 7573
f 7601 7573 7570
f 7570 7573 7569
f 7570 7569 7431
f 7431 7569 7424
f 7431 7424 7429
f 7429 7424 7425
f 7429 7425 7423
f 7423 7425 7426
f 7423 7426 7422
f 7422 7426 7430
f 7422 7430 7421
f 7421 7430 7464
f 7421 7464 7457
f 7457 7464 7463
f 7457 7463 7458
f 7458 7463 7462
f 7458 7462 7451
f 7451 7462 7461
f 7451 7461 6817
f 6817 7461 6816
f 6817 6816 6805
f 6805 6816 6761
f 6805 6761 6831
f 6831 6761 6759
f 6831 6759 6826
f 6826 6759 6760
f 6826 6760 6821
f 6821 6760 6775
f 6821 6775 6780
f 6780 6775 6776
f 6780 6776 6782
f 6782 6776 6777
f 6782 6777 6783
f 6783 6777 6778
f 6783 6778 6973
f 6973 6778 6955
f 6973 6955 6980
f 6980 6955 6956
f 6980 6956 6986
f 6986 6956 6996
f 6986 6996 6991
f 6991 6996 6997
f 6991 6997 6992
f 6992 6997 6995
f 6992 6995 6993
f 6993 6995 6940
f 6993 6940 6944
f 6944 6940 6954
f 6944 6954 6927
f 6927 6954 6936
f 6927 6936 6929
f 6929 6936 6937
f 6929 6937 6934
f 6934 6937 8360
f 6934 8360 8348
f 8348 8360 8352
f 8348 8352 8349
f 8349 8352 8351
f 8349 8351 8368
f 8368 8351 8369
f 8368 8369 8367
f 8367 8369 8375
f 8367 8375 8366
f 8366 8375 8376
f 8366 8376 8322
f 8322 8376 8305
f 8322 8305 8323
f 8323 8305 8306
f 8323 8306 8324
f 8324 8306 8336
f 8324 8336 8343
f 8343 8336 8337
f 8343 8337 8344
f 8344 8337 8338
f 8344 8338 8477
f 8477 8338 8472
f 8477 8472 8471
f 8471 8472 8473
f 8471 8473 8470
f 8470 8473 8465
f 8470 8465 8469
f 8469 8465 8475
f 8469 8475 8482
f 8482 8475 8490
f 8482 8490 8487
f 8487 8490 8577
f 8487 8577 8575
f 8575 8577 8576
f 8575 8576 8539
f 8539 8576 8535
f 8539 8535 8534
f 8534 8535 8522
f 8534 8522 8520
f 8520 8522 8521
f 8520 8521 8517
f 8517 8521 8519
f 8517 8519 8516
f 8516 8519 8518
f 8516 8518 9234
f 9234 8518 9237
f 9234 9237 9236
f 9236 9237 9230
f 9236 9230 9243
f 9243 9230 9233
f 9243 9233 9235
f 9235 9233 9254
f 9235 9254 9247
f 9247 9254 9253
f 9247 9253 9251
f 9251 9253 9252
f 9251 9252 9264
f 9264 9252 9271
f 9264 9271 9265
f 9265 9271 9272
f 9265 9272 9266
f 9266 9272 9259
f 9266 9259 9267
f 9267 9259 9273
f 9267 9273 9268
f 9268 9273 8994
f 9268 8994 9000
f 9000 8994 8993
f 9000 8993 8999
f 8999 8993 8991
f 8999 8991 8995
f 8995 8991 8992
f 8995 8992 9587
f 9587 8992 9579
f 9587 9579 9586
f 9586 9579 9580
f 9586 9580 9585
f 9585 9580 9576
f 9585 9576 9584
f 9584 9576 9578
f 9584 9578 9573
f 9573 9578 9626
f 9573 9626 9574
f 9574 9626 9634
f 9574 9634 9572
f 9572 9634 9618
f 9572 9618 9605
f 9605 9618 9617
f 9605 9617 9620
f 9620 9617 9616
f 9620 9616 9659
f 9659 9616 9662
f 9659 9662 9660
f 9660 9662 9663
f 9660 9663 9661
f 9661 9663 9658
f 9661 9658 9858
f 9858 9658 9866
f 9858 9866 9872
f 9872 9866 9832
f 9872 9832 9839
f 9839 9832 9833
f 9839 9833 9838
f 9838 9833 9834
f 9838 9834 9837
f 9837 9834 9840
f 9837 9840 9830
f 9830 9840 9842
f 9830 9842 9826
f 9826 9842 9824
f 9826 9824 9823
f 9823 9824 9827
f 9823 9827 9825
f 9825 9827 135
f 9825 135 9798
f 9798 135 138
f 9798 138 90
f 90 138 96
f 90 96 91
f 91 96 97
f 91 97 92
f 92 97 98
f 7524 7495 7506
f 7506 7495 7498
f 7506 7498 7505
f 7505 7498 7497
f 7505 7497 7504
f 7504 7497 7499
f 7504 7499 7503
f 7503 7499 7500
f 7503 7500 7502
f 7502 7500 7501
f 7502 7501 7629
f 7629 7501 7636
f 7629 7636 7628
f 7628 7636 7635
f 7628 7635 7630
f 7630 7635 7634
f 7630 7634 7631
f 7631 7634 7633
f 7631 7633 7632
f 7632 7633 7593
f 7632 7593 7599
f 7599 7593 7594
f 7599 7594 7573
f 7573 7594 7574
f 7573 7574 7569
f 7569 7574 7575
f 7569 7575 7424
f 7424 7575 7434
f 7424 7434 7425
f 7425 7434 7443
f 7425 7443 7426
f 7426 7443 7442
f 7426 7442 7430
f 7430 7442 7441
f 7430 7441 7464
f 7464 7441 7454
f 7464 7454 7463
f 7463 7454 7452
f 7463 7452 7462
f 7462 7452 7453
f 7462 7453 7461
f 7461 7453 7455
f 7461 7455 6816
f 6816 7455 6762
f 6816 6762 6761
f 6761 6762 6763
f 6761 6763 6759
f 6759 6763 6764
f 6759 6764 6760
f 6760 6764 6768
f 6760 6768 6775
f 6775 6768 6773
f 6775 6773 6776
f 6776 6773 6784
f 6776 6784 6777
f 6777 6784 6781
f 6777 6781 6778
f 6778 6781 6966
f 6778 6966 6955
f 6955 6966 6967
f 6955 6967 6956
f 6956 6967 6968
f 6956 6968 6996
f 6996 6968 6969
f 6996 6969 6997
f 6997 6969 6994
f 6997 6994 6995
f 6995 6994 6950
f 6995 6950 6940
f 6940 6950 6949
f 6940 6949 6954
f 6954 6949 6948
f 6954 6948 6936
f 6936 6948 6933
f 6936 6933 6937
f 6937 6933 6932
f 6937 6932 8360
f 8360 6932 8353
f 8360 8353 8352
f 8352 8353 8354
f 8352 8354 8351
f 8351 8354 8357
f 8351 8357 8369
f 8369 8357 8377
f 8369 8377 8375
f 8375 8377 8378
f 8375 8378 8376
f 8376 8378 8308
f 8376 8308 8305
f 8305 8308 8311
f 8305 8311 8306
f 8306 8311 8312
f 8306 8312 8336
f 8336 8312 8333
f 8336 8333 8337
f 8337 8333 8332
f 8337 8332 8338
f 8338 8332 8335
f 8338 8335 8472
f 8472 8335 8478
f 8472 8478 8473
f 8473 8478 8479
f 8473 8479 8465
f 8465 8479 8553
f 8465 8553 8475
f 8475 8553 8551
f 8475 8551 8490
f 8490 8551 8579
f 8490 8579 8577
f 8577 8579 8570
f 8577 8570 8576
f 8576 8570 8584
f 8576 8584 8535
f 8535 8584 8515
f 8535 8515 8522
f 8522 8515 8514
f 8522 8514 8521
f 8521 8514 8513
f 8521 8513 8519
f 8519 8513 8512
f 8519 8512 8518
f 8518 8512 8511
f 8518 8511 9237
f 9237 8511 9232
f 9237 9232 9230
f 9230 9232 9231
f 9230 9231 9233
f 9233 9231 9248
f 9233 9248 9254
f 9254 9248 9249
f 9254 9249 9253
f 9253 9249 9244
f 9253 9244 9252
f 9252 9244 9250
f 9252 9250 9271
f 9271 9250 9270
f 9271 9270 9272
f 9272 9270 9269
f 9272 9269 9259
f 9259 9269 9263
f 9259 9263 9273
f 9273 9263 9001
f 9273 9001 8994
f 8994 9001 9005
f 8994 9005 8993
f 8993 9005 9006
f 8993 9006 8991
f 8991 9006 8996
f 8991 8996 8992
f 8992 8996 9014
f 8992 9014 9579
f 9579 9014 9013
f 9579 9013 9580
f 9580 9013 9582
f 9580 9582 9576
f 9576 9582 9575
f 9576 9575 9578
f 9578 9575 9622
f 9578 9622 9626
f 9626 9622 9623
f 9626 9623 9634
f 9634 9623 9624
f 9634 9624 9618
f 9618 9624 9615
f 9618 9615 9617
f 9617 9615 9614
f 9617 9614 9616
f 9616 9614 9613
f 9616 9613 9662
f 9662 9613 9657
f 9662 9657 9663
f 9663 9657 9656
f 9663 9656 9658
f 9658 9656 14
f 9658 14 9866
f 9866 14 13
f 9866 13 9832
f 9832 13 9831
f 9832 9831 9833
f 9833 9831 9829
f 9833 9829 9834
f 9834 9829 9835
f 9834 9835 9840
f 9840 9835 9836
f 9840 9836 9842
f 9842 9836 121
f 9842 121 9824
f 9824 121 120
f 9824 120 9827
f 9827 120 149
f 9827 149 135
f 135 149 148
f 135 148 138
f 138 148 147
f 138 147 96
f 96 147 95
f 96 95 97
f 97 95 99
f 97 99 98
f 98 99 100
f 7495 7496 7498
f 7498 7496 7509
f 7498 7509 7497
f 7497 7509 7508
f 7497 7508 7499
f 7499 7508 7487
f 7499 7487 7500
f 7500 7487 7488
f 7500 7488 7501
f 7501 7488 7566
f 7501 7566 7636
f 7636 7566 7565
f 7636 7565 7635
f 7635 7565 7564
f 7635 7564 7634
f 7634 7564 7563
f 7634 7563 7633
f 7633 7563 7596
f 7633 7596 7593
f 7593 7596 7597
f 7593 7597 7594
f 7594 7597 7598
f 7594 7598 7574
f 7574 7598 7582
f 7574 7582 7575
f 7575 7582 7581
f 7575 7581 7434
f 7434 7581 7444
f 7434 7444 7443
f 7443 7444 7435
f 7443 7435 7442
f 7442 7435 7445
f 7442 7445 7441
f 7441 7445 7446
f 7441 7446 7454
f 7454 7446 7459
f 7454 7459 7452
f 7452 7459 7460
f 7452 7460 7453
f 7453 7460 7470
f 7453 7470 7455
f 7455 7470 7469
f 7455 7469 6762
f 6762 7469 6765
f 6762 6765 6763
f 6763 6765 6766
f 6763 6766 6764
f 6764 6766 6767
f 6764 6767 6768
f 6768 6767 6758
f 6768 6758 6773
f 6773 6758 6785
f 6773 6785 6784
f 6784 6785 6786
f 6784 6786 6781
f 6781 6786 6787
f 6781 6787 6966
f 6966 6787 6964
f 6966 6964 6967
f 6967 6964 6963
f 6967 6963 6968
f 6968 6963 6962
f 6968 6962 6969
f 6969 6962 6965
f 6969 6965 6994
f 6994 6965 6945
f 6994 6945 6950
f 6950 6945 6943
f 6950 6943 6949
f 6949 6943 6942
f 6949 6942 6948
f 6948 6942 6946
f 6948 6946 6933
f 6933 6946 6931
f 6933 6931 6932
f 6932 6931 6930
f 6932 6930 8353
f 8353 6930 8359
f 8353 8359 8354
f 8354 8359 8358
f 8354 8358 8357
f 8357 8358 8386
f 8357 8386 8377
f 8377 8386 8390
f 8377 8390 8378
f 8378 8390 8387
f 8378 8387 8308
f 8308 8387 8309
f 8308 8309 8311
f 8311 8309 8310
f 8311 8310 8312
f 8312 8310 8307
f 8312 8307 8333
f 8333 8307 8342
f 8333 8342 8332
f 8332 8342 8341
f 8332 8341 8335
f 8335 8341 8340
f 8335 8340 8478
f 8478 8340 8550
f 8478 8550 8479
f 8479 8550 8549
f 8479 8549 8553
f 8553 8549 8548
f 8553 8548 8551
f 8551 8548 8547
f 8551 8547 8579
f 8579 8547 8573
f 8579 8573 8570
f 8570 8573 8583
f 8570 8583 8584
f 8584 8583 8582
f 8584 8582 8515
f 8515 8582 8523
f 8515 8523 8514
f 8514 8523 8510
f 8514 8510 8513
f 8513 8510 8524
f 8513 8524 8512
f 8512 8524 8506
f 8512 8506 8511
f 8511 8506 8505
f 8511 8505 9232
f 9232 8505 8923
f 9232 8923 9231
f 9231 8923 8945
f 9231 8945 9248
f 9248 8945 8942
f 9248 8942 9249
f 9249 8942 8941
f 9249 8941 9244
f 9244 8941 8940
f 9244 8940 9250
f 9250 8940 9064
f 9250 9064 9270
f 9270 9064 9062
f 9270 9062 9269
f 9269 9062 9066
f 9269 9066 9263
f 9263 9066 9065
f 9263 9065 9001
f 9001 9065 9002
f 9001 9002 9005
f 9005 9002 9003
f 9005 9003 9006
f 9006 9003 9004
f 9006 9004 8996
f 8996 9004 9007
f 8996 9007 9014
f 9014 9007 9018
f 9014 9018 9013
f 9013 9018 9017
f 9013 9017 9582
f 9582 9017 9625
f 9582 9625 9575
f 9575 9625 9630
f 9575 9630 9622
f 9622 9630 9631
f 9622 9631 9623
f 9623 9631 9632
f 9623 9632 9624
f 9624 9632 9633
f 9624 9633 9615
f 9615 9633 9608
f 9615 9608 9614
f 9614 9608 9607
f 9614 9607 9613
f 9613 9607 9606
f 9613 9606 9657
f 9657 9606 22
f 9657 22 9656
f 9656 22 4
f 9656 4 14
f 14 4 5
f 14 5 13
f 13 5 6
f 13 6 9831
f 9831 6 7
f 9831 7 9829
f 9829 7 43
f 9829 43 9835
f 9835 43 42
f 9835 42 9836
f 9836 42 124
f 9836 124 121
f 121 124 125
f 121 125 120
f 120 125 126
f 120 126 149
f 149 126 146
f 149 146 148
f 148 146 145
f 148 145 147
f 147 145 144
f 147 144 95
f 95 144 101
f 95 101 99
f 99 101 103
f 99 103 100
f 100 103 102
f 7496 7507 7509
f 7509 7507 7490
f 7509 7490 7508
f 7508 7490 7493
f 7508 7493 7487
f 7487 7493 7494
f 7487 7494 7488
f 7488 7494 7480
f 7488 7480 7566
f 7566 7480 7560
f 7566 7560 7565
f 7565 7560 7554
f 7565 7554 7564
f 7564 7554 7568
f 7564 7568 7563
f 7563 7568 7567
f 7563 7567 7596
f 7596 7567 7590
f 7596 7590 7597
f 7597 7590 7587
f 7597 7587 7598
f 7598 7587 7589
f 7598 7589 7582
f 7582 7589 7572
f 7582 7572 7581
f 7581 7572 7571
f 7581 7571 7444
f 7444 7571 7439
f 7444 7439 7435
f 7435 7439 7438
f 7435 7438 7445
f 7445 7438 7437
f 7445 7437 7446
f 7446 7437 7436
f 7446 7436 7459
f 7459 7436 7477
f 7459 7477 7460
f 7460 7477 7478
f 7460 7478 7470
f 7470 7478 7471
f 7470 7471 7469
f 7469 7471 7479
f 7469 7479 6765
f 6765 7479 6771
f 6765 6771 6766
f 6766 6771 6772
f 6766 6772 6767
f 6767 6772 6770
f 6767 6770 6758
f 6758 6770 6769
f 6758 6769 6785
f 6785 6769 6774
f 6785 6774 6786
f 6786 6774 6779
f 6786 6779 6787
f 6787 6779 6961
f 6787 6961 6964
f 6964 6961 6960
f 6964 6960 6963
f 6963 6960 6959
f 6963 6959 6962
f 6962 6959 6958
f 6962 6958 6965
f 6965 6958 6957
f 6965 6957 6945
f 6945 6957 6953
f 6945 6953 6943
f 6943 6953 6952
f 6943 6952 6942
f 6942 6952 6951
f 6942 6951 6946
f 6946 6951 6947
f 6946 6947 6931
f 6931 6947 6928
f 6931 6928 6930
f 6930 6928 6935
f 6930 6935 8359
f 8359 6935 8389
f 8359 8389 8358
f 8358 8389 8388
f 8358 8388 8386
f 8386 8388 8385
f 8386 8385 8390
f 8390 8385 8384
f 8390 8384 8387
f 8387 8384 8314
f 8387 8314 8309
f 8309 8314 8313
f 8309 8313 8310
f 8310 8313 8315
f 8310 8315 8307
f 8307 8315 8316
f 8307 8316 8342
f 8342 8316 8346
f 8342 8346 8341
f 8341 8346 8345
f 8341 8345 8340
f 8340 8345 8339
f 8340 8339 8550
f 8550 8339 8543
f 8550 8543 8549
f 8549 8543 8542
f 8549 8542 8548
f 8548 8542 8541
f 8548 8541 8547
f 8547 8541 8581
f 8547 8581 8573
f 8573 8581 8580
f 8573 8580 8583
f 8583 8580 8574
f 8583 8574 8582
f 8582 8574 8578
f 8582 8578 8523
f 8523 8578 8500
f 8523 8500 8510
f 8510 8500 8502
f 8510 8502 8524
f 8524 8502 8507
f 8524 8507 8506
f 8506 8507 8497
f 8506 8497 8505
f 8505 8497 8918
f 8505 8918 8923
f 8923 8918 8922
f 8923 8922 8945
f 8945 8922 8937
f 8945 8937 8942
f 8942 8937 8933
f 8942 8933 8941
f 8941 8933 8932
f 8941 8932 8940
f 8940 8932 8931
f 8940 8931 9064
f 9064 8931 9058
f 9064 9058 9062
f 9062 9058 9057
f 9062 9057 9066
f 9066 9057 9052
f 9066 9052 9065
f 9065 9052 9053
f 9065 9053 9002
f 9002 9053 9040
f 9002 9040 9003
f 9003 9040 9039
f 9003 9039 9004
f 9004 9039 9022
f 9004 9022 9007
f 9007 9022 9008
f 9007 9008 9018
f 9018 9008 9015
f 9018 9015 9017
f 9017 9015 9016
f 9017 9016 9625
f 9625 9016 9621
f 9625 9621 9630
f 9630 9621 9629
f 9630 9629 9631
f 9631 9629 9628
f 9631 9628 9632
f 9632 9628 9627
f 9632 9627 9633
f 9633 9627 9612
f 9633 9612 9608
f 9608 9612 9611
f 9608 9611 9607
f 9607 9611 9610
f 9607 9610 9606
f 9606 9610 25
f 9606 25 22
f 22 25 24
f 22 24 4
f 4 24 10
f 4 10 5
f 5 10 1
f 5 1 6
f 6 1 8
f 6 8 7
f 7 8 38
f 7 38 43
f 43 38 39
f 43 39 42
f 42 39 40
f 42 40 124
f 124 40 127
f 124 127 125
f 125 127 130
f 125 130 126
f 126 130 131
f 126 131 146
f 146 131 143
f 146 143 145
f 145 143 142
f 145 142 144
f 144 142 141
f 144 141 101
f 101 141 83
f 101 83 103
f 103 83 82
f 103 82 102
f 102 82 81
f 7507 7486 7490
f 7490 7486 7485
f 7490 7485 7493
f 7493 7485 7484
f 7493 7484 7494
f 7494 7484 7481
f 7494 7481 7480
f 7480 7481 7562
f 7480 7562 7560
f 7560 7562 7555
f 7560 7555 7554
f 7554 7555 7556
f 7554 7556 7568
f 7568 7556 7561
f 7568 7561 7567
f 7567 7561 7585
f 7567 7585 7590
f 7590 7585 7586
f 7590 7586 7587
f 7587 7586 7588
f 7587 7588 7589
f 7589 7588 7583
f 7589 7583 7572
f 7572 7583 7580
f 7572 7580 7571
f 7571 7580 7579
f 7571 7579 7439
f 7439 7579 7449
f 7439 7449 7438
f 7438 7449 7450
f 7438 7450 7437
f 7437 7450 7440
f 7437 7440 7436
f 7436 7440 7476
f 7436 7476 7477
f 7477 7476 7466
f 7477 7466 7478
f 7478 7466 7467
f 7478 7467 7471
f 7471 7467 7468
f 7471 7468 7479
f 7479 7468 7475
f 7479 7475 6771
f 6771 7475 6181
f 6771 6181 6772
f 6772 6181 6182
f 6772 6182 6770
f 6770 6182 6179
f 6770 6179 6769
f 6769 6179 6142
f 6769 6142 6774
f 6774 6142 6139
f 6774 6139 6779
f 6779 6139 6130
f 6779 6130 6961
f 6961 6130 6154
f 6961 6154 6960
f 6960 6154 6152
f 6960 6152 6959
f 6959 6152 6150
f 6959 6150 6958
f 6958 6150 6153
f 6958 6153 6957
f 6957 6153 6232
f 6957 6232 6953
f 6953 6232 6231
f 6953 6231 6952
f 6952 6231 6230
f 6952 6230 6951
f 6951 6230 6941
f 6951 6941 6947
f 6947 6941 6208
f 6947 6208 6928
f 6928 6208 6213
f 6928 6213 6935
f 6935 6213 8379
f 6935 8379 8389
f 8389 8379 8383
f 8389 8383 8388
f 8388 8383 8382
f 8388 8382 8385
f 8385 8382 8381
f 8385 8381 8384
f 8384 8381 8380
f 8384 8380 8314
f 8314 8380 8302
f 8314 8302 8313
f 8313 8302 8303
f 8313 8303 8315
f 8315 8303 8304
f 8315 8304 8316
f 8316 8304 8295
f 8316 8295 8346
f 8346 8295 8294
f 8346 8294 8345
f 8345 8294 8293
f 8345 8293 8339
f 8339 8293 8292
f 8339 8292 8543
f 8543 8292 8552
f 8543 8552 8542
f 8542 8552 8540
f 8542 8540 8541
f 8541 8540 8546
f 8541 8546 8581
f 8581 8546 8572
f 8581 8572 8580
f 8580 8572 8571
f 8580 8571 8574
f 8574 8571 8561
f 8574 8561 8578
f 8578 8561 8555
f 8578 8555 8500
f 8500 8555 8496
f 8500 8496 8502
f 8502 8496 8501
f 8502 8501 8507
f 8507 8501 8503
f 8507 8503 8497
f 8497 8503 8504
f 8497 8504 8918
f 8918 8504 8921
f 8918 8921 8922
f 8922 8921 8920
f 8922 8920 8937
f 8937 8920 8934
f 8937 8934 8933
f 8933 8934 8935
f 8933 8935 8932
f 8932 8935 8936
f 8932 8936 8931
f 8931 8936 8939
f 8931 8939 9058
f 9058 8939 9061
f 9058 9061 9057
f 9057 9061 9060
f 9057 9060 9052
f 9052 9060 9059
f 9052 9059 9053
f 9053 9059 9050
f 9053 9050 9040
f 9040 9050 9049
f 9040 9049 9039
f 9039 9049 9047
f 9039 9047 9022
f 9022 9047 9009
f 9022 9009 9008
f 9008 9009 9010
f 9008 9010 9015
f 9015 9010 9011
f 9015 9011 9016
f 9016 9011 9012
f 9016 9012 9621
f 9621 9012 9593
f 9621 9593 9629
f 9629 9593 9592
f 9629 9592 9628
f 9628 9592 9597
f 9628 9597 9627
f 9627 9597 9604
f 9627 9604 9612
f 9612 9604 9619
f 9612 9619 9611
f 9611 9619 9609
f 9611 9609 9610
f 9610 9609 28
f 9610 28 25
f 25 28 30
f 25 30 24
f 24 30 29
f 24 29 10
f 10 29 9
f 10 9 1
f 1 9 11
f 1 11 8
f 8 11 12
f 8 12 38
f 38 12 37
f 38 37 39
f 39 37 36
f 39 36 40
f 40 36 35
f 40 35 127
f 127 35 132
f 127 132 130
f 130 132 133
f 130 133 131
f 131 133 134
f 131 134 143
f 143 134 140
f 143 140 142
f 142 140 139
f 142 139 141
f 141 139 75
f 141 75 83
f 83 75 89
f 83 89 82
f 82 89 88
f 82 88 81
f 81 88 87
f 7486 7491 7485
f 7485 7491 7489
f 7485 7489 7484
f 7484 7489 7483
f 7484 7483 7481
f 7481 7483 7482
f 7481 7482 7562
f 7562 7482 7559
f 7562 7559 7555
f 7555 7559 7558
f 7555 7558 7556
f 7556 7558 7557
f 7556 7557 7561
f 7561 7557 7584
f 7561 7584 7585
f 7585 7584 7592
f 7585 7592 7586
f 7586 7592 7591
f 7586 7591 7588
f 7588 7591 7595
f 7588 7595 7583
f 7583 7595 7576
f 7583 7576 7580
f 7580 7576 7577
f 7580 7577 7579
f 7579 7577 7578
f 7579 7578 7449
f 7449 7578 7448
f 7449 7448 7450
f 7450 7448 7447
f 7450 7447 7440
f 7440 7447 5889
f 7440 5889 7476
f 7476 5889 7474
f 7476 7474 7466
f 7466 7474 7473
f 7466 7473 7467
f 7467 7473 7472
f 7467 7472 7468
f 7468 7472 7465
f 7468 7465 7475
f 7475 7465 6180
f 7475 6180 6181
f 6181 6180 6175
f 6181 6175 6182
f 6182 6175 6178
f 6182 6178 6179
f 6179 6178 6177
f 6179 6177 6142
f 6142 6177 6141
f 6142 6141 6139
f 6139 6141 6135
f 6139 6135 6130
f 6130 6135 6133
f 6130 6133 6154
f 6154 6133 6158
f 6154 6158 6152
f 6152 6158 6155
f 6152 6155 6150
f 6150 6155 6147
f 6150 6147 6153
f 6153 6147 6227
f 6153 6227 6232
f 6232 6227 6224
f 6232 6224 6231
f 6231 6224 6223
f 6231 6223 6230
f 6230 6223 6222
f 6230 6222 6941
f 6941 6222 6219
f 6941 6219 6208
f 6208 6219 6218
f 6208 6218 6213
f 6213 6218 6217
f 6213 6217 8379
f 8379 6217 8419
f 8379 8419 8383
f 8383 8419 8418
f 8383 8418 8382
f 8382 8418 8402
f 8382 8402 8381
f 8381 8402 8403
f 8381 8403 8380
f 8380 8403 8401
f 8380 8401 8302
f 8302 8401 8278
f 8302 8278 8303
f 8303 8278 8282
f 8303 8282 8304
f 8304 8282 8286
f 8304 8286 8295
f 8295 8286 8299
f 8295 8299 8294
f 8294 8299 8298
f 8294 8298 8293
f 8293 8298 8301
f 8293 8301 8292
f 8292 8301 8297
f 8292 8297 8552
f 8552 8297 8545
f 8552 8545 8540
f 8540 8545 8544
f 8540 8544 8546
f 8546 8544 8556
f 8546 8556 8572
f 8572 8556 8557
f 8572 8557 8571
f 8571 8557 8558
f 8571 8558 8561
f 8561 8558 8559
f 8561 8559 8555
f 8555 8559 8560
f 8555 8560 8496
f 8496 8560 8495
f 8496 8495 8501
f 8501 8495 8498
f 8501 8498 8503
f 8503 8498 8499
f 8503 8499 8504
f 8504 8499 8916
f 8504 8916 8921
f 8921 8916 8917
f 8921 8917 8920
f 8920 8917 8919
f 8920 8919 8934
f 8934 8919 8938
f 8934 8938 8935
f 8935 8938 8943
f 8935 8943 8936
f 8936 8943 8944
f 8936 8944 8939
f 8939 8944 9056
f 8939 9056 9061
f 9061 9056 9055
f 9061 9055 9060
f 9060 9055 9054
f 9060 9054 9059
f 9059 9054 9051
f 9059 9051 9050
f 9050 9051 9048
f 9050 9048 9049
f 9049 9048 9045
f 9049 9045 9047
f 9047 9045 9038
f 9047 9038 9009
f 9009 9038 9021
f 9009 9021 9010
f 9010 9021 9020
f 9010 9020 9011
f 9011 9020 9019
f 9011 9019 9012
f 9012 9019 9085
f 9012 9085 9593
f 9593 9085 9594
f 9593 9594 9592
f 9592 9594 9595
f 9592 9595 9597
f 9597 9595 9590
f 9597 9590 9604
f 9604 9590 9596
f 9604 9596 9619
f 9619 9596 9598
f 9619 9598 9609
f 9609 9598 601
f 9609 601 28
f 28 601 18
f 28 18 30
f 30 18 19
f 30 19 29
f 29 19 23
f 29 23 9
f 9 23 3
f 9 3 11
f 11 3 2
f 11 2 12
f 12 2 31
f 12 31 37
f 37 31 45
f 37 45 36
f 36 45 44
f 36 44 35
f 35 44 41
f 35 41 132
f 132 41 119
f 132 119 133
f 133 119 123
f 133 123 134
f 134 123 122
f 134 122 140
f 140 122 137
f 140 137 139
f 139 137 136
f 139 136 75
f 75 136 80
f 75 80 89
f 89 80 78
f 89 78 88
f 88 78 79
f 88 79 87
f 87 79 84
f 7491 7492 7489
f 7489 7492 5952
f 7489 5952 7483
f 7483 5952 5951
f 7483 5951 7482
f 7482 5951 5969
f 7482 5969 7559
f 7559 5969 5970
f 7559 5970 7558
f 7558 5970 5968
f 7558 5968 7557
f 7557 5968 5967
f 7557 5967 7584
f 7584 5967 5966
f 7584 5966 7592
f 7592 5966 5908
f 7592 5908 7591
f 7591 5908 5910
f 7591 5910 7595
f 7595 5910 5906
f 7595 5906 7576
f 7576 5906 5919
f 7576 5919 7577
f 7577 5919 5902
f 7577 5902 7578
f 7578 5902 5901
f 7578 5901 7448
f 7448 5901 5875
f 7448 5875 7447
f 7447 5875 5884
f 7447 5884 5889
f 5889 5884 5881
f 5889 5881 7474
f 7474 5881 5880
f 7474 5880 7473
f 7473 5880 6163
f 7473 6163 7472
f 7472 6163 6164
f 7472 6164 7465
f 7465 6164 6185
f 7465 6185 6180
f 6180 6185 6186
f 6180 6186 6175
f 6175 6186 6187
f 6175 6187 6178
f 6178 6187 6188
f 6178 6188 6177
f 6177 6188 6189
f 6177 6189 6141
f 6141 6189 6138
f 6141 6138 6135
f 6135 6138 6137
f 6135 6137 6133
f 6133 6137 6136
f 6133 6136 6158
f 6158 6136 6148
f 6158 6148 6155
f 6155 6148 6149
f 6155 6149 6147
f 6147 6149 6145
f 6147 6145 6227
f 6227 6145 6220
f 6227 6220 6224
f 6224 6220 6229
f 6224 6229 6223
f 6223 6229 6221
f 6223 6221 6222
f 6222 6221 6214
f 6222 6214 6219
f 6219 6214 6215
f 6219 6215 6218
f 6218 6215 6216
f 6218 6216 6217
f 6217 6216 8416
f 6217 8416 8419
f 8419 8416 8417
f 8419 8417 8418
f 8418 8417 8409
f 8418 8409 8402
f 8402 8409 8396
f 8402 8396 8403
f 8403 8396 8395
f 8403 8395 8401
f 8401 8395 8394
f 8401 8394 8278
f 8278 8394 8281
f 8278 8281 8282
f 8282 8281 8279
f 8282 8279 8286
f 8286 8279 8285
f 8286 8285 8299
f 8299 8285 8289
f 8299 8289 8298
f 8298 8289 8288
f 8298 8288 8301
f 8301 8288 8290
f 8301 8290 8297
f 8297 8290 8291
f 8297 8291 8545
f 8545 8291 8554
f 8545 8554 8544
f 8544 8554 8567
f 8544 8567 8556
f 8556 8567 8569
f 8556 8569 8557
f 8557 8569 8568
f 8557 8568 8558
f 8558 8568 8566
f 8558 8566 8559
f 8559 8566 8565
f 8559 8565 8560
f 8560 8565 8564
f 8560 8564 8495
f 8495 8564 8509
f 8495 8509 8498
f 8498 8509 8508
f 8498 8508 8499
f 8499 8508 8927
f 8499 8927 8916
f 8916 8927 8928
f 8916 8928 8917
f 8917 8928 8929
f 8917 8929 8919
f 8919 8929 8930
f 8919 8930 8938
f 8938 8930 8959
f 8938 8959 8943
f 8943 8959 8946
f 8943 8946 8944
f 8944 8946 8960
f 8944 8960 9056
f 9056 8960 9063
f 9056 9063 9055
f 9055 9063 9028
f 9055 9028 9054
f 9054 9028 9023
f 9054 9023 9051
f 9051 9023 9044
f 9051 9044 9048
f 9048 9044 9041
f 9048 9041 9045
f 9045 9041 9042
f 9045 9042 9038
f 9038 9042 9043
f 9038 9043 9021
f 9021 9043 9093
f 9021 9093 9020
f 9020 9093 9083
f 9020 9083 9019
f 9019 9083 9096
f 9019 9096 9085
f 9085 9096 9095
f 9085 9095 9594
f 9594 9095 9094
f 9594 9094 9595
f 9595 9094 9599
f 9595 9599 9590
f 9590 9599 9591
f 9590 9591 9596
f 9596 9591 9600
f 9596 9600 9598
f 9598 9600 610
f 9598 610 601
f 601 610 606
f 601 606 18
f 18 606 16
f 18 16 19
f 19 16 20
f 19 20 23
f 23 20 21
f 23 21 3
f 3 21 15
f 3 15 2
f 2 15 74
f 2 74 31
f 31 74 33
f 31 33 45
f 45 33 32
f 45 32 44
f 44 32 34
f 44 34 41
f 41 34 47
f 41 47 119
f 119 47 128
f 119 128 123
f 123 128 129
f 123 129 122
f 122 129 116
f 122 116 137
f 137 116 117
f 137 117 136
f 136 117 118
f 136 118 80
f 80 118 86
f 80 86 78
f 78 86 85
f 78 85 79
f 79 85 77
f 79 77 84
f 84 77 76
f 7492 5955 5952
f 5952 5955 5961
f 5952 5961 5951
f 5951 5961 5953
f 5951 5953 5969
f 5969 5953 5976
f 5969 5976 5970
f 5970 5976 5975
f 5970 5975 5968
f 5968 5975 5965
f 5968 5965 5967
f 5967 5965 5974
f 5967 5974 5966
f 5966 5974 5972
f 5966 5972 5908
f 5908 5972 5907
f 5908 5907 5910
f 5910 5907 5916
f 5910 5916 5906
f 5906 5916 5917
f 5906 5917 5919
f 5919 5917 5918
f 5919 5918 5902
f 5902 5918 5895
f 5902 5895 5901
f 5901 5895 5894
f 5901 5894 5875
f 5875 5894 5877
f 5875 5877 5884
f 5884 5877 5886
f 5884 5886 5881
f 5881 5886 5879
f 5881 5879 5880
f 5880 5879 5878
f 5880 5878 6163
f 6163 5878 6168
f 6163 6168 6164
f 6164 6168 6169
f 6164 6169 6185
f 6185 6169 6184
f 6185 6184 6186
f 6186 6184 6183
f 6186 6183 6187
f 6187 6183 6176
f 6187 6176 6188
f 6188 6176 6202
f 6188 6202 6189
f 6189 6202 6194
f 6189 6194 6138
f 6138 6194 6134
f 6138 6134 6137
f 6137 6134 6132
f 6137 6132 6136
f 6136 6132 6140
f 6136 6140 6148
f 6148 6140 6157
f 6148 6157 6149
f 6149 6157 6159
f 6149 6159 6145
f 6145 6159 6156
f 6145 6156 6220
f 6220 6156 6225
f 6220 6225 6229
f 6229 6225 6226
f 6229 6226 6221
f 6221 6226 6209
f 6221 6209 6214
f 6214 6209 6205
f 6214 6205 6215
f 6215 6205 6206
f 6215 6206 6216
f 6216 6206 6207
f 6216 6207 8416
f 8416 6207 8414
f 8416 8414 8417
f 8417 8414 8413
f 8417 8413 8409
f 8409 8413 8412
f 8409 8412 8396
f 8396 8412 8405
f 8396 8405 8395
f 8395 8405 8392
f 8395 8392 8394
f 8394 8392 8404
f 8394 8404 8281
f 8281 8404 8273
f 8281 8273 8279
f 8279 8273 8277
f 8279 8277 8285
f 8285 8277 8276
f 8285 8276 8289
f 8289 8276 8274
f 8289 8274 8288
f 8288 8274 8296
f 8288 8296 8290
f 8290 8296 8300
f 8290 8300 8291
f 8291 8300 8287
f 8291 8287 8554
f 8554 8287 8562
f 8554 8562 8567
f 8567 8562 8563
f 8567 8563 8569
f 8569 8563 7949
f 8569 7949 8568
f 8568 7949 7948
f 8568 7948 8566
f 8566 7948 7947
f 8566 7947 8565
f 8565 7947 7876
f 8565 7876 8564
f 8564 7876 7877
f 8564 7877 8509
f 8509 7877 7872
f 8509 7872 8508
f 8508 7872 7871
f 8508 7871 8927
f 8927 7871 8926
f 8927 8926 8928
f 8928 8926 8925
f 8928 8925 8929
f 8929 8925 8924
f 8929 8924 8930
f 8930 8924 8958
f 8930 8958 8959
f 8959 8958 8957
f 8959 8957 8946
f 8946 8957 8956
f 8946 8956 8960
f 8960 8956 8955
f 8960 8955 9063
f 9063 8955 9024
f 9063 9024 9028
f 9028 9024 9025
f 9028 9025 9023
f 9023 9025 9029
f 9023 9029 9044
f 9044 9029 9026
f 9044 9026 9041
f 9041 9026 9046
f 9041 9046 9042
f 9042 9046 9125
f 9042 9125 9043
f 9043 9125 9124
f 9043 9124 9093
f 9093 9124 9086
f 9093 9086 9083
f 9083 9086 9087
f 9083 9087 9096
f 9096 9087 9088
f 9096 9088 9095
f 9095 9088 9089
f 9095 9089 9094
f 9094 9089 9090
f 9094 9090 9599
f 9599 9090 9602
f 9599 9602 9591
f 9591 9602 9603
f 9591 9603 9600
f 9600 9603 613
f 9600 613 610
f 610 613 614
f 610 614 606
f 606 614 615
f 606 615 16
f 16 615 17
f 16 17 20
f 20 17 27
f 20 27 21
f 21 27 26
f 21 26 15
f 15 26 62
f 15 62 74
f 74 62 70
f 74 70 33
f 33 70 63
f 33 63 32
f 32 63 50
f 32 50 34
f 34 50 51
f 34 51 47
f 47 51 52
f 47 52 128
f 128 52 115
f 128 115 129
f 129 115 114
f 129 114 116
f 116 114 113
f 116 113 117
f 117 113 112
f 117 112 118
f 118 112 104
f 118 104 86
f 86 104 265
f 86 265 85
f 85 265 264
f 85 264 77
f 77 264 263
f 77 263 76
f 76 263 262
f 5955 5958 5961
f 5961 5958 5959
f 5961 5959 5953
f 5953 5959 5960
f 5953 5960 5976
f 5976 5960 5978
f 5976 5978 5975
f 5975 5978 5979
f 5975 5979 5965
f 5965 5979 5977
f 5965 5977 5974
f 5974 5977 5973
f 5974 5973 5972
f 5972 5973 5971
f 5972 5971 5907
f 5907 5971 5915
f 5907 5915 5916
f 5916 5915 5914
f 5916 5914 5917
f 5917 5914 5913
f 5917 5913 5918
f 5918 5913 5909
f 5918 5909 5895
f 5895 5909 5900
f 5895 5900 5894
f 5894 5900 5899
f 5894 5899 5877
f 5877 5899 5876
f 5877 5876 5886
f 5886 5876 5888
f 5886 5888 5879
f 5879 5888 5885
f 5879 5885 5878
f 5878 5885 5883
f 5878 5883 6168
f 6168 5883 6173
f 6168 6173 6169
f 6169 6173 6174
f 6169 6174 6184
f 6184 6174 6162
f 6184 6162 6183
f 6183 6162 6204
f 6183 6204 6176
f 6176 6204 6193
f 6176 6193 6202
f 6202 6193 6191
f 6202 6191 6194
f 6194 6191 6192
f 6194 6192 6134
f 6134 6192 6143
f 6134 6143 6132
f 6132 6143 6131
f 6132 6131 6140
f 6140 6131 6144
f 6140 6144 6157
f 6157 6144 6146
f 6157 6146 6159
f 6159 6146 6151
f 6159 6151 6156
f 6156 6151 6228
f 6156 6228 6225
f 6225 6228 6233
f 6225 6233 6226
f 6226 6233 6234
f 6226 6234 6209
f 6209 6234 6212
f 6209 6212 6205
f 6205 6212 6211
f 6205 6211 6206
f 6206 6211 6210
f 6206 6210 6207
f 6207 6210 6240
f 6207 6240 8414
f 8414 6240 8406
f 8414 8406 8413
f 8413 8406 8407
f 8413 8407 8412
f 8412 8407 8408
f 8412 8408 8405
f 8405 8408 8391
f 8405 8391 8392
f 8392 8391 8393
f 8392 8393 8404
f 8404 8393 8399
f 8404 8399 8273
f 8273 8399 8284
f 8273 8284 8277
f 8277 8284 8283
f 8277 8283 8276
f 8276 8283 8280
f 8276 8280 8274
f 8274 8280 8275
f 8274 8275 8296
f 8296 8275 7936
f 8296 7936 8300
f 8300 7936 7933
f 8300 7933 8287
f 8287 7933 7935
f 8287 7935 8562
f 8562 7935 7952
f 8562 7952 8563
f 8563 7952 7953
f 8563 7953 7949
f 7949 7953 7945
f 7949 7945 7948
f 7948 7945 7954
f 7948 7954 7947
f 7947 7954 7878
f 7947 7878 7876
f 7876 7878 7870
f 7876 7870 7877
f 7877 7870 7879
f 7877 7879 7872
f 7872 7879 7883
f 7872 7883 7871
f 7871 7883 7901
f 7871 7901 8926
f 8926 7901 8961
f 8926 8961 8925
f 8925 8961 8962
f 8925 8962 8924
f 8924 8962 8975
f 8924 8975 8958
f 8958 8975 8950
f 8958 8950 8957
f 8957 8950 8949
f 8957 8949 8956
f 8956 8949 8948
f 8956 8948 8955
f 8955 8948 8947
f 8955 8947 9024
f 9024 8947 9034
f 9024 9034 9025
f 9025 9034 9033
f 9025 9033 9029
f 9029 9033 9032
f 9029 9032 9026
f 9026 9032 9031
f 9026 9031 9046
f 9046 9031 9112
f 9046 9112 9125
f 9125 9112 9115
f 9125 9115 9124
f 9124 9115 9113
f 9124 9113 9086
f 9086 9113 9084
f 9086 9084 9087
f 9087 9084 9082
f 9087 9082 9088
f 9088 9082 9092
f 9088 9092 9089
f 9089 9092 9091
f 9089 9091 9090
f 9090 9091 9067
f 9090 9067 9602
f 9602 9067 9601
f 9602 9601 9603
f 9603 9601 603
f 9603 603 613
f 613 603 602
f 613 602 614
f 614 602 604
f 614 604 615
f 615 604 596
f 615 596 17
f 17 596 590
f 17 590 27
f 27 590 586
f 27 586 26
f 26 586 73
f 26 73 62
f 62 73 72
f 62 72 70
f 70 72 71
f 70 71 63
f 63 71 61
f 63 61 50
f 50 61 58
f 50 58 51
f 51 58 59
f 51 59 52
f 52 59 60
f 52 60 115
f 115 60 106
f 115 106 114
f 114 106 107
f 114 107 113
f 113 107 108
f 113 108 112
f 112 108 105
f 112 105 104
f 104 105 256
f 104 256 265
f 265 256 257
f 265 257 264
f 264 257 258
f 264 258 263
f 263 258 259
f 263 259 262
f 262 259 260
f 5958 5964 5959
f 5959 5964 5963
f 5959 5963 5960
f 5960 5963 5962
f 5960 5962 5978
f 5978 5962 5989
f 5978 5989 5979
f 5979 5989 5988
f 5979 5988 5977
f 5977 5988 5987
f 5977 5987 5973
f 5973 5987 5984
f 5973 5984 5971
f 5971 5984 5980
f 5971 5980 5915
f 5915 5980 5911
f 5915 5911 5914
f 5914 5911 5912
f 5914 5912 5913
f 5913 5912 5905
f 5913 5905 5909
f 5909 5905 5948
f 5909 5948 5900
f 5900 5948 5892
f 5900 5892 5899
f 5899 5892 5891
f 5899 5891 5876
f 5876 5891 5903
f 5876 5903 5888
f 5888 5903 5882
f 5888 5882 5885
f 5885 5882 5887
f 5885 5887 5883
f 5883 5887 6161
f 5883 6161 6173
f 6173 6161 6167
f 6173 6167 6174
f 6174 6167 6160
f 6174 6160 6162
f 6162 6160 6201
f 6162 6201 6204
f 6204 6201 6190
f 6204 6190 6193
f 6193 6190 6198
f 6193 6198 6191
f 6191 6198 6197
f 6191 6197 6192
f 6192 6197 6196
f 6192 6196 6143
f 6143 6196 6124
f 6143 6124 6131
f 6131 6124 6129
f 6131 6129 6144
f 6144 6129 6126
f 6144 6126 6146
f 6146 6126 6127
f 6146 6127 6151
f 6151 6127 6125
f 6151 6125 6228
f 6228 6125 6263
f 6228 6263 6233
f 6233 6263 6261
f 6233 6261 6234
f 6234 6261 6270
f 6234 6270 6212
f 6212 6270 6265
f 6212 6265 6211
f 6211 6265 6269
f 6211 6269 6210
f 6210 6269 6248
f 6210 6248 6240
f 6240 6248 6247
f 6240 6247 8406
f 8406 6247 8411
f 8406 8411 8407
f 8407 8411 8415
f 8407 8415 8408
f 8408 8415 8420
f 8408 8420 8391
f 8391 8420 8400
f 8391 8400 8393
f 8393 8400 8398
f 8393 8398 8399
f 8399 8398 8397
f 8399 8397 8284
f 8284 8397 7714
f 8284 7714 8283
f 8283 7714 7715
f 8283 7715 8280
f 8280 7715 7717
f 8280 7717 8275
f 8275 7717 7718
f 8275 7718 7936
f 7936 7718 7930
f 7936 7930 7933
f 7933 7930 7932
f 7933 7932 7935
f 7935 7932 7931
f 7935 7931 7952
f 7952 7931 7955
f 7952 7955 7953
f 7953 7955 7956
f 7953 7956 7945
f 7945 7956 7957
f 7945 7957 7954
f 7954 7957 7875
f 7954 7875 7878
f 7878 7875 7874
f 7878 7874 7870
f 7870 7874 7873
f 7870 7873 7879
f 7879 7873 7869
f 7879 7869 7883
f 7883 7869 7899
f 7883 7899 7901
f 7901 7899 7900
f 7901 7900 8961
f 8961 7900 8963
f 8961 8963 8962
f 8962 8963 8964
f 8962 8964 8975
f 8975 8964 8965
f 8975 8965 8950
f 8950 8965 8954
f 8950 8954 8949
f 8949 8954 8953
f 8949 8953 8948
f 8948 8953 8952
f 8948 8952 8947
f 8947 8952 8951
f 8947 8951 9034
f 9034 8951 9037
f 9034 9037 9033
f 9033 9037 9036
f 9033 9036 9032
f 9032 9036 9035
f 9032 9035 9031
f 9031 9035 9114
f 9031 9114 9112
f 9112 9114 9117
f 9112 9117 9115
f 9115 9117 9116
f 9115 9116 9113
f 9113 9116 9118
f 9113 9118 9084
f 9084 9118 9074
f 9084 9074 9082
f 9082 9074 9075
f 9082 9075 9092
f 9092 9075 9077
f 9092 9077 9091
f 9091 9077 9078
f 9091 9078 9067
f 9067 9078 9079
f 9067 9079 9601
f 9601 9079 605
f 9601 605 603
f 603 605 607
f 603 607 602
f 602 607 608
f 602 608 604
f 604 608 589
f 604 589 596
f 596 589 592
f 596 592 590
f 590 592 594
f 590 594 586
f 586 594 600
f 586 600 73
f 73 600 68
f 73 68 72
f 72 68 67
f 72 67 71
f 71 67 64
f 71 64 61
f 61 64 46
f 61 46 58
f 58 46 48
f 58 48 59
f 59 48 49
f 59 49 60
f 60 49 54
f 60 54 106
f 106 54 111
f 106 111 107
f 107 111 110
f 107 110 108
f 108 110 251
f 108 251 105
f 105 251 250
f 105 250 256
f 256 250 252
f 256 252 257
f 257 252 269
f 257 269 258
f 258 269 268
f 258 268 259
f 259 268 267
f 259 267 260
f 260 267 228
f 5964 5950 5963
f 5963 5950 5949
f 5963 5949 5962
f 5962 5949 5995
f 5962 5995 5989
f 5989 5995 5994
f 5989 5994 5988
f 5988 5994 5993
f 5988 5993 5987
f 5987 5993 5992
f 5987 5992 5984
f 5984 5992 5991
f 5984 5991 5980
f 5980 5991 5990
f 5980 5990 5911
f 5911 5990 5943
f 5911 5943 5912
f 5912 5943 5945
f 5912 5945 5905
f 5905 5945 5946
f 5905 5946 5948
f 5948 5946 5947
f 5948 5947 5892
f 5892 5947 5904
f 5892 5904 5891
f 5891 5904 5898
f 5891 5898 5903
f 5903 5898 5890
f 5903 5890 5882
f 5882 5890 5834
f 5882 5834 5887
f 5887 5834 5841
f 5887 5841 6161
f 6161 5841 6172
f 6161 6172 6167
f 6167 6172 6171
f 6167 6171 6160
f 6160 6171 6170
f 6160 6170 6201
f 6201 6170 6203
f 6201 6203 6190
f 6190 6203 6200
f 6190 6200 6198
f 6198 6200 6199
f 6198 6199 6197
f 6197 6199 6195
f 6197 6195 6196
f 6196 6195 6115
f 6196 6115 6124
f 6124 6115 6123
f 6124 6123 6129
f 6129 6123 6122
f 6129 6122 6126
f 6126 6122 6117
f 6126 6117 6127
f 6127 6117 6116
f 6127 6116 6125
f 6125 6116 6255
f 6125 6255 6263
f 6263 6255 6257
f 6263 6257 6261
f 6261 6257 6258
f 6261 6258 6270
f 6270 6258 6267
f 6270 6267 6265
f 6265 6267 6268
f 6265 6268 6269
f 6269 6268 6241
f 6269 6241 6248
f 6248 6241 6242
f 6248 6242 6247
f 6247 6242 6243
f 6247 6243 8411
f 8411 6243 8410
f 8411 8410 8415
f 8415 8410 7671
f 8415 7671 8420
f 8420 7671 7673
f 8420 7673 8400
f 8400 7673 7659
f 8400 7659 8398
f 8398 7659 7672
f 8398 7672 8397
f 8397 7672 7707
f 8397 7707 7714
f 7714 7707 7706
f 7714 7706 7715
f 7715 7706 7705
f 7715 7705 7717
f 7717 7705 7704
f 7717 7704 7718
f 7718 7704 7716
f 7718 7716 7930
f 7930 7716 7939
f 7930 7939 7932
f 7932 7939 7938
f 7932 7938 7931
f 7931 7938 7937
f 7931 7937 7955
f 7955 7937 7958
f 7955 7958 7956
f 7956 7958 7959
f 7956 7959 7957
f 7957 7959 7951
f 7957 7951 7875
f 7875 7951 7882
f 7875 7882 7874
f 7874 7882 7881
f 7874 7881 7873
f 7873 7881 7880
f 7873 7880 7869
f 7869 7880 7913
f 7869 7913 7899
f 7899 7913 7912
f 7899 7912 7900
f 7900 7912 7911
f 7900 7911 8963
f 8963 7911 8966
f 8963 8966 8964
f 8964 8966 8967
f 8964 8967 8965
f 8965 8967 8968
f 8965 8968 8954
f 8954 8968 8977
f 8954 8977 8953
f 8953 8977 8978
f 8953 8978 8952
f 8952 8978 8979
f 8952 8979 8951
f 8951 8979 8980
f 8951 8980 9037
f 9037 8980 9030
f 9037 9030 9036
f 9036 9030 9027
f 9036 9027 9035
f 9035 9027 9119
f 9035 9119 9114
f 9114 9119 9120
f 9114 9120 9117
f 9117 9120 9121
f 9117 9121 9116
f 9116 9121 9123
f 9116 9123 9118
f 9118 9123 9126
f 9118 9126 9074
f 9074 9126 9073
f 9074 9073 9075
f 9075 9073 9076
f 9075 9076 9077
f 9077 9076 9081
f 9077 9081 9078
f 9078 9081 9080
f 9078 9080 9079
f 9079 9080 609
f 9079 609 605
f 605 609 611
f 605 611 607
f 607 611 612
f 607 612 608
f 608 612 598
f 608 598 589
f 589 598 599
f 589 599 592
f 592 599 595
f 592 595 594
f 594 595 597
f 594 597 600
f 600 597 578
f 600 578 68
f 68 578 581
f 68 581 67
f 67 581 66
f 67 66 64
f 64 66 69
f 64 69 46
f 46 69 57
f 46 57 48
f 48 57 56
f 48 56 49
f 49 56 55
f 49 55 54
f 54 55 53
f 54 53 111
f 111 53 109
f 111 109 110
f 110 109 244
f 110 244 251
f 251 244 249
f 251 249 250
f 250 249 255
f 250 255 252
f 252 255 254
f 252 254 269
f 269 254 270
f 269 270 268
f 268 270 266
f 268 266 267
f 267 266 227
f 267 227 228
f 228 227 226
f 5950 5954 5949
f 5949 5954 5957
f 5949 5957 5995
f 5995 5957 5985
f 5995 5985 5994
f 5994 5985 5983
f 5994 5983 5993
f 5993 5983 5982
f 5993 5982 5992
f 5992 5982 5981
f 5992 5981 5991
f 5991 5981 5986
f 5991 5986 5990
f 5990 5986 5944
f 5990 5944 5943
f 5943 5944 5935
f 5943 5935 5945
f 5945 5935 5936
f 5945 5936 5946
f 5946 5936 5934
f 5946 5934 5947
f 5947 5934 5942
f 5947 5942 5904
f 5904 5942 5893
f 5904 5893 5898
f 5898 5893 5896
f 5898 5896 5890
f 5890 5896 5840
f 5890 5840 5834
f 5834 5840 5831
f 5834 5831 5841
f 5841 5831 5842
f 5841 5842 6172
f 6172 5842 6165
f 6172 6165 6171
f 6171 6165 6166
f 6171 6166 6170
f 6170 6166 6100
f 6170 6100 6203
f 6203 6100 6103
f 6203 6103 6200
f 6200 6103 6087
f 6200 6087 6199
f 6199 6087 6085
f 6199 6085 6195
f 6195 6085 6086
f 6195 6086 6115
f 6115 6086 6121
f 6115 6121 6123
f 6123 6121 6120
f 6123 6120 6122
f 6122 6120 6119
f 6122 6119 6117
f 6117 6119 6118
f 6117 6118 6116
f 6116 6118 6252
f 6116 6252 6255
f 6255 6252 6249
f 6255 6249 6257
f 6257 6249 6250
f 6257 6250 6258
f 6258 6250 6276
f 6258 6276 6267
f 6267 6276 6277
f 6267 6277 6268
f 6268 6277 6278
f 6268 6278 6241
f 6241 6278 6235
f 6241 6235 6242
f 6242 6235 6238
f 6242 6238 6243
f 6243 6238 6236
f 6243 6236 8410
f 8410 6236 7666
f 8410 7666 7671
f 7671 7666 7665
f 7671 7665 7673
f 7673 7665 7667
f 7673 7667 7659
f 7659 7667 7668
f 7659 7668 7672
f 7672 7668 7669
f 7672 7669 7707
f 7707 7669 7703
f 7707 7703 7706
f 7706 7703 7713
f 7706 7713 7705
f 7705 7713 7712
f 7705 7712 7704
f 7704 7712 7711
f 7704 7711 7716
f 7716 7711 7710
f 7716 7710 7939
f 7939 7710 7944
f 7939 7944 7938
f 7938 7944 7943
f 7938 7943 7937
f 7937 7943 7942
f 7937 7942 7958
f 7958 7942 7950
f 7958 7950 7959
f 7959 7950 7946
f 7959 7946 7951
f 7951 7946 7927
f 7951 7927 7882
f 7882 7927 7890
f 7882 7890 7881
f 7881 7890 7898
f 7881 7898 7880
f 7880 7898 7897
f 7880 7897 7913
f 7913 7897 7907
f 7913 7907 7912
f 7912 7907 7902
f 7912 7902 7911
f 7911 7902 7906
f 7911 7906 8966
f 8966 7906 8969
f 8966 8969 8967
f 8967 8969 8970
f 8967 8970 8968
f 8968 8970 8971
f 8968 8971 8977
f 8977 8971 8981
f 8977 8981 8978
f 8978 8981 8982
f 8978 8982 8979
f 8979 8982 8983
f 8979 8983 8980
f 8980 8983 8984
f 8980 8984 9030
f 9030 8984 9202
f 9030 9202 9027
f 9027 9202 9203
f 9027 9203 9119
f 9119 9203 9122
f 9119 9122 9120
f 9120 9122 9134
f 9120 9134 9121
f 9121 9134 9127
f 9121 9127 9123
f 9123 9127 9133
f 9123 9133 9126
f 9126 9133 9141
f 9126 9141 9073
f 9073 9141 9068
f 9073 9068 9076
f 9076 9068 9069
f 9076 9069 9081
f 9081 9069 9070
f 9081 9070 9080
f 9080 9070 628
f 9080 628 609
f 609 628 629
f 609 629 611
f 611 629 630
f 611 630 612
f 612 630 627
f 612 627 598
f 598 627 585
f 598 585 599
f 599 585 587
f 599 587 595
f 595 587 588
f 595 588 597
f 597 588 575
f 597 575 578
f 578 575 576
f 578 576 581
f 581 576 584
f 581 584 66
f 66 584 65
f 66 65 69
f 69 65 164
f 69 164 57
f 57 164 151
f 57 151 56
f 56 151 152
f 56 152 55
f 55 152 153
f 55 153 53
f 53 153 154
f 53 154 109
f 109 154 155
f 109 155 244
f 244 155 241
f 244 241 249
f 249 241 242
f 249 242 255
f 255 242 245
f 255 245 254
f 254 245 243
f 254 243 270
f 270 243 261
f 270 261 266
f 266 261 231
f 266 231 227
f 227 231 236
f 227 236 226
f 226 236 233
f 5954 5956 5957
f 5957 5956 6004
f 5957 6004 5985
f 5985 6004 6003
f 5985 6003 5983
f 5983 6003 6002
f 5983 6002 5982
f 5982 6002 5999
f 5982 5999 5981
f 5981 5999 6020
f 5981 6020 5986
f 5986 6020 6013
f 5986 6013 5944
f 5944 6013 5937
f 5944 5937 5935
f 5935 5937 5938
f 5935 5938 5936
f 5936 5938 5939
f 5936 5939 5934
f 5934 5939 5940
f 5934 5940 5942
f 5942 5940 5941
f 5942 5941 5893
f 5893 5941 5897
f 5893 5897 5896
f 5896 5897 5837
f 5896 5837 5840
f 5840 5837 5838
f 5840 5838 5831
f 5831 5838 5832
f 5831 5832 5842
f 5842 5832 5833
f 5842 5833 6165
f 6165 5833 6106
f 6165 6106 6166
f 6166 6106 6107
f 6166 6107 6100
f 6100 6107 6108
f 6100 6108 6103
f 6103 6108 6109
f 6103 6109 6087
f 6087 6109 6092
f 6087 6092 6085
f 6085 6092 6088
f 6085 6088 6086
f 6086 6088 6093
f 6086 6093 6121
f 6121 6093 6128
f 6121 6128 6120
f 6120 6128 6079
f 6120 6079 6119
f 6119 6079 6078
f 6119 6078 6118
f 6118 6078 6262
f 6118 6262 6252
f 6252 6262 6251
f 6252 6251 6249
f 6249 6251 6253
f 6249 6253 6250
f 6250 6253 6254
f 6250 6254 6276
f 6276 6254 6264
f 6276 6264 6277
f 6277 6264 6266
f 6277 6266 6278
f 6278 6266 6275
f 6278 6275 6235
f 6235 6275 6246
f 6235 6246 6238
f 6238 6246 6245
f 6238 6245 6236
f 6236 6245 6244
f 6236 6244 7666
f 7666 6244 7660
f 7666 7660 7665
f 7665 7660 7661
f 7665 7661 7667
f 7667 7661 7662
f 7667 7662 7668
f 7668 7662 7663
f 7668 7663 7669
f 7669 7663 7664
f 7669 7664 7703
f 7703 7664 7700
f 7703 7700 7713
f 7713 7700 7699
f 7713 7699 7712
f 7712 7699 7708
f 7712 7708 7711
f 7711 7708 7709
f 7711 7709 7710
f 7710 7709 7676
f 7710 7676 7944
f 7944 7676 7941
f 7944 7941 7943
f 7943 7941 7940
f 7943 7940 7942
f 7942 7940 7919
f 7942 7919 7950
f 7950 7919 7918
f 7950 7918 7946
f 7946 7918 7917
f 7946 7917 7927
f 7927 7917 7916
f 7927 7916 7890
f 7890 7916 7895
f 7890 7895 7898
f 7898 7895 7894
f 7898 7894 7897
f 7897 7894 7893
f 7897 7893 7907
f 7907 7893 7903
f 7907 7903 7902
f 7902 7903 7904
f 7902 7904 7906
f 7906 7904 7905
f 7906 7905 8969
f 8969 7905 8972
f 8969 8972 8970
f 8970 8972 8973
f 8970 8973 8971
f 8971 8973 8985
f 8971 8985 8981
f 8981 8985 8987
f 8981 8987 8982
f 8982 8987 8986
f 8982 8986 8983
f 8983 8986 8989
f 8983 8989 8984
f 8984 8989 9213
f 8984 9213 9202
f 9202 9213 9212
f 9202 9212 9203
f 9203 9212 9211
f 9203 9211 9122
f 9122 9211 9132
f 9122 9132 9134
f 9134 9132 9139
f 9134 9139 9127
f 9127 9139 9138
f 9127 9138 9133
f 9133 9138 9136
f 9133 9136 9141
f 9141 9136 9135
f 9141 9135 9068
f 9068 9135 9072
f 9068 9072 9069
f 9069 9072 9071
f 9069 9071 9070
f 9070 9071 485
f 9070 485 628
f 628 485 621
f 628 621 629
f 629 621 626
f 629 626 630
f 630 626 625
f 630 625 627
f 627 625 623
f 627 623 585
f 585 623 593
f 585 593 587
f 587 593 591
f 587 591 588
f 588 591 582
f 588 582 575
f 575 582 570
f 575 570 576
f 576 570 574
f 576 574 584
f 584 574 573
f 584 573 65
f 65 573 156
f 65 156 164
f 164 156 157
f 164 157 151
f 151 157 158
f 151 158 152
f 152 158 162
f 152 162 153
f 153 162 163
f 153 163 154
f 154 163 161
f 154 161 155
f 155 161 185
f 155 185 241
f 241 185 186
f 241 186 242
f 242 186 240
f 242 240 245
f 245 240 247
f 245 247 243
f 243 247 248
f 243 248 261
f 261 248 229
f 261 229 231
f 231 229 230
f 231 230 236
f 236 230 235
f 236 235 233
f 233 235 232
f 5956 6006 6004
f 6004 6006 6000
f 6004 6000 6003
f 6003 6000 5997
f 6003 5997 6002
f 6002 5997 5996
f 6002 5996 5999
f 5999 5996 6012
f 5999 6012 6020
f 6020 6012 6018
f 6020 6018 6013
f 6013 6018 6016
f 6013 6016 5937
f 5937 6016 5924
f 5937 5924 5938
f 5938 5924 5923
f 5938 5923 5939
f 5939 5923 5922
f 5939 5922 5940
f 5940 5922 5921
f 5940 5921 5941
f 5941 5921 5872
f 5941 5872 5897
f 5897 5872 5871
f 5897 5871 5837
f 5837 5871 5853
f 5837 5853 5838
f 5838 5853 5852
f 5838 5852 5832
f 5832 5852 5830
f 5832 5830 5833
f 5833 5830 5829
f 5833 5829 6106
f 6106 5829 6114
f 6106 6114 6107
f 6107 6114 6102
f 6107 6102 6108
f 6108 6102 6110
f 6108 6110 6109
f 6109 6110 6097
f 6109 6097 6092
f 6092 6097 6096
f 6092 6096 6088
f 6088 6096 6095
f 6088 6095 6093
f 6093 6095 6094
f 6093 6094 6128
f 6128 6094 6074
f 6128 6074 6079
f 6079 6074 6075
f 6079 6075 6078
f 6078 6075 6080
f 6078 6080 6262
f 6262 6080 6259
f 6262 6259 6251
f 6251 6259 6260
f 6251 6260 6253
f 6253 6260 6256
f 6253 6256 6254
f 6254 6256 6274
f 6254 6274 6264
f 6264 6274 6273
f 6264 6273 6266
f 6266 6273 6271
f 6266 6271 6275
f 6275 6271 6272
f 6275 6272 6246
f 6246 6272 6237
f 6246 6237 6245
f 6245 6237 6239
f 6245 6239 6244
f 6244 6239 6332
f 6244 6332 7660
f 7660 6332 7670
f 7660 7670 7661
f 7661 7670 7652
f 7661 7652 7662
f 7662 7652 7653
f 7662 7653 7663
f 7663 7653 7654
f 7663 7654 7664
f 7664 7654 7692
f 7664 7692 7700
f 7700 7692 7690
f 7700 7690 7699
f 7699 7690 7691
f 7699 7691 7708
f 7708 7691 7681
f 7708 7681 7709
f 7709 7681 7680
f 7709 7680 7676
f 7676 7680 7679
f 7676 7679 7941
f 7941 7679 7934
f 7941 7934 7940
f 7940 7934 7929
f 7940 7929 7919
f 7919 7929 7926
f 7919 7926 7918
f 7918 7926 7925
f 7918 7925 7917
f 7917 7925 7924
f 7917 7924 7916
f 7916 7924 7887
f 7916 7887 7895
f 7895 7887 7884
f 7895 7884 7894
f 7894 7884 7885
f 7894 7885 7893
f 7893 7885 7886
f 7893 7886 7903
f 7903 7886 7910
f 7903 7910 7904
f 7904 7910 7909
f 7904 7909 7905
f 7905 7909 7908
f 7905 7908 8972
f 8972 7908 8974
f 8972 8974 8973
f 8973 8974 8990
f 8973 8990 8985
f 8985 8990 8976
f 8985 8976 8987
f 8987 8976 8988
f 8987 8988 8986
f 8986 8988 9217
f 8986 9217 8989
f 8989 9217 9216
f 8989 9216 9213
f 9213 9216 9210
f 9213 9210 9212
f 9212 9210 9209
f 9212 9209 9211
f 9211 9209 9206
f 9211 9206 9132
f 9132 9206 9137
f 9132 9137 9139
f 9139 9137 9140
f 9139 9140 9138
f 9138 9140 9129
f 9138 9129 9136
f 9136 9129 9128
f 9136 9128 9135
f 9135 9128 9104
f 9135 9104 9072
f 9072 9104 9105
f 9072 9105 9071
f 9071 9105 493
f 9071 493 485
f 485 493 479
f 485 479 621
f 621 479 620
f 621 620 626
f 626 620 616
f 626 616 625
f 625 616 622
f 625 622 623
f 623 622 624
f 623 624 593
f 593 624 539
f 593 539 591
f 591 539 577
f 591 577 582
f 582 577 579
f 582 579 570
f 570 579 580
f 570 580 574
f 574 580 583
f 574 583 573
f 573 583 559
f 573 559 156
f 156 559 150
f 156 150 157
f 157 150 159
f 157 159 158
f 158 159 160
f 158 160 162
f 162 160 179
f 162 179 163
f 163 179 174
f 163 174 161
f 161 174 191
f 161 191 185
f 185 191 190
f 185 190 186
f 186 190 189
f 186 189 240
f 240 189 253
f 240 253 247
f 247 253 246
f 247 246 248
f 248 246 239
f 248 239 229
f 229 239 238
f 229 238 230
f 230 238 237
f 230 237 235
f 235 237 234
f 235 234 232
f 232 234 225
f 6006 5998 6000
f 6000 5998 6007
f 6000 6007 5997
f 5997 6007 6010
f 5997 6010 5996
f 5996 6010 6011
f 5996 6011 6012
f 6012 6011 6021
f 6012 6021 6018
f 6018 6021 6025
f 6018 6025 6016
f 6016 6025 5931
f 6016 5931 5924
f 5924 5931 5933
f 5924 5933 5923
f 5923 5933 5932
f 5923 5932 5922
f 5922 5932 5920
f 5922 5920 5921
f 5921 5920 5863
f 5921 5863 5872
f 5872 5863 5870
f 5872 5870 5871
f 5871 5870 5847
f 5871 5847 5853
f 5853 5847 5849
f 5853 5849 5852
f 5852 5849 5854
f 5852 5854 5830
f 5830 5854 5839
f 5830 5839 5829
f 5829 5839 5843
f 5829 5843 6114
f 6114 5843 6101
f 6114 6101 6102
f 6102 6101 6104
f 6102 6104 6110
f 6110 6104 6105
f 6110 6105 6097
f 6097 6105 6089
f 6097 6089 6096
f 6096 6089 6090
f 6096 6090 6095
f 6095 6090 6091
f 6095 6091 6094
f 6094 6091 6072
f 6094 6072 6074
f 6074 6072 6071
f 6074 6071 6075
f 6075 6071 6070
f 6075 6070 6080
f 6080 6070 6076
f 6080 6076 6259
f 6259 6076 6318
f 6259 6318 6260
f 6260 6318 6319
f 6260 6319 6256
f 6256 6319 6320
f 6256 6320 6274
f 6274 6320 6321
f 6274 6321 6273
f 6273 6321 6338
f 6273 6338 6271
f 6271 6338 6328
f 6271 6328 6272
f 6272 6328 6325
f 6272 6325 6237
f 6237 6325 6324
f 6237 6324 6239
f 6239 6324 6329
f 6239 6329 6332
f 6332 6329 6326
f 6332 6326 7670
f 7670 6326 7644
f 7670 7644 7652
f 7652 7644 7651
f 7652 7651 7653
f 7653 7651 7650
f 7653 7650 7654
f 7654 7650 7649
f 7654 7649 7692
f 7692 7649 7693
f 7692 7693 7690
f 7690 7693 7694
f 7690 7694 7691
f 7691 7694 7695
f 7691 7695 7681
f 7681 7695 7677
f 7681 7677 7680
f 7680 7677 7675
f 7680 7675 7679
f 7679 7675 7674
f 7679 7674 7934
f 7934 7674 7928
f 7934 7928 7929
f 7929 7928 7915
f 7929 7915 7926
f 7926 7915 7920
f 7926 7920 7925
f 7925 7920 7921
f 7925 7921 7924
f 7924 7921 7864
f 7924 7864 7887
f 7887 7864 7889
f 7887 7889 7884
f 7884 7889 7888
f 7884 7888 7885
f 7885 7888 7891
f 7885 7891 7886
f 7886 7891 7892
f 7886 7892 7910
f 7910 7892 7818
f 7910 7818 7909
f 7909 7818 7819
f 7909 7819 7908
f 7908 7819 7821
f 7908 7821 8974
f 8974 7821 9193
f 8974 9193 8990
f 8990 9193 9194
f 8990 9194 8976
f 8976 9194 9196
f 8976 9196 8988
f 8988 9196 9226
f 8988 9226 9217
f 9217 9226 9225
f 9217 9225 9216
f 9216 9225 9223
f 9216 9223 9210
f 9210 9223 9215
f 9210 9215 9209
f 9209 9215 9204
f 9209 9204 9206
f 9206 9204 9205
f 9206 9205 9137
f 9137 9205 9130
f 9137 9130 9140
f 9140 9130 9131
f 9140 9131 9129
f 9129 9131 9103
f 9129 9103 9128
f 9128 9103 9097
f 9128 9097 9104
f 9104 9097 9100
f 9104 9100 9105
f 9105 9100 490
f 9105 490 493
f 493 490 489
f 493 489 479
f 479 489 488
f 479 488 620
f 620 488 618
f 620 618 616
f 616 618 619
f 616 619 622
f 622 619 617
f 622 617 624
f 624 617 553
f 624 553 539
f 539 553 554
f 539 554 577
f 577 554 571
f 577 571 579
f 579 571 572
f 579 572 580
f 580 572 558
f 580 558 583
f 583 558 557
f 583 557 559
f 559 557 556
f 559 556 150
f 150 556 166
f 150 166 159
f 159 166 168
f 159 168 160
f 160 168 169
f 160 169 179
f 179 169 170
f 179 170 174
f 174 170 173
f 174 173 191
f 191 173 180
f 191 180 190
f 190 180 181
f 190 181 189
f 189 181 187
f 189 187 253
f 253 187 188
f 253 188 246
f 246 188 315
f 246 315 239
f 239 315 314
f 239 314 238
f 238 314 313
f 238 313 237
f 237 313 281
f 237 281 234
f 234 281 282
f 234 282 225
f 225 282 283
f 5998 6005 6007
f 6007 6005 6001
f 6007 6001 6010
f 6010 6001 6019
f 6010 6019 6011
f 6011 6019 6017
f 6011 6017 6021
f 6021 6017 6015
f 6021 6015 6025
f 6025 6015 6014
f 6025 6014 5931
f 5931 6014 5925
f 5931 5925 5933
f 5933 5925 5926
f 5933 5926 5932
f 5932 5926 5927
f 5932 5927 5920
f 5920 5927 5868
f 5920 5868 5863
f 5863 5868 5867
f 5863 5867 5870
f 5870 5867 5866
f 5870 5866 5847
f 5847 5866 5851
f 5847 5851 5849
f 5849 5851 5844
f 5849 5844 5854
f 5854 5844 5848
f 5854 5848 5839
f 5839 5848 5836
f 5839 5836 5843
f 5843 5836 5835
f 5843 5835 6101
f 6101 5835 6113
f 6101 6113 6104
f 6104 6113 6112
f 6104 6112 6105
f 6105 6112 6111
f 6105 6111 6089
f 6089 6111 6099
f 6089 6099 6090
f 6090 6099 6098
f 6090 6098 6091
f 6091 6098 6081
f 6091 6081 6072
f 6072 6081 6082
f 6072 6082 6071
f 6071 6082 6083
f 6071 6083 6070
f 6070 6083 6084
f 6070 6084 6076
f 6076 6084 6323
f 6076 6323 6318
f 6318 6323 6322
f 6318 6322 6319
f 6319 6322 6310
f 6319 6310 6320
f 6320 6310 6313
f 6320 6313 6321
f 6321 6313 6314
f 6321 6314 6338
f 6338 6314 6327
f 6338 6327 6328
f 6328 6327 6330
f 6328 6330 6325
f 6325 6330 6335
f 6325 6335 6324
f 6324 6335 6336
f 6324 6336 6329
f 6329 6336 6337
f 6329 6337 6326
f 6326 6337 7647
f 6326 7647 7644
f 7644 7647 7646
f 7644 7646 7651
f 7651 7646 7645
f 7651 7645 7650
f 7650 7645 7648
f 7650 7648 7649
f 7649 7648 7696
f 7649 7696 7693
f 7693 7696 7697
f 7693 7697 7694
f 7694 7697 7698
f 7694 7698 7695
f 7695 7698 7684
f 7695 7684 7677
f 7677 7684 7683
f 7677 7683 7675
f 7675 7683 7682
f 7675 7682 7674
f 7674 7682 7678
f 7674 7678 7928
f 7928 7678 7922
f 7928 7922 7915
f 7915 7922 7923
f 7915 7923 7920
f 7920 7923 7914
f 7920 7914 7921
f 7921 7914 7868
f 7921 7868 7864
f 7864 7868 7867
f 7864 7867 7889
f 7889 7867 7866
f 7889 7866 7888
f 7888 7866 7865
f 7888 7865 7891
f 7891 7865 7896
f 7891 7896 7892
f 7892 7896 7796
f 7892 7796 7818
f 7818 7796 7810
f 7818 7810 7819
f 7819 7810 7811
f 7819 7811 7821
f 7821 7811 7812
f 7821 7812 9193
f 9193 7812 9199
f 9193 9199 9194
f 9194 9199 9186
f 9194 9186 9196
f 9196 9186 9187
f 9196 9187 9226
f 9226 9187 9221
f 9226 9221 9225
f 9225 9221 9224
f 9225 9224 9223
f 9223 9224 9229
f 9223 9229 9215
f 9215 9229 9207
f 9215 9207 9204
f 9204 9207 9208
f 9204 9208 9205
f 9205 9208 9201
f 9205 9201 9130
f 9130 9201 9111
f 9130 9111 9131
f 9131 9111 9099
f 9131 9099 9103
f 9103 9099 9110
f 9103 9110 9097
f 9097 9110 9109
f 9097 9109 9100
f 9100 9109 480
f 9100 480 490
f 490 480 481
f 490 481 489
f 489 481 482
f 489 482 488
f 488 482 483
f 488 483 618
f 618 483 465
f 618 465 619
f 619 465 544
f 619 544 617
f 617 544 545
f 617 545 553
f 553 545 546
f 553 546 554
f 554 546 547
f 554 547 571
f 571 547 565
f 571 565 572
f 572 565 567
f 572 567 558
f 558 567 568
f 558 568 557
f 557 568 569
f 557 569 556
f 556 569 564
f 556 564 166
f 166 564 171
f 166 171 168
f 168 171 176
f 168 176 169
f 169 176 177
f 169 177 170
f 170 177 178
f 170 178 173
f 173 178 197
f 173 197 180
f 180 197 193
f 180 193 181
f 181 193 194
f 181 194 187
f 187 194 192
f 187 192 188
f 188 192 312
f 188 312 315
f 315 312 311
f 315 311 314
f 314 311 310
f 314 310 313
f 313 310 306
f 313 306 281
f 281 306 280
f 281 280 282
f 282 280 279
f 282 279 283
f 283 279 278
f 6005 6009 6001
f 6001 6009 6008
f 6001 6008 6019
f 6019 6008 6022
f 6019 6022 6017
f 6017 6022 6023
f 6017 6023 6015
f 6015 6023 6024
f 6015 6024 6014
f 6014 6024 5928
f 6014 5928 5925
f 5925 5928 5929
f 5925 5929 5926
f 5926 5929 5930
f 5926 5930 5927
f 5927 5930 5861
f 5927 5861 5868
f 5868 5861 5860
f 5868 5860 5867
f 5867 5860 5873
f 5867 5873 5866
f 5866 5873 5874
f 5866 5874 5851
f 5851 5874 5846
f 5851 5846 5844
f 5844 5846 5845
f 5844 5845 5848
f 5848 5845 5812
f 5848 5812 5836
f 5836 5812 5811
f 5836 5811 5835
f 5835 5811 5810
f 5835 5810 6113
f 6113 5810 6047
f 6113 6047 6112
f 6112 6047 6046
f 6112 6046 6111
f 6111 6046 6044
f 6111 6044 6099
f 6099 6044 6057
f 6099 6057 6098
f 6098 6057 6059
f 6098 6059 6081
f 6081 6059 6077
f 6081 6077 6082
f 6082 6077 6073
f 6082 6073 6083
f 6083 6073 6287
f 6083 6287 6084
f 6084 6287 6286
f 6084 6286 6323
f 6323 6286 6315
f 6323 6315 6322
f 6322 6315 6316
f 6322 6316 6310
f 6310 6316 6317
f 6310 6317 6313
f 6313 6317 6311
f 6313 6311 6314
f 6314 6311 6312
f 6314 6312 6327
f 6327 6312 6362
f 6327 6362 6330
f 6330 6362 6355
f 6330 6355 6335
f 6335 6355 6331
f 6335 6331 6336
f 6336 6331 6333
f 6336 6333 6337
f 6337 6333 6334
f 6337 6334 7647
f 7647 6334 7655
f 7647 7655 7646
f 7646 7655 7656
f 7646 7656 7645
f 7645 7656 7657
f 7645 7657 7648
f 7648 7657 7658
f 7648 7658 7696
f 7696 7658 7689
f 7696 7689 7697
f 7697 7689 7701
f 7697 7701 7698
f 7698 7701 7702
f 7698 7702 7684
f 7684 7702 7685
f 7684 7685 7683
f 7683 7685 7686
f 7683 7686 7682
f 7682 7686 7687
f 7682 7687 7678
f 7678 7687 7688
f 7678 7688 7922
f 7922 7688 7827
f 7922 7827 7923
f 7923 7827 7825
f 7923 7825 7914
f 7914 7825 7863
f 7914 7863 7868
f 7868 7863 7862
f 7868 7862 7867
f 7867 7862 7861
f 7867 7861 7866
f 7866 7861 7856
f 7866 7856 7865
f 7865 7856 7860
f 7865 7860 7896
f 7896 7860 7802
f 7896 7802 7796
f 7796 7802 7807
f 7796 7807 7810
f 7810 7807 7820
f 7810 7820 7811
f 7811 7820 7814
f 7811 7814 7812
f 7812 7814 7813
f 7812 7813 9199
f 9199 7813 9200
f 9199 9200 9186
f 9186 9200 9198
f 9186 9198 9187
f 9187 9198 9197
f 9187 9197 9221
f 9221 9197 9222
f 9221 9222 9224
f 9224 9222 9228
f 9224 9228 9229
f 9229 9228 9227
f 9229 9227 9207
f 9207 9227 9214
f 9207 9214 9208
f 9208 9214 9144
f 9208 9144 9201
f 9201 9144 9145
f 9201 9145 9111
f 9111 9145 9108
f 9111 9108 9099
f 9099 9108 9107
f 9099 9107 9110
f 9110 9107 9106
f 9110 9106 9109
f 9109 9106 486
f 9109 486 480
f 480 486 487
f 480 487 481
f 481 487 491
f 481 491 482
f 482 491 492
f 482 492 483
f 483 492 470
f 483 470 465
f 465 470 466
f 465 466 544
f 544 466 540
f 544 540 545
f 545 540 550
f 545 550 546
f 546 550 549
f 546 549 547
f 547 549 548
f 547 548 565
f 565 548 560
f 565 560 567
f 567 560 561
f 567 561 568
f 568 561 562
f 568 562 569
f 569 562 566
f 569 566 564
f 564 566 358
f 564 358 171
f 171 358 167
f 171 167 176
f 176 167 165
f 176 165 177
f 177 165 172
f 177 172 178
f 178 172 195
f 178 195 197
f 197 195 196
f 197 196 193
f 193 196 184
f 193 184 194
f 194 184 183
f 194 183 192
f 192 183 182
f 192 182 312
f 312 182 309
f 312 309 311
f 311 309 308
f 311 308 310
f 310 308 307
f 310 307 306
f 306 307 305
f 306 305 280
f 280 305 272
f 280 272 279
f 279 272 271
f 279 271 278
f 278 271 274
f 6009 6035 6008
f 6008 6035 6036
f 6008 6036 6022
f 6022 6036 6037
f 6022 6037 6023
f 6023 6037 6038
f 6023 6038 6024
f 6024 6038 6039
f 6024 6039 5928
f 5928 6039 6040
f 5928 6040 5929
f 5929 6040 5773
f 5929 5773 5930
f 5930 5773 5772
f 5930 5772 5861
f 5861 5772 5864
f 5861 5864 5860
f 5860 5864 5862
f 5860 5862 5873
f 5873 5862 5865
f 5873 5865 5874
f 5874 5865 5856
f 5874 5856 5846
f 5846 5856 5858
f 5846 5858 5845
f 5845 5858 5808
f 5845 5808 5812
f 5812 5808 5799
f 5812 5799 5811
f 5811 5799 5809
f 5811 5809 5810
f 5810 5809 5813
f 5810 5813 6047
f 6047 5813 6045
f 6047 6045 6046
f 6046 6045 6052
f 6046 6052 6044
f 6044 6052 6053
f 6044 6053 6057
f 6057 6053 6068
f 6057 6068 6059
f 6059 6068 6069
f 6059 6069 6077
f 6077 6069 6061
f 6077 6061 6073
f 6073 6061 6290
f 6073 6290 6287
f 6287 6290 6289
f 6287 6289 6286
f 6286 6289 6280
f 6286 6280 6315
f 6315 6280 6306
f 6315 6306 6316
f 6316 6306 6305
f 6316 6305 6317
f 6317 6305 6307
f 6317 6307 6311
f 6311 6307 6308
f 6311 6308 6312
f 6312 6308 6368
f 6312 6368 6362
f 6362 6368 6358
f 6362 6358 6355
f 6355 6358 6357
f 6355 6357 6331
f 6331 6357 6344
f 6331 6344 6333
f 6333 6344 6343
f 6333 6343 6334
f 6334 6343 6342
f 6334 6342 7655
f 7655 6342 7771
f 7655 7771 7656
f 7656 7771 7787
f 7656 7787 7657
f 7657 7787 7788
f 7657 7788 7658
f 7658 7788 7791
f 7658 7791 7689
f 7689 7791 7792
f 7689 7792 7701
f 7701 7792 7727
f 7701 7727 7702
f 7702 7727 7729
f 7702 7729 7685
f 7685 7729 7748
f 7685 7748 7686
f 7686 7748 7747
f 7686 7747 7687
f 7687 7747 7746
f 7687 7746 7688
f 7688 7746 7829
f 7688 7829 7827
f 7827 7829 7826
f 7827 7826 7825
f 7825 7826 7824
f 7825 7824 7863
f 7863 7824 7857
f 7863 7857 7862
f 7862 7857 7858
f 7862 7858 7861
f 7861 7858 7859
f 7861 7859 7856
f 7856 7859 7855
f 7856 7855 7860
f 7860 7855 7797
f 7860 7797 7802
f 7802 7797 7798
f 7802 7798 7807
f 7807 7798 7799
f 7807 7799 7820
f 7820 7799 7815
f 7820 7815 7814
f 7814 7815 7816
f 7814 7816 7813
f 7813 7816 7817
f 7813 7817 9200
f 9200 7817 9195
f 9200 9195 9198
f 9198 9195 9192
f 9198 9192 9197
f 9197 9192 9191
f 9197 9191 9222
f 9222 9191 9220
f 9222 9220 9228
f 9228 9220 9219
f 9228 9219 9227
f 9227 9219 9161
f 9227 9161 9214
f 9214 9161 9153
f 9214 9153 9144
f 9144 9153 9146
f 9144 9146 9145
f 9145 9146 9154
f 9145 9154 9108
f 9108 9154 9101
f 9108 9101 9107
f 9107 9101 9102
f 9107 9102 9106
f 9106 9102 506
f 9106 506 486
f 486 506 499
f 486 499 487
f 487 499 484
f 487 484 491
f 491 484 472
f 491 472 492
f 492 472 471
f 492 471 470
f 470 471 464
f 470 464 466
f 466 464 468
f 466 468 540
f 540 468 541
f 540 541 550
f 550 541 551
f 550 551 549
f 549 551 552
f 549 552 548
f 548 552 563
f 548 563 560
f 560 563 555
f 560 555 561
f 561 555 348
f 561 348 562
f 562 348 346
f 562 346 566
f 566 346 354
f 566 354 358
f 358 354 360
f 358 360 167
f 167 360 175
f 167 175 165
f 165 175 204
f 165 204 172
f 172 204 203
f 172 203 195
f 195 203 202
f 195 202 196
f 196 202 201
f 196 201 184
f 184 201 223
f 184 223 183
f 183 223 224
f 183 224 182
f 182 224 295
f 182 295 309
f 309 295 298
f 309 298 308
f 308 298 301
f 308 301 307
f 307 301 302
f 307 302 305
f 305 302 303
f 305 303 272
f 272 303 273
f 272 273 271
f 271 273 275
f 271 275 274
f 274 275 277
f 6035 6027 6036
f 6036 6027 6029
f 6036 6029 6037
f 6037 6029 6028
f 6037 6028 6038
f 6038 6028 6026
f 6038 6026 6039
f 6039 6026 6033
f 6039 6033 6040
f 6040 6033 5778
f 6040 5778 5773
f 5773 5778 5775
f 5773 5775 5772
f 5772 5775 5774
f 5772 5774 5864
f 5864 5774 5869
f 5864 5869 5862
f 5862 5869 5859
f 5862 5859 5865
f 5865 5859 5857
f 5865 5857 5856
f 5856 5857 5855
f 5856 5855 5858
f 5858 5855 5806
f 5858 5806 5808
f 5808 5806 5802
f 5808 5802 5799
f 5799 5802 5803
f 5799 5803 5809
f 5809 5803 5805
f 5809 5805 5813
f 5813 5805 6051
f 5813 6051 6045
f 6045 6051 6050
f 6045 6050 6052
f 6052 6050 6049
f 6052 6049 6053
f 6053 6049 6067
f 6053 6067 6068
f 6068 6067 6066
f 6068 6066 6069
f 6069 6066 6065
f 6069 6065 6061
f 6061 6065 6064
f 6061 6064 6290
f 6290 6064 6282
f 6290 6282 6289
f 6289 6282 6283
f 6289 6283 6280
f 6280 6283 6284
f 6280 6284 6306
f 6306 6284 6299
f 6306 6299 6305
f 6305 6299 6295
f 6305 6295 6307
f 6307 6295 6301
f 6307 6301 6308
f 6308 6301 6366
f 6308 6366 6368
f 6368 6366 6365
f 6368 6365 6358
f 6358 6365 6364
f 6358 6364 6357
f 6357 6364 6354
f 6357 6354 6344
f 6344 6354 6352
f 6344 6352 6343
f 6343 6352 6353
f 6343 6353 6342
f 6342 6353 7773
f 6342 7773 7771
f 7771 7773 7770
f 7771 7770 7787
f 7787 7770 7784
f 7787 7784 7788
f 7788 7784 7783
f 7788 7783 7791
f 7791 7783 7782
f 7791 7782 7792
f 7792 7782 7731
f 7792 7731 7727
f 7727 7731 7732
f 7727 7732 7729
f 7729 7732 7733
f 7729 7733 7748
f 7748 7733 7738
f 7748 7738 7747
f 7747 7738 7739
f 7747 7739 7746
f 7746 7739 7740
f 7746 7740 7829
f 7829 7740 7837
f 7829 7837 7826
f 7826 7837 7838
f 7826 7838 7824
f 7824 7838 7850
f 7824 7850 7857
f 7857 7850 7849
f 7857 7849 7858
f 7858 7849 7848
f 7858 7848 7859
f 7859 7848 7847
f 7859 7847 7855
f 7855 7847 7803
f 7855 7803 7797
f 7797 7803 7804
f 7797 7804 7798
f 7798 7804 7805
f 7798 7805 7799
f 7799 7805 7806
f 7799 7806 7815
f 7815 7806 7809
f 7815 7809 7816
f 7816 7809 7823
f 7816 7823 7817
f 7817 7823 7822
f 7817 7822 9195
f 9195 7822 9190
f 9195 9190 9192
f 9192 9190 9189
f 9192 9189 9191
f 9191 9189 9188
f 9191 9188 9220
f 9220 9188 9218
f 9220 9218 9219
f 9219 9218 9162
f 9219 9162 9161
f 9161 9162 9163
f 9161 9163 9153
f 9153 9163 9149
f 9153 9149 9146
f 9146 9149 9148
f 9146 9148 9154
f 9154 9148 9147
f 9154 9147 9101
f 9101 9147 9098
f 9101 9098 9102
f 9102 9098 498
f 9102 498 506
f 506 498 507
f 506 507 499
f 499 507 508
f 499 508 484
f 484 508 467
f 484 467 472
f 472 467 478
f 472 478 471
f 471 478 469
f 471 469 464
f 464 469 477
f 464 477 468
f 468 477 476
f 468 476 541
f 541 476 542
f 541 542 551
f 551 542 543
f 551 543 552
f 552 543 337
f 552 337 563
f 563 337 336
f 563 336 555
f 555 336 347
f 555 347 348
f 348 347 349
f 348 349 346
f 346 349 350
f 346 350 354
f 354 350 356
f 354 356 360
f 360 356 357
f 360 357 175
f 175 357 209
f 175 209 204
f 204 209 207
f 204 207 203
f 203 207 206
f 203 206 202
f 202 206 200
f 202 200 201
f 201 200 215
f 201 215 223
f 223 215 216
f 223 216 224
f 224 216 286
f 224 286 295
f 295 286 300
f 295 300 298
f 298 300 299
f 298 299 301
f 301 299 287
f 301 287 302
f 302 287 304
f 302 304 303
f 303 304 276
f 303 276 273
f 273 276 285
f 273 285 275
f 275 285 284
f 275 284 277
f 277 284 1011
f 6027 6034 6029
f 6029 6034 6030
f 6029 6030 6028
f 6028 6030 6032
f 6028 6032 6026
f 6026 6032 6031
f 6026 6031 6033
f 6033 6031 5769
f 6033 5769 5778
f 5778 5769 5776
f 5778 5776 5775
f 5775 5776 5777
f 5775 5777 5774
f 5774 5777 5733
f 5774 5733 5869
f 5869 5733 5732
f 5869 5732 5859
f 5859 5732 5731
f 5859 5731 5857
f 5857 5731 5850
f 5857 5850 5855
f 5855 5850 5821
f 5855 5821 5806
f 5806 5821 5818
f 5806 5818 5802
f 5802 5818 5804
f 5802 5804 5803
f 5803 5804 5801
f 5803 5801 5805
f 5805 5801 5800
f 5805 5800 6051
f 6051 5800 6054
f 6051 6054 6050
f 6050 6054 6041
f 6050 6041 6049
f 6049 6041 6048
f 6049 6048 6067
f 6067 6048 6055
f 6067 6055 6066
f 6066 6055 6056
f 6066 6056 6065
f 6065 6056 6060
f 6065 6060 6064
f 6064 6060 6294
f 6064 6294 6282
f 6282 6294 6293
f 6282 6293 6283
f 6283 6293 6292
f 6283 6292 6284
f 6284 6292 6288
f 6284 6288 6299
f 6299 6288 6304
f 6299 6304 6295
f 6295 6304 6303
f 6295 6303 6301
f 6301 6303 6302
f 6301 6302 6366
f 6366 6302 6363
f 6366 6363 6365
f 6365 6363 6361
f 6365 6361 6364
f 6364 6361 6346
f 6364 6346 6354
f 6354 6346 6347
f 6354 6347 6352
f 6352 6347 6348
f 6352 6348 6353
f 6353 6348 6351
f 6353 6351 7773
f 7773 6351 7772
f 7773 7772 7770
f 7770 7772 7769
f 7770 7769 7784
f 7784 7769 7781
f 7784 7781 7783
f 7783 7781 7785
f 7783 7785 7782
f 7782 7785 7779
f 7782 7779 7731
f 7731 7779 7728
f 7731 7728 7732
f 7732 7728 7730
f 7732 7730 7733
f 7733 7730 7736
f 7733 7736 7738
f 7738 7736 7735
f 7738 7735 7739
f 7739 7735 7737
f 7739 7737 7740
f 7740 7737 7839
f 7740 7839 7837
f 7837 7839 7836
f 7837 7836 7838
f 7838 7836 7833
f 7838 7833 7850
f 7850 7833 7841
f 7850 7841 7849
f 7849 7841 7845
f 7849 7845 7848
f 7848 7845 7846
f 7848 7846 7847
f 7847 7846 7840
f 7847 7840 7803
f 7803 7840 7800
f 7803 7800 7804
f 7804 7800 7794
f 7804 7794 7805
f 7805 7794 7801
f 7805 7801 7806
f 7806 7801 8264
f 7806 8264 7809
f 7809 8264 8256
f 7809 8256 7823
f 7823 8256 8255
f 7823 8255 7822
f 7822 8255 8254
f 7822 8254 9190
f 9190 8254 9172
f 9190 9172 9189
f 9189 9172 9173
f 9189 9173 9188
f 9188 9173 9174
f 9188 9174 9218
f 9218 9174 9164
f 9218 9164 9162
f 9162 9164 9167
f 9162 9167 9163
f 9163 9167 9168
f 9163 9168 9149
f 9149 9168 9152
f 9149 9152 9148
f 9148 9152 9142
f 9148 9142 9147
f 9147 9142 9143
f 9147 9143 9098
f 9098 9143 497
f 9098 497 498
f 498 497 501
f 498 501 507
f 507 501 503
f 507 503 508
f 508 503 500
f 508 500 467
f 467 500 475
f 467 475 478
f 478 475 474
f 478 474 469
f 469 474 473
f 469 473 477
f 477 473 535
f 477 535 476
f 476 535 526
f 476 526 542
f 542 526 331
f 542 331 543
f 543 331 335
f 543 335 337
f 337 335 338
f 337 338 336
f 336 338 339
f 336 339 347
f 347 339 355
f 347 355 349
f 349 355 353
f 349 353 350
f 350 353 352
f 350 352 356
f 356 352 351
f 356 351 357
f 357 351 362
f 357 362 209
f 209 362 198
f 209 198 207
f 207 198 208
f 207 208 206
f 206 208 205
f 206 205 200
f 200 205 221
f 200 221 215
f 215 221 222
f 215 222 216
f 216 222 294
f 216 294 286
f 286 294 293
f 286 293 300
f 300 293 292
f 300 292 299
f 299 292 291
f 299 291 287
f 287 291 290
f 287 290 304
f 304 290 1010
f 304 1010 276
f 276 1010 1009
f 276 1009 285
f 285 1009 1008
f 285 1008 284
f 284 1008 1007
f 284 1007 1011
f 1011 1007 1006
f 6034 5797 6030
f 6030 5797 5798
f 6030 5798 6032
f 6032 5798 5786
f 6032 5786 6031
f 6031 5786 5779
f 6031 5779 5769
f 5769 5779 5782
f 5769 5782 5776
f 5776 5782 5781
f 5776 5781 5777
f 5777 5781 5727
f 5777 5727 5733
f 5733 5727 5726
f 5733 5726 5732
f 5732 5726 5725
f 5732 5725 5731
f 5731 5725 5724
f 5731 5724 5850
f 5850 5724 5822
f 5850 5822 5821
f 5821 5822 5824
f 5821 5824 5818
f 5818 5824 5828
f 5818 5828 5804
f 5804 5828 5825
f 5804 5825 5801
f 5801 5825 5807
f 5801 5807 5800
f 5800 5807 5407
f 5800 5407 6054
f 6054 5407 5398
f 6054 5398 6041
f 6041 5398 6042
f 6041 6042 6048
f 6048 6042 6043
f 6048 6043 6055
f 6055 6043 6058
f 6055 6058 6056
f 6056 6058 6062
f 6056 6062 6060
f 6060 6062 6063
f 6060 6063 6294
f 6294 6063 6281
f 6294 6281 6293
f 6293 6281 6279
f 6293 6279 6292
f 6292 6279 6291
f 6292 6291 6288
f 6288 6291 6296
f 6288 6296 6304
f 6304 6296 6297
f 6304 6297 6303
f 6303 6297 6298
f 6303 6298 6302
f 6302 6298 6356
f 6302 6356 6363
f 6363 6356 6359
f 6363 6359 6361
f 6361 6359 6360
f 6361 6360 6346
f 6346 6360 6339
f 6346 6339 6347
f 6347 6339 6340
f 6347 6340 6348
f 6348 6340 6341
f 6348 6341 6351
f 6351 6341 7776
f 6351 7776 7772
f 7772 7776 7768
f 7772 7768 7769
f 7769 7768 7774
f 7769 7774 7781
f 7781 7774 7786
f 7781 7786 7785
f 7785 7786 7793
f 7785 7793 7779
f 7779 7793 7780
f 7779 7780 7728
f 7728 7780 7720
f 7728 7720 7730
f 7730 7720 7719
f 7730 7719 7736
f 7736 7719 7742
f 7736 7742 7735
f 7735 7742 7741
f 7735 7741 7737
f 7737 7741 7734
f 7737 7734 7839
f 7839 7734 7830
f 7839 7830 7836
f 7836 7830 7831
f 7836 7831 7833
f 7833 7831 7832
f 7833 7832 7841
f 7841 7832 7842
f 7841 7842 7845
f 7845 7842 7843
f 7845 7843 7846
f 7846 7843 7844
f 7846 7844 7840
f 7840 7844 7851
f 7840 7851 7800
f 7800 7851 7795
f 7800 7795 7794
f 7794 7795 7808
f 7794 7808 7801
f 7801 7808 8261
f 7801 8261 8264
f 8264 8261 8262
f 8264 8262 8256
f 8256 8262 8252
f 8256 8252 8255
f 8255 8252 8251
f 8255 8251 8254
f 8254 8251 8247
f 8254 8247 9172
f 9172 8247 9171
f 9172 9171 9173
f 9173 9171 9180
f 9173 9180 9174
f 9174 9180 9181
f 9174 9181 9164
f 9164 9181 9165
f 9164 9165 9167
f 9167 9165 9166
f 9167 9166 9168
f 9168 9166 9157
f 9168 9157 9152
f 9152 9157 9150
f 9152 9150 9142
f 9142 9150 9151
f 9142 9151 9143
f 9143 9151 495
f 9143 495 497
f 497 495 505
f 497 505 501
f 501 505 504
f 501 504 503
f 503 504 494
f 503 494 500
f 500 494 527
f 500 527 475
f 475 527 538
f 475 538 474
f 474 538 533
f 474 533 473
f 473 533 532
f 473 532 535
f 535 532 528
f 535 528 526
f 526 528 340
f 526 340 331
f 331 340 341
f 331 341 335
f 335 341 342
f 335 342 338
f 338 342 332
f 338 332 339
f 339 332 330
f 339 330 355
f 355 330 359
f 355 359 353
f 353 359 368
f 353 368 352
f 352 368 370
f 352 370 351
f 351 370 371
f 351 371 362
f 362 371 363
f 362 363 198
f 198 363 199
f 198 199 208
f 208 199 220
f 208 220 205
f 205 220 219
f 205 219 221
f 221 219 218
f 221 218 222
f 222 218 217
f 222 217 294
f 294 217 288
f 294 288 293
f 293 288 289
f 293 289 292
f 292 289 296
f 292 296 291
f 291 296 297
f 291 297 290
f 290 297 1012
f 290 1012 1010
f 1010 1012 1013
f 1010 1013 1009
f 1009 1013 1014
f 1009 1014 1008
f 1008 1014 1015
f 1008 1015 1007
f 1007 1015 1016
f 1007 1016 1006
f 1006 1016 1017
f 5797 5796 5798
f 5798 5796 5795
f 5798 5795 5786
f 5786 5795 5791
f 5786 5791 5779
f 5779 5791 5783
f 5779 5783 5782
f 5782 5783 5784
f 5782 5784 5781
f 5781 5784 5780
f 5781 5780 5727
f 5727 5780 5729
f 5727 5729 5726
f 5726 5729 5728
f 5726 5728 5725
f 5725 5728 5737
f 5725 5737 5724
f 5724 5737 5730
f 5724 5730 5822
f 5822 5730 5816
f 5822 5816 5824
f 5824 5816 5817
f 5824 5817 5828
f 5828 5817 5819
f 5828 5819 5825
f 5825 5819 5820
f 5825 5820 5807
f 5807 5820 5408
f 5807 5408 5407
f 5407 5408 5409
f 5407 5409 5398
f 5398 5409 5410
f 5398 5410 6042
f 6042 5410 5411
f 6042 5411 6043
f 6043 5411 5599
f 6043 5599 6058
f 6058 5599 5630
f 6058 5630 6062
f 6062 5630 5631
f 6062 5631 6063
f 6063 5631 5632
f 6063 5632 6281
f 6281 5632 6285
f 6281 6285 6279
f 6279 6285 5619
f 6279 5619 6291
f 6291 5619 5613
f 6291 5613 6296
f 6296 5613 5611
f 6296 5611 6297
f 6297 5611 6300
f 6297 6300 6298
f 6298 6300 6309
f 6298 6309 6356
f 6356 6309 6369
f 6356 6369 6359
f 6359 6369 6367
f 6359 6367 6360
f 6360 6367 6350
f 6360 6350 6339
f 6339 6350 6345
f 6339 6345 6340
f 6340 6345 6349
f 6340 6349 6341
f 6341 6349 7765
f 6341 7765 7776
f 7776 7765 7764
f 7776 7764 7768
f 7768 7764 7766
f 7768 7766 7774
f 7774 7766 7767
f 7774 7767 7786
f 7786 7767 7789
f 7786 7789 7793
f 7793 7789 7790
f 7793 7790 7780
f 7780 7790 7724
f 7780 7724 7720
f 7720 7724 7722
f 7720 7722 7719
f 7719 7722 7721
f 7719 7721 7742
f 7742 7721 7743
f 7742 7743 7741
f 7741 7743 7744
f 7741 7744 7734
f 7734 7744 7745
f 7734 7745 7830
f 7830 7745 7828
f 7830 7828 7831
f 7831 7828 7834
f 7831 7834 7832
f 7832 7834 7835
f 7832 7835 7842
f 7842 7835 7854
f 7842 7854 7843
f 7843 7854 7853
f 7843 7853 7844
f 7844 7853 7852
f 7844 7852 7851
f 7851 7852 8239
f 7851 8239 7795
f 7795 8239 8240
f 7795 8240 7808
f 7808 8240 8266
f 7808 8266 8261
f 8261 8266 8265
f 8261 8265 8262
f 8262 8265 8267
f 8262 8267 8252
f 8252 8267 8257
f 8252 8257 8251
f 8251 8257 8258
f 8251 8258 8247
f 8247 8258 8244
f 8247 8244 9171
f 9171 8244 9182
f 9171 9182 9180
f 9180 9182 9183
f 9180 9183 9181
f 9181 9183 9160
f 9181 9160 9165
f 9165 9160 9159
f 9165 9159 9166
f 9166 9159 9158
f 9166 9158 9157
f 9157 9158 9156
f 9157 9156 9150
f 9150 9156 9155
f 9150 9155 9151
f 9151 9155 4787
f 9151 4787 495
f 495 4787 496
f 495 496 505
f 505 496 502
f 505 502 504
f 504 502 517
f 504 517 494
f 494 517 514
f 494 514 527
f 527 514 524
f 527 524 538
f 538 524 534
f 538 534 533
f 533 534 537
f 533 537 532
f 532 537 525
f 532 525 528
f 528 525 343
f 528 343 340
f 340 343 344
f 340 344 341
f 341 344 345
f 341 345 342
f 342 345 329
f 342 329 332
f 332 329 325
f 332 325 330
f 330 325 326
f 330 326 359
f 359 326 375
f 359 375 368
f 368 375 366
f 368 366 370
f 370 366 374
f 370 374 371
f 371 374 372
f 371 372 363
f 363 372 367
f 363 367 199
f 199 367 213
f 199 213 220
f 220 213 210
f 220 210 219
f 219 210 211
f 219 211 218
f 218 211 212
f 218 212 217
f 217 212 1043
f 217 1043 288
f 288 1043 1040
f 288 1040 289
f 289 1040 1026
f 289 1026 296
f 296 1026 1025
f 296 1025 297
f 297 1025 1024
f 297 1024 1012
f 1012 1024 1004
f 1012 1004 1013
f 1013 1004 1018
f 1013 1018 1014
f 1014 1018 1019
f 1014 1019 1015
f 1015 1019 1005
f 1015 1005 1016
f 1016 1005 977
f 1016 977 1017
f 1017 977 976
f 5796 5792 5795
f 5795 5792 5793
f 5795 5793 5791
f 5791 5793 5794
f 5791 5794 5783
f 5783 5794 5770
f 5783 5770 5784
f 5784 5770 5771
f 5784 5771 5780
f 5780 5771 5734
f 5780 5734 5729
f 5729 5734 5735
f 5729 5735 5728
f 5728 5735 5736
f 5728 5736 5737
f 5737 5736 5753
f 5737 5753 5730
f 5730 5753 5752
f 5730 5752 5816
f 5816 5752 5814
f 5816 5814 5817
f 5817 5814 5823
f 5817 5823 5819
f 5819 5823 5815
f 5819 5815 5820
f 5820 5815 5403
f 5820 5403 5408
f 5408 5403 5402
f 5408 5402 5409
f 5409 5402 5401
f 5409 5401 5410
f 5410 5401 5400
f 5410 5400 5411
f 5411 5400 5594
f 5411 5594 5599
f 5599 5594 5598
f 5599 5598 5630
f 5630 5598 5622
f 5630 5622 5631
f 5631 5622 5623
f 5631 5623 5632
f 5632 5623 5624
f 5632 5624 6285
f 6285 5624 5617
f 6285 5617 5619
f 5619 5617 5616
f 5619 5616 5613
f 5613 5616 5615
f 5613 5615 5611
f 5611 5615 5614
f 5611 5614 6300
f 6300 5614 5526
f 6300 5526 6309
f 6309 5526 5527
f 6309 5527 6369
f 6369 5527 5528
f 6369 5528 6367
f 6367 5528 5522
f 6367 5522 6350
f 6350 5522 5534
f 6350 5534 6345
f 6345 5534 5533
f 6345 5533 6349
f 6349 5533 5538
f 6349 5538 7765
f 7765 5538 7775
f 7765 7775 7764
f 7764 7775 7778
f 7764 7778 7766
f 7766 7778 7777
f 7766 7777 7767
f 7767 7777 7763
f 7767 7763 7789
f 7789 7763 7762
f 7789 7762 7790
f 7790 7762 7725
f 7790 7725 7724
f 7724 7725 7723
f 7724 7723 7722
f 7722 7723 7726
f 7722 7726 7721
f 7721 7726 8075
f 7721 8075 7743
f 7743 8075 8066
f 7743 8066 7744
f 7744 8066 8068
f 7744 8068 7745
f 7745 8068 8069
f 7745 8069 7828
f 7828 8069 8123
f 7828 8123 7834
f 7834 8123 8114
f 7834 8114 7835
f 7835 8114 8128
f 7835 8128 7854
f 7854 8128 8127
f 7854 8127 7853
f 7853 8127 8125
f 7853 8125 7852
f 7852 8125 8241
f 7852 8241 8239
f 8239 8241 8242
f 8239 8242 8240
f 8240 8242 8243
f 8240 8243 8266
f 8266 8243 8263
f 8266 8263 8265
f 8265 8263 8260
f 8265 8260 8267
f 8267 8260 8259
f 8267 8259 8257
f 8257 8259 8253
f 8257 8253 8258
f 8258 8253 8245
f 8258 8245 8244
f 8244 8245 8246
f 8244 8246 9182
f 9182 8246 9176
f 9182 9176 9183
f 9183 9176 9175
f 9183 9175 9160
f 9160 9175 9170
f 9160 9170 9159
f 9159 9170 9169
f 9159 9169 9158
f 9158 9169 4796
f 9158 4796 9156
f 9156 4796 4797
f 9156 4797 9155
f 9155 4797 4798
f 9155 4798 4787
f 4787 4798 4784
f 4787 4784 496
f 496 4784 4783
f 496 4783 502
f 502 4783 518
f 502 518 517
f 517 518 520
f 517 520 514
f 514 520 521
f 514 521 524
f 524 521 536
f 524 536 534
f 534 536 531
f 534 531 537
f 537 531 530
f 537 530 525
f 525 530 421
f 525 421 343
f 343 421 334
f 343 334 344
f 344 334 333
f 344 333 345
f 345 333 328
f 345 328 329
f 329 328 327
f 329 327 325
f 325 327 318
f 325 318 326
f 326 318 317
f 326 317 375
f 375 317 369
f 375 369 366
f 366 369 373
f 366 373 374
f 374 373 364
f 374 364 372
f 372 364 365
f 372 365 367
f 367 365 361
f 367 361 213
f 213 361 214
f 213 214 210
f 210 214 1037
f 210 1037 211
f 211 1037 1047
f 211 1047 212
f 212 1047 1049
f 212 1049 1043
f 1043 1049 1050
f 1043 1050 1040
f 1040 1050 1032
f 1040 1032 1026
f 1026 1032 1033
f 1026 1033 1025
f 1025 1033 1034
f 1025 1034 1024
f 1024 1034 994
f 1024 994 1004
f 1004 994 993
f 1004 993 1018
f 1018 993 992
f 1018 992 1019
f 1019 992 991
f 1019 991 1005
f 1005 991 979
f 1005 979 977
f 977 979 978
f 977 978 976
f 976 978 975
f 5792 5788 5793
f 5793 5788 5789
f 5793 5789 5794
f 5794 5789 5790
f 5794 5790 5770
f 5770 5790 5764
f 5770 5764 5771
f 5771 5764 5765
f 5771 5765 5734
f 5734 5765 5738
f 5734 5738 5735
f 5735 5738 5742
f 5735 5742 5736
f 5736 5742 5739
f 5736 5739 5753
f 5753 5739 5740
f 5753 5740 5752
f 5752 5740 5741
f 5752 5741 5814
f 5814 5741 5827
f 5814 5827 5823
f 5823 5827 5826
f 5823 5826 5815
f 5815 5826 5399
f 5815 5399 5403
f 5403 5399 5404
f 5403 5404 5402
f 5402 5404 5405
f 5402 5405 5401
f 5401 5405 5406
f 5401 5406 5400
f 5400 5406 5601
f 5400 5601 5594
f 5594 5601 5602
f 5594 5602 5598
f 5598 5602 5603
f 5598 5603 5622
f 5622 5603 5633
f 5622 5633 5623
f 5623 5633 5634
f 5623 5634 5624
f 5624 5634 5635
f 5624 5635 5617
f 5617 5635 5612
f 5617 5612 5616
f 5616 5612 5607
f 5616 5607 5615
f 5615 5607 5610
f 5615 5610 5614
f 5614 5610 5515
f 5614 5515 5526
f 5526 5515 5524
f 5526 5524 5527
f 5527 5524 5520
f 5527 5520 5528
f 5528 5520 5521
f 5528 5521 5522
f 5522 5521 5542
f 5522 5542 5534
f 5534 5542 5543
f 5534 5543 5533
f 5533 5543 5544
f 5533 5544 5538
f 5538 5544 5550
f 5538 5550 7775
f 7775 5550 7757
f 7775 7757 7778
f 7778 7757 7756
f 7778 7756 7777
f 7777 7756 7749
f 7777 7749 7763
f 7763 7749 7755
f 7763 7755 7762
f 7762 7755 7751
f 7762 7751 7725
f 7725 7751 8035
f 7725 8035 7723
f 7723 8035 8041
f 7723 8041 7726
f 7726 8041 8067
f 7726 8067 8075
f 8075 8067 8065
f 8075 8065 8066
f 8066 8065 8064
f 8066 8064 8068
f 8068 8064 8074
f 8068 8074 8069
f 8069 8074 8113
f 8069 8113 8123
f 8123 8113 8112
f 8123 8112 8114
f 8114 8112 8111
f 8114 8111 8128
f 8128 8111 8133
f 8128 8133 8127
f 8127 8133 8134
f 8127 8134 8125
f 8125 8134 8135
f 8125 8135 8241
f 8241 8135 8238
f 8241 8238 8242
f 8242 8238 8231
f 8242 8231 8243
f 8243 8231 8232
f 8243 8232 8263
f 8263 8232 8268
f 8263 8268 8260
f 8260 8268 8269
f 8260 8269 8259
f 8259 8269 8272
f 8259 8272 8253
f 8253 8272 8248
f 8253 8248 8245
f 8245 8248 8249
f 8245 8249 8246
f 8246 8249 8250
f 8246 8250 9176
f 9176 8250 9177
f 9176 9177 9175
f 9175 9177 9178
f 9175 9178 9170
f 9170 9178 9179
f 9170 9179 9169
f 9169 9179 4790
f 9169 4790 4796
f 4796 4790 4793
f 4796 4793 4797
f 4797 4793 4794
f 4797 4794 4798
f 4798 4794 4795
f 4798 4795 4784
f 4784 4795 4778
f 4784 4778 4783
f 4783 4778 4772
f 4783 4772 518
f 518 4772 510
f 518 510 520
f 520 510 511
f 520 511 521
f 521 511 512
f 521 512 536
f 536 512 513
f 536 513 531
f 531 513 529
f 531 529 530
f 530 529 432
f 530 432 421
f 421 432 431
f 421 431 334
f 334 431 418
f 334 418 333
f 333 418 419
f 333 419 328
f 328 419 319
f 328 319 327
f 327 319 320
f 327 320 318
f 318 320 321
f 318 321 317
f 317 321 322
f 317 322 369
f 369 322 381
f 369 381 373
f 373 381 376
f 373 376 364
f 364 376 377
f 364 377 365
f 365 377 378
f 365 378 361
f 361 378 697
f 361 697 214
f 214 697 1038
f 214 1038 1037
f 1037 1038 1039
f 1037 1039 1047
f 1047 1039 1041
f 1047 1041 1049
f 1049 1041 1036
f 1049 1036 1050
f 1050 1036 1042
f 1050 1042 1032
f 1032 1042 1031
f 1032 1031 1033
f 1033 1031 1035
f 1033 1035 1034
f 1034 1035 999
f 1034 999 994
f 994 999 1000
f 994 1000 993
f 993 1000 1001
f 993 1001 992
f 992 1001 1002
f 992 1002 991
f 991 1002 1003
f 991 1003 979
f 979 1003 988
f 979 988 978
f 978 988 984
f 978 984 975
f 975 984 989
f 5788 5787 5789
f 5789 5787 5785
f 5789 5785 5790
f 5790 5785 5755
f 5790 5755 5764
f 5764 5755 5756
f 5764 5756 5765
f 5765 5756 5757
f 5765 5757 5738
f 5738 5757 5743
f 5738 5743 5742
f 5742 5743 5744
f 5742 5744 5739
f 5739 5744 5745
f 5739 5745 5740
f 5740 5745 5746
f 5740 5746 5741
f 5741 5746 5747
f 5741 5747 5827
f 5827 5747 5376
f 5827 5376 5826
f 5826 5376 5377
f 5826 5377 5399
f 5399 5377 5397
f 5399 5397 5404
f 5404 5397 5388
f 5404 5388 5405
f 5405 5388 5393
f 5405 5393 5406
f 5406 5393 5392
f 5406 5392 5601
f 5601 5392 5600
f 5601 5600 5602
f 5602 5600 5605
f 5602 5605 5603
f 5603 5605 5596
f 5603 5596 5633
f 5633 5596 5621
f 5633 5621 5634
f 5634 5621 5628
f 5634 5628 5635
f 5635 5628 5629
f 5635 5629 5612
f 5612 5629 5606
f 5612 5606 5607
f 5607 5606 5608
f 5607 5608 5610
f 5610 5608 5609
f 5610 5609 5515
f 5515 5609 5519
f 5515 5519 5524
f 5524 5519 5518
f 5524 5518 5520
f 5520 5518 5517
f 5520 5517 5521
f 5521 5517 5537
f 5521 5537 5542
f 5542 5537 5536
f 5542 5536 5543
f 5543 5536 5535
f 5543 5535 5544
f 5544 5535 5559
f 5544 5559 5550
f 5550 5559 5554
f 5550 5554 7757
f 7757 5554 7761
f 7757 7761 7756
f 7756 7761 7760
f 7756 7760 7749
f 7749 7760 7759
f 7749 7759 7755
f 7755 7759 7758
f 7755 7758 7751
f 7751 7758 8045
f 7751 8045 8035
f 8035 8045 8046
f 8035 8046 8041
f 8041 8046 8073
f 8041 8073 8067
f 8067 8073 8070
f 8067 8070 8065
f 8065 8070 8071
f 8065 8071 8064
f 8064 8071 8072
f 8064 8072 8074
f 8074 8072 8120
f 8074 8120 8113
f 8113 8120 8119
f 8113 8119 8112
f 8112 8119 8118
f 8112 8118 8111
f 8111 8118 8117
f 8111 8117 8133
f 8133 8117 8130
f 8133 8130 8134
f 8134 8130 8132
f 8134 8132 8135
f 8135 8132 8136
f 8135 8136 8238
f 8238 8136 8237
f 8238 8237 8231
f 8231 8237 8235
f 8231 8235 8232
f 8232 8235 8234
f 8232 8234 8268
f 8268 8234 8271
f 8268 8271 8269
f 8269 8271 8270
f 8269 8270 8272
f 8272 8270 8183
f 8272 8183 8248
f 8248 8183 8196
f 8248 8196 8249
f 8249 8196 8197
f 8249 8197 8250
f 8250 8197 8198
f 8250 8198 9177
f 9177 8198 9184
f 9177 9184 9178
f 9178 9184 9185
f 9178 9185 9179
f 9179 9185 4789
f 9179 4789 4790
f 4790 4789 4788
f 4790 4788 4793
f 4793 4788 4786
f 4793 4786 4794
f 4794 4786 4785
f 4794 4785 4795
f 4795 4785 4773
f 4795 4773 4778
f 4778 4773 4775
f 4778 4775 4772
f 4772 4775 4776
f 4772 4776 510
f 510 4776 519
f 510 519 511
f 511 519 509
f 511 509 512
f 512 509 515
f 512 515 513
f 513 515 516
f 513 516 529
f 529 516 430
f 529 430 432
f 432 430 429
f 432 429 431
f 431 429 428
f 431 428 418
f 418 428 426
f 418 426 419
f 419 426 425
f 419 425 319
f 319 425 323
f 319 323 320
f 320 323 324
f 320 324 321
f 321 324 316
f 321 316 322
f 322 316 384
f 322 384 381
f 381 384 388
f 381 388 376
f 376 388 389
f 376 389 377
f 377 389 383
f 377 383 378
f 378 383 703
f 378 703 697
f 697 703 699
f 697 699 1038
f 1038 699 1048
f 1038 1048 1039
f 1039 1048 1046
f 1039 1046 1041
f 1041 1046 1045
f 1041 1045 1036
f 1036 1045 1044
f 1036 1044 1042
f 1042 1044 1021
f 1042 1021 1031
f 1031 1021 1022
f 1031 1022 1035
f 1035 1022 1023
f 1035 1023 999
f 999 1023 995
f 999 995 1000
f 1000 995 990
f 1000 990 1001
f 1001 990 996
f 1001 996 1002
f 1002 996 997
f 1002 997 1003
f 1003 997 980
f 1003 980 988
f 988 980 981
f 988 981 984
f 984 981 982
f 984 982 989
f 989 982 983
f 5787 5758 5785
f 5785 5758 5763
f 5785 5763 5755
f 5755 5763 5766
f 5755 5766 5756
f 5756 5766 5767
f 5756 5767 5757
f 5757 5767 5768
f 5757 5768 5743
f 5743 5768 5748
f 5743 5748 5744
f 5744 5748 5749
f 5744 5749 5745
f 5745 5749 5750
f 5745 5750 5746
f 5746 5750 5751
f 5746 5751 5747
f 5747 5751 5378
f 5747 5378 5376
f 5376 5378 5379
f 5376 5379 5377
f 5377 5379 5380
f 5377 5380 5397
f 5397 5380 5391
f 5397 5391 5388
f 5388 5391 5390
f 5388 5390 5393
f 5393 5390 5389
f 5393 5389 5392
f 5392 5389 5386
f 5392 5386 5600
f 5600 5386 5593
f 5600 5593 5605
f 5605 5593 5591
f 5605 5591 5596
f 5596 5591 5592
f 5596 5592 5621
f 5621 5592 5625
f 5621 5625 5628
f 5628 5625 5626
f 5628 5626 5629
f 5629 5626 5627
f 5629 5627 5606
f 5606 5627 5618
f 5606 5618 5608
f 5608 5618 5620
f 5608 5620 5609
f 5609 5620 5529
f 5609 5529 5519
f 5519 5529 5516
f 5519 5516 5518
f 5518 5516 5525
f 5518 5525 5517
f 5517 5525 5523
f 5517 5523 5537
f 5537 5523 5532
f 5537 5532 5536
f 5536 5532 5531
f 5536 5531 5535
f 5535 5531 5530
f 5535 5530 5559
f 5559 5530 5551
f 5559 5551 5554
f 5554 5551 5552
f 5554 5552 7761
f 7761 5552 7754
f 7761 7754 7760
f 7760 7754 7753
f 7760 7753 7759
f 7759 7753 7750
f 7759 7750 7758
f 7758 7750 8048
f 7758 8048 8045
f 8045 8048 8037
f 8045 8037 8046
f 8046 8037 8038
f 8046 8038 8073
f 8073 8038 8076
f 8073 8076 8070
f 8070 8076 8077
f 8070 8077 8071
f 8071 8077 8078
f 8071 8078 8072
f 8072 8078 8107
f 8072 8107 8120
f 8120 8107 8106
f 8120 8106 8119
f 8119 8106 8121
f 8119 8121 8118
f 8118 8121 8122
f 8118 8122 8117
f 8117 8122 8137
f 8117 8137 8130
f 8130 8137 8138
f 8130 8138 8132
f 8132 8138 8131
f 8132 8131 8136
f 8136 8131 8163
f 8136 8163 8237
f 8237 8163 8233
f 8237 8233 8235
f 8235 8233 8230
f 8235 8230 8234
f 8234 8230 8229
f 8234 8229 8271
f 8271 8229 8214
f 8271 8214 8270
f 8270 8214 8191
f 8270 8191 8183
f 8183 8191 8190
f 8183 8190 8196
f 8196 8190 8189
f 8196 8189 8197
f 8197 8189 8188
f 8197 8188 8198
f 8198 8188 8195
f 8198 8195 9184
f 9184 8195 4829
f 9184 4829 9185
f 9185 4829 4830
f 9185 4830 4789
f 4789 4830 4831
f 4789 4831 4788
f 4788 4831 4792
f 4788 4792 4786
f 4786 4792 4791
f 4786 4791 4785
f 4785 4791 4777
f 4785 4777 4773
f 4773 4777 4782
f 4773 4782 4775
f 4775 4782 4781
f 4775 4781 4776
f 4776 4781 4882
f 4776 4882 519
f 519 4882 4883
f 519 4883 509
f 509 4883 523
f 509 523 515
f 515 523 522
f 515 522 516
f 516 522 445
f 516 445 430
f 430 445 444
f 430 444 429
f 429 444 435
f 429 435 428
f 428 435 422
f 428 422 426
f 426 422 423
f 426 423 425
f 425 423 424
f 425 424 323
f 323 424 404
f 323 404 324
f 324 404 410
f 324 410 316
f 316 410 413
f 316 413 384
f 384 413 387
f 384 387 388
f 388 387 386
f 388 386 389
f 389 386 385
f 389 385 383
f 383 385 702
f 383 702 703
f 703 702 701
f 703 701 699
f 699 701 700
f 699 700 1048
f 1048 700 1058
f 1048 1058 1046
f 1046 1058 1065
f 1046 1065 1045
f 1045 1065 1064
f 1045 1064 1044
f 1044 1064 1063
f 1044 1063 1021
f 1021 1063 1027
f 1021 1027 1022
f 1022 1027 1028
f 1022 1028 1023
f 1023 1028 1029
f 1023 1029 995
f 995 1029 998
f 995 998 990
f 990 998 961
f 990 961 996
f 996 961 962
f 996 962 997
f 997 962 963
f 997 963 980
f 980 963 974
f 980 974 981
f 981 974 985
f 981 985 982
f 982 985 986
f 982 986 983
f 983 986 987
f 5758 5754 5763
f 5763 5754 5762
f 5763 5762 5766
f 5766 5762 5761
f 5766 5761 5767
f 5767 5761 5760
f 5767 5760 5768
f 5768 5760 5759
f 5768 5759 5748
f 5748 5759 5293
f 5748 5293 5749
f 5749 5293 5292
f 5749 5292 5750
f 5750 5292 5291
f 5750 5291 5751
f 5751 5291 5289
f 5751 5289 5378
f 5378 5289 5375
f 5378 5375 5379
f 5379 5375 5374
f 5379 5374 5380
f 5380 5374 5373
f 5380 5373 5391
f 5391 5373 5394
f 5391 5394 5390
f 5390 5394 5395
f 5390 5395 5389
f 5389 5395 5396
f 5389 5396 5386
f 5386 5396 5387
f 5386 5387 5593
f 5593 5387 5597
f 5593 5597 5591
f 5591 5597 5595
f 5591 5595 5592
f 5592 5595 5580
f 5592 5580 5625
f 5625 5580 5581
f 5625 5581 5626
f 5626 5581 5573
f 5626 5573 5627
f 5627 5573 5574
f 5627 5574 5618
f 5618 5574 5572
f 5618 5572 5620
f 5620 5572 5571
f 5620 5571 5529
f 5529 5571 5570
f 5529 5570 5516
f 5516 5570 5489
f 5516 5489 5525
f 5525 5489 5488
f 5525 5488 5523
f 5523 5488 5487
f 5523 5487 5532
f 5532 5487 5539
f 5532 5539 5531
f 5531 5539 5540
f 5531 5540 5530
f 5530 5540 5555
f 5530 5555 5551
f 5551 5555 5553
f 5551 5553 5552
f 5552 5553 5545
f 5552 5545 7754
f 7754 5545 7752
f 7754 7752 7753
f 7753 7752 8036
f 7753 8036 7750
f 7750 8036 8034
f 7750 8034 8048
f 8048 8034 8039
f 8048 8039 8037
f 8037 8039 8040
f 8037 8040 8038
f 8038 8040 8081
f 8038 8081 8076
f 8076 8081 8086
f 8076 8086 8077
f 8077 8086 8080
f 8077 8080 8078
f 8078 8080 8099
f 8078 8099 8107
f 8107 8099 8096
f 8107 8096 8106
f 8106 8096 8097
f 8106 8097 8121
f 8121 8097 8110
f 8121 8110 8122
f 8122 8110 8124
f 8122 8124 8137
f 8137 8124 8129
f 8137 8129 8138
f 8138 8129 8126
f 8138 8126 8131
f 8131 8126 8154
f 8131 8154 8163
f 8163 8154 8155
f 8163 8155 8233
f 8233 8155 8236
f 8233 8236 8230
f 8230 8236 8216
f 8230 8216 8229
f 8229 8216 8219
f 8229 8219 8214
f 8214 8219 8215
f 8214 8215 8191
f 8191 8215 8184
f 8191 8184 8190
f 8190 8184 8185
f 8190 8185 8189
f 8189 8185 8186
f 8189 8186 8188
f 8188 8186 8187
f 8188 8187 8195
f 8195 8187 4832
f 8195 4832 4829
f 4829 4832 4841
f 4829 4841 4830
f 4830 4841 4843
f 4830 4843 4831
f 4831 4843 4842
f 4831 4842 4792
f 4792 4842 4828
f 4792 4828 4791
f 4791 4828 4779
f 4791 4779 4777
f 4777 4779 4769
f 4777 4769 4782
f 4782 4769 4774
f 4782 4774 4781
f 4781 4774 4878
f 4781 4878 4882
f 4882 4878 4879
f 4882 4879 4883
f 4883 4879 4880
f 4883 4880 523
f 523 4880 4875
f 523 4875 522
f 522 4875 437
f 522 437 445
f 445 437 436
f 445 436 444
f 444 436 438
f 444 438 435
f 435 438 442
f 435 442 422
f 422 442 427
f 422 427 423
f 423 427 420
f 423 420 424
f 424 420 416
f 424 416 404
f 404 416 411
f 404 411 410
f 410 411 405
f 410 405 413
f 413 405 417
f 413 417 387
f 387 417 382
f 387 382 386
f 386 382 380
f 386 380 385
f 385 380 690
f 385 690 702
f 702 690 694
f 702 694 701
f 701 694 695
f 701 695 700
f 700 695 696
f 700 696 1058
f 1058 696 1062
f 1058 1062 1065
f 1065 1062 1061
f 1065 1061 1064
f 1064 1061 1060
f 1064 1060 1063
f 1063 1060 1059
f 1063 1059 1027
f 1027 1059 1020
f 1027 1020 1028
f 1028 1020 1030
f 1028 1030 1029
f 1029 1030 1095
f 1029 1095 998
f 998 1095 964
f 998 964 961
f 961 964 965
f 961 965 962
f 962 965 966
f 962 966 963
f 963 966 956
f 963 956 974
f 974 956 957
f 974 957 985
f 985 957 958
f 985 958 986
f 986 958 959
f 986 959 987
f 987 959 1218
f 5754 5260 5762
f 5762 5260 5259
f 5762 5259 5761
f 5761 5259 5255
f 5761 5255 5760
f 5760 5255 5254
f 5760 5254 5759
f 5759 5254 5290
f 5759 5290 5293
f 5293 5290 5287
f 5293 5287 5292
f 5292 5287 5279
f 5292 5279 5291
f 5291 5279 5286
f 5291 5286 5289
f 5289 5286 5318
f 5289 5318 5375
f 5375 5318 5370
f 5375 5370 5374
f 5374 5370 5371
f 5374 5371 5373
f 5373 5371 5372
f 5373 5372 5394
f 5394 5372 5383
f 5394 5383 5395
f 5395 5383 5382
f 5395 5382 5396
f 5396 5382 5384
f 5396 5384 5387
f 5387 5384 5385
f 5387 5385 5597
f 5597 5385 5604
f 5597 5604 5595
f 5595 5604 5585
f 5595 5585 5580
f 5580 5585 5584
f 5580 5584 5581
f 5581 5584 5578
f 5581 5578 5573
f 5573 5578 5562
f 5573 5562 5574
f 5574 5562 5566
f 5574 5566 5572
f 5572 5566 5567
f 5572 5567 5571
f 5571 5567 5560
f 5571 5560 5570
f 5570 5560 5491
f 5570 5491 5489
f 5489 5491 5485
f 5489 5485 5488
f 5488 5485 5493
f 5488 5493 5487
f 5487 5493 5494
f 5487 5494 5539
f 5539 5494 5541
f 5539 5541 5540
f 5540 5541 5548
f 5540 5548 5555
f 5555 5548 5547
f 5555 5547 5553
f 5553 5547 5546
f 5553 5546 5545
f 5545 5546 5437
f 5545 5437 7752
f 7752 5437 8047
f 7752 8047 8036
f 8036 8047 8044
f 8036 8044 8034
f 8034 8044 8043
f 8034 8043 8039
f 8039 8043 8042
f 8039 8042 8040
f 8040 8042 8050
f 8040 8050 8081
f 8081 8050 8087
f 8081 8087 8086
f 8086 8087 8083
f 8086 8083 8080
f 8080 8083 8082
f 8080 8082 8099
f 8099 8082 8098
f 8099 8098 8096
f 8096 8098 8100
f 8096 8100 8097
f 8097 8100 8101
f 8097 8101 8110
f 8110 8101 8115
f 8110 8115 8124
f 8124 8115 8116
f 8124 8116 8129
f 8129 8116 8139
f 8129 8139 8126
f 8126 8139 8168
f 8126 8168 8154
f 8154 8168 8167
f 8154 8167 8155
f 8155 8167 8164
f 8155 8164 8236
f 8236 8164 8222
f 8236 8222 8216
f 8216 8222 8223
f 8216 8223 8219
f 8219 8223 8224
f 8219 8224 8215
f 8215 8224 8225
f 8215 8225 8184
f 8184 8225 8192
f 8184 8192 8185
f 8185 8192 8193
f 8185 8193 8186
f 8186 8193 8194
f 8186 8194 8187
f 8187 8194 4836
f 8187 4836 4832
f 4832 4836 4834
f 4832 4834 4841
f 4841 4834 4833
f 4841 4833 4843
f 4843 4833 4838
f 4843 4838 4842
f 4842 4838 4815
f 4842 4815 4828
f 4828 4815 4814
f 4828 4814 4779
f 4779 4814 4770
f 4779 4770 4769
f 4769 4770 4771
f 4769 4771 4774
f 4774 4771 4872
f 4774 4872 4878
f 4878 4872 4873
f 4878 4873 4879
f 4879 4873 4887
f 4879 4887 4880
f 4880 4887 4888
f 4880 4888 4875
f 4875 4888 4881
f 4875 4881 437
f 437 4881 439
f 437 439 436
f 436 439 440
f 436 440 438
f 438 440 441
f 438 441 442
f 442 441 434
f 442 434 427
f 427 434 462
f 427 462 420
f 420 462 409
f 420 409 416
f 416 409 408
f 416 408 411
f 411 408 407
f 411 407 405
f 405 407 406
f 405 406 417
f 417 406 393
f 417 393 382
f 382 393 379
f 382 379 380
f 380 379 689
f 380 689 690
f 690 689 691
f 690 691 694
f 694 691 692
f 694 692 695
f 695 692 693
f 695 693 696
f 696 693 674
f 696 674 1062
f 1062 674 1052
f 1062 1052 1061
f 1061 1052 1053
f 1061 1053 1060
f 1060 1053 1054
f 1060 1054 1059
f 1059 1054 1055
f 1059 1055 1020
f 1020 1055 1096
f 1020 1096 1030
f 1030 1096 1082
f 1030 1082 1095
f 1095 1082 1086
f 1095 1086 964
f 964 1086 967
f 964 967 965
f 965 967 968
f 965 968 966
f 966 968 955
f 966 955 956
f 956 955 947
f 956 947 957
f 957 947 954
f 957 954 958
f 958 954 953
f 958 953 959
f 959 953 1228
f 959 1228 1218
f 1218 1228 1222
f 5260 5258 5259
f 5259 5258 5257
f 5259 5257 5255
f 5255 5257 5256
f 5255 5256 5254
f 5254 5256 5249
f 5254 5249 5290
f 5290 5249 5283
f 5290 5283 5287
f 5287 5283 5282
f 5287 5282 5279
f 5279 5282 5284
f 5279 5284 5286
f 5286 5284 5317
f 5286 5317 5318
f 5318 5317 5316
f 5318 5316 5370
f 5370 5316 5381
f 5370 5381 5371
f 5371 5381 5368
f 5371 5368 5372
f 5372 5368 5369
f 5372 5369 5383
f 5383 5369 5348
f 5383 5348 5382
f 5382 5348 5347
f 5382 5347 5384
f 5384 5347 5346
f 5384 5346 5385
f 5385 5346 5351
f 5385 5351 5604
f 5604 5351 5579
f 5604 5579 5585
f 5585 5579 5576
f 5585 5576 5584
f 5584 5576 5575
f 5584 5575 5578
f 5578 5575 5568
f 5578 5568 5562
f 5562 5568 5563
f 5562 5563 5566
f 5566 5563 5564
f 5566 5564 5567
f 5567 5564 5565
f 5567 5565 5560
f 5560 5565 5492
f 5560 5492 5491
f 5491 5492 5486
f 5491 5486 5485
f 5485 5486 5498
f 5485 5498 5493
f 5493 5498 5490
f 5493 5490 5494
f 5494 5490 5499
f 5494 5499 5541
f 5541 5499 5557
f 5541 5557 5548
f 5548 5557 5556
f 5548 5556 5547
f 5547 5556 5549
f 5547 5549 5546
f 5546 5549 5436
f 5546 5436 5437
f 5437 5436 5435
f 5437 5435 8047
f 8047 5435 8049
f 8047 8049 8044
f 8044 8049 8051
f 8044 8051 8043
f 8043 8051 8052
f 8043 8052 8042
f 8042 8052 8053
f 8042 8053 8050
f 8050 8053 8054
f 8050 8054 8087
f 8087 8054 8093
f 8087 8093 8083
f 8083 8093 8094
f 8083 8094 8082
f 8082 8094 8090
f 8082 8090 8098
f 8098 8090 8109
f 8098 8109 8100
f 8100 8109 8108
f 8100 8108 8101
f 8101 8108 8105
f 8101 8105 8115
f 8115 8105 8179
f 8115 8179 8116
f 8116 8179 8178
f 8116 8178 8139
f 8139 8178 8177
f 8139 8177 8168
f 8168 8177 8162
f 8168 8162 8167
f 8167 8162 8161
f 8167 8161 8164
f 8164 8161 8160
f 8164 8160 8222
f 8222 8160 8221
f 8222 8221 8223
f 8223 8221 8228
f 8223 8228 8224
f 8224 8228 8227
f 8224 8227 8225
f 8225 8227 8226
f 8225 8226 8192
f 8192 8226 8213
f 8192 8213 8193
f 8193 8213 8208
f 8193 8208 8194
f 8194 8208 4839
f 8194 4839 4836
f 4836 4839 4840
f 4836 4840 4834
f 4834 4840 4837
f 4834 4837 4833
f 4833 4837 4835
f 4833 4835 4838
f 4838 4835 4820
f 4838 4820 4815
f 4815 4820 4821
f 4815 4821 4814
f 4814 4821 4822
f 4814 4822 4770
f 4770 4822 4780
f 4770 4780 4771
f 4771 4780 4861
f 4771 4861 4872
f 4872 4861 4860
f 4872 4860 4873
f 4873 4860 4862
f 4873 4862 4887
f 4887 4862 4874
f 4887 4874 4888
f 4888 4874 4877
f 4888 4877 4881
f 4881 4877 4876
f 4881 4876 439
f 439 4876 443
f 439 443 440
f 440 443 446
f 440 446 441
f 441 446 447
f 441 447 434
f 434 447 457
f 434 457 462
f 462 457 448
f 462 448 409
f 409 448 412
f 409 412 408
f 408 412 414
f 408 414 407
f 407 414 415
f 407 415 406
f 406 415 397
f 406 397 393
f 393 397 400
f 393 400 379
f 379 400 671
f 379 671 689
f 689 671 698
f 689 698 691
f 691 698 678
f 691 678 692
f 692 678 677
f 692 677 693
f 693 677 676
f 693 676 674
f 674 676 675
f 674 675 1052
f 1052 675 1056
f 1052 1056 1053
f 1053 1056 1057
f 1053 1057 1054
f 1054 1057 1051
f 1054 1051 1055
f 1055 1051 1105
f 1055 1105 1096
f 1096 1105 1110
f 1096 1110 1082
f 1082 1110 1081
f 1082 1081 1086
f 1086 1081 1092
f 1086 1092 967
f 967 1092 960
f 967 960 968
f 968 960 971
f 968 971 955
f 955 971 952
f 955 952 947
f 947 952 951
f 947 951 954
f 954 951 950
f 954 950 953
f 953 950 1219
f 953 1219 1228
f 1228 1219 1220
f 1228 1220 1222
f 1222 1220 1221
f 5258 5250 5257
f 5257 5250 5251
f 5257 5251 5256
f 5256 5251 5252
f 5256 5252 5249
f 5249 5252 5253
f 5249 5253 5283
f 5283 5253 5280
f 5283 5280 5282
f 5282 5280 5281
f 5282 5281 5284
f 5284 5281 5309
f 5284 5309 5317
f 5317 5309 5310
f 5317 5310 5316
f 5316 5310 5313
f 5316 5313 5381
f 5381 5313 5336
f 5381 5336 5368
f 5368 5336 5337
f 5368 5337 5369
f 5369 5337 5339
f 5369 5339 5348
f 5348 5339 5342
f 5348 5342 5347
f 5347 5342 5343
f 5347 5343 5346
f 5346 5343 5344
f 5346 5344 5351
f 5351 5344 5345
f 5351 5345 5579
f 5579 5345 5588
f 5579 5588 5576
f 5576 5588 5589
f 5576 5589 5575
f 5575 5589 5590
f 5575 5590 5568
f 5568 5590 5569
f 5568 5569 5563
f 5563 5569 5561
f 5563 5561 5564
f 5564 5561 5679
f 5564 5679 5565
f 5565 5679 5665
f 5565 5665 5492
f 5492 5665 5495
f 5492 5495 5486
f 5486 5495 5496
f 5486 5496 5498
f 5498 5496 5497
f 5498 5497 5490
f 5490 5497 5505
f 5490 5505 5499
f 5499 5505 5506
f 5499 5506 5557
f 5557 5506 5558
f 5557 5558 5556
f 5556 5558 5429
f 5556 5429 5549
f 5549 5429 5428
f 5549 5428 5436
f 5436 5428 5427
f 5436 5427 5435
f 5435 5427 5419
f 5435 5419 8049
f 8049 5419 8057
f 8049 8057 8051
f 8051 8057 8058
f 8051 8058 8052
f 8052 8058 8059
f 8052 8059 8053
f 8053 8059 8062
f 8053 8062 8054
f 8054 8062 8085
f 8054 8085 8093
f 8093 8085 8084
f 8093 8084 8094
f 8094 8084 8079
f 8094 8079 8090
f 8090 8079 8088
f 8090 8088 8109
f 8109 8088 8102
f 8109 8102 8108
f 8108 8102 8095
f 8108 8095 8105
f 8105 8095 8173
f 8105 8173 8179
f 8179 8173 8172
f 8179 8172 8178
f 8178 8172 8171
f 8178 8171 8177
f 8177 8171 8170
f 8177 8170 8162
f 8162 8170 8159
f 8162 8159 8161
f 8161 8159 8158
f 8161 8158 8160
f 8160 8158 8157
f 8160 8157 8221
f 8221 8157 8217
f 8221 8217 8228
f 8228 8217 8218
f 8228 8218 8227
f 8227 8218 8220
f 8227 8220 8226
f 8226 8220 8205
f 8226 8205 8213
f 8213 8205 8206
f 8213 8206 8208
f 8208 8206 4472
f 8208 4472 4839
f 4839 4472 4805
f 4839 4805 4840
f 4840 4805 4813
f 4840 4813 4837
f 4837 4813 4812
f 4837 4812 4835
f 4835 4812 4827
f 4835 4827 4820
f 4820 4827 4826
f 4820 4826 4821
f 4821 4826 4825
f 4821 4825 4822
f 4822 4825 4824
f 4822 4824 4780
f 4780 4824 4859
f 4780 4859 4861
f 4861 4859 4866
f 4861 4866 4860
f 4860 4866 4867
f 4860 4867 4862
f 4862 4867 4868
f 4862 4868 4874
f 4874 4868 4884
f 4874 4884 4877
f 4877 4884 4885
f 4877 4885 4876
f 4876 4885 4886
f 4876 4886 443
f 443 4886 433
f 443 433 446
f 446 433 459
f 446 459 447
f 447 459 460
f 447 460 457
f 457 460 461
f 457 461 448
f 448 461 463
f 448 463 412
f 412 463 394
f 412 394 414
f 414 394 395
f 414 395 415
f 415 395 396
f 415 396 397
f 397 396 401
f 397 401 400
f 400 401 665
f 400 665 671
f 671 665 667
f 671 667 698
f 698 667 683
f 698 683 678
f 678 683 679
f 678 679 677
f 677 679 680
f 677 680 676
f 676 680 681
f 676 681 675
f 675 681 682
f 675 682 1056
f 1056 682 1103
f 1056 1103 1057
f 1057 1103 1102
f 1057 1102 1051
f 1051 1102 1097
f 1051 1097 1105
f 1105 1097 1098
f 1105 1098 1110
f 1110 1098 1091
f 1110 1091 1081
f 1081 1091 1093
f 1081 1093 1092
f 1092 1093 1090
f 1092 1090 960
f 960 1090 973
f 960 973 971
f 971 973 972
f 971 972 952
f 952 972 949
f 952 949 951
f 951 949 948
f 951 948 950
f 950 948 1217
f 950 1217 1219
f 1219 1217 1231
f 1219 1231 1220
f 1220 1231 1230
f 1220 1230 1221
f 1221 1230 1229
f 5250 5263 5251
f 5251 5263 5262
f 5251 5262 5252
f 5252 5262 5261
f 5252 5261 5253
f 5253 5261 5288
f 5253 5288 5280
f 5280 5288 5285
f 5280 5285 5281
f 5281 5285 5319
f 5281 5319 5309
f 5309 5319 5320
f 5309 5320 5310
f 5310 5320 5315
f 5310 5315 5313
f 5313 5315 5314
f 5313 5314 5336
f 5336 5314 5333
f 5336 5333 5337
f 5337 5333 5324
f 5337 5324 5339
f 5339 5324 5349
f 5339 5349 5342
f 5342 5349 5350
f 5342 5350 5343
f 5343 5350 5338
f 5343 5338 5344
f 5344 5338 5352
f 5344 5352 5345
f 5345 5352 5364
f 5345 5364 5588
f 5588 5364 5577
f 5588 5577 5589
f 5589 5577 5582
f 5589 5582 5590
f 5590 5582 5583
f 5590 5583 5569
f 5569 5583 5670
f 5569 5670 5561
f 5561 5670 5669
f 5561 5669 5679
f 5679 5669 5668
f 5679 5668 5665
f 5665 5668 5667
f 5665 5667 5495
f 5495 5667 5504
f 5495 5504 5496
f 5496 5504 5507
f 5496 5507 5497
f 5497 5507 5508
f 5497 5508 5505
f 5505 5508 5509
f 5505 5509 5506
f 5506 5509 5510
f 5506 5510 5558
f 5558 5510 5434
f 5558 5434 5429
f 5429 5434 5426
f 5429 5426 5428
f 5428 5426 5433
f 5428 5433 5427
f 5427 5433 5413
f 5427 5413 5419
f 5419 5413 5414
f 5419 5414 8057
f 8057 5414 8056
f 8057 8056 8058
f 8058 8056 8063
f 8058 8063 8059
f 8059 8063 8060
f 8059 8060 8062
f 8062 8060 8061
f 8062 8061 8085
f 8085 8061 8091
f 8085 8091 8084
f 8084 8091 8092
f 8084 8092 8079
f 8079 8092 8089
f 8079 8089 8088
f 8088 8089 8103
f 8088 8103 8102
f 8102 8103 8104
f 8102 8104 8095
f 8095 8104 8176
f 8095 8176 8173
f 8173 8176 8182
f 8173 8182 8172
f 8172 8182 8180
f 8172 8180 8171
f 8171 8180 8181
f 8171 8181 8170
f 8170 8181 8169
f 8170 8169 8159
f 8159 8169 8156
f 8159 8156 8158
f 8158 8156 8165
f 8158 8165 8157
f 8157 8165 8166
f 8157 8166 8217
f 8217 8166 8200
f 8217 8200 8218
f 8218 8200 8201
f 8218 8201 8220
f 8220 8201 8202
f 8220 8202 8205
f 8205 8202 8203
f 8205 8203 8206
f 8206 8203 4469
f 8206 4469 4472
f 4472 4469 4470
f 4472 4470 4805
f 4805 4470 4799
f 4805 4799 4813
f 4813 4799 4800
f 4813 4800 4812
f 4812 4800 4801
f 4812 4801 4827
f 4827 4801 4819
f 4827 4819 4826
f 4826 4819 4818
f 4826 4818 4825
f 4825 4818 4817
f 4825 4817 4824
f 4824 4817 4894
f 4824 4894 4859
f 4859 4894 4863
f 4859 4863 4866
f 4866 4863 4864
f 4866 4864 4867
f 4867 4864 4865
f 4867 4865 4868
f 4868 4865 4869
f 4868 4869 4884
f 4884 4869 4848
f 4884 4848 4885
f 4885 4848 4850
f 4885 4850 4886
f 4886 4850 4854
f 4886 4854 433
f 433 4854 458
f 433 458 459
f 459 458 451
f 459 451 460
f 460 451 450
f 460 450 461
f 461 450 449
f 461 449 463
f 463 449 398
f 463 398 394
f 394 398 399
f 394 399 395
f 395 399 403
f 395 403 396
f 396 403 402
f 396 402 401
f 401 402 673
f 401 673 665
f 665 673 668
f 665 668 667
f 667 668 672
f 667 672 683
f 683 672 684
f 683 684 679
f 679 684 685
f 679 685 680
f 680 685 687
f 680 687 681
f 681 687 688
f 681 688 682
f 682 688 686
f 682 686 1103
f 1103 686 1109
f 1103 1109 1102
f 1102 1109 1108
f 1102 1108 1097
f 1097 1108 1107
f 1097 1107 1098
f 1098 1107 1106
f 1098 1106 1091
f 1091 1106 1089
f 1091 1089 1093
f 1093 1089 1088
f 1093 1088 1090
f 1090 1088 1087
f 1090 1087 973
f 973 1087 970
f 973 970 972
f 972 970 969
f 972 969 949
f 949 969 946
f 949 946 948
f 948 946 1227
f 948 1227 1217
f 1217 1227 1226
f 1217 1226 1231
f 1231 1226 1225
f 1231 1225 1230
f 1230 1225 1224
f 1230 1224 1229
f 1229 1224 1223
f 5263 5272 5262
f 5262 5272 5273
f 5262 5273 5261
f 5261 5273 5274
f 5261 5274 5288
f 5288 5274 5265
f 5288 5265 5285
f 5285 5265 5311
f 5285 5311 5319
f 5319 5311 5322
f 5319 5322 5320
f 5320 5322 5321
f 5320 5321 5315
f 5315 5321 5295
f 5315 5295 5314
f 5314 5295 5296
f 5314 5296 5333
f 5333 5296 5328
f 5333 5328 5324
f 5324 5328 5323
f 5324 5323 5349
f 5349 5323 5340
f 5349 5340 5350
f 5350 5340 5341
f 5350 5341 5338
f 5338 5341 5365
f 5338 5365 5352
f 5352 5365 5366
f 5352 5366 5364
f 5364 5366 5367
f 5364 5367 5577
f 5577 5367 5587
f 5577 5587 5582
f 5582 5587 5586
f 5582 5586 5583
f 5583 5586 5666
f 5583 5666 5670
f 5670 5666 5671
f 5670 5671 5669
f 5669 5671 5672
f 5669 5672 5668
f 5668 5672 5678
f 5668 5678 5667
f 5667 5678 5677
f 5667 5677 5504
f 5504 5677 5500
f 5504 5500 5507
f 5507 5500 5511
f 5507 5511 5508
f 5508 5511 5512
f 5508 5512 5509
f 5509 5512 5514
f 5509 5514 5510
f 5510 5514 5432
f 5510 5432 5434
f 5434 5432 5431
f 5434 5431 5426
f 5426 5431 5430
f 5426 5430 5433
f 5433 5430 5425
f 5433 5425 5413
f 5413 5425 5424
f 5413 5424 5414
f 5414 5424 5423
f 5414 5423 8056
f 8056 5423 8055
f 8056 8055 8063
f 8063 8055 7970
f 8063 7970 8060
f 8060 7970 7971
f 8060 7971 8061
f 8061 7971 7972
f 8061 7972 8091
f 8091 7972 8000
f 8091 8000 8092
f 8092 8000 7999
f 8092 7999 8089
f 8089 7999 7997
f 8089 7997 8103
f 8103 7997 7998
f 8103 7998 8104
f 8104 7998 8032
f 8104 8032 8176
f 8176 8032 8017
f 8176 8017 8182
f 8182 8017 8005
f 8182 8005 8180
f 8180 8005 8174
f 8180 8174 8181
f 8181 8174 8175
f 8181 8175 8169
f 8169 8175 8153
f 8169 8153 8156
f 8156 8153 8152
f 8156 8152 8165
f 8165 8152 8146
f 8165 8146 8166
f 8166 8146 8209
f 8166 8209 8200
f 8200 8209 8210
f 8200 8210 8201
f 8201 8210 8211
f 8201 8211 8202
f 8202 8211 8212
f 8202 8212 8203
f 8203 8212 4477
f 8203 4477 4469
f 4469 4477 4480
f 4469 4480 4470
f 4470 4480 4475
f 4470 4475 4799
f 4799 4475 4810
f 4799 4810 4800
f 4800 4810 4809
f 4800 4809 4801
f 4801 4809 4808
f 4801 4808 4819
f 4819 4808 4823
f 4819 4823 4818
f 4818 4823 4816
f 4818 4816 4817
f 4817 4816 4900
f 4817 4900 4894
f 4894 4900 4899
f 4894 4899 4863
f 4863 4899 4895
f 4863 4895 4864
f 4864 4895 4870
f 4864 4870 4865
f 4865 4870 4871
f 4865 4871 4869
f 4869 4871 4853
f 4869 4853 4848
f 4848 4853 4852
f 4848 4852 4850
f 4850 4852 4851
f 4850 4851 4854
f 4854 4851 4938
f 4854 4938 458
f 458 4938 452
f 458 452 451
f 451 452 453
f 451 453 450
f 450 453 454
f 450 454 449
f 449 454 392
f 449 392 398
f 398 392 391
f 398 391 399
f 399 391 390
f 399 390 403
f 403 390 718
f 403 718 402
f 402 718 717
f 402 717 673
f 673 717 662
f 673 662 668
f 668 662 660
f 668 660 672
f 672 660 666
f 672 666 684
f 684 666 631
f 684 631 685
f 685 631 640
f 685 640 687
f 687 640 639
f 687 639 688
f 688 639 657
f 688 657 686
f 686 657 658
f 686 658 1109
f 1109 658 1104
f 1109 1104 1108
f 1108 1104 1101
f 1108 1101 1107
f 1107 1101 1100
f 1107 1100 1106
f 1106 1100 1099
f 1106 1099 1089
f 1089 1099 1085
f 1089 1085 1088
f 1088 1085 1084
f 1088 1084 1087
f 1087 1084 1083
f 1087 1083 970
f 970 1083 1181
f 970 1181 969
f 969 1181 1182
f 969 1182 946
f 946 1182 1216
f 946 1216 1227
f 1227 1216 1202
f 1227 1202 1226
f 1226 1202 1211
f 1226 1211 1225
f 1225 1211 1203
f 1225 1203 1224
f 1224 1203 1204
f 1224 1204 1223
f 1223 1204 1205
f 5272 5278 5273
f 5273 5278 5275
f 5273 5275 5274
f 5274 5275 5271
f 5274 5271 5265
f 5265 5271 5270
f 5265 5270 5311
f 5311 5270 5308
f 5311 5308 5322
f 5322 5308 5312
f 5322 5312 5321
f 5321 5312 5294
f 5321 5294 5295
f 5295 5294 5307
f 5295 5307 5296
f 5296 5307 5306
f 5296 5306 5328
f 5328 5306 5329
f 5328 5329 5323
f 5323 5329 5334
f 5323 5334 5340
f 5340 5334 5335
f 5340 5335 5341
f 5341 5335 5360
f 5341 5360 5365
f 5365 5360 5359
f 5365 5359 5366
f 5366 5359 5358
f 5366 5358 5367
f 5367 5358 5357
f 5367 5357 5587
f 5587 5357 5638
f 5587 5638 5586
f 5586 5638 5639
f 5586 5639 5666
f 5666 5639 5637
f 5666 5637 5671
f 5671 5637 5676
f 5671 5676 5672
f 5672 5676 5675
f 5672 5675 5678
f 5678 5675 5674
f 5678 5674 5677
f 5677 5674 5673
f 5677 5673 5500
f 5500 5673 5513
f 5500 5513 5511
f 5511 5513 5502
f 5511 5502 5512
f 5512 5502 5501
f 5512 5501 5514
f 5514 5501 5482
f 5514 5482 5432
f 5432 5482 5438
f 5432 5438 5431
f 5431 5438 5439
f 5431 5439 5430
f 5430 5439 5422
f 5430 5422 5425
f 5425 5422 5412
f 5425 5412 5424
f 5424 5412 5421
f 5424 5421 5423
f 5423 5421 5420
f 5423 5420 8055
f 8055 5420 7973
f 8055 7973 7970
f 7970 7973 7974
f 7970 7974 7971
f 7971 7974 7961
f 7971 7961 7972
f 7972 7961 7969
f 7972 7969 8000
f 8000 7969 7992
f 8000 7992 7999
f 7999 7992 7991
f 7999 7991 7997
f 7997 7991 7990
f 7997 7990 7998
f 7998 7990 8018
f 7998 8018 8032
f 8032 8018 8027
f 8032 8027 8017
f 8017 8027 8007
f 8017 8007 8005
f 8005 8007 8008
f 8005 8008 8174
f 8174 8008 8004
f 8174 8004 8175
f 8175 8004 8147
f 8175 8147 8153
f 8153 8147 8141
f 8153 8141 8152
f 8152 8141 8140
f 8152 8140 8146
f 8146 8140 8143
f 8146 8143 8209
f 8209 8143 8199
f 8209 8199 8210
f 8210 8199 8207
f 8210 8207 8211
f 8211 8207 8204
f 8211 8204 8212
f 8212 8204 4474
f 8212 4474 4477
f 4477 4474 4473
f 4477 4473 4480
f 4480 4473 4471
f 4480 4471 4475
f 4475 4471 4467
f 4475 4467 4810
f 4810 4467 4811
f 4810 4811 4809
f 4809 4811 4803
f 4809 4803 4808
f 4808 4803 4802
f 4808 4802 4823
f 4823 4802 4904
f 4823 4904 4816
f 4816 4904 4909
f 4816 4909 4900
f 4900 4909 4891
f 4900 4891 4899
f 4899 4891 4890
f 4899 4890 4895
f 4895 4890 4889
f 4895 4889 4870
f 4870 4889 4857
f 4870 4857 4871
f 4871 4857 4858
f 4871 4858 4853
f 4853 4858 4844
f 4853 4844 4852
f 4852 4844 4849
f 4852 4849 4851
f 4851 4849 4933
f 4851 4933 4938
f 4938 4933 4934
f 4938 4934 452
f 452 4934 455
f 452 455 453
f 453 455 456
f 453 456 454
f 454 456 744
f 454 744 392
f 392 744 743
f 392 743 391
f 391 743 715
f 391 715 390
f 390 715 714
f 390 714 718
f 718 714 707
f 718 707 717
f 717 707 713
f 717 713 662
f 662 713 661
f 662 661 660
f 660 661 663
f 660 663 666
f 666 663 664
f 666 664 631
f 631 664 636
f 631 636 640
f 640 636 637
f 640 637 639
f 639 637 653
f 639 653 657
f 657 653 654
f 657 654 658
f 658 654 655
f 658 655 1104
f 1104 655 1071
f 1104 1071 1101
f 1101 1071 1070
f 1101 1070 1100
f 1100 1070 1069
f 1100 1069 1099
f 1099 1069 1068
f 1099 1068 1085
f 1085 1068 1067
f 1085 1067 1084
f 1084 1067 1094
f 1084 1094 1083
f 1083 1094 1180
f 1083 1180 1181
f 1181 1180 1179
f 1181 1179 1182
f 1182 1179 1177
f 1182 1177 1216
f 1216 1177 1206
f 1216 1206 1202
f 1202 1206 1207
f 1202 1207 1211
f 1211 1207 1208
f 1211 1208 1203
f 1203 1208 1209
f 1203 1209 1204
f 1204 1209 1210
f 1204 1210 1205
f 1205 1210 1190
f 5278 5267 5275
f 5275 5267 5268
f 5275 5268 5271
f 5271 5268 5269
f 5271 5269 5270
f 5270 5269 5264
f 5270 5264 5308
f 5308 5264 5301
f 5308 5301 5312
f 5312 5301 5300
f 5312 5300 5294
f 5294 5300 5299
f 5294 5299 5307
f 5307 5299 5298
f 5307 5298 5306
f 5306 5298 5325
f 5306 5325 5329
f 5329 5325 5326
f 5329 5326 5334
f 5334 5326 5327
f 5334 5327 5335
f 5335 5327 5353
f 5335 5353 5360
f 5360 5353 5362
f 5360 5362 5359
f 5359 5362 5363
f 5359 5363 5358
f 5358 5363 5354
f 5358 5354 5357
f 5357 5354 5636
f 5357 5636 5638
f 5638 5636 5640
f 5638 5640 5639
f 5639 5640 5641
f 5639 5641 5637
f 5637 5641 5650
f 5637 5650 5676
f 5676 5650 5653
f 5676 5653 5675
f 5675 5653 5664
f 5675 5664 5674
f 5674 5664 5651
f 5674 5651 5673
f 5673 5651 5652
f 5673 5652 5513
f 5513 5652 5503
f 5513 5503 5502
f 5502 5503 5477
f 5502 5477 5501
f 5501 5477 5481
f 5501 5481 5482
f 5482 5481 5472
f 5482 5472 5438
f 5438 5472 5471
f 5438 5471 5439
f 5439 5471 5415
f 5439 5415 5422
f 5422 5415 5416
f 5422 5416 5412
f 5412 5416 5417
f 5412 5417 5421
f 5421 5417 5418
f 5421 5418 5420
f 5420 5418 7968
f 5420 7968 7973
f 7973 7968 7967
f 7973 7967 7974
f 7974 7967 7966
f 7974 7966 7961
f 7961 7966 7965
f 7961 7965 7969
f 7969 7965 7980
f 7969 7980 7992
f 7992 7980 7995
f 7992 7995 7991
f 7991 7995 7989
f 7991 7989 7990
f 7990 7989 8021
f 7990 8021 8018
f 8018 8021 8024
f 8018 8024 8027
f 8027 8024 8025
f 8027 8025 8007
f 8007 8025 8011
f 8007 8011 8008
f 8008 8011 8012
f 8008 8012 8004
f 8004 8012 8013
f 8004 8013 8147
f 8147 8013 8151
f 8147 8151 8141
f 8141 8151 8150
f 8141 8150 8140
f 8140 8150 8145
f 8140 8145 8143
f 8143 8145 8144
f 8143 8144 8199
f 8199 8144 4496
f 8199 4496 8207
f 8207 4496 4495
f 8207 4495 8204
f 8204 4495 4485
f 8204 4485 4474
f 4474 4485 4468
f 4474 4468 4473
f 4473 4468 4478
f 4473 4478 4471
f 4471 4478 4476
f 4471 4476 4467
f 4467 4476 4463
f 4467 4463 4811
f 4811 4463 4806
f 4811 4806 4803
f 4803 4806 4807
f 4803 4807 4802
f 4802 4807 4912
f 4802 4912 4904
f 4904 4912 4911
f 4904 4911 4909
f 4909 4911 4910
f 4909 4910 4891
f 4891 4910 4902
f 4891 4902 4890
f 4890 4902 4903
f 4890 4903 4889
f 4889 4903 4901
f 4889 4901 4857
f 4857 4901 4847
f 4857 4847 4858
f 4858 4847 4846
f 4858 4846 4844
f 4844 4846 4845
f 4844 4845 4849
f 4849 4845 4943
f 4849 4943 4933
f 4933 4943 4945
f 4933 4945 4934
f 4934 4945 4944
f 4934 4944 455
f 455 4944 4942
f 455 4942 456
f 456 4942 739
f 456 739 744
f 744 739 740
f 744 740 743
f 743 740 741
f 743 741 715
f 715 741 712
f 715 712 714
f 714 712 711
f 714 711 707
f 707 711 710
f 707 710 713
f 713 710 708
f 713 708 661
f 661 708 669
f 661 669 663
f 663 669 670
f 663 670 664
f 664 670 643
f 664 643 636
f 636 643 642
f 636 642 637
f 637 642 641
f 637 641 653
f 653 641 648
f 653 648 654
f 654 648 656
f 654 656 655
f 655 656 659
f 655 659 1071
f 1071 659 1080
f 1071 1080 1070
f 1070 1080 1079
f 1070 1079 1069
f 1069 1079 1078
f 1069 1078 1068
f 1068 1078 1066
f 1068 1066 1067
f 1067 1066 1077
f 1067 1077 1094
f 1094 1077 1174
f 1094 1174 1180
f 1180 1174 1172
f 1180 1172 1179
f 1179 1172 1175
f 1179 1175 1177
f 1177 1175 1184
f 1177 1184 1206
f 1206 1184 1212
f 1206 1212 1207
f 1207 1212 1213
f 1207 1213 1208
f 1208 1213 1214
f 1208 1214 1209
f 1209 1214 1215
f 1209 1215 1210
f 1210 1215 1187
f 1210 1187 1190
f 1190 1187 1192
f 5267 5266 5268
f 5268 5266 5276
f 5268 5276 5269
f 5269 5276 5277
f 5269 5277 5264
f 5264 5277 5305
f 5264 5305 5301
f 5301 5305 5304
f 5301 5304 5300
f 5300 5304 5303
f 5300 5303 5299
f 5299 5303 5302
f 5299 5302 5298
f 5298 5302 5297
f 5298 5297 5325
f 5325 5297 5330
f 5325 5330 5326
f 5326 5330 5331
f 5326 5331 5327
f 5327 5331 5332
f 5327 5332 5353
f 5353 5332 5361
f 5353 5361 5362
f 5362 5361 5356
f 5362 5356 5363
f 5363 5356 5355
f 5363 5355 5354
f 5354 5355 5646
f 5354 5646 5636
f 5636 5646 5647
f 5636 5647 5640
f 5640 5647 5648
f 5640 5648 5641
f 5641 5648 5649
f 5641 5649 5650
f 5650 5649 5655
f 5650 5655 5653
f 5653 5655 5654
f 5653 5654 5664
f 5664 5654 5659
f 5664 5659 5651
f 5651 5659 5660
f 5651 5660 5652
f 5652 5660 5661
f 5652 5661 5503
f 5503 5661 5479
f 5503 5479 5477
f 5477 5479 5478
f 5477 5478 5481
f 5481 5478 5476
f 5481 5476 5472
f 5472 5476 5475
f 5472 5475 5471
f 5471 5475 5474
f 5471 5474 5415
f 5415 5474 5451
f 5415 5451 5416
f 5416 5451 5449
f 5416 5449 5417
f 5417 5449 5448
f 5417 5448 5418
f 5418 5448 5450
f 5418 5450 7968
f 7968 5450 7964
f 7968 7964 7967
f 7967 7964 7963
f 7967 7963 7966
f 7966 7963 7962
f 7966 7962 7965
f 7965 7962 7976
f 7965 7976 7980
f 7980 7976 7982
f 7980 7982 7995
f 7995 7982 8003
f 7995 8003 7989
f 7989 8003 7996
f 7989 7996 8021
f 8021 7996 8028
f 8021 8028 8024
f 8024 8028 8020
f 8024 8020 8025
f 8025 8020 8019
f 8025 8019 8011
f 8011 8019 8014
f 8011 8014 8012
f 8012 8014 8015
f 8012 8015 8013
f 8013 8015 8016
f 8013 8016 8151
f 8151 8016 8149
f 8151 8149 8150
f 8150 8149 8142
f 8150 8142 8145
f 8145 8142 8148
f 8145 8148 8144
f 8144 8148 4491
f 8144 4491 4496
f 4496 4491 4483
f 4496 4483 4495
f 4495 4483 4484
f 4495 4484 4485
f 4485 4484 4488
f 4485 4488 4468
f 4468 4488 4479
f 4468 4479 4478
f 4478 4479 4481
f 4478 4481 4476
f 4476 4481 4451
f 4476 4451 4463
f 4463 4451 4455
f 4463 4455 4806
f 4806 4455 4804
f 4806 4804 4807
f 4807 4804 4916
f 4807 4916 4912
f 4912 4916 4918
f 4912 4918 4911
f 4911 4918 4917
f 4911 4917 4910
f 4910 4917 4915
f 4910 4915 4902
f 4902 4915 4896
f 4902 4896 4903
f 4903 4896 4897
f 4903 4897 4901
f 4901 4897 4898
f 4901 4898 4847
f 4847 4898 4856
f 4847 4856 4846
f 4846 4856 4855
f 4846 4855 4845
f 4845 4855 4946
f 4845 4946 4943
f 4943 4946 4947
f 4943 4947 4945
f 4945 4947 4948
f 4945 4948 4944
f 4944 4948 4940
f 4944 4940 4942
f 4942 4940 746
f 4942 746 739
f 739 746 747
f 739 747 740
f 740 747 748
f 740 748 741
f 741 748 749
f 741 749 712
f 712 749 704
f 712 704 711
f 711 704 705
f 711 705 710
f 710 705 706
f 710 706 708
f 708 706 720
f 708 720 669
f 669 720 730
f 669 730 670
f 670 730 635
f 670 635 643
f 643 635 634
f 643 634 642
f 642 634 638
f 642 638 641
f 641 638 649
f 641 649 648
f 648 649 650
f 648 650 656
f 656 650 651
f 656 651 659
f 659 651 652
f 659 652 1080
f 1080 652 1076
f 1080 1076 1079
f 1079 1076 1075
f 1079 1075 1078
f 1078 1075 1074
f 1078 1074 1066
f 1066 1074 1073
f 1066 1073 1077
f 1077 1073 1176
f 1077 1176 1174
f 1174 1176 1178
f 1174 1178 1172
f 1172 1178 1186
f 1172 1186 1175
f 1175 1186 1183
f 1175 1183 1184
f 1184 1183 1165
f 1184 1165 1212
f 1212 1165 1194
f 1212 1194 1213
f 1213 1194 1195
f 1213 1195 1214
f 1214 1195 1196
f 1214 1196 1215
f 1215 1196 1197
f 1215 1197 1187
f 1187 1197 1198
f 1187 1198 1192
f 1192 1198 1233
f 5266 5230 5276
f 5276 5230 5223
f 5276 5223 5277
f 5277 5223 5222
f 5277 5222 5305
f 5305 5222 5243
f 5305 5243 5304
f 5304 5243 5242
f 5304 5242 5303
f 5303 5242 5241
f 5303 5241 5302
f 5302 5241 5240
f 5302 5240 5297
f 5297 5240 5104
f 5297 5104 5330
f 5330 5104 5103
f 5330 5103 5331
f 5331 5103 5102
f 5331 5102 5332
f 5332 5102 5120
f 5332 5120 5361
f 5361 5120 5119
f 5361 5119 5356
f 5356 5119 5118
f 5356 5118 5355
f 5355 5118 5117
f 5355 5117 5646
f 5646 5117 5642
f 5646 5642 5647
f 5647 5642 5643
f 5647 5643 5648
f 5648 5643 5644
f 5648 5644 5649
f 5649 5644 5645
f 5649 5645 5655
f 5655 5645 5662
f 5655 5662 5654
f 5654 5662 5663
f 5654 5663 5659
f 5659 5663 5656
f 5659 5656 5660
f 5660 5656 5657
f 5660 5657 5661
f 5661 5657 5658
f 5661 5658 5479
f 5479 5658 5483
f 5479 5483 5478
f 5478 5483 5470
f 5478 5470 5476
f 5476 5470 5480
f 5476 5480 5475
f 5475 5480 5484
f 5475 5484 5474
f 5474 5484 5468
f 5474 5468 5451
f 5451 5468 5441
f 5451 5441 5449
f 5449 5441 5444
f 5449 5444 5448
f 5448 5444 5440
f 5448 5440 5450
f 5450 5440 5445
f 5450 5445 7964
f 7964 5445 7960
f 7964 7960 7963
f 7963 7960 7987
f 7963 7987 7962
f 7962 7987 7988
f 7962 7988 7976
f 7976 7988 7983
f 7976 7983 7982
f 7982 7983 7993
f 7982 7993 8003
f 8003 7993 8002
f 8003 8002 7996
f 7996 8002 8029
f 7996 8029 8028
f 8028 8029 8022
f 8028 8022 8020
f 8020 8022 8023
f 8020 8023 8019
f 8019 8023 8026
f 8019 8026 8014
f 8014 8026 8010
f 8014 8010 8015
f 8015 8010 8009
f 8015 8009 8016
f 8016 8009 8006
f 8016 8006 8149
f 8149 8006 4581
f 8149 4581 8142
f 8142 4581 4580
f 8142 4580 8148
f 8148 4580 4489
f 8148 4489 4491
f 4491 4489 4490
f 4491 4490 4483
f 4483 4490 4492
f 4483 4492 4484
f 4484 4492 4493
f 4484 4493 4488
f 4488 4493 4487
f 4488 4487 4479
f 4479 4487 4458
f 4479 4458 4481
f 4481 4458 4460
f 4481 4460 4451
f 4451 4460 4461
f 4451 4461 4455
f 4455 4461 4462
f 4455 4462 4804
f 4804 4462 4905
f 4804 4905 4916
f 4916 4905 4906
f 4916 4906 4918
f 4918 4906 4907
f 4918 4907 4917
f 4917 4907 4908
f 4917 4908 4915
f 4915 4908 4919
f 4915 4919 4896
f 4896 4919 4892
f 4896 4892 4897
f 4897 4892 4893
f 4897 4893 4898
f 4898 4893 4998
f 4898 4998 4856
f 4856 4998 5000
f 4856 5000 4855
f 4855 5000 5001
f 4855 5001 4946
f 4946 5001 4939
f 4946 4939 4947
f 4947 4939 4937
f 4947 4937 4948
f 4948 4937 4936
f 4948 4936 4940
f 4940 4936 4935
f 4940 4935 746
f 746 4935 735
f 746 735 747
f 747 735 736
f 747 736 748
f 748 736 737
f 748 737 749
f 749 737 738
f 749 738 704
f 704 738 709
f 704 709 705
f 705 709 716
f 705 716 706
f 706 716 733
f 706 733 720
f 720 733 732
f 720 732 730
f 730 732 731
f 730 731 635
f 635 731 633
f 635 633 634
f 634 633 632
f 634 632 638
f 638 632 926
f 638 926 649
f 649 926 645
f 649 645 650
f 650 645 646
f 650 646 651
f 651 646 647
f 651 647 652
f 652 647 913
f 652 913 1076
f 1076 913 914
f 1076 914 1075
f 1075 914 1072
f 1075 1072 1074
f 1074 1072 1148
f 1074 1148 1073
f 1073 1148 1152
f 1073 1152 1176
f 1176 1152 1153
f 1176 1153 1178
f 1178 1153 1173
f 1178 1173 1186
f 1186 1173 1185
f 1186 1185 1183
f 1183 1185 1162
f 1183 1162 1165
f 1165 1162 1161
f 1165 1161 1194
f 1194 1161 1201
f 1194 1201 1195
f 1195 1201 1191
f 1195 1191 1196
f 1196 1191 1200
f 1196 1200 1197
f 1197 1200 1199
f 1197 1199 1198
f 1198 1199 1234
f 1198 1234 1233
f 1233 1234 1235
f 5230 5232 5223
f 5223 5232 5233
f 5223 5233 5222
f 5222 5233 5225
f 5222 5225 5243
f 5243 5225 5247
f 5243 5247 5242
f 5242 5247 5246
f 5242 5246 5241
f 5241 5246 5238
f 5241 5238 5240
f 5240 5238 5239
f 5240 5239 5104
f 5104 5239 5112
f 5104 5112 5103
f 5103 5112 5111
f 5103 5111 5102
f 5102 5111 5110
f 5102 5110 5120
f 5120 5110 5115
f 5120 5115 5119
f 5119 5115 5128
f 5119 5128 5118
f 5118 5128 5129
f 5118 5129 5117
f 5117 5129 5127
f 5117 5127 5642
f 5642 5127 5708
f 5642 5708 5643
f 5643 5708 5707
f 5643 5707 5644
f 5644 5707 5706
f 5644 5706 5645
f 5645 5706 5705
f 5645 5705 5662
f 5662 5705 5704
f 5662 5704 5663
f 5663 5704 5703
f 5663 5703 5656
f 5656 5703 5686
f 5656 5686 5657
f 5657 5686 5687
f 5657 5687 5658
f 5658 5687 5681
f 5658 5681 5483
f 5483 5681 5473
f 5483 5473 5470
f 5470 5473 5455
f 5470 5455 5480
f 5480 5455 5456
f 5480 5456 5484
f 5484 5456 5457
f 5484 5457 5468
f 5468 5457 5458
f 5468 5458 5441
f 5441 5458 5442
f 5441 5442 5444
f 5444 5442 5452
f 5444 5452 5440
f 5440 5452 5453
f 5440 5453 5445
f 5445 5453 5454
f 5445 5454 7960
f 7960 5454 7977
f 7960 7977 7987
f 7987 7977 7978
f 7987 7978 7988
f 7988 7978 7979
f 7988 7979 7983
f 7983 7979 7981
f 7983 7981 7993
f 7993 7981 7994
f 7993 7994 8002
f 8002 7994 8001
f 8002 8001 8029
f 8029 8001 8031
f 8029 8031 8022
f 8022 8031 8030
f 8022 8030 8023
f 8023 8030 8033
f 8023 8033 8026
f 8026 8033 4589
f 8026 4589 8010
f 8010 4589 4600
f 8010 4600 8009
f 8009 4600 4598
f 8009 4598 8006
f 8006 4598 4577
f 8006 4577 4581
f 4581 4577 4578
f 4581 4578 4580
f 4580 4578 4579
f 4580 4579 4489
f 4489 4579 4494
f 4489 4494 4490
f 4490 4494 4482
f 4490 4482 4492
f 4492 4482 4486
f 4492 4486 4493
f 4493 4486 4497
f 4493 4497 4487
f 4487 4497 4498
f 4487 4498 4458
f 4458 4498 4452
f 4458 4452 4460
f 4460 4452 4456
f 4460 4456 4461
f 4461 4456 4459
f 4461 4459 4462
f 4462 4459 4457
f 4462 4457 4905
f 4905 4457 4914
f 4905 4914 4906
f 4906 4914 4913
f 4906 4913 4907
f 4907 4913 4928
f 4907 4928 4908
f 4908 4928 4929
f 4908 4929 4919
f 4919 4929 4931
f 4919 4931 4892
f 4892 4931 4932
f 4892 4932 4893
f 4893 4932 5008
f 4893 5008 4998
f 4998 5008 5009
f 4998 5009 5000
f 5000 5009 5006
f 5000 5006 5001
f 5001 5006 4996
f 5001 4996 4939
f 4939 4996 4941
f 4939 4941 4937
f 4937 4941 4955
f 4937 4955 4936
f 4936 4955 4963
f 4936 4963 4935
f 4935 4963 4960
f 4935 4960 735
f 735 4960 734
f 735 734 736
f 736 734 745
f 736 745 737
f 737 745 742
f 737 742 738
f 738 742 768
f 738 768 709
f 709 768 727
f 709 727 716
f 716 727 729
f 716 729 733
f 733 729 719
f 733 719 732
f 732 719 724
f 732 724 731
f 731 724 723
f 731 723 633
f 633 723 644
f 633 644 632
f 632 644 918
f 632 918 926
f 926 918 920
f 926 920 645
f 645 920 922
f 645 922 646
f 646 922 923
f 646 923 647
f 647 923 912
f 647 912 913
f 913 912 904
f 913 904 914
f 914 904 905
f 914 905 1072
f 1072 905 1147
f 1072 1147 1148
f 1148 1147 1146
f 1148 1146 1152
f 1152 1146 1144
f 1152 1144 1153
f 1153 1144 1145
f 1153 1145 1173
f 1173 1145 1163
f 1173 1163 1185
f 1185 1163 1164
f 1185 1164 1162
f 1162 1164 1157
f 1162 1157 1161
f 1161 1157 1166
f 1161 1166 1201
f 1201 1166 1193
f 1201 1193 1191
f 1191 1193 1188
f 1191 1188 1200
f 1200 1188 1236
f 1200 1236 1199
f 1199 1236 1240
f 1199 1240 1234
f 1234 1240 1246
f 1234 1246 1235
f 1235 1246 1239
f 5232 5219 5233
f 5233 5219 5226
f 5233 5226 5225
f 5225 5226 5244
f 5225 5244 5247
f 5247 5244 5236
f 5247 5236 5246
f 5246 5236 5245
f 5246 5245 5238
f 5238 5245 5248
f 5238 5248 5239
f 5239 5248 5114
f 5239 5114 5112
f 5112 5114 5101
f 5112 5101 5111
f 5111 5101 5105
f 5111 5105 5110
f 5110 5105 5106
f 5110 5106 5115
f 5115 5106 5124
f 5115 5124 5128
f 5128 5124 5123
f 5128 5123 5129
f 5129 5123 5122
f 5129 5122 5127
f 5127 5122 5121
f 5127 5121 5708
f 5708 5121 5700
f 5708 5700 5707
f 5707 5700 5698
f 5707 5698 5706
f 5706 5698 5701
f 5706 5701 5705
f 5705 5701 5702
f 5705 5702 5704
f 5704 5702 5694
f 5704 5694 5703
f 5703 5694 5691
f 5703 5691 5686
f 5686 5691 5690
f 5686 5690 5687
f 5687 5690 5688
f 5687 5688 5681
f 5681 5688 5685
f 5681 5685 5473
f 5473 5685 5465
f 5473 5465 5455
f 5455 5465 5466
f 5455 5466 5456
f 5456 5466 5467
f 5456 5467 5457
f 5457 5467 5462
f 5457 5462 5458
f 5458 5462 5463
f 5458 5463 5442
f 5442 5463 5443
f 5442 5443 5452
f 5452 5443 5446
f 5452 5446 5453
f 5453 5446 5447
f 5453 5447 5454
f 5454 5447 7984
f 5454 7984 7977
f 7977 7984 7986
f 7977 7986 7978
f 7978 7986 7975
f 7978 7975 7979
f 7979 7975 7985
f 7979 7985 7981
f 7981 7985 3497
f 7981 3497 7994
f 7994 3497 3496
f 7994 3496 8001
f 8001 3496 3495
f 8001 3495 8031
f 8031 3495 3494
f 8031 3494 8030
f 8030 3494 3492
f 8030 3492 8033
f 8033 3492 4594
f 8033 4594 4589
f 4589 4594 4593
f 4589 4593 4600
f 4600 4593 4592
f 4600 4592 4598
f 4598 4592 4591
f 4598 4591 4577
f 4577 4591 4584
f 4577 4584 4578
f 4578 4584 4573
f 4578 4573 4579
f 4579 4573 4585
f 4579 4585 4494
f 4494 4585 4510
f 4494 4510 4482
f 4482 4510 4509
f 4482 4509 4486
f 4486 4509 4507
f 4486 4507 4497
f 4497 4507 4506
f 4497 4506 4498
f 4498 4506 4505
f 4498 4505 4452
f 4452 4505 4499
f 4452 4499 4456
f 4456 4499 4466
f 4456 4466 4459
f 4459 4466 4465
f 4459 4465 4457
f 4457 4465 4464
f 4457 4464 4914
f 4914 4464 4752
f 4914 4752 4913
f 4913 4752 4927
f 4913 4927 4928
f 4928 4927 4926
f 4928 4926 4929
f 4929 4926 4925
f 4929 4925 4931
f 4931 4925 4930
f 4931 4930 4932
f 4932 4930 5004
f 4932 5004 5008
f 5008 5004 5005
f 5008 5005 5009
f 5009 5005 4997
f 5009 4997 5006
f 5006 4997 5007
f 5006 5007 4996
f 4996 5007 4995
f 4996 4995 4941
f 4941 4995 4952
f 4941 4952 4955
f 4955 4952 4953
f 4955 4953 4963
f 4963 4953 4959
f 4963 4959 4960
f 4960 4959 4962
f 4960 4962 734
f 734 4962 759
f 734 759 745
f 745 759 760
f 745 760 742
f 742 760 778
f 742 778 768
f 768 778 776
f 768 776 727
f 727 776 725
f 727 725 729
f 729 725 726
f 729 726 719
f 719 726 728
f 719 728 724
f 724 728 722
f 724 722 723
f 723 722 829
f 723 829 644
f 644 829 927
f 644 927 918
f 918 927 928
f 918 928 920
f 920 928 929
f 920 929 922
f 922 929 930
f 922 930 923
f 923 930 931
f 923 931 912
f 912 931 902
f 912 902 904
f 904 902 903
f 904 903 905
f 905 903 906
f 905 906 1147
f 1147 906 1149
f 1147 1149 1146
f 1146 1149 1150
f 1146 1150 1144
f 1144 1150 1143
f 1144 1143 1145
f 1145 1143 1151
f 1145 1151 1163
f 1163 1151 1167
f 1163 1167 1164
f 1164 1167 1168
f 1164 1168 1157
f 1157 1168 1169
f 1157 1169 1166
f 1166 1169 1170
f 1166 1170 1193
f 1193 1170 1189
f 1193 1189 1188
f 1188 1189 1245
f 1188 1245 1236
f 1236 1245 1244
f 1236 1244 1240
f 1240 1244 1243
f 1240 1243 1246
f 1246 1243 1242
f 1246 1242 1239
f 1239 1242 1241
f 5219 5227 5226
f 5226 5227 5231
f 5226 5231 5244
f 5244 5231 5234
f 5244 5234 5236
f 5236 5234 5235
f 5236 5235 5245
f 5245 5235 5237
f 5245 5237 5248
f 5248 5237 5100
f 5248 5100 5114
f 5114 5100 5108
f 5114 5108 5101
f 5101 5108 5109
f 5101 5109 5105
f 5105 5109 5107
f 5105 5107 5106
f 5106 5107 5113
f 5106 5113 5124
f 5124 5113 5126
f 5124 5126 5123
f 5123 5126 5125
f 5123 5125 5122
f 5122 5125 5116
f 5122 5116 5121
f 5121 5116 5135
f 5121 5135 5700
f 5700 5135 5699
f 5700 5699 5698
f 5698 5699 5696
f 5698 5696 5701
f 5701 5696 5695
f 5701 5695 5702
f 5702 5695 5714
f 5702 5714 5694
f 5694 5714 5715
f 5694 5715 5691
f 5691 5715 5689
f 5691 5689 5690
f 5690 5689 5683
f 5690 5683 5688
f 5688 5683 5682
f 5688 5682 5685
f 5685 5682 5680
f 5685 5680 5465
f 5465 5680 5461
f 5465 5461 5466
f 5466 5461 5464
f 5466 5464 5467
f 5467 5464 5460
f 5467 5460 5462
f 5462 5460 5459
f 5462 5459 5463
f 5463 5459 5469
f 5463 5469 5443
f 5443 5469 3575
f 5443 3575 5446
f 5446 3575 3578
f 5446 3578 5447
f 5447 3578 3565
f 5447 3565 7984
f 7984 3565 3526
f 7984 3526 7986
f 7986 3526 3522
f 7986 3522 7975
f 7975 3522 3520
f 7975 3520 7985
f 7985 3520 3525
f 7985 3525 3497
f 3497 3525 3493
f 3497 3493 3496
f 3496 3493 3491
f 3496 3491 3495
f 3495 3491 3490
f 3495 3490 3494
f 3494 3490 3489
f 3494 3489 3492
f 3492 3489 3503
f 3492 3503 4594
f 4594 3503 4595
f 4594 4595 4593
f 4593 4595 4596
f 4593 4596 4592
f 4592 4596 4590
f 4592 4590 4591
f 4591 4590 4597
f 4591 4597 4584
f 4584 4597 4586
f 4584 4586 4573
f 4573 4586 4587
f 4573 4587 4585
f 4585 4587 4588
f 4585 4588 4510
f 4510 4588 4500
f 4510 4500 4509
f 4509 4500 4501
f 4509 4501 4507
f 4507 4501 4502
f 4507 4502 4506
f 4506 4502 4503
f 4506 4503 4505
f 4505 4503 4508
f 4505 4508 4499
f 4499 4508 4511
f 4499 4511 4466
f 4466 4511 4454
f 4466 4454 4465
f 4465 4454 4453
f 4465 4453 4464
f 4464 4453 4743
f 4464 4743 4752
f 4752 4743 4744
f 4752 4744 4927
f 4927 4744 4921
f 4927 4921 4926
f 4926 4921 4922
f 4926 4922 4925
f 4925 4922 4923
f 4925 4923 4930
f 4930 4923 4966
f 4930 4966 5004
f 5004 4966 5003
f 5004 5003 5005
f 5005 5003 5002
f 5005 5002 4997
f 4997 5002 4999
f 4997 4999 5007
f 5007 4999 4993
f 5007 4993 4995
f 4995 4993 4992
f 4995 4992 4952
f 4952 4992 4951
f 4952 4951 4953
f 4953 4951 4950
f 4953 4950 4959
f 4959 4950 4961
f 4959 4961 4962
f 4962 4961 761
f 4962 761 759
f 759 761 752
f 759 752 760
f 760 752 751
f 760 751 778
f 778 751 769
f 778 769 776
f 776 769 770
f 776 770 725
f 725 770 771
f 725 771 726
f 726 771 721
f 726 721 728
f 728 721 837
f 728 837 722
f 722 837 838
f 722 838 829
f 829 838 840
f 829 840 927
f 927 840 919
f 927 919 928
f 928 919 921
f 928 921 929
f 929 921 924
f 929 924 930
f 930 924 932
f 930 932 931
f 931 932 945
f 931 945 902
f 902 945 915
f 902 915 903
f 903 915 911
f 903 911 906
f 906 911 910
f 906 910 1149
f 1149 910 1154
f 1149 1154 1150
f 1150 1154 1155
f 1150 1155 1143
f 1143 1155 1156
f 1143 1156 1151
f 1151 1156 1142
f 1151 1142 1167
f 1167 1142 1171
f 1167 1171 1168
f 1168 1171 1158
f 1168 1158 1169
f 1169 1158 1159
f 1169 1159 1170
f 1170 1159 1160
f 1170 1160 1189
f 1189 1160 1263
f 1189 1263 1245
f 1245 1263 1264
f 1245 1264 1244
f 1244 1264 1265
f 1244 1265 1243
f 1243 1265 1238
f 1243 1238 1242
f 1242 1238 1232
f 1242 1232 1241
f 1241 1232 1237
f 5227 5224 5231
f 5231 5224 5228
f 5231 5228 5234
f 5234 5228 5229
f 5234 5229 5235
f 5235 5229 5213
f 5235 5213 5237
f 5237 5213 5203
f 5237 5203 5100
f 5100 5203 5214
f 5100 5214 5108
f 5108 5214 5155
f 5108 5155 5109
f 5109 5155 5146
f 5109 5146 5107
f 5107 5146 5147
f 5107 5147 5113
f 5113 5147 5148
f 5113 5148 5126
f 5126 5148 5149
f 5126 5149 5125
f 5125 5149 5158
f 5125 5158 5116
f 5116 5158 5143
f 5116 5143 5135
f 5135 5143 5138
f 5135 5138 5699
f 5699 5138 5697
f 5699 5697 5696
f 5696 5697 5721
f 5696 5721 5695
f 5695 5721 5722
f 5695 5722 5714
f 5714 5722 5723
f 5714 5723 5715
f 5715 5723 5711
f 5715 5711 5689
f 5689 5711 5684
f 5689 5684 5683
f 5683 5684 5692
f 5683 5692 5682
f 5682 5692 5693
f 5682 5693 5680
f 5680 5693 3600
f 5680 3600 5461
f 5461 3600 3597
f 5461 3597 5464
f 5464 3597 3598
f 5464 3598 5460
f 5460 3598 3599
f 5460 3599 5459
f 5459 3599 3602
f 5459 3602 5469
f 5469 3602 3571
f 5469 3571 3575
f 3575 3571 3572
f 3575 3572 3578
f 3578 3572 3573
f 3578 3573 3565
f 3565 3573 3574
f 3565 3574 3526
f 3526 3574 3533
f 3526 3533 3522
f 3522 3533 3532
f 3522 3532 3520
f 3520 3532 3531
f 3520 3531 3525
f 3525 3531 3530
f 3525 3530 3493
f 3493 3530 3502
f 3493 3502 3491
f 3491 3502 3501
f 3491 3501 3490
f 3490 3501 3500
f 3490 3500 3489
f 3489 3500 3516
f 3489 3516 3503
f 3503 3516 3514
f 3503 3514 4595
f 4595 3514 4599
f 4595 4599 4596
f 4596 4599 4601
f 4596 4601 4590
f 4590 4601 4602
f 4590 4602 4597
f 4597 4602 4603
f 4597 4603 4586
f 4586 4603 4576
f 4586 4576 4587
f 4587 4576 4575
f 4587 4575 4588
f 4588 4575 4574
f 4588 4574 4500
f 4500 4574 4514
f 4500 4514 4501
f 4501 4514 4513
f 4501 4513 4502
f 4502 4513 4518
f 4502 4518 4503
f 4503 4518 4521
f 4503 4521 4508
f 4508 4521 4504
f 4508 4504 4511
f 4511 4504 4762
f 4511 4762 4454
f 4454 4762 4764
f 4454 4764 4453
f 4453 4764 4760
f 4453 4760 4743
f 4743 4760 4740
f 4743 4740 4744
f 4744 4740 4742
f 4744 4742 4921
f 4921 4742 4924
f 4921 4924 4922
f 4922 4924 4920
f 4922 4920 4923
f 4923 4920 4964
f 4923 4964 4966
f 4966 4964 4971
f 4966 4971 5003
f 5003 4971 4972
f 5003 4972 5002
f 5002 4972 4994
f 5002 4994 4999
f 4999 4994 4981
f 4999 4981 4993
f 4993 4981 4980
f 4993 4980 4992
f 4992 4980 4979
f 4992 4979 4951
f 4951 4979 4949
f 4951 4949 4950
f 4950 4949 4956
f 4950 4956 4961
f 4961 4956 4957
f 4961 4957 761
f 761 4957 756
f 761 756 752
f 752 756 755
f 752 755 751
f 751 755 779
f 751 779 769
f 769 779 775
f 769 775 770
f 770 775 772
f 770 772 771
f 771 772 774
f 771 774 721
f 721 774 836
f 721 836 837
f 837 836 835
f 837 835 838
f 838 835 834
f 838 834 840
f 840 834 833
f 840 833 919
f 919 833 925
f 919 925 921
f 921 925 944
f 921 944 924
f 924 944 943
f 924 943 932
f 932 943 942
f 932 942 945
f 945 942 941
f 945 941 915
f 915 941 907
f 915 907 911
f 911 907 908
f 911 908 910
f 910 908 909
f 910 909 1154
f 1154 909 1126
f 1154 1126 1155
f 1155 1126 1125
f 1155 1125 1156
f 1156 1125 1111
f 1156 1111 1142
f 1142 1111 1119
f 1142 1119 1171
f 1171 1119 1128
f 1171 1128 1158
f 1158 1128 1134
f 1158 1134 1159
f 1159 1134 1127
f 1159 1127 1160
f 1160 1127 1270
f 1160 1270 1263
f 1263 1270 1271
f 1263 1271 1264
f 1264 1271 1272
f 1264 1272 1265
f 1265 1272 1273
f 1265 1273 1238
f 1238 1273 1257
f 1238 1257 1232
f 1232 1257 1258
f 1232 1258 1237
f 1237 1258 1248
f 5224 5220 5228
f 5228 5220 5221
f 5228 5221 5229
f 5229 5221 5216
f 5229 5216 5213
f 5213 5216 5218
f 5213 5218 5203
f 5203 5218 5215
f 5203 5215 5214
f 5214 5215 5205
f 5214 5205 5155
f 5155 5205 5156
f 5155 5156 5146
f 5146 5156 5157
f 5146 5157 5147
f 5147 5157 5145
f 5147 5145 5148
f 5148 5145 5154
f 5148 5154 5149
f 5149 5154 5151
f 5149 5151 5158
f 5158 5151 5144
f 5158 5144 5143
f 5143 5144 5130
f 5143 5130 5138
f 5138 5130 5142
f 5138 5142 5697
f 5697 5142 5720
f 5697 5720 5721
f 5721 5720 5719
f 5721 5719 5722
f 5722 5719 5718
f 5722 5718 5723
f 5723 5718 5717
f 5723 5717 5711
f 5711 5717 5716
f 5711 5716 5684
f 5684 5716 3456
f 5684 3456 5692
f 5692 3456 3455
f 5692 3455 5693
f 5693 3455 3457
f 5693 3457 3600
f 3600 3457 3605
f 3600 3605 3597
f 3597 3605 3608
f 3597 3608 3598
f 3598 3608 3609
f 3598 3609 3599
f 3599 3609 3607
f 3599 3607 3602
f 3602 3607 3606
f 3602 3606 3571
f 3571 3606 3566
f 3571 3566 3572
f 3572 3566 3580
f 3572 3580 3573
f 3573 3580 3579
f 3573 3579 3574
f 3574 3579 3524
f 3574 3524 3533
f 3533 3524 3523
f 3533 3523 3532
f 3532 3523 3521
f 3532 3521 3531
f 3531 3521 3519
f 3531 3519 3530
f 3530 3519 3558
f 3530 3558 3502
f 3502 3558 3498
f 3502 3498 3501
f 3501 3498 3499
f 3501 3499 3500
f 3500 3499 3504
f 3500 3504 3516
f 3516 3504 3505
f 3516 3505 3514
f 3514 3505 3511
f 3514 3511 4599
f 4599 3511 4562
f 4599 4562 4601
f 4601 4562 4566
f 4601 4566 4602
f 4602 4566 4565
f 4602 4565 4603
f 4603 4565 4564
f 4603 4564 4576
f 4576 4564 4582
f 4576 4582 4575
f 4575 4582 4583
f 4575 4583 4574
f 4574 4583 4526
f 4574 4526 4514
f 4514 4526 4525
f 4514 4525 4513
f 4513 4525 4524
f 4513 4524 4518
f 4518 4524 4523
f 4518 4523 4521
f 4521 4523 4512
f 4521 4512 4504
f 4504 4512 4754
f 4504 4754 4762
f 4762 4754 4755
f 4762 4755 4764
f 4764 4755 4758
f 4764 4758 4760
f 4760 4758 4759
f 4760 4759 4740
f 4740 4759 4751
f 4740 4751 4742
f 4742 4751 4741
f 4742 4741 4924
f 4924 4741 4739
f 4924 4739 4920
f 4920 4739 4974
f 4920 4974 4964
f 4964 4974 4965
f 4964 4965 4971
f 4971 4965 4978
f 4971 4978 4972
f 4972 4978 4984
f 4972 4984 4994
f 4994 4984 4985
f 4994 4985 4981
f 4981 4985 4986
f 4981 4986 4980
f 4980 4986 4983
f 4980 4983 4979
f 4979 4983 4982
f 4979 4982 4949
f 4949 4982 4954
f 4949 4954 4956
f 4956 4954 4958
f 4956 4958 4957
f 4957 4958 750
f 4957 750 756
f 756 750 754
f 756 754 755
f 755 754 758
f 755 758 779
f 779 758 765
f 779 765 775
f 775 765 766
f 775 766 772
f 772 766 767
f 772 767 774
f 774 767 826
f 774 826 836
f 836 826 827
f 836 827 835
f 835 827 828
f 835 828 834
f 834 828 830
f 834 830 833
f 833 830 853
f 833 853 925
f 925 853 936
f 925 936 944
f 944 936 940
f 944 940 943
f 943 940 939
f 943 939 942
f 942 939 938
f 942 938 941
f 941 938 937
f 941 937 907
f 907 937 916
f 907 916 908
f 908 916 917
f 908 917 909
f 909 917 1114
f 909 1114 1126
f 1126 1114 1115
f 1126 1115 1125
f 1125 1115 1118
f 1125 1118 1111
f 1111 1118 1112
f 1111 1112 1119
f 1119 1112 1139
f 1119 1139 1128
f 1128 1139 1138
f 1128 1138 1134
f 1134 1138 1137
f 1134 1137 1127
f 1127 1137 1136
f 1127 1136 1270
f 1270 1136 1276
f 1270 1276 1271
f 1271 1276 1275
f 1271 1275 1272
f 1272 1275 1274
f 1272 1274 1273
f 1273 1274 1253
f 1273 1253 1257
f 1257 1253 1254
f 1257 1254 1258
f 1258 1254 1255
f 1258 1255 1248
f 1248 1255 1256
f 5220 5212 5221
f 5221 5212 5207
f 5221 5207 5216
f 5216 5207 5204
f 5216 5204 5218
f 5218 5204 5217
f 5218 5217 5215
f 5215 5217 5206
f 5215 5206 5205
f 5205 5206 5200
f 5205 5200 5156
f 5156 5200 5150
f 5156 5150 5157
f 5157 5150 5152
f 5157 5152 5145
f 5145 5152 5153
f 5145 5153 5154
f 5154 5153 5159
f 5154 5159 5151
f 5151 5159 5131
f 5151 5131 5144
f 5144 5131 5132
f 5144 5132 5130
f 5130 5132 5133
f 5130 5133 5142
f 5142 5133 5134
f 5142 5134 5720
f 5720 5134 5710
f 5720 5710 5719
f 5719 5710 5709
f 5719 5709 5718
f 5718 5709 5713
f 5718 5713 5717
f 5717 5713 5712
f 5717 5712 5716
f 5716 5712 3447
f 5716 3447 3456
f 3456 3447 3446
f 3456 3446 3455
f 3455 3446 3445
f 3455 3445 3457
f 3457 3445 3444
f 3457 3444 3605
f 3605 3444 3601
f 3605 3601 3608
f 3608 3601 3596
f 3608 3596 3609
f 3609 3596 3603
f 3609 3603 3607
f 3607 3603 3588
f 3607 3588 3606
f 3606 3588 3585
f 3606 3585 3566
f 3566 3585 3567
f 3566 3567 3580
f 3580 3567 3577
f 3580 3577 3579
f 3579 3577 3576
f 3579 3576 3524
f 3524 3576 3527
f 3524 3527 3523
f 3523 3527 3528
f 3523 3528 3521
f 3521 3528 3529
f 3521 3529 3519
f 3519 3529 3554
f 3519 3554 3558
f 3558 3554 3555
f 3558 3555 3498
f 3498 3555 3556
f 3498 3556 3499
f 3499 3556 3515
f 3499 3515 3504
f 3504 3515 3512
f 3504 3512 3505
f 3505 3512 3510
f 3505 3510 3511
f 3511 3510 3506
f 3511 3506 4562
f 4562 3506 4567
f 4562 4567 4566
f 4566 4567 4568
f 4566 4568 4565
f 4565 4568 4571
f 4565 4571 4564
f 4564 4571 4572
f 4564 4572 4582
f 4582 4572 4541
f 4582 4541 4583
f 4583 4541 4542
f 4583 4542 4526
f 4526 4542 4530
f 4526 4530 4525
f 4525 4530 4515
f 4525 4515 4524
f 4524 4515 4517
f 4524 4517 4523
f 4523 4517 4522
f 4523 4522 4512
f 4512 4522 4767
f 4512 4767 4754
f 4754 4767 4756
f 4754 4756 4755
f 4755 4756 4766
f 4755 4766 4758
f 4758 4766 4765
f 4758 4765 4759
f 4759 4765 4746
f 4759 4746 4751
f 4751 4746 4745
f 4751 4745 4741
f 4741 4745 4750
f 4741 4750 4739
f 4739 4750 4747
f 4739 4747 4974
f 4974 4747 4968
f 4974 4968 4965
f 4965 4968 4967
f 4965 4967 4978
f 4978 4967 4975
f 4978 4975 4984
f 4984 4975 4991
f 4984 4991 4985
f 4985 4991 4990
f 4985 4990 4986
f 4986 4990 4989
f 4986 4989 4983
f 4983 4989 4988
f 4983 4988 4982
f 4982 4988 4987
f 4982 4987 4954
f 4954 4987 5026
f 4954 5026 4958
f 4958 5026 5027
f 4958 5027 750
f 750 5027 5028
f 750 5028 754
f 754 5028 764
f 754 764 758
f 758 764 763
f 758 763 765
f 765 763 773
f 765 773 766
f 766 773 777
f 766 777 767
f 767 777 832
f 767 832 826
f 826 832 831
f 826 831 827
f 827 831 839
f 827 839 828
f 828 839 856
f 828 856 830
f 830 856 855
f 830 855 853
f 853 855 854
f 853 854 936
f 936 854 933
f 936 933 940
f 940 933 934
f 940 934 939
f 939 934 935
f 939 935 938
f 938 935 879
f 938 879 937
f 937 879 882
f 937 882 916
f 916 882 884
f 916 884 917
f 917 884 867
f 917 867 1114
f 1114 867 866
f 1114 866 1115
f 1115 866 1117
f 1115 1117 1118
f 1118 1117 1116
f 1118 1116 1112
f 1112 1116 1113
f 1112 1113 1139
f 1139 1113 1133
f 1139 1133 1138
f 1138 1133 1141
f 1138 1141 1137
f 1137 1141 1140
f 1137 1140 1136
f 1136 1140 1135
f 1136 1135 1276
f 1276 1135 1262
f 1276 1262 1275
f 1275 1262 1269
f 1275 1269 1274
f 1274 1269 1268
f 1274 1268 1253
f 1253 1268 1261
f 1253 1261 1254
f 1254 1261 1260
f 1254 1260 1255
f 1255 1260 1259
f 1255 1259 1256
f 1256 1259 1251
f 5212 5208 5207
f 5207 5208 5209
f 5207 5209 5204
f 5204 5209 5210
f 5204 5210 5217
f 5217 5210 5211
f 5217 5211 5206
f 5206 5211 5192
f 5206 5192 5200
f 5200 5192 5193
f 5200 5193 5150
f 5150 5193 5174
f 5150 5174 5152
f 5152 5174 5173
f 5152 5173 5153
f 5153 5173 5172
f 5153 5172 5159
f 5159 5172 5171
f 5159 5171 5131
f 5131 5171 5136
f 5131 5136 5132
f 5132 5136 5139
f 5132 5139 5133
f 5133 5139 5140
f 5133 5140 5134
f 5134 5140 3413
f 5134 3413 5710
f 5710 3413 3426
f 5710 3426 5709
f 5709 3426 3415
f 5709 3415 5713
f 5713 3415 3414
f 5713 3414 5712
f 5712 3414 3434
f 5712 3434 3447
f 3447 3434 3450
f 3447 3450 3446
f 3446 3450 3448
f 3446 3448 3445
f 3445 3448 3449
f 3445 3449 3444
f 3444 3449 3443
f 3444 3443 3601
f 3601 3443 3604
f 3601 3604 3596
f 3596 3604 3581
f 3596 3581 3603
f 3603 3581 3590
f 3603 3590 3588
f 3588 3590 3595
f 3588 3595 3585
f 3585 3595 3594
f 3585 3594 3567
f 3567 3594 3570
f 3567 3570 3577
f 3577 3570 3569
f 3577 3569 3576
f 3576 3569 3568
f 3576 3568 3527
f 3527 3568 3548
f 3527 3548 3528
f 3528 3548 3547
f 3528 3547 3529
f 3529 3547 3545
f 3529 3545 3554
f 3554 3545 3550
f 3554 3550 3555
f 3555 3550 3551
f 3555 3551 3556
f 3556 3551 3552
f 3556 3552 3515
f 3515 3552 3507
f 3515 3507 3512
f 3512 3507 3508
f 3512 3508 3510
f 3510 3508 3509
f 3510 3509 3506
f 3506 3509 4561
f 3506 4561 4567
f 4567 4561 4560
f 4567 4560 4568
f 4568 4560 4559
f 4568 4559 4571
f 4571 4559 4558
f 4571 4558 4572
f 4572 4558 4531
f 4572 4531 4541
f 4541 4531 4532
f 4541 4532 4542
f 4542 4532 4538
f 4542 4538 4530
f 4530 4538 4527
f 4530 4527 4515
f 4515 4527 4519
f 4515 4519 4517
f 4517 4519 4520
f 4517 4520 4522
f 4522 4520 4763
f 4522 4763 4767
f 4767 4763 4761
f 4767 4761 4756
f 4756 4761 4757
f 4756 4757 4766
f 4766 4757 4768
f 4766 4768 4765
f 4765 4768 4727
f 4765 4727 4746
f 4746 4727 4748
f 4746 4748 4745
f 4745 4748 4749
f 4745 4749 4750
f 4750 4749 4753
f 4750 4753 4747
f 4747 4753 4689
f 4747 4689 4968
f 4968 4689 4970
f 4968 4970 4967
f 4967 4970 4977
f 4967 4977 4975
f 4975 4977 4976
f 4975 4976 4991
f 4991 4976 5077
f 4991 5077 4990
f 4990 5077 5076
f 4990 5076 4989
f 4989 5076 5041
f 4989 5041 4988
f 4988 5041 5044
f 4988 5044 4987
f 4987 5044 5043
f 4987 5043 5026
f 5026 5043 5025
f 5026 5025 5027
f 5027 5025 5034
f 5027 5034 5028
f 5028 5034 5033
f 5028 5033 764
f 764 5033 762
f 764 762 763
f 763 762 757
f 763 757 773
f 773 757 804
f 773 804 777
f 777 804 809
f 777 809 832
f 832 809 808
f 832 808 831
f 831 808 841
f 831 841 839
f 839 841 842
f 839 842 856
f 856 842 843
f 856 843 855
f 855 843 844
f 855 844 854
f 854 844 890
f 854 890 933
f 933 890 888
f 933 888 934
f 934 888 889
f 934 889 935
f 935 889 875
f 935 875 879
f 879 875 872
f 879 872 882
f 882 872 873
f 882 873 884
f 884 873 860
f 884 860 867
f 867 860 858
f 867 858 866
f 866 858 871
f 866 871 1117
f 1117 871 1124
f 1117 1124 1116
f 1116 1124 1123
f 1116 1123 1113
f 1113 1123 1122
f 1113 1122 1133
f 1133 1122 1132
f 1133 1132 1141
f 1141 1132 1131
f 1141 1131 1140
f 1140 1131 1130
f 1140 1130 1135
f 1135 1130 1129
f 1135 1129 1262
f 1262 1129 1266
f 1262 1266 1269
f 1269 1266 1267
f 1269 1267 1268
f 1268 1267 1252
f 1268 1252 1261
f 1261 1252 1250
f 1261 1250 1260
f 1260 1250 1249
f 1260 1249 1259
f 1259 1249 1247
f 1259 1247 1251
f 1251 1247 1938
f 5208 5178 5209
f 5209 5178 5177
f 5209 5177 5210
f 5210 5177 5188
f 5210 5188 5211
f 5211 5188 5189
f 5211 5189 5192
f 5192 5189 5196
f 5192 5196 5193
f 5193 5196 5199
f 5193 5199 5174
f 5174 5199 5167
f 5174 5167 5173
f 5173 5167 5161
f 5173 5161 5172
f 5172 5161 5164
f 5172 5164 5171
f 5171 5164 5165
f 5171 5165 5136
f 5136 5165 5137
f 5136 5137 5139
f 5139 5137 5141
f 5139 5141 5140
f 5140 5141 3422
f 5140 3422 3413
f 3413 3422 3421
f 3413 3421 3426
f 3426 3421 3420
f 3426 3420 3415
f 3415 3420 3419
f 3415 3419 3414
f 3414 3419 3435
f 3414 3435 3434
f 3434 3435 3433
f 3434 3433 3450
f 3450 3433 3451
f 3450 3451 3448
f 3448 3451 3452
f 3448 3452 3449
f 3449 3452 3453
f 3449 3453 3443
f 3443 3453 3454
f 3443 3454 3604
f 3604 3454 3587
f 3604 3587 3581
f 3581 3587 3586
f 3581 3586 3590
f 3590 3586 3584
f 3590 3584 3595
f 3595 3584 3583
f 3595 3583 3594
f 3594 3583 3582
f 3594 3582 3570
f 3570 3582 3651
f 3570 3651 3569
f 3569 3651 3650
f 3569 3650 3568
f 3568 3650 3649
f 3568 3649 3548
f 3548 3649 3534
f 3548 3534 3547
f 3547 3534 3543
f 3547 3543 3545
f 3545 3543 3546
f 3545 3546 3550
f 3550 3546 3557
f 3550 3557 3551
f 3551 3557 3559
f 3551 3559 3552
f 3552 3559 3560
f 3552 3560 3507
f 3507 3560 3518
f 3507 3518 3508
f 3508 3518 3517
f 3508 3517 3509
f 3509 3517 3771
f 3509 3771 4561
f 4561 3771 3773
f 4561 3773 4560
f 4560 3773 4569
f 4560 4569 4559
f 4559 4569 4570
f 4559 4570 4558
f 4558 4570 4555
f 4558 4555 4531
f 4531 4555 4539
f 4531 4539 4532
f 4532 4539 4540
f 4532 4540 4538
f 4538 4540 4529
f 4538 4529 4527
f 4527 4529 4537
f 4527 4537 4519
f 4519 4537 4516
f 4519 4516 4520
f 4520 4516 4642
f 4520 4642 4763
f 4763 4642 4635
f 4763 4635 4761
f 4761 4635 4729
f 4761 4729 4757
f 4757 4729 4730
f 4757 4730 4768
f 4768 4730 4732
f 4768 4732 4727
f 4727 4732 4735
f 4727 4735 4748
f 4748 4735 4736
f 4748 4736 4749
f 4749 4736 4679
f 4749 4679 4753
f 4753 4679 4682
f 4753 4682 4689
f 4689 4682 4688
f 4689 4688 4970
f 4970 4688 4973
f 4970 4973 4977
f 4977 4973 4969
f 4977 4969 4976
f 4976 4969 5085
f 4976 5085 5077
f 5077 5085 5071
f 5077 5071 5076
f 5076 5071 5070
f 5076 5070 5041
f 5041 5070 5053
f 5041 5053 5044
f 5044 5053 5052
f 5044 5052 5043
f 5043 5052 5050
f 5043 5050 5025
f 5025 5050 5039
f 5025 5039 5034
f 5034 5039 5032
f 5034 5032 5033
f 5033 5032 5031
f 5033 5031 762
f 762 5031 753
f 762 753 757
f 757 753 789
f 757 789 804
f 804 789 805
f 804 805 809
f 809 805 806
f 809 806 808
f 808 806 810
f 808 810 841
f 841 810 845
f 841 845 842
f 842 845 847
f 842 847 843
f 843 847 846
f 843 846 844
f 844 846 821
f 844 821 890
f 890 821 897
f 890 897 888
f 888 897 896
f 888 896 889
f 889 896 895
f 889 895 875
f 875 895 885
f 875 885 872
f 872 885 886
f 872 886 873
f 873 886 863
f 873 863 860
f 860 863 864
f 860 864 858
f 858 864 865
f 858 865 871
f 871 865 859
f 871 859 1124
f 1124 859 1121
f 1124 1121 1123
f 1123 1121 1120
f 1123 1120 1122
f 1122 1120 2198
f 1122 2198 1132
f 1132 2198 2211
f 1132 2211 1131
f 1131 2211 2212
f 1131 2212 1130
f 1130 2212 2213
f 1130 2213 1129
f 1129 2213 2217
f 1129 2217 1266
f 1266 2217 1965
f 1266 1965 1267
f 1267 1965 1968
f 1267 1968 1252
f 1252 1968 1969
f 1252 1969 1250
f 1250 1969 1970
f 1250 1970 1249
f 1249 1970 1978
f 1249 1978 1247
f 1247 1978 1935
f 1247 1935 1938
f 1938 1935 1945
f 5178 5179 5177
f 5177 5179 5180
f 5177 5180 5188
f 5188 5180 5175
f 5188 5175 5189
f 5189 5175 5201
f 5189 5201 5196
f 5196 5201 5202
f 5196 5202 5199
f 5199 5202 5190
f 5199 5190 5167
f 5167 5190 5160
f 5167 5160 5161
f 5161 5160 5169
f 5161 5169 5164
f 5164 5169 5170
f 5164 5170 5165
f 5165 5170 3220
f 5165 3220 5137
f 5137 3220 3219
f 5137 3219 5141
f 5141 3219 3225
f 5141 3225 3422
f 3422 3225 3417
f 3422 3417 3421
f 3421 3417 3418
f 3421 3418 3420
f 3420 3418 3423
f 3420 3423 3419
f 3419 3423 3430
f 3419 3430 3435
f 3435 3430 3431
f 3435 3431 3433
f 3433 3431 3432
f 3433 3432 3451
f 3451 3432 3461
f 3451 3461 3452
f 3452 3461 3460
f 3452 3460 3453
f 3453 3460 3459
f 3453 3459 3454
f 3454 3459 3468
f 3454 3468 3587
f 3587 3468 3593
f 3587 3593 3586
f 3586 3593 3592
f 3586 3592 3584
f 3584 3592 3591
f 3584 3591 3583
f 3583 3591 3589
f 3583 3589 3582
f 3582 3589 3654
f 3582 3654 3651
f 3651 3654 3655
f 3651 3655 3650
f 3650 3655 3653
f 3650 3653 3649
f 3649 3653 3652
f 3649 3652 3534
f 3534 3652 3539
f 3534 3539 3543
f 3543 3539 3540
f 3543 3540 3546
f 3546 3540 3541
f 3546 3541 3557
f 3557 3541 3563
f 3557 3563 3559
f 3559 3563 3562
f 3559 3562 3560
f 3560 3562 3561
f 3560 3561 3518
f 3518 3561 3513
f 3518 3513 3517
f 3517 3513 3765
f 3517 3765 3771
f 3771 3765 3764
f 3771 3764 3773
f 3773 3764 3763
f 3773 3763 4569
f 4569 3763 4563
f 4569 4563 4570
f 4570 4563 4546
f 4570 4546 4555
f 4555 4546 4543
f 4555 4543 4539
f 4539 4543 4553
f 4539 4553 4540
f 4540 4553 4536
f 4540 4536 4529
f 4529 4536 4535
f 4529 4535 4537
f 4537 4535 4528
f 4537 4528 4516
f 4516 4528 4646
f 4516 4646 4642
f 4642 4646 4645
f 4642 4645 4635
f 4635 4645 4643
f 4635 4643 4729
f 4729 4643 4728
f 4729 4728 4730
f 4730 4728 4731
f 4730 4731 4732
f 4732 4731 4733
f 4732 4733 4735
f 4735 4733 4734
f 4735 4734 4736
f 4736 4734 4678
f 4736 4678 4679
f 4679 4678 4686
f 4679 4686 4682
f 4682 4686 4685
f 4682 4685 4688
f 4688 4685 4684
f 4688 4684 4973
f 4973 4684 5090
f 4973 5090 4969
f 4969 5090 5086
f 4969 5086 5085
f 5085 5086 5080
f 5085 5080 5071
f 5071 5080 5079
f 5071 5079 5070
f 5070 5079 5074
f 5070 5074 5053
f 5053 5074 5049
f 5053 5049 5052
f 5052 5049 5051
f 5052 5051 5050
f 5050 5051 5047
f 5050 5047 5039
f 5039 5047 5037
f 5039 5037 5032
f 5032 5037 5038
f 5032 5038 5031
f 5031 5038 5035
f 5031 5035 753
f 753 5035 785
f 753 785 789
f 789 785 786
f 789 786 805
f 805 786 798
f 805 798 806
f 806 798 797
f 806 797 810
f 810 797 850
f 810 850 845
f 845 850 851
f 845 851 847
f 847 851 852
f 847 852 846
f 846 852 822
f 846 822 821
f 821 822 823
f 821 823 897
f 897 823 898
f 897 898 896
f 896 898 893
f 896 893 895
f 895 893 883
f 895 883 885
f 885 883 876
f 885 876 886
f 886 876 877
f 886 877 863
f 863 877 870
f 863 870 864
f 864 870 862
f 864 862 865
f 865 862 861
f 865 861 859
f 859 861 857
f 859 857 1121
f 1121 857 2201
f 1121 2201 1120
f 1120 2201 2187
f 1120 2187 2198
f 2198 2187 2188
f 2198 2188 2211
f 2211 2188 2216
f 2211 2216 2212
f 2212 2216 2215
f 2212 2215 2213
f 2213 2215 2214
f 2213 2214 2217
f 2217 2214 1971
f 2217 1971 1965
f 1965 1971 1964
f 1965 1964 1968
f 1968 1964 1975
f 1968 1975 1969
f 1969 1975 1973
f 1969 1973 1970
f 1970 1973 1974
f 1970 1974 1978
f 1978 1974 1944
f 1978 1944 1935
f 1935 1944 1940
f 1935 1940 1945
f 1945 1940 1934
f 5179 5176 5180
f 5180 5176 5186
f 5180 5186 5175
f 5175 5186 5187
f 5175 5187 5201
f 5201 5187 5191
f 5201 5191 5202
f 5202 5191 5194
f 5202 5194 5190
f 5190 5194 5195
f 5190 5195 5160
f 5160 5195 5163
f 5160 5163 5169
f 5169 5163 5162
f 5169 5162 5170
f 5170 5162 3231
f 5170 3231 3220
f 3220 3231 3230
f 3220 3230 3219
f 3219 3230 3232
f 3219 3232 3225
f 3225 3232 3233
f 3225 3233 3417
f 3417 3233 3424
f 3417 3424 3418
f 3418 3424 3425
f 3418 3425 3423
f 3423 3425 3437
f 3423 3437 3430
f 3430 3437 3438
f 3430 3438 3431
f 3431 3438 3436
f 3431 3436 3432
f 3432 3436 3471
f 3432 3471 3461
f 3461 3471 3473
f 3461 3473 3460
f 3460 3473 3470
f 3460 3470 3459
f 3459 3470 3472
f 3459 3472 3468
f 3468 3472 3462
f 3468 3462 3593
f 3593 3462 3623
f 3593 3623 3592
f 3592 3623 3622
f 3592 3622 3591
f 3591 3622 3613
f 3591 3613 3589
f 3589 3613 3648
f 3589 3648 3654
f 3654 3648 3647
f 3654 3647 3655
f 3655 3647 3644
f 3655 3644 3653
f 3653 3644 3646
f 3653 3646 3652
f 3652 3646 3645
f 3652 3645 3539
f 3539 3645 3544
f 3539 3544 3540
f 3540 3544 3536
f 3540 3536 3541
f 3541 3536 3535
f 3541 3535 3563
f 3563 3535 3564
f 3563 3564 3562
f 3562 3564 3549
f 3562 3549 3561
f 3561 3549 3553
f 3561 3553 3513
f 3513 3553 3768
f 3513 3768 3765
f 3765 3768 3769
f 3765 3769 3764
f 3764 3769 3759
f 3764 3759 3763
f 3763 3759 3772
f 3763 3772 4563
f 4563 3772 4545
f 4563 4545 4546
f 4546 4545 4544
f 4546 4544 4543
f 4543 4544 4551
f 4543 4551 4553
f 4553 4551 4552
f 4553 4552 4536
f 4536 4552 4533
f 4536 4533 4535
f 4535 4533 4534
f 4535 4534 4528
f 4528 4534 4641
f 4528 4641 4646
f 4646 4641 4640
f 4646 4640 4645
f 4645 4640 4639
f 4645 4639 4643
f 4643 4639 4638
f 4643 4638 4728
f 4728 4638 4737
f 4728 4737 4731
f 4731 4737 4726
f 4731 4726 4733
f 4733 4726 4738
f 4733 4738 4734
f 4734 4738 4681
f 4734 4681 4678
f 4678 4681 4683
f 4678 4683 4686
f 4686 4683 4690
f 4686 4690 4685
f 4685 4690 4691
f 4685 4691 4684
f 4684 4691 5091
f 4684 5091 5090
f 5090 5091 5094
f 5090 5094 5086
f 5086 5094 5093
f 5086 5093 5080
f 5080 5093 5073
f 5080 5073 5079
f 5079 5073 5078
f 5079 5078 5074
f 5074 5078 5075
f 5074 5075 5049
f 5049 5075 5048
f 5049 5048 5051
f 5051 5048 5054
f 5051 5054 5047
f 5047 5054 5046
f 5047 5046 5037
f 5037 5046 5029
f 5037 5029 5038
f 5038 5029 5030
f 5038 5030 5035
f 5035 5030 782
f 5035 782 785
f 785 782 781
f 785 781 786
f 786 781 784
f 786 784 798
f 798 784 807
f 798 807 797
f 797 807 803
f 797 803 850
f 850 803 848
f 850 848 851
f 851 848 849
f 851 849 852
f 852 849 812
f 852 812 822
f 822 812 825
f 822 825 823
f 823 825 824
f 823 824 898
f 898 824 891
f 898 891 893
f 893 891 899
f 893 899 883
f 883 899 880
f 883 880 876
f 876 880 874
f 876 874 877
f 877 874 881
f 877 881 870
f 870 881 869
f 870 869 862
f 862 869 868
f 862 868 861
f 861 868 2136
f 861 2136 857
f 857 2136 2137
f 857 2137 2201
f 2201 2137 2190
f 2201 2190 2187
f 2187 2190 2191
f 2187 2191 2188
f 2188 2191 2192
f 2188 2192 2216
f 2216 2192 2209
f 2216 2209 2215
f 2215 2209 2202
f 2215 2202 2214
f 2214 2202 2208
f 2214 2208 1971
f 1971 2208 1976
f 1971 1976 1964
f 1964 1976 1977
f 1964 1977 1975
f 1975 1977 1972
f 1975 1972 1973
f 1973 1972 1962
f 1973 1962 1974
f 1974 1962 1961
f 1974 1961 1944
f 1944 1961 1941
f 1944 1941 1940
f 1940 1941 1942
f 1940 1942 1934
f 1934 1942 1943
f 5176 5184 5186
f 5186 5184 5183
f 5186 5183 5187
f 5187 5183 5182
f 5187 5182 5191
f 5191 5182 5197
f 5191 5197 5194
f 5194 5197 5198
f 5194 5198 5195
f 5195 5198 5168
f 5195 5168 5163
f 5163 5168 5166
f 5163 5166 5162
f 5162 5166 3204
f 5162 3204 3231
f 3231 3204 3228
f 3231 3228 3230
f 3230 3228 3227
f 3230 3227 3232
f 3232 3227 3226
f 3232 3226 3233
f 3233 3226 3221
f 3233 3221 3424
f 3424 3221 3416
f 3424 3416 3425
f 3425 3416 3427
f 3425 3427 3437
f 3437 3427 3428
f 3437 3428 3438
f 3438 3428 3429
f 3438 3429 3436
f 3436 3429 3439
f 3436 3439 3471
f 3471 3439 3463
f 3471 3463 3473
f 3473 3463 3464
f 3473 3464 3470
f 3470 3464 3465
f 3470 3465 3472
f 3472 3465 3466
f 3472 3466 3462
f 3462 3466 3467
f 3462 3467 3623
f 3623 3467 3611
f 3623 3611 3622
f 3622 3611 3618
f 3622 3618 3613
f 3613 3618 3625
f 3613 3625 3648
f 3648 3625 3643
f 3648 3643 3647
f 3647 3643 3642
f 3647 3642 3644
f 3644 3642 3641
f 3644 3641 3646
f 3646 3641 3628
f 3646 3628 3645
f 3645 3628 3629
f 3645 3629 3544
f 3544 3629 3542
f 3544 3542 3536
f 3536 3542 3538
f 3536 3538 3535
f 3535 3538 3537
f 3535 3537 3564
f 3564 3537 3739
f 3564 3739 3549
f 3549 3739 3740
f 3549 3740 3553
f 3553 3740 3767
f 3553 3767 3768
f 3768 3767 3766
f 3768 3766 3769
f 3769 3766 3762
f 3769 3762 3759
f 3759 3762 3760
f 3759 3760 3772
f 3772 3760 3757
f 3772 3757 4545
f 4545 3757 4547
f 4545 4547 4544
f 4544 4547 4548
f 4544 4548 4551
f 4551 4548 4549
f 4551 4549 4552
f 4552 4549 4550
f 4552 4550 4533
f 4533 4550 4605
f 4533 4605 4534
f 4534 4605 4604
f 4534 4604 4641
f 4641 4604 4648
f 4641 4648 4640
f 4640 4648 4647
f 4640 4647 4639
f 4639 4647 4634
f 4639 4634 4638
f 4638 4634 4644
f 4638 4644 4737
f 4737 4644 4725
f 4737 4725 4726
f 4726 4725 4724
f 4726 4724 4738
f 4738 4724 4698
f 4738 4698 4681
f 4681 4698 4699
f 4681 4699 4683
f 4683 4699 4680
f 4683 4680 4690
f 4690 4680 4687
f 4690 4687 4691
f 4691 4687 4692
f 4691 4692 5091
f 5091 4692 5089
f 5091 5089 5094
f 5094 5089 5088
f 5094 5088 5093
f 5093 5088 5087
f 5093 5087 5073
f 5073 5087 5084
f 5073 5084 5078
f 5078 5084 5083
f 5078 5083 5075
f 5075 5083 5082
f 5075 5082 5048
f 5048 5082 5040
f 5048 5040 5054
f 5054 5040 5045
f 5054 5045 5046
f 5046 5045 5042
f 5046 5042 5029
f 5029 5042 5036
f 5029 5036 5030
f 5030 5036 783
f 5030 783 782
f 782 783 792
f 782 792 781
f 781 792 780
f 781 780 784
f 784 780 795
f 784 795 807
f 807 795 799
f 807 799 803
f 803 799 802
f 803 802 848
f 848 802 819
f 848 819 849
f 849 819 820
f 849 820 812
f 812 820 815
f 812 815 825
f 825 815 816
f 825 816 824
f 824 816 817
f 824 817 891
f 891 817 887
f 891 887 899
f 899 887 894
f 899 894 880
f 880 894 878
f 880 878 874
f 874 878 1821
f 874 1821 881
f 881 1821 1822
f 881 1822 869
f 869 1822 2138
f 869 2138 868
f 868 2138 2139
f 868 2139 2136
f 2136 2139 2140
f 2136 2140 2137
f 2137 2140 2141
f 2137 2141 2190
f 2190 2141 2195
f 2190 2195 2191
f 2191 2195 2194
f 2191 2194 2192
f 2192 2194 2193
f 2192 2193 2209
f 2209 2193 2204
f 2209 2204 2202
f 2202 2204 2203
f 2202 2203 2208
f 2208 2203 2210
f 2208 2210 1976
f 1976 2210 1967
f 1976 1967 1977
f 1977 1967 1966
f 1977 1966 1972
f 1972 1966 1951
f 1972 1951 1962
f 1962 1951 1954
f 1962 1954 1961
f 1961 1954 1953
f 1961 1953 1941
f 1941 1953 1936
f 1941 1936 1942
f 1942 1936 1937
f 1942 1937 1943
f 1943 1937 1946
f 5184 5181 5183
f 5183 5181 5185
f 5183 5185 5182
f 5182 5185 3201
f 5182 3201 5197
f 5197 3201 3200
f 5197 3200 5198
f 5198 3200 3190
f 5198 3190 5168
f 5168 3190 3207
f 5168 3207 5166
f 5166 3207 3206
f 5166 3206 3204
f 3204 3206 3205
f 3204 3205 3228
f 3228 3205 3229
f 3228 3229 3227
f 3227 3229 3222
f 3227 3222 3226
f 3226 3222 3223
f 3226 3223 3221
f 3221 3223 3224
f 3221 3224 3416
f 3416 3224 3440
f 3416 3440 3427
f 3427 3440 3441
f 3427 3441 3428
f 3428 3441 3442
f 3428 3442 3429
f 3429 3442 3412
f 3429 3412 3439
f 3439 3412 3410
f 3439 3410 3463
f 3463 3410 3469
f 3463 3469 3464
f 3464 3469 3458
f 3464 3458 3465
f 3465 3458 3486
f 3465 3486 3466
f 3466 3486 3485
f 3466 3485 3467
f 3467 3485 3484
f 3467 3484 3611
f 3611 3484 3617
f 3611 3617 3618
f 3618 3617 3610
f 3618 3610 3625
f 3625 3610 3620
f 3625 3620 3643
f 3643 3620 3640
f 3643 3640 3642
f 3642 3640 3638
f 3642 3638 3641
f 3641 3638 3637
f 3641 3637 3628
f 3628 3637 3636
f 3628 3636 3629
f 3629 3636 3635
f 3629 3635 3542
f 3542 3635 3714
f 3542 3714 3538
f 3538 3714 3718
f 3538 3718 3537
f 3537 3718 3735
f 3537 3735 3739
f 3739 3735 3733
f 3739 3733 3740
f 3740 3733 3734
f 3740 3734 3767
f 3767 3734 3770
f 3767 3770 3766
f 3766 3770 3761
f 3766 3761 3762
f 3762 3761 3756
f 3762 3756 3760
f 3760 3756 3755
f 3760 3755 3757
f 3757 3755 3754
f 3757 3754 4547
f 4547 3754 4557
f 4547 4557 4548
f 4548 4557 4556
f 4548 4556 4549
f 4549 4556 4554
f 4549 4554 4550
f 4550 4554 4617
f 4550 4617 4605
f 4605 4617 4616
f 4605 4616 4604
f 4604 4616 4615
f 4604 4615 4648
f 4648 4615 4614
f 4648 4614 4647
f 4647 4614 4636
f 4647 4636 4634
f 4634 4636 4637
f 4634 4637 4644
f 4644 4637 4671
f 4644 4671 4725
f 4725 4671 4674
f 4725 4674 4724
f 4724 4674 4701
f 4724 4701 4698
f 4698 4701 4700
f 4698 4700 4699
f 4699 4700 4695
f 4699 4695 4680
f 4680 4695 4697
f 4680 4697 4687
f 4687 4697 4714
f 4687 4714 4692
f 4692 4714 4713
f 4692 4713 5089
f 5089 4713 5099
f 5089 5099 5088
f 5088 5099 5096
f 5088 5096 5087
f 5087 5096 5095
f 5087 5095 5084
f 5084 5095 5081
f 5084 5081 5083
f 5083 5081 5072
f 5083 5072 5082
f 5082 5072 5011
f 5082 5011 5040
f 5040 5011 5010
f 5040 5010 5045
f 5045 5010 5012
f 5045 5012 5042
f 5042 5012 5013
f 5042 5013 5036
f 5036 5013 793
f 5036 793 783
f 783 793 794
f 783 794 792
f 792 794 787
f 792 787 780
f 780 787 788
f 780 788 795
f 795 788 801
f 795 801 799
f 799 801 796
f 799 796 802
f 802 796 800
f 802 800 819
f 819 800 818
f 819 818 820
f 820 818 814
f 820 814 815
f 815 814 813
f 815 813 816
f 816 813 811
f 816 811 817
f 817 811 892
f 817 892 887
f 887 892 900
f 887 900 894
f 894 900 901
f 894 901 878
f 878 901 1819
f 878 1819 1821
f 1821 1819 1825
f 1821 1825 1822
f 1822 1825 2135
f 1822 2135 2138
f 2138 2135 2134
f 2138 2134 2139
f 2139 2134 2127
f 2139 2127 2140
f 2140 2127 2133
f 2140 2133 2141
f 2141 2133 2132
f 2141 2132 2195
f 2195 2132 2189
f 2195 2189 2194
f 2194 2189 2200
f 2194 2200 2193
f 2193 2200 2199
f 2193 2199 2204
f 2204 2199 2207
f 2204 2207 2203
f 2203 2207 2206
f 2203 2206 2210
f 2210 2206 2205
f 2210 2205 1967
f 1967 2205 1960
f 1967 1960 1966
f 1966 1960 1959
f 1966 1959 1951
f 1951 1959 1958
f 1951 1958 1954
f 1954 1958 1957
f 1954 1957 1953
f 1953 1957 1956
f 1953 1956 1936
f 1936 1956 1947
f 1936 1947 1937
f 1937 1947 1948
f 1937 1948 1946
f 1946 1948 1939
f 5181 3189 5185
f 5185 3189 3191
f 5185 3191 3201
f 3201 3191 3192
f 3201 3192 3200
f 3200 3192 3193
f 3200 3193 3190
f 3190 3193 3208
f 3190 3208 3207
f 3207 3208 3209
f 3207 3209 3206
f 3206 3209 3210
f 3206 3210 3205
f 3205 3210 3211
f 3205 3211 3229
f 3229 3211 3247
f 3229 3247 3222
f 3222 3247 3245
f 3222 3245 3223
f 3223 3245 3246
f 3223 3246 3224
f 3224 3246 3244
f 3224 3244 3440
f 3440 3244 3402
f 3440 3402 3441
f 3441 3402 3403
f 3441 3403 3442
f 3442 3403 3404
f 3442 3404 3412
f 3412 3404 3405
f 3412 3405 3410
f 3410 3405 3406
f 3410 3406 3469
f 3469 3406 3481
f 3469 3481 3458
f 3458 3481 3480
f 3458 3480 3486
f 3486 3480 3479
f 3486 3479 3485
f 3485 3479 3478
f 3485 3478 3484
f 3484 3478 3474
f 3484 3474 3617
f 3617 3474 3614
f 3617 3614 3610
f 3610 3614 3615
f 3610 3615 3620
f 3620 3615 3630
f 3620 3630 3640
f 3640 3630 3639
f 3640 3639 3638
f 3638 3639 3634
f 3638 3634 3637
f 3637 3634 3632
f 3637 3632 3636
f 3636 3632 3631
f 3636 3631 3635
f 3635 3631 3725
f 3635 3725 3714
f 3714 3725 3726
f 3714 3726 3718
f 3718 3726 3727
f 3718 3727 3735
f 3735 3727 3742
f 3735 3742 3733
f 3733 3742 3743
f 3733 3743 3734
f 3734 3743 3741
f 3734 3741 3770
f 3770 3741 3744
f 3770 3744 3761
f 3761 3744 3751
f 3761 3751 3756
f 3756 3751 3752
f 3756 3752 3755
f 3755 3752 3753
f 3755 3753 3754
f 3754 3753 3746
f 3754 3746 4557
f 4557 3746 4631
f 4557 4631 4556
f 4556 4631 4632
f 4556 4632 4554
f 4554 4632 4633
f 4554 4633 4617
f 4617 4633 4607
f 4617 4607 4616
f 4616 4607 4608
f 4616 4608 4615
f 4615 4608 4609
f 4615 4609 4614
f 4614 4609 4610
f 4614 4610 4636
f 4636 4610 4652
f 4636 4652 4637
f 4637 4652 4669
f 4637 4669 4671
f 4671 4669 4668
f 4671 4668 4674
f 4674 4668 4666
f 4674 4666 4701
f 4701 4666 4696
f 4701 4696 4700
f 4700 4696 4707
f 4700 4707 4695
f 4695 4707 4706
f 4695 4706 4697
f 4697 4706 4717
f 4697 4717 4714
f 4714 4717 4718
f 4714 4718 4713
f 4713 4718 4719
f 4713 4719 5099
f 5099 4719 5098
f 5099 5098 5096
f 5096 5098 5097
f 5096 5097 5095
f 5095 5097 5064
f 5095 5064 5081
f 5081 5064 5063
f 5081 5063 5072
f 5072 5063 5062
f 5072 5062 5011
f 5011 5062 5015
f 5011 5015 5010
f 5010 5015 5019
f 5010 5019 5012
f 5012 5019 5018
f 5012 5018 5013
f 5013 5018 5016
f 5013 5016 793
f 793 5016 790
f 793 790 794
f 794 790 791
f 794 791 787
f 787 791 1805
f 787 1805 788
f 788 1805 1809
f 788 1809 801
f 801 1809 1810
f 801 1810 796
f 796 1810 1811
f 796 1811 800
f 800 1811 1741
f 800 1741 818
f 818 1741 1740
f 818 1740 814
f 814 1740 1742
f 814 1742 813
f 813 1742 1744
f 813 1744 811
f 811 1744 1833
f 811 1833 892
f 892 1833 1832
f 892 1832 900
f 900 1832 1829
f 900 1829 901
f 901 1829 1840
f 901 1840 1819
f 1819 1840 1823
f 1819 1823 1825
f 1825 1823 1824
f 1825 1824 2135
f 2135 1824 2131
f 2135 2131 2134
f 2134 2131 2130
f 2134 2130 2127
f 2127 2130 2129
f 2127 2129 2133
f 2133 2129 2128
f 2133 2128 2132
f 2132 2128 2160
f 2132 2160 2189
f 2189 2160 2197
f 2189 2197 2200
f 2200 2197 2196
f 2200 2196 2199
f 2199 2196 2179
f 2199 2179 2207
f 2207 2179 2180
f 2207 2180 2206
f 2206 2180 2181
f 2206 2181 2205
f 2205 2181 1963
f 2205 1963 1960
f 1960 1963 1949
f 1960 1949 1959
f 1959 1949 1955
f 1959 1955 1958
f 1958 1955 1952
f 1958 1952 1957
f 1957 1952 1950
f 1957 1950 1956
f 1956 1950 1928
f 1956 1928 1947
f 1947 1928 1929
f 1947 1929 1948
f 1948 1929 1920
f 1948 1920 1939
f 1939 1920 1930
f 3189 3198 3191
f 3191 3198 3197
f 3191 3197 3192
f 3192 3197 3188
f 3192 3188 3193
f 3193 3188 3199
f 3193 3199 3208
f 3208 3199 3217
f 3208 3217 3209
f 3209 3217 3213
f 3209 3213 3210
f 3210 3213 3218
f 3210 3218 3211
f 3211 3218 3238
f 3211 3238 3247
f 3247 3238 3237
f 3247 3237 3245
f 3245 3237 3236
f 3245 3236 3246
f 3246 3236 3240
f 3246 3240 3244
f 3244 3240 3241
f 3244 3241 3402
f 3402 3241 3409
f 3402 3409 3403
f 3403 3409 3411
f 3403 3411 3404
f 3404 3411 3408
f 3404 3408 3405
f 3405 3408 3407
f 3405 3407 3406
f 3406 3407 3488
f 3406 3488 3481
f 3481 3488 3487
f 3481 3487 3480
f 3480 3487 3483
f 3480 3483 3479
f 3479 3483 3482
f 3479 3482 3478
f 3478 3482 3350
f 3478 3350 3474
f 3474 3350 3351
f 3474 3351 3614
f 3614 3351 3621
f 3614 3621 3615
f 3615 3621 3619
f 3615 3619 3630
f 3630 3619 3627
f 3630 3627 3639
f 3639 3627 3626
f 3639 3626 3634
f 3634 3626 3633
f 3634 3633 3632
f 3632 3633 3701
f 3632 3701 3631
f 3631 3701 3700
f 3631 3700 3725
f 3725 3700 3724
f 3725 3724 3726
f 3726 3724 3723
f 3726 3723 3727
f 3727 3723 3719
f 3727 3719 3742
f 3742 3719 3731
f 3742 3731 3743
f 3743 3731 3730
f 3743 3730 3741
f 3741 3730 3732
f 3741 3732 3744
f 3744 3732 3750
f 3744 3750 3751
f 3751 3750 3749
f 3751 3749 3752
f 3752 3749 3748
f 3752 3748 3753
f 3753 3748 3747
f 3753 3747 3746
f 3746 3747 3745
f 3746 3745 4631
f 4631 3745 4628
f 4631 4628 4632
f 4632 4628 4629
f 4632 4629 4633
f 4633 4629 4620
f 4633 4620 4607
f 4607 4620 4606
f 4607 4606 4608
f 4608 4606 4611
f 4608 4611 4609
f 4609 4611 4612
f 4609 4612 4610
f 4610 4612 4651
f 4610 4651 4652
f 4652 4651 4653
f 4652 4653 4669
f 4669 4653 4672
f 4669 4672 4668
f 4668 4672 4673
f 4668 4673 4666
f 4666 4673 4670
f 4666 4670 4696
f 4696 4670 4694
f 4696 4694 4707
f 4707 4694 4693
f 4707 4693 4706
f 4706 4693 4708
f 4706 4708 4717
f 4717 4708 4709
f 4717 4709 4718
f 4718 4709 4711
f 4718 4711 4719
f 4719 4711 4710
f 4719 4710 5098
f 5098 4710 5092
f 5098 5092 5097
f 5097 5092 5055
f 5097 5055 5064
f 5064 5055 5056
f 5064 5056 5063
f 5063 5056 5058
f 5063 5058 5062
f 5062 5058 5065
f 5062 5065 5015
f 5015 5065 5020
f 5015 5020 5019
f 5019 5020 5021
f 5019 5021 5018
f 5018 5021 5022
f 5018 5022 5016
f 5016 5022 1784
f 5016 1784 790
f 790 1784 1789
f 790 1789 791
f 791 1789 1806
f 791 1806 1805
f 1805 1806 1812
f 1805 1812 1809
f 1809 1812 1807
f 1809 1807 1810
f 1810 1807 1800
f 1810 1800 1811
f 1811 1800 1802
f 1811 1802 1741
f 1741 1802 1748
f 1741 1748 1740
f 1740 1748 1745
f 1740 1745 1742
f 1742 1745 1750
f 1742 1750 1744
f 1744 1750 1753
f 1744 1753 1833
f 1833 1753 1838
f 1833 1838 1832
f 1832 1838 1839
f 1832 1839 1829
f 1829 1839 1843
f 1829 1843 1840
f 1840 1843 1841
f 1840 1841 1823
f 1823 1841 1828
f 1823 1828 1824
f 1824 1828 1820
f 1824 1820 2131
f 2131 1820 2142
f 2131 2142 2130
f 2130 2142 2143
f 2130 2143 2129
f 2129 2143 2144
f 2129 2144 2128
f 2128 2144 2164
f 2128 2164 2160
f 2160 2164 2157
f 2160 2157 2197
f 2197 2157 2165
f 2197 2165 2196
f 2196 2165 2182
f 2196 2182 2179
f 2179 2182 2183
f 2179 2183 2180
f 2180 2183 2184
f 2180 2184 2181
f 2181 2184 2185
f 2181 2185 1963
f 1963 2185 1915
f 1963 1915 1949
f 1949 1915 1914
f 1949 1914 1955
f 1955 1914 1913
f 1955 1913 1952
f 1952 1913 1912
f 1952 1912 1950
f 1950 1912 1906
f 1950 1906 1928
f 1928 1906 1921
f 1928 1921 1929
f 1929 1921 1922
f 1929 1922 1920
f 1920 1922 1923
f 1920 1923 1930
f 1930 1923 1924
f 3198 3196 3197
f 3197 3196 3195
f 3197 3195 3188
f 3188 3195 3194
f 3188 3194 3199
f 3199 3194 3175
f 3199 3175 3217
f 3217 3175 3214
f 3217 3214 3213
f 3213 3214 3203
f 3213 3203 3218
f 3218 3203 3212
f 3218 3212 3238
f 3238 3212 3242
f 3238 3242 3237
f 3237 3242 3243
f 3237 3243 3236
f 3236 3243 3248
f 3236 3248 3240
f 3240 3248 3234
f 3240 3234 3241
f 3241 3234 3235
f 3241 3235 3409
f 3409 3235 3401
f 3409 3401 3411
f 3411 3401 3400
f 3411 3400 3408
f 3408 3400 3399
f 3408 3399 3407
f 3407 3399 3398
f 3407 3398 3488
f 3488 3398 3477
f 3488 3477 3487
f 3487 3477 3476
f 3487 3476 3483
f 3483 3476 3475
f 3483 3475 3482
f 3482 3475 3348
f 3482 3348 3350
f 3350 3348 3347
f 3350 3347 3351
f 3351 3347 3339
f 3351 3339 3621
f 3621 3339 3616
f 3621 3616 3619
f 3619 3616 3612
f 3619 3612 3627
f 3627 3612 3665
f 3627 3665 3626
f 3626 3665 3664
f 3626 3664 3633
f 3633 3664 3708
f 3633 3708 3701
f 3701 3708 3704
f 3701 3704 3700
f 3700 3704 3702
f 3700 3702 3724
f 3724 3702 3722
f 3724 3722 3723
f 3723 3722 3721
f 3723 3721 3719
f 3719 3721 3720
f 3719 3720 3731
f 3731 3720 3737
f 3731 3737 3730
f 3730 3737 3738
f 3730 3738 3732
f 3732 3738 3736
f 3732 3736 3750
f 3750 3736 3801
f 3750 3801 3749
f 3749 3801 3800
f 3749 3800 3748
f 3748 3800 3758
f 3748 3758 3747
f 3747 3758 3805
f 3747 3805 3745
f 3745 3805 3806
f 3745 3806 4628
f 4628 3806 4626
f 4628 4626 4629
f 4629 4626 4627
f 4629 4627 4620
f 4620 4627 4630
f 4620 4630 4606
f 4606 4630 4613
f 4606 4613 4611
f 4611 4613 4618
f 4611 4618 4612
f 4612 4618 4661
f 4612 4661 4651
f 4651 4661 4659
f 4651 4659 4653
f 4653 4659 4656
f 4653 4656 4672
f 4672 4656 4677
f 4672 4677 4673
f 4673 4677 4675
f 4673 4675 4670
f 4670 4675 4676
f 4670 4676 4694
f 4694 4676 4702
f 4694 4702 4693
f 4693 4702 4703
f 4693 4703 4708
f 4708 4703 4723
f 4708 4723 4709
f 4709 4723 4712
f 4709 4712 4711
f 4711 4712 4722
f 4711 4722 4710
f 4710 4722 4721
f 4710 4721 5092
f 5092 4721 5057
f 5092 5057 5055
f 5055 5057 5066
f 5055 5066 5056
f 5056 5066 5068
f 5056 5068 5058
f 5058 5068 5069
f 5058 5069 5065
f 5065 5069 5014
f 5065 5014 5020
f 5020 5014 5023
f 5020 5023 5021
f 5021 5023 5024
f 5021 5024 5022
f 5022 5024 1795
f 5022 1795 1784
f 1784 1795 1794
f 1784 1794 1789
f 1789 1794 1793
f 1789 1793 1806
f 1806 1793 1799
f 1806 1799 1812
f 1812 1799 1801
f 1812 1801 1807
f 1807 1801 1803
f 1807 1803 1800
f 1800 1803 1804
f 1800 1804 1802
f 1802 1804 1747
f 1802 1747 1748
f 1748 1747 1752
f 1748 1752 1745
f 1745 1752 1751
f 1745 1751 1750
f 1750 1751 1749
f 1750 1749 1753
f 1753 1749 1837
f 1753 1837 1838
f 1838 1837 1830
f 1838 1830 1839
f 1839 1830 1836
f 1839 1836 1843
f 1843 1836 1835
f 1843 1835 1841
f 1841 1835 1813
f 1841 1813 1828
f 1828 1813 1816
f 1828 1816 1820
f 1820 1816 1815
f 1820 1815 2142
f 2142 1815 2145
f 2142 2145 2143
f 2143 2145 2146
f 2143 2146 2144
f 2144 2146 2147
f 2144 2147 2164
f 2164 2147 2169
f 2164 2169 2157
f 2157 2169 2170
f 2157 2170 2165
f 2165 2170 2171
f 2165 2171 2182
f 2182 2171 2186
f 2182 2186 2183
f 2183 2186 2172
f 2183 2172 2184
f 2184 2172 2173
f 2184 2173 2185
f 2185 2173 1910
f 2185 1910 1915
f 1915 1910 1909
f 1915 1909 1914
f 1914 1909 1904
f 1914 1904 1913
f 1913 1904 1905
f 1913 1905 1912
f 1912 1905 1908
f 1912 1908 1906
f 1906 1908 1916
f 1906 1916 1921
f 1921 1916 1931
f 1921 1931 1922
f 1922 1931 1933
f 1922 1933 1923
f 1923 1933 1932
f 1923 1932 1924
f 1924 1932 1919
f 3196 3202 3195
f 3195 3202 3176
f 3195 3176 3194
f 3194 3176 3177
f 3194 3177 3175
f 3175 3177 3178
f 3175 3178 3214
f 3214 3178 3216
f 3214 3216 3203
f 3203 3216 3215
f 3203 3215 3212
f 3212 3215 3282
f 3212 3282 3242
f 3242 3282 3283
f 3242 3283 3243
f 3243 3283 3284
f 3243 3284 3248
f 3248 3284 3239
f 3248 3239 3234
f 3234 3239 3295
f 3234 3295 3235
f 3235 3295 3294
f 3235 3294 3401
f 3401 3294 3397
f 3401 3397 3400
f 3400 3397 3396
f 3400 3396 3399
f 3399 3396 3394
f 3399 3394 3398
f 3398 3394 3395
f 3398 3395 3477
f 3477 3395 3393
f 3477 3393 3476
f 3476 3393 3341
f 3476 3341 3475
f 3475 3341 3340
f 3475 3340 3348
f 3348 3340 3352
f 3348 3352 3347
f 3347 3352 3353
f 3347 3353 3339
f 3339 3353 3349
f 3339 3349 3616
f 3616 3349 3624
f 3616 3624 3612
f 3612 3624 3668
f 3612 3668 3665
f 3665 3668 3670
f 3665 3670 3664
f 3664 3670 3662
f 3664 3662 3708
f 3708 3662 3703
f 3708 3703 3704
f 3704 3703 3710
f 3704 3710 3702
f 3702 3710 3709
f 3702 3709 3722
f 3722 3709 3717
f 3722 3717 3721
f 3721 3717 3715
f 3721 3715 3720
f 3720 3715 3716
f 3720 3716 3737
f 3737 3716 3785
f 3737 3785 3738
f 3738 3785 3784
f 3738 3784 3736
f 3736 3784 3795
f 3736 3795 3801
f 3801 3795 3797
f 3801 3797 3800
f 3800 3797 3790
f 3800 3790 3758
f 3758 3790 3811
f 3758 3811 3805
f 3805 3811 3810
f 3805 3810 3806
f 3806 3810 3809
f 3806 3809 4626
f 4626 3809 4623
f 4626 4623 4627
f 4627 4623 4624
f 4627 4624 4630
f 4630 4624 4625
f 4630 4625 4613
f 4613 4625 4660
f 4613 4660 4618
f 4618 4660 4663
f 4618 4663 4661
f 4661 4663 4662
f 4661 4662 4659
f 4659 4662 4654
f 4659 4654 4656
f 4656 4654 4650
f 4656 4650 4677
f 4677 4650 4665
f 4677 4665 4675
f 4675 4665 4664
f 4675 4664 4676
f 4676 4664 4667
f 4676 4667 4702
f 4702 4667 4705
f 4702 4705 4703
f 4703 4705 4704
f 4703 4704 4723
f 4723 4704 4720
f 4723 4720 4712
f 4712 4720 4716
f 4712 4716 4722
f 4722 4716 4715
f 4722 4715 4721
f 4721 4715 5059
f 4721 5059 5057
f 5057 5059 5060
f 5057 5060 5066
f 5066 5060 5061
f 5066 5061 5068
f 5068 5061 5067
f 5068 5067 5069
f 5069 5067 3946
f 5069 3946 5014
f 5014 3946 3947
f 5014 3947 5023
f 5023 3947 5017
f 5023 5017 5024
f 5024 5017 3965
f 5024 3965 1795
f 1795 3965 1797
f 1795 1797 1794
f 1794 1797 1786
f 1794 1786 1793
f 1793 1786 1785
f 1793 1785 1799
f 1799 1785 1808
f 1799 1808 1801
f 1801 1808 1772
f 1801 1772 1803
f 1803 1772 1771
f 1803 1771 1804
f 1804 1771 1770
f 1804 1770 1747
f 1747 1770 1746
f 1747 1746 1752
f 1752 1746 1743
f 1752 1743 1751
f 1751 1743 1762
f 1751 1762 1749
f 1749 1762 1761
f 1749 1761 1837
f 1837 1761 1831
f 1837 1831 1830
f 1830 1831 1834
f 1830 1834 1836
f 1836 1834 1851
f 1836 1851 1835
f 1835 1851 1850
f 1835 1850 1813
f 1813 1850 1818
f 1813 1818 1816
f 1816 1818 1817
f 1816 1817 1815
f 1815 1817 1814
f 1815 1814 2145
f 2145 1814 2150
f 2145 2150 2146
f 2146 2150 2151
f 2146 2151 2147
f 2147 2151 2152
f 2147 2152 2169
f 2169 2152 2163
f 2169 2163 2170
f 2170 2163 2162
f 2170 2162 2171
f 2171 2162 2161
f 2171 2161 2186
f 2186 2161 2178
f 2186 2178 2172
f 2172 2178 2177
f 2172 2177 2173
f 2173 2177 2176
f 2173 2176 1910
f 1910 2176 1917
f 1910 1917 1909
f 1909 1917 1985
f 1909 1985 1904
f 1904 1985 1986
f 1904 1986 1905
f 1905 1986 1987
f 1905 1987 1908
f 1908 1987 1918
f 1908 1918 1916
f 1916 1918 1911
f 1916 1911 1931
f 1931 1911 1927
f 1931 1927 1933
f 1933 1927 1926
f 1933 1926 1932
f 1932 1926 1925
f 1932 1925 1919
f 1919 1925 2039
f 3202 3179 3176
f 3176 3179 3180
f 3176 3180 3177
f 3177 3180 3181
f 3177 3181 3178
f 3178 3181 3182
f 3178 3182 3216
f 3216 3182 3259
f 3216 3259 3215
f 3215 3259 3287
f 3215 3287 3282
f 3282 3287 3286
f 3282 3286 3283
f 3283 3286 3291
f 3283 3291 3284
f 3284 3291 3292
f 3284 3292 3239
f 3239 3292 3297
f 3239 3297 3295
f 3295 3297 3298
f 3295 3298 3294
f 3294 3298 3307
f 3294 3307 3397
f 3397 3307 3391
f 3397 3391 3396
f 3396 3391 3387
f 3396 3387 3394
f 3394 3387 3384
f 3394 3384 3395
f 3395 3384 3389
f 3395 3389 3393
f 3393 3389 3392
f 3393 3392 3341
f 3341 3392 3342
f 3341 3342 3340
f 3340 3342 3343
f 3340 3343 3352
f 3352 3343 3344
f 3352 3344 3353
f 3353 3344 3345
f 3353 3345 3349
f 3349 3345 3346
f 3349 3346 3624
f 3624 3346 3658
f 3624 3658 3668
f 3668 3658 3659
f 3668 3659 3670
f 3670 3659 3660
f 3670 3660 3662
f 3662 3660 3661
f 3662 3661 3703
f 3703 3661 3711
f 3703 3711 3710
f 3710 3711 3712
f 3710 3712 3709
f 3709 3712 3713
f 3709 3713 3717
f 3717 3713 3728
f 3717 3728 3715
f 3715 3728 3729
f 3715 3729 3716
f 3716 3729 3788
f 3716 3788 3785
f 3785 3788 3787
f 3785 3787 3784
f 3784 3787 3786
f 3784 3786 3795
f 3795 3786 3793
f 3795 3793 3797
f 3797 3793 3794
f 3797 3794 3790
f 3790 3794 3802
f 3790 3802 3811
f 3811 3802 3807
f 3811 3807 3810
f 3810 3807 3808
f 3810 3808 3809
f 3809 3808 3804
f 3809 3804 4623
f 4623 3804 4619
f 4623 4619 4624
f 4624 4619 4621
f 4624 4621 4625
f 4625 4621 4622
f 4625 4622 4660
f 4660 4622 4655
f 4660 4655 4663
f 4663 4655 4649
f 4663 4649 4662
f 4662 4649 4657
f 4662 4657 4654
f 4654 4657 4658
f 4654 4658 4650
f 4650 4658 4211
f 4650 4211 4665
f 4665 4211 4218
f 4665 4218 4664
f 4664 4218 4225
f 4664 4225 4667
f 4667 4225 4235
f 4667 4235 4705
f 4705 4235 4239
f 4705 4239 4704
f 4704 4239 3830
f 4704 3830 4720
f 4720 3830 3837
f 4720 3837 4716
f 4716 3837 3838
f 4716 3838 4715
f 4715 3838 3839
f 4715 3839 5059
f 5059 3839 3935
f 5059 3935 5060
f 5060 3935 3934
f 5060 3934 5061
f 5061 3934 3933
f 5061 3933 5067
f 5067 3933 3951
f 5067 3951 3946
f 3946 3951 3938
f 3946 3938 3947
f 3947 3938 3952
f 3947 3952 5017
f 5017 3952 3960
f 5017 3960 3965
f 3965 3960 3954
f 3965 3954 1797
f 1797 3954 1790
f 1797 1790 1786
f 1786 1790 1791
f 1786 1791 1785
f 1785 1791 1792
f 1785 1792 1808
f 1808 1792 1775
f 1808 1775 1772
f 1772 1775 1774
f 1772 1774 1771
f 1771 1774 1773
f 1771 1773 1770
f 1770 1773 1769
f 1770 1769 1746
f 1746 1769 1767
f 1746 1767 1743
f 1743 1767 1768
f 1743 1768 1762
f 1762 1768 1766
f 1762 1766 1761
f 1761 1766 1764
f 1761 1764 1831
f 1831 1764 1842
f 1831 1842 1834
f 1834 1842 1845
f 1834 1845 1851
f 1851 1845 1847
f 1851 1847 1850
f 1850 1847 1856
f 1850 1856 1818
f 1818 1856 1826
f 1818 1826 1817
f 1817 1826 1827
f 1817 1827 1814
f 1814 1827 1891
f 1814 1891 2150
f 2150 1891 2148
f 2150 2148 2151
f 2151 2148 2153
f 2151 2153 2152
f 2152 2153 2156
f 2152 2156 2163
f 2163 2156 2166
f 2163 2166 2162
f 2162 2166 2167
f 2162 2167 2161
f 2161 2167 2168
f 2161 2168 2178
f 2178 2168 2174
f 2178 2174 2177
f 2177 2174 2175
f 2177 2175 2176
f 2176 2175 2062
f 2176 2062 1917
f 1917 2062 1988
f 1917 1988 1985
f 1985 1988 1984
f 1985 1984 1986
f 1986 1984 1983
f 1986 1983 1987
f 1987 1983 1982
f 1987 1982 1918
f 1918 1982 1907
f 1918 1907 1911
f 1911 1907 2041
f 1911 2041 1927
f 1927 2041 2040
f 1927 2040 1926
f 1926 2040 2043
f 1926 2043 1925
f 1925 2043 2044
f 1925 2044 2039
f 2039 2044 2045
f 3179 3183 3180
f 3180 3183 3184
f 3180 3184 3181
f 3181 3184 3185
f 3181 3185 3182
f 3182 3185 3257
f 3182 3257 3259
f 3259 3257 3262
f 3259 3262 3287
f 3287 3262 3279
f 3287 3279 3286
f 3286 3279 3288
f 3286 3288 3291
f 3291 3288 3289
f 3291 3289 3292
f 3292 3289 3304
f 3292 3304 3297
f 3297 3304 3303
f 3297 3303 3298
f 3298 3303 3301
f 3298 3301 3307
f 3307 3301 3300
f 3307 3300 3391
f 3391 3300 3388
f 3391 3388 3387
f 3387 3388 3383
f 3387 3383 3384
f 3384 3383 3390
f 3384 3390 3389
f 3389 3390 3369
f 3389 3369 3392
f 3392 3369 3371
f 3392 3371 3342
f 3342 3371 3335
f 3342 3335 3343
f 3343 3335 3331
f 3343 3331 3344
f 3344 3331 3333
f 3344 3333 3345
f 3345 3333 3334
f 3345 3334 3346
f 3346 3334 3657
f 3346 3657 3658
f 3658 3657 3663
f 3658 3663 3659
f 3659 3663 3666
f 3659 3666 3660
f 3660 3666 3667
f 3660 3667 3661
f 3661 3667 3705
f 3661 3705 3711
f 3711 3705 3706
f 3711 3706 3712
f 3712 3706 3707
f 3712 3707 3713
f 3713 3707 3685
f 3713 3685 3728
f 3728 3685 3686
f 3728 3686 3729
f 3729 3686 3687
f 3729 3687 3788
f 3788 3687 3778
f 3788 3778 3787
f 3787 3778 3779
f 3787 3779 3786
f 3786 3779 3780
f 3786 3780 3793
f 3793 3780 3798
f 3793 3798 3794
f 3794 3798 3799
f 3794 3799 3802
f 3802 3799 3803
f 3802 3803 3807
f 3807 3803 3815
f 3807 3815 3808
f 3808 3815 3814
f 3808 3814 3804
f 3804 3814 3812
f 3804 3812 4619
f 4619 3812 4158
f 4619 4158 4621
f 4621 4158 4159
f 4621 4159 4622
f 4622 4159 4142
f 4622 4142 4655
f 4655 4142 4140
f 4655 4140 4649
f 4649 4140 4217
f 4649 4217 4657
f 4657 4217 4216
f 4657 4216 4658
f 4658 4216 4215
f 4658 4215 4211
f 4211 4215 4214
f 4211 4214 4218
f 4218 4214 4236
f 4218 4236 4225
f 4225 4236 4237
f 4225 4237 4235
f 4235 4237 4238
f 4235 4238 4239
f 4239 4238 3820
f 4239 3820 3830
f 3830 3820 3822
f 3830 3822 3837
f 3837 3822 3845
f 3837 3845 3838
f 3838 3845 3847
f 3838 3847 3839
f 3839 3847 3846
f 3839 3846 3935
f 3935 3846 3924
f 3935 3924 3934
f 3934 3924 3925
f 3934 3925 3933
f 3933 3925 3926
f 3933 3926 3951
f 3951 3926 3942
f 3951 3942 3938
f 3938 3942 3948
f 3938 3948 3952
f 3952 3948 3949
f 3952 3949 3960
f 3960 3949 3966
f 3960 3966 3954
f 3954 3966 3967
f 3954 3967 1790
f 1790 3967 1796
f 1790 1796 1791
f 1791 1796 1798
f 1791 1798 1792
f 1792 1798 1776
f 1792 1776 1775
f 1775 1776 1777
f 1775 1777 1774
f 1774 1777 1779
f 1774 1779 1773
f 1773 1779 1780
f 1773 1780 1769
f 1769 1780 1765
f 1769 1765 1767
f 1767 1765 1754
f 1767 1754 1768
f 1768 1754 1756
f 1768 1756 1766
f 1766 1756 1757
f 1766 1757 1764
f 1764 1757 1758
f 1764 1758 1842
f 1842 1758 1849
f 1842 1849 1845
f 1845 1849 1848
f 1845 1848 1847
f 1847 1848 1844
f 1847 1844 1856
f 1856 1844 1846
f 1856 1846 1826
f 1826 1846 1899
f 1826 1899 1827
f 1827 1899 1893
f 1827 1893 1891
f 1891 1893 1892
f 1891 1892 2148
f 2148 1892 2149
f 2148 2149 2153
f 2153 2149 2155
f 2153 2155 2156
f 2156 2155 2154
f 2156 2154 2166
f 2166 2154 2159
f 2166 2159 2167
f 2167 2159 2158
f 2167 2158 2168
f 2168 2158 2111
f 2168 2111 2174
f 2174 2111 2110
f 2174 2110 2175
f 2175 2110 2053
f 2175 2053 2062
f 2062 2053 2066
f 2062 2066 1988
f 1988 2066 1980
f 1988 1980 1984
f 1984 1980 1981
f 1984 1981 1983
f 1983 1981 1979
f 1983 1979 1982
f 1982 1979 1989
f 1982 1989 1907
f 1907 1989 2038
f 1907 2038 2041
f 2041 2038 2052
f 2041 2052 2040
f 2040 2052 2049
f 2040 2049 2043
f 2043 2049 2048
f 2043 2048 2044
f 2044 2048 2046
f 2044 2046 2045
f 2045 2046 2042
f 3183 3186 3184
f 3184 3186 3187
f 3184 3187 3185
f 3185 3187 3258
f 3185 3258 3257
f 3257 3258 3260
f 3257 3260 3262
f 3262 3260 3261
f 3262 3261 3279
f 3279 3261 3278
f 3279 3278 3288
f 3288 3278 3281
f 3288 3281 3289
f 3289 3281 3280
f 3289 3280 3304
f 3304 3280 3299
f 3304 3299 3303
f 3303 3299 3302
f 3303 3302 3301
f 3301 3302 3296
f 3301 3296 3300
f 3300 3296 3293
f 3300 3293 3388
f 3388 3293 3386
f 3388 3386 3383
f 3383 3386 3385
f 3383 3385 3390
f 3390 3385 3374
f 3390 3374 3369
f 3369 3374 3373
f 3369 3373 3371
f 3371 3373 3380
f 3371 3380 3335
f 3335 3380 3324
f 3335 3324 3331
f 3331 3324 3325
f 3331 3325 3333
f 3333 3325 3327
f 3333 3327 3334
f 3334 3327 3328
f 3334 3328 3657
f 3657 3328 3656
f 3657 3656 3663
f 3663 3656 3669
f 3663 3669 3666
f 3666 3669 3676
f 3666 3676 3667
f 3667 3676 3674
f 3667 3674 3705
f 3705 3674 3672
f 3705 3672 3706
f 3706 3672 3695
f 3706 3695 3707
f 3707 3695 3689
f 3707 3689 3685
f 3685 3689 3693
f 3685 3693 3686
f 3686 3693 3692
f 3686 3692 3687
f 3687 3692 3690
f 3687 3690 3778
f 3778 3690 3783
f 3778 3783 3779
f 3779 3783 3782
f 3779 3782 3780
f 3780 3782 3781
f 3780 3781 3798
f 3798 3781 3792
f 3798 3792 3799
f 3799 3792 3791
f 3799 3791 3803
f 3803 3791 3819
f 3803 3819 3815
f 3815 3819 3818
f 3815 3818 3814
f 3814 3818 3813
f 3814 3813 3812
f 3812 3813 4152
f 3812 4152 4158
f 4158 4152 4151
f 4158 4151 4159
f 4159 4151 4148
f 4159 4148 4142
f 4142 4148 4147
f 4142 4147 4140
f 4140 4147 4146
f 4140 4146 4217
f 4217 4146 4224
f 4217 4224 4216
f 4216 4224 4210
f 4216 4210 4215
f 4215 4210 4223
f 4215 4223 4214
f 4214 4223 4230
f 4214 4230 4236
f 4236 4230 4232
f 4236 4232 4237
f 4237 4232 4229
f 4237 4229 4238
f 4238 4229 4234
f 4238 4234 3820
f 3820 4234 3831
f 3820 3831 3822
f 3822 3831 3832
f 3822 3832 3845
f 3845 3832 3834
f 3845 3834 3847
f 3847 3834 3835
f 3847 3835 3846
f 3846 3835 3836
f 3846 3836 3924
f 3924 3836 3932
f 3924 3932 3925
f 3925 3932 3936
f 3925 3936 3926
f 3926 3936 3940
f 3926 3940 3942
f 3942 3940 3941
f 3942 3941 3948
f 3948 3941 3943
f 3948 3943 3949
f 3949 3943 3959
f 3949 3959 3966
f 3966 3959 3958
f 3966 3958 3967
f 3967 3958 3957
f 3967 3957 1796
f 1796 3957 1787
f 1796 1787 1798
f 1798 1787 1788
f 1798 1788 1776
f 1776 1788 1783
f 1776 1783 1777
f 1777 1783 1782
f 1777 1782 1779
f 1779 1782 1781
f 1779 1781 1780
f 1780 1781 1778
f 1780 1778 1765
f 1765 1778 1759
f 1765 1759 1754
f 1754 1759 1760
f 1754 1760 1756
f 1756 1760 1763
f 1756 1763 1757
f 1757 1763 1755
f 1757 1755 1758
f 1758 1755 1855
f 1758 1855 1849
f 1849 1855 1854
f 1849 1854 1848
f 1848 1854 1853
f 1848 1853 1844
f 1844 1853 1852
f 1844 1852 1846
f 1846 1852 1890
f 1846 1890 1899
f 1899 1890 1894
f 1899 1894 1893
f 1893 1894 1895
f 1893 1895 1892
f 1892 1895 1896
f 1892 1896 2149
f 2149 1896 2109
f 2149 2109 2155
f 2155 2109 2108
f 2155 2108 2154
f 2154 2108 2107
f 2154 2107 2159
f 2159 2107 2106
f 2159 2106 2158
f 2158 2106 2105
f 2158 2105 2111
f 2111 2105 2104
f 2111 2104 2110
f 2110 2104 2059
f 2110 2059 2053
f 2053 2059 2060
f 2053 2060 2066
f 2066 2060 2061
f 2066 2061 1980
f 1980 2061 1993
f 1980 1993 1981
f 1981 1993 1992
f 1981 1992 1979
f 1979 1992 1991
f 1979 1991 1989
f 1989 1991 1990
f 1989 1990 2038
f 2038 1990 2034
f 2038 2034 2052
f 2052 2034 2033
f 2052 2033 2049
f 2049 2033 2047
f 2049 2047 2048
f 2048 2047 2050
f 2048 2050 2046
f 2046 2050 2051
f 2046 2051 2042
f 2042 2051 2011
f 3186 3174 3187
f 3187 3174 3252
f 3187 3252 3258
f 3258 3252 3251
f 3258 3251 3260
f 3260 3251 3250
f 3260 3250 3261
f 3261 3250 3249
f 3261 3249 3278
f 3278 3249 3290
f 3278 3290 3281
f 3281 3290 3285
f 3281 3285 3280
f 3280 3285 3323
f 3280 3323 3299
f 3299 3323 3322
f 3299 3322 3302
f 3302 3322 3306
f 3302 3306 3296
f 3296 3306 3305
f 3296 3305 3293
f 3293 3305 3368
f 3293 3368 3386
f 3386 3368 3354
f 3386 3354 3385
f 3385 3354 3367
f 3385 3367 3374
f 3374 3367 3377
f 3374 3377 3373
f 3373 3377 3376
f 3373 3376 3380
f 3380 3376 3375
f 3380 3375 3324
f 3324 3375 3338
f 3324 3338 3325
f 3325 3338 3337
f 3325 3337 3327
f 3327 3337 3336
f 3327 3336 3328
f 3328 3336 3332
f 3328 3332 3656
f 3656 3332 3679
f 3656 3679 3669
f 3669 3679 3680
f 3669 3680 3676
f 3676 3680 3681
f 3676 3681 3674
f 3674 3681 3683
f 3674 3683 3672
f 3672 3683 3684
f 3672 3684 3695
f 3695 3684 3691
f 3695 3691 3689
f 3689 3691 3694
f 3689 3694 3693
f 3693 3694 3696
f 3693 3696 3692
f 3692 3696 3697
f 3692 3697 3690
f 3690 3697 3777
f 3690 3777 3783
f 3783 3777 3776
f 3783 3776 3782
f 3782 3776 3775
f 3782 3775 3781
f 3781 3775 3774
f 3781 3774 3792
f 3792 3774 3796
f 3792 3796 3791
f 3791 3796 3789
f 3791 3789 3819
f 3819 3789 3817
f 3819 3817 3818
f 3818 3817 3816
f 3818 3816 3813
f 3813 3816 4149
f 3813 4149 4152
f 4152 4149 4155
f 4152 4155 4151
f 4151 4155 4156
f 4151 4156 4148
f 4148 4156 4141
f 4148 4141 4147
f 4147 4141 4138
f 4147 4138 4146
f 4146 4138 4135
f 4146 4135 4224
f 4224 4135 4220
f 4224 4220 4210
f 4210 4220 4221
f 4210 4221 4223
f 4223 4221 4222
f 4223 4222 4230
f 4230 4222 4233
f 4230 4233 4232
f 4232 4233 4228
f 4232 4228 4229
f 4229 4228 4231
f 4229 4231 4234
f 4234 4231 3826
f 4234 3826 3831
f 3831 3826 3827
f 3831 3827 3832
f 3832 3827 3828
f 3832 3828 3834
f 3834 3828 3842
f 3834 3842 3835
f 3835 3842 3841
f 3835 3841 3836
f 3836 3841 3840
f 3836 3840 3932
f 3932 3840 3923
f 3932 3923 3936
f 3936 3923 3937
f 3936 3937 3940
f 3940 3937 3944
f 3940 3944 3941
f 3941 3944 3950
f 3941 3950 3943
f 3943 3950 3955
f 3943 3955 3959
f 3959 3955 3962
f 3959 3962 3958
f 3958 3962 3956
f 3958 3956 3957
f 3957 3956 3961
f 3957 3961 1787
f 1787 3961 1651
f 1787 1651 1788
f 1788 1651 1691
f 1788 1691 1783
f 1783 1691 1692
f 1783 1692 1782
f 1782 1692 1693
f 1782 1693 1781
f 1781 1693 1694
f 1781 1694 1778
f 1778 1694 1687
f 1778 1687 1759
f 1759 1687 1678
f 1759 1678 1760
f 1760 1678 1679
f 1760 1679 1763
f 1763 1679 1739
f 1763 1739 1755
f 1755 1739 1738
f 1755 1738 1855
f 1855 1738 1737
f 1855 1737 1854
f 1854 1737 1858
f 1854 1858 1853
f 1853 1858 1857
f 1853 1857 1852
f 1852 1857 1900
f 1852 1900 1890
f 1890 1900 1901
f 1890 1901 1894
f 1894 1901 1902
f 1894 1902 1895
f 1895 1902 1903
f 1895 1903 1896
f 1896 1903 1871
f 1896 1871 2109
f 2109 1871 2097
f 2109 2097 2108
f 2108 2097 2098
f 2108 2098 2107
f 2107 2098 2099
f 2107 2099 2106
f 2106 2099 2100
f 2106 2100 2105
f 2105 2100 2101
f 2105 2101 2104
f 2104 2101 2064
f 2104 2064 2059
f 2059 2064 2058
f 2059 2058 2060
f 2060 2058 2054
f 2060 2054 2061
f 2061 2054 2057
f 2061 2057 1993
f 1993 2057 1994
f 1993 1994 1992
f 1992 1994 1995
f 1992 1995 1991
f 1991 1995 1996
f 1991 1996 1990
f 1990 1996 2026
f 1990 2026 2034
f 2034 2026 2027
f 2034 2027 2033
f 2033 2027 2028
f 2033 2028 2047
f 2047 2028 2030
f 2047 2030 2050
f 2050 2030 2012
f 2050 2012 2051
f 2051 2012 2010
f 2051 2010 2011
f 2011 2010 2009
f 3174 3256 3252
f 3252 3256 3254
f 3252 3254 3251
f 3251 3254 3253
f 3251 3253 3250
f 3250 3253 3267
f 3250 3267 3249
f 3249 3267 3272
f 3249 3272 3290
f 3290 3272 3321
f 3290 3321 3285
f 3285 3321 3311
f 3285 3311 3323
f 3323 3311 3314
f 3323 3314 3322
f 3322 3314 3315
f 3322 3315 3306
f 3306 3315 3316
f 3306 3316 3305
f 3305 3316 3360
f 3305 3360 3368
f 3368 3360 3361
f 3368 3361 3354
f 3354 3361 3362
f 3354 3362 3367
f 3367 3362 3363
f 3367 3363 3377
f 3377 3363 3379
f 3377 3379 3376
f 3376 3379 3381
f 3376 3381 3375
f 3375 3381 3372
f 3375 3372 3338
f 3338 3372 3329
f 3338 3329 3337
f 3337 3329 3330
f 3337 3330 3336
f 3336 3330 3326
f 3336 3326 3332
f 3332 3326 3673
f 3332 3673 3679
f 3679 3673 3678
f 3679 3678 3680
f 3680 3678 3682
f 3680 3682 3681
f 3681 3682 3677
f 3681 3677 3683
f 3683 3677 3675
f 3683 3675 3684
f 3684 3675 3671
f 3684 3671 3691
f 3691 3671 3699
f 3691 3699 3694
f 3694 3699 3698
f 3694 3698 3696
f 3696 3698 3688
f 3696 3688 3697
f 3697 3688 3113
f 3697 3113 3777
f 3777 3113 3112
f 3777 3112 3776
f 3776 3112 3111
f 3776 3111 3775
f 3775 3111 3120
f 3775 3120 3774
f 3774 3120 3121
f 3774 3121 3796
f 3796 3121 3122
f 3796 3122 3789
f 3789 3122 3090
f 3789 3090 3817
f 3817 3090 3091
f 3817 3091 3816
f 3816 3091 4160
f 3816 4160 4149
f 4149 4160 4161
f 4149 4161 4155
f 4155 4161 4162
f 4155 4162 4156
f 4156 4162 4150
f 4156 4150 4141
f 4141 4150 4145
f 4141 4145 4138
f 4138 4145 4144
f 4138 4144 4135
f 4135 4144 4143
f 4135 4143 4220
f 4220 4143 4212
f 4220 4212 4221
f 4221 4212 4213
f 4221 4213 4222
f 4222 4213 4219
f 4222 4219 4233
f 4233 4219 4226
f 4233 4226 4228
f 4228 4226 4227
f 4228 4227 4231
f 4231 4227 3833
f 4231 3833 3826
f 3826 3833 3825
f 3826 3825 3827
f 3827 3825 3824
f 3827 3824 3828
f 3828 3824 3823
f 3828 3823 3842
f 3842 3823 3843
f 3842 3843 3841
f 3841 3843 3844
f 3841 3844 3840
f 3840 3844 3929
f 3840 3929 3923
f 3923 3929 3928
f 3923 3928 3937
f 3937 3928 3927
f 3937 3927 3944
f 3944 3927 3939
f 3944 3939 3950
f 3950 3939 3945
f 3950 3945 3955
f 3955 3945 3953
f 3955 3953 3962
f 3962 3953 3963
f 3962 3963 3956
f 3956 3963 3964
f 3956 3964 3961
f 3961 3964 1663
f 3961 1663 1651
f 1651 1663 1662
f 1651 1662 1691
f 1691 1662 1690
f 1691 1690 1692
f 1692 1690 1689
f 1692 1689 1693
f 1693 1689 1688
f 1693 1688 1694
f 1694 1688 1682
f 1694 1682 1687
f 1687 1682 1673
f 1687 1673 1678
f 1678 1673 1672
f 1678 1672 1679
f 1679 1672 1730
f 1679 1730 1739
f 1739 1730 1729
f 1739 1729 1738
f 1738 1729 1727
f 1738 1727 1737
f 1737 1727 1728
f 1737 1728 1858
f 1858 1728 1876
f 1858 1876 1857
f 1857 1876 1875
f 1857 1875 1900
f 1900 1875 1897
f 1900 1897 1901
f 1901 1897 1889
f 1901 1889 1902
f 1902 1889 1898
f 1902 1898 1903
f 1903 1898 1862
f 1903 1862 1871
f 1871 1862 1863
f 1871 1863 2097
f 2097 1863 2102
f 2097 2102 2098
f 2098 2102 2103
f 2098 2103 2099
f 2099 2103 2117
f 2099 2117 2100
f 2100 2117 2126
f 2100 2126 2101
f 2101 2126 2125
f 2101 2125 2064
f 2064 2125 2063
f 2064 2063 2058
f 2058 2063 2055
f 2058 2055 2054
f 2054 2055 2056
f 2054 2056 2057
f 2057 2056 2071
f 2057 2071 1994
f 1994 2071 2002
f 1994 2002 1995
f 1995 2002 2001
f 1995 2001 1996
f 1996 2001 2000
f 1996 2000 2026
f 2026 2000 2024
f 2026 2024 2027
f 2027 2024 2025
f 2027 2025 2028
f 2028 2025 2031
f 2028 2031 2030
f 2030 2031 2032
f 2030 2032 2012
f 2012 2032 2022
f 2012 2022 2010
f 2010 2022 2021
f 2010 2021 2009
f 2009 2021 2013
f 3256 3255 3254
f 3254 3255 3270
f 3254 3270 3253
f 3253 3270 3268
f 3253 3268 3267
f 3267 3268 3277
f 3267 3277 3272
f 3272 3277 3269
f 3272 3269 3321
f 3321 3269 3312
f 3321 3312 3311
f 3311 3312 3313
f 3311 3313 3314
f 3314 3313 3310
f 3314 3310 3315
f 3315 3310 3309
f 3315 3309 3316
f 3316 3309 3308
f 3316 3308 3360
f 3360 3308 3356
f 3360 3356 3361
f 3361 3356 3355
f 3361 3355 3362
f 3362 3355 3357
f 3362 3357 3363
f 3363 3357 3358
f 3363 3358 3379
f 3379 3358 3382
f 3379 3382 3381
f 3381 3382 3378
f 3381 3378 3372
f 3372 3378 2747
f 3372 2747 3329
f 3329 2747 2738
f 3329 2738 3330
f 3330 2738 2737
f 3330 2737 3326
f 3326 2737 2736
f 3326 2736 3673
f 3673 2736 2734
f 3673 2734 3678
f 3678 2734 3079
f 3678 3079 3682
f 3682 3079 3078
f 3682 3078 3677
f 3677 3078 3077
f 3677 3077 3675
f 3675 3077 3076
f 3675 3076 3671
f 3671 3076 3075
f 3671 3075 3699
f 3699 3075 3074
f 3699 3074 3698
f 3698 3074 3073
f 3698 3073 3688
f 3688 3073 3103
f 3688 3103 3113
f 3113 3103 3102
f 3113 3102 3112
f 3112 3102 3104
f 3112 3104 3111
f 3111 3104 3128
f 3111 3128 3120
f 3120 3128 3129
f 3120 3129 3121
f 3121 3129 3116
f 3121 3116 3122
f 3122 3116 3089
f 3122 3089 3090
f 3090 3089 3096
f 3090 3096 3091
f 3091 3096 3097
f 3091 3097 4160
f 4160 3097 4157
f 4160 4157 4161
f 4161 4157 4153
f 4161 4153 4162
f 4162 4153 4154
f 4162 4154 4150
f 4150 4154 4137
f 4150 4137 4145
f 4145 4137 4136
f 4145 4136 4144
f 4144 4136 4134
f 4144 4134 4143
f 4143 4134 4133
f 4143 4133 4212
f 4212 4133 4276
f 4212 4276 4213
f 4213 4276 4275
f 4213 4275 4219
f 4219 4275 4270
f 4219 4270 4226
f 4226 4270 4244
f 4226 4244 4227
f 4227 4244 4245
f 4227 4245 3833
f 3833 4245 4246
f 3833 4246 3825
f 3825 4246 3829
f 3825 3829 3824
f 3824 3829 3821
f 3824 3821 3823
f 3823 3821 3860
f 3823 3860 3843
f 3843 3860 3848
f 3843 3848 3844
f 3844 3848 3851
f 3844 3851 3929
f 3929 3851 3931
f 3929 3931 3928
f 3928 3931 3930
f 3928 3930 3927
f 3927 3930 3906
f 3927 3906 3939
f 3939 3906 3907
f 3939 3907 3945
f 3945 3907 3899
f 3945 3899 3953
f 3953 3899 3898
f 3953 3898 3963
f 3963 3898 3897
f 3963 3897 3964
f 3964 3897 1656
f 3964 1656 1663
f 1663 1656 1655
f 1663 1655 1662
f 1662 1655 1654
f 1662 1654 1690
f 1690 1654 1683
f 1690 1683 1689
f 1689 1683 1684
f 1689 1684 1688
f 1688 1684 1685
f 1688 1685 1682
f 1682 1685 1671
f 1682 1671 1673
f 1673 1671 1670
f 1673 1670 1672
f 1672 1670 1675
f 1672 1675 1730
f 1730 1675 1731
f 1730 1731 1729
f 1729 1731 1725
f 1729 1725 1727
f 1727 1725 1733
f 1727 1733 1728
f 1728 1733 1732
f 1728 1732 1876
f 1876 1732 1877
f 1876 1877 1875
f 1875 1877 1879
f 1875 1879 1897
f 1897 1879 1880
f 1897 1880 1889
f 1889 1880 1888
f 1889 1888 1898
f 1898 1888 1865
f 1898 1865 1862
f 1862 1865 1864
f 1862 1864 1863
f 1863 1864 1861
f 1863 1861 2102
f 2102 1861 2124
f 2102 2124 2103
f 2103 2124 2123
f 2103 2123 2117
f 2117 2123 2122
f 2117 2122 2126
f 2126 2122 2121
f 2126 2121 2125
f 2125 2121 2120
f 2125 2120 2063
f 2063 2120 2065
f 2063 2065 2055
f 2055 2065 2078
f 2055 2078 2056
f 2056 2078 2077
f 2056 2077 2071
f 2071 2077 2076
f 2071 2076 2002
f 2002 2076 1999
f 2002 1999 2001
f 2001 1999 1998
f 2001 1998 2000
f 2000 1998 1997
f 2000 1997 2024
f 2024 1997 2036
f 2024 2036 2025
f 2025 2036 2037
f 2025 2037 2031
f 2031 2037 2023
f 2031 2023 2032
f 2032 2023 2008
f 2032 2008 2022
f 2022 2008 2018
f 2022 2018 2021
f 2021 2018 2017
f 2021 2017 2013
f 2013 2017 2016
f 3255 3263 3270
f 3270 3263 3271
f 3270 3271 3268
f 3268 3271 3273
f 3268 3273 3277
f 3277 3273 3275
f 3277 3275 3269
f 3269 3275 3276
f 3269 3276 3312
f 3312 3276 3320
f 3312 3320 3313
f 3313 3320 3319
f 3313 3319 3310
f 3310 3319 3318
f 3310 3318 3309
f 3309 3318 3317
f 3309 3317 3308
f 3308 3317 2563
f 3308 2563 3356
f 3356 2563 3359
f 3356 3359 3355
f 3355 3359 3364
f 3355 3364 3357
f 3357 3364 3365
f 3357 3365 3358
f 3358 3365 3366
f 3358 3366 3382
f 3382 3366 3370
f 3382 3370 3378
f 3378 3370 2748
f 3378 2748 2747
f 2747 2748 2749
f 2747 2749 2738
f 2738 2749 2735
f 2738 2735 2737
f 2737 2735 2732
f 2737 2732 2736
f 2736 2732 2731
f 2736 2731 2734
f 2734 2731 2730
f 2734 2730 3079
f 3079 2730 3080
f 3079 3080 3078
f 3078 3080 3086
f 3078 3086 3077
f 3077 3086 3087
f 3077 3087 3076
f 3076 3087 3083
f 3076 3083 3075
f 3075 3083 3084
f 3075 3084 3074
f 3074 3084 3085
f 3074 3085 3073
f 3073 3085 3052
f 3073 3052 3103
f 3103 3052 3108
f 3103 3108 3102
f 3102 3108 3107
f 3102 3107 3104
f 3104 3107 3106
f 3104 3106 3128
f 3128 3106 3127
f 3128 3127 3129
f 3129 3127 3126
f 3129 3126 3116
f 3116 3126 3098
f 3116 3098 3089
f 3089 3098 3099
f 3089 3099 3096
f 3096 3099 3100
f 3096 3100 3097
f 3097 3100 3088
f 3097 3088 4157
f 4157 3088 4197
f 4157 4197 4153
f 4153 4197 4198
f 4153 4198 4154
f 4154 4198 4196
f 4154 4196 4137
f 4137 4196 4139
f 4137 4139 4136
f 4136 4139 4175
f 4136 4175 4134
f 4134 4175 4176
f 4134 4176 4133
f 4133 4176 4271
f 4133 4271 4276
f 4276 4271 4284
f 4276 4284 4275
f 4275 4284 4283
f 4275 4283 4270
f 4270 4283 4279
f 4270 4279 4244
f 4244 4279 4242
f 4244 4242 4245
f 4245 4242 4240
f 4245 4240 4246
f 4246 4240 4243
f 4246 4243 3829
f 3829 4243 3855
f 3829 3855 3821
f 3821 3855 3858
f 3821 3858 3860
f 3860 3858 3859
f 3860 3859 3848
f 3848 3859 3853
f 3848 3853 3851
f 3851 3853 3852
f 3851 3852 3931
f 3931 3852 3900
f 3931 3900 3930
f 3930 3900 3901
f 3930 3901 3906
f 3906 3901 3902
f 3906 3902 3907
f 3907 3902 3893
f 3907 3893 3899
f 3899 3893 3903
f 3899 3903 3898
f 3898 3903 3904
f 3898 3904 3897
f 3897 3904 1660
f 3897 1660 1656
f 1656 1660 1664
f 1656 1664 1655
f 1655 1664 1653
f 1655 1653 1654
f 1654 1653 1659
f 1654 1659 1683
f 1683 1659 1686
f 1683 1686 1684
f 1684 1686 1695
f 1684 1695 1685
f 1685 1695 1676
f 1685 1676 1671
f 1671 1676 1677
f 1671 1677 1670
f 1670 1677 1674
f 1670 1674 1675
f 1675 1674 1734
f 1675 1734 1731
f 1731 1734 1735
f 1731 1735 1725
f 1725 1735 1736
f 1725 1736 1733
f 1733 1736 1720
f 1733 1720 1732
f 1732 1720 1722
f 1732 1722 1877
f 1877 1722 1881
f 1877 1881 1879
f 1879 1881 1882
f 1879 1882 1880
f 1880 1882 1886
f 1880 1886 1888
f 1888 1886 1869
f 1888 1869 1865
f 1865 1869 1868
f 1865 1868 1864
f 1864 1868 1867
f 1864 1867 1861
f 1861 1867 1866
f 1861 1866 2124
f 2124 1866 2118
f 2124 2118 2123
f 2123 2118 2119
f 2123 2119 2122
f 2122 2119 2116
f 2122 2116 2121
f 2121 2116 2115
f 2121 2115 2120
f 2120 2115 2095
f 2120 2095 2065
f 2065 2095 2067
f 2065 2067 2078
f 2078 2067 2068
f 2078 2068 2077
f 2077 2068 2069
f 2077 2069 2076
f 2076 2069 2070
f 2076 2070 1999
f 1999 2070 2004
f 1999 2004 1998
f 1998 2004 2005
f 1998 2005 1997
f 1997 2005 2006
f 1997 2006 2036
f 2036 2006 2029
f 2036 2029 2037
f 2037 2029 2035
f 2037 2035 2023
f 2023 2035 2020
f 2023 2020 2008
f 2008 2020 2019
f 2008 2019 2018
f 2018 2019 2015
f 2018 2015 2017
f 2017 2015 2014
f 2017 2014 2016
f 2016 2014 2504
f 3263 3264 3271
f 3271 3264 3265
f 3271 3265 3273
f 3273 3265 3266
f 3273 3266 3275
f 3275 3266 2588
f 3275 2588 3276
f 3276 2588 2589
f 3276 2589 3320
f 3320 2589 2590
f 3320 2590 3319
f 3319 2590 2614
f 3319 2614 3318
f 3318 2614 2560
f 3318 2560 3317
f 3317 2560 2559
f 3317 2559 2563
f 2563 2559 2550
f 2563 2550 3359
f 3359 2550 2558
f 3359 2558 3364
f 3364 2558 2770
f 3364 2770 3365
f 3365 2770 2767
f 3365 2767 3366
f 3366 2767 2766
f 3366 2766 3370
f 3370 2766 2758
f 3370 2758 2748
f 2748 2758 2754
f 2748 2754 2749
f 2749 2754 2757
f 2749 2757 2735
f 2735 2757 2729
f 2735 2729 2732
f 2732 2729 2742
f 2732 2742 2731
f 2731 2742 2733
f 2731 2733 2730
f 2730 2733 2743
f 2730 2743 3080
f 3080 2743 3064
f 3080 3064 3086
f 3086 3064 3072
f 3086 3072 3087
f 3087 3072 3069
f 3087 3069 3083
f 3083 3069 3082
f 3083 3082 3084
f 3084 3082 3081
f 3084 3081 3085
f 3085 3081 3054
f 3085 3054 3052
f 3052 3054 3043
f 3052 3043 3108
f 3108 3043 3105
f 3108 3105 3107
f 3107 3105 3114
f 3107 3114 3106
f 3106 3114 3124
f 3106 3124 3127
f 3127 3124 3118
f 3127 3118 3126
f 3126 3118 3119
f 3126 3119 3098
f 3098 3119 3092
f 3098 3092 3099
f 3099 3092 3093
f 3099 3093 3100
f 3100 3093 3094
f 3100 3094 3088
f 3088 3094 4208
f 3088 4208 4197
f 4197 4208 4207
f 4197 4207 4198
f 4198 4207 4206
f 4198 4206 4196
f 4196 4206 4205
f 4196 4205 4139
f 4139 4205 4167
f 4139 4167 4175
f 4175 4167 4168
f 4175 4168 4176
f 4176 4168 4169
f 4176 4169 4271
f 4271 4169 4274
f 4271 4274 4284
f 4284 4274 4277
f 4284 4277 4283
f 4283 4277 4280
f 4283 4280 4279
f 4279 4280 4281
f 4279 4281 4242
f 4242 4281 4251
f 4242 4251 4240
f 4240 4251 4252
f 4240 4252 4243
f 4243 4252 4250
f 4243 4250 3855
f 3855 4250 3862
f 3855 3862 3858
f 3858 3862 3861
f 3858 3861 3859
f 3859 3861 3857
f 3859 3857 3853
f 3853 3857 3856
f 3853 3856 3852
f 3852 3856 3894
f 3852 3894 3900
f 3900 3894 3895
f 3900 3895 3901
f 3901 3895 3896
f 3901 3896 3902
f 3902 3896 3912
f 3902 3912 3893
f 3893 3912 3915
f 3893 3915 3903
f 3903 3915 3905
f 3903 3905 3904
f 3904 3905 1661
f 3904 1661 1660
f 1660 1661 1665
f 1660 1665 1664
f 1664 1665 1666
f 1664 1666 1653
f 1653 1666 1652
f 1653 1652 1659
f 1659 1652 1639
f 1659 1639 1686
f 1686 1639 1642
f 1686 1642 1695
f 1695 1642 1681
f 1695 1681 1676
f 1676 1681 1680
f 1676 1680 1677
f 1677 1680 1669
f 1677 1669 1674
f 1674 1669 1701
f 1674 1701 1734
f 1734 1701 1700
f 1734 1700 1735
f 1735 1700 1726
f 1735 1726 1736
f 1736 1726 1714
f 1736 1714 1720
f 1720 1714 1713
f 1720 1713 1722
f 1722 1713 1712
f 1722 1712 1881
f 1881 1712 1874
f 1881 1874 1882
f 1882 1874 1887
f 1882 1887 1886
f 1886 1887 1878
f 1886 1878 1869
f 1869 1878 1873
f 1869 1873 1868
f 1868 1873 1872
f 1868 1872 1867
f 1867 1872 1870
f 1867 1870 1866
f 1866 1870 1512
f 1866 1512 2118
f 2118 1512 2113
f 2118 2113 2119
f 2119 2113 2114
f 2119 2114 2116
f 2116 2114 2090
f 2116 2090 2115
f 2115 2090 2089
f 2115 2089 2095
f 2095 2089 2088
f 2095 2088 2067
f 2067 2088 2072
f 2067 2072 2068
f 2068 2072 2073
f 2068 2073 2069
f 2069 2073 2081
f 2069 2081 2070
f 2070 2081 2074
f 2070 2074 2004
f 2004 2074 2003
f 2004 2003 2005
f 2005 2003 2007
f 2005 2007 2006
f 2006 2007 2525
f 2006 2525 2029
f 2029 2525 2526
f 2029 2526 2035
f 2035 2526 2527
f 2035 2527 2020
f 2020 2527 2517
f 2020 2517 2019
f 2019 2517 2528
f 2019 2528 2015
f 2015 2528 2513
f 2015 2513 2014
f 2014 2513 2512
f 2014 2512 2504
f 2504 2512 2511
f 3264 3274 3265
f 3265 3274 2591
f 3265 2591 3266
f 3266 2591 2592
f 3266 2592 2588
f 2588 2592 2593
f 2588 2593 2589
f 2589 2593 2594
f 2589 2594 2590
f 2590 2594 2619
f 2590 2619 2614
f 2614 2619 2615
f 2614 2615 2560
f 2560 2615 2554
f 2560 2554 2559
f 2559 2554 2552
f 2559 2552 2550
f 2550 2552 2551
f 2550 2551 2558
f 2558 2551 2549
f 2558 2549 2770
f 2770 2549 2759
f 2770 2759 2767
f 2767 2759 2773
f 2767 2773 2766
f 2766 2773 2772
f 2766 2772 2758
f 2758 2772 2746
f 2758 2746 2754
f 2754 2746 2745
f 2754 2745 2757
f 2757 2745 2744
f 2757 2744 2729
f 2729 2744 2739
f 2729 2739 2742
f 2742 2739 2740
f 2742 2740 2733
f 2733 2740 2741
f 2733 2741 2743
f 2743 2741 3070
f 2743 3070 3064
f 3064 3070 3071
f 3064 3071 3072
f 3072 3071 3058
f 3072 3058 3069
f 3069 3058 3063
f 3069 3063 3082
f 3082 3063 3044
f 3082 3044 3081
f 3081 3044 3045
f 3081 3045 3054
f 3054 3045 3046
f 3054 3046 3043
f 3043 3046 3047
f 3043 3047 3105
f 3105 3047 3109
f 3105 3109 3114
f 3114 3109 3110
f 3114 3110 3124
f 3124 3110 3117
f 3124 3117 3118
f 3118 3117 3125
f 3118 3125 3119
f 3119 3125 3123
f 3119 3123 3092
f 3092 3123 3095
f 3092 3095 3093
f 3093 3095 3101
f 3093 3101 3094
f 3094 3101 4204
f 3094 4204 4208
f 4208 4204 4203
f 4208 4203 4207
f 4207 4203 4202
f 4207 4202 4206
f 4206 4202 4201
f 4206 4201 4205
f 4205 4201 4194
f 4205 4194 4167
f 4167 4194 4164
f 4167 4164 4168
f 4168 4164 4163
f 4168 4163 4169
f 4169 4163 4166
f 4169 4166 4274
f 4274 4166 4272
f 4274 4272 4277
f 4277 4272 4282
f 4277 4282 4280
f 4280 4282 4278
f 4280 4278 4281
f 4281 4278 4273
f 4281 4273 4251
f 4251 4273 4249
f 4251 4249 4252
f 4252 4249 4253
f 4252 4253 4250
f 4250 4253 4254
f 4250 4254 3862
f 3862 4254 3849
f 3862 3849 3861
f 3861 3849 3850
f 3861 3850 3857
f 3857 3850 3854
f 3857 3854 3856
f 3856 3854 3877
f 3856 3877 3894
f 3894 3877 3865
f 3894 3865 3895
f 3895 3865 3913
f 3895 3913 3896
f 3896 3913 3911
f 3896 3911 3912
f 3912 3911 3909
f 3912 3909 3915
f 3915 3909 3922
f 3915 3922 3905
f 3905 3922 1626
f 3905 1626 1661
f 1661 1626 1657
f 1661 1657 1665
f 1665 1657 1658
f 1665 1658 1666
f 1666 1658 1641
f 1666 1641 1652
f 1652 1641 1650
f 1652 1650 1639
f 1639 1650 1649
f 1639 1649 1642
f 1642 1649 1648
f 1642 1648 1681
f 1681 1648 1668
f 1681 1668 1680
f 1680 1668 1667
f 1680 1667 1669
f 1669 1667 1702
f 1669 1702 1701
f 1701 1702 1705
f 1701 1705 1700
f 1700 1705 1706
f 1700 1706 1726
f 1726 1706 1718
f 1726 1718 1714
f 1714 1718 1719
f 1714 1719 1713
f 1713 1719 1711
f 1713 1711 1712
f 1712 1711 1721
f 1712 1721 1874
f 1874 1721 1885
f 1874 1885 1887
f 1887 1885 1884
f 1887 1884 1878
f 1878 1884 1883
f 1878 1883 1873
f 1873 1883 1859
f 1873 1859 1872
f 1872 1859 1860
f 1872 1860 1870
f 1870 1860 1514
f 1870 1514 1512
f 1512 1514 1511
f 1512 1511 2113
f 2113 1511 2112
f 2113 2112 2114
f 2114 2112 2085
f 2114 2085 2090
f 2090 2085 2084
f 2090 2084 2089
f 2089 2084 2083
f 2089 2083 2088
f 2088 2083 2082
f 2088 2082 2072
f 2072 2082 2080
f 2072 2080 2073
f 2073 2080 2079
f 2073 2079 2081
f 2081 2079 2075
f 2081 2075 2074
f 2074 2075 2295
f 2074 2295 2003
f 2003 2295 2296
f 2003 2296 2007
f 2007 2296 2522
f 2007 2522 2525
f 2525 2522 2519
f 2525 2519 2526
f 2526 2519 2524
f 2526 2524 2527
f 2527 2524 2529
f 2527 2529 2517
f 2517 2529 2523
f 2517 2523 2528
f 2528 2523 2503
f 2528 2503 2513
f 2513 2503 2505
f 2513 2505 2512
f 2512 2505 2506
f 2512 2506 2511
f 2511 2506 2507
f 3274 2582 2591
f 2591 2582 2584
f 2591 2584 2592
f 2592 2584 2583
f 2592 2583 2593
f 2593 2583 2585
f 2593 2585 2594
f 2594 2585 2622
f 2594 2622 2619
f 2619 2622 2623
f 2619 2623 2615
f 2615 2623 2610
f 2615 2610 2554
f 2554 2610 2562
f 2554 2562 2552
f 2552 2562 2561
f 2552 2561 2551
f 2551 2561 2557
f 2551 2557 2549
f 2549 2557 2553
f 2549 2553 2759
f 2759 2553 2764
f 2759 2764 2773
f 2773 2764 2763
f 2773 2763 2772
f 2772 2763 2762
f 2772 2762 2746
f 2746 2762 2752
f 2746 2752 2745
f 2745 2752 2751
f 2745 2751 2744
f 2744 2751 2750
f 2744 2750 2739
f 2739 2750 2716
f 2739 2716 2740
f 2740 2716 2714
f 2740 2714 2741
f 2741 2714 2715
f 2741 2715 3070
f 3070 2715 3068
f 3070 3068 3071
f 3071 3068 3067
f 3071 3067 3058
f 3058 3067 3066
f 3058 3066 3063
f 3063 3066 3065
f 3063 3065 3044
f 3044 3065 3056
f 3044 3056 3045
f 3045 3056 3057
f 3045 3057 3046
f 3046 3057 3055
f 3046 3055 3047
f 3047 3055 3050
f 3047 3050 3109
f 3109 3050 3115
f 3109 3115 3110
f 3110 3115 3144
f 3110 3144 3117
f 3117 3144 3151
f 3117 3151 3125
f 3125 3151 3152
f 3125 3152 3123
f 3123 3152 3153
f 3123 3153 3095
f 3095 3153 3154
f 3095 3154 3101
f 3101 3154 3155
f 3101 3155 4204
f 4204 3155 4200
f 4204 4200 4203
f 4203 4200 4199
f 4203 4199 4202
f 4202 4199 4195
f 4202 4195 4201
f 4201 4195 4209
f 4201 4209 4194
f 4194 4209 4172
f 4194 4172 4164
f 4164 4172 4171
f 4164 4171 4163
f 4163 4171 4174
f 4163 4174 4166
f 4166 4174 4170
f 4166 4170 4272
f 4272 4170 4257
f 4272 4257 4282
f 4282 4257 4256
f 4282 4256 4278
f 4278 4256 4255
f 4278 4255 4273
f 4273 4255 4258
f 4273 4258 4249
f 4249 4258 4247
f 4249 4247 4253
f 4253 4247 4248
f 4253 4248 4254
f 4254 4248 3878
f 4254 3878 3849
f 3849 3878 3879
f 3849 3879 3850
f 3850 3879 3891
f 3850 3891 3854
f 3854 3891 3873
f 3854 3873 3877
f 3877 3873 3871
f 3877 3871 3865
f 3865 3871 3864
f 3865 3864 3913
f 3913 3864 3919
f 3913 3919 3911
f 3911 3919 3920
f 3911 3920 3909
f 3909 3920 3921
f 3909 3921 3922
f 3922 3921 1633
f 3922 1633 1626
f 1626 1633 1632
f 1626 1632 1657
f 1657 1632 1631
f 1657 1631 1658
f 1658 1631 1644
f 1658 1644 1641
f 1641 1644 1643
f 1641 1643 1650
f 1650 1643 1638
f 1650 1638 1649
f 1649 1638 1637
f 1649 1637 1648
f 1648 1637 1636
f 1648 1636 1668
f 1668 1636 1707
f 1668 1707 1667
f 1667 1707 1709
f 1667 1709 1702
f 1702 1709 1710
f 1702 1710 1705
f 1705 1710 1703
f 1705 1703 1706
f 1706 1703 1704
f 1706 1704 1718
f 1718 1704 1715
f 1718 1715 1719
f 1719 1715 1716
f 1719 1716 1711
f 1711 1716 1717
f 1711 1717 1721
f 1721 1717 1550
f 1721 1550 1885
f 1885 1550 1551
f 1885 1551 1884
f 1884 1551 1545
f 1884 1545 1883
f 1883 1545 1560
f 1883 1560 1859
f 1859 1560 1547
f 1859 1547 1860
f 1860 1547 1515
f 1860 1515 1514
f 1514 1515 1513
f 1514 1513 1511
f 1511 1513 1502
f 1511 1502 2112
f 2112 1502 2092
f 2112 2092 2085
f 2085 2092 2093
f 2085 2093 2084
f 2084 2093 2094
f 2084 2094 2083
f 2083 2094 2091
f 2083 2091 2082
f 2082 2091 2347
f 2082 2347 2080
f 2080 2347 2339
f 2080 2339 2079
f 2079 2339 2306
f 2079 2306 2075
f 2075 2306 2307
f 2075 2307 2295
f 2295 2307 2308
f 2295 2308 2296
f 2296 2308 2305
f 2296 2305 2522
f 2522 2305 2518
f 2522 2518 2519
f 2519 2518 2520
f 2519 2520 2524
f 2524 2520 2521
f 2524 2521 2529
f 2529 2521 2530
f 2529 2530 2523
f 2523 2530 2534
f 2523 2534 2503
f 2503 2534 2514
f 2503 2514 2505
f 2505 2514 2516
f 2505 2516 2506
f 2506 2516 2515
f 2506 2515 2507
f 2507 2515 2502
f 2582 2587 2584
f 2584 2587 2586
f 2584 2586 2583
f 2583 2586 2581
f 2583 2581 2585
f 2585 2581 2596
f 2585 2596 2622
f 2622 2596 2616
f 2622 2616 2623
f 2623 2616 2617
f 2623 2617 2610
f 2610 2617 2618
f 2610 2618 2562
f 2562 2618 2556
f 2562 2556 2561
f 2561 2556 2555
f 2561 2555 2557
f 2557 2555 2578
f 2557 2578 2553
f 2553 2578 2577
f 2553 2577 2764
f 2764 2577 2765
f 2764 2765 2763
f 2763 2765 2769
f 2763 2769 2762
f 2762 2769 2768
f 2762 2768 2752
f 2752 2768 2756
f 2752 2756 2751
f 2751 2756 2755
f 2751 2755 2750
f 2750 2755 2725
f 2750 2725 2716
f 2716 2725 2726
f 2716 2726 2714
f 2714 2726 2727
f 2714 2727 2715
f 2715 2727 2728
f 2715 2728 3068
f 3068 2728 3062
f 3068 3062 3067
f 3067 3062 3061
f 3067 3061 3066
f 3066 3061 3060
f 3066 3060 3065
f 3065 3060 3059
f 3065 3059 3056
f 3056 3059 3049
f 3056 3049 3057
f 3057 3049 3048
f 3057 3048 3055
f 3055 3048 3053
f 3055 3053 3050
f 3050 3053 3051
f 3050 3051 3115
f 3115 3051 3142
f 3115 3142 3144
f 3144 3142 3143
f 3144 3143 3151
f 3151 3143 3146
f 3151 3146 3152
f 3152 3146 3149
f 3152 3149 3153
f 3153 3149 3150
f 3153 3150 3154
f 3154 3150 3158
f 3154 3158 3155
f 3155 3158 3145
f 3155 3145 4200
f 4200 3145 4179
f 4200 4179 4199
f 4199 4179 4180
f 4199 4180 4195
f 4195 4180 4181
f 4195 4181 4209
f 4209 4181 4186
f 4209 4186 4172
f 4172 4186 4185
f 4172 4185 4171
f 4171 4185 4173
f 4171 4173 4174
f 4174 4173 4177
f 4174 4177 4170
f 4170 4177 4264
f 4170 4264 4257
f 4257 4264 4265
f 4257 4265 4256
f 4256 4265 4266
f 4256 4266 4255
f 4255 4266 4262
f 4255 4262 4258
f 4258 4262 4259
f 4258 4259 4247
f 4247 4259 4241
f 4247 4241 4248
f 4248 4241 3889
f 4248 3889 3878
f 3878 3889 3892
f 3878 3892 3879
f 3879 3892 3880
f 3879 3880 3891
f 3891 3880 3890
f 3891 3890 3873
f 3873 3890 3863
f 3873 3863 3871
f 3871 3863 3867
f 3871 3867 3864
f 3864 3867 3866
f 3864 3866 3919
f 3919 3866 3916
f 3919 3916 3920
f 3920 3916 3910
f 3920 3910 3921
f 3921 3910 3914
f 3921 3914 1633
f 1633 3914 1627
f 1633 1627 1632
f 1632 1627 1628
f 1632 1628 1631
f 1631 1628 1629
f 1631 1629 1644
f 1644 1629 1645
f 1644 1645 1643
f 1643 1645 1646
f 1643 1646 1638
f 1638 1646 1647
f 1638 1647 1637
f 1637 1647 1640
f 1637 1640 1636
f 1636 1640 1614
f 1636 1614 1707
f 1707 1614 1699
f 1707 1699 1709
f 1709 1699 1696
f 1709 1696 1710
f 1710 1696 1697
f 1710 1697 1703
f 1703 1697 1698
f 1703 1698 1704
f 1704 1698 1708
f 1704 1708 1715
f 1715 1708 1724
f 1715 1724 1716
f 1716 1724 1723
f 1716 1723 1717
f 1717 1723 1549
f 1717 1549 1550
f 1550 1549 1548
f 1550 1548 1551
f 1551 1548 1558
f 1551 1558 1545
f 1545 1558 1557
f 1545 1557 1560
f 1560 1557 1559
f 1560 1559 1547
f 1547 1559 1508
f 1547 1508 1515
f 1515 1508 1507
f 1515 1507 1513
f 1513 1507 1509
f 1513 1509 1502
f 1502 1509 1506
f 1502 1506 2092
f 2092 1506 2086
f 2092 2086 2093
f 2093 2086 2087
f 2093 2087 2094
f 2094 2087 2351
f 2094 2351 2091
f 2091 2351 2350
f 2091 2350 2347
f 2347 2350 2349
f 2347 2349 2339
f 2339 2349 2348
f 2339 2348 2306
f 2306 2348 2298
f 2306 2298 2307
f 2307 2298 2297
f 2307 2297 2308
f 2308 2297 2299
f 2308 2299 2305
f 2305 2299 2304
f 2305 2304 2518
f 2518 2304 2532
f 2518 2532 2520
f 2520 2532 2531
f 2520 2531 2521
f 2521 2531 2544
f 2521 2544 2530
f 2530 2544 2547
f 2530 2547 2534
f 2534 2547 2545
f 2534 2545 2514
f 2514 2545 2508
f 2514 2508 2516
f 2516 2508 2509
f 2516 2509 2515
f 2515 2509 2510
f 2515 2510 2502
f 2502 2510 2462
f 2587 2580 2586
f 2586 2580 2602
f 2586 2602 2581
f 2581 2602 2601
f 2581 2601 2596
f 2596 2601 2600
f 2596 2600 2616
f 2616 2600 2613
f 2616 2613 2617
f 2617 2613 2612
f 2617 2612 2618
f 2618 2612 2611
f 2618 2611 2556
f 2556 2611 2567
f 2556 2567 2555
f 2555 2567 2568
f 2555 2568 2578
f 2578 2568 2565
f 2578 2565 2577
f 2577 2565 2566
f 2577 2566 2765
f 2765 2566 2771
f 2765 2771 2769
f 2769 2771 2760
f 2769 2760 2768
f 2768 2760 2761
f 2768 2761 2756
f 2756 2761 2753
f 2756 2753 2755
f 2755 2753 2717
f 2755 2717 2725
f 2725 2717 2723
f 2725 2723 2726
f 2726 2723 2718
f 2726 2718 2727
f 2727 2718 2724
f 2727 2724 2728
f 2728 2724 3040
f 2728 3040 3062
f 3062 3040 3039
f 3062 3039 3061
f 3061 3039 3031
f 3061 3031 3060
f 3060 3031 3032
f 3060 3032 3059
f 3059 3032 3016
f 3059 3016 3049
f 3049 3016 3014
f 3049 3014 3048
f 3048 3014 3013
f 3048 3013 3053
f 3053 3013 3027
f 3053 3027 3051
f 3051 3027 3134
f 3051 3134 3142
f 3142 3134 3138
f 3142 3138 3143
f 3143 3138 3140
f 3143 3140 3146
f 3146 3140 3157
f 3146 3157 3149
f 3149 3157 3156
f 3149 3156 3150
f 3150 3156 3148
f 3150 3148 3158
f 3158 3148 3147
f 3158 3147 3145
f 3145 3147 4192
f 3145 4192 4179
f 4179 4192 4191
f 4179 4191 4180
f 4180 4191 4190
f 4180 4190 4181
f 4181 4190 4189
f 4181 4189 4186
f 4186 4189 4188
f 4186 4188 4185
f 4185 4188 4187
f 4185 4187 4173
f 4173 4187 4165
f 4173 4165 4177
f 4177 4165 4261
f 4177 4261 4264
f 4264 4261 4263
f 4264 4263 4265
f 4265 4263 4267
f 4265 4267 4266
f 4266 4267 4268
f 4266 4268 4262
f 4262 4268 4269
f 4262 4269 4259
f 4259 4269 4260
f 4259 4260 4241
f 4241 4260 3885
f 4241 3885 3889
f 3889 3885 3883
f 3889 3883 3892
f 3892 3883 3882
f 3892 3882 3880
f 3880 3882 3881
f 3880 3881 3890
f 3890 3881 3876
f 3890 3876 3863
f 3863 3876 3872
f 3863 3872 3867
f 3867 3872 3874
f 3867 3874 3866
f 3866 3874 3875
f 3866 3875 3916
f 3916 3875 3918
f 3916 3918 3910
f 3910 3918 3917
f 3910 3917 3914
f 3914 3917 3908
f 3914 3908 1627
f 1627 3908 1630
f 1627 1630 1628
f 1628 1630 1622
f 1628 1622 1629
f 1629 1622 1635
f 1629 1635 1645
f 1645 1635 1634
f 1645 1634 1646
f 1646 1634 1599
f 1646 1599 1647
f 1647 1599 1609
f 1647 1609 1640
f 1640 1609 1610
f 1640 1610 1614
f 1614 1610 1611
f 1614 1611 1699
f 1699 1611 1612
f 1699 1612 1696
f 1696 1612 1613
f 1696 1613 1697
f 1697 1613 1331
f 1697 1331 1698
f 1698 1331 1318
f 1698 1318 1708
f 1708 1318 1317
f 1708 1317 1724
f 1724 1317 1316
f 1724 1316 1723
f 1723 1316 1552
f 1723 1552 1549
f 1549 1552 1556
f 1549 1556 1548
f 1548 1556 1555
f 1548 1555 1558
f 1558 1555 1554
f 1558 1554 1557
f 1557 1554 1553
f 1557 1553 1559
f 1559 1553 1510
f 1559 1510 1508
f 1508 1510 1505
f 1508 1505 1507
f 1507 1505 1503
f 1507 1503 1509
f 1509 1503 1501
f 1509 1501 1506
f 1506 1501 1504
f 1506 1504 2086
f 2086 1504 2096
f 2086 2096 2087
f 2087 2096 2344
f 2087 2344 2351
f 2351 2344 2342
f 2351 2342 2350
f 2350 2342 2345
f 2350 2345 2349
f 2349 2345 2352
f 2349 2352 2348
f 2348 2352 2353
f 2348 2353 2298
f 2298 2353 2300
f 2298 2300 2297
f 2297 2300 2301
f 2297 2301 2299
f 2299 2301 2302
f 2299 2302 2304
f 2304 2302 2303
f 2304 2303 2532
f 2532 2303 2538
f 2532 2538 2531
f 2531 2538 2539
f 2531 2539 2544
f 2544 2539 2540
f 2544 2540 2547
f 2547 2540 2546
f 2547 2546 2545
f 2545 2546 2541
f 2545 2541 2508
f 2508 2541 2492
f 2508 2492 2509
f 2509 2492 2493
f 2509 2493 2510
f 2510 2493 2468
f 2510 2468 2462
f 2462 2468 2458
f 2580 2607 2602
f 2602 2607 2606
f 2602 2606 2601
f 2601 2606 2599
f 2601 2599 2600
f 2600 2599 2598
f 2600 2598 2613
f 2613 2598 2620
f 2613 2620 2612
f 2612 2620 2624
f 2612 2624 2611
f 2611 2624 2569
f 2611 2569 2567
f 2567 2569 2564
f 2567 2564 2568
f 2568 2564 2575
f 2568 2575 2565
f 2565 2575 2574
f 2565 2574 2566
f 2566 2574 2571
f 2566 2571 2771
f 2771 2571 2835
f 2771 2835 2760
f 2760 2835 2836
f 2760 2836 2761
f 2761 2836 2837
f 2761 2837 2753
f 2753 2837 2722
f 2753 2722 2717
f 2717 2722 2721
f 2717 2721 2723
f 2723 2721 2720
f 2723 2720 2718
f 2718 2720 2719
f 2718 2719 2724
f 2724 2719 2701
f 2724 2701 3040
f 3040 2701 3033
f 3040 3033 3039
f 3039 3033 3037
f 3039 3037 3031
f 3031 3037 3042
f 3031 3042 3032
f 3032 3042 3041
f 3032 3041 3016
f 3016 3041 3024
f 3016 3024 3014
f 3014 3024 3023
f 3014 3023 3013
f 3013 3023 3019
f 3013 3019 3027
f 3027 3019 3022
f 3027 3022 3134
f 3134 3022 3137
f 3134 3137 3138
f 3138 3137 3136
f 3138 3136 3140
f 3140 3136 3135
f 3140 3135 3157
f 3157 3135 3163
f 3157 3163 3156
f 3156 3163 3159
f 3156 3159 3148
f 3148 3159 3162
f 3148 3162 3147
f 3147 3162 3161
f 3147 3161 4192
f 4192 3161 4184
f 4192 4184 4191
f 4191 4184 4182
f 4191 4182 4190
f 4190 4182 4183
f 4190 4183 4189
f 4189 4183 4178
f 4189 4178 4188
f 4188 4178 4193
f 4188 4193 4187
f 4187 4193 4447
f 4187 4447 4165
f 4165 4447 4441
f 4165 4441 4261
f 4261 4441 4445
f 4261 4445 4263
f 4263 4445 4446
f 4263 4446 4267
f 4267 4446 4448
f 4267 4448 4268
f 4268 4448 4408
f 4268 4408 4269
f 4269 4408 4406
f 4269 4406 4260
f 4260 4406 4407
f 4260 4407 3885
f 3885 4407 3884
f 3885 3884 3883
f 3883 3884 3886
f 3883 3886 3882
f 3882 3886 3887
f 3882 3887 3881
f 3881 3887 3888
f 3881 3888 3876
f 3876 3888 3870
f 3876 3870 3872
f 3872 3870 3869
f 3872 3869 3874
f 3874 3869 3868
f 3874 3868 3875
f 3875 3868 4113
f 3875 4113 3918
f 3918 4113 4116
f 3918 4116 3917
f 3917 4116 4115
f 3917 4115 3908
f 3908 4115 4114
f 3908 4114 1630
f 1630 4114 1623
f 1630 1623 1622
f 1622 1623 1624
f 1622 1624 1635
f 1635 1624 1625
f 1635 1625 1634
f 1634 1625 1600
f 1634 1600 1599
f 1599 1600 1591
f 1599 1591 1609
f 1609 1591 1615
f 1609 1615 1610
f 1610 1615 1616
f 1610 1616 1611
f 1611 1616 1617
f 1611 1617 1612
f 1612 1617 1618
f 1612 1618 1613
f 1613 1618 1330
f 1613 1330 1331
f 1331 1330 1332
f 1331 1332 1318
f 1318 1332 1314
f 1318 1314 1317
f 1317 1314 1313
f 1317 1313 1316
f 1316 1313 1312
f 1316 1312 1552
f 1552 1312 1546
f 1552 1546 1556
f 1556 1546 1562
f 1556 1562 1555
f 1555 1562 1564
f 1555 1564 1554
f 1554 1564 1565
f 1554 1565 1553
f 1553 1565 1520
f 1553 1520 1510
f 1510 1520 1521
f 1510 1521 1505
f 1505 1521 1522
f 1505 1522 1503
f 1503 1522 1536
f 1503 1536 1501
f 1501 1536 1537
f 1501 1537 1504
f 1504 1537 1538
f 1504 1538 2096
f 2096 1538 2346
f 2096 2346 2344
f 2344 2346 2354
f 2344 2354 2342
f 2342 2354 2340
f 2342 2340 2345
f 2345 2340 2341
f 2345 2341 2352
f 2352 2341 2343
f 2352 2343 2353
f 2353 2343 2319
f 2353 2319 2300
f 2300 2319 2320
f 2300 2320 2301
f 2301 2320 2310
f 2301 2310 2302
f 2302 2310 2294
f 2302 2294 2303
f 2303 2294 2331
f 2303 2331 2538
f 2538 2331 2543
f 2538 2543 2539
f 2539 2543 2535
f 2539 2535 2540
f 2540 2535 2542
f 2540 2542 2546
f 2546 2542 2548
f 2546 2548 2541
f 2541 2548 2498
f 2541 2498 2492
f 2492 2498 2499
f 2492 2499 2493
f 2493 2499 2461
f 2493 2461 2468
f 2468 2461 2460
f 2468 2460 2458
f 2458 2460 2459
f 2607 2608 2606
f 2606 2608 2609
f 2606 2609 2599
f 2599 2609 2597
f 2599 2597 2598
f 2598 2597 2595
f 2598 2595 2620
f 2620 2595 2621
f 2620 2621 2624
f 2624 2621 2570
f 2624 2570 2569
f 2569 2570 2572
f 2569 2572 2564
f 2564 2572 2573
f 2564 2573 2575
f 2575 2573 2576
f 2575 2576 2574
f 2574 2576 2579
f 2574 2579 2571
f 2571 2579 2845
f 2571 2845 2835
f 2835 2845 2846
f 2835 2846 2836
f 2836 2846 2847
f 2836 2847 2837
f 2837 2847 2848
f 2837 2848 2722
f 2722 2848 2710
f 2722 2710 2721
f 2721 2710 2700
f 2721 2700 2720
f 2720 2700 2713
f 2720 2713 2719
f 2719 2713 2712
f 2719 2712 2701
f 2701 2712 2711
f 2701 2711 3033
f 3033 2711 3028
f 3033 3028 3037
f 3037 3028 3030
f 3037 3030 3042
f 3042 3030 3038
f 3042 3038 3041
f 3041 3038 3029
f 3041 3029 3024
f 3024 3029 3017
f 3024 3017 3023
f 3023 3017 3018
f 3023 3018 3019
f 3019 3018 3015
f 3019 3015 3022
f 3022 3015 3139
f 3022 3139 3137
f 3137 3139 3133
f 3137 3133 3136
f 3136 3133 3141
f 3136 3141 3135
f 3135 3141 3166
f 3135 3166 3163
f 3163 3166 3160
f 3163 3160 3159
f 3159 3160 3167
f 3159 3167 3162
f 3162 3167 3168
f 3162 3168 3161
f 3161 3168 3169
f 3161 3169 4184
f 4184 3169 4296
f 4184 4296 4182
f 4182 4296 4298
f 4182 4298 4183
f 4183 4298 4306
f 4183 4306 4178
f 4178 4306 4308
f 4178 4308 4193
f 4193 4308 4449
f 4193 4449 4447
f 4447 4449 4444
f 4447 4444 4441
f 4441 4444 4436
f 4441 4436 4445
f 4445 4436 4443
f 4445 4443 4446
f 4446 4443 4450
f 4446 4450 4448
f 4448 4450 4414
f 4448 4414 4408
f 4408 4414 4415
f 4408 4415 4406
f 4406 4415 4416
f 4406 4416 4407
f 4407 4416 4412
f 4407 4412 3884
f 3884 4412 4034
f 3884 4034 3886
f 3886 4034 4035
f 3886 4035 3887
f 3887 4035 4022
f 3887 4022 3888
f 3888 4022 4021
f 3888 4021 3870
f 3870 4021 4020
f 3870 4020 3869
f 3869 4020 4120
f 3869 4120 3868
f 3868 4120 4121
f 3868 4121 4113
f 4113 4121 4105
f 4113 4105 4116
f 4116 4105 4106
f 4116 4106 4115
f 4115 4106 4107
f 4115 4107 4114
f 4114 4107 4104
f 4114 4104 1623
f 1623 4104 1621
f 1623 1621 1624
f 1624 1621 1597
f 1624 1597 1625
f 1625 1597 1603
f 1625 1603 1600
f 1600 1603 1602
f 1600 1602 1591
f 1591 1602 1598
f 1591 1598 1615
f 1615 1598 1619
f 1615 1619 1616
f 1616 1619 1620
f 1616 1620 1617
f 1617 1620 1607
f 1617 1607 1618
f 1618 1607 1323
f 1618 1323 1330
f 1330 1323 1333
f 1330 1333 1332
f 1332 1333 1334
f 1332 1334 1314
f 1314 1334 1320
f 1314 1320 1313
f 1313 1320 1319
f 1313 1319 1312
f 1312 1319 1315
f 1312 1315 1546
f 1546 1315 1563
f 1546 1563 1562
f 1562 1563 1568
f 1562 1568 1564
f 1564 1568 1572
f 1564 1572 1565
f 1565 1572 1573
f 1565 1573 1520
f 1520 1573 1525
f 1520 1525 1521
f 1521 1525 1527
f 1521 1527 1522
f 1522 1527 1516
f 1522 1516 1536
f 1536 1516 1543
f 1536 1543 1537
f 1537 1543 1544
f 1537 1544 1538
f 1538 1544 1539
f 1538 1539 2346
f 2346 1539 2356
f 2346 2356 2354
f 2354 2356 2365
f 2354 2365 2340
f 2340 2365 2361
f 2340 2361 2341
f 2341 2361 2355
f 2341 2355 2343
f 2343 2355 2316
f 2343 2316 2319
f 2319 2316 2317
f 2319 2317 2320
f 2320 2317 2318
f 2320 2318 2310
f 2310 2318 2309
f 2310 2309 2294
f 2294 2309 2334
f 2294 2334 2331
f 2331 2334 2335
f 2331 2335 2543
f 2543 2335 2536
f 2543 2536 2535
f 2535 2536 2537
f 2535 2537 2542
f 2542 2537 2533
f 2542 2533 2548
f 2548 2533 2490
f 2548 2490 2498
f 2498 2490 2487
f 2498 2487 2499
f 2499 2487 2491
f 2499 2491 2461
f 2461 2491 2469
f 2461 2469 2460
f 2460 2469 2470
f 2460 2470 2459
f 2459 2470 2471
f 2608 2605 2609
f 2609 2605 2604
f 2609 2604 2597
f 2597 2604 2603
f 2597 2603 2595
f 2595 2603 2657
f 2595 2657 2621
f 2621 2657 2656
f 2621 2656 2570
f 2570 2656 2688
f 2570 2688 2572
f 2572 2688 2685
f 2572 2685 2573
f 2573 2685 2684
f 2573 2684 2576
f 2576 2684 2687
f 2576 2687 2579
f 2579 2687 2844
f 2579 2844 2845
f 2845 2844 2849
f 2845 2849 2846
f 2846 2849 2843
f 2846 2843 2847
f 2847 2843 2842
f 2847 2842 2848
f 2848 2842 2838
f 2848 2838 2710
f 2710 2838 2709
f 2710 2709 2700
f 2700 2709 2708
f 2700 2708 2713
f 2713 2708 2707
f 2713 2707 2712
f 2712 2707 2705
f 2712 2705 2711
f 2711 2705 2704
f 2711 2704 3028
f 3028 2704 3036
f 3028 3036 3030
f 3030 3036 3034
f 3030 3034 3038
f 3038 3034 3035
f 3038 3035 3029
f 3029 3035 3020
f 3029 3020 3017
f 3017 3020 3021
f 3017 3021 3018
f 3018 3021 3025
f 3018 3025 3015
f 3015 3025 3026
f 3015 3026 3139
f 3139 3026 3131
f 3139 3131 3133
f 3133 3131 3132
f 3133 3132 3141
f 3141 3132 3130
f 3141 3130 3166
f 3166 3130 3170
f 3166 3170 3160
f 3160 3170 3173
f 3160 3173 3167
f 3167 3173 3172
f 3167 3172 3168
f 3168 3172 3171
f 3168 3171 3169
f 3169 3171 4294
f 3169 4294 4296
f 4296 4294 4288
f 4296 4288 4298
f 4298 4288 4300
f 4298 4300 4306
f 4306 4300 4301
f 4306 4301 4308
f 4308 4301 4302
f 4308 4302 4449
f 4449 4302 4439
f 4449 4439 4444
f 4444 4439 4437
f 4444 4437 4436
f 4436 4437 4438
f 4436 4438 4443
f 4443 4438 4431
f 4443 4431 4450
f 4450 4431 4435
f 4450 4435 4414
f 4414 4435 4418
f 4414 4418 4415
f 4415 4418 4419
f 4415 4419 4416
f 4416 4419 4417
f 4416 4417 4412
f 4412 4417 4039
f 4412 4039 4034
f 4034 4039 4038
f 4034 4038 4035
f 4035 4038 4033
f 4035 4033 4022
f 4022 4033 4025
f 4022 4025 4021
f 4021 4025 4024
f 4021 4024 4020
f 4020 4024 4023
f 4020 4023 4120
f 4120 4023 4123
f 4120 4123 4121
f 4121 4123 4124
f 4121 4124 4105
f 4105 4124 4103
f 4105 4103 4106
f 4106 4103 4112
f 4106 4112 4107
f 4107 4112 4108
f 4107 4108 4104
f 4104 4108 4117
f 4104 4117 1621
f 1621 4117 1595
f 1621 1595 1597
f 1597 1595 1596
f 1597 1596 1603
f 1603 1596 1594
f 1603 1594 1602
f 1602 1594 1593
f 1602 1593 1598
f 1598 1593 1592
f 1598 1592 1619
f 1619 1592 1608
f 1619 1608 1620
f 1620 1608 1606
f 1620 1606 1607
f 1607 1606 1322
f 1607 1322 1323
f 1323 1322 1324
f 1323 1324 1333
f 1333 1324 1325
f 1333 1325 1334
f 1334 1325 1335
f 1334 1335 1320
f 1320 1335 1307
f 1320 1307 1319
f 1319 1307 1310
f 1319 1310 1315
f 1315 1310 1311
f 1315 1311 1563
f 1563 1311 1574
f 1563 1574 1568
f 1568 1574 1571
f 1568 1571 1572
f 1572 1571 1570
f 1572 1570 1573
f 1573 1570 1576
f 1573 1576 1525
f 1525 1576 1523
f 1525 1523 1527
f 1527 1523 1524
f 1527 1524 1516
f 1516 1524 1529
f 1516 1529 1543
f 1543 1529 1535
f 1543 1535 1544
f 1544 1535 1534
f 1544 1534 1539
f 1539 1534 1533
f 1539 1533 2356
f 2356 1533 2360
f 2356 2360 2365
f 2365 2360 2359
f 2365 2359 2361
f 2361 2359 2358
f 2361 2358 2355
f 2355 2358 2357
f 2355 2357 2316
f 2316 2357 2323
f 2316 2323 2317
f 2317 2323 2322
f 2317 2322 2318
f 2318 2322 2321
f 2318 2321 2309
f 2309 2321 2330
f 2309 2330 2334
f 2334 2330 2329
f 2334 2329 2335
f 2335 2329 2328
f 2335 2328 2536
f 2536 2328 2482
f 2536 2482 2537
f 2537 2482 2476
f 2537 2476 2533
f 2533 2476 2486
f 2533 2486 2490
f 2490 2486 2501
f 2490 2501 2487
f 2487 2501 2500
f 2487 2500 2491
f 2491 2500 2494
f 2491 2494 2469
f 2469 2494 2463
f 2469 2463 2470
f 2470 2463 2472
f 2470 2472 2471
f 2471 2472 2464
f 2605 2658 2604
f 2604 2658 2659
f 2604 2659 2603
f 2603 2659 2661
f 2603 2661 2657
f 2657 2661 2662
f 2657 2662 2656
f 2656 2662 2694
f 2656 2694 2688
f 2688 2694 2695
f 2688 2695 2685
f 2685 2695 2696
f 2685 2696 2684
f 2684 2696 2697
f 2684 2697 2687
f 2687 2697 2686
f 2687 2686 2844
f 2844 2686 2839
f 2844 2839 2849
f 2849 2839 2840
f 2849 2840 2843
f 2843 2840 2834
f 2843 2834 2842
f 2842 2834 2841
f 2842 2841 2838
f 2838 2841 2830
f 2838 2830 2709
f 2709 2830 2829
f 2709 2829 2708
f 2708 2829 2828
f 2708 2828 2707
f 2707 2828 2706
f 2707 2706 2705
f 2705 2706 2703
f 2705 2703 2704
f 2704 2703 2978
f 2704 2978 3036
f 3036 2978 2979
f 3036 2979 3034
f 3034 2979 2961
f 3034 2961 3035
f 3035 2961 2960
f 3035 2960 3020
f 3020 2960 2959
f 3020 2959 3021
f 3021 2959 2941
f 3021 2941 3025
f 3025 2941 2940
f 3025 2940 3026
f 3026 2940 2939
f 3026 2939 3131
f 3131 2939 2909
f 3131 2909 3132
f 3132 2909 2919
f 3132 2919 3130
f 3130 2919 2923
f 3130 2923 3170
f 3170 2923 2924
f 3170 2924 3173
f 3173 2924 3165
f 3173 3165 3172
f 3172 3165 3164
f 3172 3164 3171
f 3171 3164 4289
f 3171 4289 4294
f 4294 4289 4290
f 4294 4290 4288
f 4288 4290 4291
f 4288 4291 4300
f 4300 4291 4303
f 4300 4303 4301
f 4301 4303 4309
f 4301 4309 4302
f 4302 4309 4310
f 4302 4310 4439
f 4439 4310 4440
f 4439 4440 4437
f 4437 4440 4442
f 4437 4442 4438
f 4438 4442 4432
f 4438 4432 4431
f 4431 4432 4433
f 4431 4433 4435
f 4435 4433 4434
f 4435 4434 4418
f 4418 4434 4411
f 4418 4411 4419
f 4419 4411 4410
f 4419 4410 4417
f 4417 4410 4409
f 4417 4409 4039
f 4039 4409 4037
f 4039 4037 4038
f 4038 4037 4036
f 4038 4036 4033
f 4033 4036 4015
f 4033 4015 4025
f 4025 4015 4016
f 4025 4016 4024
f 4024 4016 4017
f 4024 4017 4023
f 4023 4017 4131
f 4023 4131 4123
f 4123 4131 4132
f 4123 4132 4124
f 4124 4132 4128
f 4124 4128 4103
f 4103 4128 4119
f 4103 4119 4112
f 4112 4119 4109
f 4112 4109 4108
f 4108 4109 4110
f 4108 4110 4117
f 4117 4110 4111
f 4117 4111 1595
f 1595 4111 1605
f 1595 1605 1596
f 1596 1605 1604
f 1596 1604 1594
f 1594 1604 1367
f 1594 1367 1593
f 1593 1367 1371
f 1593 1371 1592
f 1592 1371 1361
f 1592 1361 1608
f 1608 1361 1362
f 1608 1362 1606
f 1606 1362 1363
f 1606 1363 1322
f 1322 1363 1329
f 1322 1329 1324
f 1324 1329 1326
f 1324 1326 1325
f 1325 1326 1327
f 1325 1327 1335
f 1335 1327 1309
f 1335 1309 1307
f 1307 1309 1308
f 1307 1308 1310
f 1310 1308 1306
f 1310 1306 1311
f 1311 1306 1569
f 1311 1569 1574
f 1574 1569 1567
f 1574 1567 1571
f 1571 1567 1566
f 1571 1566 1570
f 1570 1566 1578
f 1570 1578 1576
f 1576 1578 1587
f 1576 1587 1523
f 1523 1587 1518
f 1523 1518 1524
f 1524 1518 1517
f 1524 1517 1529
f 1529 1517 1519
f 1529 1519 1535
f 1535 1519 1532
f 1535 1532 1534
f 1534 1532 1531
f 1534 1531 1533
f 1533 1531 1530
f 1533 1530 2360
f 2360 1530 2366
f 2360 2366 2359
f 2359 2366 2367
f 2359 2367 2358
f 2358 2367 2368
f 2358 2368 2357
f 2357 2368 2383
f 2357 2383 2323
f 2323 2383 2312
f 2323 2312 2322
f 2322 2312 2315
f 2322 2315 2321
f 2321 2315 2338
f 2321 2338 2330
f 2330 2338 2324
f 2330 2324 2329
f 2329 2324 2337
f 2329 2337 2328
f 2328 2337 2336
f 2328 2336 2482
f 2482 2336 2480
f 2482 2480 2476
f 2476 2480 2481
f 2476 2481 2486
f 2486 2481 2479
f 2486 2479 2501
f 2501 2479 2495
f 2501 2495 2500
f 2500 2495 2489
f 2500 2489 2494
f 2494 2489 2488
f 2494 2488 2463
f 2463 2488 2465
f 2463 2465 2472
f 2472 2465 2466
f 2472 2466 2464
f 2464 2466 2467
f 2658 2668 2659
f 2659 2668 2664
f 2659 2664 2661
f 2661 2664 2665
f 2661 2665 2662
f 2662 2665 2689
f 2662 2689 2694
f 2694 2689 2690
f 2694 2690 2695
f 2695 2690 2691
f 2695 2691 2696
f 2696 2691 2692
f 2696 2692 2697
f 2697 2692 2693
f 2697 2693 2686
f 2686 2693 2855
f 2686 2855 2839
f 2839 2855 2854
f 2839 2854 2840
f 2840 2854 2862
f 2840 2862 2834
f 2834 2862 2863
f 2834 2863 2841
f 2841 2863 2827
f 2841 2827 2830
f 2830 2827 2826
f 2830 2826 2829
f 2829 2826 2825
f 2829 2825 2828
f 2828 2825 2824
f 2828 2824 2706
f 2706 2824 2702
f 2706 2702 2703
f 2703 2702 2968
f 2703 2968 2978
f 2978 2968 2969
f 2978 2969 2979
f 2979 2969 2958
f 2979 2958 2961
f 2961 2958 2962
f 2961 2962 2960
f 2960 2962 2963
f 2960 2963 2959
f 2959 2963 2966
f 2959 2966 2941
f 2941 2966 2943
f 2941 2943 2940
f 2940 2943 2942
f 2940 2942 2939
f 2939 2942 2915
f 2939 2915 2909
f 2909 2915 2916
f 2909 2916 2919
f 2919 2916 2925
f 2919 2925 2923
f 2923 2925 2926
f 2923 2926 2924
f 2924 2926 2927
f 2924 2927 3165
f 3165 2927 2928
f 3165 2928 3164
f 3164 2928 4286
f 3164 4286 4289
f 4289 4286 4285
f 4289 4285 4290
f 4290 4285 4295
f 4290 4295 4291
f 4291 4295 4313
f 4291 4313 4303
f 4303 4313 4312
f 4303 4312 4309
f 4309 4312 4311
f 4309 4311 4310
f 4310 4311 4314
f 4310 4314 4440
f 4440 4314 4424
f 4440 4424 4442
f 4442 4424 4423
f 4442 4423 4432
f 4432 4423 4422
f 4432 4422 4433
f 4433 4422 4429
f 4433 4429 4434
f 4434 4429 4430
f 4434 4430 4411
f 4411 4430 4420
f 4411 4420 4410
f 4410 4420 4413
f 4410 4413 4409
f 4409 4413 4040
f 4409 4040 4037
f 4037 4040 4030
f 4037 4030 4036
f 4036 4030 4041
f 4036 4041 4015
f 4015 4041 4012
f 4015 4012 4016
f 4016 4012 4014
f 4016 4014 4017
f 4017 4014 4013
f 4017 4013 4131
f 4131 4013 4130
f 4131 4130 4132
f 4132 4130 4129
f 4132 4129 4128
f 4128 4129 4122
f 4128 4122 4119
f 4119 4122 4127
f 4119 4127 4109
f 4109 4127 4095
f 4109 4095 4110
f 4110 4095 4088
f 4110 4088 4111
f 4111 4088 4089
f 4111 4089 1605
f 1605 4089 1601
f 1605 1601 1604
f 1604 1601 1368
f 1604 1368 1367
f 1367 1368 1369
f 1367 1369 1371
f 1371 1369 1370
f 1371 1370 1361
f 1361 1370 1359
f 1361 1359 1362
f 1362 1359 1358
f 1362 1358 1363
f 1363 1358 1357
f 1363 1357 1329
f 1329 1357 1321
f 1329 1321 1326
f 1326 1321 1328
f 1326 1328 1327
f 1327 1328 1343
f 1327 1343 1309
f 1309 1343 1340
f 1309 1340 1308
f 1308 1340 1339
f 1308 1339 1306
f 1306 1339 1338
f 1306 1338 1569
f 1569 1338 1561
f 1569 1561 1567
f 1567 1561 1575
f 1567 1575 1566
f 1566 1575 1588
f 1566 1588 1578
f 1578 1588 1590
f 1578 1590 1587
f 1587 1590 1577
f 1587 1577 1518
f 1518 1577 1526
f 1518 1526 1517
f 1517 1526 1528
f 1517 1528 1519
f 1519 1528 1542
f 1519 1542 1532
f 1532 1542 1541
f 1532 1541 1531
f 1531 1541 1540
f 1531 1540 1530
f 1530 1540 2362
f 1530 2362 2366
f 2366 2362 2363
f 2366 2363 2367
f 2367 2363 2364
f 2367 2364 2368
f 2368 2364 2382
f 2368 2382 2383
f 2383 2382 2381
f 2383 2381 2312
f 2312 2381 2314
f 2312 2314 2315
f 2315 2314 2311
f 2315 2311 2338
f 2338 2311 2327
f 2338 2327 2324
f 2324 2327 2326
f 2324 2326 2337
f 2337 2326 2325
f 2337 2325 2336
f 2336 2325 2258
f 2336 2258 2480
f 2480 2258 2473
f 2480 2473 2481
f 2481 2473 2474
f 2481 2474 2479
f 2479 2474 2475
f 2479 2475 2495
f 2495 2475 2496
f 2495 2496 2489
f 2489 2496 2497
f 2489 2497 2488
f 2488 2497 2427
f 2488 2427 2465
f 2465 2427 2426
f 2465 2426 2466
f 2466 2426 2424
f 2466 2424 2467
f 2467 2424 2425
f 2668 2666 2664
f 2664 2666 2667
f 2664 2667 2665
f 2665 2667 2663
f 2665 2663 2689
f 2689 2663 2699
f 2689 2699 2690
f 2690 2699 2698
f 2690 2698 2691
f 2691 2698 2679
f 2691 2679 2692
f 2692 2679 2680
f 2692 2680 2693
f 2693 2680 2683
f 2693 2683 2855
f 2855 2683 2853
f 2855 2853 2854
f 2854 2853 2852
f 2854 2852 2862
f 2862 2852 2851
f 2862 2851 2863
f 2863 2851 2856
f 2863 2856 2827
f 2827 2856 2823
f 2827 2823 2826
f 2826 2823 2820
f 2826 2820 2825
f 2825 2820 2822
f 2825 2822 2824
f 2824 2822 2821
f 2824 2821 2702
f 2702 2821 2974
f 2702 2974 2968
f 2968 2974 2976
f 2968 2976 2969
f 2969 2976 2967
f 2969 2967 2958
f 2958 2967 2955
f 2958 2955 2962
f 2962 2955 2956
f 2962 2956 2963
f 2963 2956 2957
f 2963 2957 2966
f 2966 2957 2949
f 2966 2949 2943
f 2943 2949 2950
f 2943 2950 2942
f 2942 2950 2951
f 2942 2951 2915
f 2915 2951 2910
f 2915 2910 2916
f 2916 2910 2911
f 2916 2911 2925
f 2925 2911 2931
f 2925 2931 2926
f 2926 2931 2930
f 2926 2930 2927
f 2927 2930 2932
f 2927 2932 2928
f 2928 2932 2933
f 2928 2933 4286
f 4286 2933 4299
f 4286 4299 4285
f 4285 4299 4297
f 4285 4297 4295
f 4295 4297 4287
f 4295 4287 4313
f 4313 4287 4304
f 4313 4304 4312
f 4312 4304 4305
f 4312 4305 4311
f 4311 4305 4307
f 4311 4307 4314
f 4314 4307 4426
f 4314 4426 4424
f 4424 4426 4427
f 4424 4427 4423
f 4423 4427 4428
f 4423 4428 4422
f 4422 4428 4425
f 4422 4425 4429
f 4429 4425 4362
f 4429 4362 4430
f 4430 4362 4361
f 4430 4361 4420
f 4420 4361 4360
f 4420 4360 4413
f 4413 4360 4363
f 4413 4363 4040
f 4040 4363 4027
f 4040 4027 4030
f 4030 4027 4029
f 4030 4029 4041
f 4041 4029 4028
f 4041 4028 4012
f 4012 4028 4018
f 4012 4018 4014
f 4014 4018 4019
f 4014 4019 4013
f 4013 4019 4026
f 4013 4026 4130
f 4130 4026 4125
f 4130 4125 4129
f 4129 4125 4126
f 4129 4126 4122
f 4122 4126 4118
f 4122 4118 4127
f 4127 4118 4099
f 4127 4099 4095
f 4095 4099 4101
f 4095 4101 4088
f 4088 4101 4094
f 4088 4094 4089
f 4089 4094 4093
f 4089 4093 1601
f 1601 4093 1366
f 1601 1366 1368
f 1368 1366 1376
f 1368 1376 1369
f 1369 1376 1372
f 1369 1372 1370
f 1370 1372 1375
f 1370 1375 1359
f 1359 1375 1356
f 1359 1356 1358
f 1358 1356 1351
f 1358 1351 1357
f 1357 1351 1364
f 1357 1364 1321
f 1321 1364 1341
f 1321 1341 1328
f 1328 1341 1342
f 1328 1342 1343
f 1343 1342 1350
f 1343 1350 1340
f 1340 1350 1349
f 1340 1349 1339
f 1339 1349 1348
f 1339 1348 1338
f 1338 1348 1347
f 1338 1347 1561
f 1561 1347 1589
f 1561 1589 1575
f 1575 1589 1586
f 1575 1586 1588
f 1588 1586 1585
f 1588 1585 1590
f 1590 1585 1584
f 1590 1584 1577
f 1577 1584 1583
f 1577 1583 1526
f 1526 1583 1470
f 1526 1470 1528
f 1528 1470 1482
f 1528 1482 1542
f 1542 1482 1430
f 1542 1430 1541
f 1541 1430 1432
f 1541 1432 1540
f 1540 1432 1433
f 1540 1433 2362
f 2362 1433 2370
f 2362 2370 2363
f 2363 2370 2369
f 2363 2369 2364
f 2364 2369 2371
f 2364 2371 2382
f 2382 2371 2372
f 2382 2372 2381
f 2381 2372 2376
f 2381 2376 2314
f 2314 2376 2313
f 2314 2313 2311
f 2311 2313 2332
f 2311 2332 2327
f 2327 2332 2333
f 2327 2333 2326
f 2326 2333 2249
f 2326 2249 2325
f 2325 2249 2248
f 2325 2248 2258
f 2258 2248 2251
f 2258 2251 2473
f 2473 2251 2483
f 2473 2483 2474
f 2474 2483 2484
f 2474 2484 2475
f 2475 2484 2485
f 2475 2485 2496
f 2496 2485 2385
f 2496 2385 2497
f 2497 2385 2414
f 2497 2414 2427
f 2427 2414 2415
f 2427 2415 2426
f 2426 2415 2416
f 2426 2416 2424
f 2424 2416 2413
f 2424 2413 2425
f 2425 2413 2418
f 2666 2654 2667
f 2667 2654 2660
f 2667 2660 2663
f 2663 2660 2675
f 2663 2675 2699
f 2699 2675 2674
f 2699 2674 2698
f 2698 2674 2673
f 2698 2673 2679
f 2679 2673 2672
f 2679 2672 2680
f 2680 2672 2671
f 2680 2671 2683
f 2683 2671 2670
f 2683 2670 2853
f 2853 2670 2859
f 2853 2859 2852
f 2852 2859 2860
f 2852 2860 2851
f 2851 2860 2861
f 2851 2861 2856
f 2856 2861 2819
f 2856 2819 2823
f 2823 2819 2833
f 2823 2833 2820
f 2820 2833 2832
f 2820 2832 2822
f 2822 2832 2831
f 2822 2831 2821
f 2821 2831 2972
f 2821 2972 2974
f 2974 2972 2971
f 2974 2971 2976
f 2976 2971 2973
f 2976 2973 2967
f 2967 2973 2977
f 2967 2977 2955
f 2955 2977 2954
f 2955 2954 2956
f 2956 2954 2965
f 2956 2965 2957
f 2957 2965 2944
f 2957 2944 2949
f 2949 2944 2938
f 2949 2938 2950
f 2950 2938 2937
f 2950 2937 2951
f 2951 2937 2917
f 2951 2917 2910
f 2910 2917 2918
f 2910 2918 2911
f 2911 2918 2913
f 2911 2913 2931
f 2931 2913 2934
f 2931 2934 2930
f 2930 2934 2935
f 2930 2935 2932
f 2932 2935 2936
f 2932 2936 2933
f 2933 2936 2929
f 2933 2929 4299
f 4299 2929 4293
f 4299 4293 4297
f 4297 4293 4292
f 4297 4292 4287
f 4287 4292 4342
f 4287 4342 4304
f 4304 4342 4341
f 4304 4341 4305
f 4305 4341 4340
f 4305 4340 4307
f 4307 4340 4339
f 4307 4339 4426
f 4426 4339 4421
f 4426 4421 4427
f 4427 4421 4381
f 4427 4381 4428
f 4428 4381 4386
f 4428 4386 4425
f 4425 4386 4375
f 4425 4375 4362
f 4362 4375 4373
f 4362 4373 4361
f 4361 4373 4370
f 4361 4370 4360
f 4360 4370 4368
f 4360 4368 4363
f 4363 4368 4367
f 4363 4367 4027
f 4027 4367 4031
f 4027 4031 4029
f 4029 4031 4032
f 4029 4032 4028
f 4028 4032 4009
f 4028 4009 4018
f 4018 4009 4011
f 4018 4011 4019
f 4019 4011 4010
f 4019 4010 4026
f 4026 4010 4057
f 4026 4057 4125
f 4125 4057 4062
f 4125 4062 4126
f 4126 4062 4063
f 4126 4063 4118
f 4118 4063 4064
f 4118 4064 4099
f 4099 4064 4092
f 4099 4092 4101
f 4101 4092 4091
f 4101 4091 4094
f 4094 4091 4098
f 4094 4098 4093
f 4093 4098 4097
f 4093 4097 1366
f 1366 4097 1377
f 1366 1377 1376
f 1376 1377 1378
f 1376 1378 1372
f 1372 1378 1379
f 1372 1379 1375
f 1375 1379 1353
f 1375 1353 1356
f 1356 1353 1355
f 1356 1355 1351
f 1351 1355 1360
f 1351 1360 1364
f 1364 1360 1365
f 1364 1365 1341
f 1341 1365 1336
f 1341 1336 1342
f 1342 1336 1345
f 1342 1345 1350
f 1350 1345 1344
f 1350 1344 1349
f 1349 1344 1346
f 1349 1346 1348
f 1348 1346 1292
f 1348 1292 1347
f 1347 1292 1294
f 1347 1294 1589
f 1589 1294 1582
f 1589 1582 1586
f 1586 1582 1581
f 1586 1581 1585
f 1585 1581 1580
f 1585 1580 1584
f 1584 1580 1579
f 1584 1579 1583
f 1583 1579 1471
f 1583 1471 1470
f 1470 1471 1472
f 1470 1472 1482
f 1482 1472 1473
f 1482 1473 1430
f 1430 1473 1429
f 1430 1429 1432
f 1432 1429 1428
f 1432 1428 1433
f 1433 1428 1427
f 1433 1427 2370
f 2370 1427 2380
f 2370 2380 2369
f 2369 2380 2379
f 2369 2379 2371
f 2371 2379 2378
f 2371 2378 2372
f 2372 2378 2377
f 2372 2377 2376
f 2376 2377 2227
f 2376 2227 2313
f 2313 2227 2255
f 2313 2255 2332
f 2332 2255 2254
f 2332 2254 2333
f 2333 2254 2250
f 2333 2250 2249
f 2249 2250 2252
f 2249 2252 2248
f 2248 2252 2253
f 2248 2253 2251
f 2251 2253 2262
f 2251 2262 2483
f 2483 2262 2478
f 2483 2478 2484
f 2484 2478 2477
f 2484 2477 2485
f 2485 2477 2386
f 2485 2386 2385
f 2385 2386 2387
f 2385 2387 2414
f 2414 2387 2419
f 2414 2419 2415
f 2415 2419 2420
f 2415 2420 2416
f 2416 2420 2421
f 2416 2421 2413
f 2413 2421 2422
f 2413 2422 2418
f 2418 2422 2423
f 2654 2655 2660
f 2660 2655 2676
f 2660 2676 2675
f 2675 2676 2677
f 2675 2677 2674
f 2674 2677 2678
f 2674 2678 2673
f 2673 2678 2681
f 2673 2681 2672
f 2672 2681 2682
f 2672 2682 2671
f 2671 2682 2669
f 2671 2669 2670
f 2670 2669 2857
f 2670 2857 2859
f 2859 2857 2858
f 2859 2858 2860
f 2860 2858 2850
f 2860 2850 2861
f 2861 2850 2809
f 2861 2809 2819
f 2819 2809 2808
f 2819 2808 2833
f 2833 2808 2806
f 2833 2806 2832
f 2832 2806 2805
f 2832 2805 2831
f 2831 2805 2807
f 2831 2807 2972
f 2972 2807 2981
f 2972 2981 2971
f 2971 2981 2980
f 2971 2980 2973
f 2973 2980 2970
f 2973 2970 2977
f 2977 2970 2975
f 2977 2975 2954
f 2954 2975 2953
f 2954 2953 2965
f 2965 2953 2952
f 2965 2952 2944
f 2944 2952 2946
f 2944 2946 2938
f 2938 2946 2945
f 2938 2945 2937
f 2937 2945 2906
f 2937 2906 2917
f 2917 2906 2908
f 2917 2908 2918
f 2918 2908 2912
f 2918 2912 2913
f 2913 2912 2914
f 2913 2914 2934
f 2934 2914 2874
f 2934 2874 2935
f 2935 2874 2876
f 2935 2876 2936
f 2936 2876 2877
f 2936 2877 2929
f 2929 2877 4323
f 2929 4323 4293
f 4293 4323 4321
f 4293 4321 4292
f 4292 4321 4331
f 4292 4331 4342
f 4342 4331 4333
f 4342 4333 4341
f 4341 4333 4334
f 4341 4334 4340
f 4340 4334 4335
f 4340 4335 4339
f 4339 4335 4336
f 4339 4336 4421
f 4421 4336 4389
f 4421 4389 4381
f 4381 4389 4388
f 4381 4388 4386
f 4386 4388 4380
f 4386 4380 4375
f 4375 4380 4364
f 4375 4364 4373
f 4373 4364 4365
f 4373 4365 4370
f 4370 4365 4366
f 4370 4366 4368
f 4368 4366 4369
f 4368 4369 4367
f 4367 4369 3999
f 4367 3999 4031
f 4031 3999 4008
f 4031 4008 4032
f 4032 4008 3997
f 4032 3997 4009
f 4009 3997 4004
f 4009 4004 4011
f 4011 4004 4003
f 4011 4003 4010
f 4010 4003 4002
f 4010 4002 4057
f 4057 4002 4058
f 4057 4058 4062
f 4062 4058 4067
f 4062 4067 4063
f 4063 4067 4066
f 4063 4066 4064
f 4064 4066 4065
f 4064 4065 4092
f 4092 4065 4087
f 4092 4087 4091
f 4091 4087 4096
f 4091 4096 4098
f 4098 4096 4100
f 4098 4100 4097
f 4097 4100 4102
f 4097 4102 1377
f 1377 4102 1373
f 1377 1373 1378
f 1378 1373 1374
f 1378 1374 1379
f 1379 1374 1380
f 1379 1380 1353
f 1353 1380 1352
f 1353 1352 1355
f 1355 1352 1354
f 1355 1354 1360
f 1360 1354 1404
f 1360 1404 1365
f 1365 1404 1398
f 1365 1398 1336
f 1336 1398 1337
f 1336 1337 1345
f 1345 1337 1305
f 1345 1305 1344
f 1344 1305 1293
f 1344 1293 1346
f 1346 1293 1304
f 1346 1304 1292
f 1292 1304 1296
f 1292 1296 1294
f 1294 1296 1295
f 1294 1295 1582
f 1582 1295 1455
f 1582 1455 1581
f 1581 1455 1462
f 1581 1462 1580
f 1580 1462 1477
f 1580 1477 1579
f 1579 1477 1476
f 1579 1476 1471
f 1471 1476 1475
f 1471 1475 1472
f 1472 1475 1474
f 1472 1474 1473
f 1473 1474 1434
f 1473 1434 1429
f 1429 1434 1435
f 1429 1435 1428
f 1428 1435 1436
f 1428 1436 1427
f 1427 1436 1425
f 1427 1425 2380
f 2380 1425 2375
f 2380 2375 2379
f 2379 2375 2374
f 2379 2374 2378
f 2378 2374 2373
f 2378 2373 2377
f 2377 2373 2219
f 2377 2219 2227
f 2227 2219 2220
f 2227 2220 2255
f 2255 2220 2261
f 2255 2261 2254
f 2254 2261 2260
f 2254 2260 2250
f 2250 2260 2259
f 2250 2259 2252
f 2252 2259 2257
f 2252 2257 2253
f 2253 2257 2256
f 2253 2256 2262
f 2262 2256 2282
f 2262 2282 2478
f 2478 2282 2391
f 2478 2391 2477
f 2477 2391 2392
f 2477 2392 2386
f 2386 2392 2393
f 2386 2393 2387
f 2387 2393 2396
f 2387 2396 2419
f 2419 2396 2417
f 2419 2417 2420
f 2420 2417 2434
f 2420 2434 2421
f 2421 2434 2439
f 2421 2439 2422
f 2422 2439 2442
f 2422 2442 2423
f 2423 2442 2437
f 2655 2629 2676
f 2676 2629 2627
f 2676 2627 2677
f 2677 2627 2628
f 2677 2628 2678
f 2678 2628 2647
f 2678 2647 2681
f 2681 2647 2648
f 2681 2648 2682
f 2682 2648 2649
f 2682 2649 2669
f 2669 2649 2639
f 2669 2639 2857
f 2857 2639 2787
f 2857 2787 2858
f 2858 2787 2774
f 2858 2774 2850
f 2850 2774 2818
f 2850 2818 2809
f 2809 2818 2816
f 2809 2816 2808
f 2808 2816 2804
f 2808 2804 2806
f 2806 2804 2810
f 2806 2810 2805
f 2805 2810 2813
f 2805 2813 2807
f 2807 2813 2815
f 2807 2815 2981
f 2981 2815 2989
f 2981 2989 2980
f 2980 2989 2990
f 2980 2990 2970
f 2970 2990 2991
f 2970 2991 2975
f 2975 2991 2992
f 2975 2992 2953
f 2953 2992 2964
f 2953 2964 2952
f 2952 2964 2948
f 2952 2948 2946
f 2946 2948 2947
f 2946 2947 2945
f 2945 2947 2897
f 2945 2897 2906
f 2906 2897 2900
f 2906 2900 2908
f 2908 2900 2921
f 2908 2921 2912
f 2912 2921 2922
f 2912 2922 2914
f 2914 2922 2882
f 2914 2882 2874
f 2874 2882 2866
f 2874 2866 2876
f 2876 2866 2864
f 2876 2864 2877
f 2877 2864 2868
f 2877 2868 4323
f 4323 2868 4319
f 4323 4319 4321
f 4321 4319 4318
f 4321 4318 4331
f 4331 4318 4338
f 4331 4338 4333
f 4333 4338 4330
f 4333 4330 4334
f 4334 4330 4337
f 4334 4337 4335
f 4335 4337 4332
f 4335 4332 4336
f 4336 4332 4377
f 4336 4377 4389
f 4389 4377 4390
f 4389 4390 4388
f 4388 4390 4385
f 4388 4385 4380
f 4380 4385 4384
f 4380 4384 4364
f 4364 4384 4371
f 4364 4371 4365
f 4365 4371 4372
f 4365 4372 4366
f 4366 4372 4374
f 4366 4374 4369
f 4369 4374 4000
f 4369 4000 3999
f 3999 4000 4001
f 3999 4001 4008
f 4008 4001 3998
f 4008 3998 3997
f 3997 3998 4007
f 3997 4007 4004
f 4004 4007 4006
f 4004 4006 4003
f 4003 4006 4005
f 4003 4005 4002
f 4002 4005 4068
f 4002 4068 4058
f 4058 4068 4071
f 4058 4071 4067
f 4067 4071 4070
f 4067 4070 4066
f 4066 4070 4069
f 4066 4069 4065
f 4065 4069 4059
f 4065 4059 4087
f 4087 4059 4090
f 4087 4090 4096
f 4096 4090 4047
f 4096 4047 4100
f 4100 4047 4049
f 4100 4049 4102
f 4102 4049 1386
f 4102 1386 1373
f 1373 1386 1388
f 1373 1388 1374
f 1374 1388 1389
f 1374 1389 1380
f 1380 1389 1422
f 1380 1422 1352
f 1352 1422 1424
f 1352 1424 1354
f 1354 1424 1399
f 1354 1399 1404
f 1404 1399 1400
f 1404 1400 1398
f 1398 1400 1401
f 1398 1401 1337
f 1337 1401 1301
f 1337 1301 1305
f 1305 1301 1300
f 1305 1300 1293
f 1293 1300 1299
f 1293 1299 1304
f 1304 1299 1298
f 1304 1298 1296
f 1296 1298 1297
f 1296 1297 1295
f 1295 1297 1459
f 1295 1459 1455
f 1455 1459 1461
f 1455 1461 1462
f 1462 1461 1480
f 1462 1480 1477
f 1477 1480 1481
f 1477 1481 1476
f 1476 1481 1479
f 1476 1479 1475
f 1475 1479 1478
f 1475 1478 1474
f 1474 1478 1437
f 1474 1437 1434
f 1434 1437 1438
f 1434 1438 1435
f 1435 1438 1439
f 1435 1439 1436
f 1436 1439 1431
f 1436 1431 1425
f 1425 1431 1426
f 1425 1426 2375
f 2375 1426 2245
f 2375 2245 2374
f 2374 2245 2246
f 2374 2246 2373
f 2373 2246 2224
f 2373 2224 2219
f 2219 2224 2225
f 2219 2225 2220
f 2220 2225 2218
f 2220 2218 2261
f 2261 2218 2277
f 2261 2277 2260
f 2260 2277 2276
f 2260 2276 2259
f 2259 2276 2275
f 2259 2275 2257
f 2257 2275 2281
f 2257 2281 2256
f 2256 2281 2280
f 2256 2280 2282
f 2282 2280 2279
f 2282 2279 2391
f 2391 2279 2398
f 2391 2398 2392
f 2392 2398 2397
f 2392 2397 2393
f 2393 2397 2395
f 2393 2395 2396
f 2396 2395 2394
f 2396 2394 2417
f 2417 2394 2438
f 2417 2438 2434
f 2434 2438 2440
f 2434 2440 2439
f 2439 2440 2441
f 2439 2441 2442
f 2442 2441 2436
f 2442 2436 2437
f 2437 2436 2435
f 2629 2625 2627
f 2627 2625 2626
f 2627 2626 2628
f 2628 2626 2635
f 2628 2635 2647
f 2647 2635 2643
f 2647 2643 2648
f 2648 2643 2651
f 2648 2651 2649
f 2649 2651 2652
f 2649 2652 2639
f 2639 2652 2784
f 2639 2784 2787
f 2787 2784 2783
f 2787 2783 2774
f 2774 2783 2782
f 2774 2782 2818
f 2818 2782 2811
f 2818 2811 2816
f 2816 2811 2812
f 2816 2812 2804
f 2804 2812 2814
f 2804 2814 2810
f 2810 2814 2794
f 2810 2794 2813
f 2813 2794 2795
f 2813 2795 2815
f 2815 2795 2988
f 2815 2988 2989
f 2989 2988 2987
f 2989 2987 2990
f 2990 2987 2986
f 2990 2986 2991
f 2991 2986 2993
f 2991 2993 2992
f 2992 2993 3004
f 2992 3004 2964
f 2964 3004 3003
f 2964 3003 2948
f 2948 3003 3002
f 2948 3002 2947
f 2947 3002 2895
f 2947 2895 2897
f 2897 2895 2894
f 2897 2894 2900
f 2900 2894 2903
f 2900 2903 2921
f 2921 2903 2920
f 2921 2920 2922
f 2922 2920 2883
f 2922 2883 2882
f 2882 2883 2885
f 2882 2885 2866
f 2866 2885 2872
f 2866 2872 2864
f 2864 2872 2875
f 2864 2875 2868
f 2868 2875 4329
f 2868 4329 4319
f 4319 4329 4322
f 4319 4322 4318
f 4318 4322 4324
f 4318 4324 4338
f 4338 4324 4344
f 4338 4344 4330
f 4330 4344 4343
f 4330 4343 4337
f 4337 4343 4354
f 4337 4354 4332
f 4332 4354 4353
f 4332 4353 4377
f 4377 4353 4387
f 4377 4387 4390
f 4390 4387 4382
f 4390 4382 4385
f 4385 4382 4383
f 4385 4383 4384
f 4384 4383 4398
f 4384 4398 4371
f 4371 4398 4399
f 4371 4399 4372
f 4372 4399 4400
f 4372 4400 4374
f 4374 4400 3991
f 4374 3991 4000
f 4000 3991 3992
f 4000 3992 4001
f 4001 3992 3993
f 4001 3993 3998
f 3998 3993 3976
f 3998 3976 4007
f 4007 3976 3975
f 4007 3975 4006
f 4006 3975 3968
f 4006 3968 4005
f 4005 3968 3970
f 4005 3970 4068
f 4068 3970 4060
f 4068 4060 4071
f 4071 4060 4061
f 4071 4061 4070
f 4070 4061 4072
f 4070 4072 4069
f 4069 4072 4081
f 4069 4081 4059
f 4059 4081 4073
f 4059 4073 4090
f 4090 4073 4052
f 4090 4052 4047
f 4047 4052 4053
f 4047 4053 4049
f 4049 4053 1387
f 4049 1387 1386
f 1386 1387 1383
f 1386 1383 1388
f 1388 1383 1382
f 1388 1382 1389
f 1389 1382 1421
f 1389 1421 1422
f 1422 1421 1420
f 1422 1420 1424
f 1424 1420 1419
f 1424 1419 1399
f 1399 1419 1408
f 1399 1408 1400
f 1400 1408 1409
f 1400 1409 1401
f 1401 1409 1410
f 1401 1410 1301
f 1301 1410 1283
f 1301 1283 1300
f 1300 1283 1284
f 1300 1284 1299
f 1299 1284 1302
f 1299 1302 1298
f 1298 1302 1303
f 1298 1303 1297
f 1297 1303 1460
f 1297 1460 1459
f 1459 1460 1456
f 1459 1456 1461
f 1461 1456 1469
f 1461 1469 1480
f 1480 1469 1483
f 1480 1483 1481
f 1481 1483 1484
f 1481 1484 1479
f 1479 1484 1499
f 1479 1499 1478
f 1478 1499 1498
f 1478 1498 1437
f 1437 1498 1445
f 1437 1445 1438
f 1438 1445 1446
f 1438 1446 1439
f 1439 1446 1447
f 1439 1447 1431
f 1431 1447 1450
f 1431 1450 1426
f 1426 1450 2236
f 1426 2236 2245
f 2245 2236 2235
f 2245 2235 2246
f 2246 2235 2233
f 2246 2233 2224
f 2224 2233 2229
f 2224 2229 2225
f 2225 2229 2228
f 2225 2228 2218
f 2218 2228 2226
f 2218 2226 2277
f 2277 2226 2267
f 2277 2267 2276
f 2276 2267 2268
f 2276 2268 2275
f 2275 2268 2263
f 2275 2263 2281
f 2281 2263 2285
f 2281 2285 2280
f 2280 2285 2284
f 2280 2284 2279
f 2279 2284 2283
f 2279 2283 2398
f 2398 2283 2384
f 2398 2384 2397
f 2397 2384 2390
f 2397 2390 2395
f 2395 2390 2389
f 2395 2389 2394
f 2394 2389 2388
f 2394 2388 2438
f 2438 2388 2432
f 2438 2432 2440
f 2440 2432 2431
f 2440 2431 2441
f 2441 2431 2430
f 2441 2430 2436
f 2436 2430 2429
f 2436 2429 2435
f 2435 2429 2444
f 2625 2632 2626
f 2626 2632 2633
f 2626 2633 2635
f 2635 2633 2634
f 2635 2634 2643
f 2643 2634 2646
f 2643 2646 2651
f 2651 2646 2645
f 2651 2645 2652
f 2652 2645 2644
f 2652 2644 2784
f 2784 2644 2778
f 2784 2778 2783
f 2783 2778 2779
f 2783 2779 2782
f 2782 2779 2780
f 2782 2780 2811
f 2811 2780 2817
f 2811 2817 2812
f 2812 2817 2798
f 2812 2798 2814
f 2814 2798 2797
f 2814 2797 2794
f 2794 2797 2789
f 2794 2789 2795
f 2795 2789 2796
f 2795 2796 2988
f 2988 2796 2983
f 2988 2983 2987
f 2987 2983 2984
f 2987 2984 2986
f 2986 2984 2997
f 2986 2997 2993
f 2993 2997 3006
f 2993 3006 3004
f 3004 3006 3005
f 3004 3005 3003
f 3003 3005 2998
f 3003 2998 3002
f 3002 2998 3000
f 3002 3000 2895
f 2895 3000 2905
f 2895 2905 2894
f 2894 2905 2907
f 2894 2907 2903
f 2903 2907 2893
f 2903 2893 2920
f 2920 2893 2888
f 2920 2888 2883
f 2883 2888 2889
f 2883 2889 2885
f 2885 2889 2886
f 2885 2886 2872
f 2872 2886 2873
f 2872 2873 2875
f 2875 2873 2867
f 2875 2867 4329
f 4329 2867 4315
f 4329 4315 4322
f 4322 4315 4328
f 4322 4328 4324
f 4324 4328 4327
f 4324 4327 4344
f 4344 4327 4349
f 4344 4349 4343
f 4343 4349 4350
f 4343 4350 4354
f 4354 4350 4345
f 4354 4345 4353
f 4353 4345 4358
f 4353 4358 4387
f 4387 4358 4376
f 4387 4376 4382
f 4382 4376 4378
f 4382 4378 4383
f 4383 4378 4393
f 4383 4393 4398
f 4398 4393 4391
f 4398 4391 4399
f 4399 4391 4403
f 4399 4403 4400
f 4400 4403 3988
f 4400 3988 3991
f 3991 3988 3989
f 3991 3989 3992
f 3992 3989 3986
f 3992 3986 3993
f 3993 3986 3990
f 3993 3990 3976
f 3976 3990 3971
f 3976 3971 3975
f 3975 3971 3972
f 3975 3972 3968
f 3968 3972 3973
f 3968 3973 3970
f 3970 3973 3974
f 3970 3974 4060
f 4060 3974 4086
f 4060 4086 4061
f 4061 4086 4085
f 4061 4085 4072
f 4072 4085 4084
f 4072 4084 4081
f 4081 4084 4083
f 4081 4083 4073
f 4073 4083 4054
f 4073 4054 4052
f 4052 4054 4055
f 4052 4055 4053
f 4053 4055 4056
f 4053 4056 1387
f 1387 4056 1393
f 1387 1393 1383
f 1383 1393 1394
f 1383 1394 1382
f 1382 1394 1395
f 1382 1395 1421
f 1421 1395 1414
f 1421 1414 1420
f 1420 1414 1412
f 1420 1412 1419
f 1419 1412 1411
f 1419 1411 1408
f 1408 1411 1405
f 1408 1405 1409
f 1409 1405 1406
f 1409 1406 1410
f 1410 1406 1407
f 1410 1407 1283
f 1283 1407 1285
f 1283 1285 1284
f 1284 1285 1286
f 1284 1286 1302
f 1302 1286 1287
f 1302 1287 1303
f 1303 1287 1288
f 1303 1288 1460
f 1460 1288 1466
f 1460 1466 1456
f 1456 1466 1467
f 1456 1467 1469
f 1469 1467 1468
f 1469 1468 1483
f 1483 1468 1485
f 1483 1485 1484
f 1484 1485 1493
f 1484 1493 1499
f 1499 1493 1492
f 1499 1492 1498
f 1498 1492 1491
f 1498 1491 1445
f 1445 1491 1442
f 1445 1442 1446
f 1446 1442 1443
f 1446 1443 1447
f 1447 1443 1444
f 1447 1444 1450
f 1450 1444 1441
f 1450 1441 2236
f 2236 1441 2243
f 2236 2243 2235
f 2235 2243 2247
f 2235 2247 2233
f 2233 2247 2244
f 2233 2244 2229
f 2229 2244 2221
f 2229 2221 2228
f 2228 2221 2222
f 2228 2222 2226
f 2226 2222 2223
f 2226 2223 2267
f 2267 2223 2266
f 2267 2266 2268
f 2268 2266 2265
f 2268 2265 2263
f 2263 2265 2291
f 2263 2291 2285
f 2285 2291 2292
f 2285 2292 2284
f 2284 2292 2293
f 2284 2293 2283
f 2283 2293 2278
f 2283 2278 2384
f 2384 2278 2404
f 2384 2404 2390
f 2390 2404 2403
f 2390 2403 2389
f 2389 2403 2402
f 2389 2402 2388
f 2388 2402 2401
f 2388 2401 2432
f 2432 2401 2428
f 2432 2428 2431
f 2431 2428 2433
f 2431 2433 2430
f 2430 2433 2448
f 2430 2448 2429
f 2429 2448 2449
f 2429 2449 2444
f 2444 2449 2443
f 2632 2637 2633
f 2633 2637 2638
f 2633 2638 2634
f 2634 2638 2636
f 2634 2636 2646
f 2646 2636 2642
f 2646 2642 2645
f 2645 2642 2641
f 2645 2641 2644
f 2644 2641 2781
f 2644 2781 2778
f 2778 2781 2775
f 2778 2775 2779
f 2779 2775 2777
f 2779 2777 2780
f 2780 2777 2786
f 2780 2786 2817
f 2817 2786 2803
f 2817 2803 2798
f 2798 2803 2802
f 2798 2802 2797
f 2797 2802 2801
f 2797 2801 2789
f 2789 2801 2800
f 2789 2800 2796
f 2796 2800 2994
f 2796 2994 2983
f 2983 2994 2995
f 2983 2995 2984
f 2984 2995 2996
f 2984 2996 2997
f 2997 2996 3011
f 2997 3011 3006
f 3006 3011 2999
f 3006 2999 3005
f 3005 2999 3012
f 3005 3012 2998
f 2998 3012 3001
f 2998 3001 3000
f 3000 3001 2898
f 3000 2898 2905
f 2905 2898 2904
f 2905 2904 2907
f 2907 2904 2902
f 2907 2902 2893
f 2893 2902 2887
f 2893 2887 2888
f 2888 2887 2890
f 2888 2890 2889
f 2889 2890 2891
f 2889 2891 2886
f 2886 2891 2892
f 2886 2892 2873
f 2873 2892 2865
f 2873 2865 2867
f 2867 2865 2870
f 2867 2870 4315
f 4315 2870 4316
f 4315 4316 4328
f 4328 4316 4325
f 4328 4325 4327
f 4327 4325 4326
f 4327 4326 4349
f 4349 4326 4348
f 4349 4348 4350
f 4350 4348 4347
f 4350 4347 4345
f 4345 4347 4346
f 4345 4346 4358
f 4358 4346 4359
f 4358 4359 4376
f 4376 4359 4379
f 4376 4379 4378
f 4378 4379 4392
f 4378 4392 4393
f 4393 4392 4396
f 4393 4396 4391
f 4391 4396 4395
f 4391 4395 4403
f 4403 4395 4394
f 4403 4394 3988
f 3988 4394 3985
f 3988 3985 3989
f 3989 3985 3982
f 3989 3982 3986
f 3986 3982 3983
f 3986 3983 3990
f 3990 3983 3984
f 3990 3984 3971
f 3971 3984 3981
f 3971 3981 3972
f 3972 3981 3980
f 3972 3980 3973
f 3973 3980 3979
f 3973 3979 3974
f 3974 3979 4077
f 3974 4077 4086
f 4086 4077 4078
f 4086 4078 4085
f 4085 4078 4079
f 4085 4079 4084
f 4084 4079 4080
f 4084 4080 4083
f 4083 4080 4051
f 4083 4051 4054
f 4054 4051 4050
f 4054 4050 4055
f 4055 4050 4046
f 4055 4046 4056
f 4056 4046 4048
f 4056 4048 1393
f 1393 4048 1390
f 1393 1390 1394
f 1394 1390 1391
f 1394 1391 1395
f 1395 1391 1392
f 1395 1392 1414
f 1414 1392 1413
f 1414 1413 1412
f 1412 1413 1417
f 1412 1417 1411
f 1411 1417 1416
f 1411 1416 1405
f 1405 1416 1402
f 1405 1402 1406
f 1406 1402 1403
f 1406 1403 1407
f 1407 1403 1282
f 1407 1282 1285
f 1285 1282 1281
f 1285 1281 1286
f 1286 1281 1280
f 1286 1280 1287
f 1287 1280 1277
f 1287 1277 1288
f 1288 1277 1278
f 1288 1278 1466
f 1466 1278 1458
f 1466 1458 1467
f 1467 1458 1457
f 1467 1457 1468
f 1468 1457 1494
f 1468 1494 1485
f 1485 1494 1495
f 1485 1495 1493
f 1493 1495 1496
f 1493 1496 1492
f 1492 1496 1497
f 1492 1497 1491
f 1491 1497 1500
f 1491 1500 1442
f 1442 1500 1451
f 1442 1451 1443
f 1443 1451 1452
f 1443 1452 1444
f 1444 1452 1454
f 1444 1454 1441
f 1441 1454 1453
f 1441 1453 2243
f 2243 1453 2240
f 2243 2240 2247
f 2247 2240 2241
f 2247 2241 2244
f 2244 2241 2242
f 2244 2242 2221
f 2221 2242 2232
f 2221 2232 2222
f 2222 2232 2231
f 2222 2231 2223
f 2223 2231 2270
f 2223 2270 2266
f 2266 2270 2271
f 2266 2271 2265
f 2265 2271 2272
f 2265 2272 2291
f 2291 2272 2286
f 2291 2286 2292
f 2292 2286 2287
f 2292 2287 2293
f 2293 2287 2288
f 2293 2288 2278
f 2278 2288 2405
f 2278 2405 2404
f 2404 2405 2400
f 2404 2400 2403
f 2403 2400 2406
f 2403 2406 2402
f 2402 2406 2399
f 2402 2399 2401
f 2401 2399 2407
f 2401 2407 2428
f 2428 2407 2451
f 2428 2451 2433
f 2433 2451 2450
f 2433 2450 2448
f 2448 2450 2447
f 2448 2447 2449
f 2449 2447 2446
f 2449 2446 2443
f 2443 2446 2445
f 2637 2631 2638
f 2638 2631 2630
f 2638 2630 2636
f 2636 2630 2640
f 2636 2640 2642
f 2642 2640 2653
f 2642 2653 2641
f 2641 2653 2650
f 2641 2650 2781
f 2781 2650 2785
f 2781 2785 2775
f 2775 2785 2788
f 2775 2788 2777
f 2777 2788 2776
f 2777 2776 2786
f 2786 2776 2799
f 2786 2799 2803
f 2803 2799 2791
f 2803 2791 2802
f 2802 2791 2790
f 2802 2790 2801
f 2801 2790 2792
f 2801 2792 2800
f 2800 2792 2793
f 2800 2793 2994
f 2994 2793 2985
f 2994 2985 2995
f 2995 2985 2982
f 2995 2982 2996
f 2996 2982 3007
f 2996 3007 3011
f 3011 3007 3010
f 3011 3010 2999
f 2999 3010 3009
f 2999 3009 3012
f 3012 3009 3008
f 3012 3008 3001
f 3001 3008 2901
f 3001 2901 2898
f 2898 2901 2896
f 2898 2896 2904
f 2904 2896 2899
f 2904 2899 2902
f 2902 2899 2880
f 2902 2880 2887
f 2887 2880 2881
f 2887 2881 2890
f 2890 2881 2884
f 2890 2884 2891
f 2891 2884 2879
f 2891 2879 2892
f 2892 2879 2878
f 2892 2878 2865
f 2865 2878 2871
f 2865 2871 2870
f 2870 2871 2869
f 2870 2869 4316
f 4316 2869 4320
f 4316 4320 4325
f 4325 4320 4317
f 4325 4317 4326
f 4326 4317 4351
f 4326 4351 4348
f 4348 4351 4352
f 4348 4352 4347
f 4347 4352 4355
f 4347 4355 4346
f 4346 4355 4356
f 4346 4356 4359
f 4359 4356 4357
f 4359 4357 4379
f 4379 4357 4401
f 4379 4401 4392
f 4392 4401 4402
f 4392 4402 4396
f 4396 4402 4397
f 4396 4397 4395
f 4395 4397 4405
f 4395 4405 4394
f 4394 4405 4404
f 4394 4404 3985
f 3985 4404 3996
f 3985 3996 3982
f 3982 3996 3994
f 3982 3994 3983
f 3983 3994 3995
f 3983 3995 3984
f 3984 3995 3987
f 3984 3987 3981
f 3981 3987 3977
f 3981 3977 3980
f 3980 3977 3969
f 3980 3969 3979
f 3979 3969 3978
f 3979 3978 4077
f 4077 3978 4082
f 4077 4082 4078
f 4078 4082 4074
f 4078 4074 4079
f 4079 4074 4075
f 4079 4075 4080
f 4080 4075 4076
f 4080 4076 4051
f 4051 4076 4045
f 4051 4045 4050
f 4050 4045 4044
f 4050 4044 4046
f 4046 4044 4042
f 4046 4042 4048
f 4048 4042 4043
f 4048 4043 1390
f 1390 4043 1385
f 1390 1385 1391
f 1391 1385 1384
f 1391 1384 1392
f 1392 1384 1381
f 1392 1381 1413
f 1413 1381 1423
f 1413 1423 1417
f 1417 1423 1418
f 1417 1418 1416
f 1416 1418 1415
f 1416 1415 1402
f 1402 1415 1397
f 1402 1397 1403
f 1403 1397 1396
f 1403 1396 1282
f 1282 1396 1290
f 1282 1290 1281
f 1281 1290 1291
f 1281 1291 1280
f 1280 1291 1289
f 1280 1289 1277
f 1277 1289 1279
f 1277 1279 1278
f 1278 1279 1463
f 1278 1463 1458
f 1458 1463 1464
f 1458 1464 1457
f 1457 1464 1465
f 1457 1465 1494
f 1494 1465 1490
f 1494 1490 1495
f 1495 1490 1489
f 1495 1489 1496
f 1496 1489 1488
f 1496 1488 1497
f 1497 1488 1487
f 1497 1487 1500
f 1500 1487 1486
f 1500 1486 1451
f 1451 1486 1449
f 1451 1449 1452
f 1452 1449 1448
f 1452 1448 1454
f 1454 1448 1440
f 1454 1440 1453
f 1453 1440 2234
f 1453 2234 2240
f 2240 2234 2239
f 2240 2239 2241
f 2241 2239 2238
f 2241 2238 2242
f 2242 2238 2237
f 2242 2237 2232
f 2232 2237 2230
f 2232 2230 2231
f 2231 2230 2269
f 2231 2269 2270
f 2270 2269 2273
f 2270 2273 2271
f 2271 2273 2274
f 2271 2274 2272
f 2272 2274 2264
f 2272 2264 2286
f 2286 2264 2290
f 2286 2290 2287
f 2287 2290 2289
f 2287 2289 2288
f 2288 2289 2410
f 2288 2410 2405
f 2405 2410 2411
f 2405 2411 2400
f 2400 2411 2412
f 2400 2412 2406
f 2406 2412 2409
f 2406 2409 2399
f 2399 2409 2408
f 2399 2408 2407
f 2407 2408 2452
f 2407 2452 2451
f 2451 2452 2453
f 2451 2453 2450
f 2450 2453 2454
f 2450 2454 2447
f 2447 2454 2455
f 2447 2455 2446
f 2446 2455 2456
f 2446 2456 2445
f 2445 2456 2457
