v 1.800000000000e-01 0.000000000000e+00 2.200000000000e-01
v 1.600000000000e-01 0.000000000000e+00 2.400000000000e-01
v 1.400000000000e-01 0.000000000000e+00 2.400000000000e-01
v 1.800000000000e-01 0.000000000000e+00 2.000000000000e-01
v 2.000000000000e-01 0.000000000000e+00 2.000000000000e-01
v 1.600000000000e-01 0.000000000000e+00 2.000000000000e-01
v 1.600000000000e-01 0.000000000000e+00 1.600000000000e-01
v 1.600000000000e-01 0.000000000000e+00 1.800000000000e-01
v 1.800000000000e-01 0.000000000000e+00 1.800000000000e-01
v 2.000000000000e-01 0.000000000000e+00 1.800000000000e-01
v 1.800000000000e-01 0.000000000000e+00 1.600000000000e-01
v 2.000000000000e-01 0.000000000000e+00 2.200000000000e-01
v 1.600000000000e-01 0.000000000000e+00 2.200000000000e-01
v 2.000000000000e-01 0.000000000000e+00 1.600000000000e-01
v 1.400000000000e-01 0.000000000000e+00 2.200000000000e-01
v 1.200000000000e-01 0.000000000000e+00 2.400000000000e-01
v 1.200000000000e-01 0.000000000000e+00 2.200000000000e-01
v 1.400000000000e-01 0.000000000000e+00 2.000000000000e-01
v 1.200000000000e-01 0.000000000000e+00 2.000000000000e-01
v 1.000000000000e-01 0.000000000000e+00 2.000000000000e-01
v 1.000000000000e-01 0.000000000000e+00 2.400000000000e-01
v 8.000000000000e-02 0.000000000000e+00 2.400000000000e-01
v 1.000000000000e-01 0.000000000000e+00 1.800000000000e-01
v 1.200000000000e-01 0.000000000000e+00 1.800000000000e-01
v 1.000000000000e-01 0.000000000000e+00 2.200000000000e-01
v 1.400000000000e-01 0.000000000000e+00 1.800000000000e-01
v 8.000000000000e-02 0.000000000000e+00 2.200000000000e-01
v 1.200000000000e-01 0.000000000000e+00 1.600000000000e-01
v 1.400000000000e-01 0.000000000000e+00 1.600000000000e-01
v 1.000000000000e-01 0.000000000000e+00 1.600000000000e-01
v 4.000000000000e-02 0.000000000000e+00 3.200000000000e-01
v 8.000000000000e-02 0.000000000000e+00 2.600000000000e-01
v 6.000000000000e-02 0.000000000000e+00 2.600000000000e-01
v 4.000000000000e-02 0.000000000000e+00 3.000000000000e-01
v 8.000000000000e-02 0.000000000000e+00 3.200000000000e-01
v 6.000000000000e-02 0.000000000000e+00 3.200000000000e-01
v 2.000000000000e-02 0.000000000000e+00 3.200000000000e-01
v 6.000000000000e-02 0.000000000000e+00 3.000000000000e-01
v 4.000000000000e-02 0.000000000000e+00 3.600000000000e-01
v 2.000000000000e-02 0.000000000000e+00 3.600000000000e-01
v 8.000000000000e-02 0.000000000000e+00 3.000000000000e-01
v 4.000000000000e-02 0.000000000000e+00 3.400000000000e-01
v 6.000000000000e-02 0.000000000000e+00 3.400000000000e-01
v 6.000000000000e-02 0.000000000000e+00 2.800000000000e-01
v 8.000000000000e-02 0.000000000000e+00 2.800000000000e-01
v 2.000000000000e-02 0.000000000000e+00 3.400000000000e-01
v 1.200000000000e-01 0.000000000000e+00 2.600000000000e-01
v 1.000000000000e-01 0.000000000000e+00 3.200000000000e-01
v 1.200000000000e-01 0.000000000000e+00 3.000000000000e-01
v 1.400000000000e-01 0.000000000000e+00 3.000000000000e-01
v 1.400000000000e-01 0.000000000000e+00 2.800000000000e-01
v 1.200000000000e-01 0.000000000000e+00 3.200000000000e-01
v 1.400000000000e-01 0.000000000000e+00 3.200000000000e-01
v 1.200000000000e-01 0.000000000000e+00 2.800000000000e-01
v 1.400000000000e-01 0.000000000000e+00 3.400000000000e-01
v 1.200000000000e-01 0.000000000000e+00 3.400000000000e-01
v 1.000000000000e-01 0.000000000000e+00 2.800000000000e-01
v 1.000000000000e-01 0.000000000000e+00 3.000000000000e-01
v 1.000000000000e-01 0.000000000000e+00 2.600000000000e-01
v 1.000000000000e-01 0.000000000000e+00 3.400000000000e-01
v 1.400000000000e-01 0.000000000000e+00 2.600000000000e-01
v 1.800000000000e-01 0.000000000000e+00 2.800000000000e-01
v 1.600000000000e-01 0.000000000000e+00 2.600000000000e-01
v 1.600000000000e-01 0.000000000000e+00 2.800000000000e-01
v 1.800000000000e-01 0.000000000000e+00 3.200000000000e-01
v 2.000000000000e-01 0.000000000000e+00 2.800000000000e-01
v 1.800000000000e-01 0.000000000000e+00 3.400000000000e-01
v 1.800000000000e-01 0.000000000000e+00 2.400000000000e-01
v 2.000000000000e-01 0.000000000000e+00 2.400000000000e-01
v 2.000000000000e-01 0.000000000000e+00 2.600000000000e-01
v 1.800000000000e-01 0.000000000000e+00 2.600000000000e-01
v 1.600000000000e-01 0.000000000000e+00 3.200000000000e-01
v 1.600000000000e-01 0.000000000000e+00 3.000000000000e-01
v 1.600000000000e-01 0.000000000000e+00 3.400000000000e-01
v 1.800000000000e-01 0.000000000000e+00 3.000000000000e-01
v 1.800000000000e-01 0.000000000000e+00 3.800000000000e-01
v 1.600000000000e-01 0.000000000000e+00 3.800000000000e-01
v 1.200000000000e-01 0.000000000000e+00 4.000000000000e-01
v 1.400000000000e-01 0.000000000000e+00 3.800000000000e-01
v 1.400000000000e-01 0.000000000000e+00 4.000000000000e-01
v 1.600000000000e-01 0.000000000000e+00 4.000000000000e-01
v 1.800000000000e-01 0.000000000000e+00 4.000000000000e-01
v 1.800000000000e-01 0.000000000000e+00 3.600000000000e-01
v 2.000000000000e-01 0.000000000000e+00 3.600000000000e-01
v 1.600000000000e-01 0.000000000000e+00 4.200000000000e-01
v 1.200000000000e-01 0.000000000000e+00 4.200000000000e-01
v 1.600000000000e-01 0.000000000000e+00 3.600000000000e-01
v 1.400000000000e-01 0.000000000000e+00 3.600000000000e-01
v 1.400000000000e-01 0.000000000000e+00 4.200000000000e-01
v 2.000000000000e-01 0.000000000000e+00 3.800000000000e-01
v 1.000000000000e-01 0.000000000000e+00 4.400000000000e-01
v 1.400000000000e-01 0.000000000000e+00 4.400000000000e-01
v 1.400000000000e-01 0.000000000000e+00 5.000000000000e-01
v 1.200000000000e-01 0.000000000000e+00 5.000000000000e-01
v 1.000000000000e-01 0.000000000000e+00 5.000000000000e-01
v 8.000000000000e-02 0.000000000000e+00 5.000000000000e-01
v 1.000000000000e-01 0.000000000000e+00 4.600000000000e-01
v 1.200000000000e-01 0.000000000000e+00 4.600000000000e-01
v 1.400000000000e-01 0.000000000000e+00 4.600000000000e-01
v 1.400000000000e-01 0.000000000000e+00 4.800000000000e-01
v 1.200000000000e-01 0.000000000000e+00 4.800000000000e-01
v 1.000000000000e-01 0.000000000000e+00 4.800000000000e-01
v 1.600000000000e-01 0.000000000000e+00 4.600000000000e-01
v 1.600000000000e-01 0.000000000000e+00 4.400000000000e-01
v 1.200000000000e-01 0.000000000000e+00 4.400000000000e-01
v 8.000000000000e-02 0.000000000000e+00 4.600000000000e-01
v 6.000000000000e-02 0.000000000000e+00 4.600000000000e-01
v 4.000000000000e-02 0.000000000000e+00 4.600000000000e-01
v 8.000000000000e-02 0.000000000000e+00 4.800000000000e-01
v 6.000000000000e-02 0.000000000000e+00 4.400000000000e-01
v -2.000000000000e-02 0.000000000000e+00 5.000000000000e-01
v 6.000000000000e-02 0.000000000000e+00 4.800000000000e-01
v 4.000000000000e-02 0.000000000000e+00 4.800000000000e-01
v 2.000000000000e-02 0.000000000000e+00 4.800000000000e-01
v 0.000000000000e+00 0.000000000000e+00 4.800000000000e-01
v 0.000000000000e+00 0.000000000000e+00 5.000000000000e-01
v 2.000000000000e-02 0.000000000000e+00 5.000000000000e-01
v 4.000000000000e-02 0.000000000000e+00 5.000000000000e-01
v 6.000000000000e-02 0.000000000000e+00 5.000000000000e-01
v 8.000000000000e-02 0.000000000000e+00 4.400000000000e-01
v 1.000000000000e-01 0.000000000000e+00 4.000000000000e-01
v 8.000000000000e-02 0.000000000000e+00 4.000000000000e-01
v 6.000000000000e-02 0.000000000000e+00 4.000000000000e-01
v 1.200000000000e-01 0.000000000000e+00 3.800000000000e-01
v 1.000000000000e-01 0.000000000000e+00 3.800000000000e-01
v 8.000000000000e-02 0.000000000000e+00 3.800000000000e-01
v 6.000000000000e-02 0.000000000000e+00 3.800000000000e-01
v 6.000000000000e-02 0.000000000000e+00 3.600000000000e-01
v 8.000000000000e-02 0.000000000000e+00 3.600000000000e-01
v 1.000000000000e-01 0.000000000000e+00 3.600000000000e-01
v 8.000000000000e-02 0.000000000000e+00 3.400000000000e-01
v 6.000000000000e-02 0.000000000000e+00 4.200000000000e-01
v 8.000000000000e-02 0.000000000000e+00 4.200000000000e-01
v 1.000000000000e-01 0.000000000000e+00 4.200000000000e-01
v 1.200000000000e-01 0.000000000000e+00 3.600000000000e-01
v 4.000000000000e-02 0.000000000000e+00 3.800000000000e-01
v 4.000000000000e-02 0.000000000000e+00 4.400000000000e-01
v 2.000000000000e-02 0.000000000000e+00 4.400000000000e-01
v 2.000000000000e-02 0.000000000000e+00 4.000000000000e-01
v 0.000000000000e+00 0.000000000000e+00 4.000000000000e-01
v 0.000000000000e+00 0.000000000000e+00 4.400000000000e-01
v -2.000000000000e-02 0.000000000000e+00 4.400000000000e-01
v 2.000000000000e-02 0.000000000000e+00 3.800000000000e-01
v 4.000000000000e-02 0.000000000000e+00 4.000000000000e-01
v 4.000000000000e-02 0.000000000000e+00 4.200000000000e-01
v -2.000000000000e-02 0.000000000000e+00 4.200000000000e-01
v 2.000000000000e-02 0.000000000000e+00 4.200000000000e-01
v 0.000000000000e+00 0.000000000000e+00 4.200000000000e-01
v 2.000000000000e-02 0.000000000000e+00 4.600000000000e-01
v 0.000000000000e+00 0.000000000000e+00 4.600000000000e-01
v -2.000000000000e-02 0.000000000000e+00 4.600000000000e-01
v -4.000000000000e-02 0.000000000000e+00 4.400000000000e-01
v -2.000000000000e-02 0.000000000000e+00 4.800000000000e-01
v -4.000000000000e-02 0.000000000000e+00 4.800000000000e-01
v -6.000000000000e-02 0.000000000000e+00 4.800000000000e-01
v -4.000000000000e-02 0.000000000000e+00 4.600000000000e-01
v -6.000000000000e-02 0.000000000000e+00 4.600000000000e-01
v -8.000000000000e-02 0.000000000000e+00 4.600000000000e-01
v -6.000000000000e-02 0.000000000000e+00 4.400000000000e-01
v -8.000000000000e-02 0.000000000000e+00 4.400000000000e-01
v -1.000000000000e-01 0.000000000000e+00 5.000000000000e-01
v -8.000000000000e-02 0.000000000000e+00 4.800000000000e-01
v -1.000000000000e-01 0.000000000000e+00 4.800000000000e-01
v -8.000000000000e-02 0.000000000000e+00 5.000000000000e-01
v -6.000000000000e-02 0.000000000000e+00 5.000000000000e-01
v -4.000000000000e-02 0.000000000000e+00 5.000000000000e-01
v -1.000000000000e-01 0.000000000000e+00 4.400000000000e-01
v -1.400000000000e-01 0.000000000000e+00 4.400000000000e-01
v -1.400000000000e-01 0.000000000000e+00 4.800000000000e-01
v -1.600000000000e-01 0.000000000000e+00 4.800000000000e-01
v -1.800000000000e-01 0.000000000000e+00 4.800000000000e-01
v -1.200000000000e-01 0.000000000000e+00 5.000000000000e-01
v -1.200000000000e-01 0.000000000000e+00 4.800000000000e-01
v -1.200000000000e-01 0.000000000000e+00 4.400000000000e-01
v -1.800000000000e-01 0.000000000000e+00 5.000000000000e-01
v -1.600000000000e-01 0.000000000000e+00 5.000000000000e-01
v -1.400000000000e-01 0.000000000000e+00 5.000000000000e-01
v -1.200000000000e-01 0.000000000000e+00 4.600000000000e-01
v -1.400000000000e-01 0.000000000000e+00 4.600000000000e-01
v -1.600000000000e-01 0.000000000000e+00 4.600000000000e-01
v -1.000000000000e-01 0.000000000000e+00 4.600000000000e-01
v -1.600000000000e-01 0.000000000000e+00 3.600000000000e-01
v -1.400000000000e-01 0.000000000000e+00 4.200000000000e-01
v -1.600000000000e-01 0.000000000000e+00 4.400000000000e-01
v -1.200000000000e-01 0.000000000000e+00 4.200000000000e-01
v -1.200000000000e-01 0.000000000000e+00 4.000000000000e-01
v -1.400000000000e-01 0.000000000000e+00 4.000000000000e-01
v -1.600000000000e-01 0.000000000000e+00 4.000000000000e-01
v -1.000000000000e-01 0.000000000000e+00 3.800000000000e-01
v -1.200000000000e-01 0.000000000000e+00 3.800000000000e-01
v -1.400000000000e-01 0.000000000000e+00 3.800000000000e-01
v -1.600000000000e-01 0.000000000000e+00 3.800000000000e-01
v -1.600000000000e-01 0.000000000000e+00 4.200000000000e-01
v -1.000000000000e-01 0.000000000000e+00 3.600000000000e-01
v -1.200000000000e-01 0.000000000000e+00 3.600000000000e-01
v -1.400000000000e-01 0.000000000000e+00 3.600000000000e-01
v -4.000000000000e-02 0.000000000000e+00 3.800000000000e-01
v -6.000000000000e-02 0.000000000000e+00 3.800000000000e-01
v -2.000000000000e-02 0.000000000000e+00 3.800000000000e-01
v -1.000000000000e-01 0.000000000000e+00 4.200000000000e-01
v -8.000000000000e-02 0.000000000000e+00 4.200000000000e-01
v -6.000000000000e-02 0.000000000000e+00 4.200000000000e-01
v 0.000000000000e+00 0.000000000000e+00 3.800000000000e-01
v -1.000000000000e-01 0.000000000000e+00 4.000000000000e-01
v -4.000000000000e-02 0.000000000000e+00 4.200000000000e-01
v -8.000000000000e-02 0.000000000000e+00 4.000000000000e-01
v -6.000000000000e-02 0.000000000000e+00 4.000000000000e-01
v -4.000000000000e-02 0.000000000000e+00 4.000000000000e-01
v -2.000000000000e-02 0.000000000000e+00 4.000000000000e-01
v -8.000000000000e-02 0.000000000000e+00 3.800000000000e-01
v 0.000000000000e+00 0.000000000000e+00 3.600000000000e-01
v -6.000000000000e-02 0.000000000000e+00 3.600000000000e-01
v -4.000000000000e-02 0.000000000000e+00 3.600000000000e-01
v -2.000000000000e-02 0.000000000000e+00 3.600000000000e-01
v -6.000000000000e-02 0.000000000000e+00 3.200000000000e-01
v -4.000000000000e-02 0.000000000000e+00 3.400000000000e-01
v -8.000000000000e-02 0.000000000000e+00 3.600000000000e-01
v -4.000000000000e-02 0.000000000000e+00 3.200000000000e-01
v -2.000000000000e-02 0.000000000000e+00 3.200000000000e-01
v 0.000000000000e+00 0.000000000000e+00 3.200000000000e-01
v 0.000000000000e+00 0.000000000000e+00 3.400000000000e-01
v -2.000000000000e-02 0.000000000000e+00 3.400000000000e-01
v -6.000000000000e-02 0.000000000000e+00 3.400000000000e-01
v -8.000000000000e-02 0.000000000000e+00 3.400000000000e-01
v -4.000000000000e-02 0.000000000000e+00 2.600000000000e-01
v -6.000000000000e-02 0.000000000000e+00 3.000000000000e-01
v -4.000000000000e-02 0.000000000000e+00 3.000000000000e-01
v 4.000000000000e-02 0.000000000000e+00 2.800000000000e-01
v 2.000000000000e-02 0.000000000000e+00 2.800000000000e-01
v 0.000000000000e+00 0.000000000000e+00 2.800000000000e-01
v -2.000000000000e-02 0.000000000000e+00 2.800000000000e-01
v -2.000000000000e-02 0.000000000000e+00 3.000000000000e-01
v 0.000000000000e+00 0.000000000000e+00 3.000000000000e-01
v 0.000000000000e+00 0.000000000000e+00 2.600000000000e-01
v -2.000000000000e-02 0.000000000000e+00 2.600000000000e-01
v -6.000000000000e-02 0.000000000000e+00 2.800000000000e-01
v -4.000000000000e-02 0.000000000000e+00 2.800000000000e-01
v 2.000000000000e-02 0.000000000000e+00 3.000000000000e-01
v 0.000000000000e+00 0.000000000000e+00 2.200000000000e-01
v -2.000000000000e-02 0.000000000000e+00 1.600000000000e-01
v 0.000000000000e+00 0.000000000000e+00 1.600000000000e-01
v 2.000000000000e-02 0.000000000000e+00 2.000000000000e-01
v 0.000000000000e+00 0.000000000000e+00 2.000000000000e-01
v -2.000000000000e-02 0.000000000000e+00 2.000000000000e-01
v 4.000000000000e-02 0.000000000000e+00 1.600000000000e-01
v 2.000000000000e-02 0.000000000000e+00 1.600000000000e-01
v -2.000000000000e-02 0.000000000000e+00 2.200000000000e-01
v 2.000000000000e-02 0.000000000000e+00 2.200000000000e-01
v -2.000000000000e-02 0.000000000000e+00 2.400000000000e-01
v 0.000000000000e+00 0.000000000000e+00 2.400000000000e-01
v -2.000000000000e-02 0.000000000000e+00 1.800000000000e-01
v 0.000000000000e+00 0.000000000000e+00 1.800000000000e-01
v 2.000000000000e-02 0.000000000000e+00 1.800000000000e-01
v 8.000000000000e-02 0.000000000000e+00 1.600000000000e-01
v 4.000000000000e-02 0.000000000000e+00 2.000000000000e-01
v 6.000000000000e-02 0.000000000000e+00 2.000000000000e-01
v 8.000000000000e-02 0.000000000000e+00 2.000000000000e-01
v 6.000000000000e-02 0.000000000000e+00 1.600000000000e-01
v 6.000000000000e-02 0.000000000000e+00 2.400000000000e-01
v 4.000000000000e-02 0.000000000000e+00 2.200000000000e-01
v 6.000000000000e-02 0.000000000000e+00 2.200000000000e-01
v 4.000000000000e-02 0.000000000000e+00 2.400000000000e-01
v 2.000000000000e-02 0.000000000000e+00 2.400000000000e-01
v 4.000000000000e-02 0.000000000000e+00 2.600000000000e-01
v 2.000000000000e-02 0.000000000000e+00 2.600000000000e-01
v 8.000000000000e-02 0.000000000000e+00 1.800000000000e-01
v 6.000000000000e-02 0.000000000000e+00 1.800000000000e-01
v 4.000000000000e-02 0.000000000000e+00 1.800000000000e-01
v -1.000000000000e-01 0.000000000000e+00 3.000000000000e-01
v -1.600000000000e-01 0.000000000000e+00 3.200000000000e-01
v -8.000000000000e-02 0.000000000000e+00 3.000000000000e-01
v -1.200000000000e-01 0.000000000000e+00 3.000000000000e-01
v -1.400000000000e-01 0.000000000000e+00 3.000000000000e-01
v -1.600000000000e-01 0.000000000000e+00 3.000000000000e-01
v -1.000000000000e-01 0.000000000000e+00 3.400000000000e-01
v -1.200000000000e-01 0.000000000000e+00 3.400000000000e-01
v -1.400000000000e-01 0.000000000000e+00 3.400000000000e-01
v -1.600000000000e-01 0.000000000000e+00 3.400000000000e-01
v -8.000000000000e-02 0.000000000000e+00 3.200000000000e-01
v -1.000000000000e-01 0.000000000000e+00 3.200000000000e-01
v -1.200000000000e-01 0.000000000000e+00 3.200000000000e-01
v -1.400000000000e-01 0.000000000000e+00 3.200000000000e-01
v -1.400000000000e-01 0.000000000000e+00 2.400000000000e-01
v -8.000000000000e-02 0.000000000000e+00 2.800000000000e-01
v -1.000000000000e-01 0.000000000000e+00 2.800000000000e-01
v -1.200000000000e-01 0.000000000000e+00 2.800000000000e-01
v -1.400000000000e-01 0.000000000000e+00 2.800000000000e-01
v -1.000000000000e-01 0.000000000000e+00 2.400000000000e-01
v -4.000000000000e-02 0.000000000000e+00 2.200000000000e-01
v -1.200000000000e-01 0.000000000000e+00 2.400000000000e-01
v -8.000000000000e-02 0.000000000000e+00 2.400000000000e-01
v -6.000000000000e-02 0.000000000000e+00 2.400000000000e-01
v -4.000000000000e-02 0.000000000000e+00 2.400000000000e-01
v -6.000000000000e-02 0.000000000000e+00 2.600000000000e-01
v -8.000000000000e-02 0.000000000000e+00 2.600000000000e-01
v -1.000000000000e-01 0.000000000000e+00 2.600000000000e-01
v -1.200000000000e-01 0.000000000000e+00 2.600000000000e-01
v -1.400000000000e-01 0.000000000000e+00 2.600000000000e-01
v -8.000000000000e-02 0.000000000000e+00 1.600000000000e-01
v -6.000000000000e-02 0.000000000000e+00 2.200000000000e-01
v -8.000000000000e-02 0.000000000000e+00 2.200000000000e-01
v -1.000000000000e-01 0.000000000000e+00 2.200000000000e-01
v -8.000000000000e-02 0.000000000000e+00 2.000000000000e-01
v -6.000000000000e-02 0.000000000000e+00 2.000000000000e-01
v -4.000000000000e-02 0.000000000000e+00 2.000000000000e-01
v -1.200000000000e-01 0.000000000000e+00 2.200000000000e-01
v -1.000000000000e-01 0.000000000000e+00 2.000000000000e-01
v -4.000000000000e-02 0.000000000000e+00 1.800000000000e-01
v -6.000000000000e-02 0.000000000000e+00 1.800000000000e-01
v -4.000000000000e-02 0.000000000000e+00 1.600000000000e-01
v -6.000000000000e-02 0.000000000000e+00 1.600000000000e-01
v -8.000000000000e-02 0.000000000000e+00 1.800000000000e-01
v -1.000000000000e-01 0.000000000000e+00 1.800000000000e-01
v 5.000000000000e-01 0.000000000000e+00 1.400000000000e-01
v 4.600000000000e-01 0.000000000000e+00 1.200000000000e-01
v 4.800000000000e-01 0.000000000000e+00 1.200000000000e-01
v 5.000000000000e-01 0.000000000000e+00 1.200000000000e-01
v 4.400000000000e-01 0.000000000000e+00 1.400000000000e-01
v 4.600000000000e-01 0.000000000000e+00 1.400000000000e-01
v 4.800000000000e-01 0.000000000000e+00 1.400000000000e-01
v 4.400000000000e-01 0.000000000000e+00 1.200000000000e-01
v 5.000000000000e-01 0.000000000000e+00 8.000000000000e-02
v 5.000000000000e-01 0.000000000000e+00 1.000000000000e-01
v 4.800000000000e-01 0.000000000000e+00 1.000000000000e-01
v 4.800000000000e-01 0.000000000000e+00 8.000000000000e-02
v 4.600000000000e-01 0.000000000000e+00 8.000000000000e-02
v 4.600000000000e-01 0.000000000000e+00 1.000000000000e-01
v 4.400000000000e-01 0.000000000000e+00 8.000000000000e-02
v 4.200000000000e-01 0.000000000000e+00 8.000000000000e-02
v 4.400000000000e-01 0.000000000000e+00 1.000000000000e-01
v 4.200000000000e-01 0.000000000000e+00 1.000000000000e-01
v 4.200000000000e-01 0.000000000000e+00 1.200000000000e-01
v 3.600000000000e-01 0.000000000000e+00 1.200000000000e-01
v 3.800000000000e-01 0.000000000000e+00 1.200000000000e-01
v 4.200000000000e-01 0.000000000000e+00 1.400000000000e-01
v 4.000000000000e-01 0.000000000000e+00 1.400000000000e-01
v 3.800000000000e-01 0.000000000000e+00 1.400000000000e-01
v 3.600000000000e-01 0.000000000000e+00 1.400000000000e-01
v 3.800000000000e-01 0.000000000000e+00 1.000000000000e-01
v 4.000000000000e-01 0.000000000000e+00 1.000000000000e-01
v 3.600000000000e-01 0.000000000000e+00 1.600000000000e-01
v 4.000000000000e-01 0.000000000000e+00 1.200000000000e-01
v 4.800000000000e-01 0.000000000000e+00 2.000000000000e-01
v 4.400000000000e-01 0.000000000000e+00 2.800000000000e-01
v 4.600000000000e-01 0.000000000000e+00 2.200000000000e-01
v 4.800000000000e-01 0.000000000000e+00 2.200000000000e-01
v 5.000000000000e-01 0.000000000000e+00 2.200000000000e-01
v 5.000000000000e-01 0.000000000000e+00 1.800000000000e-01
v 4.600000000000e-01 0.000000000000e+00 2.800000000000e-01
v 5.000000000000e-01 0.000000000000e+00 2.400000000000e-01
v 4.800000000000e-01 0.000000000000e+00 2.400000000000e-01
v 4.800000000000e-01 0.000000000000e+00 2.600000000000e-01
v 4.600000000000e-01 0.000000000000e+00 2.600000000000e-01
v 4.400000000000e-01 0.000000000000e+00 2.600000000000e-01
v 5.000000000000e-01 0.000000000000e+00 2.000000000000e-01
v 4.600000000000e-01 0.000000000000e+00 2.400000000000e-01
v 4.400000000000e-01 0.000000000000e+00 2.400000000000e-01
v 4.200000000000e-01 0.000000000000e+00 2.400000000000e-01
v 4.400000000000e-01 0.000000000000e+00 2.200000000000e-01
v 4.200000000000e-01 0.000000000000e+00 2.200000000000e-01
v 4.600000000000e-01 0.000000000000e+00 2.000000000000e-01
v 4.800000000000e-01 0.000000000000e+00 1.600000000000e-01
v 5.000000000000e-01 0.000000000000e+00 1.600000000000e-01
v 4.800000000000e-01 0.000000000000e+00 1.800000000000e-01
v 4.600000000000e-01 0.000000000000e+00 1.800000000000e-01
v 4.400000000000e-01 0.000000000000e+00 1.800000000000e-01
v 4.600000000000e-01 0.000000000000e+00 1.600000000000e-01
v 4.200000000000e-01 0.000000000000e+00 1.800000000000e-01
v 4.200000000000e-01 0.000000000000e+00 1.600000000000e-01
v 4.400000000000e-01 0.000000000000e+00 1.600000000000e-01
v 4.200000000000e-01 0.000000000000e+00 2.000000000000e-01
v 4.400000000000e-01 0.000000000000e+00 2.000000000000e-01
v 3.800000000000e-01 0.000000000000e+00 1.600000000000e-01
v 3.600000000000e-01 0.000000000000e+00 2.400000000000e-01
v 4.000000000000e-01 0.000000000000e+00 1.600000000000e-01
v 4.000000000000e-01 0.000000000000e+00 2.400000000000e-01
v 4.000000000000e-01 0.000000000000e+00 2.200000000000e-01
v 3.800000000000e-01 0.000000000000e+00 2.200000000000e-01
v 3.600000000000e-01 0.000000000000e+00 2.200000000000e-01
v 3.800000000000e-01 0.000000000000e+00 2.400000000000e-01
v 3.600000000000e-01 0.000000000000e+00 2.000000000000e-01
v 3.800000000000e-01 0.000000000000e+00 2.000000000000e-01
v 4.000000000000e-01 0.000000000000e+00 2.000000000000e-01
v 4.000000000000e-01 0.000000000000e+00 1.800000000000e-01
v 3.800000000000e-01 0.000000000000e+00 2.600000000000e-01
v 3.600000000000e-01 0.000000000000e+00 1.800000000000e-01
v 3.800000000000e-01 0.000000000000e+00 1.800000000000e-01
v 3.200000000000e-01 0.000000000000e+00 1.600000000000e-01
v 3.000000000000e-01 0.000000000000e+00 1.200000000000e-01
v 3.200000000000e-01 0.000000000000e+00 1.200000000000e-01
v 3.400000000000e-01 0.000000000000e+00 1.200000000000e-01
v 3.400000000000e-01 0.000000000000e+00 1.600000000000e-01
v 3.000000000000e-01 0.000000000000e+00 1.600000000000e-01
v 3.000000000000e-01 0.000000000000e+00 1.400000000000e-01
v 3.200000000000e-01 0.000000000000e+00 1.000000000000e-01
v 3.400000000000e-01 0.000000000000e+00 1.000000000000e-01
v 3.600000000000e-01 0.000000000000e+00 1.000000000000e-01
v 3.200000000000e-01 0.000000000000e+00 1.400000000000e-01
v 3.400000000000e-01 0.000000000000e+00 1.400000000000e-01
v 3.200000000000e-01 0.000000000000e+00 1.800000000000e-01
v 3.400000000000e-01 0.000000000000e+00 1.800000000000e-01
v 3.400000000000e-01 0.000000000000e+00 2.000000000000e-01
v 3.200000000000e-01 0.000000000000e+00 2.000000000000e-01
v 2.400000000000e-01 0.000000000000e+00 2.200000000000e-01
v 2.800000000000e-01 0.000000000000e+00 1.800000000000e-01
v 3.000000000000e-01 0.000000000000e+00 1.800000000000e-01
v 2.400000000000e-01 0.000000000000e+00 2.600000000000e-01
v 2.200000000000e-01 0.000000000000e+00 2.600000000000e-01
v 3.000000000000e-01 0.000000000000e+00 2.200000000000e-01
v 2.800000000000e-01 0.000000000000e+00 2.200000000000e-01
v 2.800000000000e-01 0.000000000000e+00 2.400000000000e-01
v 2.600000000000e-01 0.000000000000e+00 2.400000000000e-01
v 2.400000000000e-01 0.000000000000e+00 2.400000000000e-01
v 2.800000000000e-01 0.000000000000e+00 2.000000000000e-01
v 2.600000000000e-01 0.000000000000e+00 2.000000000000e-01
v 3.000000000000e-01 0.000000000000e+00 2.000000000000e-01
v 2.200000000000e-01 0.000000000000e+00 2.400000000000e-01
v 2.600000000000e-01 0.000000000000e+00 2.200000000000e-01
v 2.400000000000e-01 0.000000000000e+00 1.400000000000e-01
v 2.800000000000e-01 0.000000000000e+00 1.600000000000e-01
v 2.600000000000e-01 0.000000000000e+00 1.600000000000e-01
v 2.600000000000e-01 0.000000000000e+00 1.800000000000e-01
v 2.400000000000e-01 0.000000000000e+00 1.800000000000e-01
v 2.200000000000e-01 0.000000000000e+00 1.800000000000e-01
v 2.200000000000e-01 0.000000000000e+00 2.200000000000e-01
v 2.600000000000e-01 0.000000000000e+00 1.400000000000e-01
v 2.800000000000e-01 0.000000000000e+00 1.400000000000e-01
v 2.400000000000e-01 0.000000000000e+00 2.000000000000e-01
v 2.200000000000e-01 0.000000000000e+00 2.000000000000e-01
v 2.400000000000e-01 0.000000000000e+00 1.600000000000e-01
v 2.200000000000e-01 0.000000000000e+00 1.600000000000e-01
v 2.600000000000e-01 0.000000000000e+00 1.200000000000e-01
v 2.800000000000e-01 0.000000000000e+00 1.200000000000e-01
v 3.200000000000e-01 0.000000000000e+00 3.000000000000e-01
v 3.600000000000e-01 0.000000000000e+00 2.600000000000e-01
v 3.400000000000e-01 0.000000000000e+00 2.600000000000e-01
v 3.200000000000e-01 0.000000000000e+00 2.600000000000e-01
v 3.000000000000e-01 0.000000000000e+00 2.600000000000e-01
v 3.400000000000e-01 0.000000000000e+00 2.200000000000e-01
v 3.200000000000e-01 0.000000000000e+00 2.200000000000e-01
v 3.000000000000e-01 0.000000000000e+00 2.800000000000e-01
v 3.200000000000e-01 0.000000000000e+00 2.800000000000e-01
v 3.400000000000e-01 0.000000000000e+00 2.800000000000e-01
v 3.600000000000e-01 0.000000000000e+00 2.800000000000e-01
v 3.400000000000e-01 0.000000000000e+00 2.400000000000e-01
v 3.200000000000e-01 0.000000000000e+00 2.400000000000e-01
v 3.000000000000e-01 0.000000000000e+00 2.400000000000e-01
v 3.400000000000e-01 0.000000000000e+00 3.000000000000e-01
v 2.800000000000e-01 0.000000000000e+00 3.000000000000e-01
v 3.000000000000e-01 0.000000000000e+00 3.000000000000e-01
v 3.000000000000e-01 0.000000000000e+00 3.200000000000e-01
v 2.800000000000e-01 0.000000000000e+00 3.200000000000e-01
v 2.600000000000e-01 0.000000000000e+00 3.200000000000e-01
v 2.400000000000e-01 0.000000000000e+00 3.600000000000e-01
v 2.600000000000e-01 0.000000000000e+00 3.600000000000e-01
v 2.800000000000e-01 0.000000000000e+00 3.400000000000e-01
v 2.600000000000e-01 0.000000000000e+00 3.400000000000e-01
v 2.400000000000e-01 0.000000000000e+00 3.400000000000e-01
v 2.600000000000e-01 0.000000000000e+00 3.800000000000e-01
v 2.400000000000e-01 0.000000000000e+00 3.800000000000e-01
v 2.200000000000e-01 0.000000000000e+00 3.800000000000e-01
v 2.200000000000e-01 0.000000000000e+00 3.600000000000e-01
v 2.200000000000e-01 0.000000000000e+00 2.800000000000e-01
v 2.400000000000e-01 0.000000000000e+00 3.200000000000e-01
v 2.200000000000e-01 0.000000000000e+00 3.200000000000e-01
v 2.200000000000e-01 0.000000000000e+00 3.400000000000e-01
v 2.000000000000e-01 0.000000000000e+00 3.400000000000e-01
v 2.600000000000e-01 0.000000000000e+00 3.000000000000e-01
v 2.000000000000e-01 0.000000000000e+00 3.200000000000e-01
v 2.400000000000e-01 0.000000000000e+00 3.000000000000e-01
v 2.600000000000e-01 0.000000000000e+00 2.600000000000e-01
v 2.800000000000e-01 0.000000000000e+00 2.800000000000e-01
v 2.600000000000e-01 0.000000000000e+00 2.800000000000e-01
v 2.800000000000e-01 0.000000000000e+00 2.600000000000e-01
v 2.000000000000e-01 0.000000000000e+00 3.000000000000e-01
v 2.200000000000e-01 0.000000000000e+00 3.000000000000e-01
v 2.400000000000e-01 0.000000000000e+00 2.800000000000e-01
v 2.400000000000e-01 0.000000000000e+00 4.000000000000e-01
v 2.600000000000e-01 0.000000000000e+00 4.000000000000e-01
v 2.000000000000e-01 0.000000000000e+00 4.200000000000e-01
v 2.200000000000e-01 0.000000000000e+00 4.000000000000e-01
v 2.400000000000e-01 0.000000000000e+00 4.200000000000e-01
v 2.200000000000e-01 0.000000000000e+00 4.200000000000e-01
v 1.800000000000e-01 0.000000000000e+00 4.200000000000e-01
v 2.600000000000e-01 0.000000000000e+00 4.400000000000e-01
v 2.600000000000e-01 0.000000000000e+00 4.200000000000e-01
v 2.400000000000e-01 0.000000000000e+00 4.400000000000e-01
v 2.000000000000e-01 0.000000000000e+00 4.000000000000e-01
v 2.200000000000e-01 0.000000000000e+00 4.400000000000e-01
v 2.000000000000e-01 0.000000000000e+00 4.400000000000e-01
v 1.800000000000e-01 0.000000000000e+00 4.400000000000e-01
v 1.600000000000e-01 0.000000000000e+00 5.000000000000e-01
v 1.800000000000e-01 0.000000000000e+00 5.000000000000e-01
v 1.800000000000e-01 0.000000000000e+00 4.600000000000e-01
v 2.000000000000e-01 0.000000000000e+00 4.600000000000e-01
v 2.200000000000e-01 0.000000000000e+00 4.600000000000e-01
v 2.400000000000e-01 0.000000000000e+00 4.600000000000e-01
v 2.600000000000e-01 0.000000000000e+00 4.600000000000e-01
v 2.000000000000e-01 0.000000000000e+00 5.000000000000e-01
v 2.200000000000e-01 0.000000000000e+00 5.000000000000e-01
v 2.400000000000e-01 0.000000000000e+00 5.000000000000e-01
v 2.400000000000e-01 0.000000000000e+00 4.800000000000e-01
v 2.200000000000e-01 0.000000000000e+00 4.800000000000e-01
v 2.000000000000e-01 0.000000000000e+00 4.800000000000e-01
v 1.600000000000e-01 0.000000000000e+00 4.800000000000e-01
v 1.800000000000e-01 0.000000000000e+00 4.800000000000e-01
v 2.800000000000e-01 0.000000000000e+00 4.800000000000e-01
v 3.600000000000e-01 0.000000000000e+00 4.400000000000e-01
v 3.400000000000e-01 0.000000000000e+00 4.400000000000e-01
v 3.000000000000e-01 0.000000000000e+00 4.800000000000e-01
v 3.200000000000e-01 0.000000000000e+00 4.800000000000e-01
v 2.600000000000e-01 0.000000000000e+00 4.800000000000e-01
v 3.600000000000e-01 0.000000000000e+00 4.200000000000e-01
v 3.200000000000e-01 0.000000000000e+00 5.000000000000e-01
v 2.800000000000e-01 0.000000000000e+00 4.600000000000e-01
v 3.000000000000e-01 0.000000000000e+00 4.600000000000e-01
v 3.200000000000e-01 0.000000000000e+00 4.600000000000e-01
v 3.400000000000e-01 0.000000000000e+00 4.600000000000e-01
v 3.000000000000e-01 0.000000000000e+00 5.000000000000e-01
v 2.800000000000e-01 0.000000000000e+00 5.000000000000e-01
v 2.600000000000e-01 0.000000000000e+00 5.000000000000e-01
v 3.600000000000e-01 0.000000000000e+00 3.000000000000e-01
v 3.000000000000e-01 0.000000000000e+00 3.400000000000e-01
v 3.000000000000e-01 0.000000000000e+00 3.600000000000e-01
v 2.800000000000e-01 0.000000000000e+00 3.600000000000e-01
v 3.000000000000e-01 0.000000000000e+00 3.800000000000e-01
v 2.800000000000e-01 0.000000000000e+00 3.800000000000e-01
v 3.200000000000e-01 0.000000000000e+00 3.200000000000e-01
v 3.400000000000e-01 0.000000000000e+00 3.200000000000e-01
v 3.600000000000e-01 0.000000000000e+00 3.200000000000e-01
v 3.200000000000e-01 0.000000000000e+00 3.600000000000e-01
v 3.400000000000e-01 0.000000000000e+00 3.600000000000e-01
v 3.600000000000e-01 0.000000000000e+00 3.600000000000e-01
v 3.200000000000e-01 0.000000000000e+00 3.400000000000e-01
v 3.400000000000e-01 0.000000000000e+00 3.400000000000e-01
v 3.600000000000e-01 0.000000000000e+00 3.400000000000e-01
v 3.200000000000e-01 0.000000000000e+00 4.200000000000e-01
v 3.600000000000e-01 0.000000000000e+00 3.800000000000e-01
v 3.400000000000e-01 0.000000000000e+00 4.200000000000e-01
v 3.200000000000e-01 0.000000000000e+00 4.400000000000e-01
v 3.000000000000e-01 0.000000000000e+00 4.200000000000e-01
v 2.800000000000e-01 0.000000000000e+00 4.200000000000e-01
v 3.200000000000e-01 0.000000000000e+00 3.800000000000e-01
v 3.400000000000e-01 0.000000000000e+00 3.800000000000e-01
v 2.800000000000e-01 0.000000000000e+00 4.400000000000e-01
v 3.000000000000e-01 0.000000000000e+00 4.400000000000e-01
v 3.600000000000e-01 0.000000000000e+00 4.000000000000e-01
v 3.400000000000e-01 0.000000000000e+00 4.000000000000e-01
v 3.200000000000e-01 0.000000000000e+00 4.000000000000e-01
v 3.000000000000e-01 0.000000000000e+00 4.000000000000e-01
v 2.800000000000e-01 0.000000000000e+00 4.000000000000e-01
v 4.000000000000e-01 0.000000000000e+00 4.800000000000e-01
v 3.600000000000e-01 0.000000000000e+00 5.000000000000e-01
v 3.800000000000e-01 0.000000000000e+00 5.000000000000e-01
v 4.000000000000e-01 0.000000000000e+00 5.000000000000e-01
v 4.200000000000e-01 0.000000000000e+00 5.000000000000e-01
v 3.400000000000e-01 0.000000000000e+00 5.000000000000e-01
v 3.800000000000e-01 0.000000000000e+00 4.400000000000e-01
v 4.000000000000e-01 0.000000000000e+00 4.400000000000e-01
v 3.600000000000e-01 0.000000000000e+00 4.600000000000e-01
v 3.800000000000e-01 0.000000000000e+00 4.600000000000e-01
v 4.000000000000e-01 0.000000000000e+00 4.600000000000e-01
v 3.400000000000e-01 0.000000000000e+00 4.800000000000e-01
v 3.600000000000e-01 0.000000000000e+00 4.800000000000e-01
v 3.800000000000e-01 0.000000000000e+00 4.800000000000e-01
v 4.200000000000e-01 0.000000000000e+00 4.800000000000e-01
v 5.000000000000e-01 0.000000000000e+00 5.000000000000e-01
v 5.000000000000e-01 0.000000000000e+00 4.600000000000e-01
v 4.400000000000e-01 0.000000000000e+00 5.000000000000e-01
v 4.600000000000e-01 0.000000000000e+00 5.000000000000e-01
v 4.800000000000e-01 0.000000000000e+00 5.000000000000e-01
v 4.600000000000e-01 0.000000000000e+00 4.600000000000e-01
v 4.800000000000e-01 0.000000000000e+00 4.600000000000e-01
v 5.000000000000e-01 0.000000000000e+00 4.200000000000e-01
v 5.000000000000e-01 0.000000000000e+00 4.400000000000e-01
v 4.800000000000e-01 0.000000000000e+00 4.400000000000e-01
v 5.000000000000e-01 0.000000000000e+00 4.800000000000e-01
v 4.800000000000e-01 0.000000000000e+00 4.800000000000e-01
v 4.600000000000e-01 0.000000000000e+00 4.800000000000e-01
v 4.400000000000e-01 0.000000000000e+00 4.800000000000e-01
v 5.000000000000e-01 0.000000000000e+00 3.600000000000e-01
v 4.400000000000e-01 0.000000000000e+00 4.600000000000e-01
v 4.200000000000e-01 0.000000000000e+00 4.600000000000e-01
v 4.600000000000e-01 0.000000000000e+00 4.400000000000e-01
v 4.800000000000e-01 0.000000000000e+00 3.800000000000e-01
v 5.000000000000e-01 0.000000000000e+00 3.800000000000e-01
v 4.600000000000e-01 0.000000000000e+00 4.200000000000e-01
v 4.400000000000e-01 0.000000000000e+00 4.000000000000e-01
v 4.600000000000e-01 0.000000000000e+00 4.000000000000e-01
v 4.400000000000e-01 0.000000000000e+00 4.200000000000e-01
v 4.200000000000e-01 0.000000000000e+00 4.200000000000e-01
v 4.400000000000e-01 0.000000000000e+00 4.400000000000e-01
v 4.800000000000e-01 0.000000000000e+00 4.200000000000e-01
v 4.200000000000e-01 0.000000000000e+00 4.400000000000e-01
v 4.800000000000e-01 0.000000000000e+00 4.000000000000e-01
v 5.000000000000e-01 0.000000000000e+00 4.000000000000e-01
v 5.000000000000e-01 0.000000000000e+00 2.800000000000e-01
v 5.000000000000e-01 0.000000000000e+00 3.000000000000e-01
v 4.800000000000e-01 0.000000000000e+00 2.800000000000e-01
v 5.000000000000e-01 0.000000000000e+00 3.400000000000e-01
v 4.800000000000e-01 0.000000000000e+00 3.400000000000e-01
v 4.600000000000e-01 0.000000000000e+00 3.400000000000e-01
v 4.600000000000e-01 0.000000000000e+00 3.000000000000e-01
v 4.800000000000e-01 0.000000000000e+00 3.000000000000e-01
v 4.600000000000e-01 0.000000000000e+00 3.600000000000e-01
v 4.800000000000e-01 0.000000000000e+00 3.600000000000e-01
v 5.000000000000e-01 0.000000000000e+00 2.600000000000e-01
v 5.000000000000e-01 0.000000000000e+00 3.200000000000e-01
v 4.600000000000e-01 0.000000000000e+00 3.800000000000e-01
v 4.800000000000e-01 0.000000000000e+00 3.200000000000e-01
v 4.600000000000e-01 0.000000000000e+00 3.200000000000e-01
v 4.400000000000e-01 0.000000000000e+00 3.400000000000e-01
v 4.200000000000e-01 0.000000000000e+00 3.400000000000e-01
v 3.800000000000e-01 0.000000000000e+00 3.600000000000e-01
v 4.200000000000e-01 0.000000000000e+00 3.600000000000e-01
v 4.000000000000e-01 0.000000000000e+00 3.600000000000e-01
v 4.200000000000e-01 0.000000000000e+00 4.000000000000e-01
v 4.400000000000e-01 0.000000000000e+00 3.600000000000e-01
v 4.000000000000e-01 0.000000000000e+00 4.200000000000e-01
v 3.800000000000e-01 0.000000000000e+00 4.200000000000e-01
v 3.800000000000e-01 0.000000000000e+00 3.800000000000e-01
v 4.000000000000e-01 0.000000000000e+00 3.800000000000e-01
v 4.200000000000e-01 0.000000000000e+00 3.800000000000e-01
v 4.400000000000e-01 0.000000000000e+00 3.800000000000e-01
v 3.800000000000e-01 0.000000000000e+00 4.000000000000e-01
v 4.000000000000e-01 0.000000000000e+00 4.000000000000e-01
v 3.800000000000e-01 0.000000000000e+00 3.000000000000e-01
v 4.200000000000e-01 0.000000000000e+00 2.800000000000e-01
v 4.000000000000e-01 0.000000000000e+00 3.400000000000e-01
v 3.800000000000e-01 0.000000000000e+00 3.400000000000e-01
v 4.000000000000e-01 0.000000000000e+00 2.800000000000e-01
v 4.400000000000e-01 0.000000000000e+00 3.000000000000e-01
v 4.200000000000e-01 0.000000000000e+00 3.000000000000e-01
v 4.000000000000e-01 0.000000000000e+00 3.000000000000e-01
v 3.800000000000e-01 0.000000000000e+00 2.800000000000e-01
v 4.200000000000e-01 0.000000000000e+00 2.600000000000e-01
v 4.400000000000e-01 0.000000000000e+00 3.200000000000e-01
v 4.200000000000e-01 0.000000000000e+00 3.200000000000e-01
v 3.800000000000e-01 0.000000000000e+00 3.200000000000e-01
v 4.000000000000e-01 0.000000000000e+00 2.600000000000e-01
v 4.000000000000e-01 0.000000000000e+00 3.200000000000e-01
v 3.400000000000e-01 0.000000000000e+00 -3.800000000000e-01
v 3.000000000000e-01 0.000000000000e+00 -3.200000000000e-01
v 3.000000000000e-01 0.000000000000e+00 -4.200000000000e-01
v 3.200000000000e-01 0.000000000000e+00 -3.600000000000e-01
v 3.000000000000e-01 0.000000000000e+00 -3.600000000000e-01
v 3.000000000000e-01 0.000000000000e+00 -3.400000000000e-01
v 3.200000000000e-01 0.000000000000e+00 -3.400000000000e-01
v 3.200000000000e-01 0.000000000000e+00 -3.800000000000e-01
v 3.000000000000e-01 0.000000000000e+00 -3.800000000000e-01
v 3.200000000000e-01 0.000000000000e+00 -4.200000000000e-01
v 3.400000000000e-01 0.000000000000e+00 -4.200000000000e-01
v 3.600000000000e-01 0.000000000000e+00 -4.200000000000e-01
v 3.000000000000e-01 0.000000000000e+00 -4.000000000000e-01
v 3.200000000000e-01 0.000000000000e+00 -4.000000000000e-01
v 3.400000000000e-01 0.000000000000e+00 -4.000000000000e-01
v 4.000000000000e-01 0.000000000000e+00 -3.800000000000e-01
v 3.400000000000e-01 0.000000000000e+00 -3.600000000000e-01
v 3.600000000000e-01 0.000000000000e+00 -3.600000000000e-01
v 4.000000000000e-01 0.000000000000e+00 -4.200000000000e-01
v 3.400000000000e-01 0.000000000000e+00 -3.400000000000e-01
v 3.600000000000e-01 0.000000000000e+00 -3.400000000000e-01
v 3.800000000000e-01 0.000000000000e+00 -3.600000000000e-01
v 3.800000000000e-01 0.000000000000e+00 -3.800000000000e-01
v 3.600000000000e-01 0.000000000000e+00 -3.800000000000e-01
v 4.200000000000e-01 0.000000000000e+00 -4.200000000000e-01
v 3.600000000000e-01 0.000000000000e+00 -4.000000000000e-01
v 3.800000000000e-01 0.000000000000e+00 -4.000000000000e-01
v 4.000000000000e-01 0.000000000000e+00 -4.000000000000e-01
v 4.200000000000e-01 0.000000000000e+00 -4.000000000000e-01
v 3.800000000000e-01 0.000000000000e+00 -4.200000000000e-01
v 3.200000000000e-01 0.000000000000e+00 -4.400000000000e-01
v 3.600000000000e-01 0.000000000000e+00 -4.600000000000e-01
v 3.400000000000e-01 0.000000000000e+00 -4.600000000000e-01
v 3.800000000000e-01 0.000000000000e+00 -4.600000000000e-01
v 3.600000000000e-01 0.000000000000e+00 -5.000000000000e-01
v 3.400000000000e-01 0.000000000000e+00 -5.000000000000e-01
v 3.200000000000e-01 0.000000000000e+00 -5.000000000000e-01
v 3.200000000000e-01 0.000000000000e+00 -4.600000000000e-01
v 3.800000000000e-01 0.000000000000e+00 -5.000000000000e-01
v 3.600000000000e-01 0.000000000000e+00 -4.400000000000e-01
v 3.400000000000e-01 0.000000000000e+00 -4.400000000000e-01
v 3.200000000000e-01 0.000000000000e+00 -4.800000000000e-01
v 3.400000000000e-01 0.000000000000e+00 -4.800000000000e-01
v 3.800000000000e-01 0.000000000000e+00 -4.800000000000e-01
v 3.600000000000e-01 0.000000000000e+00 -4.800000000000e-01
v 4.200000000000e-01 0.000000000000e+00 -5.000000000000e-01
v 4.000000000000e-01 0.000000000000e+00 -5.000000000000e-01
v 4.200000000000e-01 0.000000000000e+00 -4.600000000000e-01
v 4.400000000000e-01 0.000000000000e+00 -4.600000000000e-01
v 3.800000000000e-01 0.000000000000e+00 -4.400000000000e-01
v 4.000000000000e-01 0.000000000000e+00 -4.400000000000e-01
v 4.200000000000e-01 0.000000000000e+00 -4.400000000000e-01
v 4.600000000000e-01 0.000000000000e+00 -4.800000000000e-01
v 4.400000000000e-01 0.000000000000e+00 -4.800000000000e-01
v 4.200000000000e-01 0.000000000000e+00 -4.800000000000e-01
v 4.000000000000e-01 0.000000000000e+00 -4.800000000000e-01
v 4.000000000000e-01 0.000000000000e+00 -4.600000000000e-01
v 4.400000000000e-01 0.000000000000e+00 -5.000000000000e-01
v 4.600000000000e-01 0.000000000000e+00 -5.000000000000e-01
v 4.800000000000e-01 0.000000000000e+00 -5.000000000000e-01
v 4.600000000000e-01 0.000000000000e+00 -4.400000000000e-01
v 4.800000000000e-01 0.000000000000e+00 -4.400000000000e-01
v 5.000000000000e-01 0.000000000000e+00 -4.400000000000e-01
v 5.000000000000e-01 0.000000000000e+00 -4.200000000000e-01
v 4.400000000000e-01 0.000000000000e+00 -4.400000000000e-01
v 4.800000000000e-01 0.000000000000e+00 -4.200000000000e-01
v 4.600000000000e-01 0.000000000000e+00 -4.200000000000e-01
v 4.800000000000e-01 0.000000000000e+00 -4.800000000000e-01
v 5.000000000000e-01 0.000000000000e+00 -4.800000000000e-01
v 4.400000000000e-01 0.000000000000e+00 -4.200000000000e-01
v 5.000000000000e-01 0.000000000000e+00 -5.000000000000e-01
v 5.000000000000e-01 0.000000000000e+00 -4.600000000000e-01
v 4.800000000000e-01 0.000000000000e+00 -4.600000000000e-01
v 4.600000000000e-01 0.000000000000e+00 -4.600000000000e-01
v 2.600000000000e-01 0.000000000000e+00 -3.200000000000e-01
v 2.400000000000e-01 0.000000000000e+00 -3.400000000000e-01
v 2.600000000000e-01 0.000000000000e+00 -3.400000000000e-01
v 2.600000000000e-01 0.000000000000e+00 -3.800000000000e-01
v 2.400000000000e-01 0.000000000000e+00 -3.800000000000e-01
v 2.800000000000e-01 0.000000000000e+00 -4.000000000000e-01
v 2.800000000000e-01 0.000000000000e+00 -3.000000000000e-01
v 2.400000000000e-01 0.000000000000e+00 -3.200000000000e-01
v 2.800000000000e-01 0.000000000000e+00 -3.200000000000e-01
v 2.800000000000e-01 0.000000000000e+00 -3.800000000000e-01
v 2.600000000000e-01 0.000000000000e+00 -3.000000000000e-01
v 2.400000000000e-01 0.000000000000e+00 -3.600000000000e-01
v 2.600000000000e-01 0.000000000000e+00 -3.600000000000e-01
v 2.800000000000e-01 0.000000000000e+00 -3.600000000000e-01
v 2.800000000000e-01 0.000000000000e+00 -3.400000000000e-01
v 1.800000000000e-01 0.000000000000e+00 -2.400000000000e-01
v 1.600000000000e-01 0.000000000000e+00 -2.400000000000e-01
v 2.200000000000e-01 0.000000000000e+00 -3.000000000000e-01
v 1.600000000000e-01 0.000000000000e+00 -2.600000000000e-01
v 1.600000000000e-01 0.000000000000e+00 -2.200000000000e-01
v 1.800000000000e-01 0.000000000000e+00 -2.200000000000e-01
v 2.400000000000e-01 0.000000000000e+00 -3.000000000000e-01
v 2.000000000000e-01 0.000000000000e+00 -2.400000000000e-01
v 2.400000000000e-01 0.000000000000e+00 -2.800000000000e-01
v 2.200000000000e-01 0.000000000000e+00 -2.800000000000e-01
v 2.000000000000e-01 0.000000000000e+00 -2.800000000000e-01
v 1.800000000000e-01 0.000000000000e+00 -2.600000000000e-01
v 1.800000000000e-01 0.000000000000e+00 -2.800000000000e-01
v 2.000000000000e-01 0.000000000000e+00 -2.600000000000e-01
v 2.200000000000e-01 0.000000000000e+00 -2.600000000000e-01
v 1.800000000000e-01 0.000000000000e+00 -3.400000000000e-01
v 1.600000000000e-01 0.000000000000e+00 -3.400000000000e-01
v 1.800000000000e-01 0.000000000000e+00 -3.000000000000e-01
v 2.000000000000e-01 0.000000000000e+00 -3.400000000000e-01
v 2.200000000000e-01 0.000000000000e+00 -3.400000000000e-01
v 1.600000000000e-01 0.000000000000e+00 -2.800000000000e-01
v 1.600000000000e-01 0.000000000000e+00 -3.000000000000e-01
v 2.000000000000e-01 0.000000000000e+00 -3.000000000000e-01
v 2.200000000000e-01 0.000000000000e+00 -3.800000000000e-01
v 2.200000000000e-01 0.000000000000e+00 -3.600000000000e-01
v 2.000000000000e-01 0.000000000000e+00 -3.600000000000e-01
v 1.600000000000e-01 0.000000000000e+00 -3.200000000000e-01
v 1.800000000000e-01 0.000000000000e+00 -3.200000000000e-01
v 2.000000000000e-01 0.000000000000e+00 -3.200000000000e-01
v 2.200000000000e-01 0.000000000000e+00 -3.200000000000e-01
v 2.400000000000e-01 0.000000000000e+00 -4.400000000000e-01
v 2.800000000000e-01 0.000000000000e+00 -4.600000000000e-01
v 3.000000000000e-01 0.000000000000e+00 -4.600000000000e-01
v 2.600000000000e-01 0.000000000000e+00 -4.200000000000e-01
v 2.800000000000e-01 0.000000000000e+00 -4.200000000000e-01
v 2.600000000000e-01 0.000000000000e+00 -4.400000000000e-01
v 2.600000000000e-01 0.000000000000e+00 -4.000000000000e-01
v 2.400000000000e-01 0.000000000000e+00 -4.000000000000e-01
v 2.800000000000e-01 0.000000000000e+00 -4.400000000000e-01
v 2.800000000000e-01 0.000000000000e+00 -5.000000000000e-01
v 3.000000000000e-01 0.000000000000e+00 -4.400000000000e-01
v 2.400000000000e-01 0.000000000000e+00 -4.200000000000e-01
v 2.600000000000e-01 0.000000000000e+00 -4.600000000000e-01
v 2.800000000000e-01 0.000000000000e+00 -4.800000000000e-01
v 3.000000000000e-01 0.000000000000e+00 -5.000000000000e-01
v 3.000000000000e-01 0.000000000000e+00 -4.800000000000e-01
v 1.800000000000e-01 0.000000000000e+00 -3.600000000000e-01
v 2.000000000000e-01 0.000000000000e+00 -3.800000000000e-01
v 2.200000000000e-01 0.000000000000e+00 -4.200000000000e-01
v 2.000000000000e-01 0.000000000000e+00 -4.200000000000e-01
v 1.800000000000e-01 0.000000000000e+00 -4.200000000000e-01
v 1.600000000000e-01 0.000000000000e+00 -3.600000000000e-01
v 1.800000000000e-01 0.000000000000e+00 -3.800000000000e-01
v 1.600000000000e-01 0.000000000000e+00 -3.800000000000e-01
v 1.600000000000e-01 0.000000000000e+00 -4.000000000000e-01
v 1.800000000000e-01 0.000000000000e+00 -4.000000000000e-01
v 2.000000000000e-01 0.000000000000e+00 -4.000000000000e-01
v 2.200000000000e-01 0.000000000000e+00 -4.000000000000e-01
v 2.200000000000e-01 0.000000000000e+00 -4.400000000000e-01
v 2.000000000000e-01 0.000000000000e+00 -4.400000000000e-01
v 2.000000000000e-01 0.000000000000e+00 -4.600000000000e-01
v 2.200000000000e-01 0.000000000000e+00 -4.800000000000e-01
v 1.800000000000e-01 0.000000000000e+00 -4.800000000000e-01
v 2.600000000000e-01 0.000000000000e+00 -5.000000000000e-01
v 2.400000000000e-01 0.000000000000e+00 -5.000000000000e-01
v 2.200000000000e-01 0.000000000000e+00 -5.000000000000e-01
v 2.000000000000e-01 0.000000000000e+00 -5.000000000000e-01
v 2.400000000000e-01 0.000000000000e+00 -4.800000000000e-01
v 1.800000000000e-01 0.000000000000e+00 -4.400000000000e-01
v 2.200000000000e-01 0.000000000000e+00 -4.600000000000e-01
v 1.800000000000e-01 0.000000000000e+00 -4.600000000000e-01
v 2.000000000000e-01 0.000000000000e+00 -4.800000000000e-01
v 1.800000000000e-01 0.000000000000e+00 -5.000000000000e-01
v 2.600000000000e-01 0.000000000000e+00 -4.800000000000e-01
v 2.400000000000e-01 0.000000000000e+00 -4.600000000000e-01
v 2.200000000000e-01 0.000000000000e+00 -2.400000000000e-01
v 2.400000000000e-01 0.000000000000e+00 -1.800000000000e-01
v 2.600000000000e-01 0.000000000000e+00 -2.200000000000e-01
v 2.600000000000e-01 0.000000000000e+00 -2.800000000000e-01
v 2.600000000000e-01 0.000000000000e+00 -2.400000000000e-01
v 2.400000000000e-01 0.000000000000e+00 -2.400000000000e-01
v 2.400000000000e-01 0.000000000000e+00 -2.200000000000e-01
v 2.200000000000e-01 0.000000000000e+00 -2.200000000000e-01
v 2.000000000000e-01 0.000000000000e+00 -2.200000000000e-01
v 2.200000000000e-01 0.000000000000e+00 -1.800000000000e-01
v 2.600000000000e-01 0.000000000000e+00 -2.600000000000e-01
v 2.400000000000e-01 0.000000000000e+00 -2.600000000000e-01
v 2.400000000000e-01 0.000000000000e+00 -2.000000000000e-01
v 2.200000000000e-01 0.000000000000e+00 -2.000000000000e-01
v 2.000000000000e-01 0.000000000000e+00 -2.000000000000e-01
v 1.600000000000e-01 0.000000000000e+00 -1.800000000000e-01
v 1.800000000000e-01 0.000000000000e+00 -1.800000000000e-01
v 2.200000000000e-01 0.000000000000e+00 -1.400000000000e-01
v 2.000000000000e-01 0.000000000000e+00 -1.400000000000e-01
v 1.800000000000e-01 0.000000000000e+00 -1.400000000000e-01
v 1.400000000000e-01 0.000000000000e+00 -1.400000000000e-01
v 1.600000000000e-01 0.000000000000e+00 -1.400000000000e-01
v 2.000000000000e-01 0.000000000000e+00 -1.800000000000e-01
v 1.800000000000e-01 0.000000000000e+00 -2.000000000000e-01
v 1.600000000000e-01 0.000000000000e+00 -2.000000000000e-01
v 2.200000000000e-01 0.000000000000e+00 -1.600000000000e-01
v 2.000000000000e-01 0.000000000000e+00 -1.600000000000e-01
v 1.800000000000e-01 0.000000000000e+00 -1.600000000000e-01
v 1.600000000000e-01 0.000000000000e+00 -1.600000000000e-01
v 1.400000000000e-01 0.000000000000e+00 -1.600000000000e-01
v 3.200000000000e-01 0.000000000000e+00 -3.200000000000e-01
v 3.400000000000e-01 0.000000000000e+00 -3.200000000000e-01
v 3.600000000000e-01 0.000000000000e+00 -3.200000000000e-01
v 2.800000000000e-01 0.000000000000e+00 -2.600000000000e-01
v 3.000000000000e-01 0.000000000000e+00 -2.600000000000e-01
v 3.200000000000e-01 0.000000000000e+00 -2.600000000000e-01
v 3.400000000000e-01 0.000000000000e+00 -2.600000000000e-01
v 3.400000000000e-01 0.000000000000e+00 -2.800000000000e-01
v 3.200000000000e-01 0.000000000000e+00 -2.800000000000e-01
v 2.800000000000e-01 0.000000000000e+00 -2.800000000000e-01
v 3.000000000000e-01 0.000000000000e+00 -2.800000000000e-01
v 3.200000000000e-01 0.000000000000e+00 -3.000000000000e-01
v 3.400000000000e-01 0.000000000000e+00 -3.000000000000e-01
v 3.000000000000e-01 0.000000000000e+00 -3.000000000000e-01
v 3.600000000000e-01 0.000000000000e+00 -3.000000000000e-01
v 3.200000000000e-01 0.000000000000e+00 -2.000000000000e-01
v 3.000000000000e-01 0.000000000000e+00 -2.000000000000e-01
v 2.800000000000e-01 0.000000000000e+00 -2.000000000000e-01
v 2.600000000000e-01 0.000000000000e+00 -2.000000000000e-01
v 2.800000000000e-01 0.000000000000e+00 -2.400000000000e-01
v 3.000000000000e-01 0.000000000000e+00 -2.400000000000e-01
v 3.200000000000e-01 0.000000000000e+00 -2.400000000000e-01
v 3.400000000000e-01 0.000000000000e+00 -2.400000000000e-01
v 2.800000000000e-01 0.000000000000e+00 -2.200000000000e-01
v 3.000000000000e-01 0.000000000000e+00 -2.200000000000e-01
v 3.000000000000e-01 0.000000000000e+00 -1.800000000000e-01
v 2.800000000000e-01 0.000000000000e+00 -1.800000000000e-01
v 2.600000000000e-01 0.000000000000e+00 -1.800000000000e-01
v 3.200000000000e-01 0.000000000000e+00 -2.200000000000e-01
v 3.400000000000e-01 0.000000000000e+00 -2.200000000000e-01
v 3.200000000000e-01 0.000000000000e+00 -1.400000000000e-01
v 2.600000000000e-01 0.000000000000e+00 -1.400000000000e-01
v 2.400000000000e-01 0.000000000000e+00 -1.400000000000e-01
v 2.400000000000e-01 0.000000000000e+00 -1.600000000000e-01
v 2.800000000000e-01 0.000000000000e+00 -1.400000000000e-01
v 3.000000000000e-01 0.000000000000e+00 -1.400000000000e-01
v 2.800000000000e-01 0.000000000000e+00 -1.600000000000e-01
v 3.400000000000e-01 0.000000000000e+00 -1.400000000000e-01
v 3.400000000000e-01 0.000000000000e+00 -1.600000000000e-01
v 2.600000000000e-01 0.000000000000e+00 -1.600000000000e-01
v 3.200000000000e-01 0.000000000000e+00 -1.600000000000e-01
v 3.000000000000e-01 0.000000000000e+00 -1.600000000000e-01
v 3.400000000000e-01 0.000000000000e+00 -1.800000000000e-01
v 3.200000000000e-01 0.000000000000e+00 -1.800000000000e-01
v 3.400000000000e-01 0.000000000000e+00 -2.000000000000e-01
v 3.800000000000e-01 0.000000000000e+00 -2.600000000000e-01
v 3.600000000000e-01 0.000000000000e+00 -2.600000000000e-01
v 4.200000000000e-01 0.000000000000e+00 -3.000000000000e-01
v 4.000000000000e-01 0.000000000000e+00 -3.000000000000e-01
v 3.800000000000e-01 0.000000000000e+00 -3.000000000000e-01
v 4.000000000000e-01 0.000000000000e+00 -2.400000000000e-01
v 3.800000000000e-01 0.000000000000e+00 -2.400000000000e-01
v 3.600000000000e-01 0.000000000000e+00 -2.400000000000e-01
v 4.400000000000e-01 0.000000000000e+00 -3.000000000000e-01
v 4.000000000000e-01 0.000000000000e+00 -2.600000000000e-01
v 4.200000000000e-01 0.000000000000e+00 -2.600000000000e-01
v 4.200000000000e-01 0.000000000000e+00 -2.800000000000e-01
v 3.600000000000e-01 0.000000000000e+00 -2.800000000000e-01
v 3.800000000000e-01 0.000000000000e+00 -2.800000000000e-01
v 4.000000000000e-01 0.000000000000e+00 -2.800000000000e-01
v 4.400000000000e-01 0.000000000000e+00 -2.800000000000e-01
v 4.200000000000e-01 0.000000000000e+00 -3.200000000000e-01
v 4.400000000000e-01 0.000000000000e+00 -3.400000000000e-01
v 4.200000000000e-01 0.000000000000e+00 -3.400000000000e-01
v 4.000000000000e-01 0.000000000000e+00 -3.400000000000e-01
v 3.800000000000e-01 0.000000000000e+00 -3.400000000000e-01
v 4.400000000000e-01 0.000000000000e+00 -3.600000000000e-01
v 4.200000000000e-01 0.000000000000e+00 -3.600000000000e-01
v 4.000000000000e-01 0.000000000000e+00 -3.200000000000e-01
v 4.000000000000e-01 0.000000000000e+00 -3.600000000000e-01
v 4.400000000000e-01 0.000000000000e+00 -4.000000000000e-01
v 4.600000000000e-01 0.000000000000e+00 -4.000000000000e-01
v 4.200000000000e-01 0.000000000000e+00 -3.800000000000e-01
v 3.800000000000e-01 0.000000000000e+00 -3.200000000000e-01
v 4.400000000000e-01 0.000000000000e+00 -3.800000000000e-01
v 4.600000000000e-01 0.000000000000e+00 -3.800000000000e-01
v 4.800000000000e-01 0.000000000000e+00 -3.600000000000e-01
v 5.000000000000e-01 0.000000000000e+00 -3.200000000000e-01
v 4.800000000000e-01 0.000000000000e+00 -3.200000000000e-01
v 4.600000000000e-01 0.000000000000e+00 -3.400000000000e-01
v 4.800000000000e-01 0.000000000000e+00 -3.800000000000e-01
v 5.000000000000e-01 0.000000000000e+00 -3.800000000000e-01
v 5.000000000000e-01 0.000000000000e+00 -3.600000000000e-01
v 4.800000000000e-01 0.000000000000e+00 -4.000000000000e-01
v 4.600000000000e-01 0.000000000000e+00 -3.600000000000e-01
v 4.600000000000e-01 0.000000000000e+00 -3.000000000000e-01
v 4.600000000000e-01 0.000000000000e+00 -3.200000000000e-01
v 4.400000000000e-01 0.000000000000e+00 -3.200000000000e-01
v 4.800000000000e-01 0.000000000000e+00 -3.400000000000e-01
v 5.000000000000e-01 0.000000000000e+00 -3.400000000000e-01
v 5.000000000000e-01 0.000000000000e+00 -4.000000000000e-01
v 3.800000000000e-01 0.000000000000e+00 -1.400000000000e-01
v 3.600000000000e-01 0.000000000000e+00 -1.400000000000e-01
v 4.000000000000e-01 0.000000000000e+00 -1.600000000000e-01
v 3.800000000000e-01 0.000000000000e+00 -1.600000000000e-01
v 3.600000000000e-01 0.000000000000e+00 -1.600000000000e-01
v 3.600000000000e-01 0.000000000000e+00 -2.200000000000e-01
v 3.800000000000e-01 0.000000000000e+00 -2.200000000000e-01
v 4.000000000000e-01 0.000000000000e+00 -2.200000000000e-01
v 3.600000000000e-01 0.000000000000e+00 -2.000000000000e-01
v 3.800000000000e-01 0.000000000000e+00 -2.000000000000e-01
v 4.000000000000e-01 0.000000000000e+00 -2.000000000000e-01
v 3.600000000000e-01 0.000000000000e+00 -1.800000000000e-01
v 3.800000000000e-01 0.000000000000e+00 -1.800000000000e-01
v 4.000000000000e-01 0.000000000000e+00 -1.800000000000e-01
v 4.800000000000e-01 0.000000000000e+00 -3.000000000000e-01
v 5.000000000000e-01 0.000000000000e+00 -3.000000000000e-01
v 4.600000000000e-01 0.000000000000e+00 -2.800000000000e-01
v 4.800000000000e-01 0.000000000000e+00 -2.800000000000e-01
v 5.000000000000e-01 0.000000000000e+00 -2.800000000000e-01
v 4.400000000000e-01 0.000000000000e+00 -2.600000000000e-01
v 4.600000000000e-01 0.000000000000e+00 -2.600000000000e-01
v 4.800000000000e-01 0.000000000000e+00 -2.600000000000e-01
v 5.000000000000e-01 0.000000000000e+00 -2.600000000000e-01
v 4.200000000000e-01 0.000000000000e+00 -2.400000000000e-01
v 4.400000000000e-01 0.000000000000e+00 -2.400000000000e-01
v 4.600000000000e-01 0.000000000000e+00 -2.400000000000e-01
v 4.800000000000e-01 0.000000000000e+00 -2.400000000000e-01
v 5.000000000000e-01 0.000000000000e+00 -2.400000000000e-01
v 4.200000000000e-01 0.000000000000e+00 -2.200000000000e-01
v 4.800000000000e-01 0.000000000000e+00 -1.800000000000e-01
v 4.400000000000e-01 0.000000000000e+00 -1.800000000000e-01
v 4.400000000000e-01 0.000000000000e+00 -2.200000000000e-01
v 4.600000000000e-01 0.000000000000e+00 -2.200000000000e-01
v 4.800000000000e-01 0.000000000000e+00 -2.200000000000e-01
v 5.000000000000e-01 0.000000000000e+00 -2.200000000000e-01
v 4.200000000000e-01 0.000000000000e+00 -2.000000000000e-01
v 4.400000000000e-01 0.000000000000e+00 -2.000000000000e-01
v 4.600000000000e-01 0.000000000000e+00 -2.000000000000e-01
v 4.800000000000e-01 0.000000000000e+00 -2.000000000000e-01
v 5.000000000000e-01 0.000000000000e+00 -2.000000000000e-01
v 4.200000000000e-01 0.000000000000e+00 -1.800000000000e-01
v 4.600000000000e-01 0.000000000000e+00 -1.800000000000e-01
v 4.400000000000e-01 0.000000000000e+00 -1.600000000000e-01
v 5.000000000000e-01 0.000000000000e+00 -1.800000000000e-01
v 4.200000000000e-01 0.000000000000e+00 -1.600000000000e-01
v 3.200000000000e-01 0.000000000000e+00 -6.000000000000e-02
v 3.200000000000e-01 0.000000000000e+00 -1.000000000000e-01
v 3.000000000000e-01 0.000000000000e+00 -6.000000000000e-02
v 3.600000000000e-01 0.000000000000e+00 -8.000000000000e-02
v 3.000000000000e-01 0.000000000000e+00 -1.200000000000e-01
v 3.200000000000e-01 0.000000000000e+00 -1.200000000000e-01
v 3.400000000000e-01 0.000000000000e+00 -1.200000000000e-01
v 3.600000000000e-01 0.000000000000e+00 -1.200000000000e-01
v 3.400000000000e-01 0.000000000000e+00 -8.000000000000e-02
v 3.200000000000e-01 0.000000000000e+00 -8.000000000000e-02
v 3.000000000000e-01 0.000000000000e+00 -8.000000000000e-02
v 3.600000000000e-01 0.000000000000e+00 -1.000000000000e-01
v 3.000000000000e-01 0.000000000000e+00 -1.000000000000e-01
v 3.400000000000e-01 0.000000000000e+00 -1.000000000000e-01
v 2.800000000000e-01 0.000000000000e+00 -1.000000000000e-01
v 2.400000000000e-01 0.000000000000e+00 -1.200000000000e-01
v 2.600000000000e-01 0.000000000000e+00 -1.200000000000e-01
v 2.800000000000e-01 0.000000000000e+00 -1.200000000000e-01
v 2.400000000000e-01 0.000000000000e+00 -2.000000000000e-02
v 2.600000000000e-01 0.000000000000e+00 -4.000000000000e-02
v 2.400000000000e-01 0.000000000000e+00 -4.000000000000e-02
v 2.800000000000e-01 0.000000000000e+00 -6.000000000000e-02
v 2.600000000000e-01 0.000000000000e+00 -6.000000000000e-02
v 2.400000000000e-01 0.000000000000e+00 -6.000000000000e-02
v 2.600000000000e-01 0.000000000000e+00 -1.000000000000e-01
v 2.400000000000e-01 0.000000000000e+00 -1.000000000000e-01
v 2.400000000000e-01 0.000000000000e+00 -8.000000000000e-02
v 2.600000000000e-01 0.000000000000e+00 -8.000000000000e-02
v 2.800000000000e-01 0.000000000000e+00 -8.000000000000e-02
v 2.600000000000e-01 0.000000000000e+00 -2.000000000000e-02
v 2.400000000000e-01 0.000000000000e+00 2.000000000000e-02
v 3.400000000000e-01 0.000000000000e+00 -6.000000000000e-02
v 3.600000000000e-01 0.000000000000e+00 -6.000000000000e-02
v 2.400000000000e-01 0.000000000000e+00 0.000000000000e+00
v 2.800000000000e-01 0.000000000000e+00 -4.000000000000e-02
v 2.600000000000e-01 0.000000000000e+00 0.000000000000e+00
v 3.000000000000e-01 0.000000000000e+00 -4.000000000000e-02
v 3.400000000000e-01 0.000000000000e+00 -2.000000000000e-02
v 3.200000000000e-01 0.000000000000e+00 -2.000000000000e-02
v 3.000000000000e-01 0.000000000000e+00 -2.000000000000e-02
v 2.800000000000e-01 0.000000000000e+00 -2.000000000000e-02
v 3.200000000000e-01 0.000000000000e+00 -4.000000000000e-02
v 3.400000000000e-01 0.000000000000e+00 -4.000000000000e-02
v 3.600000000000e-01 0.000000000000e+00 -4.000000000000e-02
v 2.600000000000e-01 0.000000000000e+00 6.000000000000e-02
v 2.800000000000e-01 0.000000000000e+00 8.000000000000e-02
v 3.000000000000e-01 0.000000000000e+00 8.000000000000e-02
v 2.600000000000e-01 0.000000000000e+00 8.000000000000e-02
v 3.200000000000e-01 0.000000000000e+00 8.000000000000e-02
v 2.400000000000e-01 0.000000000000e+00 8.000000000000e-02
v 3.000000000000e-01 0.000000000000e+00 6.000000000000e-02
v 2.400000000000e-01 0.000000000000e+00 1.200000000000e-01
v 2.400000000000e-01 0.000000000000e+00 6.000000000000e-02
v 2.800000000000e-01 0.000000000000e+00 6.000000000000e-02
v 3.000000000000e-01 0.000000000000e+00 1.000000000000e-01
v 2.800000000000e-01 0.000000000000e+00 1.000000000000e-01
v 2.600000000000e-01 0.000000000000e+00 1.000000000000e-01
v 2.400000000000e-01 0.000000000000e+00 1.000000000000e-01
v 3.200000000000e-01 0.000000000000e+00 6.000000000000e-02
v 3.400000000000e-01 0.000000000000e+00 2.000000000000e-02
v 3.200000000000e-01 0.000000000000e+00 2.000000000000e-02
v 3.000000000000e-01 0.000000000000e+00 2.000000000000e-02
v 2.800000000000e-01 0.000000000000e+00 0.000000000000e+00
v 2.800000000000e-01 0.000000000000e+00 2.000000000000e-02
v 2.600000000000e-01 0.000000000000e+00 2.000000000000e-02
v 2.400000000000e-01 0.000000000000e+00 4.000000000000e-02
v 2.600000000000e-01 0.000000000000e+00 4.000000000000e-02
v 2.800000000000e-01 0.000000000000e+00 4.000000000000e-02
v 3.000000000000e-01 0.000000000000e+00 4.000000000000e-02
v 3.200000000000e-01 0.000000000000e+00 4.000000000000e-02
v 3.400000000000e-01 0.000000000000e+00 4.000000000000e-02
v 3.000000000000e-01 0.000000000000e+00 0.000000000000e+00
v 3.200000000000e-01 0.000000000000e+00 0.000000000000e+00
v 3.400000000000e-01 0.000000000000e+00 0.000000000000e+00
v 5.000000000000e-01 0.000000000000e+00 0.000000000000e+00
v 4.800000000000e-01 0.000000000000e+00 0.000000000000e+00
v 5.000000000000e-01 0.000000000000e+00 6.000000000000e-02
v 5.000000000000e-01 0.000000000000e+00 4.000000000000e-02
v 4.800000000000e-01 0.000000000000e+00 4.000000000000e-02
v 4.600000000000e-01 0.000000000000e+00 4.000000000000e-02
v 4.400000000000e-01 0.000000000000e+00 4.000000000000e-02
v 4.400000000000e-01 0.000000000000e+00 6.000000000000e-02
v 4.600000000000e-01 0.000000000000e+00 6.000000000000e-02
v 4.800000000000e-01 0.000000000000e+00 -2.000000000000e-02
v 5.000000000000e-01 0.000000000000e+00 -2.000000000000e-02
v 5.000000000000e-01 0.000000000000e+00 2.000000000000e-02
v 4.800000000000e-01 0.000000000000e+00 2.000000000000e-02
v 4.600000000000e-01 0.000000000000e+00 2.000000000000e-02
v 4.800000000000e-01 0.000000000000e+00 6.000000000000e-02
v 4.200000000000e-01 0.000000000000e+00 2.000000000000e-02
v 3.600000000000e-01 0.000000000000e+00 -2.000000000000e-02
v 3.800000000000e-01 0.000000000000e+00 -2.000000000000e-02
v 4.000000000000e-01 0.000000000000e+00 -2.000000000000e-02
v 4.200000000000e-01 0.000000000000e+00 -2.000000000000e-02
v 4.600000000000e-01 0.000000000000e+00 0.000000000000e+00
v 4.400000000000e-01 0.000000000000e+00 0.000000000000e+00
v 4.200000000000e-01 0.000000000000e+00 0.000000000000e+00
v 4.000000000000e-01 0.000000000000e+00 0.000000000000e+00
v 3.800000000000e-01 0.000000000000e+00 0.000000000000e+00
v 3.600000000000e-01 0.000000000000e+00 0.000000000000e+00
v 4.400000000000e-01 0.000000000000e+00 -2.000000000000e-02
v 4.600000000000e-01 0.000000000000e+00 -2.000000000000e-02
v 4.400000000000e-01 0.000000000000e+00 2.000000000000e-02
v 3.600000000000e-01 0.000000000000e+00 2.000000000000e-02
v 4.000000000000e-01 0.000000000000e+00 8.000000000000e-02
v 3.600000000000e-01 0.000000000000e+00 8.000000000000e-02
v 3.600000000000e-01 0.000000000000e+00 4.000000000000e-02
v 3.800000000000e-01 0.000000000000e+00 4.000000000000e-02
v 4.000000000000e-01 0.000000000000e+00 4.000000000000e-02
v 4.200000000000e-01 0.000000000000e+00 4.000000000000e-02
v 3.800000000000e-01 0.000000000000e+00 8.000000000000e-02
v 4.000000000000e-01 0.000000000000e+00 2.000000000000e-02
v 3.800000000000e-01 0.000000000000e+00 2.000000000000e-02
v 3.400000000000e-01 0.000000000000e+00 6.000000000000e-02
v 3.600000000000e-01 0.000000000000e+00 6.000000000000e-02
v 3.800000000000e-01 0.000000000000e+00 6.000000000000e-02
v 4.000000000000e-01 0.000000000000e+00 6.000000000000e-02
v 4.200000000000e-01 0.000000000000e+00 6.000000000000e-02
v 3.400000000000e-01 0.000000000000e+00 8.000000000000e-02
v 4.000000000000e-01 0.000000000000e+00 -1.200000000000e-01
v 4.000000000000e-01 0.000000000000e+00 -1.400000000000e-01
v 4.200000000000e-01 0.000000000000e+00 -1.200000000000e-01
v 3.800000000000e-01 0.000000000000e+00 -1.200000000000e-01
v 4.200000000000e-01 0.000000000000e+00 -1.400000000000e-01
v 3.800000000000e-01 0.000000000000e+00 -8.000000000000e-02
v 4.000000000000e-01 0.000000000000e+00 -4.000000000000e-02
v 3.800000000000e-01 0.000000000000e+00 -6.000000000000e-02
v 4.000000000000e-01 0.000000000000e+00 -6.000000000000e-02
v 4.000000000000e-01 0.000000000000e+00 -8.000000000000e-02
v 4.200000000000e-01 0.000000000000e+00 -8.000000000000e-02
v 3.800000000000e-01 0.000000000000e+00 -4.000000000000e-02
v 3.800000000000e-01 0.000000000000e+00 -1.000000000000e-01
v 4.000000000000e-01 0.000000000000e+00 -1.000000000000e-01
v 4.200000000000e-01 0.000000000000e+00 -1.000000000000e-01
v 4.800000000000e-01 0.000000000000e+00 -8.000000000000e-02
v 5.000000000000e-01 0.000000000000e+00 -8.000000000000e-02
v 4.400000000000e-01 0.000000000000e+00 -8.000000000000e-02
v 4.600000000000e-01 0.000000000000e+00 -8.000000000000e-02
v 5.000000000000e-01 0.000000000000e+00 -4.000000000000e-02
v 4.800000000000e-01 0.000000000000e+00 -4.000000000000e-02
v 4.600000000000e-01 0.000000000000e+00 -4.000000000000e-02
v 4.400000000000e-01 0.000000000000e+00 -4.000000000000e-02
v 4.200000000000e-01 0.000000000000e+00 -4.000000000000e-02
v 4.200000000000e-01 0.000000000000e+00 -6.000000000000e-02
v 4.400000000000e-01 0.000000000000e+00 -6.000000000000e-02
v 4.600000000000e-01 0.000000000000e+00 -6.000000000000e-02
v 4.800000000000e-01 0.000000000000e+00 -6.000000000000e-02
v 5.000000000000e-01 0.000000000000e+00 -6.000000000000e-02
v 4.800000000000e-01 0.000000000000e+00 -1.600000000000e-01
v 5.000000000000e-01 0.000000000000e+00 -1.600000000000e-01
v 4.400000000000e-01 0.000000000000e+00 -1.400000000000e-01
v 4.400000000000e-01 0.000000000000e+00 -1.200000000000e-01
v 4.600000000000e-01 0.000000000000e+00 -1.200000000000e-01
v 4.800000000000e-01 0.000000000000e+00 -1.200000000000e-01
v 5.000000000000e-01 0.000000000000e+00 -1.200000000000e-01
v 5.000000000000e-01 0.000000000000e+00 -1.400000000000e-01
v 4.800000000000e-01 0.000000000000e+00 -1.400000000000e-01
v 4.600000000000e-01 0.000000000000e+00 -1.400000000000e-01
v 4.400000000000e-01 0.000000000000e+00 -1.000000000000e-01
v 4.600000000000e-01 0.000000000000e+00 -1.000000000000e-01
v 4.800000000000e-01 0.000000000000e+00 -1.000000000000e-01
v 5.000000000000e-01 0.000000000000e+00 -1.000000000000e-01
v 4.600000000000e-01 0.000000000000e+00 -1.600000000000e-01
v 8.000000000000e-02 0.000000000000e+00 -8.000000000000e-02
v 6.000000000000e-02 0.000000000000e+00 -6.000000000000e-02
v 6.000000000000e-02 0.000000000000e+00 -2.000000000000e-02
v 4.000000000000e-02 0.000000000000e+00 -2.000000000000e-02
v 2.000000000000e-02 0.000000000000e+00 -2.000000000000e-02
v 4.000000000000e-02 0.000000000000e+00 -4.000000000000e-02
v 6.000000000000e-02 0.000000000000e+00 -4.000000000000e-02
v 8.000000000000e-02 0.000000000000e+00 -4.000000000000e-02
v 1.000000000000e-01 0.000000000000e+00 -4.000000000000e-02
v 1.000000000000e-01 0.000000000000e+00 -1.000000000000e-01
v 8.000000000000e-02 0.000000000000e+00 -6.000000000000e-02
v 1.000000000000e-01 0.000000000000e+00 -6.000000000000e-02
v 8.000000000000e-02 0.000000000000e+00 -2.000000000000e-02
v 1.000000000000e-01 0.000000000000e+00 -2.000000000000e-02
v 1.000000000000e-01 0.000000000000e+00 -8.000000000000e-02
v 1.000000000000e-01 0.000000000000e+00 2.000000000000e-02
v 0.000000000000e+00 0.000000000000e+00 0.000000000000e+00
v 6.000000000000e-02 0.000000000000e+00 4.000000000000e-02
v 8.000000000000e-02 0.000000000000e+00 4.000000000000e-02
v 8.000000000000e-02 0.000000000000e+00 0.000000000000e+00
v 8.000000000000e-02 0.000000000000e+00 2.000000000000e-02
v 6.000000000000e-02 0.000000000000e+00 2.000000000000e-02
v 2.000000000000e-02 0.000000000000e+00 0.000000000000e+00
v 4.000000000000e-02 0.000000000000e+00 0.000000000000e+00
v 6.000000000000e-02 0.000000000000e+00 0.000000000000e+00
v 4.000000000000e-02 0.000000000000e+00 2.000000000000e-02
v 2.000000000000e-02 0.000000000000e+00 2.000000000000e-02
v 0.000000000000e+00 0.000000000000e+00 2.000000000000e-02
v -2.000000000000e-02 0.000000000000e+00 2.000000000000e-02
v 1.000000000000e-01 0.000000000000e+00 0.000000000000e+00
v 8.000000000000e-02 0.000000000000e+00 1.200000000000e-01
v 2.000000000000e-02 0.000000000000e+00 1.400000000000e-01
v 4.000000000000e-02 0.000000000000e+00 1.400000000000e-01
v 6.000000000000e-02 0.000000000000e+00 1.400000000000e-01
v 8.000000000000e-02 0.000000000000e+00 1.400000000000e-01
v 6.000000000000e-02 0.000000000000e+00 6.000000000000e-02
v 8.000000000000e-02 0.000000000000e+00 6.000000000000e-02
v 4.000000000000e-02 0.000000000000e+00 8.000000000000e-02
v 6.000000000000e-02 0.000000000000e+00 8.000000000000e-02
v 8.000000000000e-02 0.000000000000e+00 8.000000000000e-02
v 8.000000000000e-02 0.000000000000e+00 1.000000000000e-01
v 6.000000000000e-02 0.000000000000e+00 1.000000000000e-01
v 4.000000000000e-02 0.000000000000e+00 1.000000000000e-01
v 2.000000000000e-02 0.000000000000e+00 1.200000000000e-01
v 4.000000000000e-02 0.000000000000e+00 1.200000000000e-01
v 6.000000000000e-02 0.000000000000e+00 1.200000000000e-01
v 0.000000000000e+00 0.000000000000e+00 1.200000000000e-01
v -8.000000000000e-02 0.000000000000e+00 1.200000000000e-01
v -2.000000000000e-02 0.000000000000e+00 1.200000000000e-01
v -4.000000000000e-02 0.000000000000e+00 1.200000000000e-01
v -6.000000000000e-02 0.000000000000e+00 1.200000000000e-01
v -6.000000000000e-02 0.000000000000e+00 1.000000000000e-01
v 2.000000000000e-02 0.000000000000e+00 1.000000000000e-01
v 0.000000000000e+00 0.000000000000e+00 1.000000000000e-01
v -2.000000000000e-02 0.000000000000e+00 1.000000000000e-01
v -4.000000000000e-02 0.000000000000e+00 1.000000000000e-01
v -8.000000000000e-02 0.000000000000e+00 1.400000000000e-01
v -6.000000000000e-02 0.000000000000e+00 1.400000000000e-01
v -4.000000000000e-02 0.000000000000e+00 1.400000000000e-01
v -2.000000000000e-02 0.000000000000e+00 1.400000000000e-01
v 0.000000000000e+00 0.000000000000e+00 1.400000000000e-01
v 4.000000000000e-02 0.000000000000e+00 4.000000000000e-02
v 2.000000000000e-02 0.000000000000e+00 8.000000000000e-02
v 0.000000000000e+00 0.000000000000e+00 8.000000000000e-02
v -2.000000000000e-02 0.000000000000e+00 8.000000000000e-02
v -4.000000000000e-02 0.000000000000e+00 8.000000000000e-02
v 0.000000000000e+00 0.000000000000e+00 4.000000000000e-02
v 2.000000000000e-02 0.000000000000e+00 4.000000000000e-02
v 4.000000000000e-02 0.000000000000e+00 6.000000000000e-02
v 2.000000000000e-02 0.000000000000e+00 6.000000000000e-02
v 0.000000000000e+00 0.000000000000e+00 6.000000000000e-02
v -2.000000000000e-02 0.000000000000e+00 4.000000000000e-02
v -4.000000000000e-02 0.000000000000e+00 6.000000000000e-02
v -2.000000000000e-02 0.000000000000e+00 6.000000000000e-02
v -4.000000000000e-02 0.000000000000e+00 4.000000000000e-02
v 2.200000000000e-01 0.000000000000e+00 0.000000000000e+00
v 2.000000000000e-01 0.000000000000e+00 0.000000000000e+00
v 1.200000000000e-01 0.000000000000e+00 0.000000000000e+00
v 1.800000000000e-01 0.000000000000e+00 0.000000000000e+00
v 1.600000000000e-01 0.000000000000e+00 0.000000000000e+00
v 1.400000000000e-01 0.000000000000e+00 0.000000000000e+00
v 2.000000000000e-01 0.000000000000e+00 -2.000000000000e-02
v 1.200000000000e-01 0.000000000000e+00 2.000000000000e-02
v 1.400000000000e-01 0.000000000000e+00 2.000000000000e-02
v 1.600000000000e-01 0.000000000000e+00 2.000000000000e-02
v 1.400000000000e-01 0.000000000000e+00 -2.000000000000e-02
v 2.200000000000e-01 0.000000000000e+00 -2.000000000000e-02
v 1.600000000000e-01 0.000000000000e+00 -2.000000000000e-02
v 1.800000000000e-01 0.000000000000e+00 -2.000000000000e-02
v 2.200000000000e-01 0.000000000000e+00 -4.000000000000e-02
v 2.000000000000e-01 0.000000000000e+00 -6.000000000000e-02
v 2.200000000000e-01 0.000000000000e+00 -6.000000000000e-02
v 1.800000000000e-01 0.000000000000e+00 -1.000000000000e-01
v 2.200000000000e-01 0.000000000000e+00 -1.200000000000e-01
v 2.000000000000e-01 0.000000000000e+00 -1.200000000000e-01
v 2.200000000000e-01 0.000000000000e+00 -8.000000000000e-02
v 2.000000000000e-01 0.000000000000e+00 -1.000000000000e-01
v 2.200000000000e-01 0.000000000000e+00 -1.000000000000e-01
v 2.000000000000e-01 0.000000000000e+00 -4.000000000000e-02
v 1.800000000000e-01 0.000000000000e+00 -4.000000000000e-02
v 2.000000000000e-01 0.000000000000e+00 -8.000000000000e-02
v 1.800000000000e-01 0.000000000000e+00 -8.000000000000e-02
v 1.600000000000e-01 0.000000000000e+00 -4.000000000000e-02
v 1.800000000000e-01 0.000000000000e+00 -6.000000000000e-02
v 1.600000000000e-01 0.000000000000e+00 -6.000000000000e-02
v 1.800000000000e-01 0.000000000000e+00 -1.200000000000e-01
v 1.200000000000e-01 0.000000000000e+00 -6.000000000000e-02
v 1.400000000000e-01 0.000000000000e+00 -4.000000000000e-02
v 1.200000000000e-01 0.000000000000e+00 -4.000000000000e-02
v 1.200000000000e-01 0.000000000000e+00 -2.000000000000e-02
v 1.400000000000e-01 0.000000000000e+00 -6.000000000000e-02
v 1.200000000000e-01 0.000000000000e+00 -1.000000000000e-01
v 1.600000000000e-01 0.000000000000e+00 -1.200000000000e-01
v 1.400000000000e-01 0.000000000000e+00 -1.200000000000e-01
v 1.200000000000e-01 0.000000000000e+00 -1.200000000000e-01
v 1.400000000000e-01 0.000000000000e+00 -1.000000000000e-01
v 1.600000000000e-01 0.000000000000e+00 -8.000000000000e-02
v 1.400000000000e-01 0.000000000000e+00 -8.000000000000e-02
v 1.200000000000e-01 0.000000000000e+00 -8.000000000000e-02
v 1.600000000000e-01 0.000000000000e+00 -1.000000000000e-01
v 1.400000000000e-01 0.000000000000e+00 6.000000000000e-02
v 1.000000000000e-01 0.000000000000e+00 4.000000000000e-02
v 1.200000000000e-01 0.000000000000e+00 4.000000000000e-02
v 1.400000000000e-01 0.000000000000e+00 4.000000000000e-02
v 1.200000000000e-01 0.000000000000e+00 1.200000000000e-01
v 1.000000000000e-01 0.000000000000e+00 1.200000000000e-01
v 1.000000000000e-01 0.000000000000e+00 6.000000000000e-02
v 1.200000000000e-01 0.000000000000e+00 6.000000000000e-02
v 1.000000000000e-01 0.000000000000e+00 1.400000000000e-01
v 1.400000000000e-01 0.000000000000e+00 1.000000000000e-01
v 1.200000000000e-01 0.000000000000e+00 1.000000000000e-01
v 1.000000000000e-01 0.000000000000e+00 1.000000000000e-01
v 1.000000000000e-01 0.000000000000e+00 8.000000000000e-02
v 1.200000000000e-01 0.000000000000e+00 8.000000000000e-02
v 1.400000000000e-01 0.000000000000e+00 8.000000000000e-02
v 1.800000000000e-01 0.000000000000e+00 2.000000000000e-02
v 2.200000000000e-01 0.000000000000e+00 2.000000000000e-02
v 2.000000000000e-01 0.000000000000e+00 2.000000000000e-02
v 1.600000000000e-01 0.000000000000e+00 4.000000000000e-02
v 1.800000000000e-01 0.000000000000e+00 4.000000000000e-02
v 2.000000000000e-01 0.000000000000e+00 4.000000000000e-02
v 2.200000000000e-01 0.000000000000e+00 4.000000000000e-02
v 1.600000000000e-01 0.000000000000e+00 6.000000000000e-02
v 1.800000000000e-01 0.000000000000e+00 6.000000000000e-02
v 2.000000000000e-01 0.000000000000e+00 6.000000000000e-02
v 2.200000000000e-01 0.000000000000e+00 6.000000000000e-02
v 2.200000000000e-01 0.000000000000e+00 8.000000000000e-02
v 1.600000000000e-01 0.000000000000e+00 8.000000000000e-02
v 1.800000000000e-01 0.000000000000e+00 8.000000000000e-02
v 2.000000000000e-01 0.000000000000e+00 8.000000000000e-02
v 2.200000000000e-01 0.000000000000e+00 1.400000000000e-01
v 2.000000000000e-01 0.000000000000e+00 1.400000000000e-01
v 1.400000000000e-01 0.000000000000e+00 1.200000000000e-01
v 1.800000000000e-01 0.000000000000e+00 1.400000000000e-01
v 1.600000000000e-01 0.000000000000e+00 1.400000000000e-01
v 1.400000000000e-01 0.000000000000e+00 1.400000000000e-01
v 1.200000000000e-01 0.000000000000e+00 1.400000000000e-01
v 2.200000000000e-01 0.000000000000e+00 1.200000000000e-01
v 2.000000000000e-01 0.000000000000e+00 1.200000000000e-01
v 1.800000000000e-01 0.000000000000e+00 1.200000000000e-01
v 1.600000000000e-01 0.000000000000e+00 1.200000000000e-01
v 2.200000000000e-01 0.000000000000e+00 1.000000000000e-01
v 2.000000000000e-01 0.000000000000e+00 1.000000000000e-01
v 1.800000000000e-01 0.000000000000e+00 1.000000000000e-01
v 1.600000000000e-01 0.000000000000e+00 1.000000000000e-01
v -1.800000000000e-01 0.000000000000e+00 6.000000000000e-02
v -1.800000000000e-01 0.000000000000e+00 8.000000000000e-02
v -1.400000000000e-01 0.000000000000e+00 4.000000000000e-02
v -1.600000000000e-01 0.000000000000e+00 1.200000000000e-01
v -1.800000000000e-01 0.000000000000e+00 1.000000000000e-01
v -1.600000000000e-01 0.000000000000e+00 1.000000000000e-01
v -1.600000000000e-01 0.000000000000e+00 8.000000000000e-02
v -1.800000000000e-01 0.000000000000e+00 1.200000000000e-01
v -1.600000000000e-01 0.000000000000e+00 6.000000000000e-02
v -1.400000000000e-01 0.000000000000e+00 6.000000000000e-02
v -1.600000000000e-01 0.000000000000e+00 4.000000000000e-02
v -1.600000000000e-01 0.000000000000e+00 2.000000000000e-02
v -1.400000000000e-01 0.000000000000e+00 2.000000000000e-02
v -1.400000000000e-01 0.000000000000e+00 8.000000000000e-02
v -2.200000000000e-01 0.000000000000e+00 1.000000000000e-01
v -2.600000000000e-01 0.000000000000e+00 8.000000000000e-02
v -2.400000000000e-01 0.000000000000e+00 8.000000000000e-02
v -3.000000000000e-01 0.000000000000e+00 1.200000000000e-01
v -2.800000000000e-01 0.000000000000e+00 1.000000000000e-01
v -2.600000000000e-01 0.000000000000e+00 1.000000000000e-01
v -2.400000000000e-01 0.000000000000e+00 1.000000000000e-01
v -2.000000000000e-01 0.000000000000e+00 1.000000000000e-01
v -2.200000000000e-01 0.000000000000e+00 8.000000000000e-02
v -2.000000000000e-01 0.000000000000e+00 1.200000000000e-01
v -2.200000000000e-01 0.000000000000e+00 1.200000000000e-01
v -2.800000000000e-01 0.000000000000e+00 1.200000000000e-01
v -2.000000000000e-01 0.000000000000e+00 8.000000000000e-02
v -2.600000000000e-01 0.000000000000e+00 1.200000000000e-01
v -2.400000000000e-01 0.000000000000e+00 1.200000000000e-01
v -2.600000000000e-01 0.000000000000e+00 4.000000000000e-02
v -1.800000000000e-01 0.000000000000e+00 4.000000000000e-02
v -2.400000000000e-01 0.000000000000e+00 2.000000000000e-02
v -2.200000000000e-01 0.000000000000e+00 2.000000000000e-02
v -2.000000000000e-01 0.000000000000e+00 2.000000000000e-02
v -1.800000000000e-01 0.000000000000e+00 2.000000000000e-02
v -2.000000000000e-01 0.000000000000e+00 4.000000000000e-02
v -2.200000000000e-01 0.000000000000e+00 4.000000000000e-02
v -2.400000000000e-01 0.000000000000e+00 4.000000000000e-02
v -2.600000000000e-01 0.000000000000e+00 6.000000000000e-02
v -2.400000000000e-01 0.000000000000e+00 6.000000000000e-02
v -2.200000000000e-01 0.000000000000e+00 6.000000000000e-02
v -2.000000000000e-01 0.000000000000e+00 6.000000000000e-02
v -1.800000000000e-01 0.000000000000e+00 0.000000000000e+00
v -1.400000000000e-01 0.000000000000e+00 -6.000000000000e-02
v -1.400000000000e-01 0.000000000000e+00 -1.000000000000e-01
v -1.600000000000e-01 0.000000000000e+00 0.000000000000e+00
v -1.200000000000e-01 0.000000000000e+00 -6.000000000000e-02
v -1.200000000000e-01 0.000000000000e+00 -2.000000000000e-02
v -1.200000000000e-01 0.000000000000e+00 -4.000000000000e-02
v -1.400000000000e-01 0.000000000000e+00 -4.000000000000e-02
v -1.000000000000e-01 0.000000000000e+00 -1.000000000000e-01
v -1.200000000000e-01 0.000000000000e+00 -1.000000000000e-01
v -1.400000000000e-01 0.000000000000e+00 0.000000000000e+00
v -1.400000000000e-01 0.000000000000e+00 -8.000000000000e-02
v -1.200000000000e-01 0.000000000000e+00 -8.000000000000e-02
v -1.000000000000e-01 0.000000000000e+00 -8.000000000000e-02
v -1.400000000000e-01 0.000000000000e+00 -2.000000000000e-02
v -1.600000000000e-01 0.000000000000e+00 -2.000000000000e-02
v -2.200000000000e-01 0.000000000000e+00 -2.000000000000e-02
v -2.000000000000e-01 0.000000000000e+00 -2.000000000000e-02
v -1.800000000000e-01 0.000000000000e+00 -2.000000000000e-02
v -1.800000000000e-01 0.000000000000e+00 -6.000000000000e-02
v -2.000000000000e-01 0.000000000000e+00 -4.000000000000e-02
v -1.800000000000e-01 0.000000000000e+00 -4.000000000000e-02
v -1.600000000000e-01 0.000000000000e+00 -4.000000000000e-02
v -1.800000000000e-01 0.000000000000e+00 -8.000000000000e-02
v -1.600000000000e-01 0.000000000000e+00 -8.000000000000e-02
v -1.600000000000e-01 0.000000000000e+00 -6.000000000000e-02
v -1.800000000000e-01 0.000000000000e+00 -1.000000000000e-01
v -1.600000000000e-01 0.000000000000e+00 -1.000000000000e-01
v -2.000000000000e-01 0.000000000000e+00 0.000000000000e+00
v -2.200000000000e-01 0.000000000000e+00 0.000000000000e+00
v -2.000000000000e-01 0.000000000000e+00 -6.000000000000e-02
v -6.000000000000e-02 0.000000000000e+00 6.000000000000e-02
v -8.000000000000e-02 0.000000000000e+00 6.000000000000e-02
v -1.000000000000e-01 0.000000000000e+00 6.000000000000e-02
v -1.200000000000e-01 0.000000000000e+00 6.000000000000e-02
v -6.000000000000e-02 0.000000000000e+00 8.000000000000e-02
v -8.000000000000e-02 0.000000000000e+00 8.000000000000e-02
v -1.000000000000e-01 0.000000000000e+00 8.000000000000e-02
v -1.200000000000e-01 0.000000000000e+00 8.000000000000e-02
v -1.400000000000e-01 0.000000000000e+00 1.000000000000e-01
v -1.200000000000e-01 0.000000000000e+00 1.000000000000e-01
v -1.000000000000e-01 0.000000000000e+00 1.000000000000e-01
v -8.000000000000e-02 0.000000000000e+00 1.000000000000e-01
v -1.400000000000e-01 0.000000000000e+00 1.200000000000e-01
v -1.200000000000e-01 0.000000000000e+00 1.200000000000e-01
v -1.000000000000e-01 0.000000000000e+00 1.200000000000e-01
v -1.000000000000e-01 0.000000000000e+00 4.000000000000e-02
v -1.000000000000e-01 0.000000000000e+00 2.000000000000e-02
v -1.200000000000e-01 0.000000000000e+00 2.000000000000e-02
v -8.000000000000e-02 0.000000000000e+00 2.000000000000e-02
v -6.000000000000e-02 0.000000000000e+00 2.000000000000e-02
v -4.000000000000e-02 0.000000000000e+00 2.000000000000e-02
v -2.000000000000e-02 0.000000000000e+00 0.000000000000e+00
v -6.000000000000e-02 0.000000000000e+00 4.000000000000e-02
v -8.000000000000e-02 0.000000000000e+00 4.000000000000e-02
v -1.200000000000e-01 0.000000000000e+00 4.000000000000e-02
v -1.200000000000e-01 0.000000000000e+00 0.000000000000e+00
v -1.000000000000e-01 0.000000000000e+00 0.000000000000e+00
v -8.000000000000e-02 0.000000000000e+00 0.000000000000e+00
v -6.000000000000e-02 0.000000000000e+00 0.000000000000e+00
v -4.000000000000e-02 0.000000000000e+00 0.000000000000e+00
v -1.000000000000e-01 0.000000000000e+00 -2.000000000000e-02
v -6.000000000000e-02 0.000000000000e+00 -2.000000000000e-02
v -6.000000000000e-02 0.000000000000e+00 -4.000000000000e-02
v -8.000000000000e-02 0.000000000000e+00 -2.000000000000e-02
v -8.000000000000e-02 0.000000000000e+00 -4.000000000000e-02
v -1.000000000000e-01 0.000000000000e+00 -4.000000000000e-02
v -6.000000000000e-02 0.000000000000e+00 -8.000000000000e-02
v -1.000000000000e-01 0.000000000000e+00 -6.000000000000e-02
v -8.000000000000e-02 0.000000000000e+00 -8.000000000000e-02
v -8.000000000000e-02 0.000000000000e+00 -6.000000000000e-02
v -6.000000000000e-02 0.000000000000e+00 -6.000000000000e-02
v -8.000000000000e-02 0.000000000000e+00 -1.000000000000e-01
v -4.000000000000e-02 0.000000000000e+00 -8.000000000000e-02
v -6.000000000000e-02 0.000000000000e+00 -1.000000000000e-01
v -4.000000000000e-02 0.000000000000e+00 -1.000000000000e-01
v -4.000000000000e-02 0.000000000000e+00 -4.000000000000e-02
v 0.000000000000e+00 0.000000000000e+00 -2.000000000000e-02
v 0.000000000000e+00 0.000000000000e+00 -1.200000000000e-01
v -2.000000000000e-02 0.000000000000e+00 -1.200000000000e-01
v -2.000000000000e-02 0.000000000000e+00 -2.000000000000e-02
v -4.000000000000e-02 0.000000000000e+00 -2.000000000000e-02
v -2.000000000000e-02 0.000000000000e+00 -4.000000000000e-02
v 0.000000000000e+00 0.000000000000e+00 -1.000000000000e-01
v 0.000000000000e+00 0.000000000000e+00 -4.000000000000e-02
v -2.000000000000e-02 0.000000000000e+00 -1.000000000000e-01
v -2.000000000000e-02 0.000000000000e+00 -6.000000000000e-02
v -4.000000000000e-02 0.000000000000e+00 -6.000000000000e-02
v 0.000000000000e+00 0.000000000000e+00 -6.000000000000e-02
v -2.000000000000e-02 0.000000000000e+00 -8.000000000000e-02
v 0.000000000000e+00 0.000000000000e+00 -8.000000000000e-02
v 2.000000000000e-02 0.000000000000e+00 -1.000000000000e-01
v 4.000000000000e-02 0.000000000000e+00 -1.000000000000e-01
v 2.000000000000e-02 0.000000000000e+00 -6.000000000000e-02
v 4.000000000000e-02 0.000000000000e+00 -6.000000000000e-02
v 6.000000000000e-02 0.000000000000e+00 -1.000000000000e-01
v 2.000000000000e-02 0.000000000000e+00 -8.000000000000e-02
v 8.000000000000e-02 0.000000000000e+00 -1.000000000000e-01
v 1.000000000000e-01 0.000000000000e+00 -1.200000000000e-01
v 2.000000000000e-02 0.000000000000e+00 -4.000000000000e-02
v 8.000000000000e-02 0.000000000000e+00 -1.200000000000e-01
v 6.000000000000e-02 0.000000000000e+00 -1.200000000000e-01
v 4.000000000000e-02 0.000000000000e+00 -1.200000000000e-01
v 2.000000000000e-02 0.000000000000e+00 -1.200000000000e-01
v 6.000000000000e-02 0.000000000000e+00 -8.000000000000e-02
v 4.000000000000e-02 0.000000000000e+00 -8.000000000000e-02
v -3.400000000000e-01 0.000000000000e+00 8.000000000000e-02
v -3.600000000000e-01 0.000000000000e+00 8.000000000000e-02
v -3.200000000000e-01 0.000000000000e+00 8.000000000000e-02
v -3.000000000000e-01 0.000000000000e+00 8.000000000000e-02
v -2.800000000000e-01 0.000000000000e+00 8.000000000000e-02
v -3.200000000000e-01 0.000000000000e+00 1.000000000000e-01
v -3.600000000000e-01 0.000000000000e+00 1.200000000000e-01
v -3.400000000000e-01 0.000000000000e+00 1.200000000000e-01
v -3.200000000000e-01 0.000000000000e+00 1.200000000000e-01
v -3.000000000000e-01 0.000000000000e+00 1.000000000000e-01
v -3.400000000000e-01 0.000000000000e+00 1.000000000000e-01
v -3.600000000000e-01 0.000000000000e+00 1.000000000000e-01
v -3.200000000000e-01 0.000000000000e+00 6.000000000000e-02
v -3.000000000000e-01 0.000000000000e+00 6.000000000000e-02
v -2.800000000000e-01 0.000000000000e+00 6.000000000000e-02
v -2.800000000000e-01 0.000000000000e+00 2.000000000000e-02
v -3.000000000000e-01 0.000000000000e+00 2.000000000000e-02
v -3.000000000000e-01 0.000000000000e+00 4.000000000000e-02
v -2.600000000000e-01 0.000000000000e+00 2.000000000000e-02
v -2.400000000000e-01 0.000000000000e+00 0.000000000000e+00
v -2.600000000000e-01 0.000000000000e+00 0.000000000000e+00
v -2.800000000000e-01 0.000000000000e+00 0.000000000000e+00
v -3.000000000000e-01 0.000000000000e+00 0.000000000000e+00
v -3.200000000000e-01 0.000000000000e+00 2.000000000000e-02
v -3.600000000000e-01 0.000000000000e+00 4.000000000000e-02
v -3.400000000000e-01 0.000000000000e+00 4.000000000000e-02
v -3.200000000000e-01 0.000000000000e+00 4.000000000000e-02
v -2.800000000000e-01 0.000000000000e+00 4.000000000000e-02
v -3.400000000000e-01 0.000000000000e+00 2.000000000000e-02
v -3.600000000000e-01 0.000000000000e+00 6.000000000000e-02
v -3.400000000000e-01 0.000000000000e+00 6.000000000000e-02
v -2.400000000000e-01 0.000000000000e+00 -4.000000000000e-02
v -2.200000000000e-01 0.000000000000e+00 -4.000000000000e-02
v -2.600000000000e-01 0.000000000000e+00 -4.000000000000e-02
v -2.600000000000e-01 0.000000000000e+00 -2.000000000000e-02
v -2.200000000000e-01 0.000000000000e+00 -6.000000000000e-02
v -2.400000000000e-01 0.000000000000e+00 -6.000000000000e-02
v -2.600000000000e-01 0.000000000000e+00 -6.000000000000e-02
v -2.800000000000e-01 0.000000000000e+00 -2.000000000000e-02
v -2.600000000000e-01 0.000000000000e+00 -8.000000000000e-02
v -2.400000000000e-01 0.000000000000e+00 -8.000000000000e-02
v -2.000000000000e-01 0.000000000000e+00 -1.000000000000e-01
v -2.200000000000e-01 0.000000000000e+00 -1.000000000000e-01
v -2.200000000000e-01 0.000000000000e+00 -8.000000000000e-02
v -2.400000000000e-01 0.000000000000e+00 -2.000000000000e-02
v -2.000000000000e-01 0.000000000000e+00 -8.000000000000e-02
v -2.400000000000e-01 0.000000000000e+00 -1.000000000000e-01
v -3.200000000000e-01 0.000000000000e+00 -1.000000000000e-01
v -3.600000000000e-01 0.000000000000e+00 -1.000000000000e-01
v -2.800000000000e-01 0.000000000000e+00 -8.000000000000e-02
v -3.000000000000e-01 0.000000000000e+00 -8.000000000000e-02
v -3.000000000000e-01 0.000000000000e+00 -1.000000000000e-01
v -3.200000000000e-01 0.000000000000e+00 -8.000000000000e-02
v -3.400000000000e-01 0.000000000000e+00 -8.000000000000e-02
v -3.600000000000e-01 0.000000000000e+00 -8.000000000000e-02
v -3.400000000000e-01 0.000000000000e+00 -1.000000000000e-01
v -3.600000000000e-01 0.000000000000e+00 -6.000000000000e-02
v -2.800000000000e-01 0.000000000000e+00 -1.000000000000e-01
v -2.600000000000e-01 0.000000000000e+00 -1.000000000000e-01
v -3.400000000000e-01 0.000000000000e+00 -6.000000000000e-02
v -3.200000000000e-01 0.000000000000e+00 -6.000000000000e-02
v -3.200000000000e-01 0.000000000000e+00 0.000000000000e+00
v -3.600000000000e-01 0.000000000000e+00 2.000000000000e-02
v -2.800000000000e-01 0.000000000000e+00 -4.000000000000e-02
v -3.400000000000e-01 0.000000000000e+00 -4.000000000000e-02
v -3.400000000000e-01 0.000000000000e+00 0.000000000000e+00
v -3.600000000000e-01 0.000000000000e+00 0.000000000000e+00
v -3.000000000000e-01 0.000000000000e+00 -4.000000000000e-02
v -3.200000000000e-01 0.000000000000e+00 -4.000000000000e-02
v -3.600000000000e-01 0.000000000000e+00 -2.000000000000e-02
v -3.400000000000e-01 0.000000000000e+00 -2.000000000000e-02
v -3.200000000000e-01 0.000000000000e+00 -2.000000000000e-02
v -3.000000000000e-01 0.000000000000e+00 -2.000000000000e-02
v -3.000000000000e-01 0.000000000000e+00 -6.000000000000e-02
v -2.800000000000e-01 0.000000000000e+00 -6.000000000000e-02
v -3.600000000000e-01 0.000000000000e+00 -4.000000000000e-02
v -4.000000000000e-01 0.000000000000e+00 1.200000000000e-01
v -4.200000000000e-01 0.000000000000e+00 1.600000000000e-01
v -3.800000000000e-01 0.000000000000e+00 1.000000000000e-01
v -4.000000000000e-01 0.000000000000e+00 1.000000000000e-01
v -4.200000000000e-01 0.000000000000e+00 1.000000000000e-01
v -4.400000000000e-01 0.000000000000e+00 1.600000000000e-01
v -4.200000000000e-01 0.000000000000e+00 1.400000000000e-01
v -3.800000000000e-01 0.000000000000e+00 8.000000000000e-02
v -4.400000000000e-01 0.000000000000e+00 1.400000000000e-01
v -4.600000000000e-01 0.000000000000e+00 1.400000000000e-01
v -4.400000000000e-01 0.000000000000e+00 1.200000000000e-01
v -4.200000000000e-01 0.000000000000e+00 1.200000000000e-01
v -4.600000000000e-01 0.000000000000e+00 1.600000000000e-01
v -3.800000000000e-01 0.000000000000e+00 1.200000000000e-01
v -4.000000000000e-01 0.000000000000e+00 1.400000000000e-01
v -5.000000000000e-01 0.000000000000e+00 1.000000000000e-01
v -4.800000000000e-01 0.000000000000e+00 8.000000000000e-02
v -5.000000000000e-01 0.000000000000e+00 8.000000000000e-02
v -4.800000000000e-01 0.000000000000e+00 1.400000000000e-01
v -5.000000000000e-01 0.000000000000e+00 1.400000000000e-01
v -5.000000000000e-01 0.000000000000e+00 1.600000000000e-01
v -4.600000000000e-01 0.000000000000e+00 8.000000000000e-02
v -5.000000000000e-01 0.000000000000e+00 6.000000000000e-02
v -4.800000000000e-01 0.000000000000e+00 6.000000000000e-02
v -4.600000000000e-01 0.000000000000e+00 6.000000000000e-02
v -5.000000000000e-01 0.000000000000e+00 1.200000000000e-01
v -4.600000000000e-01 0.000000000000e+00 1.200000000000e-01
v -4.800000000000e-01 0.000000000000e+00 1.200000000000e-01
v -4.600000000000e-01 0.000000000000e+00 1.000000000000e-01
v -4.800000000000e-01 0.000000000000e+00 1.000000000000e-01
v -4.200000000000e-01 0.000000000000e+00 4.000000000000e-02
v -4.000000000000e-01 0.000000000000e+00 4.000000000000e-02
v -3.800000000000e-01 0.000000000000e+00 4.000000000000e-02
v -4.200000000000e-01 0.000000000000e+00 2.000000000000e-02
v -4.000000000000e-01 0.000000000000e+00 2.000000000000e-02
v -3.800000000000e-01 0.000000000000e+00 2.000000000000e-02
v -4.000000000000e-01 0.000000000000e+00 8.000000000000e-02
v -4.400000000000e-01 0.000000000000e+00 4.000000000000e-02
v -4.200000000000e-01 0.000000000000e+00 8.000000000000e-02
v -4.400000000000e-01 0.000000000000e+00 8.000000000000e-02
v -4.000000000000e-01 0.000000000000e+00 6.000000000000e-02
v -3.800000000000e-01 0.000000000000e+00 6.000000000000e-02
v -4.400000000000e-01 0.000000000000e+00 1.000000000000e-01
v -4.200000000000e-01 0.000000000000e+00 6.000000000000e-02
v -4.400000000000e-01 0.000000000000e+00 6.000000000000e-02
v -5.000000000000e-01 0.000000000000e+00 -8.000000000000e-02
v -4.800000000000e-01 0.000000000000e+00 -8.000000000000e-02
v -4.600000000000e-01 0.000000000000e+00 -8.000000000000e-02
v -5.000000000000e-01 0.000000000000e+00 -2.000000000000e-02
v -5.000000000000e-01 0.000000000000e+00 2.000000000000e-02
v -4.800000000000e-01 0.000000000000e+00 -2.000000000000e-02
v -4.600000000000e-01 0.000000000000e+00 -2.000000000000e-02
v -5.000000000000e-01 0.000000000000e+00 -6.000000000000e-02
v -4.800000000000e-01 0.000000000000e+00 -6.000000000000e-02
v -4.600000000000e-01 0.000000000000e+00 -6.000000000000e-02
v -5.000000000000e-01 0.000000000000e+00 -4.000000000000e-02
v -4.800000000000e-01 0.000000000000e+00 -4.000000000000e-02
v -5.000000000000e-01 0.000000000000e+00 0.000000000000e+00
v -4.800000000000e-01 0.000000000000e+00 0.000000000000e+00
v -4.600000000000e-01 0.000000000000e+00 -4.000000000000e-02
v -4.200000000000e-01 0.000000000000e+00 -2.000000000000e-02
v -4.400000000000e-01 0.000000000000e+00 -2.000000000000e-02
v -4.000000000000e-01 0.000000000000e+00 -2.000000000000e-02
v -3.800000000000e-01 0.000000000000e+00 -2.000000000000e-02
v -4.800000000000e-01 0.000000000000e+00 2.000000000000e-02
v -4.600000000000e-01 0.000000000000e+00 2.000000000000e-02
v -4.400000000000e-01 0.000000000000e+00 2.000000000000e-02
v -4.200000000000e-01 0.000000000000e+00 0.000000000000e+00
v -3.800000000000e-01 0.000000000000e+00 0.000000000000e+00
v -4.400000000000e-01 0.000000000000e+00 0.000000000000e+00
v -5.000000000000e-01 0.000000000000e+00 4.000000000000e-02
v -4.800000000000e-01 0.000000000000e+00 4.000000000000e-02
v -4.600000000000e-01 0.000000000000e+00 4.000000000000e-02
v -4.000000000000e-01 0.000000000000e+00 0.000000000000e+00
v -4.600000000000e-01 0.000000000000e+00 0.000000000000e+00
v -4.400000000000e-01 0.000000000000e+00 -4.000000000000e-02
v -4.200000000000e-01 0.000000000000e+00 -1.000000000000e-01
v -4.400000000000e-01 0.000000000000e+00 -6.000000000000e-02
v -4.200000000000e-01 0.000000000000e+00 -6.000000000000e-02
v -4.000000000000e-01 0.000000000000e+00 -1.000000000000e-01
v -3.800000000000e-01 0.000000000000e+00 -1.000000000000e-01
v -3.800000000000e-01 0.000000000000e+00 -8.000000000000e-02
v -4.000000000000e-01 0.000000000000e+00 -8.000000000000e-02
v -4.200000000000e-01 0.000000000000e+00 -8.000000000000e-02
v -4.200000000000e-01 0.000000000000e+00 -4.000000000000e-02
v -4.000000000000e-01 0.000000000000e+00 -6.000000000000e-02
v -3.800000000000e-01 0.000000000000e+00 -6.000000000000e-02
v -4.000000000000e-01 0.000000000000e+00 -4.000000000000e-02
v -3.800000000000e-01 0.000000000000e+00 -4.000000000000e-02
v -4.400000000000e-01 0.000000000000e+00 -8.000000000000e-02
v -2.000000000000e-01 0.000000000000e+00 1.400000000000e-01
v -2.600000000000e-01 0.000000000000e+00 1.400000000000e-01
v -2.400000000000e-01 0.000000000000e+00 1.400000000000e-01
v -2.200000000000e-01 0.000000000000e+00 1.400000000000e-01
v -3.000000000000e-01 0.000000000000e+00 1.400000000000e-01
v -2.800000000000e-01 0.000000000000e+00 1.400000000000e-01
v -2.400000000000e-01 0.000000000000e+00 1.800000000000e-01
v -2.600000000000e-01 0.000000000000e+00 1.800000000000e-01
v -2.200000000000e-01 0.000000000000e+00 1.600000000000e-01
v -2.400000000000e-01 0.000000000000e+00 1.600000000000e-01
v -2.600000000000e-01 0.000000000000e+00 1.600000000000e-01
v -2.800000000000e-01 0.000000000000e+00 1.600000000000e-01
v -3.000000000000e-01 0.000000000000e+00 1.600000000000e-01
v -2.800000000000e-01 0.000000000000e+00 1.800000000000e-01
v -3.000000000000e-01 0.000000000000e+00 1.800000000000e-01
v -3.000000000000e-01 0.000000000000e+00 2.000000000000e-01
v -3.000000000000e-01 0.000000000000e+00 2.600000000000e-01
v -2.400000000000e-01 0.000000000000e+00 2.200000000000e-01
v -2.600000000000e-01 0.000000000000e+00 2.200000000000e-01
v -3.000000000000e-01 0.000000000000e+00 2.200000000000e-01
v -2.800000000000e-01 0.000000000000e+00 2.200000000000e-01
v -2.800000000000e-01 0.000000000000e+00 2.600000000000e-01
v -3.000000000000e-01 0.000000000000e+00 2.400000000000e-01
v -2.800000000000e-01 0.000000000000e+00 2.000000000000e-01
v -2.600000000000e-01 0.000000000000e+00 2.000000000000e-01
v -2.400000000000e-01 0.000000000000e+00 2.000000000000e-01
v -3.000000000000e-01 0.000000000000e+00 2.800000000000e-01
v -2.800000000000e-01 0.000000000000e+00 2.800000000000e-01
v -2.600000000000e-01 0.000000000000e+00 2.400000000000e-01
v -2.800000000000e-01 0.000000000000e+00 2.400000000000e-01
v -1.600000000000e-01 0.000000000000e+00 2.600000000000e-01
v -2.000000000000e-01 0.000000000000e+00 2.400000000000e-01
v -2.200000000000e-01 0.000000000000e+00 2.400000000000e-01
v -2.400000000000e-01 0.000000000000e+00 2.400000000000e-01
v -2.600000000000e-01 0.000000000000e+00 2.800000000000e-01
v -2.400000000000e-01 0.000000000000e+00 2.800000000000e-01
v -2.200000000000e-01 0.000000000000e+00 2.800000000000e-01
v -2.000000000000e-01 0.000000000000e+00 2.800000000000e-01
v -1.800000000000e-01 0.000000000000e+00 2.800000000000e-01
v -1.600000000000e-01 0.000000000000e+00 2.800000000000e-01
v -1.800000000000e-01 0.000000000000e+00 2.600000000000e-01
v -2.000000000000e-01 0.000000000000e+00 2.600000000000e-01
v -2.200000000000e-01 0.000000000000e+00 2.600000000000e-01
v -2.400000000000e-01 0.000000000000e+00 2.600000000000e-01
v -2.600000000000e-01 0.000000000000e+00 2.600000000000e-01
v -1.800000000000e-01 0.000000000000e+00 2.200000000000e-01
v -1.200000000000e-01 0.000000000000e+00 2.000000000000e-01
v -1.400000000000e-01 0.000000000000e+00 2.000000000000e-01
v -1.600000000000e-01 0.000000000000e+00 2.000000000000e-01
v -1.200000000000e-01 0.000000000000e+00 1.400000000000e-01
v -1.600000000000e-01 0.000000000000e+00 2.200000000000e-01
v -1.400000000000e-01 0.000000000000e+00 2.200000000000e-01
v -1.400000000000e-01 0.000000000000e+00 1.600000000000e-01
v -1.200000000000e-01 0.000000000000e+00 1.600000000000e-01
v -1.000000000000e-01 0.000000000000e+00 1.600000000000e-01
v -1.200000000000e-01 0.000000000000e+00 1.800000000000e-01
v -1.400000000000e-01 0.000000000000e+00 1.800000000000e-01
v -1.000000000000e-01 0.000000000000e+00 1.400000000000e-01
v -1.800000000000e-01 0.000000000000e+00 2.400000000000e-01
v -1.600000000000e-01 0.000000000000e+00 2.400000000000e-01
v -1.600000000000e-01 0.000000000000e+00 1.800000000000e-01
v -1.400000000000e-01 0.000000000000e+00 1.400000000000e-01
v -1.800000000000e-01 0.000000000000e+00 1.800000000000e-01
v -1.600000000000e-01 0.000000000000e+00 1.400000000000e-01
v -1.800000000000e-01 0.000000000000e+00 1.400000000000e-01
v -1.600000000000e-01 0.000000000000e+00 1.600000000000e-01
v -1.800000000000e-01 0.000000000000e+00 1.600000000000e-01
v -2.000000000000e-01 0.000000000000e+00 1.600000000000e-01
v -2.000000000000e-01 0.000000000000e+00 1.800000000000e-01
v -2.200000000000e-01 0.000000000000e+00 1.800000000000e-01
v -2.000000000000e-01 0.000000000000e+00 2.200000000000e-01
v -2.200000000000e-01 0.000000000000e+00 2.200000000000e-01
v -1.800000000000e-01 0.000000000000e+00 2.000000000000e-01
v -2.000000000000e-01 0.000000000000e+00 2.000000000000e-01
v -2.200000000000e-01 0.000000000000e+00 2.000000000000e-01
v -4.600000000000e-01 0.000000000000e+00 2.000000000000e-01
v -4.400000000000e-01 0.000000000000e+00 2.200000000000e-01
v -4.600000000000e-01 0.000000000000e+00 2.200000000000e-01
v -5.000000000000e-01 0.000000000000e+00 1.800000000000e-01
v -4.800000000000e-01 0.000000000000e+00 1.800000000000e-01
v -4.200000000000e-01 0.000000000000e+00 1.800000000000e-01
v -5.000000000000e-01 0.000000000000e+00 2.200000000000e-01
v -4.800000000000e-01 0.000000000000e+00 2.200000000000e-01
v -4.600000000000e-01 0.000000000000e+00 1.800000000000e-01
v -4.400000000000e-01 0.000000000000e+00 1.800000000000e-01
v -4.200000000000e-01 0.000000000000e+00 2.000000000000e-01
v -4.800000000000e-01 0.000000000000e+00 1.600000000000e-01
v -5.000000000000e-01 0.000000000000e+00 2.000000000000e-01
v -4.800000000000e-01 0.000000000000e+00 2.000000000000e-01
v -4.400000000000e-01 0.000000000000e+00 2.000000000000e-01
v -4.400000000000e-01 0.000000000000e+00 2.600000000000e-01
v -4.600000000000e-01 0.000000000000e+00 2.600000000000e-01
v -5.000000000000e-01 0.000000000000e+00 2.400000000000e-01
v -4.800000000000e-01 0.000000000000e+00 2.400000000000e-01
v -4.800000000000e-01 0.000000000000e+00 2.600000000000e-01
v -4.600000000000e-01 0.000000000000e+00 2.400000000000e-01
v -5.000000000000e-01 0.000000000000e+00 2.600000000000e-01
v -4.400000000000e-01 0.000000000000e+00 2.400000000000e-01
v -4.800000000000e-01 0.000000000000e+00 3.000000000000e-01
v -5.000000000000e-01 0.000000000000e+00 3.000000000000e-01
v -4.400000000000e-01 0.000000000000e+00 2.800000000000e-01
v -4.600000000000e-01 0.000000000000e+00 2.800000000000e-01
v -4.800000000000e-01 0.000000000000e+00 2.800000000000e-01
v -5.000000000000e-01 0.000000000000e+00 2.800000000000e-01
v -4.400000000000e-01 0.000000000000e+00 3.200000000000e-01
v -4.600000000000e-01 0.000000000000e+00 3.200000000000e-01
v -4.800000000000e-01 0.000000000000e+00 3.200000000000e-01
v -5.000000000000e-01 0.000000000000e+00 3.200000000000e-01
v -4.600000000000e-01 0.000000000000e+00 3.000000000000e-01
v -5.000000000000e-01 0.000000000000e+00 3.800000000000e-01
v -4.600000000000e-01 0.000000000000e+00 3.600000000000e-01
v -4.800000000000e-01 0.000000000000e+00 3.600000000000e-01
v -5.000000000000e-01 0.000000000000e+00 3.600000000000e-01
v -4.800000000000e-01 0.000000000000e+00 3.800000000000e-01
v -4.400000000000e-01 0.000000000000e+00 3.000000000000e-01
v -5.000000000000e-01 0.000000000000e+00 3.400000000000e-01
v -4.800000000000e-01 0.000000000000e+00 3.400000000000e-01
v -4.600000000000e-01 0.000000000000e+00 3.400000000000e-01
v -4.400000000000e-01 0.000000000000e+00 3.400000000000e-01
v -3.200000000000e-01 0.000000000000e+00 2.800000000000e-01
v -4.200000000000e-01 0.000000000000e+00 3.000000000000e-01
v -4.000000000000e-01 0.000000000000e+00 2.800000000000e-01
v -3.800000000000e-01 0.000000000000e+00 2.800000000000e-01
v -3.600000000000e-01 0.000000000000e+00 2.600000000000e-01
v -3.800000000000e-01 0.000000000000e+00 2.600000000000e-01
v -4.000000000000e-01 0.000000000000e+00 3.000000000000e-01
v -3.400000000000e-01 0.000000000000e+00 2.400000000000e-01
v -3.200000000000e-01 0.000000000000e+00 2.400000000000e-01
v -4.200000000000e-01 0.000000000000e+00 3.200000000000e-01
v -3.200000000000e-01 0.000000000000e+00 2.200000000000e-01
v -3.600000000000e-01 0.000000000000e+00 2.800000000000e-01
v -3.200000000000e-01 0.000000000000e+00 2.600000000000e-01
v -3.400000000000e-01 0.000000000000e+00 2.600000000000e-01
v -3.400000000000e-01 0.000000000000e+00 2.800000000000e-01
v -3.200000000000e-01 0.000000000000e+00 2.000000000000e-01
v -3.400000000000e-01 0.000000000000e+00 2.000000000000e-01
v -3.600000000000e-01 0.000000000000e+00 2.200000000000e-01
v -3.400000000000e-01 0.000000000000e+00 2.200000000000e-01
v -4.200000000000e-01 0.000000000000e+00 2.800000000000e-01
v -3.600000000000e-01 0.000000000000e+00 2.400000000000e-01
v -4.000000000000e-01 0.000000000000e+00 2.400000000000e-01
v -4.200000000000e-01 0.000000000000e+00 2.400000000000e-01
v -3.800000000000e-01 0.000000000000e+00 2.400000000000e-01
v -3.200000000000e-01 0.000000000000e+00 1.800000000000e-01
v -3.800000000000e-01 0.000000000000e+00 2.200000000000e-01
v -4.000000000000e-01 0.000000000000e+00 2.200000000000e-01
v -4.200000000000e-01 0.000000000000e+00 2.200000000000e-01
v -4.200000000000e-01 0.000000000000e+00 2.600000000000e-01
v -4.000000000000e-01 0.000000000000e+00 2.600000000000e-01
v -3.400000000000e-01 0.000000000000e+00 1.600000000000e-01
v -3.600000000000e-01 0.000000000000e+00 1.600000000000e-01
v -3.800000000000e-01 0.000000000000e+00 1.600000000000e-01
v -3.400000000000e-01 0.000000000000e+00 1.400000000000e-01
v -3.600000000000e-01 0.000000000000e+00 1.400000000000e-01
v -3.800000000000e-01 0.000000000000e+00 1.400000000000e-01
v -4.000000000000e-01 0.000000000000e+00 1.600000000000e-01
v -4.000000000000e-01 0.000000000000e+00 2.000000000000e-01
v -3.800000000000e-01 0.000000000000e+00 2.000000000000e-01
v -3.600000000000e-01 0.000000000000e+00 2.000000000000e-01
v -3.200000000000e-01 0.000000000000e+00 1.400000000000e-01
v -3.200000000000e-01 0.000000000000e+00 1.600000000000e-01
v -4.000000000000e-01 0.000000000000e+00 1.800000000000e-01
v -3.800000000000e-01 0.000000000000e+00 1.800000000000e-01
v -3.600000000000e-01 0.000000000000e+00 1.800000000000e-01
v -3.400000000000e-01 0.000000000000e+00 1.800000000000e-01
v -4.000000000000e-01 0.000000000000e+00 3.800000000000e-01
v -3.200000000000e-01 0.000000000000e+00 3.000000000000e-01
v -3.000000000000e-01 0.000000000000e+00 3.000000000000e-01
v -3.200000000000e-01 0.000000000000e+00 3.200000000000e-01
v -3.200000000000e-01 0.000000000000e+00 3.400000000000e-01
v -3.600000000000e-01 0.000000000000e+00 4.000000000000e-01
v -3.400000000000e-01 0.000000000000e+00 3.400000000000e-01
v -3.400000000000e-01 0.000000000000e+00 3.600000000000e-01
v -3.400000000000e-01 0.000000000000e+00 3.800000000000e-01
v -3.800000000000e-01 0.000000000000e+00 4.000000000000e-01
v -3.600000000000e-01 0.000000000000e+00 3.800000000000e-01
v -3.800000000000e-01 0.000000000000e+00 3.800000000000e-01
v -4.000000000000e-01 0.000000000000e+00 4.000000000000e-01
v -3.200000000000e-01 0.000000000000e+00 3.600000000000e-01
v -3.600000000000e-01 0.000000000000e+00 3.600000000000e-01
v -4.000000000000e-01 0.000000000000e+00 3.600000000000e-01
v -4.200000000000e-01 0.000000000000e+00 3.400000000000e-01
v -3.800000000000e-01 0.000000000000e+00 3.600000000000e-01
v -3.400000000000e-01 0.000000000000e+00 3.200000000000e-01
v -4.000000000000e-01 0.000000000000e+00 3.200000000000e-01
v -3.800000000000e-01 0.000000000000e+00 3.200000000000e-01
v -3.600000000000e-01 0.000000000000e+00 3.200000000000e-01
v -4.000000000000e-01 0.000000000000e+00 3.400000000000e-01
v -3.800000000000e-01 0.000000000000e+00 3.400000000000e-01
v -3.400000000000e-01 0.000000000000e+00 3.000000000000e-01
v -3.600000000000e-01 0.000000000000e+00 3.400000000000e-01
v -3.600000000000e-01 0.000000000000e+00 3.000000000000e-01
v -3.800000000000e-01 0.000000000000e+00 3.000000000000e-01
v -4.200000000000e-01 0.000000000000e+00 3.600000000000e-01
v -4.400000000000e-01 0.000000000000e+00 3.600000000000e-01
v -4.200000000000e-01 0.000000000000e+00 5.000000000000e-01
v -4.000000000000e-01 0.000000000000e+00 4.400000000000e-01
v -3.800000000000e-01 0.000000000000e+00 4.400000000000e-01
v -4.200000000000e-01 0.000000000000e+00 4.400000000000e-01
v -3.600000000000e-01 0.000000000000e+00 4.400000000000e-01
v -4.200000000000e-01 0.000000000000e+00 4.800000000000e-01
v -4.000000000000e-01 0.000000000000e+00 4.800000000000e-01
v -3.800000000000e-01 0.000000000000e+00 4.800000000000e-01
v -3.800000000000e-01 0.000000000000e+00 4.600000000000e-01
v -4.000000000000e-01 0.000000000000e+00 4.600000000000e-01
v -4.200000000000e-01 0.000000000000e+00 4.600000000000e-01
v -4.000000000000e-01 0.000000000000e+00 5.000000000000e-01
v -3.800000000000e-01 0.000000000000e+00 5.000000000000e-01
v -3.600000000000e-01 0.000000000000e+00 4.200000000000e-01
v -3.800000000000e-01 0.000000000000e+00 4.200000000000e-01
v -4.000000000000e-01 0.000000000000e+00 4.200000000000e-01
v -5.000000000000e-01 0.000000000000e+00 4.800000000000e-01
v -4.400000000000e-01 0.000000000000e+00 4.800000000000e-01
v -4.600000000000e-01 0.000000000000e+00 4.400000000000e-01
v -4.400000000000e-01 0.000000000000e+00 4.400000000000e-01
v -4.400000000000e-01 0.000000000000e+00 5.000000000000e-01
v -4.600000000000e-01 0.000000000000e+00 5.000000000000e-01
v -4.800000000000e-01 0.000000000000e+00 5.000000000000e-01
v -5.000000000000e-01 0.000000000000e+00 4.600000000000e-01
v -4.800000000000e-01 0.000000000000e+00 4.600000000000e-01
v -4.600000000000e-01 0.000000000000e+00 4.600000000000e-01
v -4.400000000000e-01 0.000000000000e+00 4.600000000000e-01
v -5.000000000000e-01 0.000000000000e+00 5.000000000000e-01
v -4.800000000000e-01 0.000000000000e+00 4.800000000000e-01
v -4.600000000000e-01 0.000000000000e+00 4.800000000000e-01
v -4.400000000000e-01 0.000000000000e+00 3.800000000000e-01
v -4.800000000000e-01 0.000000000000e+00 4.400000000000e-01
v -5.000000000000e-01 0.000000000000e+00 4.400000000000e-01
v -4.200000000000e-01 0.000000000000e+00 4.200000000000e-01
v -4.400000000000e-01 0.000000000000e+00 4.200000000000e-01
v -4.600000000000e-01 0.000000000000e+00 4.200000000000e-01
v -4.800000000000e-01 0.000000000000e+00 4.200000000000e-01
v -5.000000000000e-01 0.000000000000e+00 4.200000000000e-01
v -4.200000000000e-01 0.000000000000e+00 4.000000000000e-01
v -4.600000000000e-01 0.000000000000e+00 4.000000000000e-01
v -4.400000000000e-01 0.000000000000e+00 4.000000000000e-01
v -4.200000000000e-01 0.000000000000e+00 3.800000000000e-01
v -4.800000000000e-01 0.000000000000e+00 4.000000000000e-01
v -5.000000000000e-01 0.000000000000e+00 4.000000000000e-01
v -4.600000000000e-01 0.000000000000e+00 3.800000000000e-01
v -2.000000000000e-01 0.000000000000e+00 3.200000000000e-01
v -1.800000000000e-01 0.000000000000e+00 3.600000000000e-01
v -2.000000000000e-01 0.000000000000e+00 3.600000000000e-01
v -1.800000000000e-01 0.000000000000e+00 3.200000000000e-01
v -2.200000000000e-01 0.000000000000e+00 3.400000000000e-01
v -2.200000000000e-01 0.000000000000e+00 3.600000000000e-01
v -2.000000000000e-01 0.000000000000e+00 3.400000000000e-01
v -1.800000000000e-01 0.000000000000e+00 3.400000000000e-01
v -2.200000000000e-01 0.000000000000e+00 3.800000000000e-01
v -2.000000000000e-01 0.000000000000e+00 3.800000000000e-01
v -2.400000000000e-01 0.000000000000e+00 4.000000000000e-01
v -1.800000000000e-01 0.000000000000e+00 3.800000000000e-01
v -2.200000000000e-01 0.000000000000e+00 4.000000000000e-01
v -1.800000000000e-01 0.000000000000e+00 3.000000000000e-01
v -2.000000000000e-01 0.000000000000e+00 3.000000000000e-01
v -2.800000000000e-01 0.000000000000e+00 3.800000000000e-01
v -2.600000000000e-01 0.000000000000e+00 4.000000000000e-01
v -2.800000000000e-01 0.000000000000e+00 4.000000000000e-01
v -3.000000000000e-01 0.000000000000e+00 4.000000000000e-01
v -3.200000000000e-01 0.000000000000e+00 4.000000000000e-01
v -2.400000000000e-01 0.000000000000e+00 3.600000000000e-01
v -2.600000000000e-01 0.000000000000e+00 3.600000000000e-01
v -3.200000000000e-01 0.000000000000e+00 3.800000000000e-01
v -3.000000000000e-01 0.000000000000e+00 3.800000000000e-01
v -2.600000000000e-01 0.000000000000e+00 3.800000000000e-01
v -2.400000000000e-01 0.000000000000e+00 3.800000000000e-01
v -3.400000000000e-01 0.000000000000e+00 4.000000000000e-01
v -3.400000000000e-01 0.000000000000e+00 4.200000000000e-01
v -3.200000000000e-01 0.000000000000e+00 4.200000000000e-01
v -3.000000000000e-01 0.000000000000e+00 4.200000000000e-01
v -2.800000000000e-01 0.000000000000e+00 4.200000000000e-01
v -2.400000000000e-01 0.000000000000e+00 3.000000000000e-01
v -2.200000000000e-01 0.000000000000e+00 3.200000000000e-01
v -2.400000000000e-01 0.000000000000e+00 3.400000000000e-01
v -2.400000000000e-01 0.000000000000e+00 3.200000000000e-01
v -2.600000000000e-01 0.000000000000e+00 3.200000000000e-01
v -2.800000000000e-01 0.000000000000e+00 3.200000000000e-01
v -2.800000000000e-01 0.000000000000e+00 3.600000000000e-01
v -3.000000000000e-01 0.000000000000e+00 3.600000000000e-01
v -2.200000000000e-01 0.000000000000e+00 3.000000000000e-01
v -2.600000000000e-01 0.000000000000e+00 3.000000000000e-01
v -3.000000000000e-01 0.000000000000e+00 3.200000000000e-01
v -2.600000000000e-01 0.000000000000e+00 3.400000000000e-01
v -2.800000000000e-01 0.000000000000e+00 3.400000000000e-01
v -3.000000000000e-01 0.000000000000e+00 3.400000000000e-01
v -2.800000000000e-01 0.000000000000e+00 3.000000000000e-01
v -3.600000000000e-01 0.000000000000e+00 4.800000000000e-01
v -3.400000000000e-01 0.000000000000e+00 4.800000000000e-01
v -3.600000000000e-01 0.000000000000e+00 4.600000000000e-01
v -3.000000000000e-01 0.000000000000e+00 4.800000000000e-01
v -3.200000000000e-01 0.000000000000e+00 4.800000000000e-01
v -3.200000000000e-01 0.000000000000e+00 5.000000000000e-01
v -3.400000000000e-01 0.000000000000e+00 5.000000000000e-01
v -3.600000000000e-01 0.000000000000e+00 5.000000000000e-01
v -3.000000000000e-01 0.000000000000e+00 5.000000000000e-01
v -3.000000000000e-01 0.000000000000e+00 4.600000000000e-01
v -3.200000000000e-01 0.000000000000e+00 4.600000000000e-01
v -3.400000000000e-01 0.000000000000e+00 4.600000000000e-01
v -3.400000000000e-01 0.000000000000e+00 4.400000000000e-01
v -3.200000000000e-01 0.000000000000e+00 4.400000000000e-01
v -3.000000000000e-01 0.000000000000e+00 4.400000000000e-01
v -2.600000000000e-01 0.000000000000e+00 4.800000000000e-01
v -2.400000000000e-01 0.000000000000e+00 4.200000000000e-01
v -2.600000000000e-01 0.000000000000e+00 4.200000000000e-01
v -2.400000000000e-01 0.000000000000e+00 5.000000000000e-01
v -2.400000000000e-01 0.000000000000e+00 4.800000000000e-01
v -2.800000000000e-01 0.000000000000e+00 5.000000000000e-01
v -2.600000000000e-01 0.000000000000e+00 5.000000000000e-01
v -2.400000000000e-01 0.000000000000e+00 4.600000000000e-01
v -2.800000000000e-01 0.000000000000e+00 4.800000000000e-01
v -2.800000000000e-01 0.000000000000e+00 4.400000000000e-01
v -2.600000000000e-01 0.000000000000e+00 4.400000000000e-01
v -2.400000000000e-01 0.000000000000e+00 4.400000000000e-01
v -2.800000000000e-01 0.000000000000e+00 4.600000000000e-01
v -2.600000000000e-01 0.000000000000e+00 4.600000000000e-01
v -2.000000000000e-01 0.000000000000e+00 5.000000000000e-01
v -2.200000000000e-01 0.000000000000e+00 4.800000000000e-01
v -2.000000000000e-01 0.000000000000e+00 4.800000000000e-01
v -2.200000000000e-01 0.000000000000e+00 5.000000000000e-01
v -2.000000000000e-01 0.000000000000e+00 4.000000000000e-01
v -1.800000000000e-01 0.000000000000e+00 4.000000000000e-01
v -2.200000000000e-01 0.000000000000e+00 4.200000000000e-01
v -1.800000000000e-01 0.000000000000e+00 4.600000000000e-01
v -2.000000000000e-01 0.000000000000e+00 4.600000000000e-01
v -2.200000000000e-01 0.000000000000e+00 4.600000000000e-01
v -1.800000000000e-01 0.000000000000e+00 4.400000000000e-01
v -2.000000000000e-01 0.000000000000e+00 4.400000000000e-01
v -2.200000000000e-01 0.000000000000e+00 4.400000000000e-01
v -1.800000000000e-01 0.000000000000e+00 4.200000000000e-01
v -2.000000000000e-01 0.000000000000e+00 4.200000000000e-01
v -4.800000000000e-01 0.000000000000e+00 -2.800000000000e-01
v -5.000000000000e-01 0.000000000000e+00 -2.800000000000e-01
v -4.600000000000e-01 0.000000000000e+00 -2.600000000000e-01
v -4.800000000000e-01 0.000000000000e+00 -2.600000000000e-01
v -5.000000000000e-01 0.000000000000e+00 -2.600000000000e-01
v -4.400000000000e-01 0.000000000000e+00 -2.800000000000e-01
v -4.600000000000e-01 0.000000000000e+00 -2.800000000000e-01
v -4.400000000000e-01 0.000000000000e+00 -2.600000000000e-01
v -4.800000000000e-01 0.000000000000e+00 -2.400000000000e-01
v -5.000000000000e-01 0.000000000000e+00 -2.400000000000e-01
v -4.800000000000e-01 0.000000000000e+00 -3.000000000000e-01
v -4.600000000000e-01 0.000000000000e+00 -3.000000000000e-01
v -4.400000000000e-01 0.000000000000e+00 -3.000000000000e-01
v -4.400000000000e-01 0.000000000000e+00 -3.200000000000e-01
v -4.600000000000e-01 0.000000000000e+00 -3.200000000000e-01
v -4.000000000000e-01 0.000000000000e+00 -3.000000000000e-01
v -3.800000000000e-01 0.000000000000e+00 -3.200000000000e-01
v -4.000000000000e-01 0.000000000000e+00 -3.200000000000e-01
v -4.200000000000e-01 0.000000000000e+00 -3.200000000000e-01
v -3.800000000000e-01 0.000000000000e+00 -2.600000000000e-01
v -4.000000000000e-01 0.000000000000e+00 -2.600000000000e-01
v -3.600000000000e-01 0.000000000000e+00 -3.200000000000e-01
v -4.200000000000e-01 0.000000000000e+00 -2.600000000000e-01
v -3.600000000000e-01 0.000000000000e+00 -3.000000000000e-01
v -3.800000000000e-01 0.000000000000e+00 -3.000000000000e-01
v -4.200000000000e-01 0.000000000000e+00 -3.000000000000e-01
v -4.200000000000e-01 0.000000000000e+00 -2.800000000000e-01
v -4.000000000000e-01 0.000000000000e+00 -2.800000000000e-01
v -3.800000000000e-01 0.000000000000e+00 -2.800000000000e-01
v -3.600000000000e-01 0.000000000000e+00 -2.800000000000e-01
v -4.400000000000e-01 0.000000000000e+00 -1.200000000000e-01
v -4.600000000000e-01 0.000000000000e+00 -1.000000000000e-01
v -4.800000000000e-01 0.000000000000e+00 -1.000000000000e-01
v -5.000000000000e-01 0.000000000000e+00 -1.000000000000e-01
v -4.200000000000e-01 0.000000000000e+00 -1.200000000000e-01
v -4.200000000000e-01 0.000000000000e+00 -1.400000000000e-01
v -5.000000000000e-01 0.000000000000e+00 -1.400000000000e-01
v -4.800000000000e-01 0.000000000000e+00 -1.400000000000e-01
v -4.600000000000e-01 0.000000000000e+00 -1.400000000000e-01
v -4.400000000000e-01 0.000000000000e+00 -1.400000000000e-01
v -4.600000000000e-01 0.000000000000e+00 -1.200000000000e-01
v -4.800000000000e-01 0.000000000000e+00 -1.200000000000e-01
v -4.400000000000e-01 0.000000000000e+00 -1.000000000000e-01
v -5.000000000000e-01 0.000000000000e+00 -1.200000000000e-01
v -4.000000000000e-01 0.000000000000e+00 -1.800000000000e-01
v -4.200000000000e-01 0.000000000000e+00 -1.800000000000e-01
v -4.400000000000e-01 0.000000000000e+00 -1.800000000000e-01
v -4.000000000000e-01 0.000000000000e+00 -2.000000000000e-01
v -4.200000000000e-01 0.000000000000e+00 -2.000000000000e-01
v -4.400000000000e-01 0.000000000000e+00 -2.000000000000e-01
v -4.200000000000e-01 0.000000000000e+00 -1.600000000000e-01
v -4.400000000000e-01 0.000000000000e+00 -1.600000000000e-01
v -4.200000000000e-01 0.000000000000e+00 -2.400000000000e-01
v -4.000000000000e-01 0.000000000000e+00 -2.400000000000e-01
v -3.800000000000e-01 0.000000000000e+00 -2.400000000000e-01
v -3.600000000000e-01 0.000000000000e+00 -2.400000000000e-01
v -4.200000000000e-01 0.000000000000e+00 -2.200000000000e-01
v -4.000000000000e-01 0.000000000000e+00 -2.200000000000e-01
v -3.800000000000e-01 0.000000000000e+00 -2.200000000000e-01
v -4.600000000000e-01 0.000000000000e+00 -1.600000000000e-01
v -4.400000000000e-01 0.000000000000e+00 -2.200000000000e-01
v -4.600000000000e-01 0.000000000000e+00 -1.800000000000e-01
v -4.800000000000e-01 0.000000000000e+00 -1.800000000000e-01
v -5.000000000000e-01 0.000000000000e+00 -1.800000000000e-01
v -4.600000000000e-01 0.000000000000e+00 -2.000000000000e-01
v -4.800000000000e-01 0.000000000000e+00 -2.000000000000e-01
v -5.000000000000e-01 0.000000000000e+00 -2.000000000000e-01
v -5.000000000000e-01 0.000000000000e+00 -2.200000000000e-01
v -4.800000000000e-01 0.000000000000e+00 -2.200000000000e-01
v -5.000000000000e-01 0.000000000000e+00 -1.600000000000e-01
v -4.800000000000e-01 0.000000000000e+00 -1.600000000000e-01
v -4.600000000000e-01 0.000000000000e+00 -2.200000000000e-01
v -4.600000000000e-01 0.000000000000e+00 -2.400000000000e-01
v -4.400000000000e-01 0.000000000000e+00 -2.400000000000e-01
v -3.000000000000e-01 0.000000000000e+00 -3.000000000000e-01
v -3.200000000000e-01 0.000000000000e+00 -3.000000000000e-01
v -2.800000000000e-01 0.000000000000e+00 -3.200000000000e-01
v -3.000000000000e-01 0.000000000000e+00 -3.200000000000e-01
v -3.200000000000e-01 0.000000000000e+00 -3.200000000000e-01
v -3.200000000000e-01 0.000000000000e+00 -3.400000000000e-01
v -3.200000000000e-01 0.000000000000e+00 -2.800000000000e-01
v -3.400000000000e-01 0.000000000000e+00 -3.000000000000e-01
v -3.400000000000e-01 0.000000000000e+00 -3.200000000000e-01
v -3.600000000000e-01 0.000000000000e+00 -2.600000000000e-01
v -3.400000000000e-01 0.000000000000e+00 -2.600000000000e-01
v -3.000000000000e-01 0.000000000000e+00 -3.400000000000e-01
v -2.800000000000e-01 0.000000000000e+00 -3.400000000000e-01
v -2.600000000000e-01 0.000000000000e+00 -3.400000000000e-01
v -3.400000000000e-01 0.000000000000e+00 -2.800000000000e-01
v -3.400000000000e-01 0.000000000000e+00 -2.400000000000e-01
v -2.600000000000e-01 0.000000000000e+00 -2.400000000000e-01
v -2.800000000000e-01 0.000000000000e+00 -2.400000000000e-01
v -3.000000000000e-01 0.000000000000e+00 -2.400000000000e-01
v -3.200000000000e-01 0.000000000000e+00 -2.400000000000e-01
v -3.000000000000e-01 0.000000000000e+00 -2.600000000000e-01
v -2.800000000000e-01 0.000000000000e+00 -2.800000000000e-01
v -3.200000000000e-01 0.000000000000e+00 -2.600000000000e-01
v -3.200000000000e-01 0.000000000000e+00 -2.200000000000e-01
v -3.000000000000e-01 0.000000000000e+00 -2.200000000000e-01
v -2.800000000000e-01 0.000000000000e+00 -2.200000000000e-01
v -2.600000000000e-01 0.000000000000e+00 -2.200000000000e-01
v -2.800000000000e-01 0.000000000000e+00 -2.600000000000e-01
v -2.600000000000e-01 0.000000000000e+00 -2.600000000000e-01
v -3.000000000000e-01 0.000000000000e+00 -2.800000000000e-01
v -2.200000000000e-01 0.000000000000e+00 -2.600000000000e-01
v -2.600000000000e-01 0.000000000000e+00 -2.800000000000e-01
v -2.400000000000e-01 0.000000000000e+00 -2.800000000000e-01
v -2.200000000000e-01 0.000000000000e+00 -2.800000000000e-01
v -2.200000000000e-01 0.000000000000e+00 -3.000000000000e-01
v -2.400000000000e-01 0.000000000000e+00 -3.000000000000e-01
v -2.600000000000e-01 0.000000000000e+00 -3.000000000000e-01
v -2.400000000000e-01 0.000000000000e+00 -2.600000000000e-01
v -2.600000000000e-01 0.000000000000e+00 -3.200000000000e-01
v -2.200000000000e-01 0.000000000000e+00 -3.400000000000e-01
v -2.400000000000e-01 0.000000000000e+00 -3.200000000000e-01
v -2.200000000000e-01 0.000000000000e+00 -3.200000000000e-01
v -2.400000000000e-01 0.000000000000e+00 -3.400000000000e-01
v -2.800000000000e-01 0.000000000000e+00 -3.000000000000e-01
v -2.400000000000e-01 0.000000000000e+00 -2.400000000000e-01
v -2.400000000000e-01 0.000000000000e+00 -2.200000000000e-01
v -2.600000000000e-01 0.000000000000e+00 -1.600000000000e-01
v -2.400000000000e-01 0.000000000000e+00 -2.000000000000e-01
v -2.200000000000e-01 0.000000000000e+00 -2.000000000000e-01
v -2.400000000000e-01 0.000000000000e+00 -1.800000000000e-01
v -2.600000000000e-01 0.000000000000e+00 -1.800000000000e-01
v -2.600000000000e-01 0.000000000000e+00 -1.200000000000e-01
v -2.800000000000e-01 0.000000000000e+00 -1.200000000000e-01
v -3.000000000000e-01 0.000000000000e+00 -1.200000000000e-01
v -2.800000000000e-01 0.000000000000e+00 -1.600000000000e-01
v -2.200000000000e-01 0.000000000000e+00 -2.200000000000e-01
v -2.600000000000e-01 0.000000000000e+00 -2.000000000000e-01
v -2.600000000000e-01 0.000000000000e+00 -1.400000000000e-01
v -2.800000000000e-01 0.000000000000e+00 -1.400000000000e-01
v -2.200000000000e-01 0.000000000000e+00 -2.400000000000e-01
v -3.400000000000e-01 0.000000000000e+00 -2.000000000000e-01
v -3.800000000000e-01 0.000000000000e+00 -1.600000000000e-01
v -4.000000000000e-01 0.000000000000e+00 -1.600000000000e-01
v -3.800000000000e-01 0.000000000000e+00 -2.000000000000e-01
v -3.600000000000e-01 0.000000000000e+00 -2.000000000000e-01
v -3.800000000000e-01 0.000000000000e+00 -1.800000000000e-01
v -3.600000000000e-01 0.000000000000e+00 -1.600000000000e-01
v -3.600000000000e-01 0.000000000000e+00 -1.200000000000e-01
v -3.800000000000e-01 0.000000000000e+00 -1.200000000000e-01
v -4.000000000000e-01 0.000000000000e+00 -1.200000000000e-01
v -3.400000000000e-01 0.000000000000e+00 -2.200000000000e-01
v -3.600000000000e-01 0.000000000000e+00 -2.200000000000e-01
v -3.600000000000e-01 0.000000000000e+00 -1.400000000000e-01
v -3.800000000000e-01 0.000000000000e+00 -1.400000000000e-01
v -4.000000000000e-01 0.000000000000e+00 -1.400000000000e-01
v -3.600000000000e-01 0.000000000000e+00 -1.800000000000e-01
v -2.800000000000e-01 0.000000000000e+00 -2.000000000000e-01
v -3.000000000000e-01 0.000000000000e+00 -1.600000000000e-01
v -3.200000000000e-01 0.000000000000e+00 -1.600000000000e-01
v -3.400000000000e-01 0.000000000000e+00 -1.600000000000e-01
v -3.400000000000e-01 0.000000000000e+00 -1.800000000000e-01
v -3.200000000000e-01 0.000000000000e+00 -1.800000000000e-01
v -3.000000000000e-01 0.000000000000e+00 -1.800000000000e-01
v -3.400000000000e-01 0.000000000000e+00 -1.200000000000e-01
v -2.800000000000e-01 0.000000000000e+00 -1.800000000000e-01
v -3.200000000000e-01 0.000000000000e+00 -1.200000000000e-01
v -3.000000000000e-01 0.000000000000e+00 -1.400000000000e-01
v -3.200000000000e-01 0.000000000000e+00 -1.400000000000e-01
v -3.000000000000e-01 0.000000000000e+00 -2.000000000000e-01
v -3.200000000000e-01 0.000000000000e+00 -2.000000000000e-01
v -3.400000000000e-01 0.000000000000e+00 -1.400000000000e-01
v -2.400000000000e-01 0.000000000000e+00 -4.600000000000e-01
v -2.800000000000e-01 0.000000000000e+00 -5.000000000000e-01
v -2.600000000000e-01 0.000000000000e+00 -5.000000000000e-01
v -2.400000000000e-01 0.000000000000e+00 -5.000000000000e-01
v -2.600000000000e-01 0.000000000000e+00 -4.800000000000e-01
v -2.400000000000e-01 0.000000000000e+00 -4.400000000000e-01
v -2.600000000000e-01 0.000000000000e+00 -4.400000000000e-01
v -2.800000000000e-01 0.000000000000e+00 -4.400000000000e-01
v -3.000000000000e-01 0.000000000000e+00 -4.400000000000e-01
v -2.800000000000e-01 0.000000000000e+00 -4.800000000000e-01
v -2.400000000000e-01 0.000000000000e+00 -4.800000000000e-01
v -2.800000000000e-01 0.000000000000e+00 -4.600000000000e-01
v -3.000000000000e-01 0.000000000000e+00 -4.600000000000e-01
v -3.000000000000e-01 0.000000000000e+00 -4.800000000000e-01
v -2.600000000000e-01 0.000000000000e+00 -4.600000000000e-01
v -2.800000000000e-01 0.000000000000e+00 -3.600000000000e-01
v -3.200000000000e-01 0.000000000000e+00 -4.200000000000e-01
v -2.800000000000e-01 0.000000000000e+00 -3.800000000000e-01
v -3.200000000000e-01 0.000000000000e+00 -3.600000000000e-01
v -3.000000000000e-01 0.000000000000e+00 -3.600000000000e-01
v -2.600000000000e-01 0.000000000000e+00 -4.000000000000e-01
v -2.800000000000e-01 0.000000000000e+00 -4.000000000000e-01
v -3.000000000000e-01 0.000000000000e+00 -3.800000000000e-01
v -3.000000000000e-01 0.000000000000e+00 -4.000000000000e-01
v -3.200000000000e-01 0.000000000000e+00 -4.000000000000e-01
v -3.200000000000e-01 0.000000000000e+00 -3.800000000000e-01
v -3.000000000000e-01 0.000000000000e+00 -4.200000000000e-01
v -2.800000000000e-01 0.000000000000e+00 -4.200000000000e-01
v -2.600000000000e-01 0.000000000000e+00 -4.200000000000e-01
v -1.800000000000e-01 0.000000000000e+00 -3.800000000000e-01
v -2.400000000000e-01 0.000000000000e+00 -4.000000000000e-01
v -2.200000000000e-01 0.000000000000e+00 -4.000000000000e-01
v -2.000000000000e-01 0.000000000000e+00 -4.000000000000e-01
v -2.000000000000e-01 0.000000000000e+00 -4.200000000000e-01
v -2.200000000000e-01 0.000000000000e+00 -4.200000000000e-01
v -2.400000000000e-01 0.000000000000e+00 -4.200000000000e-01
v -2.000000000000e-01 0.000000000000e+00 -3.600000000000e-01
v -2.200000000000e-01 0.000000000000e+00 -3.600000000000e-01
v -2.400000000000e-01 0.000000000000e+00 -3.600000000000e-01
v -2.600000000000e-01 0.000000000000e+00 -3.600000000000e-01
v -2.400000000000e-01 0.000000000000e+00 -3.800000000000e-01
v -2.600000000000e-01 0.000000000000e+00 -3.800000000000e-01
v -2.000000000000e-01 0.000000000000e+00 -3.800000000000e-01
v -2.200000000000e-01 0.000000000000e+00 -3.800000000000e-01
v -1.800000000000e-01 0.000000000000e+00 -4.600000000000e-01
v -1.400000000000e-01 0.000000000000e+00 -5.000000000000e-01
v -1.600000000000e-01 0.000000000000e+00 -5.000000000000e-01
v -2.200000000000e-01 0.000000000000e+00 -4.800000000000e-01
v -1.800000000000e-01 0.000000000000e+00 -5.000000000000e-01
v -2.000000000000e-01 0.000000000000e+00 -5.000000000000e-01
v -2.000000000000e-01 0.000000000000e+00 -4.800000000000e-01
v -2.200000000000e-01 0.000000000000e+00 -4.600000000000e-01
v -2.000000000000e-01 0.000000000000e+00 -4.600000000000e-01
v -2.200000000000e-01 0.000000000000e+00 -5.000000000000e-01
v -1.800000000000e-01 0.000000000000e+00 -4.800000000000e-01
v -2.200000000000e-01 0.000000000000e+00 -4.400000000000e-01
v -2.000000000000e-01 0.000000000000e+00 -4.400000000000e-01
v -1.600000000000e-01 0.000000000000e+00 -4.800000000000e-01
v -1.600000000000e-01 0.000000000000e+00 -4.200000000000e-01
v -1.800000000000e-01 0.000000000000e+00 -4.000000000000e-01
v -1.400000000000e-01 0.000000000000e+00 -4.800000000000e-01
v -1.600000000000e-01 0.000000000000e+00 -4.000000000000e-01
v -1.000000000000e-01 0.000000000000e+00 -5.000000000000e-01
v -1.000000000000e-01 0.000000000000e+00 -4.800000000000e-01
v -1.200000000000e-01 0.000000000000e+00 -4.800000000000e-01
v -1.400000000000e-01 0.000000000000e+00 -4.200000000000e-01
v -1.400000000000e-01 0.000000000000e+00 -4.400000000000e-01
v -1.200000000000e-01 0.000000000000e+00 -5.000000000000e-01
v -1.600000000000e-01 0.000000000000e+00 -4.400000000000e-01
v -1.800000000000e-01 0.000000000000e+00 -4.200000000000e-01
v -1.800000000000e-01 0.000000000000e+00 -4.400000000000e-01
v -1.600000000000e-01 0.000000000000e+00 -4.600000000000e-01
v -1.400000000000e-01 0.000000000000e+00 -4.600000000000e-01
v -1.200000000000e-01 0.000000000000e+00 -4.600000000000e-01
v -3.400000000000e-01 0.000000000000e+00 -5.000000000000e-01
v -3.200000000000e-01 0.000000000000e+00 -5.000000000000e-01
v -3.400000000000e-01 0.000000000000e+00 -4.400000000000e-01
v -3.000000000000e-01 0.000000000000e+00 -5.000000000000e-01
v -3.600000000000e-01 0.000000000000e+00 -5.000000000000e-01
v -3.200000000000e-01 0.000000000000e+00 -4.800000000000e-01
v -3.400000000000e-01 0.000000000000e+00 -4.800000000000e-01
v -3.600000000000e-01 0.000000000000e+00 -4.800000000000e-01
v -3.200000000000e-01 0.000000000000e+00 -4.400000000000e-01
v -3.600000000000e-01 0.000000000000e+00 -4.400000000000e-01
v -3.800000000000e-01 0.000000000000e+00 -4.400000000000e-01
v -3.200000000000e-01 0.000000000000e+00 -4.600000000000e-01
v -3.400000000000e-01 0.000000000000e+00 -4.600000000000e-01
v -3.800000000000e-01 0.000000000000e+00 -4.600000000000e-01
v -3.600000000000e-01 0.000000000000e+00 -4.600000000000e-01
v -4.000000000000e-01 0.000000000000e+00 -4.200000000000e-01
v -4.400000000000e-01 0.000000000000e+00 -3.800000000000e-01
v -4.200000000000e-01 0.000000000000e+00 -3.800000000000e-01
v -4.000000000000e-01 0.000000000000e+00 -3.800000000000e-01
v -4.400000000000e-01 0.000000000000e+00 -3.400000000000e-01
v -4.200000000000e-01 0.000000000000e+00 -3.400000000000e-01
v -3.800000000000e-01 0.000000000000e+00 -4.200000000000e-01
v -4.000000000000e-01 0.000000000000e+00 -4.000000000000e-01
v -4.000000000000e-01 0.000000000000e+00 -3.600000000000e-01
v -4.000000000000e-01 0.000000000000e+00 -4.400000000000e-01
v -4.400000000000e-01 0.000000000000e+00 -3.600000000000e-01
v -4.200000000000e-01 0.000000000000e+00 -4.000000000000e-01
v -4.400000000000e-01 0.000000000000e+00 -4.000000000000e-01
v -4.200000000000e-01 0.000000000000e+00 -4.200000000000e-01
v -4.200000000000e-01 0.000000000000e+00 -3.600000000000e-01
v -3.400000000000e-01 0.000000000000e+00 -4.200000000000e-01
v -3.600000000000e-01 0.000000000000e+00 -4.200000000000e-01
v -3.400000000000e-01 0.000000000000e+00 -3.800000000000e-01
v -3.600000000000e-01 0.000000000000e+00 -3.800000000000e-01
v -3.800000000000e-01 0.000000000000e+00 -3.800000000000e-01
v -3.400000000000e-01 0.000000000000e+00 -3.600000000000e-01
v -3.600000000000e-01 0.000000000000e+00 -3.600000000000e-01
v -3.800000000000e-01 0.000000000000e+00 -3.600000000000e-01
v -3.600000000000e-01 0.000000000000e+00 -3.400000000000e-01
v -3.800000000000e-01 0.000000000000e+00 -3.400000000000e-01
v -3.400000000000e-01 0.000000000000e+00 -4.000000000000e-01
v -3.600000000000e-01 0.000000000000e+00 -4.000000000000e-01
v -3.800000000000e-01 0.000000000000e+00 -4.000000000000e-01
v -3.400000000000e-01 0.000000000000e+00 -3.400000000000e-01
v -4.000000000000e-01 0.000000000000e+00 -3.400000000000e-01
v -4.800000000000e-01 0.000000000000e+00 -4.000000000000e-01
v -4.600000000000e-01 0.000000000000e+00 -3.600000000000e-01
v -4.800000000000e-01 0.000000000000e+00 -3.600000000000e-01
v -5.000000000000e-01 0.000000000000e+00 -3.600000000000e-01
v -5.000000000000e-01 0.000000000000e+00 -3.800000000000e-01
v -4.600000000000e-01 0.000000000000e+00 -3.400000000000e-01
v -4.800000000000e-01 0.000000000000e+00 -3.400000000000e-01
v -5.000000000000e-01 0.000000000000e+00 -3.400000000000e-01
v -4.800000000000e-01 0.000000000000e+00 -3.800000000000e-01
v -4.600000000000e-01 0.000000000000e+00 -3.800000000000e-01
v -4.800000000000e-01 0.000000000000e+00 -3.200000000000e-01
v -5.000000000000e-01 0.000000000000e+00 -3.200000000000e-01
v -5.000000000000e-01 0.000000000000e+00 -3.000000000000e-01
v -4.600000000000e-01 0.000000000000e+00 -4.000000000000e-01
v -4.800000000000e-01 0.000000000000e+00 -4.400000000000e-01
v -4.400000000000e-01 0.000000000000e+00 -5.000000000000e-01
v -4.600000000000e-01 0.000000000000e+00 -5.000000000000e-01
v -5.000000000000e-01 0.000000000000e+00 -4.400000000000e-01
v -5.000000000000e-01 0.000000000000e+00 -4.200000000000e-01
v -4.800000000000e-01 0.000000000000e+00 -4.200000000000e-01
v -4.800000000000e-01 0.000000000000e+00 -5.000000000000e-01
v -5.000000000000e-01 0.000000000000e+00 -4.000000000000e-01
v -5.000000000000e-01 0.000000000000e+00 -4.800000000000e-01
v -4.800000000000e-01 0.000000000000e+00 -4.800000000000e-01
v -5.000000000000e-01 0.000000000000e+00 -5.000000000000e-01
v -4.600000000000e-01 0.000000000000e+00 -4.800000000000e-01
v -4.600000000000e-01 0.000000000000e+00 -4.600000000000e-01
v -4.800000000000e-01 0.000000000000e+00 -4.600000000000e-01
v -5.000000000000e-01 0.000000000000e+00 -4.600000000000e-01
v -4.200000000000e-01 0.000000000000e+00 -4.400000000000e-01
v -3.800000000000e-01 0.000000000000e+00 -4.800000000000e-01
v -4.400000000000e-01 0.000000000000e+00 -4.200000000000e-01
v -4.600000000000e-01 0.000000000000e+00 -4.400000000000e-01
v -4.000000000000e-01 0.000000000000e+00 -4.800000000000e-01
v -4.200000000000e-01 0.000000000000e+00 -4.800000000000e-01
v -4.600000000000e-01 0.000000000000e+00 -4.200000000000e-01
v -4.400000000000e-01 0.000000000000e+00 -4.800000000000e-01
v -4.400000000000e-01 0.000000000000e+00 -4.600000000000e-01
v -4.200000000000e-01 0.000000000000e+00 -4.600000000000e-01
v -3.800000000000e-01 0.000000000000e+00 -5.000000000000e-01
v -4.000000000000e-01 0.000000000000e+00 -5.000000000000e-01
v -4.200000000000e-01 0.000000000000e+00 -5.000000000000e-01
v -4.000000000000e-01 0.000000000000e+00 -4.600000000000e-01
v -4.400000000000e-01 0.000000000000e+00 -4.400000000000e-01
v 2.000000000000e-02 0.000000000000e+00 -4.200000000000e-01
v 2.000000000000e-02 0.000000000000e+00 -3.200000000000e-01
v 0.000000000000e+00 0.000000000000e+00 -3.600000000000e-01
v 0.000000000000e+00 0.000000000000e+00 -3.200000000000e-01
v 0.000000000000e+00 0.000000000000e+00 -3.400000000000e-01
v 2.000000000000e-02 0.000000000000e+00 -3.600000000000e-01
v 0.000000000000e+00 0.000000000000e+00 -4.000000000000e-01
v 2.000000000000e-02 0.000000000000e+00 -4.000000000000e-01
v 4.000000000000e-02 0.000000000000e+00 -4.000000000000e-01
v 4.000000000000e-02 0.000000000000e+00 -4.400000000000e-01
v 4.000000000000e-02 0.000000000000e+00 -4.200000000000e-01
v 6.000000000000e-02 0.000000000000e+00 -4.400000000000e-01
v 2.000000000000e-02 0.000000000000e+00 -3.400000000000e-01
v 2.000000000000e-02 0.000000000000e+00 -3.800000000000e-01
v 0.000000000000e+00 0.000000000000e+00 -3.800000000000e-01
v 0.000000000000e+00 0.000000000000e+00 -4.400000000000e-01
v 6.000000000000e-02 0.000000000000e+00 -4.600000000000e-01
v 4.000000000000e-02 0.000000000000e+00 -4.600000000000e-01
v 2.000000000000e-02 0.000000000000e+00 -4.600000000000e-01
v 0.000000000000e+00 0.000000000000e+00 -4.600000000000e-01
v 6.000000000000e-02 0.000000000000e+00 -4.800000000000e-01
v 4.000000000000e-02 0.000000000000e+00 -4.800000000000e-01
v 6.000000000000e-02 0.000000000000e+00 -5.000000000000e-01
v 2.000000000000e-02 0.000000000000e+00 -4.800000000000e-01
v 0.000000000000e+00 0.000000000000e+00 -4.800000000000e-01
v 0.000000000000e+00 0.000000000000e+00 -4.200000000000e-01
v 4.000000000000e-02 0.000000000000e+00 -5.000000000000e-01
v 2.000000000000e-02 0.000000000000e+00 -5.000000000000e-01
v 0.000000000000e+00 0.000000000000e+00 -5.000000000000e-01
v 2.000000000000e-02 0.000000000000e+00 -4.400000000000e-01
v 8.000000000000e-02 0.000000000000e+00 -4.800000000000e-01
v 1.000000000000e-01 0.000000000000e+00 -4.800000000000e-01
v 1.200000000000e-01 0.000000000000e+00 -4.800000000000e-01
v 1.400000000000e-01 0.000000000000e+00 -4.800000000000e-01
v 1.600000000000e-01 0.000000000000e+00 -4.800000000000e-01
v 1.000000000000e-01 0.000000000000e+00 -4.600000000000e-01
v 8.000000000000e-02 0.000000000000e+00 -4.600000000000e-01
v 1.200000000000e-01 0.000000000000e+00 -4.600000000000e-01
v 1.600000000000e-01 0.000000000000e+00 -5.000000000000e-01
v 1.400000000000e-01 0.000000000000e+00 -4.600000000000e-01
v 8.000000000000e-02 0.000000000000e+00 -5.000000000000e-01
v 1.400000000000e-01 0.000000000000e+00 -5.000000000000e-01
v 1.200000000000e-01 0.000000000000e+00 -5.000000000000e-01
v 1.000000000000e-01 0.000000000000e+00 -5.000000000000e-01
v 1.400000000000e-01 0.000000000000e+00 -4.400000000000e-01
v 1.400000000000e-01 0.000000000000e+00 -3.800000000000e-01
v 1.200000000000e-01 0.000000000000e+00 -3.800000000000e-01
v 1.000000000000e-01 0.000000000000e+00 -3.800000000000e-01
v 1.200000000000e-01 0.000000000000e+00 -4.200000000000e-01
v 1.200000000000e-01 0.000000000000e+00 -4.400000000000e-01
v 1.400000000000e-01 0.000000000000e+00 -4.200000000000e-01
v 1.600000000000e-01 0.000000000000e+00 -4.200000000000e-01
v 1.600000000000e-01 0.000000000000e+00 -4.400000000000e-01
v 1.600000000000e-01 0.000000000000e+00 -4.600000000000e-01
v 1.000000000000e-01 0.000000000000e+00 -3.600000000000e-01
v 1.000000000000e-01 0.000000000000e+00 -4.000000000000e-01
v 1.200000000000e-01 0.000000000000e+00 -4.000000000000e-01
v 1.400000000000e-01 0.000000000000e+00 -4.000000000000e-01
v 1.200000000000e-01 0.000000000000e+00 -3.600000000000e-01
v 8.000000000000e-02 0.000000000000e+00 -3.600000000000e-01
v 8.000000000000e-02 0.000000000000e+00 -3.800000000000e-01
v 1.000000000000e-01 0.000000000000e+00 -4.200000000000e-01
v 8.000000000000e-02 0.000000000000e+00 -4.200000000000e-01
v 6.000000000000e-02 0.000000000000e+00 -3.800000000000e-01
v 4.000000000000e-02 0.000000000000e+00 -3.800000000000e-01
v 1.000000000000e-01 0.000000000000e+00 -4.400000000000e-01
v 8.000000000000e-02 0.000000000000e+00 -4.400000000000e-01
v 6.000000000000e-02 0.000000000000e+00 -4.200000000000e-01
v 6.000000000000e-02 0.000000000000e+00 -3.400000000000e-01
v 4.000000000000e-02 0.000000000000e+00 -3.400000000000e-01
v 4.000000000000e-02 0.000000000000e+00 -3.600000000000e-01
v 8.000000000000e-02 0.000000000000e+00 -4.000000000000e-01
v 6.000000000000e-02 0.000000000000e+00 -3.600000000000e-01
v 6.000000000000e-02 0.000000000000e+00 -4.000000000000e-01
v -8.000000000000e-02 0.000000000000e+00 -3.000000000000e-01
v -8.000000000000e-02 0.000000000000e+00 -3.400000000000e-01
v -6.000000000000e-02 0.000000000000e+00 -3.000000000000e-01
v -4.000000000000e-02 0.000000000000e+00 -3.000000000000e-01
v -6.000000000000e-02 0.000000000000e+00 -3.400000000000e-01
v -1.000000000000e-01 0.000000000000e+00 -3.000000000000e-01
v -4.000000000000e-02 0.000000000000e+00 -3.400000000000e-01
v -2.000000000000e-02 0.000000000000e+00 -3.400000000000e-01
v -8.000000000000e-02 0.000000000000e+00 -3.200000000000e-01
v -6.000000000000e-02 0.000000000000e+00 -2.800000000000e-01
v -6.000000000000e-02 0.000000000000e+00 -3.200000000000e-01
v -4.000000000000e-02 0.000000000000e+00 -3.200000000000e-01
v -2.000000000000e-02 0.000000000000e+00 -3.200000000000e-01
v -8.000000000000e-02 0.000000000000e+00 -2.800000000000e-01
v -1.000000000000e-01 0.000000000000e+00 -2.800000000000e-01
v -1.800000000000e-01 0.000000000000e+00 -3.200000000000e-01
v -2.000000000000e-01 0.000000000000e+00 -3.200000000000e-01
v -1.600000000000e-01 0.000000000000e+00 -3.200000000000e-01
v -2.000000000000e-01 0.000000000000e+00 -2.800000000000e-01
v -1.400000000000e-01 0.000000000000e+00 -3.400000000000e-01
v -1.600000000000e-01 0.000000000000e+00 -3.400000000000e-01
v -1.800000000000e-01 0.000000000000e+00 -3.400000000000e-01
v -2.000000000000e-01 0.000000000000e+00 -3.400000000000e-01
v -2.000000000000e-01 0.000000000000e+00 -3.000000000000e-01
v -1.600000000000e-01 0.000000000000e+00 -3.800000000000e-01
v -1.800000000000e-01 0.000000000000e+00 -3.600000000000e-01
v -1.600000000000e-01 0.000000000000e+00 -3.600000000000e-01
v -1.800000000000e-01 0.000000000000e+00 -3.000000000000e-01
v -1.400000000000e-01 0.000000000000e+00 -3.600000000000e-01
v -1.200000000000e-01 0.000000000000e+00 -2.800000000000e-01
v -1.200000000000e-01 0.000000000000e+00 -3.400000000000e-01
v -1.400000000000e-01 0.000000000000e+00 -2.800000000000e-01
v -1.600000000000e-01 0.000000000000e+00 -3.000000000000e-01
v -1.400000000000e-01 0.000000000000e+00 -3.000000000000e-01
v -1.000000000000e-01 0.000000000000e+00 -3.200000000000e-01
v -1.200000000000e-01 0.000000000000e+00 -3.200000000000e-01
v -1.400000000000e-01 0.000000000000e+00 -3.200000000000e-01
v -1.200000000000e-01 0.000000000000e+00 -3.000000000000e-01
v -1.600000000000e-01 0.000000000000e+00 -2.800000000000e-01
v -1.800000000000e-01 0.000000000000e+00 -2.800000000000e-01
v -1.000000000000e-01 0.000000000000e+00 -3.400000000000e-01
v -2.000000000000e-01 0.000000000000e+00 -2.600000000000e-01
v -1.400000000000e-01 0.000000000000e+00 -2.600000000000e-01
v -1.600000000000e-01 0.000000000000e+00 -2.600000000000e-01
v -1.800000000000e-01 0.000000000000e+00 -2.600000000000e-01
v -1.000000000000e-01 0.000000000000e+00 -3.600000000000e-01
v -2.000000000000e-02 0.000000000000e+00 -4.400000000000e-01
v -8.000000000000e-02 0.000000000000e+00 -3.800000000000e-01
v -6.000000000000e-02 0.000000000000e+00 -3.800000000000e-01
v -4.000000000000e-02 0.000000000000e+00 -3.800000000000e-01
v -2.000000000000e-02 0.000000000000e+00 -4.200000000000e-01
v -4.000000000000e-02 0.000000000000e+00 -4.200000000000e-01
v -8.000000000000e-02 0.000000000000e+00 -3.600000000000e-01
v -6.000000000000e-02 0.000000000000e+00 -3.600000000000e-01
v -4.000000000000e-02 0.000000000000e+00 -3.600000000000e-01
v -2.000000000000e-02 0.000000000000e+00 -3.600000000000e-01
v -2.000000000000e-02 0.000000000000e+00 -3.800000000000e-01
v -4.000000000000e-02 0.000000000000e+00 -4.000000000000e-01
v -6.000000000000e-02 0.000000000000e+00 -4.000000000000e-01
v -2.000000000000e-02 0.000000000000e+00 -4.000000000000e-01
v -6.000000000000e-02 0.000000000000e+00 -4.400000000000e-01
v -2.000000000000e-02 0.000000000000e+00 -4.800000000000e-01
v -8.000000000000e-02 0.000000000000e+00 -5.000000000000e-01
v -4.000000000000e-02 0.000000000000e+00 -4.800000000000e-01
v -4.000000000000e-02 0.000000000000e+00 -4.400000000000e-01
v -6.000000000000e-02 0.000000000000e+00 -5.000000000000e-01
v -4.000000000000e-02 0.000000000000e+00 -5.000000000000e-01
v -2.000000000000e-02 0.000000000000e+00 -5.000000000000e-01
v -6.000000000000e-02 0.000000000000e+00 -4.800000000000e-01
v -8.000000000000e-02 0.000000000000e+00 -4.800000000000e-01
v -8.000000000000e-02 0.000000000000e+00 -4.600000000000e-01
v -6.000000000000e-02 0.000000000000e+00 -4.600000000000e-01
v -4.000000000000e-02 0.000000000000e+00 -4.600000000000e-01
v -2.000000000000e-02 0.000000000000e+00 -4.600000000000e-01
v -6.000000000000e-02 0.000000000000e+00 -4.200000000000e-01
v -1.200000000000e-01 0.000000000000e+00 -4.400000000000e-01
v -1.200000000000e-01 0.000000000000e+00 -3.600000000000e-01
v -1.400000000000e-01 0.000000000000e+00 -3.800000000000e-01
v -1.200000000000e-01 0.000000000000e+00 -3.800000000000e-01
v -1.000000000000e-01 0.000000000000e+00 -3.800000000000e-01
v -8.000000000000e-02 0.000000000000e+00 -4.000000000000e-01
v -1.000000000000e-01 0.000000000000e+00 -4.000000000000e-01
v -1.200000000000e-01 0.000000000000e+00 -4.000000000000e-01
v -1.400000000000e-01 0.000000000000e+00 -4.000000000000e-01
v -1.000000000000e-01 0.000000000000e+00 -4.400000000000e-01
v -8.000000000000e-02 0.000000000000e+00 -4.400000000000e-01
v -8.000000000000e-02 0.000000000000e+00 -4.200000000000e-01
v -1.000000000000e-01 0.000000000000e+00 -4.600000000000e-01
v -1.000000000000e-01 0.000000000000e+00 -4.200000000000e-01
v -1.200000000000e-01 0.000000000000e+00 -4.200000000000e-01
v 8.000000000000e-02 0.000000000000e+00 -2.600000000000e-01
v 1.200000000000e-01 0.000000000000e+00 -2.800000000000e-01
v 1.000000000000e-01 0.000000000000e+00 -2.800000000000e-01
v 8.000000000000e-02 0.000000000000e+00 -2.800000000000e-01
v 1.400000000000e-01 0.000000000000e+00 -2.800000000000e-01
v 1.000000000000e-01 0.000000000000e+00 -3.400000000000e-01
v 1.200000000000e-01 0.000000000000e+00 -3.400000000000e-01
v 1.400000000000e-01 0.000000000000e+00 -3.400000000000e-01
v 1.400000000000e-01 0.000000000000e+00 -3.600000000000e-01
v 1.400000000000e-01 0.000000000000e+00 -3.200000000000e-01
v 1.200000000000e-01 0.000000000000e+00 -3.200000000000e-01
v 1.000000000000e-01 0.000000000000e+00 -3.000000000000e-01
v 1.200000000000e-01 0.000000000000e+00 -3.000000000000e-01
v 1.000000000000e-01 0.000000000000e+00 -3.200000000000e-01
v 1.400000000000e-01 0.000000000000e+00 -3.000000000000e-01
v 2.000000000000e-02 0.000000000000e+00 -3.000000000000e-01
v 2.000000000000e-02 0.000000000000e+00 -2.600000000000e-01
v 4.000000000000e-02 0.000000000000e+00 -2.600000000000e-01
v 6.000000000000e-02 0.000000000000e+00 -2.600000000000e-01
v 8.000000000000e-02 0.000000000000e+00 -3.400000000000e-01
v 8.000000000000e-02 0.000000000000e+00 -3.200000000000e-01
v 6.000000000000e-02 0.000000000000e+00 -3.200000000000e-01
v 4.000000000000e-02 0.000000000000e+00 -3.200000000000e-01
v 2.000000000000e-02 0.000000000000e+00 -2.400000000000e-01
v 6.000000000000e-02 0.000000000000e+00 -2.800000000000e-01
v 4.000000000000e-02 0.000000000000e+00 -2.800000000000e-01
v 2.000000000000e-02 0.000000000000e+00 -2.800000000000e-01
v 8.000000000000e-02 0.000000000000e+00 -3.000000000000e-01
v 6.000000000000e-02 0.000000000000e+00 -3.000000000000e-01
v 4.000000000000e-02 0.000000000000e+00 -3.000000000000e-01
v 6.000000000000e-02 0.000000000000e+00 -2.200000000000e-01
v 0.000000000000e+00 0.000000000000e+00 -1.400000000000e-01
v 2.000000000000e-02 0.000000000000e+00 -1.400000000000e-01
v 0.000000000000e+00 0.000000000000e+00 -1.800000000000e-01
v 6.000000000000e-02 0.000000000000e+00 -2.400000000000e-01
v 6.000000000000e-02 0.000000000000e+00 -2.000000000000e-01
v 4.000000000000e-02 0.000000000000e+00 -1.600000000000e-01
v 2.000000000000e-02 0.000000000000e+00 -1.600000000000e-01
v 0.000000000000e+00 0.000000000000e+00 -1.600000000000e-01
v 4.000000000000e-02 0.000000000000e+00 -2.000000000000e-01
v 2.000000000000e-02 0.000000000000e+00 -2.000000000000e-01
v 4.000000000000e-02 0.000000000000e+00 -2.200000000000e-01
v 2.000000000000e-02 0.000000000000e+00 -2.200000000000e-01
v 2.000000000000e-02 0.000000000000e+00 -1.800000000000e-01
v 4.000000000000e-02 0.000000000000e+00 -1.800000000000e-01
v 4.000000000000e-02 0.000000000000e+00 -2.400000000000e-01
v 4.000000000000e-02 0.000000000000e+00 -1.400000000000e-01
v 6.000000000000e-02 0.000000000000e+00 -1.800000000000e-01
v 8.000000000000e-02 0.000000000000e+00 -1.800000000000e-01
v 1.200000000000e-01 0.000000000000e+00 -1.400000000000e-01
v 1.000000000000e-01 0.000000000000e+00 -1.400000000000e-01
v 8.000000000000e-02 0.000000000000e+00 -1.400000000000e-01
v 1.400000000000e-01 0.000000000000e+00 -1.800000000000e-01
v 1.200000000000e-01 0.000000000000e+00 -1.800000000000e-01
v 1.000000000000e-01 0.000000000000e+00 -1.800000000000e-01
v 1.400000000000e-01 0.000000000000e+00 -2.000000000000e-01
v 6.000000000000e-02 0.000000000000e+00 -1.400000000000e-01
v 8.000000000000e-02 0.000000000000e+00 -1.600000000000e-01
v 6.000000000000e-02 0.000000000000e+00 -1.600000000000e-01
v 1.000000000000e-01 0.000000000000e+00 -1.600000000000e-01
v 1.200000000000e-01 0.000000000000e+00 -1.600000000000e-01
v 1.000000000000e-01 0.000000000000e+00 -2.000000000000e-01
v 1.200000000000e-01 0.000000000000e+00 -2.600000000000e-01
v 1.000000000000e-01 0.000000000000e+00 -2.600000000000e-01
v 1.400000000000e-01 0.000000000000e+00 -2.600000000000e-01
v 1.400000000000e-01 0.000000000000e+00 -2.200000000000e-01
v 1.200000000000e-01 0.000000000000e+00 -2.200000000000e-01
v 1.000000000000e-01 0.000000000000e+00 -2.200000000000e-01
v 8.000000000000e-02 0.000000000000e+00 -2.200000000000e-01
v 8.000000000000e-02 0.000000000000e+00 -2.400000000000e-01
v 1.000000000000e-01 0.000000000000e+00 -2.400000000000e-01
v 1.400000000000e-01 0.000000000000e+00 -2.400000000000e-01
v 1.200000000000e-01 0.000000000000e+00 -2.400000000000e-01
v 8.000000000000e-02 0.000000000000e+00 -2.000000000000e-01
v 1.200000000000e-01 0.000000000000e+00 -2.000000000000e-01
v -4.000000000000e-02 0.000000000000e+00 -2.400000000000e-01
v -6.000000000000e-02 0.000000000000e+00 -2.200000000000e-01
v -8.000000000000e-02 0.000000000000e+00 -2.200000000000e-01
v 0.000000000000e+00 0.000000000000e+00 -2.800000000000e-01
v -2.000000000000e-02 0.000000000000e+00 -2.800000000000e-01
v -4.000000000000e-02 0.000000000000e+00 -2.800000000000e-01
v 0.000000000000e+00 0.000000000000e+00 -2.600000000000e-01
v -2.000000000000e-02 0.000000000000e+00 -3.000000000000e-01
v -8.000000000000e-02 0.000000000000e+00 -2.600000000000e-01
v -6.000000000000e-02 0.000000000000e+00 -2.600000000000e-01
v -4.000000000000e-02 0.000000000000e+00 -2.600000000000e-01
v -2.000000000000e-02 0.000000000000e+00 -2.600000000000e-01
v 0.000000000000e+00 0.000000000000e+00 -3.000000000000e-01
v -8.000000000000e-02 0.000000000000e+00 -2.400000000000e-01
v -6.000000000000e-02 0.000000000000e+00 -2.400000000000e-01
v -4.000000000000e-02 0.000000000000e+00 -1.800000000000e-01
v -6.000000000000e-02 0.000000000000e+00 -1.800000000000e-01
v 0.000000000000e+00 0.000000000000e+00 -2.400000000000e-01
v -2.000000000000e-02 0.000000000000e+00 -2.400000000000e-01
v 0.000000000000e+00 0.000000000000e+00 -2.200000000000e-01
v -8.000000000000e-02 0.000000000000e+00 -1.800000000000e-01
v -2.000000000000e-02 0.000000000000e+00 -2.200000000000e-01
v 0.000000000000e+00 0.000000000000e+00 -2.000000000000e-01
v -2.000000000000e-02 0.000000000000e+00 -2.000000000000e-01
v -4.000000000000e-02 0.000000000000e+00 -2.200000000000e-01
v -2.000000000000e-02 0.000000000000e+00 -1.800000000000e-01
v -1.000000000000e-01 0.000000000000e+00 -1.800000000000e-01
v -4.000000000000e-02 0.000000000000e+00 -2.000000000000e-01
v -8.000000000000e-02 0.000000000000e+00 -2.000000000000e-01
v -6.000000000000e-02 0.000000000000e+00 -2.000000000000e-01
v -8.000000000000e-02 0.000000000000e+00 -1.600000000000e-01
v -6.000000000000e-02 0.000000000000e+00 -1.200000000000e-01
v -2.000000000000e-02 0.000000000000e+00 -1.600000000000e-01
v -4.000000000000e-02 0.000000000000e+00 -1.600000000000e-01
v -1.200000000000e-01 0.000000000000e+00 -1.200000000000e-01
v -1.000000000000e-01 0.000000000000e+00 -1.200000000000e-01
v -8.000000000000e-02 0.000000000000e+00 -1.200000000000e-01
v -4.000000000000e-02 0.000000000000e+00 -1.200000000000e-01
v -6.000000000000e-02 0.000000000000e+00 -1.600000000000e-01
v -1.000000000000e-01 0.000000000000e+00 -1.600000000000e-01
v -2.000000000000e-02 0.000000000000e+00 -1.400000000000e-01
v -4.000000000000e-02 0.000000000000e+00 -1.400000000000e-01
v -1.000000000000e-01 0.000000000000e+00 -1.400000000000e-01
v -8.000000000000e-02 0.000000000000e+00 -1.400000000000e-01
v -6.000000000000e-02 0.000000000000e+00 -1.400000000000e-01
v -2.200000000000e-01 0.000000000000e+00 -1.600000000000e-01
v -2.000000000000e-01 0.000000000000e+00 -1.400000000000e-01
v -2.200000000000e-01 0.000000000000e+00 -1.400000000000e-01
v -1.800000000000e-01 0.000000000000e+00 -2.400000000000e-01
v -2.200000000000e-01 0.000000000000e+00 -1.800000000000e-01
v -2.000000000000e-01 0.000000000000e+00 -1.800000000000e-01
v -2.000000000000e-01 0.000000000000e+00 -2.200000000000e-01
v -2.400000000000e-01 0.000000000000e+00 -1.400000000000e-01
v -2.400000000000e-01 0.000000000000e+00 -1.600000000000e-01
v -2.000000000000e-01 0.000000000000e+00 -1.600000000000e-01
v -2.000000000000e-01 0.000000000000e+00 -1.200000000000e-01
v -2.200000000000e-01 0.000000000000e+00 -1.200000000000e-01
v -2.400000000000e-01 0.000000000000e+00 -1.200000000000e-01
v -2.000000000000e-01 0.000000000000e+00 -2.400000000000e-01
v -2.000000000000e-01 0.000000000000e+00 -2.000000000000e-01
v -1.000000000000e-01 0.000000000000e+00 -2.200000000000e-01
v -1.800000000000e-01 0.000000000000e+00 -2.200000000000e-01
v -1.600000000000e-01 0.000000000000e+00 -2.200000000000e-01
v -1.400000000000e-01 0.000000000000e+00 -2.200000000000e-01
v -1.000000000000e-01 0.000000000000e+00 -2.400000000000e-01
v -1.200000000000e-01 0.000000000000e+00 -2.200000000000e-01
v -1.000000000000e-01 0.000000000000e+00 -2.600000000000e-01
v -1.200000000000e-01 0.000000000000e+00 -2.600000000000e-01
v -1.200000000000e-01 0.000000000000e+00 -2.400000000000e-01
v -1.400000000000e-01 0.000000000000e+00 -2.400000000000e-01
v -1.000000000000e-01 0.000000000000e+00 -2.000000000000e-01
v -1.800000000000e-01 0.000000000000e+00 -2.000000000000e-01
v -1.600000000000e-01 0.000000000000e+00 -2.000000000000e-01
v -1.400000000000e-01 0.000000000000e+00 -2.000000000000e-01
v -1.600000000000e-01 0.000000000000e+00 -2.400000000000e-01
v -1.200000000000e-01 0.000000000000e+00 -2.000000000000e-01
v -1.200000000000e-01 0.000000000000e+00 -1.800000000000e-01
v -1.200000000000e-01 0.000000000000e+00 -1.600000000000e-01
v -1.800000000000e-01 0.000000000000e+00 -1.200000000000e-01
v -1.600000000000e-01 0.000000000000e+00 -1.200000000000e-01
v -1.400000000000e-01 0.000000000000e+00 -1.200000000000e-01
v -1.400000000000e-01 0.000000000000e+00 -1.600000000000e-01
v -1.600000000000e-01 0.000000000000e+00 -1.600000000000e-01
v -1.800000000000e-01 0.000000000000e+00 -1.600000000000e-01
v -1.600000000000e-01 0.000000000000e+00 -1.400000000000e-01
v -1.400000000000e-01 0.000000000000e+00 -1.800000000000e-01
v -1.600000000000e-01 0.000000000000e+00 -1.800000000000e-01
v -1.200000000000e-01 0.000000000000e+00 -1.400000000000e-01
v -1.800000000000e-01 0.000000000000e+00 -1.800000000000e-01
v -1.400000000000e-01 0.000000000000e+00 -1.400000000000e-01
v -1.800000000000e-01 0.000000000000e+00 -1.400000000000e-01
f 2252 2250 2248
f 2248 2250 2251
f 2248 2251 2244
f 2244 2251 2253
f 2244 2253 2243
f 2243 2253 2264
f 2243 2264 2269
f 2269 2264 2262
f 2269 2262 2268
f 2268 2262 2261
f 2268 2261 2267
f 2267 2261 2258
f 2267 2258 2187
f 2187 2258 2190
f 2187 2190 2183
f 2183 2190 2189
f 2183 2189 2184
f 2184 2189 2188
f 2184 2188 2186
f 2186 2188 2122
f 2186 2122 2110
f 2110 2122 2118
f 2110 2118 2111
f 2111 2118 2113
f 2111 2113 2112
f 2112 2113 2119
f 2112 2119 2162
f 2162 2119 2156
f 2162 2156 2158
f 2158 2156 2159
f 2158 2159 2157
f 2157 2159 2163
f 2157 2163 2155
f 2155 2163 2166
f 2155 2166 2154
f 2154 2166 2169
f 2154 2169 2176
f 2176 2169 2173
f 2176 2173 2171
f 2171 2173 2172
f 2171 2172 2408
f 2408 2172 2415
f 2408 2415 2411
f 2411 2415 2414
f 2411 2414 2412
f 2412 2414 2409
f 2412 2409 2413
f 2413 2409 2407
f 2413 2407 2300
f 2300 2407 2296
f 2300 2296 2299
f 2299 2296 2295
f 2299 2295 2298
f 2298 2295 2293
f 2298 2293 2294
f 2294 2293 2292
f 2294 2292 2312
f 2312 2292 2302
f 2312 2302 2315
f 2315 2302 2303
f 2315 2303 2314
f 2314 2303 2304
f 2314 2304 2313
f 2313 2304 2305
f 2313 2305 2310
f 2310 2305 2306
f 2310 2306 803
f 803 2306 793
f 803 793 797
f 797 793 802
f 797 802 796
f 796 802 792
f 796 792 795
f 795 792 798
f 795 798 794
f 794 798 804
f 794 804 770
f 770 804 774
f 770 774 775
f 775 774 776
f 775 776 678
f 678 776 683
f 678 683 677
f 677 683 684
f 677 684 676
f 676 684 686
f 676 686 680
f 680 686 685
f 680 685 688
f 688 685 697
f 688 697 687
f 687 697 696
f 687 696 699
f 699 696 695
f 699 695 700
f 700 695 694
f 700 694 701
f 701 694 709
f 701 709 712
f 712 709 710
f 2250 2256 2251
f 2251 2256 2255
f 2251 2255 2253
f 2253 2255 2254
f 2253 2254 2264
f 2264 2254 2265
f 2264 2265 2262
f 2262 2265 2266
f 2262 2266 2261
f 2261 2266 2270
f 2261 2270 2258
f 2258 2270 2196
f 2258 2196 2190
f 2190 2196 2197
f 2190 2197 2189
f 2189 2197 2195
f 2189 2195 2188
f 2188 2195 2194
f 2188 2194 2122
f 2122 2194 2121
f 2122 2121 2118
f 2118 2121 2120
f 2118 2120 2113
f 2113 2120 2123
f 2113 2123 2119
f 2119 2123 2109
f 2119 2109 2156
f 2156 2109 2160
f 2156 2160 2159
f 2159 2160 2161
f 2159 2161 2163
f 2163 2161 2153
f 2163 2153 2166
f 2166 2153 2180
f 2166 2180 2169
f 2169 2180 2181
f 2169 2181 2173
f 2173 2181 2182
f 2173 2182 2172
f 2172 2182 2433
f 2172 2433 2415
f 2415 2433 2416
f 2415 2416 2414
f 2414 2416 2417
f 2414 2417 2409
f 2409 2417 2418
f 2409 2418 2407
f 2407 2418 2419
f 2407 2419 2296
f 2296 2419 2291
f 2296 2291 2295
f 2295 2291 2290
f 2295 2290 2293
f 2293 2290 2289
f 2293 2289 2292
f 2292 2289 2288
f 2292 2288 2302
f 2302 2288 2308
f 2302 2308 2303
f 2303 2308 2307
f 2303 2307 2304
f 2304 2307 2309
f 2304 2309 2305
f 2305 2309 2311
f 2305 2311 2306
f 2306 2311 2325
f 2306 2325 793
f 793 2325 801
f 793 801 802
f 802 801 791
f 802 791 792
f 792 791 800
f 792 800 798
f 798 800 805
f 798 805 804
f 804 805 773
f 804 773 774
f 774 773 762
f 774 762 776
f 776 762 763
f 776 763 683
f 683 763 679
f 683 679 684
f 684 679 674
f 684 674 686
f 686 674 673
f 686 673 685
f 685 673 675
f 685 675 697
f 697 675 698
f 697 698 696
f 696 698 689
f 696 689 695
f 695 689 690
f 695 690 694
f 694 690 715
f 694 715 709
f 709 715 714
f 709 714 710
f 710 714 713
f 2256 2245 2255
f 2255 2245 2242
f 2255 2242 2254
f 2254 2242 2260
f 2254 2260 2265
f 2265 2260 2271
f 2265 2271 2266
f 2266 2271 2257
f 2266 2257 2270
f 2270 2257 2207
f 2270 2207 2196
f 2196 2207 2193
f 2196 2193 2197
f 2197 2193 2192
f 2197 2192 2195
f 2195 2192 2185
f 2195 2185 2194
f 2194 2185 2191
f 2194 2191 2121
f 2121 2191 2117
f 2121 2117 2120
f 2120 2117 2116
f 2120 2116 2123
f 2123 2116 2115
f 2123 2115 2109
f 2109 2115 2114
f 2109 2114 2160
f 2160 2114 2164
f 2160 2164 2161
f 2161 2164 2165
f 2161 2165 2153
f 2153 2165 2179
f 2153 2179 2180
f 2180 2179 2177
f 2180 2177 2181
f 2181 2177 2175
f 2181 2175 2182
f 2182 2175 2421
f 2182 2421 2433
f 2433 2421 2430
f 2433 2430 2416
f 2416 2430 2431
f 2416 2431 2417
f 2417 2431 2406
f 2417 2406 2418
f 2418 2406 2410
f 2418 2410 2419
f 2419 2410 2392
f 2419 2392 2291
f 2291 2392 2287
f 2291 2287 2290
f 2290 2287 2301
f 2290 2301 2289
f 2289 2301 2281
f 2289 2281 2288
f 2288 2281 2283
f 2288 2283 2308
f 2308 2283 2338
f 2308 2338 2307
f 2307 2338 2337
f 2307 2337 2309
f 2309 2337 2321
f 2309 2321 2311
f 2311 2321 2316
f 2311 2316 2325
f 2325 2316 2324
f 2325 2324 801
f 801 2324 799
f 801 799 791
f 791 799 790
f 791 790 800
f 800 790 789
f 800 789 805
f 805 789 761
f 805 761 773
f 773 761 766
f 773 766 762
f 762 766 769
f 762 769 763
f 763 769 771
f 763 771 679
f 679 771 672
f 679 672 674
f 674 672 682
f 674 682 673
f 673 682 681
f 673 681 675
f 675 681 691
f 675 691 698
f 698 691 692
f 698 692 689
f 689 692 693
f 689 693 690
f 690 693 706
f 690 706 715
f 715 706 702
f 715 702 714
f 714 702 703
f 714 703 713
f 713 703 704
f 2245 2246 2242
f 2242 2246 2247
f 2242 2247 2260
f 2260 2247 2263
f 2260 2263 2271
f 2271 2263 2259
f 2271 2259 2257
f 2257 2259 2211
f 2257 2211 2207
f 2207 2211 2198
f 2207 2198 2193
f 2193 2198 2204
f 2193 2204 2192
f 2192 2204 2214
f 2192 2214 2185
f 2185 2214 2213
f 2185 2213 2191
f 2191 2213 2125
f 2191 2125 2117
f 2117 2125 2135
f 2117 2135 2116
f 2116 2135 2136
f 2116 2136 2115
f 2115 2136 2137
f 2115 2137 2114
f 2114 2137 2144
f 2114 2144 2164
f 2164 2144 2143
f 2164 2143 2165
f 2165 2143 2142
f 2165 2142 2179
f 2179 2142 2178
f 2179 2178 2177
f 2177 2178 2167
f 2177 2167 2175
f 2175 2167 2174
f 2175 2174 2421
f 2421 2174 2435
f 2421 2435 2430
f 2430 2435 2434
f 2430 2434 2431
f 2431 2434 2432
f 2431 2432 2406
f 2406 2432 2420
f 2406 2420 2410
f 2410 2420 2397
f 2410 2397 2392
f 2392 2397 2396
f 2392 2396 2287
f 2287 2396 2297
f 2287 2297 2301
f 2301 2297 2272
f 2301 2272 2281
f 2281 2272 2282
f 2281 2282 2283
f 2283 2282 2339
f 2283 2339 2338
f 2338 2339 2334
f 2338 2334 2337
f 2337 2334 2333
f 2337 2333 2321
f 2321 2333 2320
f 2321 2320 2316
f 2316 2320 2322
f 2316 2322 2324
f 2324 2322 2323
f 2324 2323 799
f 799 2323 781
f 799 781 790
f 790 781 780
f 790 780 789
f 789 780 779
f 789 779 761
f 761 779 772
f 761 772 766
f 766 772 764
f 766 764 769
f 769 764 765
f 769 765 771
f 771 765 644
f 771 644 672
f 672 644 651
f 672 651 682
f 682 651 652
f 682 652 681
f 681 652 653
f 681 653 691
f 691 653 671
f 691 671 692
f 692 671 660
f 692 660 693
f 693 660 666
f 693 666 706
f 706 666 711
f 706 711 702
f 702 711 708
f 702 708 703
f 703 708 707
f 703 707 704
f 704 707 705
f 2246 2249 2247
f 2247 2249 2228
f 2247 2228 2263
f 2263 2228 2241
f 2263 2241 2259
f 2259 2241 2210
f 2259 2210 2211
f 2211 2210 2209
f 2211 2209 2198
f 2198 2209 2205
f 2198 2205 2204
f 2204 2205 2225
f 2204 2225 2214
f 2214 2225 2224
f 2214 2224 2213
f 2213 2224 2223
f 2213 2223 2125
f 2125 2223 2133
f 2125 2133 2135
f 2135 2133 2132
f 2135 2132 2136
f 2136 2132 2130
f 2136 2130 2137
f 2137 2130 2129
f 2137 2129 2144
f 2144 2129 2139
f 2144 2139 2143
f 2143 2139 2140
f 2143 2140 2142
f 2142 2140 2141
f 2142 2141 2178
f 2178 2141 2168
f 2178 2168 2167
f 2167 2168 2170
f 2167 2170 2174
f 2174 2170 2429
f 2174 2429 2435
f 2435 2429 2428
f 2435 2428 2434
f 2434 2428 2427
f 2434 2427 2432
f 2432 2427 2426
f 2432 2426 2420
f 2420 2426 2404
f 2420 2404 2397
f 2397 2404 2403
f 2397 2403 2396
f 2396 2403 2405
f 2396 2405 2297
f 2297 2405 2278
f 2297 2278 2272
f 2272 2278 2279
f 2272 2279 2282
f 2282 2279 2280
f 2282 2280 2339
f 2339 2280 2345
f 2339 2345 2334
f 2334 2345 2343
f 2334 2343 2333
f 2333 2343 2327
f 2333 2327 2320
f 2320 2327 2328
f 2320 2328 2322
f 2322 2328 2329
f 2322 2329 2323
f 2323 2329 785
f 2323 785 781
f 781 785 786
f 781 786 780
f 780 786 787
f 780 787 779
f 779 787 788
f 779 788 772
f 772 788 768
f 772 768 764
f 764 768 767
f 764 767 765
f 765 767 721
f 765 721 644
f 644 721 654
f 644 654 651
f 651 654 655
f 651 655 652
f 652 655 656
f 652 656 653
f 653 656 667
f 653 667 671
f 671 667 668
f 671 668 660
f 660 668 669
f 660 669 666
f 666 669 670
f 666 670 711
f 711 670 906
f 711 906 708
f 708 906 907
f 708 907 707
f 707 907 919
f 707 919 705
f 705 919 926
f 2249 2232 2228
f 2228 2232 2236
f 2228 2236 2241
f 2241 2236 2237
f 2241 2237 2210
f 2210 2237 2199
f 2210 2199 2209
f 2209 2199 2200
f 2209 2200 2205
f 2205 2200 2201
f 2205 2201 2225
f 2225 2201 2217
f 2225 2217 2224
f 2224 2217 2216
f 2224 2216 2223
f 2223 2216 2215
f 2223 2215 2133
f 2133 2215 2134
f 2133 2134 2132
f 2132 2134 2131
f 2132 2131 2130
f 2130 2131 2126
f 2130 2126 2129
f 2129 2126 2150
f 2129 2150 2139
f 2139 2150 2149
f 2139 2149 2140
f 2140 2149 2152
f 2140 2152 2141
f 2141 2152 2151
f 2141 2151 2168
f 2168 2151 2138
f 2168 2138 2170
f 2170 2138 2370
f 2170 2370 2429
f 2429 2370 2423
f 2429 2423 2428
f 2428 2423 2424
f 2428 2424 2427
f 2427 2424 2425
f 2427 2425 2426
f 2426 2425 2393
f 2426 2393 2404
f 2404 2393 2394
f 2404 2394 2403
f 2403 2394 2395
f 2403 2395 2405
f 2405 2395 2402
f 2405 2402 2278
f 2278 2402 2286
f 2278 2286 2279
f 2279 2286 2285
f 2279 2285 2280
f 2280 2285 2336
f 2280 2336 2345
f 2345 2336 2335
f 2345 2335 2343
f 2343 2335 2332
f 2343 2332 2327
f 2327 2332 2319
f 2327 2319 2328
f 2328 2319 2318
f 2328 2318 2329
f 2329 2318 2317
f 2329 2317 785
f 785 2317 784
f 785 784 786
f 786 784 783
f 786 783 787
f 787 783 778
f 787 778 788
f 788 778 754
f 788 754 768
f 768 754 720
f 768 720 767
f 767 720 719
f 767 719 721
f 721 719 725
f 721 725 654
f 654 725 650
f 654 650 655
f 655 650 649
f 655 649 656
f 656 649 642
f 656 642 667
f 667 642 665
f 667 665 668
f 668 665 664
f 668 664 669
f 669 664 657
f 669 657 670
f 670 657 908
f 670 908 906
f 906 908 910
f 906 910 907
f 907 910 911
f 907 911 919
f 919 911 916
f 919 916 926
f 926 916 917
f 2232 2231 2236
f 2236 2231 2230
f 2236 2230 2237
f 2237 2230 2229
f 2237 2229 2199
f 2199 2229 2208
f 2199 2208 2200
f 2200 2208 2212
f 2200 2212 2201
f 2201 2212 2206
f 2201 2206 2217
f 2217 2206 2220
f 2217 2220 2216
f 2216 2220 2219
f 2216 2219 2215
f 2215 2219 2218
f 2215 2218 2134
f 2134 2218 2127
f 2134 2127 2131
f 2131 2127 2128
f 2131 2128 2126
f 2126 2128 2124
f 2126 2124 2150
f 2150 2124 2148
f 2150 2148 2149
f 2149 2148 2147
f 2149 2147 2152
f 2152 2147 2146
f 2152 2146 2151
f 2151 2146 2145
f 2151 2145 2138
f 2138 2145 2371
f 2138 2371 2370
f 2370 2371 2372
f 2370 2372 2423
f 2423 2372 2374
f 2423 2374 2424
f 2424 2374 2422
f 2424 2422 2425
f 2425 2422 2391
f 2425 2391 2393
f 2393 2391 2398
f 2393 2398 2394
f 2394 2398 2399
f 2394 2399 2395
f 2395 2399 2400
f 2395 2400 2402
f 2402 2400 2401
f 2402 2401 2286
f 2286 2401 2274
f 2286 2274 2285
f 2285 2274 2277
f 2285 2277 2336
f 2336 2277 2342
f 2336 2342 2335
f 2335 2342 2344
f 2335 2344 2332
f 2332 2344 2331
f 2332 2331 2319
f 2319 2331 2326
f 2319 2326 2318
f 2318 2326 2330
f 2318 2330 2317
f 2317 2330 2444
f 2317 2444 784
f 784 2444 782
f 784 782 783
f 783 782 777
f 783 777 778
f 778 777 756
f 778 756 754
f 754 756 755
f 754 755 720
f 720 755 727
f 720 727 719
f 719 727 728
f 719 728 725
f 725 728 729
f 725 729 650
f 650 729 646
f 650 646 649
f 649 646 645
f 649 645 642
f 642 645 658
f 642 658 665
f 665 658 659
f 665 659 664
f 664 659 663
f 664 663 657
f 657 663 905
f 657 905 908
f 908 905 903
f 908 903 910
f 910 903 902
f 910 902 911
f 911 902 920
f 911 920 916
f 916 920 912
f 916 912 917
f 917 912 918
f 2231 2235 2230
f 2230 2235 2234
f 2230 2234 2229
f 2229 2234 2233
f 2229 2233 2208
f 2208 2233 2202
f 2208 2202 2212
f 2212 2202 2203
f 2212 2203 2206
f 2206 2203 2227
f 2206 2227 2220
f 2220 2227 2222
f 2220 2222 2219
f 2219 2222 2221
f 2219 2221 2218
f 2218 2221 2226
f 2218 2226 2127
f 2127 2226 2023
f 2127 2023 2128
f 2128 2023 2029
f 2128 2029 2124
f 2124 2029 2030
f 2124 2030 2148
f 2148 2030 2031
f 2148 2031 2147
f 2147 2031 2060
f 2147 2060 2146
f 2146 2060 2057
f 2146 2057 2145
f 2145 2057 2368
f 2145 2368 2371
f 2371 2368 2367
f 2371 2367 2372
f 2372 2367 2366
f 2372 2366 2374
f 2374 2366 2365
f 2374 2365 2422
f 2422 2365 2376
f 2422 2376 2391
f 2391 2376 2386
f 2391 2386 2398
f 2398 2386 2347
f 2398 2347 2399
f 2399 2347 2350
f 2399 2350 2400
f 2400 2350 2352
f 2400 2352 2401
f 2401 2352 2353
f 2401 2353 2274
f 2274 2353 2276
f 2274 2276 2277
f 2277 2276 2284
f 2277 2284 2342
f 2342 2284 2341
f 2342 2341 2344
f 2344 2341 2340
f 2344 2340 2331
f 2331 2340 2455
f 2331 2455 2326
f 2326 2455 2441
f 2326 2441 2330
f 2330 2441 2442
f 2330 2442 2444
f 2444 2442 2443
f 2444 2443 782
f 782 2443 747
f 782 747 777
f 777 747 746
f 777 746 756
f 756 746 749
f 756 749 755
f 755 749 750
f 755 750 727
f 727 750 717
f 727 717 728
f 728 717 718
f 728 718 729
f 729 718 730
f 729 730 646
f 646 730 647
f 646 647 645
f 645 647 648
f 645 648 658
f 658 648 661
f 658 661 659
f 659 661 662
f 659 662 663
f 663 662 901
f 663 901 905
f 905 901 900
f 905 900 903
f 903 900 899
f 903 899 902
f 902 899 898
f 902 898 920
f 920 898 915
f 920 915 912
f 912 915 924
f 912 924 918
f 918 924 925
f 2235 2239 2234
f 2234 2239 2238
f 2234 2238 2233
f 2233 2238 1958
f 2233 1958 2202
f 2202 1958 1957
f 2202 1957 2203
f 2203 1957 1962
f 2203 1962 2227
f 2227 1962 1961
f 2227 1961 2222
f 2222 1961 1960
f 2222 1960 2221
f 2221 1960 1965
f 2221 1965 2226
f 2226 1965 2026
f 2226 2026 2023
f 2023 2026 2022
f 2023 2022 2029
f 2029 2022 2021
f 2029 2021 2030
f 2030 2021 2020
f 2030 2020 2031
f 2031 2020 2056
f 2031 2056 2060
f 2060 2056 2058
f 2060 2058 2057
f 2057 2058 2059
f 2057 2059 2368
f 2368 2059 2362
f 2368 2362 2367
f 2367 2362 2361
f 2367 2361 2366
f 2366 2361 2363
f 2366 2363 2365
f 2365 2363 2382
f 2365 2382 2376
f 2376 2382 2381
f 2376 2381 2386
f 2386 2381 2380
f 2386 2380 2347
f 2347 2380 2354
f 2347 2354 2350
f 2350 2354 2356
f 2350 2356 2352
f 2352 2356 2357
f 2352 2357 2353
f 2353 2357 2358
f 2353 2358 2276
f 2276 2358 2275
f 2276 2275 2284
f 2284 2275 2273
f 2284 2273 2341
f 2341 2273 2458
f 2341 2458 2340
f 2340 2458 2457
f 2340 2457 2455
f 2455 2457 2456
f 2455 2456 2441
f 2441 2456 2449
f 2441 2449 2442
f 2442 2449 2446
f 2442 2446 2443
f 2443 2446 2445
f 2443 2445 747
f 747 2445 757
f 747 757 746
f 746 757 758
f 746 758 749
f 749 758 759
f 749 759 750
f 750 759 760
f 750 760 717
f 717 760 723
f 717 723 718
f 718 723 716
f 718 716 730
f 730 716 724
f 730 724 647
f 647 724 643
f 647 643 648
f 648 643 836
f 648 836 661
f 661 836 837
f 661 837 662
f 662 837 838
f 662 838 901
f 901 838 909
f 901 909 900
f 900 909 904
f 900 904 899
f 899 904 897
f 899 897 898
f 898 897 923
f 898 923 915
f 915 923 922
f 915 922 924
f 924 922 914
f 924 914 925
f 925 914 913
f 2239 2240 2238
f 2238 2240 1954
f 2238 1954 1958
f 1958 1954 1955
f 1958 1955 1957
f 1957 1955 1956
f 1957 1956 1962
f 1962 1956 1969
f 1962 1969 1961
f 1961 1969 1959
f 1961 1959 1960
f 1960 1959 1968
f 1960 1968 1965
f 1965 1968 1967
f 1965 1967 2026
f 2026 1967 2025
f 2026 2025 2022
f 2022 2025 2019
f 2022 2019 2021
f 2021 2019 2018
f 2021 2018 2020
f 2020 2018 2061
f 2020 2061 2056
f 2056 2061 2054
f 2056 2054 2058
f 2058 2054 2053
f 2058 2053 2059
f 2059 2053 2052
f 2059 2052 2362
f 2362 2052 2369
f 2362 2369 2361
f 2361 2369 2373
f 2361 2373 2363
f 2363 2373 2378
f 2363 2378 2382
f 2382 2378 2379
f 2382 2379 2381
f 2381 2379 2383
f 2381 2383 2380
f 2380 2383 2351
f 2380 2351 2354
f 2354 2351 2346
f 2354 2346 2356
f 2356 2346 2348
f 2356 2348 2357
f 2357 2348 2349
f 2357 2349 2358
f 2358 2349 2518
f 2358 2518 2275
f 2275 2518 2523
f 2275 2523 2273
f 2273 2523 2451
f 2273 2451 2458
f 2458 2451 2465
f 2458 2465 2457
f 2457 2465 2464
f 2457 2464 2456
f 2456 2464 2463
f 2456 2463 2449
f 2449 2463 2447
f 2449 2447 2446
f 2446 2447 2448
f 2446 2448 2445
f 2445 2448 2450
f 2445 2450 757
f 757 2450 752
f 757 752 758
f 758 752 748
f 758 748 759
f 759 748 753
f 759 753 760
f 760 753 733
f 760 733 723
f 723 733 737
f 723 737 716
f 716 737 726
f 716 726 724
f 724 726 722
f 724 722 643
f 643 722 849
f 643 849 836
f 836 849 847
f 836 847 837
f 837 847 848
f 837 848 838
f 838 848 850
f 838 850 909
f 909 850 885
f 909 885 904
f 904 885 884
f 904 884 897
f 897 884 883
f 897 883 923
f 923 883 889
f 923 889 922
f 922 889 921
f 922 921 914
f 914 921 941
f 914 941 913
f 913 941 942
f 2240 1945 1954
f 1954 1945 1944
f 1954 1944 1955
f 1955 1944 1950
f 1955 1950 1956
f 1956 1950 1949
f 1956 1949 1969
f 1969 1949 1970
f 1969 1970 1959
f 1959 1970 1971
f 1959 1971 1968
f 1968 1971 1972
f 1968 1972 1967
f 1967 1972 1973
f 1967 1973 2025
f 2025 1973 2032
f 2025 2032 2019
f 2019 2032 2024
f 2019 2024 2018
f 2018 2024 2047
f 2018 2047 2061
f 2061 2047 2039
f 2061 2039 2054
f 2054 2039 2049
f 2054 2049 2053
f 2053 2049 2050
f 2053 2050 2052
f 2052 2050 2051
f 2052 2051 2369
f 2369 2051 2364
f 2369 2364 2373
f 2373 2364 2385
f 2373 2385 2378
f 2378 2385 2384
f 2378 2384 2379
f 2379 2384 2377
f 2379 2377 2383
f 2383 2377 2375
f 2383 2375 2351
f 2351 2375 2360
f 2351 2360 2346
f 2346 2360 2359
f 2346 2359 2348
f 2348 2359 2355
f 2348 2355 2349
f 2349 2355 2516
f 2349 2516 2518
f 2518 2516 2515
f 2518 2515 2523
f 2523 2515 2514
f 2523 2514 2451
f 2451 2514 2462
f 2451 2462 2465
f 2465 2462 2461
f 2465 2461 2464
f 2464 2461 2460
f 2464 2460 2463
f 2463 2460 2439
f 2463 2439 2447
f 2447 2439 2438
f 2447 2438 2448
f 2448 2438 2437
f 2448 2437 2450
f 2450 2437 2440
f 2450 2440 752
f 752 2440 751
f 752 751 748
f 748 751 743
f 748 743 753
f 753 743 741
f 753 741 733
f 733 741 740
f 733 740 737
f 737 740 739
f 737 739 726
f 726 739 809
f 726 809 722
f 722 809 845
f 722 845 849
f 849 845 846
f 849 846 847
f 847 846 844
f 847 844 848
f 848 844 843
f 848 843 850
f 850 843 893
f 850 893 885
f 885 893 894
f 885 894 884
f 884 894 895
f 884 895 883
f 883 895 892
f 883 892 889
f 889 892 896
f 889 896 921
f 921 896 943
f 921 943 941
f 941 943 944
f 941 944 942
f 942 944 945
f 1945 1948 1944
f 1944 1948 1947
f 1944 1947 1950
f 1950 1947 1946
f 1950 1946 1949
f 1949 1946 1951
f 1949 1951 1970
f 1970 1951 1966
f 1970 1966 1971
f 1971 1966 1964
f 1971 1964 1972
f 1972 1964 1963
f 1972 1963 1973
f 1973 1963 2027
f 1973 2027 2032
f 2032 2027 2028
f 2032 2028 2024
f 2024 2028 2040
f 2024 2040 2047
f 2047 2040 2038
f 2047 2038 2039
f 2039 2038 2045
f 2039 2045 2049
f 2049 2045 2046
f 2049 2046 2050
f 2050 2046 2055
f 2050 2055 2051
f 2051 2055 2048
f 2051 2048 2364
f 2364 2048 2387
f 2364 2387 2385
f 2385 2387 2390
f 2385 2390 2384
f 2384 2390 2389
f 2384 2389 2377
f 2377 2389 2388
f 2377 2388 2375
f 2375 2388 2578
f 2375 2578 2360
f 2360 2578 2577
f 2360 2577 2359
f 2359 2577 2519
f 2359 2519 2355
f 2355 2519 2520
f 2355 2520 2516
f 2516 2520 2521
f 2516 2521 2515
f 2515 2521 2522
f 2515 2522 2514
f 2514 2522 2517
f 2514 2517 2462
f 2462 2517 2452
f 2462 2452 2461
f 2461 2452 2453
f 2461 2453 2460
f 2460 2453 2454
f 2460 2454 2439
f 2439 2454 2436
f 2439 2436 2438
f 2438 2436 2499
f 2438 2499 2437
f 2437 2499 2498
f 2437 2498 2440
f 2440 2498 2500
f 2440 2500 751
f 751 2500 734
f 751 734 743
f 743 734 742
f 743 742 741
f 741 742 744
f 741 744 740
f 740 744 745
f 740 745 739
f 739 745 817
f 739 817 809
f 809 817 816
f 809 816 845
f 845 816 839
f 845 839 846
f 846 839 840
f 846 840 844
f 844 840 841
f 844 841 843
f 843 841 842
f 843 842 893
f 893 842 882
f 893 882 894
f 894 882 881
f 894 881 895
f 895 881 890
f 895 890 892
f 892 890 891
f 892 891 896
f 896 891 946
f 896 946 943
f 943 946 947
f 943 947 944
f 944 947 948
f 944 948 945
f 945 948 949
f 1948 1953 1947
f 1947 1953 1952
f 1947 1952 1946
f 1946 1952 2016
f 1946 2016 1951
f 1951 2016 2017
f 1951 2017 1966
f 1966 2017 1996
f 1966 1996 1964
f 1964 1996 1997
f 1964 1997 1963
f 1963 1997 1998
f 1963 1998 2027
f 2027 1998 1999
f 2027 1999 2028
f 2028 1999 2033
f 2028 2033 2040
f 2040 2033 2037
f 2040 2037 2038
f 2038 2037 2036
f 2038 2036 2045
f 2045 2036 2035
f 2045 2035 2046
f 2046 2035 2034
f 2046 2034 2055
f 2055 2034 2062
f 2055 2062 2048
f 2048 2062 2077
f 2048 2077 2387
f 2387 2077 2569
f 2387 2569 2390
f 2390 2569 2559
f 2390 2559 2389
f 2389 2559 2585
f 2389 2585 2388
f 2388 2585 2580
f 2388 2580 2578
f 2578 2580 2579
f 2578 2579 2577
f 2577 2579 2575
f 2577 2575 2519
f 2519 2575 2524
f 2519 2524 2520
f 2520 2524 2525
f 2520 2525 2521
f 2521 2525 2511
f 2521 2511 2522
f 2522 2511 2529
f 2522 2529 2517
f 2517 2529 2528
f 2517 2528 2452
f 2452 2528 2459
f 2452 2459 2453
f 2453 2459 2481
f 2453 2481 2454
f 2454 2481 2470
f 2454 2470 2436
f 2436 2470 2505
f 2436 2505 2499
f 2499 2505 2506
f 2499 2506 2498
f 2498 2506 2508
f 2498 2508 2500
f 2500 2508 2507
f 2500 2507 734
f 734 2507 732
f 734 732 742
f 742 732 731
f 742 731 744
f 744 731 738
f 744 738 745
f 745 738 806
f 745 806 817
f 817 806 811
f 817 811 816
f 816 811 810
f 816 810 839
f 839 810 855
f 839 855 840
f 840 855 856
f 840 856 841
f 841 856 857
f 841 857 842
f 842 857 858
f 842 858 882
f 882 858 888
f 882 888 881
f 881 888 887
f 881 887 890
f 890 887 886
f 890 886 891
f 891 886 950
f 891 950 946
f 946 950 951
f 946 951 947
f 947 951 952
f 947 952 948
f 948 952 953
f 948 953 949
f 949 953 954
f 1953 2011 1952
f 1952 2011 2012
f 1952 2012 2016
f 2016 2012 2015
f 2016 2015 2017
f 2017 2015 2004
f 2017 2004 1996
f 1996 2004 2000
f 1996 2000 1997
f 1997 2000 2001
f 1997 2001 1998
f 1998 2001 2002
f 1998 2002 1999
f 1999 2002 2089
f 1999 2089 2033
f 2033 2089 2088
f 2033 2088 2037
f 2037 2088 2041
f 2037 2041 2036
f 2036 2041 2042
f 2036 2042 2035
f 2035 2042 2043
f 2035 2043 2034
f 2034 2043 2044
f 2034 2044 2062
f 2062 2044 2063
f 2062 2063 2077
f 2077 2063 2073
f 2077 2073 2569
f 2569 2073 2562
f 2569 2562 2559
f 2559 2562 2572
f 2559 2572 2585
f 2585 2572 2573
f 2585 2573 2580
f 2580 2573 2574
f 2580 2574 2579
f 2579 2574 2576
f 2579 2576 2575
f 2575 2576 2571
f 2575 2571 2524
f 2524 2571 2513
f 2524 2513 2525
f 2525 2513 2512
f 2525 2512 2511
f 2511 2512 2535
f 2511 2535 2529
f 2529 2535 2532
f 2529 2532 2528
f 2528 2532 2530
f 2528 2530 2459
f 2459 2530 2478
f 2459 2478 2481
f 2481 2478 2477
f 2481 2477 2470
f 2470 2477 2466
f 2470 2466 2505
f 2505 2466 2504
f 2505 2504 2506
f 2506 2504 2503
f 2506 2503 2508
f 2508 2503 2502
f 2508 2502 2507
f 2507 2502 2501
f 2507 2501 732
f 732 2501 735
f 732 735 731
f 731 735 736
f 731 736 738
f 738 736 814
f 738 814 806
f 806 814 813
f 806 813 811
f 811 813 812
f 811 812 810
f 810 812 808
f 810 808 855
f 855 808 859
f 855 859 856
f 856 859 860
f 856 860 857
f 857 860 864
f 857 864 858
f 858 864 865
f 858 865 888
f 888 865 932
f 888 932 887
f 887 932 933
f 887 933 886
f 886 933 934
f 886 934 950
f 950 934 955
f 950 955 951
f 951 955 958
f 951 958 952
f 952 958 959
f 952 959 953
f 953 959 960
f 953 960 954
f 954 960 961
f 2011 2010 2012
f 2012 2010 2009
f 2012 2009 2015
f 2015 2009 2008
f 2015 2008 2004
f 2004 2008 1993
f 2004 1993 2000
f 2000 1993 1992
f 2000 1992 2001
f 2001 1992 1991
f 2001 1991 2002
f 2002 1991 2081
f 2002 2081 2089
f 2089 2081 2082
f 2089 2082 2088
f 2088 2082 2078
f 2088 2078 2041
f 2041 2078 2107
f 2041 2107 2042
f 2042 2107 2106
f 2042 2106 2043
f 2043 2106 2094
f 2043 2094 2044
f 2044 2094 2074
f 2044 2074 2063
f 2063 2074 2065
f 2063 2065 2073
f 2073 2065 2066
f 2073 2066 2562
f 2562 2066 2570
f 2562 2570 2572
f 2572 2570 2582
f 2572 2582 2573
f 2573 2582 2583
f 2573 2583 2574
f 2574 2583 2584
f 2574 2584 2576
f 2576 2584 2586
f 2576 2586 2571
f 2571 2586 2581
f 2571 2581 2513
f 2513 2581 2539
f 2513 2539 2512
f 2512 2539 2540
f 2512 2540 2535
f 2535 2540 2538
f 2535 2538 2532
f 2532 2538 2534
f 2532 2534 2530
f 2530 2534 2533
f 2530 2533 2478
f 2478 2533 2476
f 2478 2476 2477
f 2477 2476 2475
f 2477 2475 2466
f 2466 2475 2471
f 2466 2471 2504
f 2504 2471 2509
f 2504 2509 2503
f 2503 2509 2497
f 2503 2497 2502
f 2502 2497 2510
f 2502 2510 2501
f 2501 2510 2491
f 2501 2491 735
f 735 2491 830
f 735 830 736
f 736 830 829
f 736 829 814
f 814 829 820
f 814 820 813
f 813 820 819
f 813 819 812
f 812 819 818
f 812 818 808
f 808 818 854
f 808 854 859
f 859 854 853
f 859 853 860
f 860 853 852
f 860 852 864
f 864 852 851
f 864 851 865
f 865 851 880
f 865 880 932
f 932 880 935
f 932 935 933
f 933 935 936
f 933 936 934
f 934 936 937
f 934 937 955
f 955 937 962
f 955 962 958
f 958 962 963
f 958 963 959
f 959 963 964
f 959 964 960
f 960 964 965
f 960 965 961
f 961 965 966
f 2010 2007 2009
f 2009 2007 2006
f 2009 2006 2008
f 2008 2006 2005
f 2008 2005 1993
f 1993 2005 1990
f 1993 1990 1992
f 1992 1990 1989
f 1992 1989 1991
f 1991 1989 1988
f 1991 1988 2081
f 2081 1988 2083
f 2081 2083 2082
f 2082 2083 2093
f 2082 2093 2078
f 2078 2093 2098
f 2078 2098 2107
f 2107 2098 2099
f 2107 2099 2106
f 2106 2099 2100
f 2106 2100 2094
f 2094 2100 2102
f 2094 2102 2074
f 2074 2102 2068
f 2074 2068 2065
f 2065 2068 2067
f 2065 2067 2066
f 2066 2067 2560
f 2066 2560 2570
f 2570 2560 2561
f 2570 2561 2582
f 2582 2561 2599
f 2582 2599 2583
f 2583 2599 2597
f 2583 2597 2584
f 2584 2597 2596
f 2584 2596 2586
f 2586 2596 2587
f 2586 2587 2581
f 2581 2587 2537
f 2581 2537 2539
f 2539 2537 2531
f 2539 2531 2540
f 2540 2531 2527
f 2540 2527 2538
f 2538 2527 2526
f 2538 2526 2534
f 2534 2526 2536
f 2534 2536 2533
f 2533 2536 2469
f 2533 2469 2476
f 2476 2469 2479
f 2476 2479 2475
f 2475 2479 2480
f 2475 2480 2471
f 2471 2480 2483
f 2471 2483 2509
f 2509 2483 2484
f 2509 2484 2497
f 2497 2484 2490
f 2497 2490 2510
f 2510 2490 2489
f 2510 2489 2491
f 2491 2489 2488
f 2491 2488 830
f 830 2488 821
f 830 821 829
f 829 821 822
f 829 822 820
f 820 822 828
f 820 828 819
f 819 828 815
f 819 815 818
f 818 815 807
f 818 807 854
f 854 807 863
f 854 863 853
f 853 863 862
f 853 862 852
f 852 862 861
f 852 861 851
f 851 861 879
f 851 879 880
f 880 879 878
f 880 878 935
f 935 878 938
f 935 938 936
f 936 938 939
f 936 939 937
f 937 939 940
f 937 940 962
f 962 940 967
f 962 967 963
f 963 967 957
f 963 957 964
f 964 957 968
f 964 968 965
f 965 968 956
f 965 956 966
f 966 956 970
f 2007 2013 2006
f 2006 2013 2014
f 2006 2014 2005
f 2005 2014 2003
f 2005 2003 1990
f 1990 2003 1995
f 1990 1995 1989
f 1989 1995 1994
f 1989 1994 1988
f 1988 1994 2080
f 1988 2080 2083
f 2083 2080 2079
f 2083 2079 2093
f 2093 2079 2084
f 2093 2084 2098
f 2098 2084 2097
f 2098 2097 2099
f 2099 2097 2096
f 2099 2096 2100
f 2100 2096 2095
f 2100 2095 2102
f 2102 2095 2072
f 2102 2072 2068
f 2068 2072 2064
f 2068 2064 2067
f 2067 2064 2564
f 2067 2564 2560
f 2560 2564 2556
f 2560 2556 2561
f 2561 2556 2565
f 2561 2565 2599
f 2599 2565 2594
f 2599 2594 2597
f 2597 2594 2593
f 2597 2593 2596
f 2596 2593 2592
f 2596 2592 2587
f 2587 2592 2588
f 2587 2588 2537
f 2537 2588 2550
f 2537 2550 2531
f 2531 2550 2541
f 2531 2541 2527
f 2527 2541 2549
f 2527 2549 2526
f 2526 2549 2544
f 2526 2544 2536
f 2536 2544 2543
f 2536 2543 2469
f 2469 2543 2474
f 2469 2474 2479
f 2479 2474 2473
f 2479 2473 2480
f 2480 2473 2472
f 2480 2472 2483
f 2483 2472 2494
f 2483 2494 2484
f 2484 2494 2493
f 2484 2493 2490
f 2490 2493 2495
f 2490 2495 2489
f 2489 2495 2496
f 2489 2496 2488
f 2488 2496 835
f 2488 835 821
f 821 835 834
f 821 834 822
f 822 834 833
f 822 833 828
f 828 833 832
f 828 832 815
f 815 832 831
f 815 831 807
f 807 831 869
f 807 869 863
f 863 869 875
f 863 875 862
f 862 875 872
f 862 872 861
f 861 872 877
f 861 877 879
f 879 877 876
f 879 876 878
f 878 876 874
f 878 874 938
f 938 874 931
f 938 931 939
f 939 931 930
f 939 930 940
f 940 930 929
f 940 929 967
f 967 929 971
f 967 971 957
f 957 971 969
f 957 969 968
f 968 969 1134
f 968 1134 956
f 956 1134 1120
f 956 1120 970
f 970 1120 1121
f 2013 1980 2014
f 2014 1980 1981
f 2014 1981 2003
f 2003 1981 1982
f 2003 1982 1995
f 1995 1982 1983
f 1995 1983 1994
f 1994 1983 1979
f 1994 1979 2080
f 2080 1979 2092
f 2080 2092 2079
f 2079 2092 2091
f 2079 2091 2084
f 2084 2091 2090
f 2084 2090 2097
f 2097 2090 2108
f 2097 2108 2096
f 2096 2108 2105
f 2096 2105 2095
f 2095 2105 2104
f 2095 2104 2072
f 2072 2104 2076
f 2072 2076 2064
f 2064 2076 2075
f 2064 2075 2564
f 2564 2075 2563
f 2564 2563 2556
f 2556 2563 2558
f 2556 2558 2565
f 2565 2558 2557
f 2565 2557 2594
f 2594 2557 2601
f 2594 2601 2593
f 2593 2601 2595
f 2593 2595 2592
f 2592 2595 2600
f 2592 2600 2588
f 2588 2600 2598
f 2588 2598 2550
f 2550 2598 2553
f 2550 2553 2541
f 2541 2553 2554
f 2541 2554 2549
f 2549 2554 2555
f 2549 2555 2544
f 2544 2555 2552
f 2544 2552 2543
f 2543 2552 2551
f 2543 2551 2474
f 2474 2551 2467
f 2474 2467 2473
f 2473 2467 2468
f 2473 2468 2472
f 2472 2468 2482
f 2472 2482 2494
f 2494 2482 2492
f 2494 2492 2493
f 2493 2492 2487
f 2493 2487 2495
f 2495 2487 2486
f 2495 2486 2496
f 2496 2486 2485
f 2496 2485 835
f 835 2485 826
f 835 826 834
f 834 826 827
f 834 827 833
f 833 827 825
f 833 825 832
f 832 825 824
f 832 824 831
f 831 824 823
f 831 823 869
f 869 823 868
f 869 868 875
f 875 868 867
f 875 867 872
f 872 867 870
f 872 870 877
f 877 870 871
f 877 871 876
f 876 871 866
f 876 866 874
f 874 866 873
f 874 873 931
f 931 873 928
f 931 928 930
f 930 928 927
f 930 927 929
f 929 927 1092
f 929 1092 971
f 971 1092 1095
f 971 1095 969
f 969 1095 1122
f 969 1122 1134
f 1134 1122 1129
f 1134 1129 1120
f 1120 1129 1128
f 1120 1128 1121
f 1121 1128 1127
f 1980 1987 1981
f 1981 1987 1985
f 1981 1985 1982
f 1982 1985 1984
f 1982 1984 1983
f 1983 1984 1974
f 1983 1974 1979
f 1979 1974 1978
f 1979 1978 2092
f 2092 1978 2087
f 2092 2087 2091
f 2091 2087 2086
f 2091 2086 2090
f 2090 2086 2085
f 2090 2085 2108
f 2108 2085 2101
f 2108 2101 2105
f 2105 2101 2103
f 2105 2103 2104
f 2104 2103 2071
f 2104 2071 2076
f 2076 2071 2070
f 2076 2070 2075
f 2075 2070 2069
f 2075 2069 2563
f 2563 2069 2568
f 2563 2568 2558
f 2558 2568 2567
f 2558 2567 2557
f 2557 2567 2566
f 2557 2566 2601
f 2601 2566 2589
f 2601 2589 2595
f 2595 2589 2590
f 2595 2590 2600
f 2600 2590 2591
f 2600 2591 2598
f 2598 2591 2545
f 2598 2545 2553
f 2553 2545 2546
f 2553 2546 2554
f 2554 2546 2547
f 2554 2547 2555
f 2555 2547 2542
f 2555 2542 2552
f 2552 2542 2548
f 2552 2548 2551
f 2551 2548 1421
f 2551 1421 2467
f 2467 1421 1420
f 2467 1420 2468
f 2468 1420 1445
f 2468 1445 2482
f 2482 1445 1444
f 2482 1444 2492
f 2492 1444 1443
f 2492 1443 2487
f 2487 1443 1442
f 2487 1442 2486
f 2486 1442 1440
f 2486 1440 2485
f 2485 1440 1249
f 2485 1249 826
f 826 1249 1248
f 826 1248 827
f 827 1248 1247
f 827 1247 825
f 825 1247 1240
f 825 1240 824
f 824 1240 1229
f 824 1229 823
f 823 1229 1228
f 823 1228 868
f 868 1228 987
f 868 987 867
f 867 987 988
f 867 988 870
f 870 988 989
f 870 989 871
f 871 989 976
f 871 976 866
f 866 976 977
f 866 977 873
f 873 977 978
f 873 978 928
f 928 978 979
f 928 979 927
f 927 979 1094
f 927 1094 1092
f 1092 1094 1091
f 1092 1091 1095
f 1095 1091 1093
f 1095 1093 1122
f 1122 1093 1123
f 1122 1123 1129
f 1129 1123 1124
f 1129 1124 1128
f 1128 1124 1125
f 1128 1125 1127
f 1127 1125 1126
f 1987 1977 1985
f 1985 1977 1976
f 1985 1976 1984
f 1984 1976 1975
f 1984 1975 1974
f 1974 1975 1986
f 1974 1986 1978
f 1978 1986 1600
f 1978 1600 2087
f 2087 1600 1603
f 2087 1603 2086
f 2086 1603 1604
f 2086 1604 2085
f 2085 1604 1496
f 2085 1496 2101
f 2101 1496 1503
f 2101 1503 2103
f 2103 1503 1495
f 2103 1495 2071
f 2071 1495 1499
f 2071 1499 2070
f 2070 1499 1505
f 2070 1505 2069
f 2069 1505 1506
f 2069 1506 2568
f 2568 1506 1494
f 2568 1494 2567
f 2567 1494 1490
f 2567 1490 2566
f 2566 1490 1489
f 2566 1489 2589
f 2589 1489 1368
f 2589 1368 2590
f 2590 1368 1369
f 2590 1369 2591
f 2591 1369 1344
f 2591 1344 2545
f 2545 1344 1351
f 2545 1351 2546
f 2546 1351 1350
f 2546 1350 2547
f 2547 1350 1414
f 2547 1414 2542
f 2542 1414 1416
f 2542 1416 2548
f 2548 1416 1417
f 2548 1417 1421
f 1421 1417 1427
f 1421 1427 1420
f 1420 1427 1425
f 1420 1425 1445
f 1445 1425 1433
f 1445 1433 1444
f 1444 1433 1434
f 1444 1434 1443
f 1443 1434 1437
f 1443 1437 1442
f 1442 1437 1439
f 1442 1439 1440
f 1440 1439 1144
f 1440 1144 1249
f 1249 1144 1246
f 1249 1246 1248
f 1248 1246 1250
f 1248 1250 1247
f 1247 1250 1254
f 1247 1254 1240
f 1240 1254 1227
f 1240 1227 1229
f 1229 1227 1231
f 1229 1231 1228
f 1228 1231 1232
f 1228 1232 987
f 987 1232 997
f 987 997 988
f 988 997 996
f 988 996 989
f 989 996 986
f 989 986 976
f 976 986 984
f 976 984 977
f 977 984 973
f 977 973 978
f 978 973 985
f 978 985 979
f 979 985 983
f 979 983 1094
f 1094 983 1103
f 1094 1103 1091
f 1091 1103 1104
f 1091 1104 1093
f 1093 1104 1105
f 1093 1105 1123
f 1123 1105 1130
f 1123 1130 1124
f 1124 1130 1131
f 1124 1131 1125
f 1125 1131 1132
f 1125 1132 1126
f 1126 1132 1133
f 1977 1569 1976
f 1976 1569 1570
f 1976 1570 1975
f 1975 1570 1571
f 1975 1571 1986
f 1986 1571 1613
f 1986 1613 1600
f 1600 1613 1607
f 1600 1607 1603
f 1603 1607 1606
f 1603 1606 1604
f 1604 1606 1605
f 1604 1605 1496
f 1496 1605 1502
f 1496 1502 1503
f 1503 1502 1501
f 1503 1501 1495
f 1495 1501 1500
f 1495 1500 1499
f 1499 1500 1498
f 1499 1498 1505
f 1505 1498 1497
f 1505 1497 1506
f 1506 1497 1487
f 1506 1487 1494
f 1494 1487 1488
f 1494 1488 1490
f 1490 1488 1491
f 1490 1491 1489
f 1489 1491 1493
f 1489 1493 1368
f 1368 1493 1365
f 1368 1365 1369
f 1369 1365 1366
f 1369 1366 1344
f 1344 1366 1353
f 1344 1353 1351
f 1351 1353 1354
f 1351 1354 1350
f 1350 1354 1355
f 1350 1355 1414
f 1414 1355 1411
f 1414 1411 1416
f 1416 1411 1409
f 1416 1409 1417
f 1417 1409 1415
f 1417 1415 1427
f 1427 1415 1431
f 1427 1431 1425
f 1425 1431 1432
f 1425 1432 1433
f 1433 1432 1438
f 1433 1438 1434
f 1434 1438 1447
f 1434 1447 1437
f 1437 1447 1446
f 1437 1446 1439
f 1439 1446 1135
f 1439 1135 1144
f 1144 1135 1149
f 1144 1149 1246
f 1246 1149 1253
f 1246 1253 1250
f 1250 1253 1252
f 1250 1252 1254
f 1254 1252 1251
f 1254 1251 1227
f 1227 1251 1236
f 1227 1236 1231
f 1231 1236 1235
f 1231 1235 1232
f 1232 1235 1230
f 1232 1230 997
f 997 1230 998
f 997 998 996
f 996 998 999
f 996 999 986
f 986 999 1000
f 986 1000 984
f 984 1000 982
f 984 982 973
f 973 982 981
f 973 981 985
f 985 981 980
f 985 980 983
f 983 980 975
f 983 975 1103
f 1103 975 1096
f 1103 1096 1104
f 1104 1096 1100
f 1104 1100 1105
f 1105 1100 1101
f 1105 1101 1130
f 1130 1101 1108
f 1130 1108 1131
f 1131 1108 1109
f 1131 1109 1132
f 1132 1109 1106
f 1132 1106 1133
f 1133 1106 1107
f 1569 1576 1570
f 1570 1576 1577
f 1570 1577 1571
f 1571 1577 1578
f 1571 1578 1613
f 1613 1578 1601
f 1613 1601 1607
f 1607 1601 1602
f 1607 1602 1606
f 1606 1602 1609
f 1606 1609 1605
f 1605 1609 1610
f 1605 1610 1502
f 1502 1610 1504
f 1502 1504 1501
f 1501 1504 1507
f 1501 1507 1500
f 1500 1507 1508
f 1500 1508 1498
f 1498 1508 1521
f 1498 1521 1497
f 1497 1521 1522
f 1497 1522 1487
f 1487 1522 1485
f 1487 1485 1488
f 1488 1485 1484
f 1488 1484 1491
f 1491 1484 1483
f 1491 1483 1493
f 1493 1483 1372
f 1493 1372 1365
f 1365 1372 1361
f 1365 1361 1366
f 1366 1361 1367
f 1366 1367 1353
f 1353 1367 1343
f 1353 1343 1354
f 1354 1343 1346
f 1354 1346 1355
f 1355 1346 1410
f 1355 1410 1411
f 1411 1410 1412
f 1411 1412 1409
f 1409 1412 1413
f 1409 1413 1415
f 1415 1413 1429
f 1415 1429 1431
f 1431 1429 1428
f 1431 1428 1432
f 1432 1428 1430
f 1432 1430 1438
f 1438 1430 1435
f 1438 1435 1447
f 1447 1435 1436
f 1447 1436 1446
f 1446 1436 1136
f 1446 1136 1135
f 1135 1136 1145
f 1135 1145 1149
f 1149 1145 1146
f 1149 1146 1253
f 1253 1146 1241
f 1253 1241 1252
f 1252 1241 1245
f 1252 1245 1251
f 1251 1245 1239
f 1251 1239 1236
f 1236 1239 1238
f 1236 1238 1235
f 1235 1238 1225
f 1235 1225 1230
f 1230 1225 1226
f 1230 1226 998
f 998 1226 995
f 998 995 999
f 999 995 994
f 999 994 1000
f 1000 994 993
f 1000 993 982
f 982 993 974
f 982 974 981
f 981 974 972
f 981 972 980
f 980 972 1003
f 980 1003 975
f 975 1003 1004
f 975 1004 1096
f 1096 1004 1098
f 1096 1098 1100
f 1100 1098 1099
f 1100 1099 1101
f 1101 1099 1115
f 1101 1115 1108
f 1108 1115 1116
f 1108 1116 1109
f 1109 1116 1117
f 1109 1117 1106
f 1106 1117 1118
f 1106 1118 1107
f 1107 1118 1119
f 1576 1579 1577
f 1577 1579 1580
f 1577 1580 1578
f 1578 1580 1583
f 1578 1583 1601
f 1601 1583 1599
f 1601 1599 1602
f 1602 1599 1608
f 1602 1608 1609
f 1609 1608 1611
f 1609 1611 1610
f 1610 1611 1612
f 1610 1612 1504
f 1504 1612 1523
f 1504 1523 1507
f 1507 1523 1512
f 1507 1512 1508
f 1508 1512 1516
f 1508 1516 1521
f 1521 1516 1515
f 1521 1515 1522
f 1522 1515 1511
f 1522 1511 1485
f 1485 1511 1481
f 1485 1481 1484
f 1484 1481 1479
f 1484 1479 1483
f 1483 1479 1480
f 1483 1480 1372
f 1372 1480 1362
f 1372 1362 1361
f 1361 1362 1363
f 1361 1363 1367
f 1367 1363 1364
f 1367 1364 1343
f 1343 1364 1349
f 1343 1349 1346
f 1346 1349 1348
f 1346 1348 1410
f 1410 1348 1408
f 1410 1408 1412
f 1412 1408 1407
f 1412 1407 1413
f 1413 1407 1405
f 1413 1405 1429
f 1429 1405 1418
f 1429 1418 1428
f 1428 1418 1424
f 1428 1424 1430
f 1430 1424 1426
f 1430 1426 1435
f 1435 1426 1441
f 1435 1441 1436
f 1436 1441 1140
f 1436 1140 1136
f 1136 1140 1141
f 1136 1141 1145
f 1145 1141 1142
f 1145 1142 1146
f 1146 1142 1143
f 1146 1143 1241
f 1241 1143 1243
f 1241 1243 1245
f 1245 1243 1242
f 1245 1242 1239
f 1239 1242 1237
f 1239 1237 1238
f 1238 1237 1234
f 1238 1234 1225
f 1225 1234 1233
f 1225 1233 1226
f 1226 1233 1224
f 1226 1224 995
f 995 1224 992
f 995 992 994
f 994 992 991
f 994 991 993
f 993 991 1006
f 993 1006 974
f 974 1006 1008
f 974 1008 972
f 972 1008 1013
f 972 1013 1003
f 1003 1013 1014
f 1003 1014 1004
f 1004 1014 1015
f 1004 1015 1098
f 1098 1015 1102
f 1098 1102 1099
f 1099 1102 1097
f 1099 1097 1115
f 1115 1097 1114
f 1115 1114 1116
f 1116 1114 1113
f 1116 1113 1117
f 1117 1113 1112
f 1117 1112 1118
f 1118 1112 1111
f 1118 1111 1119
f 1119 1111 1110
f 1579 1572 1580
f 1580 1572 1574
f 1580 1574 1583
f 1583 1574 1575
f 1583 1575 1599
f 1599 1575 1585
f 1599 1585 1608
f 1608 1585 1584
f 1608 1584 1611
f 1611 1584 1586
f 1611 1586 1612
f 1612 1586 1587
f 1612 1587 1523
f 1523 1587 1517
f 1523 1517 1512
f 1512 1517 1518
f 1512 1518 1516
f 1516 1518 1519
f 1516 1519 1515
f 1515 1519 1520
f 1515 1520 1511
f 1511 1520 1486
f 1511 1486 1481
f 1481 1486 1482
f 1481 1482 1479
f 1479 1482 1492
f 1479 1492 1480
f 1480 1492 1358
f 1480 1358 1362
f 1362 1358 1359
f 1362 1359 1363
f 1363 1359 1360
f 1363 1360 1364
f 1364 1360 1357
f 1364 1357 1349
f 1349 1357 1356
f 1349 1356 1348
f 1348 1356 1347
f 1348 1347 1408
f 1408 1347 1403
f 1408 1403 1407
f 1407 1403 1406
f 1407 1406 1405
f 1405 1406 1404
f 1405 1404 1418
f 1418 1404 1423
f 1418 1423 1424
f 1424 1423 1422
f 1424 1422 1426
f 1426 1422 1419
f 1426 1419 1441
f 1441 1419 1139
f 1441 1139 1140
f 1140 1139 1138
f 1140 1138 1141
f 1141 1138 1137
f 1141 1137 1142
f 1142 1137 1147
f 1142 1147 1143
f 1143 1147 1148
f 1143 1148 1243
f 1243 1148 1244
f 1243 1244 1242
f 1242 1244 1220
f 1242 1220 1237
f 1237 1220 1222
f 1237 1222 1234
f 1234 1222 1223
f 1234 1223 1233
f 1233 1223 1216
f 1233 1216 1224
f 1224 1216 1221
f 1224 1221 992
f 992 1221 990
f 992 990 991
f 991 990 1001
f 991 1001 1006
f 1006 1001 1012
f 1006 1012 1008
f 1008 1012 1011
f 1008 1011 1013
f 1013 1011 1010
f 1013 1010 1014
f 1014 1010 1009
f 1014 1009 1015
f 1015 1009 1062
f 1015 1062 1102
f 1102 1062 1063
f 1102 1063 1097
f 1097 1063 1064
f 1097 1064 1114
f 1114 1064 1065
f 1114 1065 1113
f 1113 1065 1072
f 1113 1072 1112
f 1112 1072 1073
f 1112 1073 1111
f 1111 1073 1055
f 1111 1055 1110
f 1110 1055 1056
f 1572 1581 1574
f 1574 1581 1582
f 1574 1582 1575
f 1575 1582 1598
f 1575 1598 1585
f 1585 1598 1593
f 1585 1593 1584
f 1584 1593 1591
f 1584 1591 1586
f 1586 1591 1597
f 1586 1597 1587
f 1587 1597 1592
f 1587 1592 1517
f 1517 1592 1514
f 1517 1514 1518
f 1518 1514 1513
f 1518 1513 1519
f 1519 1513 1509
f 1519 1509 1520
f 1520 1509 1470
f 1520 1470 1486
f 1486 1470 1469
f 1486 1469 1482
f 1482 1469 1468
f 1482 1468 1492
f 1492 1468 1467
f 1492 1467 1358
f 1358 1467 1371
f 1358 1371 1359
f 1359 1371 1370
f 1359 1370 1360
f 1360 1370 1342
f 1360 1342 1357
f 1357 1342 1345
f 1357 1345 1356
f 1356 1345 1352
f 1356 1352 1347
f 1347 1352 1398
f 1347 1398 1403
f 1403 1398 1399
f 1403 1399 1406
f 1406 1399 1400
f 1406 1400 1404
f 1404 1400 1401
f 1404 1401 1423
f 1423 1401 1402
f 1423 1402 1422
f 1422 1402 1394
f 1422 1394 1419
f 1419 1394 1151
f 1419 1151 1139
f 1139 1151 1157
f 1139 1157 1138
f 1138 1157 1158
f 1138 1158 1137
f 1137 1158 1159
f 1137 1159 1147
f 1147 1159 1154
f 1147 1154 1148
f 1148 1154 1164
f 1148 1164 1244
f 1244 1164 1212
f 1244 1212 1220
f 1220 1212 1215
f 1220 1215 1222
f 1222 1215 1214
f 1222 1214 1223
f 1223 1214 1213
f 1223 1213 1216
f 1216 1213 1211
f 1216 1211 1221
f 1221 1211 1210
f 1221 1210 990
f 990 1210 1005
f 990 1005 1001
f 1001 1005 1007
f 1001 1007 1012
f 1012 1007 1034
f 1012 1034 1011
f 1011 1034 1043
f 1011 1043 1010
f 1010 1043 1044
f 1010 1044 1009
f 1009 1044 1045
f 1009 1045 1062
f 1062 1045 1071
f 1062 1071 1063
f 1063 1071 1070
f 1063 1070 1064
f 1064 1070 1069
f 1064 1069 1065
f 1065 1069 1068
f 1065 1068 1072
f 1072 1068 1067
f 1072 1067 1073
f 1073 1067 1066
f 1073 1066 1055
f 1055 1066 1047
f 1055 1047 1056
f 1056 1047 1046
f 1581 1573 1582
f 1582 1573 1588
f 1582 1588 1598
f 1598 1588 1589
f 1598 1589 1593
f 1593 1589 1590
f 1593 1590 1591
f 1591 1590 1557
f 1591 1557 1597
f 1597 1557 1558
f 1597 1558 1592
f 1592 1558 1559
f 1592 1559 1514
f 1514 1559 1510
f 1514 1510 1513
f 1513 1510 1476
f 1513 1476 1509
f 1509 1476 1471
f 1509 1471 1470
f 1470 1471 1464
f 1470 1464 1469
f 1469 1464 1463
f 1469 1463 1468
f 1468 1463 1466
f 1468 1466 1467
f 1467 1466 1331
f 1467 1331 1371
f 1371 1331 1332
f 1371 1332 1370
f 1370 1332 1333
f 1370 1333 1342
f 1342 1333 1334
f 1342 1334 1345
f 1345 1334 1311
f 1345 1311 1352
f 1352 1311 1312
f 1352 1312 1398
f 1398 1312 1390
f 1398 1390 1399
f 1399 1390 1389
f 1399 1389 1400
f 1400 1389 1391
f 1400 1391 1401
f 1401 1391 1392
f 1401 1392 1402
f 1402 1392 1393
f 1402 1393 1394
f 1394 1393 1163
f 1394 1163 1151
f 1151 1163 1162
f 1151 1162 1157
f 1157 1162 1161
f 1157 1161 1158
f 1158 1161 1160
f 1158 1160 1159
f 1159 1160 1156
f 1159 1156 1154
f 1154 1156 1155
f 1154 1155 1164
f 1164 1155 1150
f 1164 1150 1212
f 1212 1150 1217
f 1212 1217 1215
f 1215 1217 1218
f 1215 1218 1214
f 1214 1218 1219
f 1214 1219 1213
f 1213 1219 1270
f 1213 1270 1211
f 1211 1270 1272
f 1211 1272 1210
f 1210 1272 1271
f 1210 1271 1005
f 1005 1271 1002
f 1005 1002 1007
f 1007 1002 1036
f 1007 1036 1034
f 1034 1036 1035
f 1034 1035 1043
f 1043 1035 1033
f 1043 1033 1044
f 1044 1033 1032
f 1044 1032 1045
f 1045 1032 1031
f 1045 1031 1071
f 1071 1031 1075
f 1071 1075 1070
f 1070 1075 1084
f 1070 1084 1069
f 1069 1084 1083
f 1069 1083 1068
f 1068 1083 1061
f 1068 1061 1067
f 1067 1061 1074
f 1067 1074 1066
f 1066 1074 1059
f 1066 1059 1047
f 1047 1059 1058
f 1047 1058 1046
f 1046 1058 1057
f 1573 1594 1588
f 1588 1594 1595
f 1588 1595 1589
f 1589 1595 1596
f 1589 1596 1590
f 1590 1596 1561
f 1590 1561 1557
f 1557 1561 1554
f 1557 1554 1558
f 1558 1554 1555
f 1558 1555 1559
f 1559 1555 1556
f 1559 1556 1510
f 1510 1556 1472
f 1510 1472 1476
f 1476 1472 1473
f 1476 1473 1471
f 1471 1473 1474
f 1471 1474 1464
f 1464 1474 1465
f 1464 1465 1463
f 1463 1465 1475
f 1463 1475 1466
f 1466 1475 1329
f 1466 1329 1331
f 1331 1329 1337
f 1331 1337 1332
f 1332 1337 1336
f 1332 1336 1333
f 1333 1336 1335
f 1333 1335 1334
f 1334 1335 1330
f 1334 1330 1311
f 1311 1330 1310
f 1311 1310 1312
f 1312 1310 1302
f 1312 1302 1390
f 1390 1302 1397
f 1390 1397 1389
f 1389 1397 1388
f 1389 1388 1391
f 1391 1388 1396
f 1391 1396 1392
f 1392 1396 1395
f 1392 1395 1393
f 1393 1395 1209
f 1393 1209 1163
f 1163 1209 1206
f 1163 1206 1162
f 1162 1206 1201
f 1162 1201 1161
f 1161 1201 1202
f 1161 1202 1160
f 1160 1202 1196
f 1160 1196 1156
f 1156 1196 1152
f 1156 1152 1155
f 1155 1152 1153
f 1155 1153 1150
f 1150 1153 1256
f 1150 1256 1217
f 1217 1256 1257
f 1217 1257 1218
f 1218 1257 1258
f 1218 1258 1219
f 1219 1258 1273
f 1219 1273 1270
f 1270 1273 1274
f 1270 1274 1272
f 1272 1274 1275
f 1272 1275 1271
f 1271 1275 1276
f 1271 1276 1002
f 1002 1276 1037
f 1002 1037 1036
f 1036 1037 1038
f 1036 1038 1035
f 1035 1038 1039
f 1035 1039 1033
f 1033 1039 1040
f 1033 1040 1032
f 1032 1040 1041
f 1032 1041 1031
f 1031 1041 1042
f 1031 1042 1075
f 1075 1042 1078
f 1075 1078 1084
f 1084 1078 1079
f 1084 1079 1083
f 1083 1079 1080
f 1083 1080 1061
f 1061 1080 1081
f 1061 1081 1074
f 1074 1081 1052
f 1074 1052 1059
f 1059 1052 1051
f 1059 1051 1058
f 1058 1051 1050
f 1058 1050 1057
f 1057 1050 1049
f 1594 1546 1595
f 1595 1546 1547
f 1595 1547 1596
f 1596 1547 1548
f 1596 1548 1561
f 1561 1548 1568
f 1561 1568 1554
f 1554 1568 1567
f 1554 1567 1555
f 1555 1567 1564
f 1555 1564 1556
f 1556 1564 1565
f 1556 1565 1472
f 1472 1565 1477
f 1472 1477 1473
f 1473 1477 1478
f 1473 1478 1474
f 1474 1478 1460
f 1474 1460 1465
f 1465 1460 1461
f 1465 1461 1475
f 1475 1461 1462
f 1475 1462 1329
f 1329 1462 1338
f 1329 1338 1337
f 1337 1338 1339
f 1337 1339 1336
f 1336 1339 1340
f 1336 1340 1335
f 1335 1340 1341
f 1335 1341 1330
f 1330 1341 1300
f 1330 1300 1310
f 1310 1300 1308
f 1310 1308 1302
f 1302 1308 1309
f 1302 1309 1397
f 1397 1309 1376
f 1397 1376 1388
f 1388 1376 1375
f 1388 1375 1396
f 1396 1375 1374
f 1396 1374 1395
f 1395 1374 1373
f 1395 1373 1209
f 1209 1373 1207
f 1209 1207 1206
f 1206 1207 1208
f 1206 1208 1201
f 1201 1208 1205
f 1201 1205 1202
f 1202 1205 1204
f 1202 1204 1196
f 1196 1204 1203
f 1196 1203 1152
f 1152 1203 1170
f 1152 1170 1153
f 1153 1170 1171
f 1153 1171 1256
f 1256 1171 1261
f 1256 1261 1257
f 1257 1261 1262
f 1257 1262 1258
f 1258 1262 1255
f 1258 1255 1273
f 1273 1255 1277
f 1273 1277 1274
f 1274 1277 1278
f 1274 1278 1275
f 1275 1278 1279
f 1275 1279 1276
f 1276 1279 1280
f 1276 1280 1037
f 1037 1280 1024
f 1037 1024 1038
f 1038 1024 1016
f 1038 1016 1039
f 1039 1016 1025
f 1039 1025 1040
f 1040 1025 1022
f 1040 1022 1041
f 1041 1022 1030
f 1041 1030 1042
f 1042 1030 1085
f 1042 1085 1078
f 1078 1085 1086
f 1078 1086 1079
f 1079 1086 1087
f 1079 1087 1080
f 1080 1087 1088
f 1080 1088 1081
f 1081 1088 1089
f 1081 1089 1052
f 1052 1089 1053
f 1052 1053 1051
f 1051 1053 1054
f 1051 1054 1050
f 1050 1054 1060
f 1050 1060 1049
f 1049 1060 1048
f 1546 1541 1547
f 1547 1541 1540
f 1547 1540 1548
f 1548 1540 1545
f 1548 1545 1568
f 1568 1545 1563
f 1568 1563 1567
f 1567 1563 1562
f 1567 1562 1564
f 1564 1562 1560
f 1564 1560 1565
f 1565 1560 1531
f 1565 1531 1477
f 1477 1531 1449
f 1477 1449 1478
f 1478 1449 1448
f 1478 1448 1460
f 1460 1448 1450
f 1460 1450 1461
f 1461 1450 1451
f 1461 1451 1462
f 1462 1451 1452
f 1462 1452 1338
f 1338 1452 1315
f 1338 1315 1339
f 1339 1315 1316
f 1339 1316 1340
f 1340 1316 1322
f 1340 1322 1341
f 1341 1322 1326
f 1341 1326 1300
f 1300 1326 1301
f 1300 1301 1308
f 1308 1301 1306
f 1308 1306 1309
f 1309 1306 1313
f 1309 1313 1376
f 1376 1313 1380
f 1376 1380 1375
f 1375 1380 1379
f 1375 1379 1374
f 1374 1379 1378
f 1374 1378 1373
f 1373 1378 1377
f 1373 1377 1207
f 1207 1377 1200
f 1207 1200 1208
f 1208 1200 1199
f 1208 1199 1205
f 1205 1199 1198
f 1205 1198 1204
f 1204 1198 1197
f 1204 1197 1203
f 1203 1197 1172
f 1203 1172 1170
f 1170 1172 1173
f 1170 1173 1171
f 1171 1173 1174
f 1171 1174 1261
f 1261 1174 1267
f 1261 1267 1262
f 1262 1267 1268
f 1262 1268 1255
f 1255 1268 1269
f 1255 1269 1277
f 1277 1269 1282
f 1277 1282 1278
f 1278 1282 1283
f 1278 1283 1279
f 1279 1283 1284
f 1279 1284 1280
f 1280 1284 1281
f 1280 1281 1024
f 1024 1281 1021
f 1024 1021 1016
f 1016 1021 1019
f 1016 1019 1025
f 1025 1019 1017
f 1025 1017 1022
f 1022 1017 1018
f 1022 1018 1030
f 1030 1018 1020
f 1030 1020 1085
f 1085 1020 1090
f 1085 1090 1086
f 1086 1090 1077
f 1086 1077 1087
f 1087 1077 1082
f 1087 1082 1088
f 1088 1082 1076
f 1088 1076 1089
f 1089 1076 329
f 1089 329 1053
f 1053 329 328
f 1053 328 1054
f 1054 328 326
f 1054 326 1060
f 1060 326 325
f 1060 325 1048
f 1048 325 322
f 1541 1539 1540
f 1540 1539 1553
f 1540 1553 1545
f 1545 1553 1552
f 1545 1552 1563
f 1563 1552 1566
f 1563 1566 1562
f 1562 1566 1528
f 1562 1528 1560
f 1560 1528 1527
f 1560 1527 1531
f 1531 1527 1526
f 1531 1526 1449
f 1449 1526 1459
f 1449 1459 1448
f 1448 1459 1458
f 1448 1458 1450
f 1450 1458 1453
f 1450 1453 1451
f 1451 1453 1457
f 1451 1457 1452
f 1452 1457 1318
f 1452 1318 1315
f 1315 1318 1319
f 1315 1319 1316
f 1316 1319 1320
f 1316 1320 1322
f 1322 1320 1314
f 1322 1314 1326
f 1326 1314 1321
f 1326 1321 1301
f 1301 1321 1304
f 1301 1304 1306
f 1306 1304 1305
f 1306 1305 1313
f 1313 1305 1381
f 1313 1381 1380
f 1380 1381 1382
f 1380 1382 1379
f 1379 1382 1383
f 1379 1383 1378
f 1378 1383 1384
f 1378 1384 1377
f 1377 1384 1186
f 1377 1186 1200
f 1200 1186 1190
f 1200 1190 1199
f 1199 1190 1189
f 1199 1189 1198
f 1198 1189 1188
f 1198 1188 1197
f 1197 1188 1187
f 1197 1187 1172
f 1172 1187 1177
f 1172 1177 1173
f 1173 1177 1176
f 1173 1176 1174
f 1174 1176 1175
f 1174 1175 1267
f 1267 1175 1266
f 1267 1266 1268
f 1268 1266 1265
f 1268 1265 1269
f 1269 1265 1264
f 1269 1264 1282
f 1282 1264 1299
f 1282 1299 1283
f 1283 1299 1298
f 1283 1298 1284
f 1284 1298 1297
f 1284 1297 1281
f 1281 1297 1296
f 1281 1296 1021
f 1021 1296 1029
f 1021 1029 1019
f 1019 1029 1028
f 1019 1028 1017
f 1017 1028 1027
f 1017 1027 1018
f 1018 1027 1026
f 1018 1026 1020
f 1020 1026 395
f 1020 395 1090
f 1090 395 396
f 1090 396 1077
f 1077 396 397
f 1077 397 1082
f 1082 397 339
f 1082 339 1076
f 1076 339 340
f 1076 340 329
f 329 340 331
f 329 331 328
f 328 331 330
f 328 330 326
f 326 330 327
f 326 327 325
f 325 327 324
f 325 324 322
f 322 324 323
f 1539 1549 1553
f 1553 1549 1551
f 1553 1551 1552
f 1552 1551 1550
f 1552 1550 1566
f 1566 1550 1534
f 1566 1534 1528
f 1528 1534 1535
f 1528 1535 1527
f 1527 1535 1524
f 1527 1524 1526
f 1526 1524 1537
f 1526 1537 1459
f 1459 1537 1454
f 1459 1454 1458
f 1458 1454 1455
f 1458 1455 1453
f 1453 1455 1456
f 1453 1456 1457
f 1457 1456 1317
f 1457 1317 1318
f 1318 1317 1325
f 1318 1325 1319
f 1319 1325 1327
f 1319 1327 1320
f 1320 1327 1328
f 1320 1328 1314
f 1314 1328 1324
f 1314 1324 1321
f 1321 1324 1323
f 1321 1323 1304
f 1304 1323 1307
f 1304 1307 1305
f 1305 1307 1303
f 1305 1303 1381
f 1381 1303 1385
f 1381 1385 1382
f 1382 1385 1386
f 1382 1386 1383
f 1383 1386 1387
f 1383 1387 1384
f 1384 1387 1182
f 1384 1182 1186
f 1186 1182 1185
f 1186 1185 1190
f 1190 1185 1184
f 1190 1184 1189
f 1189 1184 1183
f 1189 1183 1188
f 1188 1183 1181
f 1188 1181 1187
f 1187 1181 1178
f 1187 1178 1177
f 1177 1178 1179
f 1177 1179 1176
f 1176 1179 1180
f 1176 1180 1175
f 1175 1180 1165
f 1175 1165 1266
f 1266 1165 1260
f 1266 1260 1265
f 1265 1260 1259
f 1265 1259 1264
f 1264 1259 1287
f 1264 1287 1299
f 1299 1287 1295
f 1299 1295 1298
f 1298 1295 1294
f 1298 1294 1297
f 1297 1294 1293
f 1297 1293 1296
f 1296 1293 1292
f 1296 1292 1029
f 1029 1292 1023
f 1029 1023 1028
f 1028 1023 432
f 1028 432 1027
f 1027 432 433
f 1027 433 1026
f 1026 433 389
f 1026 389 395
f 395 389 390
f 395 390 396
f 396 390 391
f 396 391 397
f 397 391 333
f 397 333 339
f 339 333 334
f 339 334 340
f 340 334 342
f 340 342 331
f 331 342 332
f 331 332 330
f 330 332 321
f 330 321 327
f 327 321 315
f 327 315 324
f 324 315 316
f 324 316 323
f 323 316 317
f 1549 1543 1551
f 1551 1543 1542
f 1551 1542 1550
f 1550 1542 1533
f 1550 1533 1534
f 1534 1533 1532
f 1534 1532 1535
f 1535 1532 1530
f 1535 1530 1524
f 1524 1530 1538
f 1524 1538 1537
f 1537 1538 1768
f 1537 1768 1454
f 1454 1768 1767
f 1454 1767 1455
f 1455 1767 1766
f 1455 1766 1456
f 1456 1766 1773
f 1456 1773 1317
f 1317 1773 1618
f 1317 1618 1325
f 1325 1618 1619
f 1325 1619 1327
f 1327 1619 1615
f 1327 1615 1328
f 1328 1615 1616
f 1328 1616 1324
f 1324 1616 1617
f 1324 1617 1323
f 1323 1617 1614
f 1323 1614 1307
f 1307 1614 1678
f 1307 1678 1303
f 1303 1678 1677
f 1303 1677 1385
f 1385 1677 1675
f 1385 1675 1386
f 1386 1675 1663
f 1386 1663 1387
f 1387 1663 1671
f 1387 1671 1182
f 1182 1671 1191
f 1182 1191 1185
f 1185 1191 1192
f 1185 1192 1184
f 1184 1192 1193
f 1184 1193 1183
f 1183 1193 1194
f 1183 1194 1181
f 1181 1194 1195
f 1181 1195 1178
f 1178 1195 1166
f 1178 1166 1179
f 1179 1166 1167
f 1179 1167 1180
f 1180 1167 1168
f 1180 1168 1165
f 1165 1168 1169
f 1165 1169 1260
f 1260 1169 1263
f 1260 1263 1259
f 1259 1263 1291
f 1259 1291 1287
f 1287 1291 1290
f 1287 1290 1295
f 1295 1290 1289
f 1295 1289 1294
f 1294 1289 1288
f 1294 1288 1293
f 1293 1288 1286
f 1293 1286 1292
f 1292 1286 1285
f 1292 1285 1023
f 1023 1285 419
f 1023 419 432
f 432 419 426
f 432 426 433
f 433 426 427
f 433 427 389
f 389 427 394
f 389 394 390
f 390 394 398
f 390 398 391
f 391 398 399
f 391 399 333
f 333 399 338
f 333 338 334
f 334 338 337
f 334 337 342
f 342 337 336
f 342 336 332
f 332 336 335
f 332 335 321
f 321 335 318
f 321 318 315
f 315 318 319
f 315 319 316
f 316 319 320
f 316 320 317
f 317 320 314
f 1543 1544 1542
f 1542 1544 1700
f 1542 1700 1533
f 1533 1700 1536
f 1533 1536 1532
f 1532 1536 1529
f 1532 1529 1530
f 1530 1529 1525
f 1530 1525 1538
f 1538 1525 1769
f 1538 1769 1768
f 1768 1769 1765
f 1768 1765 1767
f 1767 1765 1764
f 1767 1764 1766
f 1766 1764 1763
f 1766 1763 1773
f 1773 1763 1774
f 1773 1774 1618
f 1618 1774 1626
f 1618 1626 1619
f 1619 1626 1625
f 1619 1625 1615
f 1615 1625 1624
f 1615 1624 1616
f 1616 1624 1623
f 1616 1623 1617
f 1617 1623 1622
f 1617 1622 1614
f 1614 1622 1681
f 1614 1681 1678
f 1678 1681 1680
f 1678 1680 1677
f 1677 1680 1679
f 1677 1679 1675
f 1675 1679 1666
f 1675 1666 1663
f 1663 1666 1667
f 1663 1667 1671
f 1671 1667 1668
f 1671 1668 1191
f 1191 1668 299
f 1191 299 1192
f 1192 299 311
f 1192 311 1193
f 1193 311 310
f 1193 310 1194
f 1194 310 240
f 1194 240 1195
f 1195 240 241
f 1195 241 1166
f 1166 241 246
f 1166 246 1167
f 1167 246 245
f 1167 245 1168
f 1168 245 258
f 1168 258 1169
f 1169 258 254
f 1169 254 1263
f 1263 254 30
f 1263 30 1291
f 1291 30 28
f 1291 28 1290
f 1290 28 29
f 1290 29 1289
f 1289 29 7
f 1289 7 1288
f 1288 7 11
f 1288 11 1286
f 1286 11 14
f 1286 14 1285
f 1285 14 431
f 1285 431 419
f 419 431 430
f 419 430 426
f 426 430 421
f 426 421 427
f 427 421 420
f 427 420 394
f 394 420 393
f 394 393 398
f 398 393 388
f 398 388 399
f 399 388 392
f 399 392 338
f 338 392 341
f 338 341 337
f 337 341 373
f 337 373 336
f 336 373 375
f 336 375 335
f 335 375 369
f 335 369 318
f 318 369 370
f 318 370 319
f 319 370 367
f 319 367 320
f 320 367 362
f 320 362 314
f 314 362 363
f 1544 1692 1700
f 1700 1692 1693
f 1700 1693 1536
f 1536 1693 1697
f 1536 1697 1529
f 1529 1697 1698
f 1529 1698 1525
f 1525 1698 1694
f 1525 1694 1769
f 1769 1694 1775
f 1769 1775 1765
f 1765 1775 1776
f 1765 1776 1764
f 1764 1776 1777
f 1764 1777 1763
f 1763 1777 1778
f 1763 1778 1774
f 1774 1778 1757
f 1774 1757 1626
f 1626 1757 1628
f 1626 1628 1625
f 1625 1628 1627
f 1625 1627 1624
f 1624 1627 1621
f 1624 1621 1623
f 1623 1621 1620
f 1623 1620 1622
f 1622 1620 1683
f 1622 1683 1681
f 1681 1683 1682
f 1681 1682 1680
f 1680 1682 1676
f 1680 1676 1679
f 1679 1676 1674
f 1679 1674 1666
f 1666 1674 1670
f 1666 1670 1667
f 1667 1670 1669
f 1667 1669 1668
f 1668 1669 313
f 1668 313 299
f 299 313 312
f 299 312 311
f 311 312 309
f 311 309 310
f 310 309 308
f 310 308 240
f 240 308 251
f 240 251 241
f 241 251 252
f 241 252 246
f 246 252 253
f 246 253 245
f 245 253 268
f 245 268 258
f 258 268 267
f 258 267 254
f 254 267 266
f 254 266 30
f 30 266 23
f 30 23 28
f 28 23 24
f 28 24 29
f 29 24 26
f 29 26 7
f 7 26 8
f 7 8 11
f 11 8 9
f 11 9 14
f 14 9 10
f 14 10 431
f 431 10 424
f 431 424 430
f 430 424 423
f 430 423 421
f 421 423 422
f 421 422 420
f 420 422 405
f 420 405 393
f 393 405 406
f 393 406 388
f 388 406 400
f 388 400 392
f 392 400 401
f 392 401 341
f 341 401 386
f 341 386 373
f 373 386 387
f 373 387 375
f 375 387 384
f 375 384 369
f 369 384 368
f 369 368 370
f 370 368 366
f 370 366 367
f 367 366 365
f 367 365 362
f 362 365 364
f 362 364 363
f 363 364 348
f 1692 1701 1693
f 1693 1701 1702
f 1693 1702 1697
f 1697 1702 1689
f 1697 1689 1698
f 1698 1689 1703
f 1698 1703 1694
f 1694 1703 1699
f 1694 1699 1775
f 1775 1699 1770
f 1775 1770 1776
f 1776 1770 1771
f 1776 1771 1777
f 1777 1771 1772
f 1777 1772 1778
f 1778 1772 1749
f 1778 1749 1757
f 1757 1749 1748
f 1757 1748 1628
f 1628 1748 1629
f 1628 1629 1627
f 1627 1629 1637
f 1627 1637 1621
f 1621 1637 1638
f 1621 1638 1620
f 1620 1638 1639
f 1620 1639 1683
f 1683 1639 1688
f 1683 1688 1682
f 1682 1688 1687
f 1682 1687 1676
f 1676 1687 1686
f 1676 1686 1674
f 1674 1686 1662
f 1674 1662 1670
f 1670 1662 1661
f 1670 1661 1669
f 1669 1661 1660
f 1669 1660 313
f 313 1660 307
f 313 307 312
f 312 307 303
f 312 303 309
f 309 303 304
f 309 304 308
f 308 304 305
f 308 305 251
f 251 305 244
f 251 244 252
f 252 244 243
f 252 243 253
f 253 243 242
f 253 242 268
f 268 242 255
f 268 255 267
f 267 255 256
f 267 256 266
f 266 256 257
f 266 257 23
f 23 257 20
f 23 20 24
f 24 20 19
f 24 19 26
f 26 19 18
f 26 18 8
f 8 18 6
f 8 6 9
f 9 6 4
f 9 4 10
f 10 4 5
f 10 5 424
f 424 5 429
f 424 429 423
f 423 429 428
f 423 428 422
f 422 428 415
f 422 415 405
f 405 415 414
f 405 414 406
f 406 414 416
f 406 416 400
f 400 416 403
f 400 403 401
f 401 403 402
f 401 402 386
f 386 402 381
f 386 381 387
f 387 381 382
f 387 382 384
f 384 382 383
f 384 383 368
f 368 383 371
f 368 371 366
f 366 371 372
f 366 372 365
f 365 372 361
f 365 361 364
f 364 361 343
f 364 343 348
f 348 343 355
f 1701 1695 1702
f 1702 1695 1696
f 1702 1696 1689
f 1689 1696 1691
f 1689 1691 1703
f 1703 1691 1690
f 1703 1690 1699
f 1699 1690 1760
f 1699 1760 1770
f 1770 1760 1759
f 1770 1759 1771
f 1771 1759 1758
f 1771 1758 1772
f 1772 1758 1750
f 1772 1750 1749
f 1749 1750 1751
f 1749 1751 1748
f 1748 1751 1743
f 1748 1743 1629
f 1629 1743 1633
f 1629 1633 1637
f 1637 1633 1634
f 1637 1634 1638
f 1638 1634 1632
f 1638 1632 1639
f 1639 1632 1631
f 1639 1631 1688
f 1688 1631 1685
f 1688 1685 1687
f 1687 1685 1684
f 1687 1684 1686
f 1686 1684 1659
f 1686 1659 1662
f 1662 1659 1664
f 1662 1664 1661
f 1661 1664 1665
f 1661 1665 1660
f 1660 1665 306
f 1660 306 307
f 307 306 302
f 307 302 303
f 303 302 301
f 303 301 304
f 304 301 300
f 304 300 305
f 305 300 289
f 305 289 244
f 244 289 247
f 244 247 243
f 243 247 239
f 243 239 242
f 242 239 248
f 242 248 255
f 255 248 260
f 255 260 256
f 256 260 261
f 256 261 257
f 257 261 27
f 257 27 20
f 20 27 25
f 20 25 19
f 19 25 17
f 19 17 18
f 18 17 15
f 18 15 6
f 6 15 13
f 6 13 4
f 4 13 1
f 4 1 5
f 5 1 12
f 5 12 429
f 429 12 425
f 429 425 428
f 428 425 404
f 428 404 415
f 415 404 418
f 415 418 414
f 414 418 410
f 414 410 416
f 416 410 409
f 416 409 403
f 403 409 440
f 403 440 402
f 402 440 439
f 402 439 381
f 381 439 379
f 381 379 382
f 382 379 378
f 382 378 383
f 383 378 377
f 383 377 371
f 371 377 360
f 371 360 372
f 372 360 359
f 372 359 361
f 361 359 345
f 361 345 343
f 343 345 346
f 343 346 355
f 355 346 347
f 1695 1706 1696
f 1696 1706 1707
f 1696 1707 1691
f 1691 1707 1709
f 1691 1709 1690
f 1690 1709 1711
f 1690 1711 1760
f 1760 1711 1755
f 1760 1755 1759
f 1759 1755 1754
f 1759 1754 1758
f 1758 1754 1756
f 1758 1756 1750
f 1750 1756 1753
f 1750 1753 1751
f 1751 1753 1740
f 1751 1740 1743
f 1743 1740 1741
f 1743 1741 1633
f 1633 1741 1636
f 1633 1636 1634
f 1634 1636 1643
f 1634 1643 1632
f 1632 1643 1642
f 1632 1642 1631
f 1631 1642 1647
f 1631 1647 1685
f 1685 1647 1646
f 1685 1646 1684
f 1684 1646 1645
f 1684 1645 1659
f 1659 1645 1672
f 1659 1672 1664
f 1664 1672 1673
f 1664 1673 1665
f 1665 1673 283
f 1665 283 306
f 306 283 290
f 306 290 302
f 302 290 288
f 302 288 301
f 301 288 291
f 301 291 300
f 300 291 292
f 300 292 289
f 289 292 293
f 289 293 247
f 247 293 249
f 247 249 239
f 239 249 250
f 239 250 248
f 248 250 263
f 248 263 260
f 260 263 262
f 260 262 261
f 261 262 259
f 261 259 27
f 27 259 22
f 27 22 25
f 25 22 21
f 25 21 17
f 17 21 16
f 17 16 15
f 15 16 3
f 15 3 13
f 13 3 2
f 13 2 1
f 1 2 68
f 1 68 12
f 12 68 69
f 12 69 425
f 425 69 417
f 425 417 404
f 404 417 413
f 404 413 418
f 418 413 412
f 418 412 410
f 410 412 411
f 410 411 409
f 409 411 447
f 409 447 440
f 440 447 446
f 440 446 439
f 439 446 445
f 439 445 379
f 379 445 374
f 379 374 378
f 378 374 380
f 378 380 377
f 377 380 376
f 377 376 360
f 360 376 358
f 360 358 359
f 359 358 357
f 359 357 345
f 345 357 356
f 345 356 346
f 346 356 351
f 346 351 347
f 347 351 350
f 1706 1710 1707
f 1707 1710 1708
f 1707 1708 1709
f 1709 1708 1705
f 1709 1705 1711
f 1711 1705 1704
f 1711 1704 1755
f 1755 1704 1761
f 1755 1761 1754
f 1754 1761 1762
f 1754 1762 1756
f 1756 1762 1738
f 1756 1738 1753
f 1753 1738 1737
f 1753 1737 1740
f 1740 1737 1746
f 1740 1746 1741
f 1741 1746 1745
f 1741 1745 1636
f 1636 1745 1630
f 1636 1630 1643
f 1643 1630 1635
f 1643 1635 1642
f 1642 1635 1658
f 1642 1658 1647
f 1647 1658 1657
f 1647 1657 1646
f 1646 1657 1656
f 1646 1656 1645
f 1645 1656 1655
f 1645 1655 1672
f 1672 1655 1654
f 1672 1654 1673
f 1673 1654 1644
f 1673 1644 283
f 283 1644 298
f 283 298 290
f 290 298 297
f 290 297 288
f 288 297 296
f 288 296 291
f 291 296 295
f 291 295 292
f 292 295 294
f 292 294 293
f 293 294 225
f 293 225 249
f 249 225 235
f 249 235 250
f 250 235 234
f 250 234 263
f 263 234 265
f 263 265 262
f 262 265 264
f 262 264 259
f 259 264 33
f 259 33 22
f 22 33 32
f 22 32 21
f 21 32 59
f 21 59 16
f 16 59 47
f 16 47 3
f 3 47 61
f 3 61 2
f 2 61 63
f 2 63 68
f 68 63 71
f 68 71 69
f 69 71 70
f 69 70 417
f 417 70 408
f 417 408 413
f 413 408 407
f 413 407 412
f 412 407 471
f 412 471 411
f 411 471 474
f 411 474 447
f 447 474 438
f 447 438 446
f 446 438 437
f 446 437 445
f 445 437 436
f 445 436 374
f 374 436 435
f 374 435 380
f 380 435 385
f 380 385 376
f 376 385 640
f 376 640 358
f 358 640 636
f 358 636 357
f 357 636 354
f 357 354 356
f 356 354 353
f 356 353 351
f 351 353 352
f 351 352 350
f 350 352 607
f 1710 1717 1708
f 1708 1717 1716
f 1708 1716 1705
f 1705 1716 1715
f 1705 1715 1704
f 1704 1715 1714
f 1704 1714 1761
f 1761 1714 1752
f 1761 1752 1762
f 1762 1752 1735
f 1762 1735 1738
f 1738 1735 1736
f 1738 1736 1737
f 1737 1736 1744
f 1737 1744 1746
f 1746 1744 1747
f 1746 1747 1745
f 1745 1747 1733
f 1745 1733 1630
f 1630 1733 1640
f 1630 1640 1635
f 1635 1640 1641
f 1635 1641 1658
f 1658 1641 1648
f 1658 1648 1657
f 1657 1648 1649
f 1657 1649 1656
f 1656 1649 1650
f 1656 1650 1655
f 1655 1650 1651
f 1655 1651 1654
f 1654 1651 1652
f 1654 1652 1644
f 1644 1652 1653
f 1644 1653 298
f 298 1653 287
f 298 287 297
f 297 287 286
f 297 286 296
f 296 286 285
f 296 285 295
f 295 285 284
f 295 284 294
f 294 284 236
f 294 236 225
f 225 236 237
f 225 237 235
f 235 237 231
f 235 231 234
f 234 231 230
f 234 230 265
f 265 230 229
f 265 229 264
f 264 229 228
f 264 228 33
f 33 228 44
f 33 44 32
f 32 44 45
f 32 45 59
f 59 45 57
f 59 57 47
f 47 57 54
f 47 54 61
f 61 54 51
f 61 51 63
f 63 51 64
f 63 64 71
f 71 64 62
f 71 62 70
f 70 62 66
f 70 66 408
f 408 66 463
f 408 463 407
f 407 463 477
f 407 477 471
f 471 477 473
f 471 473 474
f 474 473 472
f 474 472 438
f 438 472 441
f 438 441 437
f 437 441 442
f 437 442 436
f 436 442 443
f 436 443 435
f 435 443 444
f 435 444 385
f 385 444 635
f 385 635 640
f 640 635 631
f 640 631 636
f 636 631 628
f 636 628 354
f 354 628 344
f 354 344 353
f 353 344 349
f 353 349 352
f 352 349 599
f 352 599 607
f 607 599 597
f 1717 1713 1716
f 1716 1713 1712
f 1716 1712 1715
f 1715 1712 1722
f 1715 1722 1714
f 1714 1722 1728
f 1714 1728 1752
f 1752 1728 1734
f 1752 1734 1735
f 1735 1734 1739
f 1735 1739 1736
f 1736 1739 1806
f 1736 1806 1744
f 1744 1806 1805
f 1744 1805 1747
f 1747 1805 1803
f 1747 1803 1733
f 1733 1803 1780
f 1733 1780 1640
f 1640 1780 1781
f 1640 1781 1641
f 1641 1781 1899
f 1641 1899 1648
f 1648 1899 1894
f 1648 1894 1649
f 1649 1894 1885
f 1649 1885 1650
f 1650 1885 1893
f 1650 1893 1651
f 1651 1893 1868
f 1651 1868 1652
f 1652 1868 1867
f 1652 1867 1653
f 1653 1867 274
f 1653 274 287
f 287 274 273
f 287 273 286
f 286 273 272
f 286 272 285
f 285 272 269
f 285 269 284
f 284 269 271
f 284 271 236
f 236 271 226
f 236 226 237
f 237 226 227
f 237 227 231
f 231 227 232
f 231 232 230
f 230 232 233
f 230 233 229
f 229 233 238
f 229 238 228
f 228 238 34
f 228 34 44
f 44 34 38
f 44 38 45
f 45 38 41
f 45 41 57
f 57 41 58
f 57 58 54
f 54 58 49
f 54 49 51
f 51 49 50
f 51 50 64
f 64 50 73
f 64 73 62
f 62 73 75
f 62 75 66
f 66 75 475
f 66 475 463
f 463 475 476
f 463 476 477
f 477 476 470
f 477 470 473
f 473 470 468
f 473 468 472
f 472 468 449
f 472 449 441
f 441 449 450
f 441 450 442
f 442 450 434
f 442 434 443
f 443 434 448
f 443 448 444
f 444 448 522
f 444 522 635
f 635 522 627
f 635 627 631
f 631 627 634
f 631 634 628
f 628 634 633
f 628 633 344
f 344 633 632
f 344 632 349
f 349 632 603
f 349 603 599
f 599 603 604
f 599 604 597
f 597 604 598
f 1713 1721 1712
f 1712 1721 1720
f 1712 1720 1722
f 1722 1720 1719
f 1722 1719 1728
f 1728 1719 1718
f 1728 1718 1734
f 1734 1718 1742
f 1734 1742 1739
f 1739 1742 1798
f 1739 1798 1806
f 1806 1798 1799
f 1806 1799 1805
f 1805 1799 1800
f 1805 1800 1803
f 1803 1800 1797
f 1803 1797 1780
f 1780 1797 1782
f 1780 1782 1781
f 1781 1782 1895
f 1781 1895 1899
f 1899 1895 1890
f 1899 1890 1894
f 1894 1890 1889
f 1894 1889 1885
f 1885 1889 1888
f 1885 1888 1893
f 1893 1888 1886
f 1893 1886 1868
f 1868 1886 1854
f 1868 1854 1867
f 1867 1854 1857
f 1867 1857 274
f 274 1857 270
f 274 270 273
f 273 270 282
f 273 282 272
f 272 282 281
f 272 281 269
f 269 281 280
f 269 280 271
f 271 280 279
f 271 279 226
f 226 279 215
f 226 215 227
f 227 215 218
f 227 218 232
f 232 218 219
f 232 219 233
f 233 219 220
f 233 220 238
f 238 220 37
f 238 37 34
f 34 37 31
f 34 31 38
f 38 31 36
f 38 36 41
f 41 36 35
f 41 35 58
f 58 35 48
f 58 48 49
f 49 48 52
f 49 52 50
f 50 52 53
f 50 53 73
f 73 53 72
f 73 72 75
f 75 72 65
f 75 65 475
f 475 65 469
f 475 469 476
f 476 469 465
f 476 465 470
f 470 465 464
f 470 464 468
f 468 464 453
f 468 453 449
f 449 453 452
f 449 452 450
f 450 452 451
f 450 451 434
f 434 451 528
f 434 528 448
f 448 528 529
f 448 529 522
f 522 529 530
f 522 530 627
f 627 530 639
f 627 639 634
f 634 639 641
f 634 641 633
f 633 641 638
f 633 638 632
f 632 638 637
f 632 637 603
f 603 637 611
f 603 611 604
f 604 611 610
f 604 610 598
f 598 610 608
f 1721 1729 1720
f 1720 1729 1730
f 1720 1730 1719
f 1719 1730 1731
f 1719 1731 1718
f 1718 1731 1732
f 1718 1732 1742
f 1742 1732 1795
f 1742 1795 1798
f 1798 1795 1801
f 1798 1801 1799
f 1799 1801 1802
f 1799 1802 1800
f 1800 1802 1804
f 1800 1804 1797
f 1797 1804 1785
f 1797 1785 1782
f 1782 1785 1783
f 1782 1783 1895
f 1895 1783 1898
f 1895 1898 1890
f 1890 1898 1897
f 1890 1897 1889
f 1889 1897 1896
f 1889 1896 1888
f 1888 1896 1887
f 1888 1887 1886
f 1886 1887 1858
f 1886 1858 1854
f 1854 1858 1860
f 1854 1860 1857
f 1857 1860 1861
f 1857 1861 270
f 270 1861 278
f 270 278 282
f 282 278 277
f 282 277 281
f 281 277 276
f 281 276 280
f 280 276 275
f 280 275 279
f 279 275 224
f 279 224 215
f 215 224 223
f 215 223 218
f 218 223 216
f 218 216 219
f 219 216 222
f 219 222 220
f 220 222 221
f 220 221 37
f 37 221 46
f 37 46 31
f 31 46 42
f 31 42 36
f 36 42 43
f 36 43 35
f 35 43 131
f 35 131 48
f 48 131 60
f 48 60 52
f 52 60 56
f 52 56 53
f 53 56 55
f 53 55 72
f 72 55 74
f 72 74 65
f 65 74 67
f 65 67 469
f 469 67 467
f 469 467 465
f 465 467 466
f 465 466 464
f 464 466 458
f 464 458 453
f 453 458 457
f 453 457 452
f 452 457 456
f 452 456 451
f 451 456 523
f 451 523 528
f 528 523 534
f 528 534 529
f 529 534 535
f 529 535 530
f 530 535 536
f 530 536 639
f 639 536 630
f 639 630 641
f 641 630 629
f 641 629 638
f 638 629 613
f 638 613 637
f 637 613 612
f 637 612 611
f 611 612 602
f 611 602 610
f 610 602 601
f 610 601 608
f 608 601 600
f 1729 1726 1730
f 1730 1726 1725
f 1730 1725 1731
f 1731 1725 1724
f 1731 1724 1732
f 1732 1724 1808
f 1732 1808 1795
f 1795 1808 1807
f 1795 1807 1801
f 1801 1807 1794
f 1801 1794 1802
f 1802 1794 1796
f 1802 1796 1804
f 1804 1796 1793
f 1804 1793 1785
f 1785 1793 1786
f 1785 1786 1783
f 1783 1786 1792
f 1783 1792 1898
f 1898 1792 1892
f 1898 1892 1897
f 1897 1892 1891
f 1897 1891 1896
f 1896 1891 1875
f 1896 1875 1887
f 1887 1875 1874
f 1887 1874 1858
f 1858 1874 1859
f 1858 1859 1860
f 1860 1859 1856
f 1860 1856 1861
f 1861 1856 1855
f 1861 1855 278
f 278 1855 182
f 278 182 277
f 277 182 196
f 277 196 276
f 276 196 195
f 276 195 275
f 275 195 194
f 275 194 224
f 224 194 217
f 224 217 223
f 223 217 212
f 223 212 216
f 216 212 213
f 216 213 222
f 222 213 214
f 222 214 221
f 221 214 211
f 221 211 46
f 46 211 40
f 46 40 42
f 42 40 39
f 42 39 43
f 43 39 128
f 43 128 131
f 131 128 129
f 131 129 60
f 60 129 130
f 60 130 56
f 56 130 135
f 56 135 55
f 55 135 88
f 55 88 74
f 74 88 87
f 74 87 67
f 67 87 83
f 67 83 467
f 467 83 84
f 467 84 466
f 466 84 462
f 466 462 458
f 458 462 454
f 458 454 457
f 457 454 455
f 457 455 456
f 456 455 525
f 456 525 523
f 523 525 524
f 523 524 534
f 534 524 531
f 534 531 535
f 535 531 532
f 535 532 536
f 536 532 533
f 536 533 630
f 630 533 614
f 630 614 629
f 629 614 616
f 629 616 613
f 613 616 615
f 613 615 612
f 612 615 618
f 612 618 602
f 602 618 605
f 602 605 601
f 601 605 606
f 601 606 600
f 600 606 581
f 1726 1723 1725
f 1725 1723 1727
f 1725 1727 1724
f 1724 1727 1853
f 1724 1853 1808
f 1808 1853 1839
f 1808 1839 1807
f 1807 1839 1850
f 1807 1850 1794
f 1794 1850 1779
f 1794 1779 1796
f 1796 1779 1790
f 1796 1790 1793
f 1793 1790 1789
f 1793 1789 1786
f 1786 1789 1787
f 1786 1787 1792
f 1792 1787 1876
f 1792 1876 1892
f 1892 1876 1877
f 1892 1877 1891
f 1891 1877 1869
f 1891 1869 1875
f 1875 1869 1878
f 1875 1878 1874
f 1874 1878 1879
f 1874 1879 1859
f 1859 1879 1862
f 1859 1862 1856
f 1856 1862 1863
f 1856 1863 1855
f 1855 1863 1865
f 1855 1865 182
f 182 1865 192
f 182 192 196
f 196 192 191
f 196 191 195
f 195 191 190
f 195 190 194
f 194 190 189
f 194 189 217
f 217 189 210
f 217 210 212
f 212 210 198
f 212 198 213
f 213 198 197
f 213 197 214
f 214 197 199
f 214 199 211
f 211 199 203
f 211 203 40
f 40 203 143
f 40 143 39
f 39 143 136
f 39 136 128
f 128 136 127
f 128 127 129
f 129 127 126
f 129 126 130
f 130 126 125
f 130 125 135
f 135 125 124
f 135 124 88
f 88 124 79
f 88 79 87
f 87 79 77
f 87 77 83
f 83 77 76
f 83 76 84
f 84 76 90
f 84 90 462
f 462 90 461
f 462 461 454
f 454 461 460
f 454 460 455
f 455 460 459
f 455 459 525
f 525 459 527
f 525 527 524
f 524 527 526
f 524 526 531
f 531 526 543
f 531 543 532
f 532 543 544
f 532 544 533
f 533 544 538
f 533 538 614
f 614 538 621
f 614 621 616
f 616 621 622
f 616 622 615
f 615 622 623
f 615 623 618
f 618 623 624
f 618 624 605
f 605 624 609
f 605 609 606
f 606 609 585
f 606 585 581
f 581 585 586
f 1723 1852 1727
f 1727 1852 1851
f 1727 1851 1853
f 1853 1851 1848
f 1853 1848 1839
f 1839 1848 1849
f 1839 1849 1850
f 1850 1849 1847
f 1850 1847 1779
f 1779 1847 1791
f 1779 1791 1790
f 1790 1791 1788
f 1790 1788 1789
f 1789 1788 1784
f 1789 1784 1787
f 1787 1784 1880
f 1787 1880 1876
f 1876 1880 1873
f 1876 1873 1877
f 1877 1873 1872
f 1877 1872 1869
f 1869 1872 1871
f 1869 1871 1878
f 1878 1871 1870
f 1878 1870 1879
f 1879 1870 1864
f 1879 1864 1862
f 1862 1864 1866
f 1862 1866 1863
f 1863 1866 1933
f 1863 1933 1865
f 1865 1933 1934
f 1865 1934 192
f 192 1934 188
f 192 188 191
f 191 188 187
f 191 187 190
f 190 187 186
f 190 186 189
f 189 186 204
f 189 204 210
f 210 204 206
f 210 206 198
f 198 206 207
f 198 207 197
f 197 207 208
f 197 208 199
f 199 208 209
f 199 209 203
f 203 209 140
f 203 140 143
f 143 140 139
f 143 139 136
f 136 139 144
f 136 144 127
f 127 144 123
f 127 123 126
f 126 123 122
f 126 122 125
f 125 122 121
f 125 121 124
f 124 121 78
f 124 78 79
f 79 78 80
f 79 80 77
f 77 80 81
f 77 81 76
f 76 81 82
f 76 82 90
f 90 82 488
f 90 488 461
f 461 488 481
f 461 481 460
f 460 481 478
f 460 478 459
f 459 478 479
f 459 479 527
f 527 479 551
f 527 551 526
f 526 551 550
f 526 550 543
f 543 550 549
f 543 549 544
f 544 549 548
f 544 548 538
f 538 548 547
f 538 547 621
f 621 547 625
f 621 625 622
f 622 625 626
f 622 626 623
f 623 626 617
f 623 617 624
f 624 617 588
f 624 588 609
f 609 588 589
f 609 589 585
f 585 589 595
f 585 595 586
f 586 595 596
f 1852 1846 1851
f 1851 1846 1845
f 1851 1845 1848
f 1848 1845 1844
f 1848 1844 1849
f 1849 1844 1843
f 1849 1843 1847
f 1847 1843 1842
f 1847 1842 1791
f 1791 1842 1824
f 1791 1824 1788
f 1788 1824 1823
f 1788 1823 1784
f 1784 1823 1822
f 1784 1822 1880
f 1880 1822 1881
f 1880 1881 1873
f 1873 1881 1882
f 1873 1882 1872
f 1872 1882 1883
f 1872 1883 1871
f 1871 1883 1884
f 1871 1884 1870
f 1870 1884 1917
f 1870 1917 1864
f 1864 1917 1916
f 1864 1916 1866
f 1866 1916 1935
f 1866 1935 1933
f 1933 1935 1943
f 1933 1943 1934
f 1934 1943 1942
f 1934 1942 188
f 188 1942 193
f 188 193 187
f 187 193 183
f 187 183 186
f 186 183 185
f 186 185 204
f 204 185 200
f 204 200 206
f 206 200 201
f 206 201 207
f 207 201 202
f 207 202 208
f 208 202 205
f 208 205 209
f 209 205 146
f 209 146 140
f 140 146 148
f 140 148 139
f 139 148 147
f 139 147 144
f 144 147 145
f 144 145 123
f 123 145 132
f 123 132 122
f 122 132 133
f 122 133 121
f 121 133 134
f 121 134 78
f 78 134 86
f 78 86 80
f 80 86 89
f 80 89 81
f 81 89 85
f 81 85 82
f 82 85 484
f 82 484 488
f 488 484 480
f 488 480 481
f 481 480 483
f 481 483 478
f 478 483 482
f 478 482 479
f 479 482 486
f 479 486 551
f 551 486 542
f 551 542 550
f 550 542 541
f 550 541 549
f 549 541 537
f 549 537 548
f 548 537 539
f 548 539 547
f 547 539 513
f 547 513 625
f 625 513 620
f 625 620 626
f 626 620 619
f 626 619 617
f 617 619 591
f 617 591 588
f 588 591 590
f 588 590 589
f 589 590 587
f 589 587 595
f 595 587 593
f 595 593 596
f 596 593 574
f 1846 1841 1845
f 1845 1841 1840
f 1845 1840 1844
f 1844 1840 1827
f 1844 1827 1843
f 1843 1827 1828
f 1843 1828 1842
f 1842 1828 1812
f 1842 1812 1824
f 1824 1812 1810
f 1824 1810 1823
f 1823 1810 1811
f 1823 1811 1822
f 1822 1811 1813
f 1822 1813 1881
f 1881 1813 1912
f 1881 1912 1882
f 1882 1912 1913
f 1882 1913 1883
f 1883 1913 1914
f 1883 1914 1884
f 1884 1914 1924
f 1884 1924 1917
f 1917 1924 1925
f 1917 1925 1916
f 1916 1925 1926
f 1916 1926 1935
f 1935 1926 1941
f 1935 1941 1943
f 1943 1941 1940
f 1943 1940 1942
f 1942 1940 1939
f 1942 1939 193
f 193 1939 184
f 193 184 183
f 183 184 168
f 183 168 185
f 185 168 174
f 185 174 200
f 200 174 167
f 200 167 201
f 201 167 160
f 201 160 202
f 202 160 159
f 202 159 205
f 205 159 152
f 205 152 146
f 146 152 142
f 146 142 148
f 148 142 141
f 148 141 147
f 147 141 138
f 147 138 145
f 145 138 137
f 145 137 132
f 132 137 110
f 132 110 133
f 133 110 120
f 133 120 134
f 134 120 91
f 134 91 86
f 86 91 105
f 86 105 89
f 89 105 92
f 89 92 85
f 85 92 104
f 85 104 484
f 484 104 491
f 484 491 480
f 480 491 490
f 480 490 483
f 483 490 489
f 483 489 482
f 482 489 487
f 482 487 486
f 486 487 485
f 486 485 542
f 542 485 545
f 542 545 541
f 541 545 546
f 541 546 537
f 537 546 540
f 537 540 539
f 539 540 509
f 539 509 513
f 513 509 508
f 513 508 620
f 620 508 558
f 620 558 619
f 619 558 559
f 619 559 591
f 591 559 594
f 591 594 590
f 590 594 592
f 590 592 587
f 587 592 584
f 587 584 593
f 593 584 576
f 593 576 574
f 574 576 575
f 1841 1832 1840
f 1840 1832 1833
f 1840 1833 1827
f 1827 1833 1834
f 1827 1834 1828
f 1828 1834 1835
f 1828 1835 1812
f 1812 1835 1819
f 1812 1819 1810
f 1810 1819 1818
f 1810 1818 1811
f 1811 1818 1817
f 1811 1817 1813
f 1813 1817 1902
f 1813 1902 1912
f 1912 1902 1911
f 1912 1911 1913
f 1913 1911 1910
f 1913 1910 1914
f 1914 1910 1909
f 1914 1909 1924
f 1924 1909 1927
f 1924 1927 1925
f 1925 1927 1928
f 1925 1928 1926
f 1926 1928 1922
f 1926 1922 1941
f 1941 1922 1938
f 1941 1938 1940
f 1940 1938 1937
f 1940 1937 1939
f 1939 1937 1936
f 1939 1936 184
f 184 1936 180
f 184 180 168
f 168 180 179
f 168 179 174
f 174 179 178
f 174 178 167
f 167 178 181
f 167 181 160
f 160 181 158
f 160 158 159
f 159 158 157
f 159 157 152
f 152 157 156
f 152 156 142
f 142 156 151
f 142 151 141
f 141 151 150
f 141 150 138
f 138 150 149
f 138 149 137
f 137 149 108
f 137 108 110
f 110 108 107
f 110 107 120
f 120 107 106
f 120 106 91
f 91 106 97
f 91 97 105
f 105 97 98
f 105 98 92
f 92 98 99
f 92 99 104
f 104 99 103
f 104 103 491
f 491 103 494
f 491 494 490
f 490 494 495
f 490 495 489
f 489 495 496
f 489 496 487
f 487 496 497
f 487 497 485
f 485 497 498
f 485 498 545
f 545 498 515
f 545 515 546
f 546 515 516
f 546 516 540
f 540 516 517
f 540 517 509
f 509 517 518
f 509 518 508
f 508 518 560
f 508 560 558
f 558 560 561
f 558 561 559
f 559 561 562
f 559 562 594
f 594 562 583
f 594 583 592
f 592 583 582
f 592 582 584
f 584 582 572
f 584 572 576
f 576 572 573
f 576 573 575
f 575 573 568
f 1832 1825 1833
f 1833 1825 1837
f 1833 1837 1834
f 1834 1837 1838
f 1834 1838 1835
f 1835 1838 1826
f 1835 1826 1819
f 1819 1826 1814
f 1819 1814 1818
f 1818 1814 1815
f 1818 1815 1817
f 1817 1815 1816
f 1817 1816 1902
f 1902 1816 1900
f 1902 1900 1911
f 1911 1900 1901
f 1911 1901 1910
f 1910 1901 1904
f 1910 1904 1909
f 1909 1904 1903
f 1909 1903 1927
f 1927 1903 1923
f 1927 1923 1928
f 1928 1923 1915
f 1928 1915 1922
f 1922 1915 1919
f 1922 1919 1938
f 1938 1919 1930
f 1938 1930 1937
f 1937 1930 1931
f 1937 1931 1936
f 1936 1931 171
f 1936 171 180
f 180 171 170
f 180 170 179
f 179 170 169
f 179 169 178
f 178 169 173
f 178 173 181
f 181 173 163
f 181 163 158
f 158 163 162
f 158 162 157
f 157 162 155
f 157 155 156
f 156 155 154
f 156 154 151
f 151 154 153
f 151 153 150
f 150 153 115
f 150 115 149
f 149 115 114
f 149 114 108
f 108 114 113
f 108 113 107
f 107 113 112
f 107 112 106
f 106 112 109
f 106 109 97
f 97 109 102
f 97 102 98
f 98 102 101
f 98 101 99
f 99 101 100
f 99 100 103
f 103 100 505
f 103 505 494
f 494 505 506
f 494 506 495
f 495 506 504
f 495 504 496
f 496 504 503
f 496 503 497
f 497 503 502
f 497 502 498
f 498 502 512
f 498 512 515
f 515 512 507
f 515 507 516
f 516 507 510
f 516 510 517
f 517 510 511
f 517 511 518
f 518 511 563
f 518 563 560
f 560 563 564
f 560 564 561
f 561 564 565
f 561 565 562
f 562 565 552
f 562 552 583
f 583 552 566
f 583 566 582
f 582 566 580
f 582 580 572
f 572 580 579
f 572 579 573
f 573 579 578
f 573 578 568
f 568 578 577
f 1825 1836 1837
f 1837 1836 1831
f 1837 1831 1838
f 1838 1831 1830
f 1838 1830 1826
f 1826 1830 1829
f 1826 1829 1814
f 1814 1829 1809
f 1814 1809 1815
f 1815 1809 1820
f 1815 1820 1816
f 1816 1820 1821
f 1816 1821 1900
f 1900 1821 1907
f 1900 1907 1901
f 1901 1907 1906
f 1901 1906 1904
f 1904 1906 1905
f 1904 1905 1903
f 1903 1905 1908
f 1903 1908 1923
f 1923 1908 1920
f 1923 1920 1915
f 1915 1920 1921
f 1915 1921 1919
f 1919 1921 1918
f 1919 1918 1930
f 1930 1918 1932
f 1930 1932 1931
f 1931 1932 1929
f 1931 1929 171
f 171 1929 175
f 171 175 170
f 170 175 176
f 170 176 169
f 169 176 177
f 169 177 173
f 173 177 172
f 173 172 163
f 163 172 161
f 163 161 162
f 162 161 164
f 162 164 155
f 155 164 165
f 155 165 154
f 154 165 166
f 154 166 153
f 153 166 111
f 153 111 115
f 115 111 116
f 115 116 114
f 114 116 117
f 114 117 113
f 113 117 118
f 113 118 112
f 112 118 119
f 112 119 109
f 109 119 96
f 109 96 102
f 102 96 95
f 102 95 101
f 101 95 94
f 101 94 100
f 100 94 93
f 100 93 505
f 505 93 492
f 505 492 506
f 506 492 493
f 506 493 504
f 504 493 499
f 504 499 503
f 503 499 500
f 503 500 502
f 502 500 501
f 502 501 512
f 512 501 521
f 512 521 507
f 507 521 520
f 507 520 510
f 510 520 519
f 510 519 511
f 511 519 514
f 511 514 563
f 563 514 557
f 563 557 564
f 564 557 553
f 564 553 565
f 565 553 554
f 565 554 552
f 552 554 555
f 552 555 566
f 566 555 556
f 566 556 580
f 580 556 569
f 580 569 579
f 579 569 570
f 579 570 578
f 578 570 571
f 578 571 577
f 577 571 567
